antibody_short,animal,semana,inmunogeno,kd_molar,tipo,se_une
RDj20_wk12_02,RDj20,12,N332-GT5 gp140,1.1620e-10,prime,1
RDj20_wk12_02,RDj20,12,SF162P3_MD64_B20,1.2400e-05,aislado_clinico,0
RDj20_wk12_02,RDj20,12,DU156_MD39_BET1,1.3640e-05,aislado_clinico,0
RDj20_wk12_02,RDj20,12,Q23.17_MD39_L14,1.4050e-05,aislado_clinico,0
RDj20_wk12_02,RDj20,12,SHIV_AD8_MD64,1.2640e-05,aislado_clinico,0
RDj20_wk12_02,RDj20,12,DU422-1_MD39v2_L14,1.5520e-05,aislado_clinico,0
RDj20_wk12_02,RDj20,12,p1981_MD39_BET1,1.2650e-05,aislado_clinico,0
RDj20_wk12_02,RDj20,12,TRO_11_MD39,1.2900e-05,aislado_clinico,0
RDj20_wk12_02,RDj20,12,0712_250_pblib001_RnS-2G_L14,1.3920e-05,aislado_clinico,0
RDj20_wk12_02,RDj20,12,0860_150_con_RnS-2G_L14,1.2820e-05,aislado_clinico,0
RDj20_wk12_02,RDj20,12,1026_120_sgaA5_RnS-2G_L14,1.0700e-05,aislado_clinico,0
RDj20_wk12_02,RDj20,12,V703-0537-RnSv2-2G_L14,1.4090e-05,aislado_clinico,0
RFe21_wk12_05,RFe21,12,N332-GT5 gp140,1.6770e-11,prime,1
RFe21_wk12_05,RFe21,12,SF162P3_MD64_B20,1.2400e-05,aislado_clinico,0
RFe21_wk12_05,RFe21,12,DU156_MD39_BET1,1.3640e-05,aislado_clinico,0
RFe21_wk12_05,RFe21,12,Q23.17_MD39_L14,1.4050e-05,aislado_clinico,0
RFe21_wk12_05,RFe21,12,SHIV_AD8_MD64,1.2640e-05,aislado_clinico,0
RFe21_wk12_05,RFe21,12,DU422-1_MD39v2_L14,1.5520e-05,aislado_clinico,0
RFe21_wk12_05,RFe21,12,p1981_MD39_BET1,1.2650e-05,aislado_clinico,0
RFe21_wk12_05,RFe21,12,TRO_11_MD39,1.2900e-05,aislado_clinico,0
RFe21_wk12_05,RFe21,12,0712_250_pblib001_RnS-2G_L14,1.3920e-05,aislado_clinico,0
RFe21_wk12_05,RFe21,12,0860_150_con_RnS-2G_L14,1.2820e-05,aislado_clinico,0
RFe21_wk12_05,RFe21,12,1026_120_sgaA5_RnS-2G_L14,1.0700e-05,aislado_clinico,0
RFe21_wk12_05,RFe21,12,V703-0537-RnSv2-2G_L14,1.4090e-05,aislado_clinico,0
RKd21_wk12_08,RKd21,12,N332-GT5 gp140,1.6410e-11,prime,1
RKd21_wk12_08,RKd21,12,SF162P3_MD64_B20,1.2400e-05,aislado_clinico,0
RKd21_wk12_08,RKd21,12,DU156_MD39_BET1,1.3640e-05,aislado_clinico,0
RKd21_wk12_08,RKd21,12,Q23.17_MD39_L14,1.4050e-05,aislado_clinico,0
RKd21_wk12_08,RKd21,12,SHIV_AD8_MD64,1.2640e-05,aislado_clinico,0
RKd21_wk12_08,RKd21,12,DU422-1_MD39v2_L14,1.5520e-05,aislado_clinico,0
RKd21_wk12_08,RKd21,12,p1981_MD39_BET1,1.2650e-05,aislado_clinico,0
RKd21_wk12_08,RKd21,12,TRO_11_MD39,1.2900e-05,aislado_clinico,0
RKd21_wk12_08,RKd21,12,0712_250_pblib001_RnS-2G_L14,1.3920e-05,aislado_clinico,0
RKd21_wk12_08,RKd21,12,0860_150_con_RnS-2G_L14,1.2820e-05,aislado_clinico,0
RKd21_wk12_08,RKd21,12,1026_120_sgaA5_RnS-2G_L14,1.0700e-05,aislado_clinico,0
RKd21_wk12_08,RKd21,12,V703-0537-RnSv2-2G_L14,1.4090e-05,aislado_clinico,0
RKd21_wk12_27,RKd21,12,N332-GT5 gp140,3.2190e-11,prime,1
RKd21_wk12_27,RKd21,12,SF162P3_MD64_B20,5.1220e-06,aislado_clinico,0
RKd21_wk12_27,RKd21,12,DU156_MD39_BET1,1.3640e-05,aislado_clinico,0
RKd21_wk12_27,RKd21,12,Q23.17_MD39_L14,1.4050e-05,aislado_clinico,0
RKd21_wk12_27,RKd21,12,SHIV_AD8_MD64,1.2640e-05,aislado_clinico,0
RKd21_wk12_27,RKd21,12,DU422-1_MD39v2_L14,1.5520e-05,aislado_clinico,0
RKd21_wk12_27,RKd21,12,p1981_MD39_BET1,1.2650e-05,aislado_clinico,0
RKd21_wk12_27,RKd21,12,TRO_11_MD39,1.2900e-05,aislado_clinico,0
RKd21_wk12_27,RKd21,12,0712_250_pblib001_RnS-2G_L14,1.3920e-05,aislado_clinico,0
RKd21_wk12_27,RKd21,12,0860_150_con_RnS-2G_L14,1.2820e-05,aislado_clinico,0
RKd21_wk12_27,RKd21,12,1026_120_sgaA5_RnS-2G_L14,1.0700e-05,aislado_clinico,0
RKd21_wk12_27,RKd21,12,V703-0537-RnSv2-2G_L14,1.4090e-05,aislado_clinico,0
RTd20_wk12_17,RTd20,12,N332-GT5 gp140,6.2370e-11,prime,1
RTd20_wk12_17,RTd20,12,SF162P3_MD64_B20,1.2400e-05,aislado_clinico,0
RTd20_wk12_17,RTd20,12,DU156_MD39_BET1,1.3640e-05,aislado_clinico,0
RTd20_wk12_17,RTd20,12,Q23.17_MD39_L14,1.4050e-05,aislado_clinico,0
RTd20_wk12_17,RTd20,12,SHIV_AD8_MD64,1.2640e-05,aislado_clinico,0
RTd20_wk12_17,RTd20,12,DU422-1_MD39v2_L14,1.5520e-05,aislado_clinico,0
RTd20_wk12_17,RTd20,12,p1981_MD39_BET1,1.2650e-05,aislado_clinico,0
RTd20_wk12_17,RTd20,12,TRO_11_MD39,1.2900e-05,aislado_clinico,0
RTd20_wk12_17,RTd20,12,0712_250_pblib001_RnS-2G_L14,1.3920e-05,aislado_clinico,0
RTd20_wk12_17,RTd20,12,0860_150_con_RnS-2G_L14,1.2820e-05,aislado_clinico,0
RTd20_wk12_17,RTd20,12,1026_120_sgaA5_RnS-2G_L14,1.0700e-05,aislado_clinico,0
RTd20_wk12_17,RTd20,12,V703-0537-RnSv2-2G_L14,1.4090e-05,aislado_clinico,0
RZc21_wk12_22,RZc21,12,N332-GT5 gp140,1.6880e-11,prime,1
RZc21_wk12_22,RZc21,12,SF162P3_MD64_B20,1.2400e-05,aislado_clinico,0
RZc21_wk12_22,RZc21,12,DU156_MD39_BET1,1.3640e-05,aislado_clinico,0
RZc21_wk12_22,RZc21,12,Q23.17_MD39_L14,1.4050e-05,aislado_clinico,0
RZc21_wk12_22,RZc21,12,SHIV_AD8_MD64,1.2640e-05,aislado_clinico,0
RZc21_wk12_22,RZc21,12,DU422-1_MD39v2_L14,1.5520e-05,aislado_clinico,0
RZc21_wk12_22,RZc21,12,p1981_MD39_BET1,1.2650e-05,aislado_clinico,0
RZc21_wk12_22,RZc21,12,TRO_11_MD39,1.2900e-05,aislado_clinico,0
RZc21_wk12_22,RZc21,12,0712_250_pblib001_RnS-2G_L14,1.3920e-05,aislado_clinico,0
RZc21_wk12_22,RZc21,12,0860_150_con_RnS-2G_L14,1.2820e-05,aislado_clinico,0
RZc21_wk12_22,RZc21,12,1026_120_sgaA5_RnS-2G_L14,1.0700e-05,aislado_clinico,0
RZc21_wk12_22,RZc21,12,V703-0537-RnSv2-2G_L14,1.4090e-05,aislado_clinico,0
RAc21_wk12_01,RAc21,12,N332-GT5 gp140,1.6020e-11,prime,1
RAc21_wk12_01,RAc21,12,SF162P3_MD64_B20,1.2400e-05,aislado_clinico,0
RAc21_wk12_01,RAc21,12,DU156_MD39_BET1,1.3640e-05,aislado_clinico,0
RAc21_wk12_01,RAc21,12,Q23.17_MD39_L14,1.4050e-05,aislado_clinico,0
RAc21_wk12_01,RAc21,12,SHIV_AD8_MD64,1.2640e-05,aislado_clinico,0
RAc21_wk12_01,RAc21,12,DU422-1_MD39v2_L14,1.5520e-05,aislado_clinico,0
RAc21_wk12_01,RAc21,12,p1981_MD39_BET1,1.2650e-05,aislado_clinico,0
RAc21_wk12_01,RAc21,12,TRO_11_MD39,1.2900e-05,aislado_clinico,0
RAc21_wk12_01,RAc21,12,0712_250_pblib001_RnS-2G_L14,1.3920e-05,aislado_clinico,0
RAc21_wk12_01,RAc21,12,0860_150_con_RnS-2G_L14,1.2820e-05,aislado_clinico,0
RAc21_wk12_01,RAc21,12,1026_120_sgaA5_RnS-2G_L14,1.0700e-05,aislado_clinico,0
RAc21_wk12_01,RAc21,12,V703-0537-RnSv2-2G_L14,1.4090e-05,aislado_clinico,0
RKb21_wk12_07,RKb21,12,N332-GT5 gp140,1.5350e-11,prime,1
RKb21_wk12_07,RKb21,12,SF162P3_MD64_B20,1.2400e-05,aislado_clinico,0
RKb21_wk12_07,RKb21,12,DU156_MD39_BET1,1.3640e-05,aislado_clinico,0
RKb21_wk12_07,RKb21,12,Q23.17_MD39_L14,1.4050e-05,aislado_clinico,0
RKb21_wk12_07,RKb21,12,SHIV_AD8_MD64,1.2640e-05,aislado_clinico,0
RKb21_wk12_07,RKb21,12,DU422-1_MD39v2_L14,1.5520e-05,aislado_clinico,0
RKb21_wk12_07,RKb21,12,p1981_MD39_BET1,1.2650e-05,aislado_clinico,0
RKb21_wk12_07,RKb21,12,TRO_11_MD39,1.2900e-05,aislado_clinico,0
RKb21_wk12_07,RKb21,12,0712_250_pblib001_RnS-2G_L14,1.3920e-05,aislado_clinico,0
RKb21_wk12_07,RKb21,12,0860_150_con_RnS-2G_L14,1.2820e-05,aislado_clinico,0
RKb21_wk12_07,RKb21,12,1026_120_sgaA5_RnS-2G_L14,1.0700e-05,aislado_clinico,0
RKb21_wk12_07,RKb21,12,V703-0537-RnSv2-2G_L14,1.4090e-05,aislado_clinico,0
Rls20_wk12_06,,12,N332-GT5 gp140,4.9740e-10,prime,1
Rls20_wk12_06,,12,SF162P3_MD64_B20,1.2400e-05,aislado_clinico,0
Rls20_wk12_06,,12,DU156_MD39_BET1,1.3640e-05,aislado_clinico,0
Rls20_wk12_06,,12,Q23.17_MD39_L14,1.4050e-05,aislado_clinico,0
Rls20_wk12_06,,12,SHIV_AD8_MD64,1.2640e-05,aislado_clinico,0
Rls20_wk12_06,,12,DU422-1_MD39v2_L14,1.5520e-05,aislado_clinico,0
Rls20_wk12_06,,12,p1981_MD39_BET1,1.2650e-05,aislado_clinico,0
Rls20_wk12_06,,12,TRO_11_MD39,1.2900e-05,aislado_clinico,0
Rls20_wk12_06,,12,0712_250_pblib001_RnS-2G_L14,1.3920e-05,aislado_clinico,0
Rls20_wk12_06,,12,0860_150_con_RnS-2G_L14,1.2820e-05,aislado_clinico,0
Rls20_wk12_06,,12,1026_120_sgaA5_RnS-2G_L14,1.0700e-05,aislado_clinico,0
Rls20_wk12_06,,12,V703-0537-RnSv2-2G_L14,1.4090e-05,aislado_clinico,0
RSz19_wk12_16,RSz19,12,N332-GT5 gp140,3.0770e-11,prime,1
RSz19_wk12_16,RSz19,12,SF162P3_MD64_B20,1.2400e-05,aislado_clinico,0
RSz19_wk12_16,RSz19,12,DU156_MD39_BET1,1.3640e-05,aislado_clinico,0
RSz19_wk12_16,RSz19,12,Q23.17_MD39_L14,1.4050e-05,aislado_clinico,0
RSz19_wk12_16,RSz19,12,SHIV_AD8_MD64,1.2640e-05,aislado_clinico,0
RSz19_wk12_16,RSz19,12,DU422-1_MD39v2_L14,1.5520e-05,aislado_clinico,0
RSz19_wk12_16,RSz19,12,p1981_MD39_BET1,1.2650e-05,aislado_clinico,0
RSz19_wk12_16,RSz19,12,TRO_11_MD39,1.2900e-05,aislado_clinico,0
RSz19_wk12_16,RSz19,12,0712_250_pblib001_RnS-2G_L14,1.3920e-05,aislado_clinico,0
RSz19_wk12_16,RSz19,12,0860_150_con_RnS-2G_L14,1.2820e-05,aislado_clinico,0
RSz19_wk12_16,RSz19,12,1026_120_sgaA5_RnS-2G_L14,1.0700e-05,aislado_clinico,0
RSz19_wk12_16,RSz19,12,V703-0537-RnSv2-2G_L14,1.4090e-05,aislado_clinico,0
RTq20_wk12_18,RTq20,12,N332-GT5 gp140,4.5700e-11,prime,1
RTq20_wk12_18,RTq20,12,SF162P3_MD64_B20,1.3840e-06,aislado_clinico,0
RTq20_wk12_18,RTq20,12,DU156_MD39_BET1,1.3640e-05,aislado_clinico,0
RTq20_wk12_18,RTq20,12,Q23.17_MD39_L14,1.4050e-05,aislado_clinico,0
RTq20_wk12_18,RTq20,12,SHIV_AD8_MD64,1.2640e-05,aislado_clinico,0
RTq20_wk12_18,RTq20,12,DU422-1_MD39v2_L14,1.5520e-05,aislado_clinico,0
RTq20_wk12_18,RTq20,12,p1981_MD39_BET1,1.2650e-05,aislado_clinico,0
RTq20_wk12_18,RTq20,12,TRO_11_MD39,1.2900e-05,aislado_clinico,0
RTq20_wk12_18,RTq20,12,0712_250_pblib001_RnS-2G_L14,1.3920e-05,aislado_clinico,0
RTq20_wk12_18,RTq20,12,0860_150_con_RnS-2G_L14,1.2820e-05,aislado_clinico,0
RTq20_wk12_18,RTq20,12,1026_120_sgaA5_RnS-2G_L14,1.0700e-05,aislado_clinico,0
RTq20_wk12_18,RTq20,12,V703-0537-RnSv2-2G_L14,1.4090e-05,aislado_clinico,0
RYo20_wk12_20,RYo20,12,N332-GT5 gp140,7.0780e-11,prime,1
RYo20_wk12_20,RYo20,12,SF162P3_MD64_B20,1.2400e-05,aislado_clinico,0
RYo20_wk12_20,RYo20,12,DU156_MD39_BET1,1.3640e-05,aislado_clinico,0
RYo20_wk12_20,RYo20,12,Q23.17_MD39_L14,1.4050e-05,aislado_clinico,0
RYo20_wk12_20,RYo20,12,SHIV_AD8_MD64,1.2640e-05,aislado_clinico,0
RYo20_wk12_20,RYo20,12,DU422-1_MD39v2_L14,1.5520e-05,aislado_clinico,0
RYo20_wk12_20,RYo20,12,p1981_MD39_BET1,1.2650e-05,aislado_clinico,0
RYo20_wk12_20,RYo20,12,TRO_11_MD39,1.2900e-05,aislado_clinico,0
RYo20_wk12_20,RYo20,12,0712_250_pblib001_RnS-2G_L14,1.3920e-05,aislado_clinico,0
RYo20_wk12_20,RYo20,12,0860_150_con_RnS-2G_L14,1.2820e-05,aislado_clinico,0
RYo20_wk12_20,RYo20,12,1026_120_sgaA5_RnS-2G_L14,1.0700e-05,aislado_clinico,0
RYo20_wk12_20,RYo20,12,V703-0537-RnSv2-2G_L14,1.4090e-05,aislado_clinico,0
RYo20_wk12_43,RYo20,12,N332-GT5 gp140,8.7830e-11,prime,1
RYo20_wk12_43,RYo20,12,SF162P3_MD64_B20,1.2400e-05,aislado_clinico,0
RYo20_wk12_43,RYo20,12,DU156_MD39_BET1,1.3640e-05,aislado_clinico,0
RYo20_wk12_43,RYo20,12,Q23.17_MD39_L14,1.4050e-05,aislado_clinico,0
RYo20_wk12_43,RYo20,12,SHIV_AD8_MD64,1.2640e-05,aislado_clinico,0
RYo20_wk12_43,RYo20,12,DU422-1_MD39v2_L14,1.5520e-05,aislado_clinico,0
RYo20_wk12_43,RYo20,12,p1981_MD39_BET1,1.2650e-05,aislado_clinico,0
RYo20_wk12_43,RYo20,12,TRO_11_MD39,1.2900e-05,aislado_clinico,0
RYo20_wk12_43,RYo20,12,0712_250_pblib001_RnS-2G_L14,1.3920e-05,aislado_clinico,0
RYo20_wk12_43,RYo20,12,0860_150_con_RnS-2G_L14,1.2820e-05,aislado_clinico,0
RYo20_wk12_43,RYo20,12,1026_120_sgaA5_RnS-2G_L14,1.0700e-05,aislado_clinico,0
RYo20_wk12_43,RYo20,12,V703-0537-RnSv2-2G_L14,1.4090e-05,aislado_clinico,0
RKm20_wk12_09,RKm20,12,N332-GT5 gp140,1.9320e-11,prime,1
RKm20_wk12_09,RKm20,12,SF162P3_MD64_B20,1.6680e-06,aislado_clinico,0
RKm20_wk12_09,RKm20,12,DU156_MD39_BET1,1.3640e-05,aislado_clinico,0
RKm20_wk12_09,RKm20,12,Q23.17_MD39_L14,1.4050e-05,aislado_clinico,0
RKm20_wk12_09,RKm20,12,SHIV_AD8_MD64,1.2640e-05,aislado_clinico,0
RKm20_wk12_09,RKm20,12,DU422-1_MD39v2_L14,1.5520e-05,aislado_clinico,0
RKm20_wk12_09,RKm20,12,p1981_MD39_BET1,1.2650e-05,aislado_clinico,0
RKm20_wk12_09,RKm20,12,TRO_11_MD39,1.2900e-05,aislado_clinico,0
RKm20_wk12_09,RKm20,12,0712_250_pblib001_RnS-2G_L14,1.3920e-05,aislado_clinico,0
RKm20_wk12_09,RKm20,12,0860_150_con_RnS-2G_L14,1.2820e-05,aislado_clinico,0
RKm20_wk12_09,RKm20,12,1026_120_sgaA5_RnS-2G_L14,1.0700e-05,aislado_clinico,0
RKm20_wk12_09,RKm20,12,V703-0537-RnSv2-2G_L14,1.4090e-05,aislado_clinico,0
RKm20_wk12_28,RKm20,12,N332-GT5 gp140,7.9000e-11,prime,1
RKm20_wk12_28,RKm20,12,SF162P3_MD64_B20,1.2400e-05,aislado_clinico,0
RKm20_wk12_28,RKm20,12,DU156_MD39_BET1,1.3640e-05,aislado_clinico,0
RKm20_wk12_28,RKm20,12,Q23.17_MD39_L14,1.4050e-05,aislado_clinico,0
RKm20_wk12_28,RKm20,12,SHIV_AD8_MD64,1.2640e-05,aislado_clinico,0
RKm20_wk12_28,RKm20,12,DU422-1_MD39v2_L14,1.5520e-05,aislado_clinico,0
RKm20_wk12_28,RKm20,12,p1981_MD39_BET1,1.2650e-05,aislado_clinico,0
RKm20_wk12_28,RKm20,12,TRO_11_MD39,1.2900e-05,aislado_clinico,0
RKm20_wk12_28,RKm20,12,0712_250_pblib001_RnS-2G_L14,1.3920e-05,aislado_clinico,0
RKm20_wk12_28,RKm20,12,0860_150_con_RnS-2G_L14,1.2820e-05,aislado_clinico,0
RKm20_wk12_28,RKm20,12,1026_120_sgaA5_RnS-2G_L14,1.0700e-05,aislado_clinico,0
RKm20_wk12_28,RKm20,12,V703-0537-RnSv2-2G_L14,1.4090e-05,aislado_clinico,0
RKm20_wk12_29,RKm20,12,N332-GT5 gp140,2.4490e-11,prime,1
RKm20_wk12_29,RKm20,12,SF162P3_MD64_B20,1.2400e-05,aislado_clinico,0
RKm20_wk12_29,RKm20,12,DU156_MD39_BET1,1.3640e-05,aislado_clinico,0
RKm20_wk12_29,RKm20,12,Q23.17_MD39_L14,1.4050e-05,aislado_clinico,0
RKm20_wk12_29,RKm20,12,SHIV_AD8_MD64,1.2640e-05,aislado_clinico,0
RKm20_wk12_29,RKm20,12,DU422-1_MD39v2_L14,1.5520e-05,aislado_clinico,0
RKm20_wk12_29,RKm20,12,p1981_MD39_BET1,1.2650e-05,aislado_clinico,0
RKm20_wk12_29,RKm20,12,TRO_11_MD39,1.2900e-05,aislado_clinico,0
RKm20_wk12_29,RKm20,12,0712_250_pblib001_RnS-2G_L14,1.3920e-05,aislado_clinico,0
RKm20_wk12_29,RKm20,12,0860_150_con_RnS-2G_L14,1.2820e-05,aislado_clinico,0
RKm20_wk12_29,RKm20,12,1026_120_sgaA5_RnS-2G_L14,1.0700e-05,aislado_clinico,0
RKm20_wk12_29,RKm20,12,V703-0537-RnSv2-2G_L14,1.4090e-05,aislado_clinico,0
RPe21_wk12_13,RPe21,12,N332-GT5 gp140,1.5880e-11,prime,1
RPe21_wk12_13,RPe21,12,SF162P3_MD64_B20,1.2400e-05,aislado_clinico,0
RPe21_wk12_13,RPe21,12,DU156_MD39_BET1,1.3640e-05,aislado_clinico,0
RPe21_wk12_13,RPe21,12,Q23.17_MD39_L14,1.4050e-05,aislado_clinico,0
RPe21_wk12_13,RPe21,12,SHIV_AD8_MD64,1.2640e-05,aislado_clinico,0
RPe21_wk12_13,RPe21,12,DU422-1_MD39v2_L14,1.5520e-05,aislado_clinico,0
RPe21_wk12_13,RPe21,12,p1981_MD39_BET1,1.2650e-05,aislado_clinico,0
RPe21_wk12_13,RPe21,12,TRO_11_MD39,1.2900e-05,aislado_clinico,0
RPe21_wk12_13,RPe21,12,0712_250_pblib001_RnS-2G_L14,1.3920e-05,aislado_clinico,0
RPe21_wk12_13,RPe21,12,0860_150_con_RnS-2G_L14,1.2820e-05,aislado_clinico,0
RPe21_wk12_13,RPe21,12,1026_120_sgaA5_RnS-2G_L14,1.0700e-05,aislado_clinico,0
RPe21_wk12_13,RPe21,12,V703-0537-RnSv2-2G_L14,1.4090e-05,aislado_clinico,0
RPe21_wk12_34,RPe21,12,N332-GT5 gp140,9.3850e-11,prime,1
RPe21_wk12_34,RPe21,12,SF162P3_MD64_B20,1.2400e-05,aislado_clinico,0
RPe21_wk12_34,RPe21,12,DU156_MD39_BET1,1.3640e-05,aislado_clinico,0
RPe21_wk12_34,RPe21,12,Q23.17_MD39_L14,1.4050e-05,aislado_clinico,0
RPe21_wk12_34,RPe21,12,SHIV_AD8_MD64,1.2640e-05,aislado_clinico,0
RPe21_wk12_34,RPe21,12,DU422-1_MD39v2_L14,1.5520e-05,aislado_clinico,0
RPe21_wk12_34,RPe21,12,p1981_MD39_BET1,1.2650e-05,aislado_clinico,0
RPe21_wk12_34,RPe21,12,TRO_11_MD39,1.2900e-05,aislado_clinico,0
RPe21_wk12_34,RPe21,12,0712_250_pblib001_RnS-2G_L14,1.3920e-05,aislado_clinico,0
RPe21_wk12_34,RPe21,12,0860_150_con_RnS-2G_L14,1.2820e-05,aislado_clinico,0
RPe21_wk12_34,RPe21,12,1026_120_sgaA5_RnS-2G_L14,1.0700e-05,aislado_clinico,0
RPe21_wk12_34,RPe21,12,V703-0537-RnSv2-2G_L14,1.4090e-05,aislado_clinico,0
RPe21_wk12_35,RPe21,12,N332-GT5 gp140,2.5070e-11,prime,1
RPe21_wk12_35,RPe21,12,SF162P3_MD64_B20,1.2400e-05,aislado_clinico,0
RPe21_wk12_35,RPe21,12,DU156_MD39_BET1,1.3640e-05,aislado_clinico,0
RPe21_wk12_35,RPe21,12,Q23.17_MD39_L14,1.4050e-05,aislado_clinico,0
RPe21_wk12_35,RPe21,12,SHIV_AD8_MD64,1.2640e-05,aislado_clinico,0
RPe21_wk12_35,RPe21,12,DU422-1_MD39v2_L14,1.5520e-05,aislado_clinico,0
RPe21_wk12_35,RPe21,12,p1981_MD39_BET1,1.2650e-05,aislado_clinico,0
RPe21_wk12_35,RPe21,12,TRO_11_MD39,1.2900e-05,aislado_clinico,0
RPe21_wk12_35,RPe21,12,0712_250_pblib001_RnS-2G_L14,1.3920e-05,aislado_clinico,0
RPe21_wk12_35,RPe21,12,0860_150_con_RnS-2G_L14,1.2820e-05,aislado_clinico,0
RPe21_wk12_35,RPe21,12,1026_120_sgaA5_RnS-2G_L14,1.0700e-05,aislado_clinico,0
RPe21_wk12_35,RPe21,12,V703-0537-RnSv2-2G_L14,1.4090e-05,aislado_clinico,0
RRr20_wk12_15,RRr20,12,N332-GT5 gp140,1.2160e-07,prime,1
RRr20_wk12_15,RRr20,12,SF162P3_MD64_B20,1.2400e-05,aislado_clinico,0
RRr20_wk12_15,RRr20,12,DU156_MD39_BET1,1.3640e-05,aislado_clinico,0
RRr20_wk12_15,RRr20,12,Q23.17_MD39_L14,1.4050e-05,aislado_clinico,0
RRr20_wk12_15,RRr20,12,SHIV_AD8_MD64,1.2640e-05,aislado_clinico,0
RRr20_wk12_15,RRr20,12,DU422-1_MD39v2_L14,1.5520e-05,aislado_clinico,0
RRr20_wk12_15,RRr20,12,p1981_MD39_BET1,1.2650e-05,aislado_clinico,0
RRr20_wk12_15,RRr20,12,TRO_11_MD39,1.2900e-05,aislado_clinico,0
RRr20_wk12_15,RRr20,12,0712_250_pblib001_RnS-2G_L14,1.3920e-05,aislado_clinico,0
RRr20_wk12_15,RRr20,12,0860_150_con_RnS-2G_L14,1.2820e-05,aislado_clinico,0
RRr20_wk12_15,RRr20,12,1026_120_sgaA5_RnS-2G_L14,1.0700e-05,aislado_clinico,0
RRr20_wk12_15,RRr20,12,V703-0537-RnSv2-2G_L14,1.4090e-05,aislado_clinico,0
RRr20_wk12_38,RRr20,12,N332-GT5 gp140,2.1920e-11,prime,1
RRr20_wk12_38,RRr20,12,SF162P3_MD64_B20,1.2400e-05,aislado_clinico,0
RRr20_wk12_38,RRr20,12,DU156_MD39_BET1,1.3640e-05,aislado_clinico,0
RRr20_wk12_38,RRr20,12,Q23.17_MD39_L14,1.4050e-05,aislado_clinico,0
RRr20_wk12_38,RRr20,12,SHIV_AD8_MD64,1.2640e-05,aislado_clinico,0
RRr20_wk12_38,RRr20,12,DU422-1_MD39v2_L14,1.5520e-05,aislado_clinico,0
RRr20_wk12_38,RRr20,12,p1981_MD39_BET1,1.2650e-05,aislado_clinico,0
RRr20_wk12_38,RRr20,12,TRO_11_MD39,1.2900e-05,aislado_clinico,0
RRr20_wk12_38,RRr20,12,0712_250_pblib001_RnS-2G_L14,1.3920e-05,aislado_clinico,0
RRr20_wk12_38,RRr20,12,0860_150_con_RnS-2G_L14,1.2820e-05,aislado_clinico,0
RRr20_wk12_38,RRr20,12,1026_120_sgaA5_RnS-2G_L14,1.0700e-05,aislado_clinico,0
RRr20_wk12_38,RRr20,12,V703-0537-RnSv2-2G_L14,1.4090e-05,aislado_clinico,0
RRr20_wk12_39,RRr20,12,N332-GT5 gp140,4.5580e-11,prime,1
RRr20_wk12_39,RRr20,12,SF162P3_MD64_B20,1.2400e-05,aislado_clinico,0
RRr20_wk12_39,RRr20,12,DU156_MD39_BET1,1.3640e-05,aislado_clinico,0
RRr20_wk12_39,RRr20,12,Q23.17_MD39_L14,1.4050e-05,aislado_clinico,0
RRr20_wk12_39,RRr20,12,SHIV_AD8_MD64,1.2640e-05,aislado_clinico,0
RRr20_wk12_39,RRr20,12,DU422-1_MD39v2_L14,1.5520e-05,aislado_clinico,0
RRr20_wk12_39,RRr20,12,p1981_MD39_BET1,1.2650e-05,aislado_clinico,0
RRr20_wk12_39,RRr20,12,TRO_11_MD39,1.2900e-05,aislado_clinico,0
RRr20_wk12_39,RRr20,12,0712_250_pblib001_RnS-2G_L14,1.3920e-05,aislado_clinico,0
RRr20_wk12_39,RRr20,12,0860_150_con_RnS-2G_L14,1.2820e-05,aislado_clinico,0
RRr20_wk12_39,RRr20,12,1026_120_sgaA5_RnS-2G_L14,1.0700e-05,aislado_clinico,0
RRr20_wk12_39,RRr20,12,V703-0537-RnSv2-2G_L14,1.4090e-05,aislado_clinico,0
RVz20_wk12_19,RVz20,12,N332-GT5 gp140,1.7810e-11,prime,1
RVz20_wk12_19,RVz20,12,SF162P3_MD64_B20,1.2400e-05,aislado_clinico,0
RVz20_wk12_19,RVz20,12,DU156_MD39_BET1,1.3640e-05,aislado_clinico,0
RVz20_wk12_19,RVz20,12,Q23.17_MD39_L14,1.4050e-05,aislado_clinico,0
RVz20_wk12_19,RVz20,12,SHIV_AD8_MD64,1.2640e-05,aislado_clinico,0
RVz20_wk12_19,RVz20,12,DU422-1_MD39v2_L14,1.5520e-05,aislado_clinico,0
RVz20_wk12_19,RVz20,12,p1981_MD39_BET1,1.2650e-05,aislado_clinico,0
RVz20_wk12_19,RVz20,12,TRO_11_MD39,1.2900e-05,aislado_clinico,0
RVz20_wk12_19,RVz20,12,0712_250_pblib001_RnS-2G_L14,1.3920e-05,aislado_clinico,0
RVz20_wk12_19,RVz20,12,0860_150_con_RnS-2G_L14,1.2820e-05,aislado_clinico,0
RVz20_wk12_19,RVz20,12,1026_120_sgaA5_RnS-2G_L14,1.0700e-05,aislado_clinico,0
RVz20_wk12_19,RVz20,12,V703-0537-RnSv2-2G_L14,1.4090e-05,aislado_clinico,0
RVz20_wk12_41,RVz20,12,N332-GT5 gp140,1.1570e-10,prime,1
RVz20_wk12_41,RVz20,12,SF162P3_MD64_B20,1.2400e-05,aislado_clinico,0
RVz20_wk12_41,RVz20,12,DU156_MD39_BET1,1.3640e-05,aislado_clinico,0
RVz20_wk12_41,RVz20,12,Q23.17_MD39_L14,1.4050e-05,aislado_clinico,0
RVz20_wk12_41,RVz20,12,SHIV_AD8_MD64,1.2640e-05,aislado_clinico,0
RVz20_wk12_41,RVz20,12,DU422-1_MD39v2_L14,1.5520e-05,aislado_clinico,0
RVz20_wk12_41,RVz20,12,p1981_MD39_BET1,1.2650e-05,aislado_clinico,0
RVz20_wk12_41,RVz20,12,TRO_11_MD39,1.2900e-05,aislado_clinico,0
RVz20_wk12_41,RVz20,12,0712_250_pblib001_RnS-2G_L14,1.3920e-05,aislado_clinico,0
RVz20_wk12_41,RVz20,12,0860_150_con_RnS-2G_L14,1.2820e-05,aislado_clinico,0
RVz20_wk12_41,RVz20,12,1026_120_sgaA5_RnS-2G_L14,1.0700e-05,aislado_clinico,0
RVz20_wk12_41,RVz20,12,V703-0537-RnSv2-2G_L14,1.4090e-05,aislado_clinico,0
RVz20_wk12_42,RVz20,12,N332-GT5 gp140,1.8490e-11,prime,1
RVz20_wk12_42,RVz20,12,SF162P3_MD64_B20,1.2400e-05,aislado_clinico,0
RVz20_wk12_42,RVz20,12,DU156_MD39_BET1,1.3640e-05,aislado_clinico,0
RVz20_wk12_42,RVz20,12,Q23.17_MD39_L14,1.4050e-05,aislado_clinico,0
RVz20_wk12_42,RVz20,12,SHIV_AD8_MD64,1.2640e-05,aislado_clinico,0
RVz20_wk12_42,RVz20,12,DU422-1_MD39v2_L14,1.5520e-05,aislado_clinico,0
RVz20_wk12_42,RVz20,12,p1981_MD39_BET1,1.2650e-05,aislado_clinico,0
RVz20_wk12_42,RVz20,12,TRO_11_MD39,1.2900e-05,aislado_clinico,0
RVz20_wk12_42,RVz20,12,0712_250_pblib001_RnS-2G_L14,1.3920e-05,aislado_clinico,0
RVz20_wk12_42,RVz20,12,0860_150_con_RnS-2G_L14,1.2820e-05,aislado_clinico,0
RVz20_wk12_42,RVz20,12,1026_120_sgaA5_RnS-2G_L14,1.0700e-05,aislado_clinico,0
RVz20_wk12_42,RVz20,12,V703-0537-RnSv2-2G_L14,1.4090e-05,aislado_clinico,0
RLy20_wk12_10,RLy20,12,N332-GT5 gp140,1.5370e-11,prime,1
RLy20_wk12_10,RLy20,12,SF162P3_MD64_B20,1.2400e-05,aislado_clinico,0
RLy20_wk12_10,RLy20,12,DU156_MD39_BET1,1.3640e-05,aislado_clinico,0
RLy20_wk12_10,RLy20,12,Q23.17_MD39_L14,1.4050e-05,aislado_clinico,0
RLy20_wk12_10,RLy20,12,SHIV_AD8_MD64,1.2640e-05,aislado_clinico,0
RLy20_wk12_10,RLy20,12,DU422-1_MD39v2_L14,1.5520e-05,aislado_clinico,0
RLy20_wk12_10,RLy20,12,p1981_MD39_BET1,1.2650e-05,aislado_clinico,0
RLy20_wk12_10,RLy20,12,TRO_11_MD39,1.2900e-05,aislado_clinico,0
RLy20_wk12_10,RLy20,12,0712_250_pblib001_RnS-2G_L14,1.3920e-05,aislado_clinico,0
RLy20_wk12_10,RLy20,12,0860_150_con_RnS-2G_L14,1.2820e-05,aislado_clinico,0
RLy20_wk12_10,RLy20,12,1026_120_sgaA5_RnS-2G_L14,1.0700e-05,aislado_clinico,0
RLy20_wk12_10,RLy20,12,V703-0537-RnSv2-2G_L14,1.4090e-05,aislado_clinico,0
RLy20_wk12_30,RLy20,12,N332-GT5 gp140,1.4750e-10,prime,1
RLy20_wk12_30,RLy20,12,SF162P3_MD64_B20,1.2400e-05,aislado_clinico,0
RLy20_wk12_30,RLy20,12,DU156_MD39_BET1,1.3640e-05,aislado_clinico,0
RLy20_wk12_30,RLy20,12,Q23.17_MD39_L14,1.4050e-05,aislado_clinico,0
RLy20_wk12_30,RLy20,12,SHIV_AD8_MD64,1.2640e-05,aislado_clinico,0
RLy20_wk12_30,RLy20,12,DU422-1_MD39v2_L14,1.5520e-05,aislado_clinico,0
RLy20_wk12_30,RLy20,12,p1981_MD39_BET1,1.2650e-05,aislado_clinico,0
RLy20_wk12_30,RLy20,12,TRO_11_MD39,1.2900e-05,aislado_clinico,0
RLy20_wk12_30,RLy20,12,0712_250_pblib001_RnS-2G_L14,1.3920e-05,aislado_clinico,0
RLy20_wk12_30,RLy20,12,0860_150_con_RnS-2G_L14,1.2820e-05,aislado_clinico,0
RLy20_wk12_30,RLy20,12,1026_120_sgaA5_RnS-2G_L14,1.0700e-05,aislado_clinico,0
RLy20_wk12_30,RLy20,12,V703-0537-RnSv2-2G_L14,1.4090e-05,aislado_clinico,0
RLy20_wk12_31,RLy20,12,N332-GT5 gp140,1.9240e-11,prime,1
RLy20_wk12_31,RLy20,12,SF162P3_MD64_B20,1.2400e-05,aislado_clinico,0
RLy20_wk12_31,RLy20,12,DU156_MD39_BET1,1.3640e-05,aislado_clinico,0
RLy20_wk12_31,RLy20,12,Q23.17_MD39_L14,1.4050e-05,aislado_clinico,0
RLy20_wk12_31,RLy20,12,SHIV_AD8_MD64,1.2640e-05,aislado_clinico,0
RLy20_wk12_31,RLy20,12,DU422-1_MD39v2_L14,1.5520e-05,aislado_clinico,0
RLy20_wk12_31,RLy20,12,p1981_MD39_BET1,1.2650e-05,aislado_clinico,0
RLy20_wk12_31,RLy20,12,TRO_11_MD39,1.2900e-05,aislado_clinico,0
RLy20_wk12_31,RLy20,12,0712_250_pblib001_RnS-2G_L14,1.3920e-05,aislado_clinico,0
RLy20_wk12_31,RLy20,12,0860_150_con_RnS-2G_L14,1.2820e-05,aislado_clinico,0
RLy20_wk12_31,RLy20,12,1026_120_sgaA5_RnS-2G_L14,1.0700e-05,aislado_clinico,0
RLy20_wk12_31,RLy20,12,V703-0537-RnSv2-2G_L14,1.4090e-05,aislado_clinico,0
ROe21_wk12_12,ROe21,12,N332-GT5 gp140,5.2280e-10,prime,1
ROe21_wk12_12,ROe21,12,SF162P3_MD64_B20,1.2400e-05,aislado_clinico,0
ROe21_wk12_12,ROe21,12,DU156_MD39_BET1,1.3640e-05,aislado_clinico,0
ROe21_wk12_12,ROe21,12,Q23.17_MD39_L14,1.4050e-05,aislado_clinico,0
ROe21_wk12_12,ROe21,12,SHIV_AD8_MD64,1.2640e-05,aislado_clinico,0
ROe21_wk12_12,ROe21,12,DU422-1_MD39v2_L14,1.5520e-05,aislado_clinico,0
ROe21_wk12_12,ROe21,12,p1981_MD39_BET1,1.2650e-05,aislado_clinico,0
ROe21_wk12_12,ROe21,12,TRO_11_MD39,1.2900e-05,aislado_clinico,0
ROe21_wk12_12,ROe21,12,0712_250_pblib001_RnS-2G_L14,1.3920e-05,aislado_clinico,0
ROe21_wk12_12,ROe21,12,0860_150_con_RnS-2G_L14,1.2820e-05,aislado_clinico,0
ROe21_wk12_12,ROe21,12,1026_120_sgaA5_RnS-2G_L14,1.0700e-05,aislado_clinico,0
ROe21_wk12_12,ROe21,12,V703-0537-RnSv2-2G_L14,1.4090e-05,aislado_clinico,0
ROe21_wk12_32,ROe21,12,N332-GT5 gp140,7.6490e-11,prime,1
ROe21_wk12_32,ROe21,12,SF162P3_MD64_B20,1.2400e-05,aislado_clinico,0
ROe21_wk12_32,ROe21,12,DU156_MD39_BET1,1.3640e-05,aislado_clinico,0
ROe21_wk12_32,ROe21,12,Q23.17_MD39_L14,1.4050e-05,aislado_clinico,0
ROe21_wk12_32,ROe21,12,SHIV_AD8_MD64,1.2640e-05,aislado_clinico,0
ROe21_wk12_32,ROe21,12,DU422-1_MD39v2_L14,1.5520e-05,aislado_clinico,0
ROe21_wk12_32,ROe21,12,p1981_MD39_BET1,1.2650e-05,aislado_clinico,0
ROe21_wk12_32,ROe21,12,TRO_11_MD39,1.2900e-05,aislado_clinico,0
ROe21_wk12_32,ROe21,12,0712_250_pblib001_RnS-2G_L14,1.3920e-05,aislado_clinico,0
ROe21_wk12_32,ROe21,12,0860_150_con_RnS-2G_L14,1.2820e-05,aislado_clinico,0
ROe21_wk12_32,ROe21,12,1026_120_sgaA5_RnS-2G_L14,1.0700e-05,aislado_clinico,0
ROe21_wk12_32,ROe21,12,V703-0537-RnSv2-2G_L14,1.4090e-05,aislado_clinico,0
ROe21_wk12_33,ROe21,12,N332-GT5 gp140,5.2800e-10,prime,1
ROe21_wk12_33,ROe21,12,SF162P3_MD64_B20,1.2400e-05,aislado_clinico,0
ROe21_wk12_33,ROe21,12,DU156_MD39_BET1,1.3640e-05,aislado_clinico,0
ROe21_wk12_33,ROe21,12,Q23.17_MD39_L14,1.4050e-05,aislado_clinico,0
ROe21_wk12_33,ROe21,12,SHIV_AD8_MD64,1.2640e-05,aislado_clinico,0
ROe21_wk12_33,ROe21,12,DU422-1_MD39v2_L14,1.5520e-05,aislado_clinico,0
ROe21_wk12_33,ROe21,12,p1981_MD39_BET1,1.2650e-05,aislado_clinico,0
ROe21_wk12_33,ROe21,12,TRO_11_MD39,1.2900e-05,aislado_clinico,0
ROe21_wk12_33,ROe21,12,0712_250_pblib001_RnS-2G_L14,1.3920e-05,aislado_clinico,0
ROe21_wk12_33,ROe21,12,0860_150_con_RnS-2G_L14,1.2820e-05,aislado_clinico,0
ROe21_wk12_33,ROe21,12,1026_120_sgaA5_RnS-2G_L14,1.0700e-05,aislado_clinico,0
ROe21_wk12_33,ROe21,12,V703-0537-RnSv2-2G_L14,1.4090e-05,aislado_clinico,0
RQd20_wk12_14,RQd20,12,N332-GT5 gp140,1.6090e-11,prime,1
RQd20_wk12_14,RQd20,12,SF162P3_MD64_B20,1.2400e-05,aislado_clinico,0
RQd20_wk12_14,RQd20,12,DU156_MD39_BET1,1.3640e-05,aislado_clinico,0
RQd20_wk12_14,RQd20,12,Q23.17_MD39_L14,1.4050e-05,aislado_clinico,0
RQd20_wk12_14,RQd20,12,SHIV_AD8_MD64,1.2640e-05,aislado_clinico,0
RQd20_wk12_14,RQd20,12,DU422-1_MD39v2_L14,1.5520e-05,aislado_clinico,0
RQd20_wk12_14,RQd20,12,p1981_MD39_BET1,1.2650e-05,aislado_clinico,0
RQd20_wk12_14,RQd20,12,TRO_11_MD39,1.2900e-05,aislado_clinico,0
RQd20_wk12_14,RQd20,12,0712_250_pblib001_RnS-2G_L14,1.3920e-05,aislado_clinico,0
RQd20_wk12_14,RQd20,12,0860_150_con_RnS-2G_L14,1.2820e-05,aislado_clinico,0
RQd20_wk12_14,RQd20,12,1026_120_sgaA5_RnS-2G_L14,1.0700e-05,aislado_clinico,0
RQd20_wk12_14,RQd20,12,V703-0537-RnSv2-2G_L14,1.4090e-05,aislado_clinico,0
RQd20_wk12_36,RQd20,12,N332-GT5 gp140,1.4330e-10,prime,1
RQd20_wk12_36,RQd20,12,SF162P3_MD64_B20,1.2400e-05,aislado_clinico,0
RQd20_wk12_36,RQd20,12,DU156_MD39_BET1,1.3640e-05,aislado_clinico,0
RQd20_wk12_36,RQd20,12,Q23.17_MD39_L14,1.4050e-05,aislado_clinico,0
RQd20_wk12_36,RQd20,12,SHIV_AD8_MD64,1.2640e-05,aislado_clinico,0
RQd20_wk12_36,RQd20,12,DU422-1_MD39v2_L14,1.5520e-05,aislado_clinico,0
RQd20_wk12_36,RQd20,12,p1981_MD39_BET1,1.2650e-05,aislado_clinico,0
RQd20_wk12_36,RQd20,12,TRO_11_MD39,1.2900e-05,aislado_clinico,0
RQd20_wk12_36,RQd20,12,0712_250_pblib001_RnS-2G_L14,1.3920e-05,aislado_clinico,0
RQd20_wk12_36,RQd20,12,0860_150_con_RnS-2G_L14,1.2820e-05,aislado_clinico,0
RQd20_wk12_36,RQd20,12,1026_120_sgaA5_RnS-2G_L14,1.0700e-05,aislado_clinico,0
RQd20_wk12_36,RQd20,12,V703-0537-RnSv2-2G_L14,1.4090e-05,aislado_clinico,0
RQd20_wk12_37,RQd20,12,N332-GT5 gp140,3.8400e-10,prime,1
RQd20_wk12_37,RQd20,12,SF162P3_MD64_B20,1.2400e-05,aislado_clinico,0
RQd20_wk12_37,RQd20,12,DU156_MD39_BET1,1.3640e-05,aislado_clinico,0
RQd20_wk12_37,RQd20,12,Q23.17_MD39_L14,1.4050e-05,aislado_clinico,0
RQd20_wk12_37,RQd20,12,SHIV_AD8_MD64,1.2640e-05,aislado_clinico,0
RQd20_wk12_37,RQd20,12,DU422-1_MD39v2_L14,1.5520e-05,aislado_clinico,0
RQd20_wk12_37,RQd20,12,p1981_MD39_BET1,1.2650e-05,aislado_clinico,0
RQd20_wk12_37,RQd20,12,TRO_11_MD39,1.2900e-05,aislado_clinico,0
RQd20_wk12_37,RQd20,12,0712_250_pblib001_RnS-2G_L14,1.3920e-05,aislado_clinico,0
RQd20_wk12_37,RQd20,12,0860_150_con_RnS-2G_L14,1.2820e-05,aislado_clinico,0
RQd20_wk12_37,RQd20,12,1026_120_sgaA5_RnS-2G_L14,1.0700e-05,aislado_clinico,0
RQd20_wk12_37,RQd20,12,V703-0537-RnSv2-2G_L14,1.4090e-05,aislado_clinico,0
RYy20_wk12_21,RYy20,12,N332-GT5 gp140,3.3590e-10,prime,1
RYy20_wk12_21,RYy20,12,SF162P3_MD64_B20,1.2400e-05,aislado_clinico,0
RYy20_wk12_21,RYy20,12,DU156_MD39_BET1,1.3640e-05,aislado_clinico,0
RYy20_wk12_21,RYy20,12,Q23.17_MD39_L14,1.4050e-05,aislado_clinico,0
RYy20_wk12_21,RYy20,12,SHIV_AD8_MD64,1.2640e-05,aislado_clinico,0
RYy20_wk12_21,RYy20,12,DU422-1_MD39v2_L14,1.5520e-05,aislado_clinico,0
RYy20_wk12_21,RYy20,12,p1981_MD39_BET1,1.2650e-05,aislado_clinico,0
RYy20_wk12_21,RYy20,12,TRO_11_MD39,1.2900e-05,aislado_clinico,0
RYy20_wk12_21,RYy20,12,0712_250_pblib001_RnS-2G_L14,1.3920e-05,aislado_clinico,0
RYy20_wk12_21,RYy20,12,0860_150_con_RnS-2G_L14,1.2820e-05,aislado_clinico,0
RYy20_wk12_21,RYy20,12,1026_120_sgaA5_RnS-2G_L14,1.0700e-05,aislado_clinico,0
RYy20_wk12_21,RYy20,12,V703-0537-RnSv2-2G_L14,1.4090e-05,aislado_clinico,0
RYy20_wk12_44,RYy20,12,N332-GT5 gp140,3.9290e-11,prime,1
RYy20_wk12_44,RYy20,12,SF162P3_MD64_B20,1.2400e-05,aislado_clinico,0
RYy20_wk12_44,RYy20,12,DU156_MD39_BET1,1.3640e-05,aislado_clinico,0
RYy20_wk12_44,RYy20,12,Q23.17_MD39_L14,1.4050e-05,aislado_clinico,0
RYy20_wk12_44,RYy20,12,SHIV_AD8_MD64,1.2640e-05,aislado_clinico,0
RYy20_wk12_44,RYy20,12,DU422-1_MD39v2_L14,1.5520e-05,aislado_clinico,0
RYy20_wk12_44,RYy20,12,p1981_MD39_BET1,1.2650e-05,aislado_clinico,0
RYy20_wk12_44,RYy20,12,TRO_11_MD39,1.2900e-05,aislado_clinico,0
RYy20_wk12_44,RYy20,12,0712_250_pblib001_RnS-2G_L14,1.3920e-05,aislado_clinico,0
RYy20_wk12_44,RYy20,12,0860_150_con_RnS-2G_L14,1.2820e-05,aislado_clinico,0
RYy20_wk12_44,RYy20,12,1026_120_sgaA5_RnS-2G_L14,1.0700e-05,aislado_clinico,0
RYy20_wk12_44,RYy20,12,V703-0537-RnSv2-2G_L14,1.4090e-05,aislado_clinico,0
RYy20_wk12_45,RYy20,12,N332-GT5 gp140,1.2620e-10,prime,1
RYy20_wk12_45,RYy20,12,SF162P3_MD64_B20,1.2400e-05,aislado_clinico,0
RYy20_wk12_45,RYy20,12,DU156_MD39_BET1,1.3640e-05,aislado_clinico,0
RYy20_wk12_45,RYy20,12,Q23.17_MD39_L14,1.4050e-05,aislado_clinico,0
RYy20_wk12_45,RYy20,12,SHIV_AD8_MD64,1.2640e-05,aislado_clinico,0
RYy20_wk12_45,RYy20,12,DU422-1_MD39v2_L14,1.5520e-05,aislado_clinico,0
RYy20_wk12_45,RYy20,12,p1981_MD39_BET1,1.2650e-05,aislado_clinico,0
RYy20_wk12_45,RYy20,12,TRO_11_MD39,1.2900e-05,aislado_clinico,0
RYy20_wk12_45,RYy20,12,0712_250_pblib001_RnS-2G_L14,1.3920e-05,aislado_clinico,0
RYy20_wk12_45,RYy20,12,0860_150_con_RnS-2G_L14,1.2820e-05,aislado_clinico,0
RYy20_wk12_45,RYy20,12,1026_120_sgaA5_RnS-2G_L14,1.0700e-05,aislado_clinico,0
RYy20_wk12_45,RYy20,12,V703-0537-RnSv2-2G_L14,1.4090e-05,aislado_clinico,0
REe21_wk12_03,REe21,12,N332-GT5 gp140,1.8100e-11,prime,1
REe21_wk12_03,REe21,12,SF162P3_MD64_B20,1.2400e-05,aislado_clinico,0
REe21_wk12_03,REe21,12,DU156_MD39_BET1,1.3640e-05,aislado_clinico,0
REe21_wk12_03,REe21,12,Q23.17_MD39_L14,1.4050e-05,aislado_clinico,0
REe21_wk12_03,REe21,12,SHIV_AD8_MD64,1.2640e-05,aislado_clinico,0
REe21_wk12_03,REe21,12,DU422-1_MD39v2_L14,1.5520e-05,aislado_clinico,0
REe21_wk12_03,REe21,12,p1981_MD39_BET1,1.2650e-05,aislado_clinico,0
REe21_wk12_03,REe21,12,TRO_11_MD39,1.2900e-05,aislado_clinico,0
REe21_wk12_03,REe21,12,0712_250_pblib001_RnS-2G_L14,1.3920e-05,aislado_clinico,0
REe21_wk12_03,REe21,12,0860_150_con_RnS-2G_L14,1.2820e-05,aislado_clinico,0
REe21_wk12_03,REe21,12,1026_120_sgaA5_RnS-2G_L14,1.0700e-05,aislado_clinico,0
REe21_wk12_03,REe21,12,V703-0537-RnSv2-2G_L14,1.4090e-05,aislado_clinico,0
REe21_wk12_24,REe21,12,N332-GT5 gp140,2.6440e-11,prime,1
REe21_wk12_24,REe21,12,SF162P3_MD64_B20,1.3810e-06,aislado_clinico,0
REe21_wk12_24,REe21,12,DU156_MD39_BET1,1.3640e-05,aislado_clinico,0
REe21_wk12_24,REe21,12,Q23.17_MD39_L14,1.4050e-05,aislado_clinico,0
REe21_wk12_24,REe21,12,SHIV_AD8_MD64,1.2640e-05,aislado_clinico,0
REe21_wk12_24,REe21,12,DU422-1_MD39v2_L14,1.5520e-05,aislado_clinico,0
REe21_wk12_24,REe21,12,p1981_MD39_BET1,1.2650e-05,aislado_clinico,0
REe21_wk12_24,REe21,12,TRO_11_MD39,1.2900e-05,aislado_clinico,0
REe21_wk12_24,REe21,12,0712_250_pblib001_RnS-2G_L14,1.3920e-05,aislado_clinico,0
REe21_wk12_24,REe21,12,0860_150_con_RnS-2G_L14,1.2820e-05,aislado_clinico,0
REe21_wk12_24,REe21,12,1026_120_sgaA5_RnS-2G_L14,1.0700e-05,aislado_clinico,0
REe21_wk12_24,REe21,12,V703-0537-RnSv2-2G_L14,1.4090e-05,aislado_clinico,0
REg21_wk12_04,REg21,12,N332-GT5 gp140,6.5450e-11,prime,1
REg21_wk12_04,REg21,12,SF162P3_MD64_B20,1.2400e-05,aislado_clinico,0
REg21_wk12_04,REg21,12,DU156_MD39_BET1,1.3640e-05,aislado_clinico,0
REg21_wk12_04,REg21,12,Q23.17_MD39_L14,1.4050e-05,aislado_clinico,0
REg21_wk12_04,REg21,12,SHIV_AD8_MD64,1.2640e-05,aislado_clinico,0
REg21_wk12_04,REg21,12,DU422-1_MD39v2_L14,1.5520e-05,aislado_clinico,0
REg21_wk12_04,REg21,12,p1981_MD39_BET1,1.2650e-05,aislado_clinico,0
REg21_wk12_04,REg21,12,TRO_11_MD39,1.2900e-05,aislado_clinico,0
REg21_wk12_04,REg21,12,0712_250_pblib001_RnS-2G_L14,1.3920e-05,aislado_clinico,0
REg21_wk12_04,REg21,12,0860_150_con_RnS-2G_L14,1.2820e-05,aislado_clinico,0
REg21_wk12_04,REg21,12,1026_120_sgaA5_RnS-2G_L14,1.0700e-05,aislado_clinico,0
REg21_wk12_04,REg21,12,V703-0537-RnSv2-2G_L14,1.4090e-05,aislado_clinico,0
REg21_wk12_25,REg21,12,N332-GT5 gp140,1.9850e-11,prime,1
REg21_wk12_25,REg21,12,SF162P3_MD64_B20,1.2400e-05,aislado_clinico,0
REg21_wk12_25,REg21,12,DU156_MD39_BET1,1.3640e-05,aislado_clinico,0
REg21_wk12_25,REg21,12,Q23.17_MD39_L14,1.4050e-05,aislado_clinico,0
REg21_wk12_25,REg21,12,SHIV_AD8_MD64,1.2640e-05,aislado_clinico,0
REg21_wk12_25,REg21,12,DU422-1_MD39v2_L14,1.5520e-05,aislado_clinico,0
REg21_wk12_25,REg21,12,p1981_MD39_BET1,1.2650e-05,aislado_clinico,0
REg21_wk12_25,REg21,12,TRO_11_MD39,1.2900e-05,aislado_clinico,0
REg21_wk12_25,REg21,12,0712_250_pblib001_RnS-2G_L14,1.3920e-05,aislado_clinico,0
REg21_wk12_25,REg21,12,0860_150_con_RnS-2G_L14,1.2820e-05,aislado_clinico,0
REg21_wk12_25,REg21,12,1026_120_sgaA5_RnS-2G_L14,1.0700e-05,aislado_clinico,0
REg21_wk12_25,REg21,12,V703-0537-RnSv2-2G_L14,1.4090e-05,aislado_clinico,0
REg21_wk12_26,REg21,12,N332-GT5 gp140,2.8680e-11,prime,1
REg21_wk12_26,REg21,12,SF162P3_MD64_B20,8.4430e-07,aislado_clinico,1
REg21_wk12_26,REg21,12,DU156_MD39_BET1,8.6320e-06,aislado_clinico,0
REg21_wk12_26,REg21,12,Q23.17_MD39_L14,1.4050e-05,aislado_clinico,0
REg21_wk12_26,REg21,12,SHIV_AD8_MD64,1.2640e-05,aislado_clinico,0
REg21_wk12_26,REg21,12,DU422-1_MD39v2_L14,1.5520e-05,aislado_clinico,0
REg21_wk12_26,REg21,12,p1981_MD39_BET1,1.2650e-05,aislado_clinico,0
REg21_wk12_26,REg21,12,TRO_11_MD39,1.2900e-05,aislado_clinico,0
REg21_wk12_26,REg21,12,0712_250_pblib001_RnS-2G_L14,1.3920e-05,aislado_clinico,0
REg21_wk12_26,REg21,12,0860_150_con_RnS-2G_L14,1.2820e-05,aislado_clinico,0
REg21_wk12_26,REg21,12,1026_120_sgaA5_RnS-2G_L14,1.0700e-05,aislado_clinico,0
REg21_wk12_26,REg21,12,V703-0537-RnSv2-2G_L14,1.4090e-05,aislado_clinico,0
RDj20_wk46_03,RDj20,46,N332-GT5 gp140,2.4940e-11,prime,1
RDj20_wk46_03,RDj20,46,SF162P3_MD64_B20,1.2400e-05,aislado_clinico,0
RDj20_wk46_03,RDj20,46,DU156_MD39_BET1,1.3640e-05,aislado_clinico,0
RDj20_wk46_03,RDj20,46,Q23.17_MD39_L14,1.4050e-05,aislado_clinico,0
RDj20_wk46_03,RDj20,46,SHIV_AD8_MD64,1.2640e-05,aislado_clinico,0
RDj20_wk46_03,RDj20,46,DU422-1_MD39v2_L14,1.5520e-05,aislado_clinico,0
RDj20_wk46_03,RDj20,46,p1981_MD39_BET1,1.2650e-05,aislado_clinico,0
RDj20_wk46_03,RDj20,46,TRO_11_MD39,1.2900e-05,aislado_clinico,0
RDj20_wk46_03,RDj20,46,0712_250_pblib001_RnS-2G_L14,1.3920e-05,aislado_clinico,0
RDj20_wk46_03,RDj20,46,0860_150_con_RnS-2G_L14,1.2820e-05,aislado_clinico,0
RDj20_wk46_03,RDj20,46,1026_120_sgaA5_RnS-2G_L14,1.0700e-05,aislado_clinico,0
RDj20_wk46_03,RDj20,46,V703-0537-RnSv2-2G_L14,1.4090e-05,aislado_clinico,0
RFe21_wk46_01,RFe21,46,N332-GT5 gp140,6.1450e-11,prime,1
RFe21_wk46_01,RFe21,46,SF162P3_MD64_B20,1.2400e-05,aislado_clinico,0
RFe21_wk46_01,RFe21,46,DU156_MD39_BET1,1.3640e-05,aislado_clinico,0
RFe21_wk46_01,RFe21,46,Q23.17_MD39_L14,1.4050e-05,aislado_clinico,0
RFe21_wk46_01,RFe21,46,SHIV_AD8_MD64,1.2640e-05,aislado_clinico,0
RFe21_wk46_01,RFe21,46,DU422-1_MD39v2_L14,1.5520e-05,aislado_clinico,0
RFe21_wk46_01,RFe21,46,p1981_MD39_BET1,1.2650e-05,aislado_clinico,0
RFe21_wk46_01,RFe21,46,TRO_11_MD39,1.2900e-05,aislado_clinico,0
RFe21_wk46_01,RFe21,46,0712_250_pblib001_RnS-2G_L14,1.3920e-05,aislado_clinico,0
RFe21_wk46_01,RFe21,46,0860_150_con_RnS-2G_L14,1.2820e-05,aislado_clinico,0
RFe21_wk46_01,RFe21,46,1026_120_sgaA5_RnS-2G_L14,1.0700e-05,aislado_clinico,0
RFe21_wk46_01,RFe21,46,V703-0537-RnSv2-2G_L14,1.4090e-05,aislado_clinico,0
RTd20_wk46_04,RTd20,46,N332-GT5 gp140,4.9430e-11,prime,1
RTd20_wk46_04,RTd20,46,SF162P3_MD64_B20,1.2400e-05,aislado_clinico,0
RTd20_wk46_04,RTd20,46,DU156_MD39_BET1,1.3640e-05,aislado_clinico,0
RTd20_wk46_04,RTd20,46,Q23.17_MD39_L14,1.4050e-05,aislado_clinico,0
RTd20_wk46_04,RTd20,46,SHIV_AD8_MD64,1.2640e-05,aislado_clinico,0
RTd20_wk46_04,RTd20,46,DU422-1_MD39v2_L14,1.5520e-05,aislado_clinico,0
RTd20_wk46_04,RTd20,46,p1981_MD39_BET1,1.2650e-05,aislado_clinico,0
RTd20_wk46_04,RTd20,46,TRO_11_MD39,1.2900e-05,aislado_clinico,0
RTd20_wk46_04,RTd20,46,0712_250_pblib001_RnS-2G_L14,1.3920e-05,aislado_clinico,0
RTd20_wk46_04,RTd20,46,0860_150_con_RnS-2G_L14,1.2820e-05,aislado_clinico,0
RTd20_wk46_04,RTd20,46,1026_120_sgaA5_RnS-2G_L14,1.0700e-05,aislado_clinico,0
RTd20_wk46_04,RTd20,46,V703-0537-RnSv2-2G_L14,1.4090e-05,aislado_clinico,0
RTd20_wk46_05,RTd20,46,N332-GT5 gp140,2.1030e-11,prime,1
RTd20_wk46_05,RTd20,46,SF162P3_MD64_B20,1.2400e-05,aislado_clinico,0
RTd20_wk46_05,RTd20,46,DU156_MD39_BET1,1.3640e-05,aislado_clinico,0
RTd20_wk46_05,RTd20,46,Q23.17_MD39_L14,1.4050e-05,aislado_clinico,0
RTd20_wk46_05,RTd20,46,SHIV_AD8_MD64,1.2640e-05,aislado_clinico,0
RTd20_wk46_05,RTd20,46,DU422-1_MD39v2_L14,1.5520e-05,aislado_clinico,0
RTd20_wk46_05,RTd20,46,p1981_MD39_BET1,1.2650e-05,aislado_clinico,0
RTd20_wk46_05,RTd20,46,TRO_11_MD39,1.2900e-05,aislado_clinico,0
RTd20_wk46_05,RTd20,46,0712_250_pblib001_RnS-2G_L14,1.3920e-05,aislado_clinico,0
RTd20_wk46_05,RTd20,46,0860_150_con_RnS-2G_L14,1.2820e-05,aislado_clinico,0
RTd20_wk46_05,RTd20,46,1026_120_sgaA5_RnS-2G_L14,1.0700e-05,aislado_clinico,0
RTd20_wk46_05,RTd20,46,V703-0537-RnSv2-2G_L14,1.4090e-05,aislado_clinico,0
RZc21_wk46_02,RZc21,46,N332-GT5 gp140,3.8860e-11,prime,1
RZc21_wk46_02,RZc21,46,SF162P3_MD64_B20,1.2400e-05,aislado_clinico,0
RZc21_wk46_02,RZc21,46,DU156_MD39_BET1,1.3640e-05,aislado_clinico,0
RZc21_wk46_02,RZc21,46,Q23.17_MD39_L14,1.4050e-05,aislado_clinico,0
RZc21_wk46_02,RZc21,46,SHIV_AD8_MD64,1.2640e-05,aislado_clinico,0
RZc21_wk46_02,RZc21,46,DU422-1_MD39v2_L14,1.5520e-05,aislado_clinico,0
RZc21_wk46_02,RZc21,46,p1981_MD39_BET1,1.2650e-05,aislado_clinico,0
RZc21_wk46_02,RZc21,46,TRO_11_MD39,1.2900e-05,aislado_clinico,0
RZc21_wk46_02,RZc21,46,0712_250_pblib001_RnS-2G_L14,1.3920e-05,aislado_clinico,0
RZc21_wk46_02,RZc21,46,0860_150_con_RnS-2G_L14,1.2820e-05,aislado_clinico,0
RZc21_wk46_02,RZc21,46,1026_120_sgaA5_RnS-2G_L14,1.0700e-05,aislado_clinico,0
RZc21_wk46_02,RZc21,46,V703-0537-RnSv2-2G_L14,1.4090e-05,aislado_clinico,0
RAc21_wk46_10,RAc21,46,N332-GT5 gp140,2.5020e-11,prime,1
RAc21_wk46_10,RAc21,46,SF162P3_MD64_B20,1.2400e-05,aislado_clinico,0
RAc21_wk46_10,RAc21,46,DU156_MD39_BET1,1.3640e-05,aislado_clinico,0
RAc21_wk46_10,RAc21,46,Q23.17_MD39_L14,1.4050e-05,aislado_clinico,0
RAc21_wk46_10,RAc21,46,SHIV_AD8_MD64,1.2640e-05,aislado_clinico,0
RAc21_wk46_10,RAc21,46,DU422-1_MD39v2_L14,1.5520e-05,aislado_clinico,0
RAc21_wk46_10,RAc21,46,p1981_MD39_BET1,1.2650e-05,aislado_clinico,0
RAc21_wk46_10,RAc21,46,TRO_11_MD39,1.2900e-05,aislado_clinico,0
RAc21_wk46_10,RAc21,46,0712_250_pblib001_RnS-2G_L14,1.3920e-05,aislado_clinico,0
RAc21_wk46_10,RAc21,46,0860_150_con_RnS-2G_L14,1.2820e-05,aislado_clinico,0
RAc21_wk46_10,RAc21,46,1026_120_sgaA5_RnS-2G_L14,1.0700e-05,aislado_clinico,0
RAc21_wk46_10,RAc21,46,V703-0537-RnSv2-2G_L14,1.4090e-05,aislado_clinico,0
RIs20_wk46_16,RIs20,46,N332-GT5 gp140,5.9290e-10,prime,1
RIs20_wk46_16,RIs20,46,SF162P3_MD64_B20,9.5860e-06,aislado_clinico,0
RIs20_wk46_16,RIs20,46,DU156_MD39_BET1,1.3640e-05,aislado_clinico,0
RIs20_wk46_16,RIs20,46,Q23.17_MD39_L14,1.4050e-05,aislado_clinico,0
RIs20_wk46_16,RIs20,46,SHIV_AD8_MD64,1.2640e-05,aislado_clinico,0
RIs20_wk46_16,RIs20,46,DU422-1_MD39v2_L14,1.5520e-05,aislado_clinico,0
RIs20_wk46_16,RIs20,46,p1981_MD39_BET1,1.2650e-05,aislado_clinico,0
RIs20_wk46_16,RIs20,46,TRO_11_MD39,1.2900e-05,aislado_clinico,0
RIs20_wk46_16,RIs20,46,0712_250_pblib001_RnS-2G_L14,1.3920e-05,aislado_clinico,0
RIs20_wk46_16,RIs20,46,0860_150_con_RnS-2G_L14,1.2820e-05,aislado_clinico,0
RIs20_wk46_16,RIs20,46,1026_120_sgaA5_RnS-2G_L14,1.0700e-05,aislado_clinico,0
RIs20_wk46_16,RIs20,46,V703-0537-RnSv2-2G_L14,1.4090e-05,aislado_clinico,0
RKb21_wk46_09,RKb21,46,N332-GT5 gp140,2.1300e-11,prime,1
RKb21_wk46_09,RKb21,46,SF162P3_MD64_B20,3.4400e-08,aislado_clinico,1
RKb21_wk46_09,RKb21,46,DU156_MD39_BET1,1.7570e-07,aislado_clinico,1
RKb21_wk46_09,RKb21,46,Q23.17_MD39_L14,8.8230e-06,aislado_clinico,0
RKb21_wk46_09,RKb21,46,SHIV_AD8_MD64,1.6040e-06,aislado_clinico,0
RKb21_wk46_09,RKb21,46,DU422-1_MD39v2_L14,1.5520e-05,aislado_clinico,0
RKb21_wk46_09,RKb21,46,p1981_MD39_BET1,5.5660e-07,aislado_clinico,1
RKb21_wk46_09,RKb21,46,TRO_11_MD39,9.7540e-07,aislado_clinico,1
RKb21_wk46_09,RKb21,46,0712_250_pblib001_RnS-2G_L14,1.3920e-05,aislado_clinico,0
RKb21_wk46_09,RKb21,46,0860_150_con_RnS-2G_L14,1.2820e-05,aislado_clinico,0
RKb21_wk46_09,RKb21,46,1026_120_sgaA5_RnS-2G_L14,1.0700e-05,aislado_clinico,0
RKb21_wk46_09,RKb21,46,V703-0537-RnSv2-2G_L14,1.0050e-06,aislado_clinico,0
RKb21_wk46_12,RKb21,46,N332-GT5 gp140,6.1340e-11,prime,1
RKb21_wk46_12,RKb21,46,SF162P3_MD64_B20,2.3500e-07,aislado_clinico,1
RKb21_wk46_12,RKb21,46,DU156_MD39_BET1,1.3640e-05,aislado_clinico,0
RKb21_wk46_12,RKb21,46,Q23.17_MD39_L14,1.4050e-05,aislado_clinico,0
RKb21_wk46_12,RKb21,46,SHIV_AD8_MD64,1.2640e-05,aislado_clinico,0
RKb21_wk46_12,RKb21,46,DU422-1_MD39v2_L14,1.5520e-05,aislado_clinico,0
RKb21_wk46_12,RKb21,46,p1981_MD39_BET1,1.2650e-05,aislado_clinico,0
RKb21_wk46_12,RKb21,46,TRO_11_MD39,1.2900e-05,aislado_clinico,0
RKb21_wk46_12,RKb21,46,0712_250_pblib001_RnS-2G_L14,1.3920e-05,aislado_clinico,0
RKb21_wk46_12,RKb21,46,0860_150_con_RnS-2G_L14,1.2820e-05,aislado_clinico,0
RKb21_wk46_12,RKb21,46,1026_120_sgaA5_RnS-2G_L14,1.0700e-05,aislado_clinico,0
RKb21_wk46_12,RKb21,46,V703-0537-RnSv2-2G_L14,1.4090e-05,aislado_clinico,0
RSz19_wk46_08,RSz19,46,N332-GT5 gp140,2.7200e-11,prime,1
RSz19_wk46_08,RSz19,46,SF162P3_MD64_B20,1.8610e-07,aislado_clinico,1
RSz19_wk46_08,RSz19,46,DU156_MD39_BET1,2.3100e-06,aislado_clinico,0
RSz19_wk46_08,RSz19,46,Q23.17_MD39_L14,1.4050e-05,aislado_clinico,0
RSz19_wk46_08,RSz19,46,SHIV_AD8_MD64,1.2640e-05,aislado_clinico,0
RSz19_wk46_08,RSz19,46,DU422-1_MD39v2_L14,1.5520e-05,aislado_clinico,0
RSz19_wk46_08,RSz19,46,p1981_MD39_BET1,1.2650e-05,aislado_clinico,0
RSz19_wk46_08,RSz19,46,TRO_11_MD39,1.1310e-05,aislado_clinico,0
RSz19_wk46_08,RSz19,46,0712_250_pblib001_RnS-2G_L14,1.3920e-05,aislado_clinico,0
RSz19_wk46_08,RSz19,46,0860_150_con_RnS-2G_L14,1.2820e-05,aislado_clinico,0
RSz19_wk46_08,RSz19,46,1026_120_sgaA5_RnS-2G_L14,1.0700e-05,aislado_clinico,0
RSz19_wk46_08,RSz19,46,V703-0537-RnSv2-2G_L14,1.0420e-05,aislado_clinico,0
RSz19_wk46_41,RSz19,46,N332-GT5 gp140,2.4330e-11,prime,1
RSz19_wk46_41,RSz19,46,SF162P3_MD64_B20,4.8600e-09,aislado_clinico,1
RSz19_wk46_41,RSz19,46,DU156_MD39_BET1,1.2260e-06,aislado_clinico,0
RSz19_wk46_41,RSz19,46,Q23.17_MD39_L14,2.4680e-06,aislado_clinico,0
RSz19_wk46_41,RSz19,46,SHIV_AD8_MD64,3.5080e-06,aislado_clinico,0
RSz19_wk46_41,RSz19,46,DU422-1_MD39v2_L14,1.5520e-05,aislado_clinico,0
RSz19_wk46_41,RSz19,46,p1981_MD39_BET1,3.7860e-06,aislado_clinico,0
RSz19_wk46_41,RSz19,46,TRO_11_MD39,5.8610e-06,aislado_clinico,0
RSz19_wk46_41,RSz19,46,0712_250_pblib001_RnS-2G_L14,1.3920e-05,aislado_clinico,0
RSz19_wk46_41,RSz19,46,0860_150_con_RnS-2G_L14,1.2820e-05,aislado_clinico,0
RSz19_wk46_41,RSz19,46,1026_120_sgaA5_RnS-2G_L14,1.0700e-05,aislado_clinico,0
RSz19_wk46_41,RSz19,46,V703-0537-RnSv2-2G_L14,5.7250e-07,aislado_clinico,1
RTq20_wk46_11,RTq20,46,N332-GT5 gp140,8.9650e-11,prime,1
RTq20_wk46_11,RTq20,46,SF162P3_MD64_B20,4.1180e-06,aislado_clinico,0
RTq20_wk46_11,RTq20,46,DU156_MD39_BET1,1.3640e-05,aislado_clinico,0
RTq20_wk46_11,RTq20,46,Q23.17_MD39_L14,1.4050e-05,aislado_clinico,0
RTq20_wk46_11,RTq20,46,SHIV_AD8_MD64,1.2640e-05,aislado_clinico,0
RTq20_wk46_11,RTq20,46,DU422-1_MD39v2_L14,1.5520e-05,aislado_clinico,0
RTq20_wk46_11,RTq20,46,p1981_MD39_BET1,1.2650e-05,aislado_clinico,0
RTq20_wk46_11,RTq20,46,TRO_11_MD39,1.2900e-05,aislado_clinico,0
RTq20_wk46_11,RTq20,46,0712_250_pblib001_RnS-2G_L14,1.3920e-05,aislado_clinico,0
RTq20_wk46_11,RTq20,46,0860_150_con_RnS-2G_L14,1.2820e-05,aislado_clinico,0
RTq20_wk46_11,RTq20,46,1026_120_sgaA5_RnS-2G_L14,1.0700e-05,aislado_clinico,0
RTq20_wk46_11,RTq20,46,V703-0537-RnSv2-2G_L14,1.4090e-05,aislado_clinico,0
RYo20_wk46_07,RYo20,46,N332-GT5 gp140,1.7950e-11,prime,1
RYo20_wk46_07,RYo20,46,SF162P3_MD64_B20,6.2580e-08,aislado_clinico,1
RYo20_wk46_07,RYo20,46,DU156_MD39_BET1,2.7090e-07,aislado_clinico,1
RYo20_wk46_07,RYo20,46,Q23.17_MD39_L14,3.2930e-06,aislado_clinico,0
RYo20_wk46_07,RYo20,46,SHIV_AD8_MD64,1.6460e-06,aislado_clinico,0
RYo20_wk46_07,RYo20,46,DU422-1_MD39v2_L14,1.5520e-05,aislado_clinico,0
RYo20_wk46_07,RYo20,46,p1981_MD39_BET1,1.1670e-06,aislado_clinico,0
RYo20_wk46_07,RYo20,46,TRO_11_MD39,1.8660e-06,aislado_clinico,0
RYo20_wk46_07,RYo20,46,0712_250_pblib001_RnS-2G_L14,1.3920e-05,aislado_clinico,0
RYo20_wk46_07,RYo20,46,0860_150_con_RnS-2G_L14,1.2820e-05,aislado_clinico,0
RYo20_wk46_07,RYo20,46,1026_120_sgaA5_RnS-2G_L14,1.0700e-05,aislado_clinico,0
RYo20_wk46_07,RYo20,46,V703-0537-RnSv2-2G_L14,9.2920e-07,aislado_clinico,1
RYo20_wk46_13,RYo20,46,N332-GT5 gp140,3.1290e-11,prime,1
RYo20_wk46_13,RYo20,46,SF162P3_MD64_B20,1.1010e-07,aislado_clinico,1
RYo20_wk46_13,RYo20,46,DU156_MD39_BET1,2.8750e-07,aislado_clinico,1
RYo20_wk46_13,RYo20,46,Q23.17_MD39_L14,8.8660e-07,aislado_clinico,1
RYo20_wk46_13,RYo20,46,SHIV_AD8_MD64,8.4510e-07,aislado_clinico,1
RYo20_wk46_13,RYo20,46,DU422-1_MD39v2_L14,1.0360e-05,aislado_clinico,0
RYo20_wk46_13,RYo20,46,p1981_MD39_BET1,5.4820e-07,aislado_clinico,1
RYo20_wk46_13,RYo20,46,TRO_11_MD39,1.1360e-06,aislado_clinico,0
RYo20_wk46_13,RYo20,46,0712_250_pblib001_RnS-2G_L14,1.3920e-05,aislado_clinico,0
RYo20_wk46_13,RYo20,46,0860_150_con_RnS-2G_L14,1.2820e-05,aislado_clinico,0
RYo20_wk46_13,RYo20,46,1026_120_sgaA5_RnS-2G_L14,1.0700e-05,aislado_clinico,0
RYo20_wk46_13,RYo20,46,V703-0537-RnSv2-2G_L14,6.5780e-07,aislado_clinico,1
RYo20_wk46_14,RYo20,46,N332-GT5 gp140,2.8340e-11,prime,1
RYo20_wk46_14,RYo20,46,SF162P3_MD64_B20,6.8010e-08,aislado_clinico,1
RYo20_wk46_14,RYo20,46,DU156_MD39_BET1,2.3560e-07,aislado_clinico,1
RYo20_wk46_14,RYo20,46,Q23.17_MD39_L14,1.1640e-06,aislado_clinico,0
RYo20_wk46_14,RYo20,46,SHIV_AD8_MD64,1.2870e-06,aislado_clinico,0
RYo20_wk46_14,RYo20,46,DU422-1_MD39v2_L14,1.5520e-05,aislado_clinico,0
RYo20_wk46_14,RYo20,46,p1981_MD39_BET1,8.4360e-07,aislado_clinico,1
RYo20_wk46_14,RYo20,46,TRO_11_MD39,9.3290e-07,aislado_clinico,1
RYo20_wk46_14,RYo20,46,0712_250_pblib001_RnS-2G_L14,1.3920e-05,aislado_clinico,0
RYo20_wk46_14,RYo20,46,0860_150_con_RnS-2G_L14,1.2820e-05,aislado_clinico,0
RYo20_wk46_14,RYo20,46,1026_120_sgaA5_RnS-2G_L14,1.0700e-05,aislado_clinico,0
RYo20_wk46_14,RYo20,46,V703-0537-RnSv2-2G_L14,4.3260e-07,aislado_clinico,1
RYo20_wk46_15,RYo20,46,N332-GT5 gp140,2.2320e-11,prime,1
RYo20_wk46_15,RYo20,46,SF162P3_MD64_B20,1.0010e-07,aislado_clinico,1
RYo20_wk46_15,RYo20,46,DU156_MD39_BET1,9.1150e-07,aislado_clinico,1
RYo20_wk46_15,RYo20,46,Q23.17_MD39_L14,3.7100e-06,aislado_clinico,0
RYo20_wk46_15,RYo20,46,SHIV_AD8_MD64,2.2000e-06,aislado_clinico,0
RYo20_wk46_15,RYo20,46,DU422-1_MD39v2_L14,1.5520e-05,aislado_clinico,0
RYo20_wk46_15,RYo20,46,p1981_MD39_BET1,1.9580e-06,aislado_clinico,0
RYo20_wk46_15,RYo20,46,TRO_11_MD39,2.0790e-06,aislado_clinico,0
RYo20_wk46_15,RYo20,46,0712_250_pblib001_RnS-2G_L14,1.3920e-05,aislado_clinico,0
RYo20_wk46_15,RYo20,46,0860_150_con_RnS-2G_L14,1.2820e-05,aislado_clinico,0
RYo20_wk46_15,RYo20,46,1026_120_sgaA5_RnS-2G_L14,1.0700e-05,aislado_clinico,0
RYo20_wk46_15,RYo20,46,V703-0537-RnSv2-2G_L14,7.4740e-07,aislado_clinico,1
RLf21_wk46_17,RLf21,46,N332-GT5 gp140,1.1030e-10,prime,1
RLf21_wk46_17,RLf21,46,SF162P3_MD64_B20,1.4750e-07,aislado_clinico,1
RLf21_wk46_17,RLf21,46,DU156_MD39_BET1,4.8940e-07,aislado_clinico,1
RLf21_wk46_17,RLf21,46,Q23.17_MD39_L14,1.0270e-06,aislado_clinico,0
RLf21_wk46_17,RLf21,46,SHIV_AD8_MD64,1.8100e-06,aislado_clinico,0
RLf21_wk46_17,RLf21,46,DU422-1_MD39v2_L14,1.3720e-05,aislado_clinico,0
RLf21_wk46_17,RLf21,46,p1981_MD39_BET1,5.8260e-07,aislado_clinico,1
RLf21_wk46_17,RLf21,46,TRO_11_MD39,3.8600e-06,aislado_clinico,0
RLf21_wk46_17,RLf21,46,0712_250_pblib001_RnS-2G_L14,1.3920e-05,aislado_clinico,0
RLf21_wk46_17,RLf21,46,0860_150_con_RnS-2G_L14,1.2820e-05,aislado_clinico,0
RLf21_wk46_17,RLf21,46,1026_120_sgaA5_RnS-2G_L14,1.0700e-05,aislado_clinico,0
RLf21_wk46_17,RLf21,46,V703-0537-RnSv2-2G_L14,1.1920e-06,aislado_clinico,0
RLf21_wk46_21,RLf21,46,N332-GT5 gp140,6.8550e-10,prime,1
RLf21_wk46_21,RLf21,46,SF162P3_MD64_B20,1.2400e-05,aislado_clinico,0
RLf21_wk46_21,RLf21,46,DU156_MD39_BET1,1.3640e-05,aislado_clinico,0
RLf21_wk46_21,RLf21,46,Q23.17_MD39_L14,1.4050e-05,aislado_clinico,0
RLf21_wk46_21,RLf21,46,SHIV_AD8_MD64,1.2640e-05,aislado_clinico,0
RLf21_wk46_21,RLf21,46,DU422-1_MD39v2_L14,1.5520e-05,aislado_clinico,0
RLf21_wk46_21,RLf21,46,p1981_MD39_BET1,1.2650e-05,aislado_clinico,0
RLf21_wk46_21,RLf21,46,TRO_11_MD39,1.2900e-05,aislado_clinico,0
RLf21_wk46_21,RLf21,46,0712_250_pblib001_RnS-2G_L14,1.3920e-05,aislado_clinico,0
RLf21_wk46_21,RLf21,46,0860_150_con_RnS-2G_L14,1.2820e-05,aislado_clinico,0
RLf21_wk46_21,RLf21,46,1026_120_sgaA5_RnS-2G_L14,1.0700e-05,aislado_clinico,0
RLf21_wk46_21,RLf21,46,V703-0537-RnSv2-2G_L14,1.4090e-05,aislado_clinico,0
RLf21_wk46_42,RLf21,46,N332-GT5 gp140,8.5790e-11,prime,1
RLf21_wk46_42,RLf21,46,SF162P3_MD64_B20,1.4080e-08,aislado_clinico,1
RLf21_wk46_42,RLf21,46,DU156_MD39_BET1,2.4110e-08,aislado_clinico,1
RLf21_wk46_42,RLf21,46,Q23.17_MD39_L14,2.0980e-06,aislado_clinico,0
RLf21_wk46_42,RLf21,46,SHIV_AD8_MD64,3.3100e-06,aislado_clinico,0
RLf21_wk46_42,RLf21,46,DU422-1_MD39v2_L14,1.5520e-05,aislado_clinico,0
RLf21_wk46_42,RLf21,46,p1981_MD39_BET1,6.7190e-07,aislado_clinico,1
RLf21_wk46_42,RLf21,46,TRO_11_MD39,8.3020e-07,aislado_clinico,1
RLf21_wk46_42,RLf21,46,0712_250_pblib001_RnS-2G_L14,1.3920e-05,aislado_clinico,0
RLf21_wk46_42,RLf21,46,0860_150_con_RnS-2G_L14,1.2820e-05,aislado_clinico,0
RLf21_wk46_42,RLf21,46,1026_120_sgaA5_RnS-2G_L14,1.0700e-05,aislado_clinico,0
RLf21_wk46_42,RLf21,46,V703-0537-RnSv2-2G_L14,3.4330e-07,aislado_clinico,1
RRr20_wk46_40,RRr20,46,N332-GT5 gp140,2.7930e-11,prime,1
RRr20_wk46_40,RRr20,46,SF162P3_MD64_B20,1.5280e-08,aislado_clinico,1
RRr20_wk46_40,RRr20,46,DU156_MD39_BET1,1.7350e-08,aislado_clinico,1
RRr20_wk46_40,RRr20,46,Q23.17_MD39_L14,6.8400e-07,aislado_clinico,1
RRr20_wk46_40,RRr20,46,SHIV_AD8_MD64,5.3170e-07,aislado_clinico,1
RRr20_wk46_40,RRr20,46,DU422-1_MD39v2_L14,1.5520e-05,aislado_clinico,0
RRr20_wk46_40,RRr20,46,p1981_MD39_BET1,2.2090e-07,aislado_clinico,1
RRr20_wk46_40,RRr20,46,TRO_11_MD39,2.0700e-06,aislado_clinico,0
RRr20_wk46_40,RRr20,46,0712_250_pblib001_RnS-2G_L14,1.3920e-05,aislado_clinico,0
RRr20_wk46_40,RRr20,46,0860_150_con_RnS-2G_L14,5.1500e-06,aislado_clinico,0
RRr20_wk46_40,RRr20,46,1026_120_sgaA5_RnS-2G_L14,1.0700e-05,aislado_clinico,0
RRr20_wk46_40,RRr20,46,V703-0537-RnSv2-2G_L14,6.4910e-07,aislado_clinico,1
RVz20_wk46_19,RVz20,46,N332-GT5 gp140,5.7320e-11,prime,1
RVz20_wk46_19,RVz20,46,SF162P3_MD64_B20,1.5640e-07,aislado_clinico,1
RVz20_wk46_19,RVz20,46,DU156_MD39_BET1,1.3640e-05,aislado_clinico,0
RVz20_wk46_19,RVz20,46,Q23.17_MD39_L14,1.4050e-05,aislado_clinico,0
RVz20_wk46_19,RVz20,46,SHIV_AD8_MD64,1.2640e-05,aislado_clinico,0
RVz20_wk46_19,RVz20,46,DU422-1_MD39v2_L14,1.5520e-05,aislado_clinico,0
RVz20_wk46_19,RVz20,46,p1981_MD39_BET1,8.1500e-06,aislado_clinico,0
RVz20_wk46_19,RVz20,46,TRO_11_MD39,1.2900e-05,aislado_clinico,0
RVz20_wk46_19,RVz20,46,0712_250_pblib001_RnS-2G_L14,1.3920e-05,aislado_clinico,0
RVz20_wk46_19,RVz20,46,0860_150_con_RnS-2G_L14,1.2820e-05,aislado_clinico,0
RVz20_wk46_19,RVz20,46,1026_120_sgaA5_RnS-2G_L14,1.0700e-05,aislado_clinico,0
RVz20_wk46_19,RVz20,46,V703-0537-RnSv2-2G_L14,1.4090e-05,aislado_clinico,0
REe21_wk46_28,REe21,46,N332-GT5 gp140,2.5590e-11,prime,1
REe21_wk46_28,REe21,46,SF162P3_MD64_B20,1.1600e-07,aislado_clinico,1
REe21_wk46_28,REe21,46,DU156_MD39_BET1,1.1300e-06,aislado_clinico,0
REe21_wk46_28,REe21,46,Q23.17_MD39_L14,1.4050e-05,aislado_clinico,0
REe21_wk46_28,REe21,46,SHIV_AD8_MD64,1.2640e-05,aislado_clinico,0
REe21_wk46_28,REe21,46,DU422-1_MD39v2_L14,1.5520e-05,aislado_clinico,0
REe21_wk46_28,REe21,46,p1981_MD39_BET1,4.7380e-07,aislado_clinico,1
REe21_wk46_28,REe21,46,TRO_11_MD39,4.7710e-06,aislado_clinico,0
REe21_wk46_28,REe21,46,0712_250_pblib001_RnS-2G_L14,1.3920e-05,aislado_clinico,0
REe21_wk46_28,REe21,46,0860_150_con_RnS-2G_L14,1.2820e-05,aislado_clinico,0
REe21_wk46_28,REe21,46,1026_120_sgaA5_RnS-2G_L14,1.0700e-05,aislado_clinico,0
REe21_wk46_28,REe21,46,V703-0537-RnSv2-2G_L14,1.7410e-06,aislado_clinico,0
REe21_wk46_31,REe21,46,N332-GT5 gp140,3.0980e-11,prime,1
REe21_wk46_31,REe21,46,SF162P3_MD64_B20,1.3460e-07,aislado_clinico,1
REe21_wk46_31,REe21,46,DU156_MD39_BET1,1.3330e-06,aislado_clinico,0
REe21_wk46_31,REe21,46,Q23.17_MD39_L14,1.4050e-05,aislado_clinico,0
REe21_wk46_31,REe21,46,SHIV_AD8_MD64,1.2640e-05,aislado_clinico,0
REe21_wk46_31,REe21,46,DU422-1_MD39v2_L14,1.5520e-05,aislado_clinico,0
REe21_wk46_31,REe21,46,p1981_MD39_BET1,9.0640e-07,aislado_clinico,1
REe21_wk46_31,REe21,46,TRO_11_MD39,3.4310e-06,aislado_clinico,0
REe21_wk46_31,REe21,46,0712_250_pblib001_RnS-2G_L14,1.3920e-05,aislado_clinico,0
REe21_wk46_31,REe21,46,0860_150_con_RnS-2G_L14,1.2820e-05,aislado_clinico,0
REe21_wk46_31,REe21,46,1026_120_sgaA5_RnS-2G_L14,1.0700e-05,aislado_clinico,0
REe21_wk46_31,REe21,46,V703-0537-RnSv2-2G_L14,3.1960e-06,aislado_clinico,0
REe21_wk46_32,REe21,46,N332-GT5 gp140,1.7150e-11,prime,1
REe21_wk46_32,REe21,46,SF162P3_MD64_B20,2.4040e-07,aislado_clinico,1
REe21_wk46_32,REe21,46,DU156_MD39_BET1,1.3640e-05,aislado_clinico,0
REe21_wk46_32,REe21,46,Q23.17_MD39_L14,1.4050e-05,aislado_clinico,0
REe21_wk46_32,REe21,46,SHIV_AD8_MD64,1.2640e-05,aislado_clinico,0
REe21_wk46_32,REe21,46,DU422-1_MD39v2_L14,1.5520e-05,aislado_clinico,0
REe21_wk46_32,REe21,46,p1981_MD39_BET1,7.6250e-06,aislado_clinico,0
REe21_wk46_32,REe21,46,TRO_11_MD39,1.2900e-05,aislado_clinico,0
REe21_wk46_32,REe21,46,0712_250_pblib001_RnS-2G_L14,1.3920e-05,aislado_clinico,0
REe21_wk46_32,REe21,46,0860_150_con_RnS-2G_L14,1.2820e-05,aislado_clinico,0
REe21_wk46_32,REe21,46,1026_120_sgaA5_RnS-2G_L14,1.0700e-05,aislado_clinico,0
REe21_wk46_32,REe21,46,V703-0537-RnSv2-2G_L14,1.4090e-05,aislado_clinico,0
REe21_wk46_33,REe21,46,N332-GT5 gp140,3.5690e-11,prime,1
REe21_wk46_33,REe21,46,SF162P3_MD64_B20,2.1090e-07,aislado_clinico,1
REe21_wk46_33,REe21,46,DU156_MD39_BET1,8.9750e-06,aislado_clinico,0
REe21_wk46_33,REe21,46,Q23.17_MD39_L14,1.4050e-05,aislado_clinico,0
REe21_wk46_33,REe21,46,SHIV_AD8_MD64,7.3340e-06,aislado_clinico,0
REe21_wk46_33,REe21,46,DU422-1_MD39v2_L14,1.5520e-05,aislado_clinico,0
REe21_wk46_33,REe21,46,p1981_MD39_BET1,2.2160e-06,aislado_clinico,0
REe21_wk46_33,REe21,46,TRO_11_MD39,1.2900e-05,aislado_clinico,0
REe21_wk46_33,REe21,46,0712_250_pblib001_RnS-2G_L14,1.3920e-05,aislado_clinico,0
REe21_wk46_33,REe21,46,0860_150_con_RnS-2G_L14,1.2820e-05,aislado_clinico,0
REe21_wk46_33,REe21,46,1026_120_sgaA5_RnS-2G_L14,1.0700e-05,aislado_clinico,0
REe21_wk46_33,REe21,46,V703-0537-RnSv2-2G_L14,2.6750e-06,aislado_clinico,0
REg21_wk46_25,REg21,46,N332-GT5 gp140,2.2520e-11,prime,1
REg21_wk46_25,REg21,46,SF162P3_MD64_B20,7.0260e-08,aislado_clinico,1
REg21_wk46_25,REg21,46,DU156_MD39_BET1,1.3170e-06,aislado_clinico,0
REg21_wk46_25,REg21,46,Q23.17_MD39_L14,1.4050e-05,aislado_clinico,0
REg21_wk46_25,REg21,46,SHIV_AD8_MD64,1.2640e-05,aislado_clinico,0
REg21_wk46_25,REg21,46,DU422-1_MD39v2_L14,1.5520e-05,aislado_clinico,0
REg21_wk46_25,REg21,46,p1981_MD39_BET1,7.0700e-06,aislado_clinico,0
REg21_wk46_25,REg21,46,TRO_11_MD39,1.2900e-05,aislado_clinico,0
REg21_wk46_25,REg21,46,0712_250_pblib001_RnS-2G_L14,1.3920e-05,aislado_clinico,0
REg21_wk46_25,REg21,46,0860_150_con_RnS-2G_L14,1.2820e-05,aislado_clinico,0
REg21_wk46_25,REg21,46,1026_120_sgaA5_RnS-2G_L14,1.0700e-05,aislado_clinico,0
REg21_wk46_25,REg21,46,V703-0537-RnSv2-2G_L14,4.8600e-06,aislado_clinico,0
REg21_wk46_30,REg21,46,N332-GT5 gp140,1.9730e-11,prime,1
REg21_wk46_30,REg21,46,SF162P3_MD64_B20,1.2400e-05,aislado_clinico,0
REg21_wk46_30,REg21,46,DU156_MD39_BET1,1.3640e-05,aislado_clinico,0
REg21_wk46_30,REg21,46,Q23.17_MD39_L14,1.4050e-05,aislado_clinico,0
REg21_wk46_30,REg21,46,SHIV_AD8_MD64,1.2640e-05,aislado_clinico,0
REg21_wk46_30,REg21,46,DU422-1_MD39v2_L14,1.5520e-05,aislado_clinico,0
REg21_wk46_30,REg21,46,p1981_MD39_BET1,1.2650e-05,aislado_clinico,0
REg21_wk46_30,REg21,46,TRO_11_MD39,1.2900e-05,aislado_clinico,0
REg21_wk46_30,REg21,46,0712_250_pblib001_RnS-2G_L14,1.3920e-05,aislado_clinico,0
REg21_wk46_30,REg21,46,0860_150_con_RnS-2G_L14,1.2820e-05,aislado_clinico,0
REg21_wk46_30,REg21,46,1026_120_sgaA5_RnS-2G_L14,1.0700e-05,aislado_clinico,0
REg21_wk46_30,REg21,46,V703-0537-RnSv2-2G_L14,1.4090e-05,aislado_clinico,0
REg21_wk46_34,REg21,46,N332-GT5 gp140,4.8050e-11,prime,1
REg21_wk46_34,REg21,46,SF162P3_MD64_B20,1.6470e-07,aislado_clinico,1
REg21_wk46_34,REg21,46,DU156_MD39_BET1,1.5430e-06,aislado_clinico,0
REg21_wk46_34,REg21,46,Q23.17_MD39_L14,1.4050e-05,aislado_clinico,0
REg21_wk46_34,REg21,46,SHIV_AD8_MD64,1.2640e-05,aislado_clinico,0
REg21_wk46_34,REg21,46,DU422-1_MD39v2_L14,1.5520e-05,aislado_clinico,0
REg21_wk46_34,REg21,46,p1981_MD39_BET1,7.5640e-06,aislado_clinico,0
REg21_wk46_34,REg21,46,TRO_11_MD39,1.2900e-05,aislado_clinico,0
REg21_wk46_34,REg21,46,0712_250_pblib001_RnS-2G_L14,1.3920e-05,aislado_clinico,0
REg21_wk46_34,REg21,46,0860_150_con_RnS-2G_L14,1.2820e-05,aislado_clinico,0
REg21_wk46_34,REg21,46,1026_120_sgaA5_RnS-2G_L14,1.0700e-05,aislado_clinico,0
REg21_wk46_34,REg21,46,V703-0537-RnSv2-2G_L14,2.0020e-06,aislado_clinico,0
REg21_wk46_36,REg21,46,N332-GT5 gp140,3.6600e-11,prime,1
REg21_wk46_36,REg21,46,SF162P3_MD64_B20,1.2400e-05,aislado_clinico,0
REg21_wk46_36,REg21,46,DU156_MD39_BET1,1.3640e-05,aislado_clinico,0
REg21_wk46_36,REg21,46,Q23.17_MD39_L14,1.4050e-05,aislado_clinico,0
REg21_wk46_36,REg21,46,SHIV_AD8_MD64,1.2640e-05,aislado_clinico,0
REg21_wk46_36,REg21,46,DU422-1_MD39v2_L14,1.5520e-05,aislado_clinico,0
REg21_wk46_36,REg21,46,p1981_MD39_BET1,1.2650e-05,aislado_clinico,0
REg21_wk46_36,REg21,46,TRO_11_MD39,1.2900e-05,aislado_clinico,0
REg21_wk46_36,REg21,46,0712_250_pblib001_RnS-2G_L14,1.3920e-05,aislado_clinico,0
REg21_wk46_36,REg21,46,0860_150_con_RnS-2G_L14,1.2820e-05,aislado_clinico,0
REg21_wk46_36,REg21,46,1026_120_sgaA5_RnS-2G_L14,1.0700e-05,aislado_clinico,0
REg21_wk46_36,REg21,46,V703-0537-RnSv2-2G_L14,1.4090e-05,aislado_clinico,0
RLy20_wk46_27,RLy20,46,N332-GT5 gp140,8.5650e-11,prime,1
RLy20_wk46_27,RLy20,46,SF162P3_MD64_B20,3.0330e-07,aislado_clinico,1
RLy20_wk46_27,RLy20,46,DU156_MD39_BET1,7.6800e-07,aislado_clinico,1
RLy20_wk46_27,RLy20,46,Q23.17_MD39_L14,1.4050e-05,aislado_clinico,0
RLy20_wk46_27,RLy20,46,SHIV_AD8_MD64,1.2640e-05,aislado_clinico,0
RLy20_wk46_27,RLy20,46,DU422-1_MD39v2_L14,1.5520e-05,aislado_clinico,0
RLy20_wk46_27,RLy20,46,p1981_MD39_BET1,5.9830e-06,aislado_clinico,0
RLy20_wk46_27,RLy20,46,TRO_11_MD39,6.0720e-06,aislado_clinico,0
RLy20_wk46_27,RLy20,46,0712_250_pblib001_RnS-2G_L14,1.3920e-05,aislado_clinico,0
RLy20_wk46_27,RLy20,46,0860_150_con_RnS-2G_L14,1.2820e-05,aislado_clinico,0
RLy20_wk46_27,RLy20,46,1026_120_sgaA5_RnS-2G_L14,1.0700e-05,aislado_clinico,0
RLy20_wk46_27,RLy20,46,V703-0537-RnSv2-2G_L14,1.4770e-06,aislado_clinico,0
RLy20_wk46_29,RLy20,46,N332-GT5 gp140,1.0850e-09,prime,1
RLy20_wk46_29,RLy20,46,SF162P3_MD64_B20,1.2400e-05,aislado_clinico,0
RLy20_wk46_29,RLy20,46,DU156_MD39_BET1,1.3640e-05,aislado_clinico,0
RLy20_wk46_29,RLy20,46,Q23.17_MD39_L14,1.4050e-05,aislado_clinico,0
RLy20_wk46_29,RLy20,46,SHIV_AD8_MD64,1.2640e-05,aislado_clinico,0
RLy20_wk46_29,RLy20,46,DU422-1_MD39v2_L14,1.5520e-05,aislado_clinico,0
RLy20_wk46_29,RLy20,46,p1981_MD39_BET1,1.2650e-05,aislado_clinico,0
RLy20_wk46_29,RLy20,46,TRO_11_MD39,1.2900e-05,aislado_clinico,0
RLy20_wk46_29,RLy20,46,0712_250_pblib001_RnS-2G_L14,1.3920e-05,aislado_clinico,0
RLy20_wk46_29,RLy20,46,0860_150_con_RnS-2G_L14,1.2820e-05,aislado_clinico,0
RLy20_wk46_29,RLy20,46,1026_120_sgaA5_RnS-2G_L14,1.0700e-05,aislado_clinico,0
RLy20_wk46_29,RLy20,46,V703-0537-RnSv2-2G_L14,1.4090e-05,aislado_clinico,0
RLy20_wk46_35,RLy20,46,N332-GT5 gp140,1.9040e-11,prime,1
RLy20_wk46_35,RLy20,46,SF162P3_MD64_B20,7.6710e-08,aislado_clinico,1
RLy20_wk46_35,RLy20,46,DU156_MD39_BET1,6.7930e-06,aislado_clinico,0
RLy20_wk46_35,RLy20,46,Q23.17_MD39_L14,1.4050e-05,aislado_clinico,0
RLy20_wk46_35,RLy20,46,SHIV_AD8_MD64,1.2640e-05,aislado_clinico,0
RLy20_wk46_35,RLy20,46,DU422-1_MD39v2_L14,1.5520e-05,aislado_clinico,0
RLy20_wk46_35,RLy20,46,p1981_MD39_BET1,1.2650e-05,aislado_clinico,0
RLy20_wk46_35,RLy20,46,TRO_11_MD39,1.2900e-05,aislado_clinico,0
RLy20_wk46_35,RLy20,46,0712_250_pblib001_RnS-2G_L14,1.3920e-05,aislado_clinico,0
RLy20_wk46_35,RLy20,46,0860_150_con_RnS-2G_L14,1.2820e-05,aislado_clinico,0
RLy20_wk46_35,RLy20,46,1026_120_sgaA5_RnS-2G_L14,1.0700e-05,aislado_clinico,0
RLy20_wk46_35,RLy20,46,V703-0537-RnSv2-2G_L14,3.4130e-06,aislado_clinico,0
RQd20_wk46_37,RQd20,46,N332-GT5 gp140,3.4840e-10,prime,1
RQd20_wk46_37,RQd20,46,SF162P3_MD64_B20,1.0110e-08,aislado_clinico,1
RQd20_wk46_37,RQd20,46,DU156_MD39_BET1,1.6070e-07,aislado_clinico,1
RQd20_wk46_37,RQd20,46,Q23.17_MD39_L14,2.6170e-06,aislado_clinico,0
RQd20_wk46_37,RQd20,46,SHIV_AD8_MD64,7.6040e-06,aislado_clinico,0
RQd20_wk46_37,RQd20,46,DU422-1_MD39v2_L14,1.5520e-05,aislado_clinico,0
RQd20_wk46_37,RQd20,46,p1981_MD39_BET1,9.9470e-07,aislado_clinico,1
RQd20_wk46_37,RQd20,46,TRO_11_MD39,1.2900e-05,aislado_clinico,0
RQd20_wk46_37,RQd20,46,0712_250_pblib001_RnS-2G_L14,1.3920e-05,aislado_clinico,0
RQd20_wk46_37,RQd20,46,0860_150_con_RnS-2G_L14,9.9110e-06,aislado_clinico,0
RQd20_wk46_37,RQd20,46,1026_120_sgaA5_RnS-2G_L14,1.0700e-05,aislado_clinico,0
RQd20_wk46_37,RQd20,46,V703-0537-RnSv2-2G_L14,1.7150e-06,aislado_clinico,0
RQd20_wk46_38,RQd20,46,N332-GT5 gp140,1.1970e-09,prime,1
RQd20_wk46_38,RQd20,46,SF162P3_MD64_B20,1.8750e-06,aislado_clinico,0
RQd20_wk46_38,RQd20,46,DU156_MD39_BET1,1.4690e-06,aislado_clinico,0
RQd20_wk46_38,RQd20,46,Q23.17_MD39_L14,1.4050e-05,aislado_clinico,0
RQd20_wk46_38,RQd20,46,SHIV_AD8_MD64,1.2640e-05,aislado_clinico,0
RQd20_wk46_38,RQd20,46,DU422-1_MD39v2_L14,1.5520e-05,aislado_clinico,0
RQd20_wk46_38,RQd20,46,p1981_MD39_BET1,1.0560e-05,aislado_clinico,0
RQd20_wk46_38,RQd20,46,TRO_11_MD39,1.2900e-05,aislado_clinico,0
RQd20_wk46_38,RQd20,46,0712_250_pblib001_RnS-2G_L14,1.3920e-05,aislado_clinico,0
RQd20_wk46_38,RQd20,46,0860_150_con_RnS-2G_L14,1.2820e-05,aislado_clinico,0
RQd20_wk46_38,RQd20,46,1026_120_sgaA5_RnS-2G_L14,1.0700e-05,aislado_clinico,0
RQd20_wk46_38,RQd20,46,V703-0537-RnSv2-2G_L14,1.4090e-05,aislado_clinico,0
RQd20_wk46_39,RQd20,46,N332-GT5 gp140,1.4030e-09,prime,1
RQd20_wk46_39,RQd20,46,SF162P3_MD64_B20,4.1520e-08,aislado_clinico,1
RQd20_wk46_39,RQd20,46,DU156_MD39_BET1,2.9940e-08,aislado_clinico,1
RQd20_wk46_39,RQd20,46,Q23.17_MD39_L14,1.5020e-06,aislado_clinico,0
RQd20_wk46_39,RQd20,46,SHIV_AD8_MD64,2.2520e-06,aislado_clinico,0
RQd20_wk46_39,RQd20,46,DU422-1_MD39v2_L14,1.5520e-05,aislado_clinico,0
RQd20_wk46_39,RQd20,46,p1981_MD39_BET1,4.3660e-07,aislado_clinico,1
RQd20_wk46_39,RQd20,46,TRO_11_MD39,1.2900e-05,aislado_clinico,0
RQd20_wk46_39,RQd20,46,0712_250_pblib001_RnS-2G_L14,1.3920e-05,aislado_clinico,0
RQd20_wk46_39,RQd20,46,0860_150_con_RnS-2G_L14,1.2820e-05,aislado_clinico,0
RQd20_wk46_39,RQd20,46,1026_120_sgaA5_RnS-2G_L14,1.0700e-05,aislado_clinico,0
RQd20_wk46_39,RQd20,46,V703-0537-RnSv2-2G_L14,1.5620e-06,aislado_clinico,0
RYy20_wk46_23,RYy20,46,N332-GT5 gp140,3.5310e-11,prime,1
RYy20_wk46_23,RYy20,46,SF162P3_MD64_B20,4.3290e-08,aislado_clinico,1
RYy20_wk46_23,RYy20,46,DU156_MD39_BET1,3.9140e-06,aislado_clinico,0
RYy20_wk46_23,RYy20,46,Q23.17_MD39_L14,1.4050e-05,aislado_clinico,0
RYy20_wk46_23,RYy20,46,SHIV_AD8_MD64,1.2640e-05,aislado_clinico,0
RYy20_wk46_23,RYy20,46,DU422-1_MD39v2_L14,1.5520e-05,aislado_clinico,0
RYy20_wk46_23,RYy20,46,p1981_MD39_BET1,1.2650e-05,aislado_clinico,0
RYy20_wk46_23,RYy20,46,TRO_11_MD39,1.2900e-05,aislado_clinico,0
RYy20_wk46_23,RYy20,46,0712_250_pblib001_RnS-2G_L14,1.3920e-05,aislado_clinico,0
RYy20_wk46_23,RYy20,46,0860_150_con_RnS-2G_L14,1.2820e-05,aislado_clinico,0
RYy20_wk46_23,RYy20,46,1026_120_sgaA5_RnS-2G_L14,1.0700e-05,aislado_clinico,0
RYy20_wk46_23,RYy20,46,V703-0537-RnSv2-2G_L14,1.0350e-05,aislado_clinico,0
RYy20_wk46_24,RYy20,46,N332-GT5 gp140,2.4250e-11,prime,1
RYy20_wk46_24,RYy20,46,SF162P3_MD64_B20,1.2400e-05,aislado_clinico,0
RYy20_wk46_24,RYy20,46,DU156_MD39_BET1,1.3640e-05,aislado_clinico,0
RYy20_wk46_24,RYy20,46,Q23.17_MD39_L14,1.4050e-05,aislado_clinico,0
RYy20_wk46_24,RYy20,46,SHIV_AD8_MD64,1.2640e-05,aislado_clinico,0
RYy20_wk46_24,RYy20,46,DU422-1_MD39v2_L14,1.5520e-05,aislado_clinico,0
RYy20_wk46_24,RYy20,46,p1981_MD39_BET1,1.2650e-05,aislado_clinico,0
RYy20_wk46_24,RYy20,46,TRO_11_MD39,1.2900e-05,aislado_clinico,0
RYy20_wk46_24,RYy20,46,0712_250_pblib001_RnS-2G_L14,1.3920e-05,aislado_clinico,0
RYy20_wk46_24,RYy20,46,0860_150_con_RnS-2G_L14,1.2820e-05,aislado_clinico,0
RYy20_wk46_24,RYy20,46,1026_120_sgaA5_RnS-2G_L14,1.0700e-05,aislado_clinico,0
RYy20_wk46_24,RYy20,46,V703-0537-RnSv2-2G_L14,1.4090e-05,aislado_clinico,0
RKd21_wk56_02,RKd21,56,N332-GT5 gp140,1.6280e-11,prime,1
RKd21_wk56_02,RKd21,56,SF162P3_MD64_B20,1.2040e-05,aislado_clinico,0
RKd21_wk56_02,RKd21,56,DU156_MD39_BET1,1.3010e-05,aislado_clinico,0
RKd21_wk56_02,RKd21,56,Q23.17_MD39_L14,1.0270e-05,aislado_clinico,0
RKd21_wk56_02,RKd21,56,SHIV_AD8_MD64,1.2380e-05,aislado_clinico,0
RKd21_wk56_02,RKd21,56,DU422-1_MD39v2_L14,1.2210e-05,aislado_clinico,0
RKd21_wk56_02,RKd21,56,p1981_MD39_BET1,1.3420e-05,aislado_clinico,0
RKd21_wk56_02,RKd21,56,TRO_11_MD39,1.2130e-05,aislado_clinico,0
RKd21_wk56_02,RKd21,56,0712_250_pblib001_RnS-2G_L14,1.3450e-05,aislado_clinico,0
RKd21_wk56_02,RKd21,56,0860_150_con_RnS-2G_L14,1.2730e-05,aislado_clinico,0
RKd21_wk56_02,RKd21,56,1026_120_sgaA5_RnS-2G_L14,1.0700e-05,aislado_clinico,0
RKd21_wk56_02,RKd21,56,V703-0537-RnSv2-2G_L14,1.3010e-05,aislado_clinico,0
RTd20_wk56_05,RTd20,56,N332-GT5 gp140,1.4480e-11,prime,1
RTd20_wk56_05,RTd20,56,SF162P3_MD64_B20,1.2040e-05,aislado_clinico,0
RTd20_wk56_05,RTd20,56,DU156_MD39_BET1,1.3010e-05,aislado_clinico,0
RTd20_wk56_05,RTd20,56,Q23.17_MD39_L14,1.0270e-05,aislado_clinico,0
RTd20_wk56_05,RTd20,56,SHIV_AD8_MD64,1.2380e-05,aislado_clinico,0
RTd20_wk56_05,RTd20,56,DU422-1_MD39v2_L14,1.2210e-05,aislado_clinico,0
RTd20_wk56_05,RTd20,56,p1981_MD39_BET1,1.3420e-05,aislado_clinico,0
RTd20_wk56_05,RTd20,56,TRO_11_MD39,1.2130e-05,aislado_clinico,0
RTd20_wk56_05,RTd20,56,0712_250_pblib001_RnS-2G_L14,1.3450e-05,aislado_clinico,0
RTd20_wk56_05,RTd20,56,0860_150_con_RnS-2G_L14,1.2730e-05,aislado_clinico,0
RTd20_wk56_05,RTd20,56,1026_120_sgaA5_RnS-2G_L14,1.0700e-05,aislado_clinico,0
RTd20_wk56_05,RTd20,56,V703-0537-RnSv2-2G_L14,1.3010e-05,aislado_clinico,0
RZc21_wk56_01,RZc21,56,N332-GT5 gp140,5.4630e-11,prime,1
RZc21_wk56_01,RZc21,56,SF162P3_MD64_B20,1.2040e-05,aislado_clinico,0
RZc21_wk56_01,RZc21,56,DU156_MD39_BET1,1.3010e-05,aislado_clinico,0
RZc21_wk56_01,RZc21,56,Q23.17_MD39_L14,1.0270e-05,aislado_clinico,0
RZc21_wk56_01,RZc21,56,SHIV_AD8_MD64,1.2380e-05,aislado_clinico,0
RZc21_wk56_01,RZc21,56,DU422-1_MD39v2_L14,1.2210e-05,aislado_clinico,0
RZc21_wk56_01,RZc21,56,p1981_MD39_BET1,1.3420e-05,aislado_clinico,0
RZc21_wk56_01,RZc21,56,TRO_11_MD39,1.2130e-05,aislado_clinico,0
RZc21_wk56_01,RZc21,56,0712_250_pblib001_RnS-2G_L14,1.3450e-05,aislado_clinico,0
RZc21_wk56_01,RZc21,56,0860_150_con_RnS-2G_L14,1.2730e-05,aislado_clinico,0
RZc21_wk56_01,RZc21,56,1026_120_sgaA5_RnS-2G_L14,1.0700e-05,aislado_clinico,0
RZc21_wk56_01,RZc21,56,V703-0537-RnSv2-2G_L14,1.3010e-05,aislado_clinico,0
RZc21_wk56_03,RZc21,56,N332-GT5 gp140,9.7260e-11,prime,1
RZc21_wk56_03,RZc21,56,SF162P3_MD64_B20,1.2040e-05,aislado_clinico,0
RZc21_wk56_03,RZc21,56,DU156_MD39_BET1,1.3010e-05,aislado_clinico,0
RZc21_wk56_03,RZc21,56,Q23.17_MD39_L14,1.0270e-05,aislado_clinico,0
RZc21_wk56_03,RZc21,56,SHIV_AD8_MD64,1.2380e-05,aislado_clinico,0
RZc21_wk56_03,RZc21,56,DU422-1_MD39v2_L14,1.2210e-05,aislado_clinico,0
RZc21_wk56_03,RZc21,56,p1981_MD39_BET1,1.3420e-05,aislado_clinico,0
RZc21_wk56_03,RZc21,56,TRO_11_MD39,1.2130e-05,aislado_clinico,0
RZc21_wk56_03,RZc21,56,0712_250_pblib001_RnS-2G_L14,1.3450e-05,aislado_clinico,0
RZc21_wk56_03,RZc21,56,0860_150_con_RnS-2G_L14,1.2730e-05,aislado_clinico,0
RZc21_wk56_03,RZc21,56,1026_120_sgaA5_RnS-2G_L14,1.0700e-05,aislado_clinico,0
RZc21_wk56_03,RZc21,56,V703-0537-RnSv2-2G_L14,1.3010e-05,aislado_clinico,0
RZc21_wk56_04,RZc21,56,N332-GT5 gp140,6.5140e-12,prime,1
RZc21_wk56_04,RZc21,56,SF162P3_MD64_B20,1.2040e-05,aislado_clinico,0
RZc21_wk56_04,RZc21,56,DU156_MD39_BET1,1.3010e-05,aislado_clinico,0
RZc21_wk56_04,RZc21,56,Q23.17_MD39_L14,1.0270e-05,aislado_clinico,0
RZc21_wk56_04,RZc21,56,SHIV_AD8_MD64,1.2380e-05,aislado_clinico,0
RZc21_wk56_04,RZc21,56,DU422-1_MD39v2_L14,1.2210e-05,aislado_clinico,0
RZc21_wk56_04,RZc21,56,p1981_MD39_BET1,1.3420e-05,aislado_clinico,0
RZc21_wk56_04,RZc21,56,TRO_11_MD39,1.2130e-05,aislado_clinico,0
RZc21_wk56_04,RZc21,56,0712_250_pblib001_RnS-2G_L14,1.3450e-05,aislado_clinico,0
RZc21_wk56_04,RZc21,56,0860_150_con_RnS-2G_L14,1.2730e-05,aislado_clinico,0
RZc21_wk56_04,RZc21,56,1026_120_sgaA5_RnS-2G_L14,1.0700e-05,aislado_clinico,0
RZc21_wk56_04,RZc21,56,V703-0537-RnSv2-2G_L14,1.3010e-05,aislado_clinico,0
RZc21_wk56_06,RZc21,56,N332-GT5 gp140,2.3840e-11,prime,1
RZc21_wk56_06,RZc21,56,SF162P3_MD64_B20,1.2040e-05,aislado_clinico,0
RZc21_wk56_06,RZc21,56,DU156_MD39_BET1,1.3010e-05,aislado_clinico,0
RZc21_wk56_06,RZc21,56,Q23.17_MD39_L14,1.0270e-05,aislado_clinico,0
RZc21_wk56_06,RZc21,56,SHIV_AD8_MD64,1.2380e-05,aislado_clinico,0
RZc21_wk56_06,RZc21,56,DU422-1_MD39v2_L14,1.2210e-05,aislado_clinico,0
RZc21_wk56_06,RZc21,56,p1981_MD39_BET1,1.3420e-05,aislado_clinico,0
RZc21_wk56_06,RZc21,56,TRO_11_MD39,1.2130e-05,aislado_clinico,0
RZc21_wk56_06,RZc21,56,0712_250_pblib001_RnS-2G_L14,1.3450e-05,aislado_clinico,0
RZc21_wk56_06,RZc21,56,0860_150_con_RnS-2G_L14,1.2730e-05,aislado_clinico,0
RZc21_wk56_06,RZc21,56,1026_120_sgaA5_RnS-2G_L14,1.0700e-05,aislado_clinico,0
RZc21_wk56_06,RZc21,56,V703-0537-RnSv2-2G_L14,1.3010e-05,aislado_clinico,0
RDj20_w56_03,RDj20,,N332-GT5 gp140,5.2600e-12,prime,1
RDj20_w56_03,RDj20,,SF162P3_MD64_B20,1.2040e-05,aislado_clinico,0
RDj20_w56_03,RDj20,,DU156_MD39_BET1,1.3010e-05,aislado_clinico,0
RDj20_w56_03,RDj20,,Q23.17_MD39_L14,1.0270e-05,aislado_clinico,0
RDj20_w56_03,RDj20,,SHIV_AD8_MD64,1.2380e-05,aislado_clinico,0
RDj20_w56_03,RDj20,,DU422-1_MD39v2_L14,1.2210e-05,aislado_clinico,0
RDj20_w56_03,RDj20,,p1981_MD39_BET1,1.3420e-05,aislado_clinico,0
RDj20_w56_03,RDj20,,TRO_11_MD39,1.2130e-05,aislado_clinico,0
RDj20_w56_03,RDj20,,0712_250_pblib001_RnS-2G_L14,1.3450e-05,aislado_clinico,0
RDj20_w56_03,RDj20,,0860_150_con_RnS-2G_L14,1.2730e-05,aislado_clinico,0
RDj20_w56_03,RDj20,,1026_120_sgaA5_RnS-2G_L14,1.0700e-05,aislado_clinico,0
RDj20_w56_03,RDj20,,V703-0537-RnSv2-2G_L14,1.3010e-05,aislado_clinico,0
RDj20_w56_07,RDj20,,N332-GT5 gp140,6.2940e-12,prime,1
RDj20_w56_07,RDj20,,SF162P3_MD64_B20,1.2040e-05,aislado_clinico,0
RDj20_w56_07,RDj20,,DU156_MD39_BET1,1.3010e-05,aislado_clinico,0
RDj20_w56_07,RDj20,,Q23.17_MD39_L14,1.0270e-05,aislado_clinico,0
RDj20_w56_07,RDj20,,SHIV_AD8_MD64,1.2380e-05,aislado_clinico,0
RDj20_w56_07,RDj20,,DU422-1_MD39v2_L14,1.2210e-05,aislado_clinico,0
RDj20_w56_07,RDj20,,p1981_MD39_BET1,1.3420e-05,aislado_clinico,0
RDj20_w56_07,RDj20,,TRO_11_MD39,1.2130e-05,aislado_clinico,0
RDj20_w56_07,RDj20,,0712_250_pblib001_RnS-2G_L14,1.3450e-05,aislado_clinico,0
RDj20_w56_07,RDj20,,0860_150_con_RnS-2G_L14,1.2730e-05,aislado_clinico,0
RDj20_w56_07,RDj20,,1026_120_sgaA5_RnS-2G_L14,1.0700e-05,aislado_clinico,0
RDj20_w56_07,RDj20,,V703-0537-RnSv2-2G_L14,1.3010e-05,aislado_clinico,0
RFe21_w56_02,RFe21,,N332-GT5 gp140,7.0220e-12,prime,1
RFe21_w56_02,RFe21,,SF162P3_MD64_B20,1.2040e-05,aislado_clinico,0
RFe21_w56_02,RFe21,,DU156_MD39_BET1,1.3010e-05,aislado_clinico,0
RFe21_w56_02,RFe21,,Q23.17_MD39_L14,1.0270e-05,aislado_clinico,0
RFe21_w56_02,RFe21,,SHIV_AD8_MD64,1.2380e-05,aislado_clinico,0
RFe21_w56_02,RFe21,,DU422-1_MD39v2_L14,1.2210e-05,aislado_clinico,0
RFe21_w56_02,RFe21,,p1981_MD39_BET1,1.3420e-05,aislado_clinico,0
RFe21_w56_02,RFe21,,TRO_11_MD39,1.2130e-05,aislado_clinico,0
RFe21_w56_02,RFe21,,0712_250_pblib001_RnS-2G_L14,1.3450e-05,aislado_clinico,0
RFe21_w56_02,RFe21,,0860_150_con_RnS-2G_L14,1.2730e-05,aislado_clinico,0
RFe21_w56_02,RFe21,,1026_120_sgaA5_RnS-2G_L14,1.0700e-05,aislado_clinico,0
RFe21_w56_02,RFe21,,V703-0537-RnSv2-2G_L14,1.3010e-05,aislado_clinico,0
RLz20_w56_04,RLz20,,N332-GT5 gp140,1.7380e-11,prime,1
RLz20_w56_04,RLz20,,SF162P3_MD64_B20,1.2040e-05,aislado_clinico,0
RLz20_w56_04,RLz20,,DU156_MD39_BET1,1.3010e-05,aislado_clinico,0
RLz20_w56_04,RLz20,,Q23.17_MD39_L14,1.0270e-05,aislado_clinico,0
RLz20_w56_04,RLz20,,SHIV_AD8_MD64,1.2380e-05,aislado_clinico,0
RLz20_w56_04,RLz20,,DU422-1_MD39v2_L14,1.2210e-05,aislado_clinico,0
RLz20_w56_04,RLz20,,p1981_MD39_BET1,1.3420e-05,aislado_clinico,0
RLz20_w56_04,RLz20,,TRO_11_MD39,1.2130e-05,aislado_clinico,0
RLz20_w56_04,RLz20,,0712_250_pblib001_RnS-2G_L14,1.3450e-05,aislado_clinico,0
RLz20_w56_04,RLz20,,0860_150_con_RnS-2G_L14,1.2730e-05,aislado_clinico,0
RLz20_w56_04,RLz20,,1026_120_sgaA5_RnS-2G_L14,1.0700e-05,aislado_clinico,0
RLz20_w56_04,RLz20,,V703-0537-RnSv2-2G_L14,1.3010e-05,aislado_clinico,0
RTd20_w56_06,RTd20,,N332-GT5 gp140,4.9110e-12,prime,1
RTd20_w56_06,RTd20,,SF162P3_MD64_B20,1.2040e-05,aislado_clinico,0
RTd20_w56_06,RTd20,,DU156_MD39_BET1,1.3010e-05,aislado_clinico,0
RTd20_w56_06,RTd20,,Q23.17_MD39_L14,1.0270e-05,aislado_clinico,0
RTd20_w56_06,RTd20,,SHIV_AD8_MD64,1.2380e-05,aislado_clinico,0
RTd20_w56_06,RTd20,,DU422-1_MD39v2_L14,1.2210e-05,aislado_clinico,0
RTd20_w56_06,RTd20,,p1981_MD39_BET1,1.3420e-05,aislado_clinico,0
RTd20_w56_06,RTd20,,TRO_11_MD39,1.2130e-05,aislado_clinico,0
RTd20_w56_06,RTd20,,0712_250_pblib001_RnS-2G_L14,1.3450e-05,aislado_clinico,0
RTd20_w56_06,RTd20,,0860_150_con_RnS-2G_L14,1.2730e-05,aislado_clinico,0
RTd20_w56_06,RTd20,,1026_120_sgaA5_RnS-2G_L14,1.0700e-05,aislado_clinico,0
RTd20_w56_06,RTd20,,V703-0537-RnSv2-2G_L14,1.3010e-05,aislado_clinico,0
RZc21_w56_01,RZc21,,N332-GT5 gp140,5.9780e-12,prime,1
RZc21_w56_01,RZc21,,SF162P3_MD64_B20,6.7400e-07,aislado_clinico,1
RZc21_w56_01,RZc21,,DU156_MD39_BET1,4.0610e-06,aislado_clinico,0
RZc21_w56_01,RZc21,,Q23.17_MD39_L14,1.0270e-05,aislado_clinico,0
RZc21_w56_01,RZc21,,SHIV_AD8_MD64,1.2380e-05,aislado_clinico,0
RZc21_w56_01,RZc21,,DU422-1_MD39v2_L14,1.2210e-05,aislado_clinico,0
RZc21_w56_01,RZc21,,p1981_MD39_BET1,3.5970e-05,aislado_clinico,0
RZc21_w56_01,RZc21,,TRO_11_MD39,1.2130e-05,aislado_clinico,0
RZc21_w56_01,RZc21,,0712_250_pblib001_RnS-2G_L14,1.3450e-05,aislado_clinico,0
RZc21_w56_01,RZc21,,0860_150_con_RnS-2G_L14,1.2730e-05,aislado_clinico,0
RZc21_w56_01,RZc21,,1026_120_sgaA5_RnS-2G_L14,1.0700e-05,aislado_clinico,0
RZc21_w56_01,RZc21,,V703-0537-RnSv2-2G_L14,4.4310e-06,aislado_clinico,0
RZc21_w56_05,RZc21,,N332-GT5 gp140,6.9830e-12,prime,1
RZc21_w56_05,RZc21,,SF162P3_MD64_B20,3.6760e-07,aislado_clinico,1
RZc21_w56_05,RZc21,,DU156_MD39_BET1,2.3860e-06,aislado_clinico,0
RZc21_w56_05,RZc21,,Q23.17_MD39_L14,1.0270e-05,aislado_clinico,0
RZc21_w56_05,RZc21,,SHIV_AD8_MD64,1.2380e-05,aislado_clinico,0
RZc21_w56_05,RZc21,,DU422-1_MD39v2_L14,1.2210e-05,aislado_clinico,0
RZc21_w56_05,RZc21,,p1981_MD39_BET1,8.7890e-06,aislado_clinico,0
RZc21_w56_05,RZc21,,TRO_11_MD39,6.3560e-06,aislado_clinico,0
RZc21_w56_05,RZc21,,0712_250_pblib001_RnS-2G_L14,1.3450e-05,aislado_clinico,0
RZc21_w56_05,RZc21,,0860_150_con_RnS-2G_L14,1.2730e-05,aislado_clinico,0
RZc21_w56_05,RZc21,,1026_120_sgaA5_RnS-2G_L14,1.0700e-05,aislado_clinico,0
RZc21_w56_05,RZc21,,V703-0537-RnSv2-2G_L14,8.5050e-07,aislado_clinico,1
RIs20_wk56_30,RIs20,56,N332-GT5 gp140,2.4880e-11,prime,1
RIs20_wk56_30,RIs20,56,SF162P3_MD64_B20,2.8780e-09,aislado_clinico,1
RIs20_wk56_30,RIs20,56,DU156_MD39_BET1,2.1680e-06,aislado_clinico,0
RIs20_wk56_30,RIs20,56,Q23.17_MD39_L14,1.0270e-05,aislado_clinico,0
RIs20_wk56_30,RIs20,56,SHIV_AD8_MD64,1.2380e-05,aislado_clinico,0
RIs20_wk56_30,RIs20,56,DU422-1_MD39v2_L14,1.2210e-05,aislado_clinico,0
RIs20_wk56_30,RIs20,56,p1981_MD39_BET1,1.3420e-05,aislado_clinico,0
RIs20_wk56_30,RIs20,56,TRO_11_MD39,1.2130e-05,aislado_clinico,0
RIs20_wk56_30,RIs20,56,0712_250_pblib001_RnS-2G_L14,1.3450e-05,aislado_clinico,0
RIs20_wk56_30,RIs20,56,0860_150_con_RnS-2G_L14,1.2730e-05,aislado_clinico,0
RIs20_wk56_30,RIs20,56,1026_120_sgaA5_RnS-2G_L14,1.0700e-05,aislado_clinico,0
RIs20_wk56_30,RIs20,56,V703-0537-RnSv2-2G_L14,1.3010e-05,aislado_clinico,0
RSz19_wk56_27,RSz19,56,N332-GT5 gp140,3.1740e-11,prime,1
RSz19_wk56_27,RSz19,56,SF162P3_MD64_B20,2.0370e-09,aislado_clinico,1
RSz19_wk56_27,RSz19,56,DU156_MD39_BET1,1.1980e-08,aislado_clinico,1
RSz19_wk56_27,RSz19,56,Q23.17_MD39_L14,3.3700e-07,aislado_clinico,1
RSz19_wk56_27,RSz19,56,SHIV_AD8_MD64,9.6940e-08,aislado_clinico,1
RSz19_wk56_27,RSz19,56,DU422-1_MD39v2_L14,7.6860e-06,aislado_clinico,0
RSz19_wk56_27,RSz19,56,p1981_MD39_BET1,6.6220e-08,aislado_clinico,1
RSz19_wk56_27,RSz19,56,TRO_11_MD39,2.0610e-07,aislado_clinico,1
RSz19_wk56_27,RSz19,56,0712_250_pblib001_RnS-2G_L14,1.3450e-05,aislado_clinico,0
RSz19_wk56_27,RSz19,56,0860_150_con_RnS-2G_L14,2.2390e-06,aislado_clinico,0
RSz19_wk56_27,RSz19,56,1026_120_sgaA5_RnS-2G_L14,1.0700e-05,aislado_clinico,0
RSz19_wk56_27,RSz19,56,V703-0537-RnSv2-2G_L14,1.2630e-07,aislado_clinico,1
RSz19_wk56_28,RSz19,56,N332-GT5 gp140,2.8890e-11,prime,1
RSz19_wk56_28,RSz19,56,SF162P3_MD64_B20,1.8270e-09,aislado_clinico,1
RSz19_wk56_28,RSz19,56,DU156_MD39_BET1,1.0250e-08,aislado_clinico,1
RSz19_wk56_28,RSz19,56,Q23.17_MD39_L14,2.4900e-07,aislado_clinico,1
RSz19_wk56_28,RSz19,56,SHIV_AD8_MD64,2.3200e-08,aislado_clinico,1
RSz19_wk56_28,RSz19,56,DU422-1_MD39v2_L14,4.9930e-06,aislado_clinico,0
RSz19_wk56_28,RSz19,56,p1981_MD39_BET1,4.5290e-08,aislado_clinico,1
RSz19_wk56_28,RSz19,56,TRO_11_MD39,1.8370e-07,aislado_clinico,1
RSz19_wk56_28,RSz19,56,0712_250_pblib001_RnS-2G_L14,1.3450e-05,aislado_clinico,0
RSz19_wk56_28,RSz19,56,0860_150_con_RnS-2G_L14,1.2730e-05,aislado_clinico,0
RSz19_wk56_28,RSz19,56,1026_120_sgaA5_RnS-2G_L14,1.0700e-05,aislado_clinico,0
RSz19_wk56_28,RSz19,56,V703-0537-RnSv2-2G_L14,9.6450e-08,aislado_clinico,1
RSz19_wk56_29,RSz19,56,N332-GT5 gp140,5.9130e-12,prime,1
RSz19_wk56_29,RSz19,56,SF162P3_MD64_B20,1.3570e-09,aislado_clinico,1
RSz19_wk56_29,RSz19,56,DU156_MD39_BET1,1.5230e-08,aislado_clinico,1
RSz19_wk56_29,RSz19,56,Q23.17_MD39_L14,2.7000e-07,aislado_clinico,1
RSz19_wk56_29,RSz19,56,SHIV_AD8_MD64,4.6050e-07,aislado_clinico,1
RSz19_wk56_29,RSz19,56,DU422-1_MD39v2_L14,1.2210e-05,aislado_clinico,0
RSz19_wk56_29,RSz19,56,p1981_MD39_BET1,1.8920e-07,aislado_clinico,1
RSz19_wk56_29,RSz19,56,TRO_11_MD39,1.3080e-07,aislado_clinico,1
RSz19_wk56_29,RSz19,56,0712_250_pblib001_RnS-2G_L14,1.3450e-05,aislado_clinico,0
RSz19_wk56_29,RSz19,56,0860_150_con_RnS-2G_L14,4.2360e-06,aislado_clinico,0
RSz19_wk56_29,RSz19,56,1026_120_sgaA5_RnS-2G_L14,2.2590e-06,aislado_clinico,0
RSz19_wk56_29,RSz19,56,V703-0537-RnSv2-2G_L14,7.1760e-08,aislado_clinico,1
RSz19_wk56_31,RSz19,56,N332-GT5 gp140,9.8580e-11,prime,1
RSz19_wk56_31,RSz19,56,SF162P3_MD64_B20,4.2480e-09,aislado_clinico,1
RSz19_wk56_31,RSz19,56,DU156_MD39_BET1,1.1180e-08,aislado_clinico,1
RSz19_wk56_31,RSz19,56,Q23.17_MD39_L14,4.2150e-07,aislado_clinico,1
RSz19_wk56_31,RSz19,56,SHIV_AD8_MD64,1.1740e-07,aislado_clinico,1
RSz19_wk56_31,RSz19,56,DU422-1_MD39v2_L14,6.7780e-06,aislado_clinico,0
RSz19_wk56_31,RSz19,56,p1981_MD39_BET1,1.0790e-07,aislado_clinico,1
RSz19_wk56_31,RSz19,56,TRO_11_MD39,1.5680e-07,aislado_clinico,1
RSz19_wk56_31,RSz19,56,0712_250_pblib001_RnS-2G_L14,1.3450e-05,aislado_clinico,0
RSz19_wk56_31,RSz19,56,0860_150_con_RnS-2G_L14,1.2730e-05,aislado_clinico,0
RSz19_wk56_31,RSz19,56,1026_120_sgaA5_RnS-2G_L14,1.0700e-05,aislado_clinico,0
RSz19_wk56_31,RSz19,56,V703-0537-RnSv2-2G_L14,9.2180e-08,aislado_clinico,1
RTq20_wk56_13,RTq20,56,N332-GT5 gp140,9.2760e-10,prime,1
RTq20_wk56_13,RTq20,56,SF162P3_MD64_B20,5.1690e-09,aislado_clinico,1
RTq20_wk56_13,RTq20,56,DU156_MD39_BET1,5.4290e-07,aislado_clinico,1
RTq20_wk56_13,RTq20,56,Q23.17_MD39_L14,1.0270e-05,aislado_clinico,0
RTq20_wk56_13,RTq20,56,SHIV_AD8_MD64,1.2380e-05,aislado_clinico,0
RTq20_wk56_13,RTq20,56,DU422-1_MD39v2_L14,1.2210e-05,aislado_clinico,0
RTq20_wk56_13,RTq20,56,p1981_MD39_BET1,1.3420e-05,aislado_clinico,0
RTq20_wk56_13,RTq20,56,TRO_11_MD39,1.2130e-05,aislado_clinico,0
RTq20_wk56_13,RTq20,56,0712_250_pblib001_RnS-2G_L14,1.3450e-05,aislado_clinico,0
RTq20_wk56_13,RTq20,56,0860_150_con_RnS-2G_L14,1.2730e-05,aislado_clinico,0
RTq20_wk56_13,RTq20,56,1026_120_sgaA5_RnS-2G_L14,1.0700e-05,aislado_clinico,0
RTq20_wk56_13,RTq20,56,V703-0537-RnSv2-2G_L14,1.3010e-05,aislado_clinico,0
RTq20_wk56_32,RTq20,56,N332-GT5 gp140,2.4600e-10,prime,1
RTq20_wk56_32,RTq20,56,SF162P3_MD64_B20,1.7410e-08,aislado_clinico,1
RTq20_wk56_32,RTq20,56,DU156_MD39_BET1,3.4870e-07,aislado_clinico,1
RTq20_wk56_32,RTq20,56,Q23.17_MD39_L14,1.0270e-05,aislado_clinico,0
RTq20_wk56_32,RTq20,56,SHIV_AD8_MD64,1.2380e-05,aislado_clinico,0
RTq20_wk56_32,RTq20,56,DU422-1_MD39v2_L14,1.2210e-05,aislado_clinico,0
RTq20_wk56_32,RTq20,56,p1981_MD39_BET1,1.3420e-05,aislado_clinico,0
RTq20_wk56_32,RTq20,56,TRO_11_MD39,1.2130e-05,aislado_clinico,0
RTq20_wk56_32,RTq20,56,0712_250_pblib001_RnS-2G_L14,1.3450e-05,aislado_clinico,0
RTq20_wk56_32,RTq20,56,0860_150_con_RnS-2G_L14,1.2730e-05,aislado_clinico,0
RTq20_wk56_32,RTq20,56,1026_120_sgaA5_RnS-2G_L14,1.0700e-05,aislado_clinico,0
RTq20_wk56_32,RTq20,56,V703-0537-RnSv2-2G_L14,1.3010e-05,aislado_clinico,0
RYo20_wk56_07,RYo20,56,N332-GT5 gp140,1.3610e-11,prime,1
RYo20_wk56_07,RYo20,56,SF162P3_MD64_B20,7.7120e-08,aislado_clinico,1
RYo20_wk56_07,RYo20,56,DU156_MD39_BET1,5.6830e-07,aislado_clinico,1
RYo20_wk56_07,RYo20,56,Q23.17_MD39_L14,3.9960e-06,aislado_clinico,0
RYo20_wk56_07,RYo20,56,SHIV_AD8_MD64,2.2290e-06,aislado_clinico,0
RYo20_wk56_07,RYo20,56,DU422-1_MD39v2_L14,1.2210e-05,aislado_clinico,0
RYo20_wk56_07,RYo20,56,p1981_MD39_BET1,1.7390e-06,aislado_clinico,0
RYo20_wk56_07,RYo20,56,TRO_11_MD39,2.1290e-06,aislado_clinico,0
RYo20_wk56_07,RYo20,56,0712_250_pblib001_RnS-2G_L14,1.3450e-05,aislado_clinico,0
RYo20_wk56_07,RYo20,56,0860_150_con_RnS-2G_L14,1.2730e-05,aislado_clinico,0
RYo20_wk56_07,RYo20,56,1026_120_sgaA5_RnS-2G_L14,1.0700e-05,aislado_clinico,0
RYo20_wk56_07,RYo20,56,V703-0537-RnSv2-2G_L14,4.3510e-07,aislado_clinico,1
RYo20_wk56_08,RYo20,56,N332-GT5 gp140,1.8480e-11,prime,1
RYo20_wk56_08,RYo20,56,SF162P3_MD64_B20,9.5720e-08,aislado_clinico,1
RYo20_wk56_08,RYo20,56,DU156_MD39_BET1,3.9010e-07,aislado_clinico,1
RYo20_wk56_08,RYo20,56,Q23.17_MD39_L14,3.9990e-06,aislado_clinico,0
RYo20_wk56_08,RYo20,56,SHIV_AD8_MD64,1.8320e-06,aislado_clinico,0
RYo20_wk56_08,RYo20,56,DU422-1_MD39v2_L14,1.2210e-05,aislado_clinico,0
RYo20_wk56_08,RYo20,56,p1981_MD39_BET1,1.2960e-06,aislado_clinico,0
RYo20_wk56_08,RYo20,56,TRO_11_MD39,2.4010e-06,aislado_clinico,0
RYo20_wk56_08,RYo20,56,0712_250_pblib001_RnS-2G_L14,1.3450e-05,aislado_clinico,0
RYo20_wk56_08,RYo20,56,0860_150_con_RnS-2G_L14,1.2730e-05,aislado_clinico,0
RYo20_wk56_08,RYo20,56,1026_120_sgaA5_RnS-2G_L14,1.0700e-05,aislado_clinico,0
RYo20_wk56_08,RYo20,56,V703-0537-RnSv2-2G_L14,2.0550e-06,aislado_clinico,0
RYo20_wk56_09,RYo20,56,N332-GT5 gp140,2.3420e-11,prime,1
RYo20_wk56_09,RYo20,56,SF162P3_MD64_B20,1.7830e-07,aislado_clinico,1
RYo20_wk56_09,RYo20,56,DU156_MD39_BET1,5.4610e-07,aislado_clinico,1
RYo20_wk56_09,RYo20,56,Q23.17_MD39_L14,4.0760e-06,aislado_clinico,0
RYo20_wk56_09,RYo20,56,SHIV_AD8_MD64,2.0930e-06,aislado_clinico,0
RYo20_wk56_09,RYo20,56,DU422-1_MD39v2_L14,1.2210e-05,aislado_clinico,0
RYo20_wk56_09,RYo20,56,p1981_MD39_BET1,1.7210e-06,aislado_clinico,0
RYo20_wk56_09,RYo20,56,TRO_11_MD39,2.3150e-06,aislado_clinico,0
RYo20_wk56_09,RYo20,56,0712_250_pblib001_RnS-2G_L14,1.3450e-05,aislado_clinico,0
RYo20_wk56_09,RYo20,56,0860_150_con_RnS-2G_L14,1.2730e-05,aislado_clinico,0
RYo20_wk56_09,RYo20,56,1026_120_sgaA5_RnS-2G_L14,1.0700e-05,aislado_clinico,0
RYo20_wk56_09,RYo20,56,V703-0537-RnSv2-2G_L14,1.0120e-06,aislado_clinico,0
RYo20_wk56_10,RYo20,56,N332-GT5 gp140,2.0330e-11,prime,1
RYo20_wk56_10,RYo20,56,SF162P3_MD64_B20,1.4730e-07,aislado_clinico,1
RYo20_wk56_10,RYo20,56,DU156_MD39_BET1,1.4710e-07,aislado_clinico,1
RYo20_wk56_10,RYo20,56,Q23.17_MD39_L14,1.7920e-06,aislado_clinico,0
RYo20_wk56_10,RYo20,56,SHIV_AD8_MD64,1.1620e-06,aislado_clinico,0
RYo20_wk56_10,RYo20,56,DU422-1_MD39v2_L14,7.3920e-06,aislado_clinico,0
RYo20_wk56_10,RYo20,56,p1981_MD39_BET1,5.6540e-07,aislado_clinico,1
RYo20_wk56_10,RYo20,56,TRO_11_MD39,8.3590e-07,aislado_clinico,1
RYo20_wk56_10,RYo20,56,0712_250_pblib001_RnS-2G_L14,1.3450e-05,aislado_clinico,0
RYo20_wk56_10,RYo20,56,0860_150_con_RnS-2G_L14,1.2730e-05,aislado_clinico,0
RYo20_wk56_10,RYo20,56,1026_120_sgaA5_RnS-2G_L14,1.0700e-05,aislado_clinico,0
RYo20_wk56_10,RYo20,56,V703-0537-RnSv2-2G_L14,4.9040e-07,aislado_clinico,1
RYo20_wk56_12,RYo20,56,N332-GT5 gp140,1.9900e-11,prime,1
RYo20_wk56_12,RYo20,56,SF162P3_MD64_B20,2.8240e-07,aislado_clinico,1
RYo20_wk56_12,RYo20,56,DU156_MD39_BET1,1.1060e-06,aislado_clinico,0
RYo20_wk56_12,RYo20,56,Q23.17_MD39_L14,5.9110e-06,aislado_clinico,0
RYo20_wk56_12,RYo20,56,SHIV_AD8_MD64,3.1100e-06,aislado_clinico,0
RYo20_wk56_12,RYo20,56,DU422-1_MD39v2_L14,1.2210e-05,aislado_clinico,0
RYo20_wk56_12,RYo20,56,p1981_MD39_BET1,4.0680e-06,aislado_clinico,0
RYo20_wk56_12,RYo20,56,TRO_11_MD39,3.5520e-06,aislado_clinico,0
RYo20_wk56_12,RYo20,56,0712_250_pblib001_RnS-2G_L14,1.3450e-05,aislado_clinico,0
RYo20_wk56_12,RYo20,56,0860_150_con_RnS-2G_L14,1.2730e-05,aislado_clinico,0
RYo20_wk56_12,RYo20,56,1026_120_sgaA5_RnS-2G_L14,1.0700e-05,aislado_clinico,0
RYo20_wk56_12,RYo20,56,V703-0537-RnSv2-2G_L14,2.5400e-06,aislado_clinico,0
RYo20_wk56_14,RYo20,56,N332-GT5 gp140,3.2130e-11,prime,1
RYo20_wk56_14,RYo20,56,SF162P3_MD64_B20,2.1620e-07,aislado_clinico,1
RYo20_wk56_14,RYo20,56,DU156_MD39_BET1,8.0460e-07,aislado_clinico,1
RYo20_wk56_14,RYo20,56,Q23.17_MD39_L14,3.6880e-06,aislado_clinico,0
RYo20_wk56_14,RYo20,56,SHIV_AD8_MD64,2.7590e-06,aislado_clinico,0
RYo20_wk56_14,RYo20,56,DU422-1_MD39v2_L14,1.2210e-05,aislado_clinico,0
RYo20_wk56_14,RYo20,56,p1981_MD39_BET1,1.8600e-06,aislado_clinico,0
RYo20_wk56_14,RYo20,56,TRO_11_MD39,3.5590e-06,aislado_clinico,0
RYo20_wk56_14,RYo20,56,0712_250_pblib001_RnS-2G_L14,1.3450e-05,aislado_clinico,0
RYo20_wk56_14,RYo20,56,0860_150_con_RnS-2G_L14,1.2730e-05,aislado_clinico,0
RYo20_wk56_14,RYo20,56,1026_120_sgaA5_RnS-2G_L14,1.0700e-05,aislado_clinico,0
RYo20_wk56_14,RYo20,56,V703-0537-RnSv2-2G_L14,1.7350e-06,aislado_clinico,0
RYo20_wk56_15,RYo20,56,N332-GT5 gp140,3.6090e-11,prime,1
RYo20_wk56_15,RYo20,56,SF162P3_MD64_B20,1.7600e-07,aislado_clinico,1
RYo20_wk56_15,RYo20,56,DU156_MD39_BET1,2.6650e-07,aislado_clinico,1
RYo20_wk56_15,RYo20,56,Q23.17_MD39_L14,1.6980e-06,aislado_clinico,0
RYo20_wk56_15,RYo20,56,SHIV_AD8_MD64,1.3320e-06,aislado_clinico,0
RYo20_wk56_15,RYo20,56,DU422-1_MD39v2_L14,1.2210e-05,aislado_clinico,0
RYo20_wk56_15,RYo20,56,p1981_MD39_BET1,8.8200e-07,aislado_clinico,1
RYo20_wk56_15,RYo20,56,TRO_11_MD39,1.0430e-06,aislado_clinico,0
RYo20_wk56_15,RYo20,56,0712_250_pblib001_RnS-2G_L14,1.3450e-05,aislado_clinico,0
RYo20_wk56_15,RYo20,56,0860_150_con_RnS-2G_L14,1.2730e-05,aislado_clinico,0
RYo20_wk56_15,RYo20,56,1026_120_sgaA5_RnS-2G_L14,1.0700e-05,aislado_clinico,0
RYo20_wk56_15,RYo20,56,V703-0537-RnSv2-2G_L14,6.7170e-07,aislado_clinico,1
RYo20_wk56_17,RYo20,56,N332-GT5 gp140,6.1190e-12,prime,1
RYo20_wk56_17,RYo20,56,SF162P3_MD64_B20,2.2350e-08,aislado_clinico,1
RYo20_wk56_17,RYo20,56,DU156_MD39_BET1,3.8050e-06,aislado_clinico,0
RYo20_wk56_17,RYo20,56,Q23.17_MD39_L14,3.7120e-06,aislado_clinico,0
RYo20_wk56_17,RYo20,56,SHIV_AD8_MD64,3.9090e-06,aislado_clinico,0
RYo20_wk56_17,RYo20,56,DU422-1_MD39v2_L14,1.2210e-05,aislado_clinico,0
RYo20_wk56_17,RYo20,56,p1981_MD39_BET1,1.1890e-06,aislado_clinico,0
RYo20_wk56_17,RYo20,56,TRO_11_MD39,1.6910e-06,aislado_clinico,0
RYo20_wk56_17,RYo20,56,0712_250_pblib001_RnS-2G_L14,1.3450e-05,aislado_clinico,0
RYo20_wk56_17,RYo20,56,0860_150_con_RnS-2G_L14,1.2730e-05,aislado_clinico,0
RYo20_wk56_17,RYo20,56,1026_120_sgaA5_RnS-2G_L14,1.0700e-05,aislado_clinico,0
RYo20_wk56_17,RYo20,56,V703-0537-RnSv2-2G_L14,1.4010e-07,aislado_clinico,1
RYo20_wk56_20,RYo20,56,N332-GT5 gp140,2.0600e-11,prime,1
RYo20_wk56_20,RYo20,56,SF162P3_MD64_B20,9.6390e-08,aislado_clinico,1
RYo20_wk56_20,RYo20,56,DU156_MD39_BET1,9.7810e-08,aislado_clinico,1
RYo20_wk56_20,RYo20,56,Q23.17_MD39_L14,1.1530e-06,aislado_clinico,0
RYo20_wk56_20,RYo20,56,SHIV_AD8_MD64,9.1080e-07,aislado_clinico,1
RYo20_wk56_20,RYo20,56,DU422-1_MD39v2_L14,8.9230e-06,aislado_clinico,0
RYo20_wk56_20,RYo20,56,p1981_MD39_BET1,5.0100e-07,aislado_clinico,1
RYo20_wk56_20,RYo20,56,TRO_11_MD39,1.2940e-06,aislado_clinico,0
RYo20_wk56_20,RYo20,56,0712_250_pblib001_RnS-2G_L14,1.3450e-05,aislado_clinico,0
RYo20_wk56_20,RYo20,56,0860_150_con_RnS-2G_L14,1.2730e-05,aislado_clinico,0
RYo20_wk56_20,RYo20,56,1026_120_sgaA5_RnS-2G_L14,1.0700e-05,aislado_clinico,0
RYo20_wk56_20,RYo20,56,V703-0537-RnSv2-2G_L14,7.6270e-07,aislado_clinico,1
RYo20_wk56_34,RYo20,56,N332-GT5 gp140,2.5000e-11,prime,1
RYo20_wk56_34,RYo20,56,SF162P3_MD64_B20,1.1620e-07,aislado_clinico,1
RYo20_wk56_34,RYo20,56,DU156_MD39_BET1,2.3840e-07,aislado_clinico,1
RYo20_wk56_34,RYo20,56,Q23.17_MD39_L14,1.7390e-06,aislado_clinico,0
RYo20_wk56_34,RYo20,56,SHIV_AD8_MD64,1.3100e-06,aislado_clinico,0
RYo20_wk56_34,RYo20,56,DU422-1_MD39v2_L14,1.2210e-05,aislado_clinico,0
RYo20_wk56_34,RYo20,56,p1981_MD39_BET1,6.4940e-07,aislado_clinico,1
RYo20_wk56_34,RYo20,56,TRO_11_MD39,8.0050e-07,aislado_clinico,1
RYo20_wk56_34,RYo20,56,0712_250_pblib001_RnS-2G_L14,1.3450e-05,aislado_clinico,0
RYo20_wk56_34,RYo20,56,0860_150_con_RnS-2G_L14,1.2730e-05,aislado_clinico,0
RYo20_wk56_34,RYo20,56,1026_120_sgaA5_RnS-2G_L14,1.0700e-05,aislado_clinico,0
RYo20_wk56_34,RYo20,56,V703-0537-RnSv2-2G_L14,4.2690e-07,aislado_clinico,1
RYo20_wk56_36,RYo20,56,N332-GT5 gp140,2.4170e-11,prime,1
RYo20_wk56_36,RYo20,56,SF162P3_MD64_B20,9.7010e-08,aislado_clinico,1
RYo20_wk56_36,RYo20,56,DU156_MD39_BET1,7.0620e-08,aislado_clinico,1
RYo20_wk56_36,RYo20,56,Q23.17_MD39_L14,1.5300e-06,aislado_clinico,0
RYo20_wk56_36,RYo20,56,SHIV_AD8_MD64,8.9340e-07,aislado_clinico,1
RYo20_wk56_36,RYo20,56,DU422-1_MD39v2_L14,1.2210e-05,aislado_clinico,0
RYo20_wk56_36,RYo20,56,p1981_MD39_BET1,5.3040e-07,aislado_clinico,1
RYo20_wk56_36,RYo20,56,TRO_11_MD39,6.9560e-07,aislado_clinico,1
RYo20_wk56_36,RYo20,56,0712_250_pblib001_RnS-2G_L14,1.3450e-05,aislado_clinico,0
RYo20_wk56_36,RYo20,56,0860_150_con_RnS-2G_L14,1.2730e-05,aislado_clinico,0
RYo20_wk56_36,RYo20,56,1026_120_sgaA5_RnS-2G_L14,1.0700e-05,aislado_clinico,0
RYo20_wk56_36,RYo20,56,V703-0537-RnSv2-2G_L14,3.3450e-07,aislado_clinico,1
RIs20_w56_09,RIs20,,N332-GT5 gp140,1.4490e-11,prime,1
RIs20_w56_09,RIs20,,SF162P3_MD64_B20,1.0760e-05,aislado_clinico,0
RIs20_w56_09,RIs20,,DU156_MD39_BET1,1.3010e-05,aislado_clinico,0
RIs20_w56_09,RIs20,,Q23.17_MD39_L14,1.0270e-05,aislado_clinico,0
RIs20_w56_09,RIs20,,SHIV_AD8_MD64,1.2380e-05,aislado_clinico,0
RIs20_w56_09,RIs20,,DU422-1_MD39v2_L14,1.2210e-05,aislado_clinico,0
RIs20_w56_09,RIs20,,p1981_MD39_BET1,1.3420e-05,aislado_clinico,0
RIs20_w56_09,RIs20,,TRO_11_MD39,1.2130e-05,aislado_clinico,0
RIs20_w56_09,RIs20,,0712_250_pblib001_RnS-2G_L14,1.3450e-05,aislado_clinico,0
RIs20_w56_09,RIs20,,0860_150_con_RnS-2G_L14,1.2730e-05,aislado_clinico,0
RIs20_w56_09,RIs20,,1026_120_sgaA5_RnS-2G_L14,1.0700e-05,aislado_clinico,0
RIs20_w56_09,RIs20,,V703-0537-RnSv2-2G_L14,1.3010e-05,aislado_clinico,0
RIs20_w56_10,RIs20,,N332-GT5 gp140,4.3670e-11,prime,1
RIs20_w56_10,RIs20,,SF162P3_MD64_B20,1.6410e-05,aislado_clinico,0
RIs20_w56_10,RIs20,,DU156_MD39_BET1,1.3010e-05,aislado_clinico,0
RIs20_w56_10,RIs20,,Q23.17_MD39_L14,1.0270e-05,aislado_clinico,0
RIs20_w56_10,RIs20,,SHIV_AD8_MD64,1.2380e-05,aislado_clinico,0
RIs20_w56_10,RIs20,,DU422-1_MD39v2_L14,1.2210e-05,aislado_clinico,0
RIs20_w56_10,RIs20,,p1981_MD39_BET1,1.3420e-05,aislado_clinico,0
RIs20_w56_10,RIs20,,TRO_11_MD39,1.2130e-05,aislado_clinico,0
RIs20_w56_10,RIs20,,0712_250_pblib001_RnS-2G_L14,1.3450e-05,aislado_clinico,0
RIs20_w56_10,RIs20,,0860_150_con_RnS-2G_L14,1.2730e-05,aislado_clinico,0
RIs20_w56_10,RIs20,,1026_120_sgaA5_RnS-2G_L14,1.0700e-05,aislado_clinico,0
RIs20_w56_10,RIs20,,V703-0537-RnSv2-2G_L14,1.3010e-05,aislado_clinico,0
RIs20_w56_15,RIs20,,N332-GT5 gp140,8.7660e-10,prime,1
RIs20_w56_15,RIs20,,SF162P3_MD64_B20,1.2040e-05,aislado_clinico,0
RIs20_w56_15,RIs20,,DU156_MD39_BET1,1.3010e-05,aislado_clinico,0
RIs20_w56_15,RIs20,,Q23.17_MD39_L14,1.0270e-05,aislado_clinico,0
RIs20_w56_15,RIs20,,SHIV_AD8_MD64,1.2380e-05,aislado_clinico,0
RIs20_w56_15,RIs20,,DU422-1_MD39v2_L14,1.2210e-05,aislado_clinico,0
RIs20_w56_15,RIs20,,p1981_MD39_BET1,1.3420e-05,aislado_clinico,0
RIs20_w56_15,RIs20,,TRO_11_MD39,1.2130e-05,aislado_clinico,0
RIs20_w56_15,RIs20,,0712_250_pblib001_RnS-2G_L14,1.3450e-05,aislado_clinico,0
RIs20_w56_15,RIs20,,0860_150_con_RnS-2G_L14,1.2730e-05,aislado_clinico,0
RIs20_w56_15,RIs20,,1026_120_sgaA5_RnS-2G_L14,1.0700e-05,aislado_clinico,0
RIs20_w56_15,RIs20,,V703-0537-RnSv2-2G_L14,1.3010e-05,aislado_clinico,0
RKb21_w56_12,RKb21,,N332-GT5 gp140,4.2060e-11,prime,1
RKb21_w56_12,RKb21,,SF162P3_MD64_B20,8.7500e-09,aislado_clinico,1
RKb21_w56_12,RKb21,,DU156_MD39_BET1,2.7930e-07,aislado_clinico,1
RKb21_w56_12,RKb21,,Q23.17_MD39_L14,1.0270e-05,aislado_clinico,0
RKb21_w56_12,RKb21,,SHIV_AD8_MD64,1.2380e-05,aislado_clinico,0
RKb21_w56_12,RKb21,,DU422-1_MD39v2_L14,1.2210e-05,aislado_clinico,0
RKb21_w56_12,RKb21,,p1981_MD39_BET1,1.3420e-05,aislado_clinico,0
RKb21_w56_12,RKb21,,TRO_11_MD39,1.2130e-05,aislado_clinico,0
RKb21_w56_12,RKb21,,0712_250_pblib001_RnS-2G_L14,1.3450e-05,aislado_clinico,0
RKb21_w56_12,RKb21,,0860_150_con_RnS-2G_L14,1.2730e-05,aislado_clinico,0
RKb21_w56_12,RKb21,,1026_120_sgaA5_RnS-2G_L14,1.0700e-05,aislado_clinico,0
RKb21_w56_12,RKb21,,V703-0537-RnSv2-2G_L14,1.3010e-05,aislado_clinico,0
RSz19_w56_08,RSz19,,N332-GT5 gp140,1.0030e-10,prime,1
RSz19_w56_08,RSz19,,SF162P3_MD64_B20,3.9900e-08,aislado_clinico,1
RSz19_w56_08,RSz19,,DU156_MD39_BET1,1.0000e-07,aislado_clinico,1
RSz19_w56_08,RSz19,,Q23.17_MD39_L14,2.6320e-06,aislado_clinico,0
RSz19_w56_08,RSz19,,SHIV_AD8_MD64,4.9200e-06,aislado_clinico,0
RSz19_w56_08,RSz19,,DU422-1_MD39v2_L14,1.2210e-05,aislado_clinico,0
RSz19_w56_08,RSz19,,p1981_MD39_BET1,5.9920e-07,aislado_clinico,1
RSz19_w56_08,RSz19,,TRO_11_MD39,1.2130e-05,aislado_clinico,0
RSz19_w56_08,RSz19,,0712_250_pblib001_RnS-2G_L14,1.3450e-05,aislado_clinico,0
RSz19_w56_08,RSz19,,0860_150_con_RnS-2G_L14,4.7990e-06,aislado_clinico,0
RSz19_w56_08,RSz19,,1026_120_sgaA5_RnS-2G_L14,1.0700e-05,aislado_clinico,0
RSz19_w56_08,RSz19,,V703-0537-RnSv2-2G_L14,2.1900e-08,aislado_clinico,1
RSz19_w56_11,RSz19,,N332-GT5 gp140,1.4970e-11,prime,1
RSz19_w56_11,RSz19,,SF162P3_MD64_B20,3.9830e-09,aislado_clinico,1
RSz19_w56_11,RSz19,,DU156_MD39_BET1,4.5810e-08,aislado_clinico,1
RSz19_w56_11,RSz19,,Q23.17_MD39_L14,2.5810e-06,aislado_clinico,0
RSz19_w56_11,RSz19,,SHIV_AD8_MD64,3.6090e-08,aislado_clinico,1
RSz19_w56_11,RSz19,,DU422-1_MD39v2_L14,1.2210e-05,aislado_clinico,0
RSz19_w56_11,RSz19,,p1981_MD39_BET1,1.4930e-06,aislado_clinico,0
RSz19_w56_11,RSz19,,TRO_11_MD39,1.8590e-06,aislado_clinico,0
RSz19_w56_11,RSz19,,0712_250_pblib001_RnS-2G_L14,1.3450e-05,aislado_clinico,0
RSz19_w56_11,RSz19,,0860_150_con_RnS-2G_L14,1.2730e-05,aislado_clinico,0
RSz19_w56_11,RSz19,,1026_120_sgaA5_RnS-2G_L14,7.8330e-06,aislado_clinico,0
RSz19_w56_11,RSz19,,V703-0537-RnSv2-2G_L14,2.5070e-07,aislado_clinico,1
RSz19_w56_13,RSz19,,N332-GT5 gp140,5.5160e-11,prime,1
RSz19_w56_13,RSz19,,SF162P3_MD64_B20,3.5150e-09,aislado_clinico,1
RSz19_w56_13,RSz19,,DU156_MD39_BET1,3.4800e-08,aislado_clinico,1
RSz19_w56_13,RSz19,,Q23.17_MD39_L14,4.3650e-07,aislado_clinico,1
RSz19_w56_13,RSz19,,SHIV_AD8_MD64,8.3540e-07,aislado_clinico,1
RSz19_w56_13,RSz19,,DU422-1_MD39v2_L14,1.2210e-05,aislado_clinico,0
RSz19_w56_13,RSz19,,p1981_MD39_BET1,5.5270e-07,aislado_clinico,1
RSz19_w56_13,RSz19,,TRO_11_MD39,1.2030e-06,aislado_clinico,0
RSz19_w56_13,RSz19,,0712_250_pblib001_RnS-2G_L14,1.1460e-05,aislado_clinico,0
RSz19_w56_13,RSz19,,0860_150_con_RnS-2G_L14,2.4130e-06,aislado_clinico,0
RSz19_w56_13,RSz19,,1026_120_sgaA5_RnS-2G_L14,1.2710e-05,aislado_clinico,0
RSz19_w56_13,RSz19,,V703-0537-RnSv2-2G_L14,1.4400e-07,aislado_clinico,1
RSz19_w56_14,RSz19,,N332-GT5 gp140,2.7200e-11,prime,1
RSz19_w56_14,RSz19,,SF162P3_MD64_B20,7.4580e-09,aislado_clinico,1
RSz19_w56_14,RSz19,,DU156_MD39_BET1,7.5930e-08,aislado_clinico,1
RSz19_w56_14,RSz19,,Q23.17_MD39_L14,7.3960e-07,aislado_clinico,1
RSz19_w56_14,RSz19,,SHIV_AD8_MD64,5.0870e-08,aislado_clinico,1
RSz19_w56_14,RSz19,,DU422-1_MD39v2_L14,1.2210e-05,aislado_clinico,0
RSz19_w56_14,RSz19,,p1981_MD39_BET1,6.2930e-07,aislado_clinico,1
RSz19_w56_14,RSz19,,TRO_11_MD39,1.2800e-06,aislado_clinico,0
RSz19_w56_14,RSz19,,0712_250_pblib001_RnS-2G_L14,1.3450e-05,aislado_clinico,0
RSz19_w56_14,RSz19,,0860_150_con_RnS-2G_L14,1.6740e-05,aislado_clinico,0
RSz19_w56_14,RSz19,,1026_120_sgaA5_RnS-2G_L14,1.0700e-05,aislado_clinico,0
RSz19_w56_14,RSz19,,V703-0537-RnSv2-2G_L14,4.1990e-08,aislado_clinico,1
RVz20_wk56_21,RVz20,56,N332-GT5 gp140,2.2410e-10,prime,1
RVz20_wk56_21,RVz20,56,SF162P3_MD64_B20,1.6140e-08,aislado_clinico,1
RVz20_wk56_21,RVz20,56,DU156_MD39_BET1,1.6400e-07,aislado_clinico,1
RVz20_wk56_21,RVz20,56,Q23.17_MD39_L14,3.5290e-07,aislado_clinico,1
RVz20_wk56_21,RVz20,56,SHIV_AD8_MD64,6.9040e-07,aislado_clinico,1
RVz20_wk56_21,RVz20,56,DU422-1_MD39v2_L14,1.2210e-05,aislado_clinico,0
RVz20_wk56_21,RVz20,56,p1981_MD39_BET1,2.9750e-07,aislado_clinico,1
RVz20_wk56_21,RVz20,56,TRO_11_MD39,1.7780e-06,aislado_clinico,0
RVz20_wk56_21,RVz20,56,0712_250_pblib001_RnS-2G_L14,1.3450e-05,aislado_clinico,0
RVz20_wk56_21,RVz20,56,0860_150_con_RnS-2G_L14,1.2730e-05,aislado_clinico,0
RVz20_wk56_21,RVz20,56,1026_120_sgaA5_RnS-2G_L14,1.0700e-05,aislado_clinico,0
RVz20_wk56_21,RVz20,56,V703-0537-RnSv2-2G_L14,7.1310e-07,aislado_clinico,1
RVz20_wk56_22,RVz20,56,N332-GT5 gp140,1.9080e-10,prime,1
RVz20_wk56_22,RVz20,56,SF162P3_MD64_B20,2.3110e-09,aislado_clinico,1
RVz20_wk56_22,RVz20,56,DU156_MD39_BET1,9.1800e-09,aislado_clinico,1
RVz20_wk56_22,RVz20,56,Q23.17_MD39_L14,1.2690e-07,aislado_clinico,1
RVz20_wk56_22,RVz20,56,SHIV_AD8_MD64,2.1680e-07,aislado_clinico,1
RVz20_wk56_22,RVz20,56,DU422-1_MD39v2_L14,9.8020e-06,aislado_clinico,0
RVz20_wk56_22,RVz20,56,p1981_MD39_BET1,9.1330e-08,aislado_clinico,1
RVz20_wk56_22,RVz20,56,TRO_11_MD39,8.7630e-07,aislado_clinico,1
RVz20_wk56_22,RVz20,56,0712_250_pblib001_RnS-2G_L14,1.3450e-05,aislado_clinico,0
RVz20_wk56_22,RVz20,56,0860_150_con_RnS-2G_L14,1.2730e-05,aislado_clinico,0
RVz20_wk56_22,RVz20,56,1026_120_sgaA5_RnS-2G_L14,6.2870e-06,aislado_clinico,0
RVz20_wk56_22,RVz20,56,V703-0537-RnSv2-2G_L14,4.4650e-07,aislado_clinico,1
RVz20_wk56_23,RVz20,56,N332-GT5 gp140,3.3030e-11,prime,1
RVz20_wk56_23,RVz20,56,SF162P3_MD64_B20,1.7140e-08,aislado_clinico,1
RVz20_wk56_23,RVz20,56,DU156_MD39_BET1,5.4490e-07,aislado_clinico,1
RVz20_wk56_23,RVz20,56,Q23.17_MD39_L14,1.7950e-06,aislado_clinico,0
RVz20_wk56_23,RVz20,56,SHIV_AD8_MD64,3.4820e-06,aislado_clinico,0
RVz20_wk56_23,RVz20,56,DU422-1_MD39v2_L14,1.2210e-05,aislado_clinico,0
RVz20_wk56_23,RVz20,56,p1981_MD39_BET1,2.0920e-06,aislado_clinico,0
RVz20_wk56_23,RVz20,56,TRO_11_MD39,1.2130e-05,aislado_clinico,0
RVz20_wk56_23,RVz20,56,0712_250_pblib001_RnS-2G_L14,1.3450e-05,aislado_clinico,0
RVz20_wk56_23,RVz20,56,0860_150_con_RnS-2G_L14,1.2730e-05,aislado_clinico,0
RVz20_wk56_23,RVz20,56,1026_120_sgaA5_RnS-2G_L14,1.0700e-05,aislado_clinico,0
RVz20_wk56_23,RVz20,56,V703-0537-RnSv2-2G_L14,1.0650e-06,aislado_clinico,0
RVz20_wk56_40,RVz20,56,N332-GT5 gp140,4.6600e-11,prime,1
RVz20_wk56_40,RVz20,56,SF162P3_MD64_B20,7.8650e-09,aislado_clinico,1
RVz20_wk56_40,RVz20,56,DU156_MD39_BET1,1.8320e-07,aislado_clinico,1
RVz20_wk56_40,RVz20,56,Q23.17_MD39_L14,5.6020e-07,aislado_clinico,1
RVz20_wk56_40,RVz20,56,SHIV_AD8_MD64,3.9100e-07,aislado_clinico,1
RVz20_wk56_40,RVz20,56,DU422-1_MD39v2_L14,1.2210e-05,aislado_clinico,0
RVz20_wk56_40,RVz20,56,p1981_MD39_BET1,6.5560e-07,aislado_clinico,1
RVz20_wk56_40,RVz20,56,TRO_11_MD39,1.3510e-06,aislado_clinico,0
RVz20_wk56_40,RVz20,56,0712_250_pblib001_RnS-2G_L14,1.3450e-05,aislado_clinico,0
RVz20_wk56_40,RVz20,56,0860_150_con_RnS-2G_L14,1.2730e-05,aislado_clinico,0
RVz20_wk56_40,RVz20,56,1026_120_sgaA5_RnS-2G_L14,1.0700e-05,aislado_clinico,0
RVz20_wk56_40,RVz20,56,V703-0537-RnSv2-2G_L14,4.0890e-07,aislado_clinico,1
RVz20_wk56_44,RVz20,56,N332-GT5 gp140,6.7980e-11,prime,1
RVz20_wk56_44,RVz20,56,SF162P3_MD64_B20,1.9640e-09,aislado_clinico,1
RVz20_wk56_44,RVz20,56,DU156_MD39_BET1,8.9660e-09,aislado_clinico,1
RVz20_wk56_44,RVz20,56,Q23.17_MD39_L14,7.9860e-08,aislado_clinico,1
RVz20_wk56_44,RVz20,56,SHIV_AD8_MD64,1.0810e-07,aislado_clinico,1
RVz20_wk56_44,RVz20,56,DU422-1_MD39v2_L14,7.4070e-06,aislado_clinico,0
RVz20_wk56_44,RVz20,56,p1981_MD39_BET1,5.8590e-08,aislado_clinico,1
RVz20_wk56_44,RVz20,56,TRO_11_MD39,6.3240e-07,aislado_clinico,1
RVz20_wk56_44,RVz20,56,0712_250_pblib001_RnS-2G_L14,1.3450e-05,aislado_clinico,0
RVz20_wk56_44,RVz20,56,0860_150_con_RnS-2G_L14,1.2730e-05,aislado_clinico,0
RVz20_wk56_44,RVz20,56,1026_120_sgaA5_RnS-2G_L14,1.0700e-05,aislado_clinico,0
RVz20_wk56_44,RVz20,56,V703-0537-RnSv2-2G_L14,2.3170e-07,aislado_clinico,1
RVz20_wk56_46,RVz20,56,N332-GT5 gp140,3.4490e-11,prime,1
RVz20_wk56_46,RVz20,56,SF162P3_MD64_B20,1.0380e-08,aislado_clinico,1
RVz20_wk56_46,RVz20,56,DU156_MD39_BET1,2.3120e-07,aislado_clinico,1
RVz20_wk56_46,RVz20,56,Q23.17_MD39_L14,8.4220e-07,aislado_clinico,1
RVz20_wk56_46,RVz20,56,SHIV_AD8_MD64,1.9700e-06,aislado_clinico,0
RVz20_wk56_46,RVz20,56,DU422-1_MD39v2_L14,1.2210e-05,aislado_clinico,0
RVz20_wk56_46,RVz20,56,p1981_MD39_BET1,3.1310e-07,aislado_clinico,1
RVz20_wk56_46,RVz20,56,TRO_11_MD39,5.2420e-06,aislado_clinico,0
RVz20_wk56_46,RVz20,56,0712_250_pblib001_RnS-2G_L14,1.3450e-05,aislado_clinico,0
RVz20_wk56_46,RVz20,56,0860_150_con_RnS-2G_L14,1.2730e-05,aislado_clinico,0
RVz20_wk56_46,RVz20,56,1026_120_sgaA5_RnS-2G_L14,1.0700e-05,aislado_clinico,0
RVz20_wk56_46,RVz20,56,V703-0537-RnSv2-2G_L14,5.0750e-07,aislado_clinico,1
RVz20_wk56_48,RVz20,56,N332-GT5 gp140,1.7460e-10,prime,1
RVz20_wk56_48,RVz20,56,SF162P3_MD64_B20,2.1500e-09,aislado_clinico,1
RVz20_wk56_48,RVz20,56,DU156_MD39_BET1,1.0200e-08,aislado_clinico,1
RVz20_wk56_48,RVz20,56,Q23.17_MD39_L14,1.2750e-07,aislado_clinico,1
RVz20_wk56_48,RVz20,56,SHIV_AD8_MD64,3.6320e-07,aislado_clinico,1
RVz20_wk56_48,RVz20,56,DU422-1_MD39v2_L14,9.1390e-06,aislado_clinico,0
RVz20_wk56_48,RVz20,56,p1981_MD39_BET1,1.6410e-07,aislado_clinico,1
RVz20_wk56_48,RVz20,56,TRO_11_MD39,1.2060e-06,aislado_clinico,0
RVz20_wk56_48,RVz20,56,0712_250_pblib001_RnS-2G_L14,1.3450e-05,aislado_clinico,0
RVz20_wk56_48,RVz20,56,0860_150_con_RnS-2G_L14,1.2730e-05,aislado_clinico,0
RVz20_wk56_48,RVz20,56,1026_120_sgaA5_RnS-2G_L14,1.0700e-05,aislado_clinico,0
RVz20_wk56_48,RVz20,56,V703-0537-RnSv2-2G_L14,4.1270e-07,aislado_clinico,1
RVz20_wk56_50,RVz20,56,N332-GT5 gp140,3.1940e-10,prime,1
RVz20_wk56_50,RVz20,56,SF162P3_MD64_B20,2.2970e-09,aislado_clinico,1
RVz20_wk56_50,RVz20,56,DU156_MD39_BET1,1.0690e-08,aislado_clinico,1
RVz20_wk56_50,RVz20,56,Q23.17_MD39_L14,1.0290e-07,aislado_clinico,1
RVz20_wk56_50,RVz20,56,SHIV_AD8_MD64,1.2590e-07,aislado_clinico,1
RVz20_wk56_50,RVz20,56,DU422-1_MD39v2_L14,5.7490e-06,aislado_clinico,0
RVz20_wk56_50,RVz20,56,p1981_MD39_BET1,9.7270e-08,aislado_clinico,1
RVz20_wk56_50,RVz20,56,TRO_11_MD39,8.3140e-07,aislado_clinico,1
RVz20_wk56_50,RVz20,56,0712_250_pblib001_RnS-2G_L14,1.3450e-05,aislado_clinico,0
RVz20_wk56_50,RVz20,56,0860_150_con_RnS-2G_L14,1.2730e-05,aislado_clinico,0
RVz20_wk56_50,RVz20,56,1026_120_sgaA5_RnS-2G_L14,1.0700e-05,aislado_clinico,0
RVz20_wk56_50,RVz20,56,V703-0537-RnSv2-2G_L14,3.1510e-07,aislado_clinico,1
RKm20_wk56_37,RKm20,56,N332-GT5 gp140,1.8580e-11,prime,1
RKm20_wk56_37,RKm20,56,SF162P3_MD64_B20,1.3620e-09,aislado_clinico,1
RKm20_wk56_37,RKm20,56,DU156_MD39_BET1,6.2750e-08,aislado_clinico,1
RKm20_wk56_37,RKm20,56,Q23.17_MD39_L14,4.7750e-07,aislado_clinico,1
RKm20_wk56_37,RKm20,56,SHIV_AD8_MD64,4.1980e-07,aislado_clinico,1
RKm20_wk56_37,RKm20,56,DU422-1_MD39v2_L14,1.9040e-06,aislado_clinico,0
RKm20_wk56_37,RKm20,56,p1981_MD39_BET1,5.3620e-08,aislado_clinico,1
RKm20_wk56_37,RKm20,56,TRO_11_MD39,4.9250e-07,aislado_clinico,1
RKm20_wk56_37,RKm20,56,0712_250_pblib001_RnS-2G_L14,1.3450e-05,aislado_clinico,0
RKm20_wk56_37,RKm20,56,0860_150_con_RnS-2G_L14,1.2730e-05,aislado_clinico,0
RKm20_wk56_37,RKm20,56,1026_120_sgaA5_RnS-2G_L14,1.0700e-05,aislado_clinico,0
RKm20_wk56_37,RKm20,56,V703-0537-RnSv2-2G_L14,1.3210e-07,aislado_clinico,1
RKm20_wk56_45,RKm20,56,N332-GT5 gp140,1.8630e-11,prime,1
RKm20_wk56_45,RKm20,56,SF162P3_MD64_B20,1.0920e-09,aislado_clinico,1
RKm20_wk56_45,RKm20,56,DU156_MD39_BET1,1.4240e-07,aislado_clinico,1
RKm20_wk56_45,RKm20,56,Q23.17_MD39_L14,1.9590e-06,aislado_clinico,0
RKm20_wk56_45,RKm20,56,SHIV_AD8_MD64,2.6750e-06,aislado_clinico,0
RKm20_wk56_45,RKm20,56,DU422-1_MD39v2_L14,1.2210e-05,aislado_clinico,0
RKm20_wk56_45,RKm20,56,p1981_MD39_BET1,2.6670e-07,aislado_clinico,1
RKm20_wk56_45,RKm20,56,TRO_11_MD39,1.6180e-06,aislado_clinico,0
RKm20_wk56_45,RKm20,56,0712_250_pblib001_RnS-2G_L14,1.3450e-05,aislado_clinico,0
RKm20_wk56_45,RKm20,56,0860_150_con_RnS-2G_L14,1.2730e-05,aislado_clinico,0
RKm20_wk56_45,RKm20,56,1026_120_sgaA5_RnS-2G_L14,1.0700e-05,aislado_clinico,0
RKm20_wk56_45,RKm20,56,V703-0537-RnSv2-2G_L14,6.2150e-08,aislado_clinico,1
RKm20_wk56_47,RKm20,56,N332-GT5 gp140,1.8580e-11,prime,1
RKm20_wk56_47,RKm20,56,SF162P3_MD64_B20,9.9400e-10,aislado_clinico,1
RKm20_wk56_47,RKm20,56,DU156_MD39_BET1,6.8000e-08,aislado_clinico,1
RKm20_wk56_47,RKm20,56,Q23.17_MD39_L14,3.1420e-07,aislado_clinico,1
RKm20_wk56_47,RKm20,56,SHIV_AD8_MD64,3.8390e-07,aislado_clinico,1
RKm20_wk56_47,RKm20,56,DU422-1_MD39v2_L14,1.6890e-06,aislado_clinico,0
RKm20_wk56_47,RKm20,56,p1981_MD39_BET1,3.9820e-08,aislado_clinico,1
RKm20_wk56_47,RKm20,56,TRO_11_MD39,5.7270e-07,aislado_clinico,1
RKm20_wk56_47,RKm20,56,0712_250_pblib001_RnS-2G_L14,1.3450e-05,aislado_clinico,0
RKm20_wk56_47,RKm20,56,0860_150_con_RnS-2G_L14,1.2730e-05,aislado_clinico,0
RKm20_wk56_47,RKm20,56,1026_120_sgaA5_RnS-2G_L14,1.0700e-05,aislado_clinico,0
RKm20_wk56_47,RKm20,56,V703-0537-RnSv2-2G_L14,1.4100e-07,aislado_clinico,1
RKm20_wk56_49,RKm20,56,N332-GT5 gp140,3.5460e-11,prime,1
RKm20_wk56_49,RKm20,56,SF162P3_MD64_B20,4.9390e-08,aislado_clinico,1
RKm20_wk56_49,RKm20,56,DU156_MD39_BET1,2.4690e-07,aislado_clinico,1
RKm20_wk56_49,RKm20,56,Q23.17_MD39_L14,2.0600e-06,aislado_clinico,0
RKm20_wk56_49,RKm20,56,SHIV_AD8_MD64,2.5330e-06,aislado_clinico,0
RKm20_wk56_49,RKm20,56,DU422-1_MD39v2_L14,2.1520e-06,aislado_clinico,0
RKm20_wk56_49,RKm20,56,p1981_MD39_BET1,1.3570e-07,aislado_clinico,1
RKm20_wk56_49,RKm20,56,TRO_11_MD39,2.4340e-06,aislado_clinico,0
RKm20_wk56_49,RKm20,56,0712_250_pblib001_RnS-2G_L14,1.3450e-05,aislado_clinico,0
RKm20_wk56_49,RKm20,56,0860_150_con_RnS-2G_L14,1.2730e-05,aislado_clinico,0
RKm20_wk56_49,RKm20,56,1026_120_sgaA5_RnS-2G_L14,1.0700e-05,aislado_clinico,0
RKm20_wk56_49,RKm20,56,V703-0537-RnSv2-2G_L14,3.1580e-07,aislado_clinico,1
RLf21_wk56_51,RLf21,56,N332-GT5 gp140,1.1530e-10,prime,1
RLf21_wk56_51,RLf21,56,SF162P3_MD64_B20,5.4210e-09,aislado_clinico,1
RLf21_wk56_51,RLf21,56,DU156_MD39_BET1,1.7180e-08,aislado_clinico,1
RLf21_wk56_51,RLf21,56,Q23.17_MD39_L14,2.7910e-07,aislado_clinico,1
RLf21_wk56_51,RLf21,56,SHIV_AD8_MD64,3.0510e-07,aislado_clinico,1
RLf21_wk56_51,RLf21,56,DU422-1_MD39v2_L14,1.9180e-06,aislado_clinico,0
RLf21_wk56_51,RLf21,56,p1981_MD39_BET1,2.9730e-07,aislado_clinico,1
RLf21_wk56_51,RLf21,56,TRO_11_MD39,3.6290e-07,aislado_clinico,1
RLf21_wk56_51,RLf21,56,0712_250_pblib001_RnS-2G_L14,1.3450e-05,aislado_clinico,0
RLf21_wk56_51,RLf21,56,0860_150_con_RnS-2G_L14,1.9010e-06,aislado_clinico,0
RLf21_wk56_51,RLf21,56,1026_120_sgaA5_RnS-2G_L14,3.7310e-06,aislado_clinico,0
RLf21_wk56_51,RLf21,56,V703-0537-RnSv2-2G_L14,4.4370e-08,aislado_clinico,1
RLf21_wk56_52,RLf21,56,N332-GT5 gp140,2.7390e-11,prime,1
RLf21_wk56_52,RLf21,56,SF162P3_MD64_B20,2.9590e-09,aislado_clinico,1
RLf21_wk56_52,RLf21,56,DU156_MD39_BET1,9.5320e-09,aislado_clinico,1
RLf21_wk56_52,RLf21,56,Q23.17_MD39_L14,8.0850e-08,aislado_clinico,1
RLf21_wk56_52,RLf21,56,SHIV_AD8_MD64,1.2260e-07,aislado_clinico,1
RLf21_wk56_52,RLf21,56,DU422-1_MD39v2_L14,4.8400e-06,aislado_clinico,0
RLf21_wk56_52,RLf21,56,p1981_MD39_BET1,3.2100e-08,aislado_clinico,1
RLf21_wk56_52,RLf21,56,TRO_11_MD39,1.9410e-07,aislado_clinico,1
RLf21_wk56_52,RLf21,56,0712_250_pblib001_RnS-2G_L14,1.8500e-05,aislado_clinico,0
RLf21_wk56_52,RLf21,56,0860_150_con_RnS-2G_L14,1.2090e-06,aislado_clinico,0
RLf21_wk56_52,RLf21,56,1026_120_sgaA5_RnS-2G_L14,4.3770e-06,aislado_clinico,0
RLf21_wk56_52,RLf21,56,V703-0537-RnSv2-2G_L14,5.8880e-08,aislado_clinico,1
RLf21_wk56_53,RLf21,56,N332-GT5 gp140,2.5600e-11,prime,1
RLf21_wk56_53,RLf21,56,SF162P3_MD64_B20,1.5970e-09,aislado_clinico,1
RLf21_wk56_53,RLf21,56,DU156_MD39_BET1,1.7420e-07,aislado_clinico,1
RLf21_wk56_53,RLf21,56,Q23.17_MD39_L14,7.5310e-07,aislado_clinico,1
RLf21_wk56_53,RLf21,56,SHIV_AD8_MD64,1.1460e-06,aislado_clinico,0
RLf21_wk56_53,RLf21,56,DU422-1_MD39v2_L14,1.2210e-05,aislado_clinico,0
RLf21_wk56_53,RLf21,56,p1981_MD39_BET1,3.8830e-07,aislado_clinico,1
RLf21_wk56_53,RLf21,56,TRO_11_MD39,1.1190e-06,aislado_clinico,0
RLf21_wk56_53,RLf21,56,0712_250_pblib001_RnS-2G_L14,1.3450e-05,aislado_clinico,0
RLf21_wk56_53,RLf21,56,0860_150_con_RnS-2G_L14,1.2730e-05,aislado_clinico,0
RLf21_wk56_53,RLf21,56,1026_120_sgaA5_RnS-2G_L14,1.0700e-05,aislado_clinico,0
RLf21_wk56_53,RLf21,56,V703-0537-RnSv2-2G_L14,1.7120e-07,aislado_clinico,1
RLf21_wk56_54,RLf21,56,N332-GT5 gp140,1.5880e-11,prime,1
RLf21_wk56_54,RLf21,56,SF162P3_MD64_B20,1.0390e-08,aislado_clinico,1
RLf21_wk56_54,RLf21,56,DU156_MD39_BET1,2.2980e-07,aislado_clinico,1
RLf21_wk56_54,RLf21,56,Q23.17_MD39_L14,3.5870e-06,aislado_clinico,0
RLf21_wk56_54,RLf21,56,SHIV_AD8_MD64,3.1970e-06,aislado_clinico,0
RLf21_wk56_54,RLf21,56,DU422-1_MD39v2_L14,1.2210e-05,aislado_clinico,0
RLf21_wk56_54,RLf21,56,p1981_MD39_BET1,1.5480e-06,aislado_clinico,0
RLf21_wk56_54,RLf21,56,TRO_11_MD39,3.9040e-06,aislado_clinico,0
RLf21_wk56_54,RLf21,56,0712_250_pblib001_RnS-2G_L14,1.3450e-05,aislado_clinico,0
RLf21_wk56_54,RLf21,56,0860_150_con_RnS-2G_L14,1.2730e-05,aislado_clinico,0
RLf21_wk56_54,RLf21,56,1026_120_sgaA5_RnS-2G_L14,1.0700e-05,aislado_clinico,0
RLf21_wk56_54,RLf21,56,V703-0537-RnSv2-2G_L14,3.1870e-07,aislado_clinico,1
RLf21_wk56_55,RLf21,56,N332-GT5 gp140,1.1690e-10,prime,1
RLf21_wk56_55,RLf21,56,SF162P3_MD64_B20,2.1170e-08,aislado_clinico,1
RLf21_wk56_55,RLf21,56,DU156_MD39_BET1,9.4240e-08,aislado_clinico,1
RLf21_wk56_55,RLf21,56,Q23.17_MD39_L14,2.4400e-07,aislado_clinico,1
RLf21_wk56_55,RLf21,56,SHIV_AD8_MD64,5.9670e-07,aislado_clinico,1
RLf21_wk56_55,RLf21,56,DU422-1_MD39v2_L14,4.8700e-06,aislado_clinico,0
RLf21_wk56_55,RLf21,56,p1981_MD39_BET1,9.6570e-08,aislado_clinico,1
RLf21_wk56_55,RLf21,56,TRO_11_MD39,6.8980e-07,aislado_clinico,1
RLf21_wk56_55,RLf21,56,0712_250_pblib001_RnS-2G_L14,1.3450e-05,aislado_clinico,0
RLf21_wk56_55,RLf21,56,0860_150_con_RnS-2G_L14,4.4340e-06,aislado_clinico,0
RLf21_wk56_55,RLf21,56,1026_120_sgaA5_RnS-2G_L14,1.0700e-05,aislado_clinico,0
RLf21_wk56_55,RLf21,56,V703-0537-RnSv2-2G_L14,8.4040e-08,aislado_clinico,1
RLf21_w56_16,RLf21,,N332-GT5 gp140,3.1650e-11,prime,1
RLf21_w56_16,RLf21,,SF162P3_MD64_B20,7.1970e-09,aislado_clinico,1
RLf21_w56_16,RLf21,,DU156_MD39_BET1,1.7820e-08,aislado_clinico,1
RLf21_w56_16,RLf21,,Q23.17_MD39_L14,5.9580e-07,aislado_clinico,1
RLf21_w56_16,RLf21,,SHIV_AD8_MD64,1.8530e-07,aislado_clinico,1
RLf21_w56_16,RLf21,,DU422-1_MD39v2_L14,1.2210e-05,aislado_clinico,0
RLf21_w56_16,RLf21,,p1981_MD39_BET1,9.7710e-08,aislado_clinico,1
RLf21_w56_16,RLf21,,TRO_11_MD39,1.7250e-07,aislado_clinico,1
RLf21_w56_16,RLf21,,0712_250_pblib001_RnS-2G_L14,1.3450e-05,aislado_clinico,0
RLf21_w56_16,RLf21,,0860_150_con_RnS-2G_L14,9.1400e-06,aislado_clinico,0
RLf21_w56_16,RLf21,,1026_120_sgaA5_RnS-2G_L14,4.7770e-06,aislado_clinico,0
RLf21_w56_16,RLf21,,V703-0537-RnSv2-2G_L14,1.0450e-08,aislado_clinico,1
RLf21_w56_17,RLf21,,N332-GT5 gp140,1.6120e-09,prime,1
RLf21_w56_17,RLf21,,SF162P3_MD64_B20,7.0750e-09,aislado_clinico,1
RLf21_w56_17,RLf21,,DU156_MD39_BET1,3.2600e-08,aislado_clinico,1
RLf21_w56_17,RLf21,,Q23.17_MD39_L14,2.0700e-08,aislado_clinico,1
RLf21_w56_17,RLf21,,SHIV_AD8_MD64,3.9270e-08,aislado_clinico,1
RLf21_w56_17,RLf21,,DU422-1_MD39v2_L14,1.2210e-05,aislado_clinico,0
RLf21_w56_17,RLf21,,p1981_MD39_BET1,1.1810e-08,aislado_clinico,1
RLf21_w56_17,RLf21,,TRO_11_MD39,1.6290e-07,aislado_clinico,1
RLf21_w56_17,RLf21,,0712_250_pblib001_RnS-2G_L14,1.3450e-05,aislado_clinico,0
RLf21_w56_17,RLf21,,0860_150_con_RnS-2G_L14,1.2730e-05,aislado_clinico,0
RLf21_w56_17,RLf21,,1026_120_sgaA5_RnS-2G_L14,1.0700e-05,aislado_clinico,0
RLf21_w56_17,RLf21,,V703-0537-RnSv2-2G_L14,2.1990e-08,aislado_clinico,1
RLf21_w56_18,RLf21,,N332-GT5 gp140,3.1260e-10,prime,1
RLf21_w56_18,RLf21,,SF162P3_MD64_B20,1.0490e-08,aislado_clinico,1
RLf21_w56_18,RLf21,,DU156_MD39_BET1,2.7000e-08,aislado_clinico,1
RLf21_w56_18,RLf21,,Q23.17_MD39_L14,4.7330e-07,aislado_clinico,1
RLf21_w56_18,RLf21,,SHIV_AD8_MD64,2.6640e-06,aislado_clinico,0
RLf21_w56_18,RLf21,,DU422-1_MD39v2_L14,1.2210e-05,aislado_clinico,0
RLf21_w56_18,RLf21,,p1981_MD39_BET1,4.2100e-07,aislado_clinico,1
RLf21_w56_18,RLf21,,TRO_11_MD39,2.0200e-06,aislado_clinico,0
RLf21_w56_18,RLf21,,0712_250_pblib001_RnS-2G_L14,1.3450e-05,aislado_clinico,0
RLf21_w56_18,RLf21,,0860_150_con_RnS-2G_L14,5.7590e-06,aislado_clinico,0
RLf21_w56_18,RLf21,,1026_120_sgaA5_RnS-2G_L14,5.5610e-06,aislado_clinico,0
RLf21_w56_18,RLf21,,V703-0537-RnSv2-2G_L14,1.8150e-08,aislado_clinico,1
RLf21_w56_19,RLf21,,N332-GT5 gp140,5.0690e-11,prime,1
RLf21_w56_19,RLf21,,SF162P3_MD64_B20,2.7100e-08,aislado_clinico,1
RLf21_w56_19,RLf21,,DU156_MD39_BET1,2.2120e-08,aislado_clinico,1
RLf21_w56_19,RLf21,,Q23.17_MD39_L14,5.4880e-06,aislado_clinico,0
RLf21_w56_19,RLf21,,SHIV_AD8_MD64,1.7840e-06,aislado_clinico,0
RLf21_w56_19,RLf21,,DU422-1_MD39v2_L14,1.2210e-05,aislado_clinico,0
RLf21_w56_19,RLf21,,p1981_MD39_BET1,5.5450e-07,aislado_clinico,1
RLf21_w56_19,RLf21,,TRO_11_MD39,9.3510e-07,aislado_clinico,1
RLf21_w56_19,RLf21,,0712_250_pblib001_RnS-2G_L14,1.3450e-05,aislado_clinico,0
RLf21_w56_19,RLf21,,0860_150_con_RnS-2G_L14,1.7950e-05,aislado_clinico,0
RLf21_w56_19,RLf21,,1026_120_sgaA5_RnS-2G_L14,7.2960e-06,aislado_clinico,0
RLf21_w56_19,RLf21,,V703-0537-RnSv2-2G_L14,2.9510e-08,aislado_clinico,1
RLf21_w56_20,RLf21,,N332-GT5 gp140,1.9770e-10,prime,1
RLf21_w56_20,RLf21,,SF162P3_MD64_B20,9.4650e-09,aislado_clinico,1
RLf21_w56_20,RLf21,,DU156_MD39_BET1,1.8070e-08,aislado_clinico,1
RLf21_w56_20,RLf21,,Q23.17_MD39_L14,4.7450e-07,aislado_clinico,1
RLf21_w56_20,RLf21,,SHIV_AD8_MD64,5.8960e-08,aislado_clinico,1
RLf21_w56_20,RLf21,,DU422-1_MD39v2_L14,3.9530e-06,aislado_clinico,0
RLf21_w56_20,RLf21,,p1981_MD39_BET1,1.8470e-07,aislado_clinico,1
RLf21_w56_20,RLf21,,TRO_11_MD39,1.0270e-06,aislado_clinico,0
RLf21_w56_20,RLf21,,0712_250_pblib001_RnS-2G_L14,1.3450e-05,aislado_clinico,0
RLf21_w56_20,RLf21,,0860_150_con_RnS-2G_L14,1.2730e-05,aislado_clinico,0
RLf21_w56_20,RLf21,,1026_120_sgaA5_RnS-2G_L14,1.0700e-05,aislado_clinico,0
RLf21_w56_20,RLf21,,V703-0537-RnSv2-2G_L14,1.1880e-07,aislado_clinico,1
RLf21_w56_21,RLf21,,N332-GT5 gp140,6.9070e-11,prime,1
RLf21_w56_21,RLf21,,SF162P3_MD64_B20,4.9730e-09,aislado_clinico,1
RLf21_w56_21,RLf21,,DU156_MD39_BET1,1.7530e-08,aislado_clinico,1
RLf21_w56_21,RLf21,,Q23.17_MD39_L14,2.8160e-08,aislado_clinico,1
RLf21_w56_21,RLf21,,SHIV_AD8_MD64,3.4630e-08,aislado_clinico,1
RLf21_w56_21,RLf21,,DU422-1_MD39v2_L14,1.3150e-05,aislado_clinico,0
RLf21_w56_21,RLf21,,p1981_MD39_BET1,2.3330e-07,aislado_clinico,1
RLf21_w56_21,RLf21,,TRO_11_MD39,8.0430e-07,aislado_clinico,1
RLf21_w56_21,RLf21,,0712_250_pblib001_RnS-2G_L14,1.3450e-05,aislado_clinico,0
RLf21_w56_21,RLf21,,0860_150_con_RnS-2G_L14,1.2730e-05,aislado_clinico,0
RLf21_w56_21,RLf21,,1026_120_sgaA5_RnS-2G_L14,5.6420e-06,aislado_clinico,0
RLf21_w56_21,RLf21,,V703-0537-RnSv2-2G_L14,1.0430e-07,aislado_clinico,1
RLy20_wk56_26,RLy20,56,N332-GT5 gp140,3.5470e-10,prime,1
RLy20_wk56_26,RLy20,56,SF162P3_MD64_B20,3.9620e-08,aislado_clinico,1
RLy20_wk56_26,RLy20,56,DU156_MD39_BET1,4.1110e-07,aislado_clinico,1
RLy20_wk56_26,RLy20,56,Q23.17_MD39_L14,1.4220e-05,aislado_clinico,0
RLy20_wk56_26,RLy20,56,SHIV_AD8_MD64,4.2680e-06,aislado_clinico,0
RLy20_wk56_26,RLy20,56,DU422-1_MD39v2_L14,4.3960e-06,aislado_clinico,0
RLy20_wk56_26,RLy20,56,p1981_MD39_BET1,5.9710e-07,aislado_clinico,1
RLy20_wk56_26,RLy20,56,TRO_11_MD39,1.7520e-06,aislado_clinico,0
RLy20_wk56_26,RLy20,56,0712_250_pblib001_RnS-2G_L14,1.3450e-05,aislado_clinico,0
RLy20_wk56_26,RLy20,56,0860_150_con_RnS-2G_L14,1.2730e-05,aislado_clinico,0
RLy20_wk56_26,RLy20,56,1026_120_sgaA5_RnS-2G_L14,4.6140e-06,aislado_clinico,0
RLy20_wk56_26,RLy20,56,V703-0537-RnSv2-2G_L14,5.1430e-07,aislado_clinico,1
REe21_wk56_25,REe21,56,N332-GT5 gp140,5.8830e-11,prime,1
REe21_wk56_25,REe21,56,SF162P3_MD64_B20,8.1670e-09,aislado_clinico,1
REe21_wk56_25,REe21,56,DU156_MD39_BET1,3.8780e-07,aislado_clinico,1
REe21_wk56_25,REe21,56,Q23.17_MD39_L14,2.6270e-06,aislado_clinico,0
REe21_wk56_25,REe21,56,SHIV_AD8_MD64,1.4590e-06,aislado_clinico,0
REe21_wk56_25,REe21,56,DU422-1_MD39v2_L14,1.2210e-05,aislado_clinico,0
REe21_wk56_25,REe21,56,p1981_MD39_BET1,3.6760e-07,aislado_clinico,1
REe21_wk56_25,REe21,56,TRO_11_MD39,1.5100e-06,aislado_clinico,0
REe21_wk56_25,REe21,56,0712_250_pblib001_RnS-2G_L14,1.3450e-05,aislado_clinico,0
REe21_wk56_25,REe21,56,0860_150_con_RnS-2G_L14,1.2730e-05,aislado_clinico,0
REe21_wk56_25,REe21,56,1026_120_sgaA5_RnS-2G_L14,1.0700e-05,aislado_clinico,0
REe21_wk56_25,REe21,56,V703-0537-RnSv2-2G_L14,1.6890e-07,aislado_clinico,1
REe21_wk56_65,REe21,56,N332-GT5 gp140,2.8400e-11,prime,1
REe21_wk56_65,REe21,56,SF162P3_MD64_B20,1.5220e-08,aislado_clinico,1
REe21_wk56_65,REe21,56,DU156_MD39_BET1,3.0160e-08,aislado_clinico,1
REe21_wk56_65,REe21,56,Q23.17_MD39_L14,9.5570e-07,aislado_clinico,1
REe21_wk56_65,REe21,56,SHIV_AD8_MD64,9.5980e-07,aislado_clinico,1
REe21_wk56_65,REe21,56,DU422-1_MD39v2_L14,3.2010e-06,aislado_clinico,0
REe21_wk56_65,REe21,56,p1981_MD39_BET1,1.7230e-07,aislado_clinico,1
REe21_wk56_65,REe21,56,TRO_11_MD39,5.9760e-07,aislado_clinico,1
REe21_wk56_65,REe21,56,0712_250_pblib001_RnS-2G_L14,1.3450e-05,aislado_clinico,0
REe21_wk56_65,REe21,56,0860_150_con_RnS-2G_L14,1.2110e-05,aislado_clinico,0
REe21_wk56_65,REe21,56,1026_120_sgaA5_RnS-2G_L14,1.7730e-06,aislado_clinico,0
REe21_wk56_65,REe21,56,V703-0537-RnSv2-2G_L14,1.2630e-07,aislado_clinico,1
REe21_wk56_68,REe21,56,N332-GT5 gp140,3.1240e-11,prime,1
REe21_wk56_68,REe21,56,SF162P3_MD64_B20,1.8910e-09,aislado_clinico,1
REe21_wk56_68,REe21,56,DU156_MD39_BET1,9.8090e-09,aislado_clinico,1
REe21_wk56_68,REe21,56,Q23.17_MD39_L14,5.4220e-07,aislado_clinico,1
REe21_wk56_68,REe21,56,SHIV_AD8_MD64,4.2650e-07,aislado_clinico,1
REe21_wk56_68,REe21,56,DU422-1_MD39v2_L14,1.3350e-06,aislado_clinico,0
REe21_wk56_68,REe21,56,p1981_MD39_BET1,8.2420e-08,aislado_clinico,1
REe21_wk56_68,REe21,56,TRO_11_MD39,2.4500e-07,aislado_clinico,1
REe21_wk56_68,REe21,56,0712_250_pblib001_RnS-2G_L14,1.3450e-05,aislado_clinico,0
REe21_wk56_68,REe21,56,0860_150_con_RnS-2G_L14,5.6620e-06,aislado_clinico,0
REe21_wk56_68,REe21,56,1026_120_sgaA5_RnS-2G_L14,5.7050e-07,aislado_clinico,1
REe21_wk56_68,REe21,56,V703-0537-RnSv2-2G_L14,2.9740e-08,aislado_clinico,1
REe21_wk56_69,REe21,56,N332-GT5 gp140,1.3920e-11,prime,1
REe21_wk56_69,REe21,56,SF162P3_MD64_B20,5.4090e-09,aislado_clinico,1
REe21_wk56_69,REe21,56,DU156_MD39_BET1,2.8800e-08,aislado_clinico,1
REe21_wk56_69,REe21,56,Q23.17_MD39_L14,5.3180e-07,aislado_clinico,1
REe21_wk56_69,REe21,56,SHIV_AD8_MD64,5.5020e-07,aislado_clinico,1
REe21_wk56_69,REe21,56,DU422-1_MD39v2_L14,2.7560e-06,aislado_clinico,0
REe21_wk56_69,REe21,56,p1981_MD39_BET1,1.0760e-07,aislado_clinico,1
REe21_wk56_69,REe21,56,TRO_11_MD39,3.6940e-07,aislado_clinico,1
REe21_wk56_69,REe21,56,0712_250_pblib001_RnS-2G_L14,1.3450e-05,aislado_clinico,0
REe21_wk56_69,REe21,56,0860_150_con_RnS-2G_L14,6.3970e-06,aislado_clinico,0
REe21_wk56_69,REe21,56,1026_120_sgaA5_RnS-2G_L14,9.7170e-07,aislado_clinico,1
REe21_wk56_69,REe21,56,V703-0537-RnSv2-2G_L14,4.2160e-08,aislado_clinico,1
REe21_wk56_70,REe21,56,N332-GT5 gp140,1.8190e-11,prime,1
REe21_wk56_70,REe21,56,SF162P3_MD64_B20,4.5210e-09,aislado_clinico,1
REe21_wk56_70,REe21,56,DU156_MD39_BET1,8.9620e-09,aislado_clinico,1
REe21_wk56_70,REe21,56,Q23.17_MD39_L14,4.9800e-07,aislado_clinico,1
REe21_wk56_70,REe21,56,SHIV_AD8_MD64,4.4930e-07,aislado_clinico,1
REe21_wk56_70,REe21,56,DU422-1_MD39v2_L14,2.3190e-06,aislado_clinico,0
REe21_wk56_70,REe21,56,p1981_MD39_BET1,1.4520e-07,aislado_clinico,1
REe21_wk56_70,REe21,56,TRO_11_MD39,4.3730e-07,aislado_clinico,1
REe21_wk56_70,REe21,56,0712_250_pblib001_RnS-2G_L14,1.3450e-05,aislado_clinico,0
REe21_wk56_70,REe21,56,0860_150_con_RnS-2G_L14,9.0860e-06,aislado_clinico,0
REe21_wk56_70,REe21,56,1026_120_sgaA5_RnS-2G_L14,1.0050e-06,aislado_clinico,0
REe21_wk56_70,REe21,56,V703-0537-RnSv2-2G_L14,6.3280e-08,aislado_clinico,1
REg21_wk56_24,REg21,56,N332-GT5 gp140,2.6630e-10,prime,1
REg21_wk56_24,REg21,56,SF162P3_MD64_B20,1.4450e-07,aislado_clinico,1
REg21_wk56_24,REg21,56,DU156_MD39_BET1,3.5530e-07,aislado_clinico,1
REg21_wk56_24,REg21,56,Q23.17_MD39_L14,5.4110e-06,aislado_clinico,0
REg21_wk56_24,REg21,56,SHIV_AD8_MD64,8.9310e-06,aislado_clinico,0
REg21_wk56_24,REg21,56,DU422-1_MD39v2_L14,1.2210e-05,aislado_clinico,0
REg21_wk56_24,REg21,56,p1981_MD39_BET1,4.6230e-07,aislado_clinico,1
REg21_wk56_24,REg21,56,TRO_11_MD39,1.2130e-05,aislado_clinico,0
REg21_wk56_24,REg21,56,0712_250_pblib001_RnS-2G_L14,1.3450e-05,aislado_clinico,0
REg21_wk56_24,REg21,56,0860_150_con_RnS-2G_L14,1.2730e-05,aislado_clinico,0
REg21_wk56_24,REg21,56,1026_120_sgaA5_RnS-2G_L14,1.0700e-05,aislado_clinico,0
REg21_wk56_24,REg21,56,V703-0537-RnSv2-2G_L14,4.8400e-06,aislado_clinico,0
REg21_wk56_56,REg21,56,N332-GT5 gp140,7.1670e-11,prime,1
REg21_wk56_56,REg21,56,SF162P3_MD64_B20,8.0660e-08,aislado_clinico,1
REg21_wk56_56,REg21,56,DU156_MD39_BET1,2.7870e-07,aislado_clinico,1
REg21_wk56_56,REg21,56,Q23.17_MD39_L14,2.5540e-06,aislado_clinico,0
REg21_wk56_56,REg21,56,SHIV_AD8_MD64,1.4700e-06,aislado_clinico,0
REg21_wk56_56,REg21,56,DU422-1_MD39v2_L14,1.2210e-05,aislado_clinico,0
REg21_wk56_56,REg21,56,p1981_MD39_BET1,5.8700e-07,aislado_clinico,1
REg21_wk56_56,REg21,56,TRO_11_MD39,2.6480e-06,aislado_clinico,0
REg21_wk56_56,REg21,56,0712_250_pblib001_RnS-2G_L14,1.3450e-05,aislado_clinico,0
REg21_wk56_56,REg21,56,0860_150_con_RnS-2G_L14,1.2730e-05,aislado_clinico,0
REg21_wk56_56,REg21,56,1026_120_sgaA5_RnS-2G_L14,1.0700e-05,aislado_clinico,0
REg21_wk56_56,REg21,56,V703-0537-RnSv2-2G_L14,4.6440e-07,aislado_clinico,1
REg21_wk56_58,REg21,56,N332-GT5 gp140,1.2640e-09,prime,1
REg21_wk56_58,REg21,56,SF162P3_MD64_B20,1.0180e-07,aislado_clinico,1
REg21_wk56_58,REg21,56,DU156_MD39_BET1,2.2080e-07,aislado_clinico,1
REg21_wk56_58,REg21,56,Q23.17_MD39_L14,1.5610e-06,aislado_clinico,0
REg21_wk56_58,REg21,56,SHIV_AD8_MD64,1.2360e-06,aislado_clinico,0
REg21_wk56_58,REg21,56,DU422-1_MD39v2_L14,1.2210e-05,aislado_clinico,0
REg21_wk56_58,REg21,56,p1981_MD39_BET1,3.4200e-07,aislado_clinico,1
REg21_wk56_58,REg21,56,TRO_11_MD39,2.3730e-06,aislado_clinico,0
REg21_wk56_58,REg21,56,0712_250_pblib001_RnS-2G_L14,1.3450e-05,aislado_clinico,0
REg21_wk56_58,REg21,56,0860_150_con_RnS-2G_L14,1.2730e-05,aislado_clinico,0
REg21_wk56_58,REg21,56,1026_120_sgaA5_RnS-2G_L14,1.0700e-05,aislado_clinico,0
REg21_wk56_58,REg21,56,V703-0537-RnSv2-2G_L14,5.0550e-07,aislado_clinico,1
REg21_wk56_59,REg21,56,N332-GT5 gp140,2.3540e-10,prime,1
REg21_wk56_59,REg21,56,SF162P3_MD64_B20,1.5460e-07,aislado_clinico,1
REg21_wk56_59,REg21,56,DU156_MD39_BET1,4.6310e-07,aislado_clinico,1
REg21_wk56_59,REg21,56,Q23.17_MD39_L14,5.6590e-06,aislado_clinico,0
REg21_wk56_59,REg21,56,SHIV_AD8_MD64,8.2540e-06,aislado_clinico,0
REg21_wk56_59,REg21,56,DU422-1_MD39v2_L14,1.2210e-05,aislado_clinico,0
REg21_wk56_59,REg21,56,p1981_MD39_BET1,6.2270e-07,aislado_clinico,1
REg21_wk56_59,REg21,56,TRO_11_MD39,4.1590e-06,aislado_clinico,0
REg21_wk56_59,REg21,56,0712_250_pblib001_RnS-2G_L14,1.3450e-05,aislado_clinico,0
REg21_wk56_59,REg21,56,0860_150_con_RnS-2G_L14,1.2730e-05,aislado_clinico,0
REg21_wk56_59,REg21,56,1026_120_sgaA5_RnS-2G_L14,1.0700e-05,aislado_clinico,0
REg21_wk56_59,REg21,56,V703-0537-RnSv2-2G_L14,9.3300e-07,aislado_clinico,1
REg21_wk56_60,REg21,56,N332-GT5 gp140,4.0170e-11,prime,1
REg21_wk56_60,REg21,56,SF162P3_MD64_B20,5.5100e-08,aislado_clinico,1
REg21_wk56_60,REg21,56,DU156_MD39_BET1,1.4800e-07,aislado_clinico,1
REg21_wk56_60,REg21,56,Q23.17_MD39_L14,1.0600e-06,aislado_clinico,0
REg21_wk56_60,REg21,56,SHIV_AD8_MD64,1.4300e-06,aislado_clinico,0
REg21_wk56_60,REg21,56,DU422-1_MD39v2_L14,8.9720e-06,aislado_clinico,0
REg21_wk56_60,REg21,56,p1981_MD39_BET1,3.1060e-07,aislado_clinico,1
REg21_wk56_60,REg21,56,TRO_11_MD39,1.9520e-06,aislado_clinico,0
REg21_wk56_60,REg21,56,0712_250_pblib001_RnS-2G_L14,1.3450e-05,aislado_clinico,0
REg21_wk56_60,REg21,56,0860_150_con_RnS-2G_L14,1.2730e-05,aislado_clinico,0
REg21_wk56_60,REg21,56,1026_120_sgaA5_RnS-2G_L14,1.0700e-05,aislado_clinico,0
REg21_wk56_60,REg21,56,V703-0537-RnSv2-2G_L14,4.1870e-07,aislado_clinico,1
REg21_wk56_61,REg21,56,N332-GT5 gp140,1.8810e-11,prime,1
REg21_wk56_61,REg21,56,SF162P3_MD64_B20,1.5670e-09,aislado_clinico,1
REg21_wk56_61,REg21,56,DU156_MD39_BET1,1.6540e-07,aislado_clinico,1
REg21_wk56_61,REg21,56,Q23.17_MD39_L14,1.2210e-06,aislado_clinico,0
REg21_wk56_61,REg21,56,SHIV_AD8_MD64,1.2900e-06,aislado_clinico,0
REg21_wk56_61,REg21,56,DU422-1_MD39v2_L14,9.7190e-06,aislado_clinico,0
REg21_wk56_61,REg21,56,p1981_MD39_BET1,2.6870e-07,aislado_clinico,1
REg21_wk56_61,REg21,56,TRO_11_MD39,2.3190e-06,aislado_clinico,0
REg21_wk56_61,REg21,56,0712_250_pblib001_RnS-2G_L14,1.3450e-05,aislado_clinico,0
REg21_wk56_61,REg21,56,0860_150_con_RnS-2G_L14,1.2730e-05,aislado_clinico,0
REg21_wk56_61,REg21,56,1026_120_sgaA5_RnS-2G_L14,1.0700e-05,aislado_clinico,0
REg21_wk56_61,REg21,56,V703-0537-RnSv2-2G_L14,1.8640e-07,aislado_clinico,1
REg21_wk56_62,REg21,56,N332-GT5 gp140,2.1820e-11,prime,1
REg21_wk56_62,REg21,56,SF162P3_MD64_B20,1.6610e-09,aislado_clinico,1
REg21_wk56_62,REg21,56,DU156_MD39_BET1,1.2370e-07,aislado_clinico,1
REg21_wk56_62,REg21,56,Q23.17_MD39_L14,1.1850e-06,aislado_clinico,0
REg21_wk56_62,REg21,56,SHIV_AD8_MD64,7.9310e-07,aislado_clinico,1
REg21_wk56_62,REg21,56,DU422-1_MD39v2_L14,5.3910e-06,aislado_clinico,0
REg21_wk56_62,REg21,56,p1981_MD39_BET1,2.4580e-07,aislado_clinico,1
REg21_wk56_62,REg21,56,TRO_11_MD39,1.4610e-06,aislado_clinico,0
REg21_wk56_62,REg21,56,0712_250_pblib001_RnS-2G_L14,1.3450e-05,aislado_clinico,0
REg21_wk56_62,REg21,56,0860_150_con_RnS-2G_L14,1.2730e-05,aislado_clinico,0
REg21_wk56_62,REg21,56,1026_120_sgaA5_RnS-2G_L14,1.0700e-05,aislado_clinico,0
REg21_wk56_62,REg21,56,V703-0537-RnSv2-2G_L14,9.6820e-08,aislado_clinico,1
REg21_wk56_63,REg21,56,N332-GT5 gp140,6.3480e-11,prime,1
REg21_wk56_63,REg21,56,SF162P3_MD64_B20,3.3380e-08,aislado_clinico,1
REg21_wk56_63,REg21,56,DU156_MD39_BET1,1.4670e-07,aislado_clinico,1
REg21_wk56_63,REg21,56,Q23.17_MD39_L14,1.1120e-06,aislado_clinico,0
REg21_wk56_63,REg21,56,SHIV_AD8_MD64,1.3120e-06,aislado_clinico,0
REg21_wk56_63,REg21,56,DU422-1_MD39v2_L14,1.2210e-05,aislado_clinico,0
REg21_wk56_63,REg21,56,p1981_MD39_BET1,3.0420e-07,aislado_clinico,1
REg21_wk56_63,REg21,56,TRO_11_MD39,1.9240e-06,aislado_clinico,0
REg21_wk56_63,REg21,56,0712_250_pblib001_RnS-2G_L14,1.3450e-05,aislado_clinico,0
REg21_wk56_63,REg21,56,0860_150_con_RnS-2G_L14,1.2730e-05,aislado_clinico,0
REg21_wk56_63,REg21,56,1026_120_sgaA5_RnS-2G_L14,1.0700e-05,aislado_clinico,0
REg21_wk56_63,REg21,56,V703-0537-RnSv2-2G_L14,3.2380e-07,aislado_clinico,1
REg21_wk56_66,REg21,56,N332-GT5 gp140,1.1920e-09,prime,1
REg21_wk56_66,REg21,56,SF162P3_MD64_B20,1.2020e-07,aislado_clinico,1
REg21_wk56_66,REg21,56,DU156_MD39_BET1,1.9770e-07,aislado_clinico,1
REg21_wk56_66,REg21,56,Q23.17_MD39_L14,1.7690e-06,aislado_clinico,0
REg21_wk56_66,REg21,56,SHIV_AD8_MD64,1.1530e-06,aislado_clinico,0
REg21_wk56_66,REg21,56,DU422-1_MD39v2_L14,1.2210e-05,aislado_clinico,0
REg21_wk56_66,REg21,56,p1981_MD39_BET1,4.0630e-07,aislado_clinico,1
REg21_wk56_66,REg21,56,TRO_11_MD39,2.4520e-06,aislado_clinico,0
REg21_wk56_66,REg21,56,0712_250_pblib001_RnS-2G_L14,1.3450e-05,aislado_clinico,0
REg21_wk56_66,REg21,56,0860_150_con_RnS-2G_L14,1.2730e-05,aislado_clinico,0
REg21_wk56_66,REg21,56,1026_120_sgaA5_RnS-2G_L14,1.0700e-05,aislado_clinico,0
REg21_wk56_66,REg21,56,V703-0537-RnSv2-2G_L14,5.3710e-07,aislado_clinico,1
RQd20_w56_22,RQd20,,N332-GT5 gp140,1.5810e-10,prime,1
RQd20_w56_22,RQd20,,SF162P3_MD64_B20,6.8770e-09,aislado_clinico,1
RQd20_w56_22,RQd20,,DU156_MD39_BET1,1.5190e-07,aislado_clinico,1
RQd20_w56_22,RQd20,,Q23.17_MD39_L14,1.3770e-05,aislado_clinico,0
RQd20_w56_22,RQd20,,SHIV_AD8_MD64,1.2380e-05,aislado_clinico,0
RQd20_w56_22,RQd20,,DU422-1_MD39v2_L14,1.2210e-05,aislado_clinico,0
RQd20_w56_22,RQd20,,p1981_MD39_BET1,3.1130e-06,aislado_clinico,0
RQd20_w56_22,RQd20,,TRO_11_MD39,1.2130e-05,aislado_clinico,0
RQd20_w56_22,RQd20,,0712_250_pblib001_RnS-2G_L14,1.3450e-05,aislado_clinico,0
RQd20_w56_22,RQd20,,0860_150_con_RnS-2G_L14,1.2730e-05,aislado_clinico,0
RQd20_w56_22,RQd20,,1026_120_sgaA5_RnS-2G_L14,1.0700e-05,aislado_clinico,0
RQd20_w56_22,RQd20,,V703-0537-RnSv2-2G_L14,1.7190e-06,aislado_clinico,0
RQd20_w56_23,RQd20,,N332-GT5 gp140,6.0920e-09,prime,1
RQd20_w56_23,RQd20,,SF162P3_MD64_B20,5.1740e-08,aislado_clinico,1
RQd20_w56_23,RQd20,,DU156_MD39_BET1,1.9440e-08,aislado_clinico,1
RQd20_w56_23,RQd20,,Q23.17_MD39_L14,1.7680e-07,aislado_clinico,1
RQd20_w56_23,RQd20,,SHIV_AD8_MD64,5.8170e-07,aislado_clinico,1
RQd20_w56_23,RQd20,,DU422-1_MD39v2_L14,1.2210e-05,aislado_clinico,0
RQd20_w56_23,RQd20,,p1981_MD39_BET1,1.1490e-07,aislado_clinico,1
RQd20_w56_23,RQd20,,TRO_11_MD39,6.7040e-07,aislado_clinico,1
RQd20_w56_23,RQd20,,0712_250_pblib001_RnS-2G_L14,9.7020e-06,aislado_clinico,0
RQd20_w56_23,RQd20,,0860_150_con_RnS-2G_L14,1.0520e-06,aislado_clinico,0
RQd20_w56_23,RQd20,,1026_120_sgaA5_RnS-2G_L14,9.4980e-07,aislado_clinico,1
RQd20_w56_23,RQd20,,V703-0537-RnSv2-2G_L14,3.5540e-07,aislado_clinico,1
RQd20_w56_24,RQd20,,N332-GT5 gp140,6.4570e-09,prime,1
RQd20_w56_24,RQd20,,SF162P3_MD64_B20,2.8980e-08,aislado_clinico,1
RQd20_w56_24,RQd20,,DU156_MD39_BET1,4.5710e-08,aislado_clinico,1
RQd20_w56_24,RQd20,,Q23.17_MD39_L14,1.8730e-07,aislado_clinico,1
RQd20_w56_24,RQd20,,SHIV_AD8_MD64,5.8350e-07,aislado_clinico,1
RQd20_w56_24,RQd20,,DU422-1_MD39v2_L14,1.2210e-05,aislado_clinico,0
RQd20_w56_24,RQd20,,p1981_MD39_BET1,5.5930e-08,aislado_clinico,1
RQd20_w56_24,RQd20,,TRO_11_MD39,7.4390e-07,aislado_clinico,1
RQd20_w56_24,RQd20,,0712_250_pblib001_RnS-2G_L14,1.3450e-05,aislado_clinico,0
RQd20_w56_24,RQd20,,0860_150_con_RnS-2G_L14,1.5850e-06,aislado_clinico,0
RQd20_w56_24,RQd20,,1026_120_sgaA5_RnS-2G_L14,1.4080e-06,aislado_clinico,0
RQd20_w56_24,RQd20,,V703-0537-RnSv2-2G_L14,6.0570e-07,aislado_clinico,1
RQd20_w56_25,RQd20,,N332-GT5 gp140,8.6670e-10,prime,1
RQd20_w56_25,RQd20,,SF162P3_MD64_B20,1.1430e-08,aislado_clinico,1
RQd20_w56_25,RQd20,,DU156_MD39_BET1,3.3840e-08,aislado_clinico,1
RQd20_w56_25,RQd20,,Q23.17_MD39_L14,3.8820e-07,aislado_clinico,1
RQd20_w56_25,RQd20,,SHIV_AD8_MD64,6.4530e-07,aislado_clinico,1
RQd20_w56_25,RQd20,,DU422-1_MD39v2_L14,1.2210e-05,aislado_clinico,0
RQd20_w56_25,RQd20,,p1981_MD39_BET1,5.2280e-08,aislado_clinico,1
RQd20_w56_25,RQd20,,TRO_11_MD39,2.7030e-06,aislado_clinico,0
RQd20_w56_25,RQd20,,0712_250_pblib001_RnS-2G_L14,1.3450e-05,aislado_clinico,0
RQd20_w56_25,RQd20,,0860_150_con_RnS-2G_L14,3.0470e-06,aislado_clinico,0
RQd20_w56_25,RQd20,,1026_120_sgaA5_RnS-2G_L14,5.4960e-06,aislado_clinico,0
RQd20_w56_25,RQd20,,V703-0537-RnSv2-2G_L14,6.0040e-08,aislado_clinico,1
RQd20_w56_26,RQd20,,N332-GT5 gp140,8.9760e-10,prime,1
RQd20_w56_26,RQd20,,SF162P3_MD64_B20,5.1330e-09,aislado_clinico,1
RQd20_w56_26,RQd20,,DU156_MD39_BET1,1.3760e-08,aislado_clinico,1
RQd20_w56_26,RQd20,,Q23.17_MD39_L14,2.8720e-07,aislado_clinico,1
RQd20_w56_26,RQd20,,SHIV_AD8_MD64,1.5550e-07,aislado_clinico,1
RQd20_w56_26,RQd20,,DU422-1_MD39v2_L14,1.8480e-06,aislado_clinico,0
RQd20_w56_26,RQd20,,p1981_MD39_BET1,4.8230e-08,aislado_clinico,1
RQd20_w56_26,RQd20,,TRO_11_MD39,3.5960e-07,aislado_clinico,1
RQd20_w56_26,RQd20,,0712_250_pblib001_RnS-2G_L14,1.3450e-05,aislado_clinico,0
RQd20_w56_26,RQd20,,0860_150_con_RnS-2G_L14,7.1660e-06,aislado_clinico,0
RQd20_w56_26,RQd20,,1026_120_sgaA5_RnS-2G_L14,3.1830e-06,aislado_clinico,0
RQd20_w56_26,RQd20,,V703-0537-RnSv2-2G_L14,1.3660e-08,aislado_clinico,1
RQd20_w56_27,RQd20,,N332-GT5 gp140,1.4410e-09,prime,1
RQd20_w56_27,RQd20,,SF162P3_MD64_B20,1.1510e-08,aislado_clinico,1
RQd20_w56_27,RQd20,,DU156_MD39_BET1,3.9840e-08,aislado_clinico,1
RQd20_w56_27,RQd20,,Q23.17_MD39_L14,2.1130e-07,aislado_clinico,1
RQd20_w56_27,RQd20,,SHIV_AD8_MD64,1.2380e-05,aislado_clinico,0
RQd20_w56_27,RQd20,,DU422-1_MD39v2_L14,1.2210e-05,aislado_clinico,0
RQd20_w56_27,RQd20,,p1981_MD39_BET1,9.1670e-08,aislado_clinico,1
RQd20_w56_27,RQd20,,TRO_11_MD39,7.0900e-07,aislado_clinico,1
RQd20_w56_27,RQd20,,0712_250_pblib001_RnS-2G_L14,1.3450e-05,aislado_clinico,0
RQd20_w56_27,RQd20,,0860_150_con_RnS-2G_L14,1.2730e-05,aislado_clinico,0
RQd20_w56_27,RQd20,,1026_120_sgaA5_RnS-2G_L14,1.0700e-05,aislado_clinico,0
RQd20_w56_27,RQd20,,V703-0537-RnSv2-2G_L14,2.4330e-08,aislado_clinico,1
RQd20_w56_28,RQd20,,N332-GT5 gp140,9.0590e-10,prime,1
RQd20_w56_28,RQd20,,SF162P3_MD64_B20,6.0060e-08,aislado_clinico,1
RQd20_w56_28,RQd20,,DU156_MD39_BET1,2.8920e-08,aislado_clinico,1
RQd20_w56_28,RQd20,,Q23.17_MD39_L14,3.7410e-07,aislado_clinico,1
RQd20_w56_28,RQd20,,SHIV_AD8_MD64,1.0950e-06,aislado_clinico,0
RQd20_w56_28,RQd20,,DU422-1_MD39v2_L14,1.2210e-05,aislado_clinico,0
RQd20_w56_28,RQd20,,p1981_MD39_BET1,2.4940e-07,aislado_clinico,1
RQd20_w56_28,RQd20,,TRO_11_MD39,1.4680e-06,aislado_clinico,0
RQd20_w56_28,RQd20,,0712_250_pblib001_RnS-2G_L14,1.3450e-05,aislado_clinico,0
RQd20_w56_28,RQd20,,0860_150_con_RnS-2G_L14,3.4420e-06,aislado_clinico,0
RQd20_w56_28,RQd20,,1026_120_sgaA5_RnS-2G_L14,2.7380e-06,aislado_clinico,0
RQd20_w56_28,RQd20,,V703-0537-RnSv2-2G_L14,8.1280e-07,aislado_clinico,1
RQd20_w56_29,RQd20,,N332-GT5 gp140,2.2810e-10,prime,1
RQd20_w56_29,RQd20,,SF162P3_MD64_B20,5.7190e-09,aislado_clinico,1
RQd20_w56_29,RQd20,,DU156_MD39_BET1,1.2900e-08,aislado_clinico,1
RQd20_w56_29,RQd20,,Q23.17_MD39_L14,2.8450e-07,aislado_clinico,1
RQd20_w56_29,RQd20,,SHIV_AD8_MD64,5.7460e-07,aislado_clinico,1
RQd20_w56_29,RQd20,,DU422-1_MD39v2_L14,4.0900e-05,aislado_clinico,0
RQd20_w56_29,RQd20,,p1981_MD39_BET1,1.6160e-07,aislado_clinico,1
RQd20_w56_29,RQd20,,TRO_11_MD39,5.1860e-07,aislado_clinico,1
RQd20_w56_29,RQd20,,0712_250_pblib001_RnS-2G_L14,1.5570e-05,aislado_clinico,0
RQd20_w56_29,RQd20,,0860_150_con_RnS-2G_L14,2.6960e-06,aislado_clinico,0
RQd20_w56_29,RQd20,,1026_120_sgaA5_RnS-2G_L14,2.1750e-06,aislado_clinico,0
RQd20_w56_29,RQd20,,V703-0537-RnSv2-2G_L14,3.0410e-07,aislado_clinico,1
RQd20_w56_30,RQd20,,N332-GT5 gp140,6.9770e-11,prime,1
RQd20_w56_30,RQd20,,SF162P3_MD64_B20,4.6980e-09,aislado_clinico,1
RQd20_w56_30,RQd20,,DU156_MD39_BET1,1.4420e-08,aislado_clinico,1
RQd20_w56_30,RQd20,,Q23.17_MD39_L14,1.5060e-06,aislado_clinico,0
RQd20_w56_30,RQd20,,SHIV_AD8_MD64,8.1230e-07,aislado_clinico,1
RQd20_w56_30,RQd20,,DU422-1_MD39v2_L14,7.0880e-06,aislado_clinico,0
RQd20_w56_30,RQd20,,p1981_MD39_BET1,1.2930e-06,aislado_clinico,0
RQd20_w56_30,RQd20,,TRO_11_MD39,8.6860e-07,aislado_clinico,1
RQd20_w56_30,RQd20,,0712_250_pblib001_RnS-2G_L14,1.3450e-05,aislado_clinico,0
RQd20_w56_30,RQd20,,0860_150_con_RnS-2G_L14,1.2730e-05,aislado_clinico,0
RQd20_w56_30,RQd20,,1026_120_sgaA5_RnS-2G_L14,1.0700e-05,aislado_clinico,0
RQd20_w56_30,RQd20,,V703-0537-RnSv2-2G_L14,7.4760e-07,aislado_clinico,1
RDj20_wk72_67,RDj20,72,N332-GT5 gp140,9.6690e-12,prime,1
RDj20_wk72_67,RDj20,72,SF162P3_MD64_B20,2.3370e-06,aislado_clinico,0
RDj20_wk72_67,RDj20,72,DU156_MD39_BET1,1.3010e-05,aislado_clinico,0
RDj20_wk72_67,RDj20,72,Q23.17_MD39_L14,1.0270e-05,aislado_clinico,0
RDj20_wk72_67,RDj20,72,SHIV_AD8_MD64,1.2380e-05,aislado_clinico,0
RDj20_wk72_67,RDj20,72,DU422-1_MD39v2_L14,1.2210e-05,aislado_clinico,0
RDj20_wk72_67,RDj20,72,p1981_MD39_BET1,1.3420e-05,aislado_clinico,0
RDj20_wk72_67,RDj20,72,TRO_11_MD39,1.2130e-05,aislado_clinico,0
RDj20_wk72_67,RDj20,72,0712_250_pblib001_RnS-2G_L14,1.3450e-05,aislado_clinico,0
RDj20_wk72_67,RDj20,72,0860_150_con_RnS-2G_L14,1.2730e-05,aislado_clinico,0
RDj20_wk72_67,RDj20,72,1026_120_sgaA5_RnS-2G_L14,1.0700e-05,aislado_clinico,0
RDj20_wk72_67,RDj20,72,V703-0537-RnSv2-2G_L14,1.3010e-05,aislado_clinico,0
RFe21_wk72_68,RFe21,72,N332-GT5 gp140,3.4790e-12,prime,1
RFe21_wk72_68,RFe21,72,SF162P3_MD64_B20,1.2040e-05,aislado_clinico,0
RFe21_wk72_68,RFe21,72,DU156_MD39_BET1,1.3010e-05,aislado_clinico,0
RFe21_wk72_68,RFe21,72,Q23.17_MD39_L14,1.0270e-05,aislado_clinico,0
RFe21_wk72_68,RFe21,72,SHIV_AD8_MD64,1.2380e-05,aislado_clinico,0
RFe21_wk72_68,RFe21,72,DU422-1_MD39v2_L14,1.2210e-05,aislado_clinico,0
RFe21_wk72_68,RFe21,72,p1981_MD39_BET1,1.3420e-05,aislado_clinico,0
RFe21_wk72_68,RFe21,72,TRO_11_MD39,1.2130e-05,aislado_clinico,0
RFe21_wk72_68,RFe21,72,0712_250_pblib001_RnS-2G_L14,1.3450e-05,aislado_clinico,0
RFe21_wk72_68,RFe21,72,0860_150_con_RnS-2G_L14,1.2730e-05,aislado_clinico,0
RFe21_wk72_68,RFe21,72,1026_120_sgaA5_RnS-2G_L14,1.0700e-05,aislado_clinico,0
RFe21_wk72_68,RFe21,72,V703-0537-RnSv2-2G_L14,1.3010e-05,aislado_clinico,0
RLz20_wk72_69,RLz20,72,N332-GT5 gp140,1.4250e-11,prime,1
RLz20_wk72_69,RLz20,72,SF162P3_MD64_B20,3.0070e-06,aislado_clinico,0
RLz20_wk72_69,RLz20,72,DU156_MD39_BET1,1.3010e-05,aislado_clinico,0
RLz20_wk72_69,RLz20,72,Q23.17_MD39_L14,1.0270e-05,aislado_clinico,0
RLz20_wk72_69,RLz20,72,SHIV_AD8_MD64,1.2380e-05,aislado_clinico,0
RLz20_wk72_69,RLz20,72,DU422-1_MD39v2_L14,1.2210e-05,aislado_clinico,0
RLz20_wk72_69,RLz20,72,p1981_MD39_BET1,1.3420e-05,aislado_clinico,0
RLz20_wk72_69,RLz20,72,TRO_11_MD39,1.2130e-05,aislado_clinico,0
RLz20_wk72_69,RLz20,72,0712_250_pblib001_RnS-2G_L14,1.3450e-05,aislado_clinico,0
RLz20_wk72_69,RLz20,72,0860_150_con_RnS-2G_L14,1.2730e-05,aislado_clinico,0
RLz20_wk72_69,RLz20,72,1026_120_sgaA5_RnS-2G_L14,1.0700e-05,aislado_clinico,0
RLz20_wk72_69,RLz20,72,V703-0537-RnSv2-2G_L14,1.3010e-05,aislado_clinico,0
RTd20_wk72_63,RTd20,72,N332-GT5 gp140,6.5950e-12,prime,1
RTd20_wk72_63,RTd20,72,SF162P3_MD64_B20,1.2040e-05,aislado_clinico,0
RTd20_wk72_63,RTd20,72,DU156_MD39_BET1,1.3010e-05,aislado_clinico,0
RTd20_wk72_63,RTd20,72,Q23.17_MD39_L14,1.0270e-05,aislado_clinico,0
RTd20_wk72_63,RTd20,72,SHIV_AD8_MD64,1.2380e-05,aislado_clinico,0
RTd20_wk72_63,RTd20,72,DU422-1_MD39v2_L14,1.2210e-05,aislado_clinico,0
RTd20_wk72_63,RTd20,72,p1981_MD39_BET1,1.3420e-05,aislado_clinico,0
RTd20_wk72_63,RTd20,72,TRO_11_MD39,1.2130e-05,aislado_clinico,0
RTd20_wk72_63,RTd20,72,0712_250_pblib001_RnS-2G_L14,1.3450e-05,aislado_clinico,0
RTd20_wk72_63,RTd20,72,0860_150_con_RnS-2G_L14,1.2730e-05,aislado_clinico,0
RTd20_wk72_63,RTd20,72,1026_120_sgaA5_RnS-2G_L14,1.0700e-05,aislado_clinico,0
RTd20_wk72_63,RTd20,72,V703-0537-RnSv2-2G_L14,1.3010e-05,aislado_clinico,0
RZc21_wk72_65,RZc21,72,N332-GT5 gp140,3.1560e-11,prime,1
RZc21_wk72_65,RZc21,72,SF162P3_MD64_B20,1.2040e-05,aislado_clinico,0
RZc21_wk72_65,RZc21,72,DU156_MD39_BET1,1.3010e-05,aislado_clinico,0
RZc21_wk72_65,RZc21,72,Q23.17_MD39_L14,1.0270e-05,aislado_clinico,0
RZc21_wk72_65,RZc21,72,SHIV_AD8_MD64,1.2380e-05,aislado_clinico,0
RZc21_wk72_65,RZc21,72,DU422-1_MD39v2_L14,1.2210e-05,aislado_clinico,0
RZc21_wk72_65,RZc21,72,p1981_MD39_BET1,1.3420e-05,aislado_clinico,0
RZc21_wk72_65,RZc21,72,TRO_11_MD39,1.2130e-05,aislado_clinico,0
RZc21_wk72_65,RZc21,72,0712_250_pblib001_RnS-2G_L14,1.3450e-05,aislado_clinico,0
RZc21_wk72_65,RZc21,72,0860_150_con_RnS-2G_L14,1.2730e-05,aislado_clinico,0
RZc21_wk72_65,RZc21,72,1026_120_sgaA5_RnS-2G_L14,1.0700e-05,aislado_clinico,0
RZc21_wk72_65,RZc21,72,V703-0537-RnSv2-2G_L14,1.3010e-05,aislado_clinico,0
RZc21_wk72_66,RZc21,72,N332-GT5 gp140,3.8990e-11,prime,1
RZc21_wk72_66,RZc21,72,SF162P3_MD64_B20,1.2040e-05,aislado_clinico,0
RZc21_wk72_66,RZc21,72,DU156_MD39_BET1,1.3010e-05,aislado_clinico,0
RZc21_wk72_66,RZc21,72,Q23.17_MD39_L14,1.0270e-05,aislado_clinico,0
RZc21_wk72_66,RZc21,72,SHIV_AD8_MD64,1.2380e-05,aislado_clinico,0
RZc21_wk72_66,RZc21,72,DU422-1_MD39v2_L14,1.2210e-05,aislado_clinico,0
RZc21_wk72_66,RZc21,72,p1981_MD39_BET1,1.3420e-05,aislado_clinico,0
RZc21_wk72_66,RZc21,72,TRO_11_MD39,1.2130e-05,aislado_clinico,0
RZc21_wk72_66,RZc21,72,0712_250_pblib001_RnS-2G_L14,1.3450e-05,aislado_clinico,0
RZc21_wk72_66,RZc21,72,0860_150_con_RnS-2G_L14,1.2730e-05,aislado_clinico,0
RZc21_wk72_66,RZc21,72,1026_120_sgaA5_RnS-2G_L14,1.0700e-05,aislado_clinico,0
RZc21_wk72_66,RZc21,72,V703-0537-RnSv2-2G_L14,1.3010e-05,aislado_clinico,0
RKb21_wk72_44,RKb21,72,N332-GT5 gp140,2.9300e-10,prime,1
RKb21_wk72_44,RKb21,72,SF162P3_MD64_B20,2.8500e-09,aislado_clinico,1
RKb21_wk72_44,RKb21,72,DU156_MD39_BET1,1.0060e-08,aislado_clinico,1
RKb21_wk72_44,RKb21,72,Q23.17_MD39_L14,1.0010e-07,aislado_clinico,1
RKb21_wk72_44,RKb21,72,SHIV_AD8_MD64,1.9120e-08,aislado_clinico,1
RKb21_wk72_44,RKb21,72,DU422-1_MD39v2_L14,2.1150e-06,aislado_clinico,0
RKb21_wk72_44,RKb21,72,p1981_MD39_BET1,9.0910e-09,aislado_clinico,1
RKb21_wk72_44,RKb21,72,TRO_11_MD39,2.6780e-07,aislado_clinico,1
RKb21_wk72_44,RKb21,72,0712_250_pblib001_RnS-2G_L14,1.3450e-05,aislado_clinico,0
RKb21_wk72_44,RKb21,72,0860_150_con_RnS-2G_L14,6.0350e-06,aislado_clinico,0
RKb21_wk72_44,RKb21,72,1026_120_sgaA5_RnS-2G_L14,2.4550e-06,aislado_clinico,0
RKb21_wk72_44,RKb21,72,V703-0537-RnSv2-2G_L14,1.5130e-08,aislado_clinico,1
RKb21_wk72_45,RKb21,72,N332-GT5 gp140,2.7780e-10,prime,1
RKb21_wk72_45,RKb21,72,SF162P3_MD64_B20,4.6120e-09,aislado_clinico,1
RKb21_wk72_45,RKb21,72,DU156_MD39_BET1,7.5500e-09,aislado_clinico,1
RKb21_wk72_45,RKb21,72,Q23.17_MD39_L14,4.2180e-07,aislado_clinico,1
RKb21_wk72_45,RKb21,72,SHIV_AD8_MD64,5.4120e-08,aislado_clinico,1
RKb21_wk72_45,RKb21,72,DU422-1_MD39v2_L14,1.7180e-06,aislado_clinico,0
RKb21_wk72_45,RKb21,72,p1981_MD39_BET1,3.3950e-08,aislado_clinico,1
RKb21_wk72_45,RKb21,72,TRO_11_MD39,4.3460e-07,aislado_clinico,1
RKb21_wk72_45,RKb21,72,0712_250_pblib001_RnS-2G_L14,1.3450e-05,aislado_clinico,0
RKb21_wk72_45,RKb21,72,0860_150_con_RnS-2G_L14,1.2730e-05,aislado_clinico,0
RKb21_wk72_45,RKb21,72,1026_120_sgaA5_RnS-2G_L14,6.4020e-06,aislado_clinico,0
RKb21_wk72_45,RKb21,72,V703-0537-RnSv2-2G_L14,1.8640e-07,aislado_clinico,1
RKb21_wk72_46,RKb21,72,N332-GT5 gp140,5.7460e-10,prime,1
RKb21_wk72_46,RKb21,72,SF162P3_MD64_B20,9.8610e-09,aislado_clinico,1
RKb21_wk72_46,RKb21,72,DU156_MD39_BET1,9.0040e-09,aislado_clinico,1
RKb21_wk72_46,RKb21,72,Q23.17_MD39_L14,1.6890e-07,aislado_clinico,1
RKb21_wk72_46,RKb21,72,SHIV_AD8_MD64,1.0630e-07,aislado_clinico,1
RKb21_wk72_46,RKb21,72,DU422-1_MD39v2_L14,8.2010e-07,aislado_clinico,1
RKb21_wk72_46,RKb21,72,p1981_MD39_BET1,2.5790e-08,aislado_clinico,1
RKb21_wk72_46,RKb21,72,TRO_11_MD39,5.4950e-07,aislado_clinico,1
RKb21_wk72_46,RKb21,72,0712_250_pblib001_RnS-2G_L14,1.3450e-05,aislado_clinico,0
RKb21_wk72_46,RKb21,72,0860_150_con_RnS-2G_L14,1.2730e-05,aislado_clinico,0
RKb21_wk72_46,RKb21,72,1026_120_sgaA5_RnS-2G_L14,3.4090e-06,aislado_clinico,0
RKb21_wk72_46,RKb21,72,V703-0537-RnSv2-2G_L14,2.1270e-07,aislado_clinico,1
RKb21_wk72_47,RKb21,72,N332-GT5 gp140,1.1130e-10,prime,1
RKb21_wk72_47,RKb21,72,SF162P3_MD64_B20,2.3730e-09,aislado_clinico,1
RKb21_wk72_47,RKb21,72,DU156_MD39_BET1,1.0610e-08,aislado_clinico,1
RKb21_wk72_47,RKb21,72,Q23.17_MD39_L14,9.8960e-08,aislado_clinico,1
RKb21_wk72_47,RKb21,72,SHIV_AD8_MD64,8.5410e-08,aislado_clinico,1
RKb21_wk72_47,RKb21,72,DU422-1_MD39v2_L14,2.7990e-06,aislado_clinico,0
RKb21_wk72_47,RKb21,72,p1981_MD39_BET1,1.4400e-08,aislado_clinico,1
RKb21_wk72_47,RKb21,72,TRO_11_MD39,2.7070e-07,aislado_clinico,1
RKb21_wk72_47,RKb21,72,0712_250_pblib001_RnS-2G_L14,1.3450e-05,aislado_clinico,0
RKb21_wk72_47,RKb21,72,0860_150_con_RnS-2G_L14,5.8420e-06,aislado_clinico,0
RKb21_wk72_47,RKb21,72,1026_120_sgaA5_RnS-2G_L14,2.7700e-06,aislado_clinico,0
RKb21_wk72_47,RKb21,72,V703-0537-RnSv2-2G_L14,3.7020e-08,aislado_clinico,1
RKb21_wk72_48,RKb21,72,N332-GT5 gp140,4.7740e-10,prime,1
RKb21_wk72_48,RKb21,72,SF162P3_MD64_B20,9.5330e-09,aislado_clinico,1
RKb21_wk72_48,RKb21,72,DU156_MD39_BET1,1.2180e-08,aislado_clinico,1
RKb21_wk72_48,RKb21,72,Q23.17_MD39_L14,7.7950e-08,aislado_clinico,1
RKb21_wk72_48,RKb21,72,SHIV_AD8_MD64,1.2820e-07,aislado_clinico,1
RKb21_wk72_48,RKb21,72,DU422-1_MD39v2_L14,6.4580e-07,aislado_clinico,1
RKb21_wk72_48,RKb21,72,p1981_MD39_BET1,6.9160e-08,aislado_clinico,1
RKb21_wk72_48,RKb21,72,TRO_11_MD39,2.3900e-07,aislado_clinico,1
RKb21_wk72_48,RKb21,72,0712_250_pblib001_RnS-2G_L14,1.3450e-05,aislado_clinico,0
RKb21_wk72_48,RKb21,72,0860_150_con_RnS-2G_L14,8.0460e-06,aislado_clinico,0
RKb21_wk72_48,RKb21,72,1026_120_sgaA5_RnS-2G_L14,2.3880e-06,aislado_clinico,0
RKb21_wk72_48,RKb21,72,V703-0537-RnSv2-2G_L14,6.5400e-08,aislado_clinico,1
RSz19_wk72_70,RSz19,72,N332-GT5 gp140,4.3950e-11,prime,1
RSz19_wk72_70,RSz19,72,SF162P3_MD64_B20,6.3730e-09,aislado_clinico,1
RSz19_wk72_70,RSz19,72,DU156_MD39_BET1,5.3820e-08,aislado_clinico,1
RSz19_wk72_70,RSz19,72,Q23.17_MD39_L14,1.2360e-06,aislado_clinico,0
RSz19_wk72_70,RSz19,72,SHIV_AD8_MD64,1.2420e-06,aislado_clinico,0
RSz19_wk72_70,RSz19,72,DU422-1_MD39v2_L14,8.2450e-06,aislado_clinico,0
RSz19_wk72_70,RSz19,72,p1981_MD39_BET1,4.7600e-07,aislado_clinico,1
RSz19_wk72_70,RSz19,72,TRO_11_MD39,5.4630e-07,aislado_clinico,1
RSz19_wk72_70,RSz19,72,0712_250_pblib001_RnS-2G_L14,1.3450e-05,aislado_clinico,0
RSz19_wk72_70,RSz19,72,0860_150_con_RnS-2G_L14,1.2730e-05,aislado_clinico,0
RSz19_wk72_70,RSz19,72,1026_120_sgaA5_RnS-2G_L14,8.3850e-06,aislado_clinico,0
RSz19_wk72_70,RSz19,72,V703-0537-RnSv2-2G_L14,3.1490e-07,aislado_clinico,1
RSz19_wk72_71,RSz19,72,N332-GT5 gp140,2.7270e-10,prime,1
RSz19_wk72_71,RSz19,72,SF162P3_MD64_B20,4.7160e-09,aislado_clinico,1
RSz19_wk72_71,RSz19,72,DU156_MD39_BET1,1.0090e-08,aislado_clinico,1
RSz19_wk72_71,RSz19,72,Q23.17_MD39_L14,1.5890e-07,aislado_clinico,1
RSz19_wk72_71,RSz19,72,SHIV_AD8_MD64,2.1550e-08,aislado_clinico,1
RSz19_wk72_71,RSz19,72,DU422-1_MD39v2_L14,2.3970e-07,aislado_clinico,1
RSz19_wk72_71,RSz19,72,p1981_MD39_BET1,2.8170e-08,aislado_clinico,1
RSz19_wk72_71,RSz19,72,TRO_11_MD39,9.2330e-08,aislado_clinico,1
RSz19_wk72_71,RSz19,72,0712_250_pblib001_RnS-2G_L14,1.3450e-05,aislado_clinico,0
RSz19_wk72_71,RSz19,72,0860_150_con_RnS-2G_L14,1.2730e-05,aislado_clinico,0
RSz19_wk72_71,RSz19,72,1026_120_sgaA5_RnS-2G_L14,1.5240e-06,aislado_clinico,0
RSz19_wk72_71,RSz19,72,V703-0537-RnSv2-2G_L14,1.2470e-08,aislado_clinico,1
RSz19_wk72_72,RSz19,72,N332-GT5 gp140,4.0630e-10,prime,1
RSz19_wk72_72,RSz19,72,SF162P3_MD64_B20,5.0830e-09,aislado_clinico,1
RSz19_wk72_72,RSz19,72,DU156_MD39_BET1,9.9610e-09,aislado_clinico,1
RSz19_wk72_72,RSz19,72,Q23.17_MD39_L14,2.9930e-07,aislado_clinico,1
RSz19_wk72_72,RSz19,72,SHIV_AD8_MD64,1.1000e-07,aislado_clinico,1
RSz19_wk72_72,RSz19,72,DU422-1_MD39v2_L14,3.6950e-06,aislado_clinico,0
RSz19_wk72_72,RSz19,72,p1981_MD39_BET1,7.2480e-08,aislado_clinico,1
RSz19_wk72_72,RSz19,72,TRO_11_MD39,1.4340e-07,aislado_clinico,1
RSz19_wk72_72,RSz19,72,0712_250_pblib001_RnS-2G_L14,1.3450e-05,aislado_clinico,0
RSz19_wk72_72,RSz19,72,0860_150_con_RnS-2G_L14,1.2730e-05,aislado_clinico,0
RSz19_wk72_72,RSz19,72,1026_120_sgaA5_RnS-2G_L14,1.0700e-05,aislado_clinico,0
RSz19_wk72_72,RSz19,72,V703-0537-RnSv2-2G_L14,1.7760e-07,aislado_clinico,1
RSz19_wk72_73,RSz19,72,N332-GT5 gp140,4.8700e-10,prime,1
RSz19_wk72_73,RSz19,72,SF162P3_MD64_B20,1.2310e-08,aislado_clinico,1
RSz19_wk72_73,RSz19,72,DU156_MD39_BET1,1.0240e-08,aislado_clinico,1
RSz19_wk72_73,RSz19,72,Q23.17_MD39_L14,4.1500e-07,aislado_clinico,1
RSz19_wk72_73,RSz19,72,SHIV_AD8_MD64,5.0110e-07,aislado_clinico,1
RSz19_wk72_73,RSz19,72,DU422-1_MD39v2_L14,2.3250e-06,aislado_clinico,0
RSz19_wk72_73,RSz19,72,p1981_MD39_BET1,2.5790e-07,aislado_clinico,1
RSz19_wk72_73,RSz19,72,TRO_11_MD39,1.7750e-07,aislado_clinico,1
RSz19_wk72_73,RSz19,72,0712_250_pblib001_RnS-2G_L14,1.3450e-05,aislado_clinico,0
RSz19_wk72_73,RSz19,72,0860_150_con_RnS-2G_L14,1.2730e-05,aislado_clinico,0
RSz19_wk72_73,RSz19,72,1026_120_sgaA5_RnS-2G_L14,2.3590e-06,aislado_clinico,0
RSz19_wk72_73,RSz19,72,V703-0537-RnSv2-2G_L14,1.2220e-07,aislado_clinico,1
RSz19_wk72_40,RSz19,72,N332-GT5 gp140,1.5040e-09,prime,1
RSz19_wk72_40,RSz19,72,SF162P3_MD64_B20,2.8900e-08,aislado_clinico,1
RSz19_wk72_40,RSz19,72,DU156_MD39_BET1,1.3840e-08,aislado_clinico,1
RSz19_wk72_40,RSz19,72,Q23.17_MD39_L14,7.0180e-08,aislado_clinico,1
RSz19_wk72_40,RSz19,72,SHIV_AD8_MD64,5.4290e-08,aislado_clinico,1
RSz19_wk72_40,RSz19,72,DU422-1_MD39v2_L14,7.0850e-06,aislado_clinico,0
RSz19_wk72_40,RSz19,72,p1981_MD39_BET1,6.6780e-08,aislado_clinico,1
RSz19_wk72_40,RSz19,72,TRO_11_MD39,6.5700e-07,aislado_clinico,1
RSz19_wk72_40,RSz19,72,0712_250_pblib001_RnS-2G_L14,1.3450e-05,aislado_clinico,0
RSz19_wk72_40,RSz19,72,0860_150_con_RnS-2G_L14,1.2730e-05,aislado_clinico,0
RSz19_wk72_40,RSz19,72,1026_120_sgaA5_RnS-2G_L14,7.8210e-06,aislado_clinico,0
RSz19_wk72_40,RSz19,72,V703-0537-RnSv2-2G_L14,3.6570e-08,aislado_clinico,1
RSz19_wk72_41,RSz19,72,N332-GT5 gp140,1.4220e-09,prime,1
RSz19_wk72_41,RSz19,72,SF162P3_MD64_B20,2.7530e-08,aislado_clinico,1
RSz19_wk72_41,RSz19,72,DU156_MD39_BET1,1.0240e-08,aislado_clinico,1
RSz19_wk72_41,RSz19,72,Q23.17_MD39_L14,1.4490e-07,aislado_clinico,1
RSz19_wk72_41,RSz19,72,SHIV_AD8_MD64,1.9280e-07,aislado_clinico,1
RSz19_wk72_41,RSz19,72,DU422-1_MD39v2_L14,1.2210e-05,aislado_clinico,0
RSz19_wk72_41,RSz19,72,p1981_MD39_BET1,7.1440e-09,aislado_clinico,1
RSz19_wk72_41,RSz19,72,TRO_11_MD39,3.6610e-07,aislado_clinico,1
RSz19_wk72_41,RSz19,72,0712_250_pblib001_RnS-2G_L14,1.3450e-05,aislado_clinico,0
RSz19_wk72_41,RSz19,72,0860_150_con_RnS-2G_L14,1.2730e-05,aislado_clinico,0
RSz19_wk72_41,RSz19,72,1026_120_sgaA5_RnS-2G_L14,6.1120e-06,aislado_clinico,0
RSz19_wk72_41,RSz19,72,V703-0537-RnSv2-2G_L14,8.8520e-08,aislado_clinico,1
RSz19_wk72_42,RSz19,72,N332-GT5 gp140,1.5730e-09,prime,1
RSz19_wk72_42,RSz19,72,SF162P3_MD64_B20,6.1960e-09,aislado_clinico,1
RSz19_wk72_42,RSz19,72,DU156_MD39_BET1,1.1120e-08,aislado_clinico,1
RSz19_wk72_42,RSz19,72,Q23.17_MD39_L14,1.2490e-07,aislado_clinico,1
RSz19_wk72_42,RSz19,72,SHIV_AD8_MD64,7.6310e-08,aislado_clinico,1
RSz19_wk72_42,RSz19,72,DU422-1_MD39v2_L14,2.8770e-06,aislado_clinico,0
RSz19_wk72_42,RSz19,72,p1981_MD39_BET1,8.4740e-09,aislado_clinico,1
RSz19_wk72_42,RSz19,72,TRO_11_MD39,1.2320e-06,aislado_clinico,0
RSz19_wk72_42,RSz19,72,0712_250_pblib001_RnS-2G_L14,1.3450e-05,aislado_clinico,0
RSz19_wk72_42,RSz19,72,0860_150_con_RnS-2G_L14,1.2730e-05,aislado_clinico,0
RSz19_wk72_42,RSz19,72,1026_120_sgaA5_RnS-2G_L14,1.0700e-05,aislado_clinico,0
RSz19_wk72_42,RSz19,72,V703-0537-RnSv2-2G_L14,2.5730e-07,aislado_clinico,1
RSz19_wk72_43,RSz19,72,N332-GT5 gp140,4.5850e-09,prime,1
RSz19_wk72_43,RSz19,72,SF162P3_MD64_B20,6.6540e-09,aislado_clinico,1
RSz19_wk72_43,RSz19,72,DU156_MD39_BET1,1.2870e-08,aislado_clinico,1
RSz19_wk72_43,RSz19,72,Q23.17_MD39_L14,1.2080e-07,aislado_clinico,1
RSz19_wk72_43,RSz19,72,SHIV_AD8_MD64,1.4890e-07,aislado_clinico,1
RSz19_wk72_43,RSz19,72,DU422-1_MD39v2_L14,1.1870e-05,aislado_clinico,0
RSz19_wk72_43,RSz19,72,p1981_MD39_BET1,8.6200e-08,aislado_clinico,1
RSz19_wk72_43,RSz19,72,TRO_11_MD39,7.5660e-07,aislado_clinico,1
RSz19_wk72_43,RSz19,72,0712_250_pblib001_RnS-2G_L14,1.3450e-05,aislado_clinico,0
RSz19_wk72_43,RSz19,72,0860_150_con_RnS-2G_L14,1.2730e-05,aislado_clinico,0
RSz19_wk72_43,RSz19,72,1026_120_sgaA5_RnS-2G_L14,1.0700e-05,aislado_clinico,0
RSz19_wk72_43,RSz19,72,V703-0537-RnSv2-2G_L14,8.7430e-08,aislado_clinico,1
RKm20_wk72_64,RKm20,72,N332-GT5 gp140,4.3570e-10,prime,1
RKm20_wk72_64,RKm20,72,SF162P3_MD64_B20,5.7140e-08,aislado_clinico,1
RKm20_wk72_64,RKm20,72,DU156_MD39_BET1,4.7040e-09,aislado_clinico,1
RKm20_wk72_64,RKm20,72,Q23.17_MD39_L14,9.1240e-07,aislado_clinico,1
RKm20_wk72_64,RKm20,72,SHIV_AD8_MD64,1.0640e-06,aislado_clinico,0
RKm20_wk72_64,RKm20,72,DU422-1_MD39v2_L14,1.2210e-05,aislado_clinico,0
RKm20_wk72_64,RKm20,72,p1981_MD39_BET1,1.0720e-07,aislado_clinico,1
RKm20_wk72_64,RKm20,72,TRO_11_MD39,2.2350e-06,aislado_clinico,0
RKm20_wk72_64,RKm20,72,0712_250_pblib001_RnS-2G_L14,1.3450e-05,aislado_clinico,0
RKm20_wk72_64,RKm20,72,0860_150_con_RnS-2G_L14,1.2730e-05,aislado_clinico,0
RKm20_wk72_64,RKm20,72,1026_120_sgaA5_RnS-2G_L14,1.0700e-05,aislado_clinico,0
RKm20_wk72_64,RKm20,72,V703-0537-RnSv2-2G_L14,6.1910e-07,aislado_clinico,1
RLf21_wk72_49,RLf21,72,N332-GT5 gp140,1.9140e-09,prime,1
RLf21_wk72_49,RLf21,72,SF162P3_MD64_B20,1.8700e-08,aislado_clinico,1
RLf21_wk72_49,RLf21,72,DU156_MD39_BET1,1.2560e-08,aislado_clinico,1
RLf21_wk72_49,RLf21,72,Q23.17_MD39_L14,4.3190e-07,aislado_clinico,1
RLf21_wk72_49,RLf21,72,SHIV_AD8_MD64,4.8710e-07,aislado_clinico,1
RLf21_wk72_49,RLf21,72,DU422-1_MD39v2_L14,1.2770e-06,aislado_clinico,0
RLf21_wk72_49,RLf21,72,p1981_MD39_BET1,2.2930e-07,aislado_clinico,1
RLf21_wk72_49,RLf21,72,TRO_11_MD39,3.1660e-07,aislado_clinico,1
RLf21_wk72_49,RLf21,72,0712_250_pblib001_RnS-2G_L14,1.3450e-05,aislado_clinico,0
RLf21_wk72_49,RLf21,72,0860_150_con_RnS-2G_L14,1.1280e-05,aislado_clinico,0
RLf21_wk72_49,RLf21,72,1026_120_sgaA5_RnS-2G_L14,2.3760e-06,aislado_clinico,0
RLf21_wk72_49,RLf21,72,V703-0537-RnSv2-2G_L14,1.8940e-08,aislado_clinico,1
RLf21_wk72_50,RLf21,72,N332-GT5 gp140,6.1790e-10,prime,1
RLf21_wk72_50,RLf21,72,SF162P3_MD64_B20,1.5190e-08,aislado_clinico,1
RLf21_wk72_50,RLf21,72,DU156_MD39_BET1,1.6410e-08,aislado_clinico,1
RLf21_wk72_50,RLf21,72,Q23.17_MD39_L14,3.1060e-07,aislado_clinico,1
RLf21_wk72_50,RLf21,72,SHIV_AD8_MD64,3.9950e-07,aislado_clinico,1
RLf21_wk72_50,RLf21,72,DU422-1_MD39v2_L14,1.3530e-05,aislado_clinico,0
RLf21_wk72_50,RLf21,72,p1981_MD39_BET1,1.7380e-07,aislado_clinico,1
RLf21_wk72_50,RLf21,72,TRO_11_MD39,4.9260e-07,aislado_clinico,1
RLf21_wk72_50,RLf21,72,0712_250_pblib001_RnS-2G_L14,1.3450e-05,aislado_clinico,0
RLf21_wk72_50,RLf21,72,0860_150_con_RnS-2G_L14,4.0830e-06,aislado_clinico,0
RLf21_wk72_50,RLf21,72,1026_120_sgaA5_RnS-2G_L14,3.1800e-06,aislado_clinico,0
RLf21_wk72_50,RLf21,72,V703-0537-RnSv2-2G_L14,2.5810e-08,aislado_clinico,1
RLf21_wk72_51,RLf21,72,N332-GT5 gp140,8.6390e-09,prime,1
RLf21_wk72_51,RLf21,72,SF162P3_MD64_B20,1.3210e-08,aislado_clinico,1
RLf21_wk72_51,RLf21,72,DU156_MD39_BET1,1.3260e-08,aislado_clinico,1
RLf21_wk72_51,RLf21,72,Q23.17_MD39_L14,4.3020e-07,aislado_clinico,1
RLf21_wk72_51,RLf21,72,SHIV_AD8_MD64,4.3730e-07,aislado_clinico,1
RLf21_wk72_51,RLf21,72,DU422-1_MD39v2_L14,7.0380e-08,aislado_clinico,1
RLf21_wk72_51,RLf21,72,p1981_MD39_BET1,2.2670e-07,aislado_clinico,1
RLf21_wk72_51,RLf21,72,TRO_11_MD39,3.4830e-07,aislado_clinico,1
RLf21_wk72_51,RLf21,72,0712_250_pblib001_RnS-2G_L14,1.3450e-05,aislado_clinico,0
RLf21_wk72_51,RLf21,72,0860_150_con_RnS-2G_L14,3.5000e-06,aislado_clinico,0
RLf21_wk72_51,RLf21,72,1026_120_sgaA5_RnS-2G_L14,1.7920e-06,aislado_clinico,0
RLf21_wk72_51,RLf21,72,V703-0537-RnSv2-2G_L14,5.2750e-08,aislado_clinico,1
RRr20_wk72_01,RRr20,72,N332-GT5 gp140,1.4070e-10,prime,1
RRr20_wk72_01,RRr20,72,SF162P3_MD64_B20,2.4660e-09,aislado_clinico,1
RRr20_wk72_01,RRr20,72,DU156_MD39_BET1,3.8710e-09,aislado_clinico,1
RRr20_wk72_01,RRr20,72,Q23.17_MD39_L14,3.4510e-08,aislado_clinico,1
RRr20_wk72_01,RRr20,72,SHIV_AD8_MD64,6.2460e-08,aislado_clinico,1
RRr20_wk72_01,RRr20,72,DU422-1_MD39v2_L14,3.9310e-07,aislado_clinico,1
RRr20_wk72_01,RRr20,72,p1981_MD39_BET1,6.3820e-09,aislado_clinico,1
RRr20_wk72_01,RRr20,72,TRO_11_MD39,9.4140e-08,aislado_clinico,1
RRr20_wk72_01,RRr20,72,0712_250_pblib001_RnS-2G_L14,2.1780e-06,aislado_clinico,0
RRr20_wk72_01,RRr20,72,0860_150_con_RnS-2G_L14,4.6300e-07,aislado_clinico,1
RRr20_wk72_01,RRr20,72,1026_120_sgaA5_RnS-2G_L14,6.3190e-07,aislado_clinico,1
RRr20_wk72_01,RRr20,72,V703-0537-RnSv2-2G_L14,5.0230e-09,aislado_clinico,1
RRr20_wk72_02,RRr20,72,N332-GT5 gp140,8.3380e-10,prime,1
RRr20_wk72_02,RRr20,72,SF162P3_MD64_B20,7.6210e-08,aislado_clinico,1
RRr20_wk72_02,RRr20,72,DU156_MD39_BET1,1.0950e-08,aislado_clinico,1
RRr20_wk72_02,RRr20,72,Q23.17_MD39_L14,1.2490e-07,aislado_clinico,1
RRr20_wk72_02,RRr20,72,SHIV_AD8_MD64,1.9470e-07,aislado_clinico,1
RRr20_wk72_02,RRr20,72,DU422-1_MD39v2_L14,8.8870e-07,aislado_clinico,1
RRr20_wk72_02,RRr20,72,p1981_MD39_BET1,2.4850e-08,aislado_clinico,1
RRr20_wk72_02,RRr20,72,TRO_11_MD39,1.1120e-07,aislado_clinico,1
RRr20_wk72_02,RRr20,72,0712_250_pblib001_RnS-2G_L14,4.1210e-06,aislado_clinico,0
RRr20_wk72_02,RRr20,72,0860_150_con_RnS-2G_L14,6.5150e-07,aislado_clinico,1
RRr20_wk72_02,RRr20,72,1026_120_sgaA5_RnS-2G_L14,5.0380e-07,aislado_clinico,1
RRr20_wk72_02,RRr20,72,V703-0537-RnSv2-2G_L14,7.4240e-08,aislado_clinico,1
RRr20_wk72_04,RRr20,72,N332-GT5 gp140,1.0030e-09,prime,1
RRr20_wk72_04,RRr20,72,SF162P3_MD64_B20,3.1750e-08,aislado_clinico,1
RRr20_wk72_04,RRr20,72,DU156_MD39_BET1,3.0830e-09,aislado_clinico,1
RRr20_wk72_04,RRr20,72,Q23.17_MD39_L14,8.4190e-08,aislado_clinico,1
RRr20_wk72_04,RRr20,72,SHIV_AD8_MD64,1.2800e-07,aislado_clinico,1
RRr20_wk72_04,RRr20,72,DU422-1_MD39v2_L14,6.0800e-07,aislado_clinico,1
RRr20_wk72_04,RRr20,72,p1981_MD39_BET1,1.8250e-08,aislado_clinico,1
RRr20_wk72_04,RRr20,72,TRO_11_MD39,1.1460e-07,aislado_clinico,1
RRr20_wk72_04,RRr20,72,0712_250_pblib001_RnS-2G_L14,3.5450e-06,aislado_clinico,0
RRr20_wk72_04,RRr20,72,0860_150_con_RnS-2G_L14,4.6730e-07,aislado_clinico,1
RRr20_wk72_04,RRr20,72,1026_120_sgaA5_RnS-2G_L14,1.5900e-07,aislado_clinico,1
RRr20_wk72_04,RRr20,72,V703-0537-RnSv2-2G_L14,9.5990e-08,aislado_clinico,1
RRr20_wk72_05,RRr20,72,N332-GT5 gp140,1.8610e-10,prime,1
RRr20_wk72_05,RRr20,72,SF162P3_MD64_B20,2.4960e-08,aislado_clinico,1
RRr20_wk72_05,RRr20,72,DU156_MD39_BET1,5.2770e-09,aislado_clinico,1
RRr20_wk72_05,RRr20,72,Q23.17_MD39_L14,6.8700e-08,aislado_clinico,1
RRr20_wk72_05,RRr20,72,SHIV_AD8_MD64,1.1760e-07,aislado_clinico,1
RRr20_wk72_05,RRr20,72,DU422-1_MD39v2_L14,4.7690e-07,aislado_clinico,1
RRr20_wk72_05,RRr20,72,p1981_MD39_BET1,1.5330e-08,aislado_clinico,1
RRr20_wk72_05,RRr20,72,TRO_11_MD39,5.0310e-08,aislado_clinico,1
RRr20_wk72_05,RRr20,72,0712_250_pblib001_RnS-2G_L14,1.5550e-06,aislado_clinico,0
RRr20_wk72_05,RRr20,72,0860_150_con_RnS-2G_L14,3.1670e-07,aislado_clinico,1
RRr20_wk72_05,RRr20,72,1026_120_sgaA5_RnS-2G_L14,1.3420e-07,aislado_clinico,1
RRr20_wk72_05,RRr20,72,V703-0537-RnSv2-2G_L14,4.9620e-08,aislado_clinico,1
RRr20_wk72_06,RRr20,72,N332-GT5 gp140,5.1700e-11,prime,1
RRr20_wk72_06,RRr20,72,SF162P3_MD64_B20,1.8560e-08,aislado_clinico,1
RRr20_wk72_06,RRr20,72,DU156_MD39_BET1,2.0210e-08,aislado_clinico,1
RRr20_wk72_06,RRr20,72,Q23.17_MD39_L14,5.4950e-08,aislado_clinico,1
RRr20_wk72_06,RRr20,72,SHIV_AD8_MD64,1.5270e-07,aislado_clinico,1
RRr20_wk72_06,RRr20,72,DU422-1_MD39v2_L14,5.5380e-07,aislado_clinico,1
RRr20_wk72_06,RRr20,72,p1981_MD39_BET1,2.0950e-08,aislado_clinico,1
RRr20_wk72_06,RRr20,72,TRO_11_MD39,3.9680e-07,aislado_clinico,1
RRr20_wk72_06,RRr20,72,0712_250_pblib001_RnS-2G_L14,3.2670e-06,aislado_clinico,0
RRr20_wk72_06,RRr20,72,0860_150_con_RnS-2G_L14,7.0530e-07,aislado_clinico,1
RRr20_wk72_06,RRr20,72,1026_120_sgaA5_RnS-2G_L14,7.7540e-07,aislado_clinico,1
RRr20_wk72_06,RRr20,72,V703-0537-RnSv2-2G_L14,9.6830e-08,aislado_clinico,1
RRr20_wk72_07,RRr20,72,N332-GT5 gp140,1.1630e-10,prime,1
RRr20_wk72_07,RRr20,72,SF162P3_MD64_B20,1.9770e-08,aislado_clinico,1
RRr20_wk72_07,RRr20,72,DU156_MD39_BET1,1.8240e-09,aislado_clinico,1
RRr20_wk72_07,RRr20,72,Q23.17_MD39_L14,6.4890e-08,aislado_clinico,1
RRr20_wk72_07,RRr20,72,SHIV_AD8_MD64,2.0370e-08,aislado_clinico,1
RRr20_wk72_07,RRr20,72,DU422-1_MD39v2_L14,5.8770e-08,aislado_clinico,1
RRr20_wk72_07,RRr20,72,p1981_MD39_BET1,7.8880e-09,aislado_clinico,1
RRr20_wk72_07,RRr20,72,TRO_11_MD39,9.7490e-08,aislado_clinico,1
RRr20_wk72_07,RRr20,72,0712_250_pblib001_RnS-2G_L14,1.3270e-06,aislado_clinico,0
RRr20_wk72_07,RRr20,72,0860_150_con_RnS-2G_L14,5.5140e-07,aislado_clinico,1
RRr20_wk72_07,RRr20,72,1026_120_sgaA5_RnS-2G_L14,7.8510e-07,aislado_clinico,1
RRr20_wk72_07,RRr20,72,V703-0537-RnSv2-2G_L14,3.2650e-08,aislado_clinico,1
RRr20_wk72_08,RRr20,72,N332-GT5 gp140,2.2760e-10,prime,1
RRr20_wk72_08,RRr20,72,SF162P3_MD64_B20,1.2120e-08,aislado_clinico,1
RRr20_wk72_08,RRr20,72,DU156_MD39_BET1,2.9630e-09,aislado_clinico,1
RRr20_wk72_08,RRr20,72,Q23.17_MD39_L14,2.3220e-08,aislado_clinico,1
RRr20_wk72_08,RRr20,72,SHIV_AD8_MD64,5.6510e-08,aislado_clinico,1
RRr20_wk72_08,RRr20,72,DU422-1_MD39v2_L14,4.5760e-07,aislado_clinico,1
RRr20_wk72_08,RRr20,72,p1981_MD39_BET1,8.8910e-09,aislado_clinico,1
RRr20_wk72_08,RRr20,72,TRO_11_MD39,1.3060e-07,aislado_clinico,1
RRr20_wk72_08,RRr20,72,0712_250_pblib001_RnS-2G_L14,3.6160e-06,aislado_clinico,0
RRr20_wk72_08,RRr20,72,0860_150_con_RnS-2G_L14,5.3860e-07,aislado_clinico,1
RRr20_wk72_08,RRr20,72,1026_120_sgaA5_RnS-2G_L14,1.6210e-07,aislado_clinico,1
RRr20_wk72_08,RRr20,72,V703-0537-RnSv2-2G_L14,3.7270e-08,aislado_clinico,1
RVz20_wk72_75,RVz20,72,N332-GT5 gp140,2.2980e-10,prime,1
RVz20_wk72_75,RVz20,72,SF162P3_MD64_B20,3.3420e-09,aislado_clinico,1
RVz20_wk72_75,RVz20,72,DU156_MD39_BET1,1.2600e-08,aislado_clinico,1
RVz20_wk72_75,RVz20,72,Q23.17_MD39_L14,4.0820e-07,aislado_clinico,1
RVz20_wk72_75,RVz20,72,SHIV_AD8_MD64,1.6240e-07,aislado_clinico,1
RVz20_wk72_75,RVz20,72,DU422-1_MD39v2_L14,1.2210e-05,aislado_clinico,0
RVz20_wk72_75,RVz20,72,p1981_MD39_BET1,3.9280e-07,aislado_clinico,1
RVz20_wk72_75,RVz20,72,TRO_11_MD39,1.2130e-05,aislado_clinico,0
RVz20_wk72_75,RVz20,72,0712_250_pblib001_RnS-2G_L14,1.3450e-05,aislado_clinico,0
RVz20_wk72_75,RVz20,72,0860_150_con_RnS-2G_L14,1.2730e-05,aislado_clinico,0
RVz20_wk72_75,RVz20,72,1026_120_sgaA5_RnS-2G_L14,1.0700e-05,aislado_clinico,0
RVz20_wk72_75,RVz20,72,V703-0537-RnSv2-2G_L14,1.3010e-05,aislado_clinico,0
RVz20_wk72_74,RVz20,72,N332-GT5 gp140,2.3420e-11,prime,1
RVz20_wk72_74,RVz20,72,SF162P3_MD64_B20,2.6650e-09,aislado_clinico,1
RVz20_wk72_74,RVz20,72,DU156_MD39_BET1,5.1330e-07,aislado_clinico,1
RVz20_wk72_74,RVz20,72,Q23.17_MD39_L14,1.4020e-06,aislado_clinico,0
RVz20_wk72_74,RVz20,72,SHIV_AD8_MD64,1.0080e-06,aislado_clinico,0
RVz20_wk72_74,RVz20,72,DU422-1_MD39v2_L14,6.6600e-06,aislado_clinico,0
RVz20_wk72_74,RVz20,72,p1981_MD39_BET1,6.3270e-07,aislado_clinico,1
RVz20_wk72_74,RVz20,72,TRO_11_MD39,1.2130e-05,aislado_clinico,0
RVz20_wk72_74,RVz20,72,0712_250_pblib001_RnS-2G_L14,1.3450e-05,aislado_clinico,0
RVz20_wk72_74,RVz20,72,0860_150_con_RnS-2G_L14,1.2730e-05,aislado_clinico,0
RVz20_wk72_74,RVz20,72,1026_120_sgaA5_RnS-2G_L14,1.0700e-05,aislado_clinico,0
RVz20_wk72_74,RVz20,72,V703-0537-RnSv2-2G_L14,8.9110e-07,aislado_clinico,1
ROe21_wk72_76,ROe21,72,N332-GT5 gp140,8.0930e-10,prime,1
ROe21_wk72_76,ROe21,72,SF162P3_MD64_B20,1.2550e-08,aislado_clinico,1
ROe21_wk72_76,ROe21,72,DU156_MD39_BET1,3.2080e-07,aislado_clinico,1
ROe21_wk72_76,ROe21,72,Q23.17_MD39_L14,5.1490e-07,aislado_clinico,1
ROe21_wk72_76,ROe21,72,SHIV_AD8_MD64,1.1670e-07,aislado_clinico,1
ROe21_wk72_76,ROe21,72,DU422-1_MD39v2_L14,1.2210e-05,aislado_clinico,0
ROe21_wk72_76,ROe21,72,p1981_MD39_BET1,3.7080e-07,aislado_clinico,1
ROe21_wk72_76,ROe21,72,TRO_11_MD39,2.6430e-06,aislado_clinico,0
ROe21_wk72_76,ROe21,72,0712_250_pblib001_RnS-2G_L14,1.3450e-05,aislado_clinico,0
ROe21_wk72_76,ROe21,72,0860_150_con_RnS-2G_L14,1.2730e-05,aislado_clinico,0
ROe21_wk72_76,ROe21,72,1026_120_sgaA5_RnS-2G_L14,1.0700e-05,aislado_clinico,0
ROe21_wk72_76,ROe21,72,V703-0537-RnSv2-2G_L14,2.7270e-07,aislado_clinico,1
ROe21_wk72_78,ROe21,72,N332-GT5 gp140,4.5020e-10,prime,1
ROe21_wk72_78,ROe21,72,SF162P3_MD64_B20,6.5790e-09,aislado_clinico,1
ROe21_wk72_78,ROe21,72,DU156_MD39_BET1,1.9160e-07,aislado_clinico,1
ROe21_wk72_78,ROe21,72,Q23.17_MD39_L14,3.4000e-07,aislado_clinico,1
ROe21_wk72_78,ROe21,72,SHIV_AD8_MD64,9.8290e-08,aislado_clinico,1
ROe21_wk72_78,ROe21,72,DU422-1_MD39v2_L14,4.8010e-06,aislado_clinico,0
ROe21_wk72_78,ROe21,72,p1981_MD39_BET1,2.8920e-07,aislado_clinico,1
ROe21_wk72_78,ROe21,72,TRO_11_MD39,1.8980e-06,aislado_clinico,0
ROe21_wk72_78,ROe21,72,0712_250_pblib001_RnS-2G_L14,1.3450e-05,aislado_clinico,0
ROe21_wk72_78,ROe21,72,0860_150_con_RnS-2G_L14,1.2730e-05,aislado_clinico,0
ROe21_wk72_78,ROe21,72,1026_120_sgaA5_RnS-2G_L14,1.0700e-05,aislado_clinico,0
ROe21_wk72_78,ROe21,72,V703-0537-RnSv2-2G_L14,1.7850e-07,aislado_clinico,1
ROe21_wk72_77,ROe21,72,N332-GT5 gp140,4.0550e-10,prime,1
ROe21_wk72_77,ROe21,72,SF162P3_MD64_B20,2.1810e-09,aislado_clinico,1
ROe21_wk72_77,ROe21,72,DU156_MD39_BET1,1.1840e-07,aislado_clinico,1
ROe21_wk72_77,ROe21,72,Q23.17_MD39_L14,2.5880e-07,aislado_clinico,1
ROe21_wk72_77,ROe21,72,SHIV_AD8_MD64,8.4930e-09,aislado_clinico,1
ROe21_wk72_77,ROe21,72,DU422-1_MD39v2_L14,1.2210e-05,aislado_clinico,0
ROe21_wk72_77,ROe21,72,p1981_MD39_BET1,2.1140e-07,aislado_clinico,1
ROe21_wk72_77,ROe21,72,TRO_11_MD39,1.5330e-06,aislado_clinico,0
ROe21_wk72_77,ROe21,72,0712_250_pblib001_RnS-2G_L14,1.3450e-05,aislado_clinico,0
ROe21_wk72_77,ROe21,72,0860_150_con_RnS-2G_L14,1.2730e-05,aislado_clinico,0
ROe21_wk72_77,ROe21,72,1026_120_sgaA5_RnS-2G_L14,1.0700e-05,aislado_clinico,0
ROe21_wk72_77,ROe21,72,V703-0537-RnSv2-2G_L14,1.3290e-07,aislado_clinico,1
RQd20_wk72_52,RQd20,72,N332-GT5 gp140,7.7430e-10,prime,1
RQd20_wk72_52,RQd20,72,SF162P3_MD64_B20,1.9400e-08,aislado_clinico,1
RQd20_wk72_52,RQd20,72,DU156_MD39_BET1,1.5010e-08,aislado_clinico,1
RQd20_wk72_52,RQd20,72,Q23.17_MD39_L14,1.9830e-07,aislado_clinico,1
RQd20_wk72_52,RQd20,72,SHIV_AD8_MD64,3.5780e-07,aislado_clinico,1
RQd20_wk72_52,RQd20,72,DU422-1_MD39v2_L14,1.3450e-06,aislado_clinico,0
RQd20_wk72_52,RQd20,72,p1981_MD39_BET1,2.4300e-07,aislado_clinico,1
RQd20_wk72_52,RQd20,72,TRO_11_MD39,1.8800e-07,aislado_clinico,1
RQd20_wk72_52,RQd20,72,0712_250_pblib001_RnS-2G_L14,1.3450e-05,aislado_clinico,0
RQd20_wk72_52,RQd20,72,0860_150_con_RnS-2G_L14,5.8460e-06,aislado_clinico,0
RQd20_wk72_52,RQd20,72,1026_120_sgaA5_RnS-2G_L14,1.8950e-06,aislado_clinico,0
RQd20_wk72_52,RQd20,72,V703-0537-RnSv2-2G_L14,3.4990e-08,aislado_clinico,1
RKb21_wk82_53,RKb21,82,N332-GT5 gp140,2.9560e-10,prime,1
RKb21_wk82_53,RKb21,82,SF162P3_MD64_B20,6.3530e-09,aislado_clinico,1
RKb21_wk82_53,RKb21,82,DU156_MD39_BET1,1.2750e-08,aislado_clinico,1
RKb21_wk82_53,RKb21,82,Q23.17_MD39_L14,1.9590e-07,aislado_clinico,1
RKb21_wk82_53,RKb21,82,SHIV_AD8_MD64,2.7820e-07,aislado_clinico,1
RKb21_wk82_53,RKb21,82,DU422-1_MD39v2_L14,4.7810e-06,aislado_clinico,0
RKb21_wk82_53,RKb21,82,p1981_MD39_BET1,4.4200e-08,aislado_clinico,1
RKb21_wk82_53,RKb21,82,TRO_11_MD39,5.1150e-07,aislado_clinico,1
RKb21_wk82_53,RKb21,82,0712_250_pblib001_RnS-2G_L14,1.3450e-05,aislado_clinico,0
RKb21_wk82_53,RKb21,82,0860_150_con_RnS-2G_L14,1.2730e-05,aislado_clinico,0
RKb21_wk82_53,RKb21,82,1026_120_sgaA5_RnS-2G_L14,4.2690e-06,aislado_clinico,0
RKb21_wk82_53,RKb21,82,V703-0537-RnSv2-2G_L14,9.1500e-08,aislado_clinico,1
RSz19_wk82_79,RSz19,82,N332-GT5 gp140,2.9720e-11,prime,1
RSz19_wk82_79,RSz19,82,SF162P3_MD64_B20,1.8410e-09,aislado_clinico,1
RSz19_wk82_79,RSz19,82,DU156_MD39_BET1,1.0550e-08,aislado_clinico,1
RSz19_wk82_79,RSz19,82,Q23.17_MD39_L14,2.6170e-07,aislado_clinico,1
RSz19_wk82_79,RSz19,82,SHIV_AD8_MD64,2.9840e-08,aislado_clinico,1
RSz19_wk82_79,RSz19,82,DU422-1_MD39v2_L14,5.0810e-06,aislado_clinico,0
RSz19_wk82_79,RSz19,82,p1981_MD39_BET1,5.5320e-08,aislado_clinico,1
RSz19_wk82_79,RSz19,82,TRO_11_MD39,2.6800e-07,aislado_clinico,1
RSz19_wk82_79,RSz19,82,0712_250_pblib001_RnS-2G_L14,1.3450e-05,aislado_clinico,0
RSz19_wk82_79,RSz19,82,0860_150_con_RnS-2G_L14,1.2730e-05,aislado_clinico,0
RSz19_wk82_79,RSz19,82,1026_120_sgaA5_RnS-2G_L14,1.0700e-05,aislado_clinico,0
RSz19_wk82_79,RSz19,82,V703-0537-RnSv2-2G_L14,1.4290e-07,aislado_clinico,1
RYo20_wk82_09,RYo20,82,N332-GT5 gp140,5.5960e-11,prime,1
RYo20_wk82_09,RYo20,82,SF162P3_MD64_B20,1.4670e-08,aislado_clinico,1
RYo20_wk82_09,RYo20,82,DU156_MD39_BET1,7.9030e-08,aislado_clinico,1
RYo20_wk82_09,RYo20,82,Q23.17_MD39_L14,2.4180e-07,aislado_clinico,1
RYo20_wk82_09,RYo20,82,SHIV_AD8_MD64,2.6140e-07,aislado_clinico,1
RYo20_wk82_09,RYo20,82,DU422-1_MD39v2_L14,3.1200e-06,aislado_clinico,0
RYo20_wk82_09,RYo20,82,p1981_MD39_BET1,1.3690e-07,aislado_clinico,1
RYo20_wk82_09,RYo20,82,TRO_11_MD39,4.6520e-08,aislado_clinico,1
RYo20_wk82_09,RYo20,82,0712_250_pblib001_RnS-2G_L14,5.5840e-06,aislado_clinico,0
RYo20_wk82_09,RYo20,82,0860_150_con_RnS-2G_L14,7.6080e-07,aislado_clinico,1
RYo20_wk82_09,RYo20,82,1026_120_sgaA5_RnS-2G_L14,1.8600e-06,aislado_clinico,0
RYo20_wk82_09,RYo20,82,V703-0537-RnSv2-2G_L14,5.5390e-08,aislado_clinico,1
RYo20_wk82_10,RYo20,82,N332-GT5 gp140,1.6420e-11,prime,1
RYo20_wk82_10,RYo20,82,SF162P3_MD64_B20,1.4350e-09,aislado_clinico,1
RYo20_wk82_10,RYo20,82,DU156_MD39_BET1,2.4240e-07,aislado_clinico,1
RYo20_wk82_10,RYo20,82,Q23.17_MD39_L14,1.6410e-07,aislado_clinico,1
RYo20_wk82_10,RYo20,82,SHIV_AD8_MD64,2.5600e-07,aislado_clinico,1
RYo20_wk82_10,RYo20,82,DU422-1_MD39v2_L14,1.0790e-05,aislado_clinico,0
RYo20_wk82_10,RYo20,82,p1981_MD39_BET1,1.2440e-07,aislado_clinico,1
RYo20_wk82_10,RYo20,82,TRO_11_MD39,1.6420e-07,aislado_clinico,1
RYo20_wk82_10,RYo20,82,0712_250_pblib001_RnS-2G_L14,6.5630e-06,aislado_clinico,0
RYo20_wk82_10,RYo20,82,0860_150_con_RnS-2G_L14,1.0060e-06,aislado_clinico,0
RYo20_wk82_10,RYo20,82,1026_120_sgaA5_RnS-2G_L14,4.9780e-06,aislado_clinico,0
RYo20_wk82_10,RYo20,82,V703-0537-RnSv2-2G_L14,6.6260e-08,aislado_clinico,1
RYo20_wk82_11,RYo20,82,N332-GT5 gp140,6.0240e-11,prime,1
RYo20_wk82_11,RYo20,82,SF162P3_MD64_B20,7.6970e-09,aislado_clinico,1
RYo20_wk82_11,RYo20,82,DU156_MD39_BET1,5.0560e-08,aislado_clinico,1
RYo20_wk82_11,RYo20,82,Q23.17_MD39_L14,1.6600e-07,aislado_clinico,1
RYo20_wk82_11,RYo20,82,SHIV_AD8_MD64,1.2450e-07,aislado_clinico,1
RYo20_wk82_11,RYo20,82,DU422-1_MD39v2_L14,3.1950e-06,aislado_clinico,0
RYo20_wk82_11,RYo20,82,p1981_MD39_BET1,8.2020e-08,aislado_clinico,1
RYo20_wk82_11,RYo20,82,TRO_11_MD39,1.0970e-07,aislado_clinico,1
RYo20_wk82_11,RYo20,82,0712_250_pblib001_RnS-2G_L14,7.4690e-06,aislado_clinico,0
RYo20_wk82_11,RYo20,82,0860_150_con_RnS-2G_L14,1.1820e-06,aislado_clinico,0
RYo20_wk82_11,RYo20,82,1026_120_sgaA5_RnS-2G_L14,2.5960e-06,aislado_clinico,0
RYo20_wk82_11,RYo20,82,V703-0537-RnSv2-2G_L14,9.5470e-08,aislado_clinico,1
RYo20_wk82_12,RYo20,82,N332-GT5 gp140,1.8080e-11,prime,1
RYo20_wk82_12,RYo20,82,SF162P3_MD64_B20,1.7790e-08,aislado_clinico,1
RYo20_wk82_12,RYo20,82,DU156_MD39_BET1,8.1240e-09,aislado_clinico,1
RYo20_wk82_12,RYo20,82,Q23.17_MD39_L14,2.7580e-07,aislado_clinico,1
RYo20_wk82_12,RYo20,82,SHIV_AD8_MD64,3.0080e-07,aislado_clinico,1
RYo20_wk82_12,RYo20,82,DU422-1_MD39v2_L14,1.2280e-06,aislado_clinico,0
RYo20_wk82_12,RYo20,82,p1981_MD39_BET1,1.1220e-07,aislado_clinico,1
RYo20_wk82_12,RYo20,82,TRO_11_MD39,2.1850e-07,aislado_clinico,1
RYo20_wk82_12,RYo20,82,0712_250_pblib001_RnS-2G_L14,1.1840e-05,aislado_clinico,0
RYo20_wk82_12,RYo20,82,0860_150_con_RnS-2G_L14,3.6870e-06,aislado_clinico,0
RYo20_wk82_12,RYo20,82,1026_120_sgaA5_RnS-2G_L14,1.2180e-06,aislado_clinico,0
RYo20_wk82_12,RYo20,82,V703-0537-RnSv2-2G_L14,1.3140e-07,aislado_clinico,1
RYo20_wk82_13,RYo20,82,N332-GT5 gp140,3.1060e-11,prime,1
RYo20_wk82_13,RYo20,82,SF162P3_MD64_B20,1.3210e-08,aislado_clinico,1
RYo20_wk82_13,RYo20,82,DU156_MD39_BET1,1.5070e-07,aislado_clinico,1
RYo20_wk82_13,RYo20,82,Q23.17_MD39_L14,1.2580e-07,aislado_clinico,1
RYo20_wk82_13,RYo20,82,SHIV_AD8_MD64,3.7390e-07,aislado_clinico,1
RYo20_wk82_13,RYo20,82,DU422-1_MD39v2_L14,2.8200e-06,aislado_clinico,0
RYo20_wk82_13,RYo20,82,p1981_MD39_BET1,6.6720e-08,aislado_clinico,1
RYo20_wk82_13,RYo20,82,TRO_11_MD39,5.8980e-08,aislado_clinico,1
RYo20_wk82_13,RYo20,82,0712_250_pblib001_RnS-2G_L14,2.1840e-06,aislado_clinico,0
RYo20_wk82_13,RYo20,82,0860_150_con_RnS-2G_L14,6.8630e-07,aislado_clinico,1
RYo20_wk82_13,RYo20,82,1026_120_sgaA5_RnS-2G_L14,1.4150e-06,aislado_clinico,0
RYo20_wk82_13,RYo20,82,V703-0537-RnSv2-2G_L14,5.8280e-08,aislado_clinico,1
RYo20_wk82_14,RYo20,82,N332-GT5 gp140,3.9640e-11,prime,1
RYo20_wk82_14,RYo20,82,SF162P3_MD64_B20,9.0710e-09,aislado_clinico,1
RYo20_wk82_14,RYo20,82,DU156_MD39_BET1,1.1940e-08,aislado_clinico,1
RYo20_wk82_14,RYo20,82,Q23.17_MD39_L14,1.2340e-07,aislado_clinico,1
RYo20_wk82_14,RYo20,82,SHIV_AD8_MD64,1.7570e-07,aislado_clinico,1
RYo20_wk82_14,RYo20,82,DU422-1_MD39v2_L14,2.2630e-06,aislado_clinico,0
RYo20_wk82_14,RYo20,82,p1981_MD39_BET1,5.8400e-08,aislado_clinico,1
RYo20_wk82_14,RYo20,82,TRO_11_MD39,1.2130e-05,aislado_clinico,0
RYo20_wk82_14,RYo20,82,0712_250_pblib001_RnS-2G_L14,1.3450e-05,aislado_clinico,0
RYo20_wk82_14,RYo20,82,0860_150_con_RnS-2G_L14,1.2730e-05,aislado_clinico,0
RYo20_wk82_14,RYo20,82,1026_120_sgaA5_RnS-2G_L14,1.0700e-05,aislado_clinico,0
RYo20_wk82_14,RYo20,82,V703-0537-RnSv2-2G_L14,1.3010e-05,aislado_clinico,0
RYo20_wk82_15,RYo20,82,N332-GT5 gp140,2.9900e-11,prime,1
RYo20_wk82_15,RYo20,82,SF162P3_MD64_B20,2.5360e-09,aislado_clinico,1
RYo20_wk82_15,RYo20,82,DU156_MD39_BET1,8.8950e-09,aislado_clinico,1
RYo20_wk82_15,RYo20,82,Q23.17_MD39_L14,3.7170e-08,aislado_clinico,1
RYo20_wk82_15,RYo20,82,SHIV_AD8_MD64,1.1940e-07,aislado_clinico,1
RYo20_wk82_15,RYo20,82,DU422-1_MD39v2_L14,6.9510e-07,aislado_clinico,1
RYo20_wk82_15,RYo20,82,p1981_MD39_BET1,2.6980e-08,aislado_clinico,1
RYo20_wk82_15,RYo20,82,TRO_11_MD39,7.9450e-08,aislado_clinico,1
RYo20_wk82_15,RYo20,82,0712_250_pblib001_RnS-2G_L14,1.0460e-06,aislado_clinico,0
RYo20_wk82_15,RYo20,82,0860_150_con_RnS-2G_L14,4.2180e-07,aislado_clinico,1
RYo20_wk82_15,RYo20,82,1026_120_sgaA5_RnS-2G_L14,6.9480e-07,aislado_clinico,1
RYo20_wk82_15,RYo20,82,V703-0537-RnSv2-2G_L14,4.2810e-08,aislado_clinico,1
RYo20_wk82_17,RYo20,82,N332-GT5 gp140,2.5550e-10,prime,1
RYo20_wk82_17,RYo20,82,SF162P3_MD64_B20,9.8350e-09,aislado_clinico,1
RYo20_wk82_17,RYo20,82,DU156_MD39_BET1,7.2130e-09,aislado_clinico,1
RYo20_wk82_17,RYo20,82,Q23.17_MD39_L14,9.6980e-08,aislado_clinico,1
RYo20_wk82_17,RYo20,82,SHIV_AD8_MD64,1.2000e-07,aislado_clinico,1
RYo20_wk82_17,RYo20,82,DU422-1_MD39v2_L14,1.7760e-06,aislado_clinico,0
RYo20_wk82_17,RYo20,82,p1981_MD39_BET1,6.9100e-08,aislado_clinico,1
RYo20_wk82_17,RYo20,82,TRO_11_MD39,5.7300e-08,aislado_clinico,1
RYo20_wk82_17,RYo20,82,0712_250_pblib001_RnS-2G_L14,5.9520e-06,aislado_clinico,0
RYo20_wk82_17,RYo20,82,0860_150_con_RnS-2G_L14,5.8570e-07,aislado_clinico,1
RYo20_wk82_17,RYo20,82,1026_120_sgaA5_RnS-2G_L14,1.8310e-06,aislado_clinico,0
RYo20_wk82_17,RYo20,82,V703-0537-RnSv2-2G_L14,1.3720e-07,aislado_clinico,1
RYo20_wk82_18,RYo20,82,N332-GT5 gp140,2.9440e-11,prime,1
RYo20_wk82_18,RYo20,82,SF162P3_MD64_B20,1.1780e-08,aislado_clinico,1
RYo20_wk82_18,RYo20,82,DU156_MD39_BET1,3.1010e-08,aislado_clinico,1
RYo20_wk82_18,RYo20,82,Q23.17_MD39_L14,1.0520e-07,aislado_clinico,1
RYo20_wk82_18,RYo20,82,SHIV_AD8_MD64,2.2980e-07,aislado_clinico,1
RYo20_wk82_18,RYo20,82,DU422-1_MD39v2_L14,1.3890e-06,aislado_clinico,0
RYo20_wk82_18,RYo20,82,p1981_MD39_BET1,6.1210e-08,aislado_clinico,1
RYo20_wk82_18,RYo20,82,TRO_11_MD39,4.0780e-08,aislado_clinico,1
RYo20_wk82_18,RYo20,82,0712_250_pblib001_RnS-2G_L14,2.1640e-06,aislado_clinico,0
RYo20_wk82_18,RYo20,82,0860_150_con_RnS-2G_L14,5.0850e-07,aislado_clinico,1
RYo20_wk82_18,RYo20,82,1026_120_sgaA5_RnS-2G_L14,1.1440e-06,aislado_clinico,0
RYo20_wk82_18,RYo20,82,V703-0537-RnSv2-2G_L14,4.3790e-08,aislado_clinico,1
RYo20_wk82_20,RYo20,82,N332-GT5 gp140,7.2390e-11,prime,1
RYo20_wk82_20,RYo20,82,SF162P3_MD64_B20,4.0950e-09,aislado_clinico,1
RYo20_wk82_20,RYo20,82,DU156_MD39_BET1,6.5290e-09,aislado_clinico,1
RYo20_wk82_20,RYo20,82,Q23.17_MD39_L14,6.6950e-08,aislado_clinico,1
RYo20_wk82_20,RYo20,82,SHIV_AD8_MD64,8.5370e-08,aislado_clinico,1
RYo20_wk82_20,RYo20,82,DU422-1_MD39v2_L14,1.3680e-06,aislado_clinico,0
RYo20_wk82_20,RYo20,82,p1981_MD39_BET1,5.5680e-08,aislado_clinico,1
RYo20_wk82_20,RYo20,82,TRO_11_MD39,2.6150e-08,aislado_clinico,1
RYo20_wk82_20,RYo20,82,0712_250_pblib001_RnS-2G_L14,5.1680e-06,aislado_clinico,0
RYo20_wk82_20,RYo20,82,0860_150_con_RnS-2G_L14,4.4510e-07,aislado_clinico,1
RYo20_wk82_20,RYo20,82,1026_120_sgaA5_RnS-2G_L14,1.7900e-06,aislado_clinico,0
RYo20_wk82_20,RYo20,82,V703-0537-RnSv2-2G_L14,1.0050e-07,aislado_clinico,1
RYo20_wk82_21,RYo20,82,N332-GT5 gp140,9.1070e-11,prime,1
RYo20_wk82_21,RYo20,82,SF162P3_MD64_B20,3.3270e-08,aislado_clinico,1
RYo20_wk82_21,RYo20,82,DU156_MD39_BET1,6.0920e-09,aislado_clinico,1
RYo20_wk82_21,RYo20,82,Q23.17_MD39_L14,2.2760e-07,aislado_clinico,1
RYo20_wk82_21,RYo20,82,SHIV_AD8_MD64,1.7510e-07,aislado_clinico,1
RYo20_wk82_21,RYo20,82,DU422-1_MD39v2_L14,4.5120e-07,aislado_clinico,1
RYo20_wk82_21,RYo20,82,p1981_MD39_BET1,1.2170e-07,aislado_clinico,1
RYo20_wk82_21,RYo20,82,TRO_11_MD39,1.8760e-07,aislado_clinico,1
RYo20_wk82_21,RYo20,82,0712_250_pblib001_RnS-2G_L14,9.7130e-06,aislado_clinico,0
RYo20_wk82_21,RYo20,82,0860_150_con_RnS-2G_L14,2.5460e-06,aislado_clinico,0
RYo20_wk82_21,RYo20,82,1026_120_sgaA5_RnS-2G_L14,8.0390e-07,aislado_clinico,1
RYo20_wk82_21,RYo20,82,V703-0537-RnSv2-2G_L14,1.7900e-07,aislado_clinico,1
RYo20_wk82_22,RYo20,82,N332-GT5 gp140,1.1240e-10,prime,1
RYo20_wk82_22,RYo20,82,SF162P3_MD64_B20,1.4550e-08,aislado_clinico,1
RYo20_wk82_22,RYo20,82,DU156_MD39_BET1,5.6460e-08,aislado_clinico,1
RYo20_wk82_22,RYo20,82,Q23.17_MD39_L14,1.0560e-07,aislado_clinico,1
RYo20_wk82_22,RYo20,82,SHIV_AD8_MD64,2.7990e-07,aislado_clinico,1
RYo20_wk82_22,RYo20,82,DU422-1_MD39v2_L14,2.0110e-06,aislado_clinico,0
RYo20_wk82_22,RYo20,82,p1981_MD39_BET1,7.9990e-08,aislado_clinico,1
RYo20_wk82_22,RYo20,82,TRO_11_MD39,7.3640e-08,aislado_clinico,1
RYo20_wk82_22,RYo20,82,0712_250_pblib001_RnS-2G_L14,2.9360e-06,aislado_clinico,0
RYo20_wk82_22,RYo20,82,0860_150_con_RnS-2G_L14,6.9300e-07,aislado_clinico,1
RYo20_wk82_22,RYo20,82,1026_120_sgaA5_RnS-2G_L14,1.5960e-06,aislado_clinico,0
RYo20_wk82_22,RYo20,82,V703-0537-RnSv2-2G_L14,6.2990e-08,aislado_clinico,1
RYo20_wk82_23,RYo20,82,N332-GT5 gp140,1.6500e-10,prime,1
RYo20_wk82_23,RYo20,82,SF162P3_MD64_B20,1.5260e-08,aislado_clinico,1
RYo20_wk82_23,RYo20,82,DU156_MD39_BET1,8.6840e-08,aislado_clinico,1
RYo20_wk82_23,RYo20,82,Q23.17_MD39_L14,1.6480e-07,aislado_clinico,1
RYo20_wk82_23,RYo20,82,SHIV_AD8_MD64,2.8670e-07,aislado_clinico,1
RYo20_wk82_23,RYo20,82,DU422-1_MD39v2_L14,3.6620e-06,aislado_clinico,0
RYo20_wk82_23,RYo20,82,p1981_MD39_BET1,9.4250e-08,aislado_clinico,1
RYo20_wk82_23,RYo20,82,TRO_11_MD39,1.1540e-07,aislado_clinico,1
RYo20_wk82_23,RYo20,82,0712_250_pblib001_RnS-2G_L14,5.3350e-06,aislado_clinico,0
RYo20_wk82_23,RYo20,82,0860_150_con_RnS-2G_L14,1.0300e-06,aislado_clinico,0
RYo20_wk82_23,RYo20,82,1026_120_sgaA5_RnS-2G_L14,2.4140e-06,aislado_clinico,0
RYo20_wk82_23,RYo20,82,V703-0537-RnSv2-2G_L14,1.2440e-07,aislado_clinico,1
RLf21_wk82_25,RLf21,82,N332-GT5 gp140,5.2520e-10,prime,1
RLf21_wk82_25,RLf21,82,SF162P3_MD64_B20,6.7690e-09,aislado_clinico,1
RLf21_wk82_25,RLf21,82,DU156_MD39_BET1,2.8900e-09,aislado_clinico,1
RLf21_wk82_25,RLf21,82,Q23.17_MD39_L14,1.2360e-07,aislado_clinico,1
RLf21_wk82_25,RLf21,82,SHIV_AD8_MD64,4.5930e-07,aislado_clinico,1
RLf21_wk82_25,RLf21,82,DU422-1_MD39v2_L14,3.1490e-06,aislado_clinico,0
RLf21_wk82_25,RLf21,82,p1981_MD39_BET1,2.0050e-07,aislado_clinico,1
RLf21_wk82_25,RLf21,82,TRO_11_MD39,5.6190e-08,aislado_clinico,1
RLf21_wk82_25,RLf21,82,0712_250_pblib001_RnS-2G_L14,1.3450e-05,aislado_clinico,0
RLf21_wk82_25,RLf21,82,0860_150_con_RnS-2G_L14,1.3490e-06,aislado_clinico,0
RLf21_wk82_25,RLf21,82,1026_120_sgaA5_RnS-2G_L14,2.0910e-06,aislado_clinico,0
RLf21_wk82_25,RLf21,82,V703-0537-RnSv2-2G_L14,1.3890e-07,aislado_clinico,1
RLf21_wk82_26,RLf21,82,N332-GT5 gp140,1.6790e-10,prime,1
RLf21_wk82_26,RLf21,82,SF162P3_MD64_B20,1.9330e-08,aislado_clinico,1
RLf21_wk82_26,RLf21,82,DU156_MD39_BET1,1.0500e-08,aislado_clinico,1
RLf21_wk82_26,RLf21,82,Q23.17_MD39_L14,3.3110e-08,aislado_clinico,1
RLf21_wk82_26,RLf21,82,SHIV_AD8_MD64,1.3730e-07,aislado_clinico,1
RLf21_wk82_26,RLf21,82,DU422-1_MD39v2_L14,5.8220e-07,aislado_clinico,1
RLf21_wk82_26,RLf21,82,p1981_MD39_BET1,4.1070e-08,aislado_clinico,1
RLf21_wk82_26,RLf21,82,TRO_11_MD39,7.3230e-08,aislado_clinico,1
RLf21_wk82_26,RLf21,82,0712_250_pblib001_RnS-2G_L14,1.3380e-06,aislado_clinico,0
RLf21_wk82_26,RLf21,82,0860_150_con_RnS-2G_L14,2.5980e-07,aislado_clinico,1
RLf21_wk82_26,RLf21,82,1026_120_sgaA5_RnS-2G_L14,4.9630e-07,aislado_clinico,1
RLf21_wk82_26,RLf21,82,V703-0537-RnSv2-2G_L14,1.8420e-08,aislado_clinico,1
RLf21_wk82_27,RLf21,82,N332-GT5 gp140,5.8460e-10,prime,1
RLf21_wk82_27,RLf21,82,SF162P3_MD64_B20,9.8190e-09,aislado_clinico,1
RLf21_wk82_27,RLf21,82,DU156_MD39_BET1,1.9240e-09,aislado_clinico,1
RLf21_wk82_27,RLf21,82,Q23.17_MD39_L14,7.9560e-08,aislado_clinico,1
RLf21_wk82_27,RLf21,82,SHIV_AD8_MD64,1.9640e-07,aislado_clinico,1
RLf21_wk82_27,RLf21,82,DU422-1_MD39v2_L14,1.0330e-06,aislado_clinico,0
RLf21_wk82_27,RLf21,82,p1981_MD39_BET1,6.7130e-08,aislado_clinico,1
RLf21_wk82_27,RLf21,82,TRO_11_MD39,1.5600e-08,aislado_clinico,1
RLf21_wk82_27,RLf21,82,0712_250_pblib001_RnS-2G_L14,2.5390e-06,aislado_clinico,0
RLf21_wk82_27,RLf21,82,0860_150_con_RnS-2G_L14,3.2280e-07,aislado_clinico,1
RLf21_wk82_27,RLf21,82,1026_120_sgaA5_RnS-2G_L14,4.6370e-07,aislado_clinico,1
RLf21_wk82_27,RLf21,82,V703-0537-RnSv2-2G_L14,8.3520e-08,aislado_clinico,1
RLf21_wk82_29,RLf21,82,N332-GT5 gp140,3.3850e-10,prime,1
RLf21_wk82_29,RLf21,82,SF162P3_MD64_B20,8.0070e-09,aislado_clinico,1
RLf21_wk82_29,RLf21,82,DU156_MD39_BET1,6.5150e-09,aislado_clinico,1
RLf21_wk82_29,RLf21,82,Q23.17_MD39_L14,7.7450e-09,aislado_clinico,1
RLf21_wk82_29,RLf21,82,SHIV_AD8_MD64,4.8350e-08,aislado_clinico,1
RLf21_wk82_29,RLf21,82,DU422-1_MD39v2_L14,8.3230e-07,aislado_clinico,1
RLf21_wk82_29,RLf21,82,p1981_MD39_BET1,7.0730e-09,aislado_clinico,1
RLf21_wk82_29,RLf21,82,TRO_11_MD39,8.2510e-08,aislado_clinico,1
RLf21_wk82_29,RLf21,82,0712_250_pblib001_RnS-2G_L14,6.2190e-07,aislado_clinico,1
RLf21_wk82_29,RLf21,82,0860_150_con_RnS-2G_L14,5.8460e-08,aislado_clinico,1
RLf21_wk82_29,RLf21,82,1026_120_sgaA5_RnS-2G_L14,5.6100e-07,aislado_clinico,1
RLf21_wk82_29,RLf21,82,V703-0537-RnSv2-2G_L14,1.6530e-08,aislado_clinico,1
RLf21_wk82_30,RLf21,82,N332-GT5 gp140,1.7960e-10,prime,1
RLf21_wk82_30,RLf21,82,SF162P3_MD64_B20,2.7100e-09,aislado_clinico,1
RLf21_wk82_30,RLf21,82,DU156_MD39_BET1,2.9970e-09,aislado_clinico,1
RLf21_wk82_30,RLf21,82,Q23.17_MD39_L14,5.5430e-08,aislado_clinico,1
RLf21_wk82_30,RLf21,82,SHIV_AD8_MD64,1.1890e-07,aislado_clinico,1
RLf21_wk82_30,RLf21,82,DU422-1_MD39v2_L14,1.7220e-07,aislado_clinico,1
RLf21_wk82_30,RLf21,82,p1981_MD39_BET1,2.4500e-08,aislado_clinico,1
RLf21_wk82_30,RLf21,82,TRO_11_MD39,6.6990e-08,aislado_clinico,1
RLf21_wk82_30,RLf21,82,0712_250_pblib001_RnS-2G_L14,9.4880e-06,aislado_clinico,0
RLf21_wk82_30,RLf21,82,0860_150_con_RnS-2G_L14,1.1850e-06,aislado_clinico,0
RLf21_wk82_30,RLf21,82,1026_120_sgaA5_RnS-2G_L14,1.2460e-06,aislado_clinico,0
RLf21_wk82_30,RLf21,82,V703-0537-RnSv2-2G_L14,7.5900e-09,aislado_clinico,1
RLf21_wk82_54,RLf21,82,N332-GT5 gp140,1.7340e-09,prime,1
RLf21_wk82_54,RLf21,82,SF162P3_MD64_B20,1.3440e-08,aislado_clinico,1
RLf21_wk82_54,RLf21,82,DU156_MD39_BET1,1.7130e-08,aislado_clinico,1
RLf21_wk82_54,RLf21,82,Q23.17_MD39_L14,3.7280e-07,aislado_clinico,1
RLf21_wk82_54,RLf21,82,SHIV_AD8_MD64,4.8030e-07,aislado_clinico,1
RLf21_wk82_54,RLf21,82,DU422-1_MD39v2_L14,3.7150e-07,aislado_clinico,1
RLf21_wk82_54,RLf21,82,p1981_MD39_BET1,1.3980e-07,aislado_clinico,1
RLf21_wk82_54,RLf21,82,TRO_11_MD39,3.0350e-07,aislado_clinico,1
RLf21_wk82_54,RLf21,82,0712_250_pblib001_RnS-2G_L14,1.3450e-05,aislado_clinico,0
RLf21_wk82_54,RLf21,82,0860_150_con_RnS-2G_L14,2.0300e-06,aislado_clinico,0
RLf21_wk82_54,RLf21,82,1026_120_sgaA5_RnS-2G_L14,2.6400e-06,aislado_clinico,0
RLf21_wk82_54,RLf21,82,V703-0537-RnSv2-2G_L14,2.6980e-08,aislado_clinico,1
RRr20_wk82_28,RRr20,82,N332-GT5 gp140,2.8060e-11,prime,1
RRr20_wk82_28,RRr20,82,SF162P3_MD64_B20,1.3480e-09,aislado_clinico,1
RRr20_wk82_28,RRr20,82,DU156_MD39_BET1,3.0830e-09,aislado_clinico,1
RRr20_wk82_28,RRr20,82,Q23.17_MD39_L14,9.4570e-08,aislado_clinico,1
RRr20_wk82_28,RRr20,82,SHIV_AD8_MD64,9.2820e-08,aislado_clinico,1
RRr20_wk82_28,RRr20,82,DU422-1_MD39v2_L14,7.0490e-07,aislado_clinico,1
RRr20_wk82_28,RRr20,82,p1981_MD39_BET1,1.7200e-08,aislado_clinico,1
RRr20_wk82_28,RRr20,82,TRO_11_MD39,3.0450e-07,aislado_clinico,1
RRr20_wk82_28,RRr20,82,0712_250_pblib001_RnS-2G_L14,1.8910e-06,aislado_clinico,0
RRr20_wk82_28,RRr20,82,0860_150_con_RnS-2G_L14,7.7290e-07,aislado_clinico,1
RRr20_wk82_28,RRr20,82,1026_120_sgaA5_RnS-2G_L14,2.3250e-06,aislado_clinico,0
RRr20_wk82_28,RRr20,82,V703-0537-RnSv2-2G_L14,2.5620e-08,aislado_clinico,1
RVz20_wk82_80,RVz20,82,N332-GT5 gp140,8.0520e-10,prime,1
RVz20_wk82_80,RVz20,82,SF162P3_MD64_B20,4.9300e-09,aislado_clinico,1
RVz20_wk82_80,RVz20,82,DU156_MD39_BET1,7.0430e-09,aislado_clinico,1
RVz20_wk82_80,RVz20,82,Q23.17_MD39_L14,3.1990e-07,aislado_clinico,1
RVz20_wk82_80,RVz20,82,SHIV_AD8_MD64,4.6380e-08,aislado_clinico,1
RVz20_wk82_80,RVz20,82,DU422-1_MD39v2_L14,9.2790e-06,aislado_clinico,0
RVz20_wk82_80,RVz20,82,p1981_MD39_BET1,1.3230e-07,aislado_clinico,1
RVz20_wk82_80,RVz20,82,TRO_11_MD39,1.0530e-06,aislado_clinico,0
RVz20_wk82_80,RVz20,82,0712_250_pblib001_RnS-2G_L14,1.3450e-05,aislado_clinico,0
RVz20_wk82_80,RVz20,82,0860_150_con_RnS-2G_L14,1.2730e-05,aislado_clinico,0
RVz20_wk82_80,RVz20,82,1026_120_sgaA5_RnS-2G_L14,1.0700e-05,aislado_clinico,0
RVz20_wk82_80,RVz20,82,V703-0537-RnSv2-2G_L14,4.8010e-07,aislado_clinico,1
RLf21_wk82_55,RLf21,82,N332-GT5 gp140,1.4920e-09,prime,1
RLf21_wk82_55,RLf21,82,SF162P3_MD64_B20,1.3540e-08,aislado_clinico,1
RLf21_wk82_55,RLf21,82,DU156_MD39_BET1,1.9750e-08,aislado_clinico,1
RLf21_wk82_55,RLf21,82,Q23.17_MD39_L14,1.8980e-07,aislado_clinico,1
RLf21_wk82_55,RLf21,82,SHIV_AD8_MD64,4.6110e-07,aislado_clinico,1
RLf21_wk82_55,RLf21,82,DU422-1_MD39v2_L14,1.4700e-06,aislado_clinico,0
RLf21_wk82_55,RLf21,82,p1981_MD39_BET1,1.7570e-07,aislado_clinico,1
RLf21_wk82_55,RLf21,82,TRO_11_MD39,5.9640e-07,aislado_clinico,1
RLf21_wk82_55,RLf21,82,0712_250_pblib001_RnS-2G_L14,1.3450e-05,aislado_clinico,0
RLf21_wk82_55,RLf21,82,0860_150_con_RnS-2G_L14,1.2730e-05,aislado_clinico,0
RLf21_wk82_55,RLf21,82,1026_120_sgaA5_RnS-2G_L14,1.0700e-05,aislado_clinico,0
RLf21_wk82_55,RLf21,82,V703-0537-RnSv2-2G_L14,3.6720e-07,aislado_clinico,1
RLy20_wk82_81,RLy20,82,N332-GT5 gp140,2.7450e-11,prime,1
RLy20_wk82_81,RLy20,82,SF162P3_MD64_B20,5.2750e-07,aislado_clinico,1
RLy20_wk82_81,RLy20,82,DU156_MD39_BET1,6.5610e-07,aislado_clinico,1
RLy20_wk82_81,RLy20,82,Q23.17_MD39_L14,1.0270e-05,aislado_clinico,0
RLy20_wk82_81,RLy20,82,SHIV_AD8_MD64,1.2380e-05,aislado_clinico,0
RLy20_wk82_81,RLy20,82,DU422-1_MD39v2_L14,1.2210e-05,aislado_clinico,0
RLy20_wk82_81,RLy20,82,p1981_MD39_BET1,6.3720e-06,aislado_clinico,0
RLy20_wk82_81,RLy20,82,TRO_11_MD39,9.0070e-06,aislado_clinico,0
RLy20_wk82_81,RLy20,82,0712_250_pblib001_RnS-2G_L14,1.3450e-05,aislado_clinico,0
RLy20_wk82_81,RLy20,82,0860_150_con_RnS-2G_L14,1.2730e-05,aislado_clinico,0
RLy20_wk82_81,RLy20,82,1026_120_sgaA5_RnS-2G_L14,1.0700e-05,aislado_clinico,0
RLy20_wk82_81,RLy20,82,V703-0537-RnSv2-2G_L14,5.4430e-06,aislado_clinico,0
ROe21_wk82_82,ROe21,82,N332-GT5 gp140,7.9730e-10,prime,1
ROe21_wk82_82,ROe21,82,SF162P3_MD64_B20,4.5440e-09,aislado_clinico,1
ROe21_wk82_82,ROe21,82,DU156_MD39_BET1,1.7750e-07,aislado_clinico,1
ROe21_wk82_82,ROe21,82,Q23.17_MD39_L14,3.2440e-07,aislado_clinico,1
ROe21_wk82_82,ROe21,82,SHIV_AD8_MD64,7.6290e-08,aislado_clinico,1
ROe21_wk82_82,ROe21,82,DU422-1_MD39v2_L14,1.2210e-05,aislado_clinico,0
ROe21_wk82_82,ROe21,82,p1981_MD39_BET1,2.4380e-07,aislado_clinico,1
ROe21_wk82_82,ROe21,82,TRO_11_MD39,1.2130e-05,aislado_clinico,0
ROe21_wk82_82,ROe21,82,0712_250_pblib001_RnS-2G_L14,1.3450e-05,aislado_clinico,0
ROe21_wk82_82,ROe21,82,0860_150_con_RnS-2G_L14,1.2730e-05,aislado_clinico,0
ROe21_wk82_82,ROe21,82,1026_120_sgaA5_RnS-2G_L14,1.0700e-05,aislado_clinico,0
ROe21_wk82_82,ROe21,82,V703-0537-RnSv2-2G_L14,2.6700e-07,aislado_clinico,1
ROe21_wk82_83,ROe21,82,N332-GT5 gp140,7.7170e-10,prime,1
ROe21_wk82_83,ROe21,82,SF162P3_MD64_B20,6.2850e-09,aislado_clinico,1
ROe21_wk82_83,ROe21,82,DU156_MD39_BET1,1.8300e-07,aislado_clinico,1
ROe21_wk82_83,ROe21,82,Q23.17_MD39_L14,4.0300e-07,aislado_clinico,1
ROe21_wk82_83,ROe21,82,SHIV_AD8_MD64,6.4780e-08,aislado_clinico,1
ROe21_wk82_83,ROe21,82,DU422-1_MD39v2_L14,1.2210e-05,aislado_clinico,0
ROe21_wk82_83,ROe21,82,p1981_MD39_BET1,2.6990e-07,aislado_clinico,1
ROe21_wk82_83,ROe21,82,TRO_11_MD39,1.2130e-05,aislado_clinico,0
ROe21_wk82_83,ROe21,82,0712_250_pblib001_RnS-2G_L14,1.3450e-05,aislado_clinico,0
ROe21_wk82_83,ROe21,82,0860_150_con_RnS-2G_L14,1.2730e-05,aislado_clinico,0
ROe21_wk82_83,ROe21,82,1026_120_sgaA5_RnS-2G_L14,1.0700e-05,aislado_clinico,0
ROe21_wk82_83,ROe21,82,V703-0537-RnSv2-2G_L14,4.1490e-07,aislado_clinico,1
RQd20_wk82_56,RQd20,82,N332-GT5 gp140,2.7690e-09,prime,1
RQd20_wk82_56,RQd20,82,SF162P3_MD64_B20,1.1840e-08,aislado_clinico,1
RQd20_wk82_56,RQd20,82,DU156_MD39_BET1,1.6220e-08,aislado_clinico,1
RQd20_wk82_56,RQd20,82,Q23.17_MD39_L14,4.9100e-07,aislado_clinico,1
RQd20_wk82_56,RQd20,82,SHIV_AD8_MD64,5.9770e-07,aislado_clinico,1
RQd20_wk82_56,RQd20,82,DU422-1_MD39v2_L14,3.4940e-06,aislado_clinico,0
RQd20_wk82_56,RQd20,82,p1981_MD39_BET1,4.8810e-07,aislado_clinico,1
RQd20_wk82_56,RQd20,82,TRO_11_MD39,2.8790e-07,aislado_clinico,1
RQd20_wk82_56,RQd20,82,0712_250_pblib001_RnS-2G_L14,1.3450e-05,aislado_clinico,0
RQd20_wk82_56,RQd20,82,0860_150_con_RnS-2G_L14,6.0730e-06,aislado_clinico,0
RQd20_wk82_56,RQd20,82,1026_120_sgaA5_RnS-2G_L14,1.0700e-05,aislado_clinico,0
RQd20_wk82_56,RQd20,82,V703-0537-RnSv2-2G_L14,5.8800e-07,aislado_clinico,1
RQd20_wk82_57,RQd20,82,N332-GT5 gp140,5.2650e-09,prime,1
RQd20_wk82_57,RQd20,82,SF162P3_MD64_B20,4.4900e-08,aislado_clinico,1
RQd20_wk82_57,RQd20,82,DU156_MD39_BET1,1.5210e-08,aislado_clinico,1
RQd20_wk82_57,RQd20,82,Q23.17_MD39_L14,5.7660e-07,aislado_clinico,1
RQd20_wk82_57,RQd20,82,SHIV_AD8_MD64,9.0540e-07,aislado_clinico,1
RQd20_wk82_57,RQd20,82,DU422-1_MD39v2_L14,6.1330e-06,aislado_clinico,0
RQd20_wk82_57,RQd20,82,p1981_MD39_BET1,2.8930e-07,aislado_clinico,1
RQd20_wk82_57,RQd20,82,TRO_11_MD39,3.6850e-07,aislado_clinico,1
RQd20_wk82_57,RQd20,82,0712_250_pblib001_RnS-2G_L14,1.3450e-05,aislado_clinico,0
RQd20_wk82_57,RQd20,82,0860_150_con_RnS-2G_L14,2.6590e-06,aislado_clinico,0
RQd20_wk82_57,RQd20,82,1026_120_sgaA5_RnS-2G_L14,2.4080e-06,aislado_clinico,0
RQd20_wk82_57,RQd20,82,V703-0537-RnSv2-2G_L14,5.5570e-07,aislado_clinico,1
RQd20_wk82_58,RQd20,82,N332-GT5 gp140,1.9860e-09,prime,1
RQd20_wk82_58,RQd20,82,SF162P3_MD64_B20,1.0350e-08,aislado_clinico,1
RQd20_wk82_58,RQd20,82,DU156_MD39_BET1,2.2910e-08,aislado_clinico,1
RQd20_wk82_58,RQd20,82,Q23.17_MD39_L14,9.1160e-07,aislado_clinico,1
RQd20_wk82_58,RQd20,82,SHIV_AD8_MD64,1.7220e-06,aislado_clinico,0
RQd20_wk82_58,RQd20,82,DU422-1_MD39v2_L14,1.2210e-05,aislado_clinico,0
RQd20_wk82_58,RQd20,82,p1981_MD39_BET1,1.5670e-07,aislado_clinico,1
RQd20_wk82_58,RQd20,82,TRO_11_MD39,1.2130e-05,aislado_clinico,0
RQd20_wk82_58,RQd20,82,0712_250_pblib001_RnS-2G_L14,1.3450e-05,aislado_clinico,0
RQd20_wk82_58,RQd20,82,0860_150_con_RnS-2G_L14,2.4610e-06,aislado_clinico,0
RQd20_wk82_58,RQd20,82,1026_120_sgaA5_RnS-2G_L14,1.0700e-05,aislado_clinico,0
RQd20_wk82_58,RQd20,82,V703-0537-RnSv2-2G_L14,6.1660e-07,aislado_clinico,1
RQd20_wk82_59,RQd20,82,N332-GT5 gp140,1.3140e-08,prime,1
RQd20_wk82_59,RQd20,82,SF162P3_MD64_B20,9.4570e-09,aislado_clinico,1
RQd20_wk82_59,RQd20,82,DU156_MD39_BET1,1.0550e-08,aislado_clinico,1
RQd20_wk82_59,RQd20,82,Q23.17_MD39_L14,2.3760e-07,aislado_clinico,1
RQd20_wk82_59,RQd20,82,SHIV_AD8_MD64,5.0940e-07,aislado_clinico,1
RQd20_wk82_59,RQd20,82,DU422-1_MD39v2_L14,2.3630e-06,aislado_clinico,0
RQd20_wk82_59,RQd20,82,p1981_MD39_BET1,1.2050e-07,aislado_clinico,1
RQd20_wk82_59,RQd20,82,TRO_11_MD39,1.9090e-07,aislado_clinico,1
RQd20_wk82_59,RQd20,82,0712_250_pblib001_RnS-2G_L14,1.3450e-05,aislado_clinico,0
RQd20_wk82_59,RQd20,82,0860_150_con_RnS-2G_L14,5.0630e-07,aislado_clinico,1
RQd20_wk82_59,RQd20,82,1026_120_sgaA5_RnS-2G_L14,1.3930e-06,aislado_clinico,0
RQd20_wk82_59,RQd20,82,V703-0537-RnSv2-2G_L14,1.3010e-05,aislado_clinico,0
RQd20_wk82_60,RQd20,82,N332-GT5 gp140,2.6300e-08,prime,1
RQd20_wk82_60,RQd20,82,SF162P3_MD64_B20,6.7400e-08,aislado_clinico,1
RQd20_wk82_60,RQd20,82,DU156_MD39_BET1,1.6290e-08,aislado_clinico,1
RQd20_wk82_60,RQd20,82,Q23.17_MD39_L14,4.1820e-07,aislado_clinico,1
RQd20_wk82_60,RQd20,82,SHIV_AD8_MD64,8.4250e-07,aislado_clinico,1
RQd20_wk82_60,RQd20,82,DU422-1_MD39v2_L14,8.2380e-06,aislado_clinico,0
RQd20_wk82_60,RQd20,82,p1981_MD39_BET1,1.8970e-07,aislado_clinico,1
RQd20_wk82_60,RQd20,82,TRO_11_MD39,4.1340e-07,aislado_clinico,1
RQd20_wk82_60,RQd20,82,0712_250_pblib001_RnS-2G_L14,1.3450e-05,aislado_clinico,0
RQd20_wk82_60,RQd20,82,0860_150_con_RnS-2G_L14,9.1120e-07,aislado_clinico,1
RQd20_wk82_60,RQd20,82,1026_120_sgaA5_RnS-2G_L14,1.3310e-06,aislado_clinico,0
RQd20_wk82_60,RQd20,82,V703-0537-RnSv2-2G_L14,5.3270e-07,aislado_clinico,1
RQd20_wk82_61,RQd20,82,N332-GT5 gp140,1.1740e-09,prime,1
RQd20_wk82_61,RQd20,82,SF162P3_MD64_B20,1.0620e-08,aislado_clinico,1
RQd20_wk82_61,RQd20,82,DU156_MD39_BET1,1.3880e-08,aislado_clinico,1
RQd20_wk82_61,RQd20,82,Q23.17_MD39_L14,2.0210e-07,aislado_clinico,1
RQd20_wk82_61,RQd20,82,SHIV_AD8_MD64,9.8090e-07,aislado_clinico,1
RQd20_wk82_61,RQd20,82,DU422-1_MD39v2_L14,1.2210e-05,aislado_clinico,0
RQd20_wk82_61,RQd20,82,p1981_MD39_BET1,4.6130e-08,aislado_clinico,1
RQd20_wk82_61,RQd20,82,TRO_11_MD39,2.3600e-06,aislado_clinico,0
RQd20_wk82_61,RQd20,82,0712_250_pblib001_RnS-2G_L14,1.3450e-05,aislado_clinico,0
RQd20_wk82_61,RQd20,82,0860_150_con_RnS-2G_L14,5.7360e-06,aislado_clinico,0
RQd20_wk82_61,RQd20,82,1026_120_sgaA5_RnS-2G_L14,2.5790e-06,aislado_clinico,0
RQd20_wk82_61,RQd20,82,V703-0537-RnSv2-2G_L14,4.9660e-07,aislado_clinico,1
RQd20_wk82_62,RQd20,82,N332-GT5 gp140,3.3050e-09,prime,1
RQd20_wk82_62,RQd20,82,SF162P3_MD64_B20,1.4190e-08,aislado_clinico,1
RQd20_wk82_62,RQd20,82,DU156_MD39_BET1,1.5610e-08,aislado_clinico,1
RQd20_wk82_62,RQd20,82,Q23.17_MD39_L14,1.8010e-07,aislado_clinico,1
RQd20_wk82_62,RQd20,82,SHIV_AD8_MD64,6.2420e-07,aislado_clinico,1
RQd20_wk82_62,RQd20,82,DU422-1_MD39v2_L14,2.7620e-06,aislado_clinico,0
RQd20_wk82_62,RQd20,82,p1981_MD39_BET1,1.4300e-07,aislado_clinico,1
RQd20_wk82_62,RQd20,82,TRO_11_MD39,3.2660e-07,aislado_clinico,1
RQd20_wk82_62,RQd20,82,0712_250_pblib001_RnS-2G_L14,1.3450e-05,aislado_clinico,0
RQd20_wk82_62,RQd20,82,0860_150_con_RnS-2G_L14,4.0650e-06,aislado_clinico,0
RQd20_wk82_62,RQd20,82,1026_120_sgaA5_RnS-2G_L14,3.5220e-06,aislado_clinico,0
RQd20_wk82_62,RQd20,82,V703-0537-RnSv2-2G_L14,6.0320e-07,aislado_clinico,1
REe21_wk82_84,REe21,82,N332-GT5 gp140,5.9380e-11,prime,1
REe21_wk82_84,REe21,82,SF162P3_MD64_B20,1.2040e-05,aislado_clinico,0
REe21_wk82_84,REe21,82,DU156_MD39_BET1,1.3010e-05,aislado_clinico,0
REe21_wk82_84,REe21,82,Q23.17_MD39_L14,1.0270e-05,aislado_clinico,0
REe21_wk82_84,REe21,82,SHIV_AD8_MD64,1.2380e-05,aislado_clinico,0
REe21_wk82_84,REe21,82,DU422-1_MD39v2_L14,1.2210e-05,aislado_clinico,0
REe21_wk82_84,REe21,82,p1981_MD39_BET1,1.3420e-05,aislado_clinico,0
REe21_wk82_84,REe21,82,TRO_11_MD39,1.2130e-05,aislado_clinico,0
REe21_wk82_84,REe21,82,0712_250_pblib001_RnS-2G_L14,1.3450e-05,aislado_clinico,0
REe21_wk82_84,REe21,82,0860_150_con_RnS-2G_L14,1.2730e-05,aislado_clinico,0
REe21_wk82_84,REe21,82,1026_120_sgaA5_RnS-2G_L14,1.0700e-05,aislado_clinico,0
REe21_wk82_84,REe21,82,V703-0537-RnSv2-2G_L14,1.3010e-05,aislado_clinico,0
REg21_wk82_31,REg21,82,N332-GT5 gp140,1.5390e-09,prime,1
REg21_wk82_31,REg21,82,SF162P3_MD64_B20,5.3890e-08,aislado_clinico,1
REg21_wk82_31,REg21,82,DU156_MD39_BET1,4.1630e-08,aislado_clinico,1
REg21_wk82_31,REg21,82,Q23.17_MD39_L14,7.6410e-07,aislado_clinico,1
REg21_wk82_31,REg21,82,SHIV_AD8_MD64,8.9300e-07,aislado_clinico,1
REg21_wk82_31,REg21,82,DU422-1_MD39v2_L14,1.8600e-06,aislado_clinico,0
REg21_wk82_31,REg21,82,p1981_MD39_BET1,1.7050e-07,aislado_clinico,1
REg21_wk82_31,REg21,82,TRO_11_MD39,7.2670e-07,aislado_clinico,1
REg21_wk82_31,REg21,82,0712_250_pblib001_RnS-2G_L14,1.3450e-05,aislado_clinico,0
REg21_wk82_31,REg21,82,0860_150_con_RnS-2G_L14,1.2730e-05,aislado_clinico,0
REg21_wk82_31,REg21,82,1026_120_sgaA5_RnS-2G_L14,1.0700e-05,aislado_clinico,0
REg21_wk82_31,REg21,82,V703-0537-RnSv2-2G_L14,5.3860e-07,aislado_clinico,1
REg21_wk82_33,REg21,82,N332-GT5 gp140,1.4050e-09,prime,1
REg21_wk82_33,REg21,82,SF162P3_MD64_B20,6.3740e-08,aislado_clinico,1
REg21_wk82_33,REg21,82,DU156_MD39_BET1,5.8580e-08,aislado_clinico,1
REg21_wk82_33,REg21,82,Q23.17_MD39_L14,7.4900e-07,aislado_clinico,1
REg21_wk82_33,REg21,82,SHIV_AD8_MD64,9.1790e-07,aislado_clinico,1
REg21_wk82_33,REg21,82,DU422-1_MD39v2_L14,2.0600e-06,aislado_clinico,0
REg21_wk82_33,REg21,82,p1981_MD39_BET1,2.0370e-07,aislado_clinico,1
REg21_wk82_33,REg21,82,TRO_11_MD39,1.0860e-06,aislado_clinico,0
REg21_wk82_33,REg21,82,0712_250_pblib001_RnS-2G_L14,1.3450e-05,aislado_clinico,0
REg21_wk82_33,REg21,82,0860_150_con_RnS-2G_L14,1.2730e-05,aislado_clinico,0
REg21_wk82_33,REg21,82,1026_120_sgaA5_RnS-2G_L14,1.0700e-05,aislado_clinico,0
REg21_wk82_33,REg21,82,V703-0537-RnSv2-2G_L14,6.8660e-07,aislado_clinico,1
RYo20_wk95_01,RYo20,95,DU156_MD39_BET1,3.3120e-08,aislado_clinico,1
RYo20_wk95_01,RYo20,95,Q23.17_MD39_L14,1.4000e-07,aislado_clinico,1
RYo20_wk95_01,RYo20,95,SHIV_AD8_MD64,2.7160e-07,aislado_clinico,1
RYo20_wk95_01,RYo20,95,DU422-1_MD39v2_L14,2.2330e-06,aislado_clinico,0
RYo20_wk95_01,RYo20,95,p1981_MD39_BET1,1.5430e-07,aislado_clinico,1
RYo20_wk95_01,RYo20,95,TRO_11_MD39,1.3180e-07,aislado_clinico,1
RYo20_wk95_01,RYo20,95,0712_250_pblib001_RnS-2G_L14,1.8320e-06,aislado_clinico,0
RYo20_wk95_01,RYo20,95,0860_150_con_RnS-2G_L14,8.8080e-07,aislado_clinico,1
RYo20_wk95_01,RYo20,95,1026_120_sgaA5_RnS-2G_L14,1.8440e-06,aislado_clinico,0
RYo20_wk95_01,RYo20,95,V703-0537-RnSv2-2G_L14,1.2380e-07,aislado_clinico,1
RYo20_wk95_02,RYo20,95,DU156_MD39_BET1,6.3300e-08,aislado_clinico,1
RYo20_wk95_02,RYo20,95,Q23.17_MD39_L14,2.3540e-07,aislado_clinico,1
RYo20_wk95_02,RYo20,95,SHIV_AD8_MD64,2.8150e-07,aislado_clinico,1
RYo20_wk95_02,RYo20,95,DU422-1_MD39v2_L14,2.3600e-06,aislado_clinico,0
RYo20_wk95_02,RYo20,95,p1981_MD39_BET1,1.3920e-07,aislado_clinico,1
RYo20_wk95_02,RYo20,95,TRO_11_MD39,1.5680e-07,aislado_clinico,1
RYo20_wk95_02,RYo20,95,0712_250_pblib001_RnS-2G_L14,4.2610e-06,aislado_clinico,0
RYo20_wk95_02,RYo20,95,0860_150_con_RnS-2G_L14,1.3470e-06,aislado_clinico,0
RYo20_wk95_02,RYo20,95,1026_120_sgaA5_RnS-2G_L14,2.4850e-06,aislado_clinico,0
RYo20_wk95_02,RYo20,95,V703-0537-RnSv2-2G_L14,1.9790e-07,aislado_clinico,1
RSz19_wk95_03,RSz19,95,DU156_MD39_BET1,3.3860e-08,aislado_clinico,1
RSz19_wk95_03,RSz19,95,Q23.17_MD39_L14,1.2740e-07,aislado_clinico,1
RSz19_wk95_03,RSz19,95,SHIV_AD8_MD64,4.1530e-07,aislado_clinico,1
RSz19_wk95_03,RSz19,95,DU422-1_MD39v2_L14,1.0520e-05,aislado_clinico,0
RSz19_wk95_03,RSz19,95,p1981_MD39_BET1,1.5290e-07,aislado_clinico,1
RSz19_wk95_03,RSz19,95,TRO_11_MD39,1.5070e-07,aislado_clinico,1
RSz19_wk95_03,RSz19,95,0712_250_pblib001_RnS-2G_L14,3.5710e-06,aislado_clinico,0
RSz19_wk95_03,RSz19,95,0860_150_con_RnS-2G_L14,4.0570e-07,aislado_clinico,1
RSz19_wk95_03,RSz19,95,1026_120_sgaA5_RnS-2G_L14,1.5280e-06,aislado_clinico,0
RSz19_wk95_03,RSz19,95,V703-0537-RnSv2-2G_L14,3.8460e-07,aislado_clinico,1
RIs20_wk95_05,RIs20,95,DU156_MD39_BET1,1.8210e-05,aislado_clinico,0
RIs20_wk95_05,RIs20,95,Q23.17_MD39_L14,1.3140e-05,aislado_clinico,0
RIs20_wk95_05,RIs20,95,SHIV_AD8_MD64,1.2940e-05,aislado_clinico,0
RIs20_wk95_05,RIs20,95,DU422-1_MD39v2_L14,1.5370e-05,aislado_clinico,0
RIs20_wk95_05,RIs20,95,p1981_MD39_BET1,2.3760e-06,aislado_clinico,0
RIs20_wk95_05,RIs20,95,TRO_11_MD39,1.3570e-05,aislado_clinico,0
RIs20_wk95_05,RIs20,95,0712_250_pblib001_RnS-2G_L14,1.3880e-05,aislado_clinico,0
RIs20_wk95_05,RIs20,95,0860_150_con_RnS-2G_L14,1.3800e-05,aislado_clinico,0
RIs20_wk95_05,RIs20,95,1026_120_sgaA5_RnS-2G_L14,1.3120e-05,aislado_clinico,0
RIs20_wk95_05,RIs20,95,V703-0537-RnSv2-2G_L14,1.3950e-05,aislado_clinico,0
RLf21_wk95_14,RLf21,95,DU156_MD39_BET1,2.0700e-08,aislado_clinico,1
RLf21_wk95_14,RLf21,95,Q23.17_MD39_L14,1.9120e-07,aislado_clinico,1
RLf21_wk95_14,RLf21,95,SHIV_AD8_MD64,6.4830e-07,aislado_clinico,1
RLf21_wk95_14,RLf21,95,DU422-1_MD39v2_L14,4.0780e-06,aislado_clinico,0
RLf21_wk95_14,RLf21,95,p1981_MD39_BET1,1.6760e-07,aislado_clinico,1
RLf21_wk95_14,RLf21,95,TRO_11_MD39,3.2000e-07,aislado_clinico,1
RLf21_wk95_14,RLf21,95,0712_250_pblib001_RnS-2G_L14,2.2870e-06,aislado_clinico,0
RLf21_wk95_14,RLf21,95,0860_150_con_RnS-2G_L14,5.9160e-07,aislado_clinico,1
RLf21_wk95_14,RLf21,95,1026_120_sgaA5_RnS-2G_L14,1.8900e-06,aislado_clinico,0
RLf21_wk95_14,RLf21,95,V703-0537-RnSv2-2G_L14,2.8750e-07,aislado_clinico,1
RQd20_wk95_11,RQd20,95,DU156_MD39_BET1,2.1790e-08,aislado_clinico,1
RQd20_wk95_11,RQd20,95,Q23.17_MD39_L14,3.4510e-07,aislado_clinico,1
RQd20_wk95_11,RQd20,95,SHIV_AD8_MD64,1.3240e-06,aislado_clinico,0
RQd20_wk95_11,RQd20,95,DU422-1_MD39v2_L14,4.2690e-06,aislado_clinico,0
RQd20_wk95_11,RQd20,95,p1981_MD39_BET1,1.8310e-07,aislado_clinico,1
RQd20_wk95_11,RQd20,95,TRO_11_MD39,5.3670e-07,aislado_clinico,1
RQd20_wk95_11,RQd20,95,0712_250_pblib001_RnS-2G_L14,3.7920e-06,aislado_clinico,0
RQd20_wk95_11,RQd20,95,0860_150_con_RnS-2G_L14,1.9430e-06,aislado_clinico,0
RQd20_wk95_11,RQd20,95,1026_120_sgaA5_RnS-2G_L14,2.9940e-06,aislado_clinico,0
RQd20_wk95_11,RQd20,95,V703-0537-RnSv2-2G_L14,5.2440e-07,aislado_clinico,1
RQd20_wk95_10,RQd20,95,DU156_MD39_BET1,1.6930e-08,aislado_clinico,1
RQd20_wk95_10,RQd20,95,Q23.17_MD39_L14,2.7160e-07,aislado_clinico,1
RQd20_wk95_10,RQd20,95,SHIV_AD8_MD64,7.3410e-07,aislado_clinico,1
RQd20_wk95_10,RQd20,95,DU422-1_MD39v2_L14,1.6500e-06,aislado_clinico,0
RQd20_wk95_10,RQd20,95,p1981_MD39_BET1,9.4690e-08,aislado_clinico,1
RQd20_wk95_10,RQd20,95,TRO_11_MD39,2.2750e-07,aislado_clinico,1
RQd20_wk95_10,RQd20,95,0712_250_pblib001_RnS-2G_L14,1.3880e-05,aislado_clinico,0
RQd20_wk95_10,RQd20,95,0860_150_con_RnS-2G_L14,1.1280e-06,aislado_clinico,0
RQd20_wk95_10,RQd20,95,1026_120_sgaA5_RnS-2G_L14,2.1660e-06,aislado_clinico,0
RQd20_wk95_10,RQd20,95,V703-0537-RnSv2-2G_L14,1.2150e-06,aislado_clinico,0
RQd20_wk95_12,RQd20,95,DU156_MD39_BET1,2.5090e-08,aislado_clinico,1
RQd20_wk95_12,RQd20,95,Q23.17_MD39_L14,5.1320e-07,aislado_clinico,1
RQd20_wk95_12,RQd20,95,SHIV_AD8_MD64,1.3890e-06,aislado_clinico,0
RQd20_wk95_12,RQd20,95,DU422-1_MD39v2_L14,1.9840e-06,aislado_clinico,0
RQd20_wk95_12,RQd20,95,p1981_MD39_BET1,1.6470e-07,aislado_clinico,1
RQd20_wk95_12,RQd20,95,TRO_11_MD39,5.1870e-07,aislado_clinico,1
RQd20_wk95_12,RQd20,95,0712_250_pblib001_RnS-2G_L14,2.3860e-06,aislado_clinico,0
RQd20_wk95_12,RQd20,95,0860_150_con_RnS-2G_L14,2.0820e-06,aislado_clinico,0
RQd20_wk95_12,RQd20,95,1026_120_sgaA5_RnS-2G_L14,3.5670e-06,aislado_clinico,0
RQd20_wk95_12,RQd20,95,V703-0537-RnSv2-2G_L14,1.5890e-06,aislado_clinico,0
RQd20_wk95_13,RQd20,95,DU156_MD39_BET1,1.8510e-08,aislado_clinico,1
RQd20_wk95_13,RQd20,95,Q23.17_MD39_L14,3.4170e-06,aislado_clinico,0
RQd20_wk95_13,RQd20,95,SHIV_AD8_MD64,5.3330e-06,aislado_clinico,0
RQd20_wk95_13,RQd20,95,DU422-1_MD39v2_L14,3.5690e-06,aislado_clinico,0
RQd20_wk95_13,RQd20,95,p1981_MD39_BET1,4.0840e-06,aislado_clinico,0
RQd20_wk95_13,RQd20,95,TRO_11_MD39,1.4720e-06,aislado_clinico,0
RQd20_wk95_13,RQd20,95,0712_250_pblib001_RnS-2G_L14,1.3880e-05,aislado_clinico,0
RQd20_wk95_13,RQd20,95,0860_150_con_RnS-2G_L14,1.3800e-05,aislado_clinico,0
RQd20_wk95_13,RQd20,95,1026_120_sgaA5_RnS-2G_L14,1.3120e-05,aislado_clinico,0
RQd20_wk95_13,RQd20,95,V703-0537-RnSv2-2G_L14,3.2360e-06,aislado_clinico,0
RLy20_wk95_08,RLy20,95,DU156_MD39_BET1,1.9850e-06,aislado_clinico,0
RLy20_wk95_08,RLy20,95,Q23.17_MD39_L14,1.4940e-05,aislado_clinico,0
RLy20_wk95_08,RLy20,95,SHIV_AD8_MD64,1.2940e-05,aislado_clinico,0
RLy20_wk95_08,RLy20,95,DU422-1_MD39v2_L14,1.5370e-05,aislado_clinico,0
RLy20_wk95_08,RLy20,95,p1981_MD39_BET1,3.4290e-06,aislado_clinico,0
RLy20_wk95_08,RLy20,95,TRO_11_MD39,8.5450e-06,aislado_clinico,0
RLy20_wk95_08,RLy20,95,0712_250_pblib001_RnS-2G_L14,1.3880e-05,aislado_clinico,0
RLy20_wk95_08,RLy20,95,0860_150_con_RnS-2G_L14,1.3800e-05,aislado_clinico,0
RLy20_wk95_08,RLy20,95,1026_120_sgaA5_RnS-2G_L14,1.3120e-05,aislado_clinico,0
RLy20_wk95_08,RLy20,95,V703-0537-RnSv2-2G_L14,8.8070e-06,aislado_clinico,0
RYy20_wk95_07,RYy20,95,DU156_MD39_BET1,1.4080e-06,aislado_clinico,0
RYy20_wk95_07,RYy20,95,Q23.17_MD39_L14,3.6780e-06,aislado_clinico,0
RYy20_wk95_07,RYy20,95,SHIV_AD8_MD64,2.6810e-06,aislado_clinico,0
RYy20_wk95_07,RYy20,95,DU422-1_MD39v2_L14,1.5370e-05,aislado_clinico,0
RYy20_wk95_07,RYy20,95,p1981_MD39_BET1,3.8500e-06,aislado_clinico,0
RYy20_wk95_07,RYy20,95,TRO_11_MD39,1.3570e-05,aislado_clinico,0
RYy20_wk95_07,RYy20,95,0712_250_pblib001_RnS-2G_L14,1.3880e-05,aislado_clinico,0
RYy20_wk95_07,RYy20,95,0860_150_con_RnS-2G_L14,1.3800e-05,aislado_clinico,0
RYy20_wk95_07,RYy20,95,1026_120_sgaA5_RnS-2G_L14,1.3120e-05,aislado_clinico,0
RYy20_wk95_07,RYy20,95,V703-0537-RnSv2-2G_L14,4.7950e-06,aislado_clinico,0
RYo20_w114_03,RYo20,,DU156_MD39_BET1,3.5370e-07,aislado_clinico,1
RYo20_w114_03,RYo20,,Q23.17_MD39_L14,4.4670e-07,aislado_clinico,1
RYo20_w114_03,RYo20,,SHIV_AD8_MD64,8.0690e-07,aislado_clinico,1
RYo20_w114_03,RYo20,,DU422-1_MD39v2_L14,1.4300e-05,aislado_clinico,0
RYo20_w114_03,RYo20,,p1981_MD39_BET1,4.0570e-07,aislado_clinico,1
RYo20_w114_03,RYo20,,TRO_11_MD39,2.6960e-07,aislado_clinico,1
RYo20_w114_03,RYo20,,0712_250_pblib001_RnS-2G_L14,6.0020e-06,aislado_clinico,0
RYo20_w114_03,RYo20,,0860_150_con_RnS-2G_L14,2.7640e-06,aislado_clinico,0
RYo20_w114_03,RYo20,,1026_120_sgaA5_RnS-2G_L14,9.1740e-06,aislado_clinico,0
RYo20_w114_03,RYo20,,V703-0537-RnSv2-2G_L14,1.1220e-06,aislado_clinico,0
RYo20_w114_02,RYo20,,DU156_MD39_BET1,4.5430e-07,aislado_clinico,1
RYo20_w114_02,RYo20,,Q23.17_MD39_L14,5.2280e-07,aislado_clinico,1
RYo20_w114_02,RYo20,,SHIV_AD8_MD64,1.0790e-06,aislado_clinico,0
RYo20_w114_02,RYo20,,DU422-1_MD39v2_L14,2.9410e-05,aislado_clinico,0
RYo20_w114_02,RYo20,,p1981_MD39_BET1,4.2600e-07,aislado_clinico,1
RYo20_w114_02,RYo20,,TRO_11_MD39,2.3250e-07,aislado_clinico,1
RYo20_w114_02,RYo20,,0712_250_pblib001_RnS-2G_L14,2.2530e-06,aislado_clinico,0
RYo20_w114_02,RYo20,,0860_150_con_RnS-2G_L14,3.2230e-06,aislado_clinico,0
RYo20_w114_02,RYo20,,1026_120_sgaA5_RnS-2G_L14,1.8920e-05,aislado_clinico,0
RYo20_w114_02,RYo20,,V703-0537-RnSv2-2G_L14,1.2040e-06,aislado_clinico,0
RSz19_w114_04,RSz19,,DU156_MD39_BET1,1.3340e-05,aislado_clinico,0
RSz19_w114_04,RSz19,,Q23.17_MD39_L14,1.3140e-05,aislado_clinico,0
RSz19_w114_04,RSz19,,SHIV_AD8_MD64,1.2940e-05,aislado_clinico,0
RSz19_w114_04,RSz19,,DU422-1_MD39v2_L14,1.5370e-05,aislado_clinico,0
RSz19_w114_04,RSz19,,p1981_MD39_BET1,1.1180e-06,aislado_clinico,0
RSz19_w114_04,RSz19,,TRO_11_MD39,1.3570e-05,aislado_clinico,0
RSz19_w114_04,RSz19,,0712_250_pblib001_RnS-2G_L14,1.3880e-05,aislado_clinico,0
RSz19_w114_04,RSz19,,0860_150_con_RnS-2G_L14,1.3800e-05,aislado_clinico,0
RSz19_w114_04,RSz19,,1026_120_sgaA5_RnS-2G_L14,1.3120e-05,aislado_clinico,0
RSz19_w114_04,RSz19,,V703-0537-RnSv2-2G_L14,1.3950e-05,aislado_clinico,0
RRr20_w114_47,RRr20,,DU156_MD39_BET1,1.4770e-08,aislado_clinico,1
RRr20_w114_47,RRr20,,Q23.17_MD39_L14,3.7220e-08,aislado_clinico,1
RRr20_w114_47,RRr20,,SHIV_AD8_MD64,2.1630e-07,aislado_clinico,1
RRr20_w114_47,RRr20,,DU422-1_MD39v2_L14,5.3760e-07,aislado_clinico,1
RRr20_w114_47,RRr20,,p1981_MD39_BET1,4.4140e-08,aislado_clinico,1
RRr20_w114_47,RRr20,,TRO_11_MD39,5.9670e-08,aislado_clinico,1
RRr20_w114_47,RRr20,,0712_250_pblib001_RnS-2G_L14,2.5070e-07,aislado_clinico,1
RRr20_w114_47,RRr20,,0860_150_con_RnS-2G_L14,9.7480e-08,aislado_clinico,1
RRr20_w114_47,RRr20,,1026_120_sgaA5_RnS-2G_L14,4.6390e-07,aislado_clinico,1
RRr20_w114_47,RRr20,,V703-0537-RnSv2-2G_L14,3.7900e-08,aislado_clinico,1
RRr20_w114_34,RRr20,,DU156_MD39_BET1,1.5620e-08,aislado_clinico,1
RRr20_w114_34,RRr20,,Q23.17_MD39_L14,3.9750e-08,aislado_clinico,1
RRr20_w114_34,RRr20,,SHIV_AD8_MD64,1.7220e-07,aislado_clinico,1
RRr20_w114_34,RRr20,,DU422-1_MD39v2_L14,8.1410e-07,aislado_clinico,1
RRr20_w114_34,RRr20,,p1981_MD39_BET1,4.2470e-08,aislado_clinico,1
RRr20_w114_34,RRr20,,TRO_11_MD39,8.7800e-08,aislado_clinico,1
RRr20_w114_34,RRr20,,0712_250_pblib001_RnS-2G_L14,6.6950e-07,aislado_clinico,1
RRr20_w114_34,RRr20,,0860_150_con_RnS-2G_L14,9.4250e-08,aislado_clinico,1
RRr20_w114_34,RRr20,,1026_120_sgaA5_RnS-2G_L14,4.4020e-07,aislado_clinico,1
RRr20_w114_34,RRr20,,V703-0537-RnSv2-2G_L14,1.0630e-07,aislado_clinico,1
RRr20_w114_24,RRr20,,DU156_MD39_BET1,1.5150e-08,aislado_clinico,1
RRr20_w114_24,RRr20,,Q23.17_MD39_L14,4.9760e-08,aislado_clinico,1
RRr20_w114_24,RRr20,,SHIV_AD8_MD64,2.1200e-07,aislado_clinico,1
RRr20_w114_24,RRr20,,DU422-1_MD39v2_L14,1.0790e-06,aislado_clinico,0
RRr20_w114_24,RRr20,,p1981_MD39_BET1,3.8980e-08,aislado_clinico,1
RRr20_w114_24,RRr20,,TRO_11_MD39,2.2610e-07,aislado_clinico,1
RRr20_w114_24,RRr20,,0712_250_pblib001_RnS-2G_L14,7.0620e-07,aislado_clinico,1
RRr20_w114_24,RRr20,,0860_150_con_RnS-2G_L14,1.0930e-07,aislado_clinico,1
RRr20_w114_24,RRr20,,1026_120_sgaA5_RnS-2G_L14,6.4880e-07,aislado_clinico,1
RRr20_w114_24,RRr20,,V703-0537-RnSv2-2G_L14,8.3750e-08,aislado_clinico,1
RRr20_w114_22,RRr20,,DU156_MD39_BET1,2.0250e-08,aislado_clinico,1
RRr20_w114_22,RRr20,,Q23.17_MD39_L14,2.0940e-07,aislado_clinico,1
RRr20_w114_22,RRr20,,SHIV_AD8_MD64,4.5340e-07,aislado_clinico,1
RRr20_w114_22,RRr20,,DU422-1_MD39v2_L14,4.3640e-06,aislado_clinico,0
RRr20_w114_22,RRr20,,p1981_MD39_BET1,1.0020e-07,aislado_clinico,1
RRr20_w114_22,RRr20,,TRO_11_MD39,2.2050e-07,aislado_clinico,1
RRr20_w114_22,RRr20,,0712_250_pblib001_RnS-2G_L14,2.4040e-06,aislado_clinico,0
RRr20_w114_22,RRr20,,0860_150_con_RnS-2G_L14,2.4250e-07,aislado_clinico,1
RRr20_w114_22,RRr20,,1026_120_sgaA5_RnS-2G_L14,1.9090e-06,aislado_clinico,0
RRr20_w114_22,RRr20,,V703-0537-RnSv2-2G_L14,3.8330e-07,aislado_clinico,1
RKm20_w114_40,RKm20,,DU156_MD39_BET1,4.1960e-08,aislado_clinico,1
RKm20_w114_40,RKm20,,Q23.17_MD39_L14,2.4860e-07,aislado_clinico,1
RKm20_w114_40,RKm20,,SHIV_AD8_MD64,1.7510e-07,aislado_clinico,1
RKm20_w114_40,RKm20,,DU422-1_MD39v2_L14,6.2040e-06,aislado_clinico,0
RKm20_w114_40,RKm20,,p1981_MD39_BET1,2.2260e-07,aislado_clinico,1
RKm20_w114_40,RKm20,,TRO_11_MD39,8.3870e-08,aislado_clinico,1
RKm20_w114_40,RKm20,,0712_250_pblib001_RnS-2G_L14,1.1020e-06,aislado_clinico,0
RKm20_w114_40,RKm20,,0860_150_con_RnS-2G_L14,4.7890e-07,aislado_clinico,1
RKm20_w114_40,RKm20,,1026_120_sgaA5_RnS-2G_L14,6.2380e-06,aislado_clinico,0
RKm20_w114_40,RKm20,,V703-0537-RnSv2-2G_L14,8.3200e-07,aislado_clinico,1
RLf21_w114_08,RLf21,,DU156_MD39_BET1,1.4290e-08,aislado_clinico,1
RLf21_w114_08,RLf21,,Q23.17_MD39_L14,5.0160e-07,aislado_clinico,1
RLf21_w114_08,RLf21,,SHIV_AD8_MD64,2.9470e-07,aislado_clinico,1
RLf21_w114_08,RLf21,,DU422-1_MD39v2_L14,3.1310e-06,aislado_clinico,0
RLf21_w114_08,RLf21,,p1981_MD39_BET1,2.1030e-07,aislado_clinico,1
RLf21_w114_08,RLf21,,TRO_11_MD39,1.9790e-07,aislado_clinico,1
RLf21_w114_08,RLf21,,0712_250_pblib001_RnS-2G_L14,1.3880e-05,aislado_clinico,0
RLf21_w114_08,RLf21,,0860_150_con_RnS-2G_L14,2.6560e-06,aislado_clinico,0
RLf21_w114_08,RLf21,,1026_120_sgaA5_RnS-2G_L14,2.8670e-06,aislado_clinico,0
RLf21_w114_08,RLf21,,V703-0537-RnSv2-2G_L14,1.7210e-07,aislado_clinico,1
RLf21_w114_11,RLf21,,DU156_MD39_BET1,5.0500e-09,aislado_clinico,1
RLf21_w114_11,RLf21,,Q23.17_MD39_L14,1.1850e-07,aislado_clinico,1
RLf21_w114_11,RLf21,,SHIV_AD8_MD64,3.2730e-07,aislado_clinico,1
RLf21_w114_11,RLf21,,DU422-1_MD39v2_L14,1.4620e-06,aislado_clinico,0
RLf21_w114_11,RLf21,,p1981_MD39_BET1,1.0140e-07,aislado_clinico,1
RLf21_w114_11,RLf21,,TRO_11_MD39,9.2390e-08,aislado_clinico,1
RLf21_w114_11,RLf21,,0712_250_pblib001_RnS-2G_L14,2.2260e-06,aislado_clinico,0
RLf21_w114_11,RLf21,,0860_150_con_RnS-2G_L14,5.1220e-07,aislado_clinico,1
RLf21_w114_11,RLf21,,1026_120_sgaA5_RnS-2G_L14,9.9660e-07,aislado_clinico,1
RLf21_w114_11,RLf21,,V703-0537-RnSv2-2G_L14,2.4450e-07,aislado_clinico,1
RKm20_w114_20,RKm20,,DU156_MD39_BET1,1.1900e-07,aislado_clinico,1
RKm20_w114_20,RKm20,,Q23.17_MD39_L14,3.1760e-07,aislado_clinico,1
RKm20_w114_20,RKm20,,SHIV_AD8_MD64,3.2820e-07,aislado_clinico,1
RKm20_w114_20,RKm20,,DU422-1_MD39v2_L14,6.9070e-06,aislado_clinico,0
RKm20_w114_20,RKm20,,p1981_MD39_BET1,2.5400e-07,aislado_clinico,1
RKm20_w114_20,RKm20,,TRO_11_MD39,1.6130e-07,aislado_clinico,1
RKm20_w114_20,RKm20,,0712_250_pblib001_RnS-2G_L14,1.3490e-06,aislado_clinico,0
RKm20_w114_20,RKm20,,0860_150_con_RnS-2G_L14,3.6160e-07,aislado_clinico,1
RKm20_w114_20,RKm20,,1026_120_sgaA5_RnS-2G_L14,1.3120e-05,aislado_clinico,0
RKm20_w114_20,RKm20,,V703-0537-RnSv2-2G_L14,1.6070e-06,aislado_clinico,0
RRr20_w114_35,RRr20,,DU156_MD39_BET1,1.9830e-08,aislado_clinico,1
RRr20_w114_35,RRr20,,Q23.17_MD39_L14,2.7960e-07,aislado_clinico,1
RRr20_w114_35,RRr20,,SHIV_AD8_MD64,5.7470e-07,aislado_clinico,1
RRr20_w114_35,RRr20,,DU422-1_MD39v2_L14,3.8500e-06,aislado_clinico,0
RRr20_w114_35,RRr20,,p1981_MD39_BET1,1.3460e-07,aislado_clinico,1
RRr20_w114_35,RRr20,,TRO_11_MD39,2.5600e-07,aislado_clinico,1
RRr20_w114_35,RRr20,,0712_250_pblib001_RnS-2G_L14,2.0860e-06,aislado_clinico,0
RRr20_w114_35,RRr20,,0860_150_con_RnS-2G_L14,3.6950e-07,aislado_clinico,1
RRr20_w114_35,RRr20,,1026_120_sgaA5_RnS-2G_L14,1.7320e-06,aislado_clinico,0
RRr20_w114_35,RRr20,,V703-0537-RnSv2-2G_L14,4.3990e-07,aislado_clinico,1
RRr20_w114_06,RRr20,,DU156_MD39_BET1,1.8350e-08,aislado_clinico,1
RRr20_w114_06,RRr20,,Q23.17_MD39_L14,3.0450e-07,aislado_clinico,1
RRr20_w114_06,RRr20,,SHIV_AD8_MD64,5.8780e-07,aislado_clinico,1
RRr20_w114_06,RRr20,,DU422-1_MD39v2_L14,6.6540e-06,aislado_clinico,0
RRr20_w114_06,RRr20,,p1981_MD39_BET1,1.0130e-07,aislado_clinico,1
RRr20_w114_06,RRr20,,TRO_11_MD39,2.5410e-07,aislado_clinico,1
RRr20_w114_06,RRr20,,0712_250_pblib001_RnS-2G_L14,3.0890e-06,aislado_clinico,0
RRr20_w114_06,RRr20,,0860_150_con_RnS-2G_L14,4.4380e-07,aislado_clinico,1
RRr20_w114_06,RRr20,,1026_120_sgaA5_RnS-2G_L14,2.4490e-06,aislado_clinico,0
RRr20_w114_06,RRr20,,V703-0537-RnSv2-2G_L14,4.1370e-07,aislado_clinico,1
RRr20_w114_15,RRr20,,DU156_MD39_BET1,1.7470e-08,aislado_clinico,1
RRr20_w114_15,RRr20,,Q23.17_MD39_L14,3.7490e-07,aislado_clinico,1
RRr20_w114_15,RRr20,,SHIV_AD8_MD64,5.8020e-07,aislado_clinico,1
RRr20_w114_15,RRr20,,DU422-1_MD39v2_L14,8.3980e-06,aislado_clinico,0
RRr20_w114_15,RRr20,,p1981_MD39_BET1,1.5420e-07,aislado_clinico,1
RRr20_w114_15,RRr20,,TRO_11_MD39,2.8760e-07,aislado_clinico,1
RRr20_w114_15,RRr20,,0712_250_pblib001_RnS-2G_L14,2.0160e-06,aislado_clinico,0
RRr20_w114_15,RRr20,,0860_150_con_RnS-2G_L14,1.4170e-06,aislado_clinico,0
RRr20_w114_15,RRr20,,1026_120_sgaA5_RnS-2G_L14,7.6410e-06,aislado_clinico,0
RRr20_w114_15,RRr20,,V703-0537-RnSv2-2G_L14,2.7420e-07,aislado_clinico,1
RRr20_w114_26,RRr20,,DU156_MD39_BET1,1.5010e-08,aislado_clinico,1
RRr20_w114_26,RRr20,,Q23.17_MD39_L14,4.6240e-07,aislado_clinico,1
RRr20_w114_26,RRr20,,SHIV_AD8_MD64,5.1470e-07,aislado_clinico,1
RRr20_w114_26,RRr20,,DU422-1_MD39v2_L14,2.9420e-06,aislado_clinico,0
RRr20_w114_26,RRr20,,p1981_MD39_BET1,1.2000e-07,aislado_clinico,1
RRr20_w114_26,RRr20,,TRO_11_MD39,3.3810e-07,aislado_clinico,1
RRr20_w114_26,RRr20,,0712_250_pblib001_RnS-2G_L14,2.3190e-06,aislado_clinico,0
RRr20_w114_26,RRr20,,0860_150_con_RnS-2G_L14,7.0840e-07,aislado_clinico,1
RRr20_w114_26,RRr20,,1026_120_sgaA5_RnS-2G_L14,1.8990e-06,aislado_clinico,0
RRr20_w114_26,RRr20,,V703-0537-RnSv2-2G_L14,1.8730e-07,aislado_clinico,1
RKm20_w114_36,RKm20,,DU156_MD39_BET1,2.1410e-07,aislado_clinico,1
RKm20_w114_36,RKm20,,Q23.17_MD39_L14,4.0630e-07,aislado_clinico,1
RKm20_w114_36,RKm20,,SHIV_AD8_MD64,5.7810e-07,aislado_clinico,1
RKm20_w114_36,RKm20,,DU422-1_MD39v2_L14,5.9450e-06,aislado_clinico,0
RKm20_w114_36,RKm20,,p1981_MD39_BET1,2.8120e-07,aislado_clinico,1
RKm20_w114_36,RKm20,,TRO_11_MD39,2.5080e-07,aislado_clinico,1
RKm20_w114_36,RKm20,,0712_250_pblib001_RnS-2G_L14,1.3880e-05,aislado_clinico,0
RKm20_w114_36,RKm20,,0860_150_con_RnS-2G_L14,7.3770e-07,aislado_clinico,1
RKm20_w114_36,RKm20,,1026_120_sgaA5_RnS-2G_L14,1.3120e-05,aislado_clinico,0
RKm20_w114_36,RKm20,,V703-0537-RnSv2-2G_L14,2.2720e-06,aislado_clinico,0
RLf21_w114_13,RLf21,,DU156_MD39_BET1,2.0380e-08,aislado_clinico,1
RLf21_w114_13,RLf21,,Q23.17_MD39_L14,8.9140e-07,aislado_clinico,1
RLf21_w114_13,RLf21,,SHIV_AD8_MD64,3.7110e-07,aislado_clinico,1
RLf21_w114_13,RLf21,,DU422-1_MD39v2_L14,2.0980e-06,aislado_clinico,0
RLf21_w114_13,RLf21,,p1981_MD39_BET1,6.0090e-07,aislado_clinico,1
RLf21_w114_13,RLf21,,TRO_11_MD39,5.5140e-07,aislado_clinico,1
RLf21_w114_13,RLf21,,0712_250_pblib001_RnS-2G_L14,1.3880e-05,aislado_clinico,0
RLf21_w114_13,RLf21,,0860_150_con_RnS-2G_L14,3.8740e-06,aislado_clinico,0
RLf21_w114_13,RLf21,,1026_120_sgaA5_RnS-2G_L14,7.5910e-06,aislado_clinico,0
RLf21_w114_13,RLf21,,V703-0537-RnSv2-2G_L14,3.4140e-07,aislado_clinico,1
RVj20_w114_29,RVj20,,DU156_MD39_BET1,1.6820e-08,aislado_clinico,1
RVj20_w114_29,RVj20,,Q23.17_MD39_L14,3.6150e-07,aislado_clinico,1
RVj20_w114_29,RVj20,,SHIV_AD8_MD64,7.5090e-07,aislado_clinico,1
RVj20_w114_29,RVj20,,DU422-1_MD39v2_L14,1.5620e-06,aislado_clinico,0
RVj20_w114_29,RVj20,,p1981_MD39_BET1,1.4510e-07,aislado_clinico,1
RVj20_w114_29,RVj20,,TRO_11_MD39,1.1500e-06,aislado_clinico,0
RVj20_w114_29,RVj20,,0712_250_pblib001_RnS-2G_L14,1.3880e-05,aislado_clinico,0
RVj20_w114_29,RVj20,,0860_150_con_RnS-2G_L14,4.6780e-06,aislado_clinico,0
RVj20_w114_29,RVj20,,1026_120_sgaA5_RnS-2G_L14,4.8470e-06,aislado_clinico,0
RVj20_w114_29,RVj20,,V703-0537-RnSv2-2G_L14,5.7670e-07,aislado_clinico,1
RLf21_w114_07,RLf21,,DU156_MD39_BET1,2.9320e-08,aislado_clinico,1
RLf21_w114_07,RLf21,,Q23.17_MD39_L14,1.2130e-06,aislado_clinico,0
RLf21_w114_07,RLf21,,SHIV_AD8_MD64,1.7340e-06,aislado_clinico,0
RLf21_w114_07,RLf21,,DU422-1_MD39v2_L14,1.5370e-05,aislado_clinico,0
RLf21_w114_07,RLf21,,p1981_MD39_BET1,5.2360e-07,aislado_clinico,1
RLf21_w114_07,RLf21,,TRO_11_MD39,1.0530e-06,aislado_clinico,0
RLf21_w114_07,RLf21,,0712_250_pblib001_RnS-2G_L14,1.3880e-05,aislado_clinico,0
RLf21_w114_07,RLf21,,0860_150_con_RnS-2G_L14,2.6370e-06,aislado_clinico,0
RLf21_w114_07,RLf21,,1026_120_sgaA5_RnS-2G_L14,1.3120e-05,aislado_clinico,0
RLf21_w114_07,RLf21,,V703-0537-RnSv2-2G_L14,9.4640e-07,aislado_clinico,1
RLf21_w114_05,RLf21,,DU156_MD39_BET1,2.0320e-08,aislado_clinico,1
RLf21_w114_05,RLf21,,Q23.17_MD39_L14,1.4690e-06,aislado_clinico,0
RLf21_w114_05,RLf21,,SHIV_AD8_MD64,3.8060e-07,aislado_clinico,1
RLf21_w114_05,RLf21,,DU422-1_MD39v2_L14,1.5370e-05,aislado_clinico,0
RLf21_w114_05,RLf21,,p1981_MD39_BET1,5.5020e-07,aislado_clinico,1
RLf21_w114_05,RLf21,,TRO_11_MD39,1.7320e-06,aislado_clinico,0
RLf21_w114_05,RLf21,,0712_250_pblib001_RnS-2G_L14,1.3880e-05,aislado_clinico,0
RLf21_w114_05,RLf21,,0860_150_con_RnS-2G_L14,1.3800e-05,aislado_clinico,0
RLf21_w114_05,RLf21,,1026_120_sgaA5_RnS-2G_L14,1.3120e-05,aislado_clinico,0
RLf21_w114_05,RLf21,,V703-0537-RnSv2-2G_L14,1.1830e-06,aislado_clinico,0
RVz20_w114_41,RVz20,,DU156_MD39_BET1,4.4520e-06,aislado_clinico,0
RVz20_w114_41,RVz20,,Q23.17_MD39_L14,2.6240e-07,aislado_clinico,1
RVz20_w114_41,RVz20,,SHIV_AD8_MD64,1.3850e-06,aislado_clinico,0
RVz20_w114_41,RVz20,,DU422-1_MD39v2_L14,1.5370e-05,aislado_clinico,0
RVz20_w114_41,RVz20,,p1981_MD39_BET1,7.0640e-07,aislado_clinico,1
RVz20_w114_41,RVz20,,TRO_11_MD39,1.4560e-06,aislado_clinico,0
RVz20_w114_41,RVz20,,0712_250_pblib001_RnS-2G_L14,2.7340e-06,aislado_clinico,0
RVz20_w114_41,RVz20,,0860_150_con_RnS-2G_L14,4.2270e-06,aislado_clinico,0
RVz20_w114_41,RVz20,,1026_120_sgaA5_RnS-2G_L14,1.3120e-05,aislado_clinico,0
RVz20_w114_41,RVz20,,V703-0537-RnSv2-2G_L14,1.7800e-06,aislado_clinico,0
RKm20_w114_33,RKm20,,DU156_MD39_BET1,3.8130e-07,aislado_clinico,1
RKm20_w114_33,RKm20,,Q23.17_MD39_L14,4.5100e-07,aislado_clinico,1
RKm20_w114_33,RKm20,,SHIV_AD8_MD64,2.2360e-06,aislado_clinico,0
RKm20_w114_33,RKm20,,DU422-1_MD39v2_L14,9.7620e-06,aislado_clinico,0
RKm20_w114_33,RKm20,,p1981_MD39_BET1,1.5960e-08,aislado_clinico,1
RKm20_w114_33,RKm20,,TRO_11_MD39,1.9830e-06,aislado_clinico,0
RKm20_w114_33,RKm20,,0712_250_pblib001_RnS-2G_L14,1.3880e-05,aislado_clinico,0
RKm20_w114_33,RKm20,,0860_150_con_RnS-2G_L14,1.3800e-05,aislado_clinico,0
RKm20_w114_33,RKm20,,1026_120_sgaA5_RnS-2G_L14,1.3120e-05,aislado_clinico,0
RKm20_w114_33,RKm20,,V703-0537-RnSv2-2G_L14,2.2570e-06,aislado_clinico,0
RLf21_w114_17,RLf21,,DU156_MD39_BET1,3.3800e-08,aislado_clinico,1
RLf21_w114_17,RLf21,,Q23.17_MD39_L14,3.9890e-06,aislado_clinico,0
RLf21_w114_17,RLf21,,SHIV_AD8_MD64,2.1720e-06,aislado_clinico,0
RLf21_w114_17,RLf21,,DU422-1_MD39v2_L14,1.5370e-05,aislado_clinico,0
RLf21_w114_17,RLf21,,p1981_MD39_BET1,2.2960e-06,aislado_clinico,0
RLf21_w114_17,RLf21,,TRO_11_MD39,2.6030e-06,aislado_clinico,0
RLf21_w114_17,RLf21,,0712_250_pblib001_RnS-2G_L14,1.3880e-05,aislado_clinico,0
RLf21_w114_17,RLf21,,0860_150_con_RnS-2G_L14,1.3800e-05,aislado_clinico,0
RLf21_w114_17,RLf21,,1026_120_sgaA5_RnS-2G_L14,1.3120e-05,aislado_clinico,0
RLf21_w114_17,RLf21,,V703-0537-RnSv2-2G_L14,2.8670e-06,aislado_clinico,0
RRr20_w114_25,RRr20,,DU156_MD39_BET1,2.3510e-07,aislado_clinico,1
RRr20_w114_25,RRr20,,Q23.17_MD39_L14,2.2650e-06,aislado_clinico,0
RRr20_w114_25,RRr20,,SHIV_AD8_MD64,3.3210e-06,aislado_clinico,0
RRr20_w114_25,RRr20,,DU422-1_MD39v2_L14,1.5370e-05,aislado_clinico,0
RRr20_w114_25,RRr20,,p1981_MD39_BET1,3.5190e-07,aislado_clinico,1
RRr20_w114_25,RRr20,,TRO_11_MD39,3.4930e-06,aislado_clinico,0
RRr20_w114_25,RRr20,,0712_250_pblib001_RnS-2G_L14,1.3880e-05,aislado_clinico,0
RRr20_w114_25,RRr20,,0860_150_con_RnS-2G_L14,7.6330e-06,aislado_clinico,0
RRr20_w114_25,RRr20,,1026_120_sgaA5_RnS-2G_L14,1.3120e-05,aislado_clinico,0
RRr20_w114_25,RRr20,,V703-0537-RnSv2-2G_L14,5.7550e-06,aislado_clinico,0
RRr20_w114_38,RRr20,,DU156_MD39_BET1,4.0640e-07,aislado_clinico,1
RRr20_w114_38,RRr20,,Q23.17_MD39_L14,2.6540e-06,aislado_clinico,0
RRr20_w114_38,RRr20,,SHIV_AD8_MD64,1.2940e-05,aislado_clinico,0
RRr20_w114_38,RRr20,,DU422-1_MD39v2_L14,1.5370e-05,aislado_clinico,0
RRr20_w114_38,RRr20,,p1981_MD39_BET1,6.3400e-07,aislado_clinico,1
RRr20_w114_38,RRr20,,TRO_11_MD39,1.8710e-06,aislado_clinico,0
RRr20_w114_38,RRr20,,0712_250_pblib001_RnS-2G_L14,1.3880e-05,aislado_clinico,0
RRr20_w114_38,RRr20,,0860_150_con_RnS-2G_L14,1.3800e-05,aislado_clinico,0
RRr20_w114_38,RRr20,,1026_120_sgaA5_RnS-2G_L14,1.3120e-05,aislado_clinico,0
RRr20_w114_38,RRr20,,V703-0537-RnSv2-2G_L14,1.3950e-05,aislado_clinico,0
RLf21_w114_10,RLf21,,DU156_MD39_BET1,1.3340e-05,aislado_clinico,0
RLf21_w114_10,RLf21,,Q23.17_MD39_L14,1.3140e-05,aislado_clinico,0
RLf21_w114_10,RLf21,,SHIV_AD8_MD64,1.2940e-05,aislado_clinico,0
RLf21_w114_10,RLf21,,DU422-1_MD39v2_L14,1.5370e-05,aislado_clinico,0
RLf21_w114_10,RLf21,,p1981_MD39_BET1,5.8640e-06,aislado_clinico,0
RLf21_w114_10,RLf21,,TRO_11_MD39,1.3570e-05,aislado_clinico,0
RLf21_w114_10,RLf21,,0712_250_pblib001_RnS-2G_L14,1.3880e-05,aislado_clinico,0
RLf21_w114_10,RLf21,,0860_150_con_RnS-2G_L14,1.3800e-05,aislado_clinico,0
RLf21_w114_10,RLf21,,1026_120_sgaA5_RnS-2G_L14,1.3120e-05,aislado_clinico,0
RLf21_w114_10,RLf21,,V703-0537-RnSv2-2G_L14,1.3950e-05,aislado_clinico,0
RYy20_w114_58,RYy20,,DU156_MD39_BET1,1.1200e-07,aislado_clinico,1
RYy20_w114_58,RYy20,,Q23.17_MD39_L14,2.2120e-06,aislado_clinico,0
RYy20_w114_58,RYy20,,SHIV_AD8_MD64,8.5520e-07,aislado_clinico,1
RYy20_w114_58,RYy20,,DU422-1_MD39v2_L14,1.5370e-05,aislado_clinico,0
RYy20_w114_58,RYy20,,p1981_MD39_BET1,2.2090e-06,aislado_clinico,0
RYy20_w114_58,RYy20,,TRO_11_MD39,2.3060e-06,aislado_clinico,0
RYy20_w114_58,RYy20,,0712_250_pblib001_RnS-2G_L14,1.3880e-05,aislado_clinico,0
RYy20_w114_58,RYy20,,0860_150_con_RnS-2G_L14,1.3800e-05,aislado_clinico,0
RYy20_w114_58,RYy20,,1026_120_sgaA5_RnS-2G_L14,1.3120e-05,aislado_clinico,0
RYy20_w114_58,RYy20,,V703-0537-RnSv2-2G_L14,1.7930e-06,aislado_clinico,0
ROe21_w114_54,ROe21,,DU156_MD39_BET1,5.5350e-07,aislado_clinico,1
ROe21_w114_54,ROe21,,Q23.17_MD39_L14,5.5310e-07,aislado_clinico,1
ROe21_w114_54,ROe21,,SHIV_AD8_MD64,2.7970e-07,aislado_clinico,1
ROe21_w114_54,ROe21,,DU422-1_MD39v2_L14,1.1070e-05,aislado_clinico,0
ROe21_w114_54,ROe21,,p1981_MD39_BET1,6.4740e-07,aislado_clinico,1
ROe21_w114_54,ROe21,,TRO_11_MD39,2.3490e-06,aislado_clinico,0
ROe21_w114_54,ROe21,,0712_250_pblib001_RnS-2G_L14,1.3880e-05,aislado_clinico,0
ROe21_w114_54,ROe21,,0860_150_con_RnS-2G_L14,1.3800e-05,aislado_clinico,0
ROe21_w114_54,ROe21,,1026_120_sgaA5_RnS-2G_L14,1.3120e-05,aislado_clinico,0
ROe21_w114_54,ROe21,,V703-0537-RnSv2-2G_L14,4.4620e-07,aislado_clinico,1
ROe21_w114_48,ROe21,,DU156_MD39_BET1,4.1930e-07,aislado_clinico,1
ROe21_w114_48,ROe21,,Q23.17_MD39_L14,5.2800e-07,aislado_clinico,1
ROe21_w114_48,ROe21,,SHIV_AD8_MD64,2.9580e-07,aislado_clinico,1
ROe21_w114_48,ROe21,,DU422-1_MD39v2_L14,1.5370e-05,aislado_clinico,0
ROe21_w114_48,ROe21,,p1981_MD39_BET1,7.1360e-07,aislado_clinico,1
ROe21_w114_48,ROe21,,TRO_11_MD39,2.4490e-06,aislado_clinico,0
ROe21_w114_48,ROe21,,0712_250_pblib001_RnS-2G_L14,1.3880e-05,aislado_clinico,0
ROe21_w114_48,ROe21,,0860_150_con_RnS-2G_L14,1.3800e-05,aislado_clinico,0
ROe21_w114_48,ROe21,,1026_120_sgaA5_RnS-2G_L14,1.3120e-05,aislado_clinico,0
ROe21_w114_48,ROe21,,V703-0537-RnSv2-2G_L14,6.0670e-07,aislado_clinico,1
RQd20_w114_60,RQd20,,DU156_MD39_BET1,3.9570e-08,aislado_clinico,1
RQd20_w114_60,RQd20,,Q23.17_MD39_L14,3.5790e-06,aislado_clinico,0
RQd20_w114_60,RQd20,,SHIV_AD8_MD64,2.8990e-06,aislado_clinico,0
RQd20_w114_60,RQd20,,DU422-1_MD39v2_L14,1.5370e-05,aislado_clinico,0
RQd20_w114_60,RQd20,,p1981_MD39_BET1,2.9870e-06,aislado_clinico,0
RQd20_w114_60,RQd20,,TRO_11_MD39,1.3020e-06,aislado_clinico,0
RQd20_w114_60,RQd20,,0712_250_pblib001_RnS-2G_L14,1.3880e-05,aislado_clinico,0
RQd20_w114_60,RQd20,,0860_150_con_RnS-2G_L14,1.3800e-05,aislado_clinico,0
RQd20_w114_60,RQd20,,1026_120_sgaA5_RnS-2G_L14,1.3120e-05,aislado_clinico,0
RQd20_w114_60,RQd20,,V703-0537-RnSv2-2G_L14,2.7980e-06,aislado_clinico,0
RYy20_w114_53,RYy20,,DU156_MD39_BET1,4.0860e-08,aislado_clinico,1
RYy20_w114_53,RYy20,,Q23.17_MD39_L14,1.5600e-06,aislado_clinico,0
RYy20_w114_53,RYy20,,SHIV_AD8_MD64,7.0980e-07,aislado_clinico,1
RYy20_w114_53,RYy20,,DU422-1_MD39v2_L14,1.5370e-05,aislado_clinico,0
RYy20_w114_53,RYy20,,p1981_MD39_BET1,2.1750e-06,aislado_clinico,0
RYy20_w114_53,RYy20,,TRO_11_MD39,1.3570e-05,aislado_clinico,0
RYy20_w114_53,RYy20,,0712_250_pblib001_RnS-2G_L14,1.3880e-05,aislado_clinico,0
RYy20_w114_53,RYy20,,0860_150_con_RnS-2G_L14,1.3800e-05,aislado_clinico,0
RYy20_w114_53,RYy20,,1026_120_sgaA5_RnS-2G_L14,1.3120e-05,aislado_clinico,0
RYy20_w114_53,RYy20,,V703-0537-RnSv2-2G_L14,3.6840e-06,aislado_clinico,0
RYy20_w114_59,RYy20,,DU156_MD39_BET1,3.5050e-06,aislado_clinico,0
RYy20_w114_59,RYy20,,Q23.17_MD39_L14,3.9780e-06,aislado_clinico,0
RYy20_w114_59,RYy20,,SHIV_AD8_MD64,3.9740e-06,aislado_clinico,0
RYy20_w114_59,RYy20,,DU422-1_MD39v2_L14,1.5370e-05,aislado_clinico,0
RYy20_w114_59,RYy20,,p1981_MD39_BET1,4.7260e-06,aislado_clinico,0
RYy20_w114_59,RYy20,,TRO_11_MD39,1.3570e-05,aislado_clinico,0
RYy20_w114_59,RYy20,,0712_250_pblib001_RnS-2G_L14,1.3880e-05,aislado_clinico,0
RYy20_w114_59,RYy20,,0860_150_con_RnS-2G_L14,1.3800e-05,aislado_clinico,0
RYy20_w114_59,RYy20,,1026_120_sgaA5_RnS-2G_L14,1.3120e-05,aislado_clinico,0
RYy20_w114_59,RYy20,,V703-0537-RnSv2-2G_L14,6.6130e-06,aislado_clinico,0
RYy20_w114_50,RYy20,,DU156_MD39_BET1,1.3340e-05,aislado_clinico,0
RYy20_w114_50,RYy20,,Q23.17_MD39_L14,1.3140e-05,aislado_clinico,0
RYy20_w114_50,RYy20,,SHIV_AD8_MD64,1.2940e-05,aislado_clinico,0
RYy20_w114_50,RYy20,,DU422-1_MD39v2_L14,1.5370e-05,aislado_clinico,0
RYy20_w114_50,RYy20,,p1981_MD39_BET1,1.3530e-05,aislado_clinico,0
RYy20_w114_50,RYy20,,TRO_11_MD39,1.3570e-05,aislado_clinico,0
RYy20_w114_50,RYy20,,0712_250_pblib001_RnS-2G_L14,1.3880e-05,aislado_clinico,0
RYy20_w114_50,RYy20,,0860_150_con_RnS-2G_L14,1.3800e-05,aislado_clinico,0
RYy20_w114_50,RYy20,,1026_120_sgaA5_RnS-2G_L14,1.3120e-05,aislado_clinico,0
RYy20_w114_50,RYy20,,V703-0537-RnSv2-2G_L14,1.3950e-05,aislado_clinico,0
RYy20_w114_51,RYy20,,DU156_MD39_BET1,1.3340e-05,aislado_clinico,0
RYy20_w114_51,RYy20,,Q23.17_MD39_L14,6.2750e-07,aislado_clinico,1
RYy20_w114_51,RYy20,,SHIV_AD8_MD64,1.2940e-05,aislado_clinico,0
RYy20_w114_51,RYy20,,DU422-1_MD39v2_L14,1.5370e-05,aislado_clinico,0
RYy20_w114_51,RYy20,,p1981_MD39_BET1,1.3530e-05,aislado_clinico,0
RYy20_w114_51,RYy20,,TRO_11_MD39,1.3570e-05,aislado_clinico,0
RYy20_w114_51,RYy20,,0712_250_pblib001_RnS-2G_L14,1.3880e-05,aislado_clinico,0
RYy20_w114_51,RYy20,,0860_150_con_RnS-2G_L14,1.3800e-05,aislado_clinico,0
RYy20_w114_51,RYy20,,1026_120_sgaA5_RnS-2G_L14,1.3120e-05,aislado_clinico,0
RYy20_w114_51,RYy20,,V703-0537-RnSv2-2G_L14,1.3950e-05,aislado_clinico,0
RYy20_w114_49,RYy20,,DU156_MD39_BET1,1.3340e-05,aislado_clinico,0
RYy20_w114_49,RYy20,,Q23.17_MD39_L14,1.3140e-05,aislado_clinico,0
RYy20_w114_49,RYy20,,SHIV_AD8_MD64,1.2940e-05,aislado_clinico,0
RYy20_w114_49,RYy20,,DU422-1_MD39v2_L14,1.5370e-05,aislado_clinico,0
RYy20_w114_49,RYy20,,p1981_MD39_BET1,1.3530e-05,aislado_clinico,0
RYy20_w114_49,RYy20,,TRO_11_MD39,1.3570e-05,aislado_clinico,0
RYy20_w114_49,RYy20,,0712_250_pblib001_RnS-2G_L14,1.3880e-05,aislado_clinico,0
RYy20_w114_49,RYy20,,0860_150_con_RnS-2G_L14,1.3800e-05,aislado_clinico,0
RYy20_w114_49,RYy20,,1026_120_sgaA5_RnS-2G_L14,1.3120e-05,aislado_clinico,0
RYy20_w114_49,RYy20,,V703-0537-RnSv2-2G_L14,1.3950e-05,aislado_clinico,0
RYy20_w114_52,RYy20,,DU156_MD39_BET1,1.3340e-05,aislado_clinico,0
RYy20_w114_52,RYy20,,Q23.17_MD39_L14,1.3140e-05,aislado_clinico,0
RYy20_w114_52,RYy20,,SHIV_AD8_MD64,1.2940e-05,aislado_clinico,0
RYy20_w114_52,RYy20,,DU422-1_MD39v2_L14,1.5370e-05,aislado_clinico,0
RYy20_w114_52,RYy20,,p1981_MD39_BET1,1.3530e-05,aislado_clinico,0
RYy20_w114_52,RYy20,,TRO_11_MD39,1.3570e-05,aislado_clinico,0
RYy20_w114_52,RYy20,,0712_250_pblib001_RnS-2G_L14,1.3880e-05,aislado_clinico,0
RYy20_w114_52,RYy20,,0860_150_con_RnS-2G_L14,1.3800e-05,aislado_clinico,0
RYy20_w114_52,RYy20,,1026_120_sgaA5_RnS-2G_L14,1.3120e-05,aislado_clinico,0
RYy20_w114_52,RYy20,,V703-0537-RnSv2-2G_L14,1.3950e-05,aislado_clinico,0
RYy20_w114_57,RYy20,,DU156_MD39_BET1,1.3340e-05,aislado_clinico,0
RYy20_w114_57,RYy20,,Q23.17_MD39_L14,1.3140e-05,aislado_clinico,0
RYy20_w114_57,RYy20,,SHIV_AD8_MD64,1.2940e-05,aislado_clinico,0
RYy20_w114_57,RYy20,,DU422-1_MD39v2_L14,1.5370e-05,aislado_clinico,0
RYy20_w114_57,RYy20,,p1981_MD39_BET1,1.3530e-05,aislado_clinico,0
RYy20_w114_57,RYy20,,TRO_11_MD39,1.3570e-05,aislado_clinico,0
RYy20_w114_57,RYy20,,0712_250_pblib001_RnS-2G_L14,1.3880e-05,aislado_clinico,0
RYy20_w114_57,RYy20,,0860_150_con_RnS-2G_L14,1.3800e-05,aislado_clinico,0
RYy20_w114_57,RYy20,,1026_120_sgaA5_RnS-2G_L14,1.3120e-05,aislado_clinico,0
RYy20_w114_57,RYy20,,V703-0537-RnSv2-2G_L14,1.3950e-05,aislado_clinico,0
BG18,BG18,,N332-GT5 gp140,4.0330e-10,prime,1
BG18,BG18,,SF162P3_MD64_B20,1.2530e-09,aislado_clinico,1
BG18,BG18,,DU156_MD39_BET1,6.1250e-10,aislado_clinico,1
BG18,BG18,,Q23.17_MD39_L14,2.1570e-09,aislado_clinico,1
BG18,BG18,,SHIV_AD8_MD64,7.5470e-10,aislado_clinico,1
BG18,BG18,,DU422-1_MD39v2_L14,3.7020e-09,aislado_clinico,1
BG18,BG18,,p1981_MD39_BET1,2.7240e-09,aislado_clinico,1
BG18,BG18,,TRO_11_MD39,7.6470e-10,aislado_clinico,1
BG18,BG18,,0712_250_pblib001_RnS-2G_L14,4.9530e-08,aislado_clinico,1
BG18,BG18,,0860_150_con_RnS-2G_L14,6.0680e-09,aislado_clinico,1
BG18,BG18,,1026_120_sgaA5_RnS-2G_L14,2.1260e-08,aislado_clinico,1
BG18,BG18,,V703-0537-RnSv2-2G_L14,7.2840e-10,aislado_clinico,1
