meander_id,tributario,decada,temp_C,precip_mm,glacier_index,ndvi,meltwater_AMB,discharge_Q,sediment_Qs,migration_m_yr,migration_norm,RPMI
JYR_M001,JYR,1980s,-4.73,30.52,16.49,0.16,-0.00093,152.5,1.01,,,
JYR_M002,JYR,1980s,-4.73,30.52,16.49,0.16,-0.00093,152.5,1.01,,,
JYR_M003,JYR,1980s,-4.79,30.43,16.49,0.16,-0.00093,152.5,1.01,,,
JYR_M004,JYR,1980s,-4.73,30.52,16.49,0.16,-0.00093,152.5,1.01,,,
JYR_M005,JYR,1980s,-4.79,30.43,16.49,0.16,-0.00093,152.5,1.01,,,
JYR_M006,JYR,1980s,-4.79,30.43,16.49,0.16,-0.00093,152.5,1.01,,,
JYR_M007,JYR,1980s,-4.44,30.51,16.49,0.16,-0.00093,152.5,1.01,,,
JYR_M008,JYR,1980s,-4.44,30.51,16.49,0.16,-0.00093,152.5,1.01,,,
JYR_M009,JYR,1980s,-4.49,30.32,16.49,0.16,-0.00093,152.5,1.01,,,
JYR_M010,JYR,1980s,-4.49,30.32,16.49,0.16,-0.00093,152.5,1.01,,,
JYR_M011,JYR,1980s,-4.7,29.13,16.49,0.16,-0.0009,152.5,1.01,0.89,0.008,0.0006
JYR_M012,JYR,1980s,-4.7,29.22,16.49,0.16,-0.00089,152.5,1.01,,,
JYR_M013,JYR,1980s,-4.71,29.04,16.49,0.16,-0.00088,152.5,1.01,,,
JYR_M019,JYR,1980s,-3.58,27.7,16.49,0.16,-0.00073,152.5,1.01,,,
JYR_M020,JYR,1980s,-3.58,27.7,16.49,0.16,-0.00073,152.5,1.01,,,
JYR_M021,JYR,1980s,-3.62,27.7,16.49,0.16,-0.00073,152.5,1.01,,,
JYR_M022,JYR,1980s,-3.62,27.7,16.49,0.16,-0.00073,152.5,1.01,,,
JYR_M023,JYR,1980s,-3.62,27.7,16.49,0.16,-0.00072,152.5,1.01,,,
JYR_M024,JYR,1980s,-3.67,27.7,16.49,0.16,-0.00072,152.5,1.01,,,
JYR_M025,JYR,1980s,-3.67,27.7,16.49,0.16,-0.00072,152.5,1.01,,,
JYR_M026,JYR,1980s,-3.72,27.61,16.49,0.16,-0.00072,152.5,1.01,,,
JYR_M027,JYR,1980s,-3.72,27.61,16.49,0.16,-0.00072,152.5,1.01,,,
JYR_M028,JYR,1980s,-3.72,27.61,16.49,0.16,-0.00071,152.5,1.01,,,
JYR_M029,JYR,1980s,-3.73,27.85,16.49,0.16,-0.00071,152.5,1.01,,,
JYR_M030,JYR,1980s,-3.73,27.85,16.49,0.16,-0.00071,152.5,1.01,,,
JYR_M035,JYR,1980s,-3.76,27.97,16.49,0.16,-0.00071,152.5,1.01,,,
JYR_M036,JYR,1980s,-3.7,27.87,16.49,0.16,-0.00071,152.5,1.01,,,
JYR_M037,JYR,1980s,-3.7,27.87,16.49,0.16,-0.00071,152.5,1.01,,,
JYR_M038,JYR,1980s,-3.73,27.87,16.49,0.16,-0.00071,152.5,1.01,,,
JYR_M039,JYR,1980s,-3.73,27.87,16.49,0.16,-0.0007,152.5,1.01,,,
JYR_M045,JYR,1980s,-3.63,27.78,16.49,0.16,-0.0007,152.5,1.01,,,
JYR_M046,JYR,1980s,-3.63,27.78,16.49,0.16,-0.0007,152.5,1.01,,,
JYR_M047,JYR,1980s,-3.63,27.78,16.49,0.16,-0.0007,152.5,1.01,,,
JYR_M048,JYR,1980s,-3.63,27.78,16.49,0.16,-0.00069,152.5,1.01,,,
JYR_M049,JYR,1980s,-3.6,27.69,16.49,0.16,-0.00069,152.5,1.01,,,
JYR_M050,JYR,1980s,-3.6,27.69,16.49,0.16,-0.00069,152.5,1.01,,,
JYR_M051,JYR,1980s,-3.6,27.69,16.49,0.16,-0.00069,152.5,1.01,,,
JYR_M052,JYR,1980s,-3.6,27.69,16.49,0.16,-0.00069,152.5,1.01,,,
JYR_M053,JYR,1980s,-3.6,27.69,16.49,0.16,-0.00069,152.5,1.01,,,
JYR_M054,JYR,1980s,-3.6,27.69,16.49,0.16,-0.00069,152.5,1.01,,,
JYR_M055,JYR,1980s,-3.58,27.68,16.49,0.16,-0.00069,152.5,1.01,,,
JYR_M056,JYR,1980s,-3.58,27.68,16.49,0.16,-0.00069,152.5,1.01,,,
JYR_M057,JYR,1980s,-3.58,27.68,16.49,0.16,-0.00069,152.5,1.01,,,
JYR_M058,JYR,1980s,-3.58,27.68,16.49,0.16,-0.00069,152.5,1.01,,,
JYR_M059,JYR,1980s,-3.58,27.68,16.49,0.16,-0.00069,152.5,1.01,,,
JYR_M060,JYR,1980s,-3.58,27.68,16.49,0.16,-0.00069,152.5,1.01,,,
JYR_M061,JYR,1980s,-3.69,27.35,16.49,0.16,-0.00069,152.5,1.01,,,
JYR_M062,JYR,1980s,-3.69,27.35,16.49,0.16,-0.00068,152.5,1.01,,,
JYR_M063,JYR,1980s,-3.69,27.35,16.49,0.16,-0.00068,152.5,1.01,,,
JYR_M064,JYR,1980s,-3.5,27.23,16.49,0.16,-0.00068,152.5,1.01,,,
JYR_M065,JYR,1980s,-3.5,27.23,16.49,0.16,-0.00068,152.5,1.01,,,
JYR_M066,JYR,1980s,-3.5,27.05,16.49,0.16,-0.00068,152.5,1.01,,,
JYR_M067,JYR,1980s,-3.5,27.05,16.49,0.16,-0.00068,152.5,1.01,,,
JYR_M070,JYR,1980s,-3.36,26.86,16.49,0.16,-0.00067,152.5,1.01,,,
JYR_M071,JYR,1980s,-3.34,26.85,16.49,0.16,-0.00067,152.5,1.01,,,
JYR_M072,JYR,1980s,-3.34,26.85,16.49,0.16,-0.00067,152.5,1.01,,,
JYR_M073,JYR,1980s,-3.34,26.85,16.49,0.16,-0.00067,152.5,1.01,,,
JYR_M076,JYR,1980s,-3.14,26.37,16.49,0.16,-0.00063,152.5,1.01,,,
JYR_M077,JYR,1980s,-3.09,26.27,16.49,0.16,-0.00062,152.5,1.01,,,
JYR_M083,JYR,1980s,-2.94,26.17,16.49,0.16,-0.00061,152.5,1.01,,,
JYR_M084,JYR,1980s,-2.87,25.9,16.49,0.16,-0.00061,152.5,1.01,,,
JYR_M085,JYR,1980s,-2.87,25.9,16.49,0.16,-0.00061,152.5,1.01,,,
JYR_M086,JYR,1980s,-2.89,25.9,16.49,0.16,-0.00061,152.5,1.01,,,
JYR_M087,JYR,1980s,-2.89,25.9,16.49,0.16,-0.00061,152.5,1.01,,,
JYR_M088,JYR,1980s,-2.89,25.9,16.49,0.16,-0.00061,152.5,1.01,,,
JYR_M089,JYR,1980s,-2.89,25.9,16.49,0.16,-0.00061,152.5,1.01,,,
JYR_M093,JYR,1980s,-2.82,25.62,16.49,0.16,-0.0006,152.5,1.01,,,
JYR_M094,JYR,1980s,-2.82,25.62,16.49,0.16,-0.0006,152.5,1.01,,,
JYR_M095,JYR,1980s,-2.83,25.62,16.49,0.16,-0.0006,152.5,1.01,,,
JYR_M096,JYR,1980s,-2.7,25.53,16.49,0.16,-0.0006,152.5,1.01,,,
JYR_M097,JYR,1980s,-2.72,25.43,16.49,0.16,-0.0006,152.5,1.01,,,
JYR_M098,JYR,1980s,-2.78,25.28,16.49,0.16,-0.00059,152.5,1.01,,,
JYR_M099,JYR,1980s,-2.64,25.19,16.49,0.16,-0.00059,152.5,1.01,,,
JYR_M100,JYR,1980s,-2.64,25.19,16.49,0.16,-0.00059,152.5,1.01,,,
JYR_M101,JYR,1980s,-2.6,25.19,16.49,0.16,-0.00059,152.5,1.01,,,
JYR_M102,JYR,1980s,-2.6,25.19,16.49,0.16,-0.00059,152.5,1.01,,,
JYR_M103,JYR,1980s,-2.6,25.19,16.49,0.16,-0.00059,152.5,1.01,,,
YTR_M001,YTR,1980s,-2.55,25.1,16.49,0.16,-0.00059,152.5,1.01,,,
YTR_M002,YTR,1980s,-2.35,25.41,16.49,0.16,-0.00057,152.5,1.01,,,
YTR_M003,YTR,1980s,-2.3,25.4,16.49,0.16,-0.00057,152.5,1.01,,,
YTR_M004,YTR,1980s,-2.3,25.4,16.49,0.16,-0.00057,152.5,1.01,,,
YTR_M005,YTR,1980s,-2.3,25.4,16.49,0.16,-0.00057,152.5,1.01,,,
YTR_M006,YTR,1980s,-2.3,25.4,16.49,0.16,-0.00057,152.5,1.01,,,
YTR_M007,YTR,1980s,-2.28,25.41,16.49,0.16,-0.00057,152.5,1.01,,,
YTR_M008,YTR,1980s,-2.28,25.41,16.49,0.16,-0.00057,152.5,1.01,,,
YTR_M009,YTR,1980s,-2.28,25.41,16.49,0.16,-0.00057,152.5,1.01,,,
YTR_M010,YTR,1980s,-2.24,25.4,16.49,0.16,-0.00057,152.5,1.01,1.13,0.026,0.002
YTR_M011,YTR,1980s,-2.24,25.4,16.49,0.16,-0.00057,152.5,1.01,1.75,0.046,0.0036
YTR_M012,YTR,1980s,-2.24,25.41,16.49,0.16,-0.00057,152.5,1.01,,,
YTR_M013,YTR,1980s,-2.24,25.41,16.49,0.16,-0.00057,152.5,1.01,,,
YTR_M014,YTR,1980s,-2.24,25.41,16.49,0.16,-0.00057,152.5,1.01,,,
YTR_M015,YTR,1980s,-2.24,25.41,16.49,0.16,-0.00057,152.5,1.01,,,
YTR_M016,YTR,1980s,-2.19,25.49,16.49,0.16,-0.00056,152.5,1.01,,,
YTR_M017,YTR,1980s,-2.16,25.31,16.49,0.16,-0.00056,152.5,1.01,,,
YTR_M018,YTR,1980s,-2.13,25.4,16.49,0.16,-0.00056,152.5,1.01,2.12,0.052,0.004
YTR_M019,YTR,1980s,-2.1,25.22,16.49,0.16,-0.00056,152.5,1.01,,,
YTR_M020,YTR,1980s,-2.1,25.22,16.49,0.16,-0.00056,152.5,1.01,,,
YTR_M021,YTR,1980s,-2.13,25.49,16.49,0.16,-0.00056,152.5,1.01,,,
YTR_M022,YTR,1980s,-2.13,25.49,16.49,0.16,-0.00056,152.5,1.01,0.82,0.018,0.0014
YTR_M024,YTR,1980s,-2.12,25.55,16.49,0.16,-0.00056,152.5,1.01,0.71,0.014,0.0011
YTR_M025,YTR,1980s,-2.12,25.55,16.49,0.16,-0.00056,152.5,1.01,,,
YTR_M026,YTR,1980s,-2.12,25.85,16.49,0.16,-0.00056,152.5,1.01,,,
YTR_M027,YTR,1980s,-2.18,25.67,16.49,0.16,-0.00056,152.5,1.01,,,
YTR_M028,YTR,1980s,-2.18,25.67,16.49,0.16,-0.00056,152.5,1.01,,,
YTR_M029,YTR,1980s,-2.14,25.76,16.49,0.16,-0.00056,152.5,1.01,,,
YTR_M031,YTR,1980s,-2.14,25.76,16.49,0.16,-0.00056,152.5,1.01,,,
YTR_M032,YTR,1980s,-2.08,26.12,16.49,0.16,-0.00055,152.5,1.01,,,
YTR_M033,YTR,1980s,-2.08,26.03,16.49,0.16,-0.00055,152.5,1.01,,,
YTR_M035,YTR,1980s,-2.16,26.1,16.49,0.16,-0.00054,152.5,1.01,,,
YTR_M036,YTR,1980s,-2.16,26.1,16.49,0.16,-0.00054,152.5,1.01,,,
YTR_M038,YTR,1980s,-2.17,25.95,16.49,0.16,-0.00054,152.5,1.01,,,
YTR_M039,YTR,1980s,-2.17,25.95,16.49,0.16,-0.00054,152.5,1.01,,,
YTR_M040,YTR,1980s,-2.18,25.94,16.49,0.16,-0.00054,152.5,1.01,,,
YTR_M042,YTR,1980s,-2.17,26.0,16.49,0.16,-0.00054,152.5,1.01,,,
YTR_M045,YTR,1980s,-2.15,26.17,16.49,0.16,-0.00053,152.5,1.01,,,
YTR_M046,YTR,1980s,-2.13,25.99,16.49,0.16,-0.00053,152.5,1.01,1.44,0.03,0.0023
YTR_M047,YTR,1980s,-2.13,25.99,16.49,0.16,-0.00053,152.5,1.01,,,
YTR_M048,YTR,1980s,-2.05,26.02,16.49,0.16,-0.00052,152.5,1.01,,,
YTR_M049,YTR,1980s,-2.05,26.02,16.49,0.16,-0.00052,152.5,1.01,,,
YTR_M051,YTR,1980s,-1.9,26.18,16.49,0.16,-0.00052,152.5,1.01,,,
YTR_M052,YTR,1980s,-1.9,26.18,16.49,0.16,-0.00052,152.5,1.01,,,
YTR_M053,YTR,1980s,-1.87,26.18,16.49,0.16,-0.00052,152.5,1.01,1.65,0.04,0.0031
YTR_M054,YTR,1980s,-1.79,25.82,16.49,0.16,-0.00051,152.5,1.01,1.42,0.027,0.0021
YTR_M055,YTR,1980s,-1.73,26.17,16.49,0.16,-0.00051,152.5,1.01,,,
YTR_M056,YTR,1980s,-1.73,26.17,16.49,0.16,-0.00051,152.5,1.01,0.48,0.009,0.0007
YTR_M057,YTR,1980s,-1.66,26.17,16.49,0.16,-0.00051,152.5,1.01,1.27,0.021,0.0016
YTR_M058,YTR,1980s,-1.62,26.07,16.49,0.16,-0.00051,152.5,1.01,,,
YTR_M059,YTR,1980s,-1.62,26.07,16.49,0.16,-0.00051,152.5,1.01,1.17,0.021,0.0016
YTR_M060,YTR,1980s,-1.59,25.8,16.49,0.16,-0.0005,152.5,1.01,,,
YTR_M061,YTR,1980s,-1.59,25.8,16.49,0.16,-0.0005,152.5,1.01,,,
YTR_M062,YTR,1980s,-1.59,25.8,16.49,0.16,-0.0005,152.5,1.01,,,
YTR_M063,YTR,1980s,-1.54,25.8,16.49,0.16,-0.0005,152.5,1.01,,,
YTR_M064,YTR,1980s,-1.53,25.71,16.49,0.16,-0.0005,152.5,1.01,3.24,0.054,0.0042
YTR_M065,YTR,1980s,-1.49,25.71,16.49,0.16,-0.00049,152.5,1.01,,,
YTR_M066,YTR,1980s,-1.46,25.7,16.49,0.16,-0.00049,152.5,1.01,,,
YTR_M067,YTR,1980s,-1.46,25.7,16.49,0.16,-0.00049,152.5,1.01,,,
YTR_M068,YTR,1980s,-1.46,25.79,16.49,0.16,-0.00049,152.5,1.01,,,
YTR_M069,YTR,1980s,-1.46,25.61,16.49,0.16,-0.00049,152.5,1.01,,,
YTR_M070,YTR,1980s,-1.44,25.84,16.49,0.16,-0.00049,152.5,1.01,,,
YTR_M072,YTR,1980s,-1.44,25.84,16.49,0.16,-0.00049,152.5,1.01,,,
YTR_M073,YTR,1980s,-1.44,25.67,16.49,0.16,-0.00048,152.5,1.01,,,
YTR_M074,YTR,1980s,-1.41,25.84,16.49,0.16,-0.00048,152.5,1.01,,,
YTR_M075,YTR,1980s,-1.38,25.75,16.49,0.16,-0.00048,152.5,1.01,,,
YTR_M077,YTR,1980s,-1.3,25.75,16.49,0.16,-0.00048,152.5,1.01,,,
YTR_M078,YTR,1980s,-1.3,25.75,16.49,0.16,-0.00048,152.5,1.01,,,
YTR_M080,YTR,1980s,-1.31,25.74,16.49,0.16,-0.00048,152.5,1.01,,,
YTR_M081,YTR,1980s,-1.24,25.83,16.49,0.16,-0.00047,152.5,1.01,1.92,0.032,0.0024
YTR_M082,YTR,1980s,-1.24,25.83,16.49,0.16,-0.00047,152.5,1.01,1.94,0.039,0.003
YTR_M083,YTR,1980s,-1.26,25.74,16.49,0.16,-0.00047,152.5,1.01,2.25,0.044,0.0034
YTR_M084,YTR,1980s,-1.25,25.65,16.49,0.16,-0.00047,152.5,1.01,,,
YTR_M085,YTR,1980s,-1.29,25.56,16.49,0.16,-0.00047,152.5,1.01,1.38,0.032,0.0024
YTR_M086,YTR,1980s,-1.24,25.29,16.49,0.16,-0.00046,152.5,1.01,,,
YTR_M087,YTR,1980s,-1.19,25.19,16.49,0.16,-0.00046,152.5,1.01,,,
YTR_M089,YTR,1980s,-1.12,25.19,16.49,0.16,-0.00046,152.5,1.01,,,
YTR_M091,YTR,1980s,-1.06,25.18,16.49,0.16,-0.00046,152.5,1.01,,,
YTR_M092,YTR,1980s,-0.97,25.09,16.49,0.16,-0.00045,152.5,1.01,,,
YTR_M093,YTR,1980s,-0.96,25.18,16.49,0.16,-0.00045,152.5,1.01,,,
YTR_M094,YTR,1980s,-0.93,25.09,16.49,0.16,-0.00045,152.5,1.01,,,
YTR_M095,YTR,1980s,-0.89,25.0,16.49,0.16,-0.00045,152.5,1.01,,,
YTR_M096,YTR,1980s,-0.85,25.01,16.49,0.16,-0.00045,152.5,1.01,,,
YTR_M097,YTR,1980s,-0.83,25.01,16.49,0.16,-0.00045,152.5,1.01,1.32,0.019,0.0015
YTR_M098,YTR,1980s,-0.8,25.0,16.49,0.16,-0.00044,152.5,1.01,,,
YTR_M099,YTR,1980s,-0.76,24.91,16.49,0.16,-0.00044,152.5,1.01,,,
YTR_M100,YTR,1980s,-0.74,25.11,16.49,0.16,-0.00044,152.5,1.01,,,
YTR_M101,YTR,1980s,-0.7,24.92,16.49,0.16,-0.00044,152.5,1.01,,,
YTR_M102,YTR,1980s,-0.69,25.12,16.49,0.16,-0.00044,152.5,1.01,,,
YTR_M103,YTR,1980s,-0.69,25.12,16.49,0.16,-0.00044,152.5,1.01,,,
YTR_M104,YTR,1980s,-0.63,25.12,16.49,0.16,-0.00044,152.5,1.01,,,
YTR_M105,YTR,1980s,-0.63,25.12,16.49,0.16,-0.00044,152.5,1.01,,,
YTR_M106,YTR,1980s,-0.6,25.12,16.49,0.16,-0.00044,152.5,1.01,,,
YTR_M107,YTR,1980s,-0.6,25.12,16.49,0.16,-0.00044,152.5,1.01,,,
YTR_M108,YTR,1980s,-0.6,25.12,16.49,0.16,-0.00043,152.5,1.01,,,
YTR_M109,YTR,1980s,-0.48,25.28,16.49,0.16,-0.00042,152.5,1.01,1.1,0.011,0.0009
YTR_M110,YTR,1980s,-0.49,25.37,16.49,0.16,-0.00042,152.5,1.01,,,
YTR_M113,YTR,1980s,-0.5,25.39,16.49,0.16,-0.00042,152.5,1.01,1.18,0.02,0.0015
YTR_M114,YTR,1980s,-0.5,25.39,16.49,0.16,-0.00042,152.5,1.01,0.84,0.014,0.001
YTR_M115,YTR,1980s,-0.49,25.39,16.49,0.16,-0.00042,152.5,1.01,1.78,0.021,0.0016
YTR_M116,YTR,1980s,-0.46,25.39,16.49,0.16,-0.00042,152.5,1.01,1.58,0.025,0.0019
YTR_M117,YTR,1980s,-0.46,25.39,16.49,0.16,-0.00042,152.5,1.01,1.41,0.018,0.0014
YTR_M118,YTR,1980s,-0.46,25.39,16.49,0.16,-0.00041,152.5,1.01,1.19,0.018,0.0017
YTR_M120,YTR,1980s,-0.34,25.41,16.49,0.16,-0.0004,152.5,1.01,,,
YTR_M121,YTR,1980s,-0.34,25.41,16.49,0.16,-0.0004,152.5,1.01,,,
YTR_M122,YTR,1980s,-0.31,25.33,16.49,0.16,-0.0004,152.5,1.01,,,
YTR_M123,YTR,1980s,-0.31,25.33,16.49,0.16,-0.0004,152.5,1.01,,,
YTR_M124,YTR,1980s,-0.31,25.39,16.49,0.16,-0.0004,152.5,1.01,,,
YTR_M131,YTR,1980s,0.77,27.04,16.49,0.16,-0.00031,152.5,1.01,,,
YTR_M132,YTR,1980s,0.78,27.01,16.49,0.16,-0.0003,152.5,1.01,,,
YTR_M133,YTR,1980s,0.81,26.72,16.49,0.16,-0.0003,152.5,1.01,,,
YTR_M137,YTR,1980s,0.99,28.81,16.49,0.16,-0.00026,152.5,1.01,1.31,0.015,0.0011
YTR_M138,YTR,1980s,1.01,29.01,16.49,0.16,-0.00025,152.5,1.01,,,
YTR_M144,YTR,1980s,1.09,28.66,16.49,0.16,-0.00024,152.5,1.01,,,
YTR_M145,YTR,1980s,1.14,28.58,16.49,0.16,-0.00024,152.5,1.01,,,
YTR_M146,YTR,1980s,1.14,28.21,16.49,0.16,-0.00024,152.5,1.01,,,
YTR_M147,YTR,1980s,1.22,28.18,16.49,0.16,-0.00024,152.5,1.01,1.89,0.023,0.0023
YTR_M148,YTR,1980s,1.13,28.65,16.49,0.16,-0.00024,152.5,1.01,1.41,0.015,0.0012
YTR_M151,YTR,1980s,1.21,28.55,16.49,0.16,-0.00023,152.5,1.01,,,
YTR_M153,YTR,1980s,1.38,28.73,16.49,0.16,-0.00023,152.5,1.01,,,
YTR_M154,YTR,1980s,1.39,28.65,16.49,0.16,-0.00023,152.5,1.01,,,
YTR_M155,YTR,1980s,1.37,28.65,16.49,0.16,-0.00023,152.5,1.01,,,
YTR_M156,YTR,1980s,1.37,28.65,16.49,0.16,-0.00023,152.5,1.01,,,
YTR_M157,YTR,1980s,1.4,28.28,16.49,0.16,-0.00022,152.5,1.01,1.11,0.011,0.0009
YTR_M158,YTR,1980s,1.38,28.12,16.49,0.16,-0.00022,152.5,1.01,1.04,0.008,0.0006
JTR_M005,JTR,1980s,-3.07,29.36,16.49,0.16,-0.00056,152.5,1.01,,,
JTR_M006,JTR,1980s,-3.07,29.36,16.49,0.16,-0.00056,152.5,1.01,,,
JTR_M009,JTR,1980s,-2.78,29.16,16.49,0.16,-0.00056,152.5,1.01,,,
JTR_M010,JTR,1980s,-2.79,29.06,16.49,0.16,-0.00056,152.5,1.01,,,
JTR_M011,JTR,1980s,-2.79,29.06,16.49,0.16,-0.00056,152.5,1.01,,,
JTR_M012,JTR,1980s,-2.74,28.98,16.49,0.16,-0.00056,152.5,1.01,,,
JTR_M014,JTR,1980s,-2.74,28.75,16.49,0.16,-0.00056,152.5,1.01,,,
JTR_M016,JTR,1980s,-2.75,28.47,16.49,0.16,-0.00056,152.5,1.01,0.43,0.012,0.0009
JTR_M020,JTR,1980s,-2.5,27.89,16.49,0.16,-0.00055,152.5,1.01,,,
JTR_M022,JTR,1980s,-1.74,27.21,16.49,0.16,-0.00051,152.5,1.01,,,
JTR_M023,JTR,1980s,-1.74,27.21,16.49,0.16,-0.00051,152.5,1.01,,,
JTR_M024,JTR,1980s,-1.74,27.21,16.49,0.16,-0.00051,152.5,1.01,,,
JTR_M025,JTR,1980s,-1.8,27.31,16.49,0.16,-0.00051,152.5,1.01,,,
JTR_M026,JTR,1980s,-1.8,27.31,16.49,0.16,-0.00051,152.5,1.01,,,
JTR_M027,JTR,1980s,-1.8,27.31,16.49,0.16,-0.00051,152.5,1.01,,,
JTR_M028,JTR,1980s,-1.8,27.31,16.49,0.16,-0.00051,152.5,1.01,,,
JTR_M029,JTR,1980s,-1.65,27.49,16.49,0.16,-0.0005,152.5,1.01,,,
JTR_M033,JTR,1980s,-1.53,27.56,16.49,0.16,-0.0005,152.5,1.01,,,
JTR_M034,JTR,1980s,-1.63,27.39,16.49,0.16,-0.0005,152.5,1.01,,,
JTR_M035,JTR,1980s,-1.63,27.39,16.49,0.16,-0.0005,152.5,1.01,,,
JTR_M036,JTR,1980s,-1.36,28.01,16.49,0.16,-0.0005,152.5,1.01,,,
JTR_M037,JTR,1980s,-1.34,28.01,16.49,0.16,-0.0005,152.5,1.01,1.87,0.045,0.0034
JTR_M038,JTR,1980s,-1.34,28.01,16.49,0.16,-0.00049,152.5,1.01,,,
JTR_M039,JTR,1980s,-1.34,28.01,16.49,0.16,-0.00049,152.5,1.01,1.87,0.053,0.0041
JTR_M040,JTR,1980s,-1.35,28.18,16.49,0.16,-0.00049,152.5,1.01,2.93,0.084,0.0065
JTR_M041,JTR,1980s,-1.35,28.18,16.49,0.16,-0.00049,152.5,1.01,,,
JTR_M042,JTR,1980s,-1.32,28.18,16.49,0.16,-0.00049,152.5,1.01,,,
JTR_M046,JTR,1980s,-1.3,28.0,16.49,0.16,-0.00049,152.5,1.01,,,
JTR_M048,JTR,1980s,-1.3,28.0,16.49,0.16,-0.00049,152.5,1.01,,,
JTR_M049,JTR,1980s,-1.28,27.9,16.49,0.16,-0.00049,152.5,1.01,,,
JTR_M050,JTR,1980s,-1.28,27.9,16.49,0.16,-0.00049,152.5,1.01,,,
JTR_M051,JTR,1980s,-1.28,27.9,16.49,0.16,-0.00049,152.5,1.01,,,
JTR_M052,JTR,1980s,-1.26,27.82,16.49,0.16,-0.00049,152.5,1.01,,,
JTR_M053,JTR,1980s,-1.26,27.82,16.49,0.16,-0.00048,152.5,1.01,,,
JTR_M054,JTR,1980s,-1.24,27.81,16.49,0.16,-0.00048,152.5,1.01,,,
JTR_M055,JTR,1980s,-1.24,27.81,16.49,0.16,-0.00048,152.5,1.01,,,
JTR_M056,JTR,1980s,-1.15,27.73,16.49,0.16,-0.00048,152.5,1.01,,,
JTR_M057,JTR,1980s,-1.15,27.73,16.49,0.16,-0.00048,152.5,1.01,,,
JTR_M059,JTR,1980s,-1.15,27.55,16.49,0.16,-0.00048,152.5,1.01,,,
JTR_M060,JTR,1980s,-1.15,27.55,16.49,0.16,-0.00048,152.5,1.01,,,
JTR_M061,JTR,1980s,-1.15,27.46,16.49,0.16,-0.00048,152.5,1.01,,,
JTR_M062,JTR,1980s,-1.15,27.46,16.49,0.16,-0.00048,152.5,1.01,,,
JTR_M063,JTR,1980s,-1.13,27.0,16.49,0.16,-0.00047,152.5,1.01,,,
JTR_M065,JTR,1980s,-1.16,26.73,16.49,0.16,-0.00047,152.5,1.01,,,
JTR_M066,JTR,1980s,-1.18,26.73,16.49,0.16,-0.00047,152.5,1.01,,,
JTR_M067,JTR,1980s,-1.18,26.73,16.49,0.16,-0.00047,152.5,1.01,,,
JTR_M069,JTR,1980s,-1.17,26.73,16.49,0.16,-0.00047,152.5,1.01,,,
JTR_M070,JTR,1980s,-1.17,26.73,16.49,0.16,-0.00047,152.5,1.01,,,
JTR_M071,JTR,1980s,-1.17,26.73,16.49,0.16,-0.00047,152.5,1.01,,,
JTR_M072,JTR,1980s,-1.18,26.73,16.49,0.16,-0.00047,152.5,1.01,,,
JTR_M073,JTR,1980s,-1.16,26.72,16.49,0.16,-0.00047,152.5,1.01,,,
JTR_M074,JTR,1980s,-1.16,26.72,16.49,0.16,-0.00046,152.5,1.01,,,
JTR_M084,JTR,1980s,-1.01,26.43,16.49,0.16,-0.00045,152.5,1.01,,,
JTR_M086,JTR,1980s,-1.01,26.43,16.49,0.16,-0.00045,152.5,1.01,,,
LTR_M001,LTR,1980s,-1.29,20.86,16.49,0.16,-0.00042,152.5,1.01,,,
LTR_M002,LTR,1980s,-1.29,21.04,16.49,0.16,-0.00042,152.5,1.01,,,
LTR_M004,LTR,1980s,-1.29,21.04,16.49,0.16,-0.00042,152.5,1.01,,,
LTR_M005,LTR,1980s,-1.27,21.13,16.49,0.16,-0.00042,152.5,1.01,,,
LTR_M006,LTR,1980s,-1.27,21.13,16.49,0.16,-0.00042,152.5,1.01,,,
LTR_M007,LTR,1980s,-1.27,21.13,16.49,0.16,-0.00043,152.5,1.01,,,
LTR_M009,LTR,1980s,-1.33,21.13,16.49,0.16,-0.00043,152.5,1.01,,,
LTR_M010,LTR,1980s,-1.33,21.13,16.49,0.16,-0.00043,152.5,1.01,,,
LTR_M011,LTR,1980s,-1.27,21.13,16.49,0.16,-0.00043,152.5,1.01,,,
LTR_M012,LTR,1980s,-1.27,21.13,16.49,0.16,-0.00043,152.5,1.01,,,
LTR_M013,LTR,1980s,-1.27,21.22,16.49,0.16,-0.00043,152.5,1.01,,,
LTR_M014,LTR,1980s,-1.27,21.22,16.49,0.16,-0.00043,152.5,1.01,,,
LTR_M015,LTR,1980s,-1.26,21.4,16.49,0.16,-0.00043,152.5,1.01,,,
LTR_M016,LTR,1980s,-1.22,21.4,16.49,0.16,-0.00043,152.5,1.01,,,
LTR_M017,LTR,1980s,-1.26,21.4,16.49,0.16,-0.00043,152.5,1.01,,,
LTR_M018,LTR,1980s,-1.23,21.4,16.49,0.16,-0.00043,152.5,1.01,,,
LTR_M019,LTR,1980s,-1.26,21.4,16.49,0.16,-0.00043,152.5,1.01,,,
LTR_M020,LTR,1980s,-1.26,21.4,16.49,0.16,-0.00043,152.5,1.01,,,
LTR_M021,LTR,1980s,-1.26,21.4,16.49,0.16,-0.00043,152.5,1.01,,,
LTR_M022,LTR,1980s,-1.27,21.49,16.49,0.16,-0.00043,152.5,1.01,,,
LTR_M023,LTR,1980s,-1.22,21.49,16.49,0.16,-0.00044,152.5,1.01,,,
LTR_M024,LTR,1980s,-1.22,21.49,16.49,0.16,-0.00044,152.5,1.01,,,
LTR_M025,LTR,1980s,-1.22,21.49,16.49,0.16,-0.00044,152.5,1.01,,,
LTR_M026,LTR,1980s,-1.2,21.64,16.49,0.16,-0.00044,152.5,1.01,,,
LTR_M027,LTR,1980s,-1.2,21.64,16.49,0.16,-0.00044,152.5,1.01,,,
LTR_M028,LTR,1980s,-1.21,21.64,16.49,0.16,-0.00044,152.5,1.01,,,
LTR_M029,LTR,1980s,-1.16,21.64,16.49,0.16,-0.00044,152.5,1.01,,,
LTR_M030,LTR,1980s,-1.16,21.64,16.49,0.16,-0.00044,152.5,1.01,,,
LTR_M031,LTR,1980s,-1.16,21.64,16.49,0.16,-0.00044,152.5,1.01,,,
LTR_M032,LTR,1980s,-1.12,21.9,16.49,0.16,-0.00044,152.5,1.01,1.17,0.026,0.002
LTR_M033,LTR,1980s,-1.12,21.9,16.49,0.16,-0.00044,152.5,1.01,,,
LTR_M034,LTR,1980s,-1.12,21.9,16.49,0.16,-0.00044,152.5,1.01,1.3,0.03,0.0023
LTR_M035,LTR,1980s,-1.11,21.83,16.49,0.16,-0.00044,152.5,1.01,,,
LTR_M036,LTR,1980s,-1.14,22.03,16.49,0.16,-0.00044,152.5,1.01,,,
LTR_M037,LTR,1980s,-1.14,22.03,16.49,0.16,-0.00044,152.5,1.01,,,
LTR_M038,LTR,1980s,-1.14,22.03,16.49,0.16,-0.00044,152.5,1.01,,,
LTR_M039,LTR,1980s,-1.14,22.03,16.49,0.16,-0.00044,152.5,1.01,,,
LTR_M040,LTR,1980s,-1.15,22.29,16.49,0.16,-0.00044,152.5,1.01,,,
LTR_M041,LTR,1980s,-1.15,22.29,16.49,0.16,-0.00044,152.5,1.01,,,
LTR_M061,LTR,1980s,-1.11,23.44,16.49,0.16,-0.00045,152.5,1.01,,,
LTR_M062,LTR,1980s,-1.16,23.53,16.49,0.16,-0.00045,152.5,1.01,,,
LTR_M063,LTR,1980s,-1.01,23.61,16.49,0.16,-0.00045,152.5,1.01,,,
LTR_M064,LTR,1980s,-1.01,23.61,16.49,0.16,-0.00045,152.5,1.01,,,
LTR_M065,LTR,1980s,-1.01,23.61,16.49,0.16,-0.00045,152.5,1.01,,,
LTR_M066,LTR,1980s,-1.01,23.61,16.49,0.16,-0.00045,152.5,1.01,,,
LTR_M067,LTR,1980s,-1.09,23.61,16.49,0.16,-0.00045,152.5,1.01,,,
LTR_M068,LTR,1980s,-1.09,23.61,16.49,0.16,-0.00045,152.5,1.01,,,
LTR_M069,LTR,1980s,-1.09,23.61,16.49,0.16,-0.00045,152.5,1.01,,,
LTR_M070,LTR,1980s,-1.09,23.61,16.49,0.16,-0.00045,152.5,1.01,,,
LTR_M071,LTR,1980s,-0.96,23.78,16.49,0.16,-0.00045,152.5,1.01,,,
LTR_M072,LTR,1980s,-0.96,23.78,16.49,0.16,-0.00045,152.5,1.01,,,
LTR_M073,LTR,1980s,-0.96,23.78,16.49,0.16,-0.00045,152.5,1.01,,,
LTR_M074,LTR,1980s,-0.96,23.78,16.49,0.16,-0.00045,152.5,1.01,,,
LTR_M075,LTR,1980s,-0.96,23.78,16.49,0.16,-0.00045,152.5,1.01,,,
LTR_M076,LTR,1980s,-0.96,23.78,16.49,0.16,-0.00045,152.5,1.01,,,
LTR_M077,LTR,1980s,-0.96,23.78,16.49,0.16,-0.00045,152.5,1.01,,,
LTR_M078,LTR,1980s,-0.96,23.78,16.49,0.16,-0.00045,152.5,1.01,,,
LTR_M079,LTR,1980s,-0.96,23.78,16.49,0.16,-0.00045,152.5,1.01,,,
LTR_M080,LTR,1980s,-0.96,23.78,16.49,0.16,-0.00045,152.5,1.01,,,
LTR_M081,LTR,1980s,-0.9,24.05,16.49,0.16,-0.00045,152.5,1.01,,,
LTR_M082,LTR,1980s,-0.9,24.05,16.49,0.16,-0.00045,152.5,1.01,,,
LTR_M083,LTR,1980s,-0.9,24.05,16.49,0.16,-0.00045,152.5,1.01,,,
LTR_M084,LTR,1980s,-0.9,24.05,16.49,0.16,-0.00045,152.5,1.01,,,
LTR_M085,LTR,1980s,-0.9,24.05,16.49,0.16,-0.00045,152.5,1.01,,,
LTR_M086,LTR,1980s,-0.9,24.05,16.49,0.16,-0.00045,152.5,1.01,,,
LTR_M087,LTR,1980s,-0.9,24.05,16.49,0.16,-0.00045,152.5,1.01,,,
LTR_M088,LTR,1980s,-0.9,24.05,16.49,0.16,-0.00045,152.5,1.01,,,
LTR_M089,LTR,1980s,-0.9,24.05,16.49,0.16,-0.00045,152.5,1.01,,,
LTR_M090,LTR,1980s,-0.87,24.11,16.49,0.16,-0.00045,152.5,1.01,,,
LTR_M091,LTR,1980s,-0.87,24.11,16.49,0.16,-0.00045,152.5,1.01,,,
LTR_M092,LTR,1980s,-0.86,24.32,16.49,0.16,-0.00045,152.5,1.01,,,
LTR_M093,LTR,1980s,-0.86,24.32,16.49,0.16,-0.00045,152.5,1.01,,,
LTR_M094,LTR,1980s,-0.86,24.32,16.49,0.16,-0.00045,152.5,1.01,,,
LTR_M095,LTR,1980s,-0.87,24.23,16.49,0.16,-0.00045,152.5,1.01,,,
LTR_M096,LTR,1980s,-0.87,24.23,16.49,0.16,-0.00045,152.5,1.01,,,
LTR_M097,LTR,1980s,-0.87,24.23,16.49,0.16,-0.00045,152.5,1.01,,,
LTR_M098,LTR,1980s,-0.99,23.78,16.49,0.16,-0.00045,152.5,1.01,,,
LTR_M099,LTR,1980s,-0.95,24.05,16.49,0.16,-0.00045,152.5,1.01,,,
LTR_M100,LTR,1980s,-0.95,24.05,16.49,0.16,-0.00045,152.5,1.01,,,
LTR_M101,LTR,1980s,-0.95,24.14,16.49,0.16,-0.00045,152.5,1.01,,,
LTR_M102,LTR,1980s,-0.95,24.14,16.49,0.16,-0.00045,152.5,1.01,,,
LTR_M103,LTR,1980s,-0.95,24.14,16.49,0.16,-0.00045,152.5,1.01,,,
LTR_M104,LTR,1980s,-0.95,24.14,16.49,0.16,-0.00045,152.5,1.01,,,
LTR_M105,LTR,1980s,-0.87,24.11,16.49,0.16,-0.00045,152.5,1.01,,,
LTR_M106,LTR,1980s,-0.93,24.2,16.49,0.16,-0.00045,152.5,1.01,,,
LTR_M107,LTR,1980s,-0.86,24.32,16.49,0.16,-0.00045,152.5,1.01,,,
LTR_M108,LTR,1980s,-0.86,24.32,16.49,0.16,-0.00045,152.5,1.01,,,
LTR_M109,LTR,1980s,-0.86,24.32,16.49,0.16,-0.00045,152.5,1.01,,,
LTR_M110,LTR,1980s,-0.81,24.31,16.49,0.16,-0.00044,152.5,1.01,,,
LTR_M111,LTR,1980s,-0.81,24.23,16.49,0.16,-0.00044,152.5,1.01,,,
LTR_M112,LTR,1980s,-0.75,24.23,16.49,0.16,-0.00044,152.5,1.01,,,
LTR_M113,LTR,1980s,-0.75,24.23,16.49,0.16,-0.00044,152.5,1.01,,,
LTR_M114,LTR,1980s,-0.69,24.23,16.49,0.16,-0.00044,152.5,1.01,,,
LTR_M115,LTR,1980s,-0.69,24.23,16.49,0.16,-0.00044,152.5,1.01,,,
LTR_M116,LTR,1980s,-0.73,24.14,16.49,0.16,-0.00044,152.5,1.01,,,
LTR_M117,LTR,1980s,-0.61,24.24,16.49,0.16,-0.00044,152.5,1.01,,,
LTR_M118,LTR,1980s,-0.61,24.24,16.49,0.16,-0.00044,152.5,1.01,,,
LTR_M119,LTR,1980s,-0.54,24.32,16.49,0.16,-0.00044,152.5,1.01,,,
LTR_M120,LTR,1980s,-0.53,24.41,16.49,0.16,-0.00044,152.5,1.01,,,
LTR_M121,LTR,1980s,-0.53,24.41,16.49,0.16,-0.00044,152.5,1.01,,,
LTR_M122,LTR,1980s,-0.49,24.31,16.49,0.16,-0.00043,152.5,1.01,,,
LTR_M123,LTR,1980s,-0.48,24.55,16.49,0.16,-0.00043,152.5,1.01,,,
LTR_M124,LTR,1980s,-0.48,24.55,16.49,0.16,-0.00043,152.5,1.01,,,
LTR_M125,LTR,1980s,-0.48,24.55,16.49,0.16,-0.00043,152.5,1.01,,,
LTR_M126,LTR,1980s,-0.46,24.56,16.49,0.16,-0.00043,152.5,1.01,,,
LTR_M127,LTR,1980s,-0.46,24.64,16.49,0.16,-0.00043,152.5,1.01,,,
LTR_M128,LTR,1980s,-0.46,24.64,16.49,0.16,-0.00043,152.5,1.01,,,
RTR_M01,RTR,1980s,-0.28,30.49,16.49,0.16,-0.0004,152.5,1.01,,,
RTR_M02,RTR,1980s,-0.43,30.17,16.49,0.16,-0.0004,152.5,1.01,,,
RTR_M03,RTR,1980s,-0.43,30.17,16.49,0.16,-0.0004,152.5,1.01,,,
RTR_M04,RTR,1980s,-0.43,30.17,16.49,0.16,-0.0004,152.5,1.01,,,
RTR_M05,RTR,1980s,-0.26,30.33,16.49,0.16,-0.0004,152.5,1.01,,,
RTR_M06,RTR,1980s,-0.26,30.33,16.49,0.16,-0.0004,152.5,1.01,,,
RTR_M07,RTR,1980s,-0.26,30.33,16.49,0.16,-0.0004,152.5,1.01,,,
RTR_M08,RTR,1980s,-0.26,30.15,16.49,0.16,-0.0004,152.5,1.01,,,
RTR_M09,RTR,1980s,-0.26,30.15,16.49,0.16,-0.0004,152.5,1.01,,,
RTR_M10,RTR,1980s,-0.26,30.15,16.49,0.16,-0.0004,152.5,1.01,,,
RTR_M11,RTR,1980s,-0.26,30.15,16.49,0.16,-0.0004,152.5,1.01,,,
RTR_M12,RTR,1980s,-0.26,30.15,16.49,0.16,-0.0004,152.5,1.01,,,
RTR_M13,RTR,1980s,-0.26,30.15,16.49,0.16,-0.0004,152.5,1.01,,,
RTR_M14,RTR,1980s,-0.27,30.14,16.49,0.16,-0.0004,152.5,1.01,,,
RTR_M15,RTR,1980s,-0.27,30.14,16.49,0.16,-0.0004,152.5,1.01,0.56,0.016,0.0012
RTR_M16,RTR,1980s,-0.27,30.14,16.49,0.16,-0.0004,152.5,1.01,,,
RTR_M17,RTR,1980s,-0.26,30.14,16.49,0.16,-0.0004,152.5,1.01,,,
RTR_M18,RTR,1980s,-0.32,29.61,16.49,0.16,-0.0004,152.5,1.01,,,
RTR_M19,RTR,1980s,-0.32,29.61,16.49,0.16,-0.0004,152.5,1.01,,,
RTR_M20,RTR,1980s,-0.32,29.61,16.49,0.16,-0.0004,152.5,1.01,,,
RTR_M21,RTR,1980s,-0.32,29.61,16.49,0.16,-0.0004,152.5,1.01,,,
RTR_M22,RTR,1980s,-0.28,29.97,16.49,0.16,-0.0004,152.5,1.01,,,
RTR_M23,RTR,1980s,-0.49,29.44,16.49,0.16,-0.0004,152.5,1.01,,,
RTR_M24,RTR,1980s,-0.28,29.61,16.49,0.16,-0.00041,152.5,1.01,,,
RTR_M25,RTR,1980s,-0.28,29.61,16.49,0.16,-0.00041,152.5,1.01,,,
RTR_M26,RTR,1980s,-0.28,29.61,16.49,0.16,-0.00041,152.5,1.01,,,
RTR_M27,RTR,1980s,-0.37,29.53,16.49,0.16,-0.00041,152.5,1.01,,,
RTR_M28,RTR,1980s,-0.37,29.53,16.49,0.16,-0.00041,152.5,1.01,1.32,0.025,0.0019
RTR_M29,RTR,1980s,-0.37,29.53,16.49,0.16,-0.00041,152.5,1.01,,,
RTR_M31,RTR,1980s,-0.38,28.99,16.49,0.16,-0.00041,152.5,1.01,,,
RTR_M32,RTR,1980s,-0.38,28.99,16.49,0.16,-0.00041,152.5,1.01,,,
RTR_M33,RTR,1980s,-0.33,28.98,16.49,0.16,-0.00041,152.5,1.01,,,
RTR_M34,RTR,1980s,-0.3,28.9,16.49,0.16,-0.00041,152.5,1.01,,,
RTR_M35,RTR,1980s,-0.3,28.9,16.49,0.16,-0.00041,152.5,1.01,,,
RTR_M37,RTR,1980s,-0.29,28.71,16.49,0.16,-0.00041,152.5,1.01,,,
RTR_M38,RTR,1980s,-0.29,28.71,16.49,0.16,-0.00041,152.5,1.01,,,
RTR_M39,RTR,1980s,-0.37,28.12,16.49,0.16,-0.00041,152.5,1.01,,,
RTR_M40,RTR,1980s,-0.22,28.12,16.49,0.16,-0.00041,152.5,1.01,,,
RTR_M41,RTR,1980s,-0.23,28.12,16.49,0.16,-0.00041,152.5,1.01,,,
RTR_M42,RTR,1980s,-0.23,28.12,16.49,0.16,-0.00041,152.5,1.01,,,
RTR_M44,RTR,1980s,-0.19,27.95,16.49,0.16,-0.0004,152.5,1.01,,,
RTR_M45,RTR,1980s,-0.19,27.95,16.49,0.16,-0.0004,152.5,1.01,,,
RTR_M46,RTR,1980s,-0.19,27.95,16.49,0.16,-0.0004,152.5,1.01,,,
RTR_M47,RTR,1980s,-0.21,27.68,16.49,0.16,-0.0004,152.5,1.01,,,
RTR_M48,RTR,1980s,-0.21,27.68,16.49,0.16,-0.0004,152.5,1.01,,,
RTR_M49,RTR,1980s,-0.23,27.56,16.49,0.16,-0.0004,152.5,1.01,,,
RTR_M50,RTR,1980s,-0.26,27.48,16.49,0.16,-0.0004,152.5,1.01,,,
RTR_M51,RTR,1980s,-0.25,27.86,16.49,0.16,-0.00039,152.5,1.01,,,
RTR_M52,RTR,1980s,-0.26,27.22,16.49,0.16,-0.00039,152.5,1.01,,,
RTR_M53,RTR,1980s,-0.25,27.22,16.49,0.16,-0.00039,152.5,1.01,,,
CR_M001,CR,1980s,-0.78,21.24,16.49,0.16,-0.00037,152.5,1.01,,,
CR_M002,CR,1980s,-0.78,21.24,16.49,0.16,-0.00037,152.5,1.01,0.67,0.012,0.0008
CR_M003,CR,1980s,-0.78,21.24,16.49,0.16,-0.00037,152.5,1.01,0.6,0.015,0.001
CR_M004,CR,1980s,-0.78,21.24,16.49,0.16,-0.00037,152.5,1.01,,,
CR_M005,CR,1980s,-0.86,21.25,16.49,0.16,-0.00037,152.5,1.01,,,
CR_M006,CR,1980s,-0.76,21.25,16.49,0.16,-0.00037,152.5,1.01,,,
CR_M007,CR,1980s,-0.76,21.25,16.49,0.16,-0.00037,152.5,1.01,,,
CR_M029,CR,1980s,-0.51,21.51,16.49,0.16,-0.00036,152.5,1.01,1.16,0.026,0.0018
CR_M030,CR,1980s,-0.51,21.51,16.49,0.16,-0.00036,152.5,1.01,,,
CR_M031,CR,1980s,-0.51,21.51,16.49,0.16,-0.00036,152.5,1.01,0.87,0.023,0.0015
CR_M032,CR,1980s,-0.48,21.34,16.49,0.16,-0.00036,152.5,1.01,,,
CR_M033,CR,1980s,-0.48,21.34,16.49,0.16,-0.00036,152.5,1.01,,,
CR_M034,CR,1980s,-0.48,21.34,16.49,0.16,-0.00036,152.5,1.01,1.26,0.032,0.0021
CR_M035,CR,1980s,-0.46,21.43,16.49,0.16,-0.00036,152.5,1.01,0.84,0.016,0.0011
CR_M036,CR,1980s,-0.46,21.43,16.49,0.16,-0.00036,152.5,1.01,0.95,0.027,0.0018
CR_M037,CR,1980s,-0.46,21.43,16.49,0.16,-0.00036,152.5,1.01,,,
CR_M038,CR,1980s,-0.46,21.43,16.49,0.16,-0.00036,152.5,1.01,,,
CR_M039,CR,1980s,-0.46,21.43,16.49,0.16,-0.00035,152.5,1.01,0.91,0.022,0.0014
CR_M040,CR,1980s,-0.44,21.34,16.49,0.16,-0.00035,152.5,1.01,,,
CR_M041,CR,1980s,-0.44,21.34,16.49,0.16,-0.00035,152.5,1.01,,,
CR_M042,CR,1980s,-0.44,21.34,16.49,0.16,-0.00035,152.5,1.01,1.04,0.023,0.0016
CR_M043,CR,1980s,-0.44,21.34,16.49,0.16,-0.00035,152.5,1.01,,,
CR_M044,CR,1980s,-0.44,21.34,16.49,0.16,-0.00035,152.5,1.01,,,
CR_M045,CR,1980s,-0.45,21.26,16.49,0.16,-0.00035,152.5,1.01,,,
CR_M046,CR,1980s,-0.45,21.26,16.49,0.16,-0.00035,152.5,1.01,0.66,0.015,0.001
CR_M047,CR,1980s,-0.41,21.43,16.49,0.16,-0.00035,152.5,1.01,2.04,0.047,0.0031
CR_M048,CR,1980s,-0.41,21.34,16.49,0.16,-0.00035,152.5,1.01,,,
CR_M049,CR,1980s,-0.41,21.34,16.49,0.16,-0.00035,152.5,1.01,1.42,0.03,0.002
CR_M050,CR,1980s,-0.41,21.34,16.49,0.16,-0.00035,152.5,1.01,0.94,0.025,0.0016
CR_M051,CR,1980s,-0.41,21.34,16.49,0.16,-0.00035,152.5,1.01,,,
CR_M052,CR,1980s,-0.41,21.34,16.49,0.16,-0.00035,152.5,1.01,,,
CR_M053,CR,1980s,-0.43,21.25,16.49,0.16,-0.00035,152.5,1.01,,,
CR_M054,CR,1980s,-0.43,21.25,16.49,0.16,-0.00035,152.5,1.01,,,
CR_M055,CR,1980s,-0.43,21.25,16.49,0.16,-0.00035,152.5,1.01,,,
CR_M056,CR,1980s,-0.39,21.34,16.49,0.16,-0.00035,152.5,1.01,,,
CR_M057,CR,1980s,-0.39,21.34,16.49,0.16,-0.00035,152.5,1.01,0.93,0.022,0.0015
CR_M058,CR,1980s,-0.4,21.25,16.49,0.16,-0.00035,152.5,1.01,,,
CR_M059,CR,1980s,-0.4,21.25,16.49,0.16,-0.00035,152.5,1.01,,,
CR_M060,CR,1980s,-0.4,21.25,16.49,0.16,-0.00035,152.5,1.01,,,
CR_M061,CR,1980s,-0.4,21.25,16.49,0.16,-0.00035,152.5,1.01,,,
CR_M073,CR,1980s,-0.39,21.09,16.49,0.16,-0.00034,152.5,1.01,,,
CR_M074,CR,1980s,-0.32,21.36,16.49,0.16,-0.00034,152.5,1.01,,,
CR_M075,CR,1980s,-0.37,21.09,16.49,0.16,-0.00034,152.5,1.01,1.39,0.03,0.002
CR_M076,CR,1980s,-0.37,21.09,16.49,0.16,-0.00034,152.5,1.01,0.54,0.013,0.0009
CR_M077,CR,1980s,-0.29,21.36,16.49,0.16,-0.00034,152.5,1.01,1.57,0.039,0.0026
CR_M078,CR,1980s,-0.29,21.36,16.49,0.16,-0.00034,152.5,1.01,0.37,0.008,0.0005
CR_M079,CR,1980s,-0.28,21.43,16.49,0.16,-0.00034,152.5,1.01,1.09,0.018,0.0012
CR_M084,CR,1980s,-0.21,21.52,16.49,0.16,-0.00034,152.5,1.01,,,
CR_M085,CR,1980s,-0.25,21.53,16.49,0.16,-0.00034,152.5,1.01,,,
CR_M086,CR,1980s,-0.25,21.53,16.49,0.16,-0.00034,152.5,1.01,,,
CR_M087,CR,1980s,-0.39,21.35,16.49,0.16,-0.00033,152.5,1.01,,,
CR_M088,CR,1980s,-0.39,21.35,16.49,0.16,-0.00033,152.5,1.01,1.36,0.023,0.0015
CR_M089,CR,1980s,-0.29,21.73,16.49,0.16,-0.00033,152.5,1.01,0.96,0.016,0.0011
CR_M090,CR,1980s,-0.37,21.55,16.49,0.16,-0.00033,152.5,1.01,0.58,0.01,0.0007
CR_M091,CR,1980s,-0.31,21.82,16.49,0.16,-0.00033,152.5,1.01,,,
CR_M092,CR,1980s,-0.31,21.82,16.49,0.16,-0.00033,152.5,1.01,0.63,0.011,0.0008
CR_M104,CR,1980s,0.53,25.16,16.49,0.16,-0.00031,152.5,1.01,0.61,0.006,0.0004
CR_M107,CR,1980s,0.61,25.57,16.49,0.16,-0.00031,152.5,1.01,0.69,0.008,0.0005
CR_M108,CR,1980s,0.64,25.72,16.49,0.16,-0.0003,152.5,1.01,,,
CR_M109,CR,1980s,0.64,25.64,16.49,0.16,-0.0003,152.5,1.01,0.93,0.01,0.0007
CR_M111,CR,1980s,0.65,25.9,16.49,0.16,-0.0003,152.5,1.01,,,
CR_M112,CR,1980s,0.65,25.9,16.49,0.16,-0.0003,152.5,1.01,1.66,0.024,0.0016
CR_M113,CR,1980s,0.66,25.9,16.49,0.16,-0.0003,152.5,1.01,1.44,0.02,0.0013
CR_M114,CR,1980s,0.68,25.9,16.49,0.16,-0.0003,152.5,1.01,,,
CR_M115,CR,1980s,0.68,26.08,16.49,0.16,-0.0003,152.5,1.01,,,
CR_M116,CR,1980s,0.71,26.44,16.49,0.16,-0.0003,152.5,1.01,,,
CR_M117,CR,1980s,0.71,26.27,16.49,0.16,-0.0003,152.5,1.01,0.8,0.012,0.0008
CR_M118,CR,1980s,0.72,26.43,16.49,0.16,-0.0003,152.5,1.01,,,
CR_M119,CR,1980s,0.72,26.43,16.49,0.16,-0.0003,152.5,1.01,,,
CR_M120,CR,1980s,0.76,26.52,16.49,0.16,-0.0003,152.5,1.01,,,
CR_M121,CR,1980s,0.76,26.52,16.49,0.16,-0.0003,152.5,1.01,0.72,0.007,0.0005
CR_M122,CR,1980s,0.74,26.43,16.49,0.16,-0.0003,152.5,1.01,,,
CR_M123,CR,1980s,0.76,26.58,16.49,0.16,-0.0003,152.5,1.01,,,
CR_M124,CR,1980s,0.8,26.68,16.49,0.16,-0.0003,152.5,1.01,,,
PR_M001,PR,1980s,2.09,32.66,5.78,0.187,-0.00105,1506.0,249.92,1.44,0.047,0.0034
PR_M002,PR,1980s,2.09,32.66,5.78,0.187,-0.00106,1506.0,249.92,,,
PR_M003,PR,1980s,2.13,32.67,5.78,0.187,-0.00106,1506.0,249.92,,,
PR_M004,PR,1980s,2.17,32.92,5.78,0.187,-0.00106,1506.0,249.92,0.82,0.018,0.0013
PR_M005,PR,1980s,2.17,32.92,5.78,0.187,-0.00106,1506.0,249.92,,,
PR_M006,PR,1980s,2.11,32.66,5.78,0.187,-0.00106,1506.0,249.92,,,
PR_M007,PR,1980s,2.11,32.66,5.78,0.187,-0.00106,1506.0,249.92,,,
PR_M008,PR,1980s,2.19,32.93,5.78,0.187,-0.00107,1506.0,249.92,,,
PR_M009,PR,1980s,2.19,32.93,5.78,0.187,-0.00107,1506.0,249.92,1.84,0.031,0.0022
PR_M010,PR,1980s,2.19,32.93,5.78,0.187,-0.00107,1506.0,249.92,,,
PR_M011,PR,1980s,2.19,32.93,5.78,0.187,-0.00107,1506.0,249.92,,,
PR_M012,PR,1980s,2.19,33.16,5.78,0.187,-0.00108,1506.0,249.92,2.12,0.052,0.0037
PR_M013,PR,1980s,2.19,33.16,5.78,0.187,-0.00108,1506.0,249.92,,,
PR_M014,PR,1980s,2.19,33.16,5.78,0.187,-0.00108,1506.0,249.92,,,
PR_M015,PR,1980s,2.19,33.16,5.78,0.187,-0.00108,1506.0,249.92,,,
PR_M016,PR,1980s,2.16,33.09,5.78,0.187,-0.00108,1506.0,249.92,,,
PR_M017,PR,1980s,2.16,33.09,5.78,0.187,-0.00109,1506.0,249.92,,,
PR_M018,PR,1980s,2.23,33.26,5.78,0.187,-0.0011,1506.0,249.92,,,
PR_M019,PR,1980s,2.23,33.26,5.78,0.187,-0.0011,1506.0,249.92,,,
PR_M020,PR,1980s,2.18,33.26,5.78,0.187,-0.00111,1506.0,249.92,,,
PR_M021,PR,1980s,2.18,33.26,5.78,0.187,-0.00112,1506.0,249.92,,,
PR_M022,PR,1980s,2.25,33.53,5.78,0.187,-0.00112,1506.0,249.92,,,
PR_M023,PR,1980s,2.25,33.53,5.78,0.187,-0.00112,1506.0,249.92,1.29,0.03,0.0021
PR_M024,PR,1980s,2.25,33.71,5.78,0.187,-0.00112,1506.0,249.92,,,
PR_M025,PR,1980s,2.18,33.61,5.78,0.187,-0.00112,1506.0,249.92,,,
PR_M026,PR,1980s,2.18,33.61,5.78,0.187,-0.00112,1506.0,249.92,,,
PR_M027,PR,1980s,2.18,33.61,5.78,0.187,-0.00112,1506.0,249.92,,,
PR_M028,PR,1980s,2.17,33.86,5.78,0.187,-0.00112,1506.0,249.92,,,
PR_M029,PR,1980s,2.17,33.86,5.78,0.187,-0.00113,1506.0,249.92,,,
PR_M030,PR,1980s,2.17,33.86,5.78,0.187,-0.00113,1506.0,249.92,2.77,0.065,0.0047
PR_M031,PR,1980s,2.17,33.86,5.78,0.187,-0.00113,1506.0,249.92,,,
PR_M032,PR,1980s,2.22,34.04,5.78,0.187,-0.00113,1506.0,249.92,,,
PR_M033,PR,1980s,2.22,34.04,5.78,0.187,-0.00113,1506.0,249.92,,,
PR_M034,PR,1980s,2.22,34.04,5.78,0.187,-0.00113,1506.0,249.92,,,
PR_M035,PR,1980s,2.21,34.21,5.78,0.187,-0.00114,1506.0,249.92,,,
PR_M036,PR,1980s,2.21,34.21,5.78,0.187,-0.00114,1506.0,249.92,,,
PR_M037,PR,1980s,2.21,34.21,5.78,0.187,-0.00114,1506.0,249.92,,,
PR_M038,PR,1980s,2.22,34.22,5.78,0.187,-0.00115,1506.0,249.92,,,
PR_M039,PR,1980s,2.23,34.58,5.78,0.187,-0.00115,1506.0,249.92,,,
PR_M040,PR,1980s,2.23,34.58,5.78,0.187,-0.00115,1506.0,249.92,,,
PR_M043,PR,1980s,2.22,34.58,5.78,0.187,-0.00116,1506.0,249.92,,,
PR_M044,PR,1980s,2.17,34.68,5.78,0.187,-0.00116,1506.0,249.92,,,
PR_M045,PR,1980s,2.17,34.68,5.78,0.187,-0.00116,1506.0,249.92,,,
PR_M046,PR,1980s,2.23,34.86,5.78,0.187,-0.00117,1506.0,249.92,,,
PR_M047,PR,1980s,2.22,34.86,5.78,0.187,-0.00117,1506.0,249.92,,,
PR_M048,PR,1980s,2.22,34.86,5.78,0.187,-0.00118,1506.0,249.92,,,
PR_M049,PR,1980s,2.21,35.03,5.78,0.187,-0.00118,1506.0,249.92,,,
PR_M050,PR,1980s,2.26,35.11,5.78,0.187,-0.00119,1506.0,249.92,,,
PR_M051,PR,1980s,2.25,35.35,5.78,0.187,-0.0012,1506.0,249.92,,,
PR_M052,PR,1980s,2.27,35.36,5.78,0.187,-0.0012,1506.0,249.92,,,
PR_M053,PR,1980s,2.28,35.47,5.78,0.187,-0.00121,1506.0,249.92,,,
PR_M054,PR,1980s,2.27,35.62,5.78,0.187,-0.00121,1506.0,249.92,,,
PR_M055,PR,1980s,2.11,35.85,5.78,0.187,-0.00119,1506.0,249.92,,,
PR_M056,PR,1980s,2.22,36.26,5.78,0.187,-0.00119,1506.0,249.92,,,
PR_M057,PR,1980s,2.22,36.26,5.78,0.187,-0.00119,1506.0,249.92,,,
PR_M058,PR,1980s,2.22,36.26,5.78,0.187,-0.00119,1506.0,249.92,,,
PR_M060,PR,1980s,2.35,38.38,5.78,0.187,-0.00106,1506.0,249.92,,,
PR_M062,PR,1980s,2.38,38.46,5.78,0.187,-0.00105,1506.0,249.92,,,
PR_M063,PR,1980s,2.38,38.46,5.78,0.187,-0.00105,1506.0,249.92,,,
PR_M064,PR,1980s,2.38,38.46,5.78,0.187,-0.00105,1506.0,249.92,,,
PR_M066,PR,1980s,2.43,38.5,5.78,0.187,-0.00103,1506.0,249.92,,,
PR_M067,PR,1980s,2.44,38.49,5.78,0.187,-0.00102,1506.0,249.92,,,
PR_M068,PR,1980s,2.44,38.48,5.78,0.187,-0.00101,1506.0,249.92,,,
PR_M069,PR,1980s,2.48,38.72,5.78,0.187,-0.00101,1506.0,249.92,,,
PR_M070,PR,1980s,2.48,38.48,5.78,0.187,-0.001,1506.0,249.92,,,
PR_M071,PR,1980s,2.49,38.46,5.78,0.187,-0.001,1506.0,249.92,,,
PR_M072,PR,1980s,2.49,38.46,5.78,0.187,-0.00099,1506.0,249.92,,,
PR_M073,PR,1980s,2.49,38.54,5.78,0.187,-0.00099,1506.0,249.92,,,
PR_M074,PR,1980s,2.48,38.62,5.78,0.187,-0.00098,1506.0,249.92,1.53,0.017,0.0012
PR_M077,PR,1980s,2.5,38.89,5.78,0.187,-0.00095,1506.0,249.92,,,
PR_M078,PR,1980s,2.5,38.89,5.78,0.187,-0.00095,1506.0,249.92,1.4,0.02,0.0014
PR_M079,PR,1980s,2.51,38.73,5.78,0.187,-0.00094,1506.0,249.92,,,
PR_M080,PR,1980s,2.51,38.96,5.78,0.187,-0.00092,1506.0,249.92,1.12,0.009,0.0006
PR_M081,PR,1980s,2.51,38.96,5.78,0.187,-0.00092,1506.0,249.92,,,
PR_M082,PR,1980s,2.5,38.92,5.78,0.187,-0.00091,1506.0,249.92,,,
PR_M083,PR,1980s,2.5,38.92,5.78,0.187,-0.00091,1506.0,249.92,,,
PR_M084,PR,1980s,2.53,39.9,5.78,0.187,-0.00077,1506.0,249.92,,,
PR_M088,PR,1980s,2.54,40.49,5.78,0.187,-0.00073,1506.0,249.92,,,
PR_M089,PR,1980s,2.55,40.5,5.78,0.187,-0.00073,1506.0,249.92,,,
PR_M091,PR,1980s,2.57,40.4,5.78,0.187,-0.00072,1506.0,249.92,,,
PR_M092,PR,1980s,2.58,40.4,5.78,0.187,-0.00072,1506.0,249.92,0.92,0.01,0.0007
PR_M093,PR,1980s,2.58,40.4,5.78,0.187,-0.00071,1506.0,249.92,1.17,0.013,0.001
GTR_M01,GTR,1980s,0.72,15.45,3.71,0.159,-0.00038,454.25,7.8,2.61,0.036,0.0026
GTR_M02,GTR,1980s,0.71,15.03,3.71,0.159,-0.00038,454.25,7.8,,,
GTR_M03,GTR,1980s,0.71,15.03,3.71,0.159,-0.00038,454.25,7.8,1.78,0.017,0.0012
GTR_M04,GTR,1980s,0.8,15.12,3.71,0.159,-0.00038,454.25,7.8,,,
GTR_M05,GTR,1980s,0.72,15.04,3.71,0.159,-0.00038,454.25,7.8,1.44,0.018,0.0013
GTR_M06,GTR,1980s,0.72,15.04,3.71,0.159,-0.00038,454.25,7.8,,,
GTR_M07,GTR,1980s,0.81,15.03,3.71,0.159,-0.00038,454.25,7.8,,,
GTR_M08,GTR,1980s,0.79,14.76,3.71,0.159,-0.00037,454.25,7.8,,,
GTR_M09,GTR,1980s,0.79,14.76,3.71,0.159,-0.00037,454.25,7.8,,,
GTR_M10,GTR,1980s,0.85,14.63,3.71,0.159,-0.00037,454.25,7.8,,,
GTR_M11,GTR,1980s,0.88,14.68,3.71,0.159,-0.00037,454.25,7.8,,,
GTR_M12,GTR,1980s,0.86,14.45,3.71,0.159,-0.00037,454.25,7.8,,,
GTR_M13,GTR,1980s,0.86,14.45,3.71,0.159,-0.00037,454.25,7.8,,,
GTR_M14,GTR,1980s,0.86,14.45,3.71,0.159,-0.00037,454.25,7.8,,,
GTR_M15,GTR,1980s,0.83,14.45,3.71,0.159,-0.00037,454.25,7.8,,,
GTR_M16,GTR,1980s,0.78,14.45,3.71,0.159,-0.00037,454.25,7.8,,,
GTR_M17,GTR,1980s,0.78,14.45,3.71,0.159,-0.00037,454.25,7.8,,,
GTR_M18,GTR,1980s,0.78,14.45,3.71,0.159,-0.00037,454.25,7.8,,,
GTR_M19,GTR,1980s,0.78,13.94,3.71,0.159,-0.00037,454.25,7.8,,,
GTR_M20,GTR,1980s,0.77,13.88,3.71,0.159,-0.00037,454.25,7.8,,,
GTR_M21,GTR,1980s,0.77,13.88,3.71,0.159,-0.00037,454.25,7.8,0.89,0.006,0.0005
GTR_M22,GTR,1980s,0.82,13.53,3.71,0.159,-0.00036,454.25,7.8,,,
GTR_M23,GTR,1980s,0.85,13.43,3.71,0.159,-0.00036,454.25,7.8,0.68,0.005,0.0003
GTR_M24,GTR,1980s,0.85,13.43,3.71,0.159,-0.00036,454.25,7.8,,,
GTR_M25,GTR,1980s,0.83,13.35,3.71,0.159,-0.00036,454.25,7.8,1.12,0.007,0.0005
GTR_M26,GTR,1980s,0.78,13.35,3.71,0.159,-0.00036,454.25,7.8,0.89,0.005,0.0004
GTR_M27,GTR,1980s,0.73,13.42,3.71,0.159,-0.00036,454.25,7.8,,,
GTR_M28,GTR,1980s,0.73,13.42,3.71,0.159,-0.00036,454.25,7.8,,,
GTR_M29,GTR,1980s,0.69,13.42,3.71,0.159,-0.00036,454.25,7.8,,,
GTR_M30,GTR,1980s,0.69,13.42,3.71,0.159,-0.00036,454.25,7.8,1.15,0.012,0.0009
GTR_M31,GTR,1980s,0.69,13.42,3.71,0.159,-0.00036,454.25,7.8,1.11,0.013,0.0009
GTR_M33,GTR,1980s,0.64,13.42,3.71,0.159,-0.00036,454.25,7.8,,,
STR_M01,STR,1980s,0.37,8.7,3.71,0.159,-0.00033,454.25,7.8,,,
STR_M02,STR,1980s,0.36,8.79,3.71,0.159,-0.00033,454.25,7.8,,,
STR_M03,STR,1980s,0.36,8.79,3.71,0.159,-0.00033,454.25,7.8,,,
STR_M04,STR,1980s,0.28,8.8,3.71,0.159,-0.00033,454.25,7.8,,,
STR_M14,STR,1980s,0.31,8.81,3.71,0.159,-0.00033,454.25,7.8,1.9,0.018,0.0013
STR_M15,STR,1980s,0.29,8.87,3.71,0.159,-0.00033,454.25,7.8,,,
STR_M16,STR,1980s,0.29,8.87,3.71,0.159,-0.00033,454.25,7.8,1.59,0.025,0.0018
STR_M17,STR,1980s,0.3,8.87,3.71,0.159,-0.00033,454.25,7.8,,,
STR_M19,STR,1980s,0.3,8.87,3.71,0.159,-0.00033,454.25,7.8,,,
STR_M21,STR,1980s,0.3,9.07,3.71,0.159,-0.00033,454.25,7.8,,,
STR_M22,STR,1980s,0.3,9.07,3.71,0.159,-0.00033,454.25,7.8,,,
STR_M23,STR,1980s,0.32,9.07,3.71,0.159,-0.00033,454.25,7.8,,,
STR_M24,STR,1980s,0.33,9.14,3.71,0.159,-0.00033,454.25,7.8,,,
STR_M25,STR,1980s,0.33,9.14,3.71,0.159,-0.00033,454.25,7.8,,,
STR_M26,STR,1980s,0.33,9.14,3.71,0.159,-0.00033,454.25,7.8,,,
STR_M27,STR,1980s,0.33,9.41,3.71,0.159,-0.00033,454.25,7.8,,,
STR_M28,STR,1980s,0.33,9.41,3.71,0.159,-0.00033,454.25,7.8,,,
STR_M29,STR,1980s,0.33,9.41,3.71,0.159,-0.00033,454.25,7.8,,,
STR_M30,STR,1980s,0.33,9.41,3.71,0.159,-0.00033,454.25,7.8,,,
STR_M31,STR,1980s,0.35,9.49,3.71,0.159,-0.00033,454.25,7.8,,,
STR_M32,STR,1980s,0.35,9.49,3.71,0.159,-0.00033,454.25,7.8,,,
STR_M33,STR,1980s,0.35,9.49,3.71,0.159,-0.00033,454.25,7.8,,,
STR_M34,STR,1980s,0.35,9.59,3.71,0.159,-0.00033,454.25,7.8,,,
STR_M35,STR,1980s,0.35,9.59,3.71,0.159,-0.00033,454.25,7.8,,,
STR_M36,STR,1980s,0.35,9.59,3.71,0.159,-0.00033,454.25,7.8,1.57,0.025,0.0018
STR_M37,STR,1980s,0.35,9.59,3.71,0.159,-0.00033,454.25,7.8,1.51,0.03,0.0022
STR_M51,STR,1980s,0.52,10.48,3.71,0.159,-0.00032,454.25,7.8,,,
STR_M52,STR,1980s,0.52,10.48,3.71,0.159,-0.00032,454.25,7.8,0.95,0.016,0.0012
STR_M53,STR,1980s,0.52,10.48,3.71,0.159,-0.00032,454.25,7.8,,,
STR_M54,STR,1980s,0.49,10.47,3.71,0.159,-0.00032,454.25,7.8,,,
STR_M55,STR,1980s,0.49,10.47,3.71,0.159,-0.00032,454.25,7.8,,,
STR_M56,STR,1980s,0.49,10.47,3.71,0.159,-0.00032,454.25,7.8,,,
STR_M57,STR,1980s,0.41,10.55,3.71,0.159,-0.00032,454.25,7.8,,,
STR_M58,STR,1980s,0.41,10.55,3.71,0.159,-0.00032,454.25,7.8,,,
STR_M59,STR,1980s,0.35,10.62,3.71,0.159,-0.00032,454.25,7.8,,,
STR_M60,STR,1980s,0.35,10.62,3.71,0.159,-0.00032,454.25,7.8,0.84,0.016,0.0011
STR_M61,STR,1980s,0.24,10.78,3.71,0.159,-0.00032,454.25,7.8,0.71,0.011,0.0008
STR_M62,STR,1980s,0.24,10.78,3.71,0.159,-0.00032,454.25,7.8,2.34,0.033,0.0023
STR_M63,STR,1980s,0.15,10.98,3.71,0.159,-0.00032,454.25,7.8,0.79,0.01,0.0007
STR_M64,STR,1980s,0.15,10.98,3.71,0.159,-0.00032,454.25,7.8,1.77,0.028,0.002
STR_M65,STR,1980s,0.02,11.07,3.71,0.159,-0.00032,454.25,7.8,,,
STR_M66,STR,1980s,0.02,11.07,3.71,0.159,-0.00032,454.25,7.8,,,
STR_M67,STR,1980s,0.02,11.07,3.71,0.159,-0.00032,454.25,7.8,1.87,0.03,0.0021
STR_M68,STR,1980s,-0.14,11.23,3.71,0.159,-0.00032,454.25,7.8,,,
STR_M69,STR,1980s,-0.14,11.23,3.71,0.159,-0.00032,454.25,7.8,2.39,0.033,0.0024
STR_M70,STR,1980s,-0.4,11.23,3.71,0.159,-0.00032,454.25,7.8,,,
STR_M71,STR,1980s,-0.4,11.23,3.71,0.159,-0.00032,454.25,7.8,,,
STR_M72,STR,1980s,-0.4,11.23,3.71,0.159,-0.00032,454.25,7.8,,,
STR_M73,STR,1980s,-0.66,11.3,3.71,0.159,-0.00032,454.25,7.8,,,
JYR_M001,JYR,1990s,-4.53,28.0,18.61,0.143,-0.00628,164.65,1.63,0.88,0.035,0.0035
JYR_M002,JYR,1990s,-4.53,28.0,18.61,0.143,-0.00627,164.65,1.63,0.8,0.034,0.0034
JYR_M003,JYR,1990s,-4.6,27.93,18.61,0.143,-0.00627,164.65,1.63,0.65,0.023,0.0023
JYR_M004,JYR,1990s,-4.53,28.0,18.61,0.143,-0.00627,164.65,1.63,0.75,0.025,0.0025
JYR_M005,JYR,1990s,-4.6,27.93,18.61,0.143,-0.00627,164.65,1.63,1.2,0.036,0.0036
JYR_M006,JYR,1990s,-4.6,27.93,18.61,0.143,-0.00627,164.65,1.63,0.38,0.011,0.0011
JYR_M007,JYR,1990s,-4.24,28.0,18.61,0.143,-0.0063,164.65,1.63,0.76,0.018,0.0018
JYR_M008,JYR,1990s,-4.24,28.0,18.61,0.143,-0.00628,164.65,1.63,0.7,0.017,0.0017
JYR_M009,JYR,1990s,-4.3,27.85,18.61,0.143,-0.00626,164.65,1.63,0.92,0.028,0.0028
JYR_M010,JYR,1990s,-4.3,27.85,18.61,0.143,-0.00626,164.65,1.63,0.87,0.018,0.0018
JYR_M011,JYR,1990s,-4.5,26.82,18.61,0.143,-0.00604,164.65,1.63,1.56,0.015,0.0015
JYR_M012,JYR,1990s,-4.51,26.91,18.61,0.143,-0.00599,164.65,1.63,1.24,0.01,0.001
JYR_M013,JYR,1990s,-4.52,26.76,18.61,0.143,-0.00594,164.65,1.63,0.71,0.023,0.0023
JYR_M019,JYR,1990s,-3.39,25.88,18.61,0.143,-0.00493,164.65,1.63,0.47,0.012,0.0012
JYR_M020,JYR,1990s,-3.39,25.88,18.61,0.143,-0.00492,164.65,1.63,0.38,0.009,0.0009
JYR_M021,JYR,1990s,-3.43,25.89,18.61,0.143,-0.00491,164.65,1.63,0.94,0.027,0.0027
JYR_M022,JYR,1990s,-3.43,25.89,18.61,0.143,-0.0049,164.65,1.63,0.37,0.011,0.0011
JYR_M023,JYR,1990s,-3.43,25.89,18.61,0.143,-0.00488,164.65,1.63,0.61,0.021,0.0021
JYR_M024,JYR,1990s,-3.49,25.91,18.61,0.143,-0.00485,164.65,1.63,1.64,0.042,0.0042
JYR_M025,JYR,1990s,-3.49,25.91,18.61,0.143,-0.00484,164.65,1.63,1.0,0.027,0.0027
JYR_M026,JYR,1990s,-3.53,25.84,18.61,0.143,-0.00483,164.65,1.63,0.85,0.026,0.0026
JYR_M027,JYR,1990s,-3.53,25.84,18.61,0.143,-0.00482,164.65,1.63,0.67,0.024,0.0024
JYR_M028,JYR,1990s,-3.53,25.84,18.61,0.143,-0.00482,164.65,1.63,0.61,0.017,0.0017
JYR_M029,JYR,1990s,-3.54,26.09,18.61,0.143,-0.00481,164.65,1.63,1.14,0.029,0.0029
JYR_M030,JYR,1990s,-3.54,26.09,18.61,0.143,-0.00481,164.65,1.63,0.36,0.009,0.0009
JYR_M035,JYR,1990s,-3.57,26.19,18.61,0.143,-0.00478,164.65,1.63,0.48,0.014,0.0014
JYR_M036,JYR,1990s,-3.51,26.11,18.61,0.143,-0.00476,164.65,1.63,0.62,0.017,0.0017
JYR_M037,JYR,1990s,-3.51,26.11,18.61,0.143,-0.00476,164.65,1.63,0.45,0.011,0.0011
JYR_M038,JYR,1990s,-3.53,26.12,18.61,0.143,-0.00475,164.65,1.63,0.81,0.021,0.0021
JYR_M039,JYR,1990s,-3.53,26.12,18.61,0.143,-0.00474,164.65,1.63,0.51,0.014,0.0014
JYR_M045,JYR,1990s,-3.43,26.05,18.61,0.143,-0.0047,164.65,1.63,0.68,0.019,0.0019
JYR_M046,JYR,1990s,-3.43,26.05,18.61,0.143,-0.00469,164.65,1.63,0.64,0.017,0.0017
JYR_M047,JYR,1990s,-3.43,26.05,18.61,0.143,-0.00469,164.65,1.63,0.15,0.004,0.0004
JYR_M048,JYR,1990s,-3.43,26.05,18.61,0.143,-0.00468,164.65,1.63,0.47,0.014,0.0014
JYR_M049,JYR,1990s,-3.41,25.97,18.61,0.143,-0.00467,164.65,1.63,0.92,0.028,0.0028
JYR_M050,JYR,1990s,-3.41,25.97,18.61,0.143,-0.00467,164.65,1.63,0.49,0.015,0.0015
JYR_M051,JYR,1990s,-3.41,25.97,18.61,0.143,-0.00466,164.65,1.63,0.87,0.03,0.003
JYR_M052,JYR,1990s,-3.41,25.97,18.61,0.143,-0.00466,164.65,1.63,0.42,0.012,0.0012
JYR_M053,JYR,1990s,-3.41,25.97,18.61,0.143,-0.00465,164.65,1.63,0.36,0.012,0.0012
JYR_M054,JYR,1990s,-3.41,25.97,18.61,0.143,-0.00465,164.65,1.63,0.53,0.017,0.0017
JYR_M055,JYR,1990s,-3.38,25.98,18.61,0.143,-0.00464,164.65,1.63,0.86,0.025,0.0025
JYR_M056,JYR,1990s,-3.38,25.98,18.61,0.143,-0.00464,164.65,1.63,0.58,0.016,0.0016
JYR_M057,JYR,1990s,-3.38,25.98,18.61,0.143,-0.00463,164.65,1.63,0.27,0.008,0.0008
JYR_M058,JYR,1990s,-3.38,25.98,18.61,0.143,-0.00463,164.65,1.63,0.7,0.021,0.0021
JYR_M059,JYR,1990s,-3.38,25.98,18.61,0.143,-0.00462,164.65,1.63,0.55,0.016,0.0016
JYR_M060,JYR,1990s,-3.38,25.98,18.61,0.143,-0.00462,164.65,1.63,0.43,0.012,0.0012
JYR_M061,JYR,1990s,-3.49,25.66,18.61,0.143,-0.00462,164.65,1.63,1.05,0.032,0.0032
JYR_M062,JYR,1990s,-3.49,25.66,18.61,0.143,-0.00461,164.65,1.63,0.71,0.02,0.002
JYR_M063,JYR,1990s,-3.49,25.66,18.61,0.143,-0.00461,164.65,1.63,0.64,0.021,0.0021
JYR_M064,JYR,1990s,-3.3,25.58,18.61,0.143,-0.0046,164.65,1.63,0.28,0.007,0.0007
JYR_M065,JYR,1990s,-3.3,25.58,18.61,0.143,-0.00459,164.65,1.63,0.1,0.003,0.0003
JYR_M066,JYR,1990s,-3.31,25.43,18.61,0.143,-0.00459,164.65,1.63,0.38,0.012,0.0012
JYR_M067,JYR,1990s,-3.31,25.43,18.61,0.143,-0.00459,164.65,1.63,0.77,0.017,0.0017
JYR_M070,JYR,1990s,-3.17,25.27,18.61,0.143,-0.00454,164.65,1.63,0.69,0.015,0.0015
JYR_M071,JYR,1990s,-3.15,25.27,18.61,0.143,-0.00453,164.65,1.63,0.63,0.013,0.0013
JYR_M072,JYR,1990s,-3.15,25.27,18.61,0.143,-0.00453,164.65,1.63,0.32,0.01,0.001
JYR_M073,JYR,1990s,-3.15,25.27,18.61,0.143,-0.00452,164.65,1.63,0.4,0.013,0.0013
JYR_M076,JYR,1990s,-2.94,24.95,18.61,0.143,-0.00424,164.65,1.63,0.6,0.017,0.0017
JYR_M077,JYR,1990s,-2.89,24.89,18.61,0.143,-0.0042,164.65,1.63,0.24,0.007,0.0007
JYR_M083,JYR,1990s,-2.74,24.84,18.61,0.143,-0.00414,164.65,1.63,0.32,0.011,0.0011
JYR_M084,JYR,1990s,-2.67,24.58,18.61,0.143,-0.00413,164.65,1.63,0.33,0.012,0.0012
JYR_M085,JYR,1990s,-2.67,24.58,18.61,0.143,-0.00412,164.65,1.63,0.56,0.017,0.0017
JYR_M086,JYR,1990s,-2.7,24.58,18.61,0.143,-0.00412,164.65,1.63,0.17,0.005,0.0005
JYR_M087,JYR,1990s,-2.7,24.58,18.61,0.143,-0.00412,164.65,1.63,0.09,0.004,0.0004
JYR_M088,JYR,1990s,-2.7,24.58,18.61,0.143,-0.00411,164.65,1.63,0.6,0.02,0.002
JYR_M089,JYR,1990s,-2.7,24.58,18.61,0.143,-0.00411,164.65,1.63,0.24,0.009,0.0009
JYR_M093,JYR,1990s,-2.62,24.35,18.61,0.143,-0.00406,164.65,1.63,0.38,0.014,0.0014
JYR_M094,JYR,1990s,-2.62,24.35,18.61,0.143,-0.00405,164.65,1.63,0.65,0.024,0.0024
JYR_M095,JYR,1990s,-2.64,24.35,18.61,0.143,-0.00404,164.65,1.63,0.59,0.024,0.0024
JYR_M096,JYR,1990s,-2.51,24.26,18.61,0.143,-0.00403,164.65,1.63,0.75,0.023,0.0023
JYR_M097,JYR,1990s,-2.52,24.18,18.61,0.143,-0.00403,164.65,1.63,0.43,0.016,0.0016
JYR_M098,JYR,1990s,-2.58,24.02,18.61,0.143,-0.004,164.65,1.63,0.6,0.016,0.0016
JYR_M099,JYR,1990s,-2.45,23.93,18.61,0.143,-0.00399,164.65,1.63,0.76,0.022,0.0022
JYR_M100,JYR,1990s,-2.45,23.93,18.61,0.143,-0.00399,164.65,1.63,0.28,0.012,0.0012
JYR_M101,JYR,1990s,-2.41,23.93,18.61,0.143,-0.00398,164.65,1.63,0.36,0.011,0.0011
JYR_M102,JYR,1990s,-2.41,23.93,18.61,0.143,-0.00398,164.65,1.63,0.73,0.02,0.002
JYR_M103,JYR,1990s,-2.41,23.93,18.61,0.143,-0.00397,164.65,1.63,0.27,0.007,0.0007
YTR_M001,YTR,1990s,-2.36,23.86,18.61,0.143,-0.00396,164.65,1.63,1.24,0.03,0.0038
YTR_M002,YTR,1990s,-2.15,24.22,18.61,0.143,-0.00386,164.65,1.63,2.29,0.058,0.0058
YTR_M003,YTR,1990s,-2.11,24.23,18.61,0.143,-0.00385,164.65,1.63,1.6,0.045,0.0045
YTR_M004,YTR,1990s,-2.11,24.23,18.61,0.143,-0.00385,164.65,1.63,1.12,0.039,0.0039
YTR_M005,YTR,1990s,-2.11,24.23,18.61,0.143,-0.00384,164.65,1.63,1.48,0.041,0.0041
YTR_M006,YTR,1990s,-2.11,24.23,18.61,0.143,-0.00384,164.65,1.63,1.43,0.041,0.0041
YTR_M007,YTR,1990s,-2.09,24.22,18.61,0.143,-0.00384,164.65,1.63,0.54,0.015,0.0015
YTR_M008,YTR,1990s,-2.09,24.22,18.61,0.143,-0.00383,164.65,1.63,1.24,0.041,0.0041
YTR_M009,YTR,1990s,-2.09,24.22,18.61,0.143,-0.00383,164.65,1.63,1.27,0.046,0.0058
YTR_M010,YTR,1990s,-2.05,24.24,18.61,0.143,-0.00383,164.65,1.63,,,
YTR_M011,YTR,1990s,-2.05,24.24,18.61,0.143,-0.00382,164.65,1.63,,,
YTR_M012,YTR,1990s,-2.05,24.24,18.61,0.143,-0.00382,164.65,1.63,8.25,0.218,0.0218
YTR_M013,YTR,1990s,-2.05,24.24,18.61,0.143,-0.00382,164.65,1.63,1.77,0.044,0.0044
YTR_M014,YTR,1990s,-2.05,24.24,18.61,0.143,-0.00383,164.65,1.63,1.5,0.045,0.0045
YTR_M015,YTR,1990s,-2.05,24.24,18.61,0.143,-0.00382,164.65,1.63,2.65,0.061,0.0061
YTR_M016,YTR,1990s,-2.0,24.34,18.61,0.143,-0.00379,164.65,1.63,3.75,0.089,0.0089
YTR_M017,YTR,1990s,-1.97,24.17,18.61,0.143,-0.00378,164.65,1.63,4.82,0.106,0.0106
YTR_M018,YTR,1990s,-1.95,24.25,18.61,0.143,-0.00377,164.65,1.63,2.47,0.068,0.0068
YTR_M019,YTR,1990s,-1.91,24.1,18.61,0.143,-0.00377,164.65,1.63,0.95,0.024,0.0024
YTR_M020,YTR,1990s,-1.91,24.1,18.61,0.143,-0.00377,164.65,1.63,1.28,0.022,0.0022
YTR_M021,YTR,1990s,-1.94,24.34,18.61,0.143,-0.00377,164.65,1.63,3.05,0.051,0.0051
YTR_M022,YTR,1990s,-1.94,24.34,18.61,0.143,-0.00376,164.65,1.63,1.29,0.044,0.0044
YTR_M024,YTR,1990s,-1.93,24.44,18.61,0.143,-0.00377,164.65,1.63,0.97,0.023,0.0023
YTR_M025,YTR,1990s,-1.93,24.44,18.61,0.143,-0.00377,164.65,1.63,2.52,0.066,0.0084
YTR_M026,YTR,1990s,-1.93,24.68,18.61,0.143,-0.00376,164.65,1.63,1.3,0.032,0.0032
YTR_M027,YTR,1990s,-1.99,24.53,18.61,0.143,-0.00376,164.65,1.63,0.75,0.018,0.0018
YTR_M028,YTR,1990s,-1.99,24.53,18.61,0.143,-0.00375,164.65,1.63,0.33,0.01,0.001
YTR_M029,YTR,1990s,-1.95,24.61,18.61,0.143,-0.00375,164.65,1.63,0.79,0.019,0.0019
YTR_M031,YTR,1990s,-1.95,24.61,18.61,0.143,-0.00375,164.65,1.63,4.08,0.107,0.0107
YTR_M032,YTR,1990s,-1.89,24.95,18.61,0.143,-0.00374,164.65,1.63,4.32,0.083,0.0083
YTR_M033,YTR,1990s,-1.9,24.87,18.61,0.143,-0.00372,164.65,1.63,1.46,0.027,0.0027
YTR_M035,YTR,1990s,-1.98,24.96,18.61,0.143,-0.00366,164.65,1.63,0.66,0.012,0.0012
YTR_M036,YTR,1990s,-1.98,24.96,18.61,0.143,-0.00366,164.65,1.63,5.58,0.159,0.0159
YTR_M038,YTR,1990s,-1.99,24.8,18.61,0.143,-0.00364,164.65,1.63,1.6,0.014,0.0014
YTR_M039,YTR,1990s,-1.99,24.8,18.61,0.143,-0.00363,164.65,1.63,0.93,0.014,0.0014
YTR_M040,YTR,1990s,-1.99,24.81,18.61,0.143,-0.00363,164.65,1.63,5.0,0.065,0.0065
YTR_M042,YTR,1990s,-1.99,24.91,18.61,0.143,-0.00361,164.65,1.63,1.24,0.032,0.0032
YTR_M045,YTR,1990s,-1.97,25.09,18.61,0.143,-0.00358,164.65,1.63,1.12,0.003,0.0004
YTR_M046,YTR,1990s,-1.94,24.93,18.61,0.143,-0.00357,164.65,1.63,2.14,0.049,0.0062
YTR_M047,YTR,1990s,-1.94,24.93,18.61,0.143,-0.00356,164.65,1.63,1.4,0.027,0.0027
YTR_M048,YTR,1990s,-1.87,24.93,18.61,0.143,-0.00352,164.65,1.63,2.87,0.067,0.0067
YTR_M049,YTR,1990s,-1.87,24.93,18.61,0.143,-0.00352,164.65,1.63,0.63,0.012,0.0012
YTR_M051,YTR,1990s,-1.72,25.1,18.61,0.143,-0.00351,164.65,1.63,0.82,0.018,0.0018
YTR_M052,YTR,1990s,-1.72,25.1,18.61,0.143,-0.00349,164.65,1.63,0.97,0.023,0.0023
YTR_M053,YTR,1990s,-1.68,25.1,18.61,0.143,-0.00348,164.65,1.63,,,
YTR_M054,YTR,1990s,-1.6,24.78,18.61,0.143,-0.00346,164.65,1.63,1.95,0.048,0.0048
YTR_M055,YTR,1990s,-1.54,25.1,18.61,0.143,-0.00345,164.65,1.63,1.05,0.019,0.0019
YTR_M056,YTR,1990s,-1.54,25.1,18.61,0.143,-0.00344,164.65,1.63,0.62,0.011,0.0011
YTR_M057,YTR,1990s,-1.48,25.1,18.61,0.143,-0.00344,164.65,1.63,1.82,0.03,0.003
YTR_M058,YTR,1990s,-1.44,25.03,18.61,0.143,-0.00341,164.65,1.63,0.78,0.01,0.001
YTR_M059,YTR,1990s,-1.44,25.03,18.61,0.143,-0.00341,164.65,1.63,1.96,0.055,0.0055
YTR_M060,YTR,1990s,-1.4,24.78,18.61,0.143,-0.0034,164.65,1.63,1.78,0.021,0.0021
YTR_M061,YTR,1990s,-1.4,24.79,18.61,0.143,-0.00338,164.65,1.63,1.08,0.017,0.0017
YTR_M062,YTR,1990s,-1.4,24.79,18.61,0.143,-0.00338,164.65,1.63,3.17,0.05,0.005
YTR_M063,YTR,1990s,-1.35,24.8,18.61,0.143,-0.00337,164.65,1.63,1.08,0.014,0.0014
YTR_M064,YTR,1990s,-1.34,24.72,18.61,0.143,-0.00335,164.65,1.63,4.59,0.077,0.0077
YTR_M065,YTR,1990s,-1.3,24.73,18.61,0.143,-0.00333,164.65,1.63,0.35,0.006,0.0006
YTR_M066,YTR,1990s,-1.28,24.73,18.61,0.143,-0.00331,164.65,1.63,2.33,0.046,0.0046
YTR_M067,YTR,1990s,-1.28,24.73,18.61,0.143,-0.00331,164.65,1.63,1.01,0.018,0.0018
YTR_M068,YTR,1990s,-1.28,24.81,18.61,0.143,-0.00329,164.65,1.63,3.94,0.065,0.0065
YTR_M069,YTR,1990s,-1.28,24.66,18.61,0.143,-0.00328,164.65,1.63,4.71,0.101,0.0101
YTR_M070,YTR,1990s,-1.25,24.91,18.61,0.143,-0.00328,164.65,1.63,4.6,0.018,0.0022
YTR_M072,YTR,1990s,-1.25,24.91,18.61,0.143,-0.00327,164.65,1.63,2.27,0.014,0.0014
YTR_M073,YTR,1990s,-1.25,24.75,18.61,0.143,-0.00326,164.65,1.63,4.79,0.018,0.0018
YTR_M074,YTR,1990s,-1.23,24.91,18.61,0.143,-0.00326,164.65,1.63,0.68,0.002,0.0002
YTR_M075,YTR,1990s,-1.19,24.83,18.61,0.143,-0.00324,164.65,1.63,4.52,0.082,0.0103
YTR_M077,YTR,1990s,-1.12,24.83,18.61,0.143,-0.00323,164.65,1.63,2.88,0.066,0.0066
YTR_M078,YTR,1990s,-1.12,24.83,18.61,0.143,-0.00323,164.65,1.63,1.09,0.02,0.0025
YTR_M080,YTR,1990s,-1.13,24.84,18.61,0.143,-0.00321,164.65,1.63,3.79,0.081,0.0081
YTR_M081,YTR,1990s,-1.05,24.94,18.61,0.143,-0.00319,164.65,1.63,6.44,0.112,0.0112
YTR_M082,YTR,1990s,-1.05,24.94,18.61,0.143,-0.00319,164.65,1.63,3.1,0.061,0.0061
YTR_M083,YTR,1990s,-1.07,24.86,18.61,0.143,-0.00318,164.65,1.63,5.07,0.077,0.0077
YTR_M084,YTR,1990s,-1.06,24.77,18.61,0.143,-0.00317,164.65,1.63,6.45,0.128,0.0128
YTR_M085,YTR,1990s,-1.1,24.69,18.61,0.143,-0.00317,164.65,1.63,1.87,0.034,0.0034
YTR_M086,YTR,1990s,-1.05,24.46,18.61,0.143,-0.00313,164.65,1.63,1.06,0.019,0.0019
YTR_M087,YTR,1990s,-1.0,24.36,18.61,0.143,-0.00312,164.65,1.63,2.64,0.068,0.0068
YTR_M089,YTR,1990s,-0.93,24.38,18.61,0.143,-0.0031,164.65,1.63,2.97,0.046,0.0072
YTR_M091,YTR,1990s,-0.87,24.37,18.61,0.143,-0.00308,164.65,1.63,1.1,0.015,0.0019
YTR_M092,YTR,1990s,-0.78,24.29,18.61,0.143,-0.00306,164.65,1.63,2.08,0.036,0.0036
YTR_M093,YTR,1990s,-0.77,24.38,18.61,0.143,-0.00306,164.65,1.63,0.95,0.017,0.0017
YTR_M094,YTR,1990s,-0.74,24.29,18.61,0.143,-0.00305,164.65,1.63,0.61,0.009,0.0009
YTR_M095,YTR,1990s,-0.7,24.21,18.61,0.143,-0.00303,164.65,1.63,0.78,0.013,0.0016
YTR_M096,YTR,1990s,-0.65,24.21,18.61,0.143,-0.00301,164.65,1.63,1.16,0.017,0.0017
YTR_M097,YTR,1990s,-0.63,24.21,18.61,0.143,-0.003,164.65,1.63,1.39,0.02,0.002
YTR_M098,YTR,1990s,-0.6,24.21,18.61,0.143,-0.00299,164.65,1.63,1.15,0.015,0.0015
YTR_M099,YTR,1990s,-0.55,24.12,18.61,0.143,-0.00298,164.65,1.63,1.49,0.016,0.0016
YTR_M100,YTR,1990s,-0.54,24.29,18.61,0.143,-0.00298,164.65,1.63,1.74,0.026,0.0026
YTR_M101,YTR,1990s,-0.49,24.12,18.61,0.143,-0.00297,164.65,1.63,0.24,0.003,0.0003
YTR_M102,YTR,1990s,-0.49,24.29,18.61,0.143,-0.00296,164.65,1.63,0.73,0.009,0.0009
YTR_M103,YTR,1990s,-0.49,24.29,18.61,0.143,-0.00296,164.65,1.63,0.9,0.014,0.0014
YTR_M104,YTR,1990s,-0.43,24.3,18.61,0.143,-0.00294,164.65,1.63,0.39,0.009,0.0009
YTR_M105,YTR,1990s,-0.43,24.3,18.61,0.143,-0.00294,164.65,1.63,0.36,0.008,0.0008
YTR_M106,YTR,1990s,-0.39,24.3,18.61,0.143,-0.00294,164.65,1.63,0.79,0.019,0.0019
YTR_M107,YTR,1990s,-0.39,24.3,18.61,0.143,-0.00293,164.65,1.63,1.02,0.022,0.0022
YTR_M108,YTR,1990s,-0.39,24.3,18.61,0.143,-0.00293,164.65,1.63,1.11,0.026,0.0033
YTR_M109,YTR,1990s,-0.27,24.45,18.61,0.143,-0.00284,164.65,1.63,1.49,0.014,0.0018
YTR_M110,YTR,1990s,-0.28,24.55,18.61,0.143,-0.00283,164.65,1.63,0.79,0.01,0.001
YTR_M113,YTR,1990s,-0.28,24.55,18.61,0.143,-0.00283,164.65,1.63,0.76,0.014,0.0014
YTR_M114,YTR,1990s,-0.28,24.55,18.61,0.143,-0.00282,164.65,1.63,0.82,0.013,0.0013
YTR_M115,YTR,1990s,-0.28,24.55,18.61,0.143,-0.00282,164.65,1.63,1.07,0.013,0.0013
YTR_M116,YTR,1990s,-0.25,24.55,18.61,0.143,-0.00281,164.65,1.63,2.61,0.032,0.0032
YTR_M117,YTR,1990s,-0.24,24.55,18.61,0.143,-0.0028,164.65,1.63,1.33,0.021,0.0021
YTR_M118,YTR,1990s,-0.24,24.55,18.61,0.143,-0.0028,164.65,1.63,1.45,0.019,0.0024
YTR_M120,YTR,1990s,-0.11,24.54,18.61,0.143,-0.00272,164.65,1.63,0.89,0.012,0.0012
YTR_M121,YTR,1990s,-0.11,24.54,18.61,0.143,-0.00271,164.65,1.63,1.06,0.021,0.0021
YTR_M122,YTR,1990s,-0.08,24.46,18.61,0.143,-0.00271,164.65,1.63,0.4,0.008,0.0008
YTR_M123,YTR,1990s,-0.08,24.46,18.61,0.143,-0.00271,164.65,1.63,1.31,0.03,0.003
YTR_M124,YTR,1990s,-0.07,24.55,18.61,0.143,-0.00269,164.65,1.63,2.88,0.036,0.0036
YTR_M131,YTR,1990s,1.03,26.25,18.61,0.143,-0.00206,164.65,1.63,0.76,0.005,0.0006
YTR_M132,YTR,1990s,1.04,26.25,18.61,0.143,-0.00205,164.65,1.63,0.59,0.004,0.0005
YTR_M133,YTR,1990s,1.06,26.02,18.61,0.143,-0.00199,164.65,1.63,0.6,0.004,0.0004
YTR_M137,YTR,1990s,1.2,27.37,18.61,0.143,-0.00173,164.65,1.63,0.82,0.008,0.0008
YTR_M138,YTR,1990s,1.22,27.49,18.61,0.143,-0.00171,164.65,1.63,1.87,0.02,0.0018
YTR_M144,YTR,1990s,1.28,26.39,18.61,0.143,-0.00162,164.65,1.63,0.62,0.005,0.0004
YTR_M145,YTR,1990s,1.32,26.29,18.61,0.143,-0.00162,164.65,1.63,0.76,0.008,0.0008
YTR_M146,YTR,1990s,1.33,25.96,18.61,0.143,-0.00162,164.65,1.63,1.22,0.012,0.0011
YTR_M147,YTR,1990s,1.4,25.96,18.61,0.143,-0.0016,164.65,1.63,1.78,0.019,0.0018
YTR_M148,YTR,1990s,1.31,26.36,18.61,0.143,-0.00161,164.65,1.63,0.68,0.008,0.0008
YTR_M151,YTR,1990s,1.4,26.22,18.61,0.143,-0.00153,164.65,1.63,1.92,0.038,0.0035
YTR_M153,YTR,1990s,1.57,26.38,18.61,0.143,-0.00153,164.65,1.63,1.47,0.019,0.0017
YTR_M154,YTR,1990s,1.57,26.29,18.61,0.143,-0.00153,164.65,1.63,1.47,0.019,0.0017
YTR_M155,YTR,1990s,1.56,26.3,18.61,0.143,-0.00153,164.65,1.63,1.8,0.024,0.0022
YTR_M156,YTR,1990s,1.56,26.3,18.61,0.143,-0.00153,164.65,1.63,2.36,0.027,0.0024
YTR_M157,YTR,1990s,1.59,25.95,18.61,0.143,-0.00151,164.65,1.63,0.77,0.008,0.0008
YTR_M158,YTR,1990s,1.57,25.79,18.61,0.143,-0.00151,164.65,1.63,0.63,0.007,0.0006
JTR_M005,JTR,1990s,-2.88,27.94,18.61,0.143,-0.00378,164.65,1.63,0.37,0.01,0.001
JTR_M006,JTR,1990s,-2.88,27.94,18.61,0.143,-0.00378,164.65,1.63,0.72,0.022,0.0022
JTR_M009,JTR,1990s,-2.59,27.77,18.61,0.143,-0.00378,164.65,1.63,0.32,0.007,0.0007
JTR_M010,JTR,1990s,-2.61,27.7,18.61,0.143,-0.00377,164.65,1.63,0.22,0.004,0.0004
JTR_M011,JTR,1990s,-2.61,27.7,18.61,0.143,-0.00377,164.65,1.63,1.03,0.019,0.0019
JTR_M012,JTR,1990s,-2.56,27.62,18.61,0.143,-0.00377,164.65,1.63,0.08,0.002,0.0002
JTR_M014,JTR,1990s,-2.55,27.35,18.61,0.143,-0.00378,164.65,1.63,0.45,0.011,0.0011
JTR_M016,JTR,1990s,-2.56,27.11,18.61,0.143,-0.00376,164.65,1.63,0.64,0.016,0.0016
JTR_M020,JTR,1990s,-2.32,26.64,18.61,0.143,-0.00368,164.65,1.63,0.58,0.011,0.0011
JTR_M022,JTR,1990s,-1.55,26.12,18.61,0.143,-0.00341,164.65,1.63,2.0,0.07,0.007
JTR_M023,JTR,1990s,-1.55,26.12,18.61,0.143,-0.00341,164.65,1.63,1.85,0.062,0.0062
JTR_M024,JTR,1990s,-1.55,26.12,18.61,0.143,-0.00341,164.65,1.63,2.41,0.076,0.0076
JTR_M025,JTR,1990s,-1.62,26.2,18.61,0.143,-0.00341,164.65,1.63,1.28,0.04,0.004
JTR_M026,JTR,1990s,-1.62,26.2,18.61,0.143,-0.00341,164.65,1.63,1.01,0.031,0.0031
JTR_M027,JTR,1990s,-1.62,26.2,18.61,0.143,-0.00341,164.65,1.63,1.56,0.055,0.0055
JTR_M028,JTR,1990s,-1.62,26.2,18.61,0.143,-0.00341,164.65,1.63,1.43,0.057,0.0057
JTR_M029,JTR,1990s,-1.47,26.38,18.61,0.143,-0.0034,164.65,1.63,1.0,0.036,0.0036
JTR_M033,JTR,1990s,-1.34,26.46,18.61,0.143,-0.00338,164.65,1.63,0.93,0.03,0.0038
JTR_M034,JTR,1990s,-1.44,26.31,18.61,0.143,-0.00337,164.65,1.63,0.83,0.026,0.0026
JTR_M035,JTR,1990s,-1.44,26.31,18.61,0.143,-0.00336,164.65,1.63,1.77,0.056,0.0071
JTR_M036,JTR,1990s,-1.17,26.89,18.61,0.143,-0.00335,164.65,1.63,1.21,0.036,0.0045
JTR_M037,JTR,1990s,-1.15,26.91,18.61,0.143,-0.00334,164.65,1.63,2.07,0.045,0.0045
JTR_M038,JTR,1990s,-1.15,26.91,18.61,0.143,-0.00333,164.65,1.63,1.61,0.045,0.0045
JTR_M039,JTR,1990s,-1.15,26.91,18.61,0.143,-0.00333,164.65,1.63,5.2,0.151,0.0151
JTR_M040,JTR,1990s,-1.17,27.06,18.61,0.143,-0.00333,164.65,1.63,4.36,0.133,0.0133
JTR_M041,JTR,1990s,-1.17,27.06,18.61,0.143,-0.00333,164.65,1.63,2.36,0.072,0.0072
JTR_M042,JTR,1990s,-1.13,27.06,18.61,0.143,-0.00332,164.65,1.63,7.51,0.189,0.0189
JTR_M046,JTR,1990s,-1.12,26.9,18.61,0.143,-0.0033,164.65,1.63,3.47,0.115,0.0115
JTR_M048,JTR,1990s,-1.12,26.9,18.61,0.143,-0.0033,164.65,1.63,1.21,0.026,0.0026
JTR_M049,JTR,1990s,-1.09,26.82,18.61,0.143,-0.00329,164.65,1.63,1.4,0.036,0.0036
JTR_M050,JTR,1990s,-1.09,26.82,18.61,0.143,-0.00328,164.65,1.63,0.88,0.021,0.0021
JTR_M051,JTR,1990s,-1.09,26.82,18.61,0.143,-0.00328,164.65,1.63,1.16,0.031,0.0031
JTR_M052,JTR,1990s,-1.08,26.74,18.61,0.143,-0.00327,164.65,1.63,2.57,0.05,0.005
JTR_M053,JTR,1990s,-1.08,26.74,18.61,0.143,-0.00327,164.65,1.63,0.75,0.017,0.0017
JTR_M054,JTR,1990s,-1.06,26.74,18.61,0.143,-0.00326,164.65,1.63,0.91,0.018,0.0018
JTR_M055,JTR,1990s,-1.06,26.74,18.61,0.143,-0.00325,164.65,1.63,0.81,0.008,0.0008
JTR_M056,JTR,1990s,-0.96,26.67,18.61,0.143,-0.00326,164.65,1.63,0.91,0.009,0.0009
JTR_M057,JTR,1990s,-0.96,26.67,18.61,0.143,-0.00325,164.65,1.63,1.24,0.025,0.0025
JTR_M059,JTR,1990s,-0.97,26.51,18.61,0.143,-0.00324,164.65,1.63,0.94,0.022,0.0022
JTR_M060,JTR,1990s,-0.97,26.51,18.61,0.143,-0.00324,164.65,1.63,0.98,0.023,0.0023
JTR_M061,JTR,1990s,-0.97,26.43,18.61,0.143,-0.00324,164.65,1.63,2.02,0.021,0.0021
JTR_M062,JTR,1990s,-0.97,26.43,18.61,0.143,-0.00323,164.65,1.63,10.65,0.124,0.0124
JTR_M063,JTR,1990s,-0.94,26.01,18.61,0.143,-0.0032,164.65,1.63,2.09,0.04,0.004
JTR_M065,JTR,1990s,-0.97,25.77,18.61,0.143,-0.00317,164.65,1.63,1.35,0.014,0.0014
JTR_M066,JTR,1990s,-0.99,25.77,18.61,0.143,-0.00317,164.65,1.63,0.77,0.015,0.0015
JTR_M067,JTR,1990s,-0.99,25.77,18.61,0.143,-0.00316,164.65,1.63,1.11,0.018,0.0018
JTR_M069,JTR,1990s,-0.98,25.77,18.61,0.143,-0.00315,164.65,1.63,1.06,0.02,0.002
JTR_M070,JTR,1990s,-0.98,25.77,18.61,0.143,-0.00315,164.65,1.63,0.57,0.013,0.0013
JTR_M071,JTR,1990s,-0.98,25.77,18.61,0.143,-0.00315,164.65,1.63,0.87,0.018,0.0018
JTR_M072,JTR,1990s,-0.99,25.77,18.61,0.143,-0.00314,164.65,1.63,0.55,0.011,0.0011
JTR_M073,JTR,1990s,-0.97,25.77,18.61,0.143,-0.00314,164.65,1.63,0.32,0.004,0.0004
JTR_M074,JTR,1990s,-0.97,25.77,18.61,0.143,-0.00313,164.65,1.63,1.12,0.011,0.0011
JTR_M084,JTR,1990s,-0.82,25.53,18.61,0.143,-0.00306,164.65,1.63,0.46,0.006,0.0006
JTR_M086,JTR,1990s,-0.82,25.53,18.61,0.143,-0.00305,164.65,1.63,0.7,0.011,0.0011
LTR_M001,LTR,1990s,-1.07,20.21,18.61,0.143,-0.00284,164.65,1.63,0.88,0.022,0.0022
LTR_M002,LTR,1990s,-1.07,20.38,18.61,0.143,-0.00284,164.65,1.63,1.83,0.03,0.003
LTR_M004,LTR,1990s,-1.07,20.38,18.61,0.143,-0.00285,164.65,1.63,1.33,0.02,0.002
LTR_M005,LTR,1990s,-1.05,20.46,18.61,0.143,-0.00285,164.65,1.63,1.14,0.028,0.0028
LTR_M006,LTR,1990s,-1.05,20.47,18.61,0.143,-0.00286,164.65,1.63,1.18,0.023,0.0023
LTR_M007,LTR,1990s,-1.05,20.47,18.61,0.143,-0.00287,164.65,1.63,0.81,0.016,0.0016
LTR_M009,LTR,1990s,-1.12,20.47,18.61,0.143,-0.00288,164.65,1.63,0.67,0.015,0.0015
LTR_M010,LTR,1990s,-1.12,20.47,18.61,0.143,-0.00288,164.65,1.63,1.31,0.028,0.0028
LTR_M011,LTR,1990s,-1.05,20.46,18.61,0.143,-0.00289,164.65,1.63,1.06,0.016,0.0016
LTR_M012,LTR,1990s,-1.05,20.46,18.61,0.143,-0.00289,164.65,1.63,1.2,0.02,0.002
LTR_M013,LTR,1990s,-1.05,20.56,18.61,0.143,-0.0029,164.65,1.63,1.54,0.019,0.0023
LTR_M014,LTR,1990s,-1.05,20.56,18.61,0.143,-0.00291,164.65,1.63,2.53,0.057,0.0057
LTR_M015,LTR,1990s,-1.04,20.72,18.61,0.143,-0.00291,164.65,1.63,1.07,0.026,0.0026
LTR_M016,LTR,1990s,-1.01,20.72,18.61,0.143,-0.00291,164.65,1.63,0.79,0.019,0.0019
LTR_M017,LTR,1990s,-1.04,20.72,18.61,0.143,-0.00291,164.65,1.63,0.43,0.011,0.0011
LTR_M018,LTR,1990s,-1.02,20.72,18.61,0.143,-0.00292,164.65,1.63,2.14,0.041,0.0041
LTR_M019,LTR,1990s,-1.05,20.72,18.61,0.143,-0.00292,164.65,1.63,0.51,0.01,0.001
LTR_M020,LTR,1990s,-1.05,20.72,18.61,0.143,-0.00293,164.65,1.63,1.07,0.023,0.0023
LTR_M021,LTR,1990s,-1.05,20.72,18.61,0.143,-0.00293,164.65,1.63,0.74,0.017,0.0017
LTR_M022,LTR,1990s,-1.06,20.8,18.61,0.143,-0.00293,164.65,1.63,1.08,0.014,0.0014
LTR_M023,LTR,1990s,-1.01,20.8,18.61,0.143,-0.00294,164.65,1.63,1.21,0.022,0.0022
LTR_M024,LTR,1990s,-1.01,20.8,18.61,0.143,-0.00294,164.65,1.63,1.07,0.021,0.0021
LTR_M025,LTR,1990s,-1.01,20.8,18.61,0.143,-0.00294,164.65,1.63,0.84,0.011,0.0011
LTR_M026,LTR,1990s,-0.99,20.98,18.61,0.143,-0.00295,164.65,1.63,0.86,0.018,0.0018
LTR_M027,LTR,1990s,-0.99,20.98,18.61,0.143,-0.00295,164.65,1.63,1.13,0.02,0.002
LTR_M028,LTR,1990s,-1.01,20.99,18.61,0.143,-0.00296,164.65,1.63,2.5,0.052,0.0052
LTR_M029,LTR,1990s,-0.96,20.98,18.61,0.143,-0.00296,164.65,1.63,1.37,0.026,0.0026
LTR_M030,LTR,1990s,-0.96,20.98,18.61,0.143,-0.00296,164.65,1.63,0.99,0.026,0.0026
LTR_M031,LTR,1990s,-0.96,20.98,18.61,0.143,-0.00296,164.65,1.63,0.75,0.018,0.0018
LTR_M032,LTR,1990s,-0.92,21.24,18.61,0.143,-0.00296,164.65,1.63,1.47,0.033,0.0033
LTR_M033,LTR,1990s,-0.92,21.24,18.61,0.143,-0.00296,164.65,1.63,1.98,0.043,0.0043
LTR_M034,LTR,1990s,-0.92,21.24,18.61,0.143,-0.00296,164.65,1.63,1.89,0.037,0.0037
LTR_M035,LTR,1990s,-0.9,21.15,18.61,0.143,-0.00296,164.65,1.63,1.17,0.019,0.0019
LTR_M036,LTR,1990s,-0.94,21.32,18.61,0.143,-0.00297,164.65,1.63,1.74,0.035,0.0035
LTR_M037,LTR,1990s,-0.94,21.32,18.61,0.143,-0.00297,164.65,1.63,1.68,0.031,0.0031
LTR_M038,LTR,1990s,-0.94,21.32,18.61,0.143,-0.00297,164.65,1.63,0.68,0.015,0.0015
LTR_M039,LTR,1990s,-0.94,21.32,18.61,0.143,-0.00297,164.65,1.63,4.35,0.092,0.0092
LTR_M040,LTR,1990s,-0.95,21.57,18.61,0.143,-0.00297,164.65,1.63,1.02,0.021,0.0021
LTR_M041,LTR,1990s,-0.95,21.57,18.61,0.143,-0.00298,164.65,1.63,1.48,0.028,0.0028
LTR_M061,LTR,1990s,-0.92,22.69,18.61,0.143,-0.00303,164.65,1.63,0.82,0.018,0.0018
LTR_M062,LTR,1990s,-0.97,22.78,18.61,0.143,-0.00303,164.65,1.63,0.65,0.015,0.0015
LTR_M063,LTR,1990s,-0.82,22.85,18.61,0.143,-0.00303,164.65,1.63,0.72,0.017,0.0017
LTR_M064,LTR,1990s,-0.82,22.85,18.61,0.143,-0.00303,164.65,1.63,0.74,0.018,0.0018
LTR_M065,LTR,1990s,-0.82,22.85,18.61,0.143,-0.00303,164.65,1.63,0.98,0.017,0.0017
LTR_M066,LTR,1990s,-0.82,22.85,18.61,0.143,-0.00303,164.65,1.63,0.42,0.007,0.0007
LTR_M067,LTR,1990s,-0.89,22.85,18.61,0.143,-0.00302,164.65,1.63,0.77,0.022,0.0022
LTR_M068,LTR,1990s,-0.89,22.85,18.61,0.143,-0.00302,164.65,1.63,1.07,0.032,0.0032
LTR_M069,LTR,1990s,-0.89,22.85,18.61,0.143,-0.00302,164.65,1.63,1.28,0.038,0.0038
LTR_M070,LTR,1990s,-0.89,22.85,18.61,0.143,-0.00302,164.65,1.63,0.61,0.017,0.0017
LTR_M071,LTR,1990s,-0.76,23.01,18.61,0.143,-0.00302,164.65,1.63,0.8,0.027,0.0027
LTR_M072,LTR,1990s,-0.76,23.01,18.61,0.143,-0.00302,164.65,1.63,0.71,0.023,0.0023
LTR_M073,LTR,1990s,-0.76,23.01,18.61,0.143,-0.00302,164.65,1.63,0.95,0.028,0.0028
LTR_M074,LTR,1990s,-0.76,23.01,18.61,0.143,-0.00302,164.65,1.63,0.79,0.024,0.0024
LTR_M075,LTR,1990s,-0.76,23.01,18.61,0.143,-0.00302,164.65,1.63,0.87,0.026,0.0026
LTR_M076,LTR,1990s,-0.76,23.01,18.61,0.143,-0.00302,164.65,1.63,0.59,0.02,0.002
LTR_M077,LTR,1990s,-0.76,23.01,18.61,0.143,-0.00302,164.65,1.63,0.86,0.033,0.0033
LTR_M078,LTR,1990s,-0.76,23.01,18.61,0.143,-0.00302,164.65,1.63,0.93,0.035,0.0035
LTR_M079,LTR,1990s,-0.76,23.01,18.61,0.143,-0.00302,164.65,1.63,0.65,0.018,0.0018
LTR_M080,LTR,1990s,-0.76,23.01,18.61,0.143,-0.00302,164.65,1.63,0.75,0.023,0.0023
LTR_M081,LTR,1990s,-0.7,23.27,18.61,0.143,-0.00302,164.65,1.63,0.44,0.014,0.0014
LTR_M082,LTR,1990s,-0.7,23.27,18.61,0.143,-0.00302,164.65,1.63,0.8,0.029,0.0029
LTR_M083,LTR,1990s,-0.7,23.27,18.61,0.143,-0.00302,164.65,1.63,1.25,0.05,0.005
LTR_M084,LTR,1990s,-0.7,23.27,18.61,0.143,-0.00301,164.65,1.63,0.95,0.032,0.0032
LTR_M085,LTR,1990s,-0.7,23.27,18.61,0.143,-0.00301,164.65,1.63,0.71,0.016,0.0016
LTR_M086,LTR,1990s,-0.7,23.27,18.61,0.143,-0.00301,164.65,1.63,0.7,0.018,0.0018
LTR_M087,LTR,1990s,-0.7,23.27,18.61,0.143,-0.00301,164.65,1.63,1.45,0.042,0.0042
LTR_M088,LTR,1990s,-0.7,23.27,18.61,0.143,-0.00301,164.65,1.63,0.65,0.023,0.0023
LTR_M089,LTR,1990s,-0.7,23.27,18.61,0.143,-0.00301,164.65,1.63,0.8,0.021,0.0021
LTR_M090,LTR,1990s,-0.68,23.36,18.61,0.143,-0.00301,164.65,1.63,0.8,0.021,0.0021
LTR_M091,LTR,1990s,-0.68,23.36,18.61,0.143,-0.00301,164.65,1.63,0.99,0.033,0.0033
LTR_M092,LTR,1990s,-0.66,23.53,18.61,0.143,-0.00301,164.65,1.63,0.84,0.025,0.0025
LTR_M093,LTR,1990s,-0.66,23.53,18.61,0.143,-0.00301,164.65,1.63,1.11,0.029,0.0029
LTR_M094,LTR,1990s,-0.66,23.53,18.61,0.143,-0.00301,164.65,1.63,1.4,0.029,0.0029
LTR_M095,LTR,1990s,-0.67,23.44,18.61,0.143,-0.00301,164.65,1.63,1.39,0.025,0.0025
LTR_M096,LTR,1990s,-0.67,23.44,18.61,0.143,-0.003,164.65,1.63,0.87,0.016,0.0016
LTR_M097,LTR,1990s,-0.67,23.44,18.61,0.143,-0.003,164.65,1.63,0.8,0.018,0.0018
LTR_M098,LTR,1990s,-0.79,23.01,18.61,0.143,-0.003,164.65,1.63,0.79,0.014,0.0014
LTR_M099,LTR,1990s,-0.75,23.27,18.61,0.143,-0.00303,164.65,1.63,0.77,0.018,0.0018
LTR_M100,LTR,1990s,-0.75,23.27,18.61,0.143,-0.00303,164.65,1.63,0.71,0.014,0.0014
LTR_M101,LTR,1990s,-0.76,23.35,18.61,0.143,-0.00303,164.65,1.63,1.32,0.027,0.0027
LTR_M102,LTR,1990s,-0.76,23.35,18.61,0.143,-0.00303,164.65,1.63,1.13,0.026,0.0026
LTR_M103,LTR,1990s,-0.76,23.35,18.61,0.143,-0.00303,164.65,1.63,1.09,0.025,0.0025
LTR_M104,LTR,1990s,-0.76,23.35,18.61,0.143,-0.00303,164.65,1.63,1.08,0.026,0.0026
LTR_M105,LTR,1990s,-0.68,23.36,18.61,0.143,-0.00302,164.65,1.63,1.2,0.031,0.0031
LTR_M106,LTR,1990s,-0.74,23.45,18.61,0.143,-0.00302,164.65,1.63,1.42,0.029,0.0029
LTR_M107,LTR,1990s,-0.66,23.53,18.61,0.143,-0.00302,164.65,1.63,0.96,0.017,0.0017
LTR_M108,LTR,1990s,-0.66,23.53,18.61,0.143,-0.00301,164.65,1.63,1.14,0.016,0.0016
LTR_M109,LTR,1990s,-0.66,23.53,18.61,0.143,-0.00301,164.65,1.63,0.94,0.017,0.0017
LTR_M110,LTR,1990s,-0.61,23.53,18.61,0.143,-0.003,164.65,1.63,0.96,0.012,0.0012
LTR_M111,LTR,1990s,-0.61,23.44,18.61,0.143,-0.00299,164.65,1.63,1.29,0.021,0.0021
LTR_M112,LTR,1990s,-0.55,23.44,18.61,0.143,-0.00298,164.65,1.63,0.86,0.013,0.0013
LTR_M113,LTR,1990s,-0.55,23.44,18.61,0.143,-0.00298,164.65,1.63,2.08,0.034,0.0034
LTR_M114,LTR,1990s,-0.49,23.44,18.61,0.143,-0.00297,164.65,1.63,1.74,0.026,0.0026
LTR_M115,LTR,1990s,-0.49,23.44,18.61,0.143,-0.00297,164.65,1.63,1.21,0.02,0.002
LTR_M116,LTR,1990s,-0.53,23.36,18.61,0.143,-0.00296,164.65,1.63,1.07,0.016,0.0016
LTR_M117,LTR,1990s,-0.4,23.45,18.61,0.143,-0.00295,164.65,1.63,1.23,0.019,0.0019
LTR_M118,LTR,1990s,-0.4,23.45,18.61,0.143,-0.00295,164.65,1.63,0.72,0.01,0.001
LTR_M119,LTR,1990s,-0.34,23.52,18.61,0.143,-0.00294,164.65,1.63,0.77,0.015,0.0015
LTR_M120,LTR,1990s,-0.33,23.61,18.61,0.143,-0.00293,164.65,1.63,1.01,0.019,0.0019
LTR_M121,LTR,1990s,-0.33,23.61,18.61,0.143,-0.00293,164.65,1.63,1.08,0.021,0.0021
LTR_M122,LTR,1990s,-0.28,23.53,18.61,0.143,-0.00293,164.65,1.63,1.15,0.017,0.0017
LTR_M123,LTR,1990s,-0.28,23.79,18.61,0.143,-0.00292,164.65,1.63,1.35,0.024,0.0024
LTR_M124,LTR,1990s,-0.28,23.79,18.61,0.143,-0.00292,164.65,1.63,1.21,0.016,0.0016
LTR_M125,LTR,1990s,-0.28,23.79,18.61,0.143,-0.00292,164.65,1.63,0.84,0.01,0.001
LTR_M126,LTR,1990s,-0.26,23.79,18.61,0.143,-0.00291,164.65,1.63,0.84,0.013,0.0013
LTR_M127,LTR,1990s,-0.26,23.88,18.61,0.143,-0.00291,164.65,1.63,0.98,0.014,0.0014
LTR_M128,LTR,1990s,-0.26,23.88,18.61,0.143,-0.0029,164.65,1.63,0.76,0.011,0.0011
RTR_M01,RTR,1990s,-0.07,29.43,18.61,0.143,-0.00272,164.65,1.63,0.25,0.006,0.0006
RTR_M02,RTR,1990s,-0.22,29.08,18.61,0.143,-0.00272,164.65,1.63,0.35,0.01,0.001
RTR_M03,RTR,1990s,-0.22,29.08,18.61,0.143,-0.00272,164.65,1.63,0.42,0.011,0.0011
RTR_M04,RTR,1990s,-0.22,29.08,18.61,0.143,-0.00272,164.65,1.63,0.36,0.011,0.0011
RTR_M05,RTR,1990s,-0.06,29.27,18.61,0.143,-0.00272,164.65,1.63,0.3,0.012,0.0012
RTR_M06,RTR,1990s,-0.06,29.27,18.61,0.143,-0.00272,164.65,1.63,0.71,0.022,0.0022
RTR_M07,RTR,1990s,-0.06,29.27,18.61,0.143,-0.00272,164.65,1.63,0.56,0.014,0.0014
RTR_M08,RTR,1990s,-0.05,29.1,18.61,0.143,-0.00272,164.65,1.63,0.47,0.012,0.0012
RTR_M09,RTR,1990s,-0.05,29.1,18.61,0.143,-0.00272,164.65,1.63,0.51,0.013,0.0013
RTR_M10,RTR,1990s,-0.05,29.1,18.61,0.143,-0.00272,164.65,1.63,0.06,0.002,0.0002
RTR_M11,RTR,1990s,-0.05,29.1,18.61,0.143,-0.00272,164.65,1.63,0.41,0.013,0.0013
RTR_M12,RTR,1990s,-0.05,29.1,18.61,0.143,-0.00272,164.65,1.63,0.37,0.013,0.0013
RTR_M13,RTR,1990s,-0.05,29.1,18.61,0.143,-0.00272,164.65,1.63,0.46,0.016,0.0016
RTR_M14,RTR,1990s,-0.06,29.1,18.61,0.143,-0.00272,164.65,1.63,0.59,0.017,0.0017
RTR_M15,RTR,1990s,-0.06,29.1,18.61,0.143,-0.00272,164.65,1.63,0.67,0.018,0.0018
RTR_M16,RTR,1990s,-0.06,29.1,18.61,0.143,-0.00272,164.65,1.63,0.63,0.015,0.0015
RTR_M17,RTR,1990s,-0.05,29.1,18.61,0.143,-0.00272,164.65,1.63,0.91,0.024,0.0024
RTR_M18,RTR,1990s,-0.1,28.61,18.61,0.143,-0.00272,164.65,1.63,0.67,0.016,0.0016
RTR_M19,RTR,1990s,-0.1,28.61,18.61,0.143,-0.00272,164.65,1.63,0.72,0.018,0.0018
RTR_M20,RTR,1990s,-0.1,28.61,18.61,0.143,-0.00272,164.65,1.63,0.56,0.016,0.0016
RTR_M21,RTR,1990s,-0.1,28.61,18.61,0.143,-0.00273,164.65,1.63,0.46,0.012,0.0012
RTR_M22,RTR,1990s,-0.07,28.93,18.61,0.143,-0.00273,164.65,1.63,0.63,0.014,0.0014
RTR_M23,RTR,1990s,-0.28,28.44,18.61,0.143,-0.00273,164.65,1.63,0.63,0.016,0.0016
RTR_M24,RTR,1990s,-0.07,28.61,18.61,0.143,-0.00273,164.65,1.63,0.98,0.014,0.0014
RTR_M25,RTR,1990s,-0.07,28.61,18.61,0.143,-0.00273,164.65,1.63,0.86,0.023,0.0023
RTR_M26,RTR,1990s,-0.07,28.61,18.61,0.143,-0.00274,164.65,1.63,0.84,0.021,0.0021
RTR_M27,RTR,1990s,-0.16,28.52,18.61,0.143,-0.00274,164.65,1.63,0.7,0.015,0.0015
RTR_M28,RTR,1990s,-0.16,28.52,18.61,0.143,-0.00274,164.65,1.63,3.6,0.069,0.0069
RTR_M29,RTR,1990s,-0.16,28.52,18.61,0.143,-0.00274,164.65,1.63,1.2,0.025,0.0025
RTR_M31,RTR,1990s,-0.17,28.02,18.61,0.143,-0.00275,164.65,1.63,0.65,0.013,0.0013
RTR_M32,RTR,1990s,-0.17,28.02,18.61,0.143,-0.00275,164.65,1.63,0.51,0.012,0.0012
RTR_M33,RTR,1990s,-0.11,28.02,18.61,0.143,-0.00275,164.65,1.63,0.79,0.017,0.0017
RTR_M34,RTR,1990s,-0.09,27.94,18.61,0.143,-0.00275,164.65,1.63,0.91,0.019,0.0019
RTR_M35,RTR,1990s,-0.09,27.94,18.61,0.143,-0.00275,164.65,1.63,0.94,0.021,0.0021
RTR_M37,RTR,1990s,-0.08,27.77,18.61,0.143,-0.00275,164.65,1.63,0.56,0.01,0.001
RTR_M38,RTR,1990s,-0.08,27.77,18.61,0.143,-0.00275,164.65,1.63,0.91,0.017,0.0017
RTR_M39,RTR,1990s,-0.15,27.17,18.61,0.143,-0.00275,164.65,1.63,0.44,0.006,0.0006
RTR_M40,RTR,1990s,-0.01,27.18,18.61,0.143,-0.00274,164.65,1.63,0.56,0.009,0.0009
RTR_M41,RTR,1990s,-0.02,27.18,18.61,0.143,-0.00274,164.65,1.63,0.9,0.016,0.0016
RTR_M42,RTR,1990s,-0.02,27.18,18.61,0.143,-0.00274,164.65,1.63,0.55,0.014,0.0014
RTR_M44,RTR,1990s,0.03,27.01,18.61,0.143,-0.00273,164.65,1.63,0.98,0.017,0.0017
RTR_M45,RTR,1990s,0.03,27.01,18.61,0.143,-0.00272,164.65,1.63,0.51,0.008,0.0008
RTR_M46,RTR,1990s,0.04,27.01,18.61,0.143,-0.00272,164.65,1.63,1.09,0.015,0.0015
RTR_M47,RTR,1990s,0.01,26.77,18.61,0.143,-0.0027,164.65,1.63,0.61,0.006,0.0006
RTR_M48,RTR,1990s,0.01,26.77,18.61,0.143,-0.00269,164.65,1.63,1.16,0.013,0.0013
RTR_M49,RTR,1990s,0.0,26.68,18.61,0.143,-0.00268,164.65,1.63,0.8,0.009,0.0009
RTR_M50,RTR,1990s,-0.04,26.61,18.61,0.143,-0.00267,164.65,1.63,0.88,0.006,0.0006
RTR_M51,RTR,1990s,-0.03,26.93,18.61,0.143,-0.00266,164.65,1.63,1.09,0.007,0.0007
RTR_M52,RTR,1990s,-0.03,26.34,18.61,0.143,-0.00264,164.65,1.63,0.44,0.003,0.0003
RTR_M53,RTR,1990s,-0.02,26.35,18.61,0.143,-0.00264,164.65,1.63,1.26,0.022,0.0022
CR_M001,CR,1990s,-0.51,20.55,18.61,0.143,-0.00248,164.65,1.63,0.85,0.021,0.0024
CR_M002,CR,1990s,-0.51,20.55,18.61,0.143,-0.00248,164.65,1.63,1.0,0.02,0.0022
CR_M003,CR,1990s,-0.51,20.55,18.61,0.143,-0.00247,164.65,1.63,0.95,0.025,0.0028
CR_M004,CR,1990s,-0.51,20.55,18.61,0.143,-0.00247,164.65,1.63,0.75,0.011,0.0012
CR_M005,CR,1990s,-0.59,20.55,18.61,0.143,-0.00247,164.65,1.63,0.76,0.017,0.0019
CR_M006,CR,1990s,-0.49,20.55,18.61,0.143,-0.00247,164.65,1.63,0.48,0.012,0.0013
CR_M007,CR,1990s,-0.49,20.55,18.61,0.143,-0.00246,164.65,1.63,0.58,0.011,0.0012
CR_M029,CR,1990s,-0.24,20.82,18.61,0.143,-0.00242,164.65,1.63,2.1,0.047,0.0052
CR_M030,CR,1990s,-0.24,20.82,18.61,0.143,-0.00242,164.65,1.63,0.87,0.02,0.0022
CR_M031,CR,1990s,-0.24,20.82,18.61,0.143,-0.00241,164.65,1.63,2.01,0.046,0.0052
CR_M032,CR,1990s,-0.2,20.66,18.61,0.143,-0.00241,164.65,1.63,0.79,0.016,0.0018
CR_M033,CR,1990s,-0.2,20.66,18.61,0.143,-0.00241,164.65,1.63,1.11,0.024,0.0026
CR_M034,CR,1990s,-0.2,20.66,18.61,0.143,-0.00241,164.65,1.63,,,
CR_M035,CR,1990s,-0.19,20.75,18.61,0.143,-0.0024,164.65,1.63,1.07,0.019,0.0021
CR_M036,CR,1990s,-0.19,20.75,18.61,0.143,-0.0024,164.65,1.63,1.58,0.045,0.005
CR_M037,CR,1990s,-0.19,20.76,18.61,0.143,-0.0024,164.65,1.63,0.71,0.013,0.0015
CR_M038,CR,1990s,-0.19,20.76,18.61,0.143,-0.00239,164.65,1.63,0.58,0.013,0.0014
CR_M039,CR,1990s,-0.19,20.76,18.61,0.143,-0.00239,164.65,1.63,1.45,0.033,0.0037
CR_M040,CR,1990s,-0.17,20.67,18.61,0.143,-0.00239,164.65,1.63,1.21,0.031,0.0034
CR_M041,CR,1990s,-0.17,20.67,18.61,0.143,-0.00239,164.65,1.63,0.94,0.02,0.0022
CR_M042,CR,1990s,-0.17,20.67,18.61,0.143,-0.00239,164.65,1.63,1.55,0.036,0.004
CR_M043,CR,1990s,-0.17,20.67,18.61,0.143,-0.00238,164.65,1.63,0.75,0.015,0.0017
CR_M044,CR,1990s,-0.17,20.67,18.61,0.143,-0.00238,164.65,1.63,1.39,0.031,0.0034
CR_M045,CR,1990s,-0.18,20.59,18.61,0.143,-0.00238,164.65,1.63,0.58,0.015,0.0016
CR_M046,CR,1990s,-0.18,20.59,18.61,0.143,-0.00238,164.65,1.63,1.37,0.031,0.0034
CR_M047,CR,1990s,-0.14,20.74,18.61,0.143,-0.00237,164.65,1.63,2.91,0.066,0.0073
CR_M048,CR,1990s,-0.14,20.67,18.61,0.143,-0.00237,164.65,1.63,0.99,0.021,0.0023
CR_M049,CR,1990s,-0.14,20.67,18.61,0.143,-0.00237,164.65,1.63,3.13,0.068,0.0076
CR_M050,CR,1990s,-0.14,20.67,18.61,0.143,-0.00237,164.65,1.63,1.58,0.044,0.0049
CR_M051,CR,1990s,-0.14,20.67,18.61,0.143,-0.00237,164.65,1.63,1.29,0.036,0.004
CR_M052,CR,1990s,-0.14,20.67,18.61,0.143,-0.00236,164.65,1.63,0.77,0.02,0.0022
CR_M053,CR,1990s,-0.15,20.58,18.61,0.143,-0.00236,164.65,1.63,1.86,0.053,0.0058
CR_M054,CR,1990s,-0.15,20.58,18.61,0.143,-0.00236,164.65,1.63,1.08,0.024,0.0027
CR_M055,CR,1990s,-0.15,20.58,18.61,0.143,-0.00236,164.65,1.63,0.96,0.022,0.0024
CR_M056,CR,1990s,-0.11,20.67,18.61,0.143,-0.00235,164.65,1.63,0.92,0.022,0.0025
CR_M057,CR,1990s,-0.11,20.67,18.61,0.143,-0.00235,164.65,1.63,0.97,0.02,0.0022
CR_M058,CR,1990s,-0.13,20.6,18.61,0.143,-0.00235,164.65,1.63,1.23,0.029,0.0033
CR_M059,CR,1990s,-0.13,20.6,18.61,0.143,-0.00235,164.65,1.63,0.87,0.025,0.0027
CR_M060,CR,1990s,-0.13,20.6,18.61,0.143,-0.00234,164.65,1.63,0.93,0.022,0.0024
CR_M061,CR,1990s,-0.13,20.6,18.61,0.143,-0.00234,164.65,1.63,0.91,0.022,0.0024
CR_M073,CR,1990s,-0.11,20.44,18.61,0.143,-0.00231,164.65,1.63,1.36,0.028,0.0031
CR_M074,CR,1990s,-0.05,20.7,18.61,0.143,-0.00231,164.65,1.63,0.75,0.014,0.0015
CR_M075,CR,1990s,-0.1,20.45,18.61,0.143,-0.00231,164.65,1.63,2.1,0.044,0.0049
CR_M076,CR,1990s,-0.1,20.45,18.61,0.143,-0.0023,164.65,1.63,0.64,0.015,0.0017
CR_M077,CR,1990s,-0.02,20.71,18.61,0.143,-0.0023,164.65,1.63,2.03,0.049,0.0068
CR_M078,CR,1990s,-0.02,20.71,18.61,0.143,-0.0023,164.65,1.63,0.46,0.01,0.0011
CR_M079,CR,1990s,0.0,20.8,18.61,0.143,-0.0023,164.65,1.63,2.07,0.04,0.0044
CR_M084,CR,1990s,0.07,20.89,18.61,0.143,-0.00227,164.65,1.63,5.55,0.116,0.0129
CR_M085,CR,1990s,0.03,20.89,18.61,0.143,-0.00226,164.65,1.63,2.07,0.04,0.0045
CR_M086,CR,1990s,0.03,20.89,18.61,0.143,-0.00226,164.65,1.63,1.54,0.031,0.0034
CR_M087,CR,1990s,-0.11,20.73,18.61,0.143,-0.00225,164.65,1.63,1.17,0.018,0.0021
CR_M088,CR,1990s,-0.11,20.73,18.61,0.143,-0.00224,164.65,1.63,1.35,0.023,0.0026
CR_M089,CR,1990s,-0.01,21.08,18.61,0.143,-0.00224,164.65,1.63,0.76,0.011,0.0012
CR_M090,CR,1990s,-0.09,20.9,18.61,0.143,-0.00224,164.65,1.63,0.72,0.012,0.0014
CR_M091,CR,1990s,-0.03,21.16,18.61,0.143,-0.00224,164.65,1.63,1.32,0.025,0.0028
CR_M092,CR,1990s,-0.03,21.16,18.61,0.143,-0.00224,164.65,1.63,0.71,0.012,0.0013
CR_M104,CR,1990s,0.8,24.41,18.61,0.143,-0.00208,164.65,1.63,1.05,0.01,0.0012
CR_M107,CR,1990s,0.88,24.83,18.61,0.143,-0.00206,164.65,1.63,1.33,0.016,0.0018
CR_M108,CR,1990s,0.91,25.0,18.61,0.143,-0.00205,164.65,1.63,0.92,0.014,0.0016
CR_M109,CR,1990s,0.91,24.92,18.61,0.143,-0.00205,164.65,1.63,1.54,0.017,0.0019
CR_M111,CR,1990s,0.92,25.16,18.61,0.143,-0.00204,164.65,1.63,0.76,0.005,0.0006
CR_M112,CR,1990s,0.92,25.16,18.61,0.143,-0.00204,164.65,1.63,1.77,0.025,0.0028
CR_M113,CR,1990s,0.93,25.17,18.61,0.143,-0.00204,164.65,1.63,1.39,0.019,0.0021
CR_M114,CR,1990s,0.94,25.16,18.61,0.143,-0.00204,164.65,1.63,1.94,0.034,0.0047
CR_M115,CR,1990s,0.94,25.34,18.61,0.143,-0.00204,164.65,1.63,1.23,0.004,0.0004
CR_M116,CR,1990s,0.98,25.69,18.61,0.143,-0.00204,164.65,1.63,1.05,0.013,0.0014
CR_M117,CR,1990s,0.97,25.53,18.61,0.143,-0.00203,164.65,1.63,1.31,0.016,0.0018
CR_M118,CR,1990s,0.98,25.68,18.61,0.143,-0.00202,164.65,1.63,1.09,0.018,0.002
CR_M119,CR,1990s,0.98,25.68,18.61,0.143,-0.00202,164.65,1.63,1.36,0.028,0.0031
CR_M120,CR,1990s,1.02,25.76,18.61,0.143,-0.00202,164.65,1.63,0.87,0.012,0.0014
CR_M121,CR,1990s,1.02,25.76,18.61,0.143,-0.00202,164.65,1.63,0.76,0.006,0.0006
CR_M122,CR,1990s,1.0,25.68,18.61,0.143,-0.00202,164.65,1.63,1.77,0.031,0.0034
CR_M123,CR,1990s,1.02,25.85,18.61,0.143,-0.00202,164.65,1.63,1.31,0.025,0.0027
CR_M124,CR,1990s,1.06,25.93,18.61,0.143,-0.00202,164.65,1.63,1.38,0.019,0.0021
PR_M001,PR,1990s,2.26,32.07,7.06,0.132,-0.00633,1550.39,252.52,3.08,0.098,0.0123
PR_M002,PR,1990s,2.26,32.07,7.06,0.132,-0.00634,1550.39,252.52,2.62,0.062,0.0062
PR_M003,PR,1990s,2.31,32.07,7.06,0.132,-0.00636,1550.39,252.52,1.66,0.048,0.0048
PR_M004,PR,1990s,2.34,32.26,7.06,0.132,-0.00637,1550.39,252.52,0.92,0.023,0.0023
PR_M005,PR,1990s,2.34,32.26,7.06,0.132,-0.00637,1550.39,252.52,3.49,0.071,0.0071
PR_M006,PR,1990s,2.28,32.06,7.06,0.132,-0.00638,1550.39,252.52,2.78,0.06,0.006
PR_M007,PR,1990s,2.28,32.06,7.06,0.132,-0.00639,1550.39,252.52,3.13,0.079,0.0079
PR_M008,PR,1990s,2.36,32.25,7.06,0.132,-0.0064,1550.39,252.52,3.61,0.078,0.0078
PR_M009,PR,1990s,2.36,32.25,7.06,0.132,-0.00641,1550.39,252.52,3.26,0.052,0.0052
PR_M010,PR,1990s,2.36,32.25,7.06,0.132,-0.00643,1550.39,252.52,1.58,0.04,0.004
PR_M011,PR,1990s,2.36,32.25,7.06,0.132,-0.00645,1550.39,252.52,1.1,0.028,0.0036
PR_M012,PR,1990s,2.36,32.5,7.06,0.132,-0.00647,1550.39,252.52,1.44,0.044,0.0055
PR_M013,PR,1990s,2.36,32.5,7.06,0.132,-0.00648,1550.39,252.52,1.61,0.032,0.0032
PR_M014,PR,1990s,2.36,32.5,7.06,0.132,-0.00648,1550.39,252.52,1.23,0.025,0.0025
PR_M015,PR,1990s,2.36,32.5,7.06,0.132,-0.00649,1550.39,252.52,3.03,0.053,0.0053
PR_M016,PR,1990s,2.33,32.4,7.06,0.132,-0.0065,1550.39,252.52,2.22,0.06,0.006
PR_M017,PR,1990s,2.33,32.4,7.06,0.132,-0.00652,1550.39,252.52,0.95,0.024,0.0024
PR_M018,PR,1990s,2.4,32.57,7.06,0.132,-0.0066,1550.39,252.52,1.0,0.022,0.0027
PR_M019,PR,1990s,2.4,32.57,7.06,0.132,-0.00661,1550.39,252.52,1.14,0.033,0.0033
PR_M020,PR,1990s,2.35,32.57,7.06,0.132,-0.00666,1550.39,252.52,0.56,0.014,0.0014
PR_M021,PR,1990s,2.35,32.57,7.06,0.132,-0.0067,1550.39,252.52,0.8,0.018,0.0018
PR_M022,PR,1990s,2.42,32.84,7.06,0.132,-0.00673,1550.39,252.52,1.55,0.04,0.004
PR_M023,PR,1990s,2.42,32.84,7.06,0.132,-0.00674,1550.39,252.52,2.32,0.051,0.0051
PR_M024,PR,1990s,2.42,32.96,7.06,0.132,-0.00675,1550.39,252.52,1.61,0.038,0.0038
PR_M025,PR,1990s,2.35,32.91,7.06,0.132,-0.00673,1550.39,252.52,1.2,0.031,0.0031
PR_M026,PR,1990s,2.35,32.91,7.06,0.132,-0.00673,1550.39,252.52,1.16,0.026,0.0026
PR_M027,PR,1990s,2.35,32.91,7.06,0.132,-0.00674,1550.39,252.52,1.58,0.036,0.0036
PR_M028,PR,1990s,2.34,33.13,7.06,0.132,-0.00675,1550.39,252.52,1.21,0.024,0.0024
PR_M029,PR,1990s,2.34,33.13,7.06,0.132,-0.00676,1550.39,252.52,1.03,0.025,0.0025
PR_M030,PR,1990s,2.34,33.13,7.06,0.132,-0.00677,1550.39,252.52,,,
PR_M031,PR,1990s,2.34,33.13,7.06,0.132,-0.00677,1550.39,252.52,1.16,0.025,0.0025
PR_M032,PR,1990s,2.39,33.28,7.06,0.132,-0.00679,1550.39,252.52,0.96,0.024,0.0024
PR_M033,PR,1990s,2.39,33.28,7.06,0.132,-0.00679,1550.39,252.52,0.84,0.019,0.0019
PR_M034,PR,1990s,2.39,33.28,7.06,0.132,-0.0068,1550.39,252.52,0.77,0.016,0.0016
PR_M035,PR,1990s,2.38,33.43,7.06,0.132,-0.00683,1550.39,252.52,1.25,0.025,0.0025
PR_M036,PR,1990s,2.38,33.43,7.06,0.132,-0.00685,1550.39,252.52,1.31,0.031,0.0031
PR_M037,PR,1990s,2.38,33.43,7.06,0.132,-0.00687,1550.39,252.52,1.43,0.032,0.0032
PR_M038,PR,1990s,2.39,33.43,7.06,0.132,-0.00689,1550.39,252.52,1.27,0.018,0.0018
PR_M039,PR,1990s,2.4,33.85,7.06,0.132,-0.0069,1550.39,252.52,0.86,0.016,0.0016
PR_M040,PR,1990s,2.4,33.85,7.06,0.132,-0.00692,1550.39,252.52,1.06,0.021,0.0021
PR_M043,PR,1990s,2.38,33.85,7.06,0.132,-0.00696,1550.39,252.52,0.99,0.023,0.0023
PR_M044,PR,1990s,2.33,33.89,7.06,0.132,-0.00698,1550.39,252.52,1.09,0.02,0.002
PR_M045,PR,1990s,2.33,33.89,7.06,0.132,-0.00699,1550.39,252.52,0.81,0.016,0.0016
PR_M046,PR,1990s,2.39,34.05,7.06,0.132,-0.00703,1550.39,252.52,0.96,0.019,0.0019
PR_M047,PR,1990s,2.38,34.05,7.06,0.132,-0.00705,1550.39,252.52,0.67,0.013,0.0013
PR_M048,PR,1990s,2.38,34.05,7.06,0.132,-0.00707,1550.39,252.52,0.77,0.016,0.0016
PR_M049,PR,1990s,2.37,34.19,7.06,0.132,-0.00711,1550.39,252.52,0.83,0.016,0.0016
PR_M050,PR,1990s,2.42,34.3,7.06,0.132,-0.00717,1550.39,252.52,0.74,0.014,0.0014
PR_M051,PR,1990s,2.42,34.55,7.06,0.132,-0.00718,1550.39,252.52,1.33,0.024,0.0024
PR_M052,PR,1990s,2.43,34.55,7.06,0.132,-0.00722,1550.39,252.52,3.04,0.047,0.0047
PR_M053,PR,1990s,2.44,34.62,7.06,0.132,-0.00726,1550.39,252.52,0.92,0.015,0.0015
PR_M054,PR,1990s,2.44,34.75,7.06,0.132,-0.00726,1550.39,252.52,2.0,0.032,0.0032
PR_M055,PR,1990s,2.28,34.98,7.06,0.132,-0.00715,1550.39,252.52,2.48,0.045,0.0045
PR_M056,PR,1990s,2.38,35.39,7.06,0.132,-0.00714,1550.39,252.52,1.19,0.031,0.0031
PR_M057,PR,1990s,2.38,35.39,7.06,0.132,-0.00713,1550.39,252.52,1.19,0.027,0.0027
PR_M058,PR,1990s,2.38,35.39,7.06,0.132,-0.00712,1550.39,252.52,0.63,0.015,0.0015
PR_M060,PR,1990s,2.52,37.53,7.06,0.132,-0.00635,1550.39,252.52,1.46,0.021,0.0021
PR_M062,PR,1990s,2.54,37.62,7.06,0.132,-0.00631,1550.39,252.52,1.99,0.032,0.0032
PR_M063,PR,1990s,2.54,37.62,7.06,0.132,-0.00629,1550.39,252.52,2.09,0.032,0.0032
PR_M064,PR,1990s,2.54,37.62,7.06,0.132,-0.00628,1550.39,252.52,4.92,0.09,0.009
PR_M066,PR,1990s,2.6,37.72,7.06,0.132,-0.00617,1550.39,252.52,0.75,0.011,0.0014
PR_M067,PR,1990s,2.61,37.72,7.06,0.132,-0.00614,1550.39,252.52,0.82,0.012,0.0012
PR_M068,PR,1990s,2.61,37.73,7.06,0.132,-0.00609,1550.39,252.52,1.08,0.019,0.0019
PR_M069,PR,1990s,2.65,37.94,7.06,0.132,-0.00605,1550.39,252.52,0.89,0.014,0.0014
PR_M070,PR,1990s,2.64,37.73,7.06,0.132,-0.00601,1550.39,252.52,0.86,0.012,0.0012
PR_M071,PR,1990s,2.65,37.73,7.06,0.132,-0.00598,1550.39,252.52,0.74,0.011,0.0011
PR_M072,PR,1990s,2.65,37.73,7.06,0.132,-0.00595,1550.39,252.52,0.81,0.011,0.0011
PR_M073,PR,1990s,2.65,37.83,7.06,0.132,-0.00592,1550.39,252.52,0.78,0.013,0.0013
PR_M074,PR,1990s,2.64,37.91,7.06,0.132,-0.00588,1550.39,252.52,1.6,0.016,0.0016
PR_M077,PR,1990s,2.67,38.24,7.06,0.132,-0.00573,1550.39,252.52,1.27,0.013,0.0013
PR_M078,PR,1990s,2.67,38.24,7.06,0.132,-0.00569,1550.39,252.52,,,
PR_M079,PR,1990s,2.68,38.08,7.06,0.132,-0.00566,1550.39,252.52,0.88,0.008,0.0008
PR_M080,PR,1990s,2.68,38.31,7.06,0.132,-0.00553,1550.39,252.52,0.94,0.008,0.0008
PR_M081,PR,1990s,2.68,38.31,7.06,0.132,-0.00551,1550.39,252.52,1.16,0.017,0.0017
PR_M082,PR,1990s,2.66,38.31,7.06,0.132,-0.00549,1550.39,252.52,1.13,0.016,0.0016
PR_M083,PR,1990s,2.66,38.31,7.06,0.132,-0.00548,1550.39,252.52,0.95,0.015,0.0015
PR_M084,PR,1990s,2.7,39.49,7.06,0.132,-0.00462,1550.39,252.52,0.67,0.009,0.0009
PR_M088,PR,1990s,2.7,40.14,7.06,0.132,-0.00438,1550.39,252.52,1.65,0.021,0.0021
PR_M089,PR,1990s,2.71,40.14,7.06,0.132,-0.00437,1550.39,252.52,0.98,0.01,0.001
PR_M091,PR,1990s,2.73,40.09,7.06,0.132,-0.00433,1550.39,252.52,1.92,0.031,0.0031
PR_M092,PR,1990s,2.74,40.11,7.06,0.132,-0.0043,1550.39,252.52,4.24,0.051,0.0051
PR_M093,PR,1990s,2.74,40.11,7.06,0.132,-0.00429,1550.39,252.52,1.04,0.012,0.0012
GTR_M01,GTR,1990s,0.97,13.33,3.99,0.151,-0.00228,505.96,24.26,4.6,0.052,0.0052
GTR_M02,GTR,1990s,0.95,12.94,3.99,0.151,-0.00227,505.96,24.26,0.74,0.008,0.0008
GTR_M03,GTR,1990s,0.95,12.94,3.99,0.151,-0.00227,505.96,24.26,1.98,0.018,0.0018
GTR_M04,GTR,1990s,1.04,12.99,3.99,0.151,-0.00227,505.96,24.26,1.53,0.012,0.0012
GTR_M05,GTR,1990s,0.96,12.93,3.99,0.151,-0.00227,505.96,24.26,2.73,0.028,0.0028
GTR_M06,GTR,1990s,0.96,12.93,3.99,0.151,-0.00226,505.96,24.26,2.47,0.038,0.0038
GTR_M07,GTR,1990s,1.05,12.93,3.99,0.151,-0.00226,505.96,24.26,1.0,0.006,0.0006
GTR_M08,GTR,1990s,1.02,12.72,3.99,0.151,-0.00225,505.96,24.26,1.66,0.008,0.0008
GTR_M09,GTR,1990s,1.02,12.72,3.99,0.151,-0.00225,505.96,24.26,4.01,0.042,0.0042
GTR_M10,GTR,1990s,1.09,12.59,3.99,0.151,-0.00224,505.96,24.26,3.08,0.035,0.0035
GTR_M11,GTR,1990s,1.12,12.66,3.99,0.151,-0.00223,505.96,24.26,2.3,0.029,0.0029
GTR_M12,GTR,1990s,1.1,12.44,3.99,0.151,-0.00223,505.96,24.26,2.74,0.034,0.0034
GTR_M13,GTR,1990s,1.1,12.44,3.99,0.151,-0.00223,505.96,24.26,1.39,0.021,0.0021
GTR_M14,GTR,1990s,1.1,12.44,3.99,0.151,-0.00223,505.96,24.26,1.54,0.019,0.0019
GTR_M15,GTR,1990s,1.07,12.44,3.99,0.151,-0.00223,505.96,24.26,1.05,0.017,0.0017
GTR_M16,GTR,1990s,1.03,12.44,3.99,0.151,-0.00222,505.96,24.26,1.17,0.018,0.0018
GTR_M17,GTR,1990s,1.03,12.44,3.99,0.151,-0.00221,505.96,24.26,1.34,0.02,0.002
GTR_M18,GTR,1990s,1.03,12.44,3.99,0.151,-0.00221,505.96,24.26,1.44,0.019,0.0019
GTR_M19,GTR,1990s,1.02,12.07,3.99,0.151,-0.00221,505.96,24.26,2.18,0.016,0.0016
GTR_M20,GTR,1990s,1.01,11.97,3.99,0.151,-0.0022,505.96,24.26,2.7,0.026,0.0026
GTR_M21,GTR,1990s,1.01,11.97,3.99,0.151,-0.0022,505.96,24.26,1.36,0.01,0.001
GTR_M22,GTR,1990s,1.06,11.69,3.99,0.151,-0.00218,505.96,24.26,0.56,0.004,0.0004
GTR_M23,GTR,1990s,1.09,11.63,3.99,0.151,-0.00217,505.96,24.26,1.92,0.012,0.0012
GTR_M24,GTR,1990s,1.09,11.63,3.99,0.151,-0.00216,505.96,24.26,1.27,0.009,0.0009
GTR_M25,GTR,1990s,1.08,11.54,3.99,0.151,-0.00216,505.96,24.26,1.67,0.008,0.0008
GTR_M26,GTR,1990s,1.02,11.54,3.99,0.151,-0.00215,505.96,24.26,2.29,0.012,0.0012
GTR_M27,GTR,1990s,0.97,11.61,3.99,0.151,-0.00215,505.96,24.26,3.3,0.028,0.0028
GTR_M28,GTR,1990s,0.97,11.61,3.99,0.151,-0.00214,505.96,24.26,1.64,0.011,0.0011
GTR_M29,GTR,1990s,0.94,11.6,3.99,0.151,-0.00214,505.96,24.26,1.7,0.014,0.0014
GTR_M30,GTR,1990s,0.94,11.6,3.99,0.151,-0.00214,505.96,24.26,1.75,0.014,0.0014
GTR_M31,GTR,1990s,0.94,11.6,3.99,0.151,-0.00214,505.96,24.26,2.01,0.021,0.0021
GTR_M33,GTR,1990s,0.89,11.6,3.99,0.151,-0.00213,505.96,24.26,1.53,0.014,0.0014
STR_M01,STR,1990s,0.61,7.44,3.99,0.151,-0.00201,505.96,24.26,0.65,0.015,0.0015
STR_M02,STR,1990s,0.6,7.51,3.99,0.151,-0.00201,505.96,24.26,0.94,0.024,0.0024
STR_M03,STR,1990s,0.6,7.51,3.99,0.151,-0.002,505.96,24.26,1.01,0.024,0.0024
STR_M04,STR,1990s,0.52,7.51,3.99,0.151,-0.002,505.96,24.26,0.94,0.02,0.002
STR_M14,STR,1990s,0.55,7.52,3.99,0.151,-0.00198,505.96,24.26,,,
STR_M15,STR,1990s,0.53,7.58,3.99,0.151,-0.00197,505.96,24.26,2.43,0.028,0.0028
STR_M16,STR,1990s,0.53,7.58,3.99,0.151,-0.00197,505.96,24.26,1.26,0.019,0.0019
STR_M17,STR,1990s,0.55,7.58,3.99,0.151,-0.00197,505.96,24.26,1.77,0.026,0.0026
STR_M19,STR,1990s,0.55,7.58,3.99,0.151,-0.00197,505.96,24.26,1.06,0.013,0.0013
STR_M21,STR,1990s,0.55,7.89,3.99,0.151,-0.00197,505.96,24.26,0.92,0.014,0.0014
STR_M22,STR,1990s,0.55,7.89,3.99,0.151,-0.00197,505.96,24.26,1.84,0.024,0.0024
STR_M23,STR,1990s,0.57,7.89,3.99,0.151,-0.00197,505.96,24.26,0.43,0.005,0.0005
STR_M24,STR,1990s,0.58,7.95,3.99,0.151,-0.00197,505.96,24.26,1.24,0.017,0.0017
STR_M25,STR,1990s,0.58,7.95,3.99,0.151,-0.00197,505.96,24.26,1.26,0.023,0.0023
STR_M26,STR,1990s,0.58,7.95,3.99,0.151,-0.00197,505.96,24.26,1.16,0.022,0.0022
STR_M27,STR,1990s,0.58,8.15,3.99,0.151,-0.00196,505.96,24.26,1.71,0.022,0.0022
STR_M28,STR,1990s,0.58,8.15,3.99,0.151,-0.00196,505.96,24.26,1.28,0.023,0.0023
STR_M29,STR,1990s,0.58,8.15,3.99,0.151,-0.00196,505.96,24.26,1.42,0.024,0.0024
STR_M30,STR,1990s,0.58,8.15,3.99,0.151,-0.00196,505.96,24.26,1.04,0.017,0.0017
STR_M31,STR,1990s,0.6,8.19,3.99,0.151,-0.00196,505.96,24.26,1.02,0.018,0.0018
STR_M32,STR,1990s,0.6,8.19,3.99,0.151,-0.00196,505.96,24.26,2.03,0.037,0.0046
STR_M33,STR,1990s,0.6,8.19,3.99,0.151,-0.00196,505.96,24.26,1.31,0.021,0.0021
STR_M34,STR,1990s,0.6,8.28,3.99,0.151,-0.00196,505.96,24.26,3.98,0.067,0.0067
STR_M35,STR,1990s,0.6,8.28,3.99,0.151,-0.00196,505.96,24.26,3.03,0.064,0.0064
STR_M36,STR,1990s,0.6,8.28,3.99,0.151,-0.00196,505.96,24.26,1.5,0.028,0.0035
STR_M37,STR,1990s,0.6,8.28,3.99,0.151,-0.00196,505.96,24.26,1.12,0.021,0.0021
STR_M51,STR,1990s,0.77,9.04,3.99,0.151,-0.00195,505.96,24.26,1.24,0.023,0.0023
STR_M52,STR,1990s,0.77,9.04,3.99,0.151,-0.00195,505.96,24.26,1.45,0.025,0.0025
STR_M53,STR,1990s,0.77,9.04,3.99,0.151,-0.00195,505.96,24.26,0.82,0.018,0.0018
STR_M54,STR,1990s,0.73,9.04,3.99,0.151,-0.00194,505.96,24.26,0.55,0.01,0.001
STR_M55,STR,1990s,0.73,9.04,3.99,0.151,-0.00194,505.96,24.26,0.68,0.011,0.0011
STR_M56,STR,1990s,0.73,9.04,3.99,0.151,-0.00194,505.96,24.26,1.01,0.017,0.0017
STR_M57,STR,1990s,0.66,9.1,3.99,0.151,-0.00194,505.96,24.26,4.94,0.089,0.0089
STR_M58,STR,1990s,0.66,9.1,3.99,0.151,-0.00194,505.96,24.26,0.85,0.014,0.0014
STR_M59,STR,1990s,0.6,9.16,3.99,0.151,-0.00194,505.96,24.26,1.3,0.024,0.0024
STR_M60,STR,1990s,0.6,9.16,3.99,0.151,-0.00194,505.96,24.26,1.33,0.027,0.0027
STR_M61,STR,1990s,0.49,9.34,3.99,0.151,-0.00194,505.96,24.26,1.2,0.019,0.0019
STR_M62,STR,1990s,0.49,9.34,3.99,0.151,-0.00194,505.96,24.26,0.81,0.016,0.0016
STR_M63,STR,1990s,0.39,9.5,3.99,0.151,-0.00194,505.96,24.26,3.14,0.044,0.0044
STR_M64,STR,1990s,0.39,9.5,3.99,0.151,-0.00194,505.96,24.26,1.81,0.037,0.0037
STR_M65,STR,1990s,0.27,9.56,3.99,0.151,-0.00194,505.96,24.26,2.36,0.04,0.004
STR_M66,STR,1990s,0.27,9.56,3.99,0.151,-0.00194,505.96,24.26,2.04,0.033,0.0033
STR_M67,STR,1990s,0.27,9.56,3.99,0.151,-0.00194,505.96,24.26,2.18,0.037,0.0037
STR_M68,STR,1990s,0.11,9.63,3.99,0.151,-0.00194,505.96,24.26,1.73,0.03,0.003
STR_M69,STR,1990s,0.11,9.63,3.99,0.151,-0.00193,505.96,24.26,3.24,0.041,0.0041
STR_M70,STR,1990s,-0.16,9.63,3.99,0.151,-0.00193,505.96,24.26,1.27,0.023,0.0023
STR_M71,STR,1990s,-0.16,9.63,3.99,0.151,-0.00193,505.96,24.26,1.22,0.024,0.0024
STR_M72,STR,1990s,-0.16,9.63,3.99,0.151,-0.00193,505.96,24.26,0.52,0.01,0.001
STR_M73,STR,1990s,-0.42,9.68,3.99,0.151,-0.00193,505.96,24.26,1.1,0.027,0.0027
JYR_M001,JYR,2000s,-3.93,24.69,21.35,0.193,-0.00671,165.65,1.05,0.39,0.013,0.0012
JYR_M002,JYR,2000s,-3.93,24.69,21.35,0.193,-0.00671,165.65,1.05,0.72,0.03,0.0028
JYR_M003,JYR,2000s,-4.0,24.66,21.35,0.193,-0.0067,165.65,1.05,0.69,0.027,0.0024
JYR_M004,JYR,2000s,-3.93,24.69,21.35,0.193,-0.0067,165.65,1.05,0.71,0.027,0.0025
JYR_M005,JYR,2000s,-4.0,24.66,21.35,0.193,-0.0067,165.65,1.05,0.91,0.026,0.0024
JYR_M006,JYR,2000s,-4.0,24.66,21.35,0.193,-0.0067,165.65,1.05,0.53,0.015,0.0013
JYR_M007,JYR,2000s,-3.64,24.71,21.35,0.193,-0.00673,165.65,1.05,0.97,0.022,0.002
JYR_M008,JYR,2000s,-3.64,24.71,21.35,0.193,-0.00671,165.65,1.05,0.89,0.02,0.0018
JYR_M009,JYR,2000s,-3.69,24.6,21.35,0.193,-0.0067,165.65,1.05,2.14,0.059,0.0053
JYR_M010,JYR,2000s,-3.69,24.6,21.35,0.193,-0.00669,165.65,1.05,1.1,0.02,0.0018
JYR_M011,JYR,2000s,-3.89,23.82,21.35,0.193,-0.00645,165.65,1.05,1.77,0.015,0.0014
JYR_M012,JYR,2000s,-3.9,23.92,21.35,0.193,-0.0064,165.65,1.05,1.46,0.012,0.0011
JYR_M013,JYR,2000s,-3.91,23.81,21.35,0.193,-0.00635,165.65,1.05,0.57,0.019,0.0018
JYR_M019,JYR,2000s,-2.79,23.48,21.35,0.193,-0.00527,165.65,1.05,0.48,0.01,0.0009
JYR_M020,JYR,2000s,-2.79,23.48,21.35,0.193,-0.00526,165.65,1.05,0.57,0.015,0.0014
JYR_M021,JYR,2000s,-2.83,23.5,21.35,0.193,-0.00525,165.65,1.05,2.15,0.065,0.0059
JYR_M022,JYR,2000s,-2.83,23.5,21.35,0.193,-0.00524,165.65,1.05,0.54,0.015,0.0013
JYR_M023,JYR,2000s,-2.83,23.5,21.35,0.193,-0.00522,165.65,1.05,0.59,0.021,0.0019
JYR_M024,JYR,2000s,-2.89,23.53,21.35,0.193,-0.00518,165.65,1.05,1.42,0.033,0.003
JYR_M025,JYR,2000s,-2.89,23.53,21.35,0.193,-0.00518,165.65,1.05,1.42,0.047,0.0043
JYR_M026,JYR,2000s,-2.93,23.48,21.35,0.193,-0.00516,165.65,1.05,0.64,0.021,0.0019
JYR_M027,JYR,2000s,-2.93,23.48,21.35,0.193,-0.00515,165.65,1.05,1.24,0.048,0.0044
JYR_M028,JYR,2000s,-2.93,23.48,21.35,0.193,-0.00515,165.65,1.05,1.38,0.047,0.0043
JYR_M029,JYR,2000s,-2.95,23.72,21.35,0.193,-0.00514,165.65,1.05,1.29,0.032,0.0029
JYR_M030,JYR,2000s,-2.95,23.72,21.35,0.193,-0.00514,165.65,1.05,0.56,0.015,0.0014
JYR_M035,JYR,2000s,-2.97,23.8,21.35,0.193,-0.00511,165.65,1.05,0.43,0.013,0.0012
JYR_M036,JYR,2000s,-2.91,23.76,21.35,0.193,-0.00509,165.65,1.05,0.44,0.012,0.0011
JYR_M037,JYR,2000s,-2.91,23.76,21.35,0.193,-0.00508,165.65,1.05,0.47,0.012,0.0011
JYR_M038,JYR,2000s,-2.94,23.76,21.35,0.193,-0.00508,165.65,1.05,0.8,0.02,0.0018
JYR_M039,JYR,2000s,-2.94,23.76,21.35,0.193,-0.00507,165.65,1.05,0.69,0.018,0.0016
JYR_M045,JYR,2000s,-2.84,23.74,21.35,0.193,-0.00502,165.65,1.05,1.06,0.032,0.0029
JYR_M046,JYR,2000s,-2.84,23.74,21.35,0.193,-0.00501,165.65,1.05,1.03,0.03,0.0027
JYR_M047,JYR,2000s,-2.84,23.74,21.35,0.193,-0.00501,165.65,1.05,0.68,0.018,0.0016
JYR_M048,JYR,2000s,-2.84,23.74,21.35,0.193,-0.005,165.65,1.05,0.82,0.024,0.0022
JYR_M049,JYR,2000s,-2.81,23.7,21.35,0.193,-0.00499,165.65,1.05,1.11,0.032,0.0029
JYR_M050,JYR,2000s,-2.81,23.7,21.35,0.193,-0.00499,165.65,1.05,0.52,0.016,0.0015
JYR_M051,JYR,2000s,-2.81,23.7,21.35,0.193,-0.00498,165.65,1.05,1.05,0.034,0.0031
JYR_M052,JYR,2000s,-2.81,23.7,21.35,0.193,-0.00498,165.65,1.05,0.41,0.011,0.001
JYR_M053,JYR,2000s,-2.81,23.7,21.35,0.193,-0.00497,165.65,1.05,0.46,0.016,0.0014
JYR_M054,JYR,2000s,-2.81,23.7,21.35,0.193,-0.00497,165.65,1.05,0.47,0.014,0.0012
JYR_M055,JYR,2000s,-2.79,23.73,21.35,0.193,-0.00496,165.65,1.05,0.54,0.014,0.0013
JYR_M056,JYR,2000s,-2.79,23.73,21.35,0.193,-0.00496,165.65,1.05,0.67,0.021,0.002
JYR_M057,JYR,2000s,-2.79,23.73,21.35,0.193,-0.00495,165.65,1.05,0.53,0.013,0.0012
JYR_M058,JYR,2000s,-2.79,23.73,21.35,0.193,-0.00495,165.65,1.05,0.6,0.017,0.0016
JYR_M059,JYR,2000s,-2.79,23.73,21.35,0.193,-0.00494,165.65,1.05,0.33,0.009,0.0008
JYR_M060,JYR,2000s,-2.79,23.73,21.35,0.193,-0.00494,165.65,1.05,0.78,0.02,0.0019
JYR_M061,JYR,2000s,-2.9,23.45,21.35,0.193,-0.00494,165.65,1.05,0.6,0.019,0.0017
JYR_M062,JYR,2000s,-2.9,23.45,21.35,0.193,-0.00493,165.65,1.05,0.89,0.024,0.0022
JYR_M063,JYR,2000s,-2.9,23.45,21.35,0.193,-0.00493,165.65,1.05,1.03,0.031,0.0029
JYR_M064,JYR,2000s,-2.71,23.39,21.35,0.193,-0.00492,165.65,1.05,0.41,0.009,0.0008
JYR_M065,JYR,2000s,-2.71,23.39,21.35,0.193,-0.00491,165.65,1.05,0.29,0.009,0.0008
JYR_M066,JYR,2000s,-2.71,23.25,21.35,0.193,-0.0049,165.65,1.05,0.66,0.02,0.0018
JYR_M067,JYR,2000s,-2.71,23.25,21.35,0.193,-0.00491,165.65,1.05,0.84,0.018,0.0017
JYR_M070,JYR,2000s,-2.57,23.13,21.35,0.193,-0.00485,165.65,1.05,1.04,0.023,0.0021
JYR_M071,JYR,2000s,-2.55,23.16,21.35,0.193,-0.00485,165.65,1.05,1.13,0.025,0.0022
JYR_M072,JYR,2000s,-2.55,23.16,21.35,0.193,-0.00484,165.65,1.05,0.35,0.011,0.001
JYR_M073,JYR,2000s,-2.55,23.16,21.35,0.193,-0.00483,165.65,1.05,0.42,0.014,0.0013
JYR_M076,JYR,2000s,-2.35,23.06,21.35,0.193,-0.00453,165.65,1.05,1.33,0.039,0.0036
JYR_M077,JYR,2000s,-2.3,23.05,21.35,0.193,-0.00449,165.65,1.05,0.45,0.014,0.0013
JYR_M083,JYR,2000s,-2.15,23.01,21.35,0.193,-0.00443,165.65,1.05,0.9,0.033,0.003
JYR_M084,JYR,2000s,-2.09,22.79,21.35,0.193,-0.00441,165.65,1.05,0.34,0.01,0.0009
JYR_M085,JYR,2000s,-2.09,22.79,21.35,0.193,-0.00441,165.65,1.05,0.62,0.018,0.0016
JYR_M086,JYR,2000s,-2.11,22.81,21.35,0.193,-0.0044,165.65,1.05,1.27,0.034,0.0031
JYR_M087,JYR,2000s,-2.11,22.81,21.35,0.193,-0.0044,165.65,1.05,0.37,0.013,0.0012
JYR_M088,JYR,2000s,-2.11,22.81,21.35,0.193,-0.00439,165.65,1.05,0.69,0.027,0.0024
JYR_M089,JYR,2000s,-2.11,22.81,21.35,0.193,-0.00439,165.65,1.05,0.41,0.017,0.0015
JYR_M093,JYR,2000s,-2.04,22.61,21.35,0.193,-0.00433,165.65,1.05,0.57,0.019,0.0017
JYR_M094,JYR,2000s,-2.04,22.61,21.35,0.193,-0.00433,165.65,1.05,0.62,0.021,0.0019
JYR_M095,JYR,2000s,-2.05,22.62,21.35,0.193,-0.00431,165.65,1.05,0.98,0.039,0.0036
JYR_M096,JYR,2000s,-1.92,22.55,21.35,0.193,-0.00431,165.65,1.05,0.53,0.017,0.0015
JYR_M097,JYR,2000s,-1.93,22.49,21.35,0.193,-0.0043,165.65,1.05,0.71,0.027,0.0025
JYR_M098,JYR,2000s,-1.99,22.35,21.35,0.193,-0.00427,165.65,1.05,0.49,0.013,0.0012
JYR_M099,JYR,2000s,-1.86,22.27,21.35,0.193,-0.00427,165.65,1.05,0.91,0.026,0.0023
JYR_M100,JYR,2000s,-1.86,22.27,21.35,0.193,-0.00426,165.65,1.05,0.66,0.026,0.0023
JYR_M101,JYR,2000s,-1.82,22.28,21.35,0.193,-0.00426,165.65,1.05,1.14,0.037,0.0033
JYR_M102,JYR,2000s,-1.82,22.28,21.35,0.193,-0.00425,165.65,1.05,1.31,0.036,0.0041
JYR_M103,JYR,2000s,-1.82,22.28,21.35,0.193,-0.00424,165.65,1.05,0.35,0.01,0.0009
YTR_M001,YTR,2000s,-1.76,22.23,21.35,0.193,-0.00423,165.65,1.05,2.34,0.081,0.0092
YTR_M002,YTR,2000s,-1.56,22.63,21.35,0.193,-0.00412,165.65,1.05,4.99,0.123,0.0112
YTR_M003,YTR,2000s,-1.52,22.64,21.35,0.193,-0.00412,165.65,1.05,1.52,0.046,0.0042
YTR_M004,YTR,2000s,-1.52,22.64,21.35,0.193,-0.00411,165.65,1.05,1.39,0.05,0.0045
YTR_M005,YTR,2000s,-1.52,22.64,21.35,0.193,-0.00411,165.65,1.05,3.52,0.119,0.0108
YTR_M006,YTR,2000s,-1.52,22.64,21.35,0.193,-0.00411,165.65,1.05,3.26,0.105,0.0095
YTR_M007,YTR,2000s,-1.49,22.64,21.35,0.193,-0.0041,165.65,1.05,2.31,0.082,0.0075
YTR_M008,YTR,2000s,-1.49,22.64,21.35,0.193,-0.0041,165.65,1.05,5.93,0.203,0.0185
YTR_M009,YTR,2000s,-1.49,22.64,21.35,0.193,-0.0041,165.65,1.05,2.05,0.066,0.006
YTR_M010,YTR,2000s,-1.46,22.66,21.35,0.193,-0.00409,165.65,1.05,1.92,0.063,0.0057
YTR_M011,YTR,2000s,-1.46,22.66,21.35,0.193,-0.00408,165.65,1.05,1.65,0.049,0.0044
YTR_M012,YTR,2000s,-1.46,22.66,21.35,0.193,-0.00408,165.65,1.05,6.74,0.202,0.0183
YTR_M013,YTR,2000s,-1.46,22.66,21.35,0.193,-0.00408,165.65,1.05,3.51,0.095,0.0109
YTR_M014,YTR,2000s,-1.46,22.66,21.35,0.193,-0.00409,165.65,1.05,3.96,0.135,0.0123
YTR_M015,YTR,2000s,-1.46,22.66,21.35,0.193,-0.00409,165.65,1.05,,,
YTR_M016,YTR,2000s,-1.41,22.76,21.35,0.193,-0.00405,165.65,1.05,3.04,0.062,0.0056
YTR_M017,YTR,2000s,-1.38,22.62,21.35,0.193,-0.00405,165.65,1.05,4.67,0.125,0.0114
YTR_M018,YTR,2000s,-1.35,22.7,21.35,0.193,-0.00403,165.65,1.05,3.59,0.102,0.0092
YTR_M019,YTR,2000s,-1.32,22.56,21.35,0.193,-0.00403,165.65,1.05,0.88,0.02,0.0018
YTR_M020,YTR,2000s,-1.32,22.56,21.35,0.193,-0.00403,165.65,1.05,1.64,0.022,0.002
YTR_M021,YTR,2000s,-1.34,22.78,21.35,0.193,-0.00403,165.65,1.05,5.85,0.092,0.0084
YTR_M022,YTR,2000s,-1.34,22.78,21.35,0.193,-0.00402,165.65,1.05,1.22,0.032,0.0029
YTR_M024,YTR,2000s,-1.34,22.87,21.35,0.193,-0.00403,165.65,1.05,1.52,0.007,0.0006
YTR_M025,YTR,2000s,-1.34,22.87,21.35,0.193,-0.00403,165.65,1.05,1.28,0.037,0.0033
YTR_M026,YTR,2000s,-1.34,23.09,21.35,0.193,-0.00402,165.65,1.05,1.69,0.043,0.0039
YTR_M027,YTR,2000s,-1.39,22.96,21.35,0.193,-0.00402,165.65,1.05,0.66,0.013,0.0012
YTR_M028,YTR,2000s,-1.39,22.96,21.35,0.193,-0.00401,165.65,1.05,1.14,0.023,0.0021
YTR_M029,YTR,2000s,-1.36,23.03,21.35,0.193,-0.00401,165.65,1.05,6.53,0.154,0.014
YTR_M031,YTR,2000s,-1.36,23.03,21.35,0.193,-0.00401,165.65,1.05,10.76,0.244,0.028
YTR_M032,YTR,2000s,-1.3,23.36,21.35,0.193,-0.004,165.65,1.05,,,
YTR_M033,YTR,2000s,-1.3,23.3,21.35,0.193,-0.00398,165.65,1.05,1.63,0.012,0.0011
YTR_M035,YTR,2000s,-1.38,23.42,21.35,0.193,-0.00391,165.65,1.05,1.41,0.029,0.0026
YTR_M036,YTR,2000s,-1.38,23.42,21.35,0.193,-0.00391,165.65,1.05,3.14,0.086,0.0124
YTR_M038,YTR,2000s,-1.39,23.29,21.35,0.193,-0.00389,165.65,1.05,2.33,0.015,0.0017
YTR_M039,YTR,2000s,-1.39,23.29,21.35,0.193,-0.00389,165.65,1.05,1.3,0.016,0.0015
YTR_M040,YTR,2000s,-1.4,23.3,21.35,0.193,-0.00388,165.65,1.05,1.79,0.022,0.0025
YTR_M042,YTR,2000s,-1.39,23.4,21.35,0.193,-0.00386,165.65,1.05,3.87,0.094,0.0085
YTR_M045,YTR,2000s,-1.37,23.58,21.35,0.193,-0.00383,165.65,1.05,1.08,0.02,0.0023
YTR_M046,YTR,2000s,-1.35,23.44,21.35,0.193,-0.00381,165.65,1.05,3.61,0.088,0.01
YTR_M047,YTR,2000s,-1.35,23.44,21.35,0.193,-0.00381,165.65,1.05,2.2,0.039,0.0036
YTR_M048,YTR,2000s,-1.27,23.46,21.35,0.193,-0.00377,165.65,1.05,,,
YTR_M049,YTR,2000s,-1.27,23.46,21.35,0.193,-0.00376,165.65,1.05,1.36,0.028,0.0025
YTR_M051,YTR,2000s,-1.12,23.63,21.35,0.193,-0.00375,165.65,1.05,1.78,0.033,0.003
YTR_M052,YTR,2000s,-1.12,23.63,21.35,0.193,-0.00373,165.65,1.05,1.68,0.031,0.0028
YTR_M053,YTR,2000s,-1.08,23.65,21.35,0.193,-0.00372,165.65,1.05,2.33,0.056,0.0051
YTR_M054,YTR,2000s,-1.0,23.37,21.35,0.193,-0.00369,165.65,1.05,2.56,0.066,0.006
YTR_M055,YTR,2000s,-0.94,23.67,21.35,0.193,-0.00369,165.65,1.05,2.37,0.041,0.0038
YTR_M056,YTR,2000s,-0.94,23.67,21.35,0.193,-0.00368,165.65,1.05,2.08,0.039,0.0036
YTR_M057,YTR,2000s,-0.87,23.68,21.35,0.193,-0.00368,165.65,1.05,3.79,0.045,0.0041
YTR_M058,YTR,2000s,-0.84,23.64,21.35,0.193,-0.00365,165.65,1.05,0.96,0.013,0.0012
YTR_M059,YTR,2000s,-0.84,23.64,21.35,0.193,-0.00364,165.65,1.05,1.85,0.039,0.0036
YTR_M060,YTR,2000s,-0.8,23.41,21.35,0.193,-0.00363,165.65,1.05,2.35,0.023,0.0021
YTR_M061,YTR,2000s,-0.8,23.43,21.35,0.193,-0.00361,165.65,1.05,2.39,0.042,0.0038
YTR_M062,YTR,2000s,-0.8,23.43,21.35,0.193,-0.00361,165.65,1.05,4.32,0.078,0.0071
YTR_M063,YTR,2000s,-0.75,23.45,21.35,0.193,-0.0036,165.65,1.05,1.34,0.016,0.0015
YTR_M064,YTR,2000s,-0.74,23.38,21.35,0.193,-0.00358,165.65,1.05,8.15,0.157,0.0142
YTR_M065,YTR,2000s,-0.7,23.39,21.35,0.193,-0.00356,165.65,1.05,0.53,0.008,0.0007
YTR_M066,YTR,2000s,-0.68,23.41,21.35,0.193,-0.00354,165.65,1.05,,,
YTR_M067,YTR,2000s,-0.68,23.41,21.35,0.193,-0.00354,165.65,1.05,4.37,0.1,0.0091
YTR_M068,YTR,2000s,-0.67,23.5,21.35,0.193,-0.00352,165.65,1.05,2.77,0.056,0.0051
YTR_M069,YTR,2000s,-0.67,23.36,21.35,0.193,-0.00351,165.65,1.05,9.57,0.222,0.0202
YTR_M070,YTR,2000s,-0.65,23.6,21.35,0.193,-0.0035,165.65,1.05,3.57,0.066,0.0076
YTR_M072,YTR,2000s,-0.65,23.6,21.35,0.193,-0.0035,165.65,1.05,3.56,0.073,0.0084
YTR_M073,YTR,2000s,-0.65,23.46,21.35,0.193,-0.00349,165.65,1.05,2.05,0.037,0.0043
YTR_M074,YTR,2000s,-0.62,23.62,21.35,0.193,-0.00348,165.65,1.05,1.5,0.022,0.0025
YTR_M075,YTR,2000s,-0.59,23.55,21.35,0.193,-0.00347,165.65,1.05,5.83,0.151,0.0173
YTR_M077,YTR,2000s,-0.51,23.57,21.35,0.193,-0.00346,165.65,1.05,,,
YTR_M078,YTR,2000s,-0.51,23.57,21.35,0.193,-0.00345,165.65,1.05,,,
YTR_M080,YTR,2000s,-0.52,23.58,21.35,0.193,-0.00344,165.65,1.05,,,
YTR_M081,YTR,2000s,-0.45,23.68,21.35,0.193,-0.00341,165.65,1.05,9.98,0.184,0.0168
YTR_M082,YTR,2000s,-0.45,23.68,21.35,0.193,-0.00341,165.65,1.05,3.13,0.061,0.007
YTR_M083,YTR,2000s,-0.47,23.61,21.35,0.193,-0.0034,165.65,1.05,,,
YTR_M084,YTR,2000s,-0.46,23.54,21.35,0.193,-0.00339,165.65,1.05,7.23,0.139,0.0126
YTR_M085,YTR,2000s,-0.5,23.47,21.35,0.193,-0.00339,165.65,1.05,1.89,0.033,0.0037
YTR_M086,YTR,2000s,-0.45,23.27,21.35,0.193,-0.00334,165.65,1.05,0.96,0.017,0.0015
YTR_M087,YTR,2000s,-0.4,23.21,21.35,0.193,-0.00333,165.65,1.05,5.0,0.098,0.0089
YTR_M089,YTR,2000s,-0.33,23.22,21.35,0.193,-0.00331,165.65,1.05,4.38,0.09,0.0103
YTR_M091,YTR,2000s,-0.27,23.23,21.35,0.193,-0.0033,165.65,1.05,1.43,0.019,0.0022
YTR_M092,YTR,2000s,-0.18,23.18,21.35,0.193,-0.00327,165.65,1.05,,,
YTR_M093,YTR,2000s,-0.17,23.26,21.35,0.193,-0.00327,165.65,1.05,1.49,0.02,0.0018
YTR_M094,YTR,2000s,-0.14,23.18,21.35,0.193,-0.00326,165.65,1.05,0.82,0.01,0.0009
YTR_M095,YTR,2000s,-0.09,23.1,21.35,0.193,-0.00324,165.65,1.05,1.19,0.017,0.0016
YTR_M096,YTR,2000s,-0.05,23.09,21.35,0.193,-0.00322,165.65,1.05,1.93,0.028,0.0026
YTR_M097,YTR,2000s,-0.03,23.09,21.35,0.193,-0.00321,165.65,1.05,5.35,0.078,0.0071
YTR_M098,YTR,2000s,0.0,23.1,21.35,0.193,-0.0032,165.65,1.05,0.98,0.015,0.0014
YTR_M099,YTR,2000s,0.05,23.02,21.35,0.193,-0.00319,165.65,1.05,1.61,0.02,0.0018
YTR_M100,YTR,2000s,0.07,23.16,21.35,0.193,-0.00318,165.65,1.05,1.6,0.025,0.0023
YTR_M101,YTR,2000s,0.11,23.01,21.35,0.193,-0.00317,165.65,1.05,1.22,0.013,0.0012
YTR_M102,YTR,2000s,0.12,23.15,21.35,0.193,-0.00317,165.65,1.05,1.08,0.013,0.0012
YTR_M103,YTR,2000s,0.12,23.15,21.35,0.193,-0.00316,165.65,1.05,0.75,0.013,0.0012
YTR_M104,YTR,2000s,0.18,23.16,21.35,0.193,-0.00315,165.65,1.05,0.62,0.013,0.0012
YTR_M105,YTR,2000s,0.18,23.16,21.35,0.193,-0.00315,165.65,1.05,0.42,0.01,0.0009
YTR_M106,YTR,2000s,0.21,23.16,21.35,0.193,-0.00314,165.65,1.05,3.8,0.078,0.0071
YTR_M107,YTR,2000s,0.21,23.16,21.35,0.193,-0.00314,165.65,1.05,1.37,0.029,0.0026
YTR_M108,YTR,2000s,0.21,23.16,21.35,0.193,-0.00313,165.65,1.05,1.39,0.025,0.0022
YTR_M109,YTR,2000s,0.34,23.3,21.35,0.193,-0.00303,165.65,1.05,1.23,0.012,0.0011
YTR_M110,YTR,2000s,0.33,23.39,21.35,0.193,-0.00303,165.65,1.05,0.7,0.01,0.0009
YTR_M113,YTR,2000s,0.32,23.39,21.35,0.193,-0.00302,165.65,1.05,0.64,0.01,0.0009
YTR_M114,YTR,2000s,0.32,23.39,21.35,0.193,-0.00302,165.65,1.05,1.76,0.022,0.002
YTR_M115,YTR,2000s,0.33,23.38,21.35,0.193,-0.00301,165.65,1.05,1.68,0.026,0.0024
YTR_M116,YTR,2000s,0.35,23.38,21.35,0.193,-0.003,165.65,1.05,3.86,0.043,0.0039
YTR_M117,YTR,2000s,0.36,23.38,21.35,0.193,-0.00299,165.65,1.05,2.06,0.03,0.0027
YTR_M118,YTR,2000s,0.36,23.38,21.35,0.193,-0.00299,165.65,1.05,3.64,0.036,0.0041
YTR_M120,YTR,2000s,0.5,23.35,21.35,0.193,-0.0029,165.65,1.05,1.08,0.014,0.0013
YTR_M121,YTR,2000s,0.5,23.35,21.35,0.193,-0.0029,165.65,1.05,1.14,0.02,0.0019
YTR_M122,YTR,2000s,0.52,23.27,21.35,0.193,-0.0029,165.65,1.05,0.53,0.011,0.001
YTR_M123,YTR,2000s,0.52,23.27,21.35,0.193,-0.00289,165.65,1.05,1.76,0.038,0.0034
YTR_M124,YTR,2000s,0.53,23.35,21.35,0.193,-0.00288,165.65,1.05,,,
YTR_M131,YTR,2000s,1.65,24.26,21.35,0.193,-0.00221,165.65,1.05,0.87,0.006,0.0006
YTR_M132,YTR,2000s,1.66,24.23,21.35,0.193,-0.00219,165.65,1.05,1.08,0.007,0.0007
YTR_M133,YTR,2000s,1.68,23.83,21.35,0.193,-0.00213,165.65,1.05,1.47,0.01,0.001
YTR_M137,YTR,2000s,1.82,25.09,21.35,0.193,-0.00185,165.65,1.05,2.04,0.018,0.0018
YTR_M138,YTR,2000s,1.84,25.15,21.35,0.193,-0.00183,165.65,1.05,2.7,0.026,0.0026
YTR_M144,YTR,2000s,1.89,24.05,21.35,0.193,-0.00174,165.65,1.05,1.65,0.011,0.0011
YTR_M145,YTR,2000s,1.93,23.94,21.35,0.193,-0.00173,165.65,1.05,0.95,0.008,0.0008
YTR_M146,YTR,2000s,1.94,23.63,21.35,0.193,-0.00173,165.65,1.05,2.28,0.02,0.002
YTR_M147,YTR,2000s,2.0,23.65,21.35,0.193,-0.00171,165.65,1.05,7.83,0.084,0.0084
YTR_M148,YTR,2000s,1.92,24.03,21.35,0.193,-0.00172,165.65,1.05,1.62,0.019,0.0019
YTR_M151,YTR,2000s,2.0,23.98,21.35,0.193,-0.00164,165.65,1.05,4.02,0.09,0.009
YTR_M153,YTR,2000s,2.17,24.16,21.35,0.193,-0.00164,165.65,1.05,2.59,0.032,0.0032
YTR_M154,YTR,2000s,2.17,24.09,21.35,0.193,-0.00164,165.65,1.05,2.76,0.037,0.0037
YTR_M155,YTR,2000s,2.17,24.1,21.35,0.193,-0.00163,165.65,1.05,2.79,0.04,0.004
YTR_M156,YTR,2000s,2.17,24.1,21.35,0.193,-0.00163,165.65,1.05,3.32,0.03,0.003
YTR_M157,YTR,2000s,2.18,23.88,21.35,0.193,-0.00162,165.65,1.05,2.98,0.027,0.0027
YTR_M158,YTR,2000s,2.16,23.68,21.35,0.193,-0.00162,165.65,1.05,1.67,0.015,0.0015
JTR_M005,JTR,2000s,-2.29,25.97,21.35,0.193,-0.00404,165.65,1.05,1.23,0.031,0.0028
JTR_M006,JTR,2000s,-2.29,25.97,21.35,0.193,-0.00404,165.65,1.05,0.75,0.018,0.0017
JTR_M009,JTR,2000s,-1.99,25.83,21.35,0.193,-0.00404,165.65,1.05,0.63,0.014,0.0013
JTR_M010,JTR,2000s,-2.01,25.78,21.35,0.193,-0.00403,165.65,1.05,0.36,0.007,0.0006
JTR_M011,JTR,2000s,-2.01,25.78,21.35,0.193,-0.00403,165.65,1.05,1.0,0.02,0.0018
JTR_M012,JTR,2000s,-1.96,25.7,21.35,0.193,-0.00403,165.65,1.05,0.43,0.011,0.001
JTR_M014,JTR,2000s,-1.95,25.46,21.35,0.193,-0.00404,165.65,1.05,0.57,0.017,0.0015
JTR_M016,JTR,2000s,-1.97,25.26,21.35,0.193,-0.00402,165.65,1.05,0.42,0.013,0.0011
JTR_M020,JTR,2000s,-1.72,24.9,21.35,0.193,-0.00394,165.65,1.05,0.79,0.016,0.0015
JTR_M022,JTR,2000s,-0.95,24.61,21.35,0.193,-0.00365,165.65,1.05,3.31,0.117,0.0106
JTR_M023,JTR,2000s,-0.95,24.61,21.35,0.193,-0.00365,165.65,1.05,2.23,0.077,0.007
JTR_M024,JTR,2000s,-0.95,24.61,21.35,0.193,-0.00364,165.65,1.05,4.21,0.16,0.0145
JTR_M025,JTR,2000s,-1.01,24.69,21.35,0.193,-0.00364,165.65,1.05,1.33,0.046,0.0042
JTR_M026,JTR,2000s,-1.01,24.69,21.35,0.193,-0.00364,165.65,1.05,0.76,0.027,0.0024
JTR_M027,JTR,2000s,-1.01,24.69,21.35,0.193,-0.00364,165.65,1.05,1.54,0.06,0.0055
JTR_M028,JTR,2000s,-1.01,24.69,21.35,0.193,-0.00364,165.65,1.05,1.67,0.074,0.0067
JTR_M029,JTR,2000s,-0.86,24.85,21.35,0.193,-0.00364,165.65,1.05,0.88,0.035,0.0032
JTR_M033,JTR,2000s,-0.74,24.94,21.35,0.193,-0.00361,165.65,1.05,1.53,0.047,0.0043
JTR_M034,JTR,2000s,-0.84,24.8,21.35,0.193,-0.0036,165.65,1.05,1.86,0.057,0.0052
JTR_M035,JTR,2000s,-0.84,24.8,21.35,0.193,-0.0036,165.65,1.05,1.98,0.071,0.0082
JTR_M036,JTR,2000s,-0.57,25.35,21.35,0.193,-0.00358,165.65,1.05,2.68,0.072,0.0083
JTR_M037,JTR,2000s,-0.55,25.37,21.35,0.193,-0.00357,165.65,1.05,2.76,0.067,0.0061
JTR_M038,JTR,2000s,-0.55,25.37,21.35,0.193,-0.00356,165.65,1.05,1.65,0.046,0.0042
JTR_M039,JTR,2000s,-0.55,25.37,21.35,0.193,-0.00356,165.65,1.05,6.02,0.192,0.0174
JTR_M040,JTR,2000s,-0.56,25.52,21.35,0.193,-0.00356,165.65,1.05,4.02,0.117,0.0106
JTR_M041,JTR,2000s,-0.56,25.52,21.35,0.193,-0.00355,165.65,1.05,2.18,0.07,0.0064
JTR_M042,JTR,2000s,-0.53,25.53,21.35,0.193,-0.00354,165.65,1.05,9.41,0.325,0.0295
JTR_M046,JTR,2000s,-0.51,25.39,21.35,0.193,-0.00353,165.65,1.05,,,
JTR_M048,JTR,2000s,-0.51,25.39,21.35,0.193,-0.00352,165.65,1.05,1.89,0.041,0.0037
JTR_M049,JTR,2000s,-0.49,25.33,21.35,0.193,-0.00351,165.65,1.05,3.71,0.102,0.0093
JTR_M050,JTR,2000s,-0.49,25.33,21.35,0.193,-0.00351,165.65,1.05,1.39,0.033,0.003
JTR_M051,JTR,2000s,-0.49,25.33,21.35,0.193,-0.0035,165.65,1.05,2.87,0.093,0.0085
JTR_M052,JTR,2000s,-0.47,25.27,21.35,0.193,-0.0035,165.65,1.05,2.89,0.063,0.0058
JTR_M053,JTR,2000s,-0.47,25.27,21.35,0.193,-0.00349,165.65,1.05,1.8,0.041,0.0037
JTR_M054,JTR,2000s,-0.45,25.29,21.35,0.193,-0.00348,165.65,1.05,1.31,0.027,0.0024
JTR_M055,JTR,2000s,-0.45,25.29,21.35,0.193,-0.00348,165.65,1.05,2.54,0.027,0.0024
JTR_M056,JTR,2000s,-0.35,25.21,21.35,0.193,-0.00348,165.65,1.05,2.04,0.021,0.0019
JTR_M057,JTR,2000s,-0.35,25.21,21.35,0.193,-0.00347,165.65,1.05,1.95,0.033,0.003
JTR_M059,JTR,2000s,-0.36,25.07,21.35,0.193,-0.00347,165.65,1.05,1.47,0.031,0.0028
JTR_M060,JTR,2000s,-0.36,25.07,21.35,0.193,-0.00346,165.65,1.05,2.22,0.041,0.0037
JTR_M061,JTR,2000s,-0.36,25.0,21.35,0.193,-0.00346,165.65,1.05,1.88,0.018,0.0017
JTR_M062,JTR,2000s,-0.36,25.0,21.35,0.193,-0.00345,165.65,1.05,,,
JTR_M063,JTR,2000s,-0.34,24.65,21.35,0.193,-0.00342,165.65,1.05,2.21,0.037,0.0034
JTR_M065,JTR,2000s,-0.37,24.45,21.35,0.193,-0.00339,165.65,1.05,4.57,0.047,0.0043
JTR_M066,JTR,2000s,-0.39,24.46,21.35,0.193,-0.00339,165.65,1.05,1.18,0.024,0.0022
JTR_M067,JTR,2000s,-0.39,24.46,21.35,0.193,-0.00338,165.65,1.05,1.68,0.035,0.0031
JTR_M069,JTR,2000s,-0.38,24.47,21.35,0.193,-0.00337,165.65,1.05,2.24,0.035,0.0031
JTR_M070,JTR,2000s,-0.38,24.47,21.35,0.193,-0.00336,165.65,1.05,1.08,0.022,0.002
JTR_M071,JTR,2000s,-0.38,24.47,21.35,0.193,-0.00336,165.65,1.05,1.77,0.037,0.0034
JTR_M072,JTR,2000s,-0.39,24.47,21.35,0.193,-0.00336,165.65,1.05,0.19,0.004,0.0003
JTR_M073,JTR,2000s,-0.37,24.48,21.35,0.193,-0.00336,165.65,1.05,0.95,0.012,0.0011
JTR_M074,JTR,2000s,-0.37,24.48,21.35,0.193,-0.00335,165.65,1.05,1.33,0.013,0.0012
JTR_M084,JTR,2000s,-0.22,24.32,21.35,0.193,-0.00327,165.65,1.05,1.17,0.015,0.0014
JTR_M086,JTR,2000s,-0.22,24.32,21.35,0.193,-0.00326,165.65,1.05,1.05,0.016,0.0018
LTR_M001,LTR,2000s,-0.46,19.39,21.35,0.193,-0.00303,165.65,1.05,1.14,0.029,0.0026
LTR_M002,LTR,2000s,-0.46,19.55,21.35,0.193,-0.00303,165.65,1.05,,,
LTR_M004,LTR,2000s,-0.46,19.55,21.35,0.193,-0.00304,165.65,1.05,2.62,0.037,0.0034
LTR_M005,LTR,2000s,-0.45,19.62,21.35,0.193,-0.00305,165.65,1.05,1.52,0.031,0.0029
LTR_M006,LTR,2000s,-0.45,19.62,21.35,0.193,-0.00306,165.65,1.05,1.33,0.024,0.0022
LTR_M007,LTR,2000s,-0.45,19.62,21.35,0.193,-0.00307,165.65,1.05,0.99,0.015,0.0014
LTR_M009,LTR,2000s,-0.51,19.62,21.35,0.193,-0.00308,165.65,1.05,,,
LTR_M010,LTR,2000s,-0.51,19.62,21.35,0.193,-0.00308,165.65,1.05,,,
LTR_M011,LTR,2000s,-0.45,19.62,21.35,0.193,-0.00309,165.65,1.05,1.0,0.014,0.0013
LTR_M012,LTR,2000s,-0.45,19.62,21.35,0.193,-0.00309,165.65,1.05,1.8,0.023,0.0026
LTR_M013,LTR,2000s,-0.45,19.7,21.35,0.193,-0.0031,165.65,1.05,4.51,0.041,0.0037
LTR_M014,LTR,2000s,-0.45,19.7,21.35,0.193,-0.00311,165.65,1.05,13.43,0.236,0.0214
LTR_M015,LTR,2000s,-0.44,19.87,21.35,0.193,-0.00311,165.65,1.05,,,
LTR_M016,LTR,2000s,-0.41,19.86,21.35,0.193,-0.00311,165.65,1.05,1.86,0.038,0.0035
LTR_M017,LTR,2000s,-0.44,19.87,21.35,0.193,-0.00312,165.65,1.05,1.3,0.037,0.0033
LTR_M018,LTR,2000s,-0.42,19.86,21.35,0.193,-0.00312,165.65,1.05,2.18,0.039,0.0036
LTR_M019,LTR,2000s,-0.44,19.86,21.35,0.193,-0.00312,165.65,1.05,2.29,0.041,0.0038
LTR_M020,LTR,2000s,-0.44,19.86,21.35,0.193,-0.00313,165.65,1.05,1.15,0.025,0.0023
LTR_M021,LTR,2000s,-0.44,19.86,21.35,0.193,-0.00313,165.65,1.05,0.87,0.018,0.0017
LTR_M022,LTR,2000s,-0.45,19.95,21.35,0.193,-0.00313,165.65,1.05,1.27,0.016,0.0014
LTR_M023,LTR,2000s,-0.4,19.95,21.35,0.193,-0.00314,165.65,1.05,,,
LTR_M024,LTR,2000s,-0.4,19.95,21.35,0.193,-0.00314,165.65,1.05,2.81,0.043,0.0039
LTR_M025,LTR,2000s,-0.4,19.95,21.35,0.193,-0.00314,165.65,1.05,1.2,0.021,0.0019
LTR_M026,LTR,2000s,-0.38,20.11,21.35,0.193,-0.00315,165.65,1.05,1.07,0.021,0.0024
LTR_M027,LTR,2000s,-0.38,20.11,21.35,0.193,-0.00315,165.65,1.05,,,
LTR_M028,LTR,2000s,-0.4,20.11,21.35,0.193,-0.00316,165.65,1.05,,,
LTR_M029,LTR,2000s,-0.35,20.1,21.35,0.193,-0.00316,165.65,1.05,1.66,0.032,0.003
LTR_M030,LTR,2000s,-0.35,20.1,21.35,0.193,-0.00316,165.65,1.05,2.59,0.073,0.0067
LTR_M031,LTR,2000s,-0.35,20.1,21.35,0.193,-0.00316,165.65,1.05,1.58,0.036,0.0033
LTR_M032,LTR,2000s,-0.31,20.34,21.35,0.193,-0.00316,165.65,1.05,3.32,0.072,0.0066
LTR_M033,LTR,2000s,-0.31,20.34,21.35,0.193,-0.00316,165.65,1.05,2.31,0.044,0.004
LTR_M034,LTR,2000s,-0.31,20.34,21.35,0.193,-0.00317,165.65,1.05,2.08,0.047,0.0043
LTR_M035,LTR,2000s,-0.29,20.25,21.35,0.193,-0.00317,165.65,1.05,2.01,0.034,0.0031
LTR_M036,LTR,2000s,-0.33,20.4,21.35,0.193,-0.00317,165.65,1.05,2.45,0.04,0.0036
LTR_M037,LTR,2000s,-0.33,20.4,21.35,0.193,-0.00318,165.65,1.05,1.61,0.026,0.0024
LTR_M038,LTR,2000s,-0.33,20.4,21.35,0.193,-0.00318,165.65,1.05,0.63,0.015,0.0013
LTR_M039,LTR,2000s,-0.33,20.4,21.35,0.193,-0.00318,165.65,1.05,6.17,0.147,0.0134
LTR_M040,LTR,2000s,-0.34,20.65,21.35,0.193,-0.00318,165.65,1.05,3.88,0.074,0.0067
LTR_M041,LTR,2000s,-0.34,20.65,21.35,0.193,-0.00318,165.65,1.05,1.06,0.022,0.002
LTR_M061,LTR,2000s,-0.31,21.68,21.35,0.193,-0.00324,165.65,1.05,0.6,0.012,0.0011
LTR_M062,LTR,2000s,-0.36,21.76,21.35,0.193,-0.00324,165.65,1.05,0.93,0.019,0.0017
LTR_M063,LTR,2000s,-0.21,21.83,21.35,0.193,-0.00324,165.65,1.05,0.8,0.017,0.0016
LTR_M064,LTR,2000s,-0.21,21.83,21.35,0.193,-0.00324,165.65,1.05,0.99,0.026,0.0023
LTR_M065,LTR,2000s,-0.21,21.83,21.35,0.193,-0.00324,165.65,1.05,1.2,0.017,0.0016
LTR_M066,LTR,2000s,-0.21,21.83,21.35,0.193,-0.00324,165.65,1.05,0.99,0.015,0.0014
LTR_M067,LTR,2000s,-0.29,21.83,21.35,0.193,-0.00323,165.65,1.05,1.25,0.031,0.0029
LTR_M068,LTR,2000s,-0.29,21.83,21.35,0.193,-0.00323,165.65,1.05,1.46,0.046,0.0042
LTR_M069,LTR,2000s,-0.29,21.83,21.35,0.193,-0.00323,165.65,1.05,1.87,0.061,0.0056
LTR_M070,LTR,2000s,-0.29,21.83,21.35,0.193,-0.00323,165.65,1.05,1.53,0.049,0.0044
LTR_M071,LTR,2000s,-0.15,21.99,21.35,0.193,-0.00323,165.65,1.05,0.72,0.022,0.002
LTR_M072,LTR,2000s,-0.15,21.99,21.35,0.193,-0.00322,165.65,1.05,1.09,0.036,0.0033
LTR_M073,LTR,2000s,-0.15,21.99,21.35,0.193,-0.00322,165.65,1.05,0.62,0.018,0.0016
LTR_M074,LTR,2000s,-0.15,21.99,21.35,0.193,-0.00322,165.65,1.05,1.53,0.042,0.0038
LTR_M075,LTR,2000s,-0.15,21.99,21.35,0.193,-0.00322,165.65,1.05,1.09,0.041,0.0037
LTR_M076,LTR,2000s,-0.15,21.99,21.35,0.193,-0.00322,165.65,1.05,1.55,0.057,0.0051
LTR_M077,LTR,2000s,-0.15,21.99,21.35,0.193,-0.00322,165.65,1.05,0.81,0.032,0.003
LTR_M078,LTR,2000s,-0.15,21.99,21.35,0.193,-0.00322,165.65,1.05,1.3,0.043,0.0039
LTR_M079,LTR,2000s,-0.15,21.99,21.35,0.193,-0.00322,165.65,1.05,1.04,0.03,0.0028
LTR_M080,LTR,2000s,-0.15,21.99,21.35,0.193,-0.00322,165.65,1.05,0.99,0.03,0.0027
LTR_M081,LTR,2000s,-0.1,22.23,21.35,0.193,-0.00322,165.65,1.05,0.86,0.028,0.0026
LTR_M082,LTR,2000s,-0.1,22.23,21.35,0.193,-0.00322,165.65,1.05,1.08,0.041,0.0037
LTR_M083,LTR,2000s,-0.1,22.23,21.35,0.193,-0.00322,165.65,1.05,0.95,0.033,0.003
LTR_M084,LTR,2000s,-0.1,22.23,21.35,0.193,-0.00322,165.65,1.05,1.05,0.039,0.0035
LTR_M085,LTR,2000s,-0.1,22.23,21.35,0.193,-0.00322,165.65,1.05,1.11,0.027,0.0024
LTR_M086,LTR,2000s,-0.1,22.23,21.35,0.193,-0.00322,165.65,1.05,0.72,0.017,0.0016
LTR_M087,LTR,2000s,-0.1,22.23,21.35,0.193,-0.00322,165.65,1.05,1.86,0.052,0.0047
LTR_M088,LTR,2000s,-0.1,22.23,21.35,0.193,-0.00322,165.65,1.05,0.89,0.026,0.0023
LTR_M089,LTR,2000s,-0.1,22.23,21.35,0.193,-0.00322,165.65,1.05,1.55,0.047,0.0043
LTR_M090,LTR,2000s,-0.07,22.31,21.35,0.193,-0.00322,165.65,1.05,1.14,0.035,0.0032
LTR_M091,LTR,2000s,-0.07,22.31,21.35,0.193,-0.00322,165.65,1.05,0.93,0.027,0.0025
LTR_M092,LTR,2000s,-0.05,22.46,21.35,0.193,-0.00321,165.65,1.05,1.51,0.035,0.0032
LTR_M093,LTR,2000s,-0.05,22.46,21.35,0.193,-0.00321,165.65,1.05,1.19,0.024,0.0022
LTR_M094,LTR,2000s,-0.05,22.46,21.35,0.193,-0.00321,165.65,1.05,1.33,0.023,0.0021
LTR_M095,LTR,2000s,-0.06,22.39,21.35,0.193,-0.00321,165.65,1.05,1.32,0.026,0.0023
LTR_M096,LTR,2000s,-0.06,22.39,21.35,0.193,-0.00321,165.65,1.05,1.01,0.019,0.0017
LTR_M097,LTR,2000s,-0.06,22.39,21.35,0.193,-0.00321,165.65,1.05,1.51,0.026,0.0023
LTR_M098,LTR,2000s,-0.19,21.99,21.35,0.193,-0.00321,165.65,1.05,0.7,0.01,0.0009
LTR_M099,LTR,2000s,-0.15,22.23,21.35,0.193,-0.00324,165.65,1.05,1.08,0.028,0.0025
LTR_M100,LTR,2000s,-0.15,22.23,21.35,0.193,-0.00324,165.65,1.05,1.62,0.028,0.0026
LTR_M101,LTR,2000s,-0.15,22.31,21.35,0.193,-0.00324,165.65,1.05,1.37,0.027,0.0025
LTR_M102,LTR,2000s,-0.15,22.31,21.35,0.193,-0.00324,165.65,1.05,1.29,0.03,0.0027
LTR_M103,LTR,2000s,-0.15,22.31,21.35,0.193,-0.00323,165.65,1.05,1.26,0.029,0.0026
LTR_M104,LTR,2000s,-0.15,22.31,21.35,0.193,-0.00323,165.65,1.05,1.01,0.024,0.0021
LTR_M105,LTR,2000s,-0.07,22.31,21.35,0.193,-0.00323,165.65,1.05,1.94,0.046,0.0042
LTR_M106,LTR,2000s,-0.13,22.39,21.35,0.193,-0.00323,165.65,1.05,1.21,0.023,0.0021
LTR_M107,LTR,2000s,-0.05,22.46,21.35,0.193,-0.00322,165.65,1.05,1.9,0.028,0.0025
LTR_M108,LTR,2000s,-0.05,22.46,21.35,0.193,-0.00322,165.65,1.05,1.02,0.011,0.001
LTR_M109,LTR,2000s,-0.05,22.46,21.35,0.193,-0.00321,165.65,1.05,1.29,0.019,0.0017
LTR_M110,LTR,2000s,0.0,22.46,21.35,0.193,-0.0032,165.65,1.05,1.51,0.015,0.0014
LTR_M111,LTR,2000s,-0.01,22.38,21.35,0.193,-0.00319,165.65,1.05,1.14,0.014,0.0013
LTR_M112,LTR,2000s,0.06,22.38,21.35,0.193,-0.00319,165.65,1.05,1.02,0.013,0.0012
LTR_M113,LTR,2000s,0.06,22.38,21.35,0.193,-0.00318,165.65,1.05,3.86,0.056,0.005
LTR_M114,LTR,2000s,0.12,22.38,21.35,0.193,-0.00318,165.65,1.05,3.31,0.041,0.0037
LTR_M115,LTR,2000s,0.12,22.38,21.35,0.193,-0.00317,165.65,1.05,1.32,0.019,0.0017
LTR_M116,LTR,2000s,0.08,22.3,21.35,0.193,-0.00316,165.65,1.05,1.83,0.02,0.0019
LTR_M117,LTR,2000s,0.21,22.38,21.35,0.193,-0.00316,165.65,1.05,1.67,0.022,0.002
LTR_M118,LTR,2000s,0.21,22.38,21.35,0.193,-0.00315,165.65,1.05,0.9,0.011,0.001
LTR_M119,LTR,2000s,0.27,22.46,21.35,0.193,-0.00314,165.65,1.05,0.93,0.017,0.0016
LTR_M120,LTR,2000s,0.28,22.54,21.35,0.193,-0.00314,165.65,1.05,1.39,0.029,0.0026
LTR_M121,LTR,2000s,0.28,22.54,21.35,0.193,-0.00313,165.65,1.05,1.03,0.018,0.0016
LTR_M122,LTR,2000s,0.32,22.46,21.35,0.193,-0.00313,165.65,1.05,1.95,0.025,0.0023
LTR_M123,LTR,2000s,0.33,22.69,21.35,0.193,-0.00313,165.65,1.05,1.62,0.028,0.0026
LTR_M124,LTR,2000s,0.33,22.69,21.35,0.193,-0.00312,165.65,1.05,1.27,0.014,0.0013
LTR_M125,LTR,2000s,0.33,22.69,21.35,0.193,-0.00312,165.65,1.05,1.41,0.014,0.0013
LTR_M126,LTR,2000s,0.35,22.69,21.35,0.193,-0.00311,165.65,1.05,0.78,0.012,0.0011
LTR_M127,LTR,2000s,0.34,22.77,21.35,0.193,-0.00311,165.65,1.05,1.28,0.017,0.0015
LTR_M128,LTR,2000s,0.34,22.77,21.35,0.193,-0.0031,165.65,1.05,0.76,0.011,0.0012
RTR_M01,RTR,2000s,0.54,27.94,21.35,0.193,-0.00291,165.65,1.05,0.64,0.015,0.0014
RTR_M02,RTR,2000s,0.39,27.6,21.35,0.193,-0.0029,165.65,1.05,0.9,0.028,0.0025
RTR_M03,RTR,2000s,0.39,27.6,21.35,0.193,-0.0029,165.65,1.05,0.45,0.01,0.0009
RTR_M04,RTR,2000s,0.39,27.6,21.35,0.193,-0.0029,165.65,1.05,0.56,0.016,0.0014
RTR_M05,RTR,2000s,0.55,27.77,21.35,0.193,-0.0029,165.65,1.05,0.41,0.016,0.0015
RTR_M06,RTR,2000s,0.55,27.77,21.35,0.193,-0.0029,165.65,1.05,0.59,0.018,0.0017
RTR_M07,RTR,2000s,0.55,27.77,21.35,0.193,-0.00291,165.65,1.05,0.61,0.012,0.0011
RTR_M08,RTR,2000s,0.56,27.61,21.35,0.193,-0.00291,165.65,1.05,0.39,0.011,0.001
RTR_M09,RTR,2000s,0.56,27.61,21.35,0.193,-0.00291,165.65,1.05,0.44,0.012,0.0011
RTR_M10,RTR,2000s,0.56,27.61,21.35,0.193,-0.00291,165.65,1.05,0.44,0.016,0.0015
RTR_M11,RTR,2000s,0.56,27.61,21.35,0.193,-0.00291,165.65,1.05,0.35,0.011,0.001
RTR_M12,RTR,2000s,0.56,27.61,21.35,0.193,-0.00291,165.65,1.05,0.42,0.013,0.0012
RTR_M13,RTR,2000s,0.56,27.61,21.35,0.193,-0.00291,165.65,1.05,0.59,0.019,0.0017
RTR_M14,RTR,2000s,0.55,27.61,21.35,0.193,-0.00291,165.65,1.05,0.69,0.023,0.0021
RTR_M15,RTR,2000s,0.55,27.61,21.35,0.193,-0.00291,165.65,1.05,0.83,0.023,0.0021
RTR_M16,RTR,2000s,0.55,27.61,21.35,0.193,-0.00291,165.65,1.05,0.66,0.016,0.0014
RTR_M17,RTR,2000s,0.56,27.62,21.35,0.193,-0.00291,165.65,1.05,1.18,0.027,0.0025
RTR_M18,RTR,2000s,0.5,27.12,21.35,0.193,-0.00291,165.65,1.05,0.71,0.015,0.0014
RTR_M19,RTR,2000s,0.5,27.12,21.35,0.193,-0.00291,165.65,1.05,0.98,0.02,0.0018
RTR_M20,RTR,2000s,0.5,27.12,21.35,0.193,-0.00291,165.65,1.05,0.64,0.016,0.0015
RTR_M21,RTR,2000s,0.5,27.12,21.35,0.193,-0.00291,165.65,1.05,0.76,0.018,0.0016
RTR_M22,RTR,2000s,0.54,27.45,21.35,0.193,-0.00292,165.65,1.05,0.63,0.013,0.0015
RTR_M23,RTR,2000s,0.33,26.96,21.35,0.193,-0.00292,165.65,1.05,0.71,0.019,0.0022
RTR_M24,RTR,2000s,0.55,27.13,21.35,0.193,-0.00292,165.65,1.05,1.71,0.022,0.0025
RTR_M25,RTR,2000s,0.55,27.13,21.35,0.193,-0.00292,165.65,1.05,1.14,0.026,0.0029
RTR_M26,RTR,2000s,0.55,27.13,21.35,0.193,-0.00293,165.65,1.05,1.78,0.04,0.0036
RTR_M27,RTR,2000s,0.45,27.05,21.35,0.193,-0.00293,165.65,1.05,1.51,0.024,0.0022
RTR_M28,RTR,2000s,0.45,27.05,21.35,0.193,-0.00293,165.65,1.05,3.09,0.049,0.0045
RTR_M29,RTR,2000s,0.45,27.05,21.35,0.193,-0.00293,165.65,1.05,2.18,0.041,0.0038
RTR_M31,RTR,2000s,0.44,26.59,21.35,0.193,-0.00294,165.65,1.05,2.23,0.043,0.0039
RTR_M32,RTR,2000s,0.44,26.59,21.35,0.193,-0.00293,165.65,1.05,0.42,0.009,0.0008
RTR_M33,RTR,2000s,0.49,26.59,21.35,0.193,-0.00294,165.65,1.05,1.1,0.021,0.0019
RTR_M34,RTR,2000s,0.52,26.51,21.35,0.193,-0.00294,165.65,1.05,2.54,0.044,0.004
RTR_M35,RTR,2000s,0.52,26.51,21.35,0.193,-0.00294,165.65,1.05,1.09,0.021,0.0024
RTR_M37,RTR,2000s,0.53,26.35,21.35,0.193,-0.00294,165.65,1.05,0.84,0.008,0.0009
RTR_M38,RTR,2000s,0.53,26.35,21.35,0.193,-0.00294,165.65,1.05,0.69,0.011,0.001
RTR_M39,RTR,2000s,0.45,25.8,21.35,0.193,-0.00294,165.65,1.05,0.63,0.008,0.0007
RTR_M40,RTR,2000s,0.59,25.79,21.35,0.193,-0.00293,165.65,1.05,0.86,0.011,0.001
RTR_M41,RTR,2000s,0.58,25.8,21.35,0.193,-0.00293,165.65,1.05,1.49,0.028,0.0025
RTR_M42,RTR,2000s,0.58,25.8,21.35,0.193,-0.00293,165.65,1.05,0.48,0.011,0.001
RTR_M44,RTR,2000s,0.63,25.64,21.35,0.193,-0.00291,165.65,1.05,,,
RTR_M45,RTR,2000s,0.63,25.64,21.35,0.193,-0.00291,165.65,1.05,0.77,0.011,0.001
RTR_M46,RTR,2000s,0.64,25.63,21.35,0.193,-0.0029,165.65,1.05,1.04,0.011,0.001
RTR_M47,RTR,2000s,0.62,25.39,21.35,0.193,-0.00288,165.65,1.05,0.96,0.009,0.0008
RTR_M48,RTR,2000s,0.62,25.39,21.35,0.193,-0.00288,165.65,1.05,1.63,0.015,0.0014
RTR_M49,RTR,2000s,0.61,25.32,21.35,0.193,-0.00286,165.65,1.05,0.77,0.007,0.0006
RTR_M50,RTR,2000s,0.57,25.24,21.35,0.193,-0.00285,165.65,1.05,1.18,0.007,0.0007
RTR_M51,RTR,2000s,0.58,25.55,21.35,0.193,-0.00284,165.65,1.05,0.86,0.005,0.0005
RTR_M52,RTR,2000s,0.58,25.0,21.35,0.193,-0.00283,165.65,1.05,0.67,0.004,0.0004
RTR_M53,RTR,2000s,0.59,25.0,21.35,0.193,-0.00283,165.65,1.05,1.43,0.022,0.002
CR_M001,CR,2000s,0.1,19.59,21.35,0.193,-0.00265,165.65,1.05,0.78,0.02,0.002
CR_M002,CR,2000s,0.1,19.59,21.35,0.193,-0.00265,165.65,1.05,0.76,0.014,0.0014
CR_M003,CR,2000s,0.1,19.59,21.35,0.193,-0.00264,165.65,1.05,1.03,0.025,0.0025
CR_M004,CR,2000s,0.1,19.59,21.35,0.193,-0.00264,165.65,1.05,0.95,0.014,0.0014
CR_M005,CR,2000s,0.02,19.59,21.35,0.193,-0.00264,165.65,1.05,1.17,0.024,0.0024
CR_M006,CR,2000s,0.12,19.58,21.35,0.193,-0.00263,165.65,1.05,0.66,0.015,0.0015
CR_M007,CR,2000s,0.12,19.58,21.35,0.193,-0.00263,165.65,1.05,0.96,0.016,0.0016
CR_M029,CR,2000s,0.37,19.76,21.35,0.193,-0.00259,165.65,1.05,3.44,0.082,0.0082
CR_M030,CR,2000s,0.37,19.76,21.35,0.193,-0.00258,165.65,1.05,1.3,0.026,0.0026
CR_M031,CR,2000s,0.37,19.76,21.35,0.193,-0.00258,165.65,1.05,2.43,0.053,0.0053
CR_M032,CR,2000s,0.4,19.59,21.35,0.193,-0.00258,165.65,1.05,1.15,0.021,0.0021
CR_M033,CR,2000s,0.4,19.59,21.35,0.193,-0.00257,165.65,1.05,1.88,0.036,0.0036
CR_M034,CR,2000s,0.4,19.59,21.35,0.193,-0.00257,165.65,1.05,1.14,0.026,0.0026
CR_M035,CR,2000s,0.42,19.68,21.35,0.193,-0.00257,165.65,1.05,1.38,0.022,0.0022
CR_M036,CR,2000s,0.42,19.68,21.35,0.193,-0.00256,165.65,1.05,2.18,0.063,0.0063
CR_M037,CR,2000s,0.42,19.68,21.35,0.193,-0.00256,165.65,1.05,0.74,0.01,0.001
CR_M038,CR,2000s,0.42,19.68,21.35,0.193,-0.00256,165.65,1.05,0.72,0.016,0.0016
CR_M039,CR,2000s,0.42,19.68,21.35,0.193,-0.00256,165.65,1.05,1.57,0.032,0.0032
CR_M040,CR,2000s,0.43,19.59,21.35,0.193,-0.00255,165.65,1.05,0.98,0.019,0.0019
CR_M041,CR,2000s,0.43,19.59,21.35,0.193,-0.00255,165.65,1.05,0.96,0.018,0.0018
CR_M042,CR,2000s,0.43,19.59,21.35,0.193,-0.00255,165.65,1.05,1.52,0.031,0.0031
CR_M043,CR,2000s,0.43,19.59,21.35,0.193,-0.00255,165.65,1.05,0.97,0.022,0.0022
CR_M044,CR,2000s,0.43,19.59,21.35,0.193,-0.00255,165.65,1.05,1.64,0.031,0.0031
CR_M045,CR,2000s,0.42,19.49,21.35,0.193,-0.00254,165.65,1.05,1.07,0.025,0.0025
CR_M046,CR,2000s,0.42,19.49,21.35,0.193,-0.00254,165.65,1.05,1.42,0.027,0.0027
CR_M047,CR,2000s,0.47,19.65,21.35,0.193,-0.00254,165.65,1.05,7.93,0.142,0.0179
CR_M048,CR,2000s,0.47,19.55,21.35,0.193,-0.00253,165.65,1.05,0.88,0.021,0.0021
CR_M049,CR,2000s,0.47,19.55,21.35,0.193,-0.00253,165.65,1.05,,,
CR_M050,CR,2000s,0.47,19.55,21.35,0.193,-0.00253,165.65,1.05,1.25,0.033,0.0042
CR_M051,CR,2000s,0.47,19.55,21.35,0.193,-0.00253,165.65,1.05,1.66,0.038,0.0038
CR_M052,CR,2000s,0.47,19.55,21.35,0.193,-0.00253,165.65,1.05,0.83,0.019,0.0019
CR_M053,CR,2000s,0.45,19.46,21.35,0.193,-0.00253,165.65,1.05,1.62,0.037,0.0037
CR_M054,CR,2000s,0.45,19.46,21.35,0.193,-0.00252,165.65,1.05,1.48,0.031,0.0031
CR_M055,CR,2000s,0.45,19.46,21.35,0.193,-0.00252,165.65,1.05,1.18,0.024,0.0024
CR_M056,CR,2000s,0.5,19.53,21.35,0.193,-0.00251,165.65,1.05,1.2,0.024,0.0024
CR_M057,CR,2000s,0.5,19.53,21.35,0.193,-0.00251,165.65,1.05,1.51,0.032,0.0032
CR_M058,CR,2000s,0.48,19.44,21.35,0.193,-0.00251,165.65,1.05,1.26,0.027,0.0027
CR_M059,CR,2000s,0.48,19.44,21.35,0.193,-0.00251,165.65,1.05,0.89,0.023,0.0023
CR_M060,CR,2000s,0.48,19.44,21.35,0.193,-0.00251,165.65,1.05,1.16,0.024,0.0024
CR_M061,CR,2000s,0.48,19.44,21.35,0.193,-0.0025,165.65,1.05,1.0,0.021,0.0021
CR_M073,CR,2000s,0.5,19.22,21.35,0.193,-0.00247,165.65,1.05,1.92,0.036,0.0036
CR_M074,CR,2000s,0.57,19.46,21.35,0.193,-0.00247,165.65,1.05,1.63,0.03,0.003
CR_M075,CR,2000s,0.52,19.21,21.35,0.193,-0.00246,165.65,1.05,3.75,0.072,0.0072
CR_M076,CR,2000s,0.52,19.21,21.35,0.193,-0.00246,165.65,1.05,0.75,0.015,0.0019
CR_M077,CR,2000s,0.59,19.44,21.35,0.193,-0.00246,165.65,1.05,2.4,0.051,0.0051
CR_M078,CR,2000s,0.59,19.44,21.35,0.193,-0.00246,165.65,1.05,0.69,0.014,0.0014
CR_M079,CR,2000s,0.61,19.52,21.35,0.193,-0.00246,165.65,1.05,3.35,0.059,0.0059
CR_M084,CR,2000s,0.68,19.54,21.35,0.193,-0.00242,165.65,1.05,5.55,0.11,0.011
CR_M085,CR,2000s,0.64,19.53,21.35,0.193,-0.00242,165.65,1.05,4.06,0.071,0.0071
CR_M086,CR,2000s,0.64,19.53,21.35,0.193,-0.00241,165.65,1.05,1.85,0.032,0.005
CR_M087,CR,2000s,0.5,19.34,21.35,0.193,-0.0024,165.65,1.05,1.88,0.028,0.0036
CR_M088,CR,2000s,0.5,19.34,21.35,0.193,-0.0024,165.65,1.05,2.35,0.038,0.0038
CR_M089,CR,2000s,0.6,19.64,21.35,0.193,-0.00239,165.65,1.05,1.73,0.025,0.0025
CR_M090,CR,2000s,0.52,19.45,21.35,0.193,-0.00239,165.65,1.05,2.88,0.044,0.0044
CR_M091,CR,2000s,0.58,19.73,21.35,0.193,-0.00239,165.65,1.05,1.64,0.028,0.0028
CR_M092,CR,2000s,0.58,19.73,21.35,0.193,-0.00239,165.65,1.05,1.0,0.015,0.0015
CR_M104,CR,2000s,1.41,22.42,21.35,0.193,-0.00223,165.65,1.05,1.16,0.012,0.0012
CR_M107,CR,2000s,1.49,22.76,21.35,0.193,-0.0022,165.65,1.05,1.44,0.015,0.0015
CR_M108,CR,2000s,1.52,22.94,21.35,0.193,-0.00219,165.65,1.05,1.26,0.018,0.0018
CR_M109,CR,2000s,1.52,22.83,21.35,0.193,-0.00219,165.65,1.05,4.26,0.042,0.0042
CR_M111,CR,2000s,1.53,23.09,21.35,0.193,-0.00218,165.65,1.05,1.33,0.009,0.0009
CR_M112,CR,2000s,1.53,23.09,21.35,0.193,-0.00218,165.65,1.05,8.24,0.115,0.0115
CR_M113,CR,2000s,1.54,23.1,21.35,0.193,-0.00218,165.65,1.05,3.89,0.049,0.0049
CR_M114,CR,2000s,1.56,23.11,21.35,0.193,-0.00218,165.65,1.05,1.84,0.03,0.003
CR_M115,CR,2000s,1.56,23.28,21.35,0.193,-0.00218,165.65,1.05,2.1,0.006,0.0006
CR_M116,CR,2000s,1.59,23.61,21.35,0.193,-0.00218,165.65,1.05,0.88,0.01,0.001
CR_M117,CR,2000s,1.58,23.39,21.35,0.193,-0.00217,165.65,1.05,1.25,0.014,0.0014
CR_M118,CR,2000s,1.6,23.56,21.35,0.193,-0.00216,165.65,1.05,1.22,0.021,0.0021
CR_M119,CR,2000s,1.6,23.56,21.35,0.193,-0.00216,165.65,1.05,1.42,0.028,0.0028
CR_M120,CR,2000s,1.63,23.66,21.35,0.193,-0.00216,165.65,1.05,1.63,0.024,0.0024
CR_M121,CR,2000s,1.63,23.66,21.35,0.193,-0.00216,165.65,1.05,1.03,0.007,0.0007
CR_M122,CR,2000s,1.62,23.55,21.35,0.193,-0.00216,165.65,1.05,2.16,0.038,0.0038
CR_M123,CR,2000s,1.64,23.73,21.35,0.193,-0.00216,165.65,1.05,1.85,0.034,0.0034
CR_M124,CR,2000s,1.67,23.83,21.35,0.193,-0.00216,165.65,1.05,1.41,0.019,0.0019
PR_M001,PR,2000s,2.79,32.3,7.57,0.151,-0.00759,1452.21,135.15,1.63,0.048,0.0048
PR_M002,PR,2000s,2.79,32.3,7.57,0.151,-0.0076,1452.21,135.15,3.24,0.107,0.0107
PR_M003,PR,2000s,2.84,32.29,7.57,0.151,-0.00761,1452.21,135.15,4.88,0.14,0.014
PR_M004,PR,2000s,2.88,32.56,7.57,0.151,-0.00763,1452.21,135.15,1.65,0.036,0.0036
PR_M005,PR,2000s,2.88,32.56,7.57,0.151,-0.00763,1452.21,135.15,4.87,0.121,0.0121
PR_M006,PR,2000s,2.82,32.29,7.57,0.151,-0.00764,1452.21,135.15,3.59,0.086,0.0086
PR_M007,PR,2000s,2.82,32.29,7.57,0.151,-0.00765,1452.21,135.15,1.18,0.029,0.0029
PR_M008,PR,2000s,2.9,32.56,7.57,0.151,-0.00767,1452.21,135.15,4.91,0.093,0.0093
PR_M009,PR,2000s,2.9,32.56,7.57,0.151,-0.00768,1452.21,135.15,3.35,0.036,0.0036
PR_M010,PR,2000s,2.9,32.56,7.57,0.151,-0.0077,1452.21,135.15,1.75,0.046,0.0046
PR_M011,PR,2000s,2.9,32.56,7.57,0.151,-0.00772,1452.21,135.15,0.7,0.018,0.0018
PR_M012,PR,2000s,2.9,32.81,7.57,0.151,-0.00774,1452.21,135.15,3.42,0.101,0.0101
PR_M013,PR,2000s,2.9,32.81,7.57,0.151,-0.00776,1452.21,135.15,1.73,0.037,0.0037
PR_M014,PR,2000s,2.9,32.81,7.57,0.151,-0.00776,1452.21,135.15,1.73,0.037,0.0037
PR_M015,PR,2000s,2.9,32.81,7.57,0.151,-0.00777,1452.21,135.15,,,
PR_M016,PR,2000s,2.87,32.73,7.57,0.151,-0.00779,1452.21,135.15,2.61,0.069,0.0069
PR_M017,PR,2000s,2.87,32.73,7.57,0.151,-0.00781,1452.21,135.15,3.32,0.088,0.0088
PR_M018,PR,2000s,2.95,32.89,7.57,0.151,-0.0079,1452.21,135.15,,,
PR_M019,PR,2000s,2.95,32.89,7.57,0.151,-0.00792,1452.21,135.15,1.64,0.037,0.0037
PR_M020,PR,2000s,2.9,32.88,7.57,0.151,-0.00798,1452.21,135.15,1.28,0.032,0.0032
PR_M021,PR,2000s,2.9,32.88,7.57,0.151,-0.00802,1452.21,135.15,1.16,0.022,0.0022
PR_M022,PR,2000s,2.96,33.05,7.57,0.151,-0.00806,1452.21,135.15,2.17,0.048,0.0048
PR_M023,PR,2000s,2.96,33.05,7.57,0.151,-0.00807,1452.21,135.15,2.65,0.059,0.0059
PR_M024,PR,2000s,2.96,33.2,7.57,0.151,-0.00808,1452.21,135.15,1.56,0.037,0.0047
PR_M025,PR,2000s,2.9,33.14,7.57,0.151,-0.00806,1452.21,135.15,1.51,0.035,0.0035
PR_M026,PR,2000s,2.9,33.14,7.57,0.151,-0.00806,1452.21,135.15,2.36,0.063,0.0063
PR_M027,PR,2000s,2.9,33.14,7.57,0.151,-0.00808,1452.21,135.15,1.86,0.048,0.0048
PR_M028,PR,2000s,2.88,33.37,7.57,0.151,-0.00808,1452.21,135.15,3.64,0.091,0.0091
PR_M029,PR,2000s,2.88,33.37,7.57,0.151,-0.0081,1452.21,135.15,1.91,0.049,0.0049
PR_M030,PR,2000s,2.88,33.37,7.57,0.151,-0.0081,1452.21,135.15,4.8,0.124,0.0124
PR_M031,PR,2000s,2.88,33.37,7.57,0.151,-0.00811,1452.21,135.15,1.95,0.04,0.004
PR_M032,PR,2000s,2.93,33.57,7.57,0.151,-0.00813,1452.21,135.15,2.14,0.054,0.0054
PR_M033,PR,2000s,2.93,33.57,7.57,0.151,-0.00813,1452.21,135.15,1.74,0.046,0.0046
PR_M034,PR,2000s,2.93,33.57,7.57,0.151,-0.00815,1452.21,135.15,2.03,0.039,0.0039
PR_M035,PR,2000s,2.93,33.76,7.57,0.151,-0.00818,1452.21,135.15,2.95,0.037,0.0037
PR_M036,PR,2000s,2.93,33.76,7.57,0.151,-0.00821,1452.21,135.15,,,
PR_M037,PR,2000s,2.93,33.76,7.57,0.151,-0.00823,1452.21,135.15,,,
PR_M038,PR,2000s,2.94,33.75,7.57,0.151,-0.00825,1452.21,135.15,1.9,0.027,0.0027
PR_M039,PR,2000s,2.95,34.17,7.57,0.151,-0.00827,1452.21,135.15,2.99,0.061,0.0061
PR_M040,PR,2000s,2.95,34.17,7.57,0.151,-0.00829,1452.21,135.15,2.4,0.051,0.0051
PR_M043,PR,2000s,2.93,34.16,7.57,0.151,-0.00834,1452.21,135.15,1.46,0.034,0.0034
PR_M044,PR,2000s,2.88,34.22,7.57,0.151,-0.00837,1452.21,135.15,1.7,0.03,0.003
PR_M045,PR,2000s,2.88,34.22,7.57,0.151,-0.00837,1452.21,135.15,1.47,0.027,0.0027
PR_M046,PR,2000s,2.94,34.4,7.57,0.151,-0.00842,1452.21,135.15,2.37,0.045,0.0045
PR_M047,PR,2000s,2.93,34.38,7.57,0.151,-0.00844,1452.21,135.15,1.81,0.034,0.0034
PR_M048,PR,2000s,2.93,34.38,7.57,0.151,-0.00847,1452.21,135.15,1.68,0.032,0.0032
PR_M049,PR,2000s,2.92,34.58,7.57,0.151,-0.00852,1452.21,135.15,1.05,0.018,0.0018
PR_M050,PR,2000s,2.97,34.65,7.57,0.151,-0.00858,1452.21,135.15,0.81,0.015,0.0015
PR_M051,PR,2000s,2.97,34.91,7.57,0.151,-0.0086,1452.21,135.15,1.19,0.023,0.0023
PR_M052,PR,2000s,2.98,34.89,7.57,0.151,-0.00864,1452.21,135.15,2.95,0.039,0.0039
PR_M053,PR,2000s,2.99,34.91,7.57,0.151,-0.0087,1452.21,135.15,1.29,0.021,0.0021
PR_M054,PR,2000s,2.99,35.11,7.57,0.151,-0.0087,1452.21,135.15,2.17,0.032,0.0032
PR_M055,PR,2000s,2.82,35.38,7.57,0.151,-0.00856,1452.21,135.15,2.51,0.057,0.0057
PR_M056,PR,2000s,2.93,35.81,7.57,0.151,-0.00855,1452.21,135.15,2.14,0.06,0.006
PR_M057,PR,2000s,2.93,35.81,7.57,0.151,-0.00854,1452.21,135.15,2.59,0.062,0.0062
PR_M058,PR,2000s,2.93,35.81,7.57,0.151,-0.00853,1452.21,135.15,1.13,0.029,0.0029
PR_M060,PR,2000s,3.07,38.28,7.57,0.151,-0.0076,1452.21,135.15,8.88,0.105,0.0132
PR_M062,PR,2000s,3.09,38.37,7.57,0.151,-0.00756,1452.21,135.15,2.59,0.02,0.0025
PR_M063,PR,2000s,3.09,38.37,7.57,0.151,-0.00754,1452.21,135.15,3.39,0.039,0.0039
PR_M064,PR,2000s,3.09,38.37,7.57,0.151,-0.00752,1452.21,135.15,5.53,0.078,0.0078
PR_M066,PR,2000s,3.15,38.53,7.57,0.151,-0.00739,1452.21,135.15,1.18,0.018,0.0023
PR_M067,PR,2000s,3.16,38.54,7.57,0.151,-0.00736,1452.21,135.15,1.16,0.016,0.0016
PR_M068,PR,2000s,3.16,38.54,7.57,0.151,-0.0073,1452.21,135.15,,,
PR_M069,PR,2000s,3.2,38.81,7.57,0.151,-0.00724,1452.21,135.15,1.53,0.025,0.0025
PR_M070,PR,2000s,3.2,38.59,7.57,0.151,-0.00719,1452.21,135.15,2.48,0.04,0.004
PR_M071,PR,2000s,3.21,38.6,7.57,0.151,-0.00717,1452.21,135.15,1.43,0.023,0.0023
PR_M072,PR,2000s,3.21,38.6,7.57,0.151,-0.00713,1452.21,135.15,0.99,0.014,0.0014
PR_M073,PR,2000s,3.21,38.69,7.57,0.151,-0.0071,1452.21,135.15,1.22,0.016,0.0016
PR_M074,PR,2000s,3.19,38.78,7.57,0.151,-0.00704,1452.21,135.15,1.69,0.016,0.0016
PR_M077,PR,2000s,3.22,39.24,7.57,0.151,-0.00686,1452.21,135.15,3.05,0.03,0.003
PR_M078,PR,2000s,3.22,39.24,7.57,0.151,-0.00682,1452.21,135.15,2.55,0.027,0.0027
PR_M079,PR,2000s,3.23,39.07,7.57,0.151,-0.00677,1452.21,135.15,1.72,0.015,0.0015
PR_M080,PR,2000s,3.23,39.34,7.57,0.151,-0.00662,1452.21,135.15,1.61,0.012,0.0012
PR_M081,PR,2000s,3.23,39.34,7.57,0.151,-0.0066,1452.21,135.15,1.81,0.022,0.0022
PR_M082,PR,2000s,3.21,39.42,7.57,0.151,-0.00658,1452.21,135.15,1.39,0.018,0.0018
PR_M083,PR,2000s,3.21,39.42,7.57,0.151,-0.00656,1452.21,135.15,1.45,0.018,0.0018
PR_M084,PR,2000s,3.25,40.98,7.57,0.151,-0.00554,1452.21,135.15,1.68,0.023,0.0023
PR_M088,PR,2000s,3.24,41.75,7.57,0.151,-0.00525,1452.21,135.15,2.29,0.029,0.0029
PR_M089,PR,2000s,3.25,41.74,7.57,0.151,-0.00523,1452.21,135.15,1.03,0.008,0.001
PR_M091,PR,2000s,3.27,41.67,7.57,0.151,-0.00518,1452.21,135.15,2.01,0.034,0.0034
PR_M092,PR,2000s,3.28,41.68,7.57,0.151,-0.00515,1452.21,135.15,4.65,0.067,0.0067
PR_M093,PR,2000s,3.28,41.68,7.57,0.151,-0.00514,1452.21,135.15,2.91,0.037,0.0037
GTR_M01,GTR,2000s,1.69,12.57,4.29,0.164,-0.00273,405.49,18.54,5.04,0.041,0.0041
GTR_M02,GTR,2000s,1.67,12.27,4.29,0.164,-0.00272,405.49,18.54,1.26,0.012,0.0012
GTR_M03,GTR,2000s,1.67,12.27,4.29,0.164,-0.00272,405.49,18.54,3.79,0.033,0.0033
GTR_M04,GTR,2000s,1.76,12.33,4.29,0.164,-0.00272,405.49,18.54,2.78,0.022,0.0022
GTR_M05,GTR,2000s,1.68,12.28,4.29,0.164,-0.00271,405.49,18.54,4.12,0.04,0.004
GTR_M06,GTR,2000s,1.68,12.28,4.29,0.164,-0.00271,405.49,18.54,11.45,0.147,0.0186
GTR_M07,GTR,2000s,1.77,12.28,4.29,0.164,-0.00271,405.49,18.54,1.0,0.006,0.0008
GTR_M08,GTR,2000s,1.74,12.1,4.29,0.164,-0.0027,405.49,18.54,3.05,0.015,0.0015
GTR_M09,GTR,2000s,1.74,12.1,4.29,0.164,-0.00269,405.49,18.54,7.16,0.052,0.0052
GTR_M10,GTR,2000s,1.81,11.91,4.29,0.164,-0.00269,405.49,18.54,2.92,0.027,0.0034
GTR_M11,GTR,2000s,1.83,12.02,4.29,0.164,-0.00268,405.49,18.54,4.18,0.037,0.0037
GTR_M12,GTR,2000s,1.82,11.8,4.29,0.164,-0.00267,405.49,18.54,,,
GTR_M13,GTR,2000s,1.82,11.8,4.29,0.164,-0.00267,405.49,18.54,,,
GTR_M14,GTR,2000s,1.82,11.8,4.29,0.164,-0.00267,405.49,18.54,2.16,0.028,0.0028
GTR_M15,GTR,2000s,1.78,11.8,4.29,0.164,-0.00267,405.49,18.54,1.69,0.025,0.0025
GTR_M16,GTR,2000s,1.74,11.81,4.29,0.164,-0.00265,405.49,18.54,1.98,0.025,0.0025
GTR_M17,GTR,2000s,1.74,11.81,4.29,0.164,-0.00265,405.49,18.54,1.71,0.023,0.0023
GTR_M18,GTR,2000s,1.74,11.81,4.29,0.164,-0.00265,405.49,18.54,1.88,0.022,0.0022
GTR_M19,GTR,2000s,1.74,11.5,4.29,0.164,-0.00265,405.49,18.54,2.1,0.015,0.0015
GTR_M20,GTR,2000s,1.73,11.41,4.29,0.164,-0.00263,405.49,18.54,3.7,0.033,0.0033
GTR_M21,GTR,2000s,1.73,11.41,4.29,0.164,-0.00263,405.49,18.54,2.42,0.018,0.0018
GTR_M22,GTR,2000s,1.78,11.16,4.29,0.164,-0.00261,405.49,18.54,1.62,0.011,0.0011
GTR_M23,GTR,2000s,1.81,11.1,4.29,0.164,-0.0026,405.49,18.54,3.67,0.021,0.0021
GTR_M24,GTR,2000s,1.81,11.1,4.29,0.164,-0.00259,405.49,18.54,2.92,0.018,0.0018
GTR_M25,GTR,2000s,1.8,11.05,4.29,0.164,-0.00258,405.49,18.54,2.73,0.017,0.0017
GTR_M26,GTR,2000s,1.74,11.05,4.29,0.164,-0.00258,405.49,18.54,4.11,0.021,0.0021
GTR_M27,GTR,2000s,1.69,11.17,4.29,0.164,-0.00257,405.49,18.54,5.88,0.047,0.0047
GTR_M28,GTR,2000s,1.69,11.17,4.29,0.164,-0.00257,405.49,18.54,3.93,0.025,0.0032
GTR_M29,GTR,2000s,1.65,11.19,4.29,0.164,-0.00256,405.49,18.54,1.84,0.013,0.0013
GTR_M30,GTR,2000s,1.65,11.19,4.29,0.164,-0.00256,405.49,18.54,1.89,0.015,0.0018
GTR_M31,GTR,2000s,1.65,11.19,4.29,0.164,-0.00256,405.49,18.54,3.69,0.032,0.0032
GTR_M33,GTR,2000s,1.6,11.18,4.29,0.164,-0.00256,405.49,18.54,3.22,0.029,0.0029
STR_M01,STR,2000s,1.33,7.45,4.29,0.164,-0.00241,405.49,18.54,1.43,0.032,0.0032
STR_M02,STR,2000s,1.32,7.52,4.29,0.164,-0.0024,405.49,18.54,2.08,0.047,0.0047
STR_M03,STR,2000s,1.32,7.52,4.29,0.164,-0.0024,405.49,18.54,2.54,0.047,0.0047
STR_M04,STR,2000s,1.24,7.51,4.29,0.164,-0.0024,405.49,18.54,1.37,0.025,0.0025
STR_M14,STR,2000s,1.27,7.51,4.29,0.164,-0.00237,405.49,18.54,3.19,0.022,0.0027
STR_M15,STR,2000s,1.25,7.62,4.29,0.164,-0.00236,405.49,18.54,2.57,0.033,0.0033
STR_M16,STR,2000s,1.25,7.62,4.29,0.164,-0.00236,405.49,18.54,2.63,0.038,0.0038
STR_M17,STR,2000s,1.27,7.62,4.29,0.164,-0.00236,405.49,18.54,2.12,0.028,0.0028
STR_M19,STR,2000s,1.27,7.62,4.29,0.164,-0.00236,405.49,18.54,1.68,0.025,0.0025
STR_M21,STR,2000s,1.27,7.83,4.29,0.164,-0.00236,405.49,18.54,2.43,0.032,0.0032
STR_M22,STR,2000s,1.27,7.83,4.29,0.164,-0.00236,405.49,18.54,2.37,0.027,0.0027
STR_M23,STR,2000s,1.29,7.83,4.29,0.164,-0.00236,405.49,18.54,0.94,0.012,0.0012
STR_M24,STR,2000s,1.3,7.96,4.29,0.164,-0.00236,405.49,18.54,1.73,0.02,0.002
STR_M25,STR,2000s,1.3,7.96,4.29,0.164,-0.00236,405.49,18.54,,,
STR_M26,STR,2000s,1.3,7.96,4.29,0.164,-0.00235,405.49,18.54,,,
STR_M27,STR,2000s,1.3,8.25,4.29,0.164,-0.00235,405.49,18.54,2.59,0.034,0.0042
STR_M28,STR,2000s,1.3,8.25,4.29,0.164,-0.00235,405.49,18.54,1.38,0.024,0.0024
STR_M29,STR,2000s,1.3,8.25,4.29,0.164,-0.00235,405.49,18.54,3.5,0.056,0.0056
STR_M30,STR,2000s,1.3,8.25,4.29,0.164,-0.00235,405.49,18.54,1.81,0.026,0.0026
STR_M31,STR,2000s,1.32,8.31,4.29,0.164,-0.00235,405.49,18.54,2.56,0.044,0.0044
STR_M32,STR,2000s,1.32,8.31,4.29,0.164,-0.00235,405.49,18.54,3.5,0.054,0.0054
STR_M33,STR,2000s,1.32,8.31,4.29,0.164,-0.00235,405.49,18.54,2.13,0.028,0.0028
STR_M34,STR,2000s,1.31,8.35,4.29,0.164,-0.00235,405.49,18.54,3.97,0.046,0.0046
STR_M35,STR,2000s,1.31,8.35,4.29,0.164,-0.00234,405.49,18.54,3.38,0.049,0.0049
STR_M36,STR,2000s,1.31,8.35,4.29,0.164,-0.00234,405.49,18.54,2.05,0.035,0.0035
STR_M37,STR,2000s,1.31,8.35,4.29,0.164,-0.00234,405.49,18.54,2.47,0.041,0.0041
STR_M51,STR,2000s,1.49,9.0,4.29,0.164,-0.00233,405.49,18.54,1.71,0.029,0.0029
STR_M52,STR,2000s,1.49,9.0,4.29,0.164,-0.00233,405.49,18.54,1.87,0.034,0.0034
STR_M53,STR,2000s,1.49,9.0,4.29,0.164,-0.00233,405.49,18.54,0.8,0.015,0.0015
STR_M54,STR,2000s,1.45,9.0,4.29,0.164,-0.00233,405.49,18.54,1.03,0.016,0.0016
STR_M55,STR,2000s,1.45,9.0,4.29,0.164,-0.00233,405.49,18.54,1.2,0.02,0.002
STR_M56,STR,2000s,1.45,9.0,4.29,0.164,-0.00232,405.49,18.54,1.66,0.023,0.0023
STR_M57,STR,2000s,1.38,9.13,4.29,0.164,-0.00232,405.49,18.54,,,
STR_M58,STR,2000s,1.38,9.13,4.29,0.164,-0.00233,405.49,18.54,0.8,0.014,0.0017
STR_M59,STR,2000s,1.32,9.21,4.29,0.164,-0.00232,405.49,18.54,2.09,0.033,0.0033
STR_M60,STR,2000s,1.32,9.21,4.29,0.164,-0.00232,405.49,18.54,1.92,0.029,0.0029
STR_M61,STR,2000s,1.2,9.37,4.29,0.164,-0.00232,405.49,18.54,1.54,0.021,0.0021
STR_M62,STR,2000s,1.2,9.37,4.29,0.164,-0.00233,405.49,18.54,1.01,0.018,0.0018
STR_M63,STR,2000s,1.11,9.55,4.29,0.164,-0.00233,405.49,18.54,2.23,0.035,0.0035
STR_M64,STR,2000s,1.11,9.55,4.29,0.164,-0.00233,405.49,18.54,,,
STR_M65,STR,2000s,0.98,9.61,4.29,0.164,-0.00232,405.49,18.54,2.67,0.041,0.0041
STR_M66,STR,2000s,0.98,9.61,4.29,0.164,-0.00232,405.49,18.54,3.38,0.055,0.0055
STR_M67,STR,2000s,0.98,9.61,4.29,0.164,-0.00232,405.49,18.54,2.51,0.046,0.0046
STR_M68,STR,2000s,0.82,9.64,4.29,0.164,-0.00232,405.49,18.54,2.4,0.038,0.0038
STR_M69,STR,2000s,0.82,9.64,4.29,0.164,-0.00232,405.49,18.54,6.77,0.071,0.0071
STR_M70,STR,2000s,0.56,9.65,4.29,0.164,-0.00232,405.49,18.54,3.3,0.056,0.0056
STR_M71,STR,2000s,0.56,9.65,4.29,0.164,-0.00231,405.49,18.54,2.76,0.04,0.004
STR_M72,STR,2000s,0.56,9.65,4.29,0.164,-0.00231,405.49,18.54,1.31,0.022,0.0022
STR_M73,STR,2000s,0.3,9.73,4.29,0.164,-0.00231,405.49,18.54,1.69,0.04,0.004
JYR_M001,JYR,2010s,-3.83,28.84,26.99,0.214,-0.00725,165.54,1.21,0.45,0.015,0.0015
JYR_M002,JYR,2010s,-3.83,28.84,26.99,0.214,-0.00724,165.54,1.21,,,
JYR_M003,JYR,2010s,-3.88,28.77,26.99,0.214,-0.00724,165.54,1.21,,,
JYR_M004,JYR,2010s,-3.83,28.84,26.99,0.214,-0.00724,165.54,1.21,,,
JYR_M005,JYR,2010s,-3.88,28.77,26.99,0.214,-0.00723,165.54,1.21,,,
JYR_M006,JYR,2010s,-3.88,28.77,26.99,0.214,-0.00724,165.54,1.21,1.08,0.03,0.003
JYR_M007,JYR,2010s,-3.52,28.85,26.99,0.214,-0.00727,165.54,1.21,2.33,0.047,0.0047
JYR_M008,JYR,2010s,-3.54,28.84,26.99,0.214,-0.00725,165.54,1.21,1.24,0.021,0.0021
JYR_M009,JYR,2010s,-3.58,28.7,26.99,0.214,-0.00723,165.54,1.21,3.15,0.069,0.0069
JYR_M010,JYR,2010s,-3.58,28.7,26.99,0.214,-0.00722,165.54,1.21,1.86,0.034,0.0034
JYR_M011,JYR,2010s,-3.79,27.59,26.99,0.214,-0.00697,165.54,1.21,2.39,0.019,0.0019
JYR_M012,JYR,2010s,-3.78,27.68,26.99,0.214,-0.00691,165.54,1.21,1.07,0.008,0.0008
JYR_M013,JYR,2010s,-3.83,27.52,26.99,0.214,-0.00686,165.54,1.21,0.81,0.026,0.0026
JYR_M019,JYR,2010s,-2.67,26.16,26.99,0.214,-0.00569,165.54,1.21,0.56,0.012,0.0012
JYR_M020,JYR,2010s,-2.67,26.15,26.99,0.214,-0.00568,165.54,1.21,,,
JYR_M021,JYR,2010s,-2.71,26.15,26.99,0.214,-0.00567,165.54,1.21,,,
JYR_M022,JYR,2010s,-2.71,26.15,26.99,0.214,-0.00566,165.54,1.21,2.06,0.05,0.005
JYR_M023,JYR,2010s,-2.71,26.15,26.99,0.214,-0.00563,165.54,1.21,0.63,0.021,0.0021
JYR_M024,JYR,2010s,-2.76,26.13,26.99,0.214,-0.0056,165.54,1.21,1.41,0.033,0.0033
JYR_M025,JYR,2010s,-2.76,26.13,26.99,0.214,-0.00559,165.54,1.21,1.15,0.037,0.0037
JYR_M026,JYR,2010s,-2.79,26.06,26.99,0.214,-0.00557,165.54,1.21,1.32,0.04,0.004
JYR_M027,JYR,2010s,-2.8,26.12,26.99,0.214,-0.00557,165.54,1.21,1.51,0.048,0.0048
JYR_M028,JYR,2010s,-2.8,26.12,26.99,0.214,-0.00556,165.54,1.21,1.52,0.048,0.0048
JYR_M029,JYR,2010s,-2.82,26.3,26.99,0.214,-0.00555,165.54,1.21,0.95,0.022,0.0022
JYR_M030,JYR,2010s,-2.82,26.3,26.99,0.214,-0.00555,165.54,1.21,0.66,0.018,0.0018
JYR_M035,JYR,2010s,-2.84,26.39,26.99,0.214,-0.00552,165.54,1.21,0.63,0.016,0.0016
JYR_M036,JYR,2010s,-2.8,26.3,26.99,0.214,-0.0055,165.54,1.21,0.58,0.015,0.0015
JYR_M037,JYR,2010s,-2.8,26.32,26.99,0.214,-0.00549,165.54,1.21,0.69,0.016,0.0016
JYR_M038,JYR,2010s,-2.82,26.32,26.99,0.214,-0.00549,165.54,1.21,1.19,0.027,0.0027
JYR_M039,JYR,2010s,-2.81,26.28,26.99,0.214,-0.00547,165.54,1.21,0.93,0.025,0.0025
JYR_M045,JYR,2010s,-2.72,26.21,26.99,0.214,-0.00542,165.54,1.21,1.28,0.033,0.0033
JYR_M046,JYR,2010s,-2.72,26.21,26.99,0.214,-0.00541,165.54,1.21,0.51,0.014,0.0014
JYR_M047,JYR,2010s,-2.72,26.21,26.99,0.214,-0.00542,165.54,1.21,0.67,0.017,0.0017
JYR_M048,JYR,2010s,-2.71,26.18,26.99,0.214,-0.0054,165.54,1.21,0.64,0.017,0.0017
JYR_M049,JYR,2010s,-2.69,26.11,26.99,0.214,-0.00539,165.54,1.21,1.13,0.034,0.0034
JYR_M050,JYR,2010s,-2.69,26.11,26.99,0.214,-0.00539,165.54,1.21,0.87,0.023,0.0023
JYR_M051,JYR,2010s,-2.71,26.13,26.99,0.214,-0.00538,165.54,1.21,0.79,0.024,0.0024
JYR_M052,JYR,2010s,-2.71,26.13,26.99,0.214,-0.00538,165.54,1.21,2.06,0.063,0.0063
JYR_M053,JYR,2010s,-2.71,26.13,26.99,0.214,-0.00537,165.54,1.21,0.67,0.021,0.0021
JYR_M054,JYR,2010s,-2.72,26.09,26.99,0.214,-0.00537,165.54,1.21,0.74,0.019,0.0019
JYR_M055,JYR,2010s,-2.7,26.09,26.99,0.214,-0.00536,165.54,1.21,0.5,0.013,0.0013
JYR_M056,JYR,2010s,-2.66,26.09,26.99,0.214,-0.00535,165.54,1.21,0.89,0.025,0.0025
JYR_M057,JYR,2010s,-2.66,26.09,26.99,0.214,-0.00535,165.54,1.21,0.79,0.019,0.0019
JYR_M058,JYR,2010s,-2.66,26.09,26.99,0.214,-0.00534,165.54,1.21,1.16,0.032,0.0032
JYR_M059,JYR,2010s,-2.66,26.09,26.99,0.214,-0.00533,165.54,1.21,0.63,0.016,0.0016
JYR_M060,JYR,2010s,-2.66,26.09,26.99,0.214,-0.00533,165.54,1.21,0.86,0.022,0.0022
JYR_M061,JYR,2010s,-2.75,25.81,26.99,0.214,-0.00533,165.54,1.21,1.16,0.035,0.0035
JYR_M062,JYR,2010s,-2.75,25.81,26.99,0.214,-0.00533,165.54,1.21,0.93,0.025,0.0025
JYR_M063,JYR,2010s,-2.75,25.81,26.99,0.214,-0.00532,165.54,1.21,1.06,0.032,0.0032
JYR_M064,JYR,2010s,-2.57,25.69,26.99,0.214,-0.00531,165.54,1.21,0.42,0.009,0.0009
JYR_M065,JYR,2010s,-2.58,25.67,26.99,0.214,-0.0053,165.54,1.21,0.64,0.02,0.002
JYR_M066,JYR,2010s,-2.58,25.54,26.99,0.214,-0.00529,165.54,1.21,0.54,0.016,0.0016
JYR_M067,JYR,2010s,-2.58,25.54,26.99,0.214,-0.0053,165.54,1.21,1.15,0.024,0.0024
JYR_M070,JYR,2010s,-2.44,25.32,26.99,0.214,-0.00524,165.54,1.21,1.35,0.027,0.0027
JYR_M071,JYR,2010s,-2.43,25.36,26.99,0.214,-0.00523,165.54,1.21,1.72,0.035,0.0035
JYR_M072,JYR,2010s,-2.43,25.33,26.99,0.214,-0.00523,165.54,1.21,1.19,0.033,0.0033
JYR_M073,JYR,2010s,-2.43,25.36,26.99,0.214,-0.00522,165.54,1.21,0.61,0.018,0.0018
JYR_M076,JYR,2010s,-2.21,24.86,26.99,0.214,-0.0049,165.54,1.21,,,
JYR_M077,JYR,2010s,-2.16,24.81,26.99,0.214,-0.00485,165.54,1.21,0.54,0.015,0.0015
JYR_M083,JYR,2010s,-2.01,24.68,26.99,0.214,-0.00478,165.54,1.21,0.64,0.005,0.0006
JYR_M084,JYR,2010s,-1.95,24.45,26.99,0.214,-0.00477,165.54,1.21,0.3,0.008,0.0008
JYR_M085,JYR,2010s,-1.95,24.42,26.99,0.214,-0.00476,165.54,1.21,1.14,0.033,0.0033
JYR_M086,JYR,2010s,-1.97,24.42,26.99,0.214,-0.00475,165.54,1.21,1.35,0.035,0.0035
JYR_M087,JYR,2010s,-1.97,24.42,26.99,0.214,-0.00475,165.54,1.21,0.92,0.028,0.0028
JYR_M088,JYR,2010s,-1.97,24.42,26.99,0.214,-0.00475,165.54,1.21,0.8,0.03,0.003
JYR_M089,JYR,2010s,-1.97,24.42,26.99,0.214,-0.00474,165.54,1.21,0.31,0.013,0.0013
JYR_M093,JYR,2010s,-1.9,24.16,26.99,0.214,-0.00468,165.54,1.21,0.53,0.016,0.0016
JYR_M094,JYR,2010s,-1.9,24.16,26.99,0.214,-0.00468,165.54,1.21,0.86,0.031,0.0031
JYR_M095,JYR,2010s,-1.91,24.15,26.99,0.214,-0.00466,165.54,1.21,1.06,0.042,0.0042
JYR_M096,JYR,2010s,-1.78,24.07,26.99,0.214,-0.00465,165.54,1.21,1.12,0.034,0.0034
JYR_M097,JYR,2010s,-1.79,24.01,26.99,0.214,-0.00465,165.54,1.21,0.56,0.019,0.0019
JYR_M098,JYR,2010s,-1.84,23.85,26.99,0.214,-0.00461,165.54,1.21,,,
JYR_M099,JYR,2010s,-1.72,23.75,26.99,0.214,-0.00461,165.54,1.21,2.24,0.063,0.0063
JYR_M100,JYR,2010s,-1.72,23.72,26.99,0.214,-0.0046,165.54,1.21,,,
JYR_M101,JYR,2010s,-1.68,23.73,26.99,0.214,-0.0046,165.54,1.21,1.35,0.041,0.0041
JYR_M102,JYR,2010s,-1.68,23.73,26.99,0.214,-0.00459,165.54,1.21,1.57,0.049,0.0049
JYR_M103,JYR,2010s,-1.67,23.72,26.99,0.214,-0.00458,165.54,1.21,1.09,0.033,0.0033
YTR_M001,YTR,2010s,-1.64,23.65,26.99,0.214,-0.00457,165.54,1.21,,,
YTR_M002,YTR,2010s,-1.42,23.93,26.99,0.214,-0.00445,165.54,1.21,,,
YTR_M003,YTR,2010s,-1.39,23.94,26.99,0.214,-0.00444,165.54,1.21,2.78,0.092,0.0092
YTR_M004,YTR,2010s,-1.39,23.94,26.99,0.214,-0.00444,165.54,1.21,2.05,0.067,0.0067
YTR_M005,YTR,2010s,-1.39,23.94,26.99,0.214,-0.00444,165.54,1.21,1.95,0.063,0.0063
YTR_M006,YTR,2010s,-1.39,23.95,26.99,0.214,-0.00443,165.54,1.21,4.12,0.128,0.0128
YTR_M007,YTR,2010s,-1.37,23.95,26.99,0.214,-0.00443,165.54,1.21,3.09,0.085,0.0085
YTR_M008,YTR,2010s,-1.36,23.92,26.99,0.214,-0.00443,165.54,1.21,5.43,0.166,0.0166
YTR_M009,YTR,2010s,-1.36,23.92,26.99,0.214,-0.00442,165.54,1.21,6.96,0.234,0.0234
YTR_M010,YTR,2010s,-1.33,23.92,26.99,0.214,-0.00442,165.54,1.21,1.87,0.054,0.0054
YTR_M011,YTR,2010s,-1.33,23.94,26.99,0.214,-0.00441,165.54,1.21,2.92,0.107,0.0107
YTR_M012,YTR,2010s,-1.33,23.95,26.99,0.214,-0.00441,165.54,1.21,,,
YTR_M013,YTR,2010s,-1.33,23.95,26.99,0.214,-0.0044,165.54,1.21,,,
YTR_M014,YTR,2010s,-1.33,23.95,26.99,0.214,-0.00442,165.54,1.21,4.2,0.127,0.0127
YTR_M015,YTR,2010s,-1.33,23.95,26.99,0.214,-0.00441,165.54,1.21,3.02,0.071,0.0071
YTR_M016,YTR,2010s,-1.27,24.0,26.99,0.214,-0.00438,165.54,1.21,,,
YTR_M017,YTR,2010s,-1.24,23.87,26.99,0.214,-0.00437,165.54,1.21,3.61,0.082,0.0131
YTR_M018,YTR,2010s,-1.22,23.91,26.99,0.214,-0.00435,165.54,1.21,4.44,0.101,0.0101
YTR_M019,YTR,2010s,-1.19,23.78,26.99,0.214,-0.00435,165.54,1.21,4.08,0.091,0.0091
YTR_M020,YTR,2010s,-1.19,23.78,26.99,0.214,-0.00435,165.54,1.21,1.57,0.021,0.0021
YTR_M021,YTR,2010s,-1.21,24.01,26.99,0.214,-0.00435,165.54,1.21,3.47,0.064,0.0064
YTR_M022,YTR,2010s,-1.21,23.99,26.99,0.214,-0.00435,165.54,1.21,3.57,0.106,0.0106
YTR_M024,YTR,2010s,-1.21,24.12,26.99,0.214,-0.00435,165.54,1.21,3.59,0.013,0.0013
YTR_M025,YTR,2010s,-1.21,24.14,26.99,0.214,-0.00435,165.54,1.21,2.07,0.049,0.0061
YTR_M026,YTR,2010s,-1.21,24.33,26.99,0.214,-0.00435,165.54,1.21,11.76,0.322,0.0322
YTR_M027,YTR,2010s,-1.25,24.18,26.99,0.214,-0.00434,165.54,1.21,0.91,0.018,0.0022
YTR_M028,YTR,2010s,-1.24,24.19,26.99,0.214,-0.00433,165.54,1.21,1.21,0.03,0.003
YTR_M029,YTR,2010s,-1.22,24.25,26.99,0.214,-0.00433,165.54,1.21,3.71,0.07,0.007
YTR_M031,YTR,2010s,-1.24,24.25,26.99,0.214,-0.00433,165.54,1.21,6.25,0.123,0.0123
YTR_M032,YTR,2010s,-1.19,24.51,26.99,0.214,-0.00432,165.54,1.21,10.25,0.185,0.0234
YTR_M033,YTR,2010s,-1.17,24.48,26.99,0.214,-0.0043,165.54,1.21,2.01,0.007,0.0014
YTR_M035,YTR,2010s,-1.24,24.53,26.99,0.214,-0.00423,165.54,1.21,2.53,0.044,0.0044
YTR_M036,YTR,2010s,-1.24,24.53,26.99,0.214,-0.00422,165.54,1.21,1.49,0.031,0.0039
YTR_M038,YTR,2010s,-1.25,24.38,26.99,0.214,-0.0042,165.54,1.21,2.56,0.015,0.0019
YTR_M039,YTR,2010s,-1.25,24.37,26.99,0.214,-0.0042,165.54,1.21,1.03,0.015,0.0015
YTR_M040,YTR,2010s,-1.26,24.37,26.99,0.214,-0.00419,165.54,1.21,7.57,0.076,0.0076
YTR_M042,YTR,2010s,-1.25,24.42,26.99,0.214,-0.00416,165.54,1.21,4.18,0.079,0.0079
YTR_M045,YTR,2010s,-1.24,24.59,26.99,0.214,-0.00413,165.54,1.21,,,
YTR_M046,YTR,2010s,-1.22,24.44,26.99,0.214,-0.00412,165.54,1.21,2.81,0.069,0.0069
YTR_M047,YTR,2010s,-1.22,24.44,26.99,0.214,-0.00411,165.54,1.21,2.31,0.043,0.0043
YTR_M048,YTR,2010s,-1.14,24.41,26.99,0.214,-0.00407,165.54,1.21,4.97,0.096,0.0096
YTR_M049,YTR,2010s,-1.14,24.41,26.99,0.214,-0.00406,165.54,1.21,2.47,0.05,0.005
YTR_M051,YTR,2010s,-1.0,24.55,26.99,0.214,-0.00405,165.54,1.21,,,
YTR_M052,YTR,2010s,-0.99,24.53,26.99,0.214,-0.00403,165.54,1.21,4.61,0.114,0.0114
YTR_M053,YTR,2010s,-0.96,24.53,26.99,0.214,-0.00402,165.54,1.21,2.43,0.055,0.0055
YTR_M054,YTR,2010s,-0.88,24.23,26.99,0.214,-0.00399,165.54,1.21,,,
YTR_M055,YTR,2010s,-0.82,24.51,26.99,0.214,-0.00398,165.54,1.21,,,
YTR_M056,YTR,2010s,-0.82,24.51,26.99,0.214,-0.00397,165.54,1.21,3.47,0.06,0.006
YTR_M057,YTR,2010s,-0.75,24.52,26.99,0.214,-0.00397,165.54,1.21,,,
YTR_M058,YTR,2010s,-0.71,24.43,26.99,0.214,-0.00394,165.54,1.21,3.93,0.047,0.0047
YTR_M059,YTR,2010s,-0.71,24.41,26.99,0.214,-0.00393,165.54,1.21,,,
YTR_M060,YTR,2010s,-0.68,24.21,26.99,0.214,-0.00392,165.54,1.21,,,
YTR_M061,YTR,2010s,-0.67,24.16,26.99,0.214,-0.0039,165.54,1.21,,,
YTR_M062,YTR,2010s,-0.67,24.15,26.99,0.214,-0.0039,165.54,1.21,,,
YTR_M063,YTR,2010s,-0.63,24.16,26.99,0.214,-0.00388,165.54,1.21,1.89,0.027,0.0034
YTR_M064,YTR,2010s,-0.62,24.09,26.99,0.214,-0.00387,165.54,1.21,5.89,0.115,0.0115
YTR_M065,YTR,2010s,-0.59,24.06,26.99,0.214,-0.00385,165.54,1.21,0.83,0.011,0.0011
YTR_M066,YTR,2010s,-0.55,24.07,26.99,0.214,-0.00383,165.54,1.21,6.09,0.117,0.0117
YTR_M067,YTR,2010s,-0.55,24.05,26.99,0.214,-0.00382,165.54,1.21,3.73,0.08,0.008
YTR_M068,YTR,2010s,-0.55,24.13,26.99,0.214,-0.0038,165.54,1.21,7.71,0.151,0.019
YTR_M069,YTR,2010s,-0.55,24.01,26.99,0.214,-0.00379,165.54,1.21,18.61,0.342,0.0431
YTR_M070,YTR,2010s,-0.53,24.21,26.99,0.214,-0.00378,165.54,1.21,5.28,0.116,0.0116
YTR_M072,YTR,2010s,-0.53,24.2,26.99,0.214,-0.00377,165.54,1.21,1.67,0.049,0.0049
YTR_M073,YTR,2010s,-0.52,24.09,26.99,0.214,-0.00377,165.54,1.21,6.37,0.111,0.0111
YTR_M074,YTR,2010s,-0.51,24.22,26.99,0.214,-0.00376,165.54,1.21,1.57,0.029,0.0029
YTR_M075,YTR,2010s,-0.48,24.13,26.99,0.214,-0.00374,165.54,1.21,2.71,0.056,0.0056
YTR_M077,YTR,2010s,-0.4,24.11,26.99,0.214,-0.00373,165.54,1.21,1.82,0.037,0.0037
YTR_M078,YTR,2010s,-0.4,24.11,26.99,0.214,-0.00373,165.54,1.21,1.27,0.025,0.0032
YTR_M080,YTR,2010s,-0.4,24.14,26.99,0.214,-0.00371,165.54,1.21,4.52,0.079,0.0079
YTR_M081,YTR,2010s,-0.33,24.18,26.99,0.214,-0.00369,165.54,1.21,11.24,0.226,0.0226
YTR_M082,YTR,2010s,-0.33,24.18,26.99,0.214,-0.00368,165.54,1.21,,,
YTR_M083,YTR,2010s,-0.35,24.12,26.99,0.214,-0.00367,165.54,1.21,10.69,0.285,0.0358
YTR_M084,YTR,2010s,-0.34,24.02,26.99,0.214,-0.00366,165.54,1.21,13.01,0.277,0.0349
YTR_M085,YTR,2010s,-0.38,23.94,26.99,0.214,-0.00366,165.54,1.21,3.27,0.054,0.0054
YTR_M086,YTR,2010s,-0.33,23.67,26.99,0.214,-0.00361,165.54,1.21,1.91,0.03,0.003
YTR_M087,YTR,2010s,-0.29,23.61,26.99,0.214,-0.0036,165.54,1.21,3.9,0.058,0.0058
YTR_M089,YTR,2010s,-0.22,23.6,26.99,0.214,-0.00358,165.54,1.21,5.73,0.09,0.0143
YTR_M091,YTR,2010s,-0.16,23.6,26.99,0.214,-0.00356,165.54,1.21,2.05,0.024,0.0024
YTR_M092,YTR,2010s,-0.07,23.5,26.99,0.214,-0.00353,165.54,1.21,2.31,0.041,0.0041
YTR_M093,YTR,2010s,-0.05,23.56,26.99,0.214,-0.00353,165.54,1.21,1.78,0.026,0.0026
YTR_M094,YTR,2010s,-0.03,23.49,26.99,0.214,-0.00352,165.54,1.21,2.44,0.023,0.0023
YTR_M095,YTR,2010s,0.01,23.41,26.99,0.214,-0.0035,165.54,1.21,1.51,0.022,0.0028
YTR_M096,YTR,2010s,0.06,23.37,26.99,0.214,-0.00348,165.54,1.21,1.43,0.022,0.0022
YTR_M097,YTR,2010s,0.08,23.36,26.99,0.214,-0.00346,165.54,1.21,3.44,0.05,0.005
YTR_M098,YTR,2010s,0.1,23.36,26.99,0.214,-0.00345,165.54,1.21,1.63,0.024,0.0024
YTR_M099,YTR,2010s,0.14,23.28,26.99,0.214,-0.00344,165.54,1.21,2.33,0.022,0.0022
YTR_M100,YTR,2010s,0.16,23.43,26.99,0.214,-0.00343,165.54,1.21,1.7,0.023,0.0023
YTR_M101,YTR,2010s,0.2,23.29,26.99,0.214,-0.00342,165.54,1.21,1.33,0.013,0.0013
YTR_M102,YTR,2010s,0.21,23.41,26.99,0.214,-0.00342,165.54,1.21,2.7,0.034,0.0034
YTR_M103,YTR,2010s,0.22,23.39,26.99,0.214,-0.00341,165.54,1.21,2.0,0.029,0.0029
YTR_M104,YTR,2010s,0.26,23.44,26.99,0.214,-0.0034,165.54,1.21,0.75,0.014,0.0014
YTR_M105,YTR,2010s,0.27,23.39,26.99,0.214,-0.0034,165.54,1.21,1.13,0.025,0.0025
YTR_M106,YTR,2010s,0.3,23.38,26.99,0.214,-0.00339,165.54,1.21,2.15,0.039,0.0039
YTR_M107,YTR,2010s,0.3,23.38,26.99,0.214,-0.00339,165.54,1.21,1.08,0.022,0.0022
YTR_M108,YTR,2010s,0.3,23.38,26.99,0.214,-0.00338,165.54,1.21,1.5,0.028,0.0028
YTR_M109,YTR,2010s,0.41,23.45,26.99,0.214,-0.00327,165.54,1.21,2.68,0.025,0.0025
YTR_M110,YTR,2010s,0.4,23.52,26.99,0.214,-0.00327,165.54,1.21,1.66,0.021,0.0021
YTR_M113,YTR,2010s,0.39,23.51,26.99,0.214,-0.00326,165.54,1.21,1.77,0.028,0.0028
YTR_M114,YTR,2010s,0.39,23.56,26.99,0.214,-0.00326,165.54,1.21,1.85,0.025,0.0025
YTR_M115,YTR,2010s,0.4,23.51,26.99,0.214,-0.00325,165.54,1.21,2.68,0.037,0.0037
YTR_M116,YTR,2010s,0.42,23.51,26.99,0.214,-0.00324,165.54,1.21,4.28,0.047,0.0047
YTR_M117,YTR,2010s,0.43,23.49,26.99,0.214,-0.00323,165.54,1.21,,,
YTR_M118,YTR,2010s,0.43,23.52,26.99,0.214,-0.00323,165.54,1.21,3.6,0.026,0.0026
YTR_M120,YTR,2010s,0.55,23.43,26.99,0.214,-0.00314,165.54,1.21,2.7,0.033,0.0033
YTR_M121,YTR,2010s,0.56,23.4,26.99,0.214,-0.00313,165.54,1.21,1.2,0.02,0.002
YTR_M122,YTR,2010s,0.58,23.32,26.99,0.214,-0.00313,165.54,1.21,0.77,0.018,0.0018
YTR_M123,YTR,2010s,0.58,23.32,26.99,0.214,-0.00313,165.54,1.21,1.56,0.029,0.0029
YTR_M124,YTR,2010s,0.59,23.4,26.99,0.214,-0.00311,165.54,1.21,1.86,0.025,0.0025
YTR_M131,YTR,2010s,1.64,24.32,26.99,0.214,-0.00238,165.54,1.21,1.7,0.012,0.0012
YTR_M132,YTR,2010s,1.64,24.32,26.99,0.214,-0.00237,165.54,1.21,1.14,0.008,0.0008
YTR_M133,YTR,2010s,1.66,24.06,26.99,0.214,-0.0023,165.54,1.21,1.99,0.012,0.0012
YTR_M137,YTR,2010s,1.78,25.83,26.99,0.214,-0.002,165.54,1.21,2.87,0.028,0.0028
YTR_M138,YTR,2010s,1.8,25.95,26.99,0.214,-0.00198,165.54,1.21,3.07,0.028,0.0028
YTR_M144,YTR,2010s,1.84,25.27,26.99,0.214,-0.00187,165.54,1.21,1.97,0.016,0.0016
YTR_M145,YTR,2010s,1.88,25.19,26.99,0.214,-0.00187,165.54,1.21,1.58,0.01,0.001
YTR_M146,YTR,2010s,1.89,24.89,26.99,0.214,-0.00186,165.54,1.21,2.87,0.023,0.0023
YTR_M147,YTR,2010s,1.96,24.95,26.99,0.214,-0.00184,165.54,1.21,17.51,0.181,0.0288
YTR_M148,YTR,2010s,1.87,25.27,26.99,0.214,-0.00186,165.54,1.21,2.21,0.024,0.0024
YTR_M151,YTR,2010s,1.97,25.4,26.99,0.214,-0.00177,165.54,1.21,5.53,0.118,0.0149
YTR_M153,YTR,2010s,2.13,25.57,26.99,0.214,-0.00177,165.54,1.21,3.4,0.043,0.0063
YTR_M154,YTR,2010s,2.13,25.48,26.99,0.214,-0.00177,165.54,1.21,3.31,0.044,0.0063
YTR_M155,YTR,2010s,2.13,25.49,26.99,0.214,-0.00177,165.54,1.21,,,
YTR_M156,YTR,2010s,2.13,25.49,26.99,0.214,-0.00176,165.54,1.21,,,
YTR_M157,YTR,2010s,2.14,25.31,26.99,0.214,-0.00175,165.54,1.21,6.69,0.057,0.0057
YTR_M158,YTR,2010s,2.13,25.13,26.99,0.214,-0.00175,165.54,1.21,2.72,0.02,0.002
JTR_M005,JTR,2010s,-2.14,27.48,26.99,0.214,-0.00436,165.54,1.21,1.39,0.033,0.0033
JTR_M006,JTR,2010s,-2.14,27.48,26.99,0.214,-0.00436,165.54,1.21,0.65,0.015,0.0015
JTR_M009,JTR,2010s,-1.89,27.24,26.99,0.214,-0.00436,165.54,1.21,0.54,0.012,0.0012
JTR_M010,JTR,2010s,-1.88,27.15,26.99,0.214,-0.00436,165.54,1.21,0.87,0.017,0.0017
JTR_M011,JTR,2010s,-1.88,27.15,26.99,0.214,-0.00435,165.54,1.21,2.01,0.038,0.0038
JTR_M012,JTR,2010s,-1.84,27.1,26.99,0.214,-0.00435,165.54,1.21,1.02,0.025,0.0025
JTR_M014,JTR,2010s,-1.84,26.84,26.99,0.214,-0.00436,165.54,1.21,0.75,0.021,0.0021
JTR_M016,JTR,2010s,-1.84,26.59,26.99,0.214,-0.00434,165.54,1.21,0.67,0.018,0.0018
JTR_M020,JTR,2010s,-1.61,26.1,26.99,0.214,-0.00425,165.54,1.21,1.58,0.035,0.0035
JTR_M022,JTR,2010s,-0.83,25.47,26.99,0.214,-0.00394,165.54,1.21,3.56,0.124,0.0156
JTR_M023,JTR,2010s,-0.83,25.47,26.99,0.214,-0.00394,165.54,1.21,2.41,0.077,0.0077
JTR_M024,JTR,2010s,-0.83,25.47,26.99,0.214,-0.00393,165.54,1.21,1.42,0.053,0.0067
JTR_M025,JTR,2010s,-0.87,25.54,26.99,0.214,-0.00393,165.54,1.21,,,
JTR_M026,JTR,2010s,-0.87,25.54,26.99,0.214,-0.00393,165.54,1.21,1.49,0.052,0.0052
JTR_M027,JTR,2010s,-0.87,25.54,26.99,0.214,-0.00393,165.54,1.21,1.94,0.076,0.0076
JTR_M028,JTR,2010s,-0.86,25.57,26.99,0.214,-0.00393,165.54,1.21,,,
JTR_M029,JTR,2010s,-0.74,25.69,26.99,0.214,-0.00393,165.54,1.21,1.28,0.042,0.0042
JTR_M033,JTR,2010s,-0.62,25.75,26.99,0.214,-0.0039,165.54,1.21,1.47,0.044,0.0064
JTR_M034,JTR,2010s,-0.69,25.59,26.99,0.214,-0.00389,165.54,1.21,2.03,0.056,0.0056
JTR_M035,JTR,2010s,-0.69,25.59,26.99,0.214,-0.00388,165.54,1.21,3.31,0.122,0.0154
JTR_M036,JTR,2010s,-0.46,26.15,26.99,0.214,-0.00386,165.54,1.21,2.49,0.06,0.0075
JTR_M037,JTR,2010s,-0.44,26.13,26.99,0.214,-0.00385,165.54,1.21,5.17,0.11,0.011
JTR_M038,JTR,2010s,-0.44,26.13,26.99,0.214,-0.00385,165.54,1.21,1.71,0.058,0.0074
JTR_M039,JTR,2010s,-0.44,26.16,26.99,0.214,-0.00384,165.54,1.21,4.24,0.126,0.0126
JTR_M040,JTR,2010s,-0.45,26.28,26.99,0.214,-0.00384,165.54,1.21,,,
JTR_M041,JTR,2010s,-0.45,26.28,26.99,0.214,-0.00384,165.54,1.21,3.02,0.083,0.0083
JTR_M042,JTR,2010s,-0.43,26.26,26.99,0.214,-0.00383,165.54,1.21,,,
JTR_M046,JTR,2010s,-0.41,26.12,26.99,0.214,-0.00381,165.54,1.21,0.69,0.019,0.0019
JTR_M048,JTR,2010s,-0.41,26.12,26.99,0.214,-0.0038,165.54,1.21,,,
JTR_M049,JTR,2010s,-0.39,26.02,26.99,0.214,-0.00379,165.54,1.21,5.65,0.035,0.0043
JTR_M050,JTR,2010s,-0.39,26.02,26.99,0.214,-0.00379,165.54,1.21,1.42,0.032,0.0032
JTR_M051,JTR,2010s,-0.38,26.0,26.99,0.214,-0.00378,165.54,1.21,10.72,0.302,0.0302
JTR_M052,JTR,2010s,-0.37,25.93,26.99,0.214,-0.00378,165.54,1.21,2.56,0.044,0.0055
JTR_M053,JTR,2010s,-0.36,25.91,26.99,0.214,-0.00377,165.54,1.21,1.61,0.025,0.0025
JTR_M054,JTR,2010s,-0.35,25.91,26.99,0.214,-0.00376,165.54,1.21,2.59,0.049,0.0049
JTR_M055,JTR,2010s,-0.35,25.91,26.99,0.214,-0.00376,165.54,1.21,2.92,0.027,0.0027
JTR_M056,JTR,2010s,-0.27,25.86,26.99,0.214,-0.00376,165.54,1.21,3.17,0.03,0.003
JTR_M057,JTR,2010s,-0.27,25.86,26.99,0.214,-0.00375,165.54,1.21,2.09,0.035,0.0035
JTR_M059,JTR,2010s,-0.25,25.7,26.99,0.214,-0.00374,165.54,1.21,3.25,0.068,0.0068
JTR_M060,JTR,2010s,-0.25,25.7,26.99,0.214,-0.00374,165.54,1.21,2.65,0.056,0.0056
JTR_M061,JTR,2010s,-0.26,25.61,26.99,0.214,-0.00373,165.54,1.21,3.14,0.033,0.0033
JTR_M062,JTR,2010s,-0.26,25.61,26.99,0.214,-0.00373,165.54,1.21,1.55,0.016,0.0016
JTR_M063,JTR,2010s,-0.23,25.19,26.99,0.214,-0.00369,165.54,1.21,,,
JTR_M065,JTR,2010s,-0.27,24.94,26.99,0.214,-0.00366,165.54,1.21,2.57,0.015,0.0019
JTR_M066,JTR,2010s,-0.28,24.94,26.99,0.214,-0.00366,165.54,1.21,1.09,0.02,0.002
JTR_M067,JTR,2010s,-0.28,24.94,26.99,0.214,-0.00365,165.54,1.21,2.41,0.04,0.004
JTR_M069,JTR,2010s,-0.28,24.94,26.99,0.214,-0.00364,165.54,1.21,1.91,0.026,0.0026
JTR_M070,JTR,2010s,-0.27,24.93,26.99,0.214,-0.00363,165.54,1.21,,,
JTR_M071,JTR,2010s,-0.27,24.93,26.99,0.214,-0.00363,165.54,1.21,0.69,0.016,0.0016
JTR_M072,JTR,2010s,-0.28,24.93,26.99,0.214,-0.00363,165.54,1.21,0.85,0.014,0.0014
JTR_M073,JTR,2010s,-0.27,24.93,26.99,0.214,-0.00362,165.54,1.21,0.65,0.008,0.0008
JTR_M074,JTR,2010s,-0.27,24.93,26.99,0.214,-0.00362,165.54,1.21,2.18,0.021,0.0021
JTR_M084,JTR,2010s,-0.13,24.65,26.99,0.214,-0.00353,165.54,1.21,2.22,0.028,0.0028
JTR_M086,JTR,2010s,-0.12,24.65,26.99,0.214,-0.00352,165.54,1.21,1.75,0.023,0.0029
LTR_M001,LTR,2010s,-0.35,19.57,26.99,0.214,-0.00327,165.54,1.21,3.42,0.074,0.0074
LTR_M002,LTR,2010s,-0.35,19.71,26.99,0.214,-0.00328,165.54,1.21,2.38,0.07,0.007
LTR_M004,LTR,2010s,-0.35,19.72,26.99,0.214,-0.00328,165.54,1.21,3.49,0.045,0.0045
LTR_M005,LTR,2010s,-0.34,19.79,26.99,0.214,-0.00329,165.54,1.21,1.64,0.026,0.0026
LTR_M006,LTR,2010s,-0.33,19.79,26.99,0.214,-0.0033,165.54,1.21,1.35,0.022,0.0022
LTR_M007,LTR,2010s,-0.35,19.79,26.99,0.214,-0.00331,165.54,1.21,,,
LTR_M009,LTR,2010s,-0.39,19.82,26.99,0.214,-0.00333,165.54,1.21,2.89,0.062,0.0062
LTR_M010,LTR,2010s,-0.39,19.82,26.99,0.214,-0.00333,165.54,1.21,12.0,0.204,0.0204
LTR_M011,LTR,2010s,-0.33,19.85,26.99,0.214,-0.00333,165.54,1.21,3.2,0.045,0.0057
LTR_M012,LTR,2010s,-0.33,19.85,26.99,0.214,-0.00334,165.54,1.21,1.27,0.016,0.0016
LTR_M013,LTR,2010s,-0.33,19.93,26.99,0.214,-0.00335,165.54,1.21,1.45,0.012,0.0016
LTR_M014,LTR,2010s,-0.33,19.93,26.99,0.214,-0.00335,165.54,1.21,1.74,0.026,0.0026
LTR_M015,LTR,2010s,-0.32,20.06,26.99,0.214,-0.00336,165.54,1.21,0.62,0.01,0.001
LTR_M016,LTR,2010s,-0.3,20.06,26.99,0.214,-0.00336,165.54,1.21,1.99,0.038,0.0038
LTR_M017,LTR,2010s,-0.32,20.06,26.99,0.214,-0.00336,165.54,1.21,1.73,0.043,0.0043
LTR_M018,LTR,2010s,-0.3,20.07,26.99,0.214,-0.00337,165.54,1.21,5.94,0.092,0.0092
LTR_M019,LTR,2010s,-0.32,20.09,26.99,0.214,-0.00337,165.54,1.21,1.75,0.029,0.0029
LTR_M020,LTR,2010s,-0.33,20.09,26.99,0.214,-0.00338,165.54,1.21,1.99,0.038,0.0038
LTR_M021,LTR,2010s,-0.33,20.09,26.99,0.214,-0.00338,165.54,1.21,2.36,0.047,0.0047
LTR_M022,LTR,2010s,-0.33,20.16,26.99,0.214,-0.00338,165.54,1.21,1.71,0.021,0.0021
LTR_M023,LTR,2010s,-0.28,20.2,26.99,0.214,-0.00339,165.54,1.21,2.39,0.039,0.0049
LTR_M024,LTR,2010s,-0.28,20.2,26.99,0.214,-0.00339,165.54,1.21,,,
LTR_M025,LTR,2010s,-0.28,20.2,26.99,0.214,-0.00339,165.54,1.21,4.68,0.07,0.007
LTR_M026,LTR,2010s,-0.27,20.33,26.99,0.214,-0.0034,165.54,1.21,,,
LTR_M027,LTR,2010s,-0.27,20.33,26.99,0.214,-0.00341,165.54,1.21,7.08,0.131,0.0165
LTR_M028,LTR,2010s,-0.28,20.35,26.99,0.214,-0.00341,165.54,1.21,2.51,0.047,0.0047
LTR_M029,LTR,2010s,-0.24,20.35,26.99,0.214,-0.00342,165.54,1.21,1.64,0.035,0.0035
LTR_M030,LTR,2010s,-0.24,20.35,26.99,0.214,-0.00342,165.54,1.21,3.37,0.091,0.0091
LTR_M031,LTR,2010s,-0.24,20.35,26.99,0.214,-0.00342,165.54,1.21,2.4,0.055,0.0055
LTR_M032,LTR,2010s,-0.19,20.56,26.99,0.214,-0.00341,165.54,1.21,3.53,0.065,0.0065
LTR_M033,LTR,2010s,-0.19,20.56,26.99,0.214,-0.00342,165.54,1.21,3.3,0.068,0.0068
LTR_M034,LTR,2010s,-0.19,20.56,26.99,0.214,-0.00342,165.54,1.21,,,
LTR_M035,LTR,2010s,-0.19,20.53,26.99,0.214,-0.00342,165.54,1.21,2.25,0.039,0.0039
LTR_M036,LTR,2010s,-0.21,20.65,26.99,0.214,-0.00342,165.54,1.21,3.68,0.066,0.0066
LTR_M037,LTR,2010s,-0.21,20.65,26.99,0.214,-0.00343,165.54,1.21,3.63,0.063,0.0063
LTR_M038,LTR,2010s,-0.21,20.65,26.99,0.214,-0.00343,165.54,1.21,0.79,0.014,0.0014
LTR_M039,LTR,2010s,-0.22,20.7,26.99,0.214,-0.00343,165.54,1.21,8.25,0.182,0.0182
LTR_M040,LTR,2010s,-0.22,20.9,26.99,0.214,-0.00343,165.54,1.21,,,
LTR_M041,LTR,2010s,-0.29,20.85,26.99,0.214,-0.00344,165.54,1.21,,,
LTR_M061,LTR,2010s,-0.17,21.98,26.99,0.214,-0.0035,165.54,1.21,1.3,0.023,0.0023
LTR_M062,LTR,2010s,-0.21,22.05,26.99,0.214,-0.0035,165.54,1.21,0.82,0.015,0.0015
LTR_M063,LTR,2010s,-0.09,22.11,26.99,0.214,-0.0035,165.54,1.21,1.69,0.035,0.0035
LTR_M064,LTR,2010s,-0.09,22.11,26.99,0.214,-0.0035,165.54,1.21,0.94,0.019,0.0019
LTR_M065,LTR,2010s,-0.1,22.13,26.99,0.214,-0.0035,165.54,1.21,1.54,0.024,0.0024
LTR_M066,LTR,2010s,-0.09,22.15,26.99,0.214,-0.00349,165.54,1.21,1.04,0.014,0.0014
LTR_M067,LTR,2010s,-0.15,22.14,26.99,0.214,-0.00349,165.54,1.21,1.39,0.033,0.0033
LTR_M068,LTR,2010s,-0.14,22.19,26.99,0.214,-0.00349,165.54,1.21,1.27,0.033,0.0033
LTR_M069,LTR,2010s,-0.14,22.19,26.99,0.214,-0.00349,165.54,1.21,1.53,0.042,0.0042
LTR_M070,LTR,2010s,-0.14,22.19,26.99,0.214,-0.00348,165.54,1.21,1.31,0.036,0.0036
LTR_M071,LTR,2010s,-0.03,22.31,26.99,0.214,-0.00348,165.54,1.21,0.91,0.027,0.0027
LTR_M072,LTR,2010s,-0.03,22.31,26.99,0.214,-0.00348,165.54,1.21,0.95,0.028,0.0028
LTR_M073,LTR,2010s,-0.03,22.31,26.99,0.214,-0.00348,165.54,1.21,0.9,0.024,0.0024
LTR_M074,LTR,2010s,-0.03,22.31,26.99,0.214,-0.00348,165.54,1.21,0.81,0.026,0.0026
LTR_M075,LTR,2010s,-0.03,22.31,26.99,0.214,-0.00348,165.54,1.21,0.84,0.028,0.0028
LTR_M076,LTR,2010s,-0.03,22.31,26.99,0.214,-0.00348,165.54,1.21,1.41,0.042,0.0042
LTR_M077,LTR,2010s,-0.03,22.31,26.99,0.214,-0.00348,165.54,1.21,1.77,0.054,0.0054
LTR_M078,LTR,2010s,-0.03,22.31,26.99,0.214,-0.00348,165.54,1.21,1.33,0.042,0.0042
LTR_M079,LTR,2010s,-0.03,22.31,26.99,0.214,-0.00348,165.54,1.21,2.1,0.055,0.0055
LTR_M080,LTR,2010s,-0.03,22.32,26.99,0.214,-0.00348,165.54,1.21,1.17,0.033,0.0033
LTR_M081,LTR,2010s,0.01,22.52,26.99,0.214,-0.00348,165.54,1.21,1.77,0.055,0.0055
LTR_M082,LTR,2010s,0.01,22.52,26.99,0.214,-0.00348,165.54,1.21,1.46,0.045,0.0045
LTR_M083,LTR,2010s,0.01,22.52,26.99,0.214,-0.00348,165.54,1.21,2.04,0.063,0.0063
LTR_M084,LTR,2010s,0.01,22.52,26.99,0.214,-0.00348,165.54,1.21,1.47,0.05,0.005
LTR_M085,LTR,2010s,0.01,22.52,26.99,0.214,-0.00348,165.54,1.21,1.05,0.025,0.0025
LTR_M086,LTR,2010s,0.01,22.52,26.99,0.214,-0.00348,165.54,1.21,1.36,0.029,0.0029
LTR_M087,LTR,2010s,0.01,22.52,26.99,0.214,-0.00348,165.54,1.21,2.72,0.069,0.0069
LTR_M088,LTR,2010s,0.02,22.53,26.99,0.214,-0.00348,165.54,1.21,1.93,0.05,0.005
LTR_M089,LTR,2010s,0.02,22.53,26.99,0.214,-0.00348,165.54,1.21,1.5,0.038,0.0038
LTR_M090,LTR,2010s,0.04,22.6,26.99,0.214,-0.00347,165.54,1.21,1.82,0.054,0.0054
LTR_M091,LTR,2010s,0.04,22.6,26.99,0.214,-0.00347,165.54,1.21,1.43,0.044,0.0044
LTR_M092,LTR,2010s,0.06,22.73,26.99,0.214,-0.00347,165.54,1.21,1.28,0.03,0.003
LTR_M093,LTR,2010s,0.06,22.73,26.99,0.214,-0.00347,165.54,1.21,2.0,0.047,0.0047
LTR_M094,LTR,2010s,0.06,22.73,26.99,0.214,-0.00347,165.54,1.21,1.92,0.036,0.0036
LTR_M095,LTR,2010s,0.05,22.66,26.99,0.214,-0.00347,165.54,1.21,1.69,0.032,0.0032
LTR_M096,LTR,2010s,0.05,22.66,26.99,0.214,-0.00346,165.54,1.21,1.44,0.024,0.0024
LTR_M097,LTR,2010s,0.05,22.66,26.99,0.214,-0.00346,165.54,1.21,1.78,0.033,0.0033
LTR_M098,LTR,2010s,-0.07,22.26,26.99,0.214,-0.00347,165.54,1.21,1.47,0.021,0.0021
LTR_M099,LTR,2010s,-0.04,22.53,26.99,0.214,-0.0035,165.54,1.21,0.89,0.023,0.0023
LTR_M100,LTR,2010s,-0.04,22.55,26.99,0.214,-0.0035,165.54,1.21,,,
LTR_M101,LTR,2010s,-0.05,22.61,26.99,0.214,-0.0035,165.54,1.21,1.33,0.029,0.0029
LTR_M102,LTR,2010s,-0.05,22.61,26.99,0.214,-0.0035,165.54,1.21,2.02,0.039,0.0039
LTR_M103,LTR,2010s,-0.05,22.61,26.99,0.214,-0.00349,165.54,1.21,1.99,0.042,0.0042
LTR_M104,LTR,2010s,-0.04,22.61,26.99,0.214,-0.00349,165.54,1.21,1.48,0.031,0.0031
LTR_M105,LTR,2010s,0.04,22.6,26.99,0.214,-0.00348,165.54,1.21,,,
LTR_M106,LTR,2010s,-0.01,22.69,26.99,0.214,-0.00349,165.54,1.21,2.1,0.028,0.0028
LTR_M107,LTR,2010s,0.05,22.73,26.99,0.214,-0.00348,165.54,1.21,0.83,0.011,0.0011
LTR_M108,LTR,2010s,0.05,22.73,26.99,0.214,-0.00348,165.54,1.21,1.43,0.018,0.0018
LTR_M109,LTR,2010s,0.05,22.75,26.99,0.214,-0.00347,165.54,1.21,1.62,0.022,0.0022
LTR_M110,LTR,2010s,0.1,22.72,26.99,0.214,-0.00346,165.54,1.21,1.64,0.017,0.0017
LTR_M111,LTR,2010s,0.1,22.65,26.99,0.214,-0.00345,165.54,1.21,1.21,0.013,0.0013
LTR_M112,LTR,2010s,0.15,22.65,26.99,0.214,-0.00344,165.54,1.21,1.88,0.023,0.0023
LTR_M113,LTR,2010s,0.17,22.63,26.99,0.214,-0.00344,165.54,1.21,3.76,0.039,0.0039
LTR_M114,LTR,2010s,0.21,22.62,26.99,0.214,-0.00343,165.54,1.21,2.79,0.033,0.0033
LTR_M115,LTR,2010s,0.21,22.62,26.99,0.214,-0.00342,165.54,1.21,2.0,0.022,0.0022
LTR_M116,LTR,2010s,0.19,22.57,26.99,0.214,-0.00342,165.54,1.21,2.12,0.022,0.0022
LTR_M117,LTR,2010s,0.29,22.63,26.99,0.214,-0.00341,165.54,1.21,1.26,0.018,0.0018
LTR_M118,LTR,2010s,0.31,22.63,26.99,0.214,-0.0034,165.54,1.21,1.19,0.014,0.0014
LTR_M119,LTR,2010s,0.36,22.7,26.99,0.214,-0.00339,165.54,1.21,1.23,0.018,0.0018
LTR_M120,LTR,2010s,0.37,22.76,26.99,0.214,-0.00339,165.54,1.21,2.36,0.041,0.0041
LTR_M121,LTR,2010s,0.38,22.74,26.99,0.214,-0.00338,165.54,1.21,1.26,0.017,0.0017
LTR_M122,LTR,2010s,0.41,22.67,26.99,0.214,-0.00338,165.54,1.21,2.43,0.029,0.0029
LTR_M123,LTR,2010s,0.42,22.9,26.99,0.214,-0.00338,165.54,1.21,0.79,0.011,0.0011
LTR_M124,LTR,2010s,0.42,22.9,26.99,0.214,-0.00337,165.54,1.21,1.88,0.02,0.002
LTR_M125,LTR,2010s,0.43,22.92,26.99,0.214,-0.00337,165.54,1.21,1.26,0.013,0.0013
LTR_M126,LTR,2010s,0.44,22.91,26.99,0.214,-0.00336,165.54,1.21,1.43,0.017,0.0017
LTR_M127,LTR,2010s,0.43,22.98,26.99,0.214,-0.00336,165.54,1.21,1.52,0.022,0.0022
LTR_M128,LTR,2010s,0.43,23.0,26.99,0.214,-0.00335,165.54,1.21,1.11,0.014,0.0017
RTR_M01,RTR,2010s,0.56,28.0,26.99,0.214,-0.00314,165.54,1.21,0.68,0.015,0.0015
RTR_M02,RTR,2010s,0.45,27.71,26.99,0.214,-0.00314,165.54,1.21,0.55,0.015,0.0015
RTR_M03,RTR,2010s,0.45,27.71,26.99,0.214,-0.00314,165.54,1.21,0.52,0.012,0.0012
RTR_M04,RTR,2010s,0.45,27.71,26.99,0.214,-0.00313,165.54,1.21,0.58,0.016,0.0016
RTR_M05,RTR,2010s,0.59,27.83,26.99,0.214,-0.00314,165.54,1.21,0.58,0.02,0.002
RTR_M06,RTR,2010s,0.59,27.83,26.99,0.214,-0.00313,165.54,1.21,0.67,0.02,0.002
RTR_M07,RTR,2010s,0.59,27.83,26.99,0.214,-0.00314,165.54,1.21,0.71,0.019,0.0019
RTR_M08,RTR,2010s,0.59,27.71,26.99,0.214,-0.00314,165.54,1.21,0.54,0.013,0.0013
RTR_M09,RTR,2010s,0.59,27.7,26.99,0.214,-0.00314,165.54,1.21,0.5,0.012,0.0012
RTR_M10,RTR,2010s,0.59,27.7,26.99,0.214,-0.00314,165.54,1.21,0.72,0.022,0.0022
RTR_M11,RTR,2010s,0.59,27.7,26.99,0.214,-0.00314,165.54,1.21,0.84,0.025,0.0025
RTR_M12,RTR,2010s,0.6,27.66,26.99,0.214,-0.00314,165.54,1.21,0.74,0.021,0.0021
RTR_M13,RTR,2010s,0.6,27.66,26.99,0.214,-0.00314,165.54,1.21,0.6,0.02,0.002
RTR_M14,RTR,2010s,0.58,27.67,26.99,0.214,-0.00314,165.54,1.21,1.11,0.03,0.003
RTR_M15,RTR,2010s,0.58,27.67,26.99,0.214,-0.00314,165.54,1.21,0.69,0.014,0.0014
RTR_M16,RTR,2010s,0.58,27.67,26.99,0.214,-0.00314,165.54,1.21,0.6,0.014,0.0014
RTR_M17,RTR,2010s,0.59,27.66,26.99,0.214,-0.00314,165.54,1.21,1.56,0.037,0.0037
RTR_M18,RTR,2010s,0.55,27.28,26.99,0.214,-0.00314,165.54,1.21,0.67,0.014,0.0014
RTR_M19,RTR,2010s,0.55,27.28,26.99,0.214,-0.00314,165.54,1.21,1.1,0.021,0.0021
RTR_M20,RTR,2010s,0.55,27.25,26.99,0.214,-0.00314,165.54,1.21,0.62,0.016,0.0016
RTR_M21,RTR,2010s,0.55,27.25,26.99,0.214,-0.00315,165.54,1.21,0.93,0.022,0.0022
RTR_M22,RTR,2010s,0.57,27.51,26.99,0.214,-0.00315,165.54,1.21,1.34,0.019,0.0019
RTR_M23,RTR,2010s,0.41,27.12,26.99,0.214,-0.00315,165.54,1.21,0.67,0.017,0.0017
RTR_M24,RTR,2010s,0.58,27.2,26.99,0.214,-0.00315,165.54,1.21,1.76,0.022,0.0022
RTR_M25,RTR,2010s,0.58,27.2,26.99,0.214,-0.00315,165.54,1.21,1.52,0.028,0.0028
RTR_M26,RTR,2010s,0.58,27.25,26.99,0.214,-0.00316,165.54,1.21,2.09,0.039,0.0039
RTR_M27,RTR,2010s,0.5,27.19,26.99,0.214,-0.00316,165.54,1.21,2.48,0.034,0.0034
RTR_M28,RTR,2010s,0.5,27.13,26.99,0.214,-0.00317,165.54,1.21,,,
RTR_M29,RTR,2010s,0.5,27.13,26.99,0.214,-0.00317,165.54,1.21,4.69,0.089,0.0089
RTR_M31,RTR,2010s,0.49,26.71,26.99,0.214,-0.00317,165.54,1.21,2.41,0.039,0.0039
RTR_M32,RTR,2010s,0.49,26.67,26.99,0.214,-0.00317,165.54,1.21,0.8,0.016,0.0016
RTR_M33,RTR,2010s,0.54,26.68,26.99,0.214,-0.00317,165.54,1.21,2.83,0.043,0.0043
RTR_M34,RTR,2010s,0.56,26.59,26.99,0.214,-0.00317,165.54,1.21,,,
RTR_M35,RTR,2010s,0.56,26.59,26.99,0.214,-0.00317,165.54,1.21,1.75,0.034,0.0043
RTR_M37,RTR,2010s,0.57,26.47,26.99,0.214,-0.00317,165.54,1.21,0.95,0.009,0.0009
RTR_M38,RTR,2010s,0.57,26.47,26.99,0.214,-0.00318,165.54,1.21,1.52,0.022,0.0022
RTR_M39,RTR,2010s,0.52,25.92,26.99,0.214,-0.00317,165.54,1.21,0.96,0.011,0.0011
RTR_M40,RTR,2010s,0.61,25.86,26.99,0.214,-0.00316,165.54,1.21,2.17,0.025,0.0025
RTR_M41,RTR,2010s,0.61,25.87,26.99,0.214,-0.00316,165.54,1.21,1.87,0.031,0.0031
RTR_M42,RTR,2010s,0.64,25.87,26.99,0.214,-0.00316,165.54,1.21,0.99,0.02,0.002
RTR_M44,RTR,2010s,0.67,25.72,26.99,0.214,-0.00315,165.54,1.21,0.83,0.017,0.0017
RTR_M45,RTR,2010s,0.68,25.68,26.99,0.214,-0.00314,165.54,1.21,1.32,0.019,0.0019
RTR_M46,RTR,2010s,0.68,25.68,26.99,0.214,-0.00313,165.54,1.21,1.75,0.018,0.0018
RTR_M47,RTR,2010s,0.66,25.45,26.99,0.214,-0.00311,165.54,1.21,1.48,0.013,0.0013
RTR_M48,RTR,2010s,0.66,25.45,26.99,0.214,-0.00311,165.54,1.21,3.43,0.032,0.0032
RTR_M49,RTR,2010s,0.64,25.35,26.99,0.214,-0.00309,165.54,1.21,1.16,0.01,0.001
RTR_M50,RTR,2010s,0.62,25.26,26.99,0.214,-0.00308,165.54,1.21,1.39,0.009,0.0009
RTR_M51,RTR,2010s,0.62,25.55,26.99,0.214,-0.00307,165.54,1.21,1.56,0.01,0.001
RTR_M52,RTR,2010s,0.62,25.0,26.99,0.214,-0.00305,165.54,1.21,1.46,0.009,0.0009
RTR_M53,RTR,2010s,0.63,24.97,26.99,0.214,-0.00305,165.54,1.21,1.51,0.018,0.0018
CR_M001,CR,2010s,0.13,19.53,26.99,0.214,-0.00286,165.54,1.21,1.16,0.029,0.0029
CR_M002,CR,2010s,0.13,19.53,26.99,0.214,-0.00286,165.54,1.21,1.11,0.02,0.002
CR_M003,CR,2010s,0.13,19.53,26.99,0.214,-0.00285,165.54,1.21,0.98,0.022,0.0022
CR_M004,CR,2010s,0.09,19.56,26.99,0.214,-0.00285,165.54,1.21,2.06,0.029,0.0029
CR_M005,CR,2010s,0.05,19.51,26.99,0.214,-0.00285,165.54,1.21,0.94,0.019,0.0019
CR_M006,CR,2010s,0.13,19.51,26.99,0.214,-0.00285,165.54,1.21,1.46,0.032,0.0032
CR_M007,CR,2010s,0.13,19.51,26.99,0.214,-0.00284,165.54,1.21,1.0,0.017,0.0017
CR_M029,CR,2010s,0.38,19.71,26.99,0.214,-0.00279,165.54,1.21,3.22,0.069,0.0069
CR_M030,CR,2010s,0.38,19.71,26.99,0.214,-0.00279,165.54,1.21,1.61,0.033,0.0041
CR_M031,CR,2010s,0.4,19.71,26.99,0.214,-0.00279,165.54,1.21,3.01,0.048,0.0048
CR_M032,CR,2010s,0.42,19.58,26.99,0.214,-0.00278,165.54,1.21,1.57,0.022,0.0022
CR_M033,CR,2010s,0.42,19.58,26.99,0.214,-0.00278,165.54,1.21,2.02,0.032,0.0032
CR_M034,CR,2010s,0.42,19.6,26.99,0.214,-0.00278,165.54,1.21,1.47,0.031,0.0031
CR_M035,CR,2010s,0.44,19.61,26.99,0.214,-0.00277,165.54,1.21,2.09,0.028,0.0028
CR_M036,CR,2010s,0.45,19.62,26.99,0.214,-0.00277,165.54,1.21,1.51,0.041,0.0041
CR_M037,CR,2010s,0.45,19.62,26.99,0.214,-0.00277,165.54,1.21,1.34,0.017,0.0017
CR_M038,CR,2010s,0.45,19.62,26.99,0.214,-0.00276,165.54,1.21,0.9,0.017,0.0017
CR_M039,CR,2010s,0.45,19.62,26.99,0.214,-0.00276,165.54,1.21,1.27,0.022,0.0022
CR_M040,CR,2010s,0.46,19.56,26.99,0.214,-0.00276,165.54,1.21,1.7,0.028,0.0028
CR_M041,CR,2010s,0.46,19.56,26.99,0.214,-0.00276,165.54,1.21,0.97,0.019,0.0024
CR_M042,CR,2010s,0.46,19.56,26.99,0.214,-0.00275,165.54,1.21,,,
CR_M043,CR,2010s,0.46,19.56,26.99,0.214,-0.00275,165.54,1.21,1.56,0.034,0.0034
CR_M044,CR,2010s,0.47,19.54,26.99,0.214,-0.00275,165.54,1.21,2.04,0.036,0.0036
CR_M045,CR,2010s,0.46,19.48,26.99,0.214,-0.00275,165.54,1.21,1.1,0.025,0.0025
CR_M046,CR,2010s,0.46,19.48,26.99,0.214,-0.00274,165.54,1.21,1.79,0.033,0.0033
CR_M047,CR,2010s,0.5,19.62,26.99,0.214,-0.00274,165.54,1.21,8.94,0.175,0.0221
CR_M048,CR,2010s,0.5,19.55,26.99,0.214,-0.00274,165.54,1.21,2.21,0.049,0.0049
CR_M049,CR,2010s,0.5,19.55,26.99,0.214,-0.00274,165.54,1.21,1.29,0.025,0.0025
CR_M050,CR,2010s,0.5,19.55,26.99,0.214,-0.00273,165.54,1.21,2.04,0.052,0.0052
CR_M051,CR,2010s,0.5,19.55,26.99,0.214,-0.00273,165.54,1.21,2.19,0.048,0.0048
CR_M052,CR,2010s,0.5,19.53,26.99,0.214,-0.00273,165.54,1.21,1.55,0.028,0.0028
CR_M053,CR,2010s,0.48,19.46,26.99,0.214,-0.00273,165.54,1.21,1.72,0.033,0.0033
CR_M054,CR,2010s,0.48,19.46,26.99,0.214,-0.00272,165.54,1.21,1.72,0.03,0.003
CR_M055,CR,2010s,0.48,19.46,26.99,0.214,-0.00272,165.54,1.21,1.49,0.025,0.0025
CR_M056,CR,2010s,0.52,19.52,26.99,0.214,-0.00271,165.54,1.21,1.5,0.025,0.0025
CR_M057,CR,2010s,0.52,19.52,26.99,0.214,-0.00271,165.54,1.21,3.08,0.056,0.0056
CR_M058,CR,2010s,0.51,19.45,26.99,0.214,-0.00271,165.54,1.21,1.45,0.028,0.0028
CR_M059,CR,2010s,0.51,19.45,26.99,0.214,-0.00271,165.54,1.21,1.19,0.024,0.0024
CR_M060,CR,2010s,0.51,19.45,26.99,0.214,-0.00271,165.54,1.21,1.22,0.017,0.0017
CR_M061,CR,2010s,0.51,19.45,26.99,0.214,-0.0027,165.54,1.21,1.28,0.024,0.0024
CR_M073,CR,2010s,0.53,19.28,26.99,0.214,-0.00267,165.54,1.21,3.74,0.059,0.0059
CR_M074,CR,2010s,0.58,19.47,26.99,0.214,-0.00267,165.54,1.21,2.05,0.032,0.0032
CR_M075,CR,2010s,0.54,19.29,26.99,0.214,-0.00266,165.54,1.21,2.79,0.044,0.0044
CR_M076,CR,2010s,0.55,19.29,26.99,0.214,-0.00266,165.54,1.21,1.39,0.027,0.0027
CR_M077,CR,2010s,0.61,19.48,26.99,0.214,-0.00266,165.54,1.21,1.75,0.034,0.0034
CR_M078,CR,2010s,0.6,19.49,26.99,0.214,-0.00265,165.54,1.21,1.39,0.028,0.0028
CR_M079,CR,2010s,0.62,19.56,26.99,0.214,-0.00265,165.54,1.21,4.2,0.07,0.007
CR_M084,CR,2010s,0.68,19.62,26.99,0.214,-0.00262,165.54,1.21,4.75,0.074,0.0074
CR_M085,CR,2010s,0.67,19.62,26.99,0.214,-0.00261,165.54,1.21,,,
CR_M086,CR,2010s,0.67,19.62,26.99,0.214,-0.00261,165.54,1.21,3.84,0.061,0.0061
CR_M087,CR,2010s,0.54,19.48,26.99,0.214,-0.00259,165.54,1.21,2.12,0.017,0.0022
CR_M088,CR,2010s,0.54,19.54,26.99,0.214,-0.00259,165.54,1.21,2.7,0.037,0.0037
CR_M089,CR,2010s,0.62,19.78,26.99,0.214,-0.00259,165.54,1.21,1.98,0.029,0.0036
CR_M090,CR,2010s,0.56,19.64,26.99,0.214,-0.00258,165.54,1.21,3.22,0.039,0.0039
CR_M091,CR,2010s,0.61,19.83,26.99,0.214,-0.00258,165.54,1.21,,,
CR_M092,CR,2010s,0.61,19.83,26.99,0.214,-0.00258,165.54,1.21,1.28,0.018,0.0018
CR_M104,CR,2010s,1.4,22.64,26.99,0.214,-0.00241,165.54,1.21,2.67,0.03,0.003
CR_M107,CR,2010s,1.48,22.97,26.99,0.214,-0.00237,165.54,1.21,2.09,0.023,0.0023
CR_M108,CR,2010s,1.5,23.15,26.99,0.214,-0.00237,165.54,1.21,1.43,0.019,0.0019
CR_M109,CR,2010s,1.5,23.08,26.99,0.214,-0.00236,165.54,1.21,4.42,0.042,0.0053
CR_M111,CR,2010s,1.52,23.29,26.99,0.214,-0.00236,165.54,1.21,3.46,0.025,0.0025
CR_M112,CR,2010s,1.52,23.29,26.99,0.214,-0.00235,165.54,1.21,5.49,0.067,0.0067
CR_M113,CR,2010s,1.53,23.29,26.99,0.214,-0.00235,165.54,1.21,3.84,0.047,0.0047
CR_M114,CR,2010s,1.54,23.28,26.99,0.214,-0.00235,165.54,1.21,4.19,0.067,0.0067
CR_M115,CR,2010s,1.54,23.45,26.99,0.214,-0.00235,165.54,1.21,1.72,0.027,0.0034
CR_M116,CR,2010s,1.57,23.73,26.99,0.214,-0.00235,165.54,1.21,1.91,0.02,0.002
CR_M117,CR,2010s,1.57,23.62,26.99,0.214,-0.00234,165.54,1.21,3.53,0.055,0.0055
CR_M118,CR,2010s,1.58,23.75,26.99,0.214,-0.00234,165.54,1.21,2.22,0.037,0.0037
CR_M119,CR,2010s,1.58,23.75,26.99,0.214,-0.00233,165.54,1.21,1.93,0.036,0.0036
CR_M120,CR,2010s,1.62,23.83,26.99,0.214,-0.00233,165.54,1.21,2.07,0.029,0.0029
CR_M121,CR,2010s,1.61,23.82,26.99,0.214,-0.00233,165.54,1.21,1.67,0.012,0.0012
CR_M122,CR,2010s,1.61,23.78,26.99,0.214,-0.00233,165.54,1.21,1.87,0.03,0.003
CR_M123,CR,2010s,1.63,23.93,26.99,0.214,-0.00233,165.54,1.21,2.39,0.037,0.0037
CR_M124,CR,2010s,1.66,24.04,26.99,0.214,-0.00233,165.54,1.21,1.48,0.019,0.0019
PR_M001,PR,2010s,2.63,32.85,8.1,0.171,-0.00833,1360.75,132.06,4.15,0.118,0.0149
PR_M002,PR,2010s,2.64,32.89,8.1,0.171,-0.00835,1360.75,132.06,5.84,0.157,0.0198
PR_M003,PR,2010s,2.68,32.89,8.1,0.171,-0.00836,1360.75,132.06,9.77,0.248,0.0312
PR_M004,PR,2010s,2.7,33.09,8.1,0.171,-0.00838,1360.75,132.06,7.86,0.196,0.0247
PR_M005,PR,2010s,2.71,33.13,8.1,0.171,-0.00838,1360.75,132.06,3.24,0.065,0.0065
PR_M006,PR,2010s,2.66,32.89,8.1,0.171,-0.00839,1360.75,132.06,5.01,0.126,0.0126
PR_M007,PR,2010s,2.66,32.88,8.1,0.171,-0.0084,1360.75,132.06,3.21,0.081,0.0081
PR_M008,PR,2010s,2.73,33.12,8.1,0.171,-0.00842,1360.75,132.06,4.2,0.081,0.0081
PR_M009,PR,2010s,2.73,33.12,8.1,0.171,-0.00844,1360.75,132.06,4.53,0.104,0.0104
PR_M010,PR,2010s,2.73,33.15,8.1,0.171,-0.00846,1360.75,132.06,4.51,0.1,0.01
PR_M011,PR,2010s,2.73,33.15,8.1,0.171,-0.00848,1360.75,132.06,2.14,0.053,0.0053
PR_M012,PR,2010s,2.73,33.37,8.1,0.171,-0.00851,1360.75,132.06,4.48,0.096,0.0096
PR_M013,PR,2010s,2.73,33.37,8.1,0.171,-0.00852,1360.75,132.06,3.38,0.097,0.0097
PR_M014,PR,2010s,2.73,33.37,8.1,0.171,-0.00852,1360.75,132.06,6.51,0.164,0.0164
PR_M015,PR,2010s,2.74,33.36,8.1,0.171,-0.00854,1360.75,132.06,6.82,0.179,0.0179
PR_M016,PR,2010s,2.71,33.29,8.1,0.171,-0.00855,1360.75,132.06,3.02,0.08,0.008
PR_M017,PR,2010s,2.71,33.29,8.1,0.171,-0.00858,1360.75,132.06,4.35,0.113,0.0113
PR_M018,PR,2010s,2.77,33.42,8.1,0.171,-0.00868,1360.75,132.06,2.14,0.044,0.0044
PR_M019,PR,2010s,2.77,33.42,8.1,0.171,-0.0087,1360.75,132.06,,,
PR_M020,PR,2010s,2.72,33.46,8.1,0.171,-0.00876,1360.75,132.06,2.73,0.064,0.0064
PR_M021,PR,2010s,2.72,33.46,8.1,0.171,-0.00881,1360.75,132.06,2.15,0.038,0.0038
PR_M022,PR,2010s,2.78,33.6,8.1,0.171,-0.00885,1360.75,132.06,4.68,0.093,0.0093
PR_M023,PR,2010s,2.78,33.61,8.1,0.171,-0.00887,1360.75,132.06,7.91,0.156,0.0156
PR_M024,PR,2010s,2.78,33.79,8.1,0.171,-0.00887,1360.75,132.06,4.61,0.099,0.0099
PR_M025,PR,2010s,2.72,33.7,8.1,0.171,-0.00885,1360.75,132.06,3.91,0.082,0.0082
PR_M026,PR,2010s,2.72,33.7,8.1,0.171,-0.00886,1360.75,132.06,4.43,0.104,0.0104
PR_M027,PR,2010s,2.72,33.7,8.1,0.171,-0.00887,1360.75,132.06,2.9,0.077,0.0077
PR_M028,PR,2010s,2.71,33.94,8.1,0.171,-0.00888,1360.75,132.06,6.63,0.156,0.0156
PR_M029,PR,2010s,2.71,33.94,8.1,0.171,-0.00889,1360.75,132.06,,,
PR_M030,PR,2010s,2.71,33.94,8.1,0.171,-0.0089,1360.75,132.06,,,
PR_M031,PR,2010s,2.71,33.94,8.1,0.171,-0.00891,1360.75,132.06,,,
PR_M032,PR,2010s,2.75,34.11,8.1,0.171,-0.00893,1360.75,132.06,,,
PR_M033,PR,2010s,2.75,34.11,8.1,0.171,-0.00893,1360.75,132.06,,,
PR_M034,PR,2010s,2.75,34.11,8.1,0.171,-0.00895,1360.75,132.06,,,
PR_M035,PR,2010s,2.74,34.25,8.1,0.171,-0.00899,1360.75,132.06,,,
PR_M036,PR,2010s,2.74,34.25,8.1,0.171,-0.00902,1360.75,132.06,2.16,0.052,0.0052
PR_M037,PR,2010s,2.74,34.25,8.1,0.171,-0.00904,1360.75,132.06,2.09,0.047,0.0047
PR_M038,PR,2010s,2.74,34.28,8.1,0.171,-0.00906,1360.75,132.06,1.06,0.013,0.0013
PR_M039,PR,2010s,2.75,34.63,8.1,0.171,-0.00908,1360.75,132.06,6.71,0.132,0.0132
PR_M040,PR,2010s,2.75,34.63,8.1,0.171,-0.0091,1360.75,132.06,2.68,0.055,0.0055
PR_M043,PR,2010s,2.73,34.68,8.1,0.171,-0.00916,1360.75,132.06,3.17,0.071,0.0089
PR_M044,PR,2010s,2.69,34.76,8.1,0.171,-0.00919,1360.75,132.06,3.71,0.073,0.0092
PR_M045,PR,2010s,2.69,34.76,8.1,0.171,-0.0092,1360.75,132.06,4.98,0.079,0.01
PR_M046,PR,2010s,2.74,34.87,8.1,0.171,-0.00924,1360.75,132.06,1.77,0.033,0.0033
PR_M047,PR,2010s,2.74,34.84,8.1,0.171,-0.00927,1360.75,132.06,2.24,0.039,0.0039
PR_M048,PR,2010s,2.74,34.84,8.1,0.171,-0.0093,1360.75,132.06,2.67,0.043,0.0043
PR_M049,PR,2010s,2.74,35.02,8.1,0.171,-0.00936,1360.75,132.06,2.78,0.048,0.0048
PR_M050,PR,2010s,2.78,35.05,8.1,0.171,-0.00943,1360.75,132.06,2.33,0.038,0.0038
PR_M051,PR,2010s,2.77,35.31,8.1,0.171,-0.00944,1360.75,132.06,3.36,0.058,0.0058
PR_M052,PR,2010s,2.79,35.32,8.1,0.171,-0.00949,1360.75,132.06,,,
PR_M053,PR,2010s,2.8,35.35,8.1,0.171,-0.00955,1360.75,132.06,2.74,0.039,0.0039
PR_M054,PR,2010s,2.79,35.57,8.1,0.171,-0.00955,1360.75,132.06,2.12,0.03,0.003
PR_M055,PR,2010s,2.64,35.82,8.1,0.171,-0.0094,1360.75,132.06,,,
PR_M056,PR,2010s,2.73,36.2,8.1,0.171,-0.0094,1360.75,132.06,1.29,0.033,0.0033
PR_M057,PR,2010s,2.73,36.2,8.1,0.171,-0.00938,1360.75,132.06,1.82,0.042,0.0053
PR_M058,PR,2010s,2.72,36.18,8.1,0.171,-0.00937,1360.75,132.06,1.12,0.027,0.0027
PR_M060,PR,2010s,2.84,38.38,8.1,0.171,-0.00835,1360.75,132.06,7.28,0.075,0.0095
PR_M062,PR,2010s,2.86,38.5,8.1,0.171,-0.0083,1360.75,132.06,7.7,0.06,0.0076
PR_M063,PR,2010s,2.86,38.5,8.1,0.171,-0.00828,1360.75,132.06,12.34,0.13,0.013
PR_M064,PR,2010s,2.86,38.5,8.1,0.171,-0.00826,1360.75,132.06,,,
PR_M066,PR,2010s,2.91,38.67,8.1,0.171,-0.00812,1360.75,132.06,2.18,0.029,0.0029
PR_M067,PR,2010s,2.93,38.66,8.1,0.171,-0.00808,1360.75,132.06,2.84,0.04,0.004
PR_M068,PR,2010s,2.93,38.68,8.1,0.171,-0.00802,1360.75,132.06,2.85,0.042,0.0042
PR_M069,PR,2010s,2.96,38.9,8.1,0.171,-0.00795,1360.75,132.06,2.45,0.037,0.0037
PR_M070,PR,2010s,2.97,38.73,8.1,0.171,-0.0079,1360.75,132.06,3.31,0.046,0.0046
PR_M071,PR,2010s,2.97,38.73,8.1,0.171,-0.00787,1360.75,132.06,2.3,0.037,0.0037
PR_M072,PR,2010s,2.97,38.69,8.1,0.171,-0.00783,1360.75,132.06,1.98,0.026,0.0026
PR_M073,PR,2010s,2.97,38.76,8.1,0.171,-0.00779,1360.75,132.06,1.54,0.02,0.002
PR_M074,PR,2010s,2.96,38.85,8.1,0.171,-0.00773,1360.75,132.06,5.69,0.047,0.0047
PR_M077,PR,2010s,2.99,39.25,8.1,0.171,-0.00753,1360.75,132.06,3.14,0.029,0.0029
PR_M078,PR,2010s,2.99,39.27,8.1,0.171,-0.00749,1360.75,132.06,,,
PR_M079,PR,2010s,2.99,39.1,8.1,0.171,-0.00744,1360.75,132.06,2.61,0.026,0.0026
PR_M080,PR,2010s,2.99,39.32,8.1,0.171,-0.00727,1360.75,132.06,3.32,0.025,0.0025
PR_M081,PR,2010s,2.99,39.35,8.1,0.171,-0.00725,1360.75,132.06,4.25,0.05,0.005
PR_M082,PR,2010s,2.97,39.4,8.1,0.171,-0.00722,1360.75,132.06,4.76,0.059,0.0059
PR_M083,PR,2010s,2.97,39.4,8.1,0.171,-0.0072,1360.75,132.06,2.56,0.034,0.0034
PR_M084,PR,2010s,3.0,40.83,8.1,0.171,-0.00608,1360.75,132.06,1.88,0.023,0.0023
PR_M088,PR,2010s,3.0,41.45,8.1,0.171,-0.00577,1360.75,132.06,4.03,0.051,0.0051
PR_M089,PR,2010s,3.02,41.55,8.1,0.171,-0.00574,1360.75,132.06,2.25,0.016,0.0016
PR_M091,PR,2010s,3.03,41.48,8.1,0.171,-0.00569,1360.75,132.06,,,
PR_M092,PR,2010s,3.04,41.46,8.1,0.171,-0.00566,1360.75,132.06,10.74,0.145,0.0145
PR_M093,PR,2010s,3.04,41.46,8.1,0.171,-0.00565,1360.75,132.06,3.71,0.046,0.0046
GTR_M01,GTR,2010s,1.8,15.83,4.64,0.189,-0.003,456.51,12.37,2.97,0.022,0.0022
GTR_M02,GTR,2010s,1.78,15.54,4.64,0.189,-0.00299,456.51,12.37,1.49,0.015,0.0015
GTR_M03,GTR,2010s,1.79,15.43,4.64,0.189,-0.00299,456.51,12.37,2.04,0.015,0.0015
GTR_M04,GTR,2010s,1.86,15.46,4.64,0.189,-0.00298,456.51,12.37,3.49,0.024,0.0024
GTR_M05,GTR,2010s,1.8,15.43,4.64,0.189,-0.00298,456.51,12.37,2.2,0.02,0.002
GTR_M06,GTR,2010s,1.8,15.43,4.64,0.189,-0.00298,456.51,12.37,3.17,0.045,0.0045
GTR_M07,GTR,2010s,1.89,15.43,4.64,0.189,-0.00297,456.51,12.37,1.94,0.011,0.0011
GTR_M08,GTR,2010s,1.87,15.14,4.64,0.189,-0.00296,456.51,12.37,2.53,0.01,0.0013
GTR_M09,GTR,2010s,1.87,15.14,4.64,0.189,-0.00296,456.51,12.37,3.07,0.021,0.0021
GTR_M10,GTR,2010s,1.91,14.98,4.64,0.189,-0.00295,456.51,12.37,3.97,0.035,0.0035
GTR_M11,GTR,2010s,1.93,15.09,4.64,0.189,-0.00294,456.51,12.37,3.94,0.037,0.0037
GTR_M12,GTR,2010s,1.92,14.86,4.64,0.189,-0.00294,456.51,12.37,4.07,0.043,0.0043
GTR_M13,GTR,2010s,1.92,14.86,4.64,0.189,-0.00294,456.51,12.37,2.62,0.037,0.0037
GTR_M14,GTR,2010s,1.91,14.78,4.64,0.189,-0.00293,456.51,12.37,2.44,0.032,0.0032
GTR_M15,GTR,2010s,1.89,14.78,4.64,0.189,-0.00293,456.51,12.37,0.92,0.015,0.0015
GTR_M16,GTR,2010s,1.84,14.78,4.64,0.189,-0.00291,456.51,12.37,2.3,0.032,0.0032
GTR_M17,GTR,2010s,1.84,14.78,4.64,0.189,-0.00291,456.51,12.37,2.89,0.039,0.0039
GTR_M18,GTR,2010s,1.84,14.78,4.64,0.189,-0.00291,456.51,12.37,2.03,0.019,0.0019
GTR_M19,GTR,2010s,1.84,14.43,4.64,0.189,-0.00291,456.51,12.37,2.51,0.018,0.0018
GTR_M20,GTR,2010s,1.83,14.35,4.64,0.189,-0.00289,456.51,12.37,3.07,0.026,0.0026
GTR_M21,GTR,2010s,1.82,14.37,4.64,0.189,-0.00289,456.51,12.37,0.76,0.006,0.0006
GTR_M22,GTR,2010s,1.88,13.99,4.64,0.189,-0.00286,456.51,12.37,2.09,0.015,0.0015
GTR_M23,GTR,2010s,1.89,13.93,4.64,0.189,-0.00285,456.51,12.37,1.88,0.01,0.001
GTR_M24,GTR,2010s,1.9,13.88,4.64,0.189,-0.00285,456.51,12.37,2.15,0.012,0.0012
GTR_M25,GTR,2010s,1.87,13.82,4.64,0.189,-0.00284,456.51,12.37,3.71,0.02,0.002
GTR_M26,GTR,2010s,1.83,13.8,4.64,0.189,-0.00283,456.51,12.37,2.84,0.014,0.0014
GTR_M27,GTR,2010s,1.79,13.83,4.64,0.189,-0.00282,456.51,12.37,2.79,0.021,0.0021
GTR_M28,GTR,2010s,1.78,13.83,4.64,0.189,-0.00282,456.51,12.37,2.33,0.014,0.0014
GTR_M29,GTR,2010s,1.75,13.84,4.64,0.189,-0.00282,456.51,12.37,2.84,0.019,0.0019
GTR_M30,GTR,2010s,1.75,13.84,4.64,0.189,-0.00281,456.51,12.37,6.18,0.042,0.0042
GTR_M31,GTR,2010s,1.74,13.86,4.64,0.189,-0.00281,456.51,12.37,4.21,0.03,0.003
GTR_M33,GTR,2010s,1.68,13.86,4.64,0.189,-0.00281,456.51,12.37,2.62,0.022,0.0022
STR_M01,STR,2010s,1.42,9.35,4.64,0.189,-0.00264,456.51,12.37,4.19,0.091,0.0091
STR_M02,STR,2010s,1.41,9.4,4.64,0.189,-0.00264,456.51,12.37,0.91,0.023,0.0023
STR_M03,STR,2010s,1.4,9.41,4.64,0.189,-0.00264,456.51,12.37,,,
STR_M04,STR,2010s,1.33,9.41,4.64,0.189,-0.00263,456.51,12.37,4.85,0.07,0.007
STR_M14,STR,2010s,1.36,9.38,4.64,0.189,-0.0026,456.51,12.37,,,
STR_M15,STR,2010s,1.35,9.47,4.64,0.189,-0.0026,456.51,12.37,,,
STR_M16,STR,2010s,1.35,9.47,4.64,0.189,-0.00259,456.51,12.37,7.05,0.089,0.0089
STR_M17,STR,2010s,1.36,9.47,4.64,0.189,-0.00259,456.51,12.37,2.81,0.044,0.0044
STR_M19,STR,2010s,1.36,9.56,4.64,0.189,-0.00259,456.51,12.37,2.25,0.032,0.0032
STR_M21,STR,2010s,1.37,9.71,4.64,0.189,-0.00259,456.51,12.37,2.8,0.027,0.0027
STR_M22,STR,2010s,1.37,9.71,4.64,0.189,-0.00259,456.51,12.37,2.49,0.022,0.0022
STR_M23,STR,2010s,1.39,9.72,4.64,0.189,-0.00259,456.51,12.37,1.65,0.018,0.0018
STR_M24,STR,2010s,1.4,9.84,4.64,0.189,-0.00259,456.51,12.37,6.31,0.066,0.0066
STR_M25,STR,2010s,1.4,9.84,4.64,0.189,-0.00259,456.51,12.37,1.28,0.021,0.0021
STR_M26,STR,2010s,1.4,9.8,4.64,0.189,-0.00259,456.51,12.37,1.4,0.025,0.0025
STR_M27,STR,2010s,1.4,10.01,4.64,0.189,-0.00258,456.51,12.37,2.28,0.037,0.0046
STR_M28,STR,2010s,1.4,10.01,4.64,0.189,-0.00258,456.51,12.37,1.92,0.033,0.0033
STR_M29,STR,2010s,1.4,10.01,4.64,0.189,-0.00258,456.51,12.37,2.0,0.026,0.0026
STR_M30,STR,2010s,1.4,10.01,4.64,0.189,-0.00258,456.51,12.37,1.85,0.029,0.0029
STR_M31,STR,2010s,1.41,10.08,4.64,0.189,-0.00258,456.51,12.37,1.48,0.02,0.002
STR_M32,STR,2010s,1.41,10.08,4.64,0.189,-0.00258,456.51,12.37,5.64,0.074,0.0093
STR_M33,STR,2010s,1.41,10.08,4.64,0.189,-0.00258,456.51,12.37,4.02,0.047,0.0047
STR_M34,STR,2010s,1.41,10.12,4.64,0.189,-0.00258,456.51,12.37,2.48,0.031,0.0031
STR_M35,STR,2010s,1.42,10.1,4.64,0.189,-0.00257,456.51,12.37,1.99,0.027,0.0027
STR_M36,STR,2010s,1.42,10.1,4.64,0.189,-0.00257,456.51,12.37,4.75,0.079,0.0079
STR_M37,STR,2010s,1.42,10.1,4.64,0.189,-0.00257,456.51,12.37,5.28,0.082,0.0082
STR_M51,STR,2010s,1.59,10.95,4.64,0.189,-0.00256,456.51,12.37,2.23,0.042,0.0042
STR_M52,STR,2010s,1.58,10.95,4.64,0.189,-0.00256,456.51,12.37,2.6,0.046,0.0046
STR_M53,STR,2010s,1.58,10.95,4.64,0.189,-0.00256,456.51,12.37,1.42,0.03,0.003
STR_M54,STR,2010s,1.54,10.95,4.64,0.189,-0.00256,456.51,12.37,1.54,0.028,0.0028
STR_M55,STR,2010s,1.54,10.95,4.64,0.189,-0.00255,456.51,12.37,2.14,0.03,0.003
STR_M56,STR,2010s,1.54,10.95,4.64,0.189,-0.00255,456.51,12.37,2.01,0.026,0.0026
STR_M57,STR,2010s,1.47,11.01,4.64,0.189,-0.00255,456.51,12.37,9.02,0.186,0.0186
STR_M58,STR,2010s,1.45,11.04,4.64,0.189,-0.00256,456.51,12.37,2.18,0.042,0.0053
STR_M59,STR,2010s,1.38,11.11,4.64,0.189,-0.00255,456.51,12.37,3.35,0.042,0.0042
STR_M60,STR,2010s,1.38,11.11,4.64,0.189,-0.00255,456.51,12.37,3.06,0.041,0.0041
STR_M61,STR,2010s,1.29,11.26,4.64,0.189,-0.00255,456.51,12.37,2.62,0.034,0.0034
STR_M62,STR,2010s,1.29,11.26,4.64,0.189,-0.00256,456.51,12.37,3.24,0.05,0.005
STR_M63,STR,2010s,1.21,11.4,4.64,0.189,-0.00255,456.51,12.37,3.74,0.052,0.0052
STR_M64,STR,2010s,1.19,11.43,4.64,0.189,-0.00255,456.51,12.37,8.31,0.153,0.0153
STR_M65,STR,2010s,1.06,11.53,4.64,0.189,-0.00255,456.51,12.37,3.7,0.057,0.0057
STR_M66,STR,2010s,1.06,11.53,4.64,0.189,-0.00255,456.51,12.37,8.76,0.155,0.0195
STR_M67,STR,2010s,1.06,11.53,4.64,0.189,-0.00255,456.51,12.37,3.73,0.061,0.0076
STR_M68,STR,2010s,0.88,11.55,4.64,0.189,-0.00255,456.51,12.37,11.45,0.184,0.0184
STR_M69,STR,2010s,0.88,11.55,4.64,0.189,-0.00254,456.51,12.37,,,
STR_M70,STR,2010s,0.66,11.54,4.64,0.189,-0.00254,456.51,12.37,1.85,0.024,0.0024
STR_M71,STR,2010s,0.61,11.57,4.64,0.189,-0.00254,456.51,12.37,3.62,0.04,0.004
STR_M72,STR,2010s,0.61,11.57,4.64,0.189,-0.00254,456.51,12.37,2.31,0.034,0.0034
STR_M73,STR,2010s,0.35,11.63,4.64,0.189,-0.00254,456.51,12.37,1.58,0.039,0.005
