plataforma,canal,diccionario_log,ddr_word2vec,ddr_transformer,moralbert_max
Twitter,MeToo,1.0986122886681098,0.4614266444371577,0.2583479703593649,0.8233649730682373
Twitter,MeToo,1.0986122886681098,0.3301228561390109,0.2420680714371016,0.2253671884536743
Twitter,Post Brexit,0.0,0.1874546384593033,0.1646407420641655,0.0237144641578197
Twitter,MeToo,0.0,0.4370715837013579,0.2513971097215923,0.0267850123345851
Twitter,Post Brexit,0.0,0.1284091134391165,0.123188090833504,0.0165187548846006
Twitter,MeToo,0.0,0.3285166978975846,0.204578709661207,0.0537407509982585
Twitter,MeToo,0.0,0.3707326671450307,0.1108052764240099,0.0079333959147334
Twitter,Post Brexit,0.0,0.1720315486052309,0.1517548393649386,0.0413985177874565
Twitter,Mueller Report,1.3862943611198906,0.4485163456526566,0.1808451914495556,0.0327591262757778
Twitter,Post Brexit,0.0,0.337786112251378,0.1101934185510284,0.0115839559584856
Twitter,MeToo,0.6931471805599453,0.4199521549797143,0.2112398816674652,0.0236968789249658
Twitter,MeToo,0.6931471805599453,0.2908711450629186,0.211973634815831,0.0375035852193832
Twitter,MeToo,0.0,0.4317509028799531,0.2807810126415457,0.1106631532311439
Twitter,MeToo,0.0,0.3859295498352125,0.2518421946321869,0.0578693114221096
Twitter,MeToo,1.3862943611198906,0.2941982610752067,0.2226730520448693,0.9478205442428588
Twitter,Post Brexit,1.0986122886681098,0.4071551819032238,0.1625081297313391,0.1658907532691955
Twitter,MeToo,0.6931471805599453,0.4061441833812856,0.1415806647266721,0.9100908041000366
Twitter,MeToo,0.0,0.3861313161576102,0.1856882756154886,0.0246947351843118
Twitter,MeToo,0.0,0.463574659760002,0.22188287673785,0.1833694726228714
Twitter,MeToo,1.6094379124341005,0.5635319360621928,0.3377616405623936,0.9950837492942808
Twitter,Post Brexit,0.0,0.1826601272749898,0.1276045259154389,0.158202514052391
Twitter,MeToo,0.0,0.2161033125280679,0.199442928004953,0.23337022960186
Twitter,MeToo,1.0986122886681098,0.414988024055843,0.237913444578541,0.0188341345638036
Twitter,MeToo,0.0,0.3724956488931586,0.2149438130272903,0.166086196899414
Twitter,Mueller Report,0.6931471805599453,0.3687070043481034,0.1274608264091654,0.0174510683864355
Twitter,MeToo,1.6094379124341005,0.4293768468920735,0.1752165459738263,0.0498617924749851
Twitter,MeToo,0.0,0.4438463052525925,0.2636562258935638,0.0196972321718931
Twitter,MeToo,0.0,0.4096985616448279,0.1849015689332037,0.1288460046052932
Twitter,Post Brexit,0.6931471805599453,0.3246122430511289,0.1504812374804779,0.0215241089463233
Twitter,Mueller Report,0.0,0.4443997015859726,0.1644748704575943,0.0450339987874031
Twitter,MeToo,0.6931471805599453,0.3709310374200847,0.2428066766761768,0.03371237590909
Twitter,Post Brexit,0.6931471805599453,0.2812216018795463,0.1340514872933986,0.0130034899339079
Twitter,Mueller Report,0.0,0.2757537536239731,0.1756894031772498,0.0328541621565818
Twitter,MeToo,0.0,0.1862419063662608,0.1923380846408411,0.0565652325749397
Twitter,MeToo,0.6931471805599453,0.3552891882818089,0.2559828956679651,0.0173445418477058
Twitter,MeToo,0.0,0.4313019454371488,0.3460918085870261,0.6541001200675964
Twitter,Mueller Report,0.0,0.3660767077899421,0.1774335756975772,0.0555981807410717
Twitter,MeToo,1.3862943611198906,0.5089143515031838,0.2746878147445877,0.9366052746772766
Twitter,MeToo,0.0,0.338952767971216,0.1610798717651163,0.1568348258733749
Twitter,MeToo,1.0986122886681098,0.4674224516923168,0.2471366653635753,0.8727278709411621
Twitter,MeToo,1.0986122886681098,0.3772669101384853,0.2198937827837989,0.0274381712079048
Twitter,MeToo,0.6931471805599453,0.3875389261564633,0.2278345785196563,0.011816969141364
Twitter,MeToo,0.6931471805599453,0.314463815161513,0.255146564015018,0.1729478985071182
Twitter,Mueller Report,0.0,0.3565902906055078,0.1545079289871249,0.0659849345684051
Twitter,MeToo,1.0986122886681098,0.3267380937685023,0.2753882135152075,0.0200515780597925
Twitter,MeToo,0.0,0.2736117066248935,0.1999913470628733,0.0304435901343822
Twitter,MeToo,0.6931471805599453,0.5410328607076713,0.2883435363707327,0.955163836479187
Twitter,MeToo,0.6931471805599453,0.3933289245737281,0.0365254699019426,0.028058286756277
Twitter,MeToo,0.0,0.2424797873610689,0.2630116732904433,0.3817707896232605
Twitter,MeToo,0.0,0.3528866846442162,0.2080113270266315,0.0740635246038436
Twitter,MeToo,0.6931471805599453,0.4122615579657107,0.2572657480725121,0.0872036591172218
Twitter,Post Brexit,0.0,0.1980685422814338,0.0990369431841015,0.8302062153816223
Twitter,MeToo,0.0,0.4294873645069581,0.2052552489091688,0.2089639008045196
Twitter,MeToo,0.0,0.3667856531737301,0.2080794831161218,0.934965431690216
Twitter,MeToo,0.0,0.3469460400711159,0.1898518135057939,0.0452595017850399
Twitter,Mueller Report,0.0,0.2579329768686255,0.2011256281730906,0.013539801351726
Twitter,MeToo,0.6931471805599453,0.2683724424046201,0.230232275537171,0.5433135628700256
Twitter,Mueller Report,0.6931471805599453,0.3852010395054639,0.1248998425672179,0.1409428268671035
Twitter,Mueller Report,0.0,0.3475738538781923,0.1057065806559812,0.017959589138627
Twitter,MeToo,0.6931471805599453,0.47574773491227,0.3049917554417472,0.991299331188202
Twitter,MeToo,0.6931471805599453,0.4346654284729896,0.261911838084338,0.4360444545745849
Twitter,MeToo,0.0,0.0,0.1643109953583027,0.0585539638996124
Twitter,MeToo,0.0,0.3722010625123636,0.2440652004674767,0.7317407131195068
Twitter,MeToo,0.6931471805599453,0.4075682186528538,0.3055535367555769,0.3789308369159698
Twitter,MeToo,0.0,0.2199251807804627,0.2235800955400761,0.0749941989779472
Twitter,MeToo,0.6931471805599453,0.4620347975390196,0.223170156441048,0.9858296513557434
Twitter,MeToo,0.0,0.3902756498193973,0.2066939412325701,0.1196273937821388
Twitter,MeToo,1.0986122886681098,0.4940542936243048,0.1970186848817705,0.9945982694625854
Twitter,MeToo,0.6931471805599453,0.4434492728054921,0.2521942179859818,0.2827812135219574
Twitter,MeToo,0.0,0.2466214858177486,0.2196380635989805,0.1221175491809845
Twitter,Post Brexit,0.0,0.4162856304831513,0.1001272219301861,0.0082598906010389
Twitter,Mueller Report,0.6931471805599453,0.5019323821592587,0.1437881526750336,0.6800184845924377
Twitter,Mueller Report,0.0,0.4417125842104547,0.1821814501765445,0.0118834907189011
Twitter,Mueller Report,0.0,0.2678268169957247,0.1697389909267392,0.0277509596198797
Twitter,MeToo,0.0,0.3602675412481842,0.1818925021444076,0.0890284404158592
Twitter,MeToo,0.0,0.2975331330001065,0.1373613247514082,0.0153745710849761
Twitter,MeToo,0.6931471805599453,0.375973472528905,0.1940606127334106,0.4034218192100525
Twitter,MeToo,1.6094379124341005,0.5588277241674542,0.3428116755095289,0.541725218296051
Twitter,MeToo,0.0,0.4377681184544053,0.1626564725833735,0.1259852349758148
Twitter,MeToo,1.3862943611198906,0.4846035450203312,0.2193980445820433,0.2999571859836578
Twitter,MeToo,0.6931471805599453,0.5223178943829343,0.2504994562163264,0.7778544425964355
Twitter,MeToo,0.6931471805599453,0.2864649159497801,0.2929633451078139,0.0604738928377628
Twitter,MeToo,0.0,0.3762203448885352,0.2139543630089743,0.0166415348649024
Twitter,MeToo,1.791759469228055,0.5078434164956342,0.2280329584244449,0.9865437150001526
Twitter,MeToo,0.6931471805599453,0.4823630451402272,0.2801044607951397,0.7162910103797913
Twitter,MeToo,1.0986122886681098,0.420536588461614,0.1958590129705395,0.9288259744644164
Twitter,Mueller Report,0.0,0.5137920104574636,0.212253399606111,0.0236951503902673
Twitter,Mueller Report,0.0,0.3418747651849665,0.2368954598663114,0.3296385705471039
Twitter,Mueller Report,1.0986122886681098,0.3856413948139054,0.2339156929300306,0.9656527638435364
Twitter,MeToo,0.6931471805599453,0.4464324185798149,0.2493389041487644,0.969670832157135
Twitter,MeToo,1.3862943611198906,0.5620008869390462,0.2361376652271716,0.4749793708324432
Twitter,MeToo,0.0,0.2639077549409817,0.1748737795785029,0.1298424899578094
Twitter,MeToo,0.0,0.2911678612597577,0.2545240636444721,0.0394632220268249
Twitter,MeToo,0.0,0.3998631197960166,0.2025899424811407,0.945118486881256
Twitter,MeToo,0.6931471805599453,0.4490239240106843,0.1929394130981812,0.1056742742657661
Twitter,MeToo,0.0,0.1206300058094527,0.2461469525736632,0.0153241446241736
Twitter,MeToo,0.6931471805599453,0.4778494334858566,0.1817807508923755,0.9939623475074768
Twitter,MeToo,0.0,0.2772935813763123,0.23988132434062,0.0487144403159618
Twitter,MeToo,1.3862943611198906,0.4789059501610061,0.2074795723387016,0.5308975577354431
Twitter,MeToo,0.0,0.3510268323514314,0.287342123811779,0.0195608083158731
Twitter,MeToo,1.0986122886681098,0.4794313686510329,0.2363131354303085,0.2647194266319275
Twitter,MeToo,0.0,0.4506926628408179,0.2855442965862805,0.6446359753608704
Twitter,MeToo,0.0,0.2862250430451504,0.2623563806532827,0.0269385129213333
Twitter,Post Brexit,0.0,0.3380391495508851,0.150917315252634,0.4303773939609528
Twitter,Post Brexit,0.0,0.1292211096512504,0.0706925866189401,0.0118578299880027
Twitter,Mueller Report,0.6931471805599453,0.3623989211748697,0.2437991028332541,0.0157198589295148
Twitter,Mueller Report,0.0,0.0,0.2118406591833336,0.038596536964178
Twitter,Mueller Report,1.0986122886681098,0.3856760184712655,0.0903262335747324,0.0216291416436433
Twitter,MeToo,0.0,0.546785050979505,0.3471579815986885,0.2279470264911652
Twitter,MeToo,0.0,0.4171528327985986,0.2100530176172171,0.5339675545692444
Twitter,MeToo,0.6931471805599453,0.3450556474641886,0.2745117702845145,0.0761268064379692
Twitter,MeToo,0.0,0.4221288309902567,0.2721786961854173,0.0648292750120163
Twitter,MeToo,0.6931471805599453,0.4368669498730168,0.2260134945394308,0.9599682688713074
Twitter,MeToo,1.0986122886681098,0.5124763345792098,0.2034139504862125,0.4868231415748596
Twitter,MeToo,0.0,0.4439365977662668,0.2682817997990429,0.0382975898683071
Twitter,MeToo,1.0986122886681098,0.4217445295731616,0.2043813219474863,0.0300283767282962
Twitter,MeToo,1.3862943611198906,0.5026738234791596,0.2797012176507623,0.8554547429084778
Twitter,MeToo,1.3862943611198906,0.5517282006832739,0.3328812939342159,0.9966652989387512
Twitter,MeToo,0.6931471805599453,0.3551097258669974,0.1939178043302171,0.0589969865977764
Twitter,MeToo,0.0,0.3328877563120718,0.1893794284052465,0.976740062236786
Twitter,MeToo,0.0,0.612832180945968,0.3823915508071825,0.8683751225471497
Twitter,MeToo,0.0,0.3675069324570453,0.1869739527496021,0.0180260147899389
Twitter,MeToo,0.0,0.1397669516060899,0.2498360163146377,0.0125548476353287
Twitter,MeToo,0.6931471805599453,0.4747935147440116,0.2281893261104772,0.9392892122268676
Twitter,MeToo,1.0986122886681098,0.4336138658244585,0.224731010051651,0.4892282783985138
Twitter,MeToo,0.6931471805599453,0.5057783220021193,0.2449191596029969,0.0179315395653247
Twitter,MeToo,0.0,0.287227753527933,0.2892777375782346,0.0358683764934539
Twitter,MeToo,0.0,0.111668830779535,0.2667049786472877,0.4215456545352936
Twitter,Post Brexit,0.0,0.2079050725064035,0.1370616498663668,0.1860844194889069
Twitter,Post Brexit,0.6931471805599453,0.2667782859443014,0.1442624263567112,0.0129829561337828
Twitter,Mueller Report,0.0,0.4284245237245529,0.263137726014394,0.9395750761032104
Twitter,Mueller Report,0.0,0.3749802566831048,0.1999518928156987,0.0168369710445404
Twitter,Mueller Report,0.0,0.3048680736185217,0.1726200227210878,0.0172298476099967
Twitter,Mueller Report,0.0,0.4172795323100974,0.1684834623991872,0.0222864933311939
Twitter,Mueller Report,0.0,0.0,0.2119521281229229,0.0191311761736869
Twitter,Mueller Report,0.0,0.5271518980281393,0.2347804657109648,0.9235278964042664
Twitter,Mueller Report,1.0986122886681098,0.4805456953997043,0.1864079977392765,0.6495307683944702
Twitter,Mueller Report,1.3862943611198906,0.4159842956193926,0.1179925067104541,0.0144387977197766
Twitter,Mueller Report,0.0,0.4213536189269773,0.2185750735476452,0.0106489788740873
Twitter,Mueller Report,0.0,0.2805271268177453,0.1836053646796361,0.0534755922853946
Twitter,MeToo,0.0,0.3536576542476365,0.1996772294498925,0.0224951058626174
Twitter,MeToo,0.0,0.3266385256080595,0.2611664549237856,0.0247030537575483
Twitter,MeToo,0.0,0.2724117338387969,0.1823408853576952,0.0148765509948134
Twitter,MeToo,1.0986122886681098,0.4282636561879995,0.2259237246849837,0.9692669510841372
Twitter,MeToo,0.6931471805599453,0.2848412401912119,0.2334434735903262,0.0157266464084386
Twitter,MeToo,0.0,0.1407721771504526,0.2410550081086798,0.6350296139717102
Twitter,MeToo,0.6931471805599453,0.3393870040077512,0.1776893802459183,0.5517449378967285
Twitter,MeToo,0.0,0.4010317513811113,0.2705000762182074,0.0147562567144632
Twitter,MeToo,0.0,0.348003329985336,0.2549277792797523,0.0276829674839973
Twitter,MeToo,0.0,0.1366019776198289,0.1825317907663876,0.0084476545453071
Twitter,MeToo,0.6931471805599453,0.3825876482086817,0.1998280435948983,0.0408928319811821
Twitter,MeToo,1.0986122886681098,0.3703028734805638,0.2579270425926857,0.010010041296482
Twitter,MeToo,0.6931471805599453,0.3409305793796252,0.1615188805420364,0.2065747082233429
Twitter,MeToo,0.6931471805599453,0.4958547693731351,0.1893575608579538,0.066284492611885
Twitter,MeToo,0.6931471805599453,0.4340969790243859,0.1983781539659894,0.7743882536888123
Twitter,MeToo,0.0,0.1004762363390682,0.2298605021838805,0.0382259674370288
Twitter,MeToo,0.0,0.3495088675718449,0.1470485962640086,0.4530169665813446
Twitter,MeToo,0.0,0.3556773665425142,0.2450823819154733,0.9106149673461914
Twitter,MeToo,1.0986122886681098,0.4621758406008639,0.1455283282135959,0.7590224742889404
Twitter,MeToo,0.0,0.3431743614885219,0.158388589227815,0.0274119805544614
Twitter,MeToo,0.6931471805599453,0.4965868210572824,0.2160108829906982,0.1513587534427642
Twitter,MeToo,0.0,0.5173063749605675,0.3069708156607903,0.9472349882125854
Twitter,MeToo,1.0986122886681098,0.4756971326704465,0.2226940585803696,0.9454071521759032
Twitter,MeToo,1.6094379124341005,0.529477532257481,0.2752834885988089,0.9892579913139344
Twitter,MeToo,0.0,0.2254897906983935,0.2160780286023546,0.0842082649469375
Twitter,MeToo,0.6931471805599453,0.4568084578281439,0.2124893074688374,0.9875137209892272
Twitter,MeToo,0.0,0.3123969850869806,0.1449868589379158,0.0191564969718456
Twitter,MeToo,0.0,0.3246060245264135,0.2983262955203863,0.0189857929944992
Twitter,MeToo,0.6931471805599453,0.4255628720255477,0.2313925064493572,0.1935317516326904
Twitter,MeToo,1.0986122886681098,0.5180148883148453,0.3417958855532172,0.9816406369209292
Twitter,MeToo,0.0,0.2604581330044654,0.2819501753429238,0.033075738698244
Twitter,MeToo,0.0,0.4697151646993525,0.3281704951594809,0.9273937940597534
Twitter,MeToo,1.3862943611198906,0.4282542376235622,0.310851510387002,0.1057924628257751
Twitter,MeToo,0.0,0.3000275746201209,0.1677669865546676,0.032171256840229
Twitter,MeToo,0.0,0.3719665631286379,0.1917908321913211,0.0604910179972648
Twitter,MeToo,0.6931471805599453,0.2777160485481316,0.2012257942756219,0.0142671056091785
Twitter,MeToo,0.0,0.3499656203029782,0.1526100411721848,0.2242991775274276
Twitter,MeToo,1.0986122886681098,0.3672495842529822,0.26853812248414,0.1059274896979332
Twitter,MeToo,1.3862943611198906,0.4759114282982019,0.2369986214196648,0.9903053045272828
Twitter,MeToo,0.0,0.2513475292982391,0.1827022721541057,0.0113436747342348
Twitter,MeToo,0.6931471805599453,0.3411376805065041,0.2181191814893355,0.0987959206104278
Twitter,MeToo,0.0,0.3529395116965863,0.1850859416560868,0.4147290289402008
Twitter,MeToo,0.0,0.2975343403307833,0.3050018167815367,0.0496896430850029
Twitter,MeToo,0.0,0.0,0.161533294512382,0.0334165878593921
Twitter,Post Brexit,0.0,0.1494004731877976,0.1679782102167702,0.0429133847355842
Twitter,Post Brexit,0.6931471805599453,0.2409113703494718,0.144417893725634,0.0152206514030694
Twitter,Post Brexit,0.0,0.3050564358657788,0.0693695082436096,0.0174361765384674
Twitter,Mueller Report,0.6931471805599453,0.2975748346717368,0.0941170215213683,0.0481547117233276
Twitter,Mueller Report,0.0,0.3220400073206513,0.1735702891569174,0.26069575548172
Twitter,Mueller Report,0.0,0.3229888159818775,0.2054598624720387,0.983459174633026
Twitter,Mueller Report,0.0,0.3922600584586313,0.1016148597368939,0.0341200344264507
Twitter,Mueller Report,1.3862943611198906,0.3939341190586937,0.2099410154939333,0.2852044403553009
Twitter,Mueller Report,0.6931471805599453,0.4333638772244205,0.1431876291394315,0.0392278991639614
Twitter,Mueller Report,0.0,0.3981827497315122,0.2432230148321155,0.0182250030338764
Twitter,Mueller Report,0.6931471805599453,0.2628306653411136,0.1261792576029867,0.0548071637749672
Twitter,Mueller Report,0.0,0.3642545123031124,0.2559856691122986,0.2074221670627594
Twitter,Mueller Report,0.6931471805599453,0.3492169261569458,0.1415004381048946,0.016567800194025
Twitter,Mueller Report,0.0,0.4514620827605434,0.1231652155546667,0.0338023491203784
Twitter,Mueller Report,0.6931471805599453,0.3475769308601644,0.1089320470066335,0.011358012445271
Twitter,Mueller Report,0.6931471805599453,0.4035785620610649,0.140267970841085,0.0591122359037399
Twitter,Mueller Report,0.0,0.2900149095116628,0.2000682760950779,0.0099031310528516
Twitter,Mueller Report,0.6931471805599453,0.5435573937382082,0.2524399644111651,0.5159702897071838
Twitter,Mueller Report,0.6931471805599453,0.4176580901579943,0.2268110303476013,0.0188155900686979
Twitter,Mueller Report,0.0,0.3288450691364548,0.1973908553673674,0.0295768473297357
Twitter,Mueller Report,0.0,0.3278025172714164,0.2154255431352904,0.0160519424825906
Twitter,Mueller Report,1.0986122886681098,0.4287551319581174,0.1250607912935734,0.9012728929519652
Twitter,Mueller Report,0.6931471805599453,0.5234462885019411,0.1795610753610169,0.0588792972266674
Twitter,Mueller Report,0.6931471805599453,0.4260230988943566,0.1798962489615719,0.7868284583091736
Twitter,Mueller Report,1.3862943611198906,0.5078273410834763,0.2132456792922392,0.2764475643634796
Twitter,MeToo,0.0,0.2870584137815489,0.2746134229937952,0.0394169986248016
Twitter,MeToo,0.0,0.3938963227844163,0.2358672779270051,0.0521893054246902
Twitter,MeToo,0.6931471805599453,0.2672429425566749,0.1973078814611715,0.1032493114471435
Twitter,MeToo,0.0,0.4906084857409321,0.2281569509582658,0.0718175023794174
Twitter,MeToo,1.0986122886681098,0.5168748434023077,0.3531923492217463,0.971138596534729
Twitter,MeToo,1.3862943611198906,0.4581663897537101,0.2784397481923166,0.9682630300521852
Twitter,MeToo,0.0,0.4909963079210985,0.2457119349249896,0.0135367587208747
Twitter,MeToo,0.0,0.3068899367752893,0.1827142366008882,0.0189108159393072
Twitter,MeToo,0.0,0.3042870404246742,0.1723226537564657,0.9260193109512328
Twitter,MeToo,0.0,0.3634277100933608,0.1135226297369696,0.0097102997824549
Twitter,MeToo,0.0,0.3518719252138163,0.1930875091166637,0.0954691618680954
Twitter,MeToo,0.0,0.3235578922522543,0.2203443108075566,0.0157978869974613
Twitter,MeToo,0.0,0.3455335590636151,0.20607212524317,0.0467594116926193
Twitter,MeToo,0.0,0.3409207659684129,0.2099629316055501,0.0119438655674457
Twitter,MeToo,0.0,0.3699009200242213,0.1994201794161622,0.727533757686615
Twitter,MeToo,0.0,0.148141958049588,0.2025325049416552,0.0101166889071464
Twitter,MeToo,0.0,0.2156164617402741,0.1423881338045255,0.0083947861567139
Twitter,MeToo,0.0,0.2574970967920985,0.1948030400135599,0.0548444539308548
Twitter,MeToo,0.0,0.4077831960031604,0.2070143564473631,0.0302039124071598
Twitter,MeToo,1.3862943611198906,0.4756680810570747,0.2482942481893327,0.3142270445823669
Twitter,MeToo,1.0986122886681098,0.4626427685466133,0.2918899709970922,0.1117250844836235
Twitter,MeToo,1.0986122886681098,0.4638888917979756,0.2742239808422144,0.5321532487869263
Twitter,MeToo,0.6931471805599453,0.3795524442871817,0.2907994966884616,0.0652644261717796
Twitter,MeToo,0.0,0.4744796762422186,0.250949125010215,0.0113244168460369
Twitter,MeToo,0.6931471805599453,0.4305781527405409,0.2665928735094188,0.413462907075882
Twitter,MeToo,0.0,0.3970744153138347,0.1952842038625802,0.73586505651474
Twitter,MeToo,0.0,0.397357863293605,0.1559576352399737,0.5150151252746582
Twitter,MeToo,0.0,0.1586281342376717,0.1533129020593581,0.0888158306479454
Twitter,MeToo,0.0,0.0766984987779242,0.1604982681388279,0.0159672703593969
Twitter,MeToo,0.0,0.3334835062061658,0.2472279046335247,0.9337261915206908
Twitter,MeToo,0.0,0.4032580684375726,0.2238840666351428,0.954818844795227
Twitter,MeToo,0.6931471805599453,0.4303219385369473,0.2556065636238595,0.1137412413954734
Twitter,MeToo,0.6931471805599453,0.4691751564696267,0.1349838661565556,0.2328085154294968
Twitter,MeToo,0.0,0.3791889138350556,0.1979835716617356,0.0496340133249759
Twitter,MeToo,1.3862943611198906,0.4922336182548359,0.2439271531975107,0.9573009610176086
Twitter,MeToo,0.0,0.2267688812966073,0.183910681360242,0.0309157036244869
Twitter,MeToo,1.0986122886681098,0.4187292529955371,-0.0103938375264241,0.1978195905685424
Twitter,MeToo,0.6931471805599453,0.427810617030008,0.2553920637920577,0.1408621668815612
Twitter,MeToo,1.0986122886681098,0.3201126533909246,0.2816591557356829,0.3777318894863129
Twitter,MeToo,0.6931471805599453,0.3778608260242707,0.27695657133319,0.1096792444586753
Twitter,MeToo,1.0986122886681098,0.3515361468853741,0.2080265700162177,0.972019612789154
Twitter,MeToo,0.6931471805599453,0.5054876734302257,0.2886493135821845,0.8055012226104736
Twitter,MeToo,1.0986122886681098,0.4175047255909299,0.2546511340913475,0.9094024896621704
Twitter,MeToo,1.0986122886681098,0.3469232536403772,0.1961020009118511,0.9273481965065002
Twitter,MeToo,0.0,0.2941466650794425,0.2210669878536499,0.0161906089633703
Twitter,MeToo,0.6931471805599453,0.3725543790512692,0.1999303392811505,0.948638379573822
Twitter,MeToo,1.0986122886681098,0.463251942218601,0.1172482907574374,0.2223147749900818
Twitter,MeToo,1.0986122886681098,0.3705492564903722,0.2829658181531456,0.0976745784282684
Twitter,MeToo,0.6931471805599453,0.5689149469744131,0.1778261605965747,0.2932614684104919
Twitter,MeToo,0.0,0.3097361660208617,0.2288870636128524,0.6928216218948364
Twitter,MeToo,0.6931471805599453,0.5752769339182219,0.2041627400183275,0.7726812958717346
Twitter,MeToo,1.3862943611198906,0.3808147985944134,0.269888092768306,0.7773470282554626
Twitter,MeToo,0.0,0.3749330043007601,0.0945048390494344,0.0177261084318161
Twitter,MeToo,0.0,0.4897464229229814,0.3358309481085771,0.0180979091674089
Twitter,MeToo,0.0,0.3260835540300978,0.225354542967465,0.018033156171441
Twitter,MeToo,0.6931471805599453,0.3403999498190699,0.2189010309723714,0.0381571985781192
Twitter,MeToo,0.0,0.4556284066126512,0.2191593863689122,0.0378027930855751
Twitter,MeToo,0.0,0.2869061118588094,0.2104437100413424,0.0302102975547313
Twitter,MeToo,0.6931471805599453,0.4944830482495534,0.2246929644767824,0.9875576496124268
Twitter,MeToo,0.0,0.4461646123067843,0.2165915406796757,0.2329709529876709
Twitter,MeToo,0.0,0.3249372046868354,0.2847414672397118,0.0210676938295364
Twitter,MeToo,0.0,0.3556587012933557,0.2651187896862579,0.0426710210740566
Twitter,MeToo,1.0986122886681098,0.42471998056312,0.1927735380066941,0.6142954230308533
Twitter,MeToo,1.0986122886681098,0.3970727291655373,0.2513166119014201,0.2553913593292236
Twitter,MeToo,0.6931471805599453,0.5001363975717801,0.2738594759125768,0.4372493624687195
Twitter,MeToo,0.6931471805599453,0.2442157525833307,0.1913295395467991,0.8316802382469177
Twitter,MeToo,0.0,0.407933818358292,0.3216277190076846,0.3587484657764435
Twitter,MeToo,0.0,0.3099102248018801,0.2173167343139711,0.0434838123619556
Twitter,MeToo,0.6931471805599453,0.4372689349165431,0.1807977352088246,0.0801310390233993
Twitter,MeToo,0.0,0.421720098793223,0.2843809558752975,0.0584388859570026
Twitter,MeToo,0.6931471805599453,0.4428701593841444,0.1622661874601454,0.8259857296943665
Twitter,MeToo,0.6931471805599453,0.3900865315807844,0.2411295100458306,0.0153555981814861
Twitter,MeToo,0.0,0.4547937352804255,0.1149182452160962,0.0342913493514061
Twitter,MeToo,0.0,0.2508704864168027,0.1838945836749737,0.0374302752315998
Twitter,MeToo,0.6931471805599453,0.4355820063525478,0.1717339539247702,0.0184623040258884
Twitter,MeToo,0.0,0.1830554737247228,0.2153772747692426,0.0479247793555259
Twitter,MeToo,0.6931471805599453,0.5132575400099829,0.2710661359007837,0.8627267479896545
Twitter,MeToo,1.0986122886681098,0.5377716974818103,0.2265691555988958,0.9622430801391602
Twitter,MeToo,0.0,0.3142787137798672,0.1741187113680325,0.0312786810100078
Twitter,MeToo,1.0986122886681098,0.4148330687355042,0.2276043499302827,0.914261281490326
Twitter,MeToo,0.6931471805599453,0.1907364434988406,0.1672233288523519,0.060846671462059
Twitter,MeToo,1.0986122886681098,0.53464219988171,0.2400681560367938,0.9640931487083436
Twitter,MeToo,0.6931471805599453,0.4714913053173462,0.1838088369847668,0.9826524257659912
Twitter,MeToo,0.0,0.2573422536160974,0.2597377717882113,0.0226700417697429
Twitter,MeToo,0.0,0.426170488630988,0.3039275281072283,0.0197284780442714
Twitter,MeToo,1.6094379124341005,0.4061040597762733,0.20418535782416,0.5946565866470337
Twitter,MeToo,0.0,0.4487376423571849,0.2185543295873579,0.0959797203540802
Twitter,MeToo,0.6931471805599453,0.4351281785556027,0.2806538453445009,0.986472487449646
Twitter,MeToo,0.0,0.2541413183699642,0.2260497062464166,0.0166112091392278
Twitter,MeToo,1.0986122886681098,0.4530439034995241,0.3237225288841671,0.9693140983581544
Twitter,MeToo,0.0,0.3612447051092437,0.1720203141605389,0.0745596289634704
Twitter,MeToo,0.0,0.4150806401226709,0.1524909407594045,0.0347028411924839
Twitter,MeToo,0.6931471805599453,0.3762812017223194,0.1308935604068812,0.957323968410492
Twitter,MeToo,0.0,0.1549802229675478,0.2423153480151958,0.8720171451568604
Twitter,MeToo,0.0,0.372952923807052,0.1911107680670908,0.0616322383284568
Twitter,MeToo,0.0,0.3915085746454064,0.1548389454962403,0.0128104090690612
Twitter,MeToo,0.6931471805599453,0.3032454726966171,0.2326136979789206,0.1335176974534988
Twitter,MeToo,0.0,0.3078364017599412,0.1961659643764835,0.0324582606554031
Twitter,MeToo,0.6931471805599453,0.3932146389430623,0.2644937247920405,0.0397089049220085
Twitter,MeToo,0.6931471805599453,0.4527125680222783,0.2319268902066567,0.5194311141967773
Twitter,MeToo,0.0,0.447259144812861,0.1747551086151728,0.130161240696907
Twitter,MeToo,0.0,0.4085808157525043,0.2927712567309608,0.0327184051275253
Twitter,MeToo,1.3862943611198906,0.4178432803946116,0.2238109862921067,0.0187691338360309
Twitter,MeToo,0.0,0.1544913318222334,0.2183660934615234,0.013201299123466
Twitter,MeToo,0.6931471805599453,0.4861090893452679,0.2071334861122091,0.0247088205069303
Twitter,Post Brexit,0.0,0.0,0.2023535112578842,0.0531476512551307
Twitter,Post Brexit,0.0,0.2080427291586016,0.1250600560176322,0.122155874967575
Twitter,Post Brexit,0.0,0.2336468243038129,0.1236238156256242,0.0220090430229902
Twitter,Post Brexit,0.0,0.3825367798291602,0.1568803588379037,0.0436627380549907
Twitter,Post Brexit,0.0,0.0877775711329069,0.1942020093269188,0.0324151702225208
Twitter,Post Brexit,1.0986122886681098,0.2062152265325778,0.0611077569203918,0.0300081372261047
Twitter,Post Brexit,0.0,0.4056096152834474,0.1515282573587973,0.0233723223209381
Twitter,Post Brexit,0.6931471805599453,0.2623587013627285,0.2206625350276711,0.0181231163442134
Twitter,Post Brexit,0.0,0.1745206617560954,0.0787995619590599,0.0270426031202077
Twitter,Post Brexit,0.0,0.2949429267771397,0.1593471242471662,0.0119692170992493
Twitter,Post Brexit,0.0,0.1526362674257094,0.1962282244474139,0.0961223468184471
Twitter,Post Brexit,0.0,0.147953448257798,0.0307947214772601,0.0490110479295253
Twitter,Post Brexit,0.6931471805599453,0.3824455542361246,0.1991894962568259,0.0713589787483215
Twitter,Post Brexit,0.0,0.0,0.0162487358715469,0.0141515145078301
Twitter,Post Brexit,0.0,0.1270052441398658,0.1394005353361774,0.0304537117481231
Twitter,Post Brexit,0.0,0.2949706431572673,0.1907518289975625,0.0908236131072044
Twitter,Post Brexit,0.0,0.418883247362061,0.1910698970707122,0.018026128411293
Twitter,Mueller Report,1.3862943611198906,0.5502577728108704,0.2237395551253841,0.940824031829834
Twitter,Mueller Report,0.0,0.4511199702228406,0.1698597088155166,0.0324678607285022
Twitter,Mueller Report,0.0,0.3977335727454382,0.1519314954637863,0.7857463955879211
Twitter,Mueller Report,0.0,0.3690334924468054,0.1262321107026807,0.8704948425292969
Twitter,Mueller Report,0.0,0.3381347158199678,0.2025115816452581,0.069243848323822
Twitter,Mueller Report,0.0,0.2812759474314318,0.1879817721138301,0.0647453516721725
Twitter,Mueller Report,0.0,0.0,0.2350014949421677,0.1715942919254303
Twitter,Mueller Report,0.0,0.0,0.2209352589285028,0.0485017783939838
Twitter,Mueller Report,1.0986122886681098,0.5076868728515648,0.1803354968767069,0.0612064823508262
Twitter,Mueller Report,1.3862943611198906,0.5369574069770883,0.186738111043051,0.9902702569961548
Twitter,Mueller Report,0.0,0.0,0.2215372082792874,0.0895767584443092
Twitter,Mueller Report,0.0,0.3424914631806512,0.193718571999381,0.0294522438198328
Twitter,Mueller Report,1.3862943611198906,0.3744851034186037,0.1553597000371294,0.0268534384667873
Twitter,Mueller Report,0.0,0.3779406772021488,0.2575305669530478,0.0187758542597293
Twitter,Mueller Report,0.0,0.3349687902839072,0.2477171917025234,0.062127374112606
Twitter,Mueller Report,0.0,0.4634253511540486,0.1057253592151559,0.0633473247289657
Twitter,Mueller Report,0.0,0.3953095194581006,0.1316190208766692,0.0121934721246361
Twitter,Mueller Report,0.0,0.1379497340049927,0.2151016905363834,0.0206660199910402
Twitter,Mueller Report,0.6931471805599453,0.2945722125528761,0.2525232168226549,0.0305792093276977
Twitter,Mueller Report,0.0,0.4976685347811379,0.1555167666624906,0.0212439112365245
Twitter,Mueller Report,0.0,0.3324973547600653,0.1234850656664032,0.0647319108247757
Twitter,Mueller Report,0.6931471805599453,0.3170757472033275,0.1969210226312787,0.0506167151033878
Twitter,Mueller Report,0.0,0.4549251615154162,0.0915822902190141,0.0126736760139465
Twitter,Mueller Report,0.0,0.4353237681170667,0.1468387290697447,0.0538593642413616
Twitter,Mueller Report,0.0,0.3059798999745844,0.1930358840597554,0.0161545481532812
Twitter,Mueller Report,0.0,0.3121062747234497,0.2203726787024629,0.0512117519974708
Twitter,Mueller Report,0.6931471805599453,0.4852965266111001,0.1767994426904867,0.134231686592102
Twitter,Mueller Report,0.0,0.3839215610259119,0.1572591276618178,0.0158428475260734
Twitter,Mueller Report,0.6931471805599453,0.4065067270255239,0.2383866016904322,0.9958229064941406
Twitter,Mueller Report,0.0,0.316702542434034,0.2167395793549729,0.0223956983536481
Twitter,Mueller Report,0.0,0.3460471793352084,0.2607766468699334,0.0322572737932205
Twitter,Mueller Report,0.0,0.3114583100760179,0.1811158519266001,0.0160486828535795
Twitter,Mueller Report,0.6931471805599453,0.4392334447826547,0.1244018404482336,0.2632629871368408
Twitter,Mueller Report,1.0986122886681098,0.4015211871664289,0.1873313264503387,0.9308513402938844
Twitter,Mueller Report,0.0,0.2589932975709523,0.153412602242894,0.0168182905763387
Twitter,Mueller Report,0.6931471805599453,0.5152522891629081,0.1069632967943742,0.2471403032541275
Twitter,Mueller Report,0.0,0.3744800194522212,0.2300447378805263,0.0222731512039899
Twitter,Mueller Report,0.6931471805599453,0.3435444926180118,0.1695249569486461,0.9569708108901978
Twitter,Mueller Report,0.0,0.4269111532448855,0.1031547255113507,0.0209578331559896
Twitter,Mueller Report,0.6931471805599453,0.4017841061467381,0.1761743855043298,0.084423154592514
Twitter,Mueller Report,0.0,0.4909038014481708,0.1456526514581027,0.0216422136873006
Twitter,Mueller Report,0.0,0.1848524441607012,0.2349572500955296,0.084837906062603
Twitter,Mueller Report,0.6931471805599453,0.4124644643786503,0.2159452207138632,0.0851463824510574
Twitter,Mueller Report,0.0,0.2592690910612946,0.1904668067876982,0.015174220316112
Twitter,Mueller Report,1.791759469228055,0.4134823079632909,0.1304870629633463,0.9612593054771424
Twitter,Mueller Report,0.0,0.378983499142712,0.0792448610877154,0.0124157834798097
Twitter,Mueller Report,0.0,0.1527694876987926,0.1493405991234799,0.0870556309819221
Twitter,Mueller Report,1.0986122886681098,0.407846402026349,0.1817293219008103,0.0340190604329109
Twitter,Mueller Report,0.0,0.4457121993374138,0.1956316058469335,0.079629547894001
Twitter,Mueller Report,1.0986122886681098,0.3434552857578135,0.1766358008318586,0.0271353162825107
Twitter,Mueller Report,0.0,0.0,0.2330549114321022,0.0637573674321174
Twitter,Mueller Report,0.0,0.3712967899033205,0.12132505905896,0.0098484382033348
Twitter,Mueller Report,0.6931471805599453,0.3845595417075895,0.1806734159208057,0.0247559659183025
Twitter,Mueller Report,0.0,0.4917786182275758,0.1614252261194378,0.0144997760653495
Twitter,Mueller Report,0.6931471805599453,0.480146374854743,0.163799378798095,0.0303785763680934
Twitter,Mueller Report,0.0,0.34348631517288,0.1580575892819484,0.1509909033775329
Twitter,Mueller Report,0.0,0.4084607524484638,0.1931398061520803,0.3208543062210083
Twitter,Mueller Report,1.0986122886681098,0.5037547834221863,0.2194425878762081,0.7412760853767395
Twitter,Mueller Report,0.0,0.4371160564660818,0.2240519229412775,0.0168823301792144
Twitter,Mueller Report,2.3978952727983707,0.4862876949695598,0.2366725656128687,0.9219411611557008
Twitter,Mueller Report,1.3862943611198906,0.4026088724751847,0.2122714920445697,0.419172078371048
Twitter,Mueller Report,1.0986122886681098,0.4427510157714434,0.1996426732860062,0.0094287963584065
Twitter,Mueller Report,0.0,0.3528814360930077,0.1588859224565648,0.0131068555638194
Twitter,Mueller Report,0.0,0.3732960977121682,0.1706903574427869,0.0519773103296756
Twitter,Mueller Report,0.0,0.4742089050601065,0.1911462245346691,0.0225316639989614
Twitter,Mueller Report,0.0,0.3472127274229378,0.0721259221825747,0.0091591738164424
Twitter,Mueller Report,0.0,0.3402992685086126,0.1580745142213561,0.0326370820403099
Twitter,Mueller Report,0.6931471805599453,0.4589478561571333,0.2118247962679782,0.9090126752853394
Twitter,Mueller Report,0.0,0.2127777757112636,0.2302816239148513,0.0789018347859382
Twitter,Mueller Report,0.0,0.3720618319125313,0.1718537309320398,0.077314093708992
Twitter,Mueller Report,1.0986122886681098,0.4496853384653644,0.1042172308060969,0.0989629030227661
Twitter,Mueller Report,0.0,0.3690963122313478,0.14860189655261,0.0151644814759492
Twitter,Mueller Report,0.0,0.0157367525564598,0.2272950019971966,0.0230561476200819
Twitter,Mueller Report,0.6931471805599453,0.5042690913740628,0.1783064178934569,0.0089549804106354
Twitter,Mueller Report,0.0,0.0788797598529453,0.233873621432078,0.0394290462136268
Twitter,Mueller Report,1.0986122886681098,0.5274761387097879,0.1849128956637235,0.9900373220443726
Twitter,Mueller Report,0.0,0.3136675744038619,0.2121492550165984,0.101833775639534
Twitter,Mueller Report,0.6931471805599453,0.4028108077916076,0.1552294586188358,0.3816929757595062
Twitter,Mueller Report,0.6931471805599453,0.431023380632821,0.1363327457090272,0.0281881429255008
Twitter,Mueller Report,0.0,0.0,0.2492884520740809,0.0716303437948226
Twitter,Mueller Report,0.6931471805599453,0.4852922854731082,0.195233626601443,0.0393186658620834
Twitter,Mueller Report,1.0986122886681098,0.5308460998015904,0.1854659387318822,0.9417657256126404
Twitter,Mueller Report,0.6931471805599453,0.4189504229561749,0.2110987492950437,0.0397405438125133
Twitter,Mueller Report,0.6931471805599453,0.40756612347187,0.123406873334793,0.0470348745584487
Twitter,Mueller Report,0.0,0.0566289762551638,0.2029202257076771,0.0218040086328983
Twitter,Mueller Report,0.0,0.3030027998906985,0.2028534073595048,0.1363801807165146
Twitter,Mueller Report,1.0986122886681098,0.4258559046556687,0.0869588258538549,0.0099035426974296
Twitter,Mueller Report,0.6931471805599453,0.4088592655687598,0.1253859343416553,0.1036638841032982
Twitter,Mueller Report,0.6931471805599453,0.4228101909567193,0.2423325509927378,0.0734239518642425
Twitter,Mueller Report,0.0,0.4299098849805799,0.1412392467218526,0.0162920355796813
Twitter,Mueller Report,0.0,0.2789433159938972,0.1489645848630993,0.0541686974465847
Twitter,Mueller Report,0.0,0.3677293600033304,0.1399894325938652,0.0179190561175346
Twitter,Mueller Report,0.0,0.4301798123746023,0.1924995661390799,0.216985747218132
Twitter,Mueller Report,1.0986122886681098,0.4411140211022049,0.148035747644612,0.8953645825386047
Twitter,Mueller Report,0.6931471805599453,0.4066815876029934,0.1882237454881378,0.0279433373361825
Twitter,Mueller Report,0.0,0.3754417713723703,0.2119530960722918,0.6440176367759705
Twitter,Mueller Report,0.0,0.2663753976279801,0.1632442574016085,0.0573790892958641
Twitter,Mueller Report,0.0,0.3360627169797377,0.1686005342021453,0.1384224444627761
Twitter,Mueller Report,0.0,0.0,0.2164243767994824,0.0466127730906009
Twitter,Mueller Report,0.6931471805599453,0.4824696809975249,0.1742974685623465,0.0271856524050235
Twitter,Mueller Report,0.0,0.3031711254995104,0.0692462824899257,0.0220080167055129
Twitter,Mueller Report,0.6931471805599453,0.3205351196676599,0.2024677169689613,0.3267897963523865
Twitter,Mueller Report,0.6931471805599453,0.4533189606533426,0.247122047773881,0.0113367121666669
Twitter,Mueller Report,0.6931471805599453,0.3238347627502683,0.227878752224823,0.0102004343643784
Twitter,Mueller Report,0.6931471805599453,0.3288987258977536,0.1518518661140661,0.0319557785987854
Twitter,Mueller Report,1.0986122886681098,0.4959924562534018,0.2571618185537522,0.0470608063042163
Twitter,Mueller Report,0.0,0.1910353088342739,0.1700996200955818,0.0105474423617124
Twitter,Mueller Report,0.0,0.2668739861648712,0.1346726976026095,0.0574219115078449
Twitter,Mueller Report,1.3862943611198906,0.4501579497526845,0.1566850682081357,0.1295685768127441
Twitter,MeToo,1.0986122886681098,0.3982640497283189,0.1968206827293809,0.0199507903307676
Twitter,MeToo,0.0,0.3329499922077081,0.1865945672080503,0.4253182709217072
Twitter,MeToo,0.6931471805599453,0.4640585266266103,0.1137701023849173,0.8629889488220215
Twitter,MeToo,0.6931471805599453,0.4416920314894971,0.2155482641398731,0.3929061889648437
Twitter,MeToo,0.6931471805599453,0.3890510937118724,0.2456434613533468,0.0405338369309902
Twitter,MeToo,1.0986122886681098,0.3524914095408829,0.2293591831276184,0.1711235642433166
Twitter,MeToo,0.0,0.3111747437254516,0.1590051985509688,0.0307172425091266
Twitter,MeToo,1.3862943611198906,0.5390643267872264,0.2906615941774509,0.5667895078659058
Twitter,MeToo,1.0986122886681098,0.4607944191415518,0.2180738515809698,0.8040269017219543
Twitter,MeToo,0.0,0.3236969597435613,0.1881365730593103,0.0295346546918153
Twitter,MeToo,0.0,0.2930297044301309,0.2440342704936883,0.9888727068901062
Twitter,MeToo,0.6931471805599453,0.4058129653235693,0.2187277154153004,0.0420847125351429
Twitter,MeToo,1.0986122886681098,0.3900111669941337,0.2495552515800833,0.0688274949789047
Twitter,MeToo,0.0,0.4214522012030705,0.2327186309063193,0.0741322711110115
Twitter,MeToo,0.6931471805599453,0.2862611029113356,0.2213729620919446,0.1110219657421112
Twitter,MeToo,0.6931471805599453,0.4576663691522863,0.3392227197720534,0.218381568789482
Twitter,MeToo,1.0986122886681098,0.4864693648917229,0.1953358173265962,0.3075465857982635
Twitter,MeToo,0.6931471805599453,0.4425928957923989,0.2713410779714223,0.6487866044044495
Twitter,MeToo,0.6931471805599453,0.4128315940937022,0.2167120727261013,0.0995052009820938
Twitter,MeToo,0.6931471805599453,0.3162353211578461,0.1766856718003256,0.4215302765369415
Twitter,MeToo,0.0,0.4112167595657121,0.1299054103686228,0.0310681369155645
Twitter,MeToo,0.6931471805599453,0.3853122655346015,0.1957206829890205,0.6431521773338318
Twitter,MeToo,0.6931471805599453,0.3104134980736326,0.2760298558360396,0.8030340671539307
Twitter,MeToo,1.3862943611198906,0.4647957181239131,0.268508296142153,0.8139865398406982
Twitter,MeToo,0.6931471805599453,0.3842529849912925,0.344187450025219,0.044633287936449
Twitter,MeToo,0.0,0.2027666457913885,0.2729582611457295,0.0205544773489236
Twitter,MeToo,1.3862943611198906,0.4663276659079824,0.2439585155424755,0.4176122844219208
Twitter,MeToo,0.0,0.3869446804823437,0.2449910481528703,0.0355640836060047
Twitter,MeToo,0.0,0.3401829819262448,0.2117140370107168,0.7443590760231018
Twitter,MeToo,0.0,0.4221707310356072,0.1708475899309591,0.9158838987350464
Twitter,MeToo,0.0,0.3549050847260895,0.2185174401710215,0.0261341221630573
Twitter,MeToo,0.0,0.307028612751602,0.1716876207881632,0.0388803146779537
Twitter,MeToo,1.3862943611198906,0.3759934456255642,0.1946177189724918,0.8794924020767212
Twitter,MeToo,0.0,0.3724270376761598,0.1388532185037562,0.4122821688652039
Twitter,MeToo,1.0986122886681098,0.3328033797882528,0.1445373028964146,0.2314543575048447
Twitter,MeToo,0.0,0.2078593767982979,0.247914244994806,0.0775297954678535
Twitter,MeToo,0.0,0.3120324272174302,0.2352995458141715,0.0881895720958709
Twitter,MeToo,0.0,0.3654622444146225,0.3193291260568244,0.0266261342912912
Twitter,MeToo,0.0,0.4064401812575301,0.2178616763705536,0.0514221265912056
Twitter,MeToo,0.6931471805599453,0.4697545152420211,0.2367433038354508,0.0187422521412372
Twitter,MeToo,0.6931471805599453,0.3485730368046184,0.2506305916396455,0.9779702425003052
Twitter,MeToo,0.6931471805599453,0.3340637546141246,0.2663333110413967,0.0142128216102719
Twitter,MeToo,0.0,0.3734363729202775,0.1734260849925202,0.8989847302436829
Twitter,MeToo,0.0,0.3764597840022239,0.2224443140722621,0.564778208732605
Twitter,MeToo,0.0,0.3142466117058678,0.2427019880840731,0.0417482554912567
Twitter,MeToo,0.6931471805599453,0.3303385297316542,0.1871800579781403,0.2081618309020996
Twitter,MeToo,0.0,0.3833297820054663,0.3099307628327679,0.0269785188138484
Twitter,MeToo,0.0,0.4010054645399162,0.2166588514921246,0.0159813109785318
Twitter,MeToo,0.6931471805599453,0.3604289005508353,0.2397540354743974,0.1509901881217956
Twitter,MeToo,0.0,0.2639234148194482,0.1626967498070517,0.0193266682326793
Twitter,MeToo,0.0,0.4446505129776399,0.1926840198356339,0.1322313994169235
Twitter,MeToo,0.6931471805599453,0.5244152135906305,0.1488321673609087,0.934432089328766
Twitter,MeToo,0.0,0.3855999174314771,0.2172352690472083,0.0404166355729103
Twitter,MeToo,1.3862943611198906,0.4817278996945534,0.3028588721385349,0.9100833535194396
Twitter,MeToo,0.6931471805599453,0.3883651186766814,0.231618213987408,0.0485859215259552
Twitter,MeToo,1.0986122886681098,0.4531250868270568,0.25871761883216,0.9800460338592528
Twitter,MeToo,0.0,0.3308234032524454,0.248645208888043,0.0673141255974769
Twitter,MeToo,0.6931471805599453,0.4267664488582789,0.2409691158633843,0.666591465473175
Twitter,MeToo,1.0986122886681098,0.3646588554078535,0.2271725406217783,0.9176596999168396
Twitter,MeToo,0.0,0.4302230702502067,0.2439863407069279,0.1044746935367584
Twitter,MeToo,0.0,0.3577628759720644,0.1888817973155124,0.0102237798273563
Twitter,MeToo,0.6931471805599453,0.3422504155557478,0.1812916253815882,0.6048493385314941
Twitter,MeToo,0.6931471805599453,0.3391948969725996,0.2602884136101075,0.9940775632858276
Twitter,MeToo,0.0,0.2403022645202062,0.2010377342577488,0.0477895550429821
Twitter,MeToo,1.0986122886681098,0.4076549832538184,0.1999254852973618,0.3776833117008209
Twitter,MeToo,1.0986122886681098,0.4360631671845029,0.2259488677422582,0.0787956342101097
Twitter,MeToo,0.0,0.4283796487156897,0.1969182239431293,0.0200172774493694
Twitter,MeToo,0.0,0.3308819934412129,0.1923932960984181,0.0440931729972362
Twitter,MeToo,1.0986122886681098,0.4153505669390381,0.1531730058548218,0.6185481548309326
Twitter,MeToo,1.0986122886681098,0.3964434244757677,0.1750926969708656,0.7507795095443726
Twitter,MeToo,1.6094379124341005,0.503822680651526,0.1941114261726148,0.9859423041343688
Twitter,MeToo,0.0,0.3853133576905685,0.1517798124085193,0.0147215565666556
Twitter,MeToo,0.0,0.4647388859259179,0.2580828742809159,0.7570560574531555
Twitter,MeToo,0.0,0.4231538866206183,0.2422462621483211,0.0334908328950405
Twitter,MeToo,0.6931471805599453,0.4822175546869597,0.3057088779049504,0.3748545348644257
Twitter,MeToo,0.0,0.3448989224309642,0.1822470929133965,0.0690448060631752
Twitter,MeToo,0.0,0.4316359227568521,0.2616852774600949,0.2923033237457275
Twitter,MeToo,0.0,0.2117614094386384,0.2233793038119904,0.0726431533694267
Twitter,MeToo,0.0,0.2649032167991768,0.280865404060156,0.0343877859413623
Twitter,MeToo,0.0,0.3182055817599663,0.2117295897571296,0.2536818981170654
Twitter,MeToo,0.6931471805599453,0.5178123047025435,0.2814757923227148,0.9340093731880188
Twitter,MeToo,0.6931471805599453,0.4021046886043127,0.2490509098101069,0.7627078294754028
Twitter,MeToo,0.0,0.334938822602991,0.220658590722636,0.0997339040040969
Twitter,MeToo,0.0,0.3696842945983151,0.236227780218015,0.0275430791079998
Twitter,MeToo,0.0,0.4011813672794079,0.2289341667562525,0.1116299033164978
Twitter,MeToo,0.0,0.3999010160802209,0.2190892369794546,0.1639336198568344
Twitter,MeToo,0.6931471805599453,0.3791184132528451,0.2353002461181916,0.0604428946971893
Twitter,MeToo,0.0,0.3555709081157586,0.2598586477569197,0.9563955068588256
Twitter,MeToo,0.0,0.4370799671131241,0.2439572671029719,0.0545247308909893
Twitter,MeToo,0.6931471805599453,0.4173864180285597,0.1937857534044324,0.0642210766673088
Twitter,MeToo,0.0,0.2131526648280984,0.2473074776808123,0.0296394452452659
Twitter,MeToo,0.6931471805599453,0.4230218484164977,0.2129515319621804,0.4053935110569
Twitter,MeToo,0.0,0.3292682447960708,0.162815778184202,0.0371470935642719
Twitter,MeToo,0.0,0.4003520916670479,0.2283454589061825,0.9282386898994446
Twitter,MeToo,0.0,0.50802031162571,0.2832049257315066,0.0683153569698333
Twitter,MeToo,0.0,0.3705725555121323,0.197012396989495,0.3643625974655152
Twitter,MeToo,0.6931471805599453,0.4918992658580065,0.2304839824562243,0.9064360857009888
Twitter,MeToo,0.0,0.2742447086469904,0.2308266762825438,0.1037263274192809
Twitter,MeToo,0.0,0.4631244823022148,0.2413317624258228,0.2725742161273956
Twitter,MeToo,0.0,0.4648889100728104,0.260674682495051,0.0558956414461135
Twitter,MeToo,0.0,0.4013387763636281,0.2085337347291499,0.0534211136400699
Twitter,MeToo,1.3862943611198906,0.4296424657682105,0.276023814130483,0.0823565870523452
Twitter,MeToo,0.0,0.4017010963922095,0.1943411130729643,0.047536376863718
Twitter,MeToo,0.0,0.2001831814228962,0.2862758746694556,0.956040620803833
Twitter,MeToo,0.6931471805599453,0.3716878012985421,0.2223102425822952,0.0423210263252258
Twitter,MeToo,0.6931471805599453,0.4120925333075949,0.1421792066135477,0.0926905423402786
Twitter,MeToo,0.6931471805599453,0.3659649851213086,0.1891216614405008,0.4699277579784393
Twitter,MeToo,0.0,0.3268424206596661,0.1685718793342034,0.4102693796157837
Twitter,MeToo,0.6931471805599453,0.4712391969672023,0.1038106414343659,0.0151679785922169
Twitter,MeToo,0.0,0.4345748824583829,0.2745499638059875,0.1714778989553451
Twitter,MeToo,0.0,0.36018794987014,0.1547394346807955,0.647366464138031
Twitter,MeToo,0.6931471805599453,0.435727866269719,0.2463706515829304,0.0869126319885253
Twitter,MeToo,1.0986122886681098,0.3321659839007265,0.1779939345832474,0.1107672601938247
Twitter,MeToo,1.0986122886681098,0.5229939124717485,0.2290049553441823,0.5888313055038452
Twitter,MeToo,1.0986122886681098,0.4201737806044371,0.2597925910347136,0.1439544111490249
Twitter,MeToo,0.6931471805599453,0.3676699421228029,0.1438745099369981,0.9332805275917052
Twitter,MeToo,0.0,0.3098720635156421,0.2038973783929081,0.1016520857810974
Twitter,MeToo,0.0,0.1741941368930182,0.2169499455240469,0.0262602809816598
Twitter,MeToo,0.0,0.238828689058112,0.1825020810664621,0.0231491085141897
Twitter,MeToo,0.0,0.3833696677772945,0.2416292608776773,0.0421155542135238
Twitter,MeToo,0.6931471805599453,0.2443137917060404,0.1705931440662634,0.0137652428820729
Twitter,MeToo,1.3862943611198906,0.53405643537431,0.2377529509333581,0.987716257572174
Twitter,MeToo,0.0,0.4078854431286633,0.2792190775418049,0.2900265157222748
Twitter,MeToo,0.0,0.3420588058588391,0.0481162209327377,0.0391268618404865
Twitter,MeToo,0.0,0.1783585010388613,0.19691150383344,0.0138745000585913
Twitter,MeToo,0.6931471805599453,0.3295606714338867,0.1938055696593719,0.0139768691733479
Twitter,MeToo,0.0,0.3783062502217181,0.2490575468669418,0.0141970105469226
Twitter,MeToo,0.0,0.3764870603344356,0.198336820131099,0.0240542013198137
Twitter,MeToo,0.0,0.4557475438003957,0.1173517084763068,0.1709397137165069
Twitter,MeToo,0.6931471805599453,0.3898687430309056,0.2262641782448637,0.1529111713171005
Twitter,MeToo,0.6931471805599453,0.3726409900859339,0.2086471473145822,0.0917237251996994
Twitter,MeToo,0.0,0.3563529736791718,0.1301163864364671,0.0744692012667656
Twitter,MeToo,1.3862943611198906,0.4241450757231918,0.2433419845963473,0.1126300171017646
Twitter,MeToo,0.0,0.4397903924199767,0.1380469509483058,0.9375693202018738
Twitter,MeToo,0.0,0.3511457011788351,0.2309096195162,0.0218655057251453
Twitter,MeToo,1.0986122886681098,0.4350758197069476,0.2393996068773107,0.7267253994941711
Twitter,MeToo,0.0,0.3501318602367594,0.1909444259233257,0.0838794708251953
Twitter,MeToo,0.0,0.3350573164643526,0.2238981336671747,0.8905960321426392
Twitter,MeToo,0.6931471805599453,0.3748395731878107,0.2535938782489814,0.9705471396446228
Twitter,MeToo,0.0,0.3138764412572113,0.1897766306693825,0.3724915385246277
Twitter,MeToo,0.0,0.3820381562161925,0.2076161810102367,0.8379774689674377
Twitter,MeToo,0.0,0.3112421165622197,0.2345200371988253,0.1455022990703582
Twitter,MeToo,1.0986122886681098,0.3768178265146253,0.2116212141863618,0.7045100331306458
Twitter,MeToo,1.0986122886681098,0.4068426914154259,0.1626388865231982,0.4891966581344605
Twitter,MeToo,0.6931471805599453,0.4091997920444747,0.2500950451090298,0.7374556064605713
Twitter,MeToo,1.3862943611198906,0.4845121334762491,0.2490030895990051,0.7065948843955994
Twitter,MeToo,0.0,0.413792378723036,0.266127433194487,0.2792237997055053
Twitter,MeToo,1.0986122886681098,0.4243460001095004,0.297010410687029,0.888067364692688
Twitter,MeToo,1.6094379124341005,0.4356875418446749,0.2113686126749139,0.6468232274055481
Twitter,MeToo,0.0,0.0,0.1932126216824202,0.0657667219638824
Twitter,MeToo,0.6931471805599453,0.4483458617254892,0.2151925243531552,0.743790864944458
Twitter,MeToo,0.0,0.382848497101068,0.1773390697653337,0.0150662595406174
Twitter,MeToo,0.6931471805599453,0.3705243646263227,0.2033388314085045,0.0413161031901836
Twitter,MeToo,0.0,0.4039978079383081,0.1753641027595466,0.2414463609457016
Twitter,MeToo,0.0,0.3191108568532342,0.2402354206250804,0.016745762899518
Twitter,MeToo,1.3862943611198906,0.5158157193203673,0.2432603994865894,0.9260523319244384
Twitter,MeToo,0.0,0.2654526137874731,0.2602364220267563,0.3050384819507599
Twitter,MeToo,0.0,0.40347903201224,0.1307285994192107,0.1026446372270584
Twitter,MeToo,0.0,0.2717657932485834,0.2095193206789349,0.0736846849322319
Twitter,MeToo,0.0,0.3461941715796738,0.1928240893835035,0.2010361552238464
Twitter,MeToo,0.0,0.3808961156579526,0.2143829320150052,0.1693932712078094
Twitter,MeToo,0.0,0.3300425179963206,0.1903215960561627,0.1364041417837143
Twitter,MeToo,0.0,0.0993904860040539,0.2394610904325675,0.0602046027779579
Twitter,MeToo,0.0,0.4242477801373182,0.2249775304535883,0.0261072255671024
Twitter,MeToo,0.0,0.3582055179492016,0.1825913443686969,0.0133126527070999
Twitter,MeToo,0.0,0.3908171197738819,0.2094109334594299,0.0780239850282669
Twitter,MeToo,1.0986122886681098,0.3785840700243683,0.1843142293377703,0.0648688226938247
Twitter,MeToo,0.0,0.432010440239557,0.2594256606318063,0.0546569302678108
Twitter,MeToo,1.0986122886681098,0.481438644669233,0.1881940068965404,0.9721190929412842
Twitter,MeToo,1.3862943611198906,0.4878198166624952,0.264000677915053,0.9707724452018738
Twitter,MeToo,0.0,0.4366052123045622,0.1415503275715808,0.6649906635284424
Twitter,MeToo,0.0,0.3209238002750153,0.2095018001197277,0.0894695594906807
Twitter,MeToo,0.6931471805599453,0.3906601349812599,0.2346394081338175,0.1317378133535385
Twitter,MeToo,1.0986122886681098,0.3818905222865982,0.259483306538648,0.0347641333937644
Twitter,MeToo,0.0,0.4037766157158703,0.236612616323676,0.8105347752571106
Twitter,MeToo,0.0,0.375317803070437,0.1254500922979817,0.263982355594635
Twitter,MeToo,0.0,0.2719057623880773,0.2254519931638311,0.0508756674826145
Twitter,MeToo,0.6931471805599453,0.3969889451347036,0.1651811086036521,0.7794762253761292
Twitter,MeToo,0.6931471805599453,0.3867106045196232,0.2123733197922861,0.0609147921204567
Twitter,MeToo,0.0,0.3999411967624033,0.1653405238120069,0.0173083171248435
Twitter,MeToo,0.0,0.3271258751978997,0.1824167462426009,0.0914777815341949
Twitter,MeToo,1.6094379124341005,0.4467456725108171,0.2093553009355141,0.9648308753967284
Twitter,MeToo,1.0986122886681098,0.4541739348654049,0.2774334798906772,0.6256758570671082
Twitter,MeToo,0.0,0.4798640895343796,0.2272261949531382,0.5458320379257202
Twitter,MeToo,0.0,0.4090820385584189,0.1820406117304959,0.0325596742331981
Twitter,MeToo,0.6931471805599453,0.3516237381569071,0.2506998910938746,0.6043270230293274
Twitter,MeToo,0.6931471805599453,0.5250363624599057,0.21882198759954,0.2213204354047775
Twitter,MeToo,0.0,0.2788252138571477,0.2301104904682711,0.1011732518672943
Twitter,MeToo,1.0986122886681098,0.3770299632499155,0.2495656192358044,0.4961584210395813
Twitter,MeToo,0.6931471805599453,0.491449222140775,0.1642331311522848,0.0215395297855138
Twitter,MeToo,0.6931471805599453,0.4427652975694353,0.1954648701150467,0.9624898433685304
Twitter,MeToo,0.0,0.3055958934688449,0.1316263983629823,0.0888498350977897
Twitter,MeToo,0.0,0.4246966725718199,0.1907068158932248,0.4143925309181213
Twitter,MeToo,0.0,0.4523813640302505,0.1472026142714526,0.0143237877637147
Twitter,MeToo,0.0,0.5274436787526721,0.1865843019042016,0.4890200197696686
Twitter,MeToo,0.0,0.3862697754310817,0.1267152200580701,0.0955480337142944
Twitter,MeToo,0.0,0.3223706702325206,0.2386005064810175,0.0145455133169889
Twitter,MeToo,0.0,0.3726153368836002,0.267112300418817,0.9474002718925476
Twitter,MeToo,0.0,0.3869491189100284,0.249407691132199,0.6127426624298096
Twitter,MeToo,0.6931471805599453,0.373906481919775,0.1463223051848298,0.0246053729206323
Twitter,MeToo,0.6931471805599453,0.3291499526191037,0.2378548201317606,0.046506006270647
Twitter,MeToo,0.0,0.4076669491869089,0.1982071109442222,0.3285963237285614
Twitter,MeToo,0.0,0.3692320207688733,0.1966307155393689,0.6396237015724182
Twitter,MeToo,0.0,0.4137937224295951,0.2326250816136989,0.1645345091819763
Twitter,MeToo,0.0,0.3848355037644487,0.2148069927539778,0.0192157011479139
Twitter,MeToo,0.0,0.255377375225274,0.2506653720172494,0.4109781682491303
Twitter,MeToo,1.0986122886681098,0.4273132366406653,0.2757073692192348,0.0222874023020267
Twitter,MeToo,0.0,0.3154997762254553,0.1417499537662633,0.0202341210097074
Twitter,MeToo,0.6931471805599453,0.4173363722418524,0.2018985584834588,0.8801072835922241
Twitter,MeToo,0.0,0.0705257217685653,0.2110909028352639,0.0288539733737707
Twitter,MeToo,0.6931471805599453,0.3397209053577797,0.2862411455262087,0.2964915931224823
Twitter,MeToo,0.0,0.3362398989460767,0.2764957195566004,0.1029829457402229
Twitter,MeToo,0.0,0.450239703071136,0.2440343164038144,0.0266930386424064
Twitter,MeToo,0.0,0.3802352391320686,0.2066167543240984,0.021084139123559
Twitter,MeToo,0.0,0.3672065630572931,0.2036644157017318,0.0166364032775163
Twitter,MeToo,0.0,0.4233773736430554,0.255465505127688,0.0371689051389694
Twitter,MeToo,1.0986122886681098,0.5740535596820096,0.2782297395587805,0.8884411454200745
Twitter,MeToo,0.0,0.4631959375454656,0.2394340698444762,0.0268291383981704
Twitter,MeToo,0.0,0.3700487296514704,0.1860330726739798,0.0419036261737346
Twitter,MeToo,0.6931471805599453,0.4084586788272986,0.1876267362341782,0.5296794772148132
Twitter,MeToo,0.0,0.4270978054320584,0.1770240326235019,0.029975863173604
Twitter,MeToo,0.0,0.4146785713220909,0.2295945157116319,0.4171877503395081
Twitter,MeToo,1.0986122886681098,0.3920931589277299,0.1634574872605085,0.3833056688308716
Twitter,MeToo,0.0,0.2628928546177587,0.2448318391875434,0.0891389921307563
Twitter,MeToo,0.6931471805599453,0.4294529159225739,0.2401127146988348,0.8963220119476318
Twitter,MeToo,0.6931471805599453,0.4916419066599875,0.2141117287213929,0.7305571436882019
Twitter,MeToo,0.0,0.3917342378794332,0.1723365852300784,0.0715292692184448
Twitter,MeToo,0.6931471805599453,0.5130461504890668,0.2729375916704951,0.1633159965276718
Twitter,MeToo,0.0,0.2266511803608235,0.2675546521044318,0.0281713623553514
Twitter,MeToo,0.0,0.3590354177071564,0.2617962880996641,0.0233125388622283
Twitter,MeToo,1.0986122886681098,0.3761540016821197,0.217576893506331,0.0417627543210983
Twitter,MeToo,0.6931471805599453,0.4783261834326354,0.1797791658234593,0.8185989260673523
Twitter,MeToo,0.0,0.3031345371111219,0.2010659863332479,0.0128278546035289
Twitter,MeToo,0.0,0.4463110472779482,0.2024933891321065,0.0854546725749969
Twitter,MeToo,0.6931471805599453,0.4700851146457885,0.2267650031319499,0.5411922931671143
Twitter,MeToo,0.6931471805599453,0.4299604854383939,0.2690763808748029,0.8702183365821838
Twitter,MeToo,1.3862943611198906,0.3619304880794797,0.1435828200441902,0.2459435164928436
Twitter,MeToo,0.0,0.4074522958167028,0.2220920486531253,0.1796054542064666
Twitter,MeToo,0.6931471805599453,0.3983423159514663,0.148420438942522,0.0445885136723518
Twitter,MeToo,0.0,0.3078947352014519,0.230695341029442,0.0383383929729461
Twitter,MeToo,0.6931471805599453,0.3734054607750804,0.2085232237033752,0.9724341630935668
Twitter,MeToo,0.6931471805599453,0.4086991013151685,0.1554598905036534,0.967730700969696
Twitter,MeToo,0.6931471805599453,0.3898618115976297,0.238533787739773,0.1088299080729484
Twitter,MeToo,0.6931471805599453,0.3969489901426697,0.2040080064087711,0.2791575193405151
Twitter,MeToo,0.6931471805599453,0.4329560086206693,0.1592194947936134,0.0469301715493202
Twitter,MeToo,0.6931471805599453,0.3820693178614041,0.2240336335518211,0.0169072858989238
Twitter,MeToo,0.0,0.2890064898409077,0.2539597667994513,0.0134013444185256
Twitter,MeToo,0.0,0.3769469306682848,0.2049826661449024,0.1102368012070655
Twitter,MeToo,0.0,0.4138446779905788,0.0999251915843176,0.0286936704069376
Twitter,MeToo,0.0,0.4044521734928051,0.2032530365998563,0.1056191995739936
Twitter,MeToo,0.6931471805599453,0.3404485631433291,0.2675988128342942,0.5667186379432678
Twitter,MeToo,0.0,0.2790414411807743,0.2018332709699719,0.1145122498273849
Twitter,MeToo,0.0,0.3368637212870723,0.2564285945463462,0.5292761921882629
Twitter,MeToo,0.6931471805599453,0.4082824686352317,0.1683366892051662,0.0161579269915819
Twitter,MeToo,0.0,0.2547877279767188,0.1705167940049032,0.3060623705387115
Twitter,MeToo,0.0,0.1717151852880393,0.2849478945891128,0.0343854576349258
Twitter,MeToo,0.6931471805599453,0.2961943026224166,0.1577557561006101,0.038875576108694
Twitter,MeToo,0.0,0.4586417204089771,0.2243604100419563,0.0315660536289215
Twitter,MeToo,1.0986122886681098,0.5378957263869723,0.2707097845342973,0.8953911662101746
Twitter,MeToo,0.0,0.2784913020802874,0.2547154333634076,0.0711664706468582
Twitter,MeToo,0.0,0.3633755187754164,0.1981275877236064,0.0196804888546466
Twitter,MeToo,0.0,0.3490373860514182,0.1010969320396736,0.0286246407777071
Twitter,MeToo,0.0,0.3229127458288879,0.165459180847457,0.0142724718898534
Twitter,MeToo,1.3862943611198906,0.5228389059145788,0.1918868144361639,0.9648289680480956
Twitter,MeToo,0.6931471805599453,0.4979292387978215,0.2347408408310475,0.8041582107543945
Twitter,MeToo,0.0,0.4262571351487783,0.3220773085073619,0.4401304423809052
Twitter,MeToo,0.6931471805599453,0.408518897020017,0.2231483290548344,0.7580678462982178
Twitter,MeToo,0.6931471805599453,0.4859543587504085,0.2954610571889909,0.9897897839546204
Twitter,MeToo,0.0,0.4075656160897092,0.2171288858801721,0.1346022337675094
Twitter,MeToo,1.0986122886681098,0.5919815669913043,0.2798204232062851,0.9913409352302552
Twitter,MeToo,0.0,0.3755597551171625,0.1287785453797315,0.2913050651550293
Twitter,MeToo,0.0,0.2096730146713435,0.2390697933547692,0.0487830229103565
Twitter,MeToo,0.0,0.4370300180969453,0.2160254984461314,0.7631099820137024
Twitter,MeToo,0.6931471805599453,0.3548587740591328,0.1954784362685968,0.0932541191577911
Twitter,MeToo,0.0,0.3696963042761139,0.2076951641179247,0.0661116614937782
Twitter,MeToo,0.0,0.3144519241264404,0.13964616642435,0.0116995358839631
Twitter,MeToo,0.6931471805599453,0.5119713184448259,0.2901540395577848,0.3998085558414459
Twitter,MeToo,0.0,0.3289335212096573,0.2376716863514809,0.0508672632277011
Twitter,MeToo,0.0,0.4120828666542823,0.113884441970323,0.0133063411340117
Twitter,MeToo,0.0,0.4349607256350465,0.248754865174041,0.7777141332626343
Twitter,MeToo,0.0,0.3399163218286214,0.2426363775940992,0.8022595643997192
Twitter,MeToo,0.6931471805599453,0.5094603537641459,0.3123531319247949,0.1474539190530777
Twitter,MeToo,0.6931471805599453,0.3625694139223589,0.1807491176847366,0.0701335966587066
Twitter,MeToo,0.0,0.4721250800953961,0.1984724823735332,0.4534755051136017
Twitter,MeToo,0.0,0.3756266261359648,0.2651666249996046,0.1361410468816757
Twitter,MeToo,0.6931471805599453,0.4639661549914207,0.2001133173787872,0.7740687727928162
Twitter,MeToo,1.0986122886681098,0.4505179126196126,0.2623615096851774,0.9837385416030884
Twitter,MeToo,0.6931471805599453,0.4278816815126404,0.1593970555452792,0.0628661662340164
Twitter,MeToo,0.0,0.3218118864278899,0.1789078619861311,0.5065277814865112
Twitter,MeToo,0.6931471805599453,0.2621771393542597,0.2087138811182747,0.9222010374069214
Twitter,MeToo,1.0986122886681098,0.4024064651020426,0.2262748942622523,0.968152403831482
Twitter,MeToo,0.0,0.3575184286587801,0.2424300008063081,0.0421680435538291
Twitter,MeToo,0.0,0.3462726694989197,0.2087176657118467,0.0109127284958958
Twitter,MeToo,1.0986122886681098,0.4128597004478356,0.2502388638734391,0.6388240456581116
Twitter,MeToo,1.0986122886681098,0.4143948539911435,0.1857494354063789,0.0240089986473321
Twitter,MeToo,1.3862943611198906,0.4630105684304023,0.1453969670407807,0.9450762271881104
Twitter,MeToo,0.6931471805599453,0.3800920502110653,0.1802604140131685,0.3015511333942413
Twitter,MeToo,0.6931471805599453,0.3621962749175763,0.2032414356668931,0.9325531125068665
Twitter,MeToo,0.0,0.2487152557669558,0.2236939025863681,0.5103935599327087
Twitter,MeToo,1.0986122886681098,0.4454154384726798,0.3596544465950263,0.997364103794098
Twitter,MeToo,0.0,0.5535767803894096,0.2136725119236377,0.9926504492759703
Twitter,MeToo,1.0986122886681098,0.3540632897653893,0.1952452569474944,0.0919577777385711
Twitter,MeToo,0.0,0.2507074807513551,0.2442124948941255,0.1775904893875122
Twitter,MeToo,1.0986122886681098,0.4307443299134499,0.1912473195455399,0.0461340360343456
Twitter,MeToo,0.0,0.2468191650650865,0.2164052392448027,0.0967820808291435
Twitter,MeToo,0.0,0.3473316109809607,0.2489498754665356,0.5062499046325684
Twitter,MeToo,0.0,0.4527839639512965,0.2361341543336112,0.9626513123512268
Twitter,MeToo,0.0,0.4339671310048292,0.1942868271397554,0.1426614969968795
Twitter,MeToo,0.6931471805599453,0.3930663598286539,0.1389014575510675,0.0314522981643676
Twitter,MeToo,0.0,0.2716205194114912,0.1858910947048407,0.0188083257526159
Twitter,MeToo,0.0,0.3620334843578442,0.1956347975757289,0.0417665503919124
Twitter,MeToo,0.6931471805599453,0.3780925068678784,0.2037386020266373,0.7090033292770386
Twitter,MeToo,0.0,0.3213650887095575,0.3140462549142857,0.1093297600746154
Twitter,MeToo,0.0,0.1716475781809837,0.27434349333922,0.3648287653923034
Twitter,MeToo,0.0,0.3188534775075083,0.1954776601888105,0.0915199220180511
Twitter,MeToo,1.0986122886681098,0.3730138579916148,0.1828119441566905,0.074984610080719
Twitter,MeToo,1.0986122886681098,0.3408425652835557,0.2094731955467171,0.0517743192613124
Twitter,MeToo,0.6931471805599453,0.4524557256144572,0.253785312795789,0.0494097433984279
Twitter,MeToo,0.0,0.3648223390579474,0.1513580577940269,0.1922159045934677
Twitter,MeToo,0.0,0.2839325944108987,0.2320766847401658,0.0138708399608731
Twitter,MeToo,0.0,0.4909482547480241,0.2365203700083307,0.3052480220794678
Twitter,MeToo,1.3862943611198906,0.4198040504315423,0.1888327619672877,0.019776863977313
Twitter,MeToo,0.6931471805599453,0.3394136073013072,0.2028361420302599,0.3765646815299988
Twitter,MeToo,0.6931471805599453,0.4304121589592805,0.2063540865527451,0.0281893517822027
Twitter,MeToo,1.3862943611198906,0.4301514871594085,0.1451543676959415,0.0886225923895835
Twitter,MeToo,0.0,0.2980308702639389,0.2660954009574239,0.0214994177222251
Twitter,MeToo,0.0,0.3065369313898886,0.2603040423831356,0.0304571464657783
Twitter,MeToo,0.6931471805599453,0.2980085116123162,0.2311858110512439,0.0875327140092849
Twitter,MeToo,0.0,0.3638441293190463,0.2143793534424606,0.0495569445192813
Twitter,MeToo,0.0,0.2875330237734781,0.2128752442082439,0.3518546521663666
Twitter,MeToo,1.0986122886681098,0.4921350393597509,0.3058692065307317,0.8700739145278931
Twitter,MeToo,0.6931471805599453,0.2506769517739071,0.2250463142752563,0.2382498830556869
Twitter,MeToo,0.6931471805599453,0.4530115634869395,0.1620897839619519,0.2717631161212921
Twitter,MeToo,0.0,0.3755251975993673,0.2386663490265091,0.0646396800875663
Twitter,MeToo,0.6931471805599453,0.5210070745815494,0.2325758325074327,0.8940786719322205
Twitter,MeToo,0.0,0.3962961735118456,0.2341855347230449,0.4113587439060211
Twitter,MeToo,0.0,0.3812852996705469,0.2592747547163588,0.0277279000729322
Twitter,MeToo,0.0,0.4280389725036633,0.1687314704400677,0.0432759523391723
Twitter,MeToo,0.6931471805599453,0.2444380761561499,0.2036226981147135,0.1261330693960189
Twitter,MeToo,0.0,0.318366777233284,0.2357184240268948,0.6893439292907715
Twitter,MeToo,0.0,0.2764263718029495,0.2492179879077081,0.0942942574620246
Twitter,MeToo,0.6931471805599453,0.4796033772485793,0.2121053465477797,0.0257214531302452
Twitter,MeToo,0.0,0.3842774358096541,0.2210709400039212,0.0285832118242979
Twitter,MeToo,0.0,0.3446493065016546,0.2880526852733883,0.5858123302459717
Twitter,MeToo,0.0,0.3043871605879539,0.2067843212425586,0.0487076230347156
Twitter,MeToo,0.0,0.2734399584015228,0.2704970210956131,0.4780127108097077
Twitter,MeToo,0.0,0.4004808323614892,0.2856950854726393,0.4763481318950653
Twitter,MeToo,0.6931471805599453,0.3429022090060891,0.1403964544458695,0.2006128579378128
Twitter,MeToo,0.0,0.1262406416377212,0.168460212914063,0.6078951358795166
Twitter,MeToo,0.0,0.4463731283983475,0.2578454855092683,0.0293320342898368
Twitter,MeToo,0.0,0.3640419051377502,0.2540298097285506,0.0162190161645412
Twitter,MeToo,0.6931471805599453,0.484564205614752,0.2759890364993896,0.0537849590182304
Twitter,MeToo,0.6931471805599453,0.267952515208799,0.2185518937523111,0.0102396383881568
Twitter,MeToo,0.0,0.1686108606686959,0.251423339948545,0.0212522875517606
Twitter,MeToo,0.0,0.2596772179539838,0.2414876698821094,0.0365102477371692
Twitter,MeToo,0.0,0.0,0.2116087725351749,0.0611319541931152
Twitter,MeToo,0.0,0.4332852612884711,0.1863193801364356,0.6894849538803101
Twitter,MeToo,1.3862943611198906,0.5499170106046591,0.1509626431200402,0.1152226850390434
Twitter,MeToo,0.0,0.3264916845464934,0.254005439631441,0.0184937715530395
Twitter,MeToo,0.0,0.3931007733139137,0.1682859221235899,0.0734333395957946
Twitter,MeToo,0.0,0.3382830552978082,0.253236710768193,0.255448967218399
Twitter,MeToo,0.0,0.4043367250072363,0.1902846237365206,0.0643635466694831
Twitter,MeToo,1.3862943611198906,0.4297520063926596,0.2400018070373521,0.0618969462811946
Twitter,MeToo,0.0,0.1066154712485252,0.25897521260469,0.0793382003903389
Twitter,MeToo,0.0,0.2350009679931352,0.2655767976250851,0.0841581523418426
Twitter,MeToo,0.0,0.4225577395015817,0.1840392851121551,0.614147961139679
Twitter,MeToo,0.0,0.3504982335439175,0.2738779788965536,0.0129143809899687
Twitter,MeToo,0.0,0.4341465880839669,0.1367111207580299,0.0160273648798465
Twitter,MeToo,0.0,0.201847328771532,0.1775054340550804,0.031769048422575
Twitter,MeToo,0.0,0.1746379114813505,0.2348376480860063,0.093530923128128
Twitter,MeToo,1.0986122886681098,0.4416398415854694,0.256123968040493,0.5168513655662537
Twitter,MeToo,0.6931471805599453,0.2498459408168412,0.240911647698947,0.1226002499461174
Twitter,MeToo,0.0,0.0,0.2696438472183313,0.8310357928276062
Twitter,MeToo,0.6931471805599453,0.3950717990513874,0.1611362226837798,0.0214491672813892
Twitter,MeToo,0.6931471805599453,0.3678083500603363,0.1485087203028673,0.0150551320984959
Twitter,MeToo,0.0,0.3698463199875156,0.0991174508545094,0.045641865581274
Twitter,MeToo,0.0,0.3362352378143468,0.2016053704778242,0.0220528971403837
Twitter,MeToo,1.0986122886681098,0.3804689693794103,0.1072047839833333,0.288716048002243
Twitter,MeToo,0.0,0.2485181626918592,0.2053793618280063,0.3414213359355926
Twitter,MeToo,0.0,0.3757840606519589,0.2341686670936006,0.2495133578777313
Twitter,MeToo,0.6931471805599453,0.3992736961929632,0.1370181539219888,0.2627400159835815
Twitter,MeToo,0.0,0.3016389422780425,0.0747818755734877,0.0285729896277189
Twitter,MeToo,0.0,0.4205793239400754,0.265870311146325,0.2822131514549255
Twitter,MeToo,0.0,0.4263829620846113,0.2177866138668722,0.948943018913269
Twitter,MeToo,0.6931471805599453,0.4225045687278162,0.1526976245138787,0.0192327853292226
Twitter,MeToo,0.0,0.3066185164547341,0.1848122674127348,0.1976249516010284
Twitter,MeToo,0.0,0.1066154712485252,0.2387308473558453,0.0806268900632858
Twitter,MeToo,0.0,0.3862790825960427,0.2778008264886793,0.049610823392868
Twitter,MeToo,1.6094379124341005,0.4691182015187614,0.2516290597916891,0.8792104721069336
Twitter,MeToo,0.6931471805599453,0.3867398902480308,0.1603521226549051,0.5932329297065735
Twitter,MeToo,1.3862943611198906,0.4893732876010829,0.257498510827355,0.8621488213539124
Twitter,MeToo,0.0,0.277929922633182,0.2721183652879979,0.0742923766374588
Twitter,MeToo,0.6931471805599453,0.4089807607615686,0.0997078091713164,0.0091429306194186
Twitter,MeToo,1.0986122886681098,0.4154683548982172,0.2048279060257589,0.9283021688461304
Twitter,MeToo,1.3862943611198906,0.5370009512152581,0.3095141097920137,0.5904294848442078
Twitter,MeToo,0.6931471805599453,0.3461564680740958,0.0763918193675216,0.6227682828903198
Twitter,Climate Change,0.6931471805599453,0.3198014406942804,0.1752584081829337,0.1463183611631393
Twitter,Climate Change,0.0,0.3005014071605882,0.1699976850761399,0.1042251661419868
Twitter,Climate Change,0.0,0.347108671565441,0.2044769143478026,0.1565909534692764
Twitter,Climate Change,0.0,0.3226638508867637,0.1321018508650822,0.8181290626525879
Twitter,Climate Change,1.0986122886681098,0.3121689619357045,0.1288686535883952,0.0731190219521522
Twitter,Gun Control,0.6931471805599453,0.4012799885832737,0.1894721156816453,0.9830830097198486
Twitter,Climate Change,0.0,0.3219272135931528,0.1264350900477188,0.3263998329639435
Twitter,Climate Change,0.0,0.3111184681513536,0.1557343779728673,0.1086038798093795
Twitter,Climate Change,0.6931471805599453,0.2592921181564083,0.0440713591125254,0.7525492906570435
Twitter,Climate Change,0.6931471805599453,0.3551342742894615,0.1642964405007,0.5225759744644165
Twitter,Gun Control,0.6931471805599453,0.3736548683655683,0.1658482062412052,0.870955228805542
Twitter,Climate Change,0.6931471805599453,0.4175145696659534,0.0875650529453139,0.9195515513420104
Twitter,Climate Change,0.0,0.3118505993981802,0.1193715637925882,0.8754886388778687
Twitter,Climate Change,0.0,0.3495340448133016,0.1377042763228389,0.3787423670291901
Twitter,Climate Change,1.0986122886681098,0.2875956454373317,0.2371829890113429,0.9547076225280762
Twitter,Climate Change,0.0,0.3927933836938407,0.1216581965590759,0.7420884966850281
Twitter,Climate Change,0.0,0.3138472348015271,0.1859636453237695,0.0922083109617233
Twitter,Climate Change,0.0,0.4026832846239593,0.1793468143483697,0.119044505059719
Twitter,Climate Change,1.0986122886681098,0.3466638088697715,0.191751833489241,0.6905772686004639
Twitter,Climate Change,1.3862943611198906,0.4932373895489558,0.3181500746608071,0.9226446747779846
Twitter,Climate Change,0.0,0.2324896792760536,0.0964204522356888,0.4454546570777893
Twitter,Climate Change,0.0,0.3131767406429834,0.1242387553669754,0.0202168598771095
Twitter,Climate Change,0.0,0.3320539949637434,0.1383191985234456,0.3367564678192139
Twitter,Climate Change,0.6931471805599453,0.2994734162191833,0.1766147342527688,0.3206341862678528
Twitter,Same-sex Marriage,0.6931471805599453,0.4449909118067823,0.1481386473111671,0.9815210700035096
Twitter,Climate Change,0.6931471805599453,0.4249394634374546,0.1206715736299601,0.2890990376472473
Twitter,Climate Change,0.0,0.1676348737393891,0.2171133882803125,0.1338528245687484
Twitter,Climate Change,0.0,0.2090631518842068,0.0272086388310633,0.4031907021999359
Twitter,Climate Change,1.0986122886681098,0.4348406267804267,0.1860639786971605,0.6838085651397705
Twitter,Climate Change,0.0,0.2639275457812591,0.2599934109383589,0.2068858444690704
Twitter,Climate Change,0.0,0.3783124864151458,0.1927207552911677,0.0415249094367027
Twitter,Gun Control,1.3862943611198906,0.4452244029618003,0.1467576760366087,0.679442822933197
Twitter,Gun Control,0.0,0.5116254823255376,0.141802337046617,0.0754420533776283
Twitter,Same-sex Marriage,0.0,0.2730898551306743,0.1859282754974838,0.0629513412714004
Twitter,Gun Control,0.0,0.3525883442764406,0.2036907693736612,0.9795113801956176
Twitter,Gun Control,1.6094379124341005,0.4447908208597166,0.1503648061643391,0.8747387528419495
Twitter,Climate Change,0.6931471805599453,0.2865339163201975,0.0624833354570566,0.2068426311016082
Twitter,Climate Change,0.0,0.2831241789995922,0.199677260942256,0.0824756696820259
Twitter,Climate Change,0.0,0.2316557970068403,0.0847608140231119,0.09556395560503
Twitter,Climate Change,0.0,0.4247044922261406,0.0989026946177974,0.288961112499237
Twitter,Same-sex Marriage,0.6931471805599453,0.2632564049848749,0.1978642428492269,0.7919030189514159
Twitter,Same-sex Marriage,1.0986122886681098,0.4642140252651544,0.0934733097367891,0.9454163312911988
Twitter,Same-sex Marriage,1.0986122886681098,0.3979642528343753,0.188585006658465,0.0565591789782047
Twitter,Same-sex Marriage,0.0,0.2836366910473377,0.1892226329603457,0.9835747480392456
Twitter,Climate Change,0.0,0.0462545349885384,0.1911104137686602,0.1126896291971206
Twitter,Climate Change,0.6931471805599453,0.3158012477580147,0.1514562327778538,0.4582472145557404
Twitter,Climate Change,0.0,0.3380392426795728,0.1866382102009303,0.0827419906854629
Twitter,Climate Change,0.0,0.4175313354895499,0.1396223041299522,0.111665166914463
Twitter,Climate Change,0.0,0.3158022546586422,0.1199978189720572,0.3995507955551148
Twitter,Climate Change,1.3862943611198906,0.4220670686756614,0.1449087288141485,0.1455985903739929
Twitter,Climate Change,0.0,0.3372870579647624,0.0910266644338549,0.3982844948768616
Twitter,Gun Control,0.6931471805599453,0.3378545466494289,0.2213510637754161,0.7379490733146667
Twitter,Gun Control,0.0,0.3711038640545531,0.2215760499626856,0.8436470031738281
Twitter,Gun Control,0.6931471805599453,0.306193566666441,0.2046797908973458,0.3782302737236023
Twitter,Same-sex Marriage,1.9459101490553128,0.4667942729227973,0.2217002177324418,0.8953967094421387
Twitter,Same-sex Marriage,1.0986122886681098,0.4885973406575,0.2855865786441465,0.1532842516899109
Twitter,Same-sex Marriage,1.0986122886681098,0.4923970925174953,0.3007387931030155,0.9956360459327698
Twitter,Climate Change,1.0986122886681098,0.2337464042342164,0.0933252815606502,0.1831202507019043
Twitter,Climate Change,0.6931471805599453,0.431392475963762,0.1358069289228315,0.637417197227478
Twitter,Climate Change,0.0,0.3098485234845695,0.1340259688757257,0.0751278698444366
Twitter,Climate Change,0.0,0.2983231937508576,0.1552560152598788,0.7594334483146667
Twitter,Climate Change,0.0,0.2820288843638298,0.0837423540239821,0.5710399746894836
Twitter,Climate Change,0.0,0.4435066354104331,0.1262849688915683,0.1477907449007034
Twitter,Climate Change,0.6931471805599453,0.3461313446808415,0.1497106328579547,0.7944404482841492
Twitter,Climate Change,0.6931471805599453,0.4367332104059924,0.1559773527979215,0.0547719411551952
Twitter,Climate Change,0.6931471805599453,0.4038082345812771,0.1614879850967769,0.5671181678771973
Twitter,Climate Change,0.0,0.2911550600191908,0.1961399978749761,0.1120720729231834
Twitter,Climate Change,0.6931471805599453,0.4328829023087703,0.113963332601824,0.1974916756153106
Twitter,Gun Control,0.0,0.5114264708750095,0.2608365826449719,0.0449081994593143
Twitter,Gun Control,0.6931471805599453,0.4559365804059692,0.2238208637606286,0.6443679928779602
Twitter,Gun Control,0.0,0.4027135849728272,0.1019038671641143,0.8124940395355225
Twitter,Gun Control,0.6931471805599453,0.4108268696025199,0.1154982606024749,0.6112235188484192
Twitter,Gun Control,0.6931471805599453,0.3562468134302306,0.1991308891281092,0.0621462687849998
Twitter,Same-sex Marriage,1.791759469228055,0.4549026679144427,0.1771556888366615,0.5469006896018982
Twitter,Same-sex Marriage,0.0,0.2665797936448993,0.1493435696341149,0.5104114413261414
Twitter,Climate Change,0.0,0.1203607769967819,0.1320008445625732,0.2995036542415619
Twitter,Climate Change,0.6931471805599453,0.3359836731953362,0.1160446894107258,0.4135065376758576
Twitter,Climate Change,0.6931471805599453,0.2385215254678457,0.1659844749426609,0.0993000790476799
Twitter,Climate Change,0.0,0.291683575421943,0.1584012549685684,0.0412338003516197
Twitter,Climate Change,0.0,0.2544631952328169,0.0916777065068519,0.8364430665969849
Twitter,Climate Change,0.0,0.26545592225061,0.1701312418586871,0.0906078293919563
Twitter,Climate Change,0.0,0.3652952260150202,0.1628141707161436,0.3807403743267059
Twitter,Climate Change,0.0,0.370094511397669,0.0932168268304565,0.7660223841667175
Twitter,Climate Change,0.0,0.4054202626038131,0.2322150878158162,0.2601413726806641
Twitter,Climate Change,0.6931471805599453,0.3208242321410168,0.1174938325862903,0.5305529832839966
Twitter,Climate Change,0.0,0.3040071356086361,0.1870194262610325,0.4611516296863556
Twitter,Climate Change,0.6931471805599453,0.4264707551749305,0.1051514686468416,0.6506542563438416
Twitter,Climate Change,0.0,0.2851135328841545,0.1238502057727278,0.1072180494666099
Twitter,Climate Change,0.6931471805599453,0.3974086265271861,0.1057605237305344,0.0906533598899841
Twitter,Climate Change,0.0,0.3586995763795879,0.1790686493137278,0.3710238933563232
Twitter,Climate Change,0.0,0.2865208215580253,0.1416694325616336,0.1181325986981392
Twitter,Climate Change,0.0,0.3735789202489242,0.1905923691989594,0.090215764939785
Twitter,Climate Change,0.0,0.3387225894121996,0.1377067654215269,0.6063200235366821
Twitter,Climate Change,0.0,0.3871475698321884,0.1118671989424192,0.524339497089386
Twitter,Climate Change,0.0,0.3559120177597988,0.1351904660080613,0.6825700402259827
Twitter,Climate Change,0.0,0.3171497780837374,0.1726041801322322,0.7094228863716125
Twitter,Climate Change,0.0,0.3338563006772373,0.1145639775785922,0.1099344938993454
Twitter,Gun Control,0.0,0.1111417172638409,0.2290661443093427,0.4263591468334198
Twitter,Gun Control,0.6931471805599453,0.4844564014077536,0.1381834059208577,0.8867330551147461
Twitter,Gun Control,0.6931471805599453,0.3062962572340293,0.1532307994942358,0.8647298812866211
Twitter,Gun Control,0.0,0.2955155986581619,0.1758359612914844,0.6698805689811707
Twitter,Gun Control,0.6931471805599453,0.3729487688465767,0.1540045106212357,0.917708158493042
Twitter,Same-sex Marriage,1.0986122886681098,0.5032204797344336,0.2610905690474306,0.1360448747873306
Twitter,Same-sex Marriage,0.0,0.1857559421868759,0.1442868828069813,0.4007098078727722
Twitter,Same-sex Marriage,0.6931471805599453,0.5525576650550925,0.3260735490145996,0.9890266060829164
Twitter,Climate Change,0.0,0.3960651024852206,0.0778503575073545,0.0538851246237754
Twitter,Climate Change,0.6931471805599453,0.3696322388924524,0.1877149372561609,0.3601525127887726
Twitter,Climate Change,1.0986122886681098,0.299352199770282,0.1945956670411323,0.3492526113986969
Twitter,Climate Change,0.0,0.3113765590888906,0.2176419825545248,0.0826716274023056
Twitter,Climate Change,0.6931471805599453,0.2513006519839021,0.171457227378043,0.1949080228805542
Twitter,Climate Change,0.0,0.2453799051449645,0.0395570575206536,0.1250679343938827
Twitter,Climate Change,0.6931471805599453,0.4205209481884089,0.1083686855200858,0.4786960184574127
Twitter,Climate Change,0.0,0.3135376606261666,0.1457964090343526,0.9582492709159852
Twitter,Climate Change,0.0,0.2370354430602615,0.1443873126603783,0.4698075354099274
Twitter,Climate Change,1.0986122886681098,0.4635903689658837,0.2113621211314034,0.9310126900672911
Twitter,Climate Change,0.6931471805599453,0.3106970144879506,0.1306702011518285,0.1030414849519729
Twitter,Climate Change,0.0,0.2715035827895419,0.1773363214735824,0.0269992165267467
Twitter,Climate Change,0.0,0.3406432757963595,0.2009891059883249,0.0138452239334583
Twitter,Climate Change,1.0986122886681098,0.38910330834159,0.1199325089073984,0.4115628004074097
Twitter,Climate Change,0.0,0.2840396695768685,0.1505646611412391,0.0224014315754175
Twitter,Climate Change,0.6931471805599453,0.3117252743589315,0.1584245106799393,0.742209792137146
Twitter,Climate Change,0.6931471805599453,0.3129900416458045,0.0804126380126712,0.8196769952774048
Twitter,Climate Change,0.0,0.2783888159910999,0.0704485082953438,0.6026263833045961
Twitter,Climate Change,0.0,0.2522045135186426,0.1522122933820581,0.080888383090496
Twitter,Climate Change,0.0,0.3848579921559535,0.1321744282214447,0.048114575445652
Twitter,Climate Change,0.0,0.3311192056985654,0.1340800137097337,0.4515342116355896
Twitter,Climate Change,0.0,0.2728858752493335,0.2217511052349718,0.1604532301425933
Twitter,Climate Change,1.0986122886681098,0.3937309230631027,0.214169820796454,0.7949318885803223
Twitter,Climate Change,0.0,0.2307620422511218,0.0996013104214663,0.5715899467468262
Twitter,Climate Change,0.0,0.4201886010657977,0.1106838364091938,0.3458822667598724
Twitter,Climate Change,0.6931471805599453,0.2609686855747226,0.0585451599906839,0.2978032827377319
Twitter,Climate Change,0.6931471805599453,0.5248306551994495,0.2366711347288928,0.0929631739854812
Twitter,Climate Change,0.6931471805599453,0.3806823394512836,0.2293633857127588,0.8639177083969116
Twitter,Climate Change,0.0,0.3561784026265931,0.1420218540706812,0.0555892214179039
Twitter,Climate Change,0.0,0.3559120177597988,0.1390610935303231,0.7080895900726318
Twitter,Climate Change,0.0,0.2922299669881399,0.0777753144082964,0.0532685443758964
Twitter,Climate Change,0.0,0.4621765174158545,0.2402149585034292,0.9949270486831664
Twitter,Climate Change,0.0,0.295687313003067,-0.0137468519468896,0.7732571363449097
Twitter,Climate Change,0.0,0.3496573333508267,0.2211551296263775,0.1332829445600509
Twitter,Climate Change,0.6931471805599453,0.2956215199884635,0.1406625001617057,0.111783467233181
Twitter,Gun Control,0.6931471805599453,0.3946389757300775,0.1306703784651802,0.9633878469467164
Twitter,Gun Control,0.6931471805599453,0.3761800280006193,0.0700543166943841,0.0456591956317424
Twitter,Gun Control,1.3862943611198906,0.4629520370397402,0.1201073185800067,0.9561138153076172
Twitter,Gun Control,1.3862943611198906,0.4719538225363368,0.1748800710997502,0.0634948089718818
Twitter,Gun Control,0.0,0.3545104134174066,0.2305277902144489,0.053350780159235
Twitter,Gun Control,0.0,0.4012758099639079,0.1766824083079427,0.9951243996620178
Twitter,Gun Control,1.3862943611198906,0.5371248407509511,0.1476670407311159,0.6170272827148438
Twitter,Gun Control,1.0986122886681098,0.4037640763579708,0.1807947512116839,0.9646676182746888
Twitter,Gun Control,0.0,0.3395118757439517,0.2325676202117967,0.6670174598693848
Twitter,Gun Control,0.0,0.1860929994229389,0.1751956557046306,0.0601622276008129
Twitter,Gun Control,1.3862943611198906,0.4582659061933736,0.1506995598020254,0.5629631876945496
Twitter,Gun Control,0.6931471805599453,0.4207652116894291,0.1771662632513446,0.5965542793273926
Twitter,Gun Control,0.6931471805599453,0.3303100309599118,0.1453792011444001,0.7630788087844849
Twitter,Gun Control,0.6931471805599453,0.3851780488617195,0.2591994369267855,0.4976961016654968
Twitter,Gun Control,0.0,0.3914563045034874,0.1807762064657019,0.3762170970439911
Twitter,Gun Control,1.0986122886681098,0.3453140800544951,0.1481148232738633,0.063664436340332
Twitter,Gun Control,0.0,0.126198195246147,0.1993702912728168,0.2392849773168564
Twitter,Gun Control,0.6931471805599453,0.346527151073694,0.1326334628968594,0.9840981364250184
Twitter,Gun Control,0.6931471805599453,0.2228095587116412,0.1368135543605803,0.8962873816490173
Twitter,Gun Control,0.0,0.363887952041439,0.1318867087039132,0.9890061616897584
Twitter,Gun Control,0.6931471805599453,0.3781302408735814,0.2172934782680271,0.80381178855896
Twitter,Gun Control,0.6931471805599453,0.3420328874023129,0.1424635025402278,0.0583642870187759
Twitter,Gun Control,0.0,0.3331574201722229,0.1783806112677676,0.2177001535892486
Twitter,Gun Control,1.3862943611198906,0.4586697137543387,0.1692739583037021,0.986348271369934
Twitter,Gun Control,0.6931471805599453,0.2462267312954416,0.26229273400361,0.6303697228431702
Twitter,Gun Control,0.6931471805599453,0.4365624633492476,0.1790507304524239,0.8734355568885803
Twitter,Gun Control,0.0,0.2766953910061028,0.254130233900364,0.3242168724536896
Twitter,Gun Control,0.0,0.370481396466789,0.1608221344969885,0.0864893570542335
Twitter,Gun Control,1.0986122886681098,0.4271278696765665,0.1837902749503951,0.5247988700866699
Twitter,Gun Control,1.0986122886681098,0.4694305374446452,0.1729706444508187,0.1449597328901291
Twitter,Gun Control,0.0,0.3013762973481322,0.2049173486705759,0.0698958113789558
Twitter,Gun Control,1.6094379124341005,0.3645115313107209,0.1043242683806384,0.9876113533973694
Twitter,Gun Control,0.0,0.2357658751273108,0.2268237546001986,0.0314511731266975
Twitter,Gun Control,0.0,0.2693724861481733,0.1400132749626835,0.9198904633522034
Twitter,Gun Control,0.0,0.2966854679009633,0.2597104463572621,0.960615336894989
Twitter,Same-sex Marriage,0.6931471805599453,0.5046292836708938,0.2480942606908394,0.2018280178308487
Twitter,Same-sex Marriage,0.0,0.176749835852095,0.2617099881617095,0.0928798392415046
Twitter,Same-sex Marriage,0.0,0.1513754074260666,0.0816159618717726,0.3299197256565094
Twitter,Same-sex Marriage,0.0,0.4676359795857027,0.0980308207278383,0.1362428069114685
Twitter,Same-sex Marriage,0.6931471805599453,0.4231225994478393,0.1898258755448395,0.7868040800094604
Twitter,Same-sex Marriage,0.6931471805599453,0.4784082804370235,0.1407988587900485,0.0844085589051246
Twitter,Same-sex Marriage,1.0986122886681098,0.3717829627933899,0.2184625232052521,0.6154194474220276
Twitter,Same-sex Marriage,0.6931471805599453,0.339335363703835,0.1875663283342502,0.8117464184761047
Twitter,Same-sex Marriage,1.0986122886681098,0.4103959017469381,0.1557844308153961,0.1513945311307907
Twitter,Same-sex Marriage,0.0,0.4651443906343311,0.1974691832970881,0.1065265983343124
Twitter,Same-sex Marriage,0.6931471805599453,0.3594312399008292,0.2592487551532524,0.111536905169487
Twitter,Same-sex Marriage,0.6931471805599453,0.234030918634293,0.2135157134090585,0.0887259617447853
Twitter,Same-sex Marriage,1.3862943611198906,0.3361908502660362,0.171994675676721,0.6951151490211487
Twitter,Climate Change,0.0,0.3929846394286502,0.2041770404095875,0.1782421916723251
Twitter,Climate Change,0.0,0.2008793233997721,0.1133513638207019,0.0463372655212879
Twitter,Climate Change,0.0,0.2689737788019068,0.1682986072389398,0.0680399909615516
Twitter,Climate Change,1.0986122886681098,0.4355081440775879,0.1535847664411632,0.958641529083252
Twitter,Climate Change,0.6931471805599453,0.2972957442726456,0.2038518723798722,0.5090314149856567
Twitter,Climate Change,0.0,0.2485316513677759,0.1622906969216437,0.0544321723282337
Twitter,Climate Change,0.6931471805599453,0.3445145787496307,0.0896553368091618,0.8405873775482178
Twitter,Climate Change,0.0,0.3658503131556156,0.124236030668355,0.0736476704478263
Twitter,Climate Change,1.0986122886681098,0.4490867719780975,0.1899044735166195,0.8755457401275635
Twitter,Climate Change,0.0,0.2687929302899181,0.1575804088208315,0.0438319370150566
Twitter,Climate Change,0.0,0.4500044764971729,0.2393508331304151,0.3793625831604004
Twitter,Climate Change,0.0,0.2938580013471259,0.1223136239808445,0.476895272731781
Twitter,Climate Change,0.6931471805599453,0.3837697900905107,0.1296386948694326,0.6493049263954163
Twitter,Climate Change,0.0,0.2394675998589096,0.1325632260810696,0.18201544880867
Twitter,Climate Change,0.0,0.2967590551768112,0.1759396578365467,0.2601335346698761
Twitter,Climate Change,0.0,0.4264919371685893,0.2049863410482303,0.576104462146759
Twitter,Climate Change,0.0,0.2354268874666893,0.1287918507891085,0.0219733156263828
Twitter,Climate Change,0.0,0.3274641566733902,0.1866005389737203,0.1792418360710144
Twitter,Climate Change,0.0,0.3479618288667054,0.1845382628568052,0.6812619566917419
Twitter,Climate Change,0.6931471805599453,0.4505774766185147,0.1886930495711251,0.8124071359634399
Twitter,Climate Change,0.0,0.3867826183564057,0.116481905345019,0.6158973574638367
Twitter,Climate Change,0.6931471805599453,0.4606012842062567,0.1468119652184787,0.2687570452690124
Twitter,Climate Change,0.0,0.2715468334141385,0.1043324235908929,0.2333900183439255
Twitter,Climate Change,0.0,0.4067204495256429,0.2088814935099439,0.0335113443434238
Twitter,Climate Change,1.0986122886681098,0.417844806917356,0.1325294694630014,0.0690108761191368
Twitter,Climate Change,0.0,0.3589253854026748,0.1074360440317357,0.223385289311409
Twitter,Climate Change,0.0,0.2140330665805884,0.2079095694174539,0.1755367517471313
Twitter,Climate Change,0.0,0.1730491577332753,0.1614861221166074,0.2972581088542938
Twitter,Climate Change,0.6931471805599453,0.3060246196426953,0.1217897189224732,0.3492650389671325
Twitter,Climate Change,0.0,0.4504005628968131,0.156738492780725,0.5184739232063293
Twitter,Climate Change,0.6931471805599453,0.296254951485992,0.1029382589756317,0.2951075732707977
Twitter,Climate Change,0.0,0.2241097202003442,0.1119576614842715,0.4158509075641632
Twitter,Climate Change,0.6931471805599453,0.3873942541325703,0.1740308191800067,0.8590369224548341
Twitter,Climate Change,0.0,0.2503053666446283,0.123040708431422,0.3612208664417267
Twitter,Climate Change,0.0,0.3104727082836158,0.0832584655146421,0.0782578587532043
Twitter,Climate Change,0.0,0.1999095581699334,0.0552732964539085,0.0665040761232376
Twitter,Climate Change,1.3862943611198906,0.3586705030364786,0.1534872459210461,0.2764367759227753
Twitter,Climate Change,1.0986122886681098,0.4364187714949437,0.0797621386313166,0.9635937809944152
Twitter,Climate Change,0.0,0.370229920918345,0.1774165681733926,0.401014655828476
Twitter,Climate Change,0.0,0.375126952679609,0.1544136958225518,0.5983778834342957
Twitter,Climate Change,0.0,0.3296530635285382,0.0967095847237635,0.2764286398887634
Twitter,Climate Change,0.6931471805599453,0.3988979608009199,0.1629726880874014,0.0707875192165374
Twitter,Climate Change,0.0,0.2662343773986762,0.1142362339536055,0.8870148658752441
Twitter,Climate Change,0.0,0.4580387015730596,0.0511888207965032,0.4759391248226166
Twitter,Climate Change,0.6931471805599453,0.4531822257750639,0.0873048301319631,0.5317748188972473
Twitter,Climate Change,0.6931471805599453,0.380141892438508,0.0899169749276087,0.7561328411102295
Twitter,Climate Change,0.0,0.2924577297083026,0.17687680335449,0.3891692459583282
Twitter,Climate Change,0.0,0.2970383315936462,0.2655985459899201,0.6657662391662598
Twitter,Climate Change,0.6931471805599453,0.3163101242982844,0.1581473572554514,0.644533634185791
Twitter,Climate Change,0.0,0.2578769232061369,0.1649252638333437,0.1201817765831947
Twitter,Climate Change,0.0,0.3184672095469769,0.0601419908354583,0.4545978009700775
Twitter,Climate Change,0.0,0.2726223247672766,0.1715807084635373,0.8118988275527954
Twitter,Climate Change,0.0,0.3360314429918131,0.2505300369725927,0.4624143540859222
Twitter,Climate Change,1.0986122886681098,0.3254650598090047,0.1245132867415644,0.6650540828704834
Twitter,Climate Change,0.0,0.3537820422913773,0.1220773326753826,0.8964390754699707
Twitter,Climate Change,0.0,0.3203695642562117,0.1401417101011538,0.2397873103618621
Twitter,Climate Change,0.6931471805599453,0.2919748026424766,0.2222197249555997,0.9498479962348938
Twitter,Climate Change,0.0,0.3261722163301733,0.1699670213499154,0.8764020204544067
Twitter,Climate Change,0.0,0.3143454180038273,0.2852978590786025,0.0667719170451164
Twitter,Climate Change,0.0,0.3061293298770216,0.1741194652225196,0.7009661197662354
Twitter,Climate Change,0.0,0.3340270885324189,0.0997634672256915,0.4917579591274262
Twitter,Climate Change,0.0,0.2891900771701468,0.1224691610104586,0.321683406829834
Twitter,Climate Change,0.6931471805599453,0.3126485408127831,0.1156598558292507,0.127797782421112
Twitter,Climate Change,0.0,0.427425336397811,0.0582844434295355,0.3953946828842163
Twitter,Climate Change,0.0,0.3060761169468651,0.1225332455669271,0.9395577311515808
Twitter,Climate Change,0.6931471805599453,0.3779602356160075,0.0799913734023644,0.6289727687835693
Twitter,Climate Change,0.6931471805599453,0.3482394728683805,0.1616196228771283,0.2099950164556503
Twitter,Climate Change,0.0,0.3390486020150579,0.2045636316932141,0.7635716199874878
Twitter,Climate Change,0.0,0.3392675622983589,0.1543618131351454,0.6644241213798523
Twitter,Climate Change,0.6931471805599453,0.1681346540136572,0.1338459534043435,0.3581950664520264
Twitter,Climate Change,0.6931471805599453,0.2811756681042215,0.0028298090939417,0.1356683373451233
Twitter,Climate Change,0.6931471805599453,0.4189240611209897,0.1418854113346706,0.0819470435380935
Twitter,Climate Change,0.6931471805599453,0.5425596683371396,0.2011038294203645,0.9904115796089172
Twitter,Climate Change,0.0,0.2010708116301124,0.1429107220785165,0.0817089676856994
Twitter,Climate Change,0.0,0.3503211301741671,0.1010848562347377,0.7706267833709717
Twitter,Climate Change,0.0,0.1627141467651099,0.1663812629893434,0.103801429271698
Twitter,Climate Change,0.6931471805599453,0.3058053171461513,0.154726760404295,0.0483741723001003
Twitter,Climate Change,0.0,0.3914565905445929,0.1688818972136022,0.5350548028945923
Twitter,Climate Change,1.0986122886681098,0.2877349577479096,0.1694096838400878,0.1062949821352958
Twitter,Climate Change,0.0,0.3110264769725293,0.1492833346038472,0.0816101282835006
Twitter,Climate Change,0.0,0.3194305025352109,0.1315612559532251,0.4794355928897858
Twitter,Climate Change,0.6931471805599453,0.3739166427590933,0.0877903724188139,0.9933318495750428
Twitter,Climate Change,0.0,0.2822676634980678,0.0918183936860361,0.2900417149066925
Twitter,Climate Change,0.0,0.3294989115227381,0.0945356296076654,0.7555996179580688
Twitter,Climate Change,0.0,0.299384247269946,0.1109185565522953,0.0441698133945465
Twitter,Climate Change,0.0,0.2326068004569203,0.0774515385896771,0.3713308870792389
Twitter,Climate Change,0.0,0.3618774548955065,0.2765828724375611,0.0950337573885917
Twitter,Climate Change,1.0986122886681098,0.3342332601728263,0.1860113680866861,0.0698717907071113
Twitter,Climate Change,0.0,0.2903732417231612,0.1754410900227498,0.0646965429186821
Twitter,Climate Change,0.0,0.4460166138801836,0.1852862827253276,0.84483802318573
Twitter,Climate Change,0.0,0.2541978398570184,0.0886413474631584,0.0901892408728599
Twitter,Climate Change,0.0,0.2724476047149981,0.2540367093936244,0.0088395429775118
Twitter,Climate Change,0.0,0.1972356387664751,0.1356563929026433,0.5063635110855103
Twitter,Climate Change,0.0,0.3522464809460125,0.1078998756501386,0.2103961408138275
Twitter,Climate Change,0.0,0.2283633815792422,0.1963236475791529,0.570021390914917
Twitter,Climate Change,0.0,0.3002485708499323,0.2214502166666691,0.9668005108833312
Twitter,Climate Change,0.0,0.3535664415751444,0.1240288811225391,0.3944664597511292
Twitter,Climate Change,0.0,0.2959302578435599,0.2036221921014659,0.0252817589789628
Twitter,Climate Change,0.0,0.3336871505977135,0.1233609133160385,0.3651908040046692
Twitter,Climate Change,0.0,0.4125391183728769,0.1142144993422035,0.9529717564582824
Twitter,Climate Change,0.0,0.3919240137685205,0.1435881288465968,0.40195432305336
Twitter,Climate Change,0.0,0.2735642010152385,0.1971345066838108,0.2388497889041901
Twitter,Climate Change,0.0,0.462114528944722,0.2132737183959581,0.2208086252212524
Twitter,Climate Change,0.0,0.3666957108924095,0.3040185299038598,0.6854684352874756
Twitter,Climate Change,1.6094379124341005,0.3395283176799695,0.2084089417686533,0.6972811222076416
Twitter,Climate Change,0.0,0.2956836033960691,0.1617740142712409,0.0409807786345481
Twitter,Climate Change,0.0,0.4052016126956543,0.1631349381251094,0.7290530800819397
Twitter,Climate Change,0.6931471805599453,0.3717032834022339,0.1196035141663527,0.8820550441741943
Twitter,Climate Change,0.0,0.356243369820629,0.175097025371176,0.6062667965888977
Twitter,Climate Change,0.6931471805599453,0.2842353343081721,0.1100660964025522,0.2683375179767609
Twitter,Climate Change,0.6931471805599453,0.5005833280075312,0.2361640316789814,0.9922663569450378
Twitter,Climate Change,0.6931471805599453,0.3826512709712716,0.1305236190878425,0.6034800410270691
Twitter,Climate Change,0.0,0.2792802008037672,0.1063325111889769,0.6351499557495117
Twitter,Climate Change,0.6931471805599453,0.3323764839460572,0.082645298523282,0.7715962529182434
Twitter,Climate Change,0.0,0.3318373337606539,0.1467895372348659,0.3217520713806152
Twitter,Climate Change,0.0,0.4021290365725332,0.1312117747790362,0.1217396631836891
Twitter,Climate Change,0.6931471805599453,0.4004653327735223,0.1779901240959094,0.8472742438316345
Twitter,Climate Change,0.0,0.2914544203683171,0.1888680088182102,0.7186777591705322
Twitter,Climate Change,0.0,0.3549700342398753,0.1554726990718572,0.0891260579228401
Twitter,Climate Change,0.6931471805599453,0.4787921414931118,0.2819321197984573,0.9907395839691162
Twitter,Climate Change,0.6931471805599453,0.2353358955824541,0.123037244686298,0.0952217727899551
Twitter,Climate Change,0.0,0.3713042318372422,0.1743704959959357,0.490410327911377
Twitter,Climate Change,0.6931471805599453,0.3118237080565493,0.1028376236466084,0.7200286388397217
Twitter,Climate Change,0.0,0.3459846921702121,0.2491240478088734,0.0758468434214592
Twitter,Climate Change,0.0,0.3133077849319639,0.0597690600942089,0.4236833751201629
Twitter,Climate Change,0.6931471805599453,0.4156327168427478,0.1162344414577764,0.7687565684318542
Twitter,Climate Change,0.0,0.3611893305248443,0.1905743508113617,0.6274668574333191
Twitter,Climate Change,0.0,0.262902194276528,0.2092053880740983,0.2658486366271973
Twitter,Climate Change,1.6094379124341005,0.4779575147613303,0.1647846371336543,0.9858384728431702
Twitter,Climate Change,0.6931471805599453,0.2246174748295029,0.1454576188229067,0.3405702710151672
Twitter,Climate Change,0.0,0.0,0.2063236542097687,0.3344256579875946
Twitter,Climate Change,0.0,0.1636094827874086,0.1950098489342532,0.0731539204716682
Twitter,Climate Change,0.0,0.3831544406192347,0.2106473291400782,0.4718399941921234
Twitter,Climate Change,0.6931471805599453,0.3634315463939683,0.1593808208497606,0.5393474698066711
Twitter,Climate Change,0.6931471805599453,0.4050595593155674,0.1125268108936378,0.6736708879470825
Twitter,Climate Change,1.0986122886681098,0.3594746088673327,0.1166583924364062,0.6006059646606445
Twitter,Climate Change,0.0,0.3701117659888509,0.0966397112047689,0.8036767840385437
Twitter,Climate Change,0.6931471805599453,0.3945082357942179,0.1250693137165747,0.9330771565437316
Twitter,Climate Change,0.6931471805599453,0.3034673413486232,0.1123306006345816,0.7939537167549133
Twitter,Climate Change,0.6931471805599453,0.296487615769387,0.1197378381054981,0.5378380417823792
Twitter,Climate Change,0.6931471805599453,0.3926484668579299,0.0928641834425856,0.7280741333961487
Twitter,Climate Change,0.6931471805599453,0.427735909799152,0.1317997769348247,0.154979720711708
Twitter,Climate Change,0.6931471805599453,0.3666371949609562,0.1940712673412428,0.9747995138168336
Twitter,Climate Change,1.0986122886681098,0.4456719419066248,0.1347933934311196,0.966745376586914
Twitter,Climate Change,1.3862943611198906,0.4157292391789062,0.1409962031213518,0.7455474138259888
Twitter,Climate Change,0.0,0.2403109747963636,0.1592873516799512,0.0791453644633293
Twitter,Climate Change,0.6931471805599453,0.391514816634211,0.1839835536222328,0.457572340965271
Twitter,Climate Change,0.0,0.2348431799198636,0.0782141971508531,0.8192701935768127
Twitter,Climate Change,0.6931471805599453,0.2497919556016239,0.0518657237172554,0.2126805484294891
Twitter,Climate Change,0.0,0.2213276091334522,0.1657041265403868,0.5950469374656677
Twitter,Climate Change,0.6931471805599453,0.3702513475082466,0.1131080936442497,0.4365935325622559
Twitter,Climate Change,0.6931471805599453,0.2861391944269097,0.0943044984013507,0.7517231106758118
Twitter,Climate Change,0.0,0.166380283362299,0.1336842668693684,0.9414594769477844
Twitter,Climate Change,0.0,0.3931315958064182,0.132334186754208,0.4644485116004944
Twitter,Climate Change,0.0,0.386029715200427,0.1040986016657747,0.5313649177551271
Twitter,Climate Change,1.3862943611198906,0.5341283333282547,0.1536037710302994,0.7987062931060791
Twitter,Climate Change,1.3862943611198906,0.3874542811034631,0.1654730368625472,0.6656937599182129
Twitter,Climate Change,0.0,0.3412100169807512,0.1498290763872763,0.8357602953910828
Twitter,Gun Control,1.0986122886681098,0.4393424767426223,0.1491460830674684,0.1097049340605735
Twitter,Gun Control,0.6931471805599453,0.5015143967747101,0.2051690317302965,0.8889273405075073
Twitter,Gun Control,0.6931471805599453,0.4788079760581212,0.2186751585084219,0.9868260025978088
Twitter,Gun Control,0.0,0.4228786363309157,0.2218558657661967,0.9446856379508972
Twitter,Gun Control,1.6094379124341005,0.3965052983273429,0.0973259966438293,0.9345012307167052
Twitter,Gun Control,0.0,0.3331961891830812,0.1969471587740107,0.0186904910951852
Twitter,Gun Control,0.6931471805599453,0.3450408968411079,0.0764525504048017,0.5637096166610718
Twitter,Gun Control,0.0,0.3412090117227173,0.1256916214609112,0.2125482261180877
Twitter,Gun Control,0.0,0.4011435608958932,0.1890812044232362,0.2175660282373428
Twitter,Gun Control,1.0986122886681098,0.3083489962237035,0.1404236572315719,0.0748081877827644
Twitter,Gun Control,0.6931471805599453,0.3622549684037328,0.145363868152537,0.960622787475586
Twitter,Gun Control,1.0986122886681098,0.2284554734307297,0.2068892815636699,0.4070537686347961
Twitter,Gun Control,0.0,0.3506992628653854,0.1031760735209565,0.0276744849979877
Twitter,Gun Control,1.3862943611198906,0.4657446951952032,0.167464439057949,0.9028319716453552
Twitter,Gun Control,1.0986122886681098,0.3535821361294103,0.2053910429421593,0.6612642407417297
Twitter,Gun Control,0.0,0.3762776652870744,0.1623974590739266,0.0484070591628551
Twitter,Gun Control,1.791759469228055,0.4961983626322562,0.129768716749746,0.2866122424602508
Twitter,Gun Control,0.0,0.3277162457039563,0.0845625724743959,0.8928675651550293
Twitter,Gun Control,0.0,0.2721418807004336,0.1943981660832567,0.775182843208313
Twitter,Gun Control,1.3862943611198906,0.5012688894556884,0.0749818107267608,0.8991590142250061
Twitter,Gun Control,1.3862943611198906,0.4468094742256405,0.18192776382706,0.9808239936828612
Twitter,Gun Control,0.6931471805599453,0.4392303736920989,0.1370169651739237,0.8480839729309082
Twitter,Gun Control,1.0986122886681098,0.4123842090310866,0.1994284407903066,0.3878097832202912
Twitter,Gun Control,1.0986122886681098,0.4552172048478952,0.1308029030993652,0.3203626871109009
Twitter,Gun Control,1.0986122886681098,0.4211657849635312,0.2084564582714679,0.8579286336898804
Twitter,Gun Control,1.3862943611198906,0.397138629847494,0.2422498330089086,0.0661456808447837
Twitter,Gun Control,0.0,0.1992942321415109,0.193806039525088,0.2182328402996063
Twitter,Gun Control,1.0986122886681098,0.4129946930317016,0.0705883267477059,0.98749977350235
Twitter,Gun Control,1.0986122886681098,0.4977413079642317,0.2716715438310354,0.9881591796875
Twitter,Gun Control,0.6931471805599453,0.3668936029733413,0.0540150236575446,0.966440498828888
Twitter,Gun Control,1.0986122886681098,0.3698097581313746,0.0592715863924328,0.3999898731708527
Twitter,Gun Control,1.0986122886681098,0.4258494328770548,0.1481599812438589,0.8514449000358582
Twitter,Gun Control,1.0986122886681098,0.4649772471552829,0.2480612239159965,0.9674641489982604
Twitter,Gun Control,0.0,0.3747473621751258,0.188335224467931,0.1375369429588318
Twitter,Gun Control,0.6931471805599453,0.3393195716996113,0.1864009041749701,0.9376544952392578
Twitter,Gun Control,0.6931471805599453,0.2957942018922131,0.0822873640981412,0.4959093034267426
Twitter,Gun Control,0.6931471805599453,0.3696211562628626,0.148105244275836,0.8051702380180359
Twitter,Gun Control,0.0,0.2765471761274901,0.220176472221917,0.289691150188446
Twitter,Gun Control,0.0,0.4651993207748366,0.1488922635583885,0.0241753812879324
Twitter,Gun Control,0.6931471805599453,0.4322235257174255,0.0612930034035755,0.6876734495162964
Twitter,Gun Control,0.0,0.4340738329478386,0.1622583039675216,0.2234520018100738
Twitter,Gun Control,0.6931471805599453,0.2469590050502258,0.2202271112316606,0.973889708518982
Twitter,Gun Control,0.6931471805599453,0.4757517079169994,0.168491470934373,0.6095697283744812
Twitter,Gun Control,1.0986122886681098,0.3737219020855039,0.0346088653076331,0.951652765274048
Twitter,Gun Control,0.6931471805599453,0.3844745549600439,0.2046189253289651,0.9413042664527892
Twitter,Gun Control,1.0986122886681098,0.3715416347548663,0.1662767123281622,0.9796802401542664
Twitter,Gun Control,0.6931471805599453,0.2829057429336626,0.2502576178030733,0.9386268854141236
Twitter,Gun Control,0.6931471805599453,0.3803840333659977,0.1203538166800903,0.967093288898468
Twitter,Gun Control,1.3862943611198906,0.3892677059207086,0.1894860617627362,0.8428208827972412
Twitter,Gun Control,1.0986122886681098,0.4303303082806211,0.1231049083452595,0.9866113662719728
Twitter,Gun Control,1.3862943611198906,0.3509164641106454,0.1666021862300782,0.9666334986686708
Twitter,Gun Control,0.6931471805599453,0.3536223305582147,0.1592423474601598,0.4312959611415863
Twitter,Gun Control,0.6931471805599453,0.3632765970935073,0.1882117816088536,0.977331817150116
Twitter,Gun Control,0.0,0.3096814535196986,0.1570267160086273,0.7125381231307983
Twitter,Gun Control,1.3862943611198906,0.3551352426455678,0.1095450266688393,0.9930395483970642
Twitter,Gun Control,0.0,0.3672418638363179,0.1932165376517028,0.256942480802536
Twitter,Gun Control,0.0,0.1740622139071239,0.1930348813238329,0.0457733869552612
Twitter,Gun Control,0.0,0.2675452630745393,0.1720872745559462,0.0220110975205898
Twitter,Gun Control,1.0986122886681098,0.394797742274182,0.0299729945915725,0.1987656503915786
Twitter,Gun Control,0.6931471805599453,0.4810215469805414,0.229203963217825,0.965183675289154
Twitter,Gun Control,1.3862943611198906,0.4358604087308553,0.1618800119390518,0.9091408252716064
Twitter,Gun Control,0.0,0.2955213036267166,0.1722287118073758,0.0930112525820732
Twitter,Gun Control,1.3862943611198906,0.3434092076819596,0.1448654615113149,0.9925284385681152
Twitter,Gun Control,0.6931471805599453,0.3450314184111089,0.1036436794831628,0.8446747064590454
Twitter,Gun Control,0.6931471805599453,0.3223064708652782,0.1682171469213971,0.0845547616481781
Twitter,Gun Control,0.0,0.1565437162618141,0.2046613470829542,0.8611420989036559
Twitter,Gun Control,0.6931471805599453,0.4239112284699028,0.1574677109614789,0.9192876219749452
Twitter,Gun Control,0.6931471805599453,0.2953770035016376,0.1294446679210869,0.987684965133667
Twitter,Gun Control,0.6931471805599453,0.3710065231605673,0.1344522429084443,0.3788695335388184
Twitter,Gun Control,1.0986122886681098,0.3975267502462834,0.1655978565751721,0.4578884840011597
Twitter,Gun Control,0.6931471805599453,0.3152630025759868,0.2281712979640614,0.9052218794822692
Twitter,Gun Control,0.6931471805599453,0.3654377646043438,0.1473818352633991,0.0480071566998958
Twitter,Gun Control,0.6931471805599453,0.4387265501258618,0.2359356466304631,0.8719826340675354
Twitter,Gun Control,0.6931471805599453,0.340057199197676,0.1803761654378438,0.9805973172187804
Twitter,Gun Control,1.0986122886681098,0.3137808667431969,0.1109931544598281,0.9915245175361632
Twitter,Gun Control,0.0,0.1907590750875324,0.1789077048147867,0.3948346376419067
Twitter,Gun Control,0.6931471805599453,0.3573602759619271,0.1040552302845373,0.8670752644538879
Twitter,Gun Control,0.0,0.5308257452294951,0.3041813567398765,0.9884479641914368
Twitter,Gun Control,0.0,0.4463822551759236,0.153990367760781,0.9126681089401244
Twitter,Gun Control,0.0,0.3514879820850995,0.1301916499481232,0.0580514594912529
Twitter,Gun Control,1.6094379124341005,0.4944848052336197,0.1805789237582493,0.9339966773986816
Twitter,Gun Control,0.0,0.1965265277808061,0.2072553931831021,0.0756650865077972
Twitter,Gun Control,0.6931471805599453,0.4252135084058002,0.2232646361198577,0.6338014602661133
Twitter,Gun Control,1.0986122886681098,0.4831551047723639,0.1477597679445506,0.867263674736023
Twitter,Gun Control,1.3862943611198906,0.3942388445836105,0.1295900282999855,0.4264342486858368
Twitter,Gun Control,0.6931471805599453,0.3805249302133479,0.0938859623764289,0.1975607424974441
Twitter,Gun Control,0.6931471805599453,0.3385575244043012,0.1053948177126749,0.253484845161438
Twitter,Gun Control,0.0,0.2236076026644082,0.1791892551068536,0.2360483705997467
Twitter,Gun Control,0.6931471805599453,0.4560438945111971,0.1466588766174049,0.9496808648109436
Twitter,Gun Control,0.0,0.3530107328873527,0.2117375073845089,0.9896575808525084
Twitter,Gun Control,1.0986122886681098,0.4680012215899155,0.1740347894107466,0.9178177118301392
Twitter,Gun Control,0.6931471805599453,0.4036020561150715,0.0796488865635162,0.6152327060699463
Twitter,Gun Control,0.6931471805599453,0.3757829139387152,0.1355095215170528,0.0279294271022081
Twitter,Gun Control,0.0,0.4548709142687046,0.2292732778115438,0.0828062817454338
Twitter,Gun Control,0.0,0.3696159248903445,0.1219060549529922,0.7766958475112915
Twitter,Gun Control,1.6094379124341005,0.4508983283121116,0.1698523386275767,0.38623046875
Twitter,Gun Control,0.0,0.4169851045943137,0.1649907354085043,0.6106935143470764
Twitter,Gun Control,0.0,0.3051000583068216,0.1553970032384143,0.0246705450117588
Twitter,Gun Control,1.0986122886681098,0.3333388792170614,0.1940303066031178,0.0163397435098886
Twitter,Gun Control,0.6931471805599453,0.3556368280089805,0.1467680200843155,0.6415772438049316
Twitter,Gun Control,0.6931471805599453,0.4229495653844555,0.1493206909286336,0.1043096035718917
Twitter,Gun Control,0.6931471805599453,0.3513519337523636,0.1380887104997266,0.3126581311225891
Twitter,Gun Control,0.6931471805599453,0.4477245341992634,0.1570772108778677,0.3749464452266693
Twitter,Gun Control,0.0,0.4277548532215079,0.2088233478491179,0.1771896481513977
Twitter,Gun Control,0.0,0.3105228651613214,0.1418204595057109,0.0404834076762199
Twitter,Gun Control,0.0,0.3159776452123356,0.0582791781183088,0.8991103768348694
Twitter,Gun Control,1.0986122886681098,0.4140684874551827,0.2035647013357622,0.904794216156006
Twitter,Gun Control,0.6931471805599453,0.3639904574040335,0.1408576579898731,0.6034157276153564
Twitter,Gun Control,0.6931471805599453,0.366358581702058,0.0719955443775763,0.0687322989106178
Twitter,Gun Control,0.6931471805599453,0.3868779464281067,0.0912928819173055,0.2782970070838928
Twitter,Gun Control,0.6931471805599453,0.3925165848745605,0.2174635929871081,0.987024426460266
Twitter,Gun Control,0.0,0.1957908609573485,0.2535155376711147,0.172107383608818
Twitter,Gun Control,1.0986122886681098,0.4673629476547913,0.3780405755291379,0.7732181549072266
Twitter,Gun Control,1.0986122886681098,0.4608034512094228,0.0118968736585603,0.8519271612167358
Twitter,Gun Control,0.0,0.4227361632691733,0.1017818415612719,0.9898003935813904
Twitter,Gun Control,0.0,0.2567566649243204,0.124911299363051,0.1749085336923599
Twitter,Gun Control,1.0986122886681098,0.448118668820646,0.228717687390537,0.7465760707855225
Twitter,Gun Control,0.0,0.3574935219497652,0.1960071434451052,0.2508929967880249
Twitter,Gun Control,1.0986122886681098,0.448118668820646,0.2280556097957408,0.7349375486373901
Twitter,Gun Control,1.0986122886681098,0.4920803218054134,0.2014871858902834,0.979596734046936
Twitter,Gun Control,1.0986122886681098,0.3965132666199927,0.042646810861991,0.3610184788703919
Twitter,Gun Control,1.0986122886681098,0.448118668820646,0.2287067781686202,0.7474051713943481
Twitter,Gun Control,1.3862943611198906,0.4436153506531214,0.1687173996038604,0.9851667284965516
Twitter,Gun Control,0.6931471805599453,0.3203692027227406,0.1404403996568231,0.9887114763259888
Twitter,Same-sex Marriage,1.0986122886681098,0.4324918917818189,0.2165748804862854,0.8651130795478821
Twitter,Same-sex Marriage,1.0986122886681098,0.4017596659894387,0.1763080833557139,0.7734397053718567
Twitter,Same-sex Marriage,0.6931471805599453,0.4379186442668162,0.1895682858686528,0.4681292176246643
Twitter,Same-sex Marriage,1.0986122886681098,0.3481180041050767,0.1139082027954389,0.8426516652107239
Twitter,Same-sex Marriage,1.3862943611198906,0.5086194114254013,0.126604089424836,0.9375015497207642
Twitter,Same-sex Marriage,1.0986122886681098,0.4120003006869546,0.2195705579361309,0.7964196205139159
Twitter,Same-sex Marriage,1.0986122886681098,0.3043932312435156,0.1954380933349983,0.6495928168296814
Twitter,Same-sex Marriage,1.6094379124341005,0.4113473335704565,0.1712281349799291,0.8311671614646912
Twitter,Same-sex Marriage,0.0,0.3989192912458386,0.1270141495549638,0.0660869032144546
Twitter,Same-sex Marriage,0.6931471805599453,0.4106661014900793,0.1819201255530146,0.8383330702781677
Twitter,Same-sex Marriage,0.6931471805599453,0.3342080285895153,0.1948078223471901,0.5321494936943054
Twitter,Same-sex Marriage,0.0,0.3808885813170812,0.2489158298976297,0.9874365329742432
Twitter,Same-sex Marriage,0.6931471805599453,0.3440773548945942,0.1190027711311778,0.5791451334953308
Twitter,Same-sex Marriage,1.0986122886681098,0.5394203666986489,0.1735633190400068,0.1572548300027847
Twitter,Same-sex Marriage,0.6931471805599453,0.2923355176963049,0.2617987843447841,0.9763418436050416
Twitter,Same-sex Marriage,0.6931471805599453,0.5177650707288396,0.2124555332638067,0.868855893611908
Twitter,Same-sex Marriage,0.6931471805599453,0.3166905493856941,0.1759929395079958,0.1131236925721168
Twitter,Same-sex Marriage,0.0,0.3236060337211274,0.2132463188565173,0.2943949997425079
Twitter,Same-sex Marriage,0.0,0.2868449845856143,0.2224140702821713,0.3196294307708739
Twitter,Same-sex Marriage,1.0986122886681098,0.3395823587450329,0.1669772706831552,0.8361696600914001
Twitter,Same-sex Marriage,0.6931471805599453,0.4526822885593567,0.253188109439189,0.7908485531806946
Twitter,Same-sex Marriage,0.6931471805599453,0.4237538339652947,0.2030507065124042,0.2351565659046173
Twitter,Same-sex Marriage,0.6931471805599453,0.4137043956660771,0.1760389029436139,0.0229742601513862
Twitter,Same-sex Marriage,0.6931471805599453,0.3725213109755511,0.1742168066087093,0.8376314043998718
Twitter,Same-sex Marriage,1.0986122886681098,0.4926968789665115,0.3158761880555883,0.9794620871543884
Twitter,Same-sex Marriage,1.3862943611198906,0.5306617526565568,0.1837264918015361,0.9690290093421936
Twitter,Same-sex Marriage,0.6931471805599453,0.4346813013758033,0.2794518040929231,0.8420695662498474
Twitter,Same-sex Marriage,1.0986122886681098,0.3642344490903459,0.1428067205152961,0.1408616602420807
Twitter,Same-sex Marriage,1.0986122886681098,0.3646678766556026,0.1629359258652346,0.9585838913917542
Twitter,Same-sex Marriage,0.6931471805599453,0.3144422336423421,0.1893974579030772,0.9132028222084044
Twitter,Same-sex Marriage,1.0986122886681098,0.4627789783055033,0.0589757823205853,0.9810734987258912
Twitter,Same-sex Marriage,0.6931471805599453,0.3794981999248418,0.1989916682289467,0.3234308063983917
Twitter,Same-sex Marriage,1.791759469228055,0.6046493588842818,0.231108689062339,0.9861394166946412
Twitter,Same-sex Marriage,0.6931471805599453,0.3932554300389739,0.1337129228499326,0.9843693971633912
Twitter,Same-sex Marriage,1.0986122886681098,0.4444390005740551,0.1328102364709099,0.1517064571380615
Twitter,Same-sex Marriage,1.6094379124341005,0.4999802209771793,0.228797178603466,0.9873658418655396
Twitter,Same-sex Marriage,0.6931471805599453,0.4219094984467198,0.3015755755276449,0.3345267176628113
Twitter,Same-sex Marriage,1.0986122886681098,0.4036695516597537,0.208472136543854,0.401539534330368
Twitter,Same-sex Marriage,0.0,0.0875947463205924,0.2860037906992221,0.0528182573616504
Twitter,Same-sex Marriage,1.3862943611198906,0.4654511095182563,0.2168197741733505,0.8945828676223755
Twitter,Same-sex Marriage,0.0,0.3756868330596596,0.2601260672896036,0.8630697131156921
Twitter,Same-sex Marriage,1.0986122886681098,0.3696242571649608,0.1280247751066688,0.0360414087772369
Twitter,Same-sex Marriage,0.6931471805599453,0.4646121395958902,0.2314796239979061,0.3735476136207581
Twitter,Same-sex Marriage,0.6931471805599453,0.3636368611240129,0.238265559153801,0.8032204508781433
Twitter,Same-sex Marriage,1.6094379124341005,0.524051683589802,0.1821616548456337,0.929748237133026
Twitter,Same-sex Marriage,0.6931471805599453,0.4729463379101474,0.2549281657860708,0.7386444211006165
Twitter,Same-sex Marriage,0.0,0.3354943005754997,0.2099842105470748,0.5537559986114502
Twitter,Same-sex Marriage,1.0986122886681098,0.4627837714818057,0.1542187903403291,0.9772043228149414
Twitter,Same-sex Marriage,0.0,0.33481160241919,0.212462876422989,0.98926442861557
Twitter,Same-sex Marriage,1.0986122886681098,0.4041311668989812,0.2131548685047314,0.7027732729911804
Twitter,Same-sex Marriage,1.791759469228055,0.5525985740411524,0.1936546353715667,0.6523885130882263
Twitter,Same-sex Marriage,0.6931471805599453,0.4854630188126819,0.2068583862442305,0.8741874098777771
Twitter,Same-sex Marriage,1.0986122886681098,0.4532340072164926,0.2190259272471596,0.3408526480197906
Twitter,Same-sex Marriage,1.3862943611198906,0.503428421307333,0.2304862881203754,0.932356059551239
Twitter,Same-sex Marriage,1.0986122886681098,0.4788413698552821,0.1582666328335604,0.1625597774982452
Twitter,Same-sex Marriage,0.6931471805599453,0.4612434682366209,0.2174866494421549,0.9734992384910583
Twitter,Same-sex Marriage,1.0986122886681098,0.547362680442018,0.1902741793427201,0.9755245447158812
Twitter,Same-sex Marriage,1.0986122886681098,0.3815686417024206,0.1413192181178802,0.8609600663185121
Twitter,Same-sex Marriage,0.6931471805599453,0.4416209585342924,0.1330496788134301,0.3364905416965485
Twitter,Same-sex Marriage,0.6931471805599453,0.5376578884491777,0.2807996366906913,0.9925830364227296
Twitter,Same-sex Marriage,0.0,0.3410603316581701,0.2021572333398452,0.9893576502799988
Twitter,Same-sex Marriage,1.0986122886681098,0.4259316217674908,0.1780749517408993,0.9333367943763732
Twitter,Same-sex Marriage,0.6931471805599453,0.3795223510969625,0.2299389193244314,0.6076921820640564
Twitter,Same-sex Marriage,0.0,0.1956754636202853,0.1390485048226116,0.6320008635520935
Twitter,Same-sex Marriage,1.0986122886681098,0.3756132170945027,0.1918559316258882,0.984972596168518
Twitter,Same-sex Marriage,0.6931471805599453,0.5328682881708746,0.2238946172414044,0.9486176371574402
Twitter,Same-sex Marriage,0.6931471805599453,0.4057406515446214,0.1499190115797052,0.8818456530570984
Twitter,Same-sex Marriage,0.6931471805599453,0.4134997859981594,0.1617596042025211,0.5038126707077026
Twitter,Same-sex Marriage,0.0,0.4269816341019722,0.1805327704223703,0.5671500563621521
Twitter,Same-sex Marriage,1.3862943611198906,0.5408900315259662,0.2024667397007015,0.8801705241203308
Twitter,Same-sex Marriage,1.0986122886681098,0.5833920632582429,0.3071308506851662,0.9800043702125548
Twitter,Same-sex Marriage,0.6931471805599453,0.3058505759397334,0.1569611708329378,0.9263274073600768
Twitter,Same-sex Marriage,0.0,0.4564897136115272,0.2503058484914118,0.7337988615036011
Twitter,Same-sex Marriage,0.0,0.0,0.163967600488351,0.3798357248306273
Twitter,Same-sex Marriage,0.6931471805599453,0.6343569868630811,0.0558184736443542,0.9938783049583436
Twitter,Same-sex Marriage,0.0,0.1885371113612196,0.1664396318488928,0.4966435730457306
Twitter,Same-sex Marriage,1.3862943611198906,0.6341734301512655,0.257780326763271,0.981805980205536
Twitter,Same-sex Marriage,0.6931471805599453,0.4685899312980614,0.0731495821110437,0.9077069163322448
Twitter,Same-sex Marriage,0.6931471805599453,0.3550192141551267,0.20753926290672,0.9890674948692322
Twitter,Same-sex Marriage,1.9459101490553128,0.4793992418284331,0.0991304099044655,0.5204209685325623
Twitter,Same-sex Marriage,0.6931471805599453,0.3414456159122219,0.1629676109116324,0.7788348197937012
Twitter,Same-sex Marriage,1.0986122886681098,0.4624358309202997,0.2182569185920498,0.7062256932258606
Twitter,Same-sex Marriage,0.6931471805599453,0.4778973198781357,0.2187581331580377,0.4599957764148712
Twitter,Same-sex Marriage,0.6931471805599453,0.2732595918832481,0.2382331311622414,0.4968546330928802
Twitter,Same-sex Marriage,0.0,0.3433428560452349,0.1581546405897865,0.8747372627258301
Twitter,Same-sex Marriage,0.6931471805599453,0.4612434682366209,0.1871648967185075,0.976509153842926
Twitter,Climate Change,0.6931471805599453,0.4782918464040556,0.1437370135405403,0.4713951647281647
Twitter,Climate Change,0.0,0.3548124914869983,0.1034262862707858,0.0997545346617698
Twitter,Climate Change,0.0,0.3682994689778635,0.1430373227232879,0.012693858705461
Twitter,Climate Change,0.6931471805599453,0.4492123015862084,0.153481990447189,0.7254742383956909
Twitter,Climate Change,0.0,0.3897757522676415,0.0874803181697748,0.3870251476764679
Twitter,Climate Change,0.6931471805599453,0.3443083579202045,0.1641598699293144,0.4975334107875824
Twitter,Climate Change,0.0,0.3555304331717205,0.1363192570421688,0.5205888748168945
Twitter,Climate Change,0.6931471805599453,0.4142828980905696,0.097539577181478,0.799946129322052
Twitter,Climate Change,0.0,0.3995349580857152,0.0904907133160512,0.3219610452651977
Twitter,Climate Change,0.0,0.1382957864594188,0.1092822067858393,0.7591910362243652
Twitter,Climate Change,0.6931471805599453,0.3633625163605466,0.1914388132124441,0.9826760292053224
Twitter,Climate Change,0.6931471805599453,0.3214155839801385,0.1994468880028017,0.043236069381237
Twitter,Climate Change,0.0,0.3555046314057098,0.1861702048655904,0.0197345446795225
Twitter,Climate Change,1.3862943611198906,0.3420538309709244,0.1725622935451891,0.8334006667137146
Twitter,Climate Change,0.0,0.3658409660161516,0.1035890309172255,0.1900773495435714
Twitter,Climate Change,0.6931471805599453,0.3981088563839965,0.1078834028367702,0.1114973127841949
Twitter,Climate Change,0.0,0.2563164965659387,0.131825911099996,0.2869665622711181
Twitter,Climate Change,0.6931471805599453,0.4104544672482708,0.1394681561391508,0.3469383418560028
Twitter,Climate Change,0.0,0.3608013972834533,0.1616224128430394,0.0689217746257782
Twitter,Climate Change,0.6931471805599453,0.3787149506380154,0.1349517534766119,0.3143351674079895
Twitter,Climate Change,0.0,0.1677512156734946,0.1907122293663626,0.8268698453903198
Twitter,Climate Change,0.0,0.3143057033524946,0.1124354104321705,0.1325294375419616
Twitter,Climate Change,0.6931471805599453,0.3227053033935946,0.0884279655536659,0.2462428510189056
Twitter,Climate Change,0.0,0.3055724826700441,0.1621813107370815,0.4075681567192077
Twitter,Climate Change,0.0,0.2979831844612212,0.1514555922684207,0.6624580025672913
Twitter,Climate Change,0.0,0.2220725248832822,0.1492142627957163,0.3408203125
Twitter,Climate Change,0.0,0.2543686711688771,0.1580363116427021,0.37192302942276
Twitter,Climate Change,0.0,0.4274341941742979,0.1440948529999245,0.6963234543800354
Twitter,Climate Change,0.0,0.3109662229331675,0.1469132758319103,0.1564375609159469
Twitter,Climate Change,0.6931471805599453,0.2415091121782182,0.2385357997253916,0.3278820514678955
Twitter,Climate Change,0.0,0.4383166585135329,0.2331423650593306,0.5868387222290039
Twitter,Climate Change,0.6931471805599453,0.4219789238179829,0.1330060269162157,0.1393373310565948
Twitter,Climate Change,0.6931471805599453,0.4425159439595276,0.2134463097258097,0.1557308733463287
Twitter,Climate Change,0.0,0.4462589007698805,0.1090762373962919,0.9001557230949402
Twitter,Climate Change,0.0,0.4967012132871997,0.2005937561192828,0.3499661087989807
Twitter,Climate Change,1.0986122886681098,0.3922551897795917,0.2449982705123175,0.5481974482536316
Twitter,Climate Change,0.0,0.4459925596603895,0.1786073918399489,0.5301607847213745
Twitter,Climate Change,0.0,0.3188314886386898,0.1618245873786643,0.1879793405532837
Twitter,Climate Change,0.0,0.3035044440653976,0.1595273825691695,0.1662231236696243
Twitter,Climate Change,0.0,0.3508994231479935,0.1426748881802188,0.9032194018363952
Twitter,Climate Change,0.0,0.2763471847421428,0.1979551042388693,0.120210938155651
Twitter,Climate Change,0.0,0.2998791006089231,0.1415207675346164,0.8524346351623535
Twitter,Climate Change,0.0,0.2663916741869572,0.0584338455147161,0.327619194984436
Twitter,Climate Change,1.0986122886681098,0.3399548809689886,0.1286250530362355,0.5675026774406433
Twitter,Climate Change,1.6094379124341005,0.4444015143862579,0.0936764784069137,0.4740702211856842
Twitter,Climate Change,0.0,0.4019193174225903,0.1131714520906887,0.3919641077518463
Twitter,Climate Change,0.0,0.4387295102568034,0.0857357800789336,0.0222536735236644
Twitter,Climate Change,0.0,0.452020371580371,0.1751286084386022,0.2789390385150909
Twitter,Climate Change,0.6931471805599453,0.3134474952259612,0.0796953967992593,0.8098121285438538
Twitter,Climate Change,0.6931471805599453,0.3564867036319531,0.0976860577306652,0.0638153553009033
Twitter,Climate Change,0.0,0.216960373508613,0.0693942504353838,0.2434023320674896
Twitter,Climate Change,0.0,0.3778517115195491,0.1411498996729004,0.8923901915550232
Twitter,Climate Change,0.6931471805599453,0.4730761066970809,0.114475633159829,0.1777466088533401
Twitter,Climate Change,0.0,0.3233691676444421,-0.0166224332331239,0.3199525773525238
Twitter,Climate Change,1.0986122886681098,0.5148321920064247,0.2061319779670903,0.136404737830162
Twitter,Climate Change,0.0,0.4341408117435256,0.1139407621774182,0.6248138546943665
Twitter,Climate Change,0.0,0.4071197053657413,0.1456385737632524,0.5927227139472961
Twitter,Climate Change,0.0,0.2677735893570343,0.088916440225286,0.631538450717926
Twitter,Climate Change,0.6931471805599453,0.303479702343195,0.1012440278451133,0.4069020748138428
Twitter,Climate Change,0.0,0.2155532541978652,0.2123622606507731,0.0241115819662809
Twitter,Climate Change,0.0,0.4390998321692365,0.1853478248595287,0.9800648093223572
Twitter,Climate Change,0.6931471805599453,0.3115792896161711,0.1670767766353774,0.2047117352485656
Twitter,Climate Change,0.0,0.3485448356809366,0.184730959601488,0.9786871075630188
Twitter,Climate Change,0.6931471805599453,0.3808822661103754,0.1332704672713629,0.7501420974731445
Twitter,Climate Change,0.6931471805599453,0.4019781725034863,0.1606497349357987,0.368123322725296
Twitter,Climate Change,0.0,0.2988414976186641,0.0265879231665949,0.3320705592632293
Twitter,Climate Change,0.0,0.3113440296065065,0.1761164414399181,0.1899013668298721
Twitter,Climate Change,0.6931471805599453,0.3791742851701752,0.0716843593466252,0.2517994046211243
Twitter,Climate Change,0.0,0.4391777089687133,0.0418173102090896,0.071647360920906
Twitter,Climate Change,0.0,0.3094388112259674,0.1244140412104874,0.6638996005058289
Twitter,Climate Change,0.0,0.2533242478277577,0.1381267292190649,0.8607375621795654
Twitter,Climate Change,0.6931471805599453,0.2926910014019528,0.1552809979443027,0.0581931360065937
Twitter,Climate Change,0.0,0.4157045511978702,0.13566430028807,0.2438061088323593
Twitter,Climate Change,1.0986122886681098,0.3365722047717748,0.0981401393390593,0.2849694490432739
Twitter,Climate Change,0.0,0.3501422194586504,0.103465719422663,0.8580148816108704
Twitter,Climate Change,0.0,0.4420237464374035,0.0832108911708657,0.6983360648155212
Twitter,Climate Change,0.0,0.2668002373844165,0.1072714826898612,0.1622229516506195
Twitter,Climate Change,1.0986122886681098,0.3666704626347574,0.1866576631441835,0.107392631471157
Twitter,Climate Change,0.6931471805599453,0.2964658178787684,0.0516270420994198,0.1827008128166198
Twitter,Climate Change,0.6931471805599453,0.3671845716127569,0.1032698351412091,0.9871293902397156
Twitter,Climate Change,0.0,0.3933683421728979,0.1429168115258853,0.6493906378746033
Twitter,Climate Change,1.0986122886681098,0.5491150049431551,0.1337014721512116,0.9149141311645508
Twitter,Climate Change,0.0,0.3717465463476338,0.2053180197610573,0.7127083539962769
Twitter,Climate Change,0.0,0.3664734087105606,0.0953738674072456,0.134035125374794
Twitter,Climate Change,0.6931471805599453,0.4571729231029402,0.1358886196683345,0.1994208991527557
Twitter,Climate Change,0.0,0.4295590814668465,0.2069739769899227,0.3342339694499969
Twitter,Climate Change,1.0986122886681098,0.3130081003026067,0.0897113835925923,0.2873861789703369
Twitter,Climate Change,0.6931471805599453,0.4150128737140528,0.0499087063857488,0.0203415304422378
Twitter,Climate Change,0.6931471805599453,0.4392119617543037,0.1827577460345309,0.8281030058860779
Twitter,Climate Change,0.0,0.2223662137178239,0.1038449889009448,0.3156114816665649
Twitter,Climate Change,0.0,0.2430858909813597,0.0479457637572916,0.3647495806217193
Twitter,Climate Change,0.6931471805599453,0.3174412334504075,0.0841365699262452,0.287990540266037
Twitter,Climate Change,0.0,0.4647442913406301,0.1153846419328841,0.9199550151824952
Twitter,Climate Change,0.0,0.2935688791712682,0.1184450329548212,0.0956823974847793
Twitter,Climate Change,0.0,0.3742308036908676,0.0883708474331788,0.6366671919822693
Twitter,Climate Change,0.0,0.2525319706962946,0.0502400618349583,0.4462999999523163
Twitter,Climate Change,0.0,0.3726289076161529,0.2036430093593532,0.0430201888084411
Twitter,Climate Change,0.0,0.4168773615868632,0.1264732269686539,0.3338581919670105
Twitter,Climate Change,0.6931471805599453,0.3504392687983133,0.2221906053867458,0.8932324051856995
Twitter,Climate Change,0.0,0.3885701476816687,0.2087909228162918,0.4327839612960816
Twitter,Climate Change,0.6931471805599453,0.4590285355470417,0.2423309421464628,0.794606626033783
Twitter,Climate Change,0.0,0.3109662229331675,0.1386089524854062,0.1971351057291031
Twitter,Climate Change,0.0,0.3202791341003109,0.1568120288841278,0.4106912314891815
Twitter,Climate Change,0.0,0.3094043070657625,0.1004735646089242,0.1586509943008422
Twitter,Climate Change,0.0,0.3754913256800692,-0.0707453087382332,0.3745900690555573
Twitter,Climate Change,1.3862943611198906,0.3298615823354745,0.2584084441587992,0.9925078749656676
Twitter,Climate Change,0.0,0.3441619107532048,0.1299528557083945,0.786868691444397
Twitter,Climate Change,0.0,0.3264461011886563,0.0403331352668531,0.3081311285495758
Twitter,Climate Change,0.0,0.1540694818458427,0.1149536165023206,0.8968237638473511
Twitter,Climate Change,0.0,0.2893958288134184,0.1645830108108895,0.8567106127738953
Twitter,Climate Change,0.0,0.2524386727845423,0.1429694900445848,0.7361891865730286
Twitter,Climate Change,0.0,0.2536147078188361,0.1159106107636595,0.7859350442886353
Twitter,Climate Change,0.0,0.4308854721864912,0.0485532586582062,0.1454735398292541
Twitter,Climate Change,0.0,0.3421068616171914,0.2128925532227518,0.3408304750919342
Twitter,Climate Change,0.0,0.3589663420310526,0.1277728065353162,0.8227332830429077
Twitter,Climate Change,0.6931471805599453,0.3987852657192842,0.1578019249573833,0.7492630481719971
Twitter,Climate Change,0.6931471805599453,0.4079762910044398,0.1735374058718062,0.9346192479133606
Twitter,Climate Change,0.0,0.3877866204031287,0.1391974710083888,0.7044607996940613
Twitter,Climate Change,0.0,0.2643646577860742,-0.0020362500936407,0.8585781455039978
Twitter,Climate Change,0.0,0.3146463030593344,0.2115371908015695,0.6081604957580566
Twitter,Climate Change,0.0,0.2374303717554998,0.1654934488740707,0.3845812082290649
Twitter,Climate Change,0.6931471805599453,0.3078596001986848,0.0819576420111299,0.5090848207473755
Twitter,Climate Change,0.0,0.2891981008812879,0.1205050522971513,0.2145887911319732
Twitter,Climate Change,0.0,0.2320054330984541,0.1153619043981636,0.3002253770828247
Twitter,Climate Change,0.0,0.3214020394841396,0.0803154927162891,0.7148253321647644
Twitter,Climate Change,0.0,0.2679244990106485,0.2093202951830556,0.2203002125024795
Twitter,Climate Change,0.0,0.2304080365200621,0.0483738220099618,0.7998931407928467
Twitter,Climate Change,0.0,0.3397001822172845,0.0466029027416699,0.7382789254188538
Twitter,Climate Change,0.0,0.305702304936906,0.1430742415697572,0.6809152960777283
Twitter,Climate Change,0.0,0.3500415919492021,0.10744095126362,0.9590759873390198
Twitter,Climate Change,0.0,0.3500415919492021,0.1089635298459162,0.9566222429275512
Twitter,Climate Change,0.0,0.3553886129124045,0.0583980710836323,0.4557614326477051
Twitter,Climate Change,0.0,0.399884675132176,0.1697065279405425,0.7799043655395508
Twitter,Climate Change,0.0,0.5112812754294582,0.1606925427809265,0.2229361534118652
Twitter,Climate Change,0.0,0.310597592185852,0.099243244974762,0.6029406189918518
Twitter,Climate Change,0.0,0.2593771234709361,0.0172773089251476,0.7458115816116333
Twitter,Climate Change,0.0,0.3769869282026903,0.0525880783299088,0.505233108997345
Twitter,Climate Change,1.0986122886681098,0.4389117025263142,0.1455103172905151,0.4463466107845305
Twitter,Climate Change,0.0,0.3093634608966539,0.1076830059688644,0.5775146484375
Twitter,Climate Change,0.0,0.3452810787102076,0.1828729171110754,0.6878044009208679
Twitter,Climate Change,0.6931471805599453,0.2483391563343155,0.1737719072099786,0.1780975908041
Twitter,Climate Change,0.6931471805599453,0.5018498997316355,0.2512905069470053,0.454172819852829
Twitter,Climate Change,0.0,0.3397001822172845,0.0475180510468165,0.7738126516342163
Twitter,Climate Change,0.6931471805599453,0.2398284355479756,0.1828685592783707,0.0849959105253219
Twitter,Climate Change,0.0,0.3807482862096965,0.1076913127409318,0.1552767008543014
Twitter,Climate Change,0.0,0.3987253480767802,0.1055061508349278,0.8796897530555725
Twitter,Climate Change,0.0,0.3327717234633631,0.1425343044521721,0.3826382756233215
Twitter,Climate Change,0.0,0.3077562997543787,0.1604829381647442,0.076796606183052
Twitter,Climate Change,0.6931471805599453,0.2305238418574706,0.0554576917117314,0.7386419773101807
Twitter,Climate Change,0.0,0.2934632019964635,0.0886191450944418,0.7332823872566223
Twitter,Climate Change,0.6931471805599453,0.4079889352150553,0.2055457283802107,0.9373710751533508
Twitter,Climate Change,0.6931471805599453,0.5057077882671666,0.0986288538298052,0.323550283908844
Twitter,Climate Change,0.6931471805599453,0.2804043764559233,0.0535824508674674,0.1104592531919479
Twitter,Climate Change,0.0,0.3515932886603651,0.1129666210916351,0.4445815086364746
Twitter,Climate Change,1.0986122886681098,0.4115213418090744,0.087193931396375,0.9915226697921752
Twitter,Climate Change,0.0,0.3100519709341048,0.1497011985970387,0.0337600484490394
Twitter,Climate Change,0.0,0.3743416073817879,0.0887416997259712,0.0322941057384014
Twitter,Climate Change,0.6931471805599453,0.3525972366075658,0.0761478844226777,0.1927139014005661
Twitter,Climate Change,0.0,0.4511558528116141,0.1616476194065917,0.4922480583190918
Twitter,Climate Change,0.6931471805599453,0.3784822627870254,0.0608665246501765,0.7249382734298706
Twitter,Climate Change,0.0,0.4347062807356885,0.0915033120783804,0.1245217025279998
Twitter,Climate Change,1.6094379124341005,0.4426268941810782,0.2408131993548531,0.8202395439147949
Twitter,Climate Change,0.6931471805599453,0.3753991658554872,0.0434020467901862,0.2460944801568985
Twitter,Climate Change,0.0,0.3487712443410291,0.1222712419106629,0.2878974676132202
Twitter,Climate Change,0.0,0.274417031903522,0.0784477451632255,0.2557040154933929
Twitter,Climate Change,0.0,0.3530890779075117,0.1113361429968578,0.6240203380584717
Twitter,Climate Change,1.6094379124341005,0.324580851571221,0.160740964960103,0.3740426301956177
Twitter,Climate Change,0.6931471805599453,0.4889650244811562,0.2240403562301118,0.8728528022766113
Twitter,Climate Change,0.6931471805599453,0.2931235845234566,0.0866734450554398,0.2631704807281494
Twitter,Climate Change,0.0,0.350191193472002,0.1223334691053896,0.8771946430206299
Twitter,Climate Change,0.6931471805599453,0.4009244375562605,0.072275568450901,0.1254684031009674
Twitter,Climate Change,0.6931471805599453,0.3186110721203976,0.1496725948431983,0.3753567636013031
Twitter,Climate Change,0.6931471805599453,0.4109798529972071,0.1414982702230449,0.9413028955459596
Twitter,Climate Change,1.0986122886681098,0.4218921924213311,0.11113930352721,0.214865431189537
Twitter,Climate Change,0.0,0.3135719927956271,0.0720432290297877,0.7791665196418762
Twitter,Climate Change,0.0,0.4165985408839196,0.0516596078994631,0.1493454128503799
Twitter,Climate Change,0.0,0.4141522947297547,0.1038571523188851,0.3216766119003296
Twitter,Climate Change,0.6931471805599453,0.4780759848978523,0.0969982462429203,0.0521068088710308
Twitter,Climate Change,0.6931471805599453,0.2585676548249055,0.1548801654415858,0.6550961136817932
Twitter,Climate Change,0.0,0.4385164617938358,0.1406043589172347,0.5362324714660645
Twitter,Climate Change,1.0986122886681098,0.3450430360413309,0.1186613070975463,0.740300714969635
Twitter,Climate Change,0.0,0.3318079042798604,0.1575864234837555,0.0168618597090244
Twitter,Climate Change,0.0,0.3448027121221587,0.1683667979630405,0.2567996680736542
Twitter,Climate Change,0.0,0.2911435789305287,0.1271469682834814,0.4781723916530609
Twitter,Climate Change,0.6931471805599453,0.2712400260551021,0.1876913890575794,0.9059370160102844
Twitter,Climate Change,0.0,0.2990545416115642,0.1219751119293307,0.1983710676431656
Twitter,Climate Change,0.6931471805599453,0.3880408517732978,0.1355609819379005,0.5291048288345337
Twitter,Climate Change,0.0,0.2761368827323421,0.209384194576424,0.8306840658187866
Twitter,Climate Change,0.0,0.4391205968471438,0.1235829400130222,0.0312887132167816
Twitter,Climate Change,0.0,0.270350144253456,0.1473251212099282,0.4457445442676544
Twitter,Climate Change,0.6931471805599453,0.3242575652627691,0.1434020661802792,0.5075810551643372
Twitter,Climate Change,0.6931471805599453,0.4032592086629017,0.1816580817351832,0.4745537042617798
Twitter,Climate Change,0.0,0.2391273586794225,0.0251438646807948,0.2224155068397522
Twitter,Climate Change,0.0,0.2245830886251426,0.1295584101050385,0.9555162191390992
Twitter,Climate Change,0.6931471805599453,0.3881122848730318,0.0483650098760832,0.0243523009121418
Twitter,Climate Change,0.0,0.3608270483655874,0.1703348869420077,0.2510760724544525
Twitter,Climate Change,0.0,0.2418058912093644,0.0973331886831083,0.1717254221439361
Twitter,Climate Change,0.6931471805599453,0.3802665318305055,0.0677728062352514,0.5257748961448669
Twitter,Climate Change,0.0,0.3466427292683782,0.1778208657081199,0.3941521942615509
Twitter,Climate Change,0.0,0.2682402633288034,0.1782348108311879,0.0811346396803855
Twitter,Climate Change,0.0,0.2682079084108938,0.1181472699204609,0.5083770155906677
Twitter,Climate Change,0.6931471805599453,0.364823184666003,0.1724448362984736,0.6582537293434143
Twitter,Climate Change,0.6931471805599453,0.4749964909281299,0.1064240988247236,0.1629424095153808
Twitter,Climate Change,0.0,0.3058756363597527,0.2764667834607717,0.6864936947822571
Twitter,Climate Change,0.0,0.3579194942121794,0.2487627549750532,0.8037479519844055
Twitter,Climate Change,0.0,0.3865262319684999,0.1304283331472842,0.1790547370910644
Twitter,Climate Change,0.6931471805599453,0.4844385859556289,0.1770593514313262,0.1680490225553512
Twitter,Climate Change,0.0,0.3636152693835608,0.2521963562865174,0.7688664197921753
Twitter,Climate Change,0.0,0.4007585189726917,0.1776957026774106,0.4669020473957062
Twitter,Climate Change,0.0,0.3117145174449239,0.1375930618939655,0.3441205620765686
Twitter,Climate Change,0.0,0.2844311983909424,0.126685096135216,0.3871332705020905
Twitter,Climate Change,0.0,0.2798240824249324,0.0736570979217208,0.1441394835710525
Twitter,Climate Change,0.0,0.2413387201533188,0.2283499187314484,0.774242639541626
Twitter,Climate Change,0.0,0.2094138492615491,0.0854449662233084,0.3010972142219543
Twitter,Climate Change,0.0,0.2360430170534884,0.040045918878389,0.2922671437263489
Twitter,Climate Change,1.0986122886681098,0.4196998318465008,0.1178470418828458,0.0743088871240615
Twitter,Climate Change,0.0,0.3464320878605922,0.1902471019308737,0.6939762830734253
Twitter,Climate Change,0.0,0.425395299577935,0.0848351714175244,0.5302737355232239
Twitter,Climate Change,0.0,0.3197266271061151,0.1910567395189095,0.662142276763916
Twitter,Climate Change,0.6931471805599453,0.4493688579803943,0.1388943432885224,0.1792203187942505
Twitter,Climate Change,0.0,0.2979160572446778,0.0909282762595633,0.7787837982177734
Twitter,Climate Change,0.0,0.2679585090947912,0.0710271992053223,0.7319201231002808
Twitter,Climate Change,1.0986122886681098,0.4543097078520002,0.0425151145676018,0.278998851776123
Twitter,Climate Change,0.0,0.2679585090947912,0.0761028613330722,0.7357012629508972
Twitter,Climate Change,0.0,0.3198329242328865,0.1074865322650491,0.6522836685180664
Twitter,Climate Change,0.0,0.4341408117435256,0.1150583956385714,0.547885000705719
Twitter,Climate Change,0.0,0.3917205272118677,0.1329661603126394,0.8420143723487854
Twitter,Climate Change,0.0,0.330938302465488,0.20782427906848,0.7100544571876526
Twitter,Climate Change,0.0,0.2136989111727951,0.1432856343171079,0.0507704615592956
Twitter,Climate Change,0.0,0.3587945685830585,0.2325977943869742,0.6150133013725281
Twitter,Climate Change,0.0,0.3248494725481783,0.1534032882296143,0.7594388127326965
Twitter,Climate Change,1.0986122886681098,0.3342184374729858,0.1358520887191244,0.057334017008543
Twitter,Climate Change,0.6931471805599453,0.3161235836110749,0.1412153313749546,0.7151566147804259
Twitter,Climate Change,0.0,0.3083483559393312,0.1503059934904451,0.0302913952618837
Twitter,Climate Change,0.0,0.2565859080757356,0.1585913870786333,0.2306704074144363
Twitter,Climate Change,0.0,0.323712802498575,0.1501108723164263,0.2929151654243469
Twitter,Climate Change,0.0,0.2837102254772697,0.2113630141668581,0.2206628918647766
Twitter,Climate Change,0.0,0.3115345301070522,0.1137044403943205,0.2390368282794952
Twitter,Climate Change,0.6931471805599453,0.321924652419613,0.0659613380662226,0.9241882562637328
Twitter,Climate Change,0.0,0.2774259259608487,0.1393439942098824,0.5902656316757202
Twitter,Climate Change,0.6931471805599453,0.4286541263458728,0.2016920976538088,0.2248769998550415
Twitter,Climate Change,0.0,0.3023207739698345,0.2052773606555447,0.5790154337882996
Twitter,Climate Change,0.0,0.3739624550995967,0.1436723286570128,0.8353554010391235
Twitter,Climate Change,0.0,0.4787544539952941,0.1553144489113805,0.5566513538360596
Twitter,Climate Change,0.0,0.4103004264425145,0.1462878279471876,0.5894801020622253
Twitter,Climate Change,0.0,0.3554265350860614,0.1184672239917486,0.4117173850536345
Twitter,Climate Change,1.3862943611198906,0.3455378909240724,0.0531464358361994,0.6409592628479004
Twitter,Climate Change,0.6931471805599453,0.2886433892925644,0.015769119414747,0.7243173718452454
Twitter,Climate Change,0.6931471805599453,0.4337792259054133,0.1780236221672166,0.5309025049209595
Twitter,Climate Change,0.0,0.4121307208930611,0.1274378675526323,0.1221792101860046
Twitter,Climate Change,0.0,0.3530121836547778,0.0543936989893066,0.936210572719574
Twitter,Climate Change,0.0,0.2888023515164647,0.1373762437682103,0.7505323886871338
Twitter,Climate Change,0.6931471805599453,0.3080339246026693,0.1417290766450281,0.4048262238502502
Twitter,Climate Change,0.0,0.1659596523525688,0.0983518842077101,0.6920586824417114
Twitter,Climate Change,0.0,0.4279346642292502,0.1400879146587637,0.2985574007034302
Twitter,Climate Change,0.0,0.4325317309497774,0.1077191585852931,0.2183557748794556
Twitter,Climate Change,0.6931471805599453,0.360890322494378,0.2170482144832957,0.062144961208105
Twitter,Climate Change,0.6931471805599453,0.4017574468434536,0.1897413780850944,0.8990476131439209
Twitter,Climate Change,0.0,0.3407202152063132,0.143630880442027,0.6431334018707275
Twitter,Climate Change,0.0,0.2173393043273306,0.1403204252363301,0.1431619375944137
Twitter,Climate Change,0.0,0.3618304575634101,0.120199467679354,0.4796399772167206
Twitter,Climate Change,0.0,0.3699501900544786,0.2129264534769334,0.2082237154245377
Twitter,Climate Change,0.6931471805599453,0.4003348323518506,0.1117524448189068,0.3337709903717041
Twitter,Climate Change,0.0,0.4334427379169004,0.1474982913662325,0.8253666162490845
Twitter,Climate Change,0.0,0.3704670678263569,0.1031274310436475,0.6646003723144531
Twitter,Climate Change,0.0,0.3765580824883427,0.1786477580008314,0.667233943939209
Twitter,Climate Change,0.0,0.4217647770849441,0.2052853346985054,0.2291194200515747
Twitter,Climate Change,0.0,0.3120806219158963,0.1751660700870514,0.6305293440818787
Twitter,Climate Change,0.0,0.3190051432964135,0.0440299961017186,0.1692863404750824
Twitter,Climate Change,0.0,0.4351774858078926,0.0962597738575281,0.4992845356464386
Twitter,Climate Change,1.0986122886681098,0.2731967147527864,0.1884269799641031,0.7037367820739746
Twitter,Climate Change,0.6931471805599453,0.4033131156558619,0.1966240992330333,0.468148946762085
Twitter,Climate Change,0.0,0.1682789602037958,0.0944155148245299,0.2066541165113449
Twitter,Climate Change,0.0,0.2654695976425977,0.1374755064836861,0.839180588722229
Twitter,Climate Change,0.0,0.3762440168790146,0.1508604575025491,0.5911779999732971
Twitter,Climate Change,0.6931471805599453,0.4432807382152612,0.2252345383055172,0.9744805097579956
Twitter,Climate Change,0.6931471805599453,0.3342166521200278,0.1702297556228254,0.0826744586229324
Twitter,Climate Change,1.0986122886681098,0.4680347706487294,0.1320089733751087,0.76756352186203
Twitter,Climate Change,0.0,0.322394319959319,0.1773441893022772,0.2927139401435852
Twitter,Climate Change,0.6931471805599453,0.2297332798676434,0.0861419001501828,0.3620367646217346
Twitter,Climate Change,0.0,0.3632910106133475,-0.0962956156843135,0.1063189804553985
Twitter,Climate Change,0.0,0.3366855626520039,0.0908183659765345,0.174657866358757
Twitter,Climate Change,0.0,0.4130833690695273,0.1505520255074678,0.7050250172615051
Twitter,Climate Change,0.0,0.3035768252083402,0.1179731258841328,0.4150325655937195
Twitter,Climate Change,0.0,0.3332619505214044,0.0686185858257503,0.6813384890556335
Twitter,Climate Change,0.0,0.3600192558644416,0.115133758505399,0.3472863137722015
Twitter,Climate Change,0.0,0.4235832117722411,0.1715450934931404,0.5244140028953552
Twitter,Climate Change,0.0,0.3366053619748759,0.078813366934582,0.6636931896209717
Twitter,Climate Change,0.6931471805599453,0.2995417695342289,0.0226420843962251,0.6141688227653503
Twitter,Climate Change,0.6931471805599453,0.3694596632324157,0.0895825572595078,0.1885486096143722
Twitter,Climate Change,0.0,0.2700277736868015,0.1087781042208367,0.0805097892880439
Twitter,Climate Change,0.0,0.2182767844227082,0.2194890199253975,0.1203493997454643
Twitter,Climate Change,0.6931471805599453,0.2817729734162263,0.1163395396473816,0.6864933967590332
Twitter,Climate Change,0.6931471805599453,0.2214435285810337,0.0073223598124247,0.3386488854885101
Twitter,Climate Change,0.6931471805599453,0.4243335212719536,0.1333470711931759,0.3878978192806244
Twitter,Climate Change,0.0,0.28234051304934,-0.0357455334813636,0.314418613910675
Twitter,Climate Change,0.6931471805599453,0.308000041619603,0.0862951683663612,0.6709093451499939
Twitter,Climate Change,0.0,0.2768287125094097,0.1298346485008922,0.1461497545242309
Twitter,Climate Change,1.3862943611198906,0.382061334309382,0.0673432416667177,0.0977950543165206
Twitter,Climate Change,0.6931471805599453,0.3395296018372833,0.1477156754484848,0.5333120822906494
Twitter,Climate Change,0.6931471805599453,0.2120273063840032,0.1699822711264129,0.049429103732109
Twitter,Climate Change,0.0,0.4837360899715205,0.1488470048442605,0.1738975495100021
Twitter,Climate Change,0.0,0.3048507391438893,0.1244546491498456,0.1155502498149871
Twitter,Climate Change,0.0,0.3273748051641769,0.1155580334016422,0.5847977995872498
Twitter,Climate Change,0.6931471805599453,0.4444547918629291,0.1099877841170629,0.0985336601734161
Twitter,Climate Change,0.0,0.2366606989852571,0.1858859723150133,0.290753036737442
Twitter,Climate Change,0.6931471805599453,0.2849255753222453,0.1505514125689541,0.4851920008659363
Twitter,Climate Change,0.0,0.2290731708137868,0.201437589225835,0.7936164140701294
Twitter,Climate Change,0.6931471805599453,0.3374848774425402,0.1160037927455709,0.5759885311126709
Twitter,Climate Change,1.3862943611198906,0.3560072837820477,0.1806757235994561,0.2734151482582092
Twitter,Climate Change,0.0,0.3594362815787976,0.2460368968071074,0.2847225964069366
Twitter,Climate Change,0.6931471805599453,0.4178502820319831,0.1807283894746365,0.9936791062355042
Twitter,Climate Change,0.0,0.184950767817977,0.114532298917675,0.8206800818443298
Twitter,Climate Change,0.6931471805599453,0.2678651551910448,0.1626344890041653,0.3213051259517669
Twitter,Climate Change,0.0,0.3316254476075287,0.1722945055095722,0.4926014542579651
Twitter,Climate Change,0.0,0.1845202128449827,0.1060866519302236,0.1941928565502166
Twitter,Climate Change,0.0,0.4768817241100936,0.1247272821087852,0.5564966201782227
Twitter,Climate Change,0.0,0.2786200459194119,0.1643316242929623,0.0498799830675125
Twitter,Climate Change,0.0,0.2940352015012619,0.1465217030527913,0.1030492037534713
Twitter,Climate Change,0.6931471805599453,0.3106993042761879,0.1063999890689594,0.4164702296257019
Twitter,Climate Change,0.0,0.233928322725489,0.0789445504195795,0.7273577451705933
Twitter,Climate Change,0.6931471805599453,0.3229829501769383,0.1382441512683723,0.1516179740428924
Twitter,Climate Change,0.0,0.330086160768076,0.1448866085930888,0.0790235921740531
Twitter,Climate Change,1.0986122886681098,0.3113284524774198,0.1181560208579934,0.469317764043808
Twitter,Climate Change,0.6931471805599453,0.3804292360141426,0.103869219970817,0.550482988357544
Twitter,Climate Change,1.0986122886681098,0.3805492511731196,0.182472355590063,0.9710546731948853
Twitter,Climate Change,0.0,0.4076230387015074,0.1044594820807779,0.2075555473566055
Twitter,Climate Change,0.6931471805599453,0.3187122129726149,0.2059558504120153,0.121019646525383
Twitter,Climate Change,0.0,0.2818675360909794,0.1837714233139389,0.3901878595352173
Twitter,Climate Change,0.0,0.1385292203222484,0.2024184742217816,0.1234404891729354
Twitter,Climate Change,0.0,0.2462887157014202,0.0858209506428128,0.6390005350112915
Twitter,Climate Change,0.0,0.4382656369555708,0.2026935994579266,0.1282845139503479
Twitter,Climate Change,1.0986122886681098,0.3636073163983506,0.0883519228285833,0.6054475903511047
Twitter,Climate Change,0.6931471805599453,0.4270202808413696,0.0767570877279914,0.6966656446456909
Twitter,Climate Change,0.6931471805599453,0.4393543171342566,0.0794340796259435,0.5837189555168152
Twitter,Climate Change,1.0986122886681098,0.3898203839038699,0.1292413757427661,0.5389595627784729
Twitter,Climate Change,0.6931471805599453,0.4861842624737337,0.0855475338573311,0.1529746353626251
Twitter,Climate Change,0.6931471805599453,0.4149080988179466,0.1985815849535403,0.9152494668960572
Twitter,Climate Change,0.0,0.298235251945798,0.1750720284752863,0.2987511157989502
Twitter,Climate Change,0.6931471805599453,0.3457762301517347,0.1690654904801327,0.5762957930564879
Twitter,Climate Change,0.6931471805599453,0.3188846169177715,0.1062062875427058,0.5400136113166809
Twitter,Climate Change,0.6931471805599453,0.3440772785512485,0.1501818347188865,0.6585621833801271
Twitter,Climate Change,0.0,0.2208444329853321,0.0925857682159909,0.0373755283653736
Twitter,Climate Change,1.3862943611198906,0.4300591466810138,0.0542987241445153,0.836050271987915
Twitter,Climate Change,0.0,0.2409644829429439,0.1454949903535505,0.077247217297554
Twitter,Climate Change,1.0986122886681098,0.3637226225290613,0.1203145763944095,0.7669401168823242
Twitter,Climate Change,0.6931471805599453,0.3671150214201126,0.1734870494771928,0.3931406736373901
Twitter,Climate Change,0.6931471805599453,0.4716067856103842,0.1837267032709279,0.9556497931480408
Twitter,Climate Change,0.0,0.4238211805057595,0.1641681073509254,0.3264880180358887
Twitter,Climate Change,0.0,0.3407205140858251,0.0703484512170139,0.3097255229949951
Twitter,Climate Change,0.0,0.4374470863494937,0.2186310608420582,0.4071368575096129
Twitter,Climate Change,0.0,0.3957029028043254,0.1043064971734998,0.4745114147663117
Twitter,Climate Change,1.0986122886681098,0.4099785511271291,0.1094368011178833,0.1298095732927322
Twitter,Climate Change,0.0,0.2862978868898363,0.0844717411578712,0.7205370664596558
Twitter,Climate Change,0.6931471805599453,0.3487438790585946,0.0508432552013236,0.0845514982938766
Twitter,Climate Change,0.6931471805599453,0.3862963937411537,0.1655058185103408,0.7473925352096558
Twitter,Climate Change,1.0986122886681098,0.3261874187972828,0.2127641447543698,0.4443997144699097
Twitter,Climate Change,0.6931471805599453,0.2574210682208223,0.0961316955409837,0.2657635509967804
Twitter,Climate Change,0.0,0.3980699298534863,0.143778590650041,0.7280226945877075
Twitter,Climate Change,0.0,0.3703736662006276,0.066076885740655,0.9355133771896362
Twitter,Climate Change,1.0986122886681098,0.3833386101334103,0.1455476288041223,0.6488279104232788
Twitter,Climate Change,1.0986122886681098,0.3479029835243822,0.1557941221575735,0.1408199369907379
Twitter,Climate Change,0.6931471805599453,0.3885955823715933,0.1063168007602194,0.8472721576690674
Twitter,Climate Change,0.6931471805599453,0.4709037448179533,0.112355441506693,0.3600050508975983
Twitter,Climate Change,0.6931471805599453,0.4502621985635003,0.1304291038464364,0.9040497541427612
Twitter,Climate Change,0.6931471805599453,0.255441391139896,0.1258354504472523,0.7983984351158142
Twitter,Climate Change,0.6931471805599453,0.255441391139896,0.113436849610129,0.8180248737335205
Twitter,Climate Change,0.0,0.3727925092100485,0.0628214091278479,0.7773541808128357
Twitter,Climate Change,0.6931471805599453,0.3480948962478883,0.2357726323658229,0.9869710206985474
Twitter,Climate Change,0.6931471805599453,0.3893202984127457,0.0906741971807505,0.2850398421287537
Twitter,Climate Change,0.6931471805599453,0.4452378354308856,0.2252850775446884,0.63751620054245
Twitter,Climate Change,0.6931471805599453,0.3393497313678046,0.0788561539391342,0.9294898509979248
Twitter,Climate Change,0.6931471805599453,0.3080670250223664,0.1581730907876553,0.0730553567409515
Twitter,Climate Change,1.0986122886681098,0.3695653357423693,0.1083670225494697,0.4619836807250977
Twitter,Climate Change,1.0986122886681098,0.4205613396177886,0.1340388363942403,0.6472225189208984
Twitter,Climate Change,0.0,0.3211975185381647,-0.0284288246372848,0.0805493891239166
Twitter,Climate Change,0.0,0.4035120772637999,0.1309329242134078,0.2817891240119934
Twitter,Climate Change,1.0986122886681098,0.4223719736048336,0.1754727350768413,0.0414730906486511
Twitter,Climate Change,0.6931471805599453,0.3088281951316559,0.0998341127403194,0.4380154013633728
Twitter,Climate Change,1.6094379124341005,0.530855175398473,0.032393520305793,0.4750660359859466
Twitter,Climate Change,1.0986122886681098,0.3782824583797611,0.157016909525934,0.8515787720680237
Twitter,Climate Change,0.0,0.3258697722982166,0.1134012388368061,0.6125203371047974
Twitter,Climate Change,0.0,0.3655602518077586,0.1494900500484149,0.0724831223487854
Twitter,Climate Change,0.6931471805599453,0.337770406241015,0.0933798912675716,0.8333882689476013
Twitter,Climate Change,1.0986122886681098,0.367292694019128,0.123838544740423,0.7022367715835571
Twitter,Climate Change,0.0,0.2757582718809319,0.1662524497132299,0.3194147944450378
Twitter,Climate Change,0.6931471805599453,0.5011476876872594,0.1299744800854165,0.6893307566642761
Twitter,Climate Change,1.0986122886681098,0.4790776884149172,0.2672032120475739,0.5090929269790649
Twitter,Climate Change,0.6931471805599453,0.4290295536152201,0.1545442111710639,0.3727246224880218
Twitter,Climate Change,1.3862943611198906,0.3476720459775166,-0.0300023150801275,0.7772743105888367
Twitter,Climate Change,1.3862943611198906,0.5344422904638524,0.1164005012251225,0.8900188207626343
Twitter,Climate Change,0.6931471805599453,0.3888558801661484,0.1642014121396179,0.0400935634970665
Twitter,Climate Change,0.6931471805599453,0.307209657508582,0.1433105798121322,0.8177421092987059
Twitter,Climate Change,0.0,0.4002361805295339,0.1590751936010825,0.2211811989545822
Twitter,Climate Change,0.6931471805599453,0.3704553429413316,0.133088558579051,0.8714926242828369
Twitter,Climate Change,0.6931471805599453,0.3833097790556243,0.2045749392641956,0.657394528388977
Twitter,Climate Change,1.3862943611198906,0.5434990096169416,0.1332692934888159,0.5535339117050171
Twitter,Climate Change,1.0986122886681098,0.4098295001730818,0.2225288785402288,0.247519314289093
Twitter,Climate Change,1.0986122886681098,0.4322655899724023,0.2595835559014139,0.8971685767173767
Twitter,Climate Change,0.6931471805599453,0.3440772785512485,0.1498851031491567,0.6787380576133728
Twitter,Climate Change,1.0986122886681098,0.5162815053200631,0.1393680008455365,0.6731546521186829
Twitter,Climate Change,1.0986122886681098,0.3960881974065431,0.1888688085309033,0.8767786622047424
Twitter,Climate Change,0.0,0.4595804433855977,0.2170127336297627,0.8810821771621704
Twitter,Climate Change,0.6931471805599453,0.3576106328592822,0.1185446568154552,0.1605911999940872
Twitter,Climate Change,0.0,0.3751129281651616,0.0867187471738446,0.8112342357635498
Twitter,Climate Change,0.6931471805599453,0.3586399081285133,0.2081986635768032,0.3742825388908386
Twitter,Climate Change,0.6931471805599453,0.4131931349328456,0.1557529650231744,0.1978019177913665
Twitter,Climate Change,0.6931471805599453,0.3049315723918916,0.2186191084686904,0.7874153852462769
Twitter,Climate Change,0.6931471805599453,0.3549732157051664,0.1250831396911092,0.4030780494213104
Twitter,Climate Change,0.6931471805599453,0.2745865045615864,0.0778790226115041,0.4841695725917816
Twitter,Climate Change,0.6931471805599453,0.2707602693550788,0.0507846289215254,0.7248077988624573
Twitter,Climate Change,0.6931471805599453,0.329684322652606,0.0894937049213641,0.5612524151802063
Twitter,Climate Change,0.0,0.3295495163185004,0.0844908811687716,0.0586655735969543
Twitter,Climate Change,0.0,0.3551034136556312,0.0698424932542813,0.08772012591362
Twitter,Climate Change,0.6931471805599453,0.3816418609779914,0.1092199122351943,0.1660667955875396
Twitter,Climate Change,0.6931471805599453,0.3702615942511598,0.0877591829409594,0.418314665555954
Twitter,Climate Change,0.0,0.2794927176222224,0.175865667187323,0.0966568142175674
Twitter,Climate Change,0.0,0.3793351240194878,0.0604441609080114,0.2461077719926834
Twitter,Climate Change,0.0,0.3351709785515601,0.1060487112874918,0.826903223991394
Twitter,Climate Change,0.0,0.3703253217980714,0.1069542608861784,0.9508601427078248
Twitter,Climate Change,0.0,0.0967529765186028,0.1362024189430877,0.1361143589019775
Twitter,Climate Change,0.0,0.0462545349885384,0.2094082899568157,0.2904905080795288
Twitter,Climate Change,0.0,0.2645338685866528,0.2105518039247573,0.0671935752034187
Twitter,Climate Change,0.0,0.2928536171665241,0.1798537317621696,0.2428100705146789
Twitter,Climate Change,0.0,0.0462545349885384,0.1830893373980184,0.1972786486148834
Twitter,Climate Change,0.6931471805599453,0.4394122019066004,0.0731479311806657,0.2781832218170166
Twitter,Climate Change,0.0,0.3396508412411591,0.1641040573546311,0.6729496717453003
Twitter,Climate Change,0.6931471805599453,0.3092963717118573,0.1341092506906097,0.6599270701408386
Twitter,Climate Change,0.0,0.1969918780971784,0.0292410714626411,0.7921435236930847
Twitter,Climate Change,0.6931471805599453,0.4192046806347635,0.1423558977996079,0.179202139377594
Twitter,Climate Change,0.0,0.3541904001047757,0.1932489197929722,0.3978364467620849
Twitter,Climate Change,0.0,0.3702470696331124,0.1215808417518341,0.1754205971956253
Twitter,Climate Change,0.0,0.3683481893989627,0.1252127645892456,0.1866670250892639
Twitter,Climate Change,1.6094379124341005,0.3904766128243338,0.1115892181481829,0.1582826972007751
Twitter,Climate Change,0.0,0.3429102972552423,0.1540029477236195,0.1362296342849731
Twitter,Climate Change,0.6931471805599453,0.3076068085105822,0.1155945015631741,0.0342713557183742
Twitter,Climate Change,0.0,0.4298202515682789,0.1726538118230783,0.3323991894721985
Twitter,Climate Change,0.6931471805599453,0.3056485134076535,0.1508650686558856,0.7878497838973999
Twitter,Climate Change,0.0,0.3515795435326176,0.1791549077187784,0.1296360939741134
Twitter,Climate Change,0.0,0.3760674053501937,0.135732670494108,0.3933174312114716
Twitter,Climate Change,0.0,0.3163724898208132,0.1309780463178205,0.0169133599847555
Twitter,Climate Change,0.0,0.2421525295867423,0.1114739847590213,0.7495346069335938
Twitter,Climate Change,0.6931471805599453,0.5004217721930183,0.2265167196154589,0.6104478240013123
Twitter,Climate Change,1.3862943611198906,0.4887549492487314,0.2915973280391297,0.9203091859817504
Twitter,Climate Change,0.0,0.3594006743914166,0.1160163842861976,0.793438196182251
Twitter,Climate Change,0.6931471805599453,0.3309837150450305,0.1389504734540809,0.1546491682529449
Twitter,Climate Change,0.6931471805599453,0.2866016033044027,0.1750025233315002,0.6218128800392151
Twitter,Climate Change,0.6931471805599453,0.3722368610468617,0.1013478822936564,0.033343069255352
Twitter,Climate Change,0.6931471805599453,0.4278142409999442,0.1278898709929711,0.8243714570999146
Twitter,Climate Change,0.0,0.3298639884412254,0.1685502386551804,0.1265421360731125
Twitter,Climate Change,0.0,0.3345345682155858,0.1130868410026995,0.1293864697217941
Twitter,Climate Change,1.3862943611198906,0.3840893769070621,0.1913317249902754,0.3019197583198547
Twitter,Climate Change,0.0,0.4285566870631166,0.2336195100907049,0.9901875853538512
Twitter,Climate Change,1.0986122886681098,0.3470784841609013,0.0994268955391664,0.8059243559837341
Twitter,Climate Change,0.0,0.3719693334124966,0.0835150315928092,0.5876096487045288
Twitter,Climate Change,1.0986122886681098,0.4086787236181981,0.1632136999667091,0.9700925946235656
Twitter,Climate Change,0.0,0.3805849001151292,0.1453097930901999,0.0621757321059703
Twitter,Climate Change,1.3862943611198906,0.4602154084751572,0.1736888912367499,0.4762295782566071
Twitter,Climate Change,1.0986122886681098,0.4013737019850409,0.1089388137364718,0.9254969358444214
Twitter,Climate Change,0.0,0.3543125437900013,0.0356909991972276,0.1555441170930862
Twitter,Climate Change,0.0,0.3458291648485926,0.1329277705859913,0.3130951821804046
Twitter,Climate Change,0.6931471805599453,0.4669753944208676,0.1039005434642911,0.6973225474357605
Twitter,Climate Change,0.0,0.3164732385069322,0.1256331701614796,0.9191211462020874
Twitter,Climate Change,0.0,0.3109729952420788,0.0214526738609018,0.5087521076202393
Twitter,Climate Change,0.0,0.2100140187224213,0.2005210758336247,0.2640909254550934
Twitter,Climate Change,0.6931471805599453,0.4268750761684042,0.1295281746210586,0.6903700828552246
Twitter,Climate Change,0.0,0.3241771724749646,0.1746229535655203,0.0178353041410446
Twitter,Climate Change,0.6931471805599453,0.3358829394679495,0.0160359046782589,0.63880854845047
Twitter,Climate Change,0.0,0.3362718479559656,0.2475435875164524,0.6909368634223938
Twitter,Climate Change,1.0986122886681098,0.451080178205748,0.1675407892163908,0.2424022108316421
Twitter,Climate Change,0.0,0.2325935972960891,0.1521302823509246,0.4452884197235107
Twitter,Climate Change,0.6931471805599453,0.3555230393001491,0.1242307534119652,0.6277670860290527
Twitter,Climate Change,0.0,0.330852329853648,0.1512752154723793,0.3439608216285705
Twitter,Climate Change,1.0986122886681098,0.3815609603041025,0.1990443240622615,0.0673553794622421
Twitter,Climate Change,1.0986122886681098,0.320553676601358,0.1782312750559957,0.4729029834270477
Twitter,Climate Change,0.0,0.2614013429551429,0.1120801955269788,0.7264536619186401
Twitter,Climate Change,1.0986122886681098,0.4755203303551708,0.1068407133234358,0.7165968418121338
Twitter,Climate Change,0.6931471805599453,0.3775743379062095,0.2097564343554714,0.2531399130821228
Twitter,Climate Change,0.0,0.4380356538871961,0.18650328408427,0.1489533632993698
Twitter,Climate Change,0.0,0.4760140096732613,0.2065921472453399,0.8514440655708313
Twitter,Climate Change,0.0,0.3115451679228096,0.1473870100412697,0.963907778263092
Twitter,Climate Change,0.6931471805599453,0.3257855693527267,0.0651569049526846,0.5298049449920654
Twitter,Climate Change,0.0,0.2693339546783632,0.1580950853783004,0.7143028378486633
Twitter,Climate Change,0.0,0.2724779887024902,0.1591944430479538,0.0606492273509502
Twitter,Climate Change,0.6931471805599453,0.4383784372408971,0.1990960679764429,0.9491329789161682
Twitter,Climate Change,1.0986122886681098,0.3489812914403463,0.1636014568667868,0.2113757580518722
Twitter,Climate Change,0.0,0.2841697076881421,0.1915311820172169,0.8933305740356445
Twitter,Climate Change,0.0,0.2550368789522106,0.1800164609680274,0.6295847296714783
Twitter,Climate Change,0.6931471805599453,0.4664604985257983,0.1595501298911732,0.2422967553138733
Twitter,Climate Change,0.0,0.3528009779973331,0.0227205812146451,0.7074092030525208
Twitter,Climate Change,0.6931471805599453,0.4348299125212838,0.1214123988576315,0.6577535271644592
Twitter,Climate Change,0.6931471805599453,0.3375097029661333,0.1355005339190708,0.1862677931785583
Twitter,Climate Change,0.6931471805599453,0.3333261888956649,0.1463594993706826,0.7720730900764465
Twitter,Climate Change,0.6931471805599453,0.3188770515979697,0.0992325071633048,0.6865613460540771
Twitter,Climate Change,0.0,0.2394602410238429,0.1757314287782708,0.326016753911972
Twitter,Climate Change,0.0,0.3405003488474651,0.1453782843918686,0.3290153443813324
Twitter,Climate Change,0.0,0.2460926434693334,0.059308980619427,0.6766332983970642
Twitter,Climate Change,0.0,0.4186089482680286,0.1280041049127073,0.1138438656926155
Twitter,Climate Change,0.0,0.4272505637894845,0.017328303155944,0.6383978724479675
Twitter,Climate Change,0.0,0.359391782753851,0.1980170737583923,0.8683165907859802
Twitter,Climate Change,1.3862943611198906,0.3408829291823779,0.1487547918708663,0.9547569155693054
Twitter,Climate Change,0.0,0.2275380891019821,0.1339880743716686,0.7529338598251343
Twitter,Climate Change,0.0,0.3460893437853051,0.1392773035512515,0.6192769408226013
Twitter,Climate Change,0.0,0.2757391067356673,0.0952637855068044,0.6874904036521912
Twitter,Climate Change,0.0,0.2423119273874914,0.1616634905642349,0.0846138298511505
Twitter,Climate Change,0.0,0.3003625096200562,0.1825071614861099,0.3762666583061218
Twitter,Climate Change,0.0,0.3511161710476357,0.1202784419209707,0.7708985805511475
Twitter,Climate Change,1.0986122886681098,0.3857344666916212,0.165286510080389,0.7445698380470276
Twitter,Climate Change,0.0,0.2811648578365479,0.1836492036443557,0.2438417971134185
Twitter,Climate Change,0.0,0.3849225253718151,0.1555131262192387,0.414677619934082
Twitter,Climate Change,1.0986122886681098,0.4177904858431679,0.1660399043126124,0.8636435866355896
Twitter,Climate Change,0.0,0.3349701190482509,0.1647092194838807,0.4540752470493317
Twitter,Climate Change,0.6931471805599453,0.3184796387749679,0.156701343092367,0.7964705824851991
Twitter,Climate Change,0.0,0.2900056863668839,0.1540228314968943,0.2544991970062256
Twitter,Climate Change,0.0,0.3851214630671238,0.089663828866517,0.2901628613471985
Twitter,Climate Change,0.0,0.2172475665417274,0.1822323157422789,0.1477510333061218
Twitter,Climate Change,0.0,0.3000721650316965,0.0954427009311347,0.4555071592330933
Twitter,Climate Change,0.0,0.3673232492043857,0.1365382252218248,0.7538852095603943
Twitter,Climate Change,0.0,0.357772889781637,0.1793516004858485,0.7821815609931946
Twitter,Climate Change,0.0,0.2428698818956281,0.1406432120487633,0.5168428421020508
Twitter,Climate Change,0.0,0.2271944318791901,0.1109909594648303,0.1111428141593933
Twitter,Climate Change,1.0986122886681098,0.3690998147734408,0.1537632279059495,0.8367360830307007
Twitter,Climate Change,0.6931471805599453,0.4007622957052711,0.0862829110593477,0.0539497174322605
Twitter,Climate Change,0.6931471805599453,0.4260155270507682,0.1942476719458474,0.8947622179985046
Twitter,Climate Change,0.0,0.3447480167663035,0.1521685210221736,0.0177862532436847
Twitter,Climate Change,0.6931471805599453,0.4156656904916568,0.1677990313858966,0.4674420356750488
Twitter,Climate Change,0.0,0.4553788943786186,0.1472044911313739,0.661176860332489
Twitter,Climate Change,0.6931471805599453,0.3356783228581377,0.1055401372398612,0.5218998789787292
Twitter,Climate Change,0.6931471805599453,0.3232543489880661,0.1298682842652407,0.4341385364532471
Twitter,Climate Change,0.0,0.276480528799268,0.1610613250311892,0.5123888850212097
Twitter,Climate Change,0.0,0.254580940363405,0.1520502748095102,0.8541139364242554
Twitter,Climate Change,0.0,0.2237857746334169,0.0722190807480415,0.6925750970840454
Twitter,Climate Change,0.0,0.3306984300699968,0.1002998807982759,0.0738811939954757
Twitter,Climate Change,1.0986122886681098,0.3658748230145778,0.1007726278241784,0.6340705752372742
Twitter,Climate Change,0.0,0.3159007558280462,0.0934699374749624,0.6183684468269348
Twitter,Climate Change,1.3862943611198906,0.4686346823327955,0.0930816429967869,0.5879577398300171
Twitter,Climate Change,0.0,0.3626873879343943,0.0543120016498972,0.4587679505348206
Twitter,Climate Change,0.0,0.4235695555368369,0.1175256742601772,0.8911528587341309
Twitter,Climate Change,0.0,0.3460893437853051,0.1363809035829878,0.7061434984207153
Twitter,Climate Change,0.0,0.2927194002291385,0.0857894193097319,0.8534184694290161
Twitter,Climate Change,0.0,0.2427075976618782,0.0774063852362084,0.1268224269151687
Twitter,Climate Change,0.0,0.3941126071608643,0.2061855298418422,0.6797305345535278
Twitter,Climate Change,0.6931471805599453,0.427029881443311,0.150133163722218,0.4958556890487671
Twitter,Climate Change,0.0,0.2580433654696872,0.1689863170542113,0.8847154378890991
Twitter,Climate Change,0.0,0.3117928906687746,0.1513566803899357,0.5930605530738831
Twitter,Climate Change,0.0,0.4156528109650457,-0.009019164609829,0.9539986848831176
Twitter,Climate Change,0.6931471805599453,0.3568181708854833,0.2207185999239865,0.2193310558795929
Twitter,Climate Change,0.0,0.3572325997061223,0.1137408184396505,0.0315859951078891
Twitter,Climate Change,0.0,0.1559724080945177,0.1199957401678242,0.2047226279973984
Twitter,Climate Change,0.6931471805599453,0.4580151073157837,0.2019073461283345,0.4931560456752777
Twitter,Climate Change,1.0986122886681098,0.3857344666916212,0.1679971415466868,0.8215106725692749
Twitter,Climate Change,0.6931471805599453,0.3946659986599586,0.133286896367109,0.7271783351898193
Twitter,Climate Change,0.0,0.2876431923459102,0.1135782359478642,0.8533653020858765
Twitter,Climate Change,0.6931471805599453,0.3084976331072926,0.1395930644614602,0.5882139801979065
Twitter,Climate Change,0.6931471805599453,0.2590671037947336,0.0970475891695118,0.2407665997743606
Twitter,Climate Change,0.6931471805599453,0.3929636902237123,0.1924771641519511,0.6737582087516785
Twitter,Climate Change,0.0,0.1112388615042673,0.0980888288255878,0.0856416374444961
Twitter,Climate Change,0.6931471805599453,0.4837153382413203,0.1518636436233189,0.0891192629933357
Twitter,Climate Change,0.6931471805599453,0.3669720911612291,0.245115127096002,0.8268131613731384
Twitter,Climate Change,0.6931471805599453,0.4174704842765784,0.1646323559627977,0.7663902044296265
Twitter,Climate Change,0.0,0.3415746450675612,0.0370904697368626,0.3139156699180603
Twitter,Climate Change,0.0,0.2416429655371717,0.1077213275604207,0.7754085063934326
Twitter,Climate Change,1.0986122886681098,0.4542529125472003,0.1434909506174149,0.4322396218776703
Twitter,Climate Change,1.0986122886681098,0.3830630708541322,0.1919767623397774,0.8056510090827942
Twitter,Climate Change,0.0,0.2094484172220279,0.1282322850428907,0.2929034829139709
Twitter,Climate Change,0.0,0.2548157165954606,0.1823214936109903,0.1344826817512512
Twitter,Climate Change,0.6931471805599453,0.2569507455936043,0.1532251975776007,0.0766088217496872
Twitter,Climate Change,0.0,0.4779237456135348,0.1003539216604427,0.6355822086334229
Twitter,Climate Change,0.0,0.4320042169891459,0.1404549075102057,0.6753742694854736
Twitter,Climate Change,1.6094379124341005,0.5404295311475985,0.2303421742689134,0.8115322589874268
Twitter,Climate Change,0.0,0.2052855779025079,0.202230265376677,0.1214399933815002
Twitter,Climate Change,1.0986122886681098,0.4778145531773827,0.1261625761832019,0.2246745228767395
Twitter,Climate Change,0.0,0.3238490058355265,0.1313970198617373,0.8588969707489014
Twitter,Climate Change,0.6931471805599453,0.3234914548940447,0.1522971843789672,0.1662283092737198
Twitter,Climate Change,1.0986122886681098,0.5626889804548779,0.2242058067518428,0.9872938990592957
Twitter,Climate Change,0.0,0.3326630373518456,0.1258733595787747,0.8157969117164612
Twitter,Climate Change,1.3862943611198906,0.442282934016719,0.1162532655346452,0.9463772177696228
Twitter,Climate Change,0.0,0.3047793560606312,0.1609383276957987,0.295015424489975
Twitter,Climate Change,1.3862943611198906,0.442282934016719,0.112928908744776,0.7335793972015381
Twitter,Climate Change,0.6931471805599453,0.2561158564889793,0.1085123223022223,0.1234516128897667
Twitter,Climate Change,0.0,0.2355560717165944,0.1481653500221299,0.4277265965938568
Twitter,Climate Change,0.0,0.2428199973730602,0.0741689367748123,0.7411062717437744
Twitter,Climate Change,0.0,0.2598128172903054,0.2268132161674657,0.2621616125106811
Twitter,Climate Change,0.6931471805599453,0.442822264312799,0.1146452887614621,0.2251794636249542
Twitter,Climate Change,0.6931471805599453,0.3139774189121472,0.0893949147553839,0.0995532721281051
Twitter,Climate Change,0.0,0.342651456941954,0.1752993872444991,0.6152960658073425
Twitter,Climate Change,0.0,0.341055901501768,0.1778268775871946,0.8675617575645447
Twitter,Climate Change,0.0,0.2996775734949506,0.1633670400194464,0.1110518798232078
Twitter,Climate Change,0.6931471805599453,0.3410127585382371,0.1301499091283107,0.5251312255859375
Twitter,Climate Change,0.0,0.2332249684821287,0.13455640194135,0.512689471244812
Twitter,Climate Change,0.6931471805599453,0.2959934257506076,0.0769827734421792,0.5035774111747742
Twitter,Climate Change,0.6931471805599453,0.3410127585382371,0.1254850143118618,0.5218209028244019
Twitter,Climate Change,1.3862943611198906,0.5500111830617214,0.1437562498524731,0.3619320392608642
Twitter,Climate Change,0.6931471805599453,0.3903559656486723,0.1676686007083695,0.1286525875329971
Twitter,Climate Change,0.6931471805599453,0.3017354888203439,0.0913040969457125,0.0327639430761337
Twitter,Climate Change,0.0,0.2851200132823595,0.1853840416218213,0.0875127613544464
Twitter,Climate Change,0.0,0.2851200132823595,0.1629368376839865,0.1049202308058738
Twitter,Climate Change,0.0,0.2851200132823595,0.1824067374246706,0.0883871763944625
Twitter,Climate Change,0.0,0.2183216094851717,0.1471056778293656,0.02252983674407
Twitter,Climate Change,0.0,0.4643436898999463,0.186477221854468,0.3126255571842193
Twitter,Climate Change,0.6931471805599453,0.5426332456711784,0.0916344767619224,0.2597466111183166
Twitter,Climate Change,0.6931471805599453,0.4150841125063392,0.1387658130284788,0.2870789468288421
Twitter,Climate Change,0.0,0.3708871677982695,0.0940268540235565,0.5022613406181335
Twitter,Climate Change,1.3862943611198906,0.2714839918399332,0.1926091726691445,0.1313228905200958
Reddit,The_Donald,1.09861228866811,0.3697373808363475,0.2015246359955168,0.1135610118508338
Reddit,The_Donald,0.0,0.1629860662342085,0.282259511628633,0.1309244185686111
Reddit,The_Donald,0.693147180559945,0.2971840550444611,0.262125407345563,0.2878841161727905
Reddit,The_Donald,0.0,0.2108087635908438,0.2368761560181925,0.0895812585949897
Reddit,The_Donald,0.0,0.2697674285685326,0.0973751865931357,0.0135985966771841
Reddit,The_Donald,0.0,0.3809328520436827,0.2242051478878749,0.009070492349565
Reddit,The_Donald,0.0,0.3587552060975019,0.3091526445015082,0.1924156099557877
Reddit,The_Donald,0.0,0.1417976811602904,0.1957033618911702,0.0409851297736167
Reddit,The_Donald,0.0,0.2987209974565081,0.2280680123004474,0.0227314922958612
Reddit,The_Donald,0.0,0.1550329216543142,0.2420542578137438,0.091765820980072
Reddit,The_Donald,0.0,0.33749718144302,0.2600086171557904,0.1674081236124038
Reddit,The_Donald,1.09861228866811,0.42778293053631,0.2992168800059992,0.0414057783782482
Reddit,The_Donald,0.0,0.2758517202734951,0.2911558913595193,0.25665482878685
Reddit,The_Donald,0.0,0.2500675418854968,0.2637673176913652,0.0372168086469173
Reddit,The_Donald,0.0,0.2591518227672819,0.2381715003153648,0.1318708956241607
Reddit,The_Donald,0.0,0.3053310777184297,0.2812377209534638,0.0544943697750568
Reddit,The_Donald,0.0,0.3853945359391756,0.1619615308906772,0.5822944045066833
Reddit,The_Donald,1.09861228866811,0.4133208084136187,0.1641223287303223,0.1229383572936058
Reddit,The_Donald,0.0,0.3261252367539408,0.1757284314406288,0.2048387974500656
Reddit,The_Donald,0.0,0.2620891160955758,0.2087192612268327,0.4032166302204132
Reddit,The_Donald,0.0,0.2971148319794658,0.1569088826178505,0.9060201048851012
Reddit,The_Donald,0.0,0.1553316713265487,0.3292163122603254,0.1841256469488144
Reddit,The_Donald,0.693147180559945,0.40750443097409,0.1179495331769458,0.0184154957532882
Reddit,The_Donald,0.0,0.1772938987109134,0.1701961965674228,0.0457158535718917
Reddit,The_Donald,0.0,0.1766612925991835,0.1850376784531986,0.7641360759735107
Reddit,The_Donald,0.0,0.2722179981725295,0.2060812075165697,0.6963676810264587
Reddit,The_Donald,0.693147180559945,0.394522585311355,0.2976348428219647,0.2432656139135361
Reddit,The_Donald,0.0,0.1774493458723376,0.1242329222134583,0.0134673491120338
Reddit,The_Donald,0.693147180559945,0.2897586406862134,0.0976913221497061,0.0227904766798019
Reddit,The_Donald,0.0,0.188604511981228,0.192607988012968,0.0271565541625022
Reddit,The_Donald,0.693147180559945,0.2348441541215928,0.1167043183878745,0.0491853915154933
Reddit,The_Donald,0.0,0.3419498126785441,0.0952097660042115,0.0911486148834228
Reddit,The_Donald,1.38629436111989,0.4367074557348175,0.1302080944655038,0.1784532070159912
Reddit,The_Donald,0.693147180559945,0.2872837370064327,0.1725662707374701,0.086424209177494
Reddit,The_Donald,0.0,0.2132485686608503,0.1698235435850558,0.1231195703148842
Reddit,The_Donald,0.0,0.39253246949635,0.2216947764993333,0.3490152657032013
Reddit,The_Donald,0.0,0.5000938645516112,0.1341595179453619,0.040141761302948
Reddit,The_Donald,1.09861228866811,0.3910430245681446,0.1436717534477216,0.015906823799014
Reddit,The_Donald,1.38629436111989,0.4189593623787076,0.1894512001259191,0.0695512443780899
Reddit,The_Donald,0.0,0.4771897303425541,0.1710466256342059,0.0865986421704292
Reddit,The_Donald,0.0,0.351245923363131,0.1930137521808747,0.3623488247394562
Reddit,The_Donald,0.0,0.2616894848847622,0.2785487657961761,0.1361662298440933
Reddit,The_Donald,1.38629436111989,0.4438018527766306,0.1075363837346081,0.2020328342914581
Reddit,The_Donald,0.0,0.3675815641940205,0.1201818341579736,0.02119966968894
Reddit,The_Donald,3.13549421592915,0.5588350144119671,0.2517037836367104,0.9020882844924928
Reddit,The_Donald,1.09861228866811,0.4287064450928229,0.3040985459424166,0.434409499168396
Reddit,The_Donald,0.0,0.2491852999515869,0.1549545514764982,0.1171962842345237
Reddit,The_Donald,0.0,0.3198418409837697,0.2971716328017025,0.0907549858093261
Reddit,The_Donald,0.693147180559945,0.4025159858981371,0.1172018678656697,0.2773860394954681
Reddit,The_Donald,1.79175946922805,0.5201972345839514,0.1974336754696384,0.5413951277732849
Reddit,The_Donald,0.0,0.3542001091371632,0.1513362009610904,0.0091179059818387
Reddit,The_Donald,0.0,0.3672228348381122,0.0455726303529639,0.0807642862200737
Reddit,The_Donald,0.0,0.1651568828386771,0.2017024184294052,0.0324344709515571
Reddit,The_Donald,0.0,0.2576237862528274,0.0598285612816972,0.0108035393059253
Reddit,The_Donald,0.0,0.4263556639408283,0.1474882999836476,0.0133800525218248
Reddit,The_Donald,0.0,0.3251673286633191,0.1426916433774395,0.2794728279113769
Reddit,The_Donald,0.0,0.3749995478964257,0.340693028734776,0.4687438309192658
Reddit,The_Donald,0.0,0.2267093839075034,0.3038221944037963,0.8116179704666138
Reddit,The_Donald,0.0,0.2370238286643756,0.2107394066206038,0.0111802080646157
Reddit,The_Donald,0.693147180559945,0.3752225341672213,0.0713743430987455,0.0159825701266527
Reddit,The_Donald,1.09861228866811,0.5074874315892592,0.2527403442482909,0.1220302507281303
Reddit,The_Donald,1.6094379124341005,0.4740411284851872,0.2061071852647836,0.10521200299263
Reddit,The_Donald,0.693147180559945,0.360365988173992,0.3395375403005563,0.364106833934784
Reddit,The_Donald,0.0,0.3086707019908466,0.1438534247233175,0.6332275867462158
Reddit,The_Donald,0.0,0.3014001881382287,0.2394592232691594,0.2824144661426544
Reddit,The_Donald,0.0,0.3339391054905992,0.1719533579138302,0.062314823269844
Reddit,The_Donald,0.0,0.4208287760415902,0.1622081607755228,0.0087335985153913
Reddit,The_Donald,0.0,0.3200480543548527,0.1203184995761079,0.0341913364827632
Reddit,The_Donald,0.693147180559945,0.3749625365981427,0.227856029409301,0.033511646091938
Reddit,The_Donald,0.0,0.2159185933496296,0.1131662732494555,0.0507426150143146
Reddit,The_Donald,0.0,0.4335895371240965,0.2306159108429715,0.9741506576538086
Reddit,The_Donald,0.0,0.402192053897044,0.0718806537475382,0.0101365093141794
Reddit,The_Donald,0.0,0.3470836574487933,0.1331091408360468,0.0197102446109056
Reddit,The_Donald,0.0,0.4097109109571042,0.2765956664490769,0.2291786819696426
Reddit,The_Donald,0.0,0.3742465386341437,0.3422629915723143,0.6703296303749084
Reddit,The_Donald,0.693147180559945,0.4958113272105888,0.1027602506514308,0.1816907525062561
Reddit,The_Donald,1.09861228866811,0.3650600417811839,0.1914984114025725,0.9813967943191528
Reddit,The_Donald,0.0,0.3122321554018639,0.0551993909547592,0.0364157296717166
Reddit,The_Donald,1.09861228866811,0.4650203500854106,0.2166058290607737,0.4004717469215393
Reddit,The_Donald,0.0,0.387425165834127,0.1532208430533869,0.0293602105230093
Reddit,The_Donald,0.0,0.3554616935939607,0.1069425074486433,0.014693509787321
Reddit,The_Donald,1.79175946922805,0.3551840219374609,0.0878374755642642,0.0747152417898178
Reddit,The_Donald,0.0,0.3326132537120539,0.1524930760820894,0.0523877218365669
Reddit,The_Donald,0.0,0.3397639422571322,0.2027411840457974,0.1679715663194656
Reddit,The_Donald,1.09861228866811,0.3214341052565789,0.1873400742297732,0.0535730645060539
Reddit,The_Donald,0.0,0.3490683054857963,0.0230697487882253,0.9430140852928162
Reddit,The_Donald,0.0,0.3090864316054976,0.1494449618344639,0.0222674496471881
Reddit,The_Donald,0.0,0.3893547623769145,0.1144886214208218,0.0306566935032606
Reddit,The_Donald,0.0,0.4343690874573329,0.1720229970703792,0.029569711536169
Reddit,The_Donald,0.693147180559945,0.3251116516188682,0.4256415900558374,0.4871589541435242
Reddit,The_Donald,0.0,0.2981353630080349,0.2405159933016312,0.0185963530093431
Reddit,The_Donald,0.0,0.2250179504180488,0.1087410109334078,0.032123677432537
Reddit,The_Donald,0.0,0.3332586369423836,0.1573791944288335,0.0409360416233539
Reddit,The_Donald,0.693147180559945,0.394788215323865,0.2608685079834923,0.6026628613471985
Reddit,The_Donald,1.09861228866811,0.4090191198404695,0.1278194723963703,0.0259639769792556
Reddit,The_Donald,0.0,0.3825636643214368,0.0315470752386422,0.073456272482872
Reddit,The_Donald,0.693147180559945,0.3533899803087001,0.1294485206364263,0.3170706629753113
Reddit,The_Donald,0.693147180559945,0.4367931476279146,0.2054233569868053,0.8819032311439514
Reddit,The_Donald,0.0,0.2862422026331843,0.2073455199586935,0.4254845082759857
Reddit,The_Donald,0.0,0.3903210754560411,0.1484060457782799,0.1022733375430107
Reddit,The_Donald,1.6094379124341005,0.509012347907335,0.1411003194151555,0.017234181985259
Reddit,The_Donald,0.0,0.1783631588767024,0.2611491366921792,0.8294219970703125
Reddit,The_Donald,0.0,0.2612075177600705,0.28872716274333,0.5606942772865295
Reddit,The_Donald,0.0,0.2487255186859724,0.1970185837799863,0.0737503543496131
Reddit,The_Donald,1.38629436111989,0.5352762895568008,0.3156728222546824,0.1621181368827819
Reddit,The_Donald,1.38629436111989,0.410988983661248,0.1158950111341817,0.0438978895545005
Reddit,The_Donald,0.0,0.3755069533829179,0.1354859636940978,0.4860304892063141
Reddit,The_Donald,0.693147180559945,0.4388092344556926,0.1125001969558734,0.5351016521453857
Reddit,The_Donald,0.693147180559945,0.5176922440823751,0.2402269811528325,0.0824343189597129
Reddit,The_Donald,0.0,0.3267615840169209,0.2397842561694829,0.5506508350372314
Reddit,The_Donald,0.0,0.3328382659621945,0.2921258357202883,0.0455439500510692
Reddit,The_Donald,1.38629436111989,0.4763035958872352,0.00442022884633,0.0742977708578109
Reddit,The_Donald,0.0,0.3117242547291792,0.2093421120504707,0.042503036558628
Reddit,The_Donald,1.38629436111989,0.4572712295881925,0.0954374741263013,0.1284458935260772
Reddit,The_Donald,0.0,0.2861642757144608,0.2094866746752025,0.2527781426906585
Reddit,The_Donald,1.38629436111989,0.4247752192803343,0.1835270402087173,0.1642945557832718
Reddit,The_Donald,0.0,0.2733285471746628,0.1993193227965216,0.1375312656164169
Reddit,The_Donald,1.09861228866811,0.4817324501642464,0.2842804642035577,0.9915964007377625
Reddit,The_Donald,0.693147180559945,0.3283974250474742,0.0616381611990822,0.8848355412483215
Reddit,The_Donald,1.09861228866811,0.4242797916870007,0.162075494123922,0.9678189754486084
Reddit,The_Donald,0.693147180559945,0.4485202081914267,0.3090452060059926,0.5191240906715393
Reddit,The_Donald,0.693147180559945,0.4714628466774848,0.1799245598811937,0.6112406253814697
Reddit,The_Donald,0.693147180559945,0.4875461785577682,0.2065918447434608,0.2065572887659073
Reddit,The_Donald,0.0,0.2496506101886401,0.28492746362574,0.8329278826713562
Reddit,The_Donald,0.0,0.4340240758067488,0.1887230643336335,0.2827220559120178
Reddit,The_Donald,1.09861228866811,0.4562605658680812,0.1857377393810342,0.025139233097434
Reddit,The_Donald,0.0,0.3504398100747622,0.3135300044345418,0.4910829961299896
Reddit,The_Donald,0.0,0.3602665174639579,0.1469022057121662,0.0553110018372535
Reddit,The_Donald,0.0,0.2720282872004898,0.0432364272128782,0.1323180049657821
Reddit,The_Donald,0.0,0.2562157193545395,0.240377211551128,0.0177062191069126
Reddit,The_Donald,0.0,0.3030104588618936,0.2128087407758572,0.4189850986003876
Reddit,The_Donald,0.0,0.3866614238257534,0.1702227031577973,0.0273318011313676
Reddit,The_Donald,0.693147180559945,0.5105226866639889,0.18657368122818,0.1134681031107902
Reddit,The_Donald,0.0,0.2027666262836607,0.2596905255039931,0.1086702942848205
Reddit,The_Donald,1.09861228866811,0.3269718089383936,0.1681471482715952,0.0727492049336433
Reddit,The_Donald,0.0,0.233054226276236,0.1124572068352087,0.2410469353199005
Reddit,The_Donald,0.0,0.2264425430199777,0.013193928730844,0.0191163215786218
Reddit,The_Donald,1.09861228866811,0.3518236914305905,0.1684790370656825,0.8520908951759338
Reddit,The_Donald,2.63905732961526,0.459723665682568,0.0908496465792267,0.0335326679050922
Reddit,The_Donald,0.0,0.3732669523571634,0.1908599247861735,0.0254854504019022
Reddit,The_Donald,0.693147180559945,0.2877923653580457,0.2195492674533271,0.9119930863380432
Reddit,The_Donald,4.81218435537242,0.5115646148736558,0.2302522391299091,0.8337368965148926
Reddit,The_Donald,0.0,0.3583695224764816,0.179637416167908,0.3384295105934143
Reddit,The_Donald,1.38629436111989,0.4409793894926165,0.1786981718598977,0.7318360805511475
Reddit,The_Donald,0.0,0.1040577404381769,0.2424914154525121,0.2374732345342636
Reddit,The_Donald,0.0,0.330833944750142,0.2601118112653338,0.8431398868560791
Reddit,The_Donald,0.0,0.2354773495790642,0.1937352330232343,0.2755734622478485
Reddit,The_Donald,1.09861228866811,0.470865117735932,0.2156308664319515,0.0810848176479339
Reddit,The_Donald,0.0,0.1614767766681858,0.2310995171227221,0.7590714693069458
Reddit,The_Donald,0.0,0.2099692672174703,0.3474426049838232,0.1254861056804657
Reddit,The_Donald,0.0,0.3734079250190257,0.3039172822814482,0.9775758981704712
Reddit,The_Donald,1.09861228866811,0.3568593948807773,0.2017041105409308,0.040041621774435
Reddit,The_Donald,0.0,0.2427159749622571,0.1918456941794388,0.025279538705945
Reddit,The_Donald,0.0,0.2460925910711592,0.1484587045814908,0.0366925485432148
Reddit,The_Donald,0.0,0.4653237974095626,0.3656451607493617,0.9753493070602416
Reddit,The_Donald,0.0,0.3843977238245021,0.2054635199980977,0.0834668651223182
Reddit,The_Donald,0.0,0.4456909102827325,0.1288601031739445,0.1060370653867721
Reddit,The_Donald,1.38629436111989,0.4446276321709907,0.1964601269747175,0.0374534614384174
Reddit,The_Donald,1.09861228866811,0.4090097915958682,0.1842816903238761,0.1639783978462219
Reddit,The_Donald,0.0,0.4467689730909863,0.2061865699045203,0.3229014277458191
Reddit,The_Donald,0.0,0.1867005664436877,0.0496086358099464,0.0919088944792747
Reddit,The_Donald,0.0,0.2824951379858906,0.2227442860910187,0.0140955187380313
Reddit,The_Donald,0.693147180559945,0.4735571193367023,0.1241619733962748,0.1039822623133659
Reddit,The_Donald,0.0,0.2270734064494278,0.1702128937918433,0.0557480938732624
Reddit,The_Donald,0.0,0.4620192076932712,0.2292141599919793,0.0537065975368022
Reddit,The_Donald,0.693147180559945,0.4187047179817946,0.1802178425861407,0.2629797458648681
Reddit,The_Donald,0.0,0.3169887685394071,0.1617348710070553,0.8615793585777283
Reddit,The_Donald,0.0,0.4890711729840105,0.2720598508701575,0.0854591280221939
Reddit,The_Donald,0.0,0.3209943817008853,0.2318558117515529,0.3250088989734649
Reddit,The_Donald,0.0,0.4163420461162388,0.2026696319170782,0.0096804602071642
Reddit,The_Donald,0.0,0.3629423688854315,0.2409472997683201,0.1308891326189041
Reddit,The_Donald,0.0,0.2822879145166009,0.1414375777035252,0.1025687605142593
Reddit,The_Donald,0.0,0.3074351122191197,0.1899739793168408,0.1599431782960891
Reddit,The_Donald,0.693147180559945,0.3846318555139509,0.255400720670097,0.8747422099113464
Reddit,The_Donald,0.0,0.371286073273144,0.1019951245358882,0.1223830580711364
Reddit,The_Donald,1.6094379124341005,0.4969608030236954,0.1455706238181106,0.9375141859054564
Reddit,The_Donald,0.0,0.4124046885753031,0.1958023863931935,0.1038783416152
Reddit,The_Donald,0.0,0.2142415149387069,0.2510700297856573,0.8606535196304321
Reddit,The_Donald,0.693147180559945,0.4466990090971111,0.1808532162593122,0.1411776095628738
Reddit,The_Donald,0.0,0.0,0.41495149838619,0.9817277193069458
Reddit,The_Donald,1.09861228866811,0.3749368560279598,0.0372786703483359,0.0182487592101097
Reddit,The_Donald,0.0,0.3715190583067195,0.1964770042139715,0.185749351978302
Reddit,The_Donald,1.38629436111989,0.5019503794185759,0.1221310341667889,0.2415198683738708
Reddit,The_Donald,1.6094379124341005,0.4782323581558707,0.1935342231908528,0.8083325028419495
Reddit,The_Donald,0.693147180559945,0.4927432788422339,0.1654026791864133,0.1265360713005066
Reddit,The_Donald,1.09861228866811,0.4858389419229446,0.2097157346020906,0.7034053206443787
Reddit,The_Donald,1.94591014905531,0.5146369005073839,0.1526349846814534,0.4005734622478485
Reddit,The_Donald,1.79175946922805,0.5309432007706523,0.111226703034097,0.7844286561012268
Reddit,The_Donald,0.693147180559945,0.2360908859229077,0.1292450148535203,0.0381546877324581
Reddit,The_Donald,0.693147180559945,0.3280526028028827,0.1494951342170719,0.9585097432136536
Reddit,The_Donald,0.0,0.3336632094516013,0.1698110608107249,0.0786293372511863
Reddit,The_Donald,1.79175946922805,0.4513613158520305,0.1737120871948919,0.9270250797271729
Reddit,The_Donald,1.09861228866811,0.4672797236376111,0.1386769680363222,0.5369998812675476
Reddit,The_Donald,0.0,0.3266023789759155,0.1648387438939639,0.009433900937438
Reddit,The_Donald,0.0,0.2571184716403786,0.1923538611983601,0.6447213888168335
Reddit,The_Donald,0.0,0.3105193779049207,0.1063229939444511,0.7050177454948425
Reddit,The_Donald,0.0,0.1734545670277072,0.379767372357692,0.8259269595146179
Reddit,The_Donald,0.0,0.5547389131446303,0.1487242064186362,0.5959562063217163
Reddit,The_Donald,1.09861228866811,0.3457508445553282,0.2090395601380744,0.2524353861808777
Reddit,The_Donald,0.0,0.4780309997274316,0.2186123262305707,0.8226932883262634
Reddit,The_Donald,0.693147180559945,0.4407953351679072,0.2143434654196913,0.9055954217910768
Reddit,The_Donald,0.0,0.3431185657464887,0.1246883924235017,0.1882117241621017
Reddit,The_Donald,0.0,0.3164792928354979,0.3011427150362857,0.1955807358026504
Reddit,The_Donald,1.38629436111989,0.5638845038175416,0.1470870111874104,0.4372946619987488
Reddit,The_Donald,0.693147180559945,0.4880453236743214,0.231945615928012,0.1678587794303894
Reddit,The_Donald,0.0,0.3515713227731716,0.2131203959351964,0.1042652428150177
Reddit,The_Donald,0.0,0.2860622253478582,0.036063625173442,0.0488597489893436
Reddit,The_Donald,1.09861228866811,0.4360302423223632,0.2016050011562022,0.0419993102550506
Reddit,The_Donald,0.0,0.3113028049450685,0.1152320149303235,0.0109988451004028
Reddit,The_Donald,0.693147180559945,0.2339746633508294,0.2243416955935632,0.5094858407974243
Reddit,The_Donald,0.0,0.4962470489922825,0.183604857500221,0.0859593302011489
Reddit,The_Donald,0.693147180559945,0.3499249246784814,0.2754052842261496,0.0297450497746467
Reddit,The_Donald,0.0,0.2085611429854606,0.3343924961200627,0.1908987760543823
Reddit,The_Donald,0.0,0.2999881264301546,0.1309287892639052,0.5821053981781006
Reddit,The_Donald,0.0,0.3910533790286332,0.1460748011817552,0.0184050444513559
Reddit,The_Donald,0.0,0.3724618079421811,0.1590909860424364,0.5192602276802063
Reddit,The_Donald,0.0,0.1394727656884554,0.2307665195836405,0.0405710823833942
Reddit,The_Donald,0.0,0.3958935714775433,0.0616829927667819,0.0370448790490627
Reddit,The_Donald,0.693147180559945,0.346245866508153,0.0283339109854981,0.0135008553043007
Reddit,The_Donald,0.0,0.2659401293011086,0.2447678681165613,0.020654572173953
Reddit,The_Donald,0.0,0.1958061683498166,0.1949696587480439,0.0378834530711174
Reddit,The_Donald,0.693147180559945,0.3338346522802036,0.0998664913399533,0.2671904563903809
Reddit,The_Donald,0.693147180559945,0.4120576477946167,0.1753526262612671,0.0349103547632694
Reddit,The_Donald,0.0,0.5037882190394424,0.1408380152711921,0.0163150411099195
Reddit,The_Donald,0.0,0.3265658032695702,0.1165230191470722,0.0148443421348929
Reddit,The_Donald,0.0,0.3217196587698345,0.1917117450304364,0.0846002548933029
Reddit,The_Donald,1.6094379124341005,0.3967555899459486,0.1465950664107174,0.2081269472837448
Reddit,The_Donald,2.07944154167984,0.3962812405894506,0.1561119039343375,0.1515439301729202
Reddit,The_Donald,1.09861228866811,0.3956429790500504,0.1371824490871807,0.0164913143962621
Reddit,The_Donald,0.693147180559945,0.3929486788744231,0.196373904277911,0.0206853337585926
Reddit,The_Donald,0.693147180559945,0.4465655136213124,0.0899683057374938,0.9622272849082948
Reddit,The_Donald,0.0,0.1934402354750206,0.1530490155533286,0.0346425101161003
Reddit,The_Donald,0.0,0.3325744493635247,0.1625251701435675,0.0128927836194634
Reddit,The_Donald,0.0,0.214738023594952,0.1388051594975855,0.7816334962844849
Reddit,The_Donald,0.693147180559945,0.3133292956418433,0.2107203894190255,0.7756723761558533
Reddit,The_Donald,1.6094379124341005,0.4496613594496199,0.1538463546478519,0.047195840626955
Reddit,The_Donald,0.693147180559945,0.2793148031932889,0.1769888744464074,0.3376046717166901
Reddit,The_Donald,0.0,0.3138915895574686,0.1207808099100331,0.0187432840466499
Reddit,The_Donald,0.0,0.3191577954222755,0.1936900809646358,0.1137450337409973
Reddit,The_Donald,1.38629436111989,0.5567166871988692,0.1384838309879804,0.5164097547531128
Reddit,The_Donald,0.0,0.1978967771360327,0.0934505339085025,0.0381132178008556
Reddit,The_Donald,0.0,0.3526345286213981,0.1177907787796784,0.0781248211860656
Reddit,The_Donald,0.0,0.2165244283342794,0.1590909192631669,0.6825342774391174
Reddit,The_Donald,0.0,0.3819741221840769,0.1051402857029961,0.1898815631866455
Reddit,The_Donald,0.693147180559945,0.3147632265986926,0.1900510657995689,0.0573557056486606
Reddit,The_Donald,0.0,0.3161945608100537,0.1645017793846856,0.0335844904184341
Reddit,The_Donald,0.0,0.3602591835483101,0.105920287516118,0.0473091676831245
Reddit,The_Donald,0.0,0.2668529900178497,0.1756909191713266,0.1919903457164764
Reddit,The_Donald,1.09861228866811,0.3922403082910904,0.1341814542867284,0.0692976266145706
Reddit,The_Donald,0.693147180559945,0.4518174149577181,0.199495181863814,0.4705616533756256
Reddit,The_Donald,1.38629436111989,0.5161457973304683,0.2247332918186738,0.9801279306411744
Reddit,The_Donald,0.0,0.2307584805148985,0.2237693698016125,0.0329212583601474
Reddit,The_Donald,0.0,0.330646603813293,0.1512889519975636,0.0103745870292186
Reddit,The_Donald,0.0,0.4248000594983285,0.1249681702213292,0.0224306043237447
Reddit,The_Donald,0.693147180559945,0.4712873221603028,0.1171301889423709,0.0369276665151119
Reddit,The_Donald,0.0,0.3351691438684452,0.2477644625410588,0.1964405477046966
Reddit,The_Donald,0.693147180559945,0.4201448785033307,0.1832475083295655,0.0328955352306366
Reddit,The_Donald,0.693147180559945,0.4893854578702362,0.2776342211001841,0.9583953022956848
Reddit,The_Donald,0.0,0.248329204579507,0.1243156019681463,0.6174337267875671
Reddit,The_Donald,0.693147180559945,0.3976483982604479,0.0904500726186751,0.112197920680046
Reddit,The_Donald,0.0,0.2808399449606189,0.2693769514261774,0.0412273854017257
Reddit,The_Donald,0.0,0.3166071192267963,0.187194609277398,0.8347746729850769
Reddit,The_Donald,0.0,0.4492059723910054,0.2515882504316701,0.1403588503599167
Reddit,The_Donald,0.693147180559945,0.4223453403163064,0.2360020589729234,0.3528325557708739
Reddit,The_Donald,0.0,0.3136912188726851,0.0941708677710782,0.4636129140853882
Reddit,The_Donald,0.693147180559945,0.3800922550561039,0.2185980845190757,0.8055952191352844
Reddit,The_Donald,0.0,0.4352824966888288,0.2787963298868756,0.0100525645539164
Reddit,The_Donald,0.0,0.3029529984095586,0.199023858619542,0.0907746776938438
Reddit,The_Donald,0.693147180559945,0.3860732393934346,0.1924017707210938,0.0395370833575725
Reddit,The_Donald,1.09861228866811,0.4754640062156137,0.088901804030323,0.0325927399098873
Reddit,The_Donald,0.0,0.37576297914543,0.3260011123927158,0.0197185203433036
Reddit,The_Donald,0.0,0.1922739781759504,0.2244931248969972,0.0136242238804698
Reddit,The_Donald,0.0,0.5013451017304414,0.2895866831565921,0.9813640713691713
Reddit,The_Donald,0.0,0.1758362290462587,0.2232324496935096,0.9141866564750672
Reddit,The_Donald,0.0,0.2847629383366526,0.1707843300173235,0.8723292946815491
Reddit,The_Donald,0.693147180559945,0.3909257428636108,0.1132728237250196,0.0302060283720493
Reddit,The_Donald,0.693147180559945,0.3166088790569655,0.1178279731986263,0.4702930450439453
Reddit,The_Donald,0.0,0.2698176275440254,0.2667654106184527,0.1314752250909805
Reddit,The_Donald,0.0,0.3376519769387577,0.2435747656463434,0.1969159841537476
Reddit,The_Donald,0.0,0.1821924606234041,0.2658765368581985,0.0738639533519744
Reddit,The_Donald,0.0,0.2488564223770753,0.1658569311338594,0.3948758542537689
Reddit,The_Donald,0.0,0.4283691073423919,0.2685324104219629,0.488311767578125
Reddit,The_Donald,0.0,0.207082064554877,0.1446179896090462,0.0214030239731073
Reddit,The_Donald,0.693147180559945,0.3323414494029579,0.2022927899907588,0.1440817862749099
Reddit,The_Donald,0.693147180559945,0.4048968822773137,0.2305797330128433,0.7617313861846924
Reddit,The_Donald,0.0,0.3722736431590948,0.139623084102454,0.0264371987432241
Reddit,The_Donald,0.0,0.3514007634593967,0.2124895074903039,0.0238713901489973
Reddit,The_Donald,0.0,0.3236005878801827,0.1198912296846269,0.0647243484854698
Reddit,The_Donald,0.0,0.2506347365474634,0.3164085715632231,0.0216239243745803
Reddit,The_Donald,0.0,0.1527710593268987,0.1635089470017413,0.5735540986061096
Reddit,The_Donald,0.0,0.4212343802558787,0.2442403225398396,0.0374317169189453
Reddit,The_Donald,0.0,0.2525003115575877,0.101497082891134,0.0632216855883598
Reddit,The_Donald,1.09861228866811,0.4461229859225264,0.1570688900979422,0.1106007769703865
Reddit,The_Donald,1.09861228866811,0.3747203335238789,0.2099386342006553,0.7533373236656189
Reddit,The_Donald,0.693147180559945,0.4703354666138243,0.5549711643009285,0.9921213388442992
Reddit,The_Donald,0.0,0.3465621189899565,0.1122929044936067,0.0464852787554264
Reddit,The_Donald,1.09861228866811,0.4183281899354668,0.1160825889300761,0.4563923478126526
Reddit,The_Donald,0.0,0.1220088346955128,0.2762671046151475,0.024283904582262
Reddit,The_Donald,0.0,0.3173732478395465,0.1309207037558967,0.0342053174972534
Reddit,The_Donald,1.38629436111989,0.4664865689257894,0.2514464106802295,0.3576821088790893
Reddit,The_Donald,1.38629436111989,0.4956799248798676,0.2138275749139936,0.1224880367517471
Reddit,The_Donald,0.0,0.463145917371202,0.2353179722791682,0.045326329767704
Reddit,The_Donald,0.0,0.3616948531623787,0.2624198849297268,0.1875861138105392
Reddit,The_Donald,1.38629436111989,0.5729086526521984,0.1625780452340827,0.7650046348571777
Reddit,The_Donald,0.0,0.3903788718358162,0.2369535672135491,0.3118519484996796
Reddit,The_Donald,0.693147180559945,0.3591306125472024,0.1110271092014485,0.2934913039207458
Reddit,The_Donald,0.693147180559945,0.4453074075837741,0.3243186154225361,0.0547925904393196
Reddit,The_Donald,1.09861228866811,0.3541588455554132,0.0910319238917325,0.0238196216523647
Reddit,The_Donald,1.09861228866811,0.3851149164199023,0.1650215639272405,0.2437403053045273
Reddit,The_Donald,1.38629436111989,0.5033469765627198,0.2582481303108294,0.1484128534793853
Reddit,The_Donald,0.0,0.2868543160592248,0.3407589609003784,0.6963285207748413
Reddit,The_Donald,0.0,0.3677792366779572,0.1758971223114295,0.0232561416923999
Reddit,The_Donald,1.09861228866811,0.4100848213545249,0.1246532436502934,0.4368439614772797
Reddit,The_Donald,0.0,0.1399134474605817,0.222765273698648,0.5849115252494812
Reddit,The_Donald,0.0,0.2716427797471621,0.2158071094539534,0.1441558301448822
Reddit,The_Donald,0.0,0.4074085680491182,0.0978667340414792,0.0138479191809892
Reddit,The_Donald,0.0,0.3828338816820921,0.220480661259029,0.4816008806228638
Reddit,The_Donald,0.0,0.4286574923638693,0.1999229274389042,0.1374453753232956
Reddit,The_Donald,0.0,0.3638210167705056,0.228296482870054,0.0374180488288402
Reddit,The_Donald,0.0,0.3106359900033745,0.1264862395138299,0.1259685158729553
Reddit,The_Donald,0.0,0.4232809027073667,0.159660331615116,0.9822053313255308
Reddit,The_Donald,1.38629436111989,0.420753392050298,0.2101751043156058,0.1043766215443611
Reddit,The_Donald,0.0,0.4829355978180993,0.1055244572415357,0.0214188378304243
Reddit,The_Donald,0.0,0.3769851115084472,0.1074822509308164,0.0125334775075316
Reddit,The_Donald,0.0,0.3755298919594768,0.075673500926075,0.0366999730467796
Reddit,The_Donald,0.0,0.4022750156009037,0.3352393363696023,0.0317164584994316
Reddit,The_Donald,0.0,0.2429304770020535,0.2809500596175626,0.1250865459442138
Reddit,The_Donald,0.0,0.4605099712050124,0.2289743421646383,0.2032079398632049
Reddit,The_Donald,1.09861228866811,0.3800956020131952,0.2456744784337596,0.2954905927181244
Reddit,The_Donald,0.693147180559945,0.4126163963076249,0.1565709883861913,0.2878812849521637
Reddit,The_Donald,0.693147180559945,0.2987386121445095,0.1225965990441182,0.0530453771352768
Reddit,The_Donald,0.0,0.3227016984657424,0.1728841712191893,0.0553026534616947
Reddit,The_Donald,0.0,0.4247493161522419,0.2162196909733311,0.5253890156745911
Reddit,The_Donald,0.0,0.2566536062136431,0.0675623257437452,0.8637011051177979
Reddit,The_Donald,1.38629436111989,0.4865034424472891,0.2274026846187239,0.4914875030517578
Reddit,The_Donald,0.0,0.3866648476899915,0.13924629424884,0.4258248507976532
Reddit,The_Donald,0.0,0.1342350427405458,0.2644730442865093,0.2221059501171112
Reddit,The_Donald,0.693147180559945,0.4709574851540258,0.3101743941198572,0.6985455155372621
Reddit,The_Donald,1.38629436111989,0.5121866992158576,0.1394433116607671,0.9683340191841124
Reddit,The_Donald,1.38629436111989,0.4117102504091602,0.1603516240478714,0.7408778071403503
Reddit,The_Donald,0.0,0.2336386766143884,0.1182210780527094,0.0604847520589828
Reddit,The_Donald,0.0,0.2251709258409524,0.1962229641295012,0.0637684613466262
Reddit,The_Donald,0.693147180559945,0.3423643159552172,0.276106211645214,0.015840170904994
Reddit,The_Donald,0.0,0.3151893254677536,0.1372883736821862,0.0301235988736152
Reddit,The_Donald,1.38629436111989,0.4090136814643401,0.1736827134797753,0.0726277083158493
Reddit,The_Donald,1.09861228866811,0.4282064914822272,0.1234653943707675,0.1706660687923431
Reddit,The_Donald,0.0,0.3635188192528769,0.2863106762679157,0.0584048964083194
Reddit,The_Donald,0.0,0.2828534639186801,0.1548433159192685,0.1104576364159584
Reddit,The_Donald,0.693147180559945,0.5243635228976955,0.1419676657919514,0.0472037121653556
Reddit,The_Donald,1.79175946922805,0.4604038356953827,0.1766504999923457,0.2501684725284576
Reddit,The_Donald,0.0,0.2938659873692558,0.1430093468906443,0.2500720024108887
Reddit,The_Donald,0.0,0.5008553031971069,0.2282793363309406,0.2667156159877777
Reddit,The_Donald,1.09861228866811,0.4837547089921371,0.1751421259937228,0.1574548780918121
Reddit,The_Donald,0.0,0.3298580705969082,0.1185191929131301,0.016693765297532
Reddit,The_Donald,1.09861228866811,0.5298905384896471,0.1905356777844132,0.8488332033157349
Reddit,The_Donald,0.0,0.1611208959534687,0.2394132476588628,0.0878828987479209
Reddit,The_Donald,1.09861228866811,0.4892411393545964,0.1435226163607091,0.0454886071383953
Reddit,The_Donald,1.79175946922805,0.5231359568888453,0.2401757511510088,0.9883153438568116
Reddit,The_Donald,0.0,0.3291382688459034,0.1075650208809716,0.2484846711158752
Reddit,The_Donald,0.0,0.2890941720663458,0.1477245669166621,0.0749326199293136
Reddit,The_Donald,0.0,0.3420754233779183,0.0414559583411608,0.0360342301428318
Reddit,The_Donald,0.0,0.4401491681673864,0.269351304276173,0.7654297351837158
Reddit,The_Donald,1.38629436111989,0.577962727460666,0.2774916072097285,0.9500392079353333
Reddit,The_Donald,0.693147180559945,0.4836277233698661,0.1930834186510677,0.1326215714216232
Reddit,The_Donald,0.0,0.2817297191834128,0.2789876703890466,0.0509270131587982
Reddit,The_Donald,0.693147180559945,0.2639340387263411,0.0941463686976538,0.03932336717844
Reddit,The_Donald,0.0,0.2260604697912739,0.192622968542585,0.0506026595830917
Reddit,The_Donald,0.0,0.3041400927175741,0.0944684006351601,0.0343985483050346
Reddit,The_Donald,0.693147180559945,0.4004857745724848,0.1949330976953067,0.008652894757688
Reddit,The_Donald,0.0,0.3618114284551117,0.1716157679937758,0.4642249643802643
Reddit,The_Donald,0.0,0.3174865264098804,0.133816279493438,0.9514349699020386
Reddit,The_Donald,0.693147180559945,0.4193672814905423,0.1910637879224728,0.0418089777231216
Reddit,The_Donald,1.09861228866811,0.5775338385237003,0.1896895488192486,0.7637072205543518
Reddit,The_Donald,0.0,0.4727452689374584,0.1469642953953446,0.1885115057229996
Reddit,The_Donald,0.693147180559945,0.4098826850212024,0.2027766302537095,0.0582209713757038
Reddit,The_Donald,0.0,0.3331189498147526,0.2555304171233772,0.0173646602779626
Reddit,The_Donald,0.0,0.3835592278348083,0.1853067963786179,0.1855498552322388
Reddit,The_Donald,0.693147180559945,0.4510243090903737,0.1322272648306145,0.488806426525116
Reddit,The_Donald,0.0,0.3314471918324161,0.1378231284935017,0.0332660935819149
Reddit,The_Donald,0.693147180559945,0.3737815078980029,0.2614940372644929,0.971805453300476
Reddit,The_Donald,0.0,0.2871720077174763,0.2436154659455597,0.0185501500964164
Reddit,The_Donald,0.0,0.5202664247928648,0.1295086968004224,0.0255493726581335
Reddit,The_Donald,0.693147180559945,0.3384369511057995,0.0549858269426107,0.0815785825252533
Reddit,The_Donald,0.0,0.0,0.3252255761203879,0.9942691326141356
Reddit,The_Donald,0.0,0.3152765523383217,0.0931680558738233,0.4054864645004273
Reddit,The_Donald,0.693147180559945,0.5126430223558107,0.2597183666205189,0.3842225074768065
Reddit,The_Donald,0.0,0.3016746792517154,0.1813071319142153,0.4320862591266632
Reddit,The_Donald,1.38629436111989,0.4503370420443866,0.2195410580444306,0.0188763383775949
Reddit,The_Donald,0.693147180559945,0.4197053598117409,0.0467763152096993,0.0311414934694767
Reddit,The_Donald,0.0,0.3874287726229214,0.165203998987702,0.2553818821907043
Reddit,The_Donald,0.0,0.4489214282234103,0.1810153144842929,0.0156330130994319
Reddit,The_Donald,0.693147180559945,0.3059124963849179,0.2290052284868432,0.0834336429834365
Reddit,The_Donald,1.09861228866811,0.309840048043749,0.1605886463613928,0.1360457986593246
Reddit,The_Donald,0.0,0.3202256555323328,0.2244232626266467,0.9517604112625122
Reddit,The_Donald,0.693147180559945,0.3396105948034431,0.1343276838013564,0.0262789502739906
Reddit,The_Donald,0.693147180559945,0.4158355784635175,0.0390838611823398,0.080583706498146
Reddit,The_Donald,0.0,0.3106116352908453,0.194257598674309,0.0313353613018989
Reddit,The_Donald,0.0,0.1909800679175838,0.288507281220441,0.9059562683105468
Reddit,The_Donald,0.0,0.3542965838031855,0.0921813923054419,0.1286756247282028
Reddit,The_Donald,0.0,0.2687309533910081,0.1654603357586558,0.0518376156687736
Reddit,The_Donald,0.0,0.3748649769707897,0.250754424308069,0.5199159979820251
Reddit,The_Donald,1.09861228866811,0.4375148918724215,0.1942095387265526,0.9817596673965454
Reddit,The_Donald,0.693147180559945,0.2179515553889193,0.1877479537115829,0.0457694828510284
Reddit,The_Donald,0.693147180559945,0.3597989789583829,0.1752010139064209,0.0300590321421623
Reddit,The_Donald,0.0,0.4325928214877387,0.4353517050211856,0.5322122573852539
Reddit,The_Donald,0.0,0.3634180259480237,0.331511794750978,0.0292200054973363
Reddit,The_Donald,4.14313472639153,0.5240226190390174,0.1749434965324731,0.8920500874519348
Reddit,The_Donald,0.0,0.3826706797064847,0.3249158181543135,0.1211125254631042
Reddit,The_Donald,3.73766961828337,0.5087879501272792,0.1059234822563881,0.3718369603157044
Reddit,The_Donald,0.0,0.2262018311854028,0.1154134336830971,0.2107878625392913
Reddit,The_Donald,0.0,0.1354482112844414,0.1904484857088189,0.6273882389068604
Reddit,The_Donald,0.0,0.3336133130191513,0.1921884990352613,0.1020525395870208
Reddit,The_Donald,0.693147180559945,0.3507421298938566,0.1584617165140222,0.1699242889881134
Reddit,The_Donald,1.38629436111989,0.4199883218156531,0.163303152858095,0.2008643895387649
Reddit,The_Donald,0.0,0.2188551446802444,0.2491442845565216,0.0339705869555473
Reddit,The_Donald,0.0,0.4602196598890805,0.3580841853834122,0.0347281582653522
Reddit,The_Donald,1.6094379124341005,0.4314299718611007,0.2307881054943925,0.3010987639427185
Reddit,The_Donald,0.0,0.2581053844513878,0.3288030837676628,0.0302170030772686
Reddit,The_Donald,1.09861228866811,0.4094364595551636,0.0991338743098459,0.9868258833885192
Reddit,The_Donald,0.0,0.3538949896988231,0.2217817323557332,0.0178470648825168
Reddit,The_Donald,0.0,0.3340439063320164,0.1882863738163672,0.0603793859481811
Reddit,The_Donald,0.0,0.2532153939833148,0.0550492302977779,0.1332380622625351
Reddit,The_Donald,0.693147180559945,0.3411486493134615,0.0889107290585998,0.1725391298532486
Reddit,The_Donald,0.0,0.2895802947545284,0.1144206956742206,0.0320043377578258
Reddit,The_Donald,1.09861228866811,0.3527007870670178,0.1358585282380198,0.9491406083106996
Reddit,The_Donald,0.0,0.2566948746505951,0.0229222098263146,0.0406446009874343
Reddit,The_Donald,0.0,0.3505334329257134,0.3011035893814565,0.0301759857684373
Reddit,The_Donald,0.0,0.1525431413863684,0.2856218448066414,0.9241324663162231
Reddit,The_Donald,0.0,0.4432704333020132,0.2429870839250266,0.0517361685633659
Reddit,The_Donald,0.0,0.0,0.3330486246575126,0.0603718496859073
Reddit,The_Donald,0.693147180559945,0.2866770076817815,0.097300785371832,0.0149585688486695
Reddit,The_Donald,0.0,0.2188421212995979,0.2571306436270408,0.0340318419039249
Reddit,The_Donald,0.0,0.3916240834576887,0.100878952812433,0.0114306882023811
Reddit,The_Donald,0.0,0.0,0.3298716376129453,0.5499328970909119
Reddit,The_Donald,0.0,0.2688777336942207,-0.0161491573371291,0.0391446501016616
Reddit,The_Donald,0.0,0.3982546070916422,0.2290520085466968,0.3380688428878784
Reddit,The_Donald,0.693147180559945,0.3143192371697595,0.1390481808377499,0.7656987905502319
Reddit,The_Donald,0.0,0.3140908755858543,0.0668010690256949,0.3271322250366211
Reddit,The_Donald,0.693147180559945,0.5439949968549711,0.2460910043748087,0.0728874132037162
Reddit,The_Donald,1.09861228866811,0.4327528338326751,0.1850387404092013,0.2346681356430053
Reddit,The_Donald,0.0,0.3615762217297794,0.1002544531353519,0.0205324962735176
Reddit,The_Donald,0.0,0.4327889180710735,0.1727294601584267,0.0456030964851379
Reddit,The_Donald,0.0,0.3237325191363497,0.0362962871557072,0.0342940427362918
Reddit,The_Donald,0.0,0.3031549788406437,0.1706517911225812,0.0274808946996927
Reddit,The_Donald,0.693147180559945,0.3561732034902132,0.1594217864778802,0.1439809799194336
Reddit,The_Donald,0.0,0.2601377634792316,0.3022041257486219,0.0591257065534591
Reddit,The_Donald,0.693147180559945,0.3877396681259462,0.2283574689266675,0.083865649998188
Reddit,The_Donald,1.6094379124341005,0.5182115438449988,0.1618149508294478,0.983050525188446
Reddit,The_Donald,0.0,0.3281955057478203,0.3624025559923773,0.0290000792592763
Reddit,The_Donald,0.0,0.4090374005581396,0.2903465099408711,0.2170614153146744
Reddit,The_Donald,0.693147180559945,0.3785892996187411,0.1786969656896925,0.1336322575807571
Reddit,The_Donald,0.0,0.2848410808863235,0.1508459123325832,0.0246980134397745
Reddit,The_Donald,0.693147180559945,0.3018746214390572,0.2289551861840138,0.9852226376533508
Reddit,The_Donald,0.0,0.2333086873683862,0.1805720472633854,0.1093460917472839
Reddit,The_Donald,0.0,0.1436315437669346,0.2429318331211084,0.05677530169487
Reddit,The_Donald,0.693147180559945,0.3651493551312454,0.0902042773716856,0.0277939736843109
Reddit,The_Donald,1.38629436111989,0.4554590383819724,0.1217682573176059,0.0603840015828609
Reddit,The_Donald,0.0,0.3287027696372565,0.2938752303820952,0.0393423549830913
Reddit,The_Donald,0.0,0.1385397019861686,0.2131694312417691,0.2888142466545105
Reddit,The_Donald,0.0,0.2671033305044489,0.1939338420299132,0.007581144105643
Reddit,The_Donald,1.09861228866811,0.4228294430540811,0.1432295093829104,0.0187349244952201
Reddit,The_Donald,0.693147180559945,0.4282455820135051,0.1459371628945409,0.0232452359050512
Reddit,The_Donald,1.09861228866811,0.4412903675398593,0.2089773606252966,0.4881497323513031
Reddit,The_Donald,0.693147180559945,0.3411303445297587,0.1113851783905183,0.0452571250498294
Reddit,The_Donald,0.0,0.1858713489157841,0.1344423436804138,0.0623802207410335
Reddit,The_Donald,0.0,0.384773977535057,0.2359278525336852,0.0248660426586866
Reddit,The_Donald,0.0,0.426730679922608,0.1274783854013668,0.0264732036739587
Reddit,The_Donald,0.693147180559945,0.4309553978615838,0.1459036998705689,0.0240633506327867
Reddit,The_Donald,0.0,0.4989470378481776,0.1265017312890366,0.0624290965497493
Reddit,The_Donald,0.0,0.2862862285453776,0.3003009408730778,0.135616198182106
Reddit,The_Donald,0.0,0.2747486751614532,0.0967097304452382,0.0179555620998144
Reddit,The_Donald,0.0,0.3670053760519284,0.2765697325969799,0.1009174957871437
Reddit,The_Donald,0.0,0.2774417142497107,0.1912433544972441,0.0832475572824478
Reddit,The_Donald,0.693147180559945,0.3869827091434222,0.2029360041419745,0.5488928556442261
Reddit,The_Donald,0.693147180559945,0.4052870588277741,0.1308696996804196,0.5340982675552368
Reddit,The_Donald,0.0,0.3777812081398036,0.1171181573799635,0.1435149610042572
Reddit,The_Donald,0.0,0.3202721564947269,0.1435152916207446,0.0279426500201225
Reddit,The_Donald,1.6094379124341005,0.5667813813821079,0.1168578324371774,0.956539750099182
Reddit,The_Donald,0.0,0.2137332311235784,0.1583856587587319,0.10065458714962
Reddit,The_Donald,0.693147180559945,0.4835452634199828,0.1956167287552999,0.9283536076545716
Reddit,The_Donald,0.693147180559945,0.4153215782999622,0.2168085788950492,0.1146874353289604
Reddit,The_Donald,0.693147180559945,0.3244937769185548,0.0886006193283592,0.0117511106655001
Reddit,The_Donald,0.693147180559945,0.4120529190834041,0.3811637082151313,0.0611960887908935
Reddit,The_Donald,0.0,0.2593884044891403,0.2045366496013406,0.053668912500143
Reddit,The_Donald,0.693147180559945,0.2844965712360904,0.1887554276508708,0.9416123628616332
Reddit,The_Donald,0.0,0.3932285013082625,0.1268976204534644,0.8509802222251892
Reddit,The_Donald,0.693147180559945,0.2746598128314926,0.0926658732371673,0.4918142259120941
Reddit,The_Donald,1.94591014905531,0.4570139902916573,0.25398224240573,0.8727835416793823
Reddit,The_Donald,0.693147180559945,0.4172154542717612,0.1606977888853317,0.1627685278654098
Reddit,The_Donald,0.0,0.2816675870995786,0.2773920502651167,0.0170109178870916
Reddit,The_Donald,0.0,0.3785041516719421,0.1933786579255963,0.015776377171278
Reddit,The_Donald,1.09861228866811,0.2854360737850303,0.321323427335049,0.4999755918979645
Reddit,The_Donald,0.0,0.2994655053317629,0.2899037625817717,0.5199459791183472
Reddit,The_Donald,0.693147180559945,0.1094462070862675,0.1909817029617327,0.6584824323654175
Reddit,The_Donald,0.0,0.3950386758532763,0.1441758132203647,0.0088226897642016
Reddit,The_Donald,0.0,0.2257532073135401,0.1025952662790239,0.0612314492464065
Reddit,The_Donald,0.0,0.4540959616562238,0.1376974993844349,0.0426578335464
Reddit,The_Donald,0.0,0.463621322671805,0.2671643213121959,0.018979812040925
Reddit,The_Donald,0.693147180559945,0.3049256647196297,0.1892213107618864,0.0336210466921329
Reddit,The_Donald,0.693147180559945,0.2069059401559005,0.1269480625845445,0.1744029372930526
Reddit,The_Donald,0.693147180559945,0.3862658397694049,0.2126322866481832,0.6644840836524963
Reddit,The_Donald,0.693147180559945,0.395533711176401,0.236970275308828,0.0930687263607978
Reddit,The_Donald,1.09861228866811,0.3484916077720702,0.1495108430828695,0.0304220356047153
Reddit,The_Donald,0.693147180559945,0.5161362532296353,0.2281325598917039,0.0669751316308975
Reddit,The_Donald,0.0,0.3107876755241943,0.2180047600981647,0.0345718041062355
Reddit,The_Donald,0.693147180559945,0.369865349524831,0.2495805070158711,0.0591716393828392
Reddit,The_Donald,0.0,0.3053222486651198,0.134384901163389,0.0238193329423666
Reddit,The_Donald,0.0,0.1758078854821307,0.1881046682915166,0.3178201019763946
Reddit,The_Donald,0.0,0.1394727656884554,0.2307665195836405,0.0405710823833942
Reddit,The_Donald,0.0,0.2864510402747026,0.125264121006709,0.9744291305541992
Reddit,The_Donald,0.693147180559945,0.4021654379368101,0.1533116459611144,0.0836125314235687
Reddit,The_Donald,0.0,0.3738680570548958,0.3128169958644619,0.9298309087753296
Reddit,The_Donald,1.09861228866811,0.2653210175476113,0.1991799309562206,0.1856390386819839
Reddit,The_Donald,0.0,0.3273459378738076,0.2390595386136215,0.0433447994291782
Reddit,The_Donald,0.0,0.339038756214808,0.1388456608123088,0.0547512657940387
Reddit,The_Donald,0.693147180559945,0.4231357949697877,0.1550690412561008,0.0383792407810688
Reddit,The_Donald,0.693147180559945,0.4457269113962511,0.2468238261379067,0.1746717244386673
Reddit,The_Donald,0.693147180559945,0.3522081071069902,0.0347562738833122,0.0177112612873315
Reddit,The_Donald,0.0,0.2626328416774062,0.2769194196721414,0.1687529534101486
Reddit,The_Donald,0.693147180559945,0.4427591436896401,0.2307784414411093,0.1099799051880836
Reddit,The_Donald,0.0,0.4708669174202839,0.3266900591371141,0.2453914880752563
Reddit,The_Donald,0.0,0.2494114377501151,0.2338200657693166,0.4636071026325226
Reddit,The_Donald,0.693147180559945,0.2010794201293863,0.2089784687554669,0.8509476780891418
Reddit,The_Donald,0.0,0.3755529921035373,0.1937316417297051,0.0630417168140411
Reddit,The_Donald,0.693147180559945,0.4082696669097613,0.1739487309266801,0.0442488566040992
Reddit,The_Donald,0.693147180559945,0.3804857677196266,0.0577963864021549,0.0357034131884574
Reddit,The_Donald,0.0,0.4100747754617638,0.2735754475821406,0.0198370870202779
Reddit,The_Donald,1.38629436111989,0.3518896973027865,0.1880760063311393,0.2289744466543197
Reddit,The_Donald,0.0,0.3286935038833568,0.146244235105783,0.0154178766533732
Reddit,The_Donald,0.693147180559945,0.3756670758928045,0.205008571654179,0.3730619251728058
Reddit,The_Donald,0.0,0.4035274685793212,-0.0244154238012097,0.0791360065340995
Reddit,The_Donald,0.0,0.28692014149911,0.20362262023867,0.0667436867952346
Reddit,The_Donald,0.693147180559945,0.288169483415082,0.1216840490914319,0.1319095939397812
Reddit,The_Donald,0.0,0.2842389070056814,0.2543621494236503,0.0263776946812868
Reddit,The_Donald,1.09861228866811,0.4252718855231193,0.0633071910280868,0.014601913280785
Reddit,The_Donald,0.693147180559945,0.3500730818417956,0.2231304303506713,0.2777470052242279
Reddit,The_Donald,0.0,0.3989279340819561,0.2487951782610811,0.0857746377587318
Reddit,The_Donald,0.693147180559945,0.3348891074138371,0.1748634386315851,0.0331664495170116
Reddit,The_Donald,1.38629436111989,0.4969154617966521,0.1738678189346592,0.2517713904380798
Reddit,The_Donald,0.0,0.4401356579620815,0.1138505778539832,0.9724135398864746
Reddit,The_Donald,0.0,0.1661108691823738,0.2495058206730023,0.0336416214704513
Reddit,The_Donald,0.693147180559945,0.3027158519822908,0.1964070014741551,0.1239901855587959
Reddit,The_Donald,0.693147180559945,0.3061776881097711,0.2468741604880727,0.91594260931015
Reddit,The_Donald,1.09861228866811,0.3072192131255937,0.227946113049236,0.8364907503128052
Reddit,The_Donald,0.693147180559945,0.4939657960931121,0.2188736103600631,0.9422730207443236
Reddit,The_Donald,1.38629436111989,0.4442880734587761,0.1939591177696812,0.8734164834022522
Reddit,The_Donald,1.79175946922805,0.5238227849058488,0.1937357125611926,0.7532647252082825
Reddit,The_Donald,0.0,0.247552001715839,0.1541819476035711,0.0191838387399911
Reddit,The_Donald,1.09861228866811,0.5409582618813363,0.2039959735074741,0.0488510318100452
Reddit,The_Donald,0.0,0.3211771301338801,0.0786839818410215,0.0205158554017543
Reddit,The_Donald,0.693147180559945,0.3097059021261859,0.1351446153166924,0.037467885762453
Reddit,The_Donald,0.693147180559945,0.4137300001297131,0.058492688226312,0.2842546701431274
Reddit,The_Donald,1.6094379124341005,0.5261765697316836,0.2266336450912305,0.9296272993087769
Reddit,The_Donald,0.693147180559945,0.4111516240068861,0.3420552881124579,0.7284533381462097
Reddit,The_Donald,0.0,0.3472852766200899,0.1634494562803533,0.8419159650802612
Reddit,The_Donald,0.0,0.2028822482418663,0.2488110437048377,0.0883500725030899
Reddit,The_Donald,0.693147180559945,0.3111003551432766,0.1548863513814777,0.2321572303771973
Reddit,The_Donald,0.0,0.3059157458508139,0.171397129524538,0.1323230117559433
Reddit,The_Donald,0.693147180559945,0.1151852761660519,0.2405518739236339,0.1203656271100044
Reddit,The_Donald,1.38629436111989,0.3647000780201136,0.1297800231212043,0.4852420687675476
Reddit,The_Donald,0.693147180559945,0.4488634869004027,0.0694360310614473,0.0240306444466114
Reddit,The_Donald,1.09861228866811,0.3405236562179137,0.1388436197203296,0.0137534411624073
Reddit,The_Donald,0.693147180559945,0.4548045486949865,0.161459420958248,0.3067095279693603
Reddit,The_Donald,0.0,0.4227823255486701,0.0882572814823716,0.0332667790353298
Reddit,The_Donald,1.09861228866811,0.392794675311761,0.3674641431790528,0.0984724760055542
Reddit,The_Donald,0.0,0.3180795061390648,0.1433583097545114,0.0156329907476902
Reddit,The_Donald,0.0,0.2135265714612457,0.3232023766141451,0.6759010553359985
Reddit,The_Donald,1.09861228866811,0.4857390118459311,0.1841530366072057,0.3874021172523498
Reddit,The_Donald,1.38629436111989,0.4916432334746403,0.2580662801450905,0.2291691601276397
Reddit,The_Donald,0.693147180559945,0.4143695638550357,0.1633330709730235,0.4082249701023102
Reddit,The_Donald,0.0,0.5893023744150625,0.1202594661578369,0.9524242281913756
Reddit,The_Donald,0.693147180559945,0.4204000260092362,0.1579433024941541,0.0260633360594511
Reddit,The_Donald,1.6094379124341005,0.538414930413484,0.1627334305785197,0.9727771878242492
Reddit,The_Donald,0.693147180559945,0.2998793338733431,0.1988348554824135,0.9503900408744812
Reddit,The_Donald,0.0,0.1925020165253811,0.211730524332121,0.0225535184144973
Reddit,The_Donald,0.693147180559945,0.3177842475134206,0.2961303857485825,0.1334009766578674
Reddit,The_Donald,0.0,0.4207130902811593,0.1948146607025871,0.0221862569451332
Reddit,The_Donald,1.09861228866811,0.3961095951135562,0.1723046522433317,0.4649253785610199
Reddit,The_Donald,1.09861228866811,0.4364804649890936,0.1406668433675227,0.017291123047471
Reddit,The_Donald,1.6094379124341005,0.4617003779705076,0.1664514477438233,0.7372632026672363
Reddit,The_Donald,0.0,0.4125074436075721,0.3005281516215949,0.5125650763511658
Reddit,The_Donald,1.09861228866811,0.5555463383620033,0.1608452265415496,0.5394442081451416
Reddit,The_Donald,1.38629436111989,0.6320851544912097,0.2678778786128453,0.9663134813308716
Reddit,The_Donald,0.693147180559945,0.447457364589701,0.2051006051305329,0.7269989252090454
Reddit,The_Donald,0.0,0.2990647290333606,0.2440834082197847,0.0605374686419963
Reddit,The_Donald,0.0,0.3467478876960219,0.2389443085430579,0.53730309009552
Reddit,The_Donald,0.693147180559945,0.3603232454385923,0.3256885899080015,0.0282509624958038
Reddit,The_Donald,0.693147180559945,0.4711798591640718,0.1956522058388938,0.7495359182357788
Reddit,The_Donald,0.0,0.2698899414133038,0.0445598265735871,0.3089876472949981
Reddit,The_Donald,1.09861228866811,0.3487169595627439,0.1560717779185145,0.6326776146888733
Reddit,The_Donald,0.0,0.1475232377810759,0.2559645551578378,0.5523188710212708
Reddit,The_Donald,0.693147180559945,0.1512708037786111,0.2274835059333684,0.3052242696285248
Reddit,The_Donald,2.94443897916644,0.50993375007734,0.1883195830741778,0.453374981880188
Reddit,The_Donald,0.0,0.4270599444587376,0.2150439967163373,0.0438258200883865
Reddit,The_Donald,0.0,0.2469619294875195,0.085114543120818,0.1845279484987259
Reddit,The_Donald,1.09861228866811,0.4354230563496519,0.1288870221775957,0.198769524693489
Reddit,The_Donald,0.0,0.2612445881259078,0.151386278884561,0.3886365294456482
Reddit,The_Donald,0.0,0.2617810965399237,0.2092815419107774,0.0202838815748691
Reddit,The_Donald,0.0,0.2500502292199635,0.0883748496188103,0.4182356595993042
Reddit,The_Donald,0.0,0.2304801908709657,0.1967297986006339,0.1833616644144058
Reddit,The_Donald,0.0,0.0667219913053895,0.303052924556448,0.0246144160628318
Reddit,The_Donald,0.0,0.3819726425021791,0.1876394496404535,0.1729857623577118
Reddit,The_Donald,0.0,0.1853745062927983,0.3591591790052505,0.9912537932395936
Reddit,The_Donald,0.0,0.1436908738393273,0.2083423703863552,0.8179389834403992
Reddit,The_Donald,0.0,0.1759441084518649,0.4012702879064861,0.8851012587547302
Reddit,The_Donald,0.693147180559945,0.3311685311477235,0.1496050199718457,0.0156335923820734
Reddit,The_Donald,0.693147180559945,0.3278082762605007,0.2120314317432813,0.2691559493541717
Reddit,The_Donald,0.0,0.3984071768169253,0.1564008010440565,0.6884106993675232
Reddit,The_Donald,0.693147180559945,0.4593143480174271,0.1348262961434049,0.9942497014999392
Reddit,The_Donald,1.09861228866811,0.4587054645652689,0.2289787845364579,0.6516361236572266
Reddit,The_Donald,0.0,0.3738065850254859,0.1783094928076629,0.0091133741661906
Reddit,The_Donald,0.0,0.236014062895771,0.2851845533178337,0.1280666440725326
Reddit,The_Donald,0.0,0.2552195117687139,0.2001860582997645,0.3909585773944855
Reddit,The_Donald,0.693147180559945,0.3408008874010638,0.1159786455858872,0.016051648184657
Reddit,The_Donald,0.0,0.4553825931322907,0.1088458249704117,0.3157665431499481
Reddit,The_Donald,0.693147180559945,0.4179184653364961,0.2191823563765749,0.2982251346111297
Reddit,The_Donald,2.30258509299405,0.5018872646277074,0.1733229453130965,0.7728163599967957
Reddit,The_Donald,0.0,0.3236222956524459,0.2445421205397228,0.2652291953563689
Reddit,The_Donald,0.0,0.401511847189933,0.1771082500000622,0.4255363941192627
Reddit,The_Donald,0.693147180559945,0.3999070988959278,0.1919655479241613,0.212334543466568
Reddit,The_Donald,0.0,0.2733911191802761,0.1280677688677511,0.0509005263447761
Reddit,The_Donald,0.693147180559945,0.3981792088473041,0.1739899248416409,0.1480410993099212
Reddit,The_Donald,0.0,0.4704217564969698,0.2089173999903106,0.960265338420868
Reddit,The_Donald,1.6094379124341005,0.4069682708163951,0.1938035707384559,0.2794398367404938
Reddit,The_Donald,0.693147180559945,0.3170849364500008,0.0584707064491116,0.048787273466587
Reddit,The_Donald,0.0,0.2430698399308129,0.1208865152355075,0.8576518893241882
Reddit,The_Donald,1.09861228866811,0.4126520767904132,0.0946711168521181,0.0090449154376983
Reddit,The_Donald,0.0,0.4038159734313105,0.1332990619970415,0.0088809030130505
Reddit,The_Donald,1.09861228866811,0.3323097051384533,0.1635831298462501,0.0301894191652536
Reddit,The_Donald,0.0,0.2712855773186439,0.2502876416952775,0.0857490450143814
Reddit,The_Donald,0.693147180559945,0.3310566444635336,0.2274953414994437,0.4274220168590545
Reddit,The_Donald,0.0,0.5595392785686409,0.3256445635661437,0.0436137840151786
Reddit,The_Donald,0.0,0.3464839330486101,0.3224085387142938,0.0556053407490253
Reddit,The_Donald,0.0,0.4468537399794485,0.2116245038380738,0.06910040974617
Reddit,The_Donald,0.693147180559945,0.3655994739329053,0.2294772614233285,0.1224416717886924
Reddit,The_Donald,0.693147180559945,0.3887192120768898,0.2509511869922239,0.2787149250507355
Reddit,The_Donald,0.0,0.1615599398934208,0.1737703569585969,0.0612959079444408
Reddit,The_Donald,1.09861228866811,0.4370512038576324,0.1371749069404203,0.1338521391153335
Reddit,The_Donald,0.693147180559945,0.4233700856222553,0.2607125336918423,0.0685524344444274
Reddit,The_Donald,0.693147180559945,0.3268313006860153,0.1973431783412564,0.2327732443809509
Reddit,The_Donald,0.0,0.3883626959650033,0.132557300152935,0.0471646748483181
Reddit,The_Donald,0.0,0.3389260131182853,0.1117018843820959,0.0077165546827018
Reddit,The_Donald,0.693147180559945,0.3828018948355679,0.2212639457147108,0.0686066001653671
Reddit,The_Donald,0.693147180559945,0.4134416305186728,0.1089755436982199,0.0636206194758415
Reddit,The_Donald,0.0,0.3886485194820214,0.1459455304142133,0.0306954532861709
Reddit,The_Donald,0.0,0.3527688364184403,0.3766363467535671,0.023886440321803
Reddit,The_Donald,0.0,0.2996482275970855,0.1958474532584295,0.089113637804985
Reddit,The_Donald,0.0,0.436712130745542,0.1795740817736444,0.9540953636169434
Reddit,The_Donald,0.0,0.1987745754170495,0.3046499324478704,0.4137009978294373
Reddit,The_Donald,0.0,0.2494114377501151,0.2338200657693166,0.4636071026325226
Reddit,The_Donald,0.0,0.2805789789898237,0.2544427229403897,0.0724297612905502
Reddit,The_Donald,0.0,0.3478069937152208,0.1766141041141423,0.1686522364616394
Reddit,The_Donald,0.693147180559945,0.4740892835028968,0.16169020801194,0.8236972689628601
Reddit,The_Donald,0.0,0.4175669970053353,0.2779725121232426,0.0246701259166002
Reddit,The_Donald,0.0,0.3873997528434518,0.2371327977455978,0.0206014961004257
Reddit,The_Donald,0.0,0.3237356787431386,0.1963953571437621,0.9910922646522522
Reddit,The_Donald,0.0,0.3765119114449354,0.2597848865900076,0.0564149916172027
Reddit,The_Donald,1.6094379124341005,0.5293060145406944,0.1923966455602595,0.0562282353639602
Reddit,The_Donald,0.0,0.4232004441604173,0.3557171590066676,0.7108355760574341
Reddit,The_Donald,0.0,0.3028911813970993,0.1277519630494786,0.680237352848053
Reddit,The_Donald,0.0,0.1642438964576249,0.2980737564235449,0.5150388479232788
Reddit,The_Donald,0.693147180559945,0.4528771674030786,0.2392190356209816,0.2866983115673065
Reddit,The_Donald,0.693147180559945,0.4633211704957045,0.1469349068459879,0.1481566429138183
Reddit,The_Donald,0.693147180559945,0.4714920981436485,0.1277990922872973,0.0700196474790573
Reddit,The_Donald,1.6094379124341005,0.3490367519557891,0.0470069590150544,0.2640609741210937
Reddit,The_Donald,0.0,0.3447997536728784,0.1387804569087475,0.0109483981505036
Reddit,The_Donald,0.0,0.3477585958087897,0.1703759568188648,0.1874323636293411
Reddit,The_Donald,0.0,0.358003488600996,0.1499390605791037,0.0195478592067956
Reddit,The_Donald,0.0,0.3561520732905664,0.0696588370532557,0.0368300415575504
Reddit,The_Donald,0.693147180559945,0.3768425159983805,0.2276076733575793,0.0241395086050033
Reddit,The_Donald,2.30258509299405,0.5241499486323421,0.2395476944189737,0.9940701127052308
Reddit,The_Donald,0.0,0.1425006510627154,0.2268858895184711,0.0847512036561966
Reddit,The_Donald,0.0,0.4162355293156249,0.1337689168507944,0.0371039062738418
Reddit,The_Donald,0.693147180559945,0.4677631363629385,0.1652554491018098,0.9291315078735352
Reddit,The_Donald,0.0,0.1829429181370489,0.1691575467100426,0.0336354933679103
Reddit,The_Donald,0.693147180559945,0.324554759731203,0.1544852697954851,0.0134025048464536
Reddit,The_Donald,1.09861228866811,0.3085950637877548,0.2837263584628381,0.0475822314620018
Reddit,The_Donald,0.0,0.378774072003968,0.2747155184948654,0.8611642718315125
Reddit,The_Donald,0.0,0.3338702482994399,0.1880228807700609,0.128947451710701
Reddit,The_Donald,0.693147180559945,0.4353821714612871,0.1525710697335782,0.1306881308555603
Reddit,The_Donald,0.0,0.1680808906512941,0.2917335040796107,0.0943887904286384
Reddit,The_Donald,0.0,0.0,0.1780163613088587,0.3007354736328125
Reddit,The_Donald,0.693147180559945,0.4366162864083264,0.2065798552910728,0.9870249032974244
Reddit,The_Donald,0.0,0.3968766954584229,0.1551602011841212,0.0351170599460601
Reddit,The_Donald,0.693147180559945,0.4659076900202589,0.394023336783885,0.0833330154418945
Reddit,The_Donald,0.0,0.3659197899331718,0.1171557594745749,0.2263935208320617
Reddit,The_Donald,0.693147180559945,0.3841389667879339,0.1981698792585947,0.0514216497540473
Reddit,The_Donald,0.0,0.1616933165332306,0.2033433329766689,0.1394100189208984
Reddit,The_Donald,1.09861228866811,0.4125724077034984,0.1781428588890157,0.3698612749576569
Reddit,The_Donald,0.0,0.2729241365353393,0.2176098115210285,0.6614029407501221
Reddit,The_Donald,0.0,0.1719590900311257,0.276862259155898,0.6465457677841187
Reddit,The_Donald,0.0,0.3702679107260344,0.1281279257597496,0.0132830338552594
Reddit,The_Donald,0.0,0.3757900385675993,0.1267426345374305,0.037115704268217
Reddit,The_Donald,0.0,0.4015396942432349,0.3684777477564223,0.9117532968521118
Reddit,The_Donald,0.693147180559945,0.4418864658408804,0.1223334754324499,0.037354476749897
Reddit,The_Donald,0.0,0.4631781217779441,0.1492789184002652,0.1554882675409317
Reddit,The_Donald,0.0,0.2219462414129775,0.1781151325455656,0.9362291097640992
Reddit,The_Donald,0.0,0.280895898667483,0.2356199286103629,0.0959657877683639
Reddit,The_Donald,0.0,0.2865702680189505,0.2796111914408534,0.0646204277873039
Reddit,The_Donald,0.693147180559945,0.1523678061022843,0.1075167614791076,0.4610053300857544
Reddit,The_Donald,0.693147180559945,0.1460533776272691,0.2423942246313182,0.6597660779953003
Reddit,The_Donald,0.0,0.2667040955272757,0.2433804809295469,0.0149807520210742
Reddit,The_Donald,0.0,0.2692871414421734,0.2280990258288209,0.0156900417059659
Reddit,The_Donald,0.0,0.2319464372542942,0.0392452517669929,0.0702036246657371
Reddit,The_Donald,0.0,0.2474059699516937,0.2069760548735992,0.177714005112648
Reddit,The_Donald,1.6094379124341005,0.4200709877101826,0.2724687447172347,0.9693761467933656
Reddit,The_Donald,0.693147180559945,0.4337063899985718,0.2190572228478542,0.0440014563500881
Reddit,The_Donald,0.0,0.3051381820430822,0.2181448639979588,0.3528188467025757
Reddit,The_Donald,0.0,0.4408946151033274,0.1888178361767301,0.0328586660325527
Reddit,The_Donald,0.0,0.2430287518731383,0.1566272941680746,0.6419599652290344
Reddit,The_Donald,0.693147180559945,0.1868793683092105,0.3472281697686931,0.7897797226905823
Reddit,The_Donald,0.693147180559945,0.3966744037226141,0.2039762411003458,0.9816327095031738
Reddit,The_Donald,0.0,0.2884773413931972,0.3096136722917628,0.9239058494567872
Reddit,The_Donald,0.0,0.2662193236530459,0.1556533946769003,0.0278544016182422
Reddit,The_Donald,0.0,0.3756581507543963,0.1670091692976738,0.0138881355524063
Reddit,The_Donald,0.0,0.1816159613678044,0.1972172700954154,0.0171552598476409
Reddit,The_Donald,0.693147180559945,0.5077278898818529,0.2319570389479172,0.6332635283470154
Reddit,The_Donald,1.38629436111989,0.4542024545695711,0.1792570306634804,0.8669830560684204
Reddit,The_Donald,0.0,0.2778203612612619,0.1031948004759421,0.0233893115073442
Reddit,The_Donald,0.693147180559945,0.4546377903058339,0.1470578527975019,0.3661571741104126
Reddit,The_Donald,0.0,0.3354284381836238,0.1259830019332594,0.0178465321660041
Reddit,The_Donald,1.09861228866811,0.3711059823516507,0.1783577313998477,0.0847937390208244
Reddit,The_Donald,0.693147180559945,0.321113526185547,0.0671962045045082,0.0535717085003852
Reddit,The_Donald,0.0,0.2703152634956353,0.0976685302886745,0.0127064399421215
Reddit,The_Donald,0.0,0.3951057263815449,0.2163844109252866,0.2519032061100006
Reddit,The_Donald,1.6094379124341005,0.4223447783854609,0.0491783865722311,0.0319849848747253
Reddit,The_Donald,0.0,0.4064055774043736,0.2141630809404776,0.0387335531413555
Reddit,The_Donald,0.0,0.2551563943252196,0.0055390302848036,0.1663101911544799
Reddit,The_Donald,0.693147180559945,0.3198923081738122,0.0590292180115993,0.2382894158363342
Reddit,The_Donald,0.0,0.342929630576179,0.2504969207131471,0.4505559206008911
Reddit,The_Donald,0.0,0.3153153684947343,0.320796168460403,0.8756364583969116
Reddit,The_Donald,0.693147180559945,0.3974887455332108,0.2542782809439752,0.3551040887832641
Reddit,The_Donald,0.693147180559945,0.5289119251465639,0.1481925569280377,0.0895522162318229
Reddit,The_Donald,0.0,0.42485863976585,0.1132907145840422,0.0294381827116012
Reddit,The_Donald,0.693147180559945,0.3281224257549376,0.1183142680045151,0.0786874517798423
Reddit,The_Donald,0.693147180559945,0.3243814668155256,0.1561520316472387,0.0121839074417948
Reddit,The_Donald,1.09861228866811,0.4440920354540613,0.2258802276854919,0.9687734246253968
Reddit,The_Donald,0.693147180559945,0.2932273112366008,0.2121957200570303,0.037689734250307
Reddit,The_Donald,0.0,0.3215596491841891,0.1307804046432154,0.0143876960501074
Reddit,The_Donald,0.0,0.2083668775490603,0.2359341450146173,0.331082820892334
Reddit,The_Donald,0.0,0.3336964613324479,0.1663336429751696,0.0258010253310203
Reddit,The_Donald,0.0,0.1266651176052094,0.1726418752757796,0.8773331046104431
Reddit,The_Donald,0.693147180559945,0.3376035829214013,0.1061341611465964,0.0520378984510898
Reddit,The_Donald,0.693147180559945,0.4732017029963357,0.1292241148718855,0.0354235768318176
Reddit,The_Donald,0.0,0.2517352580167555,0.1827856790571122,0.0739960893988609
Reddit,The_Donald,0.0,0.0,0.2642922714170533,0.9148322939872742
Reddit,The_Donald,1.09861228866811,0.400604157869474,0.1195039271477135,0.1024007350206375
Reddit,The_Donald,0.0,0.3451565557656944,0.2098296658560561,0.258612722158432
Reddit,The_Donald,0.0,0.2265821133520448,0.2988234872403149,0.2848862707614899
Reddit,The_Donald,0.0,0.2955858484759918,0.1280703942736254,0.0178133472800254
Reddit,The_Donald,0.0,0.3175376566163655,0.229110059101921,0.0334908179938793
Reddit,The_Donald,1.09861228866811,0.4702434763392744,0.0977398324232067,0.1617113947868347
Reddit,The_Donald,0.693147180559945,0.3381479361707921,0.1119655624877896,0.2885321080684662
Reddit,The_Donald,0.693147180559945,0.42291801196152,0.272129851440386,0.786182165145874
Reddit,The_Donald,0.693147180559945,0.268085674442155,0.0661779827945502,0.0914301797747612
Reddit,The_Donald,1.6094379124341005,0.4238102368151182,0.0255921895254937,0.0276508908718824
Reddit,The_Donald,0.693147180559945,0.3197031106163347,0.2163044368937262,0.7040163278579712
Reddit,The_Donald,0.0,0.3939239047400737,0.2087239921312379,0.6305202841758728
Reddit,The_Donald,0.693147180559945,0.280618512117793,0.2948644143563012,0.601655125617981
Reddit,The_Donald,0.0,0.1974600796522275,0.3107657517979978,0.8911187648773193
Reddit,The_Donald,0.693147180559945,0.3484844113607661,0.0479651776323835,0.0126140834763646
Reddit,The_Donald,1.6094379124341005,0.4404657532123087,0.0776151274694876,0.9905450344085692
Reddit,The_Donald,1.09861228866811,0.5174280281646993,0.1719819354467959,0.4411284923553467
Reddit,The_Donald,0.693147180559945,0.3574454071282856,0.149545632195374,0.0918930917978286
Reddit,The_Donald,1.94591014905531,0.5162504211715642,0.0783206815933564,0.1395522356033325
Reddit,The_Donald,0.0,0.1610915498898154,0.1641999973557449,0.0183981340378522
Reddit,The_Donald,0.0,0.4497477770209969,0.1326965123469437,0.2425311207771301
Reddit,The_Donald,0.0,0.3998002429456376,-0.0015686404570655,0.0386535562574863
Reddit,The_Donald,0.0,0.2363957776376156,0.3538885806949525,0.0958988294005394
Reddit,The_Donald,0.0,0.2679558215109169,0.0686261503229049,0.0090731410309672
Reddit,The_Donald,1.09861228866811,0.5299500113522326,0.246728424311284,0.95809668302536
Reddit,The_Donald,0.0,0.407624745643018,0.2177738949852877,0.0340278930962085
Reddit,The_Donald,0.0,0.2726393969020091,0.2435019093444577,0.6976121664047241
Reddit,The_Donald,0.0,0.3505482124440282,0.250182319116397,0.2332722097635269
Reddit,The_Donald,0.693147180559945,0.3845225858294944,0.1227918077930106,0.0326371192932128
Reddit,The_Donald,0.0,0.3336417444379615,0.0929081072129824,0.6056822538375854
Reddit,The_Donald,0.0,0.3559686267524322,0.0854387991550405,0.0127670709043741
Reddit,The_Donald,0.0,0.2084830667797403,0.2848798468559614,0.1135308817028999
Reddit,The_Donald,1.38629436111989,0.500135727763344,0.0990451509933099,0.7713673710823059
Reddit,The_Donald,0.693147180559945,0.6023807637095012,0.370231619414081,0.2056643068790436
Reddit,The_Donald,0.693147180559945,0.4150346682952553,0.1203623359433948,0.0247648041695356
Reddit,The_Donald,0.693147180559945,0.2347159255856134,0.1834559015377823,0.0181190613657236
Reddit,The_Donald,0.693147180559945,0.4627413914718396,0.1682531307434034,0.0488861054182052
Reddit,The_Donald,0.0,0.4615068357050975,0.1928307778782542,0.0921640247106552
Reddit,The_Donald,0.0,0.2523720769971531,0.1344359966306872,0.0958587527275085
Reddit,The_Donald,1.79175946922805,0.4298611525376557,0.2587643128698417,0.9608309864997864
Reddit,The_Donald,0.693147180559945,0.0,0.2255590471459692,0.7269316911697388
Reddit,The_Donald,0.0,0.342129382949813,0.2638462391543589,0.03103668987751
Reddit,The_Donald,0.0,0.3701963214928013,0.2913796538540997,0.982347011566162
Reddit,The_Donald,0.0,0.1283635622989719,0.1529518243042597,0.0446042194962501
Reddit,The_Donald,0.0,0.393063328811866,0.1760952857789232,0.0134295811876654
Reddit,The_Donald,0.0,0.3570258470610738,0.2866678099122265,0.0701518654823303
Reddit,The_Donald,0.0,0.3568494659027592,0.2128299590681149,0.2490756511688232
Reddit,The_Donald,0.0,0.2907464972188217,0.1777573264395876,0.0231456644833087
Reddit,The_Donald,0.0,0.243205364650876,0.3141050297629658,0.0369450561702251
Reddit,The_Donald,0.0,0.4707183908358059,0.2068408969466898,0.0469726100564003
Reddit,The_Donald,0.0,0.3085559329070284,0.3391028245357349,0.2716448605060577
Reddit,The_Donald,0.0,0.3499620787569199,0.161776534505904,0.3232645094394684
Reddit,The_Donald,0.0,0.4351137015263475,0.3385565590760245,0.973552107810974
Reddit,The_Donald,0.693147180559945,0.4499150010306155,0.2362718179948409,0.0457941256463527
Reddit,The_Donald,1.38629436111989,0.4752443541937399,0.1612543398093251,0.0352720618247985
Reddit,The_Donald,0.0,0.4559905185057914,0.2146984312814603,0.0735483616590499
Reddit,The_Donald,0.0,0.3150827034490388,0.2160323990603803,0.0112353079020977
Reddit,The_Donald,0.0,0.376488355214355,0.099878933292054,0.2006728947162628
Reddit,The_Donald,0.0,0.380188040268455,0.2391157441941495,0.0228435695171356
Reddit,The_Donald,1.38629436111989,0.4354966068135528,0.3159526536881467,0.4763198792934418
Reddit,The_Donald,0.693147180559945,0.3652902505580273,0.0756432316800675,0.8375874161720276
Reddit,The_Donald,0.693147180559945,0.4549397275866626,0.1302342371373132,0.267954021692276
Reddit,The_Donald,0.0,0.2444787544470494,0.1663177440819956,0.4930895268917084
Reddit,The_Donald,0.0,0.383028715900943,0.1532941538607948,0.013307542540133
Reddit,The_Donald,0.693147180559945,0.3627668395383694,0.1066310778680139,0.0370664820075035
Reddit,The_Donald,0.693147180559945,0.0262208493524187,0.2061330334563078,0.1352235227823257
Reddit,The_Donald,0.693147180559945,0.3674446631161901,0.1573696241371933,0.0318103581666946
Reddit,The_Donald,0.0,0.3721679042527629,0.0728351648485528,0.0622776858508586
Reddit,The_Donald,0.693147180559945,0.4463860034093264,0.1569237499250372,0.0244940817356109
Reddit,The_Donald,0.693147180559945,0.4724639529426747,0.3067615811567298,0.2662405371665954
Reddit,The_Donald,0.0,0.2846571575559598,0.1312005654706495,0.1139812543988227
Reddit,The_Donald,0.0,0.2167983052138039,0.1154952425062707,0.0746699497103691
Reddit,The_Donald,0.0,0.3999481760408911,0.1685334652844773,0.1732605993747711
Reddit,The_Donald,0.693147180559945,0.4360459759101846,0.2999508496476294,0.0403738059103488
Reddit,The_Donald,0.0,0.2031951328613586,0.1415314198096685,0.0157234296202659
Reddit,The_Donald,0.0,0.2892414343370927,0.2032828699834512,0.0916700363159179
Reddit,The_Donald,0.693147180559945,0.2630684881689841,0.1886207178171079,0.2385353446006775
Reddit,The_Donald,0.0,0.3481673180830657,0.0220571363313894,0.2735446393489837
Reddit,The_Donald,0.693147180559945,0.3957359889540462,0.2343180124790567,0.01705770380795
Reddit,The_Donald,1.09861228866811,0.3255330837307151,0.0641439559575983,0.2341336756944656
Reddit,The_Donald,0.0,0.4517550821719118,0.0649408190555079,0.0217488501220941
Reddit,The_Donald,0.0,0.5063855478408346,0.2207666686470448,0.0800204202532768
Reddit,The_Donald,0.0,0.2964898685786272,0.2797796369346447,0.0237369537353515
Reddit,The_Donald,1.38629436111989,0.464653143001516,0.17710546553202,0.2967103719711304
Reddit,The_Donald,0.0,0.1623515397025797,0.3404080890673829,0.8893095254898071
Reddit,The_Donald,0.693147180559945,0.2989736129237511,0.2255115058878109,0.3765953779220581
Reddit,The_Donald,2.7080502011022096,0.5177461555702617,0.2049147580903435,0.931899070739746
Reddit,The_Donald,0.0,0.1174377989555051,0.3223994023327697,0.0661955624818801
Reddit,The_Donald,1.6094379124341005,0.4383119940011153,0.2335882254696392,0.5167582035064697
Reddit,The_Donald,0.693147180559945,0.3591037320378337,0.1869102465762937,0.0409898422658443
Reddit,The_Donald,0.0,0.2501257213470408,0.2505092240333852,0.36613529920578
Reddit,The_Donald,0.0,0.2421407199889216,0.1854921508383653,0.030218044295907
Reddit,The_Donald,0.693147180559945,0.2952797605629649,0.1950383038469824,0.0486623980104923
Reddit,The_Donald,0.0,0.2044327269414252,0.2519674221297886,0.2652116119861603
Reddit,The_Donald,0.0,0.3469923096816555,0.2585121115124351,0.1504449099302292
Reddit,The_Donald,0.0,0.2272290193654488,0.2852022809684316,0.016779713332653
Reddit,The_Donald,0.0,0.1335104569607168,0.3596939093428642,0.1951120346784592
Reddit,The_Donald,0.0,0.3522432600925105,0.1247274525330261,0.9187380075454712
Reddit,The_Donald,0.0,0.3765138691235178,0.1428203118901768,0.0341413952410221
Reddit,The_Donald,0.693147180559945,0.2604694152012735,0.236977756710339,0.0473234802484512
Reddit,The_Donald,0.0,0.2758487082579862,0.2662115030377889,0.0796774700284004
Reddit,The_Donald,1.09861228866811,0.3490328321122882,0.2092154184464821,0.1368088275194168
Reddit,The_Donald,0.0,0.3595988394693043,0.1889634584215216,0.4923137724399567
Reddit,The_Donald,0.0,0.3513379322857972,0.2139763747434414,0.1465649753808975
Reddit,The_Donald,0.0,0.2905133225467263,0.2209346931224778,0.0145117947831749
Reddit,The_Donald,0.0,0.3826370818044483,0.2140046532080733,0.2040823549032211
Reddit,The_Donald,1.38629436111989,0.4356203535325891,0.1173709132554119,0.8632977604866028
Reddit,The_Donald,0.693147180559945,0.3607114362825107,0.1910627430643601,0.0481471009552478
Reddit,The_Donald,0.0,0.2184294320496688,0.2094141342863445,0.8324361443519592
Reddit,The_Donald,0.693147180559945,0.5155521358444465,0.176461842167178,0.0406031236052513
Reddit,The_Donald,0.0,0.3186448984490343,0.2704127287953405,0.28183913230896
Reddit,The_Donald,0.0,0.3791269259616893,0.0985306078838063,0.2286756187677383
Reddit,The_Donald,0.693147180559945,0.3249191188930834,0.0423378386040282,0.2316665053367615
Reddit,The_Donald,0.693147180559945,0.4515989801435377,0.1013924369001015,0.7779968380928041
Reddit,The_Donald,0.0,0.3137967496535982,0.203444211455155,0.0500591956079006
Reddit,The_Donald,0.0,0.3849329632661186,0.2660873993148692,0.0369572676718235
Reddit,The_Donald,0.0,0.2630858495823003,0.1943173135571675,0.5674769878387451
Reddit,The_Donald,0.0,0.362055160639725,0.2722415816943715,0.6589328050613403
Reddit,The_Donald,0.693147180559945,0.3669428137203103,0.0049540833265532,0.8702662587165833
Reddit,The_Donald,0.0,0.2826914989771092,0.1575687496692709,0.0733205676078796
Reddit,The_Donald,0.693147180559945,0.4412132986403543,0.1169530327376335,0.0363962426781654
Reddit,The_Donald,0.0,0.288653563333195,0.3604458376428939,0.8353487253189087
Reddit,The_Donald,0.0,0.2712076958154317,0.2680513251319179,0.4015562236309052
Reddit,The_Donald,0.0,0.3486391411630837,0.1552649222715003,0.7489033937454224
Reddit,The_Donald,1.6094379124341005,0.5551750765787129,0.0666447223165697,0.4520486891269684
Reddit,The_Donald,1.38629436111989,0.4931994186561882,0.1522201951700924,0.6865699887275696
Reddit,The_Donald,1.09861228866811,0.3916631400988774,0.0940826894456728,0.0269546806812286
Reddit,The_Donald,0.693147180559945,0.2389967571583297,0.0799130274188901,0.0129041168838739
Reddit,The_Donald,0.0,0.3492878835791894,0.0972991957197697,0.01534045021981
Reddit,The_Donald,0.693147180559945,0.3545697790167885,0.169262530281146,0.9897691011428832
Reddit,The_Donald,0.0,0.2271052762769329,0.2008419234243406,0.0286909062415361
Reddit,The_Donald,0.0,0.4401243087045583,0.1062378830025888,0.0089891571551561
Reddit,The_Donald,0.0,0.3281124091512207,0.0958580789744108,0.6947746872901917
Reddit,The_Donald,0.0,0.3160697004918961,0.1812665553113442,0.0892895013093948
Reddit,The_Donald,0.693147180559945,0.2905947067828701,0.1889876235536574,0.0665855333209037
Reddit,The_Donald,0.0,0.3865870102539528,0.2747083629604401,0.1915388107299804
Reddit,The_Donald,0.0,0.2834998233139234,0.2111925476301202,0.0734087079763412
Reddit,The_Donald,0.693147180559945,0.464336186758947,0.1531938195915881,0.3943987786769867
Reddit,The_Donald,0.0,0.2823749598388194,0.1455868521983152,0.0299419164657592
Reddit,The_Donald,1.6094379124341005,0.4313376577813412,0.3028004939943798,0.0379819311201572
Reddit,The_Donald,1.09861228866811,0.404720215595881,0.2748531027203605,0.1262555718421936
Reddit,The_Donald,0.0,0.2154659981064067,0.3062714801359852,0.7031263113021851
Reddit,The_Donald,1.09861228866811,0.3641485962896749,0.2597934140427964,0.8298742771148682
Reddit,The_Donald,0.0,0.4105091118853428,0.0877686060739628,0.0184461548924446
Reddit,The_Donald,0.0,0.5010972049933798,0.0823505449935561,0.979420244693756
Reddit,The_Donald,0.0,0.2866877427159696,0.1902701631065954,0.0601468384265899
Reddit,The_Donald,0.0,0.4361879920799734,0.2649323508258127,0.6923344731330872
Reddit,The_Donald,1.09861228866811,0.4965886734671996,0.0728584604657699,0.9605112671852112
Reddit,The_Donald,0.693147180559945,0.3403323207639845,0.1160443306079764,0.008922972716391
Reddit,The_Donald,1.09861228866811,0.4102851478704758,0.1054420601152709,0.4951095581054688
Reddit,The_Donald,1.09861228866811,0.354767374570746,0.1886486564896551,0.0243377871811389
Reddit,The_Donald,0.693147180559945,0.4458896899286809,0.0238867817457118,0.1107588410377502
Reddit,The_Donald,0.693147180559945,0.5337815439051025,0.1856628508486801,0.8801565170288086
Reddit,The_Donald,1.09861228866811,0.4353110836292353,0.1275473809700451,0.0154443634673953
Reddit,The_Donald,0.693147180559945,0.3047257647328422,0.1743147723992247,0.7070324420928955
Reddit,The_Donald,0.693147180559945,0.4875517043590612,0.1270034115773335,0.3095813393592834
Reddit,The_Donald,0.0,0.4578754765900711,0.221772415061881,0.8595332503318787
Reddit,The_Donald,0.0,0.2742465719149941,0.2710145554174455,0.3446450531482696
Reddit,The_Donald,0.0,0.3876756405316507,0.171115761600596,0.3310528099536896
Reddit,The_Donald,0.693147180559945,0.370611591879337,0.26366601950933,0.846535325050354
Reddit,The_Donald,0.0,0.1760673761711358,0.238373140973776,0.1046230345964431
Reddit,The_Donald,0.0,0.4210302076241898,0.1113996943162161,0.1273017823696136
Reddit,The_Donald,0.693147180559945,0.404199868706029,0.0682460382173633,0.1372110396623611
Reddit,The_Donald,0.0,0.1323429691233826,0.2369062822121053,0.5990913510322571
Reddit,The_Donald,0.693147180559945,0.3899320918142758,0.2497926529888765,0.4178401231765747
Reddit,The_Donald,0.0,0.3616807997412489,0.3424018617078473,0.9380798935890198
Reddit,The_Donald,0.0,0.4837000288804206,0.213326955561313,0.1734880208969116
Reddit,The_Donald,0.0,0.4254249336201379,-0.0126711081272187,0.1621311902999878
Reddit,The_Donald,0.0,0.4682443215391387,0.1430747162169643,0.0241435132920742
Reddit,The_Donald,1.09861228866811,0.3305310464890039,0.1422238435681202,0.8643273115158081
Reddit,The_Donald,0.0,0.1925262462709802,0.1142074696560682,0.5885663032531738
Reddit,The_Donald,1.09861228866811,0.3823877344048874,0.1690281099440544,0.3049422204494476
Reddit,The_Donald,0.0,0.3907562805532185,0.3491545256695983,0.3953395187854767
Reddit,The_Donald,0.693147180559945,0.4004059916250974,0.1093370176131524,0.0184784401208162
Reddit,The_Donald,0.0,0.3454214671176639,0.2348953408593848,0.0645523443818092
Reddit,The_Donald,0.0,0.3254277760935011,0.1604845710155326,0.5807751417160034
Reddit,The_Donald,0.0,0.2022116536741862,0.2672724917918982,0.8443940877914429
Reddit,The_Donald,0.0,0.1783131323307302,0.1077488950245906,0.1067027747631073
Reddit,The_Donald,0.0,0.4185284312139824,0.1324468819111244,0.014116552658379
Reddit,The_Donald,0.0,0.3513309738454191,0.3356449610945576,0.1559343039989471
Reddit,The_Donald,0.693147180559945,0.3971844840750536,0.1709696618852964,0.0778863430023193
Reddit,The_Donald,0.693147180559945,0.4060176356184184,0.215819593084133,0.9662467241287231
Reddit,The_Donald,1.6094379124341005,0.4701437520054272,0.3027434519103067,0.5080027580261229
Reddit,The_Donald,0.693147180559945,0.4349426662401959,0.2948298540310683,0.5852096080780029
Reddit,The_Donald,0.693147180559945,0.4312948597550736,0.1551065005033036,0.5865668654441833
Reddit,The_Donald,0.0,0.1981798109818678,0.2303479838240653,0.1348539143800735
Reddit,The_Donald,0.693147180559945,0.5990376023109415,0.2022105353460081,0.8278523683547974
Reddit,The_Donald,0.0,0.3348659729897065,0.1867917194659422,0.9056187868118286
Reddit,The_Donald,0.0,0.4190498909033201,0.1982877793690019,0.1097433641552925
Reddit,The_Donald,0.0,0.205180751535852,0.2349627884845987,0.2020770013332367
Reddit,The_Donald,0.0,0.4215896793962744,0.3131024830944279,0.9773089289665222
Reddit,The_Donald,0.0,0.3511652555704149,0.1493202306106017,0.5181781053543091
Reddit,The_Donald,0.0,0.3152752156040247,0.1063793572053281,0.1379710584878921
Reddit,The_Donald,0.693147180559945,0.3678581037451441,0.2123100593972617,0.1512252241373062
Reddit,The_Donald,0.0,0.2607021106205954,0.1977191824203316,0.1934453845024109
Reddit,The_Donald,0.693147180559945,0.3833836804062763,0.2126763264461025,0.0259693171828985
Reddit,The_Donald,0.693147180559945,0.1586862486574446,0.2905309563816138,0.1018227338790893
Reddit,The_Donald,1.09861228866811,0.6001320990189835,0.1966418549497195,0.2032885104417801
Reddit,The_Donald,0.0,0.1896593210927953,0.2723286303665608,0.040107037872076
Reddit,The_Donald,0.0,0.3477345151193713,0.1763950270837241,0.1747467368841171
Reddit,The_Donald,0.0,0.2876755228476831,0.1649688156500998,0.0176933351904153
Reddit,The_Donald,0.0,0.3158243992763231,0.1389055177294235,0.1686723232269287
Reddit,The_Donald,0.693147180559945,0.3176629136396391,0.2038868888671614,0.6798956394195557
Reddit,The_Donald,1.09861228866811,0.3593908323471674,0.1354504223257341,0.0792658030986785
Reddit,The_Donald,0.0,0.2116111674398454,0.3974378830582684,0.4391110837459564
Reddit,The_Donald,0.0,0.3590342814747142,0.1667818529298195,0.3229523003101349
Reddit,The_Donald,0.0,0.3659554689391227,0.3047184723912047,0.7653273940086365
Reddit,The_Donald,0.0,0.3180992268441726,0.1853852069953273,0.1128846779465675
Reddit,The_Donald,0.0,0.5173979372114865,0.2442492728517585,0.0161120109260082
Reddit,The_Donald,0.0,0.2661809244858629,0.3899848912705128,0.069627858698368
Reddit,The_Donald,0.0,0.3343840699600583,0.2018560399633706,0.0294260997325182
Reddit,The_Donald,0.0,0.3502532087498723,0.1864166320129607,0.0664183273911476
Reddit,The_Donald,0.0,0.3416582160178122,0.2901395964612032,0.8619004487991333
Reddit,The_Donald,0.0,0.2829417454312496,0.2849692458178084,0.2534622251987457
Reddit,The_Donald,0.0,0.3612419472854742,0.1429806807155285,0.0102629475295543
Reddit,The_Donald,1.09861228866811,0.5472345749351726,0.0874811129079394,0.1702125072479248
Reddit,The_Donald,0.0,0.2191349104234586,0.2784291971654485,0.0240788869559764
Reddit,The_Donald,0.693147180559945,0.4641539786131546,0.2477812404207308,0.8963609337806702
Reddit,The_Donald,0.0,0.2595918059873911,0.3331324859406022,0.0694707557559013
Reddit,The_Donald,0.0,0.3425101550128815,0.1796913805103113,0.0373088605701923
Reddit,The_Donald,0.0,0.3185100261874671,0.1528096804179645,0.2473440766334533
Reddit,The_Donald,0.693147180559945,0.3068284884811931,0.1389846039418084,0.3974137902259826
Reddit,The_Donald,0.0,0.1747902826138338,0.1729211111197116,0.0129978861659765
Reddit,The_Donald,0.693147180559945,0.2927730073720915,0.0732870133116592,0.1131399795413017
Reddit,The_Donald,0.0,0.2689048301282022,0.1564439281070772,0.2967707514762878
Reddit,The_Donald,0.0,0.3869686306767281,0.2154931652106612,0.0713386014103889
Reddit,The_Donald,0.693147180559945,0.3019896756640174,0.2357991788059885,0.3632977306842804
Reddit,The_Donald,0.0,0.3961362500004657,0.2381639901967477,0.0130730979144573
Reddit,The_Donald,0.693147180559945,0.2283682105598948,0.1788445811640281,0.0288260951638221
Reddit,The_Donald,0.0,0.2007369131750672,0.2674359033125605,0.0855605155229568
Reddit,The_Donald,0.0,0.4690323146443919,0.16102823092254,0.0358762443065643
Reddit,The_Donald,1.38629436111989,0.375679565243984,0.1817945756472271,0.0133333755657076
Reddit,The_Donald,0.0,0.2914570594825601,0.1170329723006069,0.3106703162193298
Reddit,The_Donald,0.0,0.1658106325467444,0.3324977883024136,0.7886284589767456
Reddit,The_Donald,0.693147180559945,0.4376340297237779,0.2002622266817699,0.4844574630260468
Reddit,The_Donald,0.0,0.1275641480082837,0.1648539699659464,0.64210444688797
Reddit,The_Donald,0.0,0.2944568897262419,0.1076622763757639,0.1048715412616729
Reddit,The_Donald,1.09861228866811,0.5395290669683243,0.1895409294414418,0.9593291282653807
Reddit,The_Donald,0.0,0.3555153731596523,0.2464547670210146,0.0382894799113273
Reddit,The_Donald,1.09861228866811,0.3888680266803858,0.1920203753732526,0.7031497359275818
Reddit,The_Donald,0.693147180559945,0.4682434250163362,0.1073528240624077,0.0545503832399845
Reddit,The_Donald,0.0,0.2566844781772404,0.2090839325408467,0.0465491749346256
Reddit,The_Donald,0.0,0.4490140301547904,0.1407954521896682,0.3131700456142425
Reddit,The_Donald,0.0,0.3004080533253327,0.169363723782962,0.0472886674106121
Reddit,The_Donald,1.09861228866811,0.5519494343979239,0.16048323178492,0.8002468347549438
Reddit,The_Donald,0.0,0.2451438697974667,0.1610510429171514,0.3958914875984192
Reddit,The_Donald,0.0,0.3503623963021404,0.1429461389937734,0.061199989169836
Reddit,The_Donald,0.693147180559945,0.2873373218474926,0.3129121155128721,0.31055748462677
Reddit,The_Donald,0.0,0.3798668255592819,0.1748746919526426,0.0112522765994071
Reddit,The_Donald,0.0,0.4045406925491364,0.1715154386849595,0.0263378005474805
Reddit,The_Donald,1.09861228866811,0.4216969489575931,0.1105962084393063,0.2534918487071991
Reddit,The_Donald,1.09861228866811,0.4635056720382408,0.2339519552174102,0.9289610981941224
Reddit,The_Donald,0.693147180559945,0.3730520542385436,0.2392267506591463,0.3035251498222351
Reddit,The_Donald,0.0,0.4459909914239385,0.2049088196702094,0.3677005767822265
Reddit,The_Donald,0.0,0.2948841521496627,0.0709723142142989,0.0392074882984161
Reddit,The_Donald,0.0,0.2857157793613813,0.2014327586117761,0.2641347050666809
Reddit,The_Donald,1.38629436111989,0.438320162871237,0.2935848723167858,0.0100384932011365
Reddit,The_Donald,1.09861228866811,0.4020093779391115,0.1413627387807407,0.0177134126424789
Reddit,The_Donald,0.693147180559945,0.3104241939618281,0.2207903903445137,0.9585404992103576
Reddit,The_Donald,0.693147180559945,0.3568123054135179,0.1993568954294904,0.2575907409191132
Reddit,The_Donald,1.09861228866811,0.4862038933095673,0.1439156528164005,0.615272581577301
Reddit,The_Donald,0.0,0.1654704136870237,0.1291730469145019,0.0380159243941307
Reddit,The_Donald,0.0,0.2951828340159484,0.1063383939077999,0.0361167974770069
Reddit,The_Donald,0.0,0.4281269497162976,0.1534581802590451,0.2513851225376129
Reddit,The_Donald,0.0,0.0797062445865709,0.2367830810760856,0.3338366448879242
Reddit,The_Donald,0.693147180559945,0.1700328540925255,0.0650309390078688,0.1782653331756591
Reddit,The_Donald,0.693147180559945,0.2169462562642689,0.1664054376142188,0.037839401513338
Reddit,The_Donald,0.0,0.3974386504739251,0.1272534182510241,0.5362999439239502
Reddit,The_Donald,0.0,0.3998737336348433,0.1274393454607882,0.0516572818160057
Reddit,The_Donald,0.0,0.290646129749839,0.2300340513512107,0.0242424272000789
Reddit,The_Donald,0.0,0.2934578538381783,0.2836609234243769,0.8138216137886047
Reddit,The_Donald,0.693147180559945,0.5037515081465304,0.1845693217062577,0.547960638999939
Reddit,The_Donald,0.0,0.3125036344143638,0.2127365328111675,0.0825967714190483
Reddit,The_Donald,0.0,0.289369386399687,0.2140894004665839,0.3726269602775574
Reddit,The_Donald,0.0,0.1691573032762896,0.2991685486316702,0.3645884990692138
Reddit,The_Donald,0.0,0.4563741345334022,0.1866686630416666,0.7523009777069092
Reddit,The_Donald,0.0,0.3203611965184631,0.1123050400028871,0.0214209705591201
Reddit,The_Donald,0.693147180559945,0.4388687966190512,0.2875641883986104,0.9610852003097534
Reddit,The_Donald,0.0,0.2562384302300982,0.2289847593353696,0.3729967772960663
Reddit,The_Donald,0.0,0.3860709598288944,0.2012956793717228,0.0114511968567967
Reddit,The_Donald,0.693147180559945,0.4778794437760532,0.1587149109574102,0.6862809062004089
Reddit,The_Donald,1.38629436111989,0.4913201570619356,0.2487348640987903,0.2049829661846161
Reddit,The_Donald,0.0,0.4000747942439896,0.2033046234225804,0.0229440908879041
Reddit,The_Donald,0.0,0.2500971644791508,0.1981989021896368,0.9121729731559752
Reddit,The_Donald,0.0,0.350027040751024,0.1750102013303565,0.0156723409891128
Reddit,The_Donald,0.0,0.3013472629830074,0.1849923908672555,0.1257683038711548
Reddit,The_Donald,0.0,0.2595731554812303,0.2650754116750804,0.0480441115796566
Reddit,The_Donald,1.09861228866811,0.3395684098268055,0.1989689898026297,0.3959158957004547
Reddit,The_Donald,0.693147180559945,0.3189771239566254,0.1051192249032279,0.086056113243103
Reddit,The_Donald,0.693147180559945,0.3790226245038019,0.2599788067734121,0.0701888054609298
Reddit,The_Donald,1.09861228866811,0.5194363131000715,0.2554938099808935,0.917488932609558
Reddit,The_Donald,0.693147180559945,0.4135474004210425,0.1222480187011996,0.329977810382843
Reddit,The_Donald,0.0,0.3524412157603951,0.257853462060612,0.027663055807352
Reddit,The_Donald,0.693147180559945,0.3439707493522486,0.2394001256939507,0.879027247428894
Reddit,The_Donald,0.0,0.3647289586714042,0.1767394562290137,0.0145004596561193
Reddit,The_Donald,1.38629436111989,0.4366132983892751,0.2335526807786287,0.6369654536247253
Reddit,The_Donald,0.0,0.311396000134606,0.2063660520039171,0.2539748847484589
Reddit,The_Donald,0.0,0.2961849732121374,0.2222571793998249,0.2677886188030243
Reddit,The_Donald,0.0,0.3401076927868423,0.1997783130111403,0.025064991787076
Reddit,The_Donald,1.6094379124341005,0.4500825320875484,0.1811505506152461,0.942108154296875
Reddit,The_Donald,0.0,0.1831498636921417,0.0483783879151221,0.0264268442988395
Reddit,The_Donald,0.0,0.3475369039416065,0.1515132255227394,0.0175296142697334
Reddit,The_Donald,0.0,0.2352398669628282,0.24290444516545,0.3211279809474945
Reddit,The_Donald,0.693147180559945,0.2763855881811514,0.2469663735633227,0.0973757728934288
Reddit,The_Donald,0.0,0.3793903446679844,0.1675117019463274,0.1800514906644821
Reddit,The_Donald,0.0,0.4004111313141296,0.1141751288342499,0.0104508642107248
Reddit,The_Donald,1.09861228866811,0.3925859995249687,0.2098012624195239,0.0281726792454719
Reddit,The_Donald,1.09861228866811,0.4887607963179672,0.2401349024578554,0.6129754185676575
Reddit,The_Donald,0.693147180559945,0.5564583813710967,0.4680040823947236,0.9951940178871156
Reddit,The_Donald,2.7080502011022096,0.4486352476849575,0.1654395571256477,0.6044158935546875
Reddit,The_Donald,0.0,0.142115763886939,0.131266307250954,0.8433907628059387
Reddit,The_Donald,0.693147180559945,0.3173146184228427,0.1078644474701709,0.2076226025819778
Reddit,The_Donald,0.0,0.2676563277002121,0.1516248875371009,0.3178339898586273
Reddit,The_Donald,1.38629436111989,0.4755641417984672,0.1246137943060121,0.0315422043204307
Reddit,The_Donald,0.0,0.3844862749469623,0.1143471953303612,0.0407826974987983
Reddit,The_Donald,0.0,0.3881174310090164,0.3253960974093741,0.2325788289308548
Reddit,The_Donald,0.0,0.3403069089603607,0.0368140173233161,0.0936321765184402
Reddit,The_Donald,1.09861228866811,0.3652108844631277,0.2139929600143731,0.0332142263650894
Reddit,The_Donald,0.693147180559945,0.3254330591776046,0.1468345469028727,0.1792211234569549
Reddit,The_Donald,0.0,0.4062731628148129,0.1842557179746117,0.1757567971944809
Reddit,The_Donald,0.693147180559945,0.4065991661293085,0.2005485961761168,0.8407619595527649
Reddit,The_Donald,0.693147180559945,0.4070307561408169,0.0672743971270282,0.9614059329032898
Reddit,The_Donald,0.0,0.2497341606448684,0.2712249771422153,0.0205908250063657
Reddit,The_Donald,0.0,0.2238907475004567,0.2435790854921209,0.0243494790047407
Reddit,The_Donald,0.0,0.4848288944823938,0.1623366137342316,0.108336441218853
Reddit,The_Donald,0.0,0.3419990987569071,0.1593812539975249,0.6794977784156799
Reddit,The_Donald,1.09861228866811,0.4589254650124053,0.1260035055443176,0.9791039228439332
Reddit,The_Donald,0.0,0.0,0.2899731893106704,0.7404971718788147
Reddit,The_Donald,1.09861228866811,0.3467418484542566,0.2033978143978736,0.2364021688699722
Reddit,The_Donald,0.693147180559945,0.4430869741128663,0.2035970397606963,0.2776920795440674
Reddit,The_Donald,0.0,0.3916229449111161,0.1741671236262847,0.1502284705638885
Reddit,The_Donald,0.0,0.2977692546248137,0.1307303752919653,0.0191075354814529
Reddit,The_Donald,0.0,0.1338695519097668,0.2031154035511003,0.5812647938728333
Reddit,The_Donald,0.0,0.4033409716075892,0.2427370144981368,0.0233128704130649
Reddit,The_Donald,0.0,0.3866919423192775,0.07882652430011,0.0103338956832885
Reddit,The_Donald,0.693147180559945,0.35764509798063,0.2236456093795153,0.045913465321064
Reddit,The_Donald,0.0,0.152448472946049,0.2140171024711035,0.0650087520480156
Reddit,The_Donald,0.693147180559945,0.4968874540090207,0.0994321632289492,0.0124066434800624
Reddit,The_Donald,3.0445224377234195,0.5944717275046899,0.1003459505232144,0.6720246076583862
Reddit,The_Donald,0.693147180559945,0.4218802328800272,0.2412051277417123,0.1875665783882141
Reddit,The_Donald,1.09861228866811,0.3021576649787064,0.1431091264087559,0.2117505967617035
Reddit,The_Donald,0.0,0.0,0.0719627902319272,0.1051791831851005
Reddit,The_Donald,0.693147180559945,0.3576203617152867,0.1698963298569702,0.1310725510120391
Reddit,The_Donald,0.0,0.2661466739332114,0.2330490370311123,0.1501446068286895
Reddit,The_Donald,0.0,0.2998269654379818,0.2267282039259979,0.0156002026051282
Reddit,The_Donald,1.38629436111989,0.4566900438903841,0.2812852703060462,0.5182139873504639
Reddit,The_Donald,0.0,0.2266351344382493,0.1759063705709775,0.0195853076875209
Reddit,The_Donald,0.0,0.2604426603946605,0.0633505687176891,0.336304247379303
Reddit,The_Donald,0.0,0.3694598715211465,0.141876341960356,0.0266790315508842
Reddit,The_Donald,0.0,0.2104991583632159,0.2069066089848845,0.3508807122707367
Reddit,The_Donald,0.0,0.4542875735133105,0.1606912292441543,0.5579144954681396
Reddit,The_Donald,1.09861228866811,0.3548071044674298,0.3702657302663387,0.4954912066459656
Reddit,The_Donald,0.0,0.4103477097295638,0.2270206611154547,0.0360463336110115
Reddit,The_Donald,1.09861228866811,0.3521185670979342,0.1952802527249253,0.2125634849071502
Reddit,The_Donald,0.0,0.0,0.1874974876808001,0.1625241786241531
Reddit,The_Donald,0.0,0.4117570952459476,0.2776966564121548,0.3901963829994201
Reddit,The_Donald,0.0,0.2833418691528749,0.271747819753058,0.8301071524620056
Reddit,The_Donald,0.0,0.2468200649177122,0.2015189392958508,0.6547759175300598
Reddit,The_Donald,1.09861228866811,0.3610562216037197,0.0389312738397521,0.9778824448585508
Reddit,The_Donald,0.0,0.2872214038262319,0.1814729750460819,0.2144888043403625
Reddit,The_Donald,1.38629436111989,0.4452336636566764,0.2079218022405543,0.1774737983942032
Reddit,The_Donald,1.38629436111989,0.3153569458863323,0.1511381754299452,0.0839521512389183
Reddit,The_Donald,0.0,0.2886843812629145,0.1198978080747306,0.0256780069321394
Reddit,The_Donald,0.0,0.3138260815097974,0.1982419054465766,0.0725129768252372
Reddit,The_Donald,2.83321334405622,0.4462548052741341,0.2489010237943381,0.8962998390197754
Reddit,The_Donald,0.0,0.3443111579713452,0.2125904545721317,0.0682329013943672
Reddit,The_Donald,0.0,0.2471962973179517,0.23548734273686,0.034518577158451
Reddit,The_Donald,0.0,0.2600319467635553,0.1476613627613953,0.0619863979518413
Reddit,The_Donald,0.693147180559945,0.4865887764576952,0.29326559968076,0.1746419221162796
Reddit,The_Donald,0.0,0.1680808906512941,0.2917335040796107,0.0943887904286384
Reddit,The_Donald,0.693147180559945,0.3838216363271475,0.3040662259249106,0.0932447835803032
Reddit,The_Donald,0.0,0.4178723767990376,0.1413204877504461,0.5629204511642456
Reddit,The_Donald,1.94591014905531,0.5757744906671508,0.1553240819394021,0.8119033575057983
Reddit,The_Donald,0.693147180559945,0.3752913943212312,0.130592206384558,0.081555999815464
Reddit,The_Donald,1.09861228866811,0.3711702312398139,0.1851409277832121,0.8732109069824219
Reddit,The_Donald,0.0,0.1955802412962576,0.2630088548336506,0.113871157169342
Reddit,The_Donald,0.0,0.174465896785478,0.1825792321123945,0.0835055485367775
Reddit,The_Donald,0.0,0.2282524395716759,0.305949434406008,0.7427878975868225
Reddit,The_Donald,0.0,0.4107183038991343,0.2710401663460028,0.9623785018920898
Reddit,The_Donald,0.693147180559945,0.4502983036822447,0.3497458658127609,0.5029497146606445
Reddit,The_Donald,0.0,0.1452615474993605,0.1865548322963132,0.9672062397003174
Reddit,The_Donald,1.09861228866811,0.4056696663294458,0.1595090933198053,0.2742187082767486
Reddit,The_Donald,0.0,0.2880508731957072,0.0754286219448994,0.0166827719658613
Reddit,The_Donald,0.0,0.2621467904584019,0.2610022032563488,0.0977777391672134
Reddit,The_Donald,0.693147180559945,0.2734799067625318,0.1711575562251099,0.8193833827972412
Reddit,The_Donald,0.0,0.4389565802780049,0.0880589060104815,0.1376487761735916
Reddit,The_Donald,0.0,0.4943146989821478,0.1320832128055165,0.0326086916029453
Reddit,The_Donald,1.09861228866811,0.4727450006335426,0.1832422166287564,0.8829932212829591
Reddit,The_Donald,0.693147180559945,0.4369236968431326,0.1991930373632542,0.2562005519866943
Reddit,The_Donald,0.693147180559945,0.4172388237030634,0.1566118360285557,0.0306666418910026
Reddit,The_Donald,0.0,0.2867025205353672,0.3119734423714204,0.0161233004182577
Reddit,The_Donald,0.693147180559945,0.3099312563179308,0.2368334126925835,0.5992267727851868
Reddit,The_Donald,0.693147180559945,0.2293413155560807,0.2448741196841844,0.0907244905829429
Reddit,The_Donald,0.693147180559945,0.4620332406351489,0.1762351120485249,0.0892987474799156
Reddit,The_Donald,0.0,0.2677892976867724,0.2088027599786656,0.086853876709938
Reddit,The_Donald,0.0,0.3048013823195559,0.1911912457168778,0.0207539908587932
Reddit,The_Donald,1.38629436111989,0.4604012234953664,0.2650511555429173,0.9456655979156494
Reddit,The_Donald,0.0,0.2109229145155602,0.17928255956957,0.1118326410651207
Reddit,The_Donald,1.09861228866811,0.4453007076863872,0.2887149341009479,0.0873337537050247
Reddit,The_Donald,0.0,0.2269855567900258,0.267151774888097,0.0119408508762717
Reddit,The_Donald,0.0,0.3633592672934088,0.0455939856248874,0.1767129004001617
Reddit,The_Donald,0.0,0.2319811598398938,0.2250285807994437,0.1737005561590194
Reddit,The_Donald,1.09861228866811,0.437189066790408,0.1511314555936584,0.0381798222661018
Reddit,The_Donald,0.0,0.2520962592879202,0.2219720342666531,0.0200264547020196
Reddit,The_Donald,0.0,0.3441779279698376,0.0907255294102526,0.0953839793801307
Reddit,The_Donald,0.0,0.2077480593533451,0.2046933520314673,0.9417701959609984
Reddit,The_Donald,0.0,0.2386155389654803,0.1837920974822261,0.91132390499115
Reddit,The_Donald,0.0,0.3797703221294121,0.099745243386955,0.0253566652536392
Reddit,The_Donald,0.0,0.4580372718130276,0.2136064901074012,0.0917981192469596
Reddit,The_Donald,0.693147180559945,0.4293266827976379,0.1698219066150799,0.0629534348845481
Reddit,The_Donald,0.0,0.410983664975672,0.0499923835651464,0.0906521454453468
Reddit,The_Donald,0.0,0.5461335775464697,0.1770723959656251,0.2438176572322845
Reddit,The_Donald,0.0,0.0,0.2157756737179503,0.2838902175426483
Reddit,The_Donald,0.0,0.4219416106352432,0.294766485908935,0.0160375963896513
Reddit,The_Donald,1.09861228866811,0.406712639064212,0.2294846084233101,0.9569213390350342
Reddit,The_Donald,0.0,0.3595344343785928,0.1815806297016278,0.7433603405952454
Reddit,The_Donald,0.693147180559945,0.4146159255232682,0.1682777451598275,0.083137571811676
Reddit,The_Donald,0.693147180559945,0.3991788077177048,0.1444383493360091,0.188657522201538
Reddit,The_Donald,0.693147180559945,0.3366950351740141,0.1272187520974052,0.0569531358778476
Reddit,The_Donald,0.0,0.3214638416894594,0.3000691605344514,0.0217256098985672
Reddit,The_Donald,0.0,0.3561882805157965,0.1319652310917057,0.0182058922946453
Reddit,The_Donald,0.0,0.2331508182987311,0.2500704983559932,0.601417601108551
Reddit,The_Donald,0.693147180559945,0.4581688043258949,0.2191269716718734,0.9789190292358398
Reddit,The_Donald,0.0,0.3571150470167676,0.2129927770908359,0.6589003801345825
Reddit,The_Donald,0.693147180559945,0.4372408512048842,0.3120102008799197,0.0169333424419164
Reddit,The_Donald,0.0,0.1493129466126949,0.3133363395687156,0.7333651781082153
Reddit,The_Donald,0.0,0.2983271576757498,0.1931176126747006,0.0667810887098312
Reddit,The_Donald,0.0,0.2329061791795356,0.2100512284267251,0.7969458103179932
Reddit,The_Donald,0.0,0.4414157633256368,0.1373138413298444,0.9244228601455688
Reddit,The_Donald,1.09861228866811,0.4876640097498776,0.1081443995867756,0.4942635893821716
Reddit,The_Donald,0.693147180559945,0.4778076176621099,0.1716801472038472,0.0263253469020128
Reddit,The_Donald,0.0,0.4104017742223339,0.3172192346575803,0.8184261918067932
Reddit,The_Donald,2.94443897916644,0.5307785519760321,0.0637863032138616,0.6854428052902222
Reddit,The_Donald,0.0,0.3139696278353039,0.2197855611482564,0.0540448427200317
Reddit,The_Donald,0.0,0.4664288964184724,0.2506577003140372,0.129480704665184
Reddit,The_Donald,1.09861228866811,0.4615157652841427,0.1368318341870595,0.1702805757522583
Reddit,The_Donald,0.0,0.4293902754843144,0.1672331783692502,0.0222380999475717
Reddit,The_Donald,1.79175946922805,0.5047145027013205,0.0770267182649404,0.2317365109920501
Reddit,The_Donald,0.0,0.2211698322973079,0.1591121138501293,0.6864756941795349
Reddit,The_Donald,0.0,0.292358464120658,0.1365257764690208,0.3248087465763092
Reddit,The_Donald,0.0,0.3618191902904148,0.1135660890003317,0.042200181633234
Reddit,The_Donald,0.693147180559945,0.4087876537964733,0.0917097159135533,0.3156090378761291
Reddit,The_Donald,0.0,0.2327425649328133,0.2294265667497261,0.0231218934059143
Reddit,The_Donald,0.0,0.1769596558508562,0.1038603945318061,0.0231581628322601
Reddit,The_Donald,0.0,0.4732310493044032,0.1589393707558299,0.7828220725059509
Reddit,The_Donald,0.0,0.4509325041625422,0.138888769642708,0.9807103276252748
Reddit,The_Donald,1.09861228866811,0.2969877953313673,0.0787124655092081,0.1567136943340301
Reddit,The_Donald,1.09861228866811,0.4859567954900775,0.1785173604526623,0.0511627495288848
Reddit,The_Donald,0.0,0.5183842929918675,0.0480929818950201,0.0861297622323036
Reddit,The_Donald,0.693147180559945,0.3836017111213766,0.2135536395336659,0.0678042620420456
Reddit,The_Donald,0.693147180559945,0.4051035764270076,0.1909126023299305,0.1098917871713638
Reddit,The_Donald,0.0,0.2857748179815216,0.2111169098960588,0.4014084935188293
Reddit,The_Donald,0.0,0.4766787582108571,0.2287435870644419,0.0932952761650085
Reddit,The_Donald,2.07944154167984,0.4933678044886519,0.1454659124845978,0.9786593317985536
Reddit,The_Donald,0.0,0.2838012351962729,0.2451397054126888,0.1194541603326797
Reddit,The_Donald,0.693147180559945,0.5754234297190773,0.2300621870052397,0.2670638561248779
Reddit,The_Donald,0.0,0.2854516301568043,0.2287950661977649,0.0823536738753318
Reddit,The_Donald,0.0,0.3254647757156665,0.2109280830399314,0.1012323349714279
Reddit,The_Donald,0.693147180559945,0.4459587912263009,0.1563978697366609,0.3303869664669037
Reddit,The_Donald,0.0,0.4781610922807439,0.2048265329884769,0.6928237080574036
Reddit,The_Donald,0.0,0.1505128224232169,0.1994563253533534,0.0127218570560216
Reddit,The_Donald,2.30258509299405,0.4940342579705052,0.0475190816279765,0.6885188221931458
Reddit,The_Donald,1.09861228866811,0.385234210446978,0.0709166440617768,0.2640967965126037
Reddit,The_Donald,0.693147180559945,0.408100561228156,0.0696909714523964,0.1090457886457443
Reddit,The_Donald,1.09861228866811,0.3956484193937608,0.0456161499844661,0.1238696277141571
Reddit,The_Donald,1.79175946922805,0.4207559955142561,0.1912499017154361,0.1560148894786834
Reddit,The_Donald,0.693147180559945,0.4722774024617158,0.0450306384497319,0.0276634637266397
Reddit,The_Donald,0.693147180559945,0.4153543276384855,0.1759033603456055,0.1253792345523834
Reddit,The_Donald,1.09861228866811,0.4688929309679576,0.3062741568667854,0.0777301117777824
Reddit,The_Donald,0.0,0.2670983740395912,0.1888464877537879,0.9537954330444336
Reddit,The_Donald,0.693147180559945,0.4383591574119886,0.1442715608218377,0.9916585087776184
Reddit,The_Donald,0.0,0.3151857775244829,0.286094910599733,0.424057811498642
Reddit,The_Donald,0.0,0.2697758595776732,0.0198134256133616,0.8740224838256836
Reddit,The_Donald,0.0,0.2722179981725295,0.1503406112555143,0.8324509263038635
Reddit,The_Donald,0.0,0.4535388054358356,0.2270357036353005,0.1090864315629005
Reddit,The_Donald,0.0,0.3163952210139698,0.3206060398106997,0.9531182050704956
Reddit,The_Donald,0.693147180559945,0.418486365482317,0.14482669106471,0.0121663939207792
Reddit,The_Donald,0.0,0.394491519542706,0.1049936582728454,0.1630423069000244
Reddit,The_Donald,0.693147180559945,0.3224370462565823,0.2084148323444192,0.0251078139990568
Reddit,The_Donald,1.38629436111989,0.2919305370421264,0.1021410573633514,0.2321329116821289
Reddit,The_Donald,0.0,0.3597472420777206,0.1158554510943812,0.0084656169638037
Reddit,The_Donald,1.09861228866811,0.3768666571989294,0.2248963369997282,0.839623749256134
Reddit,The_Donald,0.0,0.150687275355899,0.2438165100238701,0.917692005634308
Reddit,The_Donald,0.0,0.2944520034320784,0.2623602617068425,0.1936690211296081
Reddit,The_Donald,0.0,0.3599479207372414,0.1736379822687359,0.0281757228076458
Reddit,The_Donald,0.0,0.1766666906311957,0.2797426666390638,0.5780624151229858
Reddit,The_Donald,0.0,0.1313800728737114,0.2580166353732745,0.0270454715937376
Reddit,The_Donald,0.693147180559945,0.5810425709050988,0.2197938719505414,0.9630423188209534
Reddit,The_Donald,0.0,0.3160293240801876,0.1522559832915632,0.2216060161590576
Reddit,The_Donald,0.0,0.4340273102065427,0.167026349120924,0.6491578817367554
Reddit,The_Donald,1.6094379124341005,0.5210926571503621,0.0844929429973472,0.0240020751953125
Reddit,The_Donald,0.0,0.3902632280608695,0.1977670961441192,0.0332770571112632
Reddit,The_Donald,0.0,0.3092019082931555,0.2527543034053243,0.7802164554595947
Reddit,The_Donald,0.693147180559945,0.4057561767751679,0.1817315598041768,0.241024985909462
Reddit,The_Donald,0.0,0.1686473474126014,0.1974692953146844,0.0227182488888502
Reddit,The_Donald,0.0,0.2966363292599822,0.2023933693396843,0.4087055921554565
Reddit,The_Donald,1.38629436111989,0.420942446838516,0.2160531030498122,0.8523597717285156
Reddit,The_Donald,0.693147180559945,0.4008106027940132,0.152578163680724,0.0552483610808849
Reddit,The_Donald,0.693147180559945,0.3046046461010557,0.1753786653462141,0.6813721060752869
Reddit,The_Donald,0.0,0.253946683402004,0.2319421423336241,0.0761286839842796
Reddit,The_Donald,0.0,0.1740622139071239,0.1514935879333719,0.1355321705341339
Reddit,The_Donald,1.09861228866811,0.5403460900365954,0.1963655076973222,0.7135978937149048
Reddit,The_Donald,0.0,0.3688913595616835,0.1033763187574769,0.1839965581893921
Reddit,The_Donald,0.0,0.2330352911083336,0.1774065999542487,0.5289228558540344
Reddit,The_Donald,0.0,0.1789797428691502,0.1225068177519086,0.0153811918571591
Reddit,The_Donald,0.0,0.2722905227948136,0.2104570127549899,0.029483575373888
Reddit,The_Donald,0.693147180559945,0.4016411619185306,0.0793999850057599,0.0488174445927143
Reddit,The_Donald,1.38629436111989,0.5406268398906177,0.2000011952129752,0.988469660282135
Reddit,The_Donald,1.38629436111989,0.4089481687662992,0.2541284659932102,0.0966939628124237
Reddit,The_Donald,0.0,0.3610810812324236,0.2726776655223518,0.8608072400093079
Reddit,The_Donald,0.693147180559945,0.3127720987308717,0.2061600513610412,0.0659245252609252
Reddit,The_Donald,0.0,0.3286422301057816,0.2187067418660442,0.0675318837165832
Reddit,The_Donald,0.0,0.4346199912854568,0.1812901825439861,0.0158685762435197
Reddit,The_Donald,0.0,0.2861969398396484,0.1503914239022157,0.0168027188628911
Reddit,The_Donald,0.0,0.3088247987993953,0.1997666613486708,0.0419796258211135
Reddit,The_Donald,0.0,0.3815953517565166,0.2361804485252353,0.6400328278541565
Reddit,The_Donald,0.0,0.4202833055352995,0.1825442304922667,0.0807126089930534
Reddit,The_Donald,0.0,0.2984123936060764,0.2124779523047869,0.0234982687979936
Reddit,The_Donald,0.693147180559945,0.2202719061512272,0.0365278651827856,0.0422182641923427
Reddit,The_Donald,0.0,0.4063657143436639,0.1803707517777026,0.0256139021366834
Reddit,The_Donald,0.0,0.3833468319431408,0.2325116576802222,0.2176348119974136
Reddit,The_Donald,0.0,0.4103921026445218,0.1259511370636469,0.2413144707679748
Reddit,The_Donald,0.0,0.2780866480691566,0.1658546761956263,0.0240603927522897
Reddit,The_Donald,0.0,0.4614262548605489,0.0644756746462507,0.1636209040880203
Reddit,The_Donald,0.693147180559945,0.3805034149487055,0.2794473510450952,0.0555975325405597
Reddit,The_Donald,0.0,0.157241364833156,0.2012621874164641,0.0231033600866794
Reddit,The_Donald,0.693147180559945,0.3175287189902124,0.2931680961639485,0.0658433511853218
Reddit,The_Donald,0.0,0.2583994636261991,0.2239304962740532,0.026189224794507
Reddit,The_Donald,0.0,0.3770667143185511,0.1484230819307363,0.0130108362063765
Reddit,The_Donald,0.0,0.3717648341067971,0.1673421610113351,0.9792182445526124
Reddit,The_Donald,0.0,0.2445100643202932,0.2085590831582413,0.1419999152421951
Reddit,The_Donald,0.693147180559945,0.3987858885416854,0.0848403969302699,0.1397034078836441
Reddit,The_Donald,0.0,0.4534542599032128,0.2592005264433188,0.93077552318573
Reddit,The_Donald,0.0,0.3242031329235921,0.1416787879100005,0.0151031408458948
Reddit,The_Donald,0.0,0.2111289080475969,0.1681496390350231,0.4589356780052185
Reddit,The_Donald,2.07944154167984,0.4002038078494832,0.2585095622231838,0.9669929742813108
Reddit,The_Donald,0.0,0.4122909537565314,0.2435317766345487,0.8518140912055969
Reddit,The_Donald,0.693147180559945,0.4628329525328358,0.2200662295293138,0.1089129745960235
Reddit,The_Donald,0.693147180559945,0.419512579859376,0.1224443027153484,0.0537915974855423
Reddit,The_Donald,0.0,0.3912585441091144,0.1397624745786403,0.0930405035614967
Reddit,The_Donald,0.0,0.3838041572136781,0.1705472872098571,0.9535850882530212
Reddit,The_Donald,0.693147180559945,0.3648250965399585,0.1425347094878744,0.4829647243022919
Reddit,The_Donald,0.693147180559945,0.3028839384926178,0.152662838780543,0.5003268718719482
Reddit,The_Donald,0.0,0.336072364027518,0.2010628625854977,0.0144387166947126
Reddit,The_Donald,2.19722457733622,0.4190646648993645,0.0888040611193671,0.6769015192985535
Reddit,The_Donald,0.0,0.2975367200674179,0.1481654876643584,0.0138677032664418
Reddit,The_Donald,0.0,0.2389194923486703,0.0386421137450141,0.088169164955616
Reddit,The_Donald,1.09861228866811,0.4813238084764143,0.1747808869218128,0.8309499621391296
Reddit,The_Donald,0.693147180559945,0.3934924716672395,0.1665052463464327,0.177911102771759
Reddit,The_Donald,0.693147180559945,0.3966458881225068,0.3195619774129569,0.6238291263580322
Reddit,The_Donald,0.693147180559945,0.3226084274286608,0.2545759800134665,0.0352779701352119
Reddit,The_Donald,0.0,0.4325595059230583,0.1477207735064473,0.0208047423511743
Reddit,The_Donald,0.693147180559945,0.4274730204372374,0.1515590634282161,0.4244563579559326
Reddit,The_Donald,0.0,0.3841712888905982,0.1641534011539918,0.0344987548887729
Reddit,The_Donald,0.0,0.2545271632610511,0.2160982112218979,0.0159724429249763
Reddit,The_Donald,0.0,0.2972327071474593,0.2118395972595806,0.178062692284584
Reddit,The_Donald,0.693147180559945,0.4360049469593489,0.1722632733725012,0.3288040459156036
Reddit,The_Donald,0.0,0.3958059195221982,0.145394351450507,0.0421836450695991
Reddit,The_Donald,0.693147180559945,0.3528316754371828,0.0884679462097542,0.2618651688098907
Reddit,The_Donald,0.693147180559945,0.2538722704312429,0.0390714701645013,0.0648519620299339
Reddit,The_Donald,0.0,0.1794954800979385,0.2032093278403592,0.0267529189586639
Reddit,The_Donald,0.693147180559945,0.3206628098429974,0.1239981929890634,0.0559776313602924
Reddit,The_Donald,1.09861228866811,0.4482521779882058,0.1930484784936778,0.8985063433647156
Reddit,The_Donald,1.38629436111989,0.3370628719667567,0.1340161368472263,0.5089181065559387
Reddit,The_Donald,1.09861228866811,0.4851147675127251,0.1501112504352036,0.0358726121485233
Reddit,The_Donald,0.0,0.3825122030167022,0.1248869259861382,0.2197383195161819
Reddit,The_Donald,0.0,0.41153037129177,0.1384920764648169,0.0368707850575447
Reddit,The_Donald,0.0,0.1521380891582409,0.1292188927822845,0.0153353810310363
Reddit,The_Donald,0.693147180559945,0.4392215982040593,0.170519700491618,0.0387750230729579
Reddit,The_Donald,0.0,0.2438137007028786,0.2131571691013178,0.3040204346179962
Reddit,The_Donald,0.0,0.1714471353012201,0.3077956211117393,0.4388556778430938
Reddit,The_Donald,0.0,0.2610187799735772,0.2768618763566046,0.3593429327011108
Reddit,The_Donald,0.0,0.1705703547515776,0.2424407776331364,0.1276914477348327
Reddit,The_Donald,0.0,0.2239527133174655,0.3268359389426481,0.183429092168808
Reddit,The_Donald,0.0,0.3517102103350968,0.2452245093350637,0.0232213325798511
Reddit,The_Donald,0.0,0.2608045183505782,0.2467967857957729,0.8780089616775513
Reddit,The_Donald,0.693147180559945,0.4386913326830204,0.2762162079791714,0.983362913131714
Reddit,The_Donald,0.0,0.0744877244393436,0.3289901730345703,0.136183813214302
Reddit,The_Donald,1.09861228866811,0.433711167545541,0.2554105867332106,0.1814985871315002
Reddit,The_Donald,0.0,0.117857703724373,0.2116338719131922,0.1065110713243484
Reddit,The_Donald,0.693147180559945,0.3369168527681566,0.1792893266773329,0.064255803823471
Reddit,The_Donald,0.0,0.2320795621515227,0.1478729879269401,0.1127606257796287
Reddit,The_Donald,0.0,0.3187082218957072,0.1819526439488659,0.0763006061315536
Reddit,The_Donald,0.0,0.3808938465342337,0.1784270538898953,0.0185953322798013
Reddit,The_Donald,0.0,0.3580180349815949,0.045613862335496,0.0348585732281208
Reddit,The_Donald,0.693147180559945,0.2575503302045519,0.1403249941955709,0.2035096734762192
Reddit,The_Donald,0.0,0.3765198845761228,0.0661902153067498,0.1692333817481994
Reddit,The_Donald,0.693147180559945,0.2551837322918115,0.3058229868114373,0.0696102231740951
Reddit,The_Donald,0.0,0.4601964732992207,0.5435603772390267,0.9892428517341614
Reddit,The_Donald,1.09861228866811,0.4649083155152883,0.1744673120669261,0.59726482629776
Reddit,The_Donald,1.09861228866811,0.4333295590516315,0.0572421925383211,0.041989766061306
Reddit,The_Donald,0.693147180559945,0.3453456465420693,0.1793147576726826,0.0510350987315177
Reddit,The_Donald,0.0,0.4358012988877771,0.1894326119335986,0.3371984660625458
Reddit,The_Donald,0.0,0.3531761610494379,0.2410061032357289,0.0186407752335071
Reddit,The_Donald,0.0,0.2869411828305164,0.1865275620803812,0.4253900051116944
Reddit,The_Donald,0.0,0.1783774905875367,0.2064368491587794,0.0221441257745027
Reddit,The_Donald,1.09861228866811,0.4395837239115138,0.2253530800550436,0.1230029165744781
Reddit,The_Donald,1.09861228866811,0.3173413615929535,0.1796830051434152,0.1929869204759597
Reddit,The_Donald,0.0,0.3083926814292796,0.286778215125502,0.0470780692994594
Reddit,The_Donald,0.0,0.3288924192112203,0.0808907197222852,0.7995787262916565
Reddit,The_Donald,0.0,0.380409130530239,0.2779515419621743,0.2549170255661011
Reddit,The_Donald,1.38629436111989,0.4673690247001724,0.2386333204913401,0.5391616225242615
Reddit,The_Donald,0.0,0.3715652569121884,0.1148900068202261,0.3505378663539886
Reddit,The_Donald,0.0,0.3557856243007853,0.1392485084525165,0.4459641575813293
Reddit,The_Donald,0.0,0.4750849495849398,0.1190059066765895,0.1549312770366668
Reddit,The_Donald,0.0,0.5170099175428455,0.0972247710211462,0.0646193847060203
Reddit,The_Donald,0.0,0.2517334852763781,0.1841173585641669,0.4070164263248444
Reddit,The_Donald,0.0,0.3218012902745787,0.1796741134968461,0.1365257352590561
Reddit,The_Donald,1.09861228866811,0.4268436912866074,0.1306638227938617,0.1338745355606079
Reddit,The_Donald,0.0,0.3413536943574371,0.2017047830289305,0.9678094983100892
Reddit,The_Donald,0.0,0.5597557577078422,0.3291210038472084,0.0646775737404823
Reddit,The_Donald,0.0,0.2928580257075479,0.1170849019318988,0.8819490671157837
Reddit,The_Donald,0.693147180559945,0.3497036473672996,0.1473764428187045,0.0759365409612655
Reddit,The_Donald,0.693147180559945,0.3219618518781738,0.2145600407907705,0.0780418291687965
Reddit,The_Donald,0.0,0.258745999764654,0.2045533662065331,0.9136581420898438
Reddit,The_Donald,1.38629436111989,0.4564902739798432,0.118055873948215,0.7115374207496643
Reddit,The_Donald,0.0,0.2551341897010181,0.1392056288298802,0.0252864956855773
Reddit,The_Donald,0.0,0.3337905033275329,0.1134717500874906,0.0179767701774835
Reddit,The_Donald,0.0,0.4278749451610742,0.0657216466145444,0.0119515340775251
Reddit,The_Donald,0.693147180559945,0.4373208779210839,0.2184697545152323,0.2839339673519134
Reddit,The_Donald,0.0,0.3082034445148462,0.1603984202308553,0.115893468260765
Reddit,The_Donald,0.693147180559945,0.3819288642494611,-0.016484962590501,0.5836381912231445
Reddit,The_Donald,0.0,0.3614360475283773,0.2073071132850547,0.2826397120952606
Reddit,The_Donald,0.693147180559945,0.3358172799080641,0.2519647332848465,0.7571064829826355
Reddit,The_Donald,0.0,0.4371248432964993,0.1213812110488153,0.6472971439361572
Reddit,The_Donald,0.0,0.2700708454911272,0.2236109090278074,0.0923437550663948
Reddit,The_Donald,1.09861228866811,0.3922753995061859,0.166801475366208,0.0100452238693833
Reddit,The_Donald,1.09861228866811,0.4061110184563526,0.0623825765675143,0.1218716353178024
Reddit,The_Donald,0.0,0.4490966399879433,0.2604757570457559,0.076320394873619
Reddit,The_Donald,0.0,0.3675501916024939,0.2065791419622157,0.0211865026503801
Reddit,The_Donald,0.0,0.3176519335555489,0.1342947948813768,0.0169153902679681
Reddit,The_Donald,0.0,0.1989504743181838,0.2307164737962851,0.1286741942167282
Reddit,The_Donald,0.0,0.3431390938432591,0.1109869364692984,0.0281113609671592
Reddit,The_Donald,0.0,0.3523338587174972,0.2045051127068516,0.0295447241514921
Reddit,The_Donald,0.0,0.3899082702056945,0.1840082957672361,0.0870549008250236
Reddit,The_Donald,0.693147180559945,0.3745527102563877,0.0256152248292811,0.5470136404037476
Reddit,The_Donald,1.38629436111989,0.4811788801100634,0.1566964740835603,0.1521141529083252
Reddit,The_Donald,0.693147180559945,0.404725868193337,0.1763949337311449,0.5009464025497437
Reddit,The_Donald,1.38629436111989,0.4591433417169422,0.0988925971810188,0.0977865979075431
Reddit,The_Donald,1.38629436111989,0.3792719520849237,0.1332236944977368,0.278301477432251
Reddit,The_Donald,0.0,0.0,0.2474822639244594,0.9077464938163756
Reddit,The_Donald,0.0,0.3400037007268061,0.1204482640731194,0.1117670089006424
Reddit,The_Donald,0.693147180559945,0.373704834353764,0.1780932544892988,0.0653261765837669
Reddit,The_Donald,1.09861228866811,0.4972507451522583,0.0835884414336909,0.989282250404358
Reddit,The_Donald,0.0,0.3804254432904798,0.0928554591858759,0.0210798177868127
Reddit,The_Donald,0.693147180559945,0.3610556461725695,0.2000119963523265,0.0413736924529075
Reddit,The_Donald,0.0,0.3949229107458764,0.0938534791393542,0.4184591472148895
Reddit,The_Donald,0.0,0.1508649109868649,0.1530046419636677,0.0152467610314488
Reddit,The_Donald,0.693147180559945,0.3576794703449142,0.2772754658234265,0.6054002046585083
Reddit,The_Donald,0.0,0.396142358010571,0.1570891090454014,0.6232007741928101
Reddit,The_Donald,0.693147180559945,0.3203745670655604,0.1552518452196164,0.0506417118012905
Reddit,The_Donald,0.0,0.2755859888946919,0.2472901334468278,0.0240578912198543
Reddit,The_Donald,0.0,0.4127866893420605,0.0718394704890535,0.6152909994125366
Reddit,The_Donald,0.693147180559945,0.414142128452806,0.0324033209293785,0.0162934269756078
Reddit,The_Donald,0.0,0.3860501927372615,0.1687863296326994,0.0122658787295222
Reddit,The_Donald,0.693147180559945,0.2622651208355612,0.2923851816501233,0.1511569172143936
Reddit,The_Donald,1.38629436111989,0.4081713591624661,0.2506389630141753,0.9683892726898192
Reddit,The_Donald,1.38629436111989,0.342017538563558,0.1916326412225841,0.3175454437732696
Reddit,The_Donald,0.0,0.4347779742012079,0.1590656241390576,0.1632751822471618
Reddit,The_Donald,1.38629436111989,0.3905465976327339,0.1945624932870644,0.9027024507522584
Reddit,The_Donald,0.0,0.4737979887034108,0.1770602161623271,0.1796492785215377
Reddit,The_Donald,0.693147180559945,0.3835075699289735,0.2401202169900775,0.3433611690998077
Reddit,The_Donald,0.0,0.2450384311816775,0.1434737353937066,0.0407912209630012
Reddit,The_Donald,0.0,0.135073916395031,0.1710740738138953,0.0855505019426345
Reddit,The_Donald,0.693147180559945,0.3807996832744164,0.205715636732348,0.0077001051977276
Reddit,The_Donald,0.0,0.3563035994899278,0.1926061574479949,0.3942538499832153
Reddit,The_Donald,0.0,0.3583191938463662,0.2325705401570769,0.8587638735771179
Reddit,The_Donald,0.0,0.3465267657192468,0.2617439763442934,0.8927277326583862
Reddit,The_Donald,0.0,0.3677109060456858,0.1929971046739318,0.4036961197853088
Reddit,The_Donald,0.693147180559945,0.2962603442871738,0.2870495742713133,0.3900217711925506
Reddit,The_Donald,0.693147180559945,0.4402695389780368,0.2485824837820761,0.291183739900589
Reddit,The_Donald,1.38629436111989,0.5034707482302044,0.2412792498236791,0.7086156010627747
Reddit,The_Donald,0.0,0.1684212540379015,0.184013584158758,0.3470360338687897
Reddit,The_Donald,0.693147180559945,0.4566789652791594,0.3116168590069316,0.0549308434128761
Reddit,The_Donald,0.693147180559945,0.5058835631808015,0.2394289406227226,0.8877816796302795
Reddit,The_Donald,0.0,0.3550184926225483,0.1688326192883261,0.115445390343666
Reddit,The_Donald,1.38629436111989,0.2674739091392392,-0.0413138781697055,0.968076765537262
Reddit,The_Donald,1.09861228866811,0.4888429392208409,0.0388040776832152,0.875647246837616
Reddit,The_Donald,0.0,0.2833493820574966,0.2787931059085391,0.9871634244918824
Reddit,The_Donald,0.693147180559945,0.3678507787794421,0.2257883311935928,0.0437299981713295
Reddit,The_Donald,0.693147180559945,0.3621624927682011,0.1471342865052927,0.0874895378947258
Reddit,The_Donald,0.693147180559945,0.3908185250308706,0.1561340993223862,0.774526059627533
Reddit,The_Donald,0.693147180559945,0.4425181129343553,0.1211473661031647,0.0617222972214222
Reddit,The_Donald,0.693147180559945,0.4039750212072138,0.1258670610948016,0.0524285435676574
Reddit,The_Donald,0.693147180559945,0.3734277719935389,0.0954640765390051,0.4448741674423218
Reddit,The_Donald,0.693147180559945,0.3449356739794907,0.1368365398667596,0.5974197387695312
Reddit,The_Donald,0.0,0.2469390986890023,0.1979900633099785,0.5326914191246033
Reddit,The_Donald,0.0,0.4920927757825353,0.1574384206938056,0.106031022965908
Reddit,The_Donald,0.0,0.4966981419153797,0.1521872554276361,0.369226336479187
Reddit,The_Donald,0.693147180559945,0.2995409944797945,0.2431147822572209,0.0572684928774833
Reddit,The_Donald,1.09861228866811,0.4561674011739897,0.1172381736259502,0.1051474288105964
Reddit,The_Donald,0.693147180559945,0.2366747947713493,0.0958333927743793,0.0567715428769588
Reddit,The_Donald,0.0,0.2683133531535042,0.1908741834596279,0.0976637825369834
Reddit,The_Donald,0.0,0.2978636288574144,0.1835693147162297,0.3057500422000885
Reddit,The_Donald,0.693147180559945,0.3198112576779083,0.2449950972796443,0.4779427349567413
Reddit,The_Donald,0.0,0.3070840140795454,0.2134239236123371,0.1010197475552558
Reddit,The_Donald,0.693147180559945,0.461052445573349,0.1036251803673938,0.3807525336742401
Reddit,The_Donald,1.09861228866811,0.4196639422481102,0.1728851809662701,0.0136034209281206
Reddit,The_Donald,0.693147180559945,0.3983463702693061,0.1437203827536395,0.7947909235954285
Reddit,The_Donald,1.94591014905531,0.4199614197752671,0.1675898864675037,0.0340254306793212
Reddit,The_Donald,0.693147180559945,0.3761153073217537,0.154546206957322,0.0426214262843132
Reddit,The_Donald,0.0,0.2670333594325572,0.1064523947027847,0.0186797697097063
Reddit,The_Donald,0.0,0.3232938172464358,0.1898758588879115,0.8400892019271851
Reddit,The_Donald,0.693147180559945,0.4379320566044708,0.1028560263121008,0.9954728484153748
Reddit,The_Donald,0.0,0.2143711470198825,0.3241552292318775,0.0714475363492965
Reddit,The_Donald,1.09861228866811,0.398110558685417,0.2044894394767772,0.4125719666481018
Reddit,The_Donald,0.693147180559945,0.4420559096152212,0.217521099440086,0.1084766313433647
Reddit,The_Donald,0.0,0.3305301967148246,0.1254509623493389,0.8384053707122803
Reddit,The_Donald,0.0,0.2439438327541619,0.2396462781508641,0.0355161279439926
Reddit,The_Donald,1.09861228866811,0.4622367769224867,0.1283318785336349,0.723692774772644
Reddit,The_Donald,0.0,0.4206522799223592,0.1273948597442031,0.8343680500984192
Reddit,The_Donald,0.693147180559945,0.3595908852606037,0.2543875008242106,0.9851434826850892
Reddit,The_Donald,1.6094379124341005,0.3982770322887523,0.0630941386279033,0.8788564205169678
Reddit,The_Donald,0.0,0.2900409359891385,0.2178602740403613,0.2362987995147705
Reddit,The_Donald,0.0,0.4803217286045654,0.3902994013392528,0.4340079724788666
Reddit,The_Donald,0.693147180559945,0.3472993081646778,0.1539570454169995,0.0860921442508697
Reddit,The_Donald,0.0,0.1894173160288462,0.2710845152401552,0.9781706929206848
Reddit,The_Donald,0.693147180559945,0.4602794173455214,0.1666757327921217,0.7540911436080933
Reddit,The_Donald,0.693147180559945,0.2763368227005643,0.2020911125583497,0.0775972828269004
Reddit,The_Donald,0.0,0.2092802495098122,0.2530506545512521,0.0269360393285751
Reddit,The_Donald,0.0,0.2636487664918098,0.0822887464854846,0.9002280831336975
Reddit,The_Donald,0.693147180559945,0.3817876629562548,0.219195368275184,0.0489416196942329
Reddit,The_Donald,0.0,0.3729871714517944,0.0895294076258006,0.0139736020937562
Reddit,The_Donald,1.09861228866811,0.3050540490892257,-0.0656854768640239,0.0746670588850975
Reddit,The_Donald,0.0,0.1342946601098504,0.2088980860182059,0.0429203510284423
Reddit,The_Donald,0.0,0.3405739011460241,0.0793757844810446,0.1573718935251236
Reddit,The_Donald,0.0,0.3834132199637571,0.1988473789070318,0.0100654130801558
Reddit,The_Donald,0.693147180559945,0.4775500167427722,0.243611968907211,0.2197596281766891
Reddit,The_Donald,0.693147180559945,0.3255670015678927,0.1899795624386186,0.9751232266426086
Reddit,The_Donald,0.693147180559945,0.2789090172151804,0.2392000250587612,0.0475625731050968
Reddit,The_Donald,1.38629436111989,0.4699239580234458,0.208158255157268,0.9785699844360352
Reddit,The_Donald,0.693147180559945,0.3941705825764874,0.1014348169238464,0.0156401973217725
Reddit,The_Donald,0.693147180559945,0.2723252730618458,0.2098606854476019,0.026780916377902
Reddit,The_Donald,0.693147180559945,0.2334889851603845,0.1730197068402855,0.0425582639873027
Reddit,The_Donald,0.0,0.3060089348286348,0.1212108693479299,0.0246072337031364
Reddit,The_Donald,0.0,0.311095645029936,0.1874046895528806,0.0509792901575565
Reddit,The_Donald,0.693147180559945,0.2950252666896569,0.1421369651008951,0.0483650304377079
Reddit,The_Donald,0.693147180559945,0.4024491787496138,0.4230333365618526,0.836414635181427
Reddit,The_Donald,0.0,0.2841838735245175,0.1541197558690452,0.0296755079180002
Reddit,The_Donald,0.0,0.1342350427405458,0.331198471258286,0.1317827254533767
Reddit,The_Donald,1.09861228866811,0.3688253678310947,0.0799378917807994,0.2156209051609039
Reddit,The_Donald,0.0,0.2333199145748333,0.1503589755329574,0.0285481065511703
Reddit,The_Donald,0.0,0.4908510327194577,0.2130359469057236,0.0114862332120537
Reddit,The_Donald,0.0,0.3862584813155179,0.1911322486400225,0.0319350808858871
Reddit,The_Donald,0.0,0.2877743897551972,0.086161609724782,0.2335573732852936
Reddit,The_Donald,0.0,0.2338221364073806,0.1802915958745719,0.0367953106760978
Reddit,The_Donald,1.09861228866811,0.3809644346898164,0.174615766036736,0.3085086047649383
Reddit,The_Donald,0.0,0.2746983005439123,0.3725084091428266,0.2759944200515747
Reddit,The_Donald,0.0,0.2784652850524393,0.1719142198126639,0.8676070570945741
Reddit,The_Donald,0.693147180559945,0.3286395280892887,0.1616445515877798,0.0710812881588935
Reddit,The_Donald,0.0,0.2913267857988471,0.1907718711644947,0.0254170056432485
Reddit,The_Donald,1.38629436111989,0.5898678861268879,0.3431139535284064,0.56343013048172
Reddit,The_Donald,0.693147180559945,0.4481107171466982,0.187869366040783,0.1823189705610275
Reddit,The_Donald,0.693147180559945,0.4655222251545203,0.1216579290517723,0.4409321248531341
Reddit,The_Donald,0.0,0.316102391138769,0.1778560685802867,0.8892791867256165
Reddit,The_Donald,0.693147180559945,0.3995348199459929,0.2041377321464839,0.8885606527328491
Reddit,The_Donald,0.0,0.3644430063499405,0.2196686417224988,0.0446665212512016
Reddit,The_Donald,0.0,0.3262910482207181,0.181912739474487,0.5511972904205322
Reddit,The_Donald,0.0,0.2365268587202939,0.1425681209656089,0.088268794119358
Reddit,The_Donald,0.693147180559945,0.3071266952908399,0.3154977030352907,0.3990755379199981
Reddit,The_Donald,0.0,0.5261744538141424,0.2752043834638558,0.043953813612461
Reddit,The_Donald,0.0,0.3636446986836443,0.3398516291421085,0.5176306962966919
Reddit,The_Donald,1.38629436111989,0.3921740181475794,0.1351213578462878,0.0623431913554668
Reddit,The_Donald,1.38629436111989,0.5658573430322729,0.1702862380359172,0.8124818205833435
Reddit,The_Donald,0.693147180559945,0.4290777845631232,0.1648496422368243,0.1356071680784225
Reddit,The_Donald,0.0,0.2001482559218798,0.1186336863646248,0.7442236542701721
Reddit,The_Donald,0.693147180559945,0.4054172509073224,0.0268653770064945,0.462470680475235
Reddit,The_Donald,0.693147180559945,0.4353129004699749,0.138076133873924,0.0177460554987192
Reddit,The_Donald,0.0,0.3876680958123631,0.2481172693394335,0.0306919701397418
Reddit,The_Donald,0.0,0.2002213343445301,0.2140924965884653,0.0431430526077747
Reddit,The_Donald,0.0,0.3584834765201001,0.1920482958403389,0.0791071578860282
Reddit,The_Donald,1.09861228866811,0.4180334038942881,0.0923168859438211,0.7837569117546082
Reddit,The_Donald,0.0,0.3467126535692375,0.19622051662752,0.7654963731765747
Reddit,The_Donald,0.693147180559945,0.2982986328646905,0.1484128917141992,0.9120140075683594
Reddit,The_Donald,1.6094379124341005,0.3962941336120525,0.0614195829165078,0.1472793668508529
Reddit,The_Donald,0.0,0.3084422065002919,0.202069459522963,0.0273849312216043
Reddit,The_Donald,0.0,0.4188675875024881,0.150928071832482,0.0102350823581218
Reddit,The_Donald,0.0,0.4772107250044365,0.1100543562136431,0.0182283446192741
Reddit,The_Donald,2.19722457733622,0.4576898243821415,0.2019406648944937,0.3399085402488708
Reddit,The_Donald,0.0,0.3116159671458744,0.1563132925784301,0.0568298734724521
Reddit,The_Donald,1.38629436111989,0.4448324794615998,0.0835637048408205,0.0287700593471527
Reddit,The_Donald,0.0,0.3165616102190648,0.1482500478065595,0.0519133694469928
Reddit,The_Donald,0.0,0.3407701353571786,0.1666586151350946,0.0345678813755512
Reddit,The_Donald,0.0,0.2840002015197626,0.0035156857433516,0.0275793988257646
Reddit,The_Donald,0.0,0.2371535448151794,0.1076822425174146,0.0148592926561832
Reddit,The_Donald,0.0,0.0506911553166786,0.1183819752747733,0.023747693747282
Reddit,The_Donald,0.0,0.2662525367264386,0.2867758360068266,0.9832095503807068
Reddit,The_Donald,0.0,0.3814811300477704,0.1752942743889839,0.0142075177282094
Reddit,The_Donald,0.0,0.2709024477360409,0.2472705581839923,0.0501705780625343
Reddit,The_Donald,0.0,0.2983543595462589,0.1595722970652205,0.0286968257278204
Reddit,The_Donald,0.693147180559945,0.3782670090420774,0.0646928886209721,0.4309338629245758
Reddit,The_Donald,1.09861228866811,0.415477552807231,0.1002252351492715,0.9889328479766846
Reddit,The_Donald,0.0,0.2746286904926463,0.3006454803276367,0.1812319755554199
Reddit,The_Donald,0.0,0.2985286251798015,0.1834739855773382,0.2007629871368408
Reddit,The_Donald,1.6094379124341005,0.440353400908568,0.1949453323603953,0.0303623583167791
Reddit,The_Donald,0.693147180559945,0.3121794007756572,0.1482768886081965,0.978713035583496
Reddit,The_Donald,0.693147180559945,0.3848886479914618,0.2501813130070784,0.069482572376728
Reddit,The_Donald,1.09861228866811,0.3808220513821217,0.1691374355247043,0.2400362938642501
Reddit,The_Donald,0.0,0.2614664499139088,0.3516944631468282,0.0503022037446498
Reddit,The_Donald,0.693147180559945,0.3895107815042696,0.2740614609198892,0.7081038355827332
Reddit,The_Donald,1.38629436111989,0.4814605929085996,0.1035470664228341,0.071600392460823
Reddit,The_Donald,0.0,0.3735996088152211,0.182651337952192,0.0099105816334486
Reddit,The_Donald,0.0,0.1934842659028652,0.2321601146031683,0.4455163180828095
Reddit,The_Donald,0.693147180559945,0.4428056009918154,0.1573938034148873,0.6718279719352722
Reddit,The_Donald,0.0,0.3105825523308282,0.2258065727490658,0.0156500674784183
Reddit,The_Donald,0.0,0.3644332114996655,0.2488657868634589,0.2445986270904541
Reddit,The_Donald,1.09861228866811,0.4341854993891796,0.1889993421039169,0.1870276778936386
Reddit,The_Donald,0.0,0.3531132981463035,0.1294167797016371,0.0136221293359994
Reddit,The_Donald,0.0,0.3283979436701267,0.1924367907703751,0.6086616516113281
Reddit,The_Donald,0.0,0.2587558489514564,0.2791971306039833,0.0725943595170974
Reddit,The_Donald,0.0,0.360277523728636,0.1544161191119201,0.5635775923728943
Reddit,The_Donald,1.09861228866811,0.3814177983910641,0.2223339525420989,0.0156896840780973
Reddit,The_Donald,1.09861228866811,0.4050291709813596,0.1569206616439278,0.6555691957473755
Reddit,The_Donald,0.0,0.4510537445381726,0.3474695070845999,0.9430489540100098
Reddit,The_Donald,0.0,0.2934920770660596,0.116327913875543,0.0746816545724868
Reddit,The_Donald,0.0,0.3108530593368856,0.2027577859690996,0.0235072746872901
Reddit,The_Donald,0.693147180559945,0.5179693110658544,0.1884518637604022,0.7441570162773132
Reddit,The_Donald,0.0,0.2724454625047992,0.0846307005253071,0.0570075362920761
Reddit,The_Donald,0.0,0.4553249472804806,0.1189913912900242,0.345718115568161
Reddit,The_Donald,0.0,0.3396982301667254,0.1414588504147914,0.0353392846882343
Reddit,The_Donald,0.0,0.3530455414649381,0.3083104930517797,0.3778448104858398
Reddit,The_Donald,1.09861228866811,0.418385989496931,0.178459992852579,0.101260095834732
Reddit,The_Donald,0.0,0.240393736197505,0.2446542995481554,0.027203282341361
Reddit,The_Donald,1.09861228866811,0.5275265688578508,0.3310695158123037,0.9465675950050354
Reddit,The_Donald,0.0,0.4373028502984373,0.0820190080000752,0.0164096113294363
Reddit,The_Donald,0.0,0.3353748820811226,0.1660226871569695,0.0303895305842161
Reddit,The_Donald,1.38629436111989,0.4834378195604952,0.267586588228845,0.9848995208740234
Reddit,The_Donald,0.0,0.2043572115101838,0.1288199271658683,0.0556843727827072
Reddit,The_Donald,0.0,0.2297235925995445,0.1937993926365347,0.0853906869888305
Reddit,The_Donald,0.0,0.1955161630790849,0.2862125623277792,0.1108079925179481
Reddit,The_Donald,0.0,0.3038061848437126,0.2231747531867089,0.4267258942127228
Reddit,The_Donald,0.693147180559945,0.3962937887273243,0.2385110351416459,0.9509737491607666
Reddit,The_Donald,0.693147180559945,0.2750462315363006,0.0187210911209894,0.0526437275111675
Reddit,The_Donald,2.484906649788,0.4497771587957743,0.1408061634519912,0.3280802667140961
Reddit,The_Donald,1.09861228866811,0.5003906744205783,0.1618724868603037,0.8945468664169312
Reddit,The_Donald,1.09861228866811,0.5011166436039036,0.1734743359951929,0.9608346223831176
Reddit,The_Donald,1.09861228866811,0.3944270443241457,0.1367517056036561,0.0102564645931124
Reddit,The_Donald,0.693147180559945,0.4666556439345757,0.2673924792136075,0.5490363836288452
Reddit,The_Donald,0.0,0.1614800102929115,0.184446206619335,0.1872109472751617
Reddit,The_Donald,0.0,0.3227608801461303,0.1872963065777423,0.1218154281377792
Reddit,The_Donald,0.0,0.2511861583832649,0.2142164166762832,0.0343939140439033
Reddit,The_Donald,1.6094379124341005,0.4542885616549838,0.1674968535571445,0.3910169601440429
Reddit,The_Donald,0.0,0.340134360978291,0.1819432257425398,0.0257448740303516
Reddit,The_Donald,0.0,0.2600909730368575,0.1881341751718926,0.057211123406887
Reddit,The_Donald,1.09861228866811,0.2953103019870287,0.2859158834545924,0.96852445602417
Reddit,The_Donald,0.0,0.4127880051218571,0.3119121614955749,0.1140955314040184
Reddit,The_Donald,1.38629436111989,0.4049698530941045,0.1865524155154991,0.1450042426586151
Reddit,The_Donald,0.0,0.0514203339811892,0.1734862468453405,0.0909631699323654
Reddit,The_Donald,0.0,0.3940877747982999,0.3985202672446558,0.8912714719772339
Reddit,The_Donald,0.693147180559945,0.3717444944963827,0.1238763268312216,0.0312112215906381
Reddit,The_Donald,0.0,0.3625937274124244,0.1030927266573677,0.9682859778404236
Reddit,The_Donald,1.09861228866811,0.4914140078725965,0.2569140682107561,0.6716289520263672
Reddit,The_Donald,0.0,0.3654545196595148,0.2827605717782857,0.1804950386285781
Reddit,The_Donald,1.94591014905531,0.511909958149964,0.3218734714590726,0.965675175189972
Reddit,The_Donald,1.09861228866811,0.4732406824210985,0.0396778966657596,0.0155829088762402
Reddit,The_Donald,0.693147180559945,0.4789399407022297,0.1817538768729713,0.9595608711242676
Reddit,The_Donald,0.693147180559945,0.3269890163170492,0.1797163008912516,0.0810243487358093
Reddit,The_Donald,0.0,0.2841117969535208,0.1547637094385934,0.9013144969940186
Reddit,The_Donald,0.0,0.3969680855160454,0.1399160919542004,0.1734170466661453
Reddit,The_Donald,0.693147180559945,0.3915652929955567,0.1576971761895554,0.0372937247157096
Reddit,The_Donald,0.693147180559945,0.2907342178403299,0.3083716030193608,0.3637308776378632
Reddit,The_Donald,0.0,0.2999322163543889,0.1776111413892196,0.0493980608880519
Reddit,The_Donald,0.0,0.3285998171592838,0.2359795080045581,0.2609363794326782
Reddit,The_Donald,0.0,0.3886045980370622,0.1110734802972985,0.0314364731311798
Reddit,The_Donald,0.0,0.2973114009926781,0.1975194013261359,0.9067822098731996
Reddit,The_Donald,0.0,0.4481665619875614,0.1606952945677671,0.0230791252106428
Reddit,The_Donald,0.0,0.3356064733541177,0.1765189185583458,0.0162365641444921
Reddit,The_Donald,0.0,0.4962120702978588,0.3566853029146917,0.9688374996185304
Reddit,Conservative,0.693147180559945,0.4997437547863653,0.1753612500734137,0.020442834123969
Reddit,Conservative,0.0,0.4612917233836578,0.0597678244031019,0.0165354795753955
Reddit,Conservative,0.693147180559945,0.2166912207480354,0.0036170177830534,0.7197909355163574
Reddit,Conservative,0.0,0.2878905841366759,0.1295579327684777,0.0106548434123396
Reddit,Conservative,0.0,0.397729735623969,0.1020327858383151,0.5716335773468018
Reddit,Conservative,0.693147180559945,0.354368178330866,0.3490019948302295,0.8950958251953125
Reddit,Conservative,0.0,0.471368935091903,0.1738906756824766,0.4676373004913329
Reddit,Conservative,0.0,0.3649329474815277,0.1074265503992511,0.2077959179878235
Reddit,Conservative,1.38629436111989,0.3717927237876079,0.0684202423534854,0.953420877456665
Reddit,Conservative,1.09861228866811,0.3488448737795167,0.131139129517859,0.8366107940673828
Reddit,Conservative,0.693147180559945,0.3237456622262256,0.244284244718725,0.1610023975372314
Reddit,Conservative,0.0,0.4306602454033343,0.1763736554808422,0.1007687821984291
Reddit,Conservative,0.693147180559945,0.4214893327012973,0.2091708887319847,0.0177830122411251
Reddit,Conservative,0.693147180559945,0.3708572072948106,0.2947912005930193,0.8079705238342285
Reddit,Conservative,0.0,0.3189385699642451,0.0173320633629449,0.9676491022109984
Reddit,Conservative,0.0,0.4676653788463281,0.1697942980988458,0.0685837715864181
Reddit,Conservative,0.0,0.2615325813572907,0.1475919796861379,0.0545846186578273
Reddit,Conservative,0.0,0.2329605633345802,0.2845008676891961,0.9742257595062256
Reddit,Conservative,0.0,0.3542227133197658,0.132123394454895,0.6965977549552917
Reddit,Conservative,1.09861228866811,0.5658867948386944,0.1566150743025218,0.4863009750843048
Reddit,Conservative,0.0,0.3437647546670854,0.2011885534699147,0.0226928871124982
Reddit,Conservative,0.0,0.4122651447701035,0.1263540042499444,0.0988763719797134
Reddit,Conservative,0.693147180559945,0.5404802197957861,0.3857601507413351,0.964580774307251
Reddit,Conservative,1.38629436111989,0.4415510633985851,0.1141008691900016,0.424597293138504
Reddit,Conservative,0.0,0.3758911764987562,0.3569304115726801,0.0671478062868118
Reddit,Conservative,0.693147180559945,0.4291286559999253,0.1954064266417882,0.5759074687957764
Reddit,Conservative,1.38629436111989,0.3158903546061623,0.2243438021972102,0.7151641249656677
Reddit,Conservative,0.0,0.1110251552112769,0.2856721735118373,0.3453240692615509
Reddit,Conservative,0.693147180559945,0.4542844720055565,0.2482734174712169,0.3936463296413421
Reddit,Conservative,0.0,0.2702666747695395,0.2451490323007019,0.5210753679275513
Reddit,Conservative,0.0,0.4396940279461404,0.0993226612319006,0.3888825178146362
Reddit,Conservative,0.0,0.2469925377868016,0.0740548643675049,0.1310809850692749
Reddit,Conservative,0.693147180559945,0.3923230745272027,0.1779703635992664,0.1701771020889282
Reddit,Conservative,0.693147180559945,0.2820923025087917,0.2085585676133775,0.5976287126541138
Reddit,Conservative,0.0,0.2990789066313479,0.2720580323979773,0.8763877153396606
Reddit,Conservative,0.693147180559945,0.2856474299376894,0.0339343316148727,0.5297529697418213
Reddit,Conservative,0.693147180559945,0.3842693920190069,0.1730319416219607,0.0723025649785995
Reddit,Conservative,1.38629436111989,0.5138583851642035,0.2245473931629087,0.0178832355886697
Reddit,Conservative,0.0,0.2564899796305668,0.1182611895794724,0.2421235591173172
Reddit,Conservative,0.0,0.3863156773766562,0.2312481504379122,0.1331655979156494
Reddit,Conservative,1.09861228866811,0.4170679502220155,0.2321147416609165,0.1699589341878891
Reddit,Conservative,0.693147180559945,0.4091712797403822,0.2591228547202377,0.0471600890159606
Reddit,Conservative,0.0,0.2798429983646347,0.1561929963922643,0.0811664313077926
Reddit,Conservative,0.0,0.1821004861145329,0.2715118714308803,0.7811235189437866
Reddit,Conservative,0.693147180559945,0.3334965505457934,0.2151542910891316,0.9649930000305176
Reddit,Conservative,0.0,0.4167292322259974,0.1500733224873642,0.6365945339202881
Reddit,Conservative,0.693147180559945,0.3417516345306245,0.3312911064883054,0.0587698072195053
Reddit,Conservative,0.0,0.2941211988040152,0.1914208424656595,0.2353930324316025
Reddit,Conservative,0.693147180559945,0.1359451154077155,0.2427669504724185,0.3689654469490051
Reddit,Conservative,0.0,0.3848854388145468,0.156303372792219,0.0314958468079566
Reddit,Conservative,0.693147180559945,0.5571695988114201,0.116676478010388,0.0195798855274915
Reddit,Conservative,0.0,0.2722809988726032,0.2112522131759618,0.0563839934766292
Reddit,Conservative,0.693147180559945,0.3980784103568319,0.0732057970215097,0.058974303305149
Reddit,Conservative,0.0,0.4828341635161405,0.2786597289014515,0.950883448123932
Reddit,Conservative,0.693147180559945,0.4299062278117749,0.2135148288492995,0.3134798109531402
Reddit,Conservative,1.09861228866811,0.3794260856175885,0.1347566802064995,0.011430968530476
Reddit,Conservative,0.693147180559945,0.3271320826425478,0.1847518195305709,0.9133037328720092
Reddit,Conservative,0.693147180559945,0.2969390106404464,0.2441689925158878,0.0450129695236682
Reddit,Conservative,0.0,0.393534570921039,0.2920733688692877,0.0921944007277488
Reddit,Conservative,0.0,0.2888059343050556,0.2137447795987309,0.9708209037780762
Reddit,Conservative,0.0,0.5250563553430329,0.2433615841071923,0.0626962035894393
Reddit,Conservative,0.0,0.4157575386552893,0.1370907863105965,0.011205238290131
Reddit,Conservative,0.693147180559945,0.4049446295739441,0.2273763439190287,0.1926644295454025
Reddit,Conservative,1.09861228866811,0.3661592155436297,0.0484410673216046,0.987380862236023
Reddit,Conservative,0.693147180559945,0.4550010818447612,0.0956407926714061,0.0676323920488357
Reddit,Conservative,1.38629436111989,0.4570129904100529,0.107610785053924,0.0338674783706665
Reddit,Conservative,0.0,0.3411586263796961,0.2027292737426838,0.6721007823944092
Reddit,Conservative,0.0,0.3047658353890857,0.056328418963529,0.9584661722183228
Reddit,Conservative,0.693147180559945,0.4195130456514802,0.2237856947188448,0.3490689098834991
Reddit,Conservative,0.0,0.4399142456202435,0.1573708766943403,0.0471942983567714
Reddit,Conservative,0.0,0.480530519343864,0.2449624598178413,0.7959386110305786
Reddit,Conservative,0.693147180559945,0.2291590073071583,0.0052205814665207,0.5025931000709534
Reddit,Conservative,0.693147180559945,0.3977142384580657,0.2389725090351971,0.5100005269050598
Reddit,Conservative,0.0,0.2284178630685207,0.0941312723010531,0.1355825215578079
Reddit,Conservative,0.0,0.3488167058052953,0.2072846752638407,0.0248520337045192
Reddit,Conservative,0.0,0.3509349208252403,0.0722625583669412,0.1514119505882263
Reddit,Conservative,0.693147180559945,0.4325472200996295,0.2241418248365551,0.0749822631478309
Reddit,Conservative,1.09861228866811,0.2847788979337526,-0.0024015239859947,0.8731456398963928
Reddit,Conservative,1.09861228866811,0.4446299353656271,0.1124465363005738,0.0437187850475311
Reddit,Conservative,0.0,0.3464446666594236,0.1286722434060959,0.0535258166491985
Reddit,Conservative,0.0,0.3458767424013624,0.1810165813449825,0.9828599095344543
Reddit,Conservative,0.0,0.2225254006296557,-0.051975262462158,0.1016852632164955
Reddit,Conservative,0.0,0.3116785027964451,0.0605093193528236,0.0196151100099086
Reddit,Conservative,0.693147180559945,0.4071904543451637,0.1170954236163509,0.9393381476402284
Reddit,Conservative,0.693147180559945,0.221876955944562,0.0402920719953758,0.655631959438324
Reddit,Conservative,1.38629436111989,0.3817655364306943,0.205493951290047,0.0335441604256629
Reddit,Conservative,0.0,0.3114887587585093,0.2080859329230128,0.0198384691029787
Reddit,Conservative,0.693147180559945,0.3240573283605762,0.1728950645469237,0.0725875124335289
Reddit,Conservative,0.693147180559945,0.3678899017846628,0.2600497919536287,0.9702950119972228
Reddit,Conservative,0.0,0.3033626120071088,0.2071425484217418,0.2060607373714447
Reddit,Conservative,0.0,0.2262348806102398,0.3050485766365413,0.2583685219287872
Reddit,Conservative,0.693147180559945,0.3065039346876119,0.2299069407155189,0.0426908507943153
Reddit,Conservative,0.0,0.3856541295979614,0.0664323625109541,0.5040908455848694
Reddit,Conservative,0.693147180559945,0.2777212043454086,0.2589095798736596,0.1062042713165283
Reddit,Conservative,0.0,0.3360214211580928,0.1855182791885334,0.8246678709983826
Reddit,Conservative,1.38629436111989,0.4984330716479968,0.1777885598362023,0.9860389232635498
Reddit,Conservative,0.0,0.1711894150483639,0.2032796339909264,0.4228472411632538
Reddit,Conservative,0.0,0.1278960712481202,0.2303319982799615,0.1809781193733215
Reddit,Conservative,0.693147180559945,0.4608323235661757,0.2044982858853001,0.0208547618240118
Reddit,Conservative,0.0,0.2521141918293723,0.0505764831235879,0.0330760702490806
Reddit,Conservative,0.0,0.403872693228852,0.1946199425893051,0.2229605168104172
Reddit,Conservative,0.693147180559945,0.3527037798104747,0.0634579313374928,0.0616693496704101
Reddit,Conservative,0.0,0.4575816800106796,0.264834426003029,0.6514395475387573
Reddit,Conservative,0.0,0.3911591559479289,0.1453777904971311,0.2994490265846252
Reddit,Conservative,1.09861228866811,0.4468325442531433,0.1879583721934724,0.9932013154029846
Reddit,Conservative,0.0,0.2618159169567359,0.1751917254414472,0.1108411699533462
Reddit,Conservative,0.0,0.3460828575932039,0.1592170991853354,0.1152688339352607
Reddit,Conservative,0.0,0.3977953011969116,0.2435670884596379,0.1599336117506027
Reddit,Conservative,0.0,0.2520291500014538,0.1103852864501257,0.0712494701147079
Reddit,Conservative,0.0,0.4304136894634918,0.2931037776073192,0.0360085628926754
Reddit,Conservative,0.0,0.2040437577050269,0.219691544507352,0.1155174374580383
Reddit,Conservative,0.693147180559945,0.3489381584887036,0.1595562585683053,0.0853695496916771
Reddit,Conservative,0.0,0.2430205723151652,0.1399390056978765,0.0709802582859993
Reddit,Conservative,0.0,0.3553210484780069,0.121766691841124,0.2030782997608184
Reddit,Conservative,1.09861228866811,0.3580506704042668,0.0309852726986927,0.1102209091186523
Reddit,Conservative,0.693147180559945,0.3135955063682733,0.2707780696580906,0.281128466129303
Reddit,Conservative,0.693147180559945,0.4250371383633155,0.2316506005123802,0.2769996225833893
Reddit,Conservative,0.0,0.286742627146323,0.1664858416692022,0.3860362470149994
Reddit,Conservative,0.0,0.3959022801071061,0.1642562419513125,0.9592510461807252
Reddit,Conservative,0.0,0.3505023846744223,0.2314969262260695,0.7191861867904663
Reddit,Conservative,0.0,0.4038846588344154,0.1100317407037374,0.0678184255957603
Reddit,Conservative,1.09861228866811,0.570361469321261,0.1961461944122165,0.7560902237892151
Reddit,Conservative,0.693147180559945,0.390167126768594,0.1610761535363598,0.1262068450450897
Reddit,Conservative,1.38629436111989,0.5242073008900539,0.179865013357283,0.8056573867797852
Reddit,Conservative,1.38629436111989,0.441537702162856,0.1374366193413136,0.9803991913795472
Reddit,Conservative,1.09861228866811,0.3538665180504033,0.1189945770725067,0.9020153284072876
Reddit,Conservative,0.693147180559945,0.2848714751576979,0.1698708673189164,0.0197352562099695
Reddit,Conservative,0.0,0.3244857092630578,0.253597822910189,0.2686747610568999
Reddit,Conservative,0.0,0.2355517487513099,0.2418703456521453,0.066516026854515
Reddit,Conservative,0.0,0.4867150782319668,0.2352283269326293,0.8363677263259888
Reddit,Conservative,0.0,0.2993111726113182,0.1859570912421045,0.0195000246167182
Reddit,Conservative,1.09861228866811,0.494636103386956,0.2918313539788729,0.9960894584655762
Reddit,Conservative,0.693147180559945,0.4256330716051971,0.0652134401942987,0.1775270253419876
Reddit,Conservative,0.0,0.3047887982920944,0.1468407995131567,0.0353163219988346
Reddit,Conservative,0.693147180559945,0.4333313587933854,0.1859257879961826,0.0311286970973014
Reddit,Conservative,0.0,0.3579098485084029,0.1612556743033924,0.4920012652873993
Reddit,Conservative,1.09861228866811,0.4472846786599372,0.2146872202658556,0.8713496923446655
Reddit,Conservative,0.693147180559945,0.4001494017687917,0.1563367749614416,0.4377231001853943
Reddit,Conservative,1.09861228866811,0.3422478664358431,0.0762432832939156,0.0223843902349472
Reddit,Conservative,0.693147180559945,0.1557982979228475,0.2588046946393678,0.8098216652870178
Reddit,Conservative,0.693147180559945,0.3618403261592299,0.2045861933377775,0.2180815786123276
Reddit,Conservative,1.09861228866811,0.4271833035447009,0.3334761314312344,0.9814170002937316
Reddit,Conservative,0.693147180559945,0.3659629943600415,0.0891734239496608,0.0809328034520149
Reddit,Conservative,0.693147180559945,0.3446721769890302,0.1937702721204064,0.9447919130325316
Reddit,Conservative,0.0,0.4241032234066502,0.0896959377581611,0.2405645549297333
Reddit,Conservative,0.0,0.5512065152840118,0.3350293950257251,0.9633187651634216
Reddit,Conservative,0.0,0.3608132930754255,0.1892672122265201,0.017013119533658
Reddit,Conservative,0.0,0.2827820118844566,0.0707724418913528,0.0238996744155883
Reddit,Conservative,0.0,0.3233999030003311,0.243358883159835,0.018617546185851
Reddit,Conservative,0.693147180559945,0.4409362807633951,0.2925103186258903,0.0136557947844266
Reddit,Conservative,0.693147180559945,0.4197791020771627,0.1920445306823497,0.603765606880188
Reddit,Conservative,0.693147180559945,0.5293714384638261,0.0133877018865256,0.7439290285110474
Reddit,Conservative,0.693147180559945,0.2913290423604746,0.154606683264456,0.8331241607666016
Reddit,Conservative,1.38629436111989,0.4289778805238643,0.1761954219861363,0.3697602450847626
Reddit,Conservative,0.0,0.3994068549927773,0.183173074751497,0.0452894680202007
Reddit,Conservative,0.693147180559945,0.2288891112737421,0.1411885439679221,0.1283608675003051
Reddit,Conservative,0.0,0.3252543053284534,0.2193683770982064,0.0683864429593086
Reddit,Conservative,0.693147180559945,0.3540433894489658,0.1636447808357641,0.2063058763742447
Reddit,Conservative,0.0,0.4276165474312032,0.1507145708287331,0.2424742728471756
Reddit,Conservative,0.0,0.2597889964540879,0.2166344102773585,0.0552539490163326
Reddit,Conservative,0.0,0.3131690579287487,0.159364474244474,0.2348272651433945
Reddit,Conservative,0.693147180559945,0.3964928393606124,0.1556105368382127,0.7392171621322632
Reddit,Conservative,0.693147180559945,0.4436104025710851,0.1059519914149363,0.9718729853630066
Reddit,Conservative,0.693147180559945,0.2403656115531861,0.1980817082332565,0.0262509956955909
Reddit,Conservative,0.0,0.4358981878628947,0.0882769817698148,0.0426636934280395
Reddit,Conservative,0.0,0.2504115958444192,0.1862680541124879,0.8305351734161377
Reddit,Conservative,0.0,0.4295182940034228,0.2241064804804488,0.7947674393653871
Reddit,Conservative,0.693147180559945,0.3095608729962714,0.3111764615424961,0.4045981466770172
Reddit,Conservative,0.693147180559945,0.4471470925653469,0.0993159382518809,0.0503218583762645
Reddit,Conservative,0.0,0.3849903563358878,0.3173003536113338,0.026807339861989
Reddit,Conservative,0.693147180559945,0.41685976041503,0.1500735727445059,0.7594122290611267
Reddit,Conservative,1.09861228866811,0.3712335278943722,0.2833958827082856,0.9855706691741944
Reddit,Conservative,0.0,0.3741681713118673,0.2228653658879473,0.6480842232704163
Reddit,Conservative,1.09861228866811,0.3726271873408115,0.1238798029837052,0.1465102583169937
Reddit,Conservative,0.0,0.1783978004628014,0.2918800030146122,0.8976410031318665
Reddit,Conservative,0.693147180559945,0.5030330021253588,0.1570454487048612,0.9793314933776855
Reddit,Conservative,0.693147180559945,0.4272741360251679,0.2440025316812026,0.1170504838228225
Reddit,Conservative,0.0,0.4542153337584428,0.2632661749992745,0.0289939828217029
Reddit,Conservative,1.09861228866811,0.3221779445521806,0.1799614772655683,0.6711023449897766
Reddit,Conservative,0.0,0.3042483279199215,0.2587191432861315,0.0972918942570686
Reddit,Conservative,0.0,0.2940097172557796,0.1912017104370973,0.0401710420846939
Reddit,Conservative,0.0,0.4337731892320124,0.1476266232676037,0.0604815632104873
Reddit,Conservative,0.0,0.3125077714074746,0.2512580915328947,0.0498581118881702
Reddit,Conservative,0.693147180559945,0.5746148775183011,0.1700536683432283,0.579792320728302
Reddit,Conservative,1.09861228866811,0.5735405579596803,0.1663995274757189,0.8876510858535767
Reddit,Conservative,0.0,0.3804424526379712,0.1879977170464285,0.0250059831887483
Reddit,Conservative,0.0,0.3589265640119529,0.1540116384213865,0.1220320463180542
Reddit,Conservative,0.693147180559945,0.2503785349373177,0.1385277431294273,0.104042924940586
Reddit,Conservative,0.693147180559945,0.2665111675389377,0.1202958988608435,0.9790335297584534
Reddit,Conservative,0.0,0.4298649602160935,0.1520964358330895,0.0909433439373969
Reddit,Conservative,1.09861228866811,0.3912209710291331,0.1655535495584327,0.0111506888642907
Reddit,Conservative,0.0,0.4146442915928763,0.1489617117720517,0.0116473939269781
Reddit,Conservative,1.09861228866811,0.3354260310588128,0.1364036463339321,0.988699734210968
Reddit,Conservative,0.0,0.356626471086041,0.0069997720164155,0.0520446710288524
Reddit,Conservative,0.0,0.3105239094290506,0.2581601815039625,0.0192732978612184
Reddit,Conservative,1.09861228866811,0.342797686866758,0.0411789377051148,0.0632912740111351
Reddit,Conservative,0.693147180559945,0.3961335175566656,0.1486611690544955,0.2206512540578842
Reddit,Conservative,1.09861228866811,0.4508434717153625,0.2729740299155488,0.7610574960708618
Reddit,Conservative,1.09861228866811,0.4357402884523326,0.1896890355473675,0.2921704351902008
Reddit,Conservative,0.693147180559945,0.2142738878077591,0.0150044572232727,0.0472852662205696
Reddit,Conservative,0.0,0.3330025415532237,0.2072553311818281,0.118434876203537
Reddit,Conservative,0.0,0.3901464196846635,0.2940743216103664,0.349198967218399
Reddit,Conservative,0.0,0.3797814259739471,0.1738673445869337,0.0296135507524013
Reddit,Conservative,0.693147180559945,0.4432359915128758,0.2280244912606236,0.924856960773468
Reddit,Conservative,0.0,0.4107587320390749,0.2837167244738385,0.9847469329833984
Reddit,Conservative,0.693147180559945,0.4707103010538549,0.1938576920158889,0.1184003725647926
Reddit,Conservative,0.0,0.3481665491434669,0.1785815200236327,0.014771370217204
Reddit,Conservative,0.0,0.4615239977762912,0.2175339514018573,0.3612111508846283
Reddit,Conservative,0.693147180559945,0.4267839830402071,0.2129215473987334,0.8025211691856384
Reddit,Conservative,1.09861228866811,0.3856569111488799,0.1819477323316958,0.928472638130188
Reddit,Conservative,1.38629436111989,0.3237219762278426,0.1869263996718181,0.5878689885139465
Reddit,Conservative,0.693147180559945,0.384644713562849,0.0947880417569106,0.9740075469017028
Reddit,Conservative,1.38629436111989,0.3907163887029644,0.2175727235517799,0.3699604272842407
Reddit,Conservative,1.09861228866811,0.4384835055439657,0.2308800996785258,0.9635189771652222
Reddit,Conservative,0.0,0.3900471964934483,0.1094422491639767,0.022271504625678
Reddit,Conservative,0.0,0.2765105871539005,0.1591671606785351,0.0415862761437892
Reddit,Conservative,0.0,0.3987025870838758,0.1899888046815145,0.5480777025222778
Reddit,Conservative,0.0,0.3548113830244739,0.1926187658001788,0.0353897586464881
Reddit,Conservative,0.0,0.3355633824588901,0.1970102448048599,0.0196997169405221
Reddit,Conservative,0.693147180559945,0.3450124290334638,0.1927587433129289,0.2871372103691101
Reddit,Conservative,0.0,0.4855778169910006,0.1494481282089098,0.8522191643714905
Reddit,Conservative,0.693147180559945,0.197571636026249,0.1464585799326554,0.3263337016105652
Reddit,Conservative,0.0,0.2422930475118259,0.2902660449125233,0.0673405900597572
Reddit,Conservative,0.693147180559945,0.4524072149601747,0.2822716422397656,0.0770234242081642
Reddit,Conservative,0.693147180559945,0.4113122694959737,0.1604587679912934,0.9863616228103638
Reddit,Conservative,1.09861228866811,0.4212015835384789,0.1379510469812464,0.7493259310722351
Reddit,Conservative,0.0,0.3802739587484656,0.1172296621806587,0.6649596095085144
Reddit,Conservative,0.693147180559945,0.5131413989723789,0.2687694831817111,0.0265437774360179
Reddit,Conservative,1.09861228866811,0.4096751042454839,0.3519823426685969,0.1711159795522689
Reddit,Conservative,0.693147180559945,0.4439393856039405,0.2131133518451026,0.0170192271471023
Reddit,Conservative,0.0,0.2535369470183464,0.2235920567264933,0.0313687175512313
Reddit,Conservative,0.0,0.2696763530704176,0.2405405135918769,0.101435050368309
Reddit,Conservative,0.693147180559945,0.4444839826196988,0.1453920513665177,0.0207414776086807
Reddit,Conservative,0.0,0.1809988521932654,0.2374567692568648,0.0268384404480457
Reddit,Conservative,0.0,0.3477189570350316,0.052708064044927,0.0263375788927078
Reddit,Conservative,0.0,0.3078940986663623,0.2445618491081316,0.8325721621513367
Reddit,Conservative,0.0,0.3617730660625782,0.2541179468991423,0.3495195806026459
Reddit,Conservative,0.0,0.2189919676061988,0.1660387219105552,0.6178056597709656
Reddit,Conservative,0.0,0.3880241158651295,0.2684008488626582,0.0901161581277847
Reddit,Conservative,0.0,0.2493079598520451,0.032601781399524,0.0183072593063116
Reddit,Conservative,0.0,0.3641289357692094,0.1813512088930955,0.6460767388343811
Reddit,Conservative,0.0,0.3573799538017405,0.200034143747266,0.3109177649021149
Reddit,Conservative,0.0,0.4106523827526697,0.2562157435353643,0.1826019287109375
Reddit,Conservative,0.0,0.3890856366396774,0.2047430563676572,0.0258850455284118
Reddit,Conservative,0.0,0.395031332243777,0.1251733625191258,0.1073267757892608
Reddit,Conservative,0.0,0.3158855223817054,0.2755967083389604,0.0428127087652683
Reddit,Conservative,0.0,0.55070988574611,0.147232610514872,0.1555157452821731
Reddit,Conservative,1.38629436111989,0.3560061956923103,0.0814851633960434,0.9508551955223083
Reddit,Conservative,0.0,0.3639123190040906,0.2062267728595235,0.2134194374084472
Reddit,Conservative,0.0,0.3821803500112096,0.1155153485448737,0.0917504280805587
Reddit,Conservative,1.09861228866811,0.5213780817685693,0.1450875524592574,0.9596365094184875
Reddit,Conservative,1.09861228866811,0.3484814528174664,0.1377224457868815,0.7862048745155334
Reddit,Conservative,0.0,0.3974816670321629,0.164747766792934,0.2107479572296142
Reddit,Conservative,0.693147180559945,0.3922551448111111,0.3568860962897436,0.775579571723938
Reddit,Conservative,0.693147180559945,0.3169505234603066,0.0931491418474965,0.5458132624626161
Reddit,Conservative,0.0,0.3707275547494381,0.1618159149197751,0.2350980192422867
Reddit,Conservative,0.693147180559945,0.2642149285334251,0.074651593899715,0.0326563343405723
Reddit,Conservative,0.0,0.2552677583975191,0.1366194198981593,0.3964887261390686
Reddit,Conservative,0.693147180559945,0.5320668627331984,0.2894386939929101,0.5263120532035828
Reddit,Conservative,0.0,0.2695150268204553,0.2720324883546941,0.7999206781387329
Reddit,Conservative,0.0,0.4426821032594449,0.2298305911129336,0.659010112285614
Reddit,Conservative,0.693147180559945,0.5032156890536827,0.2030998811231359,0.7237204313278198
Reddit,Conservative,0.0,0.3464632338304687,0.3442900077577106,0.2954738140106201
Reddit,Conservative,0.0,0.3132959087664773,0.0811458934306166,0.008594955317676
Reddit,Conservative,0.0,0.4105238400679802,0.1407449972789063,0.1372400969266891
Reddit,Conservative,0.0,0.3530593373506421,0.1212082059873054,0.9404891133308412
Reddit,Conservative,0.693147180559945,0.4356037944838951,0.2135257478904219,0.8831602334976196
Reddit,Conservative,0.0,0.2675857406145231,0.1174288283535271,0.9723731875419616
Reddit,Conservative,0.0,0.4045778910384374,0.1006819250684532,0.0229706838726997
Reddit,Conservative,1.09861228866811,0.240946818991957,0.187189995427228,0.4225478172302246
Reddit,Conservative,0.0,0.4322272138832329,0.1238761854817287,0.0236104149371385
Reddit,Conservative,1.6094379124341005,0.5420389391049626,0.2250076028088171,0.9524896740913392
Reddit,Conservative,0.693147180559945,0.3725603912083535,0.2900892268420775,0.9709846377372742
Reddit,Conservative,0.0,0.1868069047004001,0.2913965355046067,0.0788477957248687
Reddit,Conservative,1.09861228866811,0.4227158165539577,0.195644637469817,0.1512393802404403
Reddit,Conservative,1.38629436111989,0.521337148149569,0.2592888244197812,0.4109840095043182
Reddit,Conservative,0.0,0.402879421189633,0.1633333986809002,0.5348688364028931
Reddit,Conservative,0.0,0.3259968618760538,0.3220349983433083,0.8910287618637085
Reddit,Conservative,1.79175946922805,0.5114990986678276,0.1073617737421947,0.955074906349182
Reddit,Conservative,0.693147180559945,0.4030716773483793,0.3553153154446026,0.1863279640674591
Reddit,Conservative,0.693147180559945,0.4681951024655988,0.2755542761853852,0.9852007627487184
Reddit,Conservative,0.0,0.4008310249218539,0.1585673693480128,0.1927723884582519
Reddit,Conservative,0.693147180559945,0.3647978916664531,0.1576871258587449,0.0699362605810165
Reddit,Conservative,0.0,0.2530401882353226,0.2735329053091632,0.3871709406375885
Reddit,Conservative,0.693147180559945,0.3399023740298687,0.0109865560891714,0.1560579687356948
Reddit,Conservative,0.693147180559945,0.4048868250097267,0.2429281164519549,0.9844916462898254
Reddit,Conservative,1.09861228866811,0.3539719249918795,0.0712489865741934,0.9629685878753662
Reddit,Conservative,0.0,0.3001961398393982,0.2205161970483195,0.1904451102018356
Reddit,Conservative,1.6094379124341005,0.3484411077729577,0.146792432159678,0.9949330687522888
Reddit,Conservative,0.0,0.2450698375972628,0.1552574273554959,0.0401503816246986
Reddit,Conservative,0.0,0.4500649533382307,0.2942821184019412,0.882663905620575
Reddit,Conservative,0.0,0.1731000157680047,0.0967753716148489,0.0908589586615562
Reddit,Conservative,0.0,0.3072219056136862,0.2060825286036214,0.8684015870094299
Reddit,Conservative,1.09861228866811,0.3813991799301784,0.2361251090590921,0.1660112738609314
Reddit,Conservative,1.09861228866811,0.3363060045137538,0.2419084197990157,0.1024797037243843
Reddit,Conservative,1.09861228866811,0.4197348866192644,0.1563794499810571,0.4532475769519806
Reddit,Conservative,0.0,0.4339196926263126,0.0870324664271511,0.0230683162808418
Reddit,Conservative,1.38629436111989,0.4432651343229832,0.0700852149490587,0.5646392703056335
Reddit,Conservative,0.0,0.2863135920321971,0.2029188600445065,0.0638037845492363
Reddit,Conservative,0.0,0.1072837951387565,0.0630090754576145,0.2222821861505508
Reddit,Conservative,0.0,0.1598732198669573,0.1765932827553319,0.1675764918327331
Reddit,Conservative,0.0,0.3210804615418628,0.1565034250708511,0.0775336697697639
Reddit,Conservative,0.0,0.3573139064405894,0.3288413807085529,0.7074885964393616
Reddit,Conservative,0.0,0.2564641963300635,0.1127763599549847,0.0175671204924583
Reddit,Conservative,0.0,0.4308586923612654,0.2084193289387639,0.3083464503288269
Reddit,Conservative,0.0,0.3792914792370435,0.2102849489975969,0.2561928033828735
Reddit,Conservative,0.0,0.3038262952239865,0.1935906589497051,0.3704999089241028
Reddit,Conservative,0.0,0.4719885443907856,0.2002428102697002,0.1003017127513885
Reddit,Conservative,0.0,0.3538435563569701,0.0960939166906126,0.0226201862096786
Reddit,Conservative,0.693147180559945,0.4020718496026334,0.2840509667552193,0.4038091897964477
Reddit,Conservative,0.0,0.2986113432094611,0.1937861078159068,0.6649233102798462
Reddit,Conservative,0.0,0.2946923538002016,0.1913096142330683,0.2419602572917938
Reddit,Conservative,0.693147180559945,0.341304122877139,0.2084589902018855,0.59339439868927
Reddit,Conservative,0.693147180559945,0.3255982428190473,0.1027118444001411,0.124101385474205
Reddit,Conservative,1.09861228866811,0.4505365482150109,0.0928201970829897,0.0866062268614769
Reddit,Conservative,0.0,0.2761710249457826,0.0090408075584472,0.0529773719608783
Reddit,Conservative,0.0,0.3664346067772484,0.0876859819463178,0.4707751870155335
Reddit,Conservative,0.0,0.3188276709622391,0.3643920125205209,0.5856776833534241
Reddit,Conservative,1.09861228866811,0.4424489260528166,0.2400092420143292,0.1174727082252502
Reddit,Conservative,0.0,0.3974850757342725,0.1017299478489529,0.0586426928639411
Reddit,Conservative,0.693147180559945,0.2890039688806036,0.1389468512852412,0.1133942753076553
Reddit,Communism,3.29583686600433,0.5313327020065514,0.2090276575593646,0.8018298149108887
Reddit,Communism,0.693147180559945,0.3282717228930797,0.1327336068334823,0.0138453096151351
Reddit,Communism,0.693147180559945,0.4582123995462213,0.0518769742541526,0.1531047821044922
Reddit,Communism,0.693147180559945,0.4085281932952539,0.1898877931107916,0.3539267778396606
Reddit,Communism,0.0,0.3184889509207297,0.0816886446712382,0.0130592677742242
Reddit,Communism,1.09861228866811,0.3899499831049663,0.1842338498453567,0.022249175235629
Reddit,Communism,0.0,0.2597978915040705,0.0386613462088244,0.1112661436200142
Reddit,Communism,1.09861228866811,0.2628636789319724,0.0636686990443536,0.0695531070232391
Reddit,Communism,1.09861228866811,0.4446656639825397,0.2539548902042648,0.0455307289958
Reddit,Communism,0.0,0.4099114275965391,0.2232766609753943,0.3324366509914398
Reddit,Communism,0.693147180559945,0.5880490822107601,0.1202713885556721,0.2958284616470337
Reddit,Communism,1.09861228866811,0.4100672981884055,0.1781968301986574,0.0128051238134503
Reddit,Communism,0.0,0.4234886308558906,0.1318072645699557,0.0111953318119049
Reddit,Communism,1.38629436111989,0.4589620750438582,0.2279152148209674,0.6954949498176575
Reddit,Communism,1.79175946922805,0.4080611109186011,0.1651992043869546,0.2658988237380981
Reddit,Communism,0.693147180559945,0.4482264813862431,0.2609129363679163,0.9631800651550292
Reddit,Communism,0.693147180559945,0.2525555514033268,0.1609785200258244,0.0627696067094802
Reddit,Communism,0.0,0.380224913315058,0.1603216348265085,0.6008250713348389
Reddit,Communism,0.693147180559945,0.3231857788071499,0.2938284554460824,0.3341377377510071
Reddit,Communism,0.693147180559945,0.5378701421191489,0.1714222604492792,0.5111783146858215
Reddit,Communism,2.19722457733622,0.4879962991457743,0.1719046732593741,0.0839231014251709
Reddit,Communism,3.89182029811063,0.5616404321609151,0.2191492706962049,0.926357090473175
Reddit,Communism,0.0,0.483450689790967,0.3104560458006252,0.6618483662605286
Reddit,Communism,1.94591014905531,0.5113156067447655,0.1197604403405912,0.4073826670646668
Reddit,Communism,0.0,0.2832038950136549,0.0979405144952683,0.1865332424640655
Reddit,Communism,0.0,0.3380057236375666,0.1065746939570692,0.0663776844739914
Reddit,Communism,2.19722457733622,0.4560386188609325,0.0574078578693588,0.6038403511047363
Reddit,Communism,0.693147180559945,0.2773786186001899,0.3362925716858636,0.923482358455658
Reddit,Communism,0.693147180559945,0.2359824777019842,0.1752759792269571,0.0530499778687954
Reddit,Communism,0.0,0.2307896084451828,0.4253860966256131,0.0551903620362281
Reddit,Communism,0.0,0.3645953361037831,0.0255675370513523,0.7094445824623108
Reddit,Communism,0.693147180559945,0.5407193381023524,0.2359228121306739,0.4197285771369934
Reddit,Communism,0.693147180559945,0.3822032049655692,0.2302734342801956,0.0256582833826541
Reddit,Communism,1.38629436111989,0.5013661158772663,0.1452394617804446,0.0363070107996463
Reddit,Communism,1.09861228866811,0.5060599011863606,0.0703545774648063,0.0430692359805107
Reddit,Communism,0.0,0.3145142095132188,0.1766717121163259,0.1272100657224655
Reddit,Communism,3.4657359027997297,0.5357623691581408,0.0598371004197772,0.7052239179611206
Reddit,Communism,0.693147180559945,0.367422997939352,0.1229353194706521,0.1281304061412811
Reddit,Communism,0.0,0.2588991061593887,0.2542081780767126,0.4342270493507385
Reddit,Communism,1.38629436111989,0.4991177560214954,0.2363842133608516,0.0288916081190109
Reddit,Communism,1.79175946922805,0.5091736158637001,0.1296631392784963,0.1914884001016616
Reddit,Communism,0.693147180559945,0.4383525990513417,0.2521730747473232,0.0304763372987508
Reddit,Communism,0.693147180559945,0.4326721106070423,0.2254421543461106,0.0488013662397861
Reddit,Communism,0.693147180559945,0.4195130456514802,0.1919873927601902,0.3792293667793274
Reddit,Communism,1.6094379124341005,0.4816994636079982,0.1498905148546252,0.0304787568747997
Reddit,Communism,1.6094379124341005,0.424095314172405,0.1002135377626728,0.2862553000450134
Reddit,Communism,0.693147180559945,0.43413294684354,0.25514459905811,0.0867420211434364
Reddit,Communism,1.79175946922805,0.5594940125484492,0.0142295424880204,0.9548911452293396
Reddit,Liberal,0.693147180559945,0.4541926700945581,0.3192343045048158,0.7307610511779785
Reddit,Liberal,0.0,0.3015063002308591,0.3490077578694961,0.5184723138809204
Reddit,Liberal,0.0,0.3200066953774109,0.0929064412596502,0.0249395109713077
Reddit,Liberal,0.0,0.3927118842098985,0.1894081732245428,0.1269218921661377
Reddit,Liberal,0.693147180559945,0.1824741228905285,0.2243727801173499,0.8448310494422913
Reddit,Liberal,0.693147180559945,0.4033844689638287,0.0373559809180301,0.072595790028572
Reddit,Liberal,1.6094379124341005,0.4867313935005191,0.0507402492108446,0.2298015505075455
Reddit,Liberal,0.0,0.3628942835397969,0.3278928208993378,0.9551036953926086
Reddit,Liberal,0.0,0.3697076394823073,0.2017466968587115,0.0187505967915058
Reddit,Liberal,0.0,0.4195619069463588,0.230731657336873,0.5838377475738525
Reddit,Liberal,0.0,0.4070024407048356,0.1622317170425805,0.081260934472084
Reddit,Liberal,0.0,0.3936320049182419,0.1761866015229887,0.0324250347912311
Reddit,Liberal,0.693147180559945,0.4131071689943678,0.1103600943325756,0.175972118973732
Reddit,Liberal,2.5649493574615403,0.4995063990920644,0.1455936156031343,0.990481972694397
Reddit,Liberal,0.0,0.3926065413006611,0.0198368135778552,0.296437531709671
Reddit,Liberal,3.63758615972639,0.4987778295776087,0.134956445881499,0.8429311513900757
Reddit,Liberal,0.0,0.2072054253071256,0.1370485222014096,0.0577855817973613
8chan,TV,0.0,0.3621396752271305,0.1970039996059024,0.1046807691454887
8chan,TV,0.0,0.2157252940889192,0.1285202538105272,0.1936195790767669
8chan,TV,0.0,0.393191051043857,0.1744555642534684,0.0810912102460861
8chan,TV,2.3978952727983702,0.4251784368224905,0.1627779954970872,0.028713634237647
8chan,TV,0.693147180559945,0.4320325256855526,0.2453429406653549,0.961414873600006
8chan,TV,1.09861228866811,0.4946094656930668,0.1451765349264694,0.3740590810775757
8chan,TV,0.693147180559945,0.3918984485886022,0.1557631794982406,0.892918050289154
8chan,TV,1.38629436111989,0.467246317990187,0.2282626052517254,0.6884540915489197
8chan,TV,0.693147180559945,0.3443019703348997,0.1383657444688206,0.4960306584835053
8chan,TV,2.07944154167984,0.4427950586660259,0.1894323194355805,0.2099563628435135
8chan,TV,3.13549421592915,0.4646684510220312,0.1975992323138682,0.5847923755645752
8chan,TV,0.0,0.0,0.2628444587724301,0.0445010140538215
8chan,TV,1.94591014905531,0.5314212055743833,0.1805967464390866,0.2204982042312622
8chan,TV,2.3978952727983702,0.4694348886075157,0.1909623290153432,0.5895912051200867
8chan,TV,1.6094379124341005,0.4298552455583189,0.1809327547072473,0.092149332165718
8chan,TV,3.29583686600433,0.4605219759674457,0.1182709258852528,0.4182049036026001
8chan,TV,1.38629436111989,0.4279405169625624,0.203785004538506,0.9495803713798524
8chan,TV,1.79175946922805,0.4328899117916042,0.127720520820568,0.4407403469085693
8chan,TV,0.0,0.3891541297774291,0.1374454581671459,0.0485671535134315
8chan,TV,0.0,0.3238533127676545,0.2120018442510058,0.0384773388504982
8chan,TV,0.693147180559945,0.1903921299633652,0.2342088704377631,0.1513337939977646
8chan,TV,1.79175946922805,0.410095411478645,0.1722345187127734,0.2525244057178497
8chan,TV,1.79175946922805,0.4379994628097054,0.2066604804602205,0.1273600906133651
8chan,TV,2.07944154167984,0.4734223286153282,0.2662006906640048,0.1719181537628173
8chan,TV,0.693147180559945,0.2617136365316512,0.1712764714953235,0.2510939240455627
8chan,TV,0.0,0.4668631333812386,0.2608365565429579,0.812376856803894
8chan,TV,1.38629436111989,0.4659639602313084,0.1543136927598346,0.2505212724208832
8chan,TV,2.63905732961526,0.5309833044858165,0.1984887820527027,0.1342940479516983
8chan,TV,0.0,0.3676511261120759,0.1988523740305132,0.1102450862526893
8chan,TV,0.0,0.3633948917687558,0.2334105706065505,0.0545457154512405
8chan,TV,0.0,0.2632845596559356,0.0721923387209441,0.0474436059594154
8chan,TV,0.0,0.322667655008156,0.2365866346949787,0.5130172967910767
8chan,TV,0.0,0.0,0.2461433541311135,0.2996379137039185
8chan,POL,0.0,0.4049651121786848,0.1842917979255473,0.0243702232837677
8chan,POL,1.79175946922805,0.4768376155171411,0.2638714647615407,0.2300755232572555
8chan,POL,2.3978952727983702,0.4993245001871341,0.2619012977850116,0.8325824737548828
8chan,POL,2.83321334405622,0.4848356222920539,0.2195757600831601,0.8498009443283081
8chan,POL,0.693147180559945,0.3345951309597853,0.070330001251975,0.0212703011929988
8chan,POL,3.218875824868201,0.5527935192888317,0.2322072770978785,0.938496232032776
8chan,POL,2.7080502011022096,0.5323999077881656,0.280116336738672,0.8690621256828308
8chan,POL,4.14313472639153,0.5177222140733005,0.2095672777421952,0.99509996175766
8chan,POL,1.6094379124341005,0.4028735972411439,0.2493005257865019,0.0179967824369668
8chan,POL,2.07944154167984,0.4924257480948906,0.2298147338659724,0.8763080835342407
8chan,POL,0.693147180559945,0.4018940201210739,0.2507685635299489,0.0290412940084934
8chan,POL,2.3978952727983702,0.4692852022952695,0.2170934348084769,0.0758690312504768
8chan,POL,2.63905732961526,0.49301714915096,0.3713089043838924,0.0903064087033271
8chan,POL,3.66356164612965,0.5424865625756135,0.2721331300162486,0.2077887803316116
8chan,POL,2.30258509299405,0.4944086478635572,0.2283849179413303,0.9703059196472168
8chan,POL,1.6094379124341005,0.4842688873100283,0.1693382274949238,0.90960693359375
8chan,POL,1.94591014905531,0.5441916346022956,0.1719945270844341,0.8032870888710022
8chan,POL,2.19722457733622,0.4452671181419786,0.3181640782623584,0.1069362610578537
8chan,POL,2.30258509299405,0.5242881702827294,0.2714405220734243,0.6286184787750244
8chan,POL,1.09861228866811,0.4307286306420968,0.3095892881003062,0.0205394681543111
8chan,POL,2.484906649788,0.4867253369805571,0.1925313472758176,0.3960101306438446
8chan,POL,2.30258509299405,0.4949144604162872,0.3144779698171534,0.9537543654441832
8chan,POL,3.68887945411394,0.4731811288883038,0.1848419479458178,0.1482853144407272
8chan,POL,3.43398720448515,0.5428972830520893,0.2823212235055993,0.6280224919319153
8chan,POL,1.6094379124341005,0.4546368917838563,0.2652201784374631,0.2942304015159607
8chan,POL,3.4011973816621603,0.4800443775275292,0.2717165965624198,0.2876150310039519
8chan,POL,3.4657359027997297,0.5328711839434336,0.2192008031700482,0.9686049222946168
8chan,POL,3.9318256327243297,0.5316381945586622,0.2220855458642811,0.5455413460731506
8chan,POL,3.4011973816621603,0.4846357901762878,0.2591556353175561,0.2268549352884293
8chan,POL,2.7080502011022096,0.4769698468842382,0.2503637983897062,0.280158519744873
8chan,POL,4.043051267834549,0.4924860183449595,0.1933882904715689,0.9007893204689026
8chan,POL,3.95124371858143,0.565614726684203,0.2113593204613202,0.8131072521209717
8chan,POL,3.3322045101752003,0.4764361780124443,0.3139784850693423,0.9626626968383788
8chan,POL,3.4657359027997297,0.5114225219368651,0.3139290191929831,0.9373298287391664
8chan,POL,3.218875824868201,0.5525085195469992,0.3012328626435382,0.116612859070301
8chan,POL,1.94591014905531,0.5045249726407056,0.2182626433402126,0.4696250557899475
8chan,POL,3.17805383034795,0.4995561038745817,0.3045843389052607,0.2400993257761001
8chan,POL,0.0,0.3448638709173071,0.2359471271572528,0.146511822938919
8chan,POL,4.02535169073515,0.5282458691765346,0.2649279569021994,0.9820666313171388
8chan,POL,3.78418963391826,0.5228531656689492,0.2718255787381304,0.9239354729652404
8chan,POL,4.26267987704132,0.5467245323370848,0.27714283070968,0.7875312566757202
8chan,POL,3.0445224377234195,0.5506821240548669,0.2750229101553176,0.8715306520462036
8chan,POL,2.83321334405622,0.4656888226857009,0.3376480158505292,0.596859872341156
8chan,POL,3.36729582998647,0.5098064821402661,0.2956492769627826,0.8187723755836487
8chan,POL,3.49650756146648,0.5019987616449877,0.2181719593625581,0.9585343003273008
8chan,POL,2.7080502011022096,0.5400941418699857,0.2814262449792943,0.8915079832077026
8chan,POL,2.7080502011022096,0.5476197809290007,0.2487333062178775,0.91624253988266
8chan,POL,4.00733318523247,0.525989507986266,0.2129151949080908,0.8916244506835938
8chan,POL,1.09861228866811,0.4818387562490206,0.2601452619529084,0.3114415109157562
8chan,POL,3.63758615972639,0.5001953968444309,0.2096749084953192,0.1375561207532882
8chan,POL,2.484906649788,0.4988320561177467,0.2386280481112186,0.9646779298782348
8chan,POL,3.98898404656427,0.5352835645565482,0.1916582892135129,0.9684468507766724
8chan,POL,2.63905732961526,0.4569508347163499,0.2614244653161378,0.18000528216362
8chan,POL,4.06044301054642,0.5094149864075834,0.3133858064815866,0.8546815514564514
8chan,POL,2.484906649788,0.5777958501273687,0.2644365047444484,0.92978835105896
8chan,POL,4.11087386417331,0.5413888890230826,0.2493887971393069,0.930193305015564
8chan,POL,3.3322045101752003,0.5124398254967314,0.2550595003554379,0.9845902919769288
8chan,POL,4.07753744390572,0.5465620231552365,0.2042801677799465,0.9916296601295472
8chan,POL,3.13549421592915,0.5116545771628896,0.2570263273712792,0.2895910143852234
8chan,POL,2.77258872223978,0.5173010963973108,0.2539558843721134,0.2602195739746094
8chan,Leftypol,1.6094379124341005,0.4991638743116212,0.2325770251853659,0.1734315305948257
8chan,Leftypol,1.94591014905531,0.4993258930723735,0.0840422633035103,0.0445358976721763
8chan,Leftypol,0.693147180559945,0.4449058709388128,0.2225345354852753,0.5758529901504517
8chan,Leftypol,0.0,0.3660469350719523,0.1675380622469841,0.026649460196495
8chan,Leftypol,0.693147180559945,0.4289717278718781,0.0539823101709351,0.6364464163780212
8chan,Leftypol,1.6094379124341005,0.431860599737277,0.0193431390355164,0.2780643403530121
8chan,Leftypol,0.0,0.3035516490036628,0.2075711517933983,0.0256431717425584
8chan,Leftypol,1.79175946922805,0.5697864012568091,0.154029653564199,0.053797747939825
8chan,Leftypol,1.6094379124341005,0.4164779754365129,0.1561638709909749,0.9567829370498656
8chan,Leftypol,2.83321334405622,0.5214661050190792,0.0436404724155867,0.508801281452179
8chan,Leftypol,2.07944154167984,0.4620127412621306,0.0888810013999581,0.701715886592865
8chan,Leftypol,0.693147180559945,0.5018543173072281,0.2512555819355808,0.0142560796812176
8chan,Leftypol,2.83321334405622,0.4472064975231501,0.1630188650430286,0.8081772327423096
8chan,Leftypol,1.94591014905531,0.4430120819598456,0.2132733299201584,0.4741146564483642
8chan,Leftypol,2.19722457733622,0.4722944918071197,0.1277791311142995,0.8562799096107483
8chan,Leftypol,1.79175946922805,0.5009836065254268,0.2439017034156139,0.0276309140026569
8chan,Leftypol,1.09861228866811,0.4393070167408135,0.2108622026691069,0.0232445895671844
8chan,Leftypol,1.38629436111989,0.3859035758654586,0.1722727645285648,0.0319760106503963
8chan,Leftypol,1.94591014905531,0.4465103666160342,0.0742126504250623,0.0517945066094398
8chan,Leftypol,0.693147180559945,0.3705651465227407,0.3148293821984192,0.184974730014801
8chan,Leftypol,0.0,0.3278028723683841,0.2650919708778482,0.0541559942066669
8chan,Leftypol,1.79175946922805,0.461825455119447,0.1589183776263579,0.6492621302604675
8chan,Leftypol,2.89037175789616,0.4718246327560285,0.2341351599891504,0.1907481998205185
8chan,Leftypol,1.6094379124341005,0.4417466064914047,0.1277611762467165,0.0458883605897426
8chan,Leftypol,1.79175946922805,0.5164980043900858,0.289083584610484,0.4274595379829407
8chan,Leftypol,1.09861228866811,0.2945396929077333,0.1833483994172436,0.0580351203680038
8chan,Leftypol,0.0,0.3721343834279287,0.280422954442908,0.9600224494934082
8chan,Leftypol,2.99573227355399,0.4899102998204199,0.1555237401952733,0.0631268173456192
8chan,Leftypol,0.0,0.3131206264661423,0.2222721755840824,0.0783871188759803
8chan,Leftypol,1.09861228866811,0.4903141842824581,0.0784572399274641,0.0565179958939552
8chan,Leftypol,1.09861228866811,0.5054162596185809,0.0607329257398727,0.0361054427921772
8chan,Leftypol,1.38629436111989,0.4603587171282242,0.1356782478440393,0.0248688366264104
8chan,Leftypol,2.83321334405622,0.5457863574548312,0.130053657642078,0.9358715415000916
8chan,Leftypol,2.19722457733622,0.4078511183647003,0.1130971340409537,0.0531600080430507
8chan,Leftypol,0.693147180559945,0.4208030296282451,0.1881490860751583,0.1613792777061462
8chan,Leftypol,1.09861228866811,0.4439815529059992,0.1667290502159434,0.4083068668842316
8chan,Leftypol,1.09861228866811,0.5856628159431271,0.1186591006947013,0.9326951503753662
8chan,Leftypol,0.0,0.2845962073058583,0.2763012908002548,0.0293970517814159
8chan,Leftypol,1.79175946922805,0.4405255818329615,0.1858841672585905,0.0939980447292328
8chan,Leftypol,1.09861228866811,0.5107151807672289,0.0736027864576368,0.0478511117398738
8chan,Leftypol,2.484906649788,0.5055810740755067,0.0938901717492819,0.9537108540534972
8chan,Leftypol,1.09861228866811,0.4457823702854591,0.0117549373188141,0.0487754568457603
8chan,Leftypol,1.38629436111989,0.4834429401315755,0.1602100601281759,0.0752129107713699
8chan,Leftypol,1.79175946922805,0.5102216908368602,0.1642408242488554,0.6104657649993896
8chan,Leftypol,0.0,0.368798845252378,0.2170300064569379,0.0678053125739097
8chan,Leftypol,1.79175946922805,0.4000886054019861,0.1277414709415374,0.175785407423973
8chan,Leftypol,1.79175946922805,0.5664795766659463,0.2070817733854736,0.5224835872650146
8chan,Leftypol,1.09861228866811,0.3956214919314327,0.2616442451572379,0.1666584610939026
8chan,Leftypol,1.94591014905531,0.4997258085375174,0.1572125106892103,0.1837741434574127
8chan,Leftypol,3.25809653802148,0.5511412869233225,0.1776900574281232,0.1698940992355346
8chan,Leftypol,2.94443897916644,0.4980639636992357,0.2180096861643127,0.9850435256958008
8chan,Leftypol,2.484906649788,0.4948826611539944,0.1139921729566022,0.9566591382026672
8chan,Leftypol,2.94443897916644,0.5142277643177319,0.1779691421297158,0.6626648306846619
8chan,Leftypol,2.94443897916644,0.5132580755479574,0.1927011535452257,0.55736243724823
8chan,Leftypol,3.66356164612965,0.5260282475527641,0.0857069292562115,0.7728372812271118
8chan,Leftypol,0.0,0.2085542052993772,0.2859297258616504,0.1021693795919418
8chan,Leftypol,1.09861228866811,0.514492501057835,0.2599684330091396,0.3707798719406128
8chan,Leftypol,3.52636052461616,0.5495571944279122,0.1438180619775212,0.8178969025611877
8chan,Leftypol,3.36729582998647,0.5296322848381166,0.1120929431119732,0.1621389687061309
8chan,Leftypol,2.19722457733622,0.5097795919877338,0.1608177113467239,0.9176357984542848
8chan,Leftypol,2.63905732961526,0.5808709714084881,0.1257553032410214,0.944676160812378
8chan,Leftypol,1.79175946922805,0.4793012961573683,0.1544181651795508,0.8703968524932861
8chan,Leftypol,2.3978952727983702,0.4846702914168253,0.2515342764690553,0.1511022001504898
8chan,Leftypol,3.9120230054281495,0.561283808234786,0.189813938876835,0.9671918749809264
8chan,Leftypol,1.38629436111989,0.4768952743115621,0.1695020299612346,0.0215058084577322
8chan,Leftypol,0.0,0.3205655612409149,0.2306911833232896,0.0735135450959205
8chan,Leftypol,1.94591014905531,0.5487060528767267,0.0787330312541072,0.7952133417129517
8chan,Leftypol,1.38629436111989,0.4711578554110892,0.2126436577545504,0.1669033318758011
8chan,Leftypol,2.484906649788,0.578338236546666,0.275359775283284,0.9379249811172484
8chan,Leftypol,2.30258509299405,0.5127444027207475,0.1888216032807256,0.7459089756011963
8chan,Leftypol,2.83321334405622,0.4545188930164199,0.2245004606119441,0.690861701965332
8chan,Leftypol,2.3978952727983702,0.5548544060079669,0.1860905434047133,0.130484327673912
8chan,Leftypol,2.484906649788,0.5393057789710545,0.1780088119984236,0.0895524844527244
8chan,Leftypol,0.693147180559945,0.4340554175456718,0.2100530537786345,0.0351651087403297
8chan,Leftypol,3.29583686600433,0.5294232503551184,0.1730325376957819,0.3419835269451141
8chan,Leftypol,2.63905732961526,0.5067833334335272,0.1394044551605833,0.6207091808319092
8chan,POL,3.52636052461616,0.5277575934323786,0.2415733248154792,0.279557853937149
8chan,POL,1.94591014905531,0.509158403577804,0.2117451965430769,0.912178635597229
8chan,POL,3.218875824868201,0.4469303987211738,0.250233881202012,0.1435558199882507
8chan,POL,2.7080502011022096,0.501252017779925,0.2113059883110375,0.7805205583572388
8chan,POL,1.38629436111989,0.4872014174134825,0.2351699244675167,0.8694422245025635
8chan,POL,4.248495242049359,0.5000320757751797,0.2036116113790184,0.9818637371063232
8chan,POL,3.5553480614894104,0.4882332840704342,0.2425068758804086,0.920202374458313
8chan,POL,2.99573227355399,0.4494609849992981,0.2369407123253313,0.93598610162735
8chan,POL,2.5649493574615403,0.4680228013714375,0.2558086645977774,0.9875425100326538
8chan,POL,3.4011973816621603,0.5295321358375304,0.2303709395691006,0.9479883909225464
8chan,POL,1.38629436111989,0.445450338551025,0.2780212216148126,0.0188971981406211
8chan,POL,2.07944154167984,0.4388418177204534,0.3111715268839549,0.1298847049474716
8chan,POL,2.484906649788,0.4127238431072196,0.1604646628579945,0.0729408264160156
8chan,POL,1.6094379124341005,0.2899551191788955,0.2189795193242237,0.9722503423690796
8chan,POL,3.49650756146648,0.50477272836796,0.2961349440406255,0.9508321285247804
8chan,POL,4.934473933130691,0.4926234378379251,0.1989766958824003,0.8501139879226685
8chan,POL,3.87120101090789,0.5081807702100725,0.2762074578587714,0.9686399698257446
8chan,POL,3.13549421592915,0.4629316902498844,0.2820853565477372,0.5499851703643799
8chan,POL,2.77258872223978,0.405037936417323,0.3073692386807611,0.0453713685274124
8chan,POL,2.484906649788,0.4657846402291959,0.2233899505803382,0.9600151777267456
8chan,POL,0.693147180559945,0.2292351064653913,0.2281289036559206,0.0282564219087362
8chan,POL,3.4657359027997297,0.4985664967004262,0.2434892783383591,0.9654337167739868
8chan,POL,2.07944154167984,0.3730121173602735,0.1726237265218995,0.2276675999164581
8chan,POL,0.0,0.4212998177038454,0.2387597037406137,0.0295779593288898
8chan,POL,1.09861228866811,0.2784053004633377,0.2420986450752619,0.501494824886322
8chan,POL,2.77258872223978,0.3993327621797118,0.2647595711086643,0.9210325479507446
8chan,POL,2.7080502011022096,0.4606880438622704,0.1660327410671556,0.925049126148224
8chan,POL,3.58351893845611,0.4571214349914229,0.1691568608403594,0.8057833909988403
8chan,POL,1.38629436111989,0.3934940968980135,0.1419129840913233,0.8917004466056824
8chan,POL,1.6094379124341005,0.4036751268644239,0.2412701788771296,0.9593146443367004
8chan,POL,2.07944154167984,0.4765634881202368,0.240958708836288,0.0244327187538146
8chan,POL,3.73766961828337,0.4647819799602478,0.1769242587266427,0.9075291752815248
8chan,POL,2.7080502011022096,0.4540934893246522,0.3119830148511647,0.9372804164886476
8chan,POL,0.0,0.4041387422046009,0.1765581010437675,0.2952693402767181
8chan,POL,2.7080502011022096,0.4782789472768521,0.2009228712508177,0.9691996574401855
8chan,POL,4.40671924726425,0.4747390347329384,0.1775741771401401,0.9320805072784424
8chan,POL,2.99573227355399,0.4871419948880379,0.2859660353652855,0.9588385224342346
8chan,POL,3.73766961828337,0.471986482958428,0.2196639066714851,0.4927438497543335
8chan,POL,4.4188406077966,0.5189170309351332,0.2185263046762474,0.9529203176498412
8chan,POL,4.06044301054642,0.4798632809337249,0.3431543168642174,0.9467711448669434
8chan,POL,4.976733742420571,0.5243744269420915,0.2517101814465243,0.4933970868587494
8chan,POL,3.43398720448515,0.5034710538388527,0.2760846497510119,0.8984972834587097
8chan,POL,2.3978952727983702,0.4893442096638391,0.2270843633501479,0.9471731781959534
8chan,POL,3.61091791264422,0.4565748708001321,0.2695194291063012,0.8978803753852844
8chan,TV,1.94591014905531,0.4715427820343318,0.1928555397655501,0.0736910551786422
8chan,TV,0.693147180559945,0.4725777668661344,0.2512869981371838,0.1360432505607605
8chan,TV,1.38629436111989,0.4489801100470377,0.2004418805462061,0.6699097156524658
8chan,TV,1.38629436111989,0.4376809441844281,0.0497036879856021,0.261763721704483
8chan,TV,3.0445224377234195,0.5269871972342957,0.1086876252871423,0.7248235940933228
8chan,TV,0.693147180559945,0.4554304958006843,0.1173058644580129,0.095697097480297
8chan,TV,1.38629436111989,0.4727241869819091,0.16008464099207,0.3984307646751404
8chan,TV,0.693147180559945,0.4230279809310456,0.1134142090015889,0.0258408971130847
8chan,TV,0.0,0.3528719835179834,0.2481504670541037,0.728204607963562
8chan,TV,0.693147180559945,0.4366484322822355,0.1527465687174708,0.1450453400611877
8chan,TV,1.09861228866811,0.4314120668236504,0.1353514185571143,0.35647913813591
8chan,TV,1.38629436111989,0.4786661117328766,0.1387218892953908,0.0434909239411354
8chan,TV,3.13549421592915,0.4748249554685601,0.1693562056102981,0.0801579132676124
8chan,TV,0.0,0.4092191515856659,0.1475140577155767,0.0506889559328556
8chan,TV,2.484906649788,0.4469954288475369,0.2172862689511215,0.0833178460597992
8chan,TV,1.09861228866811,0.4181058830557382,0.137653349623981,0.5092423558235168
8chan,TV,1.09861228866811,0.4364048370171064,0.1960268995062212,0.1636710166931152
8chan,TV,1.09861228866811,0.3761266705515839,0.2637527869321752,0.3379761576652527
8chan,TV,1.09861228866811,0.3506241876284673,0.0840417289206895,0.2328291237354278
8chan,TV,2.3978952727983702,0.4692940609170797,0.1979448599828104,0.2973501682281494
8chan,TV,2.7080502011022096,0.4220579571087825,0.1916341469814259,0.0404981933534145
8chan,TV,2.484906649788,0.4548176472602294,0.213819340885551,0.4319795668125153
8chan,TV,0.0,0.2437276297332597,0.2014195320327934,0.1175713390111923
8chan,TV,1.6094379124341005,0.4112024338871624,0.1374768332374296,0.2057095468044281
8chan,TV,2.30258509299405,0.4969992694489717,0.2006507272739955,0.1262758821249008
8chan,TV,0.693147180559945,0.4123613092384269,0.1903814911345769,0.1745465397834777
8chan,TV,2.07944154167984,0.4312766256385456,0.0960265309173619,0.0964218005537986
8chan,TV,0.0,0.3435189657761026,0.2311108262880258,0.0995648130774498
8chan,TV,1.09861228866811,0.4769967256873025,0.1181891434215849,0.1660738587379455
8chan,TV,3.3322045101752003,0.4883160280348216,0.1337646561579329,0.171938955783844
8chan,TV,2.89037175789616,0.5370366799250074,0.1981463998014892,0.7472410798072815
8chan,TV,1.79175946922805,0.5000139606456647,0.2604808681582503,0.1930297017097473
8chan,TV,2.19722457733622,0.4200792392186227,0.1264410287731005,0.0147886164486408
8chan,TV,1.09861228866811,0.3790831366370163,0.1256286994701215,0.0819599479436874
8chan,TV,0.693147180559945,0.3846951480332379,0.1719462524735101,0.0474343486130237
8chan,TV,0.0,0.3309133711948353,0.0641275181945047,0.1674889028072357
8chan,TV,0.0,0.3597857277463288,0.1916837049920481,0.0176678206771612
8chan,TV,2.77258872223978,0.4563904314582369,0.2426766288558031,0.3680416047573089
8chan,TV,1.09861228866811,0.4586537664698021,0.1391179767592774,0.167386844754219
8chan,TV,1.94591014905531,0.4896881522700252,0.2170318147200211,0.1060564145445823
8chan,TV,0.693147180559945,0.3203396317694754,0.0459200319697592,0.0333684086799621
8chan,TV,1.6094379124341005,0.3970622570602904,0.0652454171899629,0.6042830348014832
8chan,TV,2.94443897916644,0.4391990227329255,0.0571843679827202,0.0657057836651802
8chan,TV,0.0,0.3310953554283772,0.1894962451181508,0.3458209335803985
8chan,Leftypol,3.4011973816621603,0.5501859372154658,0.2301203687006898,0.2116200178861618
8chan,Leftypol,2.19722457733622,0.4609524085898336,0.1890378688472508,0.8990591168403625
8chan,Leftypol,2.63905732961526,0.4737381116659855,0.1349223527984299,0.3876479268074036
8chan,Leftypol,2.30258509299405,0.4970145236677137,0.2121498152995088,0.9600366353988647
8chan,Leftypol,1.38629436111989,0.4723983682157702,0.18856510579344,0.1809099912643432
8chan,Leftypol,3.17805383034795,0.5297188048435496,0.1253720463441329,0.929009974002838
8chan,Leftypol,2.89037175789616,0.4997425535573044,0.1449322910409589,0.589030385017395
8chan,Leftypol,1.6094379124341005,0.4889922789749222,0.1752108228341794,0.0284794345498085
8chan,Leftypol,0.0,0.1743350086865154,0.2736626601891926,0.1799824237823486
8chan,Leftypol,1.6094379124341005,0.4638789819276563,0.1071264822032054,0.0784140974283218
8chan,Leftypol,0.693147180559945,0.4463417869744301,0.1669248305641297,0.075043685734272
8chan,Leftypol,2.99573227355399,0.4465328259580674,0.2783217413972773,0.9503214359283448
8chan,Leftypol,3.76120011569356,0.5160379971124773,0.2560445840678714,0.983877420425415
8chan,Leftypol,1.6094379124341005,0.4795212153234696,0.2243000143284608,0.0664794519543647
8chan,Leftypol,1.09861228866811,0.4097523744381325,0.1520304172803034,0.0238114763051271
8chan,Leftypol,2.07944154167984,0.4633574278810904,0.1027962604704814,0.8991655707359314
8chan,Leftypol,2.7080502011022096,0.4668347874759597,0.0954195542215251,0.0238744411617517
8chan,Leftypol,3.218875824868201,0.5172888302474987,0.1113030746789061,0.9794926047325134
8chan,Leftypol,1.94591014905531,0.4875463188825313,0.2157130213642181,0.7916509509086609
8chan,Leftypol,1.09861228866811,0.3700001301154635,0.2234185761677641,0.6623101234436035
8chan,Leftypol,1.09861228866811,0.4898026696011989,0.1790617100164451,0.9864641427993774
8chan,Leftypol,3.13549421592915,0.4580093910510391,0.075381863356071,0.9833229184150696
8chan,Leftypol,2.5649493574615403,0.5250304070553419,0.2442750833546901,0.9687605500221252
8chan,Leftypol,2.30258509299405,0.4995196900780275,0.1596301068948272,0.3177409172058105
8chan,Leftypol,1.09861228866811,0.4361787731747109,0.2393105561663727,0.2613766491413116
8chan,Leftypol,0.0,0.263792479691002,0.1280704506952527,0.0105038406327366
8chan,Leftypol,1.09861228866811,0.4783924888779665,0.1039486515717681,0.9256173372268676
8chan,Leftypol,1.6094379124341005,0.4827591260337915,0.2125101979577702,0.9759421348571776
8chan,Leftypol,1.09861228866811,0.4648828765223955,0.1354069190519769,0.0181635078042745
8chan,Leftypol,0.0,0.4863182615064729,0.1543649507440619,0.9807345271110536
8chan,Leftypol,0.0,0.333272558624013,0.0804463043993354,0.0629355013370513
8chan,Leftypol,2.63905732961526,0.5524990784258317,0.2235894474632103,0.9885928630828856
8chan,Leftypol,1.09861228866811,0.4096370582341427,0.1075389095870456,0.0871395692229271
8chan,Leftypol,2.5649493574615403,0.4988908028156731,0.1169358950906307,0.5011541843414307
8chan,Leftypol,0.693147180559945,0.5045865616603437,0.1710961336995579,0.7178508043289185
8chan,Leftypol,2.7080502011022096,0.4532187495851191,0.1931044314581518,0.9859369397163392
8chan,Leftypol,2.5649493574615403,0.5001093577175852,0.1829736611739298,0.5476880669593811
8chan,Leftypol,1.38629436111989,0.3375518457297982,0.1491032985659566,0.0419967584311962
8chan,Leftypol,0.693147180559945,0.4219481086597251,0.2535472015294264,0.0296823214739561
8chan,Leftypol,0.693147180559945,0.4053303942419857,0.2386336440438666,0.0215160716325044
8chan,POL,1.6094379124341005,0.4253692546774086,0.1994501250247948,0.0426909476518631
8chan,POL,2.30258509299405,0.4729749620312326,0.1692964174281018,0.9736241102218628
8chan,POL,2.83321334405622,0.4805733220920349,0.0908622944050441,0.2349459826946258
8chan,POL,2.63905732961526,0.5240486533585272,0.2254010758663868,0.9569450616836548
8chan,POL,2.99573227355399,0.446308966361214,0.1293899871460694,0.0210441891103982
8chan,POL,0.0,0.3446607167552837,0.1348283661567905,0.023507772013545
8chan,POL,2.30258509299405,0.458489179347082,0.18524011463934,0.9154679775238036
8chan,POL,2.3978952727983702,0.4833906297545638,0.2053538322605696,0.343251496553421
8chan,POL,3.218875824868201,0.4997077672118183,0.1784565036661931,0.7423180341720581
8chan,POL,2.3978952727983702,0.4144257791838549,0.2276284051328351,0.0329004377126693
8chan,POL,2.77258872223978,0.4133438839293667,0.2497427900883899,0.0234058890491724
8chan,POL,2.77258872223978,0.3833625951734369,0.2108864827816864,0.02304676361382
8chan,POL,1.09861228866811,0.4398801315628536,0.0611399067429917,0.9311951398849488
8chan,POL,3.3322045101752003,0.5518929565318139,0.2916821036952637,0.9029651880264282
8chan,POL,3.58351893845611,0.4613318939675974,0.1757163275590685,0.9114440083503724
8chan,POL,0.693147180559945,0.3537012540737619,0.0213841620109648,0.0321054086089134
8chan,POL,1.79175946922805,0.3855580396982554,0.1535474274607388,0.0613878481090068
8chan,POL,1.6094379124341005,0.4710143931055185,0.0860488015295511,0.9845499992370604
8chan,POL,1.09861228866811,0.3592597371606473,0.2762376119051262,0.0773032307624816
8chan,POL,2.7080502011022096,0.4311464199131179,0.1426395860958664,0.5718904733657837
8chan,POL,1.09861228866811,0.4045364239165145,0.0930027831276271,0.9720426201820374
8chan,POL,1.94591014905531,0.3958156261958591,0.2443776184620404,0.7917000055313109
8chan,POL,2.94443897916644,0.4874093969405131,0.223517277516991,0.9634844064712524
8chan,POL,3.66356164612965,0.438333285025446,0.1843899354453513,0.6977162361145021
8chan,POL,3.0445224377234195,0.4942124525189433,0.2327825659776101,0.1696287095546722
8chan,POL,1.79175946922805,0.5148256695531213,0.1780663320259014,0.1856536418199539
8chan,POL,3.98898404656427,0.4326436762893028,0.0624687765479076,0.0318794809281826
8chan,POL,1.79175946922805,0.4939069897573497,0.2483470707288141,0.6580924391746521
8chan,POL,1.6094379124341005,0.4460011127931172,0.2177520875499645,0.0974951162934303
8chan,POL,1.94591014905531,0.3810282999476199,0.1770788554541518,0.6103104948997498
8chan,POL,2.30258509299405,0.4851815142643486,0.2456973956971053,0.97639399766922
8chan,POL,3.0445224377234195,0.4562091503667561,0.2720602631221511,0.136029303073883
8chan,POL,3.61091791264422,0.4671876429377969,0.2072474779763304,0.6787301898002625
8chan,POL,1.38629436111989,0.2554616035006226,0.187826174816332,0.0146094774827361
8chan,POL,2.94443897916644,0.4434145336873479,-0.007799427297975,0.1962932050228119
8chan,Leftypol,2.484906649788,0.5382067735703262,0.128280890568113,0.9670240879058838
8chan,Leftypol,3.58351893845611,0.5442644003617669,0.186759595610387,0.9896284341812134
8chan,Leftypol,2.07944154167984,0.5277400634654303,0.2014574411919051,0.9357247948646544
8chan,Leftypol,0.693147180559945,0.4343006867644434,0.2210848311687386,0.5831848978996277
8chan,Leftypol,2.3978952727983702,0.4816398666683461,0.2135600270733961,0.3678515553474426
8chan,Leftypol,2.5649493574615403,0.5099860533011031,0.2072327729124639,0.9908005595207214
8chan,Leftypol,2.07944154167984,0.491381811433321,0.063041990947697,0.9780330657958984
8chan,Leftypol,0.0,0.5557597505310575,0.2500326993700269,0.0906706377863884
8chan,Leftypol,2.63905732961526,0.4986565040824505,0.1946666908393504,0.8968591690063477
8chan,Leftypol,2.07944154167984,0.4670186822716046,0.1292707701212916,0.0495873130857944
8chan,Leftypol,3.09104245335832,0.5337991709689381,0.1472266891629807,0.1901335418224334
8chan,Leftypol,2.07944154167984,0.4548121819025596,0.1876608312592462,0.0651308000087738
8chan,Leftypol,0.0,0.263104805882136,0.2231145822117061,0.0826797634363174
8chan,Leftypol,2.63905732961526,0.5217024172699624,0.1447784661873224,0.9817034602165222
8chan,Leftypol,0.0,0.4223196175201323,0.2185772247586067,0.0357765927910804
8chan,Leftypol,0.0,0.3051426026559661,0.2804910901341655,0.2000011205673217
8chan,Leftypol,2.30258509299405,0.4463984672534501,0.1290873540187068,0.9771815538406372
8chan,Leftypol,2.83321334405622,0.4383170853930216,0.0224730156231733,0.0192707050591707
8chan,Leftypol,1.09861228866811,0.3757201206596976,0.2572608925836083,0.0664665475487709
8chan,Leftypol,3.29583686600433,0.4943415433955826,0.0203875983339689,0.5842661261558533
8chan,Leftypol,0.693147180559945,0.4842977689229925,0.3492032669434873,0.1317124813795089
8chan,Leftypol,2.30258509299405,0.5281452956037728,0.0895389128258628,0.1793289333581924
8chan,Leftypol,1.38629436111989,0.5007637086511083,0.2278234769626496,0.8575031161308289
8chan,Leftypol,1.09861228866811,0.5194881767078142,0.1992298622002866,0.8187694549560547
8chan,Leftypol,2.30258509299405,0.491601251923862,0.1912902875652374,0.9171512126922609
8chan,Leftypol,2.3978952727983702,0.479267987592364,0.23764345228654,0.2379099726676941
8chan,Leftypol,1.09861228866811,0.4467580643478402,0.1770199903469467,0.0292524993419647
8chan,Leftypol,1.79175946922805,0.5232075821829381,0.0773290996894884,0.3206649124622345
8chan,Leftypol,0.0,0.3400164554683301,0.2504503800059054,0.0299646817147731
8chan,Leftypol,1.94591014905531,0.4799955233787364,0.1611704390465899,0.4354796707630157
8chan,Leftypol,1.09861228866811,0.4150766704445894,0.1464771671866085,0.5613939166069031
8chan,Leftypol,1.38629436111989,0.4740901433936621,0.2416382091289471,0.0623471736907959
8chan,Leftypol,1.09861228866811,0.5094951639125426,0.1654520100475296,0.2165406346321106
8chan,Leftypol,1.38629436111989,0.4371234313025521,0.2077510787185464,0.0564674288034439
8chan,Leftypol,0.0,0.3420199769006267,0.2560590307881145,0.0689799189567565
8chan,Leftypol,2.7080502011022096,0.4968158008055555,0.1931013478494535,0.9743184447288512
8chan,Leftypol,2.7080502011022096,0.4340520447863886,0.1631182145600359,0.8774288892745972
8chan,Leftypol,1.94591014905531,0.485945385819406,0.2858864007342879,0.037777442485094
8chan,Leftypol,1.09861228866811,0.4803357030968767,0.2302149356868198,0.2116323113441467
8chan,Leftypol,1.79175946922805,0.4900030160601066,0.1424411080259537,0.1288207918405532
8chan,Leftypol,3.43398720448515,0.508267330734819,0.3342384108440271,0.987293004989624
8chan,Leftypol,2.3978952727983702,0.5021424150253003,0.1850512132364213,0.0915677174925804
8chan,Leftypol,1.6094379124341005,0.4287409712556346,0.2240263963793182,0.1138056218624115
8chan,Leftypol,2.77258872223978,0.5311314589399992,0.3131239620405169,0.8819846510887146
8chan,Leftypol,2.19722457733622,0.4584828954788895,0.1673091900330302,0.0227292999625206
8chan,Leftypol,0.693147180559945,0.3414024550576767,0.1865528252462231,0.077199712395668
8chan,Leftypol,1.79175946922805,0.4940263722818981,0.2119804482512099,0.607791543006897
8chan,Leftypol,1.09861228866811,0.4658010199493966,0.2849789692264035,0.8342054486274719
8chan,Leftypol,0.693147180559945,0.4733687196541383,0.3068648034192481,0.4831898510456085
8chan,Leftypol,2.5649493574615403,0.5534217266747997,0.3006146493408622,0.9739099740982056
8chan,Leftypol,2.89037175789616,0.4979448876830502,0.2336205627911334,0.768971860408783
8chan,Leftypol,1.6094379124341005,0.4619125957338061,0.2686094320912738,0.0474172793328762
8chan,Leftypol,1.09861228866811,0.4095488321449942,0.2290825908905568,0.0899781361222267
8chan,Leftypol,0.0,0.0,0.2550942228981573,0.0966561138629913
8chan,Leftypol,0.0,0.0,0.2968321206753739,0.2365327179431915
8chan,Leftypol,0.0,0.3307942625487059,0.2306821280445073,0.1027492359280586
8chan,Leftypol,0.693147180559945,0.4578376490665194,0.2349576725999493,0.3435899019241333
8chan,Leftypol,3.61091791264422,0.5866144091369948,0.0802960319109089,0.6644976735115051
8chan,POL,1.6094379124341005,0.5133675906386804,0.2802944833084271,0.0260558985173702
8chan,POL,3.13549421592915,0.5256567910537469,0.176287981361101,0.4566207230091095
8chan,POL,0.693147180559945,0.3741490342901823,0.2384021785876407,0.0540992841124534
8chan,POL,3.218875824868201,0.5035714050585689,0.2754885089621905,0.9900133609771729
8chan,POL,2.77258872223978,0.6110206459655491,0.275597217859541,0.965764045715332
8chan,POL,0.693147180559945,0.4386416011071689,0.2248288448690053,0.2887229323387146
8chan,POL,3.63758615972639,0.4732013369104522,0.2058336342476044,0.879787802696228
8chan,POL,1.09861228866811,0.4209180716158376,0.2860336995421216,0.9379611015319824
8chan,POL,2.89037175789616,0.5414348971261358,0.2501305442000239,0.8702998757362366
8chan,POL,2.89037175789616,0.5338261914174092,0.3045960534992828,0.4210388660430908
8chan,POL,2.30258509299405,0.4521161210470698,0.3484246562230659,0.5680961608886719
8chan,POL,2.63905732961526,0.4199368802903517,0.3524834184641074,0.8523604869842529
8chan,POL,1.94591014905531,0.4418680226218052,0.1608598774239794,0.0545768588781356
8chan,POL,1.6094379124341005,0.4384992206346239,0.284011719876504,0.2281631380319595
8chan,POL,2.484906649788,0.4363988606138478,0.1543022720197942,0.0912493988871574
8chan,POL,3.25809653802148,0.4938343919754875,0.1658712313018421,0.242786705493927
8chan,POL,1.09861228866811,0.4661125409352087,0.2645623685646902,0.0679915770888328
8chan,POL,3.29583686600433,0.5624045745364599,0.1893779255920452,0.7329823970794678
8chan,POL,1.6094379124341005,0.4588768545496721,0.2349179379081674,0.0980650261044502
8chan,POL,2.19722457733622,0.4979836564496058,0.1542554710472351,0.0452955737709999
8chan,POL,2.7080502011022096,0.521528668748096,0.2042587356312578,0.3764996528625488
8chan,POL,0.0,0.3870562337366267,0.2690951065331384,0.0116980355232954
8chan,POL,2.89037175789616,0.5073507492937274,0.1938633704658844,0.9127726554870604
8chan,POL,2.30258509299405,0.4527141877941942,0.2553442533285812,0.5420076251029968
8chan,POL,1.09861228866811,0.4381576335201826,0.3047297580916843,0.077254481613636
8chan,POL,2.3978952727983702,0.4898717084259502,0.3576651521909406,0.98471200466156
8chan,POL,2.484906649788,0.4795737206606291,0.245261148172024,0.3843192458152771
8chan,POL,2.07944154167984,0.4439472056195496,0.2376750831760734,0.0631367564201355
8chan,POL,2.19722457733622,0.4876419158970081,0.2651505222927901,0.0528302602469921
8chan,POL,2.5649493574615403,0.4993862862221591,0.2143164927364967,0.7495511770248413
8chan,POL,0.693147180559945,0.3920719837482897,0.2966833682864868,0.175293743610382
8chan,POL,1.09861228866811,0.3748915689958336,0.2811507586964942,0.1788619458675384
8chan,POL,1.38629436111989,0.3764448710684778,0.1570329508736277,0.0798326060175895
8chan,POL,3.13549421592915,0.4788444251052899,0.3038449870634822,0.9706193804740906
8chan,POL,3.63758615972639,0.5033545664663194,0.2373263450898931,0.8900632858276367
8chan,POL,3.61091791264422,0.4763743140308699,0.2246013075144107,0.1333001554012298
8chan,POL,1.09861228866811,0.4773031939908491,0.0454934590268889,0.5391134023666382
8chan,POL,3.218875824868201,0.5309550211608768,0.1883298991349804,0.9443802833557128
8chan,POL,3.5553480614894104,0.506191951059927,0.1815621311771166,0.8405717015266418
8chan,POL,1.38629436111989,0.3729185278086737,0.2694192409867902,0.0520279668271541
8chan,POL,0.693147180559945,0.4117329044186321,0.2498715717469983,0.1836576014757156
8chan,POL,0.693147180559945,0.4692838111685288,0.3242235779468783,0.0598509833216667
8chan,POL,0.693147180559945,0.4459215726605888,0.1122914725531338,0.2667169272899628
8chan,POL,1.94591014905531,0.4374550436913509,0.2637835589645591,0.0174211692065
8chan,POL,2.484906649788,0.562363599304804,0.2928086526650982,0.9161912798881532
8chan,POL,1.09861228866811,0.490715181049924,0.2782319882976276,0.1676803231239318
8chan,POL,2.484906649788,0.5107842170731958,0.1845597919137037,0.0777360275387764
8chan,POL,1.6094379124341005,0.49355019592825,0.2595867788145967,0.4149514436721802
8chan,POL,2.19722457733622,0.4493987317038616,0.2923290958985353,0.3252693712711334
8chan,POL,3.17805383034795,0.4161425104928902,0.2556476121998823,0.9664535522460938
8chan,POL,0.693147180559945,0.3747148214019304,0.1752457261456559,0.0385793074965477
8chan,POL,1.09861228866811,0.3775441726183477,0.2711726191715896,0.1255658566951751
8chan,POL,0.0,0.4123419976818552,0.1802565636418741,0.0703671798110008
8chan,POL,1.09861228866811,0.4361603622020924,0.2172922033629114,0.3043887913227081
8chan,POL,1.09861228866811,0.4388127592740228,0.191538031586227,0.0790856927633285
8chan,POL,0.0,0.2454870717576643,0.3248885531294231,0.0268142502754926
8chan,POL,2.7080502011022096,0.4715397274049255,0.3065218064891769,0.0439258851110935
8chan,TV,1.09861228866811,0.4244877762754052,0.0817919214269544,0.1888964176177978
8chan,TV,1.09861228866811,0.2177063275595278,0.2322447813994299,0.1113146468997001
8chan,TV,2.30258509299405,0.4317713414662821,0.0963145936147523,0.3503489792346954
8chan,TV,1.79175946922805,0.3513851624593285,0.1056367085443423,0.6257044672966003
8chan,TV,1.09861228866811,0.408584953405772,0.1129660241860327,0.2381595373153686
8chan,TV,2.7080502011022096,0.4221346787721092,0.0778577352338961,0.0169427916407585
8chan,TV,0.0,0.3184091383316528,0.2247145016861414,0.2309443205595016
8chan,TV,1.94591014905531,0.4466613104820229,0.1979848893764322,0.2166147232055664
8chan,TV,1.79175946922805,0.4542973404146057,0.1187069305436206,0.5885927677154541
8chan,TV,0.0,0.2314129590381505,0.1614876469244088,0.0814073085784912
8chan,TV,2.7080502011022096,0.4987658951697885,0.0991151552899512,0.1178467720746994
8chan,TV,0.0,0.331196863095853,0.0302048398747356,0.2278665006160736
8chan,TV,1.94591014905531,0.4506291245395937,0.1227133611198371,0.1151050254702568
8chan,TV,1.09861228866811,0.3359115636724087,0.127736360438559,0.0707882717251777
8chan,TV,0.0,0.3279277208996887,0.2440452758005466,0.0177123751491308
8chan,TV,1.09861228866811,0.4712600993547279,0.242201958442725,0.8877533674240112
8chan,TV,1.6094379124341005,0.4245518317255632,0.1018717173596014,0.0287810862064361
8chan,TV,1.38629436111989,0.4685180899231499,0.2232448750031632,0.6489249467849731
8chan,TV,0.693147180559945,0.4392323291983551,0.1307222345895095,0.0598644651472568
8chan,TV,1.09861228866811,0.4119715593360763,0.1090784554107152,0.6201429963111877
8chan,TV,0.693147180559945,0.2811953318019186,0.1768900487411732,0.0303909070789814
8chan,TV,2.94443897916644,0.4752728066614108,0.1174875663836032,0.3406133651733398
8chan,TV,0.693147180559945,0.4728006401434669,0.3020026523517004,0.1371778547763824
8chan,TV,1.94591014905531,0.4319587042228462,0.1243997321938378,0.0742805674672126
8chan,TV,0.693147180559945,0.4090942064691301,0.1367155517044873,0.0261350851505994
8chan,TV,1.79175946922805,0.3993284802228233,0.1487394620813608,0.0411001108586788
8chan,TV,1.09861228866811,0.4422698384607427,0.1320087727817818,0.0280527379363775
8chan,TV,1.09861228866811,0.3753073045711037,0.1541241051762953,0.1175321117043495
8chan,TV,1.79175946922805,0.4670221118969867,0.180692191440128,0.7605694532394409
8chan,TV,1.09861228866811,0.3544907738200176,0.0137063082144518,0.1400598138570785
8chan,TV,1.38629436111989,0.4326420782314811,0.1931174149885131,0.4726510941982269
8chan,TV,0.0,0.1466057457392544,0.1229429167987506,0.1964043378829956
8chan,TV,0.0,0.1714857010756024,0.2338767794816258,0.0199843756854534
8chan,TV,0.0,0.3133225842444859,0.1213101444519361,0.0312725007534027
8chan,TV,0.693147180559945,0.3326203826403237,0.1726755632183159,0.0412827171385288
8chan,TV,0.0,0.2972282789494294,0.1728875540659874,0.4492636620998383
8chan,TV,1.09861228866811,0.3882836430441742,0.2321533772588259,0.0470537096261978
8chan,TV,0.693147180559945,0.3354261176004772,0.20622727098593,0.0204104222357273
8chan,TV,1.6094379124341005,0.3521151786517693,0.1972831544807066,0.0354273244738578
8chan,TV,1.09861228866811,0.4063899471183949,0.2327463397012371,0.0595439225435257
8chan,TV,0.0,0.284641305092621,0.2277164428283605,0.2666842639446258
8chan,TV,0.0,0.2915024631988321,0.1948644835087415,0.0401957109570503
8chan,TV,2.07944154167984,0.454139032569255,0.139933423724785,0.4968791306018829
8chan,TV,0.0,0.2216944560201781,0.2452238126178524,0.4052367508411408
8chan,TV,0.0,0.3412458221714202,0.160618693902404,0.0576712451875209
8chan,TV,0.0,0.3377276794777416,0.2068280552482405,0.1024136841297149
8chan,TV,1.09861228866811,0.4335760734800333,0.2277822165539872,0.8753158450126648
8chan,TV,3.63758615972639,0.4512947599062133,0.1630816627775,0.9661046266555786
8chan,TV,0.0,0.3967456734837991,0.2365052368225799,0.0435495264828205
8chan,TV,0.0,0.3443078471713796,0.2194269505722842,0.0659116357564926
8chan,TV,0.0,0.3518301468661045,0.190978624433222,0.0196521505713462
8chan,TV,0.693147180559945,0.3486155012157933,0.0758911626364876,0.0378089509904384
8chan,TV,0.0,0.2886287928058419,0.2850601088738885,0.0252432357519865
8chan,TV,0.693147180559945,0.3858844717749345,0.2111964438102453,0.050778929144144
8chan,TV,1.09861228866811,0.4245337366933477,0.1671404843610667,0.0187049824744462
8chan,TV,1.38629436111989,0.3445205313063832,0.1602691568487136,0.0947418436408042
8chan,TV,1.6094379124341005,0.4231615821424499,0.1499967774534373,0.2394640147686005
8chan,TV,0.0,0.3548076157084353,0.0352646200509448,0.0374739803373813
8chan,TV,0.693147180559945,0.4222996951170502,0.158038749195393,0.1551229506731033
8chan,TV,0.693147180559945,0.4034915926900779,0.2594869995661239,0.0199199542403221
8chan,TV,2.30258509299405,0.4344089756830907,0.1993744664030886,0.4957074224948883
8chan,TV,2.19722457733622,0.4199416915631978,0.2144556619441325,0.063639111816883
8chan,TV,2.5649493574615403,0.4648108167637969,0.2716364113598268,0.938407838344574
8chan,TV,1.09861228866811,0.4922215445493058,0.1883549762905162,0.1061279848217964
8chan,TV,0.0,0.3609013849656751,0.2066773695463982,0.0561067089438438
8chan,TV,2.30258509299405,0.4643927494676189,0.2670307435262189,0.4780063033103943
8chan,TV,0.693147180559945,0.3772171800408577,0.1872378392182275,0.3688063323497772
8chan,TV,0.693147180559945,0.2871236349411853,0.2406484304097536,0.0583529137074947
8chan,TV,1.38629436111989,0.4251502143247914,0.2245008311534501,0.0421369150280952
8chan,TV,0.0,0.2999645708634928,0.1373358843797575,0.0271157994866371
8chan,TV,0.693147180559945,0.0799364369424068,0.1770297584851424,0.4617037177085877
8chan,TV,0.0,0.2205456927052496,0.2126375120264131,0.0193273909389972
8chan,TV,0.0,0.3232824630051162,0.1926767461147735,0.1085115522146225
8chan,TV,0.0,0.4116974551343375,0.1326809473864821,0.0270730834454298
8chan,TV,0.0,0.0,0.1584417339225015,0.2805391252040863
8chan,TV,2.99573227355399,0.444810886708866,0.08770447639887,0.477248340845108
8chan,TV,0.693147180559945,0.3246407934839105,0.1662184749400829,0.1850094050168991
8chan,POL,3.73766961828337,0.4551608797451926,0.1786163176146396,0.3144745826721191
8chan,POL,2.5649493574615403,0.4936228948218103,0.2180977679659698,0.9142479300498962
8chan,POL,3.09104245335832,0.4731978919487218,0.0801633969867595,0.8820015192031859
8chan,POL,1.6094379124341005,0.5138901279028111,0.2771736410002321,0.9813773036003112
8chan,POL,3.85014760171006,0.5002455417887509,0.2336180861300129,0.129246711730957
8chan,POL,2.77258872223978,0.515422725870715,0.1946687684639461,0.8338461518287659
8chan,POL,2.19722457733622,0.4736822610102776,0.1653797232736275,0.3114864528179169
8chan,POL,2.83321334405622,0.487352544791195,0.1855027911390562,0.6292415857315063
8chan,POL,2.7080502011022096,0.4723966348275547,0.2422373043548729,0.4540245234966278
8chan,POL,3.87120101090789,0.5293559641627461,0.2764194604435304,0.3718951046466827
8chan,POL,3.25809653802148,0.5196164777985914,0.2247023743121072,0.9452629089355468
8chan,POL,2.19722457733622,0.4785080758910037,0.1919616177217505,0.1645657122135162
8chan,POL,2.3978952727983702,0.4171450625678767,0.2657674599161792,0.828857958316803
8chan,POL,1.09861228866811,0.4464161567395407,0.1290766210814529,0.3044726252555847
8chan,POL,1.38629436111989,0.4444536473822116,0.1896880174852073,0.0222229715436697
8chan,POL,2.30258509299405,0.467105504639503,0.241616154645208,0.1945709288120269
8chan,POL,1.94591014905531,0.4773654563589947,0.208002607733462,0.9399611353874208
8chan,POL,3.3322045101752003,0.5123143710905192,0.2560528592832512,0.6049805879592896
8chan,POL,3.5553480614894104,0.4913106353424836,0.2153656390657776,0.8148802518844604
8chan,POL,1.94591014905531,0.4346851029923599,0.2614652908224557,0.0231915544718503
8chan,POL,0.693147180559945,0.3411736925752392,0.3221802285911181,0.0254901871085166
8chan,POL,1.79175946922805,0.5132499823531319,0.2750635964486201,0.972219467163086
8chan,POL,3.0445224377234195,0.5106198441033002,0.133963951408041,0.7822386026382446
8chan,POL,1.09861228866811,0.4008416407140938,0.0005465434042675,0.7084968090057373
8chan,POL,3.4011973816621603,0.5295221161014465,0.2541031119945399,0.6769369840621948
8chan,POL,2.94443897916644,0.4357832807068036,0.3064225974639273,0.1042571738362312
8chan,POL,2.30258509299405,0.498973757166349,0.2639746624923237,0.186966598033905
8chan,POL,2.89037175789616,0.5473146108343024,0.1874974529657987,0.9908341765403748
8chan,POL,3.52636052461616,0.4818601616506975,0.2219250423090298,0.8177627921104431
8chan,POL,2.89037175789616,0.5001871714832279,0.1967809535335704,0.7042132616043091
8chan,POL,2.484906649788,0.4741818537487018,0.1103275137050533,0.9337188601493835
8chan,POL,1.38629436111989,0.3898133418896969,0.1621468365888588,0.0182336717844009
8chan,POL,1.79175946922805,0.4321885390512209,0.1560771688869095,0.9729570746421814
8chan,POL,1.79175946922805,0.4274378592776574,0.2107706316420112,0.2440007030963897
8chan,POL,1.6094379124341005,0.4492047844296051,0.2520880989613617,0.8408174514770508
8chan,POL,3.58351893845611,0.5096355310334809,0.2207593824088594,0.8105118274688721
8chan,POL,3.80666248977032,0.5178736301545094,0.1595317099968919,0.8771255016326904
8chan,POL,2.07944154167984,0.4749748170051596,0.2966507476318242,0.2444749772548675
8chan,POL,3.80666248977032,0.5058995470012122,0.2406596854254953,0.9684844017028807
8chan,POL,3.63758615972639,0.4589423833864759,0.312722023058875,0.3802510797977448
8chan,TV,0.0,0.0,0.2254769622895049,0.7417551279067993
8chan,TV,0.0,0.1876738872986837,0.2407446709365512,0.3703505992889404
8chan,TV,0.0,0.4571681896159529,0.2238715046732014,0.7945107221603394
8chan,TV,0.0,0.3416273666705701,0.2168015373673161,0.5954127907752991
8chan,TV,0.0,0.286152573935144,0.1826752716103258,0.0252568591386079
8chan,TV,1.6094379124341005,0.4545439254505289,0.1772402800312104,0.0488559380173683
8chan,TV,1.09861228866811,0.389478186653009,0.2262044088622837,0.9317375421524048
8chan,TV,0.693147180559945,0.3980836151675078,0.1630992261009009,0.035702396184206
8chan,TV,0.0,0.3941508025598614,0.3143778328876856,0.7404483556747437
8chan,TV,2.63905732961526,0.4736437754718974,0.2045836104187614,0.9748900532722472
8chan,TV,0.693147180559945,0.4146223278777012,0.1704236504011978,0.0204732920974493
8chan,TV,0.693147180559945,0.0,0.1773168539958052,0.1485834121704101
8chan,TV,1.09861228866811,0.3678571186211233,0.2359618697341028,0.0811393857002258
8chan,TV,0.0,0.3310399046801152,0.2381334075744507,0.2711597084999084
8chan,TV,0.693147180559945,0.3899129506991498,0.237840525568171,0.0300774462521076
8chan,TV,1.6094379124341005,0.4227979157585587,0.1483773980598282,0.0457932725548744
8chan,TV,1.09861228866811,0.2054242744468578,0.1906234839001166,0.1496025919914245
8chan,TV,0.0,0.2829042547320758,0.2240090476827444,0.0201297104358673
8chan,TV,0.0,0.2361430669966069,0.248423052656012,0.2389895468950272
8chan,TV,0.693147180559945,0.3751849803768312,0.121535997652334,0.2725399434566498
8chan,TV,1.6094379124341005,0.4628351709046788,0.2431495304453222,0.982645869255066
8chan,TV,1.09861228866811,0.3352549540954565,0.1793703469829401,0.0834664925932884
8chan,TV,0.0,0.2707307021801702,0.1561938509851465,0.0190486572682857
8chan,TV,2.07944154167984,0.4620605428844905,0.0616285535157936,0.2753864526748657
8chan,TV,0.693147180559945,0.3981595960301385,0.0929994507200566,0.0357443317770957
8chan,POL,2.19722457733622,0.5227881030567975,0.3130948968011257,0.9289051294326782
8chan,POL,1.79175946922805,0.4470291455541783,0.0916901752976889,0.0834490656852722
8chan,POL,0.0,0.3322215647864646,0.2275546237549587,0.0138711407780647
8chan,POL,2.3978952727983702,0.4623526836588369,0.1501038616395075,0.0197809617966413
8chan,POL,0.693147180559945,0.4378096302348704,0.2247132683858381,0.1220055595040321
8chan,POL,2.7080502011022096,0.4832740593338269,0.2777898379138542,0.6254240274429321
8chan,POL,1.79175946922805,0.4544656326757531,0.2354101362504386,0.5592669248580933
8chan,POL,0.0,0.2947784636299396,0.2231072237350549,0.0146797727793455
8chan,POL,2.7080502011022096,0.4972391052327953,0.2263552487240457,0.9896210432052612
8chan,POL,1.09861228866811,0.3879931492465002,0.2205611135268924,0.7949771285057068
8chan,POL,1.09861228866811,0.4577506101124204,0.3010310094429265,0.17609703540802
8chan,POL,0.0,0.4264775487443377,0.2167593281535703,0.0955301746726036
8chan,POL,1.38629436111989,0.4403894077499211,0.2939724068001067,0.0140451928600668
8chan,POL,2.484906649788,0.4577657232763532,0.2797816637767953,0.0530352927744388
8chan,POL,2.07944154167984,0.4360879071285342,0.2287494211729759,0.0145096881315112
8chan,POL,2.07944154167984,0.521912952366585,0.2190290644759607,0.9262387156486512
8chan,POL,0.693147180559945,0.4498643481964992,0.2227645078413078,0.1116825714707374
8chan,POL,0.693147180559945,0.3053501013370965,0.1603964574043459,0.2106484174728393
8chan,POL,1.38629436111989,0.3945816852488814,0.2316110951079322,0.1232764720916748
8chan,POL,2.63905732961526,0.4245874623760933,0.3293459481059629,0.0364762805402278
8chan,POL,0.0,0.4351644005283895,0.2672999937523551,0.0393255464732646
8chan,POL,2.07944154167984,0.4761713746836626,0.2994499372373009,0.1636273562908172
8chan,POL,0.693147180559945,0.3081541669650147,0.3204158071534467,0.8191025853157043
8chan,POL,1.6094379124341005,0.4637810562753726,0.2691973148267677,0.5701553821563721
8chan,POL,1.09861228866811,0.3748177795755995,0.2391806584294816,0.0655271485447883
8chan,POL,1.38629436111989,0.4584800143988043,0.3479335714395117,0.5489318370819092
8chan,POL,1.38629436111989,0.4171587016400909,0.1894315860137959,0.0325772315263748
8chan,POL,1.79175946922805,0.4753393115241838,0.2739856518385095,0.2176009714603424
8chan,POL,0.0,0.3194516312983458,0.1927865371643088,0.0263100396841764
8chan,POL,1.94591014905531,0.4639741412741606,0.2480712348258684,0.0290024299174547
8chan,POL,1.79175946922805,0.4766160560587726,0.2839773492383888,0.4106520712375641
8chan,POL,1.79175946922805,0.4908561249478286,0.2421711457740797,0.0481325089931488
8chan,POL,0.693147180559945,0.4452559332179497,0.1757327885705708,0.0282927118241786
8chan,POL,1.79175946922805,0.4402508743584677,0.2297280495154412,0.3739689290523529
8chan,POL,1.38629436111989,0.3996733230578674,0.2536540579187481,0.0805071517825126
8chan,POL,0.0,0.2467116945954949,0.2068871407548612,0.0644649937748909
8chan,POL,0.693147180559945,0.3493641906357082,0.2727710483482011,0.2832529842853546
8chan,POL,0.0,0.3266227216008358,0.283136514428312,0.1574795246124267
8chan,POL,0.0,0.3320666142280608,0.1737348090873685,0.0352435000240802
8chan,POL,1.38629436111989,0.4721544422419029,0.266059384669472,0.5556314587593079
8chan,POL,0.0,0.2133394100115942,0.0826812288257822,0.0247341319918632
8chan,POL,1.09861228866811,0.4606138614904793,0.2364866992846044,0.2301353365182877
8chan,POL,0.693147180559945,0.4077909496677971,0.2690250802742057,0.0551770590245723
8chan,POL,1.09861228866811,0.476742139856695,0.2436478989290658,0.0734987258911132
8chan,POL,1.09861228866811,0.3444750146077622,0.2172537961858627,0.0263158325105905
8chan,TV,2.19722457733622,0.4434596643449442,0.2202398389221267,0.2311611473560333
8chan,TV,2.19722457733622,0.4060529272726093,0.2402300813674618,0.8094221353530884
8chan,TV,0.0,0.3245695167952402,0.1991813348355792,0.1243579015135765
8chan,TV,1.6094379124341005,0.4125840136051106,0.285731866091751,0.936330020427704
8chan,TV,0.693147180559945,0.3901801242550162,-0.0302467624041496,0.1025877371430397
8chan,TV,1.79175946922805,0.4135359323500115,0.1358442636298437,0.0587925948202609
8chan,TV,1.94591014905531,0.4712782594929125,0.268531772273874,0.8737822771072388
8chan,TV,1.6094379124341005,0.4323681123741638,0.2050409314843416,0.0184255111962556
8chan,TV,0.0,0.3609589528715583,0.284009444366986,0.0984088703989982
8chan,TV,1.38629436111989,0.4277726698969827,0.3155787152080203,0.0862586945295333
8chan,TV,1.09861228866811,0.4104497738305212,0.1212779866035525,0.4011470675468445
8chan,TV,0.0,0.3525924049829261,0.2289257746752099,0.1073394790291786
8chan,TV,1.38629436111989,0.4807821750818221,0.2013638991557972,0.0924602746963501
8chan,TV,0.0,0.4126658072075814,0.1748482316498857,0.0629762709140777
8chan,TV,1.79175946922805,0.4767044680653794,0.2394284081730092,0.1073903664946556
8chan,TV,1.94591014905531,0.4189784225294,0.2397009053346632,0.066544309258461
8chan,TV,1.79175946922805,0.4664176371455125,0.3003901984942044,0.3959331810474396
8chan,TV,1.38629436111989,0.4501150009648915,0.3145376958221252,0.1976938396692276
8chan,TV,1.09861228866811,0.4005792453179744,0.244488172683487,0.7345795631408691
8chan,TV,1.09861228866811,0.4173805228440125,0.2129107527050254,0.914785623550415
8chan,TV,0.693147180559945,0.4390665934483869,0.2253240572633907,0.2862591445446014
8chan,TV,0.0,0.3099549705788937,0.2010786495360131,0.4629001319408417
8chan,TV,0.693147180559945,0.3973727669167947,0.276430325874669,0.0832996517419815
8chan,TV,1.79175946922805,0.4107337444865789,0.2250331268121588,0.0210373532027006
8chan,TV,0.0,0.4008820120059538,0.1648141770227667,0.1054151058197021
8chan,TV,0.0,0.0,0.3127762575069195,0.1941591650247573
8chan,POL,0.0,0.3154763112973899,0.2859273406781905,0.2259752303361893
8chan,POL,1.79175946922805,0.4710519753647277,0.2808924676571431,0.0858174264430999
8chan,POL,2.63905732961526,0.4848020636035147,0.235311510496904,0.1456615626811981
8chan,POL,0.693147180559945,0.4568613992279392,0.1357404912303306,0.0306615997105836
8chan,POL,0.0,0.3683394465378181,0.1397771342453374,0.0251349192112684
8chan,POL,3.218875824868201,0.4665600253789592,0.3165605261109127,0.1123402118682861
8chan,POL,1.09861228866811,0.3747938118014515,0.2281832991220572,0.3311050534248352
8chan,POL,2.99573227355399,0.4800430733746589,0.2160211012359186,0.2259567826986313
8chan,POL,3.09104245335832,0.4844938430309949,0.2812576170595602,0.8493759632110596
8chan,POL,1.94591014905531,0.3893118897635288,0.2223627288525604,0.1925866603851318
8chan,POL,0.0,0.4062421617266571,0.1800785164558117,0.0256345588713884
8chan,POL,0.0,0.269591633091665,0.176958193931743,0.0163606964051723
8chan,POL,1.94591014905531,0.3747953540287586,0.1920626861506556,0.1915899068117141
8chan,POL,1.38629436111989,0.3392397832652801,0.1526064635650496,0.0883265659213066
8chan,POL,3.5553480614894104,0.5065239959735455,0.2791390115930222,0.0490323342382907
8chan,POL,3.4011973816621603,0.5046019113460501,0.2429559843356256,0.7925014495849609
8chan,POL,1.38629436111989,0.4139039739599798,0.2525289210412264,0.1120151951909065
8chan,POL,0.0,0.4680444777090366,0.2879482172217043,0.0233116801828146
8chan,POL,1.38629436111989,0.4439811563517539,0.2377230095016285,0.9082810878753662
8chan,POL,0.693147180559945,0.2435365866130334,0.234177811868602,0.0343669317662715
8chan,POL,0.0,0.3132387946299516,0.1514965788017597,0.0953441187739372
8chan,POL,1.6094379124341005,0.3991782521856017,0.2643632525445021,0.0691516250371933
8chan,POL,1.38629436111989,0.4034663627656377,0.1771999629895679,0.0268510058522224
8chan,POL,3.17805383034795,0.4700323459546539,0.3543441314871289,0.0798508673906326
8chan,POL,1.38629436111989,0.3808714623350018,0.3195588626369905,0.0488625168800354
8chan,POL,1.6094379124341005,0.4142632247875858,0.2826325165783983,0.24293152987957
8chan,POL,1.38629436111989,0.4775130731474372,0.3547112339348613,0.054686427116394
8chan,TV,0.0,0.339859569321758,0.2817465817659953,0.0570634715259075
8chan,TV,2.19722457733622,0.5086306356011274,0.1645871532924208,0.8512504696846008
8chan,TV,1.38629436111989,0.4496204566346105,0.1860413010772573,0.0758603066205978
8chan,TV,3.13549421592915,0.4964549904705978,0.2071883847649674,0.8752585053443909
8chan,TV,0.0,0.3154947539730401,0.1972288207882946,0.0720007717609405
8chan,TV,0.693147180559945,0.4049698010134232,0.4010561506181993,0.9687216281890868
8chan,TV,0.0,0.2127777757112636,0.2791122460972782,0.1266081184148788
8chan,TV,0.693147180559945,0.416228401015247,0.1868634929347382,0.0370348915457725
8chan,TV,0.693147180559945,0.2748342705179429,0.1781978546693766,0.0339101403951644
8chan,TV,0.0,0.3719864120046549,0.1837250793357343,0.7397733330726624
8chan,TV,0.0,0.3585890807218389,0.1968007676596249,0.0745773985981941
8chan,TV,2.3978952727983702,0.5182492022135853,0.1964605334235667,0.0636331737041473
8chan,TV,0.0,0.3930534237764966,0.1539094220134721,0.3371708989143372
8chan,TV,0.0,0.3031558663987833,0.2803707254060974,0.0246923882514238
8chan,TV,1.38629436111989,0.3779718390482567,0.0560391869548765,0.0205338783562183
8chan,TV,0.0,0.4622532018195546,0.2328395670041155,0.0413716211915016
8chan,TV,0.0,0.1648647166745994,0.2657148307972119,0.2022269517183304
8chan,TV,0.0,0.1314057056141597,0.149204207901712,0.0451988913118839
8chan,TV,1.09861228866811,0.3956296721633262,0.1987944483333038,0.3636492788791657
8chan,TV,0.0,0.3250515300351624,0.1589020781886453,0.3382602334022522
8chan,TV,1.09861228866811,0.3415159891875093,0.2060844402740125,0.0708600208163261
8chan,TV,2.30258509299405,0.5377958303957336,0.2217970930803932,0.8682942390441895
8chan,TV,0.0,0.3161388333504915,0.227773259089938,0.0399372540414333
8chan,TV,0.693147180559945,0.258063537455368,0.2367754415979828,0.8306661248207092
8chan,TV,0.693147180559945,0.3235502206527872,0.2221264919444909,0.3109219968318939
8chan,TV,0.0,0.3939530286381414,0.1796344869987508,0.3437986671924591
8chan,TV,0.0,0.2958722430260955,0.2038549613778102,0.0842429399490356
8chan,Leftypol,0.693147180559945,0.5109389932873716,0.272752391054615,0.2729176580905914
8chan,Leftypol,2.89037175789616,0.487477020623531,0.143467679907654,0.1965518146753311
8chan,Leftypol,2.07944154167984,0.5416827334287264,0.2167839822226613,0.9249883890151978
8chan,Leftypol,1.94591014905531,0.5462434055775458,0.1409816456580245,0.982468843460083
8chan,Leftypol,0.693147180559945,0.3689651586514516,0.1621892523313534,0.0367682576179504
8chan,Leftypol,0.693147180559945,0.4639569560141832,0.2104703087911036,0.1541080921888351
8chan,Leftypol,0.0,0.4287948502577753,0.1581452552665121,0.9786396026611328
8chan,Leftypol,2.5649493574615403,0.493992918102291,0.1521697961527537,0.9931818842887878
8chan,Leftypol,1.38629436111989,0.5477676400646024,0.3199942438385706,0.7266135215759277
8chan,Leftypol,3.4657359027997297,0.5778870116847328,0.2020948646802298,0.993351399898529
8chan,Leftypol,0.0,0.4159307798777156,0.2784295947940296,0.0136399855837225
8chan,Leftypol,2.30258509299405,0.4545434009542576,0.2296224343847649,0.9441485404968262
8chan,Leftypol,1.6094379124341005,0.4803667711409989,0.1832084218151161,0.9525203704833984
8chan,Leftypol,1.79175946922805,0.5357811703174424,0.2058914314265813,0.6709034442901611
8chan,Leftypol,2.484906649788,0.4848423752084246,0.2192537231729331,0.956284523010254
8chan,Leftypol,0.0,0.3875321341765348,0.1946558744376395,0.48465695977211
8chan,Leftypol,1.94591014905531,0.4341171572103553,0.292539430192905,0.916219174861908
8chan,Leftypol,2.83321334405622,0.4982873703138928,0.2072653802513751,0.9855573773384094
8chan,Leftypol,1.38629436111989,0.5325025733591592,0.1613831322319821,0.6772995591163635
8chan,Leftypol,1.94591014905531,0.5104941731541446,0.179405433462913,0.1799407601356506
8chan,Leftypol,2.30258509299405,0.5199041305438339,0.1977100427416044,0.7165147662162781
8chan,Leftypol,1.38629436111989,0.4310611602122569,0.2871058352242192,0.0384713523089885
8chan,POL,1.79175946922805,0.4830910594082925,0.203672265023507,0.8728126883506775
8chan,POL,3.0445224377234195,0.4392948540924979,0.1443510035715799,0.357040137052536
8chan,POL,1.09861228866811,0.4867469872313233,0.0900459258971489,0.9828364253044128
8chan,POL,2.3978952727983702,0.5014599927993981,0.1765150365279515,0.9876036643981934
8chan,POL,1.79175946922805,0.5378310922921039,0.2251193182420628,0.2430455684661865
8chan,POL,2.07944154167984,0.4412971184240731,0.1542341380342173,0.676058292388916
8chan,POL,3.9318256327243297,0.5468245488768526,0.2301070362059607,0.93481183052063
8chan,POL,2.63905732961526,0.488096649368187,0.1950732001762369,0.0746450275182724
8chan,POL,2.94443897916644,0.49409407965209,0.2296513422962683,0.4377011358737945
8chan,POL,4.60517018598809,0.5372812077488363,0.120369475677484,0.5394965410232544
8chan,POL,0.0,0.4688880045458867,0.1526947550324178,0.9355803728103638
8chan,POL,1.38629436111989,0.4296923102095566,0.2277581266379649,0.3919664919376373
8chan,POL,1.79175946922805,0.4539851962789809,0.1782264547523829,0.9736474752426147
8chan,POL,2.83321334405622,0.5403963327569469,0.1747016288776416,0.5744956135749817
8chan,POL,2.07944154167984,0.4814806025729994,0.2497643821881825,0.1025392264127731
8chan,POL,2.30258509299405,0.5794901900702722,0.2178062613927418,0.6818473935127258
8chan,POL,2.30258509299405,0.5065016120811425,0.3061354151397047,0.9011372327804564
8chan,POL,0.0,0.3786778842416419,0.1463958031482622,0.0322060510516166
8chan,POL,1.79175946922805,0.5224990665816938,0.1108406408168328,0.5833165049552917
8chan,POL,3.5553480614894104,0.5007517678734614,0.1381537379923234,0.9141517281532288
8chan,POL,2.7080502011022096,0.4943135829645393,0.1547136908322429,0.9535222053527832
8chan,POL,0.693147180559945,0.4187612403045729,0.2254772502918711,0.9669899940490724
8chan,POL,3.3322045101752003,0.4959741889550064,0.1432637601153651,0.921611785888672
8chan,POL,1.38629436111989,0.4454374908613034,0.1678807003499259,0.1717081218957901
8chan,POL,1.6094379124341005,0.4036481188268708,0.2591552378317845,0.1098263263702392
8chan,POL,0.693147180559945,0.4095568493871793,0.2907540991915028,0.0269259512424469
8chan,POL,1.38629436111989,0.4696759427130157,0.2160529157001512,0.9959657192230223
8chan,POL,2.89037175789616,0.503204615188194,0.217436462317019,0.8921050429344177
8chan,POL,0.693147180559945,0.4249351611385134,0.2860766445404529,0.1822127997875213
8chan,POL,2.19722457733622,0.45549114315009,0.2761895908020541,0.4390225112438202
8chan,POL,2.89037175789616,0.4794566235719391,0.1965369527637557,0.9865216016769408
8chan,POL,1.79175946922805,0.4772657620634716,0.2281606572493323,0.9370959997177124
8chan,POL,3.29583686600433,0.4635578709157551,0.2603585749384077,0.9839320182800292
8chan,POL,3.58351893845611,0.5202688791570947,0.3227007372697867,0.9812807440757751
8chan,POL,2.83321334405622,0.4659303238997001,0.2180088099195762,0.1600584834814071
8chan,POL,3.09104245335832,0.4957865027941091,0.1766000539919631,0.0703589767217636
8chan,POL,1.09861228866811,0.418756701434571,0.1675398014482327,0.8494720458984375
8chan,POL,0.693147180559945,0.4373521722302727,0.262429314507812,0.3681404292583465
8chan,POL,2.3978952727983702,0.5181776976150261,0.2485807590057974,0.9730817675590516
8chan,POL,2.07944154167984,0.4874603404750237,0.1497224781991283,0.9407511949539183
8chan,POL,1.79175946922805,0.4561061507130646,0.2496352994760016,0.4279309213161469
8chan,POL,4.15888308335967,0.4949236646829861,0.203386236484603,0.2517933845520019
8chan,POL,2.30258509299405,0.4933758578159893,0.1383979602207297,0.4404892921447754
8chan,POL,3.218875824868201,0.5099386641268565,0.244288211505755,0.8987018465995789
8chan,POL,1.94591014905531,0.5416524219440314,0.2740266428431979,0.9742776155471802
8chan,POL,2.484906649788,0.4667971027948484,0.2556409897573086,0.9796797633171082
8chan,POL,2.99573227355399,0.5260029552469696,0.2375932295873368,0.6799017786979675
8chan,POL,2.89037175789616,0.5986880821300413,0.1759784887119547,0.9681844115257264
8chan,POL,3.13549421592915,0.4971647348401455,0.3282743831150513,0.8743605613708496
8chan,POL,3.4657359027997297,0.5088811540366679,0.2425056575284133,0.071396566927433
8chan,POL,2.99573227355399,0.5529252016599457,0.2128877339505931,0.9423999190330504
8chan,POL,3.5553480614894104,0.5152715813763342,0.1241900795158112,0.9895482063293456
8chan,POL,1.6094379124341005,0.4585932538828957,0.1650905088393778,0.955163836479187
8chan,POL,3.49650756146648,0.5202439284938613,0.1619815013490262,0.9795435070991516
8chan,POL,0.693147180559945,0.4438135964914579,0.2128898430222778,0.8715959191322327
8chan,POL,1.6094379124341005,0.4284478362346628,0.2556026134675433,0.0203198175877332
8chan,Leftypol,2.7080502011022096,0.5189245313925291,0.1747283055672305,0.736912727355957
8chan,Leftypol,1.79175946922805,0.4628946565988416,0.122933088470378,0.0799812972545623
8chan,Leftypol,1.09861228866811,0.3763861417510633,0.1770623332163355,0.2660470604896545
8chan,Leftypol,1.09861228866811,0.4192679573209863,0.2468652144957244,0.0681643262505531
8chan,Leftypol,1.6094379124341005,0.4118527626337432,0.1206645348417993,0.0905956849455833
8chan,Leftypol,1.09861228866811,0.4358652639053784,0.1962845222111152,0.921017289161682
8chan,Leftypol,1.09861228866811,0.3145486830594727,0.319026293609131,0.0288637019693851
8chan,Leftypol,0.693147180559945,0.0,0.2897570375125504,0.9322554469108582
8chan,Leftypol,0.693147180559945,0.4667244018656377,0.2912137319616945,0.1880882978439331
8chan,Leftypol,0.693147180559945,0.4243404613991693,0.2020375363556195,0.8178020119667053
8chan,Leftypol,1.79175946922805,0.4752261394404473,0.0873181064522395,0.9680206179618835
8chan,Leftypol,0.0,0.2288025295654096,0.1942069249763287,0.1982326060533524
8chan,Leftypol,1.94591014905531,0.4936806345367523,0.2221785894720352,0.954758882522583
8chan,Leftypol,3.63758615972639,0.5678225197141504,0.2242050219112523,0.9567152261734008
8chan,Leftypol,3.17805383034795,0.4640996562124521,0.2806642967869717,0.909515619277954
8chan,Leftypol,3.43398720448515,0.4986959832152596,0.3176925840158897,0.924413800239563
8chan,Leftypol,2.484906649788,0.547969734076084,0.1759687361351066,0.9308531284332277
8chan,Leftypol,0.0,0.4373192081759994,0.0871062041876068,0.6036820411682129
8chan,Leftypol,0.0,0.411882234868323,0.1782860593892452,0.2488771080970764
8chan,Leftypol,1.09861228866811,0.5003901985910573,0.2160637479704772,0.9620686173439026
8chan,Leftypol,1.09861228866811,0.4545370039625746,0.2284121295085199,0.1041866242885589
8chan,Leftypol,1.6094379124341005,0.534280982270133,0.1651147861731334,0.919044315814972
8chan,Leftypol,1.79175946922805,0.4321251788205473,0.1935473042829138,0.0366399399936199
8chan,Leftypol,3.17805383034795,0.5095789044610605,0.0874258016316646,0.930155873298645
8chan,Leftypol,1.79175946922805,0.5294964047755484,0.1176117246242823,0.9197794198989868
8chan,Leftypol,1.38629436111989,0.4446959111242847,0.3168869657949931,0.9081247448921204
8chan,Leftypol,3.3322045101752003,0.4873848391791507,0.3182286777111917,0.7596124410629272
8chan,Leftypol,2.77258872223978,0.5353070403323857,0.2787416507890129,0.9811923503875732
8chan,Leftypol,2.19722457733622,0.481596495818717,0.254477603707553,0.8830220699310303
8chan,Leftypol,1.94591014905531,0.486110315443354,0.1914987918044321,0.6421867609024048
8chan,Leftypol,1.6094379124341005,0.4263474156466473,0.1249804758866652,0.0341105908155441
8chan,Leftypol,0.0,0.4361914294320415,0.2365139827121269,0.0270050019025802
8chan,Leftypol,1.09861228866811,0.413344190952589,0.1116692601606866,0.0137258497998118
8chan,Leftypol,1.09861228866811,0.4446790656759189,0.2203956655468155,0.0617301426827907
8chan,Leftypol,1.6094379124341005,0.4801958082304786,0.2034480548265675,0.8654557466506958
8chan,Leftypol,1.38629436111989,0.4441628956934857,0.0816636811090608,0.8036036491394043
8chan,Leftypol,1.6094379124341005,0.5019093729745087,0.2842172649056883,0.934116780757904
8chan,Leftypol,1.6094379124341005,0.4303098104258039,0.1661381815160769,0.071890577673912
8chan,TV,0.693147180559945,0.3014827432178859,0.2007727100498202,0.1456624120473861
8chan,TV,1.79175946922805,0.4983191758427242,0.2533244575006823,0.3356501162052154
8chan,TV,1.38629436111989,0.4546721197331308,0.2225472335324843,0.2219816893339157
8chan,TV,1.94591014905531,0.5318124533165471,0.2078419949114263,0.8327164649963379
8chan,TV,2.07944154167984,0.3961472705393411,0.2314468481934279,0.1729318499565124
8chan,TV,1.6094379124341005,0.4056623302904629,0.2657681748774746,0.6184887886047363
8chan,TV,0.0,0.3361226829246896,0.1615557879368625,0.1590313911437988
8chan,TV,2.07944154167984,0.4387305400791136,0.1290095629440058,0.055664088577032
8chan,TV,0.693147180559945,0.2620460507220815,0.1984174244409927,0.440990686416626
8chan,TV,0.693147180559945,0.3621371173341419,0.2244265098500196,0.5376726388931274
8chan,TV,0.693147180559945,0.3907299553344466,0.2084425766394941,0.4097639322280884
8chan,TV,0.693147180559945,0.3887498658820753,0.2775968600619567,0.0323263220489025
8chan,TV,0.693147180559945,0.3373959760530575,0.1023836946806186,0.1879414021968841
8chan,TV,1.09861228866811,0.3921550496404261,0.1126824640685996,0.1384268403053283
8chan,TV,0.0,0.4433077783693345,0.2209346543584979,0.1951578259468078
8chan,TV,2.19722457733622,0.4483122207212638,0.2585244797523343,0.3763337135314941
8chan,TV,0.693147180559945,0.4776536761934558,0.2712456145361818,0.0790445432066917
8chan,TV,0.0,0.2958108104148316,0.2414909561850666,0.2695655524730682
8chan,TV,0.693147180559945,0.3069444949473436,0.3068866134185742,0.8870354294776917
8chan,TV,1.38629436111989,0.4099389165951277,0.1690368215509431,0.3008925318717956
8chan,TV,0.693147180559945,0.4147144768190545,0.2292119550406616,0.6545256972312927
8chan,TV,0.0,0.3221981104488481,0.1687631320997455,0.3389751613140106
8chan,Leftypol,1.6094379124341005,0.4436758173346267,0.1129072759623797,0.2207383662462234
8chan,Leftypol,2.3978952727983702,0.5218673716530304,0.1295678678675503,0.9620158672332764
8chan,Leftypol,2.77258872223978,0.5538048072427035,0.1615795176091548,0.6140837669372559
8chan,Leftypol,2.3978952727983702,0.4480903752202419,0.1144914322612137,0.2324092388153076
8chan,Leftypol,3.71357206670431,0.4471670150615934,0.0828801336801709,0.9811674356460572
8chan,Leftypol,0.693147180559945,0.4195487658331184,0.1646162448923253,0.025366798043251
8chan,Leftypol,3.29583686600433,0.4926663290430315,0.2021412009962094,0.8900842666625977
8chan,Leftypol,2.07944154167984,0.4900986012007358,0.1750751879338649,0.2288275510072708
8chan,Leftypol,1.94591014905531,0.5504447227819972,0.2545070681619922,0.9551464319229126
8chan,Leftypol,2.484906649788,0.4558733667802144,0.2767110572537323,0.7910821437835693
8chan,Leftypol,3.25809653802148,0.4678603954780444,0.1510212652686018,0.3201500177383423
8chan,Leftypol,2.30258509299405,0.5289209712905599,0.1581285357580388,0.1229924038052558
8chan,Leftypol,1.38629436111989,0.4448851920293507,0.2330555034197044,0.5182329416275024
8chan,Leftypol,2.99573227355399,0.4761329387546887,0.1194881288388841,0.8071332573890686
8chan,Leftypol,1.09861228866811,0.4748880834712204,0.1537405394002606,0.962795615196228
8chan,Leftypol,1.09861228866811,0.48558593391379,0.0764552093474243,0.7640562057495117
8chan,Leftypol,2.19722457733622,0.455447012823141,0.2492831687843499,0.0724349021911621
8chan,Leftypol,1.6094379124341005,0.5133345580184151,0.221375094233693,0.6413962244987488
8chan,Leftypol,1.94591014905531,0.5513810467489874,0.2420108491071006,0.9035933017730712
8chan,Leftypol,2.07944154167984,0.4754225098130193,0.2725908803900057,0.2511688470840454
8chan,Leftypol,1.79175946922805,0.436454658488854,0.1343743470704958,0.2259886115789413
8chan,Leftypol,1.09861228866811,0.4804347666222446,0.0887785543355694,0.0824346840381622
8chan,Leftypol,1.09861228866811,0.4303391507679457,0.1224914648703567,0.0874606147408485
8chan,Leftypol,1.38629436111989,0.5011425053297963,0.1264202962432173,0.0238769464194774
8chan,Leftypol,1.6094379124341005,0.4374117457106328,0.1304192557618029,0.0345539264380931
8chan,Leftypol,2.77258872223978,0.4577693996580184,0.084960877168102,0.2153656929731369
8chan,Leftypol,3.49650756146648,0.5442664630694839,0.2162628193958824,0.9789922833442688
8chan,Leftypol,0.0,0.4361266212581771,0.1609753498183755,0.0398108810186386
8chan,POL,1.79175946922805,0.4871858594959207,0.2045472969564231,0.0621332861483097
8chan,POL,2.99573227355399,0.4240911269697913,0.056344309769001,0.7049857378005981
8chan,POL,1.79175946922805,0.4294664540337019,0.1734033341022593,0.1930325627326965
8chan,POL,0.0,0.4630859521134235,0.2021131407003422,0.2392766773700714
8chan,POL,0.693147180559945,0.4571290230725664,0.1765924478155915,0.5013284087181091
8chan,POL,0.0,0.4181319741105919,0.2779458255949726,0.2604452371597289
8chan,POL,1.38629436111989,0.4406924743738621,0.2231754383715329,0.0519864037632942
8chan,POL,3.61091791264422,0.4882161913356395,0.3463006807081392,0.6883490085601807
8chan,POL,3.5553480614894104,0.4528938950642882,0.1234430089962483,0.4176730513572693
8chan,POL,3.13549421592915,0.4172211562204595,0.2575272065402932,0.3870672881603241
8chan,POL,3.09104245335832,0.4308227318307692,0.2360156323511836,0.0329076759517192
8chan,POL,2.30258509299405,0.4306306747616772,0.2241804877048172,0.8009898662567139
8chan,POL,2.5649493574615403,0.5307897874805365,0.2380670130508057,0.4850480854511261
8chan,POL,3.78418963391826,0.4529624032495947,0.2538399476359546,0.9635937809944152
8chan,POL,2.7080502011022096,0.4851906776508294,0.1221492841926291,0.2754149734973907
8chan,POL,1.38629436111989,0.4184652699021324,0.2443670642060709,0.4998395144939423
8chan,POL,2.3978952727983702,0.4298169024180418,0.2104899258989752,0.1071813032031059
8chan,POL,3.5553480614894104,0.4297471183539232,0.1719192795957317,0.2215850055217743
8chan,POL,3.25809653802148,0.4729463148891462,0.2075539199662865,0.7071027755737305
8chan,POL,3.218875824868201,0.4392821453521041,0.180398499251865,0.599933922290802
8chan,POL,3.43398720448515,0.3726991529755174,0.0761957054412215,0.3169333040714264
8chan,POL,2.77258872223978,0.3908101170958658,0.2016458259667674,0.8827143907546997
8chan,POL,2.7080502011022096,0.4982624373009096,0.2000261514847681,0.0385426022112369
8chan,POL,2.30258509299405,0.4169703254938172,0.2332080403830795,0.1381900161504745
8chan,POL,0.693147180559945,0.2721298646385077,0.2616077678243956,0.0686079338192939
8chan,POL,0.693147180559945,0.2957012578461778,0.2249483411304015,0.0586328729987144
8chan,POL,2.63905732961526,0.4275506168329729,0.1516049391316261,0.0714708939194679
8chan,POL,1.38629436111989,0.4808479542580753,0.2047112091636387,0.9841578006744384
8chan,POL,2.30258509299405,0.4150621139896662,0.1726603825961271,0.428432047367096
8chan,POL,3.4011973816621603,0.4474245913283321,0.2629345334485423,0.0672261342406272
8chan,POL,2.77258872223978,0.4738974331093731,0.2675107729193269,0.4602117240428925
8chan,POL,2.63905732961526,0.4933022575872355,0.1497437175890604,0.4039851427078247
8chan,POL,2.07944154167984,0.5480371806693747,0.2868945682657347,0.4901747405529022
8chan,POL,1.79175946922805,0.4601610123213272,0.1923263741691904,0.7996136546134949
8chan,POL,3.29583686600433,0.4786119954300917,0.1513899091243569,0.7959153652191162
8chan,POL,1.6094379124341005,0.4591261431780715,0.27314623259998,0.4224635362625122
8chan,POL,2.7080502011022096,0.4557647922638382,0.2041682562341397,0.2159419059753418
8chan,POL,3.68887945411394,0.3893583916197763,0.1840592655687509,0.1230725720524788
8chan,POL,2.19722457733622,0.4934917358655947,0.2921862235550224,0.8175347447395325
8chan,TV,0.693147180559945,0.3796233462107669,0.2270092552261997,0.0422659888863563
8chan,TV,1.38629436111989,0.4712046997180751,0.2235815893297948,0.8892121911048889
8chan,TV,0.693147180559945,0.3869436697233385,0.2060529915818086,0.0608575269579887
8chan,TV,0.0,0.174444055794463,0.1945448780436881,0.0624771527945995
8chan,TV,0.0,0.1426217824242679,0.1591138405442391,0.1575831770896911
8chan,TV,0.0,0.2623175032381778,0.2521877449736113,0.0485570318996906
8chan,TV,0.0,0.3148680899317164,0.1926134432868197,0.1152591481804847
8chan,TV,2.484906649788,0.4530243502022445,0.1820700302085974,0.939793050289154
8chan,TV,2.30258509299405,0.4432777582096482,0.2268202489826876,0.1132995709776878
8chan,TV,1.09861228866811,0.4744054130240153,0.1388050100694637,0.296026349067688
8chan,TV,1.09861228866811,0.4650507739822326,0.2408699849967675,0.853820264339447
8chan,TV,0.0,0.3976612324164812,0.2634382014870722,0.1317010819911956
8chan,TV,1.09861228866811,0.3724236774446111,0.1498552359176848,0.0414843782782554
8chan,TV,2.5649493574615403,0.3683064706450206,0.1757637174295059,0.524009644985199
8chan,TV,0.0,0.3649830800458665,0.1960135140732453,0.0516846589744091
8chan,TV,1.6094379124341005,0.4442180173394277,0.176455321574505,0.3203908205032349
8chan,TV,0.0,0.2630646269048303,0.1036659963561065,0.025586798787117
8chan,TV,1.09861228866811,0.4981763201462877,0.196802766512571,0.1367853134870529
8chan,TV,0.0,0.3590717667695254,0.1671920273774076,0.096022181212902
8chan,TV,0.693147180559945,0.3484621144559061,0.2387473534519215,0.4338504672050476
8chan,TV,0.0,0.1931242789165478,0.2215973398312289,0.1718237102031707
8chan,TV,0.693147180559945,0.4496393948538367,0.1624351236551341,0.1171765848994255
8chan,TV,0.0,0.0,0.286714588370765,0.2474657595157623
8chan,TV,0.0,0.3121675180989851,0.2216168165444492,0.0267558991909027
8chan,TV,0.0,0.3218020609832961,0.2426788734213207,0.2703787982463837
8chan,TV,0.693147180559945,0.3515557783636615,0.2506771737973297,0.1540042906999588
8chan,TV,0.0,0.444962456843429,0.323922241540557,0.8986755609512329
8chan,TV,0.0,0.3148680899317164,0.2246910382168268,0.0521692596375942
8chan,TV,1.38629436111989,0.4159072711673429,0.1628514586867569,0.1589085012674331
8chan,TV,2.63905732961526,0.4986463494608047,0.2535697300211235,0.591747522354126
8chan,TV,2.07944154167984,0.4258480896921788,0.096012693945139,0.1733729988336563
8chan,TV,1.79175946922805,0.4644570180281644,0.1632395803387295,0.8157694935798645
8chan,TV,0.0,0.0,0.273277572192111,0.0788352116942405
8chan,TV,0.0,0.3771856199451459,0.1882302001496111,0.4073096215724945
8chan,TV,1.09861228866811,0.4331515161695375,0.2250880151168599,0.923539400100708
8chan,TV,0.0,0.2357647034720171,0.1740730436463012,0.0141064692288637
8chan,TV,0.0,0.2722537940213398,0.2200675486441076,0.0786008685827255
8chan,TV,0.0,0.3138206861112583,0.2117481446561952,0.7438330054283142
8chan,TV,0.693147180559945,0.4115647610584887,0.0563640678050113,0.0759085863828659
8chan,TV,0.693147180559945,0.3508148931278319,0.2030422843163213,0.0754634067416191
8chan,TV,3.13549421592915,0.4071759998222871,0.2747858736955603,0.852415919303894
8chan,TV,0.0,0.3926923580713605,0.1843359329867483,0.0412547290325164
8chan,TV,0.693147180559945,0.4517813107329259,0.2301408163922306,0.7482191324234009
8chan,TV,2.5649493574615403,0.4638756274801026,0.1877529373226891,0.2179841697216034
8chan,TV,0.0,0.3271251138804879,0.2396757803412997,0.1249200254678726
8chan,TV,0.0,0.3834723948893419,0.2062922475572631,0.103245161473751
8chan,TV,0.0,0.4037998963138057,0.2037438258583005,0.145717054605484
8chan,TV,0.693147180559945,0.3387460183794242,0.2048801234764038,0.3513143360614777
8chan,TV,0.693147180559945,0.4364697794090824,0.2421205545036211,0.2275541722774505
8chan,TV,1.38629436111989,0.3866250725383316,0.1205936922602539,0.3088684976100921
8chan,TV,1.38629436111989,0.4484514232733766,0.2566869649995267,0.1953029185533524
8chan,TV,0.0,0.3651789348037044,0.1174001065302349,0.02703289501369
8chan,POL,0.693147180559945,0.3768475601339756,0.1588067285162942,0.0517100691795349
8chan,POL,3.4657359027997297,0.5415345532631032,0.1418239109559163,0.5730850100517273
8chan,POL,3.68887945411394,0.4438838152664424,0.1656108719617101,0.0370337590575218
8chan,POL,1.6094379124341005,0.4938658613249215,0.2016515938656419,0.4971916973590851
8chan,POL,3.09104245335832,0.5295719650930805,0.2481831584999657,0.9826036095619202
8chan,POL,3.85014760171006,0.4788076616977204,0.2207924562333095,0.2840020060539245
8chan,POL,2.07944154167984,0.463499526892087,0.1197339327317888,0.1615619659423828
8chan,POL,3.73766961828337,0.5624366554963628,0.1766700441361449,0.567250669002533
8chan,POL,3.25809653802148,0.5458308622787222,0.2792348563290698,0.9406023621559144
8chan,POL,2.94443897916644,0.4771065769080708,0.2291510237504847,0.895659327507019
8chan,POL,1.79175946922805,0.4482001516968649,0.2226863738043372,0.7285159230232239
8chan,POL,4.20469261939097,0.4698986093332941,0.1088197114821198,0.1313117742538452
8chan,POL,3.61091791264422,0.4985697174195756,0.1255284471445558,0.4706155061721802
8chan,POL,4.14313472639153,0.4638784328067715,0.2452565341616499,0.8872278332710266
8chan,POL,3.25809653802148,0.5159881750797367,0.305230860204133,0.8262655138969421
8chan,POL,3.4011973816621603,0.442501322903214,0.1602584892087258,0.0297988075762987
8chan,POL,1.38629436111989,0.4814356679115336,0.2134528270789412,0.5659981966018677
8chan,POL,1.6094379124341005,0.4427190763964507,0.2755543369270931,0.9607974290847778
8chan,POL,1.94591014905531,0.4620928082364143,0.1783605001407797,0.5414309501647949
8chan,POL,1.6094379124341005,0.4193153785201864,0.2247093640231707,0.043453361839056
8chan,POL,3.78418963391826,0.505068690302239,0.1047769782290307,0.8196839094161987
8chan,POL,3.13549421592915,0.5403377873992498,0.2519730945767145,0.8919400572776794
8chan,POL,2.19722457733622,0.4110879547197387,0.2140589079038345,0.0846991315484047
8chan,POL,3.17805383034795,0.4491367673290546,0.2576148856500002,0.480952262878418
8chan,POL,3.8286413964891,0.4982608135885629,0.1342972322946073,0.0280566308647394
8chan,POL,3.68887945411394,0.4929225523410131,0.0844342693484588,0.2683086395263672
8chan,POL,3.9120230054281495,0.4897946205982237,0.2364803912402617,0.3060155808925629
8chan,POL,1.6094379124341005,0.4310994487590913,0.2016841079044655,0.0272271838039159
8chan,POL,3.43398720448515,0.534360284330741,0.1762262916592231,0.9694749712944032
8chan,POL,4.14313472639153,0.4923135981982987,0.2007007991555505,0.9797994494438172
8chan,POL,3.09104245335832,0.5507256390699742,0.2119147232760399,0.247888907790184
8chan,POL,3.3322045101752003,0.4117495511616637,0.1430980697305816,0.4798710346221924
8chan,POL,3.218875824868201,0.5613765068459211,0.2446731427379635,0.9128575921058656
8chan,POL,3.09104245335832,0.4797706297998635,0.0800499769482353,0.9045876860618592
8chan,POL,2.30258509299405,0.4714445936688839,0.2228347400883127,0.0235680676996707
8chan,POL,3.13549421592915,0.6266783826256827,0.1781413865917471,0.9492958188056946
8chan,POL,2.83321334405622,0.5290447100689523,0.1947786798527206,0.8490425348281859
8chan,POL,2.77258872223978,0.4424172119860775,0.1505374752693641,0.0438050031661987
8chan,POL,3.36729582998647,0.3847109152227089,0.1189446620536398,0.020281609147787
8chan,POL,2.63905732961526,0.5367471734797418,0.2434077954496983,0.757597804069519
8chan,POL,3.80666248977032,0.5379320811695933,0.1122689296256984,0.985544979572296
8chan,POL,3.218875824868201,0.4703974647281236,0.1856474588120765,0.1316190212965011
8chan,TV,0.0,0.2708923197756692,0.1060152545056145,0.1399685144424438
8chan,TV,0.693147180559945,0.3329424234984919,0.2588117171389314,0.0802481397986412
8chan,TV,0.693147180559945,0.3505272715185556,0.2817924378542578,0.1026929691433906
8chan,TV,0.0,0.0,0.1531511561426834,0.4771147072315216
8chan,TV,1.09861228866811,0.3685958870833109,0.2727335002570782,0.0681555271148681
8chan,TV,1.79175946922805,0.4749960306938272,0.2202507424285427,0.2210610061883926
8chan,TV,0.693147180559945,0.3672825098485526,0.1871345876338453,0.0676120147109031
8chan,TV,1.09861228866811,0.4381088875320053,0.1797543666695625,0.1442984342575073
8chan,TV,1.94591014905531,0.4594154036945624,0.2631347276359203,0.3072331547737121
8chan,TV,2.99573227355399,0.511397540392785,0.2200103813409516,0.9828588366508484
8chan,TV,1.09861228866811,0.4538990451346714,0.1282626493627197,0.6760694980621338
8chan,TV,1.09861228866811,0.4405745891374407,0.1354585576282848,0.0835769698023796
8chan,TV,0.693147180559945,0.3413779038794486,0.2601708713279989,0.2241808921098709
8chan,TV,0.0,0.3101964577625135,0.1943448319115975,0.3441117703914642
8chan,TV,0.0,0.2862836581178235,0.2071131150981792,0.1031108275055885
8chan,TV,0.0,0.3419504987793143,0.2434642647691101,0.1350598782300949
8chan,TV,0.0,0.4842429696052109,0.3579888612616264,0.3487903773784637
8chan,TV,1.09861228866811,0.32593797671494,0.2463489167316367,0.0697622448205947
8chan,TV,0.0,0.297388175214002,0.2324033488998072,0.0803597941994667
8chan,TV,0.693147180559945,0.4570449748587575,0.2955065139784288,0.4179712533950805
8chan,TV,0.0,0.4322491424577236,0.2365483408018505,0.8501775860786438
8chan,TV,1.79175946922805,0.4171925428053369,0.2603108813301182,0.0367773361504077
8chan,TV,0.693147180559945,0.4676045166610673,0.2616348100722167,0.0392634011805057
8chan,TV,0.0,0.2222047055260455,0.2175940384586411,0.1733699887990951
8chan,TV,0.0,0.2986531530391426,0.2115096837868623,0.7676677703857422
8chan,TV,0.0,0.3796915954575,0.2782494735281671,0.1977099478244781
8chan,TV,0.693147180559945,0.3948695944648988,0.2223079655358026,0.1127509400248527
8chan,TV,0.693147180559945,0.3790314450953034,0.0858389013713852,0.0166833493858575
8chan,TV,1.6094379124341005,0.5023357793928009,0.2799414304655857,0.3288307785987854
8chan,TV,0.0,0.293327197715123,0.2850846048110182,0.1617484986782074
8chan,TV,1.09861228866811,0.3497514599706132,0.2842175115702101,0.1511368155479431
8chan,TV,0.0,0.3206264981256899,0.2676397909818253,0.3677990138530731
8chan,TV,0.693147180559945,0.3243612040265182,0.1510659742905143,0.0319818295538425
8chan,TV,0.0,0.3138376760752459,0.1819148518759136,0.47503861784935
8chan,POL,0.693147180559945,0.4156925495176439,0.202602908816349,0.0199099611490964
8chan,POL,2.89037175789616,0.4290704722484483,0.280169774352143,0.9072657227516174
8chan,POL,2.484906649788,0.3260991527560992,0.1274620614108214,0.2162148207426071
8chan,POL,2.19722457733622,0.4503713684387977,0.1231529331481353,0.0332966819405555
8chan,POL,0.693147180559945,0.3786518541270124,0.1746402820599619,0.0143368551507592
8chan,POL,2.89037175789616,0.3888548609711486,0.2216606307204496,0.3681087195873261
8chan,POL,2.19722457733622,0.4167229702259095,0.2603008498136042,0.0183527469635009
8chan,POL,1.6094379124341005,0.4142527266699441,0.2355665111965046,0.022918451577425
8chan,POL,1.38629436111989,0.4692720693358035,0.1160430776297607,0.9815557599067688
8chan,POL,3.89182029811063,0.4952864401410205,0.1361717570102159,0.9933111667633056
8chan,POL,2.5649493574615403,0.4515190205962743,0.237937172021916,0.4512585401535034
8chan,POL,1.79175946922805,0.4531368190198603,0.3183229263367502,0.4222293198108673
8chan,POL,1.94591014905531,0.4976580839694701,0.3203181409886675,0.2024459093809128
8chan,POL,2.3978952727983702,0.4758961194568222,0.2954059842874589,0.0599832087755203
8chan,POL,0.693147180559945,0.4661606801770538,0.220765918284808,0.8064026236534119
8chan,POL,1.09861228866811,0.4335942180650262,0.1209177419975331,0.0201181881129741
8chan,POL,2.19722457733622,0.3969310456425349,0.2329371110917498,0.0155296446755528
8chan,POL,2.77258872223978,0.4356388894598474,0.2480789090864345,0.6664316654205322
8chan,POL,2.30258509299405,0.4609946917507858,0.1967640427736306,0.0365832708775997
8chan,POL,3.0445224377234195,0.5038918614787048,0.2761509167625661,0.9514694809913636
8chan,POL,2.5649493574615403,0.4447012498522626,0.3042814247294463,0.3755620718002319
8chan,POL,2.63905732961526,0.4044669783969292,0.247644626813476,0.2922870814800262
8chan,POL,1.94591014905531,0.4720519817866205,0.275351986413133,0.487379640340805
8chan,POL,1.94591014905531,0.4411785155738524,0.2388124389967089,0.5911020636558533
8chan,POL,1.6094379124341005,0.4202963738686544,0.2909589118626768,0.0211090669035911
8chan,POL,0.0,0.3654296015211306,0.296353347782747,0.0207389928400516
8chan,POL,2.7080502011022096,0.4309082226679592,0.1908614490077841,0.0389910601079464
8chan,POL,1.38629436111989,0.4852088900684866,0.2693733602383604,0.9494190216064452
8chan,POL,2.3978952727983702,0.4272196622152321,0.1408293647958383,0.2399471998214721
8chan,POL,2.7080502011022096,0.4521824620513978,0.2840675798630152,0.1613630354404449
8chan,POL,1.94591014905531,0.3939363286395288,0.2558597034799655,0.3894689083099365
8chan,POL,1.09861228866811,0.4259038885109635,0.1393291663076645,0.6010451316833496
8chan,POL,1.38629436111989,0.4141438878320864,0.2849334676598387,0.0180831272155046
8chan,POL,2.30258509299405,0.4725565983644376,0.2394132598724961,0.9605545997619628
8chan,POL,1.38629436111989,0.5010349788169206,0.2518207763840605,0.2945935130119324
8chan,POL,2.89037175789616,0.4455342591447884,0.1529113093187869,0.0865358635783195
8chan,POL,2.63905732961526,0.4451172781530869,0.2398904143107749,0.0791775733232498
8chan,POL,1.6094379124341005,0.5233681664793932,0.2674564474676268,0.9618605375289916
8chan,POL,1.09861228866811,0.3436020372293901,0.0867349503162885,0.0342098772525787
8chan,POL,3.66356164612965,0.4358297097496076,0.2369698768394196,0.474512130022049
8chan,POL,1.09861228866811,0.4976033932392251,0.1815460767745686,0.0421160757541656
8chan,POL,3.25809653802148,0.3943625265435145,0.0289215488399795,0.1524717211723327
8chan,POL,2.7080502011022096,0.4625197193158015,0.2337677394065263,0.0298377145081758
8chan,POL,3.0445224377234195,0.5051555925864202,0.3073732818425245,0.8289828896522522
8chan,POL,0.0,0.1507587952058819,0.2115523014274387,0.1810983419418335
8chan,POL,2.484906649788,0.4223799697609867,0.255745966103863,0.0268433596938848
8chan,Leftypol,3.0445224377234195,0.5489736439888501,0.2849246313982093,0.4782551229000092
8chan,Leftypol,2.19722457733622,0.4820731370373723,0.1671698863835737,0.9557152390480042
8chan,Leftypol,1.79175946922805,0.4918905858247138,0.292709996353355,0.0922192931175232
8chan,Leftypol,1.09861228866811,0.5868726758297071,0.1954488253806663,0.8980401158332825
8chan,Leftypol,2.30258509299405,0.5577425756419112,0.1676228670250465,0.0706666857004165
8chan,Leftypol,2.3978952727983702,0.491164457881056,0.160377312873557,0.9878419637680054
8chan,Leftypol,1.94591014905531,0.5610109833403958,0.1977277318782303,0.0875582844018936
8chan,Leftypol,2.19722457733622,0.5130763743899962,0.15662078882483,0.9224948287010192
8chan,Leftypol,0.693147180559945,0.4320262857001672,0.1545455487164869,0.2900285124778748
8chan,Leftypol,2.30258509299405,0.5565605016987233,0.1618470985130035,0.980535089969635
8chan,Leftypol,1.94591014905531,0.5041535425414623,0.1308446859371913,0.3145011663436889
8chan,Leftypol,1.94591014905531,0.4753576033517077,0.2027498177601759,0.0548713728785514
8chan,Leftypol,1.79175946922805,0.4238721762486371,0.1306416911605762,0.0369558073580265
8chan,Leftypol,2.3978952727983702,0.5486528284996034,0.2036147787361131,0.0280726496130228
8chan,Leftypol,2.89037175789616,0.5431826071393598,0.2279655687807518,0.2064144760370254
8chan,Leftypol,2.07944154167984,0.5763663626500263,0.2226781080006518,0.0452778413891792
8chan,Leftypol,0.0,0.4474877313313274,0.2116345920799784,0.0245625525712966
8chan,Leftypol,1.79175946922805,0.4160718459868803,0.19835813061384,0.0412363968789577
8chan,Leftypol,0.0,0.5032272099545237,0.1513971652123269,0.0294268745929002
8chan,Leftypol,0.693147180559945,0.3930366183615069,0.3062465388655672,0.0103283282369375
8chan,TV,0.0,0.1676220819729366,0.1164854636157384,0.0452934764325618
8chan,TV,0.0,0.2260043116046806,0.2617281494582528,0.099939115345478
8chan,TV,0.693147180559945,0.0,0.2770767106522606,0.6667075753211975
8chan,TV,0.0,0.4163920832683294,0.2472277603772998,0.3380966782569885
8chan,TV,1.38629436111989,0.4611334874669876,0.0857439289793938,0.1069941520690918
8chan,TV,0.0,0.3951578661050279,0.2446085521139989,0.6021879315376282
8chan,TV,0.0,0.0677653460796773,0.2754242916642475,0.2148942351341248
8chan,TV,0.0,0.0,0.3190333744759611,0.2318830639123917
8chan,TV,2.07944154167984,0.3849122316480448,0.1562886021527692,0.0372013449668884
8chan,TV,0.0,0.4946865785886638,0.2106179862733901,0.1470506489276886
8chan,TV,0.0,0.4563025856834974,0.2016495257668961,0.1438843011856079
8chan,TV,1.09861228866811,0.3108415727662238,0.1544691214556834,0.0376970656216144
8chan,TV,0.0,0.2550459234614234,0.193117950641296,0.1280785053968429
8chan,TV,0.0,0.1327905303702172,0.3219289762452431,0.0259695351123809
8chan,TV,1.38629436111989,0.4064043415443157,0.2030811464367101,0.3539852201938629
8chan,TV,0.0,0.4829608536142799,0.1768222490705586,0.0879032686352729
8chan,TV,0.693147180559945,0.2861673605810125,0.197573962235563,0.1745337843894958
8chan,TV,0.0,0.3663637910444573,0.1705049280719697,0.1335323750972747
8chan,TV,0.693147180559945,0.3646170244517044,0.2733729523833915,0.0248165540397167
8chan,TV,0.0,0.3697967684272614,0.2105267151513752,0.0351883769035339
8chan,TV,1.38629436111989,0.4131030582172385,0.2471273867372807,0.2202634811401367
8chan,TV,0.693147180559945,0.418721548018012,0.2702483072753784,0.036305584013462
8chan,TV,0.693147180559945,0.3310556375356574,0.1603427736410673,0.0649420768022537
8chan,TV,0.693147180559945,0.3028965116483156,0.1742126486229391,0.049324732273817
8chan,TV,0.0,0.0,0.2393635412956374,0.348642885684967
8chan,TV,1.09861228866811,0.2548466836267866,0.2156036719129498,0.0408712998032569
8chan,TV,0.693147180559945,0.2596492591852931,0.2515535059549471,0.0146356336772441
8chan,Leftypol,2.07944154167984,0.5103999834657181,0.2359380535190767,0.0232752431184053
8chan,Leftypol,3.36729582998647,0.5176089604569211,0.1793848838308095,0.0305336397141218
8chan,Leftypol,0.693147180559945,0.4408777312505127,0.2161628677755818,0.5312506556510925
8chan,Leftypol,1.09861228866811,0.516057442998171,0.2686465769079517,0.0240379571914672
8chan,Leftypol,1.6094379124341005,0.409654160019045,0.2346837565167319,0.0108914272859692
8chan,Leftypol,3.43398720448515,0.5607092718217938,0.0655279780078025,0.9355564713478088
8chan,Leftypol,1.94591014905531,0.4661547816933566,0.1038195324337877,0.0124808400869369
8chan,Leftypol,2.19722457733622,0.5441599183586333,0.1120660338705159,0.0250723157078027
8chan,Leftypol,2.07944154167984,0.4469604765494569,0.2298613666949075,0.0281465612351894
8chan,Leftypol,2.5649493574615403,0.4817594288537294,0.1098426215209268,0.1455905586481094
8chan,Leftypol,1.09861228866811,0.489675469052775,0.0916751514539173,0.0786307752132415
8chan,Leftypol,1.09861228866811,0.4679075453860656,0.0973867172020752,0.3683217465877533
8chan,Leftypol,2.07944154167984,0.6140235286719649,0.2816280154862169,0.6876019835472107
8chan,Leftypol,1.79175946922805,0.489730930772457,0.1125150983756074,0.4928549230098725
8chan,Leftypol,1.79175946922805,0.4535528147053288,0.1661162110929419,0.0386478938162326
8chan,Leftypol,3.61091791264422,0.4919721620908364,0.0816272032930476,0.0421660132706165
8chan,Leftypol,1.94591014905531,0.4813864697965401,0.117479034903877,0.0388812758028507
8chan,Leftypol,1.38629436111989,0.4920287159283169,0.17599957154824,0.0305136609822511
8chan,Leftypol,1.09861228866811,0.4291837842582782,0.1614646337702522,0.071455605328083
8chan,Leftypol,2.63905732961526,0.5196392895336441,0.1710947536424478,0.2222716510295868
8chan,Leftypol,0.693147180559945,0.3929398760577904,0.1112847456095108,0.2745500802993774
8chan,Leftypol,0.693147180559945,0.4591167118689491,0.1214096490123877,0.0120304310694336
8chan,Leftypol,0.0,0.4092799995045125,0.1725842317688135,0.0293398387730121
8chan,Leftypol,1.94591014905531,0.5008288595583664,0.1954296945843212,0.0575244575738906
8chan,Leftypol,1.94591014905531,0.4886434014587371,0.1688150694824914,0.0300169792026281
8chan,Leftypol,0.693147180559945,0.4277046314805161,0.2478447699462636,0.2039172053337096
8chan,Leftypol,0.693147180559945,0.5016917144803646,0.239414798420633,0.2994298934936523
8chan,Leftypol,1.38629436111989,0.4662983379917976,0.1433133075164509,0.0427823215723037
8chan,Leftypol,1.38629436111989,0.4934593283304003,0.0902812604546382,0.0509661361575126
8chan,Leftypol,0.0,0.4465321876410343,0.1499195903687644,0.0235195588320493
8chan,Leftypol,1.79175946922805,0.4548623711134062,0.1009219891925382,0.0116807715967297
8chan,Leftypol,1.94591014905531,0.5374233636392026,0.1820316729299813,0.6777539253234863
8chan,Leftypol,0.0,0.3467570395195781,0.1697941886375197,0.0253577437251806
8chan,Leftypol,0.0,0.4348205116781961,0.3295101967518155,0.0300062354654073
8chan,Leftypol,1.09861228866811,0.3658332074134332,0.0658915704707287,0.0232457257807254
8chan,Leftypol,0.0,0.4127583115787331,0.2254011513914028,0.0198116526007652
8chan,Leftypol,1.6094379124341005,0.4104403443552131,0.0514670614155403,0.0223184302449226
8chan,TV,1.6094379124341005,0.3595165243993734,0.2222443035145698,0.1800147891044616
8chan,TV,0.0,0.339787710566713,0.193537789724745,0.0952249988913536
8chan,TV,0.693147180559945,0.4105256113392209,0.1851273319975649,0.0763600170612335
8chan,TV,3.29583686600433,0.5142423844039561,0.2011635514136374,0.6275948882102966
8chan,TV,0.0,0.320388408552168,0.2924236008481613,0.5674883127212524
8chan,TV,0.693147180559945,0.3186056080380552,0.2147509130169421,0.0441788919270038
8chan,TV,0.0,0.3504711997492569,0.1679833001132094,0.0161246545612812
8chan,TV,0.0,0.4595714070560157,0.2636167772477392,0.0498481951653957
8chan,TV,1.79175946922805,0.4822514632296473,0.129796147159217,0.1371264606714248
8chan,TV,1.38629436111989,0.4003073655073064,0.2102161170775291,0.1106173172593116
8chan,TV,3.25809653802148,0.531160311186205,0.2971133177694927,0.919286012649536
8chan,TV,2.19722457733622,0.5426600559661517,0.2432052998739949,0.5114096999168396
8chan,TV,0.693147180559945,0.3747139102716978,0.1741022589748457,0.070284403860569
8chan,TV,2.5649493574615403,0.4734689721036091,0.163914541198037,0.8901850581169128
8chan,TV,0.693147180559945,0.4303128775091605,0.1885103660739367,0.1808212697505951
8chan,TV,0.0,0.2453926919113536,0.1550823647083458,0.0309802051633596
8chan,TV,2.30258509299405,0.4345520648217991,0.2932977478148204,0.3102694749832153
8chan,TV,1.38629436111989,0.4522130304621997,0.1553996421466596,0.0434684827923774
8chan,TV,1.09861228866811,0.4727514136743374,0.1787107095382979,0.2452246844768524
8chan,TV,0.0,0.2182762844806603,0.1786870386448748,0.0265113934874534
8chan,TV,2.63905732961526,0.4964681302889062,0.2691797868802668,0.9329376816749572
8chan,TV,0.693147180559945,0.3943228470287521,0.1779730177482753,0.0950569733977317
8chan,TV,2.99573227355399,0.5260837436356066,0.1271136227162915,0.9591680765151978
8chan,TV,1.09861228866811,0.5033603754546937,0.2451675422226089,0.8840124607086182
8chan,TV,1.09861228866811,0.317407685233866,0.3020175885103442,0.3952388763427734
8chan,TV,0.693147180559945,0.3722964063220183,0.1667466108461209,0.0447820723056793
8chan,TV,0.693147180559945,0.2927009044380108,0.201383779162931,0.0758882984519004
8chan,TV,2.83321334405622,0.4986280189781501,0.220374435901391,0.9816668033599854
8chan,Leftypol,1.6094379124341005,0.4866850742428866,0.1651857022758803,0.0518792793154716
8chan,Leftypol,2.3978952727983702,0.5138448148362615,0.2759094771481476,0.9917336702346802
8chan,Leftypol,3.218875824868201,0.5332394206479025,0.1594296426268388,0.4681554436683655
8chan,Leftypol,1.94591014905531,0.5326972352027388,0.1649096842101358,0.959513783454895
8chan,Leftypol,3.3322045101752003,0.5701018675115886,0.1721509380062813,0.8258236050605774
8chan,Leftypol,2.94443897916644,0.5745450249548403,0.2058758015384196,0.983839511871338
8chan,Leftypol,1.38629436111989,0.5009652167367904,0.1759619667890248,0.4766514599323273
8chan,Leftypol,0.693147180559945,0.4122661268515757,0.0806055222848552,0.0170333869755268
8chan,Leftypol,2.07944154167984,0.5205498348015034,0.1301227078727313,0.2778967916965485
8chan,Leftypol,3.3322045101752003,0.519995348128876,0.2330153430306735,0.4505019187927246
8chan,Leftypol,1.09861228866811,0.5768998876959462,0.3104556316478606,0.0490208715200424
8chan,Leftypol,1.09861228866811,0.496063753028313,0.2373956752108824,0.9777525067329408
8chan,Leftypol,2.63905732961526,0.4858151949014179,0.261150838700758,0.1646111607551574
8chan,Leftypol,0.693147180559945,0.3847026956263089,0.0301871701716469,0.0349870100617408
8chan,Leftypol,2.19722457733622,0.5289119855170707,0.0590142356553635,0.8109961748123169
8chan,Leftypol,3.3322045101752003,0.504081552545855,0.1386538590963676,0.6301424503326416
8chan,Leftypol,0.693147180559945,0.4556356249565666,0.1976137676558054,0.0235929228365421
8chan,Leftypol,0.0,0.4092755476048655,0.1863635124338352,0.9509333372116088
8chan,Leftypol,2.7080502011022096,0.4648076653177532,0.1770400974297774,0.7378925681114197
8chan,Leftypol,0.0,0.5160566153092295,0.2341956722122102,0.1077112182974815
8chan,Leftypol,2.7080502011022096,0.5386223509431903,0.1556432438068802,0.9876587986946106
8chan,Leftypol,2.19722457733622,0.509813165018947,0.1822918549162622,0.2239375412464141
8chan,Leftypol,1.94591014905531,0.5211670237995579,0.2071577546809391,0.971324861049652
8chan,Leftypol,2.30258509299405,0.4659151242898148,0.2301530035718124,0.0276572573930025
8chan,Leftypol,2.484906649788,0.4691636461647789,0.2218183454804016,0.5621715188026428
8chan,TV,1.79175946922805,0.384209830775289,0.1809281162970263,0.1347723603248596
8chan,TV,0.0,0.2108462433973198,0.0918983307910089,0.0379615537822246
8chan,TV,0.0,0.3867868175708711,0.2280411526556499,0.0562809780240058
8chan,TV,1.09861228866811,0.4513241044847829,0.2099693614611739,0.2406825423240661
8chan,TV,0.0,0.3706046377465243,0.2630094752631802,0.1820683181285858
8chan,TV,0.693147180559945,0.3946804604112373,0.1559401757190031,0.0372361056506633
8chan,TV,0.0,0.2007359690925688,0.2141462307665974,0.7805905938148499
8chan,TV,3.52636052461616,0.4960247769682663,0.1358276683332326,0.2221104651689529
8chan,TV,1.09861228866811,0.5129530376478246,0.1287906555492439,0.4323209822177887
8chan,TV,2.30258509299405,0.4915855005486655,0.2901586770802173,0.9780563116073608
8chan,TV,1.79175946922805,0.5131584771898005,0.2125425565662871,0.7862116098403931
8chan,TV,2.30258509299405,0.4654609564422109,0.1857539863065486,0.0909656584262848
8chan,TV,1.79175946922805,0.4778848641963572,0.2688948773279482,0.2382884919643402
8chan,TV,2.94443897916644,0.4545443785531983,0.2557321689042023,0.3613158464431762
8chan,TV,2.07944154167984,0.5588966062668376,0.1265822837478509,0.9927533268928528
8chan,TV,0.693147180559945,0.4441422107041059,0.2355502053723369,0.02581144310534
8chan,TV,0.0,0.4118175410985718,0.1855987753575023,0.0850700736045837
8chan,TV,2.5649493574615403,0.4364102128953191,0.2345733246982707,0.9596397280693054
8chan,TV,1.79175946922805,0.488767522313989,0.2378456149995454,0.0332883931696414
8chan,TV,0.693147180559945,0.3765553483560779,0.2938660348027335,0.0236960928887128
8chan,TV,1.09861228866811,0.5031548708786951,0.1930582831107619,0.2176248431205749
8chan,TV,0.0,0.3908980240893669,0.1756294617232801,0.0457968972623348
8chan,TV,0.0,0.2172212127479219,0.1837020795860442,0.0170574970543384
8chan,TV,0.0,0.2716537583938034,0.1349555286783688,0.4997831881046295
8chan,TV,3.49650756146648,0.4950666253027233,0.243939271348236,0.0922625884413719
8chan,TV,0.693147180559945,0.4396112466454289,0.2661258754674108,0.1481275409460067
8chan,TV,0.0,0.2721053053441918,0.1782236955700781,0.0265383571386337
8chan,TV,2.07944154167984,0.5195605429747252,0.1966304350705217,0.8378535509109497
8chan,TV,1.38629436111989,0.4218347315343615,0.1972418168558964,0.1580609530210495
8chan,TV,1.09861228866811,0.4670796686758007,0.1361044407334409,0.0630503371357917
8chan,TV,1.09861228866811,0.3924552361305592,0.1466199396055406,0.095686450600624
8chan,Leftypol,2.63905732961526,0.5393238801512562,0.1306069815889279,0.7862685322761536
8chan,Leftypol,2.19722457733622,0.5439802282450217,0.1717300121765392,0.5886180400848389
8chan,Leftypol,3.49650756146648,0.5186956826856168,0.1817742315420109,0.8101666569709778
8chan,Leftypol,2.3978952727983702,0.5550035401324793,0.2599041531288668,0.947648286819458
8chan,Leftypol,1.79175946922805,0.4862501322498876,0.2483590106779746,0.9116362929344176
8chan,Leftypol,0.693147180559945,0.4795856942589225,0.3211466013132042,0.5871539115905762
8chan,Leftypol,1.6094379124341005,0.5085684537608501,0.2281419106206139,0.5197216868400574
8chan,Leftypol,2.19722457733622,0.4403929217056291,0.2794055655483508,0.0335571318864822
8chan,Leftypol,1.38629436111989,0.439536702324599,0.1081007224840955,0.0151398126035928
8chan,Leftypol,1.09861228866811,0.4198810594917817,0.2131694653054991,0.0404570437967777
8chan,Leftypol,0.693147180559945,0.4196017043630636,0.3560800564639997,0.0432255901396274
8chan,Leftypol,0.0,0.4190336229853785,0.270691112870134,0.0368661656975746
8chan,Leftypol,0.693147180559945,0.5030276887726763,0.1923663328171247,0.1698083579540252
8chan,Leftypol,2.484906649788,0.5034512946520694,0.2898727886897647,0.1478673368692398
8chan,Leftypol,0.0,0.5775270645463308,0.2340492382641723,0.83225417137146
8chan,Leftypol,1.6094379124341005,0.4671594340126992,0.2254609439358854,0.0334418565034866
8chan,Leftypol,3.0445224377234195,0.4891335762043892,0.2591509344337092,0.27237868309021
8chan,Leftypol,1.6094379124341005,0.5435934019031541,0.2380696149141519,0.9805769324302672
8chan,Leftypol,0.693147180559945,0.5015914935037228,0.2660873908830941,0.2697631120681763
8chan,Leftypol,0.693147180559945,0.3933938016482209,0.2513318387869053,0.0345752090215683
8chan,Leftypol,0.0,0.4256837032614324,0.2722838213147792,0.8048750162124634
8chan,Leftypol,1.38629436111989,0.5542814395075444,0.3016996255794475,0.0424203313887119
8chan,Leftypol,2.07944154167984,0.5438275060858286,0.2596058345580763,0.2888086438179016
8chan,TV,0.693147180559945,0.5003762158064562,0.2429136463140017,0.1592435091733932
8chan,TV,0.0,0.3879310963001275,0.2523429533353153,0.6130706667900085
8chan,TV,0.0,0.3245346321122233,0.195790523056498,0.1052136793732643
8chan,TV,1.38629436111989,0.4634660634333108,0.2456722824723953,0.2999091744422913
8chan,TV,0.0,0.3237469942407122,0.172233798963136,0.0106627279892563
8chan,TV,1.09861228866811,0.46587722555391,0.2253864869109855,0.960629105567932
8chan,TV,0.0,0.2973608746196568,0.1576932201303824,0.045216292142868
8chan,TV,0.0,0.2616133445524579,0.2032574036903071,0.0364181287586689
8chan,TV,1.6094379124341005,0.3800019944762706,0.174244659734862,0.432173877954483
8chan,TV,0.693147180559945,0.3890370262934109,0.2228228068364592,0.1352632492780685
8chan,TV,1.79175946922805,0.5998582020997267,0.2264178931524555,0.979395866394043
8chan,TV,0.693147180559945,0.2935717375463768,0.2055980162907588,0.0729725882411003
8chan,TV,1.38629436111989,0.4878353567255307,0.2489522225407993,0.2321198433637619
8chan,TV,0.0,0.4723554143558157,0.2154442682397525,0.0842992290854454
8chan,TV,1.6094379124341005,0.4962093196484469,0.2377930916567954,0.9018014669418336
8chan,TV,1.6094379124341005,0.5055852766967537,0.3098441707091877,0.5259130597114563
8chan,TV,0.0,0.3077111344424513,0.2751198748023168,0.0759470090270042
8chan,TV,0.0,0.3182794018682318,0.2419817710963508,0.0471900291740894
8chan,TV,0.0,0.2399749793127995,0.1961328026858323,0.0213890150189399
8chan,TV,0.0,0.2127777757112636,0.2165572776561531,0.2774848639965057
8chan,TV,1.09861228866811,0.4103428916430124,0.2452385435168627,0.0412732027471065
8chan,TV,0.0,0.4492406065849613,0.1709416928237838,0.0471432879567146
8chan,TV,1.94591014905531,0.4879734162378589,0.1787025547702531,0.2457128018140793
8chan,TV,2.89037175789616,0.4955601896732716,0.234430097066148,0.9285890460014344
8chan,TV,1.79175946922805,0.4539782260026754,0.3018927819926423,0.4343799948692322
8chan,TV,0.693147180559945,0.4227784796624927,0.1828843365314726,0.9699746966362
8chan,TV,2.19722457733622,0.4804443630280314,0.2722966825186239,0.9603186249732972
8chan,TV,0.693147180559945,0.4230959908784297,0.2312907896589844,0.5292828679084778
8chan,TV,2.3978952727983702,0.4855628733547816,0.2587772530674006,0.6463932394981384
8chan,TV,0.693147180559945,0.4429876499956909,0.1844670516707934,0.0399756729602813
8chan,TV,0.0,0.2127777757112636,0.2112004263883928,0.2793425619602203
8chan,TV,0.0,0.3154947539730401,0.1972288207882946,0.0720007717609405
8chan,Leftypol,3.73766961828337,0.5662696421645907,0.1187767180912509,0.9060388803482056
8chan,Leftypol,1.79175946922805,0.4974019113659394,0.3776498840079878,0.2029985189437866
8chan,Leftypol,1.09861228866811,0.4152613865722243,0.3090363165687619,0.065512903034687
8chan,Leftypol,0.0,0.4087231478832132,0.0972933140259687,0.5556859374046326
8chan,Leftypol,2.77258872223978,0.4886008340231004,0.257231362764411,0.0175437983125448
8chan,Leftypol,0.0,0.4098591227174679,0.2716601523678721,0.312786340713501
8chan,Leftypol,1.6094379124341005,0.5162225542078865,0.2227379095230097,0.9192115664482116
8chan,Leftypol,0.693147180559945,0.4493262500599511,0.2933175838573074,0.0627536699175834
8chan,Leftypol,2.5649493574615403,0.5907222345047597,0.2256498531852367,0.1504472196102142
8chan,Leftypol,2.63905732961526,0.5557861499697379,0.2588180352760278,0.7471529841423035
8chan,Leftypol,3.5553480614894104,0.5424060807169178,0.1448530308716294,0.7578703761100769
8chan,Leftypol,1.79175946922805,0.4835161611618971,0.2124549931944607,0.9714013338088988
8chan,Leftypol,1.09861228866811,0.4687751323217944,0.3449319616083314,0.3726156651973725
8chan,Leftypol,2.3978952727983702,0.5804947156530385,0.1630622538878834,0.970199167728424
8chan,Leftypol,2.30258509299405,0.6064444037058505,0.0885387857210046,0.2233350425958633
8chan,Leftypol,2.19722457733622,0.5971457977274638,0.1585083422354404,0.7872738242149353
8chan,Leftypol,1.6094379124341005,0.5108170948442979,0.2700522591255186,0.0159224011003971
8chan,Leftypol,2.07944154167984,0.4412509009990087,0.1983032801051498,0.3544879257678985
8chan,Leftypol,2.484906649788,0.6144570587038627,0.2831249626650022,0.4258580505847931
8chan,Leftypol,0.0,0.3622764648966035,0.2780204422729335,0.0327742137014865
8chan,Leftypol,0.693147180559945,0.513551701925692,0.0538244050160026,0.0217473953962326
8chan,Leftypol,2.30258509299405,0.5400534099532828,0.2839284719538273,0.2297303527593613
8chan,Leftypol,3.17805383034795,0.465515214530066,0.2265209987280306,0.3197120726108551
8chan,Leftypol,2.63905732961526,0.613139119666915,0.241849741231295,0.7773385643959045
8chan,Leftypol,3.4011973816621603,0.4779613263263846,0.2740222576638135,0.8376666903495789
8chan,POL,1.6094379124341005,0.4408521191190809,0.1898992988628833,0.5269269347190857
8chan,POL,2.83321334405622,0.5436045177663205,0.1871285229749688,0.3219993114471435
8chan,POL,3.17805383034795,0.4802731988915327,0.2239130307541833,0.3047995567321777
8chan,POL,2.99573227355399,0.5758523595601228,0.2560933618300339,0.3339225947856903
8chan,POL,3.66356164612965,0.5402991026247607,0.164960533513009,0.681962788105011
8chan,POL,3.63758615972639,0.5901716541977049,0.2598109564694217,0.972195327281952
8chan,POL,2.5649493574615403,0.5308674704924543,0.1915610274123678,0.5801243185997009
8chan,POL,0.0,0.3969977144661075,0.1620964353541843,0.113298162817955
8chan,POL,3.66356164612965,0.6180936489110278,0.1853433984760685,0.9618170857429504
8chan,POL,4.07753744390572,0.5584457722207601,0.3311838137891675,0.3656004965305328
8chan,POL,3.61091791264422,0.5561829188202153,0.2379299279854579,0.955994725227356
8chan,POL,3.25809653802148,0.5701442315297148,0.3122902653334224,0.9162665605545044
8chan,POL,4.248495242049359,0.5444220820893598,0.2867513088514267,0.7360507249832153
8chan,POL,3.5553480614894104,0.5730671903449124,0.2649400722355578,0.9652876257896424
8chan,POL,1.6094379124341005,0.5365161917920797,0.1942059687976275,0.4810124039649963
8chan,POL,3.25809653802148,0.5812208843028097,0.2279452131603006,0.474364846944809
8chan,POL,3.8286413964891,0.5517570921175131,0.227575468378555,0.0857698172330856
8chan,POL,1.38629436111989,0.4107470885684289,0.2681776513346774,0.0370717085897922
8chan,POL,1.38629436111989,0.4451250629635569,0.2536815637317837,0.1491229385137558
8chan,POL,1.38629436111989,0.4033963806163536,0.1503207365271425,0.054553098976612
8chan,POL,3.9120230054281495,0.6049790302572247,0.3024309534996434,0.7490014433860779
8chan,POL,3.0445224377234195,0.4865710493755169,0.1408663768127969,0.8958128094673157
8chan,POL,1.6094379124341005,0.4902217942776207,0.2118921916811218,0.6413172483444214
8chan,POL,4.23410650459726,0.6053144825144495,0.2980051150516969,0.973353624343872
8chan,POL,1.94591014905531,0.4206869879618333,0.2049150519456099,0.20551960170269
8chan,POL,2.3978952727983702,0.4936021375197315,0.2754022131760995,0.9352609515190125
8chan,POL,1.09861228866811,0.3575839498211487,0.152786648116056,0.0934143364429474
8chan,POL,4.23410650459726,0.4606720361255855,0.1922465906140591,0.6688382625579834
8chan,POL,0.693147180559945,0.4625543533850106,0.2677815953226693,0.0736653804779052
8chan,POL,3.25809653802148,0.5986517239088627,0.1679793523093537,0.8237661719322205
8chan,POL,3.13549421592915,0.5272027773885058,0.2169978458348487,0.4172114431858063
8chan,POL,3.13549421592915,0.5154767786593396,0.2172759253747638,0.19130539894104
8chan,POL,2.30258509299405,0.5339863055927393,0.2295545428262541,0.8199272155761719
8chan,POL,2.7080502011022096,0.5624319688936934,0.2326711041661565,0.1732956618070602
8chan,POL,2.63905732961526,0.5216953240259771,0.2591577853332997,0.2060364782810211
8chan,POL,3.29583686600433,0.5231291272013759,0.2254403654578354,0.9288052916526794
8chan,POL,2.3978952727983702,0.5229571975622505,0.233315506838925,0.1917819529771804
8chan,POL,3.4657359027997297,0.5304903835665911,0.0531275598161471,0.6077380776405334
8chan,POL,2.3978952727983702,0.4199153543980875,0.1862884518550282,0.0301202367991209
8chan,POL,3.58351893845611,0.5092970835819275,0.0947959324220784,0.9088103175163268
8chan,POL,1.38629436111989,0.3956893192853133,0.351806106169108,0.944395899772644
8chan,POL,0.693147180559945,0.5027408511629128,0.2640222687206901,0.9747272729873656
8chan,POL,3.3322045101752003,0.5643623260916073,0.2133414447250997,0.9042972922325134
8chan,POL,1.09861228866811,0.5009629275561908,0.1879719319818137,0.0695609971880912
8chan,POL,4.21950770517611,0.548926631698331,0.2071688186377791,0.973944365978241
8chan,POL,1.09861228866811,0.4362575671235615,0.2318316129706994,0.9755967259407043
8chan,POL,3.4657359027997297,0.5110558008842018,0.2148926371222831,0.2146503627300262
8chan,POL,3.49650756146648,0.4944922729466744,0.2041056888539993,0.3176582157611847
8chan,POL,2.30258509299405,0.5761199359773174,0.1309275970959169,0.0432256646454334
8chan,POL,3.87120101090789,0.5332523593157394,0.0785672034198428,0.4314305186271668
8chan,POL,0.0,0.4024523325278915,0.2589852987459007,0.0260979514569044
8chan,TV,0.0,0.1944166286124829,0.2184948180183957,0.182810366153717
8chan,TV,2.19722457733622,0.490535198479491,0.1734952686673025,0.1346814483404159
8chan,TV,0.693147180559945,0.2653459927226976,0.2883612746491096,0.4444950520992279
8chan,TV,0.693147180559945,0.3153654158851958,0.2733654319458053,0.1711836755275726
8chan,TV,0.693147180559945,0.2354551731091468,0.2939859025028543,0.2856497764587402
8chan,TV,1.6094379124341005,0.4646783186913873,0.2684244930873323,0.0701246261596679
8chan,TV,2.30258509299405,0.4942354918649218,0.1429833812669766,0.0946958065032959
8chan,TV,0.693147180559945,0.417693064619022,0.1331950004590716,0.1374085545539856
8chan,TV,1.38629436111989,0.4386958540928744,0.2058897221935781,0.1806622594594955
8chan,TV,1.09861228866811,0.3822298497927582,0.2124569739745258,0.0249366704374551
8chan,TV,0.0,0.0,0.2119176014942043,0.0911062136292457
8chan,TV,0.693147180559945,0.3773091542522839,0.1668793945859282,0.1771988421678543
8chan,TV,1.09861228866811,0.3594091359112519,0.2737535433437139,0.8330054283142091
8chan,TV,1.38629436111989,0.4808238404002614,0.1832657014382215,0.1758178919553756
8chan,TV,2.19722457733622,0.4949085822538908,0.2668110557289024,0.7050976753234863
8chan,TV,0.0,0.3600983229727214,0.2871428988716772,0.2711818218231201
8chan,TV,1.09861228866811,0.3662350614869318,0.2984879417513062,0.1839611977338791
8chan,TV,1.94591014905531,0.4429296654876858,0.2374272051801954,0.0963393151760101
8chan,TV,0.693147180559945,0.4426612485355889,0.2216661331923035,0.1607794612646103
8chan,TV,0.0,0.2821918860796499,0.2313341986745171,0.1677806377410888
8chan,TV,1.79175946922805,0.4500057398899615,0.1804298407547636,0.7571578621864319
8chan,TV,1.6094379124341005,0.4861434983129155,0.2039839601753441,0.222415953874588
8chan,TV,0.693147180559945,0.4669253399361195,0.2481412880367412,0.8113272786140442
8chan,TV,0.0,0.4016234717360537,0.322613347027349,0.0792165845632553
8chan,TV,0.693147180559945,0.4218405939874532,0.1946305722440814,0.0541393607854843
8chan,TV,1.38629436111989,0.4328303025830353,0.2808404531652406,0.0373057536780834
8chan,TV,3.0445224377234195,0.4980810407790711,0.2342371573368047,0.976003646850586
8chan,TV,1.09861228866811,0.3657503801337861,0.1487996621817465,0.0830207541584968
8chan,TV,0.0,0.3800756236100105,0.2264744540208166,0.2045909017324448
8chan,TV,2.5649493574615403,0.4432377099720256,0.1811524847399026,0.9112752079963684
8chan,TV,0.693147180559945,0.3935048547225471,0.149568649639584,0.2909440398216248
8chan,TV,0.0,0.3080923915626307,0.2309462635745969,0.6932971477508545
8chan,TV,0.0,0.4160859721161126,0.1837963658161365,0.8729709386825562
8chan,TV,0.693147180559945,0.4284585772626242,0.1265947183011509,0.1524183899164199
8chan,TV,2.77258872223978,0.4482723863883415,0.1411669574551432,0.0407438427209854
8chan,TV,1.38629436111989,0.4092770248941957,-0.0020485402085857,0.0865544974803924
8chan,TV,2.07944154167984,0.4408417311896774,0.1536531629901581,0.108158528804779
8chan,TV,1.94591014905531,0.4505820067673314,0.1815320752046739,0.0417234413325786
8chan,TV,2.19722457733622,0.5514249159773508,0.2988612509336673,0.4579894244670868
8chan,TV,0.0,0.2395176039477856,0.1414010523531959,0.240287646651268
8chan,TV,1.38629436111989,0.3762219536364625,0.3097671698753353,0.0734963566064834
8chan,TV,1.38629436111989,0.4843164096668952,0.1557127160559666,0.2614625096321106
8chan,TV,2.89037175789616,0.4489120040429204,0.1546254291012153,0.1620135754346847
8chan,TV,0.0,0.2715934116031283,0.2138187128652566,0.0684387385845184
8chan,TV,0.693147180559945,0.2131723465250094,0.2676657700065969,0.1166476234793663
8chan,TV,1.94591014905531,0.4478245198216269,0.2915298289066761,0.0222773924469947
8chan,TV,0.0,0.3949708708893763,0.1682186712335538,0.6710841059684753
8chan,TV,1.09861228866811,0.4254778202003891,0.1971306622044568,0.2794991731643677
8chan,TV,0.0,0.3798953906220123,0.2275897657343523,0.0578518845140934
8chan,TV,2.07944154167984,0.4142419551605208,0.0615511156813317,0.1216666996479034
8chan,TV,0.693147180559945,0.4958667436806849,0.1990777688073029,0.2623558342456817
8chan,TV,0.693147180559945,0.4333122322568475,0.2067407173028029,0.1929204314947128
8chan,TV,0.0,0.2286525235584642,0.1216994813774914,0.7514963150024414
8chan,TV,0.0,0.3186624477968112,0.1212385351527653,0.0528518185019493
8chan,TV,0.693147180559945,0.3004232184447618,0.2191317292711494,0.1899530589580536
8chan,TV,0.0,0.4285917247678141,0.2047399694732148,0.1277083754539489
8chan,TV,0.693147180559945,0.4348377683222717,0.2240230145949653,0.3146107792854309
8chan,TV,0.0,0.2850308205713669,0.2612528750088466,0.3430559933185577
8chan,TV,0.0,0.2515227773410282,0.2214767406137439,0.3940752744674682
8chan,TV,0.0,0.3955520958614525,0.226208927881896,0.0433839857578277
8chan,TV,0.0,0.3874940407195074,0.1482639262092831,0.0582870431244373
8chan,Leftypol,2.3978952727983702,0.5157380733960863,0.2257329269247917,0.9587512016296388
8chan,Leftypol,2.63905732961526,0.4837867582903375,0.1847484381499947,0.4178811907768249
8chan,Leftypol,0.693147180559945,0.322288412356203,0.2259865903229297,0.2040996551513672
8chan,Leftypol,0.693147180559945,0.4336201225728349,0.2159664941850555,0.1694044023752212
8chan,Leftypol,1.38629436111989,0.4276525584621599,0.1269126697213839,0.0372036956250667
8chan,Leftypol,1.38629436111989,0.4667948137092897,0.1425200615424739,0.0370339155197143
8chan,Leftypol,1.6094379124341005,0.4730552946620983,0.1068711968395708,0.13222336769104
8chan,Leftypol,1.94591014905531,0.5425846617763153,0.2009916677437592,0.9600892663002014
8chan,Leftypol,1.6094379124341005,0.4803936280308071,0.2088920184566499,0.2499306052923202
8chan,Leftypol,2.7080502011022096,0.4568710753816248,0.0490160463213138,0.0831642225384712
8chan,Leftypol,2.7080502011022096,0.4610537234005192,0.2509489351437466,0.561808168888092
8chan,Leftypol,1.38629436111989,0.4153600312102216,0.0346507785916865,0.2698750495910644
8chan,Leftypol,2.19722457733622,0.5203606285066421,0.2406908045443346,0.9873721599578856
8chan,Leftypol,1.09861228866811,0.4766512896174635,0.1024837216452937,0.0270513873547315
8chan,Leftypol,2.5649493574615403,0.4566331584585229,0.1896737331010629,0.1341927200555801
8chan,Leftypol,1.6094379124341005,0.4563476030790878,0.2057977635974979,0.1136452481150627
8chan,Leftypol,0.0,0.0,0.1147874303162593,0.1635744422674179
8chan,Leftypol,2.07944154167984,0.4838349919967085,0.1956040154047846,0.0503288619220256
8chan,Leftypol,1.38629436111989,0.4529765560928981,0.2615240650879284,0.3343007564544678
8chan,Leftypol,1.38629436111989,0.4179563422382149,0.1959561109026995,0.0603426173329353
8chan,Leftypol,0.693147180559945,0.4539848986032747,0.1730804647649256,0.0265271887183189
8chan,Leftypol,0.693147180559945,0.4595178478173233,0.2210109056447724,0.3464933633804321
8chan,Leftypol,0.693147180559945,0.4832909281888636,0.2972970599752397,0.0897796973586082
8chan,Leftypol,1.79175946922805,0.3987917194928745,0.1494074863313679,0.0494442731142044
8chan,Leftypol,1.94591014905531,0.4832085960997259,0.1842865553129682,0.8398396372795105
8chan,Leftypol,1.38629436111989,0.5140214260380025,0.2264115419578428,0.2475976943969726
8chan,Leftypol,1.09861228866811,0.4005615345714947,0.2522961672787819,0.6381949782371521
8chan,Leftypol,0.693147180559945,0.2750213171374602,0.2725919687621249,0.6896205544471741
8chan,Leftypol,0.693147180559945,0.2976410260578918,0.1374971045372953,0.0271015744656324
8chan,Leftypol,0.0,0.4162223124678013,0.2857637892175206,0.0751139298081398
8chan,Leftypol,1.09861228866811,0.4266297066011717,0.1611682532140652,0.5639562010765076
8chan,Leftypol,2.77258872223978,0.5324651428522098,0.2022592865660162,0.6700747013092041
8chan,POL,2.19722457733622,0.5776695390626203,0.2341766782138358,0.9700175523757936
8chan,POL,0.0,0.3758636028916657,0.1779313648614469,0.2505271732807159
8chan,POL,0.0,0.3563956492500178,0.0570491306667006,0.0798408091068267
8chan,POL,1.09861228866811,0.4523077567934268,0.1869601239165996,0.0734777897596359
8chan,POL,2.7080502011022096,0.4727589564237073,0.1771675049961015,0.0748128071427345
8chan,POL,2.30258509299405,0.4648705447978762,0.2428005096931945,0.2072941213846206
8chan,POL,0.693147180559945,0.3739765289281901,0.2206132459120349,0.0638081580400466
8chan,POL,2.19722457733622,0.4616174023075913,0.0849391851908292,0.0360820181667804
8chan,POL,1.09861228866811,0.3163189086095819,0.0975276422436851,0.8608046174049377
8chan,POL,2.99573227355399,0.4894111800320752,0.2401683276190513,0.7423900365829468
8chan,POL,2.89037175789616,0.4590509740829574,0.1481460612499369,0.0311204921454191
8chan,POL,0.0,0.3626670403710368,0.164197987508633,0.0876098051667213
8chan,POL,3.43398720448515,0.4373815049137575,0.1046740643737817,0.5770371556282043
8chan,POL,1.38629436111989,0.4273213304656609,0.2042871905528373,0.026545288041234
8chan,POL,1.79175946922805,0.4295450316497771,0.1283748469907402,0.019368166103959
8chan,POL,2.89037175789616,0.4475682956712701,0.3178621164184782,0.5238012075424194
8chan,POL,1.38629436111989,0.4315019603811691,0.2093228866203327,0.0850956290960311
8chan,POL,3.52636052461616,0.4793984205378594,0.2871645678784508,0.1047995164990425
8chan,POL,1.09861228866811,0.4222026408768831,0.2381979669729387,0.2000814527273178
8chan,POL,0.693147180559945,0.4041160942418789,0.1895762096291601,0.0576254241168499
8chan,POL,2.83321334405622,0.5249871500858581,0.2883256551531815,0.7090507745742798
8chan,POL,2.7080502011022096,0.4088175567502971,0.1121551227488546,0.685796856880188
8chan,POL,0.693147180559945,0.3211432743541819,-0.0115873642805406,0.793502688407898
8chan,POL,2.94443897916644,0.3659686093582698,0.1499762658324016,0.3456221520900726
8chan,POL,3.13549421592915,0.5003274228243243,0.266462917147832,0.1357645094394683
8chan,POL,2.07944154167984,0.4478573744769221,0.2572535526655231,0.0513674393296241
8chan,POL,0.0,0.3058046407459173,0.2636213168040592,0.0298209153115749
8chan,POL,1.6094379124341005,0.3459963241668269,0.1957784704539861,0.1411068886518478
8chan,POL,1.09861228866811,0.38612326401358,0.1427906889179978,0.1741917133331298
8chan,POL,1.09861228866811,0.4536398734900329,0.2422885231890457,0.0311941280961036
8chan,POL,0.0,0.2416198896713939,0.239286682243358,0.2086742371320724
8chan,POL,0.693147180559945,0.3544139021727424,0.062046824633356,0.0616213008761405
8chan,POL,3.25809653802148,0.4826277855487899,0.0605503627541542,0.1189646422863006
8chan,POL,0.0,0.3416867804654164,0.1742027146272654,0.4621687829494476
8chan,POL,0.693147180559945,0.4890394303432792,0.1257487312460602,0.2050591111183166
8chan,POL,1.38629436111989,0.4350834727246679,0.2135703007378462,0.0709610506892204
8chan,POL,3.43398720448515,0.4423338792487973,0.1840791518435037,0.9551178216934204
8chan,POL,0.693147180559945,0.3457099530356403,0.0329169955214074,0.3550471663475037
8chan,POL,1.09861228866811,0.4756622197099229,0.2191218079782294,0.7637497782707214
8chan,POL,2.63905732961526,0.4546224320568057,0.2950967863694735,0.0638723447918891
8chan,POL,1.6094379124341005,0.4499343081628326,0.2178149569678313,0.3936825394630432
8chan,POL,3.85014760171006,0.5675017815144965,0.28865964143934,0.8555264472961426
8chan,POL,2.3978952727983702,0.4738166304097337,0.2774114665407844,0.9177187085151672
8chan,POL,2.3978952727983702,0.5039416717163248,0.2374310252415937,0.9792653322219848
8chan,POL,3.52636052461616,0.5241353514804469,0.1345068641381858,0.9753668904304504
8chan,POL,4.043051267834549,0.5203230558496882,0.2473870731511367,0.4552531838417053
8chan,POL,0.693147180559945,0.4550898638401598,0.2287665160810005,0.0234452653676271
8chan,POL,3.52636052461616,0.5073994600057011,0.1312615498947235,0.4750676155090332
8chan,POL,4.15888308335967,0.4982446640126116,0.2152060965494933,0.9685754179954528
8chan,POL,2.63905732961526,0.5030416518150199,0.1604817132315514,0.9364255666732788
8chan,POL,3.78418963391826,0.5828520960181829,0.258868728950767,0.7093387246131897
8chan,POL,3.5553480614894104,0.5430919349218017,0.25264417194069,0.9788682460784912
8chan,POL,3.78418963391826,0.5140853523808778,0.2425688190164485,0.5988503098487854
8chan,POL,3.49650756146648,0.5340335482901278,0.1856895262226607,0.8860264420509338
8chan,POL,3.61091791264422,0.5429401713643677,0.1842681424404797,0.0420806966722011
8chan,POL,4.72738781871234,0.5471639546170134,0.1982845691950369,0.2934399545192718
8chan,POL,4.11087386417331,0.5512013503800408,0.1546042958744528,0.9810309410095216
8chan,POL,3.09104245335832,0.5347394345325046,0.2824542534828251,0.7957553863525391
8chan,POL,0.693147180559945,0.3946688239637401,0.2720594626134561,0.9438406229019164
8chan,POL,3.61091791264422,0.5626536644904545,0.2537907300810369,0.951901078224182
8chan,POL,3.49650756146648,0.5696709615043956,0.1835345694737083,0.915433406829834
8chan,POL,2.19722457733622,0.4642559484050876,0.2083657511364754,0.2366229146718979
8chan,POL,1.6094379124341005,0.4611803323482216,0.2664111220609756,0.9777883887290956
8chan,POL,4.35670882668959,0.567853820585758,0.1767691466977267,0.9935544729232788
8chan,POL,3.9120230054281495,0.5164910336812312,0.3231031993847014,0.9564060568809508
8chan,POL,4.189654742026431,0.558211201355061,0.2190226296738218,0.9822416305541992
8chan,POL,1.6094379124341005,0.3789433171568614,0.351457344587731,0.6859846115112305
8chan,POL,3.8286413964891,0.5083471911991656,0.1617053694812982,0.2159761190414428
8chan,POL,0.693147180559945,0.3834496963069452,0.2871369337769865,0.0167735163122415
8chan,POL,3.36729582998647,0.5499296891241958,0.1831075228235648,0.0861638858914375
8chan,POL,3.9120230054281495,0.6244060923871511,0.1952784977194194,0.9884839653968812
8chan,POL,2.484906649788,0.5024404129214339,0.2375525697494795,0.6325541734695435
8chan,POL,3.49650756146648,0.5189481138772076,0.1242673271066527,0.9790515899658204
8chan,POL,3.85014760171006,0.4498531786703777,0.1464313704353139,0.2611306309700012
8chan,POL,2.77258872223978,0.4937812096648771,0.1111874211024967,0.9506420493125916
8chan,POL,0.693147180559945,0.4246163905330219,0.1616213903756548,0.062727503478527
8chan,POL,0.693147180559945,0.5767714880771504,0.2357262468144048,0.2577924728393555
8chan,POL,1.38629436111989,0.5144963550554341,0.2537373655105319,0.3102258145809173
8chan,POL,2.63905732961526,0.4995046135943995,0.1024476739058062,0.1941267848014831
8chan,POL,2.3978952727983702,0.5323858623206125,0.2395706545195916,0.1233081370592117
8chan,POL,2.30258509299405,0.5457002698575273,0.1956039222574013,0.9772362709045408
8chan,POL,3.63758615972639,0.5053054508904693,0.1379764086806603,0.8739650845527649
8chan,POL,3.43398720448515,0.472122423050905,0.1657907930544369,0.0438208505511283
8chan,POL,1.94591014905531,0.4138278486222023,0.3811308283402584,0.6375764012336731
8chan,POL,4.248495242049359,0.5911786722069915,0.0813617850788994,0.9671962261199952
8chan,POL,2.63905732961526,0.5120249127211576,0.2359834407691032,0.1388234198093414
8chan,POL,2.77258872223978,0.5567864487937147,0.1658318348645134,0.2947115898132324
8chan,POL,3.68887945411394,0.5289502112785454,0.1345190549815713,0.3235561549663544
8chan,POL,0.0,0.4421637232850945,0.1675931515966002,0.6273167133331299
8chan,POL,3.25809653802148,0.5273541753154085,0.261435239739741,0.96491676568985
8chan,POL,3.4657359027997297,0.5005017021320121,0.1519831827902997,0.871270477771759
8chan,POL,2.99573227355399,0.6062270178196378,0.2186240802926013,0.8023054599761963
8chan,POL,3.25809653802148,0.5249136409965144,0.2427301447527585,0.1871500015258789
8chan,POL,3.3322045101752003,0.552681953041183,0.3191437544195338,0.5560784339904785
8chan,POL,2.5649493574615403,0.5357509350274609,0.2152080112569175,0.3819990754127502
8chan,POL,1.38629436111989,0.4576615675357107,0.1093345022958638,0.5454820394515991
8chan,POL,3.95124371858143,0.4964824469691989,0.2136261876445992,0.9892554283142092
8chan,POL,4.06044301054642,0.5915931055796847,0.1753918265168305,0.9821059703826904
8chan,TV,3.17805383034795,0.4835143525038168,0.2453580664777954,0.168588101863861
8chan,TV,1.6094379124341005,0.4593115120017429,0.1047401700717677,0.6394624710083008
8chan,TV,0.693147180559945,0.3732511705290492,0.1275058700887451,0.0362794511020183
8chan,TV,2.19722457733622,0.4220737207350776,0.227223142444455,0.2970604002475738
8chan,TV,0.0,0.2770137906868603,0.176793489066923,0.1035992801189422
8chan,TV,1.94591014905531,0.5087569850212471,0.256530421187315,0.3987983465194702
8chan,TV,1.09861228866811,0.5885905722396758,0.2596935411874983,0.9664771556854248
8chan,TV,3.13549421592915,0.4393925726660559,0.2245769336102879,0.1221727505326271
8chan,TV,1.09861228866811,0.3928043645010496,0.209985212311281,0.0653524696826934
8chan,TV,1.38629436111989,0.4792273998652069,0.2387316848868565,0.5749393105506897
8chan,TV,2.19722457733622,0.480189437176691,0.1568657091814858,0.0878892987966537
8chan,TV,2.3978952727983702,0.3687925504523449,0.1369468038481437,0.1994583159685135
8chan,TV,0.693147180559945,0.4686429809045798,0.2881147265632613,0.0515032224357128
8chan,TV,1.09861228866811,0.3264006137482353,0.1192900804315426,0.0546471811830997
8chan,TV,0.693147180559945,0.4022310244341839,0.2176614439164378,0.3415861129760742
8chan,TV,0.0,0.3239634069843848,0.1945748358625435,0.0343576893210411
8chan,TV,2.484906649788,0.4776234527622391,0.2048845523788973,0.2418251931667328
8chan,TV,0.693147180559945,0.3812907536438876,0.3743660050536132,0.053218126296997
8chan,TV,0.693147180559945,0.4570875333181986,0.1420557450589578,0.0431073382496833
8chan,TV,1.38629436111989,0.3918221101206506,0.1473590815414469,0.3333844542503357
8chan,TV,4.46590811865458,0.5529581757357201,0.2349173654294004,0.2409074753522873
8chan,TV,0.0,0.2230105321142769,0.286564396670342,0.0240917317569255
8chan,TV,3.25809653802148,0.4773404978498314,0.1996490465846132,0.7413819432258606
8chan,TV,0.693147180559945,0.4126956969268611,0.1517903345199125,0.139187753200531
8chan,TV,1.38629436111989,0.4171726080213892,0.1772690412552416,0.5541638135910034
8chan,TV,2.83321334405622,0.4652257629275424,0.3416266671937651,0.9193495512008668
8chan,TV,0.693147180559945,0.4501580978225402,0.1513269995314424,0.4398203492164612
8chan,TV,1.09861228866811,0.4864718215934397,0.0935838478554122,0.4223882257938385
8chan,TV,0.693147180559945,0.3973941596979745,0.2580970748173926,0.0643471777439117
8chan,TV,0.693147180559945,0.3631358300706568,0.1251300714655073,0.0509398765861988
8chan,TV,1.09861228866811,0.4608581419436575,0.2953115036560448,0.9035927653312684
8chan,TV,1.6094379124341005,0.4632373413387191,0.3041136297734477,0.5958248376846313
8chan,TV,1.79175946922805,0.4524272081643304,0.2353296327511181,0.0676520615816116
8chan,TV,1.6094379124341005,0.3941111698295069,0.1921012042747418,0.1824097782373428
8chan,TV,1.09861228866811,0.3130156683153612,0.0249686643389203,0.3245196044445038
8chan,TV,1.79175946922805,0.4733821414256379,0.2105444793682753,0.5224437117576599
8chan,Leftypol,2.484906649788,0.5226665250949334,0.1645325723291971,0.8209303617477417
8chan,Leftypol,0.693147180559945,0.4359682278999505,0.2539478350349756,0.3101450800895691
8chan,Leftypol,1.38629436111989,0.5412570700504111,0.2735198601873329,0.6857753396034241
8chan,Leftypol,2.07944154167984,0.4892668267904114,0.081347712663163,0.5031801462173462
8chan,Leftypol,1.79175946922805,0.5399022896035549,0.1750684416653669,0.1633878052234649
8chan,Leftypol,0.693147180559945,0.2692694684728851,0.2519547081951508,0.5763066411018372
8chan,Leftypol,0.693147180559945,0.4305147527226856,0.1479894708725421,0.0254237856715917
8chan,Leftypol,3.0445224377234195,0.4768407577843894,0.26861182679922,0.8107916712760925
8chan,Leftypol,1.94591014905531,0.552054112991255,0.1796551265292461,0.8931337594985962
8chan,Leftypol,0.693147180559945,0.4769800073770137,0.1810532076807441,0.1718889325857162
8chan,Leftypol,4.33073334028633,0.5335930918495199,0.2034622677300055,0.9623534679412842
8chan,Leftypol,0.0,0.4622655544277091,0.1759242459813672,0.1841256618499756
8chan,Leftypol,3.87120101090789,0.5756574639553311,0.2512282303487566,0.5238810777664185
8chan,Leftypol,2.07944154167984,0.4966393694825901,0.2544255012710317,0.8004415035247803
8chan,Leftypol,1.94591014905531,0.4995870131399041,0.0651156008253808,0.9795960187911988
8chan,Leftypol,0.693147180559945,0.4283475497585222,0.2175284589282614,0.0592231340706348
8chan,Leftypol,1.79175946922805,0.5464608670678226,0.1219302363004743,0.9882823824882508
8chan,Leftypol,0.693147180559945,0.4506082227652182,0.2019577261956855,0.9602647423744202
8chan,Leftypol,1.38629436111989,0.4361586678472369,0.2586680489234559,0.5404492616653442
8chan,Leftypol,1.38629436111989,0.5321637536618147,0.2351485614751234,0.8047348856925964
8chan,Leftypol,0.0,0.2199074485306806,0.2794550102494237,0.0535841137170791
8chan,Leftypol,2.30258509299405,0.54432803631471,0.2546718782137113,0.9727100729942322
8chan,Leftypol,1.38629436111989,0.4559039531210393,0.2355706450613638,0.8351388573646545
8chan,POL,1.38629436111989,0.5063704702833034,0.1752079844237332,0.778423547744751
8chan,POL,0.693147180559945,0.4470988789659105,0.0288640310329381,0.9900081157684326
8chan,POL,2.19722457733622,0.5485899265104435,0.2635683295547609,0.3094661831855774
8chan,POL,3.5553480614894104,0.5175135530544717,0.2496418305119502,0.3305551707744598
8chan,POL,3.5553480614894104,0.5702611924879816,0.2491139026666866,0.9570741057395936
8chan,POL,3.71357206670431,0.5045047377102149,0.2134000994476588,0.9902154207229614
8chan,POL,3.17805383034795,0.4750894812292211,0.2416172778798395,0.3029004037380218
8chan,POL,2.99573227355399,0.534478272083247,0.3223139043178771,0.9725829958915708
8chan,POL,1.6094379124341005,0.3869467368299586,0.3692649827739779,0.0121335946023464
8chan,POL,3.29583686600433,0.5053823195955024,0.3063472593305896,0.954473614692688
8chan,POL,3.95124371858143,0.5004955903258048,0.1566211215226253,0.9636704921722412
8chan,POL,2.89037175789616,0.5653512943070176,0.1923175732636312,0.7727086544036865
8chan,POL,2.5649493574615403,0.4811378346163418,0.2539912510404772,0.5255395174026489
8chan,POL,3.43398720448515,0.4764288975834098,0.3414896095719738,0.4571819007396698
8chan,POL,3.9318256327243297,0.5462030518591818,0.3151499189093449,0.9498326778411864
8chan,POL,1.38629436111989,0.4404598259528128,0.3679193785934559,0.4473878145217896
8chan,POL,4.12713438504509,0.4956529328210851,0.2145200660419068,0.95405513048172
8chan,POL,2.30258509299405,0.5064569076789824,0.2914029006090436,0.9124396443367004
8chan,POL,3.43398720448515,0.5310612647468614,0.2930529511731092,0.3443018198013305
8chan,POL,2.99573227355399,0.4803867601937436,0.2717952409543679,0.1017729863524437
8chan,POL,4.276666119016061,0.5611322459510181,0.3093012525490989,0.9864821434020996
8chan,POL,0.693147180559945,0.4059111592863385,0.2387678366604025,0.8739638328552246
8chan,POL,3.4011973816621603,0.4902657236724815,0.3191296893735739,0.2037581205368042
8chan,POL,2.89037175789616,0.4877456210805012,0.2498717297941121,0.9715347290039062
8chan,POL,2.7080502011022096,0.5607077751650312,0.1635006618374168,0.9328044652938844
8chan,POL,3.68887945411394,0.514818126354604,0.2906162946952363,0.1688058078289032
8chan,POL,3.63758615972639,0.4761990789014845,0.1297766023127162,0.9549248218536376
8chan,POL,1.09861228866811,0.4400369198078191,0.2571535285708309,0.8857277631759644
8chan,POL,1.6094379124341005,0.4338918694550264,0.2132246869855485,0.5039260983467102
8chan,POL,3.63758615972639,0.5347651778928635,0.2687931624705567,0.980343222618103
8chan,POL,1.79175946922805,0.5432732820294371,0.2395253418290002,0.075810819864273
8chan,POL,4.21950770517611,0.5183611414509895,0.2820417338563998,0.3137062191963196
8chan,POL,4.30406509320417,0.5680785688532731,0.2125919170777069,0.98238867521286
8chan,POL,1.79175946922805,0.4683062950495231,0.2534395136923758,0.8609468340873718
8chan,POL,2.7080502011022096,0.4341161983052653,0.2469236252928439,0.7742905616760254
8chan,POL,4.33073334028633,0.5169076481106476,0.2244570628834888,0.9597631096839904
8chan,POL,3.8286413964891,0.5267524687340132,0.1797180528892879,0.9193596839904784
8chan,POL,3.29583686600433,0.5323721598734862,0.1532645565030609,0.758470356464386
8chan,POL,2.484906649788,0.5019683662833876,0.1764132159508493,0.9654213786125184
8chan,TV,0.0,0.3260533149515398,0.1805170825945747,0.2826922535896301
8chan,TV,0.0,0.1972062019275088,0.2289169940435469,0.7094250917434692
8chan,TV,2.7080502011022096,0.4964162489072562,0.2738125478910359,0.9311025142669678
8chan,TV,0.0,0.2656813098010038,0.1830358165406857,0.0358648523688316
8chan,TV,1.09861228866811,0.3901702406828437,0.0433736407844253,0.162611722946167
8chan,TV,1.09861228866811,0.4620885840736919,0.1394679125319128,0.1075092107057571
8chan,TV,0.693147180559945,0.4096700774561684,0.132941460500177,0.1220334693789482
8chan,TV,1.94591014905531,0.4711461672314665,0.1781610325690187,0.4796448647975922
8chan,TV,1.79175946922805,0.4724593196615828,0.21476771791062,0.542086124420166
8chan,TV,1.79175946922805,0.4663132449194165,0.1527464249842567,0.3384513556957245
8chan,TV,0.0,0.2734799212963251,0.2372038693109794,0.1589312702417373
8chan,TV,2.3978952727983702,0.4681888643859196,0.2232862847320964,0.2564679384231567
8chan,TV,0.693147180559945,0.3480359510760189,0.0079461456885834,0.1402614861726761
8chan,TV,1.79175946922805,0.4794304186184333,0.2195540083965639,0.3948991000652313
8chan,TV,0.693147180559945,0.3411912489154364,0.1651689064581982,0.2051482200622558
8chan,TV,1.38629436111989,0.4686450889246361,0.2702024118324305,0.7229662537574768
8chan,TV,0.0,0.3386737348902957,0.1530433655585691,0.0879051089286804
8chan,TV,2.5649493574615403,0.4874736779124209,0.1372683747751895,0.7740307450294495
8chan,TV,0.693147180559945,0.3569814742341204,0.1781860246096535,0.1097970530390739
8chan,TV,2.5649493574615403,0.5280369163136011,0.18329162182497,0.7198385000228882
8chan,TV,1.79175946922805,0.4500202887160052,0.1863645759708239,0.3697586059570313
8chan,TV,0.693147180559945,0.4425185883538861,0.1838643763587129,0.7422001957893372
8chan,TV,1.79175946922805,0.4547062418995126,0.1921653423520057,0.1811291873455048
8chan,TV,0.693147180559945,0.4334133110775111,0.2256495890016098,0.5273183584213257
8chan,TV,1.38629436111989,0.4313591959626321,0.1340088571193145,0.1863448172807693
8chan,TV,2.3978952727983702,0.4724410845006619,0.169149728544124,0.1652599722146988
8chan,TV,1.6094379124341005,0.4343358092646885,0.0767696244124975,0.2846819460391998
8chan,TV,0.0,0.3884845351040872,0.2795666275243724,0.0360260605812072
8chan,TV,2.3978952727983702,0.509123232591025,0.1845507207273861,0.2072707563638687
8chan,Leftypol,2.3978952727983702,0.4458144954161969,0.1819424355908086,0.0397812500596046
8chan,Leftypol,3.0445224377234195,0.5022281060289561,0.2341157833837768,0.7181912064552307
8chan,Leftypol,1.94591014905531,0.5353650598764061,0.0858794065491273,0.1556902825832367
8chan,Leftypol,3.73766961828337,0.5107340645237247,0.1713514231613965,0.5705878734588623
8chan,Leftypol,1.09861228866811,0.3759641396280111,0.2060380503982365,0.0219844058156013
8chan,Leftypol,3.29583686600433,0.5968051745398729,0.1201022690727239,0.5744006633758545
8chan,Leftypol,1.6094379124341005,0.4637153673480534,0.0698853887159612,0.1143048778176307
8chan,Leftypol,1.09861228866811,0.4280749417767344,0.2460066155449722,0.0403463616967201
8chan,Leftypol,0.693147180559945,0.5261248928018317,0.0301967556326141,0.0559025108814239
8chan,Leftypol,2.07944154167984,0.5163641083664996,0.1352579527095309,0.1842997521162033
8chan,Leftypol,2.19722457733622,0.4856466797250514,0.1656283404898544,0.8033818006515503
8chan,Leftypol,2.77258872223978,0.4152488317030684,0.0716872327902689,0.077354684472084
8chan,Leftypol,0.0,0.3192088324046472,0.1211813072788365,0.0476281456649303
8chan,Leftypol,1.38629436111989,0.461214649584049,0.2491070710442836,0.3019891679286957
8chan,Leftypol,2.484906649788,0.5082894338941965,0.1992196252822854,0.025887606665492
8chan,Leftypol,1.6094379124341005,0.5741124722963958,0.156229266268603,0.8105008602142334
8chan,Leftypol,0.693147180559945,0.3982886818870318,0.2051480664794605,0.0175136681646108
8chan,Leftypol,1.94591014905531,0.4168350622259638,0.2651954441814513,0.8234397768974304
8chan,Leftypol,1.09861228866811,0.4695038089427514,0.2315898358898609,0.0631772503256797
8chan,Leftypol,3.80666248977032,0.5093965643239594,0.2070661806407532,0.9427345991134644
8chan,Leftypol,0.693147180559945,0.5055104393526799,0.1392953256689922,0.0375505685806274
8chan,Leftypol,2.07944154167984,0.4668769467276598,0.1313687156299789,0.2519906163215637
8chan,Leftypol,1.38629436111989,0.5059837721732711,0.1394939365657349,0.027085080742836
8chan,Leftypol,3.09104245335832,0.5494885214314635,0.1830904331592875,0.9372620582580566
8chan,Leftypol,1.6094379124341005,0.4284925497561784,0.1604602587726852,0.0185513719916343
8chan,Leftypol,0.693147180559945,0.5124653913697867,0.2313464060791369,0.0203161928802728
8chan,Leftypol,0.0,0.5018499382780452,0.177159666952417,0.934403359889984
8chan,Leftypol,3.29583686600433,0.5309907077036258,0.1609100969648909,0.5071717500686646
8chan,Leftypol,2.07944154167984,0.4897909660463267,0.1363758896133355,0.0389754436910152
8chan,Leftypol,1.09861228866811,0.4445963755613658,0.1614496942949089,0.0326917394995689
8chan,TV,1.6094379124341005,0.4389042409168548,0.1454106529311321,0.0391348972916603
8chan,TV,2.89037175789616,0.4374440613236209,0.1535374429416733,0.0202819388359785
8chan,TV,1.94591014905531,0.4859833958294229,0.0909120762324595,0.1211636438965797
8chan,TV,0.0,0.3187310568448778,0.2332063480226794,0.0229321531951427
8chan,TV,0.693147180559945,0.4003131571007191,0.3160150809016508,0.1982012689113617
8chan,TV,0.0,0.2758229528342499,0.2328970646325165,0.0900897681713104
8chan,TV,0.0,0.3472706433867236,0.1866150641114543,0.3714051246643065
8chan,TV,0.0,0.2371056451589827,0.1057793830893374,0.028970506042242
8chan,TV,2.07944154167984,0.431632918939779,0.1054194804042829,0.0112668061628937
8chan,TV,0.0,0.0,0.3116977892134207,0.146707609295845
8chan,TV,0.693147180559945,0.3757182073734383,0.2199762906588794,0.0673052296042442
8chan,TV,0.693147180559945,0.3220034601683046,0.2739499033872438,0.0652526170015335
8chan,TV,2.63905732961526,0.4681134864945542,0.065710792496557,0.1090336292982101
8chan,TV,0.693147180559945,0.3393100001899986,0.1615962542785742,0.0703345835208892
8chan,TV,0.0,0.2127777757112636,0.2112004263883928,0.2793425619602203
8chan,TV,0.693147180559945,0.305514726885822,0.3086939830584554,0.1214366182684898
8chan,TV,1.6094379124341005,0.424459457981824,0.1808537762778469,0.4764358401298523
8chan,TV,1.09861228866811,0.4856411189511708,0.2510871817930861,0.0400122329592704
8chan,TV,2.63905732961526,0.4729135316451258,0.1284218808960032,0.8933086991310121
8chan,TV,1.6094379124341005,0.3965762623877139,0.1201863893642063,0.152432844042778
8chan,TV,1.09861228866811,0.3906944427813262,0.1936286124422646,0.0722751021385192
8chan,TV,1.38629436111989,0.4241231022770398,0.2034565750136893,0.0818497911095619
8chan,TV,2.07944154167984,0.4437925966069292,0.0943038647398854,0.0728050097823143
8chan,TV,0.0,0.1709163063281998,0.2805155813527006,0.0900449231266975
8chan,TV,0.0,0.0,0.2750307724913231,0.6444460153579712
8chan,TV,0.0,0.4427654008432612,0.3150732633695191,0.084775298833847
8chan,TV,3.218875824868201,0.4659449787990816,0.0571950555067813,0.0740642547607421
8chan,TV,2.19722457733622,0.4443477628569095,0.0353367645034486,0.4154092669487
8chan,TV,1.09861228866811,0.4653870136701186,0.1415023244424424,0.3328666985034942
8chan,TV,0.693147180559945,0.3766720478055745,0.2280056440929075,0.0220905840396881
8chan,TV,1.09861228866811,0.3947893218262861,0.2186581643907481,0.0343505479395389
8chan,TV,0.0,0.3220631998566405,0.1065020073909868,0.0401108711957931
8chan,TV,1.6094379124341005,0.3856556003671299,0.1949366080709814,0.0261568576097488
8chan,TV,1.6094379124341005,0.3329929622435469,0.2819790891699276,0.9877411723136902
8chan,TV,0.0,0.3339126984637277,0.1050271893030043,0.1215279698371887
8chan,TV,0.0,0.1585921319216869,0.2147037511994604,0.2197115570306778
8chan,TV,2.30258509299405,0.4657377549833276,0.2917668101769524,0.1909765899181366
8chan,TV,2.07944154167984,0.4588789682046286,0.108585239354364,0.2076652944087982
8chan,TV,1.6094379124341005,0.3634967183705279,0.1989451212449268,0.1237675920128822
8chan,TV,0.693147180559945,0.393078457767775,0.1342782062964365,0.2792454957962036
8chan,TV,1.6094379124341005,0.4085281262256249,0.0073117040185282,0.037819430232048
8chan,TV,1.38629436111989,0.3553079588606061,0.3154317339776016,0.0597647577524185
8chan,TV,0.0,0.0,0.3283311508497616,0.3209251761436462
8chan,TV,0.693147180559945,0.4346542541982267,0.1770840623430382,0.4960252940654754
8chan,TV,2.63905732961526,0.4623244709291438,0.2091845728563557,0.8805623650550842
8chan,TV,0.693147180559945,0.3076669608650735,0.1797161639080642,0.0690341293811798
8chan,TV,1.38629436111989,0.4873072097654037,0.1616839553130918,0.3073344230651855
8chan,TV,2.07944154167984,0.4686622299282902,0.1877684215263634,0.442793071269989
8chan,TV,0.693147180559945,0.4428970746192969,0.1277492638086563,0.0644243210554122
8chan,TV,1.09861228866811,0.3803453054966935,0.2036248643747601,0.0984423011541366
8chan,TV,1.09861228866811,0.3190170825746882,0.2970951233109067,0.1260557621717453
8chan,TV,0.0,0.3851028458723252,0.1532918799687655,0.4303849041461945
8chan,TV,0.0,0.3702937125862061,0.1794549745417418,0.3855859935283661
8chan,TV,0.693147180559945,0.3779233389933432,0.1074877393769019,0.1561284661293029
8chan,TV,1.79175946922805,0.4089419798604399,0.2275637987210261,0.3473588228225708
8chan,TV,2.07944154167984,0.5068398654679639,0.1711169161403195,0.9813489317893982
8chan,TV,0.0,0.3470581401026653,0.1876067150515748,0.3163599967956543
8chan,TV,1.94591014905531,0.439588565312101,0.2332150623535215,0.3762523531913757
8chan,TV,1.79175946922805,0.4743382202680882,0.2214505015957402,0.8218340277671814
8chan,TV,0.693147180559945,0.408918290076299,0.1580799065919798,0.0855683460831642
8chan,TV,0.0,0.242152675903592,0.1159238941459466,0.1299436688423156
8chan,POL,3.66356164612965,0.4912186696930057,0.2281728358602475,0.9709618091583252
8chan,POL,3.8286413964891,0.5195161234960144,0.1597083790823089,0.92551451921463
8chan,POL,4.276666119016061,0.4900947059475766,0.1610803603753766,0.6307437419891357
8chan,POL,3.49650756146648,0.4890637961777721,0.0851344898318583,0.2908878326416016
8chan,POL,3.61091791264422,0.5043197772517979,0.2229669568030486,0.0595052242279052
8chan,POL,1.09861228866811,0.4135872234697582,0.1521677411420244,0.0285922400653362
8chan,POL,4.68213122712422,0.5022508257611505,0.1763411875534331,0.9896957874298096
8chan,POL,3.52636052461616,0.5070907679877885,0.1876592389951999,0.1291353851556778
8chan,POL,3.29583686600433,0.499962477423478,0.144636824932589,0.8340908288955688
8chan,POL,0.0,0.3992489000312449,0.3642318854729223,0.1181584447622299
8chan,POL,2.77258872223978,0.5430360058193864,0.1452694663301843,0.8664597868919373
8chan,POL,1.09861228866811,0.5111718952346139,0.2148402665832481,0.1128830462694168
8chan,POL,1.6094379124341005,0.4647442047510474,0.1663084565842776,0.0193436238914728
8chan,POL,2.5649493574615403,0.4726032159107945,0.1340637725525199,0.0812741219997406
8chan,POL,1.38629436111989,0.44086750775958,0.1306378918220261,0.0229591466486454
8chan,POL,4.69134788222914,0.4505468930946569,0.1470884389398837,0.8663643002510071
8chan,POL,3.9120230054281495,0.5827843267384891,0.1807230563617555,0.6846867203712463
8chan,POL,3.3322045101752003,0.5221299586584636,0.2155727328035741,0.969775915145874
8chan,POL,4.06044301054642,0.4816294309689207,0.1686920204215545,0.0366516225039958
8chan,POL,2.5649493574615403,0.5236929792553621,0.1363348529335162,0.977229654788971
8chan,POL,2.89037175789616,0.5389660169860827,0.1548931104104415,0.2634434998035431
8chan,POL,4.4998096703302695,0.5272128219345035,0.2325267706772474,0.3898840546607971
8chan,POL,2.63905732961526,0.4867507388661426,0.150479793223055,0.6431078314781189
8chan,POL,3.218875824868201,0.5349072524802221,0.2413303107920398,0.6345489621162415
8chan,POL,1.6094379124341005,0.4060799864513968,0.1685214538826902,0.0401994809508323
8chan,POL,3.89182029811063,0.5297429780751164,0.1507590867951461,0.9805589318275452
8chan,POL,0.0,0.4630763039077208,0.2334254046905183,0.0184303987771272
8chan,POL,4.07753744390572,0.5354133761548071,0.2005123971996244,0.9473442435264589
8chan,POL,3.5553480614894104,0.510023337419016,0.1608244348522244,0.959976077079773
8chan,POL,3.36729582998647,0.5568016334775681,0.2133618324064636,0.8846898674964905
8chan,POL,2.484906649788,0.4885990535803638,0.1206054670711148,0.4959740042686462
8chan,POL,3.43398720448515,0.5092199395938851,0.2393839831424732,0.147330105304718
8chan,POL,1.6094379124341005,0.473041954998155,0.2850419519266721,0.9279921054840088
8chan,POL,3.73766961828337,0.5122833716956343,0.230955242293578,0.4169037938117981
8chan,POL,1.94591014905531,0.5066937248568782,0.1816479189132847,0.5202553868293762
8chan,POL,1.79175946922805,0.4149016435309196,0.2682916082981911,0.0263850856572389
8chan,POL,1.09861228866811,0.5114796156303754,0.2331397321330363,0.7124159932136536
8chan,POL,2.07944154167984,0.5448160133543437,0.1409463349341894,0.9543529748916626
8chan,POL,1.09861228866811,0.4366315136939406,0.2115929954884541,0.9400902986526488
8chan,POL,2.484906649788,0.4776690808272547,0.2359793709442242,0.6238309741020203
8chan,POL,2.484906649788,0.5182329570058284,0.2108929391469449,0.1941589415073394
8chan,POL,2.94443897916644,0.4721032827928549,0.1738356727052169,0.1844389587640762
8chan,POL,4.12713438504509,0.5064630080452998,0.1567423234898942,0.5341146588325499
8chan,POL,1.94591014905531,0.4508529122619537,0.1259805360851549,0.5793222188949585
8chan,POL,2.19722457733622,0.4401858686287206,0.0694677847647569,0.2345968037843704
8chan,POL,3.49650756146648,0.4735925270885482,0.2139269563145595,0.0377844311296939
8chan,POL,1.09861228866811,0.4536737538287947,0.161812446385183,0.0154909240081906
8chan,POL,2.19722457733622,0.5077335974477565,0.2168097339379865,0.1497367173433303
8chan,POL,3.17805383034795,0.5101048094373692,0.0857875717614569,0.087389700114727
8chan,POL,2.19722457733622,0.4750306329730397,0.1205834880645373,0.1495303511619568
8chan,POL,1.79175946922805,0.5017051723180793,0.2160139698426788,0.0230167862027883
8chan,POL,3.4011973816621603,0.4687598042983479,0.2635597708537594,0.0677157416939735
8chan,Leftypol,3.61091791264422,0.462984051048609,0.1785989478863625,0.2274457961320877
8chan,Leftypol,0.693147180559945,0.4880282647944091,0.2757773411977871,0.7743178606033325
8chan,Leftypol,2.30258509299405,0.5036041837676855,0.2509668217419347,0.2971066832542419
8chan,Leftypol,3.4657359027997297,0.4498006309810906,0.2165409631866446,0.2368464320898056
8chan,Leftypol,3.0445224377234195,0.4901994590342291,0.2008480189510521,0.4725786745548248
8chan,Leftypol,0.693147180559945,0.3581687106822615,0.0941942834683172,0.0632726997137069
8chan,Leftypol,4.06044301054642,0.4899668399316482,0.2580502279306007,0.043169867247343
8chan,Leftypol,3.9318256327243297,0.4766683807057407,0.2287837205745405,0.0781343802809715
8chan,Leftypol,4.07753744390572,0.4765443926353587,0.2741630076465325,0.9297104477882384
8chan,Leftypol,2.30258509299405,0.4997071947299059,0.3398670649987879,0.5752721428871155
8chan,Leftypol,3.63758615972639,0.5109557445311692,0.2405244861252486,0.4730777442455292
8chan,Leftypol,1.79175946922805,0.4949741779440946,0.2326862184545778,0.0603312216699123
8chan,Leftypol,3.8286413964891,0.5046329972438883,0.2629616903272542,0.3568087220191956
8chan,Leftypol,3.25809653802148,0.4803223967656276,0.2237186693347743,0.1054640784859657
8chan,Leftypol,3.4657359027997297,0.4756661743584595,0.1844435295778427,0.8853262662887573
8chan,Leftypol,2.89037175789616,0.517061492546097,0.2591648558321145,0.141426995396614
8chan,Leftypol,4.043051267834549,0.519271344480294,0.2053244189477249,0.1769381016492843
8chan,Leftypol,3.58351893845611,0.4752497791465784,0.2056216247129018,0.1172647625207901
8chan,Leftypol,3.63758615972639,0.4968768077149496,0.2671717650794374,0.8307684659957886
8chan,Leftypol,3.25809653802148,0.4845838181870464,0.1737666480391038,0.0617857612669467
8chan,Leftypol,3.52636052461616,0.4910944854101989,0.2230944717852719,0.331746518611908
8chan,Leftypol,2.99573227355399,0.4850387349883999,0.2520204913368058,0.9550760984420776
8chan,Leftypol,2.5649493574615403,0.4625294477528485,0.1319671825075252,0.5903416872024536
8chan,Leftypol,3.98898404656427,0.5002888412216018,0.2465434288360224,0.8344173431396484
8chan,Leftypol,3.63758615972639,0.4829953730293589,0.2103915113300069,0.0805174633860588
8chan,Leftypol,3.61091791264422,0.475562096060854,0.3156847364293985,0.1887251734733581
8chan,Leftypol,3.71357206670431,0.4903376098970092,0.2486376892847878,0.128061443567276
8chan,Leftypol,3.63758615972639,0.4708566376900821,0.23378956519373,0.7219295501708984
8chan,Leftypol,3.36729582998647,0.5074732787834645,0.2336253229546709,0.1727915853261947
8chan,Leftypol,3.76120011569356,0.4944033909081267,0.2581758099396601,0.5073978304862976
8chan,Leftypol,3.49650756146648,0.4652176247259373,0.2685017781565653,0.8937455415725708
8chan,Leftypol,3.52636052461616,0.4854906756676786,0.2733750705818982,0.7307608127593994
8chan,Leftypol,3.5553480614894104,0.4420685117846393,0.2900703930198689,0.6625239253044128
8chan,Leftypol,3.49650756146648,0.5087274096445829,0.2192021641748602,0.0977649614214897
8chan,Leftypol,3.80666248977032,0.468415601612185,0.25091983396889,0.1930114924907684
8chan,Leftypol,3.49650756146648,0.4821337340796674,0.2939025280631544,0.9321876764297484
8chan,Leftypol,3.49650756146648,0.4890720331115227,0.269667968742038,0.9545008540153505
8chan,Leftypol,3.66356164612965,0.4706609765994335,0.2821498341332428,0.7233031392097473
8chan,Leftypol,2.89037175789616,0.4460723243721088,0.2070132443995543,0.5650994181632996
8chan,TV,0.0,0.086878344783689,0.2463579077493521,0.0179465170949697
8chan,TV,0.0,0.2633189880176425,0.2000840107436607,0.1515434980392456
8chan,TV,1.09861228866811,0.4329535816788634,0.1986867644778597,0.4083952605724335
8chan,TV,0.693147180559945,0.4700911324870137,0.3172331521422468,0.9941470623016356
8chan,TV,0.0,0.3818487424170405,0.2244109950974304,0.1527827084064483
8chan,TV,0.0,0.3013996176740551,0.1285806182054621,0.0263740066438913
8chan,TV,1.09861228866811,0.4274666045867288,0.2035296820467216,0.9468581080436708
8chan,TV,1.38629436111989,0.3992133918585934,0.1762761416430594,0.474798709154129
8chan,TV,1.6094379124341005,0.4057566703649772,0.1846780635873687,0.0221817772835493
8chan,TV,1.79175946922805,0.4676487141402565,0.2769690365781139,0.0910094529390335
8chan,TV,2.484906649788,0.4677484282850562,0.2374081917698114,0.077773742377758
8chan,TV,0.0,0.3322399850750428,0.2242260338107825,0.0711766555905342
8chan,TV,0.693147180559945,0.3849115704292254,0.2178939300469727,0.2921159565448761
8chan,TV,0.693147180559945,0.4035714383463222,0.2500869807505866,0.0360343679785728
8chan,TV,1.38629436111989,0.4296882252741583,0.2386115890681627,0.1075634211301803
8chan,TV,0.693147180559945,0.3656838621712806,0.228040520252483,0.0696595385670661
8chan,TV,0.693147180559945,0.345179229317159,0.2581703997944295,0.8606823086738586
8chan,TV,1.09861228866811,0.3862606112727686,0.1681161455044906,0.0920188352465629
8chan,TV,1.09861228866811,0.3030657993564363,0.2374389708070389,0.6468245387077332
8chan,TV,0.0,0.3877050773480359,0.271065249126584,0.0858416184782981
8chan,TV,0.0,0.3245346321122233,0.195790523056498,0.1052136793732643
8chan,TV,1.38629436111989,0.4192706037762198,0.3229264159801527,0.5200450420379639
8chan,TV,0.693147180559945,0.3818156229324039,0.1542261367952765,0.1933893412351608
8chan,TV,1.6094379124341005,0.4436290327659508,0.1817039503101176,0.3907608091831207
8chan,TV,1.94591014905531,0.4628576796047788,0.1598236529296813,0.0846058949828147
8chan,TV,0.0,0.3311308304840264,0.2321252711538478,0.109122134745121
8chan,TV,0.0,0.3596002737870119,0.2169655955826557,0.7377415299415588
8chan,TV,1.09861228866811,0.3324502846585699,0.1901150547787991,0.0716420859098434
8chan,TV,0.693147180559945,0.3860211112620967,0.2248260443680927,0.1362952888011932
8chan,TV,0.693147180559945,0.3546587437167279,0.2153092452694157,0.0194553192704916
8chan,TV,1.38629436111989,0.4387863423092863,0.210959166359081,0.468379944562912
8chan,TV,1.94591014905531,0.4791794646228743,0.1748024403361119,0.2481681257486343
8chan,TV,0.0,0.1293822961663526,0.2322558275494487,0.0748084113001823
8chan,TV,1.94591014905531,0.4789782146743879,0.0967601626606394,0.8403775095939636
8chan,TV,0.0,0.2762375409444202,0.1970266189355831,0.0356746613979339
8chan,POL,2.07944154167984,0.5001301389108681,0.1947500519133203,0.6749136447906494
8chan,POL,1.09861228866811,0.5149706769595628,0.1873124547753769,0.9617910385131836
8chan,POL,1.94591014905531,0.4944820499003101,0.2396688541938412,0.9729552268981934
8chan,POL,2.3978952727983702,0.4398193818043555,0.0670175128224545,0.3541857004165649
8chan,POL,1.38629436111989,0.5010643431051646,0.1507675329344561,0.0591167174279689
8chan,POL,3.09104245335832,0.5390916990755437,0.2352804771112281,0.9843993186950684
8chan,POL,1.79175946922805,0.3911826087552227,0.2219889540868279,0.9315531253814696
8chan,POL,3.8286413964891,0.4605911059591651,0.134356986870831,0.1198825910687446
8chan,POL,3.3322045101752003,0.4925712815417695,0.1964949130389859,0.376778781414032
8chan,POL,3.0445224377234195,0.4774744908173579,0.1480094744533467,0.9890929460525512
8chan,POL,3.98898404656427,0.5682051167535134,0.2004534267079399,0.962052285671234
8chan,POL,1.6094379124341005,0.5337426306935291,0.1243453848657705,0.3558442294597626
8chan,POL,1.94591014905531,0.4206917628273847,0.2613890931549852,0.3194516003131866
8chan,POL,4.0943445622221,0.4905995830887307,0.2005137608850664,0.2917172312736511
8chan,POL,4.0943445622221,0.5131277000648901,0.1365510151318019,0.9778011441230774
8chan,POL,3.66356164612965,0.5426472735615246,0.1777299405681752,0.3830917179584503
8chan,POL,3.25809653802148,0.4023042991543847,0.2117085183387689,0.3407089710235596
8chan,POL,1.6094379124341005,0.4198648870180281,0.2106295487196685,0.1541072428226471
8chan,POL,3.25809653802148,0.4660142443145026,0.1631986243452333,0.767670750617981
8chan,POL,3.3322045101752003,0.5179387759748932,0.1837198077057389,0.9784032106399536
8chan,POL,2.19722457733622,0.4224711137109836,0.1544538594711149,0.0631074234843254
8chan,POL,2.94443897916644,0.4670701372447233,0.2202589130063651,0.2141208946704864
8chan,POL,2.83321334405622,0.4614017622990565,0.1993990589649635,0.046068362891674
8chan,POL,1.94591014905531,0.4749378838392429,0.2575179163267459,0.0745716094970703
8chan,POL,1.38629436111989,0.4569658907740866,0.2807577905883237,0.690012514591217
8chan,POL,4.35670882668959,0.5195442157357155,0.1293352768763757,0.6126195788383484
8chan,POL,3.71357206670431,0.5234815045291793,0.2788426457689691,0.9642879366874696
8chan,POL,0.0,0.4033632348341052,0.2129286927298948,0.0335308425128459
8chan,POL,1.94591014905531,0.4721472795207727,0.1811846263598476,0.3190679848194122
8chan,POL,3.0445224377234195,0.5011136349985469,0.2317377572234678,0.2353429645299911
8chan,POL,3.17805383034795,0.4574923027967272,0.2497416887592381,0.1299120187759399
8chan,POL,3.58351893845611,0.4618783726786254,0.1232577377639382,0.9513919949531556
8chan,POL,3.97029191355212,0.4864810076680647,0.0793071364760936,0.3908544778823853
8chan,POL,3.0445224377234195,0.4737523297660529,0.2046667037542299,0.601726233959198
8chan,POL,0.693147180559945,0.3567321772564998,0.1929887390388487,0.0944178402423858
8chan,POL,2.63905732961526,0.4920770708014799,0.1906034781315387,0.2906468510627746
8chan,POL,1.09861228866811,0.527094178700956,0.1212571547892392,0.0731832459568977
8chan,POL,1.09861228866811,0.4434097324778861,0.0875262656243963,0.0182967446744442
8chan,POL,2.07944154167984,0.5021511349126666,0.2104397557775461,0.1023385822772979
8chan,POL,4.30406509320417,0.5028241947012367,0.2928145728944459,0.6890016794204712
8chan,POL,4.0943445622221,0.4768036498626561,0.1695483291046765,0.7195314168930054
8chan,POL,3.43398720448515,0.5900871265808397,0.2175080129397134,0.4997405409812927
8chan,POL,3.13549421592915,0.4774040701378795,0.1356110486541963,0.0767706930637359
8chan,POL,2.77258872223978,0.5615396553279948,0.0677274825351766,0.9714969396591188
8chan,POL,3.71357206670431,0.5062653404682286,0.2409490997328508,0.1098322868347168
8chan,POL,3.76120011569356,0.516805489468005,0.1972526455675181,0.8334996700286865
8chan,POL,1.38629436111989,0.4695207595833619,0.2168064158743444,0.0977219566702842
8chan,POL,3.0445224377234195,0.5081468983208361,0.2452931956774186,0.9418448209762572
