Species,disp,scenario,Lat50,Ele50
Aglaia sapindina,Zoochor,5,-4.467,3.719
Chamelaucium virgatum,Zoochor,3,-2.41,6.019
Valeriana officinalis,Autochor,14,-0.675,1.128
Lemmaphyllum accedens,Anemochor,7,-11.401,4.021
Cremosperma congruens,Zoochor,5,-0.999,3.333
Pelargonium abrotanifolium,Anemochor,14,0.941,3.346
Festuca jacutica,Anemochor,11,-7.542,-8.156
Owenia acidula,Zoochor,10,3.28,5.384
Hosta kikutii,Zoochor,12,4.422,2.04
Reseda stricta,Hemerochor,13,0.674,2.985
Marsdenia sinensis,Anemochor,6,2.94,2.513
Hymenophyllum rufum,Anemochor,1,-0.582,3.309
Eucalyptus alba,Anemochor,3,-2.99,6.127
Rothmaleria granatensis,Anemochor,1,0.91,3.085
Ipomoea praecana,Autochor,4,-17.923,4.533
Minuria cunninghamii,Anemochor,10,1.911,5.336
Calotis lappulacea,Zoochor,6,2.535,4.703
Aniba citrifolia,Zoochor,2,0.01,6.431
Solanum douglasii,Zoochor,2,3.413,2.786
Phoradendron velutinum,Zoochor,3,-2.698,3.295
Dactyloctenium geminatum,Anemochor,3,0.095,5.662
Populus angustifolia,Anemochor,1,0.995,1.979
Euryops thunbergii,Anemochor,16,4.514,3.13
Protium robustum,Zoochor,2,3.907,6.994
Lonchocarpus santarosanus,Autochor,16,-5.928,5.489
Pseudobombax munguba,Anemochor,3,2.601,8.042
Abrus pulchellus,Nautochor,12,5.947,7.132
Mitrasacme galbina,Anemochor,4,3.67,8.422
Sarcandra glabra,Zoochor,16,3.784,2.895
Calamagrostis chalybaea,Autochor,14,-0.261,0.609
Rhynchospora tracyi,Autochor,15,6.498,6.211
Carex vanheurckii,Autochor,6,-4.165,-4.994
Atractylis humilis,Anemochor,12,1.254,2.662
Tilia cordata,Anemochor,16,-2.031,3.669
Andropogon leucostachyus,Autochor,2,1.672,5.561
Melaleuca cordata,Anemochor,15,0.888,5.739
Jatropha capensis,Autochor,7,-1.022,3.735
Dodonaea polyandra,Zoochor,7,-2.212,5.166
Tachia grandiflora,Autochor,11,-0.272,6.111
Elaeocarpus hildebrandtii,Zoochor,16,-0.435,3.677
Cuphea setosa,Autochor,16,-3.656,5.726
Boronia capitata,Autochor,14,-0.621,5.61
Plantago euryphylla,Zoochor,15,-2.024,3.657
Annona neglecta,Zoochor,12,-7.097,4.926
Trymalium floribundum,Zoochor,2,-1.057,4.843
Galium glabrescens,Zoochor,10,1.741,2.896
Sclerocarpus uniserialis,Anemochor,9,0.366,3.289
Maerua kaessneri,Zoochor,14,0.382,4.796
Lachnaea axillaris,Zoochor,9,-0.092,3.591
Montia chamissoi,Autochor,8,0.274,-1.029
Asplenium ritoense,Anemochor,13,3.88,2.274
Tetragonia robusta,Anemochor,12,3.356,3.838
Eucalyptus georgei,Anemochor,16,0.78,5.804
Malus baccata,Zoochor,12,3.391,0.037
Cassinia trinerva,Anemochor,7,-0.796,2.847
Vepris macrophylla,Zoochor,8,-5.885,3.881
Garcinia dauphinensis,Zoochor,2,-2.276,3.629
Thelesperma subnudum,Anemochor,2,1.162,1.991
Cymopterus purpureus,Anemochor,14,1.366,1.877
Cliffortia glauca,Zoochor,2,-3.607,2.88
Lacistema grandifolium,Autochor,13,-2.118,4.784
Monopsis flava,Autochor,4,4.171,2.898
Crepis pannonica,Anemochor,16,-3.27,-2.314
Solanum ammophilum,Autochor,8,16.045,6.777
Tarenna grandiflora,Zoochor,16,-0.107,5.576
Delphinium scaposum,Anemochor,2,0.928,2.043
Inocarpus fagifer,Zoochor,5,-2.302,3.819
Tassadia guianensis,Anemochor,6,-3.811,6.163
Microseris elegans,Anemochor,15,0.994,3.333
Asplenium hallbergii,Anemochor,9,8.091,3.005
Adiantum dolosum,Anemochor,9,0.24,4.687
Pyrrocoma lanceolata,Anemochor,1,0.971,2.836
Chascolytrum rufum,Autochor,9,-1.492,4.306
Cariniana rubra,Anemochor,13,-0.101,4.667
Ctenitis grisebachii,Anemochor,3,4.649,5.769
Prestonia guatemalensis,Anemochor,9,-4.029,4.54
Solanum jubae,Autochor,2,3.877,6.087
Weinmannia pinnata,Anemochor,1,-0.556,3.266
Solanum citrinum,Autochor,13,0.716,3.327
Brachysola coerulea,Autochor,16,2.81,5.713
Clusia dixonii,Zoochor,1,14.083,3.361
Cienfuegosia ulmifolia,Autochor,16,7.831,5.736
Piper pubisubmarginalum,Zoochor,15,12.146,3.599
Lobelia membranacea,Zoochor,15,3.038,3.535
Salpichroa scandens,Zoochor,13,-0.641,4.084
Downingia yina,Zoochor,12,-0.025,1.241
Akania bidwillii,Zoochor,10,-2.042,3.077
Gahnia insignis,Zoochor,7,-3.426,3.079
Senecio pampeanus,Anemochor,7,5.548,3.542
Siparuna cuspidata,Zoochor,7,-2.278,6.579
Ocotea silvestris,Zoochor,11,1.25,3.356
Coniogramme intermedia,Anemochor,12,3.668,2.175
Besleria comosa,Zoochor,10,0.954,3.473
Leandra coriacea,Zoochor,4,7.577,4.607
Pimelea prostrata,Zoochor,13,-2.78,5.238
Bulbostylis xerophila,Autochor,10,0.389,3.656
Salix aurita,Anemochor,15,-2.167,4.37
Gomphrena celosioides,Autochor,7,8.14,5.977
Neea hermaphrodita,Zoochor,9,1.536,5.099
Cuphea pseudovaccinium,Autochor,2,2.509,3.529
Physostegia virginiana,Anemochor,11,0.082,3.547
Draba altaica,Anemochor,14,-8.651,2.189
Calliandra trinervia,Autochor,10,1.112,4.903
Oxytropis huddelsonii,Zoochor,1,5.75,-1.965
Anthurium nervatum,Zoochor,8,-2.416,4.022
Callistemon viminalis,Anemochor,5,-0.431,3.437
Myriophyllum limnophilum,Autochor,13,-1.664,5.271
Glandularia peruviana,Anemochor,12,6.577,5.362
Dendrocnide excelsa,Zoochor,13,-0.301,2.869
Clitoria laurifolia,Autochor,4,1.557,5.522
Mandevilla pohliana,Anemochor,1,1.562,4.65
Isopogon mnoraifolius,Anemochor,12,0.374,3.665
Platystemon californicus,Anemochor,14,1.279,2.449
Trophis caucana,Zoochor,8,6.708,5.264
Siphocampylus corymbifer,Autochor,2,-7.249,3.241
Astragalus peruvianus,Nautochor,2,6.061,4.393
Leiocarpa serpens,Anemochor,13,-1.936,2.727
Heliconia ramonensis,Zoochor,1,-5.589,3.202
Byttneria ancistrodonta,Autochor,10,-2.42,5.349
Cryptandra polyclada,Zoochor,5,-2.266,5.715
Clerodendrum involucratum,Autochor,9,-0.134,3.987
Calocephalus multiflorus,Anemochor,11,3.301,5.736
Senecio oxyodontus,Anemochor,5,-1.487,2.826
Brachyotum campanulare,Ombrochor,13,0.891,4.107
Asemeia ignatii,Autochor,9,-1.288,2.908
Bulbine bulbosa,Anemochor,1,1.902,4.319
Siphocampylus convolvulaceus,Autochor,2,1.391,3.062
Eriosema heterophyllum,Autochor,1,0.261,3.74
Paullinia leiocarpa,Anemochor,12,3.164,6.151
Chimonobambusa marmorea,Anemochor,3,4.674,2.454
Deparia conilii,Anemochor,16,3.059,1.743
Horsfordia newberryi,Autochor,13,-0.614,2.022
Pecluma paradiseae,Anemochor,2,0.528,3.882
Impatiens burtonii,Autochor,13,3.172,3.232
Delphinium alpestre,Anemochor,16,0.808,-0.683
Descurainia obtusa,Anemochor,8,1.12,2.547
Pilosella pseudopilosella,Zoochor,3,1.779,1.893
Wimmeria bartlettii,Anemochor,2,-1.972,4.486
Senna bacillaris,Autochor,8,-7.211,6.81
Plectranthus scutellarioides,Autochor,4,-1.713,4.514
Ficus grevei,Zoochor,5,-0.016,3.387
Palicourea petiolaris,Zoochor,1,2.855,3.269
Schindleria densiflora,Anemochor,6,4.006,3.232
Myrcia coumete,Zoochor,13,-1.383,4.837
Lophatherum gracile,Zoochor,2,-13.064,4.38
Sanicula hacquetioides,Zoochor,2,2.268,1.032
Solenogyne bellioides,Zoochor,5,0.641,3.955
Mikania sessilifolia,Anemochor,4,3.453,3.913
Anemia coriacea,Anemochor,10,5.69,4.427
Caesalpinia vesicaria,Autochor,14,0.251,5.615
Senecio eenii,Anemochor,7,0.771,5.05
Calyptranthes densiflora,Zoochor,9,1.156,5.509
Acacia martiusiana,Zoochor,6,4.531,3.714
Bauera sessiliflora,Zoochor,15,-3.156,3.425
Gomphrena perennis,Anemochor,13,0.68,5.388
Lilium maculatum,Anemochor,13,3.933,2.686
Thalictrum alpinum,Anemochor,2,-4.351,-4.85
Salvia wagneriana,Autochor,1,-5.723,3.295
Symplocos panamensis,Zoochor,3,3.178,4.189
Cuscuta umbellata,Autochor,10,2.343,3.828
Lycopus americanus,Autochor,2,0.199,2.997
Bromus himalaicus,Zoochor,3,-4.325,0.608
Peperomia oerstedii,Zoochor,15,-9.2,3.463
Stachytarpheta cayennensis,Autochor,7,3.078,5.453
Cheilanthes pruinata,Anemochor,4,-0.421,1.559
Juniperus scopulorum,Zoochor,2,1.153,1.5
Gentiana angustifolia,Anemochor,2,0.496,1.653
Eucalyptus occidentalis,Anemochor,12,-2.184,5.791
Frasera albicaulis,Autochor,14,-0.367,2.242
Cryptocarya chinensis,Zoochor,1,4.659,2.91
Cardamine africana,Autochor,11,-2.836,3.305
Boronia pilosa,Autochor,2,-1.84,3.948
Aristolochia labiata,Autochor,11,-0.096,3.651
Franklandia fucifolia,Autochor,4,-2.115,5.851
Lycianthes acidochondra,Zoochor,10,-1.098,3.861
Peperomia versicolor,Zoochor,10,1.439,3.484
Salvia subincisa,Autochor,4,-1.287,2.655
Jefea pringlei,Zoochor,4,-7.209,3.591
Vernonanthura westiniana,Anemochor,14,0.336,3.171
Chromolaena oxylepis,Anemochor,9,1.644,4.235
Solidago macrophylla,Anemochor,2,-0.963,-0.569
Serjania elegans,Anemochor,3,6.527,4.369
Atriplex australasica,Anemochor,3,-0.419,4.433
Smyrnium perfoliatum,Hemerochor,10,1.207,2.376
Tristemma littorale,Autochor,12,-0.758,5.34
Bidens holstii,Zoochor,4,-10.207,4.265
Fimbristylis cymosa,Anemochor,16,0.722,5.503
Quercus corrugata,Zoochor,6,5.286,3.237
Mimosa irrigua,Autochor,10,-2.346,3.209
Thysanotus tenellus,Zoochor,8,0.475,5.232
Pavetta stenosepala,Zoochor,5,-0.131,4.196
Piptocarpha axillaris,Anemochor,8,2.994,3.723
Psychotria nautensis,Zoochor,12,-11.329,7.167
Clidemia setosa,Anemochor,2,-2.906,3.74
Corydalis gortschakovii,Zoochor,15,1.141,1.145
Thaumastochloa monilifera,Autochor,16,-5.287,5.912
Calostemma purpureum,Nautochor,16,3.541,5.314
Prospero obtusifolium,Anemochor,8,2.303,3.781
Salix cascadensis,Anemochor,10,1.399,0.641
Inga microcoma,Zoochor,7,2.174,7.09
Notholaena californica,Anemochor,4,7.456,4.208
Uncaria tomentosa,Nautochor,12,-0.413,6.528
Anthurium talmonii,Zoochor,8,-5.55,3.704
Solidago speciosa,Anemochor,9,0.521,4.742
Tournefortia johnstonii,Zoochor,11,0.758,3.48
Brodiaea californica,Anemochor,2,-0.718,2.429
Manihot esculenta,Autochor,14,-0.567,5.279
Galium boreale,Autochor,13,1.26,2.998
Layia glandulosa,Anemochor,11,1.012,2.205
Duguetia flagellaris,Zoochor,14,-3.179,5.487
Scleria schiedeana,Autochor,1,3.387,3.188
Wettinia augusta,Zoochor,15,4.217,6.555
Bidens aurea,Zoochor,3,0.217,3.253
Cordia trachyphylla,Autochor,11,-3.711,6.084
Myrcia rosangelae,Zoochor,3,-5.526,5.137
Physena sessiliflora,Autochor,7,-0.543,5.023
Phacelia arizonica,Anemochor,10,0.784,2.5
Chamaesyce fendleri,Autochor,13,0.19,3.76
Aristolochia baetica,Autochor,15,1.037,2.945
Portulaca quadrifida,Autochor,7,-1.354,5.808
Mikania elliptica,Anemochor,7,0.7,3.534
Pseudogynoxys cummingii,Anemochor,8,-3.727,4.441
Galipea ciliata,Autochor,3,6.264,5.657
Asclepias erosa,Anemochor,11,-0.691,2.727
Phyllanthus compressus,Autochor,6,6.158,5.292
Bahiopsis lanata,Zoochor,1,-5.448,3.893
Plantago arborescens,Zoochor,4,1.84,3.843
Achimenes fimbriata,Autochor,10,2.243,3.154
Angelica venenosa,Autochor,9,0.965,4.115
Bertya pedicellata,Zoochor,1,0.71,4.238
Urera glabriuscula,Zoochor,6,-10.395,4.14
Pteris werneri,Anemochor,13,-2.523,3.233
Baccharis lymanii,Anemochor,7,9.999,4.019
Sibara angelorum,Anemochor,2,1.149,5.035
Ranunculus nodiflorus,Zoochor,3,0.554,2.113
Coccoloba acapulcensis,Autochor,6,1.592,4.886
Tritonia karooica,Autochor,9,-0.4,3.929
Sporobolus atrovirens,Autochor,16,-0.873,3.538
Libocedrus bidwillii,Zoochor,14,-2.747,4.604
Echinacea sanguinea,Anemochor,4,11.769,6.116
Nymphaea violacea,Autochor,3,4.073,6.926
Linospadix albertisianus,Zoochor,5,-5.697,3.487
Polygala microphylla,Autochor,13,0.045,2.805
Huodendron biaristatum,Zoochor,15,1.736,2.714
Taxodium mucronatum,Nautochor,9,-0.919,2.988
Procris crenata,Zoochor,15,1.817,3.794
Ajuga sinuata,Zoochor,13,-0.502,2.67
Calochortus fuscus,Autochor,2,7.031,3.168
Pycnophyllum bryoides,Zoochor,9,-4.068,3.627
Staberoha aemula,Autochor,7,-0.079,3.536
Darwinia grandiflora,Zoochor,2,1.025,2.932
Atriplex corrugata,Anemochor,14,0.898,2.033
Philodendron fibrillosum,Zoochor,5,2.346,4.913
Talinum caffrum,Autochor,5,0.169,4.321
Clerodendrum tomentosum,Autochor,16,4.708,4.982
Burmeistera glauca,Autochor,1,10.259,3.392
Themistoclesia smithiana,Autochor,5,5.331,3.012
Actephila excelsa,Autochor,8,1.587,5.08
Arceuthobium globosum,Autochor,7,2.282,2.966
Poa binata,Anemochor,5,0.285,2.838
Salvia nipponica,Autochor,1,1.75,2.134
Sedella pumila,Anemochor,10,1.279,2.408
Carex pichinchensis,Autochor,6,-1.5,3.138
Tetrapogon tenellus,Autochor,3,3.313,7.079
Cryptocarya transversa,Zoochor,9,-2.268,3.17
Sporobolus fertilis,Autochor,1,3.017,2.735
Puccinellia arctica,Hemerochor,7,-7.099,-13.022
Lycianthes nitida,Zoochor,16,-2.463,4.385
Ceanothus sanguineus,Anemochor,13,0.71,2.702
Diamorpha smallii,Anemochor,6,2.433,4.751
Galeopsis pubescens,Zoochor,14,1.909,3.34
Combretum paraguariense,Anemochor,14,-0.551,5.766
Chlorospatha longipoda,Autochor,7,12.507,4.03
Sabal yapa,Zoochor,9,-0.566,5.498
Licania bracteata,Zoochor,2,-10.945,7.715
Ranunculus hyperboreus,Zoochor,10,-2.942,-2.932
Leretia cordata,Zoochor,15,-0.055,6.223
Sinningia aghensis,Anemochor,2,-1.123,3.089
Piper holdridgeanum,Zoochor,8,1.607,4.311
Oxera robusta,Zoochor,16,-0.531,3.84
Tetraulacium veroniciforme,Autochor,5,-0.133,4.707
Gayophytum diffusum,Anemochor,6,0.272,1.426
Mimosa minutifolia,Autochor,10,-0.064,3.041
Dicranostigma leptopodum,Anemochor,1,2.647,2.946
Blechnum werckleanum,Anemochor,8,1.724,3.741
Stylidium schizanthum,Autochor,10,-1.584,5.382
Tradescantia hirta,Autochor,15,0.481,3.198
Sannantha leratii,Zoochor,1,-0.428,3.699
Astragalus danicus,Autochor,2,-1.455,3.146
Campylospermum dependens,Zoochor,5,-1.635,3.206
Endlicheria robusta,Zoochor,16,2.016,5.96
Achillea arabica,Anemochor,8,3.646,1.906
Bactris glassmanii,Zoochor,8,-2.702,5.605
Cissus pulcherrima,Autochor,8,10.905,5.369
Cryptantha nevadensis,Zoochor,2,-2.037,2.532
Muhlenbergia bushii,Zoochor,4,6.053,4.368
Ayapanopsis cuchabensis,Anemochor,9,-3.649,3.272
Allium cyathophorum,Anemochor,1,1.977,2.102
Pycnandra decandra,Zoochor,8,9.531,4.377
Doliocarpus spraguei,Zoochor,15,1.306,6.428
Forsskaolea angustifolia,Zoochor,12,-0.105,5.369
Dianella amoena,Zoochor,8,-1.336,3.647
Solanum echidnaeforme,Autochor,14,3.094,2.728
Pauridiantha talbotii,Zoochor,11,-10.385,4.075
Rosa gymnocarpa,Zoochor,3,-2.098,0.33
Unonopsis stipitata,Zoochor,10,-1.788,5.723
Coussarea talamancana,Anemochor,1,-9.492,3.412
Arcytophyllum capitatum,Anemochor,4,0.874,2.734
Palicourea gomezii,Zoochor,16,-2.939,3.865
Agrostis turrialbae,Anemochor,14,-0.931,3.494
Berkheya decurrens,Autochor,1,-1.82,2.893
Schoenobiblus crassisepala,Zoochor,16,2.391,5.644
Suaeda palmeri,Anemochor,13,0.168,2.895
Bakeridesia exalata,Anemochor,9,-0.109,3.123
Elaphoglossum macrophyllum,Anemochor,13,-0.216,2.907
Hypolytrum longifolium,Autochor,12,0.674,6.918
Glossoloma bolivianum,Anemochor,9,5.307,3.854
Pisonia ambigua,Zoochor,4,4.902,4.771
Leersia lenticularis,Zoochor,7,6.491,5.946
Oxalis sellowii,Autochor,3,7.031,5.643
Dyckia tuberosa,Anemochor,11,1.325,3.776
Coptis trifolia,Zoochor,4,-2.707,-5.564
Verbena pinetorum,Anemochor,7,9.115,2.761
Taraxacum mongolicum,Anemochor,4,-1.731,-6.038
Sporobolus pungens,Autochor,13,1.44,3.265
Panicum aquaticum,Anemochor,4,3.368,5.296
Micromyrtus sessilis,Zoochor,8,1.334,4.581
Sindechites henryi,Anemochor,2,4.223,2.705
Rhizophora mucronata,Nautochor,1,0.912,4.487
Gentiana panthaica,Anemochor,5,3.402,2.45
Mimosa emoryana,Autochor,16,3.163,3.297
Mikania phaeoclados,Anemochor,1,1.189,3.26
Orlaya grandiflora,Hemerochor,14,1.031,3.349
Mascagnia bierosa,Anemochor,6,3.263,4.582
Antrophyum semicostatum,Anemochor,13,0.108,2.655
Columnea rosea,Anemochor,7,-10.275,6.238
Veronica catenata,Zoochor,12,-1.087,3.946
Senecio laevigatus,Anemochor,1,0.816,3.677
Senecio aquaticus,Anemochor,16,-0.414,3.436
Veronica pulvinaris,Zoochor,14,-2.955,5.119
Salix bonplandiana,Anemochor,13,-1.031,2.575
Elaphoglossum rubescens,Anemochor,11,-0.101,4.096
Psychotria graciliflora,Zoochor,2,1.753,4.778
Erica canaliculata,Autochor,7,0.26,3.346
Ludovia integrifolia,Zoochor,6,-0.877,4.23
Hymenophyllum melanosorum,Anemochor,5,3.641,3.244
Barringtonia asiatica,Nautochor,10,-1.208,4.037
Circaea erubescens,Zoochor,1,1.591,2.042
Catopsis berteroniana,Anemochor,15,6.657,5.274
Felicia merxmuelleri,Anemochor,15,2.883,3.63
Cestrum humboldtii,Zoochor,15,-18.542,3.464
Lundia helicocalyx,Anemochor,14,0.072,5.181
Aspidosperma desmanthum,Anemochor,6,0.378,5.99
Crepis occidentalis,Anemochor,6,1.17,2.147
Carex albursina,Autochor,9,0.138,4.24
Ocotea argyrophylla,Zoochor,3,-13.246,8.374
Leptocarydion vulpiastrum,Autochor,13,-2.521,4.559
Eremophila tetraptera,Zoochor,12,12.848,6.588
Alstroemeria longistaminea,Autochor,5,0.028,3.557
Plantago indica,Hemerochor,3,6.48,4.541
Fraxinus sieboldiana,Anemochor,2,3.476,1.936
Arctotis erosa,Anemochor,7,3.99,4.2
Weinmannia auriculifera,Anemochor,8,7.534,3.186
Viola macloskeyi,Zoochor,5,0.364,2.995
Pentagonia nuciformis,Autochor,1,-3.928,3.327
Lessertia frutescens,Nautochor,2,-0.342,3.292
Muhlenbergia bushii,Zoochor,10,3.11,4.937
Cuphea annulata,Autochor,4,-12.525,8.486
Rumex confertus,Zoochor,13,-0.799,4.641
Attalea racemosa,Zoochor,11,-5.034,7.988
Eriogonum sphaerocephalum,Anemochor,14,0.597,2.28
Trattinnickia peruviana,Zoochor,14,0.599,5.66
Mucronea californica,Zoochor,1,1.864,2.837
Litsea acutivena,Zoochor,9,4.187,2.577
Styrax redivivus,Zoochor,7,26.494,2.415
Carex ivanoviae,Autochor,3,-0.209,-1.048
Sesbania drummondii,Autochor,1,3.774,5.179
Prostanthera cineolifera,Autochor,7,0.442,3.017
Himalaiella albescens,Anemochor,7,4.565,1.133
Conostegia polyandra,Zoochor,4,-4.09,8.105
Erica labialis,Autochor,5,-1.366,3.278
Swartzia argentea,Zoochor,1,-3.04,6.686
Alexgeorgea nitens,Autochor,11,1.21,5.634
Saussurea stella,Anemochor,12,-3.003,0.177
Adesmia spinosissima,Chamaechor,9,-2.551,3.4
Oxandra xylopioides,Zoochor,4,2.272,9.352
Calandrinia pickeringii,Anemochor,2,0.389,4.203
Astrocaryum chambira,Zoochor,8,-6.064,8.369
Solanum rixosum,Autochor,13,-0.112,2.477
Cyphostemma simulans,Zoochor,11,0.631,3.192
Diastatea tenera,Autochor,14,0.301,3.093
Eichhornia diversifolia,Autochor,1,2.753,5.645
Cenchrus nervosus,Anemochor,5,4.778,5.558
Erica eustacei,Autochor,10,-0.321,2.675
Dendrophorbium longilinguae,Anemochor,2,11.625,5.596
Licaria armeniaca,Zoochor,13,-1.559,5.026
Astragalus sesquiflorus,Nautochor,13,-0.007,2.214
Trisetum clarkei,Anemochor,12,2.628,-0.552
Waltheria brachypetala,Autochor,6,0.688,4.284
Parkinsonia aculeata,Nautochor,4,18.698,5.872
Crinum venosum,Anemochor,8,4.337,6.72
Melaleuca nesophila,Anemochor,8,-1.174,4.43
Sclerochloa dura,Zoochor,4,3.249,3.131
Ilex micrococca,Zoochor,1,3.364,2.464
Dodonaea amblyophylla,Zoochor,4,3.551,5.982
Sorghastrum incompletum,Anemochor,7,-4.541,5.812
Sabazia multiradiata,Anemochor,15,-1.965,3.128
Eschweilera rufifolia,Zoochor,14,-6.113,6.356
Quercus subspathulata,Zoochor,16,0.752,3.47
Yucca schidigera,Zoochor,16,2.025,2.589
Solanum jucundum,Autochor,2,-1.725,5.278
Socratea rostrata,Zoochor,4,-8.173,4.491
Melampodium paniculatum,Zoochor,16,-0.583,4.058
Angophora costata,Anemochor,12,0.219,3.84
Ficus armitii,Zoochor,3,-12.803,5.167
Crataegus aquacervensis,Zoochor,6,0.274,1.162
Hyparrhenia anamesa,Autochor,5,-0.374,3.799
Bertya rosmarinifolia,Zoochor,2,0.08,2.739
Astragalus idrietorum,Nautochor,12,5.646,4.748
Coptis laciniata,Zoochor,8,0.162,1.301
Lactuca orientalis,Zoochor,3,6.342,0.856
Ambrosia tomentosa,Hemerochor,14,0.419,2.994
Actephila sessilifolia,Autochor,9,2.073,2.779
Wahlenbergia annularis,Anemochor,9,0.414,3.045
Sorghum intrans,Zoochor,3,-1.921,8.225
Arcytophyllum capitatum,Anemochor,8,0.124,2.925
Guettarda platypoda,Zoochor,12,-0.057,5.058
Solanum stenandrum,Autochor,11,-2.16,3.31
Medinilla viguieri,Anemochor,16,-2.094,3.531
Melica scabrosa,Anemochor,2,0.548,1.392
Nicotiana quadrivalvis,Anemochor,16,1.132,2.66
Castilleja campestris,Anemochor,10,0.845,2.805
Androsace rigida,Anemochor,2,-0.821,1.552
Porophyllum scoparium,Anemochor,4,5.391,3.802
Heliotropium foliosissimum,Autochor,16,1.014,3.794
Xylophragma seemannianum,Anemochor,7,1.528,6.437
Xylopia spruceana,Zoochor,7,-19.713,6.965
Cuphea hookeriana,Autochor,5,-2.134,2.813
Gentianothamnus madagascariensis,Anemochor,1,-0.374,2.907
Geranium albiflorum,Autochor,14,0.025,0.398
Goodenia virgata,Zoochor,14,6.193,5.755
Haplophyton crooksii,Zoochor,11,3.908,3.113
Rothmannia whitfieldii,Zoochor,11,1.086,5.742
Caloncoba welwitschii,Zoochor,12,4.824,6.235
Litsea connorsii,Zoochor,3,22.544,3.432
Asclepias brachystephana,Anemochor,9,1.058,2.992
Eremophila bowmanii,Zoochor,8,17.431,6.945
Chaetostoma selagineum,Autochor,15,-3.065,4.645
Buchnera reducta,Autochor,15,0.543,4.59
Cordia cylindrostachya,Autochor,13,1.663,3.408
Pentabrachion reticulatum,Zoochor,16,2.327,5.412
Peritassa hatschbachii,Zoochor,5,1.543,4.525
Renealmia thyrsoidea,Zoochor,2,-5.835,5.65
Begonia angustiloba,Autochor,2,0.109,3.317
Leucadendron comosum,Anemochor,7,0.455,2.851
Phebalium lowanense,Autochor,8,2.826,5.321
Robbrechtia grandifolia,Autochor,11,-12.039,3.174
Quiina cruegeriana,Zoochor,11,-6.127,5.683
Viola obtusa,Zoochor,15,2.613,2.326
Capillipedium spicigerum,Anemochor,10,0.181,3.648
Elatostema macintyrei,Zoochor,3,8.447,4.419
Solanum violaceum,Autochor,15,3.28,3.641
Serjania inscripta,Anemochor,15,0.106,7.01
Eschweilera aguilarii,Zoochor,5,-4.223,3.242
Drosera microphylla,Autochor,16,-1.089,5.148
Jatropha macrorhiza,Autochor,4,-0.557,3.104
Lophostemon suaveolens,Nautochor,12,-1.194,4.532
Phyllanthus subemarginatus,Autochor,14,-0.642,3.036
Hymenophyllum villosum,Anemochor,11,-2.884,4.638
Ctenium chapadense,Anemochor,1,2.367,4.153
Podocarpus novae-caledoniae,Zoochor,2,6.082,3.582
Melica imperfecta,Anemochor,2,2.225,2.472
Nidularium marigoi,Anemochor,12,5.024,3.136
Paropsia humblotii,Zoochor,7,-7.179,3.668
Iris domestica,Autochor,13,5.204,2.329
Oedera capensis,Anemochor,8,0.672,3.722
Saussurea americana,Anemochor,12,-0.912,-1.555
Psychotria geophylax,Zoochor,3,-17.419,4.765
Psychotria holtzii,Zoochor,7,5.417,6.824
Lasiacis oaxacensis,Anemochor,7,-1.44,4.465
Besleria aggregata,Zoochor,5,-7.044,5.406
Tillandsia biflora,Anemochor,1,-17.492,3.34
Eucalyptus urnigera,Anemochor,13,-1.546,3.362
Eucalyptus glaucina,Anemochor,14,-1.179,3.145
Croton tricolor,Autochor,7,1.376,4.558
Tillandsia streptophylla,Anemochor,8,0.769,7.058
Abutilon otocarpum,Anemochor,15,9.168,6.235
Salvia elegans,Autochor,9,-0.785,2.93
Cardamine microphylla,Autochor,7,-1.285,-13.766
Helictochloa murcica,Zoochor,2,1.6,2.761
Critonia hospitalis,Anemochor,3,-0.02,4.956
Chaetocarpus africanus,Zoochor,9,-0.513,4.699
Pulicaria vulgaris,Nautochor,13,0.054,4.876
Cryptocarya gracilis,Zoochor,12,1.847,4.212
Sicyos galeottii,Zoochor,3,0.264,4.275
Drypetes capuronii,Autochor,7,-2.936,4.22
Blandfordia grandiflora,Autochor,5,-0.309,3.313
Rhodostemonodaphne crenaticupula,Zoochor,13,-3.665,5.138
Sanguisorba filiformis,Autochor,2,12.475,1.911
Veronica eriogyne,Zoochor,12,2.126,-0.232
Medusantha martiusii,Autochor,15,0.212,3.571
Eriogonum novonudum,Anemochor,8,10.359,0.293
Linum flagellare,Anemochor,1,0.711,2.836
Triteleia crocea,Anemochor,8,0.134,1.532
Cheilanthes wrightii,Anemochor,5,6.362,2.322
Scleria depressa,Autochor,6,-3.368,5.555
Sesbania cannabina,Autochor,15,5.353,5.969
Mandevilla hirsuta,Anemochor,10,1.002,4.795
Plantago major,Zoochor,4,-4.425,3.06
Allium forrestii,Anemochor,12,-2.316,0.708
Heliconia episcopalis,Zoochor,3,2.961,7.31
Nemacladus rigidus,Autochor,7,-0.769,1.06
Melicope vitiflora,Autochor,16,-7.768,4.522
Vachellia cornigera,Anemochor,12,1.183,6.395
Sarcopyramis napalensis,Autochor,12,0.3,2.352
Echinolaena gracilis,Autochor,9,0.6,4.884
Hypericum sampsonii,Zoochor,14,3.148,2.478
Terminalia virens,Anemochor,14,-11.47,5.78
Corynephorus fasciculatus,Autochor,4,0.923,2.882
Dalea sericea,Anemochor,13,-4.067,2.899
Rhynchanthera gardneri,Autochor,1,3.924,5.639
Chromolaena pharcidodes,Anemochor,6,3.841,3.491
Paralychnophora harleyi,Autochor,15,-3.644,3.243
Daphnopsis racemosa,Zoochor,12,2.94,4.636
Antennaria argentea,Anemochor,13,-0.39,2.603
Ardisia sieboldii,Zoochor,3,3.791,3.38
Brickellia monocephala,Anemochor,2,1.596,3.083
Carex pensylvanica,Autochor,1,-0.612,4.334
Claytonia sarmentosa,Ombrochor,16,-0.627,-8.494
Dorstenia tenuis,Zoochor,6,0.407,3.943
Paspalum lentiginosum,Autochor,16,4.93,4.368
Aponogeton euryspermus,Autochor,6,-0.036,5.622
Sida everistiana,Autochor,6,4.293,5.593
Angelonia integerrima,Autochor,2,3.471,5.341
Carica microcarpa,Zoochor,5,-0.448,5.465
Gentiana nipponica,Anemochor,2,2.663,0.998
Solanum atropurpureum,Autochor,15,4.151,4.818
Oxytropis multiceps,Zoochor,12,1.602,0.683
Corymbia ferriticola,Anemochor,16,10.673,6.483
Myrciaria plinioides,Zoochor,10,-0.314,2.974
Panicum cinctum,Anemochor,11,0.947,3.14
Elaphoglossum styriacum,Anemochor,10,-1.391,5.328
Calochortus plummerae,Autochor,5,3.516,2.666
Penstemon virens,Anemochor,5,1.28,2.051
Ormosia macrophylla,Zoochor,15,-0.94,6.723
Elaeodendron schweinfurthianum,Anemochor,9,-0.356,4.672
Oenothera macrosceles,Autochor,8,4.557,3.643
Osmunda regalis,Anemochor,16,-0.396,3.731
Dictyanthus hamatus,Anemochor,9,1.797,2.834
Cneorum tricoccon,Zoochor,1,1.361,3.628
Micraira subspicata,Anemochor,9,-3.947,5.267
Eriogonum batemanii,Anemochor,5,0.749,1.784
Catalpa ovata,Anemochor,12,2.262,2.379
Smilax riparia,Zoochor,4,2.389,1.4
Henriettea lasiostylis,Zoochor,8,-14.115,8.266
Passiflora amoena,Zoochor,13,-2.068,3.89
Eucalyptus beaniana,Anemochor,6,0.802,4.626
Eleocharis tuberculosa,Autochor,15,4.015,5.161
Hakea chordophylla,Anemochor,7,10.847,6.975
Salvia patens,Autochor,1,1.409,3.11
Calystegia purpurata,Autochor,13,1.302,2.831
Lasiopetalum macrophyllum,Zoochor,6,-1.747,3.383
Sabicea brachycalyx,Zoochor,3,5.516,7.177
Taraxacum ceratophorum,Anemochor,6,-3.362,-4.469
Pilosella glomerata,Zoochor,13,1.869,2.762
Anemopaegma acutifolium,Anemochor,12,4.778,4.979
Aconitum tatewakii,Hemerochor,3,3.632,-1.095
Carthamus creticus,Zoochor,6,2.443,2.459
Psacalium radulifolium,Anemochor,1,-2.575,3.012
Psychotria mexiae,Zoochor,7,-2.21,4.11
Bredia oldhamii,Zoochor,14,3.203,2.725
Lysiana spathulata,Zoochor,11,4.689,5.85
Serjania cardiospermoides,Anemochor,10,-0.339,3.524
Brunsvigia gregaria,Anemochor,9,-0.167,2.811
Sisyrinchium schaffneri,Autochor,16,8.015,3.244
Aristida dominii,Anemochor,4,4.896,7.72
Ranunculus altaicus,Zoochor,3,-6.388,-7.905
Myrsine coriacea,Zoochor,10,0.45,3.449
Prostanthera melissifolia,Autochor,11,-1.329,3.423
Prionosciadium diversifolium,Autochor,14,-0.683,3.088
Caryodaphnopsis burgeri,Zoochor,5,38.391,2.769
Iris tenax,Autochor,4,0.224,1.173
Hieracium impressiforme,Zoochor,8,-2.514,3.487
Indigofera coronillifolia,Autochor,4,3.066,4.047
Sclerolaena tetragona,Anemochor,15,7.545,6.098
Centropogon curvatus,Zoochor,1,2.194,3.795
Pandanus guillaumetii,Zoochor,5,-0.959,2.849
Brickellia veronicifolia,Anemochor,14,0.949,3.043
Epilobium minutiflorum,Anemochor,1,2.401,2.821
Pentaclethra macroloba,Anemochor,12,2.273,7.152
Monardella viridis,Anemochor,1,1.233,2.435
Stephanomeria elata,Anemochor,14,0.983,2.491
Chenopodium opulifolium,Autochor,1,1.702,2.773
Alchornea hirtella,Zoochor,1,2.256,4.135
Austrobuxus brevipes,Zoochor,1,-2.843,4.561
Swartzia submarginata,Zoochor,7,2.441,3.447
Aphelandra lingua-bovis,Autochor,1,-4.141,3.424
Sphenosciadium capitellatum,Zoochor,3,2.786,0.632
Calyptranthes tessmannii,Zoochor,16,-2.611,6.922
Mitrophyllum clivorum,Ombrochor,13,-4.071,2.777
Persea major,Zoochor,8,6.849,4.639
Cleistanthus discolor,Zoochor,4,13.993,4.087
Vochysia pruinosa,Anemochor,7,6.729,4.346
Hieracium plicatum,Zoochor,2,-1.341,0.761
Galium liratum,Zoochor,14,-1.059,2.983
Saxifraga eriophora,Anemochor,6,3.473,2.875
Stereospermum kunthianum,Anemochor,14,-2.38,5.139
Nemophila heterophylla,Anemochor,12,3.156,2.191
Holocheilus hieracioides,Anemochor,8,32.32,8.012
Rumex salicifolius,Zoochor,15,0.805,1.908
Guapira myrtiflora,Zoochor,2,4.205,5.871
Phyllospadix torreyi,Zoochor,1,0.66,2.859
Annona edulis,Zoochor,1,-7.557,5.87
Ricinocarpos cyanescens,Zoochor,13,-2.06,5.833
Dianthus diffusus,Anemochor,5,3.447,2.35
Astragalus leptaleus,Nautochor,6,1.016,0.181
Adenocalymma cymbalum,Anemochor,4,6.179,5.111
Hevea guianensis,Nautochor,15,-2.238,6.43
Dodonaea physocarpa,Zoochor,9,1.045,4.935
Saussurea umbrosa,Anemochor,9,3.251,0.93
Clusia laurifolia,Zoochor,3,-9.855,4.12
Ficus tinctoria,Zoochor,8,4.813,5.297
Calamagrostis koelerioides,Autochor,5,6.836,2.344
Leucadendron uliginosum,Anemochor,4,0.513,3.298
Solanum leucopogon,Autochor,15,0.401,5.969
Viola hookeriana,Zoochor,10,5.905,3.106
Baccharis pingraea,Anemochor,2,4.387,4.468
Tillandsia streptophylla,Anemochor,7,0.489,6.481
Brackenridgea zanguebarica,Zoochor,13,-1.07,3.741
Stachytarpheta frantzii,Autochor,9,0.174,3.732
Hypenia irregularis,Autochor,13,-1.373,3.924
Austrostipa plumigera,Autochor,15,6.379,5.923
Carex bushii,Autochor,16,2.446,4.22
Elaphoglossum hybridum,Anemochor,8,0.301,3.125
Peperomia emarginella,Zoochor,3,-1.246,4.987
Melaleuca calcicola,Anemochor,16,-2.93,5.953
Conyza sumatrensis,Anemochor,4,9.248,4.544
Collomia biflora,Autochor,8,0.095,2.349
Quercus coccolobifolia,Zoochor,14,-3.728,2.791
Ilex lundii,Zoochor,8,7.912,4.256
Senecio arizonicus,Anemochor,11,3.53,2.373
Stachys spreitzenhoferi,Autochor,14,5.064,2.756
Allophylus arboreus,Autochor,15,-1.696,3.714
Geissois montana,Anemochor,2,-2.394,3.081
Idahoa scapigera,Anemochor,1,1.326,2.056
Anadenanthera colubrina,Autochor,14,1.478,4.379
Hakea nodosa,Anemochor,10,-1.75,4.837
Emmenosperma cunninghamii,Anemochor,1,-1.19,4.384
Urera lianoides,Zoochor,13,-0.405,4.463
Hemionitis subcordata,Anemochor,10,0.585,3.063
Dalea carnea,Anemochor,5,4.303,4.853
Camellia pitardii,Anemochor,1,3.094,2.834
Felicia dregei,Anemochor,13,0.374,3.07
Grewia eriocarpa,Autochor,15,3.014,3.944
Sessea brasiliensis,Zoochor,16,1.555,3.199
Croton heterocalyx,Autochor,13,0.481,3.4
Dracocephalum argunense,Zoochor,4,-1.237,-6.896
Ocimum labiatum,Autochor,11,-0.742,3.614
Lepidaploa edmundoi,Anemochor,4,6.106,5.941
Licania leptostachya,Zoochor,2,1.81,6.657
Psittacanthus plagiophyllus,Zoochor,4,4.862,9.124
Christella conspersa,Anemochor,2,2.518,4.551
Symphyotrichum bahamense,Anemochor,12,10.967,7.229
Ternstroemia kwangtungensis,Zoochor,3,7.25,3.333
Globularia alypum,Anemochor,13,1.975,2.464
Perezia coerulescens,Anemochor,3,-0.563,2.258
Solanum polyadenium,Autochor,5,3.396,3.059
Sphedamnocarpus dubardii,Anemochor,3,-2.923,3.9
Deparia pseudoconilii,Anemochor,4,-1.073,1.438
Gonocarpus diffusus,Zoochor,2,-4.082,5.028
Gypsophila vaccaria,Autochor,9,1.343,3.775
Mitrasacme elata,Anemochor,7,-6.082,6.543
Leopoldia weissii,Nautochor,2,2.494,2.616
Melicytus angustifolius,Autochor,6,-1.208,3.481
Lessingianthus grandiflorus,Anemochor,3,6.658,6.114
Elaphoglossum barbatum,Anemochor,15,0.754,4.676
Centaurea sterilis,Zoochor,10,0.94,2.629
Cyphochlaena madagascariensis,Zoochor,3,0.674,5.615
Mesembryanthemum crystallinum,Nautochor,6,2.23,3.932
Moquiniella rubra,Zoochor,8,4.364,3.377
Calceolaria mexicana,Autochor,13,6.79,3.256
Inga setosa,Zoochor,12,10.651,5.644
Thibaudia crenulata,Autochor,13,2.267,3.532
Eragrostis patens,Autochor,2,-0.177,4.973
Leandra hirtella,Zoochor,11,0.245,3.034
Ouratea glaucescens,Zoochor,6,0.822,4.711
Asphodelus albus,Anemochor,2,0.805,2.454
Arabis procurrens,Autochor,6,2.26,1.682
Nassella tenuissima,Zoochor,6,1.65,4.328
Ageratum houstonianum,Hemerochor,9,-0.38,3.525
Luzula banksiana,Zoochor,13,-2.741,5.062
Carlina hispanica,Anemochor,8,1.39,2.624
Chromolaena haenkeana,Anemochor,6,2.783,3.625
Campanula decumbens,Anemochor,1,0.66,2.957
Sorbaria kirilowii,Hemerochor,14,1.786,2.274
Spondias venulosa,Zoochor,8,3.319,4.958
Eremophila homoplastica,Zoochor,12,2.047,5.789
Potalia resinifera,Autochor,7,0.192,7.081
Exostyles venusta,Zoochor,8,8.097,5.213
Sidalcea sparsifolia,Autochor,15,0.89,2.63
Tetraclea coulteri,Autochor,8,4.278,3.856
Croton arnhemicus,Autochor,5,-0.675,4.73
Aloysia gratissima,Autochor,3,9.988,4.761
Hakea obtusa,Anemochor,10,-2.996,5.676
Geonoma maxima,Zoochor,6,-0.705,6.117
Ribes viburnifolium,Zoochor,5,0.732,3.396
Cerbera inflata,Nautochor,9,2.116,2.796
Ambelania duckei,Anemochor,15,2.161,6.166
Portulaca umbraticola,Autochor,16,10.455,4.912
Stachys rothrockii,Autochor,6,1.145,1.81
Plagiocarpus conduplicatus,Nautochor,10,-0.286,5.086
Neopicrorhiza scrophulariiflora,Zoochor,5,5.338,2.844
Arctostaphylos alpina,Anemochor,4,-5.887,-13.807
Digitaria californica,Autochor,15,3.665,3.721
Rhododendron arizelum,Anemochor,4,6.068,1.095
Eucalyptus hallii,Anemochor,16,2.187,4.673
Guatteria goudotiana,Zoochor,10,1.027,3.232
Urochloa pubigera,Autochor,3,2.554,6.714
Dichelostemma capitatum,Anemochor,4,0.781,2.976
Tragopogon brevirostris,Anemochor,15,1.595,1.896
Oenothera wolfii,Autochor,4,-0.049,0.547
Sporobolus macrospermus,Autochor,7,2.635,3.471
Solanum pugiunculiferum,Autochor,3,3.895,8.442
Eschweilera neei,Zoochor,12,-5.21,4.959
Streptochaeta spicata,Autochor,3,6.436,5.678
Dichelachne inaequiglumis,Zoochor,12,-1.478,3.178
Palicourea mamillaris,Zoochor,5,1.479,3.908
Pavonia hexaphylla,Autochor,13,-0.697,4.387
Serpocaulon attenuatum,Anemochor,16,2.823,6.519
Ludia mauritiana,Zoochor,16,2.339,4.71
Lycopodiella contexta,Anemochor,6,-11.651,5.694
Cassipourea microphylla,Nautochor,10,-2.189,3.911
Miconia latecrenata,Zoochor,9,0.507,2.742
Agave shawii,Anemochor,16,1.9,4.403
Botrychium virginianum,Chamaechor,15,-1.312,0.444
Bellevalia romana,Nautochor,15,1.434,2.622
Manulea crassifolia,Anemochor,16,-1.298,2.665
Digitaria minima,Autochor,9,0.388,3.531
Passiflora dispar,Zoochor,15,1.848,3.961
Ocotea javitensis,Zoochor,12,-13.133,6.267
Polypodium scouleri,Anemochor,9,-0.221,2.921
Achatocarpus gracilis,Anemochor,6,0.343,4.065
Conostylis caricina,Autochor,1,-0.584,4.881
Boerhavia xanti,Zoochor,9,1.633,3.292
Nonea pulla,Zoochor,6,-2.192,3.651
Besleria fallax,Zoochor,7,-7.165,3.522
Kohautia subverticillata,Anemochor,2,-2.506,5.234
Castilleja pruinosa,Anemochor,12,0.097,1.577
Lafoensia punicifolia,Anemochor,16,5.823,4.185
Aristida setifolia,Anemochor,16,3.659,5.366
Xanthorrhoea pumilio,Zoochor,8,0.318,4.686
Sabatia quadrangula,Anemochor,4,9.596,6.349
Chomelia pubescens,Zoochor,12,5.837,4.912
Tabebuia stenocalyx,Anemochor,15,-4.62,4.8
Achnatherum speciosum,Zoochor,10,-1.459,2.1
Stachys balansae,Autochor,2,-1.232,0.117
Cayaponia tubulosa,Zoochor,10,0.544,5.347
Perymenium grande,Autochor,14,-0.443,3.151
Piper xanthostachyum,Zoochor,6,0.622,5.646
Convolvulus ocellatus,Autochor,12,1.111,5.88
Cornus glabrata,Zoochor,10,0.939,2.691
Clarkia lassenensis,Anemochor,12,2.393,1.367
Chamaesyce arizonica,Autochor,16,3.287,2.757
Sinochasea trigyna,Anemochor,8,2.85,-0.642
Bonamia dietrichiana,Autochor,11,0.706,3.832
Cardamine glauca,Autochor,3,-1.06,2.332
Carex accrescens,Autochor,6,0.117,-4.709
Oenothera wigginsii,Autochor,13,0.143,2.744
Neoblechnum brasiliense,Anemochor,11,1.265,4.255
Mallotus mollissimus,Zoochor,9,0.828,2.593
Lobelia georgiana,Zoochor,3,8.68,6.496
Erica arborea,Autochor,3,1.809,2.263
Ziziphus leucodermis,Zoochor,16,1.124,4.752
Evolvulus cordatus,Autochor,16,1.353,5.068
Sisyrinchium arizonicum,Autochor,11,-1.289,2.712
Stellaria arenarioides,Anemochor,3,3.819,-0.117
Senna uniflora,Autochor,7,3.248,5.206
Darwinia leptantha,Zoochor,5,-0.529,3.614
Gaultheria myrsinoides,Zoochor,13,-2.376,3.444
Hunteria ballayi,Zoochor,8,3.569,7.214
Licania sandwithii,Zoochor,2,-22.036,6.512
Gouania velutina,Anemochor,3,4.747,6.941
Dicranoglossum polypodioides,Anemochor,5,0.195,4.667
Oocephalus crassifolius,Autochor,14,-0.299,2.976
Erysimum wardii,Autochor,6,-0.059,2.219
Quercus palmeri,Zoochor,2,1.164,2.62
Erigeron corymbosus,Anemochor,3,1.122,-0.676
Cliffortia atrata,Zoochor,10,-0.293,3.63
Oreopanax paramicola,Zoochor,3,-12.502,3.529
Astragalus idrietorum,Nautochor,15,3.525,3.769
Sclerolaena cornishiana,Anemochor,2,10.652,6.294
Tillandsia pseudobaileyi,Anemochor,12,2.513,4.706
Erysimum angustatum,Autochor,12,-3.591,-14.778
Gratiola virginiana,Autochor,7,5.376,5.008
Drosera stolonifera,Autochor,8,-0.502,5.628
Epilobium hirtigerum,Anemochor,16,0.759,3.771
Sophora nuttalliana,Anemochor,16,2.801,4.037
Rolandra fruticosa,Zoochor,5,-1.475,5.043
Philodendron tatei,Zoochor,9,-4.913,3.389
Taraxacum eximium,Anemochor,15,-0.567,1.647
Eriastrum eremicum,Autochor,13,-0.544,1.922
Cayaponia trifoliolata,Zoochor,1,-0.619,3.503
Chylismia claviformis,Anemochor,7,-3.909,2.655
Synthyris pinnatifida,Zoochor,8,1.151,-3.95
Cojoba sophorocarpa,Zoochor,6,-1.548,3.708
Vitex parviflora,Zoochor,9,0.292,3.449
Cybianthus prieurii,Zoochor,14,0.962,5.156
Zygogynum queenslandianum,Zoochor,3,6.18,4.047
Utricularia praetermissa,Autochor,5,4.798,2.924
Ceratostema alatum,Autochor,11,-14.478,3.351
Polystichum manmeiense,Anemochor,12,-2.602,3.214
Armeria gaditana,Anemochor,11,1.01,4.025
Cheilanthes lanosa,Anemochor,8,3.856,3.742
Syzygium apodophyllum,Zoochor,16,11.32,3.151
Grevillea beardiana,Autochor,9,-2.533,5.548
Banksia audax,Anemochor,14,0.11,5.677
Wahlenbergia procumbens,Anemochor,11,-1.746,3.597
Centaurea paniculata,Zoochor,8,0.946,2.26
Coccoloba manzinellensis,Autochor,14,6.027,3.355
Psychotria sadebeckiana,Zoochor,12,-30.311,4.105
Galium ephedroides,Zoochor,13,-0.856,2.051
Cheiranthera borealis,Zoochor,12,1.767,4.092
Blumea formosana,Anemochor,11,4.579,2.951
Ilex sessiliflora,Zoochor,13,0.457,3.546
Noronhia myrtoides,Zoochor,5,1.864,3.198
Chionanthus retusus,Zoochor,12,4.019,3.293
Rosa pisocarpa,Zoochor,1,1.304,2.304
Ranunculus scapiger,Zoochor,4,-1.189,2.172
Celmisia haastii,Autochor,12,-3.188,5.065
Paullinia seminuda,Anemochor,7,1.338,3.292
Pityrodia pungens,Autochor,14,-1.801,4.985
Thelypodiopsis aurea,Hemerochor,10,1.423,2.471
Bocageopsis multiflora,Zoochor,4,-6.89,9.01
Botrychium pinnatum,Chamaechor,9,1.137,1.763
Anthocleista grandiflora,Autochor,2,0.7,3.415
Xyris witsenioides,Autochor,15,-7.471,3.856
Fagraea berteroana,Autochor,14,-5.103,3.73
Cordia stellifera,Zoochor,12,-0.108,6.995
Parnassia delavayi,Anemochor,3,9.249,2.844
Bidens squarrosa,Zoochor,14,0.366,4.165
Brassica cretica,Autochor,11,3.029,2.792
Paullinia tarapotensis,Anemochor,13,-1.057,4.926
Alepis flavida,Zoochor,12,-2.835,4.308
Erigeron cervinus,Anemochor,8,13.177,1.239
Liatris punctata,Anemochor,9,0.491,4.571
Faramea luteovirens,Zoochor,3,-9.022,5.092
Panicum incomtum,Anemochor,16,4.781,4.143
Ledum palustre,Autochor,7,-4.35,-9.185
Tectaria lizarzaburui,Anemochor,12,4.049,5.044
Olearia passerinoides,Autochor,3,2.05,5.714
Hackelia diffusa,Zoochor,8,0.528,-0.559
Miconia eriodonta,Zoochor,6,-0.802,6.192
Sorghum versicolor,Zoochor,4,-0.46,6.738
Stipa lessingiana,Anemochor,14,0.825,4.089
Dieffenbachia humilis,Zoochor,16,4.774,6.879
Kielmeyera variabilis,Anemochor,15,0.93,3.869
Potentilla saundersiana,Zoochor,6,2.073,1.341
Pavetta hookeriana,Zoochor,13,0.414,3.274
Machilus pauhoi,Zoochor,12,2.54,2.592
Phoradendron libocedri,Zoochor,10,0.979,2.214
Lobelia nummularioides,Zoochor,11,1.988,4.792
Abronia latifolia,Zoochor,7,-0.9,1.919
Ledum groenlandicum,Autochor,6,-1.077,-2.64
Carex suberecta,Autochor,4,0.23,3.545
Miconia cretacea,Zoochor,8,7.251,4.075
Laserpitium peucedanoides,Autochor,10,-0.66,3.423
Podanthus mitiqui,Anemochor,13,-0.878,2.815
Gordonia fruticosa,Anemochor,11,1.047,3.446
Phlox caespitosa,Zoochor,14,0.045,1.615
Miconia corallina,Zoochor,7,3.004,3.376
Polypodium segregatum,Anemochor,1,22.339,3.404
Astragalus nutans,Nautochor,3,-1.963,3.095
Hymenocallis occidentalis,Autochor,14,2.338,5.489
Antennaria solitaria,Anemochor,1,2.242,4.43
Solanum dillonii,Autochor,8,52.091,3.351
Syagrus flexuosa,Zoochor,7,4.349,5.474
Ranunculus pumilio,Zoochor,7,2.594,4.426
Salvia aethiopis,Autochor,13,1.067,3.543
Amphilophium blanchetii,Anemochor,5,2.558,3.971
Sorindeia juglandifolia,Zoochor,12,3.731,6.096
Sideroxylon capiri,Zoochor,8,3.234,4.634
Bupleurum bicaule,Autochor,7,1.294,-4.124
Stylidium pedunculatum,Autochor,8,-1.461,6.529
Thymus fontqueri,Zoochor,2,1.069,2.103
Chaetosciadium trichospermum,Zoochor,12,4.889,5.363
Sphenopholis nitida,Autochor,4,2.913,3.202
Nephrolepis cordifolia,Anemochor,4,4.905,4.498
Stephanomeria thurberi,Anemochor,11,-1.668,2.054
Hybanthus atropurpureus,Autochor,12,13.707,5.766
Trichosanthes subvelutina,Autochor,11,-0.567,3.501
Commelina nyasensis,Autochor,5,-0.321,3.61
Afroligusticum linderi,Zoochor,2,1.823,4.139
Hechtia guatemalensis,Anemochor,5,4.915,2.773
Saxifraga exarata,Anemochor,10,3.438,1.972
Melaleuca leuropoma,Anemochor,4,-1.999,6.389
Boronia coerulescens,Autochor,11,-0.476,5.648
Hackelia uncinata,Zoochor,6,4.027,1.959
Filifolium sibiricum,Anemochor,4,1.634,-6.929
Baeckea imbricata,Zoochor,7,0.639,3.46
Crassula natans,Anemochor,5,0.471,3.559
Erythroxylum cuspidifolium,Zoochor,6,0.658,3.403
Palicourea grandistipula,Zoochor,11,-1.859,4.127
Sticherus remotus,Anemochor,9,-2.318,4.571
Pyrrocoma racemosa,Anemochor,11,0.93,2.302
Clibadium surinamense,Anemochor,15,-3.081,5.002
Euryomyrtus leptospermoides,Zoochor,8,3.47,5.82
Cordia taguahyensis,Autochor,3,3.765,4.621
Oxypetalum arnottianum,Anemochor,4,10.719,4.798
Acacia hexaneura,Zoochor,3,0.581,5.479
Eucalyptus polyanthemos,Anemochor,6,0.273,3.155
Centrosolenia densa,Autochor,4,6.656,7.804
Cardamine pratensis,Autochor,13,1.277,2.357
Pilosella dubia,Zoochor,12,-1.552,0.88
Juncus vaginatus,Anemochor,6,0.378,2.854
Clematis pubescens,Anemochor,15,-1.465,5.08
Centella cordifolia,Zoochor,7,-0.56,3.996
Anthurium acutangulum,Zoochor,11,-4.632,4.47
Eremanthus mollis,Anemochor,11,3.191,4.522
Embelia longifolia,Zoochor,4,7.262,3.934
Salvia arbuscula,Autochor,15,1.852,3.431
Aspilia pascalioides,Anemochor,6,3.14,4.802
Lilium columbianum,Anemochor,6,-0.374,1.328
Mimosa xavantinae,Autochor,13,1.152,5.032
Lepidaploa muricata,Anemochor,14,3.112,4.698
Cylicomorpha solmsii,Zoochor,1,1.021,5.644
Arisaema heterophyllum,Zoochor,12,3.65,3.079
Anisodontea triloba,Autochor,12,0.91,3.124
Falcataria moluccana,Anemochor,15,-7.55,4.153
Ficus destruens,Zoochor,6,2.393,2.964
Spathiphyllum grandifolium,Zoochor,7,11.759,4.683
Senna aphylla,Autochor,10,1.122,4.451
Anoda cristata,Autochor,16,2.413,3.766
Byrsonima guilleminiana,Zoochor,2,1.626,4.719
Grevillea trifida,Autochor,11,-3.212,5.394
Anthurium acutangulum,Zoochor,7,-4.869,4.755
Monnina dictyocarpa,Anemochor,10,1.131,4.513
Thelypodium laciniatum,Hemerochor,15,0.804,1.477
Utricularia erectiflora,Autochor,5,0.025,4.826
Elaeocarpus largiflorens,Zoochor,2,5.127,3.063
Piper lepturum,Zoochor,3,1.103,3.487
Pappostipa speciosa,Zoochor,2,-1.206,2.884
Macairea spruceana,Autochor,8,-12.248,7.407
Korthalsia zippelii,Zoochor,10,-1.352,3.222
Allocasuarina littoralis,Anemochor,1,-0.795,3.319
Guichenotia micrantha,Zoochor,13,-1.332,5.767
Pariana trichosticha,Zoochor,16,-11.509,6.906
Verbena pinetorum,Anemochor,16,9.289,2.793
Griffinia nocturna,Autochor,9,1.184,4.496
Solanum uncinellum,Autochor,9,-0.281,4.881
Andryala ragusina,Zoochor,16,0.897,2.629
Cladocolea andrieuxii,Zoochor,11,-10.838,3.434
Babiana cuneata,Autochor,7,-0.202,2.854
Ayenia berlandieri,Autochor,16,-15.161,3.958
Hirtella martiana,Zoochor,7,-0.173,4.639
Melilotus officinalis,Zoochor,7,-0.018,3.886
Carex amgunensis,Autochor,16,-4.164,-8.214
Herniaria scabrida,Hemerochor,4,0.713,2.428
Tetrastigma obovatum,Zoochor,16,6.532,2.745
Eragrostis fallax,Autochor,12,2.784,6.598
Acalypha brasiliensis,Autochor,1,0.995,3.447
Thysanotus parviflorus,Zoochor,16,-3.019,5.691
Cayaponia martiana,Zoochor,5,1.162,4.635
Anthurium madisonianum,Zoochor,6,11.994,3.234
Guarea humaitensis,Zoochor,14,-4.223,5.828
Conospermum sphacelatum,Autochor,13,0.239,3.455
Carex lophocarpa,Autochor,13,-0.514,4.042
Carex kiotensis,Autochor,12,1.547,1.748
Malvastrum bicuspidatum,Anemochor,9,-0.64,2.623
Cuspidaria pulchella,Anemochor,11,3.16,4.945
Lyonia ovalifolia,Anemochor,1,-0.045,2.392
Mabea standleyi,Zoochor,6,-3.441,5.832
Peperomia trichopus,Zoochor,9,1.249,3.695
Quercus douglasii,Zoochor,1,0.421,2.742
Kohleria spicata,Autochor,4,-0.187,4.704
Corymbia foelscheana,Anemochor,15,-2.493,6.514
Agrimonia parviflora,Zoochor,8,0.91,3.698
Pseudognaphalium pringlei,Anemochor,14,1.42,2.592
Andira inermis,Zoochor,11,2.284,6.34
Cuphea sessilifolia,Autochor,16,2.771,4.848
Andersonia geniculata,Anemochor,14,-4.19,5.498
Pennellia micrantha,Hemerochor,3,2.302,3.148
Gyrostemon ramulosus,Zoochor,10,1.811,5.383
Dichanthelium hebotes,Autochor,15,7.389,4.186
Mikania microptera,Anemochor,4,4.469,7.028
Carpesium scapiforme,Autochor,9,-2.296,2.803
Galenia secunda,Zoochor,9,-0.02,3.476
Sterculia striata,Anemochor,9,0.522,4.749
Trichomanes arbuscula,Anemochor,14,-1.68,5.407
Goniophlebium percussum,Anemochor,8,-1.478,4.824
Stevia monardifolia,Anemochor,1,-0.252,3.12
Helietta puberula,Anemochor,2,14.725,6.752
Senna bauhinioides,Autochor,1,1.045,3.005
Jaumea carnosa,Autochor,13,-0.182,3.289
Comesperma secundum,Anemochor,7,-1.114,5.652
Acmella paniculata,Anemochor,10,2.582,4.647
Paederia grandidieri,Ombrochor,2,0.166,5.168
Peucedanum venetum,Autochor,4,2.634,3.212
Hypecoum torulosum,Anemochor,11,5.762,4.339
Strychnos brachistantha,Zoochor,6,-3.761,5.129
Ouratea flexuosa,Zoochor,3,6.558,8.331
Elaphoglossum longicrure,Anemochor,10,4.695,3.177
Eriogonum sphaerocephalum,Anemochor,16,0.849,1.4
Quercus gravesii,Zoochor,5,4.067,2.792
Myrcia ilheosensis,Zoochor,10,1.061,3.131
Pseudostifftia kingii,Zoochor,8,0.34,3.652
Crassula deltoidea,Anemochor,14,1.511,3.641
Lamium purpureum,Zoochor,5,-0.338,3.744
Gnidia geminiflora,Zoochor,1,1.526,3.129
Bignonia pterocalyx,Anemochor,7,4.797,5.67
Glandularia catharinae,Anemochor,16,-1.269,3.146
Campanula griffinii,Anemochor,12,-0.509,2.624
Diaspasis filifolia,Zoochor,1,-6.442,5.841
Cheilanthes parryi,Anemochor,3,-1.52,2.79
Securidaca calophylla,Anemochor,10,-0.556,5.396
Hypericum kamtschaticum,Zoochor,15,-1.252,1.203
Myriophyllum humile,Autochor,5,-0.661,3.721
Romulea fibrosa,Autochor,15,0.802,3.043
Festuca diffusa,Anemochor,10,1.821,2.562
Pinguicula pumila,Autochor,9,3.266,5.511
Gnephosis uniflora,Anemochor,13,-1.157,5.66
Mesosetum elytrochaetum,Anemochor,12,-46.323,4.354
Canavalia picta,Autochor,14,0.652,4.005
Parthenocissus vitacea,Zoochor,7,1.551,3.5
Couepia belemii,Zoochor,7,2.1,4.659
Kohautia caespitosa,Anemochor,13,0.318,4.134
Brahea brandegeei,Zoochor,2,3.632,3.463
Eriophorum angustifolium,Anemochor,12,-5.513,-7.103
Luzula kjellmaniana,Zoochor,16,-3.297,-10.586
Tephrosia crassifolia,Autochor,10,1.912,3.129
Euryops multifidus,Anemochor,4,5.638,3.987
Chrysactinia pinnata,Anemochor,4,-1.049,4.555
Festuca beckeri,Zoochor,11,-2.541,3.046
Ceropegia cumingiana,Anemochor,3,-3.551,5.467
Mimosa zygophylla,Autochor,2,2.837,3.406
Crinum flaccidum,Anemochor,16,7.841,5.816
Pilea sinofasciata,Autochor,3,2.986,2.269
Sporobolus macrospermus,Autochor,6,1.957,3.229
Gardenia rutenbergiana,Zoochor,12,0.082,4.589
Quiina pteridophylla,Zoochor,11,-0.435,6.249
Tabernaemontana arborea,Zoochor,9,-2.625,3.776
Hypochaeris megapotamica,Anemochor,1,0.613,4.598
Gnaphalium polycaulon,Anemochor,1,4.307,5.071
Anthocleista longifolia,Autochor,7,-4.804,3.922
Psammisia pauciflora,Autochor,4,3.862,4.561
Melittis melissophyllum,Autochor,8,0.932,1.925
Aegiphila obducta,Zoochor,3,2.603,3.483
Astragalus prorifer,Nautochor,3,7.735,3.917
Agrostis blasdalei,Anemochor,7,-2.165,2.598
Abutilon andrieuxii,Anemochor,8,-2.724,4.402
Cordia insignis,Autochor,7,6.717,6.988
Triumfetta viridis,Zoochor,2,-0.091,6.416
Aristida fendleriana,Anemochor,3,1.447,2.474
Myrcia heringii,Zoochor,12,1.219,3.733
Liabum acuminatum,Zoochor,16,12.995,6.017
Cliffortia repens,Zoochor,12,-3.044,2.953
Grewia orbifolia,Autochor,10,0.047,5.311
Amellus tridactylus,Anemochor,10,0.769,4.047
Bunium atlanticum,Hemerochor,11,0.985,2.97
Ruellia bulbifera,Autochor,11,4.476,4.756
Allium clathratum,Anemochor,13,2.257,2.138
Craterispermum cerinanthum,Zoochor,15,2.235,5.9
Solanum bulbocastanum,Zoochor,8,1.429,3.768
Anaxagorea dolichocarpa,Autochor,13,-1.784,4.715
Erythrina americana,Autochor,8,5.633,5.39
Bertya tasmanica,Zoochor,13,-1.299,5.009
Ipomoea splendor-sylvae,Autochor,15,1.386,4.849
Litothamnus ellipticus,Anemochor,3,7.956,5.353
Panphalea smithii,Anemochor,2,0.023,3.605
Hakea persiehana,Anemochor,1,0.676,4.356
Smilax moranensis,Zoochor,2,5.072,3.295
Carex stipata,Autochor,3,-1.104,0.133
Corylus avellana,Zoochor,12,-0.644,2.474
Cucumis myriocarpus,Autochor,2,2.027,4.237
Hyptidendron vauthieri,Autochor,7,5.282,3.403
Veronica gentianoides,Zoochor,7,0.358,0.535
Machaerium inundatum,Anemochor,2,3.411,7.185
Galium sterneri,Zoochor,3,-3.627,2.763
Schizachyrium exile,Anemochor,6,-4.264,6.053
Gutierrezia microcephala,Anemochor,16,2.718,2.837
Bromelia alsodes,Zoochor,1,0.449,4.463
Hymenodictyon occidentale,Nautochor,7,0.712,4.813
Xylopia aromatica,Zoochor,16,4.238,6.494
Atriplex parryi,Anemochor,14,0.422,2.102
Teucrium corymbosum,Autochor,12,0.102,3.279
Cariniana domestica,Anemochor,3,8.361,7.529
Sporobolus buckleyi,Autochor,1,-1.634,5.503
Cybianthus cuatrecasasii,Zoochor,1,0.116,3.505
Micropholis guyanensis,Zoochor,15,0.493,6.236
Betula glandulosa,Anemochor,9,0.488,1.035
Kleinia fulgens,Anemochor,15,0.709,4.907
Rhynchosia filiformis,Autochor,3,7.351,7.251
Phleum paniculatum,Anemochor,6,0.454,2.718
Eucalyptus cameronii,Anemochor,1,-5.034,2.819
Dalea gypsophila,Anemochor,13,3.103,3.036
Erythroxylum grandifolium,Zoochor,6,0.855,3.672
Ribes acerifolium,Zoochor,10,-1.38,1.452
Chlorocardium venenosum,Zoochor,4,-22.745,7.64
Protium nervosum,Zoochor,14,-6.12,3.955
Syngonium chocoanum,Zoochor,4,-7.381,5.683
Armeria macrophylla,Anemochor,12,1.152,4.551
Impatiens chinensis,Autochor,16,5.803,4.82
Dodonaea humifusa,Zoochor,8,0.542,5.775
Fragaria nubicola,Zoochor,13,-14.46,3.103
Microcorys barbata,Zoochor,11,-2.541,5.529
Stigmaphyllon macropodum,Anemochor,4,2.27,5.344
Erica australis,Autochor,13,0.109,2.883
Croton gnaphalii,Autochor,9,-0.989,4.863
Gyrocarpus jatrophifolius,Nautochor,12,-7.107,4.783
Lantana radula,Zoochor,14,-0.765,3.727
Synechanthus warscewiczianus,Zoochor,8,-12.13,4.436
Linaria aeruginea,Anemochor,2,1.87,2.257
Nietneria paniculata,Autochor,5,-3.95,3.189
Gladiolus rogersii,Anemochor,11,-3.238,3.329
Lindsaea divaricata,Anemochor,4,6.137,8.459
Australopyrum pectinatum,Autochor,13,-2.465,3.325
Cynanchum roulinioides,Anemochor,14,2.474,4.337
Eremophila ovata,Zoochor,6,-1.596,4.089
Catopsis montana,Anemochor,15,1.885,4.314
Verbesina crocata,Autochor,12,5.047,4.134
Wisteria frutescens,Zoochor,1,2.861,5.415
Oxypetalum cordifolium,Anemochor,7,4.831,4.226
Taraxacum phymatocarpum,Anemochor,16,-5.174,-10.613
Darwinia capitellata,Zoochor,9,-0.681,5.315
Muhlenbergia macroura,Zoochor,10,0.253,3.033
Gladiolus ecklonii,Anemochor,2,-0.02,3.072
Cryptocarya longifolia,Zoochor,9,-0.138,2.981
Thalictrum strigillosum,Anemochor,1,-2.026,3.111
Peperomia cruentata,Zoochor,11,-1.97,4.363
Schoenoplectus heterochaetus,Zoochor,15,-1.25,-2.066
Romulea tabularis,Autochor,13,0.882,3.509
Pilocarpus spicatus,Autochor,9,0.447,3.097
Sedum hispanicum,Anemochor,2,1.751,1.628
Melica brasiliana,Anemochor,13,-0.092,4.206
Marshallia obovata,Anemochor,1,1.936,5.101
Viburnum cotinifolium,Zoochor,12,2.0,1.169
Psychotria laciniata,Zoochor,10,0.046,3.158
Sagittaria montevidensis,Autochor,1,2.825,5.387
Asplenium salignum,Anemochor,10,0.319,3.22
Cirsium leo,Zoochor,16,1.958,1.872
Erica muscosa,Autochor,6,-0.425,3.129
Acalypha segetalis,Autochor,14,-0.826,5.382
Microsorum membranaceum,Anemochor,2,4.916,3.108
Jamesbrittenia fruticosa,Autochor,4,3.315,4.56
Dubyaea oligocephala,Anemochor,8,2.841,2.31
Aralia warmingiana,Zoochor,5,0.103,3.705
Simmondsia chinensis,Autochor,15,-0.748,3.409
Triumfetta maconochieana,Zoochor,4,10.229,7.586
Erica albens,Autochor,16,-0.042,2.835
Phenax grossecrenatus,Anemochor,1,1.322,3.503
Saxifraga rufidula,Anemochor,4,-0.898,-0.836
Ficus scabra,Zoochor,16,4.165,5.058
Trophis chiapensis,Zoochor,8,-13.276,4.647
Mirabilis ovata,Zoochor,6,2.138,3.629
Allium amplectens,Anemochor,5,0.818,2.614
Lycianthes pringlei,Zoochor,4,6.787,4.032
Fernaldia asperoglottis,Anemochor,13,1.856,2.908
Trichomanes pinnatum,Anemochor,12,2.367,6.869
Anthurium sinuatum,Zoochor,11,0.241,5.802
Micrandra sprucei,Nautochor,11,-13.956,6.091
Ranunculus platanifolius,Autochor,9,0.148,2.742
Hypericum cordifolium,Zoochor,14,3.9,2.484
Acer glabrum,Anemochor,7,0.085,0.401
Murdannia keisak,Autochor,7,4.057,2.081
Pleopeltis hirsutissima,Anemochor,7,0.374,3.838
Ficus luschnathiana,Zoochor,12,1.724,3.925
Laurembergia repens,Zoochor,5,-0.207,3.805
Adenopeltis serrata,Autochor,10,-2.053,3.156
Sageretia elegans,Zoochor,14,1.765,3.728
Aeschynomene pinetorum,Anemochor,5,0.646,3.129
Erythroxylum ruryi,Zoochor,8,27.017,8.281
Allium macrostemon,Anemochor,1,4.508,2.233
Panicum amarum,Anemochor,14,2.926,4.869
Tetramerium abditum,Autochor,5,7.92,2.371
Schoenus sublaxus,Autochor,3,-2.386,5.565
Stoebe fusca,Anemochor,7,2.41,3.348
Saltera sarcocolla,Zoochor,13,0.374,3.128
Anthurium incomptum,Zoochor,7,0.996,4.244
Christianella multiglandulosa,Anemochor,14,3.886,5.176
Myrcia rotundata,Zoochor,9,-7.508,2.97
Fridericia caudigera,Anemochor,8,11.364,6.279
Bonyunia aquatica,Anemochor,16,-14.299,7.267
Capsicum lanceolatum,Zoochor,8,3.964,5.168
Allium haematochiton,Anemochor,2,2.609,3.154
Elymus diversiglumis,Anemochor,16,-1.793,-6.788
Piriqueta rosea,Autochor,15,4.102,5.43
Fuchsia procumbens,Zoochor,14,-2.56,5.836
Condylidium iresinoides,Anemochor,14,-1.752,4.536
Ranunculus ophioglossifolius,Zoochor,2,1.184,2.71
Astrotricha crassifolia,Zoochor,8,-1.856,3.615
Acacia jibberdingensis,Zoochor,6,1.023,5.485
Luzula luzuloides,Zoochor,1,-0.028,3.308
Corydalis davidii,Zoochor,14,3.534,2.509
Dianthus lusitanus,Anemochor,2,0.643,2.497
Lasiacis nigra,Autochor,16,1.749,3.713
Selaginella marginata,Chamaechor,11,2.645,4.377
Carex diandra,Autochor,6,-1.006,-1.972
Macaranga coriacea,Anemochor,2,15.556,3.082
Saxifraga strigosa,Anemochor,8,5.192,1.624
Droceloncia rigidifolia,Zoochor,4,-4.495,5.896
Panicum stenodes,Anemochor,15,5.953,7.349
Paepalanthus aequalis,Autochor,5,1.664,2.953
Xyris pauciflora,Autochor,1,1.689,5.191
Vellozia furcata,Autochor,1,0.485,3.859
Lithocarpus corneus,Zoochor,1,4.685,3.344
Piper macerispicum,Zoochor,16,-9.681,6.576
Annona duckei,Zoochor,2,-14.011,6.41
Chaetium bromoides,Autochor,9,2.227,2.922
Balanites maughamii,Zoochor,8,-0.614,5.005
Zanthoxylum verrucosum,Zoochor,8,4.152,3.585
Lepidium fremontii,Hemerochor,12,0.776,2.333
Stellaria corei,Anemochor,14,0.083,2.942
Xyris involucrata,Autochor,13,-3.733,4.557
Bersama abyssinica,Anemochor,1,-2.424,3.218
Asplenium australasicum,Anemochor,10,-0.692,3.063
Phoebe neuranthoides,Zoochor,6,3.742,2.765
Monstera spruceana,Zoochor,6,1.078,5.437
Pleurothyrium poeppigii,Zoochor,14,4.776,4.19
Ageratum houstonianum,Hemerochor,8,2.0,5.121
Cryptocarya murrayi,Zoochor,7,9.239,3.276
Triadica rotundifolia,Zoochor,9,2.943,2.881
Sannantha angusta,Zoochor,11,-1.82,3.186
Solanum pectinatum,Autochor,4,-9.444,7.176
Conothamnus trinervis,Zoochor,15,-1.339,5.661
Hedycarya engleriana,Zoochor,9,-0.468,2.483
Vernonia spathulata,Anemochor,13,2.308,2.163
Cirsium richterianum,Zoochor,12,-0.428,2.126
Cerastium furcatum,Zoochor,13,2.996,2.719
Ranunculus montanus,Zoochor,4,9.969,-0.198
Castanea mollissima,Zoochor,9,2.651,2.611
Viburnum elatum,Zoochor,13,1.954,2.94
Sagina namadgi,Anemochor,7,-1.837,3.502
Narcissus tazetta,Anemochor,1,1.494,3.204
Swartzia acutifolia,Zoochor,13,0.834,2.88
Leptochloa nealleyi,Anemochor,13,1.135,4.964
Indigofera jucunda,Autochor,12,2.475,3.837
Thesium pubescens,Zoochor,2,-3.282,3.575
Goodenia macbarronii,Zoochor,15,1.225,3.472
Arabis cusickii,Autochor,11,0.959,1.745
Leptosema villosum,Zoochor,4,-5.619,8.587
Hibiscus palmatifidus,Autochor,8,1.502,5.276
Xylococcus bicolor,Anemochor,9,0.877,2.828
Neea choriophylla,Zoochor,4,1.782,8.617
Decaisnina brittenii,Zoochor,2,-0.802,5.954
Agave pedunculifera,Anemochor,14,-1.838,2.957
Linaria pelisseriana,Anemochor,6,2.101,2.705
Ledenbergia macrantha,Zoochor,16,7.535,3.963
Perezia squarrosa,Anemochor,3,-0.931,3.433
Castilleja integra,Anemochor,5,0.423,2.806
Phrynium pubinerve,Zoochor,2,2.261,3.94
Podospermum canum,Zoochor,7,-0.604,3.535
Bernardia pulchella,Autochor,15,2.211,4.438
Psittacanthus americanus,Zoochor,5,0.391,4.666
Eutrema himalaicum,Hemerochor,16,1.783,1.448
Phacelia popei,Anemochor,5,1.193,3.318
Cordia ulei,Autochor,10,0.982,5.901
Lomelosia brachiata,Autochor,12,2.073,2.205
Typhonium cochleare,Zoochor,7,-3.544,7.228
Perityle congesta,Anemochor,1,19.825,2.044
Amyris sylvatica,Zoochor,8,3.326,5.848
Ranunculus amplus,Zoochor,8,-2.032,3.569
Galium circaezans,Zoochor,12,1.371,3.861
Salix cordata,Anemochor,9,0.223,3.999
Gloxinia xanthophylla,Autochor,5,-1.739,3.202
Monechma debile,Autochor,5,-0.857,4.561
Miconia manauara,Zoochor,5,-3.017,5.346
Rhigozum brevispinosum,Anemochor,6,1.288,5.501
Asparagus burchellii,Zoochor,10,-0.301,3.258
Teucrium edetanum,Autochor,8,4.89,2.921
Alibertia pilosa,Zoochor,9,-1.318,5.115
Blechnum lineare,Anemochor,10,-0.183,2.989
Alyxia magnifolia,Zoochor,6,2.346,3.298
Lecaniodiscus fraxinifolius,Anemochor,11,-0.048,4.72
Schizaea elegans,Anemochor,16,-0.376,6.271
Digitalis minor,Hemerochor,12,-0.763,3.577
Calantica grandiflora,Zoochor,9,-0.759,3.391
Florestina latifolia,Anemochor,9,-0.123,2.649
Ocotea guianensis,Zoochor,5,0.558,5.275
Maireana microcarpa,Anemochor,8,16.38,6.295
Sporobolus australasicus,Autochor,5,2.72,5.259
Patrinia scabra,Autochor,4,1.441,-0.87
Urera glabriuscula,Zoochor,7,-13.585,4.991
Senecio burchellii,Anemochor,10,0.584,3.395
Tragopogon brevirostris,Anemochor,12,1.178,1.169
Trochodendron aralioides,Zoochor,7,4.509,1.898
Croton agrarius,Autochor,9,1.469,4.466
Veronica agrestis,Zoochor,9,-0.688,4.927
Thesium cupressoides,Zoochor,6,2.758,2.908
Antrophyum cajenense,Anemochor,6,-3.519,4.138
Pleurostachys urvillei,Autochor,10,0.76,2.892
Hypericum linarioides,Zoochor,8,0.931,0.273
Thibaudia pachyantha,Autochor,15,-15.805,3.856
Lilaeopsis occidentalis,Autochor,6,-0.064,1.913
Silene suecica,Anemochor,15,-1.55,-1.274
Itea ilicifolia,Zoochor,4,6.069,1.7
Aliciella hutchinsifolia,Zoochor,16,0.448,2.181
Celmisia tomentella,Autochor,7,-1.578,2.953
Peperomia dahlstedtii,Zoochor,15,3.638,5.098
Oxera pulchella,Zoochor,8,2.603,3.517
Chloanthes parviflora,Autochor,1,-0.219,3.553
Echinochloa jaliscana,Hemerochor,3,2.745,3.801
Lotus denticulatus,Anemochor,14,0.684,2.065
Dianella atraxis,Zoochor,2,10.383,3.659
Viburnum lentago,Zoochor,15,-1.111,3.295
Whitfieldia orientalis,Autochor,3,8.539,6.295
Calibrachoa elegans,Zoochor,8,11.56,3.46
Monstera tuberculata,Zoochor,1,-2.707,4.25
Chrysosplenium nudicaule,Autochor,14,0.806,0.818
Meriania grandiflora,Anemochor,15,3.781,3.457
Arisaema macrospathum,Zoochor,5,5.034,3.021
Ivesia rhypara,Zoochor,14,-2.744,2.28
Grammitis magellanica,Anemochor,13,-0.049,3.301
Lonicera microphylla,Zoochor,9,2.276,2.608
Scirpus pendulus,Anemochor,13,0.515,5.404
Cerastium illyricum,Zoochor,13,2.407,2.446
Allium oleraceum,Autochor,9,0.141,4.226
Erica australis,Autochor,16,1.312,2.578
Vaccinium puberulum,Zoochor,9,-2.812,3.054
Viguiera cordifolia,Anemochor,5,0.256,2.31
Silene caespitella,Anemochor,3,0.371,0.004
Piper terrabanum,Zoochor,9,-7.002,3.069
Croton farinosus,Autochor,2,-3.741,4.037
Conospermum triplinervium,Autochor,2,-1.627,5.616
Eulalia trispicata,Zoochor,1,-3.443,3.936
Cochliasanthus caracalla,Autochor,7,1.563,4.29
Cryptocarya longifolia,Zoochor,2,-0.322,3.724
Jatropha excisa,Autochor,2,7.009,5.394
Sabicea panamensis,Zoochor,10,-2.317,3.915
Grevillea pterosperma,Autochor,14,0.852,5.507
Verbascum leucophyllum,Hemerochor,13,1.543,3.629
Malpighia galeottiana,Zoochor,8,-1.201,4.238
Verticordia nitens,Zoochor,12,-0.144,5.454
Vachellia nilotica,Anemochor,2,2.882,5.942
Enydra fluctuans,Anemochor,12,-5.435,6.752
Erythrina velutina,Autochor,8,1.155,4.839
Cissus leonardii,Autochor,11,3.756,6.197
Solanum stagnale,Autochor,2,-0.827,4.78
Illigera madagascariensis,Anemochor,3,-0.371,5.072
Scorzonera codringtonii,Zoochor,10,4.207,1.207
Persicaria robustior,Autochor,10,-1.026,4.086
Vitis arizonica,Zoochor,13,1.148,2.389
Zygophyllum chrysopteron,Zoochor,10,1.456,3.979
Eucalyptus oleosa,Anemochor,7,2.53,5.819
Bidens squarrosa,Zoochor,3,1.814,5.382
Triolena pustulata,Anemochor,4,-8.451,5.111
Bromus lanatus,Zoochor,7,-3.825,2.64
Dalechampia stipulacea,Autochor,3,6.33,5.387
Thesium hispidulum,Zoochor,16,3.497,3.364
Tabernaemontana stapfiana,Zoochor,8,19.057,4.27
Pristimera verrucosa,Anemochor,1,-0.389,5.153
Balaustion pulcherrimum,Zoochor,5,-0.196,5.48
Crassula connata,Anemochor,6,0.712,3.092
Aphelia drummondii,Autochor,1,-2.761,5.013
Fimbristylis pilifera,Anemochor,14,-1.466,5.746
Triumfetta pannosa,Zoochor,6,2.473,6.293
Adiantum lucidum,Anemochor,2,5.261,6.345
Comesperma secundum,Anemochor,3,-1.18,6.242
Ilex nummularia,Zoochor,6,0.66,3.404
Pterostyrax hispidus,Anemochor,16,3.899,1.755
Lepidium davisii,Hemerochor,1,-0.284,2.504
Passiflora pinnatistipula,Zoochor,9,0.658,3.534
Dendropanax populifolius,Zoochor,11,-0.557,4.098
Anthurium pedatum,Zoochor,10,-2.547,3.447
Ruellia rubra,Autochor,13,-2.916,4.235
Aganosma schlechteriana,Anemochor,1,5.962,3.293
Hemizonia congesta,Anemochor,2,-0.375,2.773
Tetragonia decumbens,Anemochor,5,-1.4,3.459
Tibouchina francavillana,Autochor,4,-4.857,5.463
Eucnide rupestris,Zoochor,13,1.154,2.665
Orcuttia pilosa,Anemochor,8,0.19,4.509
Asperula conferta,Anemochor,8,2.993,3.956
Torilis arvensis,Zoochor,10,1.887,2.463
Parsonsia leichhardtii,Anemochor,6,1.398,3.416
Phacelia franklinii,Anemochor,13,1.674,2.454
Dyschoriste trichanthera,Autochor,1,2.938,4.537
Watsonia pulchra,Autochor,3,-1.243,3.155
Schoenus biglumis,Autochor,4,-5.802,2.541
Agrostis mertensii,Autochor,1,-1.703,-2.091
Mascagnia dissimilis,Anemochor,1,-4.304,5.672
Senecio adamantinus,Anemochor,10,0.386,3.109
Diplatia furcata,Zoochor,1,-0.185,4.858
Triplaris poeppigiana,Anemochor,10,4.233,5.39
Nicotiana bonariensis,Anemochor,2,1.848,4.293
Olearia stellulata,Autochor,14,-1.672,3.23
Penstemon radicosus,Anemochor,1,0.968,1.424
Hexasepalum teres,Autochor,2,3.013,4.99
Aristolochia urupaensis,Autochor,5,2.511,5.369
Valeriana fauriei,Anemochor,14,8.362,2.072
Juncus castaneus,Anemochor,1,-1.626,-2.518
Solidago odora,Anemochor,16,4.906,4.729
Paullinia tarapotensis,Anemochor,3,4.987,6.895
Heliotropium limbatum,Autochor,1,-0.093,3.016
Eriachne melicacea,Zoochor,14,2.46,5.693
Jamesbrittenia thunbergii,Autochor,6,-0.006,2.965
Moraea unguiculata,Autochor,9,-1.344,3.031
Polygala apopetala,Autochor,3,2.21,4.341
Angostura granulosa,Anemochor,6,-0.204,4.131
Quercus sideroxyla,Zoochor,9,-7.186,2.663
Senecio apensis,Anemochor,6,5.672,5.885
Nothochelone nemorosa,Anemochor,3,0.138,0.844
Achyrocline vargasiana,Autochor,11,3.774,3.511
Saussurea schultzii,Anemochor,14,0.47,2.006
Eriogonum giganteum,Anemochor,4,4.005,3.46
Acalypha gracilens,Autochor,3,6.003,4.753
Laetia suaveolens,Zoochor,9,-2.06,5.43
Celtis trinervia,Zoochor,6,1.474,5.233
Jacaranda macrocarpa,Anemochor,6,-10.916,6.788
Chaerophyllum bulbosum,Anemochor,3,-3.367,2.879
Apodasmia brownii,Autochor,16,-0.983,4.809
Atriplex muelleri,Anemochor,13,1.853,5.201
Pimelea umbratica,Zoochor,1,-1.386,3.557
Wissadula decora,Autochor,11,4.541,4.816
Bactris pickelii,Zoochor,6,-1.391,4.042
Cucurbita cordata,Autochor,8,0.414,5.206
Commiphora neglecta,Zoochor,6,-1.394,4.147
Cuphea circaeoides,Autochor,12,0.097,4.346
Hermannia staurostemon,Autochor,8,-0.412,4.014
Anthyllis montana,Autochor,12,-0.517,2.278
Empogona acidophylla,Zoochor,14,2.44,3.334
Ficus platypoda,Zoochor,3,3.579,7.076
Trichomanes africanum,Anemochor,10,-6.754,4.237
Kalanchoe porphyrocalyx,Anemochor,9,-0.339,3.099
Daviesia argillacea,Zoochor,5,-1.699,5.65
Poa petrophila,Anemochor,1,-1.462,2.838
Guadua tagoara,Autochor,7,1.292,3.205
Eleocharis nana,Autochor,3,3.75,5.682
Microstegium japonicum,Zoochor,1,2.606,2.213
Ophryosporus charua,Anemochor,9,-0.304,3.742
Sclerolaena johnsonii,Anemochor,4,20.203,7.434
Leptospermum semibaccatum,Zoochor,14,-1.012,4.547
Miconia lanata,Zoochor,16,11.47,7.397
Panicum racemosum,Anemochor,13,0.565,3.837
Abutilon angulatum,Anemochor,15,0.256,5.291
Gyrostemon thesioides,Zoochor,12,-1.978,4.933
Echinopogon mckiei,Zoochor,10,0.01,2.868
Pentas purpurea,Autochor,13,-2.255,3.351
Adiantum amplum,Anemochor,13,1.732,2.856
Lilaeopsis carolinensis,Autochor,4,11.366,6.06
Clavija ornata,Zoochor,10,-0.244,5.001
Anthurium microspadix,Zoochor,15,-8.841,3.437
Abutilon incanum,Anemochor,6,0.447,3.274
Micropholis guyanensis,Zoochor,11,-0.243,6.236
Atriplex lentiformis,Anemochor,14,1.165,2.737
Delphinium gypsophilum,Anemochor,8,2.397,3.406
Isocoma drummondii,Anemochor,16,4.818,5.111
Eremophila calorhabdos,Zoochor,13,-2.163,5.66
Fontainea picrosperma,Autochor,12,26.516,3.446
Melampyrum roseum,Zoochor,14,1.749,2.559
Proserpinaca pectinata,Zoochor,5,2.624,5.87
Spigelia pulchella,Autochor,11,2.246,3.386
Anthurium longipes,Zoochor,4,-6.007,5.272
Polysphaeria cleistocalyx,Zoochor,2,-2.615,3.438
Rostraria cristata,Anemochor,7,2.191,2.782
Halophila ovalis,Autochor,16,-1.901,4.731
Carex pauciflora,Autochor,7,-0.837,-2.587
Agrostis australiensis,Anemochor,15,-1.374,2.605
Rubus trivialis,Zoochor,6,4.546,5.418
Cornus excelsa,Zoochor,8,0.214,3.434
Pithecellobium insigne,Zoochor,2,1.229,5.51
Selaginella eremophila,Chamaechor,16,-8.308,2.969
Faramea occidentalis,Zoochor,14,2.841,5.241
Jacaratia heptaphylla,Zoochor,15,11.986,4.903
Ctenitis nigrovenia,Anemochor,8,12.34,5.963
Perama galioides,Autochor,13,-3.406,4.577
Cabomba furcata,Nautochor,6,2.924,6.066
Eriope hypoleuca,Autochor,16,2.27,3.494
Larix sibirica,Anemochor,15,-3.155,-3.5
Pleonotoma clematis,Anemochor,15,1.367,6.279
Trichomanes pyxidiferum,Anemochor,7,-3.102,3.892
Adenanthellum osmitoides,Zoochor,15,-2.938,3.122
Solanum douglasii,Zoochor,7,3.743,2.865
Townsendia annua,Anemochor,14,0.738,2.816
Gaultheria oppositifolia,Zoochor,14,-2.492,4.845
Quercus ithaburensis,Zoochor,12,2.146,2.692
Rytidosperma nivicola,Zoochor,9,-1.439,3.54
Agave seemanniana,Anemochor,9,0.956,2.816
Croton farinosus,Autochor,3,-5.873,4.372
Jarilla heterophylla,Zoochor,8,0.917,3.721
Neolitsea aciculata,Zoochor,5,5.007,2.29
Pseudognaphalium brachypterum,Anemochor,12,2.452,3.506
Manilkara zapota,Zoochor,1,0.731,4.704
Lepidium latifolium,Autochor,15,1.713,2.871
Schradera polycephala,Zoochor,10,-1.124,4.944
Calytrix decussata,Zoochor,6,-3.093,6.144
Ranunculus patulidens,Zoochor,10,-1.695,4.598
Achatocarpus oaxacanus,Anemochor,9,0.988,2.906
Morus cathayana,Zoochor,14,2.993,2.528
Lappula stricta,Zoochor,11,-0.264,-2.742
Stanfieldiella oligantha,Autochor,13,-1.952,4.174
Guatteria ouregou,Zoochor,5,-6.89,4.457
Randia mira,Zoochor,3,-0.509,4.652
Aleurites rockinghamensis,Zoochor,1,0.397,2.763
Wrightia arborea,Anemochor,8,8.025,5.531
Endocellion glaciale,Anemochor,8,-15.584,-16.006
Cordia trachyphylla,Autochor,4,-2.314,7.527
Pereskiopsis rotundifolia,Zoochor,1,2.454,3.232
Hypericum kalmianum,Zoochor,2,-1.417,3.419
Guatteria goudotiana,Zoochor,2,-1.954,3.544
Chasmatophyllum musculinum,Ombrochor,13,-0.068,4.082
Asplenium erectum,Anemochor,7,1.107,3.425
Toxicodendron vernix,Zoochor,13,0.593,4.816
Galeopsis pubescens,Zoochor,8,1.454,2.036
Litsea ichangensis,Zoochor,6,2.126,2.133
Deguelia nitidula,Anemochor,5,1.57,5.149
Thryptomene oligandra,Zoochor,3,4.583,6.307
Empleurum unicapsulare,Autochor,11,0.427,3.634
Wissadula contracta,Autochor,1,1.109,4.329
Adinandra glischroloma,Zoochor,12,4.582,3.03
Carex wootonii,Autochor,6,0.561,2.075
Carex austrina,Autochor,13,0.791,5.119
Stenocarpus davallioides,Anemochor,7,0.811,3.389
Berberis hartwegii,Zoochor,10,1.464,3.253
Diplacrum guianense,Autochor,9,-3.424,4.964
Stromanthe guapilesensis,Autochor,11,1.051,3.73
Dipsacus japonicus,Autochor,11,2.926,1.775
Verbesina bipinnatifida,Autochor,5,-1.17,3.067
Myrceugenia miersiana,Zoochor,6,1.311,3.267
Mikania hirsutissima,Anemochor,12,1.608,3.573
Schoenocaulon dubium,Anemochor,11,10.266,3.739
Nassella brachyphylla,Zoochor,6,-2.295,3.1
Persoonia microphylla,Zoochor,3,7.082,2.368
Peperomia portobellensis,Zoochor,1,-0.537,3.864
Clidemia discolor,Anemochor,3,0.608,4.671
Tricyrtis hirta,Autochor,16,3.618,2.227
Triodia tomentosa,Anemochor,15,1.703,5.775
Eurya emarginata,Zoochor,2,2.871,2.862
Conospermum polycephalum,Autochor,8,4.115,6.151
Trichilia hirta,Zoochor,13,0.268,3.599
Banisteriopsis nummifera,Anemochor,13,-0.179,4.014
Amphilophium aschersonii,Anemochor,10,0.567,5.331
Maresia nana,Anemochor,14,2.245,3.434
Micranthes redofskyi,Autochor,13,2.221,1.28
Anthospermum rigidum,Ombrochor,2,1.263,4.096
Psychotria costivenia,Zoochor,9,-0.046,3.59
Micrandropsis scleroxylon,Nautochor,6,-3.785,6.115
Carex blakei,Autochor,5,-1.928,3.906
Actephila petiolaris,Autochor,15,-0.888,4.206
Phalaris aquatica,Anemochor,6,1.786,3.036
Turraea vogelii,Zoochor,6,0.219,5.967
Drimiopsis burkei,Nautochor,7,1.021,4.556
Annona neosalicifolia,Zoochor,8,1.807,3.752
Mimosa daleoides,Autochor,6,1.445,4.507
Hibbertia microphylla,Zoochor,8,0.385,5.646
Cologania obovata,Autochor,12,-6.936,2.763
Elattostachys megalantha,Zoochor,16,1.245,3.409
Ludwigia hirtella,Autochor,1,4.359,6.161
Solanum tweedianum,Autochor,5,0.346,4.011
Viola tripartita,Zoochor,12,5.378,4.033
Danthoniopsis pruinosa,Zoochor,16,-2.376,4.702
Primula sikkimensis,Anemochor,3,1.279,0.841
Paronychia polygonifolia,Autochor,11,-0.51,1.731
Androsace occidentalis,Anemochor,6,1.643,4.561
Carex fulta,Autochor,8,10.988,0.973
Dampiera latealata,Zoochor,16,1.893,5.771
Tibouchina debilis,Autochor,7,0.355,3.897
Cocculus balfourii,Zoochor,2,-5.778,3.742
Lobelia berlandieri,Zoochor,11,3.945,4.317
Darwinia biflora,Zoochor,5,1.133,3.73
Cliffortia serpyllifolia,Zoochor,10,0.778,3.012
Tricalysia coriacea,Zoochor,16,1.563,5.506
Heliconia curtispatha,Zoochor,14,-2.698,5.195
Bougainvillea glabra,Zoochor,5,0.464,3.805
Adiantum capillus-veneris,Anemochor,14,2.98,2.437
Atriplex polycarpa,Anemochor,14,0.718,2.708
Galactia erecta,Autochor,15,5.08,5.277
Dimorphotheca sinuata,Anemochor,10,2.381,3.631
Ceiba trischistandra,Anemochor,10,1.241,3.798
Scirpus radicans,Zoochor,10,-1.22,0.988
Cyrtogonone argentea,Autochor,1,-1.506,4.537
Micranthes ferruginea,Autochor,16,-0.075,-0.719
Murdannia graminea,Autochor,9,-0.098,4.502
Hypericum nitidum,Zoochor,6,5.498,5.978
Desmopsis oerstedii,Zoochor,6,28.211,3.15
Ronnbergia hathewayi,Autochor,10,10.024,2.976
Rubus glaucus,Zoochor,13,1.601,3.65
Almaleea cambagei,Anemochor,6,-2.114,2.779
Nemesia anisocarpa,Anemochor,15,4.285,3.633
Solidago caesia,Anemochor,12,-0.74,2.852
Campomanesia velutina,Zoochor,14,1.209,4.421
Ficus maroma,Zoochor,7,8.108,5.582
Curtia tenella,Autochor,15,4.166,6.12
Trymalium daphnifolium,Zoochor,3,4.044,6.255
Sporobolus fimbriatus,Autochor,15,1.675,4.662
Commelina platyphylla,Autochor,13,0.848,5.213
Alexgeorgea ganopoda,Autochor,7,-3.885,4.554
Oreomunnea mexicana,Zoochor,10,-3.111,3.114
Aechmea recurvata,Autochor,13,-0.683,3.562
Malouetia naias,Anemochor,5,-8.683,5.852
Daphnopsis americana,Zoochor,16,3.254,4.718
Chresta harleyi,Anemochor,1,1.66,4.252
Stigmaphyllon adenodon,Anemochor,10,-7.912,5.471
Passiflora actinia,Zoochor,6,0.238,3.321
Erythrina verna,Autochor,11,1.652,4.677
Strophanthus gerrardii,Anemochor,6,-1.741,3.781
Alectra orobanchoides,Autochor,13,0.289,3.468
Palicourea adusta,Zoochor,14,-7.4,3.075
Centaurea fleischeri,Zoochor,5,1.137,3.379
Asterolasia phebalioides,Autochor,14,-1.762,4.581
Martynia annua,Zoochor,10,0.387,3.755
Ipomopsis roseata,Autochor,10,1.423,1.344
Heterocentron elegans,Ombrochor,15,2.615,3.514
Inga pleiogyna,Zoochor,2,-5.116,4.458
Hymenocardia ulmoides,Anemochor,14,0.998,4.748
Calobota sericea,Zoochor,7,3.959,3.394
Marsdenia verrucosa,Anemochor,3,2.338,6.117
Mabea speciosa,Zoochor,13,-2.631,4.979
Saurauia montana,Zoochor,7,-8.63,3.81
Desmoncus myriacanthos,Zoochor,16,0.451,6.591
Lindsaea doryphora,Anemochor,2,-0.301,4.686
Melochia ulmifolia,Autochor,9,-1.079,4.972
Psammisia occidentalis,Autochor,2,0.97,5.119
Mentzelia albicaulis,Zoochor,13,0.248,2.492
Alibertia pilosa,Zoochor,4,3.503,8.434
Metastelma sepicola,Anemochor,13,-1.007,3.135
Coprosma perpusilla,Zoochor,11,-2.551,4.194
Capsicum longidentatum,Zoochor,2,2.072,4.21
Hieracium villosum,Anemochor,10,4.247,2.016
Chrysophyllum inornatum,Zoochor,14,0.557,3.009
Anacolosa pervilleana,Zoochor,12,2.913,5.564
Asclepias engelmanniana,Anemochor,15,2.469,4.436
Tricalysia cryptocalyx,Zoochor,4,-2.382,4.548
Sterculia quinqueloba,Anemochor,13,-1.621,3.891
Cheilanthes alabamensis,Anemochor,11,3.459,3.714
Mentzelia multiflora,Zoochor,14,1.178,3.142
Epacris franklinii,Anemochor,4,-1.772,2.674
Licania durifolia,Zoochor,11,-9.352,4.299
Cordia tinifolia,Autochor,6,0.678,3.567
Staavia radiata,Zoochor,16,5.429,3.978
Ursinia alpina,Zoochor,13,-1.784,2.889
Eragrostis parviflora,Autochor,8,7.824,5.396
Aegopogon cenchroides,Autochor,12,-0.538,2.945
Puya trianae,Zoochor,2,-6.155,3.338
Xyris congensis,Autochor,14,1.302,4.764
Hemionitis rufa,Anemochor,10,1.843,5.128
Celosia elegantissima,Zoochor,11,5.495,5.552
Heuchera parviflora,Anemochor,10,1.729,3.826
Greenwayodendron oliveri,Zoochor,16,-1.312,5.294
Clematis hirsuta,Anemochor,3,-5.858,5.379
Abutilon austroafricanum,Anemochor,1,-0.36,4.883
Aspilia reflexa,Anemochor,11,0.666,3.813
Schoenus subbarbatus,Autochor,15,-1.121,5.298
Hypericum chamaemyrtus,Zoochor,4,3.377,4.35
Schnella flexuosa,Autochor,5,2.391,4.701
Gompholobium laxum,Nautochor,15,-1.008,5.786
Nectandra lundellii,Zoochor,15,-10.923,4.67
Carex amplifolia,Autochor,2,-0.609,1.393
Penstemon laricifolius,Anemochor,3,1.033,-1.262
Crucianella angustifolia,Anemochor,15,0.983,2.422
Bromus plurinodis,Zoochor,2,0.701,0.363
Crataegus succulenta,Zoochor,1,-0.506,3.886
Ixora aluminicola,Zoochor,8,7.03,7.24
Chusquea capitata,Anemochor,11,1.662,3.226
Dryandra blechnifolia,Anemochor,4,-0.242,5.498
Osmorhiza berteroi,Zoochor,14,-0.538,2.179
Chenopodium nitrariaceum,Anemochor,12,7.062,5.746
Bernoullia flammea,Anemochor,11,9.715,4.376
Hymenandra pittieri,Zoochor,12,-1.93,3.765
Sorbus matsumurana,Zoochor,10,1.263,1.552
Penstemon cobaea,Anemochor,2,3.967,5.22
Barleria pretoriensis,Autochor,8,1.079,5.474
Deplanchea speciosa,Autochor,12,-18.955,3.235
Trichostachys aurea,Zoochor,10,1.271,5.357
Gongylolepis martiana,Anemochor,14,-7.265,5.272
Austrostipa nodosa,Autochor,5,-0.113,4.892
Buxus monticola,Zoochor,14,-1.319,3.07
Campsiandra laurifolia,Nautochor,4,10.158,9.413
Ipomoea aprica,Autochor,7,1.959,4.579
Tuberaria lignosa,Zoochor,3,0.819,2.699
Senna latifolia,Autochor,8,6.815,7.438
Eucalyptus fulgens,Anemochor,2,-0.24,3.699
Tillandsia schiedeana,Anemochor,6,1.203,4.242
Lithomyrtus dunlopii,Zoochor,3,-10.036,7.732
Pyrrosia adnascens,Anemochor,14,3.668,3.566
Heteropterys alternifolia,Anemochor,13,0.157,4.083
Clidemia garcia-barrigae,Anemochor,6,-3.229,3.309
Wahlenbergia brasiliensis,Anemochor,4,3.543,4.021
Maresia nana,Anemochor,9,2.124,3.395
Eragrostis welwitschii,Autochor,6,-0.157,5.486
Xanthostemon youngii,Nautochor,6,10.742,4.388
Miconia cinnamomifolia,Zoochor,10,2.068,3.058
Boronia inornata,Autochor,14,-1.918,5.669
Opercularia turpis,Zoochor,15,0.255,5.338
Diplusodon villosus,Autochor,9,-1.619,3.046
Eschweilera ovata,Zoochor,8,0.91,5.865
Bouteloua aristidoides,Anemochor,13,0.358,2.62
Orobanche pubescens,Anemochor,7,1.886,2.643
Rauvolfia tetraphylla,Zoochor,14,2.112,4.185
Dichorisandra albomarginata,Autochor,5,0.867,4.265
Erythrina montana,Autochor,16,4.034,3.655
Columnea flaccida,Anemochor,16,-3.403,4.021
Oxandra mediocris,Zoochor,16,-2.241,7.254
Packera cana,Autochor,11,0.863,1.584
Abronia argillosa,Zoochor,5,1.346,1.547
Lachnagrostis littoralis,Autochor,16,-1.604,4.254
Selaginella muscosa,Chamaechor,2,0.662,3.724
Isocarpha oppositifolia,Autochor,7,3.607,5.736
Dapsilanthus spathaceus,Autochor,7,-2.943,6.262
Schlegelia parviflora,Zoochor,3,-0.377,5.37
Viola reichenbachiana,Zoochor,15,-0.251,2.623
Eremophila praecox,Zoochor,12,2.509,5.769
Stemodia harleyi,Autochor,5,0.612,2.912
Aspidoglossum woodii,Anemochor,14,5.012,2.977
Clematis columbiana,Anemochor,1,0.448,1.391
Balanops pancheri,Autochor,11,5.87,3.146
Zanthoxylum chalybeum,Zoochor,15,-1.663,4.445
Gynura bicolor,Anemochor,8,6.364,4.21
Ludwigia latifolia,Autochor,14,-0.14,5.358
Lophanthus pinetorum,Autochor,10,3.065,1.825
Androsace lehmanniana,Anemochor,3,-7.539,-10.365
Psydrax horizontalis,Zoochor,14,-1.731,5.03
Pedicularis alaschanica,Autochor,1,1.5,2.018
Bauhinia cinnamomea,Autochor,13,-2.223,5.412
Stigmaphyllon gayanum,Anemochor,1,1.921,2.959
Moraea fugacissima,Autochor,5,-0.078,2.786
Pourouma velutina,Zoochor,5,1.1,5.407
Tectaria incisa,Anemochor,16,-0.53,5.721
Baeckea imbricata,Zoochor,16,0.677,3.46
Callilepis leptophylla,Anemochor,7,1.1,3.286
Portea alatisepala,Anemochor,11,-5.367,4.36
Ophioglossum petiolatum,Chamaechor,5,3.275,3.472
Porophyllum pringlei,Anemochor,4,4.62,4.637
Stigmaphyllon sinuatum,Anemochor,13,-1.435,4.999
Euterpe edulis,Zoochor,3,2.113,4.21
Calytrix breviseta,Zoochor,4,2.254,6.064
Fimbristylis dipsacea,Anemochor,16,2.23,4.419
Agave asperrima,Anemochor,7,2.915,3.204
Eryngium goyazense,Autochor,10,5.939,4.809
Adenophyllum squamosum,Anemochor,5,2.286,2.718
Eucalyptus dwyeri,Anemochor,9,-0.341,4.358
Carex pelocarpa,Autochor,16,1.461,-1.124
Pereilema ciliatum,Zoochor,2,6.713,3.473
Tococa aristata,Zoochor,8,-10.131,6.655
Ruellia rubra,Autochor,9,-2.258,4.37
Artemisia myriantha,Anemochor,2,-0.188,1.809
Delphinium alpestre,Anemochor,1,1.105,1.276
Sterculia pruriens,Anemochor,1,2.978,6.163
Oenothera fruticosa,Autochor,8,0.173,3.397
Chironia palustris,Autochor,7,0.398,3.688
Kielmeyera tomentosa,Anemochor,2,1.367,4.343
Sagina procumbens,Zoochor,9,-0.885,4.84
Melodinus balansae,Anemochor,16,2.492,3.75
Flagellaria guineensis,Autochor,5,-1.212,4.226
Ficus erecta,Zoochor,9,3.731,2.474
Calytrix glutinosa,Zoochor,9,-0.684,5.515
Viburnum ellipticum,Zoochor,13,1.056,3.432
Allium polyrhizum,Anemochor,12,2.478,-1.249
Endlicheria gracilis,Zoochor,5,-2.351,5.144
Phyteuma nigrum,Anemochor,3,1.561,1.947
Cardiospermum microcarpum,Anemochor,14,0.433,4.959
Jessea cooperi,Anemochor,4,-3.94,3.744
Lobelia georgiana,Zoochor,5,3.003,5.59
Abutilon glabriflorum,Anemochor,10,2.603,5.398
Hyptis odorata,Autochor,7,8.393,4.21
Carex meadii,Zoochor,5,1.201,5.061
Camellia polyodonta,Anemochor,13,3.516,2.31
Craterispermum schweinfurthii,Zoochor,10,-0.46,4.766
Paxistima myrsinites,Zoochor,10,1.935,1.296
Festuca nigrescens,Anemochor,13,2.275,2.928
Poranthera ericifolia,Autochor,16,0.25,3.078
Melaleuca stereophloia,Anemochor,6,2.877,5.827
Desmodium orbiculare,Zoochor,12,-31.111,3.782
Pausandra hirsuta,Autochor,1,-1.274,6.466
Leandra reversa,Zoochor,7,1.692,3.126
Hypericum tetrapterum,Zoochor,8,-1.393,3.086
Euploca lagoensis,Autochor,13,0.169,4.642
Eucalyptus paedoglauca,Anemochor,14,0.594,4.099
Comolia sertularia,Autochor,7,2.859,4.19
Fuirena pumila,Anemochor,5,3.146,5.564
Neoregelia myrmecophila,Anemochor,14,-2.438,5.525
Hymenocoleus subipecacuanha,Zoochor,15,-20.276,4.321
Canna flaccida,Zoochor,6,4.604,4.736
Myripnois dioica,Anemochor,12,2.007,1.993
Zuckia brandegeei,Anemochor,10,0.442,1.309
Festuca paradoxa,Anemochor,14,2.054,5.02
Palicourea subalatoides,Zoochor,7,-5.559,4.041
Hypecoum erectum,Anemochor,4,-2.017,-9.329
Mitella furusei,Anemochor,5,0.905,2.05
Diplazium sylvaticum,Anemochor,14,-1.674,3.636
Salvia japonica,Autochor,6,4.228,2.286
Solanum anguivi,Autochor,13,-0.028,3.058
Neea theifera,Zoochor,16,4.426,5.758
Carex vacillans,Autochor,8,-1.58,-0.965
Salvia chamelaeagnea,Autochor,9,1.183,3.012
Ligularia japonica,Anemochor,1,3.397,2.516
Senna mensicola,Autochor,4,2.237,4.052
Brachychiton collinus,Nautochor,6,5.819,6.174
Scaevola ovalifolia,Zoochor,6,7.995,5.847
Wyethia glabra,Anemochor,6,0.503,2.441
Trimezia sincorana,Autochor,14,-4.101,2.894
Holosteum umbellatum,Zoochor,9,1.124,3.338
Utricularia alpina,Autochor,6,-2.561,3.881
Tonella tenella,Autochor,15,3.384,2.244
Sageretia hamosa,Zoochor,4,4.8,2.988
Quercus palmeri,Zoochor,14,1.209,2.521
Begonia pedatifida,Autochor,5,3.557,2.854
Xanthorrhoea media,Zoochor,11,1.338,2.98
Tibouchina llanorum,Autochor,7,6.505,7.095
Axonopus centralis,Autochor,2,-0.286,4.21
Comesperma pallidum,Anemochor,13,0.747,5.003
Myrciaria vismeifolia,Zoochor,5,-6.674,4.917
Solanum reflexiflorum,Autochor,5,-0.175,3.197
Pulicaria omanensis,Nautochor,7,-7.993,5.334
Blechnum divergens,Anemochor,2,-2.151,3.366
Anthospermum herbaceum,Ombrochor,16,-2.622,3.217
Callitropsis nootkatensis,Anemochor,14,-1.306,2.456
Psychotria viridis,Zoochor,6,2.819,5.708
Panicum pleianthum,Anemochor,5,0.873,5.043
Leptosiphon parviflorus,Autochor,14,0.471,2.43
Andropogon amethystinus,Autochor,3,-4.027,3.419
Panicum tricholaenoides,Anemochor,15,6.986,6.546
Siphocampylus umbellatus,Autochor,8,1.373,3.0
Rhododendron anthosphaerum,Anemochor,9,3.174,2.799
Trihaloragis hexandra,Autochor,9,-3.107,5.166
Fridericia candicans,Anemochor,3,9.681,7.807
Acacia stereophylla,Zoochor,15,1.547,6.051
Myrciaria glazioviana,Zoochor,1,1.911,3.008
Juanulloa verrucosa,Zoochor,12,12.945,6.264
Buchenavia amazonia,Zoochor,12,-5.47,6.219
Dyssochroma longipes,Zoochor,14,1.018,3.389
Bernardia yucatanensis,Autochor,1,0.974,4.154
Ombrophytum peruvianum,Zoochor,16,14.585,6.685
Mitragyna stipulosa,Nautochor,8,3.754,6.901
Lysiana subfalcata,Zoochor,12,8.614,5.994
Peltogyne pauciflora,Anemochor,15,0.963,4.22
Lysimachia nummularia,Anemochor,12,-2.452,3.607
Viburnum odoratissimum,Zoochor,13,3.101,2.811
Eriogonum foliosum,Anemochor,4,10.395,2.158
Macroptilium atropurpureum,Autochor,10,1.854,3.818
Vitex pooara,Zoochor,4,4.504,4.038
Cecropia pachystachya,Zoochor,15,2.938,4.882
Salzmannia nitida,Autochor,12,-3.313,5.153
Ocotea porosa,Zoochor,7,1.181,3.522
Miconia glaberrima,Zoochor,12,1.154,3.861
Solanum petraeum,Autochor,4,-2.984,8.311
Tinantia standleyi,Autochor,16,8.085,4.069
Galipea trifoliata,Autochor,16,7.491,7.098
Ageratina muelleri,Anemochor,13,1.1,2.939
Triumfetta cinerea,Zoochor,3,-6.842,7.754
Pyrrosia platyphylla,Anemochor,13,0.408,3.445
Renealmia floribunda,Zoochor,7,-1.074,7.188
Raputiarana subsigmoidea,Zoochor,11,-2.448,6.041
Melaleuca leuropoma,Anemochor,14,-3.004,5.761
Owenia cepiodora,Zoochor,6,-1.687,3.044
Polycarpaea repens,Anemochor,7,6.319,5.899
Pilosella fusca,Zoochor,15,0.4,1.782
Pereskia bahiensis,Zoochor,12,-0.665,4.134
Goodenia cylindrocarpa,Zoochor,8,12.065,8.075
Capurodendron androyense,Zoochor,10,-1.691,5.118
Petunia inflata,Zoochor,13,-1.095,4.532
Hypericum nudiflorum,Zoochor,2,5.18,5.244
Hyperacanthus poivrei,Zoochor,9,-2.002,3.218
Strombosia pustulata,Zoochor,15,1.071,5.933
Anthosachne plurinervis,Anemochor,15,4.252,4.412
Hymenophyllum wrightii,Anemochor,16,0.399,1.314
Bourreria pulchra,Zoochor,1,-0.033,6.381
Vellereophyton dealbatum,Anemochor,14,0.171,3.0
Cardamine parviflora,Autochor,11,-1.882,0.177
Paederia brasiliensis,Ombrochor,8,12.236,4.941
Barringtonia asiatica,Nautochor,5,-1.202,3.885
Teucrium bicolor,Autochor,3,13.931,3.469
Cynanchum foetidum,Anemochor,3,7.801,4.487
Selaginella lingulata,Chamaechor,11,3.692,3.712
Potamogeton suboblongus,Zoochor,1,-3.034,4.857
Randia retroflexa,Zoochor,1,2.532,4.137
Salix jaliscana,Anemochor,4,10.899,3.746
Viola hirsutula,Zoochor,16,1.427,2.468
Dyschoriste hildebrandtii,Autochor,9,-1.032,3.588
Bebbia atriplicifolia,Anemochor,6,6.297,3.95
Pteris splendens,Anemochor,7,-0.073,3.204
Miconia alata,Zoochor,16,3.531,6.702
Ctenitis madagascariensis,Anemochor,7,-10.843,3.426
Lupinus mexicanus,Autochor,16,-2.198,3.095
Callistemon linearifolius,Anemochor,5,-0.046,3.576
Lindera rubronervia,Zoochor,15,2.734,2.867
Lissanthe pluriloculata,Zoochor,7,-1.252,5.229
Vellozia declinans,Autochor,2,1.773,3.521
Chamaesaracha villosa,Zoochor,12,3.072,4.172
Ilex quercetorum,Zoochor,6,1.473,3.71
Mentha cunninghamii,Autochor,2,-2.87,4.601
Malesherbia linearifolia,Zoochor,6,0.126,2.709
Eucalyptus decorticans,Anemochor,13,-0.987,4.273
Zygogynum queenslandianum,Zoochor,11,2.075,3.437
Pitcairnia sprucei,Anemochor,3,-4.495,8.463
Mimulus guttatus,Autochor,16,1.801,1.324
Strychnos tricalysioides,Zoochor,11,1.993,5.015
Talinum aurantiacum,Autochor,15,3.588,2.983
Piper lhotzkyanum,Zoochor,15,2.999,3.261
Carex shimidzensis,Autochor,5,-1.661,2.08
Leucophyllum pringlei,Anemochor,2,-2.752,3.168
Apodocephala pauciflora,Anemochor,12,-7.611,3.502
Mikania parviflora,Anemochor,2,-0.805,6.627
Oxypetalum cordifolium,Anemochor,4,11.062,4.804
Searsia magalismontana,Zoochor,1,0.363,4.359
Nicotiana glutinosa,Anemochor,4,-4.17,2.479
Stenogonum flexum,Zoochor,4,0.791,0.512
Stylosanthes montevidensis,Autochor,7,4.042,4.821
Conostylis teretifolia,Autochor,2,-1.757,5.685
Attalea dubia,Zoochor,12,1.55,3.202
Bulbostylis boeckeleriana,Autochor,13,-0.297,3.296
Macrolobium multijugum,Anemochor,10,-3.559,5.842
Ranunculus gracilipes,Zoochor,2,-3.006,4.613
Asplundia caput-medusae,Zoochor,9,2.112,2.911
Paeonia californica,Anemochor,10,1.524,2.839
Melaleuca suberosa,Anemochor,3,-6.277,5.53
Hypenia marifolia,Autochor,2,-10.2,4.877
Carex myosuroides,Autochor,3,-2.561,-9.604
Radiola linoides,Autochor,16,-1.293,3.946
Pinus sibirica,Anemochor,14,-1.206,-0.947
Cirsium palustre,Zoochor,4,-2.35,2.054
Piper crassinervium,Zoochor,11,-0.752,3.664
Lycium stenophyllum,Anemochor,4,8.885,3.033
Sterculia costaricana,Anemochor,8,-3.046,4.317
Gomphrena scapigera,Autochor,9,-0.643,3.016
Viola abyssinica,Zoochor,12,1.401,3.907
Tetratheca subaphylla,Zoochor,9,-1.267,3.11
Condalia velutina,Zoochor,14,1.164,3.145
Bouteloua diversispicula,Anemochor,13,0.578,2.635
Paspalum pumilum,Autochor,2,1.295,4.238
Pomaderris vellea,Zoochor,15,0.304,2.87
Triumfetta longipedunculata,Zoochor,10,0.825,5.301
Melaleuca bracteosa,Anemochor,8,-1.427,5.772
Sebastiania bilocularis,Anemochor,5,7.357,2.572
Senegalia globosa,Autochor,5,0.071,3.523
Antidesma acidum,Anemochor,3,7.617,4.336
Gardenia erubescens,Zoochor,6,-4.384,5.885
Rinorea lindeniana,Autochor,5,-2.477,5.026
Ivesia sabulosa,Zoochor,5,-0.368,1.978
Anemia millefolia,Anemochor,15,7.723,5.359
Rhododendron floribundum,Anemochor,16,6.789,2.96
Pastinaca lucida,Anemochor,9,-0.732,3.029
Etlingera australasica,Zoochor,15,9.846,4.253
Platymiscium stipulare,Anemochor,14,-1.557,5.215
Ichnanthus ruprechtii,Autochor,1,1.996,4.779
Parsonsia lenticellata,Anemochor,14,-1.97,4.291
Serjania reticulata,Anemochor,9,1.322,4.273
Brachychiton discolor,Nautochor,9,-0.037,2.77
Oxalis glabra,Autochor,5,-1.087,3.327
Bougainvillea glabra,Zoochor,14,0.67,3.939
Leymus secalinus,Autochor,13,3.579,3.097
Chamelaucium drummondii,Zoochor,16,2.529,6.035
Dianthus gratianopolitanus,Anemochor,1,0.537,3.068
Calliandra juzepczukii,Autochor,5,-1.244,3.531
Columnea rosea,Anemochor,2,-10.479,6.041
Monochaetum multiflorum,Ombrochor,10,5.084,3.193
Phlegmariurus squarrosus,Chamaechor,1,-9.531,3.514
Mimosa deamii,Autochor,4,10.483,6.821
Choretrum lateriflorum,Zoochor,11,-0.915,5.021
Eperua rubiginosa,Anemochor,6,-3.838,5.666
Erythroxylum rufum,Zoochor,9,-0.414,4.856
Juncus ochraceus,Anemochor,1,3.818,3.433
Vallisneria caulescens,Autochor,1,0.826,5.783
Froelichia humboldtiana,Autochor,8,1.518,5.152
Pulicaria odora,Nautochor,14,1.314,2.697
Acronychia parviflora,Zoochor,14,4.172,2.747
Flagellaria guineensis,Autochor,14,-1.158,4.376
Serjania lethalis,Anemochor,13,-0.078,4.04
Iris potaninii,Autochor,11,2.472,-1.867
Minuartia lydia,Anemochor,6,2.739,3.108
Isocarpha megacephala,Autochor,7,1.02,4.597
Portulaca werdermannii,Autochor,4,3.705,4.171
Acacia obesa,Zoochor,16,0.907,6.03
Platymiscium trifoliolatum,Anemochor,12,9.683,4.001
Jamesbrittenia aurantiaca,Autochor,9,-0.523,4.467
Hakea tuberculata,Anemochor,13,-3.412,5.581
Asplenium parvum,Anemochor,13,1.007,3.018
Strombosia pustulata,Zoochor,9,-0.17,5.07
Varronia oaxacana,Autochor,15,4.832,4.018
Antennaria argentea,Anemochor,4,0.753,0.544
Aristolochia rugosa,Autochor,3,6.102,6.741
Digitaria polyphylla,Autochor,2,4.552,5.104
Ericameria discoidea,Anemochor,9,1.789,2.067
Eucalyptus melanoxylon,Anemochor,5,-0.661,5.706
Ammandra decasperma,Zoochor,11,-4.425,5.191
Buchnera pusilla,Autochor,4,3.934,4.749
Siphoneugena densiflora,Zoochor,15,-0.662,3.747
Brahea elegans,Zoochor,10,-3.44,2.916
Pomax umbellata,Ombrochor,11,0.85,3.996
Vasivaea podocarpa,Anemochor,15,11.538,5.818
Thesium humile,Zoochor,2,2.034,3.965
Mikania obtusata,Anemochor,12,6.533,4.469
Miconia nordestina,Zoochor,5,-0.2,3.297
Asemeia acuminata,Autochor,12,3.262,4.932
Avena sterilis,Anemochor,9,3.532,3.091
Piper cernuum,Zoochor,8,3.836,4.885
Selaginella douglasii,Chamaechor,15,1.314,0.767
Lasiacis standleyi,Anemochor,15,-3.025,3.684
Calamus henryanus,Zoochor,16,6.841,3.521
Grevillea spinosa,Autochor,16,6.327,6.573
Baccharis oxyodonta,Anemochor,5,0.333,3.603
Leptosema tomentosum,Zoochor,7,0.841,6.014
Pavetta inandensis,Zoochor,4,-4.058,3.243
Amsinckia tessellata,Hemerochor,10,1.022,2.517
Wahlenbergia brasiliensis,Anemochor,2,3.595,3.379
Quercus ilex,Zoochor,5,1.011,3.054
Dichondra donelliana,Zoochor,4,-1.902,2.931
Berberis aristata,Zoochor,15,7.871,2.573
Rhododendron columbianum,Anemochor,3,-3.174,1.171
Metaxya scalaris,Zoochor,9,-0.611,5.486
Epilobium microphyllum,Anemochor,5,-2.582,4.93
Poikilacanthus glandulosus,Autochor,9,0.729,4.961
Coreopsis falcata,Anemochor,16,6.253,6.292
Epacris reclinata,Anemochor,7,-0.394,2.585
Condalia buxifolia,Zoochor,8,16.434,3.358
Lycianthes asarifolia,Zoochor,3,15.709,7.187
Hakea myrtoides,Anemochor,5,-1.263,4.942
Esenbeckia hartmanii,Autochor,10,-2.349,3.65
Taenitis blechnoides,Anemochor,8,-2.399,5.173
Ranunculus cardiophyllus,Zoochor,11,-0.349,1.705
Cybianthus reticulatus,Zoochor,9,-2.992,5.274
Quercus praineana,Zoochor,11,-15.348,3.169
Hymenodictyon septentrionale,Nautochor,4,-4.461,6.64
Mutisia speciosa,Anemochor,13,0.397,4.36
Enteropogon macrostachyus,Anemochor,15,-0.955,5.424
Miconia theizans,Zoochor,7,0.713,3.781
Ardisia glandulosomarginata,Zoochor,15,-1.694,3.166
Anthurium pulverulentum,Zoochor,11,-1.972,3.613
Petrophile stricta,Autochor,1,-0.365,5.636
Mabea maynensis,Zoochor,7,1.332,6.706
Rinorea ovalifolia,Autochor,16,7.244,6.982
Alnus japonica,Anemochor,1,1.664,2.173
Melaleuca brophyi,Anemochor,7,-0.049,5.929
Carex timida,Autochor,2,2.719,3.305
Citharexylum macradenium,Zoochor,16,9.024,3.386
Lepidosperma australe,Zoochor,10,-2.609,5.356
Calea sessiliflora,Anemochor,5,2.286,3.212
Calamus optimus,Zoochor,11,1.747,3.867
Elaphoglossum sartorii,Anemochor,5,-0.271,3.045
Oreopanax liebmannii,Zoochor,14,-0.641,3.547
Tachigali denudata,Autochor,14,4.179,4.107
Panicum hylaeicum,Anemochor,5,1.317,4.808
Phoradendron pedicellatum,Zoochor,3,2.877,5.789
Valeriana officinalis,Autochor,11,-2.049,-1.637
Ternstroemia sphaerocarpa,Zoochor,1,7.321,3.65
Cirsium ehrenbergii,Zoochor,5,-1.585,3.016
Rauvolfia capixabae,Zoochor,10,4.973,3.714
Hyparrhenia filipendula,Autochor,9,0.043,2.982
Frankenia irregularis,Autochor,14,1.91,5.47
Eurya emarginata,Zoochor,10,2.916,2.685
Trichogonia heringeri,Anemochor,9,0.066,3.757
Lonicera sempervirens,Zoochor,4,6.04,4.989
Pereskia sacharosa,Zoochor,8,24.257,7.055
Persicaria dichotoma,Autochor,6,1.789,3.76
Echinopepon cirrhopedunculatus,Anemochor,6,0.161,3.52
Erica cristiflora,Autochor,1,1.81,2.756
Lonchocarpus eriocarinalis,Autochor,13,-0.742,2.549
Glochidion zeylanicum,Zoochor,3,1.667,5.065
Ipomoea villifera,Autochor,3,-21.114,3.635
Fragaria mexicana,Zoochor,14,11.386,3.028
Euryops tenuissimus,Anemochor,6,4.148,2.855
Lobelia appendiculata,Zoochor,12,10.541,5.921
Rhododendron rex,Anemochor,13,6.373,2.804
Acalypha stricta,Autochor,1,7.769,5.249
Polypodium appalachianum,Anemochor,14,0.787,2.47
Bisboeckelera irrigua,Autochor,13,-2.861,4.877
Angostura longiflora,Anemochor,8,11.081,7.576
Coleataenia anceps,Anemochor,10,2.802,4.865
Calamagrostis stricta,Autochor,15,-2.439,-2.891
Psychotria herzogii,Zoochor,15,0.164,6.585
Celtis caudata,Zoochor,7,-6.573,3.87
Gomphostigma virgatum,Anemochor,1,0.679,3.862
Guapira cuspidata,Zoochor,12,-1.838,7.099
Strychnos usambarensis,Zoochor,8,-0.288,5.05
Myrianthus preussii,Anemochor,16,1.227,5.773
Polemonium chinense,Anemochor,2,-1.473,-3.501
Faramea spathacea,Zoochor,8,-2.635,6.442
Matelea pringlei,Anemochor,8,1.188,5.063
Urochloa plantaginea,Autochor,10,2.398,4.398
Ruellia subsessilis,Autochor,16,7.148,3.574
Dendrophthoe vitellinus,Zoochor,12,0.93,3.512
Coptosperma humblotii,Zoochor,16,-3.51,4.003
Sidastrum micranthum,Autochor,8,3.609,5.219
Carpotroche pacifica,Zoochor,1,-5.759,4.638
Gardenia imperialis,Zoochor,13,-1.595,4.461
Astragalus magdalenae,Nautochor,8,-0.349,5.175
Moraea papilionacea,Autochor,11,-0.521,3.456
Stachys angustifolia,Autochor,6,1.02,2.398
Ficus racemosa,Zoochor,6,1.17,4.381
Cuphea persistens,Autochor,3,8.364,6.378
Calathea variegata,Zoochor,14,-0.205,4.464
Agalinis obtusifolia,Anemochor,4,11.046,7.412
Microchloa indica,Autochor,5,-1.612,5.06
Louteridium mexicanum,Autochor,7,-11.947,4.959
Heterotheca zionensis,Anemochor,3,1.249,1.772
Mimosa bimucronata,Autochor,6,0.954,4.094
Striga forbesii,Autochor,7,3.879,5.599
Cinnamomum philippinense,Zoochor,16,2.438,3.376
Fosterella rusbyi,Anemochor,6,-0.864,3.403
Cirsium edule,Zoochor,7,-1.103,-0.479
Lamarchea sulcata,Zoochor,14,6.936,5.517
Rhus microphylla,Zoochor,5,1.176,3.308
Solanum oblongum,Autochor,8,7.912,3.922
Psychotria turbinella,Zoochor,15,7.465,6.483
Celastrus hookeri,Zoochor,8,5.075,1.891
Bidens coronata,Zoochor,1,0.339,4.306
Hieracium eustictum,Zoochor,1,-1.41,3.554
Coccoloba meissneriana,Autochor,9,1.464,5.395
Conospermum crassinervium,Autochor,15,1.446,5.786
Atriplex leptocarpa,Anemochor,14,4.169,5.554
Yucca rigida,Zoochor,1,-0.119,2.696
Cleistanthus perrieri,Zoochor,6,0.308,3.713
Phacelia vallis-mortae,Anemochor,8,1.877,2.328
Eurya groffii,Zoochor,16,5.527,3.129
Ficus ardisioides,Zoochor,16,-0.157,5.128
Pedicularis hirsuta,Autochor,11,-8.062,-10.424
Senecio inaequidens,Hemerochor,6,-1.103,3.767
Cologania pallida,Autochor,10,1.539,3.24
Melicope brassii,Autochor,6,21.815,3.345
Boerhavia mutabilis,Zoochor,11,2.855,4.573
Hyperacanthus grevei,Zoochor,1,-0.98,4.686
Bunchosia polystachia,Zoochor,14,3.397,3.01
Romulea flava,Autochor,15,3.445,3.295
Syagrus harleyi,Zoochor,1,-1.955,3.451
Echinomastus erectocentrus,Zoochor,12,3.66,3.304
Sida rohlenae,Autochor,15,7.258,6.378
Aniba hostmanniana,Zoochor,6,-5.676,5.793
Aconitum sinomontanum,Hemerochor,1,4.744,1.89
Waltheria rotundifolia,Autochor,4,0.674,5.637
Globba atrosanguinea,Zoochor,16,3.307,3.642
Symphyotrichum lentum,Anemochor,7,4.484,1.269
Gilia ochroleuca,Autochor,14,0.509,2.347
Hesperothamnus pentaphyllus,Autochor,8,-3.413,3.815
Mimosa flagellaris,Autochor,16,5.497,5.909
Verticordia pritzelii,Zoochor,4,5.534,6.156
Aquilegia sibirica,Autochor,13,1.228,2.439
Croton cortesianus,Autochor,16,2.653,5.887
Graffenrieda caryophyllea,Anemochor,4,-39.437,7.082
Schizolaena gereaui,Zoochor,3,-3.553,4.32
Agonandra excelsa,Zoochor,1,3.418,5.011
Fumaria reuteri,Zoochor,1,0.779,2.657
Fridericia leucopogon,Anemochor,1,1.349,4.059
Grevillea excelsior,Autochor,15,1.217,5.735
Conostylis bealiana,Autochor,10,-1.934,5.588
Caesalpinia marginata,Autochor,3,17.273,7.834
Dahlstedtia pinnata,Nautochor,1,0.543,2.997
Polygonatum falcatum,Zoochor,4,0.585,1.419
Eriogonum greggii,Anemochor,14,14.596,3.133
Tithonia calva,Anemochor,15,0.137,3.431
Herbertia quareimana,Autochor,5,0.337,5.649
Eucalyptus apiculata,Anemochor,8,1.309,2.628
Gompholobium laxum,Nautochor,9,-1.953,5.734
Melica rectiflora,Anemochor,3,4.232,2.253
Goodenia vilmoriniae,Zoochor,3,17.43,7.075
Croton guianensis,Autochor,14,-0.508,5.444
Pitcairnia commixta,Anemochor,4,-1.2,3.77
Xylosma pseudosalzmanii,Zoochor,6,1.55,3.899
Syncarpha argyropsis,Anemochor,3,0.36,3.892
Ichthyothere terminalis,Autochor,12,4.293,6.715
Wisteria frutescens,Zoochor,16,4.569,5.52
Ocotea cujumary,Zoochor,15,2.005,6.516
Echinomastus intertextus,Zoochor,5,-0.885,2.486
Machaerium amplum,Anemochor,13,0.063,4.7
Ipomoea procurrens,Autochor,7,6.614,6.134
Boronia dichotoma,Autochor,14,-2.093,4.739
Chamaedorea pochutlensis,Zoochor,14,3.149,3.189
Gnidia chrysophylla,Zoochor,4,-7.432,4.615
Colchicum umbrosum,Zoochor,3,3.761,1.346
Symplocos subcuneata,Zoochor,11,6.032,4.612
Patersonia drummondii,Zoochor,12,1.758,5.888
Rhodomyrtus pervagata,Zoochor,7,15.177,3.335
Ptilotus incanus,Anemochor,6,4.902,5.441
Myrciaria floribunda,Zoochor,15,2.433,5.412
Callirhoe pedata,Anemochor,4,10.335,6.032
Alnus fauriei,Anemochor,8,13.621,1.024
Brunellia trianae,Autochor,9,1.771,3.169
Eragrostis aquatica,Autochor,16,2.316,2.178
Byrsonima stipulacea,Zoochor,14,-0.789,5.144
Hibiscus biseptus,Autochor,9,2.208,2.415
Calothamnus chrysanthereus,Anemochor,16,2.452,5.908
Lapsana communis,Zoochor,13,0.641,4.049
Pavonia fruticosa,Autochor,12,-1.041,5.453
Solanum humblotii,Autochor,6,-1.934,3.918
Sidalcea diploscypha,Autochor,2,0.488,2.679
Echinophora spinosa,Zoochor,1,2.121,4.066
Orobanche uniflora,Anemochor,7,0.632,0.585
Peperomia vueltasana,Zoochor,8,-6.594,4.304
Verticordia fimbrilepis,Zoochor,16,-0.295,5.554
Teijsmanniodendron sinclairii,Autochor,10,2.903,3.406
Vriesea tijucana,Anemochor,13,1.515,2.691
Allium victorialis,Anemochor,2,-0.947,1.955
Gambeya lacourtiana,Zoochor,9,-0.424,5.251
Dichapetalum pallidum,Zoochor,8,2.705,5.65
Geranium arabicum,Autochor,2,-0.443,3.316
Cleome macrophylla,Autochor,4,-0.907,5.258
Penstemon bicolor,Anemochor,10,2.881,2.315
Rhododendron rarum,Anemochor,6,2.742,3.644
Hymenasplenium hondoense,Anemochor,9,4.055,2.135
Eremophila drummondii,Zoochor,3,3.851,5.892
Blotiella currorii,Anemochor,3,0.632,5.502
Azolla caroliniana,Zoochor,15,4.043,6.129
Elaeocarpus coorangooloo,Zoochor,14,2.083,3.133
Adolphia californica,Anemochor,12,2.093,4.135
Silene sorensenis,Anemochor,5,0.185,-2.58
Potentilla gracilis,Zoochor,2,0.621,0.956
Eschweilera laevicarpa,Zoochor,8,-9.857,7.504
Anthemis arvensis,Zoochor,3,0.565,2.499
Lythrum gracile,Autochor,4,-1.684,4.18
Carex lachenalii,Autochor,9,-0.06,0.848
Sedum przewalskii,Anemochor,1,1.971,1.877
Viola boliviana,Zoochor,1,6.526,3.35
Sacciolepis curvata,Autochor,1,0.287,4.895
Homalanthus populneus,Zoochor,9,-1.089,2.923
Pogonopus tubulosus,Autochor,11,8.636,5.116
Tovomita stylosa,Zoochor,16,3.592,4.363
Adenium obesum,Autochor,15,0.695,5.111
Iseilema windersii,Anemochor,10,3.285,5.675
Miconia multiflora,Zoochor,12,12.995,3.338
Melaleuca parviceps,Anemochor,2,-1.883,5.174
Acer barbatum,Anemochor,10,3.94,5.023
Platystemon californicus,Anemochor,2,0.945,2.546
Ceratosanthes hilariana,Zoochor,10,2.087,5.294
Silene chlorifolia,Anemochor,6,0.953,2.854
Gomphrena pilosa,Autochor,3,2.725,4.099
Hackelia ciliata,Zoochor,8,0.966,-0.586
Taraxacum albidum,Anemochor,16,3.216,2.159
Plantago sempervirens,Autochor,7,0.864,2.554
Aethionema armenum,Anemochor,3,3.049,1.251
Phlox subulata,Zoochor,7,-1.04,2.214
Rapatea ulei,Autochor,6,-3.297,6.455
Cordia dodecandra,Autochor,9,0.093,5.12
Silene fabarioides,Anemochor,8,2.692,1.591
Eleocharis ovata,Autochor,13,-0.01,4.8
Hedyosmum strigosum,Zoochor,11,39.351,3.329
Lippia lupulina,Autochor,14,1.142,4.561
Daphnopsis megacarpa,Zoochor,4,5.867,5.939
Minuartia moehringioides,Anemochor,7,-1.085,3.193
Chytranthus prieurianus,Autochor,8,0.865,5.954
Digitaria gazensis,Autochor,11,-3.043,5.291
Carex colensoi,Autochor,9,-2.871,5.399
Coursetia glandulosa,Zoochor,3,-2.05,4.17
Connarus suberosus,Zoochor,12,4.427,6.349
Salix jaliscana,Anemochor,11,6.379,3.188
Cestrum strigilatum,Zoochor,1,3.561,4.869
Dryandra polycephala,Anemochor,6,-2.346,5.181
Sedum pulchellum,Anemochor,12,3.769,5.194
Galactia remansoana,Autochor,7,1.739,4.771
Erica australis,Autochor,15,1.168,2.69
Thysanotus chinensis,Zoochor,4,5.81,8.335
Trichilia prieuriana,Zoochor,7,2.631,6.136
Ipomoea seducta,Autochor,12,-6.106,4.394
Achyrospermum purpureum,Autochor,11,-2.351,3.369
Piper pulchrum,Zoochor,10,8.889,3.186
Carex insaniae,Autochor,13,4.46,2.341
Plukenetia volubilis,Autochor,12,-0.306,6.063
Dichanthelium commutatum,Autochor,15,4.024,4.678
Daphniphyllum calycinum,Zoochor,14,3.529,2.867
Cecropia engleriana,Zoochor,15,-1.015,6.192
Allium cernuum,Anemochor,16,0.186,0.38
Rhodostemonodaphne licanioides,Zoochor,5,-7.792,6.085
Russelia obtusata,Autochor,12,3.657,3.853
Corymbia terminalis,Anemochor,14,5.383,5.643
Piper lanceolatum,Zoochor,1,-0.166,5.118
Celtis occidentalis,Zoochor,1,1.468,4.962
Critoniopsis stellata,Anemochor,15,8.971,4.802
Ribes viscosissimum,Zoochor,12,1.899,-0.274
Pittocaulon praecox,Anemochor,16,-5.792,3.536
Piper bolivianum,Zoochor,4,43.3,3.39
Microsorum rampans,Anemochor,16,-9.695,4.106
Eriochrysis laxa,Anemochor,3,8.537,6.386
Pelargonium quercifolium,Anemochor,3,2.851,2.752
Tectaria gemmifera,Anemochor,8,-0.843,3.711
Machaerium aureiflorum,Anemochor,11,4.684,6.623
Gymnopodium floribundum,Zoochor,11,2.367,7.408
Verbesina virgata,Autochor,7,-5.343,3.364
Zornia reticulata,Autochor,11,3.714,4.73
Huperzia eversa,Chamaechor,4,29.417,3.113
Mortoniodendron hirsutum,Anemochor,3,-6.908,4.196
Asplenium laetum,Anemochor,5,2.506,3.051
Ichnanthus hirtus,Autochor,4,2.495,4.343
Porophyllum pringlei,Anemochor,1,-0.621,3.143
Miconia rubiginosa,Zoochor,15,2.621,5.577
Gentiana scabra,Anemochor,4,1.436,1.605
Smilax sieboldii,Zoochor,6,4.152,2.017
Phoenix reclinata,Zoochor,8,-1.765,5.188
Serjania acoma,Anemochor,11,2.513,4.648
Stylidium lateriticola,Autochor,7,-1.096,5.384
Ixia namaquana,Autochor,2,1.147,3.759
Valeriana italica,Anemochor,12,4.692,2.567
Sphaerorrhiza sarmentiana,Autochor,1,1.979,4.456
Piper daguanum,Zoochor,2,3.853,3.554
Bixa urucurana,Anemochor,15,3.183,6.449
Clematis smilacifolia,Anemochor,5,2.244,3.067
Hemipogon luteus,Anemochor,12,1.544,3.493
Polygonum setaceum,Anemochor,9,2.166,5.234
Meineckia fruticans,Autochor,16,-0.017,4.721
Melanthera latifolia,Autochor,6,5.455,4.969
Cynanchum orangeanum,Anemochor,13,-0.034,5.017
Besleria fallax,Zoochor,2,-6.899,3.452
Jacquemontia ciliata,Autochor,6,2.982,5.115
Drymaria cordata,Zoochor,6,0.37,4.29
Sempervivum montanum,Anemochor,9,-0.286,2.652
Drosera derbyensis,Autochor,6,3.39,6.395
Hemipogon setaceus,Anemochor,13,-0.094,4.647
Chasmanthera dependens,Zoochor,3,1.158,6.127
Bouteloua barbata,Anemochor,13,0.614,2.809
Blakea sawadae,Anemochor,15,2.89,4.026
Philadelphus affinis,Zoochor,13,0.253,3.455
Chasmanthium sessiliflorum,Zoochor,4,9.37,5.542
Psychotria clivorum,Zoochor,9,-4.964,2.85
Stevia micrantha,Anemochor,10,-0.834,2.809
Coccoloba lucidula,Autochor,6,3.254,5.706
Muhlenbergia stricta,Zoochor,10,2.046,3.019
Byrsonima stannardii,Zoochor,15,1.237,3.257
Matisia obliquifolia,Autochor,2,-8.646,5.283
Solanum furfuraceum,Autochor,2,1.518,3.896
Nicotiana longiflora,Anemochor,11,3.872,4.891
Psorospermum cerasifolium,Zoochor,13,-0.573,2.819
Salix daphnoides,Anemochor,8,-2.249,1.235
Machaeranthera pinnatifida,Anemochor,13,0.321,3.192
Gayophytum micranthum,Anemochor,15,-1.495,2.608
Camissonia walkeri,Autochor,14,1.617,1.986
Lupinus pratensis,Autochor,8,1.394,1.937
Achimenes patens,Autochor,14,12.052,3.215
Ligustrum morrisonense,Zoochor,7,5.041,3.031
Ruellia longipedunculata,Autochor,12,7.355,4.373
Polygala harleyi,Autochor,4,2.012,4.116
Tasmannia xerophila,Zoochor,11,-1.433,2.752
Lippia alba,Autochor,2,3.387,5.711
Eucalyptus lucens,Anemochor,11,-0.197,4.061
Stellaria alsinoides,Anemochor,15,2.555,1.996
Sarcopetalum harveyanum,Zoochor,16,1.018,3.314
Allamanda puberula,Anemochor,16,0.42,4.712
Calyptrogyne trichostachys,Zoochor,11,9.329,3.59
Dianthus benearnensis,Anemochor,11,67.873,1.86
Neea obovata,Zoochor,16,-24.051,6.78
Ligustrum quihoui,Zoochor,6,2.145,2.796
Melhania forbesii,Autochor,2,4.792,5.772
Myriactis nepalensis,Zoochor,5,4.289,2.565
Smilax ecirrhata,Zoochor,8,-1.904,-4.071
Salsola papillosa,Nautochor,10,0.27,2.527
Taxodium distichum,Nautochor,5,3.22,5.427
Vitis peninsularis,Zoochor,11,3.504,3.946
Dianthus hyssopifolius,Anemochor,11,0.601,2.194
Juncus occidentalis,Anemochor,13,1.389,2.697
Allium schmitzii,Anemochor,9,0.833,2.915
Ericameria laricifolia,Anemochor,15,2.903,2.354
Helenium quadridentatum,Anemochor,15,3.004,4.996
Pentaglottis sempervirens,Zoochor,8,0.377,2.085
Ferraria variabilis,Autochor,1,0.427,3.14
Leptospermum myrtifolium,Zoochor,6,-0.421,2.748
Packera breweri,Autochor,14,1.801,2.372
Clitoria mariana,Autochor,11,5.262,4.56
Setaria sulcata,Autochor,1,1.022,4.549
Heteromorpha involucrata,Autochor,5,-1.258,3.213
Campuloclinium macrocephalum,Anemochor,14,3.398,5.251
Pentalinon luteum,Anemochor,8,1.924,5.007
Eucryphia moorei,Anemochor,12,1.984,2.91
Psychotria prainii,Zoochor,8,3.944,4.602
Sesbania cannabina,Autochor,1,3.619,5.436
Erysimum graecum,Autochor,7,1.326,1.956
Oreobolus oligocephalus,Autochor,9,-3.437,3.59
Byrsonima linguifera,Zoochor,13,0.057,5.336
Elymus antiquus,Anemochor,16,-2.217,1.042
Peixotoa goiana,Anemochor,5,-2.272,4.154
Salix famelica,Anemochor,15,-1.859,-5.894
Commiphora campestris,Zoochor,7,5.941,5.161
Rhynchosia lineata,Autochor,14,0.656,5.149
Pera heteranthera,Autochor,8,3.335,4.263
Bidens triplinervia,Zoochor,3,1.219,2.8
Clypeola jonthlaspi,Anemochor,4,7.343,2.545
Tachigali paraensis,Autochor,7,6.16,6.871
Pimentelia glomerata,Anemochor,4,8.8,4.186
Rhynchospora dives,Autochor,11,7.087,4.312
Veronica serpyllifolia,Zoochor,8,-3.158,0.61
Hakea varia,Anemochor,13,-2.035,5.369
Orostachys thyrsiflora,Anemochor,12,2.437,-0.73
Senegalia bonariensis,Autochor,4,16.638,5.171
Achetaria erecta,Anemochor,1,-2.354,3.324
Campanula spicata,Anemochor,2,-1.281,1.467
Ranunculus orthorhynchus,Zoochor,12,0.754,0.919
Andira macrothyrsa,Zoochor,10,2.177,5.228
Swartzia longistipitata,Zoochor,10,-10.85,5.707
Sambucus peruviana,Zoochor,11,11.613,3.156
Parthenium hysterophorus,Hemerochor,13,0.839,3.701
Secamone timorensis,Anemochor,5,-1.018,4.927
Salvia viridis,Ombrochor,5,3.584,2.819
Carex setosa,Autochor,13,-0.332,3.383
Oenothera speciosa,Autochor,9,2.122,4.836
Wahlenbergia albomarginata,Anemochor,9,-2.835,5.517
Aconitum carmichaeli,Hemerochor,10,1.933,1.228
Pombalia calceolaria,Autochor,1,0.88,4.398
Tetratheca subaphylla,Zoochor,2,-1.278,2.728
Bellium nivale,Anemochor,4,3.033,2.215
Corymbia lenziana,Anemochor,11,5.381,5.866
Salix eleagnos,Anemochor,11,2.477,2.686
Annona aurantiaca,Zoochor,8,3.86,7.383
Theobroma obovatum,Zoochor,14,-2.1,5.907
Gonolobus edulis,Anemochor,9,0.872,2.587
Chamaesaracha coronopus,Zoochor,13,0.405,3.188
Commelina paludosa,Autochor,5,3.739,2.645
Drosanthemum calycinum,Ombrochor,15,1.312,3.896
Cassiope selaginoides,Autochor,8,-1.058,0.779
Tarenna truncatocalyx,Zoochor,6,5.075,3.297
Chloroleucon acacioides,Autochor,7,3.353,6.478
Bolbitis pandurifolia,Anemochor,4,-9.246,4.65
Leucadendron album,Anemochor,16,-0.758,2.823
Lantana rugosa,Zoochor,14,0.379,4.144
Aristida mendocina,Anemochor,16,13.807,6.043
Buddleja nivea,Anemochor,4,2.766,1.562
Ceratophyllum muricatum,Autochor,11,4.949,5.931
Bulbine glauca,Anemochor,4,0.079,2.357
Chamaedorea tenella,Zoochor,9,7.384,2.856
Galenia papulosa,Zoochor,2,1.207,4.63
Myrcia uberavensis,Zoochor,6,4.306,5.161
Schoenus tendo,Autochor,16,-2.581,6.13
Croton agrarius,Autochor,8,10.272,5.407
Philotheca glabra,Autochor,4,4.899,6.854
Philodendron opacum,Zoochor,13,-0.619,3.044
Osteospermum rigidum,Anemochor,15,1.363,4.173
Macrocentrum cristatum,Anemochor,10,-4.042,4.895
Asplenium nesii,Anemochor,13,2.579,3.283
Englerina inaequilatera,Zoochor,9,-0.921,3.485
Eucalyptus serraensis,Anemochor,7,-3.371,3.247
Microlicia comparilis,Autochor,14,-3.789,2.96
Combretum celastroides,Anemochor,1,-1.614,5.28
Melaleuca phoidophylla,Anemochor,8,2.116,5.752
Lundia spruceana,Anemochor,7,10.855,6.436
Camellia sinensis,Anemochor,6,3.879,2.569
Florestina latifolia,Anemochor,6,-2.392,3.375
Weinmannia burserifolia,Anemochor,14,-0.701,2.984
Trifolium incarnatum,Zoochor,13,0.153,4.844
Eragrostis desertorum,Autochor,1,5.166,5.774
Drosera sessilifolia,Autochor,12,6.229,6.674
Isachne polygonoides,Zoochor,10,1.433,5.873
Papaver variegatum,Anemochor,13,2.681,1.28
Clarkia xantiana,Anemochor,9,-0.773,2.26
Siloxerus pygmaeus,Anemochor,3,1.959,5.828
Cryptotaenia japonica,Autochor,10,3.233,2.186
Eragrostis desertorum,Autochor,3,12.826,7.742
Drymonia tenuis,Anemochor,2,14.509,3.42
Eleocharis albibracteata,Autochor,13,-2.154,3.604
Chamaecrista debilis,Autochor,11,1.263,3.432
Lonicera hypoglauca,Zoochor,2,4.246,2.624
Mimosa skinneri,Autochor,16,5.315,6.487
Trichomanes plumosum,Anemochor,9,-2.722,3.587
Asterostigma riedelianum,Zoochor,12,0.09,4.707
Ilex taubertiana,Zoochor,8,1.682,3.561
Oryza punctata,Zoochor,13,-1.425,4.727
Taenitis hookeri,Anemochor,1,0.712,3.221
Strychnos gardneri,Zoochor,16,7.29,4.605
Bunchosia lindeniana,Zoochor,4,3.103,6.911
Pavonia humifusa,Autochor,3,8.321,5.792
Diplusodon hirsutus,Autochor,1,-0.916,3.681
Solanum capsiciforme,Autochor,15,-0.878,5.768
Bursera citronella,Zoochor,15,-0.949,4.155
Panicum pilosum,Anemochor,13,-0.854,4.772
Teucrium edetanum,Autochor,1,3.425,2.912
Spathantheum orbignyanum,Zoochor,11,1.108,2.951
Galvezia juncea,Autochor,3,3.759,5.45
Erigeron subtrinervis,Anemochor,13,0.545,2.51
Viburnum ayavacense,Zoochor,8,2.735,2.719
Lallemantia peltata,Zoochor,16,0.311,1.031
Psychotria sphaerocephala,Zoochor,10,2.885,5.752
Annona leptopetala,Zoochor,2,0.068,4.541
Peronema canescens,Autochor,1,-0.081,4.264
Digitalis lanata,Hemerochor,7,2.605,1.876
Poa drummondiana,Anemochor,12,-0.94,5.699
Guatteria schomburgkiana,Zoochor,7,0.614,7.027
Asta schaffneri,Anemochor,16,3.549,3.252
Spigelia schlechtendaliana,Autochor,10,-0.891,3.317
Connarus nervatus,Zoochor,6,-11.036,4.562
Gnaphalium polycaulon,Anemochor,6,5.114,5.153
Solidago bicolor,Anemochor,11,-0.548,2.436
Hannafordia bissillii,Zoochor,1,1.53,5.462
Melaleuca teuthidoides,Anemochor,3,0.066,5.904
Ixora narcissodora,Zoochor,13,-1.25,4.362
Cryptocarya woodii,Zoochor,8,-0.887,3.364
Tetrapterys discolor,Anemochor,12,5.169,6.9
Gentianella aspera,Anemochor,2,4.066,1.381
Stanleya pinnata,Hemerochor,16,1.748,2.521
Fimbristylis subaristata,Anemochor,1,2.499,5.419
Philodendron grazielae,Zoochor,15,1.491,6.525
Carlowrightia parviflora,Autochor,16,3.14,3.922
Baccharis conyzoides,Anemochor,9,0.402,3.258
Annona mucosa,Zoochor,10,1.784,5.337
Quercus crispipilis,Zoochor,14,-5.152,3.184
Linaria cretacea,Anemochor,3,2.026,2.991
Arachnothryx gonzaleoides,Autochor,15,2.363,4.474
Salvia lasiocephala,Autochor,2,1.23,3.998
Conostylis petrophiloides,Autochor,6,-1.032,5.948
Dryandra ferruginea,Anemochor,7,-0.005,5.938
Frankenia irregularis,Autochor,9,-0.659,5.358
Alternanthera rufa,Autochor,6,3.154,4.59
Euploca filiformis,Autochor,13,-0.373,4.658
Photinia oblongifolia,Zoochor,12,3.497,3.558
Dicliptera paniculata,Autochor,7,0.244,5.39
Cucurbita maxima,Autochor,10,2.385,4.86
Clausena excavata,Zoochor,10,2.387,3.696
Anisodontea scabrosa,Autochor,3,-0.136,3.305
Cardamine tanakae,Autochor,15,1.083,2.025
Gaya dentata,Autochor,12,-3.504,3.771
Fimbristylis cymosa,Anemochor,15,0.318,5.174
Thysanotus patersonii,Zoochor,2,-0.014,5.014
Ouratea mexicana,Zoochor,13,0.273,2.986
Pleopeltis pleopeltifolia,Anemochor,11,0.773,4.064
Wedelia villosa,Autochor,12,1.05,4.678
Tetramerium tenuissimum,Autochor,2,-0.382,4.152
Cheiranthera parviflora,Zoochor,10,-1.293,5.218
Piper macedoi,Zoochor,8,3.209,5.802
Hymenophyllum tunbrigense,Anemochor,5,2.068,3.575
Myrtus communis,Zoochor,8,1.801,2.987
Fridericia patellifera,Anemochor,15,5.828,6.354
Tetracera hydrophila,Zoochor,4,-1.801,7.675
Begonia hirtella,Autochor,4,2.029,4.255
Batrachium peltatum,Zoochor,2,-0.683,2.866
Anemopaegma citrinum,Anemochor,1,0.86,4.485
Thalia geniculata,Zoochor,14,-0.421,5.174
Gnephosis cassiniana,Anemochor,2,0.705,6.034
Duthiastrum linifolium,Autochor,11,0.84,5.619
Xanthostemon paradoxus,Nautochor,6,-2.259,5.848
Solanum subinerme,Zoochor,16,2.155,6.487
Croton antanosiensis,Autochor,9,0.803,2.884
Piper ottoniifolium,Zoochor,16,-0.63,4.232
Zinowiewia rubra,Anemochor,8,3.952,3.811
Tragopogon castellanus,Anemochor,4,0.594,2.266
Opercularia aspera,Zoochor,2,0.208,3.113
Utricularia longeciliata,Autochor,1,-6.862,5.313
Melampyrum roseum,Zoochor,11,1.452,1.877
Psychotria gracilenta,Zoochor,3,11.447,6.732
Buddleja sessiliflora,Anemochor,5,0.13,2.916
Arachnothryx villosa,Autochor,9,-5.281,3.891
Buddleja salviifolia,Anemochor,15,0.949,3.081
Guatteria inundata,Zoochor,1,-4.258,6.359
Gamochaeta falcata,Anemochor,3,5.771,3.789
Vernicia montana,Autochor,9,3.568,2.484
Philodendron senatocarpium,Zoochor,1,8.404,4.736
Erica nudiflora,Autochor,11,1.831,3.203
Arrabidaea chica,Anemochor,11,-5.27,6.514
Leptospermum pallidum,Zoochor,16,1.488,5.554
Erythroxylum cataractarum,Zoochor,5,-3.628,5.156
Arabis procurrens,Autochor,4,0.13,0.174
Notholaena aschenborniana,Anemochor,8,3.216,3.351
Adelia oaxacana,Anemochor,10,1.964,4.054
Scutellaria parvula,Ombrochor,11,1.302,3.144
Trixis antimenorrhoea,Anemochor,9,0.532,3.714
Aster satsumensis,Anemochor,11,4.125,2.405
Rhododendron molle,Anemochor,3,3.339,3.294
Oncinotis glabrata,Anemochor,12,2.498,6.183
Siparuna radiata,Zoochor,3,-6.423,7.297
Fimbristylis tristachya,Anemochor,7,3.082,3.92
Psychotria subobliqua,Zoochor,10,8.323,3.115
Daviesia ulicifolia,Zoochor,9,-1.019,3.865
Aconitum maximum,Hemerochor,2,-1.547,-6.534
Silene songarica,Anemochor,11,1.064,-3.192
Tigridia pavonia,Autochor,4,-15.59,3.057
Scrophularia orientalis,Anemochor,16,-3.35,1.161
Louteridium costaricense,Autochor,3,-13.252,6.926
Sidalcea sparsifolia,Autochor,3,-0.4,2.802
Strychnos atlantica,Zoochor,8,1.745,5.215
Rorippa indica,Autochor,3,4.184,3.164
Lesquerella douglasii,Anemochor,3,-0.263,-0.529
Stylisma pickeringii,Autochor,3,8.17,6.226
Phlox hoodii,Zoochor,3,-0.931,-3.585
Triumfetta annua,Zoochor,14,-0.013,3.197
Amaranthus viridis,Zoochor,7,8.513,6.176
Androsace rotundifolia,Anemochor,1,0.918,1.95
Maytenus urbaniana,Zoochor,1,0.858,3.09
Paronychia aretioides,Autochor,8,1.72,2.54
Salpianthus purpurascens,Zoochor,15,6.7,4.341
Muhlenbergia uniflora,Zoochor,15,-0.361,1.299
Eremophila alternifolia,Zoochor,15,3.342,5.66
Sclerochloa dura,Zoochor,15,2.257,3.631
Verreauxia reinwardtii,Zoochor,13,-0.899,5.594
Gahnia aspera,Zoochor,13,-0.392,3.186
Camissoniopsis robusta,Anemochor,5,0.738,2.778
Festuca viviparoidea,Anemochor,4,-12.812,-17.537
Besleria notabilis,Zoochor,3,2.21,3.992
Odontites kaliformis,Zoochor,11,1.67,2.479
Pariana bicolor,Zoochor,13,0.545,4.869
Senecio reptans,Anemochor,7,2.128,4.58
Fumaria flabellata,Zoochor,5,1.796,2.72
Tasmannia stipitata,Zoochor,16,4.284,2.61
Androsace villosa,Anemochor,12,-6.262,0.697
Rhododendron noriakianum,Anemochor,9,2.743,2.534
Verbesina pedunculosa,Autochor,7,0.155,3.323
Decaspermum gracilentum,Zoochor,2,5.239,3.825
Draba brachycarpa,Anemochor,15,4.048,5.499
Achillea odorata,Anemochor,8,1.122,2.089
Ocotea puberula,Zoochor,8,3.992,4.786
Zanthoxylum gardneri,Zoochor,6,1.858,5.084
Faucherea glutinosa,Zoochor,13,0.042,3.169
Astrantia major,Anemochor,3,0.652,1.432
Paspalum oligostachyum,Autochor,3,0.178,4.553
Cardamine tenera,Autochor,4,0.791,1.274
Eryngium ekmanii,Autochor,4,7.236,5.516
Ficinia argyropus,Zoochor,9,0.175,2.981
Catophractes alexandri,Anemochor,4,7.248,7.24
Piper carniconnectivum,Zoochor,5,-0.677,5.508
Eremophila platythamnos,Zoochor,6,4.858,5.794
Asclepias curassavica,Anemochor,8,2.736,5.147
Anthurium solitarium,Zoochor,11,0.661,3.241
Minuartia californica,Anemochor,16,-0.126,2.708
Compsoneura trianae,Zoochor,3,-5.544,4.221
Parathesis leptopa,Zoochor,9,1.98,3.111
Stemona lucida,Autochor,1,-1.55,4.712
Dieffenbachia oerstedii,Zoochor,7,-6.244,4.237
Trichomanes angustatum,Anemochor,5,1.044,3.145
Phyllanthus flagelliformis,Autochor,1,-0.281,3.5
Psilactis asteroides,Anemochor,14,0.828,2.859
Camassia leichtlinii,Anemochor,11,0.869,2.275
Guarea silvatica,Zoochor,14,-3.889,5.56
Eucalyptus densa,Anemochor,12,-2.471,5.855
Tococa ciliata,Zoochor,5,-12.328,5.345
Asperula tinctoria,Zoochor,10,-0.437,4.233
Pyrola americana,Anemochor,9,0.205,4.015
Ornithogalum broteroi,Anemochor,12,1.583,3.01
Ranunculus oxyspermus,Zoochor,3,3.921,4.156
Gypsophila struthium,Autochor,13,0.704,2.968
Desmodium sclerophyllum,Zoochor,4,12.485,8.108
Hessea stellaris,Autochor,16,4.205,3.048
Vochysia grandis,Anemochor,13,-2.2,4.913
Carex doniana,Autochor,2,3.228,2.292
Buddleja asiatica,Anemochor,4,8.376,4.093
Monardella sinuata,Anemochor,8,8.526,2.846
Ptilotus whitei,Anemochor,4,6.554,7.248
Epimedium sempervirens,Zoochor,6,9.839,1.949
Dampiera wellsiana,Zoochor,8,2.405,6.052
Desmodium molliculum,Zoochor,8,6.635,3.471
Xyris ambigua,Autochor,15,5.89,7.426
Miconia splendens,Zoochor,7,1.604,6.832
Campyloneurum repens,Anemochor,8,4.369,6.556
Dalea brachystachys,Anemochor,16,1.133,3.477
Liatris microcephala,Anemochor,14,1.295,3.755
Gentiana piasezkii,Anemochor,12,-3.398,0.823
Cirsium occidentale,Zoochor,2,0.904,2.252
Erica sonderiana,Autochor,2,-0.864,3.06
Sporobolus heterolepis,Anemochor,13,0.337,5.053
Oroxylum indicum,Anemochor,6,5.675,4.125
Erigeron elegantulus,Anemochor,9,-0.422,2.452
Allium cardiostemon,Anemochor,14,0.58,2.508
Centipeda thespidioides,Anemochor,6,5.906,5.688
Xanthorrhoea semiplana,Zoochor,8,2.176,5.059
Solidago arguta,Anemochor,2,2.025,3.185
Drymaria glandulosa,Zoochor,1,3.947,3.195
Marsdenia coronata,Anemochor,3,2.177,3.438
Elaphoglossum styriacum,Anemochor,8,-0.672,7.012
Banksia calophylla,Anemochor,14,-5.209,4.95
Raphionacme flanaganii,Anemochor,2,0.789,3.854
Felicia clavipilosa,Anemochor,14,0.726,5.22
Adenophora polyantha,Anemochor,9,1.809,3.606
Ambrosia monogyra,Hemerochor,3,4.558,3.86
Croton nitidulus,Autochor,2,-3.904,3.418
Abrotanella linearis,Anemochor,7,-2.747,4.076
Templetonia rossii,Nautochor,7,0.832,5.814
Ruellia megasphaera,Autochor,9,0.776,2.697
Abuta rufescens,Zoochor,1,-0.762,5.853
Diplusodon parvifolius,Autochor,11,1.779,3.48
Castilleja suksdorfii,Anemochor,15,3.055,0.484
Setaria hassleri,Autochor,8,12.681,7.251
Sida everistiana,Autochor,10,1.798,5.054
Sacoglottis amazonica,Zoochor,10,-4.657,5.588
Reimarochloa acuta,Anemochor,12,8.752,6.622
Begonia oxyanthera,Autochor,15,-0.871,4.383
Mimosa artemisiana,Autochor,3,2.454,3.493
Bothriocline fusca,Anemochor,16,-2.813,3.421
Gaylussacia riedelii,Autochor,9,-2.3,2.676
Helicteres sacarolha,Autochor,14,1.283,4.848
Triodia inutilis,Anemochor,7,6.129,7.226
Ficinia argyropus,Zoochor,5,-0.142,3.027
Stewartia sinensis,Anemochor,2,3.208,2.435
Guatteria richardii,Zoochor,10,-0.191,5.479
Berzelia abrotanoides,Zoochor,1,-3.729,3.666
Syzygium grijsii,Zoochor,9,3.465,2.415
Calamus henryanus,Zoochor,3,6.501,4.244
Ouratea orbignyana,Zoochor,6,2.061,6.889
Dorstenia hirta,Zoochor,11,-0.381,3.055
Carex lurida,Autochor,5,0.245,3.674
Verbena officinalis,Zoochor,7,3.835,3.516
Daviesia sarissa,Zoochor,11,0.936,5.552
Carphochaete grahamii,Anemochor,15,0.789,3.033
Werauhia viridiflora,Anemochor,1,9.519,3.314
Eragrostis lanicaulis,Autochor,10,4.243,5.286
Siphocampylus bilabiatus,Autochor,2,0.03,3.22
Populus deltoides,Anemochor,12,1.439,2.617
Acinos arvensis,Autochor,7,-1.595,3.298
Rauvolfia littoralis,Zoochor,6,1.545,4.265
Ericameria martirensis,Anemochor,7,2.042,3.266
Austrobrickellia arnottii,Anemochor,1,1.995,4.786
Lampranthus borealis,Zoochor,13,0.237,2.653
Planchonella endlicheri,Zoochor,5,1.866,2.832
Gentianella azurea,Anemochor,15,-5.578,-3.324
Dryopteris campyloptera,Anemochor,6,-0.106,0.783
Costus guanaiensis,Zoochor,6,0.09,5.386
Picramnia teapensis,Zoochor,5,0.165,3.726
Dypsis procumbens,Zoochor,4,-11.134,4.235
Hymenophyllum undulatum,Anemochor,12,-4.319,3.508
Xanthostemon youngii,Nautochor,13,0.035,4.321
Trollius asiaticus,Autochor,10,-5.331,-2.802
Eucalyptus leptophleba,Anemochor,12,1.308,5.4
Myrciaria guaquiea,Zoochor,5,-1.058,3.298
Eurybia integrifolia,Anemochor,12,-0.201,-0.621
Psychotria nemorosa,Zoochor,3,2.219,3.321
Vepris cauliflora,Zoochor,13,-0.711,3.079
Ditassa taxifolia,Anemochor,6,0.795,5.317
Phellodendron chinense,Zoochor,5,3.451,2.519
Piper scutilimbum,Zoochor,8,-0.025,4.358
Enicostema elizabethiae,Autochor,14,-1.273,4.205
Cirsium heiianum,Zoochor,6,3.916,1.563
Kunzea capitata,Zoochor,11,-0.828,3.386
Pimpinella caffra,Anemochor,6,1.105,3.067
Lapiedra martinezii,Anemochor,8,4.51,2.525
Securinega capuronii,Zoochor,7,3.389,5.256
Ceiba erianthos,Anemochor,12,1.329,3.849
Lomatium columbianum,Autochor,7,1.25,1.452
Leandra quinquedentata,Zoochor,5,-1.247,2.927
Thalassodendron ciliatum,Autochor,3,1.587,6.581
Elaeagnus murakamiana,Zoochor,4,4.706,2.473
Mesembryanthemum emarcidum,Ombrochor,2,1.229,3.298
Oxalis triangularis,Autochor,15,2.105,4.325
Chusquea tenuiglumis,Anemochor,12,2.651,3.981
Xanthorrhoea minor,Zoochor,1,-1.196,3.829
Philodendron inaequilaterum,Zoochor,7,1.5,4.989
Solanum chenopodinum,Autochor,1,6.901,5.594
Cordia decipiens,Autochor,1,4.165,6.111
Scorzoneroides palisiae,Anemochor,5,0.599,3.689
Hirtella tenuifolia,Zoochor,15,2.653,6.475
Dryopteris marginata,Anemochor,8,7.3,3.793
Rhamnus prinoides,Zoochor,2,1.89,3.228
Plantago amplexicaulis,Zoochor,14,3.456,3.794
Clematis pickeringii,Anemochor,16,-0.298,4.34
Smilax schomburgkiana,Zoochor,3,7.834,7.211
Swainsona eremaea,Nautochor,1,8.936,5.409
Leandra fallax,Zoochor,8,5.668,3.235
Streptocarpus confusus,Autochor,12,-0.447,2.99
Joannesia princeps,Autochor,9,1.408,2.933
Rhododendron periclymenoides,Anemochor,8,-0.077,2.866
Moquiniastrum barrosoae,Anemochor,16,2.723,5.565
Globba brachyanthera,Zoochor,11,-1.062,3.965
Rotheca myricoides,Autochor,9,-1.048,3.149
Scleroblitum atriplicinum,Zoochor,13,0.666,5.324
Bergia henshallii,Zoochor,9,1.202,4.858
Iris cristata,Autochor,9,1.525,3.671
Polemonium caeruleum,Anemochor,13,0.296,2.855
Utricularia chrysantha,Autochor,6,-1.326,5.525
Cylindropuntia echinocarpa,Zoochor,6,-2.163,2.671
Cyphostemma kilimandscharicum,Zoochor,9,-1.062,3.076
Rumex fueginus,Zoochor,13,1.676,2.885
Monotropa uniflora,Anemochor,2,-0.549,1.899
Philodendron corcovadense,Zoochor,10,2.36,4.055
Lupinus nevadensis,Autochor,4,3.666,0.099
Adolphia californica,Anemochor,14,1.677,3.052
Sorghum bulbosum,Zoochor,15,3.538,6.173
Sporobolus creber,Autochor,12,1.682,4.076
Acer tenuifolium,Anemochor,3,12.526,1.202
Miconia tetraspermoides,Zoochor,9,-0.321,4.94
Machaonia brasiliensis,Autochor,3,8.057,5.699
Gazania tenuifolia,Anemochor,2,4.25,3.735
Banksia dryandroides,Anemochor,10,-1.751,4.578
Anisomeles salviifolia,Hemerochor,2,3.849,6.164
Thylacopteris papillosa,Anemochor,5,0.321,3.16
Myriophyllum humile,Autochor,10,-0.979,3.465
Pandorea jasminoides,Anemochor,1,-0.733,3.123
Chamaecrista cotinifolia,Autochor,10,-0.453,4.357
Echites woodsonianus,Anemochor,11,-0.945,3.426
Dysoxylum acutangulum,Zoochor,14,-1.466,4.78
Hyptis turnerifolia,Autochor,8,-1.724,4.611
Herniaria fruticosa,Hemerochor,5,0.823,2.941
Ocotea porphyria,Zoochor,2,11.922,3.425
Babingtonia camphorosmae,Zoochor,8,-0.02,5.494
Drimia uniflora,Anemochor,7,1.474,3.561
Echinostephia aculeata,Zoochor,7,2.325,3.295
Psittacanthus calyculatus,Zoochor,4,3.7,5.477
Calyptranthes plicata,Zoochor,11,-6.566,6.483
Hancea capuronii,Zoochor,6,0.982,3.062
Gnidia baurii,Zoochor,4,1.315,3.331
Symphyotrichum urophyllum,Anemochor,6,-0.198,3.9
Bunchosia dwyeri,Zoochor,2,-0.738,4.079
Croton geayi,Autochor,9,-0.695,3.758
Jamesbrittenia burkeana,Autochor,1,0.398,4.055
Hubertia myricifolia,Anemochor,11,-3.543,3.251
Piper yucatanense,Zoochor,3,5.824,5.951
Launaea cornuta,Anemochor,1,0.166,4.515
Smilax blumei,Zoochor,4,-3.643,5.715
Strychnos toxifera,Zoochor,11,-1.499,4.49
Descurainia sophia,Zoochor,4,-1.594,2.431
Curculigo scorzonerifolia,Autochor,6,3.331,5.737
Achnatherum hymenoides,Zoochor,7,1.304,1.773
Eriachne burkittii,Zoochor,11,-3.896,6.067
Calceolaria sparsiflora,Autochor,1,-2.104,3.198
Anthurium sellowianum,Zoochor,2,1.527,3.117
Peperomia jamesoniana,Zoochor,10,-3.709,3.466
Cleome rubella,Autochor,6,1.166,5.255
Malanea obovata,Autochor,1,-1.747,5.627
Piptochaetium seleri,Zoochor,9,-2.135,3.132
Verbesina semidecurrens,Autochor,8,-2.078,2.296
Bisboeckelera microcephala,Autochor,6,-1.586,5.71
Chromolaena mucronata,Anemochor,4,34.959,6.961
Turnera trigona,Autochor,12,-2.086,5.107
Reichardia tingitana,Anemochor,13,1.978,3.107
Pipturus argenteus,Anemochor,11,-2.856,3.554
Miconia formosa,Zoochor,14,1.118,3.002
Sida potentilloides,Autochor,4,3.007,3.802
Brachyscome basaltica,Anemochor,7,3.462,5.208
Erato vulcanica,Zoochor,13,9.132,3.151
Heliconia densiflora,Zoochor,15,4.374,6.375
Tillandsia clavigera,Anemochor,1,-6.535,4.077
Buddleja sessiliflora,Anemochor,1,0.047,3.025
Lomatium mohavense,Autochor,11,-1.457,2.381
Eucalyptus provecta,Anemochor,13,0.185,4.453
Piper wallichii,Zoochor,7,4.829,2.567
Eleocharis compressa,Autochor,3,0.753,0.32
Passiflora pentagona,Zoochor,3,6.194,5.532
Scleria verticillata,Autochor,2,4.994,6.217
Trembleya neopyrenaica,Autochor,11,-8.557,4.613
Moranopteris nana,Anemochor,15,-3.432,6.001
Nicotiana simulans,Anemochor,13,0.989,4.935
Crumenaria erecta,Zoochor,7,7.019,4.987
Podocarpus lawrencei,Zoochor,11,-1.763,2.99
Hypericum hyssopifolium,Zoochor,11,0.355,2.051
Tagetes subulata,Anemochor,12,2.221,3.575
Lepisanthes senegalensis,Anemochor,12,1.316,5.408
Coleocarya gracilis,Autochor,3,1.232,5.071
Piptatherum tibeticum,Anemochor,5,1.983,2.434
Ageratina herbacea,Anemochor,11,0.649,2.062
Gladiolus wilsonii,Anemochor,13,0.6,3.289
Cynoglossum wallichii,Zoochor,12,15.248,0.632
Elaphoglossum pachydermum,Anemochor,7,0.656,3.254
Apodanthera laciniosa,Zoochor,4,5.705,5.342
Callaeum septentrionale,Anemochor,13,-0.079,2.752
Eucalyptus johnsoniana,Anemochor,11,-0.76,5.383
Saxifraga rosacea,Anemochor,7,-0.896,1.421
Litsea lancifolia,Zoochor,5,2.227,3.047
Eriogonum inerme,Anemochor,7,1.901,1.937
Stachystemon virgatus,Zoochor,6,-2.671,5.593
Siphonodon celastrineus,Zoochor,12,-2.55,4.586
Miconia ampla,Zoochor,6,0.39,5.789
Viburnum hallii,Zoochor,2,-1.273,3.349
Lysimachia capillipes,Anemochor,2,4.696,2.771
Aralia soratensis,Zoochor,10,5.172,3.622
Dudleya gatesii,Anemochor,8,9.847,4.646
Aristolochia cymbifera,Autochor,1,1.359,2.928
Eucalyptus neglecta,Anemochor,1,-1.314,3.067
Erythrina lanata,Autochor,8,8.491,5.077
Penstemon havardii,Anemochor,14,1.374,2.707
Ionopsidium abulense,Anemochor,15,0.772,2.794
Ipomopsis aggregata,Autochor,14,1.106,2.014
Croton leucophyllus,Autochor,8,5.253,6.491
Tetrastigma formosanum,Zoochor,12,4.358,3.044
Janusia occhionii,Anemochor,14,3.72,4.941
Tetrastigma thorsborneorum,Zoochor,10,-1.844,4.178
Centradenia floribunda,Ombrochor,4,13.427,5.955
Carex aperta,Autochor,8,0.365,-1.994
Costus erythrophyllus,Zoochor,4,-0.139,8.126
Phyllanthus parvulus,Autochor,3,5.222,5.263
Cryptantha oblata,Zoochor,2,0.451,3.202
Trillium angustipetalum,Zoochor,10,3.783,2.357
Campomanesia adamantium,Zoochor,16,2.807,5.317
Declieuxia lysimachioides,Zoochor,6,-0.159,3.851
Inga stenoptera,Zoochor,13,-1.055,5.468
Veronica gentianoides,Zoochor,13,1.961,2.612
Dorstenia bahiensis,Zoochor,10,-1.733,4.138
Achyrospermum purpureum,Autochor,9,-0.797,2.869
Muhlenbergia filiformis,Zoochor,2,0.171,1.0
Solanum paniculatum,Autochor,2,1.115,4.734
Eremocaulon aureofimbriatum,Autochor,11,-1.46,4.111
Agastache scrophulariifolia,Zoochor,3,0.439,3.445
Alexa grandiflora,Anemochor,5,-0.0,5.407
Geocarpon minimum,Anemochor,9,2.52,5.274
Hypericum pratense,Zoochor,5,2.169,3.147
Micromyrtus triptycha,Zoochor,2,0.689,5.862
Sauvagesia fruticosa,Autochor,7,-5.694,6.74
Epilobium saximontanum,Anemochor,9,0.361,1.939
Eremophila racemosa,Zoochor,7,0.245,5.828
Festuca minutiflora,Anemochor,12,1.492,-4.429
Cirsium tracyi,Zoochor,1,0.816,1.089
Coussapoa cinnamomifolia,Zoochor,10,1.095,3.109
Aeschynomene rudis,Anemochor,7,7.202,6.56
Polygala trichosperma,Autochor,9,-0.586,4.232
Nertera ciliata,Zoochor,6,-2.966,4.622
Castilleja toluccensis,Anemochor,12,4.132,4.0
Monardella glauca,Anemochor,8,1.876,1.065
Boerhavia diffusa,Zoochor,8,3.112,6.109
Marattia laxa,Chamaechor,11,6.08,4.455
Pilosella heteromelana,Zoochor,11,-1.478,3.078
Nassella viridula,Zoochor,13,0.331,4.756
Burasaia madagascariensis,Zoochor,6,-4.096,3.431
Aristida engleri,Anemochor,9,-0.596,4.284
Lindsaea obtusa,Anemochor,5,-1.792,2.987
Melicoccus bijugatus,Zoochor,14,0.553,4.415
Nicotiana bonariensis,Anemochor,6,1.405,4.334
Tephrosia vicioides,Autochor,2,-0.371,3.743
Eucalyptus pileata,Anemochor,14,-1.288,5.603
Heliotropium transalpinum,Autochor,3,9.137,5.239
Sida elliottii,Autochor,14,3.164,4.578
Polylepis pauta,Zoochor,11,7.799,3.76
Spodiopogon sibiricus,Zoochor,13,4.039,2.322
Rustia rubra,Autochor,8,3.464,4.951
Endlicheria bracteata,Zoochor,2,-1.228,6.21
Ouratea floribunda,Zoochor,7,0.74,4.318
Pleocnemia leuzeana,Anemochor,4,-0.977,4.585
Mastersiella purpurea,Autochor,14,-1.362,2.811
Bassia salsoloides,Hemerochor,5,0.061,4.028
Trochomeria macrocarpa,Zoochor,7,-0.458,5.463
Verbascum barnadesii,Hemerochor,5,0.654,3.371
Schisandra sphenanthera,Nautochor,11,2.866,2.327
Isodon coetsa,Autochor,13,3.485,2.917
Callistemon pungens,Anemochor,9,-0.469,2.752
Oxytropis borealis,Zoochor,1,-1.13,-3.469
Verbesina abscondita,Autochor,14,1.906,3.215
Panopsis suaveolens,Autochor,2,-0.452,5.617
Beaufortia elegans,Anemochor,16,0.123,5.682
Borya sphaerocephala,Autochor,6,-0.466,5.662
Dennstaedtia hirsuta,Anemochor,11,3.759,2.043
Cordylostigma virgatum,Anemochor,2,2.217,4.825
Bulbostylis xerophila,Autochor,7,0.993,4.124
Croton petraeus,Autochor,8,0.021,4.551
Lycopus americanus,Autochor,12,0.231,2.323
Utricularia foveolata,Autochor,5,-0.985,4.908
Galactia stereophylla,Autochor,7,-1.646,4.273
Dracophyllum acerosum,Anemochor,12,-2.793,4.219
Stewartia monadelpha,Anemochor,16,5.114,2.15
Monocymbium ceresiiforme,Autochor,9,-2.133,4.505
Australina pusilla,Anemochor,16,-1.634,2.866
Canarium maluense,Zoochor,7,-6.749,4.588
Vaccinium wrightii,Zoochor,2,-1.157,3.366
Ceropegia albisepta,Anemochor,7,-1.462,4.658
Capsicum schottianum,Zoochor,3,35.816,3.577
Aneilema brasiliense,Autochor,12,6.734,5.028
Sannantha collina,Zoochor,4,2.703,3.912
Tillandsia aeranthos,Anemochor,14,0.884,4.299
Rumex hastatus,Anemochor,8,7.376,1.803
Medinilla balls-headleyi,Anemochor,6,2.637,3.235
Paepalanthus lamarckii,Autochor,15,0.91,5.988
Achnatherum pinetorum,Zoochor,11,0.907,0.305
Caryota monostachya,Zoochor,2,6.402,3.472
Urochloa reptans,Autochor,15,3.482,4.763
Hugonia planchonii,Zoochor,3,8.509,6.793
Laportea cuspidata,Zoochor,16,2.35,1.574
Tridens eragrostoides,Zoochor,5,1.314,3.542
Chaetocalyx longiflora,Zoochor,1,2.42,4.632
Smallanthus connatus,Zoochor,10,0.401,3.978
Cynoglossum australe,Zoochor,12,2.534,4.274
Heliconia lophocarpa,Zoochor,10,-5.022,3.576
Gonolobus taylorianus,Anemochor,14,-2.239,2.947
Myrcia goyazensis,Zoochor,13,-0.26,3.961
Drosera callistos,Autochor,8,-2.083,5.217
Galium trilobum,Zoochor,5,-2.545,5.139
Inga grandiflora,Zoochor,10,2.819,6.018
Globularia nudicaulis,Anemochor,16,-3.624,1.617
Alternanthera tenella,Autochor,7,3.083,5.196
Lithocarpus fenestratus,Zoochor,11,8.229,2.893
Coffea mangoroensis,Zoochor,2,-5.664,3.399
Epilobium gemmascens,Anemochor,9,3.07,2.339
Tassadia trailiana,Anemochor,2,2.668,7.106
Wahlenbergia fluminalis,Anemochor,15,3.893,5.383
Coprosma crassifolia,Zoochor,9,-1.836,4.942
Achnatherum richardsonii,Zoochor,1,1.197,1.406
Rinorea subintegrifolia,Autochor,9,-0.717,4.632
Dendropanax cuneatus,Zoochor,3,5.118,5.907
Paspalum fluitans,Autochor,7,4.992,5.386
Commersonia prostrata,Zoochor,13,-1.123,3.466
Diplacrum caricinum,Autochor,14,0.207,4.382
Palicourea guianensis,Zoochor,11,-2.503,5.564
Cryptantha simulans,Zoochor,3,-1.313,1.49
Podolepis hieracioides,Anemochor,10,0.213,2.874
Campomanesia xanthocarpa,Zoochor,2,1.7,4.262
Melaleuca zonalis,Anemochor,14,0.302,5.266
Tripogon yunnanensis,Anemochor,11,7.491,1.545
Dianthus pungens,Anemochor,15,1.197,2.583
Sphaeromeria diversifolia,Anemochor,15,1.326,0.637
Atractocarpus bracteatus,Zoochor,6,4.485,3.925
Hippotis brevipes,Autochor,5,-8.233,3.725
Mertensia macdougalii,Anemochor,12,3.311,1.754
Flindersia dissosperma,Autochor,14,0.098,5.036
Agrostis dimorpholemma,Anemochor,2,3.767,1.835
Ampelocera hottlei,Zoochor,15,-2.554,4.79
Prostanthera nivea,Autochor,16,2.27,3.609
Needhamiella pumilio,Autochor,13,-2.285,5.207
Crinodendron tucumanum,Nautochor,14,2.15,4.21
Eucalyptus hallii,Anemochor,4,4.968,5.27
Geranium lucidum,Autochor,3,0.34,1.981
Rubus indusiatus,Zoochor,16,1.989,2.116
Iostephane trilobata,Anemochor,4,4.434,3.887
Petasites albus,Anemochor,7,-0.261,2.504
Lomatium lucidum,Autochor,7,6.351,2.907
Sedum jurgensenii,Anemochor,2,-1.686,3.674
Juniperus martinezii,Zoochor,14,1.381,3.138
Acacia undulifolia,Zoochor,15,0.04,2.952
Lupinus perennis,Autochor,9,0.045,4.743
Micronychia tsiramiramy,Anemochor,9,-3.532,2.745
Cayaponia oppositifolia,Zoochor,7,-3.215,6.678
Heteropterys bicolor,Anemochor,14,0.319,3.785
Grevillea biternata,Autochor,14,0.24,5.754
Rosa glauca,Zoochor,14,-0.325,3.519
Allium parvum,Anemochor,1,-0.137,1.725
Psychotria herzogii,Zoochor,3,0.41,7.675
Vismia lauriformis,Zoochor,13,-0.258,2.993
Cucumis heptadactylus,Autochor,16,3.064,4.715
Eriogonum novonudum,Anemochor,12,9.257,0.606
Blepharodon manicatum,Anemochor,9,-0.5,3.725
Brillantaisia vogeliana,Autochor,15,-0.687,5.015
Selaginella oaxacana,Chamaechor,6,-1.666,3.948
Kallstroemia californica,Zoochor,13,0.732,2.377
Hakea brachyptera,Anemochor,11,-2.295,5.914
Randia calycosa,Zoochor,5,-0.245,3.674
Neea ovalifolia,Zoochor,6,2.09,5.935
Prostanthera baxteri,Autochor,7,6.393,5.767
Stephanomeria parryi,Anemochor,13,0.746,2.246
Cuphea lutescens,Autochor,9,-1.734,3.356
Epilobium oregonense,Anemochor,11,-5.585,1.611
Eucalyptus camphora,Anemochor,8,-0.089,2.408
Thymophylla pentachaeta,Anemochor,2,3.541,3.576
Solanum incanum,Autochor,1,1.103,4.943
Dyschoriste schiedeana,Autochor,3,0.03,3.19
Byrsonima amoena,Zoochor,15,-14.206,6.26
Pedicularis racemosa,Autochor,7,0.709,-0.04
Nigella gallica,Zoochor,7,0.571,3.005
Cotula sororia,Zoochor,2,1.581,3.323
Eucalyptus dundasii,Anemochor,5,-1.522,5.425
Eucalyptus raveretiana,Anemochor,9,0.75,2.673
Cupania belizensis,Zoochor,4,4.404,7.484
Orobanche lutea,Anemochor,1,1.324,2.66
Coprosma nitida,Zoochor,11,-2.368,3.06
Parodiolyra lateralis,Autochor,5,-0.89,3.132
Nertera villosa,Zoochor,12,-2.932,4.593
Alvaradoa amorphoides,Anemochor,4,3.651,6.009
Iva microcephala,Anemochor,15,3.651,2.969
Hypoxis hemerocallidea,Autochor,2,0.115,3.77
Schinopsis marginata,Anemochor,1,6.696,4.471
Minuartia glabra,Anemochor,1,0.815,3.014
Planchonella cinerea,Zoochor,1,-2.68,4.711
Symphyotrichum ciliolatum,Anemochor,6,-0.292,0.809
Protium multiramiflorum,Zoochor,12,0.652,5.928
Anemonoides debilis,Anemochor,12,4.579,0.479
Coussarea violacea,Anemochor,3,-20.353,7.517
Boechera spatifolia,Hemerochor,16,0.962,0.393
Schefflera trollii,Zoochor,2,7.842,2.908
Araucaria bernieri,Zoochor,10,3.7,3.148
Hypecoum leptocarpum,Anemochor,14,2.098,2.236
Stackhousia subterranea,Zoochor,10,-1.187,5.268
Mimusops kummel,Zoochor,5,-2.78,4.67
Thalictrum thalictroides,Anemochor,13,0.898,4.605
Litchi chinensis,Autochor,7,4.036,4.732
Adiantum lucidum,Anemochor,4,11.649,8.219
Heliconia richardiana,Zoochor,3,-8.785,6.649
Tetrapterys jussieuana,Anemochor,8,8.797,6.245
Guapira costaricana,Zoochor,16,3.448,4.886
Bonamia peruviana,Autochor,8,10.223,7.669
Chaetocalyx brasiliensis,Zoochor,7,4.245,6.321
Spathiphyllum fulvovirens,Zoochor,5,-0.004,3.591
Petalacte coronata,Anemochor,15,-0.864,3.986
Aristea dichotoma,Autochor,11,0.297,3.336
Draba murrayi,Anemochor,15,7.373,-7.226
Cuphonotus humistratus,Anemochor,5,1.192,5.438
Ficus obtusiuscula,Zoochor,6,2.709,5.219
Valeriana tangutica,Anemochor,7,0.777,-1.854
Oxandra polyantha,Zoochor,11,1.083,7.175
Asparagus declinatus,Zoochor,4,-5.824,4.326
Tillandsia disticha,Anemochor,13,1.197,3.497
Erysimum corinthium,Autochor,7,1.509,2.481
Croton chlaenacicomes,Autochor,10,-0.775,4.397
Prostanthera sericea,Autochor,6,4.093,5.561
Sticherus remotus,Anemochor,16,-4.083,5.951
Acisanthera limnobios,Autochor,4,11.523,8.432
Solanum crinitipes,Autochor,16,1.908,3.033
Viola ocellata,Zoochor,16,-1.671,2.168
Notopleura parvifolia,Zoochor,16,-2.089,3.495
Lasiacis rugelii,Anemochor,7,1.539,6.986
Goodenia gypsicola,Zoochor,13,1.311,5.158
Hakea carinata,Anemochor,14,1.182,4.205
Thomasia angustifolia,Zoochor,9,-3.659,5.547
Moraea ramosissima,Autochor,7,0.543,3.081
Galium uncinulatum,Zoochor,1,1.968,2.962
Metastelma lanceolatum,Anemochor,10,0.051,3.216
Tinnea rhodesiana,Autochor,14,0.395,3.68
Verbesina apleura,Autochor,12,45.993,3.498
Ardisia fimbrillifera,Zoochor,8,2.377,4.616
Legousia hybrida,Anemochor,3,1.172,2.152
Micraira compacta,Anemochor,11,-5.814,5.894
Aldina discolor,Anemochor,12,-21.245,6.897
Campovassouria cruciata,Anemochor,15,1.76,3.937
Arachis cardenasii,Autochor,13,1.154,5.077
Werauhia umbrosa,Anemochor,10,-4.626,2.998
Gentiana purpurea,Anemochor,1,1.818,1.867
Camellia euryoides,Anemochor,2,3.791,2.359
Smelowskia pyriformis,Hemerochor,12,0.31,-10.421
Sloanea dasycarpa,Zoochor,4,-1.71,3.755
Sporadanthus tasmanicus,Autochor,14,-2.241,3.613
Tritoniopsis ramosa,Autochor,8,9.929,2.993
Rudgea ciliata,Zoochor,4,3.064,3.984
Anthurium plowmanii,Zoochor,4,12.275,7.994
Cassytha pubescens,Zoochor,8,0.218,3.773
Randia micracantha,Zoochor,9,1.851,3.99
Juncus bryoides,Anemochor,12,-1.93,1.743
Salix sphenophylla,Anemochor,2,-4.984,-7.603
Quercus infectoria,Zoochor,8,0.7,1.692
Sida repens,Autochor,3,1.399,4.969
Castilleja pumila,Anemochor,7,-1.526,2.45
Stryphnodendron polyphyllum,Autochor,8,7.327,5.77
Andropogon mannii,Autochor,13,-0.872,2.8
Cyclanthera pedata,Autochor,8,1.773,4.026
Ricinocarpos cyanescens,Zoochor,11,-2.204,5.915
Draba oreades,Anemochor,13,-1.228,2.604
Guatteria microcarpa,Zoochor,2,-9.922,4.898
Diplazium expansum,Anemochor,8,-3.01,5.672
Pinus coulteri,Anemochor,6,4.317,2.626
Ricinocarpos rosmarinifolius,Zoochor,15,-0.366,4.849
Peperomia quaesita,Zoochor,8,1.279,5.988
Gentianella graminea,Anemochor,11,1.15,3.301
Ocotea langsdorffii,Zoochor,13,-0.299,2.696
Condea tephrodes,Autochor,4,7.313,5.136
Viburnum elatum,Zoochor,16,6.542,3.327
Pomaderris brevifolia,Zoochor,7,-7.875,5.551
Lonicera interrupta,Zoochor,5,1.279,2.42
Hyptis verticillata,Autochor,16,8.874,6.732
Henriettea horridula,Zoochor,11,-2.283,6.289
Campomanesia guaviroba,Zoochor,10,1.661,3.892
Piper xylosteoides,Zoochor,11,0.64,3.621
Albizia guachapele,Autochor,8,4.863,5.559
Asparagus greveanus,Zoochor,14,0.195,3.803
Psidium longipetiolatum,Zoochor,10,0.29,3.35
Sloanea rufa,Zoochor,3,-3.433,7.439
Peperomia pilicaulis,Zoochor,11,-7.329,3.858
Adenanthos cygnorum,Anemochor,10,-0.276,5.539
Stachytarpheta angustifolia,Autochor,1,1.977,5.056
Stemonurus monticola,Zoochor,16,-7.854,4.673
Mandevilla velame,Anemochor,15,-0.267,4.025
Microgramma lycopodioides,Anemochor,7,-0.848,5.555
Labramia louvelii,Zoochor,4,-9.422,4.478
Dodonaea procumbens,Zoochor,2,-1.093,4.563
Miconia hygrophila,Zoochor,13,-1.596,3.361
Teucrium myriocladum,Autochor,5,-3.278,5.823
Lepidagathis floribunda,Autochor,12,5.124,5.586
Ionactis stenomeres,Anemochor,11,0.773,-1.529
Haplopteris fudzinoi,Anemochor,8,3.201,2.265
Agrostis tenerrima,Anemochor,1,1.633,3.532
Fadogia erythrophloea,Zoochor,5,-2.422,4.688
Piper filistilum,Zoochor,13,-2.959,3.311
Persoonia muelleri,Zoochor,16,-6.019,2.756
Leptopteris superba,Anemochor,15,-2.911,4.428
Rhododendron maculiferum,Anemochor,11,2.733,2.139
Nymphaea leibergii,Autochor,5,0.191,2.965
Piper leticianum,Zoochor,9,-4.787,4.834
Notelaea lloydii,Zoochor,16,2.051,3.943
Palicourea eurycarpa,Zoochor,5,-1.991,3.078
Banisteriopsis membranifolia,Anemochor,8,4.953,3.667
Arceuthobium microcarpum,Autochor,12,-1.404,0.885
Astragalus humistratus,Nautochor,7,1.575,1.335
Forsteronia thyrsoidea,Anemochor,4,6.255,5.685
Navarretia squarrosa,Autochor,9,1.303,2.832
Sida neomexicana,Autochor,6,-0.905,2.566
Botrychium decompositum,Chamaechor,9,2.073,3.401
Becquerelia muricata,Autochor,1,0.634,3.458
Microlaena stipoides,Autochor,2,-0.453,3.793
Carex drymophila,Autochor,6,1.762,-4.892
Pachira sessilis,Anemochor,3,2.244,4.438
Neocarya macrophylla,Zoochor,16,-4.199,5.958
Puccinellia bruggemannii,Hemerochor,15,-3.486,-7.355
Aralia hispida,Zoochor,3,-1.46,-0.483
Ligularia przewalskii,Anemochor,7,0.259,0.798
Allium macrostemon,Anemochor,14,4.995,2.281
Croton roxanae,Autochor,6,-0.763,3.336
Ratibida tagetes,Anemochor,4,4.088,3.576
Chusquea foliosa,Anemochor,13,0.251,3.082
Ctenium newtonii,Anemochor,4,-9.59,8.005
Conospermum filifolium,Autochor,16,0.25,5.778
Habranthus sylvaticus,Autochor,14,-0.105,3.94
Eucomis montana,Hemerochor,14,-0.233,3.38
Callitriche heteropoda,Zoochor,14,-1.86,3.223
Veronica teucrium,Zoochor,16,-1.556,3.465
Gardenia erubescens,Zoochor,14,-3.167,5.365
Cassytha pomiformis,Zoochor,12,-0.638,5.75
Persoonia stradbrokensis,Zoochor,10,-0.911,3.496
Miconia plena,Zoochor,13,0.553,3.165
Chrysosplenium americanum,Autochor,5,0.05,2.956
Salix myricoides,Anemochor,7,-1.712,-1.014
Eragrostis curtipedicellata,Autochor,2,3.563,5.305
Globba pendula,Zoochor,7,1.368,4.423
Witheringia solanacea,Zoochor,3,8.134,6.249
Gnidia styphelioides,Zoochor,16,0.122,3.662
Perebea rubra,Zoochor,7,0.166,7.011
Melaleuca laxiflora,Anemochor,11,0.795,5.755
Petrophile filifolia,Autochor,10,-1.54,5.615
Diplazium ternatum,Anemochor,10,1.661,3.92
Eriope hypoleuca,Autochor,10,-1.211,2.984
Anthurium hutchisonii,Zoochor,8,25.249,3.989
Anthurium intermedium,Zoochor,5,3.031,2.89
Chamaedorea neurochlamys,Zoochor,10,-1.743,4.19
Rumex chalepensis,Zoochor,15,3.468,3.474
Cheilanthes wrightii,Anemochor,11,13.066,2.662
Melaleuca trichostachya,Anemochor,2,7.368,5.45
Crocosmia aurea,Autochor,4,6.085,3.769
Lomandra drummondii,Zoochor,16,-1.89,4.123
Hydrangea sikokiana,Zoochor,3,5.363,1.78
Saxifraga osloensis,Anemochor,6,-1.319,3.403
Dalea ayavacensis,Anemochor,15,6.562,4.034
Dracophyllum prostratum,Anemochor,9,-2.339,4.928
Reseda media,Hemerochor,12,1.566,2.903
Viola epipsila,Zoochor,15,-2.716,-3.157
Nassella melanosperma,Zoochor,2,0.986,4.867
Garcinia verrucosa,Zoochor,3,-7.581,3.959
Carex libera,Autochor,16,-3.142,4.537
Ranunculus macauleyi,Zoochor,6,0.312,0.216
Linum floridanum,Anemochor,13,0.711,5.374
Ditassa mucronata,Anemochor,9,-2.16,2.627
Glycosmis macrophylla,Zoochor,2,2.321,5.33
Sporobolus vaginiflorus,Autochor,10,0.98,3.968
Diphysa racemosa,Chamaechor,1,0.694,2.973
Pilosella glomerata,Zoochor,8,1.092,0.763
Chrysolaena propinqua,Anemochor,9,0.101,4.713
Navia acaulis,Anemochor,5,-4.756,5.524
Drymaria cordata,Zoochor,15,1.097,4.463
Selaginella hartwegiana,Chamaechor,10,-0.5,3.246
Geranium incanum,Autochor,7,-0.522,2.94
Doryopteris pentagona,Anemochor,2,1.977,4.447
Brachychiton viridiflorus,Nautochor,5,3.091,4.218
Cissus rotundifolia,Autochor,7,-3.055,4.943
Donnellsmithia juncea,Autochor,4,-6.233,3.549
Zornia flemmingioides,Autochor,1,0.375,3.17
Leucaena collinsii,Anemochor,2,-1.173,4.737
Anchusa thessala,Autochor,4,6.495,1.985
Gahnia radula,Zoochor,9,-1.335,3.9
Salix brachycarpa,Anemochor,15,-0.959,-0.503
Hyoscyamus pusillus,Hemerochor,16,3.49,2.683
Marlierea caudata,Zoochor,6,-3.944,5.507
Guadua glomerata,Autochor,16,2.207,7.161
Hoffmannia steyermarkii,Zoochor,6,6.534,3.479
Trixis michuacana,Anemochor,7,3.227,3.606
Pteronia scariosa,Anemochor,10,1.717,3.715
Lomatogonium rotatum,Anemochor,13,1.762,2.514
Erythroxylum cuspidifolium,Zoochor,5,0.997,3.137
Eucalyptus resinifera,Anemochor,13,-0.368,3.043
Salvia lavanduloides,Autochor,6,15.015,3.155
Erica cubica,Autochor,15,-1.747,3.296
Schizomeria whitei,Zoochor,4,-17.805,3.889
Anthurium striatipes,Zoochor,7,9.275,3.739
Quercus griffithii,Zoochor,14,2.372,2.662
Loxogramme dictyopteris,Anemochor,16,-2.502,4.801
Arabis nova,Autochor,13,0.175,2.654
Armeria bourgaei,Anemochor,2,1.36,2.343
Festuca elegans,Anemochor,7,0.623,2.391
Solanum chilense,Autochor,16,0.262,2.409
Nepsera aquatica,Autochor,6,0.499,5.402
Arthrostylidium excelsum,Autochor,4,2.898,4.56
Ossaea cabraliensis,Zoochor,11,-2.937,3.844
Paullinia sessiliflora,Anemochor,13,1.016,2.605
Lonchocarpus caudatus,Autochor,2,9.338,3.838
Eucalyptus delicata,Anemochor,5,-1.533,5.582
Acrotriche prostrata,Zoochor,13,-0.595,3.28
Piper surubresanum,Zoochor,12,9.24,5.514
Trichomanes robustum,Anemochor,7,-4.129,5.451
Salvia patens,Autochor,11,1.568,3.247
Cardamine papillata,Autochor,11,-1.657,3.742
Echinodorus paniculatus,Autochor,12,5.758,6.289
Ambrosia pumila,Hemerochor,12,1.989,4.054
Asplenium auriculatum,Anemochor,3,4.886,3.718
Camissonia hirtella,Autochor,15,8.892,2.557
Viola kusnezowiana,Zoochor,13,4.134,1.121
Serjania polyphylla,Anemochor,12,6.52,4.21
Leucadendron laureolum,Anemochor,9,0.607,3.584
Mertensia arizonica,Anemochor,3,1.512,-0.481
Solanum rixosum,Autochor,9,-0.306,2.412
Cardamine nipponica,Autochor,10,1.293,2.229
Machaerium lanceolatum,Anemochor,7,4.014,4.298
Notholaena lemmonii,Anemochor,9,4.281,2.408
Crataegus punctata,Zoochor,12,-2.265,2.385
Vaccinium consanguineum,Zoochor,10,8.197,3.176
Xanthostemon chrysanthus,Nautochor,5,-2.693,2.927
Telitoxicum minutiflorum,Zoochor,7,-1.542,7.054
Turnera aromatica,Autochor,12,1.636,5.452
Melananthus guatemalensis,Zoochor,2,-3.372,5.233
Myrcia inaequiloba,Zoochor,4,4.268,8.211
Frangula goudotiana,Zoochor,5,3.154,3.194
Inulopsis camporum,Autochor,13,0.448,4.589
Triantha glutinosa,Autochor,1,-0.198,-0.384
Passiflora actinia,Zoochor,9,-0.138,3.107
Sesleria alba,Autochor,10,1.336,2.06
Besleria racemosa,Zoochor,16,15.651,6.546
Vaccinium tenellum,Zoochor,16,3.488,5.241
Baeckea muricata,Zoochor,14,0.889,5.564
Bridelia taitensis,Zoochor,7,-3.849,3.722
Lupinus plattensis,Autochor,4,2.287,1.686
Astartea fascicularis,Zoochor,8,-2.238,5.373
Goodenia modesta,Zoochor,14,5.756,5.656
Elliottia pyroliflora,Anemochor,6,-1.63,1.023
Launaea nudicaulis,Anemochor,6,4.514,4.431
Pterygiella duclouxii,Autochor,8,4.216,3.008
Rhynchospora comata,Autochor,9,1.852,5.005
Iris tectorum,Autochor,16,2.57,1.88
Cuscuta leptantha,Autochor,8,2.944,4.156
Discaria toumatou,Anemochor,12,-2.499,4.598
Forstera sedifolia,Autochor,9,-3.302,5.395
Mandevilla spigeliiflora,Anemochor,14,3.543,5.057
Anaxeton asperum,Anemochor,10,0.323,3.039
Hedyotis matthewii,Anemochor,14,4.089,2.489
Cybianthus minutiflorus,Zoochor,10,7.64,5.655
Chamaecytisus ratisbonensis,Zoochor,5,0.937,3.668
Syncolostemon concinnus,Autochor,16,1.787,3.994
Acer opalus,Anemochor,2,1.673,2.191
Vallisneria caulescens,Autochor,9,0.09,5.15
Wahlenbergia hirsuta,Anemochor,16,-0.212,5.323
Bigelowia nuttallii,Anemochor,13,0.513,5.208
Metalasia inversa,Anemochor,7,-0.72,3.578
Viola munbyana,Zoochor,12,0.4,2.105
Narcissus hispanicus,Anemochor,13,1.231,2.84
Piper arcteacuminatum,Zoochor,1,-8.692,3.865
Leontodon autumnalis,Anemochor,4,-3.276,2.411
Ficus botryoides,Zoochor,7,-1.726,3.783
Picris pauciflora,Anemochor,14,3.834,2.548
Myrsine matensis,Zoochor,13,2.272,5.188
Rhizophora apiculata,Nautochor,7,-3.085,5.015
Hirtella glandulosa,Zoochor,9,0.385,4.644
Lupinus montanus,Autochor,4,-3.614,3.358
Ouratea cuspidata,Zoochor,14,1.077,4.091
Prosthecidiscus guatemalensis,Anemochor,16,-3.025,4.252
Duguetia yeshidan,Zoochor,1,-5.769,5.62
Voacanga psilocalyx,Zoochor,16,-2.037,4.411
Eragrostis nindensis,Autochor,16,3.239,5.485
Smallanthus connatus,Zoochor,9,-0.14,3.892
Archytaea angustifolia,Zoochor,3,-41.172,8.498
Lepidospartum latisquamum,Anemochor,1,0.537,2.281
Sapium marmieri,Zoochor,2,4.243,6.73
Atriplex paludosa,Nautochor,15,-0.102,5.688
Scleranthus perennis,Anemochor,4,-2.806,2.83
Arenaria hispanica,Anemochor,10,1.457,3.254
Vicatia thibetica,Autochor,10,5.357,3.305
Eleusine jaegeri,Zoochor,9,-1.127,3.128
Dissocarpus latifolius,Anemochor,8,15.895,6.028
Licania apetala,Zoochor,4,7.825,8.839
Eragrostis microcarpa,Autochor,8,9.74,6.06
Penstemon leiophyllus,Anemochor,10,1.69,1.289
Vitex patula,Zoochor,12,-0.754,5.035
Euploca polyphylla,Autochor,9,0.698,4.481
Arctostaphylos andersonii,Anemochor,2,5.125,2.674
Diphysa humilis,Chamaechor,10,7.453,3.526
Mitrasacme micrantha,Anemochor,1,3.536,5.873
Carex pendula,Autochor,7,0.431,2.608
Lepidaploa polypleura,Anemochor,3,0.832,3.928
Cassiope lycopodioides,Autochor,6,0.208,-2.852
Monarda clinopodioides,Anemochor,10,3.628,5.475
Tephrosia conzattii,Autochor,13,-0.69,2.901
Cordia exaltata,Autochor,8,0.376,7.599
Ficus davidsoniae,Zoochor,10,2.459,3.24
Marlierea silvatica,Zoochor,7,1.454,3.151
Asteranthos brasiliensis,Anemochor,16,-3.664,7.595
Polygala triflora,Autochor,1,-0.561,4.675
Pitcairnia recurvata,Anemochor,1,-5.261,3.763
Alternanthera albida,Autochor,6,11.725,5.75
Pentameris rigidissima,Anemochor,14,0.403,2.972
Carex folliculata,Autochor,1,-0.213,2.794
Oxytropis lambertii,Zoochor,15,1.175,3.566
Picrasma excelsa,Anemochor,13,-1.294,3.279
Spyridium erymnocladum,Zoochor,6,-2.607,5.423
Delphinium cardinale,Anemochor,10,6.34,2.768
Cyphostemma subciliatum,Zoochor,8,-1.411,5.625
Rubus sellowii,Zoochor,8,1.28,4.312
Triumfetta columnaris,Zoochor,3,6.838,4.254
Pyrenaria hirta,Anemochor,6,4.24,2.456
Peponopsis adhaerens,Autochor,2,0.562,4.274
Endlicheria bracteolata,Zoochor,7,-14.07,6.625
Pilosella dubia,Zoochor,1,-0.759,2.707
Phebalium brachycalyx,Autochor,10,-0.082,5.385
Juncus breweri,Anemochor,2,-0.277,2.236
Silene cythnia,Anemochor,10,0.79,2.813
Crescentia alata,Zoochor,8,1.669,5.413
Ruellia brevifolia,Autochor,6,1.93,4.424
Neurolaena fulva,Anemochor,5,2.105,3.858
Serpocaulon latissimum,Anemochor,12,-4.25,3.727
Ilex elmerrilliana,Zoochor,15,4.165,2.554
Atractantha falcata,Autochor,3,2.315,5.287
Dendropanax pellucidopunctatus,Zoochor,3,4.103,3.085
Cocculus diversifolius,Zoochor,8,4.317,5.307
Symplococarpon purpusii,Zoochor,9,4.648,2.839
Hamelia versicolor,Zoochor,1,-1.141,3.246
Archytaea triflora,Zoochor,3,2.755,6.811
Asplenium subemarginatum,Anemochor,2,-5.775,3.866
Galianthe valerianoides,Autochor,2,1.748,4.593
Berkheya cirsiifolia,Autochor,13,4.144,2.816
Eragrostis speciosa,Autochor,2,9.964,6.625
Ocotea tristis,Zoochor,13,-0.105,2.934
Cnidoscolus quercifolius,Autochor,3,1.919,5.502
Jasminum officinale,Zoochor,1,4.264,3.198
Sparattanthelium glabrum,Zoochor,13,-0.965,5.038
Duma horrida,Zoochor,5,0.004,5.594
Calamus zonatus,Zoochor,7,-1.127,3.88
Manihot guaranitica,Autochor,10,6.996,5.193
Phoradendron macrophyllum,Zoochor,4,0.516,2.834
Baccharis camporum,Anemochor,1,2.906,5.256
Goodenia janamba,Zoochor,15,-0.763,5.853
Litsea reticulata,Zoochor,11,-0.695,3.124
Marina procumbens,Anemochor,3,6.747,4.646
Sapium glandulosum,Zoochor,16,2.676,5.112
Aralia californica,Zoochor,12,-3.585,1.894
Knoxia sumatrensis,Autochor,8,0.867,4.724
Phebalium tuberculosum,Autochor,15,0.83,5.777
Cleomella brevipes,Autochor,1,1.366,2.271
Ficus podocarpifolia,Zoochor,10,4.184,4.517
Gentianella diemensis,Anemochor,14,-1.853,3.262
Diplolaena grandiflora,Autochor,13,-1.619,5.343
Sidalcea candida,Autochor,8,0.569,-1.26
Trientalis europaea,Anemochor,4,-4.121,-7.858
Otoba gracilipes,Zoochor,11,-5.167,3.866
Molinaea retusa,Anemochor,5,0.773,3.053
Sparganium gramineum,Autochor,9,-1.162,4.997
Funastrum clausum,Autochor,5,1.981,4.938
Pyracantha angustifolia,Zoochor,8,10.138,2.269
Aechmea setigera,Autochor,9,-1.585,5.027
Floscopa africana,Autochor,7,0.92,6.042
Erepsia aspera,Zoochor,11,-1.395,3.181
Elaphoglossum flaccidum,Anemochor,3,-3.301,7.209
Phryma leptostachya,Anemochor,7,-0.277,4.054
Rhododendron luteum,Hemerochor,2,11.565,1.666
Acer oliverianum,Anemochor,16,3.152,2.497
Senecio sylvaticus,Anemochor,8,-1.973,2.843
Myriophyllum amphibium,Autochor,7,-2.661,3.986
Marmaroxylon basijugum,Nautochor,1,-3.768,5.786
Boehmeria cylindrica,Autochor,6,1.901,5.074
Glischrocaryon aureum,Autochor,11,-0.438,5.716
Androsace yargongensis,Anemochor,6,0.67,1.535
Amphiglossa tomentosa,Anemochor,9,0.345,2.929
Teramnus uncinatus,Autochor,7,5.685,4.308
Amphibolia laevis,Zoochor,1,0.98,3.541
Calystegia atriplicifolia,Autochor,11,5.961,2.714
Cryptantha torreyana,Zoochor,9,0.039,2.119
Serjania cornigera,Anemochor,14,8.138,3.371
Astragalus detritalis,Nautochor,16,1.3,0.098
Quaqua pillansii,Anemochor,3,1.882,3.411
Remijia peruviana,Zoochor,3,-19.032,9.162
Chaptalia piloselloides,Anemochor,9,0.063,4.93
Dichapetalum crassifolium,Zoochor,11,2.998,5.202
Ziziphora hispanica,Autochor,13,0.395,3.087
Carex pisiformis,Autochor,14,2.793,2.276
Piper pellitum,Zoochor,11,1.11,6.255
Veronica anagallis-aquatica,Zoochor,7,-1.531,2.832
Townsendia grandiflora,Anemochor,15,0.664,3.197
Palicourea conferta,Zoochor,12,-2.194,5.478
Veronica chamaedrys,Zoochor,8,-2.312,2.34
Polystichum lepidocaulon,Anemochor,3,4.096,2.444
Elaeagnus lanceolata,Zoochor,9,3.222,2.128
Asclepias pringlei,Anemochor,6,-5.364,3.131
Hoffmannia discolor,Zoochor,1,1.219,4.451
Fischeria scandens,Anemochor,2,-0.768,4.853
Dimorphandra exaltata,Autochor,4,4.786,5.313
Mortonia latisepala,Anemochor,2,2.161,3.704
Lithocarpus skanianus,Zoochor,2,2.693,2.615
Salvia peninsularis,Autochor,1,1.814,3.753
Cryptocarya rigida,Zoochor,1,-0.986,3.108
Petrophile filifolia,Autochor,6,-1.239,5.583
Protium heptaphyllum,Zoochor,12,1.513,6.453
Rauvolfia ligustrina,Zoochor,6,2.878,5.337
Erysimum aureum,Autochor,14,1.055,2.255
Plantago australis,Zoochor,5,-0.128,3.279
Myrceugenia myrtoides,Zoochor,8,5.409,4.672
Cistus libanotis,Autochor,5,1.827,3.932
Weinmannia sorbifolia,Anemochor,5,13.464,3.219
Brunsvigia grandiflora,Anemochor,12,1.256,2.924
Campanula andrewsii,Anemochor,9,0.678,2.392
Genipa spruceana,Zoochor,15,-7.71,6.438
Baccharis crispa,Anemochor,2,1.438,3.931
Pedicularis rhinanthoides,Autochor,2,0.902,1.133
Cosmibuena macrocarpa,Anemochor,16,-6.308,4.745
Phyllanthus virgatus,Autochor,6,2.108,4.832
Psammisia guianensis,Autochor,5,-6.338,3.898
Eucalyptus incrassata,Anemochor,10,-0.961,5.623
Vaccinium myrtillus,Zoochor,3,-4.35,0.55
Vaccinium euryanthum,Zoochor,10,-12.745,3.387
Asimina parviflora,Zoochor,8,7.066,5.676
Desmodium glutinosum,Zoochor,5,0.221,4.066
Psychotria cornejoi,Zoochor,2,-0.044,3.609
Rhynchocladium steyermarkii,Autochor,2,-3.245,3.997
Mallotus tenuifolius,Zoochor,9,3.293,2.655
Persoonia cymbifolia,Zoochor,4,0.415,5.905
Ligusticum filicinum,Autochor,13,1.746,1.688
Hymenocoleus hirsutus,Zoochor,9,-0.566,4.895
Iseilema dolichotrichum,Anemochor,15,6.247,6.184
Myrcia huallagae,Zoochor,13,-1.136,5.023
Inga striolata,Zoochor,1,3.436,5.232
Asplenium marattioides,Anemochor,11,-1.35,3.586
Dalembertia populifolia,Zoochor,15,6.344,3.627
Bejaria sprucei,Anemochor,7,-0.392,4.632
Lepechinia betonicifolia,Zoochor,10,-1.931,3.359
Mandevilla laxa,Anemochor,8,20.806,3.918
Ipomoea bolusiana,Autochor,2,4.376,5.421
Carex lachenalii,Autochor,2,-5.16,-6.27
Gyrostemon ditrigynus,Zoochor,15,-3.738,5.97
Psychotria vellosiana,Zoochor,4,5.064,3.944
Schefflera varisiana,Zoochor,1,-1.726,3.094
Kniphofia ritualis,Autochor,4,4.786,3.37
Elymus tsukushiensis,Anemochor,1,3.72,2.236
Helianthus decapetalus,Anemochor,3,-2.227,2.281
Malperia tenuis,Anemochor,11,1.758,4.167
Noisettia orchidiflora,Zoochor,9,-1.717,3.79
Sisymbrium luteum,Autochor,2,2.085,0.397
Eriochrysis holcoides,Anemochor,2,7.35,4.886
Sisyrinchium tenuifolium,Autochor,8,-1.136,3.349
Clethra rosei,Anemochor,3,-2.47,3.725
Ammoselinum popei,Anemochor,14,2.133,5.397
Bactris oligocarpa,Zoochor,1,-0.289,5.805
Searsia pallens,Zoochor,7,2.267,3.074
Pecluma choquetangensis,Anemochor,9,-7.123,3.392
Centropogon cordifolius,Zoochor,12,12.063,3.963
Bulbine alata,Anemochor,11,6.888,5.495
Senna pilifera,Autochor,11,5.941,5.6
Styrax griseus,Zoochor,9,0.201,5.017
Myrcia huallagae,Zoochor,7,4.323,7.049
Vitis bryoniifolia,Zoochor,8,3.164,3.975
Molongum laxum,Anemochor,11,-14.424,6.101
Colobanthus apetalus,Anemochor,1,-2.352,4.239
Plinia povedae,Zoochor,1,-15.124,3.224
Ardisia dodgei,Zoochor,4,-29.426,6.61
Lawrencia densiflora,Anemochor,10,2.855,5.462
Parthenium alpinum,Hemerochor,1,0.143,3.723
Diplazium prominulum,Anemochor,13,1.46,2.97
Neurolaena lobata,Anemochor,5,0.372,3.882
Doryopteris ornithopus,Anemochor,5,2.162,4.183
Parthenocissus quinquefolia,Zoochor,4,3.575,4.354
Ilex amelanchier,Zoochor,5,3.445,5.732
Xyris gerrardii,Autochor,16,1.648,3.809
Clitoria mexicana,Autochor,6,7.147,3.958
Simira gardneriana,Anemochor,12,1.89,5.45
Ilex verticillata,Zoochor,14,0.041,3.656
Verticordia eriocephala,Zoochor,8,1.904,6.051
Alepidea capensis,Anemochor,5,-0.171,3.225
Pleuropogon sabinei,Autochor,14,0.903,-0.94
Pterocarya fraxinifolia,Zoochor,3,2.192,1.95
Chamaecrista cathartica,Autochor,12,1.599,4.021
Coptosperma madagascariense,Zoochor,15,1.421,4.239
Diphysa americana,Chamaechor,1,-1.827,3.885
Ruellia laxa,Autochor,9,-1.895,2.791
Apodanthera laciniosa,Zoochor,6,0.813,4.97
Juncus krameri,Anemochor,13,3.528,2.669
Hydrochorea marginata,Autochor,14,-4.173,5.835
Piper psilorhachis,Zoochor,1,0.316,4.974
Flourensia fiebrigii,Anemochor,13,-3.434,3.194
Hibiscus bifurcatus,Autochor,6,2.654,5.701
Machaerium hirtum,Anemochor,15,3.672,4.619
Allowissadula holosericea,Anemochor,13,1.013,3.134
Macoubea sprucei,Zoochor,8,-4.15,7.721
Anthurium schlechtendalii,Zoochor,13,-0.478,3.983
Xyris regnellii,Autochor,8,8.029,5.083
Suksdorfia ranunculifolia,Anemochor,10,2.207,1.451
Clerodendrum polycephalum,Autochor,16,0.917,5.471
Calathea altissima,Zoochor,5,-7.226,5.368
Ptilagrostis dichotoma,Zoochor,10,0.803,1.839
Hemigenia exilis,Zoochor,16,3.894,5.95
Kissenia capensis,Zoochor,12,1.05,3.917
Prostanthera hindii,Autochor,5,-0.876,2.804
Anodopetalum biglandulosum,Anemochor,12,-1.054,3.037
Lycopodiella prostrata,Anemochor,2,6.472,6.76
Hirpicium diffusum,Anemochor,7,-2.358,4.082
Henriettea ramiflora,Zoochor,7,0.738,6.911
Isolepis victoriensis,Zoochor,7,1.946,4.979
Lysimachia paridiformis,Anemochor,15,3.566,2.329
Asplenium uniseriale,Anemochor,5,0.767,3.104
Sida repens,Autochor,12,1.942,4.755
Atriplex hypoleuca,Anemochor,10,-2.214,4.692
Limeum fenestratum,Autochor,6,2.022,5.365
Andropogon carinatus,Autochor,15,4.931,5.326
Lepisorus thunbergianus,Anemochor,14,3.741,2.278
Verbascum phoeniceum,Hemerochor,6,-1.826,3.881
Lindera akoensis,Zoochor,10,4.743,3.002
Clematis fusca,Anemochor,3,0.725,-8.015
Solanum jucundum,Autochor,7,-1.61,5.324
Myristica inutilis,Zoochor,1,-7.1,4.182
Lemna turionifera,Zoochor,10,0.422,3.149
Medinilla chermezonii,Anemochor,3,-26.666,3.636
Zyrphelis microcephala,Anemochor,5,-0.763,2.858
Puelia schumanniana,Anemochor,7,5.831,6.307
Potentilla canadensis,Zoochor,16,0.277,2.932
Echinodorus longipetalus,Autochor,3,8.292,6.951
Calamagrostis longiseta,Autochor,6,10.757,1.652
Cerastium alpinum,Zoochor,4,-7.616,-12.031
Salvia clevelandii,Autochor,3,-0.576,3.349
Hordeum pusillum,Autochor,7,3.25,4.449
Potentilla pedata,Zoochor,11,1.857,1.962
Kohleria peruviana,Autochor,7,8.345,4.689
Lycium shawii,Anemochor,13,0.904,4.061
Mimusops membranacea,Zoochor,4,-7.098,4.508
Lotus utahensis,Anemochor,5,-0.012,2.125
Peperomia incana,Zoochor,15,2.297,3.078
Diphasiastrum alpinum,Anemochor,2,-1.561,-4.385
Castilleja subinclusa,Anemochor,14,1.475,2.395
Saxifraga occidentalis,Anemochor,1,0.374,0.631
Randia malacocarpa,Zoochor,3,8.593,6.223
Pluchea oblongifolia,Anemochor,16,0.6,3.527
Salvia eremostachya,Autochor,1,-0.977,2.688
Piper mestonii,Zoochor,1,-7.029,4.134
Leandra variabilis,Zoochor,10,1.962,2.979
Tillandsia pueblensis,Anemochor,13,-2.494,2.74
Delphinium elatum,Anemochor,5,-1.163,-1.328
Orthion subsessile,Autochor,14,-4.968,4.852
Lobelia trivialis,Zoochor,1,5.211,3.189
Wahlenbergia albomarginata,Anemochor,13,-2.834,5.431
Erica scabriuscula,Autochor,11,-1.807,3.072
Lachnaea penicillata,Zoochor,4,1.507,2.789
Buchenavia hoehneana,Zoochor,6,2.209,4.354
Jasminum angulare,Zoochor,12,-0.309,3.38
Drymonia coccinea,Anemochor,12,-1.469,6.412
Potentilla canadensis,Zoochor,7,0.199,2.817
Homoranthus melanostictus,Zoochor,8,-0.713,6.36
Cuphea carajasensis,Autochor,1,-10.314,3.454
Salix serissima,Anemochor,3,-2.621,-5.13
Ardisia nigropunctata,Zoochor,10,1.777,3.26
Aethionema armenum,Anemochor,15,2.134,1.947
Ornithogalum sigmoideum,Anemochor,9,1.95,3.273
Thryptomene urceolaris,Zoochor,7,2.566,5.799
Cephalipterum drummondii,Anemochor,6,3.141,5.891
Breynia fruticosa,Zoochor,16,5.463,3.568
Tournefortia ramonensis,Zoochor,7,-7.42,3.59
Eragrostis tenuifolia,Autochor,3,-1.407,4.514
Hieracium recensitum,Zoochor,14,2.122,2.466
Leptorhynchos scaber,Anemochor,4,1.201,5.695
Trichogonia hirtiflora,Anemochor,5,-0.458,2.852
Vicia tenuifolia,Autochor,15,-0.804,3.778
Schefflera robusta,Zoochor,14,-1.499,2.959
Centropogon verbascifolius,Zoochor,7,4.967,4.645
Phyllanthus virgatus,Autochor,15,2.534,5.007
Atractocarpus fitzalanii,Zoochor,13,1.427,2.466
Gomphrena leptophylla,Autochor,12,8.091,7.226
Hemigenia pedunculata,Zoochor,1,1.175,5.422
Azara serrata,Zoochor,14,-0.153,3.102
Spermacoce reflexa,Autochor,8,5.956,6.894
Mikania paranensis,Anemochor,16,1.233,3.417
Lysimachia hybrida,Anemochor,11,0.957,3.997
Struthanthus concinnus,Zoochor,1,1.682,3.604
Handelia trichophylla,Anemochor,3,7.003,1.031
Digitacalia jatrophoides,Anemochor,3,0.393,3.517
Pedicularis parviflora,Autochor,12,-4.713,-9.124
Calibrachoa parviflora,Zoochor,4,2.451,3.937
Philadelphus sericanthus,Zoochor,4,1.568,2.436
Ludwigia leptocarpa,Autochor,13,-0.951,4.64
Vitex orinocensis,Zoochor,10,-0.384,5.274
Malleastrum mandenense,Zoochor,16,-2.254,4.52
Ombrophytum peruvianum,Zoochor,11,9.497,6.174
Carex trichocarpa,Autochor,12,-2.288,3.052
Amphilophium scabriusculum,Anemochor,7,1.925,4.701
Lomatium juniperinum,Autochor,8,1.004,-1.728
Reseda suffruticosa,Hemerochor,16,3.605,3.321
Maerua oblongifolia,Zoochor,6,-6.494,3.827
Gaya tarijensis,Autochor,12,15.046,5.49
Lobelia rhombifolia,Zoochor,9,-2.01,5.222
Oenothera suffrutescens,Autochor,2,1.117,3.919
Androstachys johnsonii,Zoochor,6,-2.944,4.62
Hybanthus fruticulosus,Autochor,15,3.861,4.421
Pycnanthemum verticillatum,Anemochor,12,-1.254,2.401
Guarea ecuadoriensis,Zoochor,2,-4.696,6.334
Parahancornia fasciculata,Zoochor,4,5.769,8.906
Cissus cactiformis,Autochor,9,-0.33,3.855
Aechmea werdermannii,Autochor,14,0.026,3.896
Striga asiatica,Autochor,13,-0.405,4.146
Senna martiana,Autochor,13,-0.817,3.692
Pyrrosia piloselloides,Anemochor,6,-1.909,4.221
Nemastylis tenuis,Autochor,4,-0.787,3.088
Saxifraga hyperborea,Anemochor,16,-6.456,-7.891
Eremophila cordatisepala,Zoochor,13,2.468,5.043
Dicranolepis persei,Zoochor,12,-0.562,6.626
Dryopteris cristata,Anemochor,10,-1.473,3.683
Leucadendron tinctum,Anemochor,3,1.242,3.194
Manettia chrysoderma,Autochor,3,2.433,3.322
Lepidosperma tetraquetrum,Zoochor,2,-2.587,4.789
Garrya fadyenii,Zoochor,1,3.546,3.02
Tephroseris yukonensis,Anemochor,15,-0.18,-7.854
Primula bella,Anemochor,16,8.091,3.018
Mesembryanthemum serotinum,Ombrochor,5,-0.182,3.573
Delphinium parishii,Anemochor,16,3.121,2.422
Lupinus elegans,Autochor,7,1.109,3.358
Lepidospartum squamatum,Anemochor,1,2.105,2.552
Ranunculus altaicus,Zoochor,15,-2.629,-2.959
Carex lurida,Autochor,14,0.244,3.692
Phemeranthus longipes,Zoochor,14,0.527,3.021
Conospermum distichum,Autochor,4,-0.594,5.87
Bartsia alpina,Autochor,15,-1.205,0.767
Desmodium palmeri,Zoochor,10,10.157,3.415
Haplophyton crooksii,Zoochor,10,3.129,2.7
Juglans californica,Zoochor,2,1.145,2.917
Luzula nivea,Zoochor,12,0.08,1.339
Nothofagus moorei,Anemochor,6,-8.459,2.798
Dalea tenuifolia,Anemochor,11,2.192,4.528
Iryanthera tricornis,Zoochor,10,-5.955,6.016
Carex pudica,Autochor,7,2.217,2.356
Genipa americana,Zoochor,4,5.009,7.819
Drypetes principum,Autochor,5,-0.076,5.212
Hyptis uliginosa,Autochor,4,11.927,5.657
Piper reitzii,Zoochor,5,0.703,2.766
Prostanthera rotundifolia,Autochor,13,-1.123,3.375
Fosterella micrantha,Anemochor,12,6.344,4.881
Eleocharis ochrostachys,Autochor,7,-4.1,5.698
Corydalis edulis,Zoochor,13,2.463,3.414
Borya sphaerocephala,Autochor,10,-0.829,5.633
Ocotea nitida,Zoochor,3,8.505,6.365
Asclepias pumila,Anemochor,11,1.608,3.567
Ixora biflora,Zoochor,12,6.616,3.416
Carex ornithopoda,Autochor,1,-0.063,1.896
Austrostipa nullanulla,Autochor,3,6.891,6.013
Pistacia khinjuk,Zoochor,11,4.993,1.701
Myriophyllum balladoniense,Autochor,6,0.677,5.709
Pappophorum mucronulatum,Zoochor,2,1.985,4.385
Plagiogyria fialhoi,Zoochor,9,-1.759,3.247
Eucalyptus cylindrocarpa,Anemochor,12,1.6,5.806
Manfreda variegata,Anemochor,6,1.686,3.801
Blakea subconnata,Anemochor,11,-1.85,3.575
Inga flagelliformis,Zoochor,16,8.29,5.586
Pleurostachys stricta,Autochor,8,1.577,3.608
Artemisia palmeri,Anemochor,5,0.712,2.84
Piper ellipticolanceolatum,Zoochor,7,3.614,4.217
Glandularia aristigera,Anemochor,1,3.73,5.266
Iris aphylla,Autochor,9,-0.185,5.059
Acalypha capillipes,Autochor,8,0.202,3.866
Eustigma oblongifolium,Zoochor,13,2.676,2.52
Aphelandra straminea,Autochor,11,-0.873,4.003
Quercus aliena,Zoochor,14,2.602,2.402
Ferraria variabilis,Autochor,9,-0.091,2.951
Bidens radiata,Autochor,11,-3.934,-1.987
Orostachys thyrsiflora,Anemochor,7,2.034,0.133
Buchnera dura,Autochor,16,1.088,3.093
Actinocephalus divaricatus,Autochor,15,-1.275,3.196
Crataegus brainerdii,Zoochor,7,-1.216,1.516
Hyacinthoides mauritanica,Hemerochor,6,-0.117,4.091
Hibiscus aethiopicus,Autochor,7,0.476,3.257
Pachycarpus natalensis,Anemochor,6,0.835,2.886
Eucalyptus obconica,Anemochor,2,4.17,6.611
Ludwigia leptocarpa,Autochor,8,1.51,6.722
Periploca laevigata,Anemochor,1,1.872,3.31
Cleidion javanicum,Hemerochor,11,-0.811,3.959
Drymaria viscosa,Zoochor,13,-1.004,3.001
Lomatium graveolens,Autochor,9,1.426,1.73
Cladium jamaicense,Autochor,6,3.942,5.079
Wedelia regis,Autochor,7,-3.976,4.667
Smilax maypurensis,Zoochor,12,-4.547,6.509
Diploglottis obovata,Zoochor,11,6.659,3.641
Sabicea humilis,Zoochor,14,6.908,6.222
Sabicea orientalis,Zoochor,9,-0.752,4.608
Brunfelsia uniflora,Autochor,5,0.408,3.23
Digitaria monodactyla,Autochor,9,-2.411,4.257
Anodendron benthamianum,Anemochor,8,4.382,3.144
Malpighia albiflora,Zoochor,7,0.935,4.163
Begonia novalombardiensis,Autochor,5,7.349,2.719
Ranunculus hamatosetosus,Zoochor,3,1.217,4.193
Geranium saxatile,Autochor,2,3.662,1.153
Thesium procumbens,Zoochor,12,1.074,1.237
Cratylia intermedia,Autochor,13,-0.211,3.485
Potentilla effusa,Zoochor,13,0.683,2.801
Isachne minutula,Zoochor,12,-4.484,5.687
Mouriri duckeana,Zoochor,15,1.803,6.336
Ayenia mexicana,Autochor,2,-1.609,3.859
Paullinia rhomboidea,Anemochor,12,2.785,4.428
Xyris terrestris,Autochor,10,-8.727,5.479
Enneapogon robustissimus,Anemochor,8,8.689,6.609
Casearia glomerata,Zoochor,15,3.736,3.443
Dennstaedtia smithii,Anemochor,16,1.217,3.176
Solanum allophyllum,Autochor,12,6.783,5.926
Cyphia brachyandra,Autochor,2,2.986,3.823
Vallesia glabra,Zoochor,12,12.357,5.371
Miconia puberula,Zoochor,5,3.485,5.297
Allium parishii,Anemochor,10,3.555,2.362
Bouteloua hirsuta,Anemochor,9,1.346,4.632
Scaevola acacioides,Zoochor,1,3.6,4.815
Iris missouriensis,Autochor,4,0.029,-0.521
Euphrasia hookeri,Zoochor,12,-1.564,2.977
Rumex altissimus,Zoochor,15,1.949,4.634
Peltaea riedelii,Autochor,3,6.565,7.832
Sacciolepis chevalieri,Autochor,5,-2.072,4.424
Hopkinsia adscendens,Autochor,13,-3.377,5.624
Chrysophyllum gonocarpum,Zoochor,8,6.936,5.253
Syzygium zeylanicum,Zoochor,12,3.645,4.119
Cuscuta gronovii,Autochor,1,0.108,3.888
Ogastemma pusillum,Zoochor,13,1.369,3.844
Pavonia malacophylla,Autochor,2,2.762,5.377
Chiococca coriacea,Zoochor,15,2.677,4.997
Commiphora schlechteri,Zoochor,5,-1.762,5.39
Oxalis goyazensis,Autochor,5,-3.04,3.323
Prestonia riedelii,Anemochor,9,0.627,3.781
Symplocos cyanocarpa,Zoochor,9,0.47,2.45
Scleranthus minusculus,Zoochor,15,2.903,5.75
Eragrostis sessilispica,Autochor,8,4.609,5.338
Asystasia gangetica,Autochor,2,-0.464,5.449
Cynometra oaxacana,Zoochor,9,1.891,3.477
Freycinetia scandens,Zoochor,12,4.168,3.591
Lepidosperma forsythii,Zoochor,8,-0.786,3.416
Trichilia pseudostipularis,Zoochor,7,7.308,3.983
Vantanea minor,Zoochor,8,3.68,5.613
Muhlenbergia jonesii,Zoochor,15,0.757,1.817
Amyema glabra,Zoochor,3,-8.995,5.329
Carex radiata,Autochor,11,-0.754,3.025
Posoqueria panamensis,Zoochor,15,3.621,6.371
Guatteria punctata,Zoochor,15,-1.817,6.132
Malvaviscus williamsii,Zoochor,6,-8.495,5.642
Arisaema maximowiczii,Zoochor,3,2.864,2.115
Cheiridopsis denticulata,Ombrochor,16,0.037,4.036
Saccharum villosum,Anemochor,3,4.686,5.195
Ferraria divaricata,Autochor,8,6.556,3.694
Pycnanthemum flexuosum,Anemochor,9,1.786,5.531
Dicranopygium gracile,Zoochor,2,2.427,4.732
Moraea pyrophila,Autochor,3,-2.465,3.589
Labramia louvelii,Zoochor,14,-2.542,3.177
Ilex microdonta,Zoochor,5,0.418,3.114
Symphyotrichum phlogifolium,Anemochor,15,1.718,2.911
Lepidium villarsii,Hemerochor,13,1.253,2.627
Downingia pulchella,Zoochor,6,-0.064,3.814
Philodendron cremersii,Zoochor,14,6.353,4.807
Ixora beckleri,Zoochor,11,1.038,3.289
Tephrosia leucantha,Autochor,15,2.025,3.998
Mentzelia pumila,Zoochor,10,1.41,3.2
Salvia vitifolia,Autochor,7,-4.402,3.802
Gladiolus appendiculatus,Anemochor,7,0.996,3.17
Prosopis laevigata,Zoochor,15,1.266,3.752
Clematis recta,Autochor,10,-1.523,3.869
Oclemena nemoralis,Anemochor,8,-1.222,-1.664
Clavija poeppigii,Zoochor,4,16.937,9.597
Aletris alpestris,Autochor,8,1.55,0.566
Rumex abyssinicus,Zoochor,6,-0.06,3.256
Sibbaldiopsis tridentata,Zoochor,1,-0.465,1.529
Ehrharta tasmanica,Zoochor,4,-2.943,2.337
Lyonia squamulosa,Anemochor,16,6.172,4.316
Calathea lutea,Zoochor,6,1.827,5.911
Chamaecrista juruenensis,Autochor,15,5.743,5.046
Achnatherum pekinense,Zoochor,16,1.877,-3.018
Stenocephalum jucundum,Zoochor,9,-0.417,2.697
Eremophila drummondii,Zoochor,1,0.841,5.513
Sisyrinchium bellum,Anemochor,14,1.871,2.543
Microlicia ramosa,Autochor,3,-7.182,4.714
Clerodendrum bungei,Autochor,2,2.956,2.362
Rutidosis leiolepis,Anemochor,16,-1.505,3.171
Xylomelum pyriforme,Anemochor,11,0.497,3.387
Pleonotoma dendrotricha,Anemochor,3,-1.076,7.763
Dryopteris decipiens,Anemochor,10,4.812,2.223
Ruellia yurimaguensis,Autochor,3,16.902,8.246
Tovomita morii,Zoochor,7,-13.0,6.213
Stachytarpheta hatschbachii,Autochor,1,4.127,4.512
Hymenophyllum badium,Anemochor,7,-2.446,4.247
Hemigenia sericea,Zoochor,13,-1.35,5.252
Ditassa taxifolia,Anemochor,7,1.176,6.047
Persoonia virgata,Zoochor,6,0.95,4.029
Philodendron victoriae,Zoochor,2,10.859,5.624
Nymphaea leibergii,Autochor,9,0.324,3.981
Anthurium pentaphyllum,Zoochor,5,-1.846,4.227
Microstegium japonicum,Zoochor,10,2.917,2.257
Carex krausei,Autochor,5,-1.519,-2.01
Pearcea abunda,Autochor,2,-1.023,4.399
Lepidonia salvinae,Anemochor,8,5.943,4.331
Heteropterys pauciflora,Anemochor,11,5.695,4.518
Agelanthus longipes,Zoochor,3,6.144,6.872
Thomasia macrocarpa,Zoochor,3,0.715,4.765
Atemnosiphon coriaceus,Zoochor,6,-5.838,3.146
Hieracium villosum,Anemochor,2,4.861,1.315
Fraxinus papillosa,Anemochor,11,-2.943,2.723
Triptilion spinosum,Anemochor,16,-2.652,2.646
Baxteria australis,Autochor,10,-6.173,6.107
Heliotropium amplexicaule,Autochor,7,4.884,4.499
Havardia campylacantha,Anemochor,3,-0.457,5.404
Bourreria costaricensis,Zoochor,5,-2.537,3.497
Cryptocarya claudiana,Zoochor,14,0.967,2.499
Berberis thunbergii,Zoochor,13,4.239,2.471
Celtis trinervia,Zoochor,9,0.136,4.379
Erica versicolor,Autochor,2,0.334,3.106
Cissus barteri,Autochor,16,1.237,5.687
Ledebouria cooperi,Nautochor,12,0.884,3.686
Festuca gigantea,Zoochor,14,0.868,3.451
Quercus acuta,Zoochor,15,4.066,2.295
Uapaca kirkiana,Zoochor,1,-2.162,4.668
Renealmia floribunda,Zoochor,4,1.434,9.024
Chiliotrichum diffusum,Anemochor,9,-2.011,4.298
Macarisia pyramidata,Autochor,4,-10.495,4.443
Verbascum lychnitis,Autochor,7,-1.033,2.276
Valeriana transjenisensis,Anemochor,8,-5.148,-10.715
Sinosenecio euosmus,Anemochor,6,2.585,1.87
Mentha canadensis,Autochor,11,-3.499,-3.628
Desmodium cuneatum,Zoochor,9,0.815,4.947
Hybanthus caledonicus,Autochor,10,2.86,2.92
Zea mays,Zoochor,16,2.66,4.325
Festuca subverticillata,Anemochor,8,-0.451,3.402
Tacca maculata,Autochor,9,0.458,4.445
Linanthus pungens,Anemochor,14,0.541,2.003
Fleischmannia imitans,Anemochor,3,1.447,4.202
Machaerium pedicellatum,Anemochor,7,1.37,3.869
Rhododendron nudipes,Anemochor,11,3.573,2.233
Tetrapterys xylosteifolia,Anemochor,14,1.642,4.531
Phacelia vallis-mortae,Anemochor,5,1.239,1.989
Rosa blanda,Zoochor,2,-0.564,1.247
Wielandia platyrachis,Anemochor,1,-3.033,3.353
Matisia malacocalyx,Autochor,12,-11.411,6.423
Linum nelsonii,Anemochor,11,3.913,3.863
Herniaria incana,Hemerochor,14,1.583,3.687
Potentilla vulcanicola,Zoochor,11,-5.977,-10.551
Persoonia fastigiata,Zoochor,5,0.399,3.187
Phyteuma spicatum,Anemochor,11,1.051,2.421
Brachypodium sylvaticum,Zoochor,11,0.002,2.512
Sorghum plumosum,Zoochor,3,4.358,6.961
Tapura acreana,Zoochor,8,9.544,8.985
Arachnothryx secundiflora,Autochor,1,2.931,4.432
Arisaema maximowiczii,Zoochor,14,2.511,2.196
Sphaeralcea pedatifida,Anemochor,13,0.484,3.931
Trichilia septentrionalis,Zoochor,7,-1.159,6.298
Hibiscus lasiocarpos,Autochor,5,2.307,5.589
Elymus caninus,Zoochor,6,-1.853,3.362
Piper otophorum,Zoochor,13,-0.741,3.189
Penstemon montanus,Anemochor,7,1.193,-0.826
Cecropia palmata,Zoochor,2,5.11,6.499
Calycadenia multiglandulosa,Anemochor,14,1.698,2.52
Pteris denticulata,Anemochor,9,0.748,3.831
Handroanthus albus,Anemochor,16,4.529,4.256
Linaria acutiloba,Anemochor,15,-3.143,-5.162
Chamaecrista cotinifolia,Autochor,1,-0.497,4.477
Heliconia velutina,Zoochor,11,-12.136,6.22
Serjania yucatanensis,Anemochor,2,1.833,7.206
Mimulus cardinalis,Anemochor,8,11.34,2.346
Polygala scoparia,Autochor,6,4.148,3.105
Leiothrix argentea,Anemochor,12,7.608,4.521
Ornithogalum oligophyllum,Anemochor,8,2.142,0.963
Richeria tomentosa,Zoochor,6,-6.92,5.428
Amanoa nanayensis,Anemochor,4,-1.797,11.512
Solanum castaneum,Autochor,16,1.179,3.184
Desmodium album,Zoochor,8,9.174,7.036
Berzelia intermedia,Zoochor,1,-1.117,3.043
Simaba intermedia,Zoochor,1,7.282,5.573
Calobota linearifolia,Zoochor,12,5.815,5.452
Syzygium hedraiophyllum,Zoochor,15,15.132,3.009
Lippia subracemosa,Autochor,14,-0.836,3.245
Sarcopera sessiliflora,Zoochor,12,-2.818,4.299
Swartzia simplex,Zoochor,4,-2.625,7.297
Tabernaemontana cerea,Zoochor,12,0.97,6.465
Fabiana ramulosa,Zoochor,15,-0.246,2.443
Mandevilla emarginata,Anemochor,8,3.681,4.532
Dodonaea coriacea,Zoochor,4,19.382,8.621
Plantago orbignyana,Zoochor,16,-0.792,2.42
Castilleja coccinea,Anemochor,11,1.002,4.417
Trembleya neopyrenaica,Autochor,6,-6.26,4.466
Spermacoce ovalifolia,Autochor,5,0.846,4.512
Borreria valens,Autochor,15,1.008,5.345
Pterocarpus lucens,Anemochor,6,-1.64,5.229
Bernardia myricifolia,Autochor,5,2.922,3.043
Passiflora umbilicata,Zoochor,14,1.749,3.963
Phyllanthus compressus,Autochor,15,7.592,5.546
Erythroxylum splendidum,Zoochor,12,1.815,5.964
Clidemia dimorphica,Anemochor,5,-4.881,5.141
Pavonia paniculata,Autochor,3,4.716,5.372
Chamaecrista maritima,Autochor,7,-0.466,4.2
Hypericum linarioides,Zoochor,11,0.989,1.245
Vitex calothyrsa,Zoochor,13,-6.32,4.961
Brylkinia caudata,Anemochor,12,4.815,1.381
Oxalis violacea,Ombrochor,4,3.829,4.533
Calolisianthus pedunculatus,Autochor,6,-0.3,3.299
Cutandia maritima,Anemochor,14,0.88,3.554
Anthoxanthum occidentale,Autochor,9,-0.325,2.748
Tricalysia coriacea,Zoochor,13,-1.863,4.539
Linanthus bellus,Anemochor,16,0.74,3.193
Sageretia gracilis,Zoochor,7,5.118,2.729
Mimosa rufescens,Autochor,9,-1.933,5.023
Xylopia cayennensis,Zoochor,7,4.206,6.681
Allium chrysocephalum,Anemochor,10,0.93,1.227
Eutrema fontanum,Hemerochor,4,0.633,-6.513
Solanum chmielewskii,Autochor,9,3.318,3.349
Cyanotis lanata,Autochor,12,-6.442,6.104
Dryopteris intermedia,Anemochor,10,0.009,2.857
Patersonia graminea,Zoochor,2,0.848,6.044
Neoregelia pendula,Anemochor,6,-18.492,5.376
Haloragis aspera,Zoochor,9,0.121,5.187
Rhododendron floribundum,Anemochor,12,6.817,2.897
Calytrix involucrata,Zoochor,7,-1.272,5.564
Physaria bellii,Anemochor,8,-2.385,0.769
Podocarpus milanjianus,Zoochor,14,-0.766,3.103
Poa saltuensis,Anemochor,15,-0.139,2.244
Olax mannii,Zoochor,16,0.559,5.896
Peponidium tamatavense,Autochor,4,-3.105,4.603
Nepeta erecta,Zoochor,7,2.014,1.436
Dirichletia glaucescens,Autochor,11,2.068,4.59
Gynochthodes canthoides,Zoochor,15,2.084,3.424
Trigonotis gracilipes,Zoochor,14,3.762,3.256
Asplenium amboinense,Anemochor,9,-1.645,2.657
Borreria humifusa,Autochor,4,-8.471,5.174
Gentianopsis crinita,Anemochor,16,-1.041,2.455
Ranunculus longirostris,Zoochor,6,0.411,3.019
Anemia imbricata,Anemochor,10,-6.716,2.834
Solanum conglobatum,Autochor,15,8.15,5.204
Mimosa cyclophylla,Autochor,16,-2.182,4.507
Secamone obovata,Anemochor,11,-3.144,3.691
Quercus corrugata,Zoochor,11,5.697,3.627
Blepharis subvolubilis,Anemochor,9,-0.282,3.744
Bignonia ramentacea,Anemochor,16,2.95,4.534
Heliopsis procumbens,Anemochor,10,0.278,3.088
Ficus hesperidiiformis,Zoochor,6,-3.537,3.537
Silene campanulata,Anemochor,4,33.976,1.201
Acmella filipes,Anemochor,5,0.786,5.502
Premna longipetiolata,Zoochor,3,2.639,5.992
Koanophyllon thysanolepis,Anemochor,9,-11.793,2.693
Psychotria reticulata,Zoochor,7,-1.112,3.175
Triplarina paludosa,Zoochor,1,-0.881,4.23
Triteleia crocea,Anemochor,4,-0.814,1.248
Paepalanthus planifolius,Autochor,8,3.759,3.606
Pinus flexilis,Zoochor,5,0.089,1.841
Blepharodon salicinum,Anemochor,10,2.641,4.668
Serjania pacifica,Anemochor,5,2.907,2.809
Stemodia schottii,Autochor,1,1.229,5.151
Phyllonoma laticuspis,Zoochor,9,0.489,2.927
Tibouchina granulosa,Autochor,5,-0.169,3.795
Dryopteris pseudofilix-mas,Anemochor,7,7.571,4.221
Nissolia microptera,Anemochor,15,-0.39,3.49
Crotalaria harleyi,Autochor,9,-1.461,2.724
Actephila latifolia,Autochor,15,3.549,3.169
Festuca psammophila,Anemochor,12,-0.705,4.353
Dicarpidium monoicum,Anemochor,14,1.795,4.826
Muhlenbergia porteri,Zoochor,5,1.039,2.661
Thysanotus sparteus,Zoochor,3,-1.148,5.702
Billardiera versicolor,Zoochor,15,0.515,5.407
Callipeltis cucullaris,Anemochor,13,2.715,2.248
Bosistoa floydii,Autochor,9,-1.966,2.824
Euonymus hamiltonianus,Zoochor,16,3.081,1.803
Mascagnia brevifolia,Anemochor,8,28.476,7.557
Sphaeradenia garciae,Zoochor,6,-9.899,3.417
Merostachys ternata,Autochor,16,5.938,5.261
Artemisia nanschanica,Anemochor,12,1.866,-0.704
Bromus ciliatus,Zoochor,7,-0.762,-2.803
Schelhammera multiflora,Zoochor,15,4.021,4.358
Physocarpus monogynus,Zoochor,16,3.318,0.728
Tococa caudata,Zoochor,10,1.646,6.643
Solanum anguivi,Autochor,12,3.159,3.818
Tolpis staticifolia,Autochor,1,3.151,2.223
Verbena montevidensis,Anemochor,8,6.881,4.693
Pinaropappus roseus,Anemochor,13,1.331,3.062
Pterocarpus villosus,Anemochor,16,1.808,4.772
Myrocarpus fastigiatus,Anemochor,6,1.556,3.809
Bidens subalternans,Zoochor,12,6.385,5.43
Antiphytum heliotropioides,Zoochor,16,-6.025,3.553
Costus longibracteolatus,Zoochor,6,-9.76,5.958
Stylidium warriedarense,Autochor,10,-0.132,5.523
Streptocarpus hilsenbergii,Autochor,6,-1.935,3.423
Centaurea calcitrapa,Zoochor,9,1.089,2.793
Diheteropogon amplectens,Autochor,16,-4.536,5.278
Leandra ionopogon,Zoochor,1,-1.907,2.946
Forsteronia leptocarpa,Anemochor,6,1.007,3.89
Andersonia micrantha,Anemochor,3,-0.136,5.17
Taraxacum interruptum,Anemochor,15,-2.528,2.147
Eremophila dendritica,Zoochor,5,0.468,5.586
Chamaesyce pediculifera,Autochor,7,2.459,3.232
Ludia pinnatinervia,Zoochor,5,-2.828,3.1
Danais microcarpa,Zoochor,16,-7.322,3.192
Loeflingia hispanica,Autochor,11,1.729,4.059
Pedicularis muscoides,Autochor,9,1.639,2.687
Cupaniopsis foveolata,Zoochor,6,6.313,2.99
Pavonia cancellata,Autochor,1,0.37,4.379
Poa occidentalis,Anemochor,15,0.35,1.147
Cymbosema roseum,Autochor,14,1.465,5.911
Prenanthes trifoliolata,Zoochor,5,0.335,2.502
Manotes griffoniana,Zoochor,7,2.677,6.354
Polystichum speciosissimum,Anemochor,6,-7.192,3.194
Eragrostis pergracilis,Autochor,7,11.362,6.582
Chlorospatha dodsonii,Autochor,2,-2.344,3.988
Tetrameles nudiflora,Anemochor,2,-1.669,4.631
Dorstenia cuspidata,Zoochor,10,-1.72,5.328
Potentilla hebiichigo,Zoochor,2,1.98,1.845
Pilea hyalina,Autochor,12,0.194,4.689
Herpolirion novae-zelandiae,Zoochor,5,-2.401,4.282
Oxalis dombeyi,Autochor,6,3.636,5.046
Pedicularis szetschuanica,Autochor,5,2.827,2.015
Fallugia paradoxa,Anemochor,3,1.614,2.187
Puelia schumanniana,Anemochor,6,4.226,5.688
Salvia amplexicaulis,Autochor,6,1.719,2.062
Ophryosporus peruvianus,Anemochor,9,-0.256,3.397
Luzula atrata,Zoochor,9,-2.45,4.518
Trillium apetalon,Zoochor,12,7.397,1.074
Senecio chionogeton,Anemochor,10,-0.282,3.257
Duranta costaricensis,Zoochor,5,-0.116,2.942
Scaevola acacioides,Zoochor,15,6.037,5.622
Erica cubica,Autochor,8,-2.422,3.438
Leersia virginica,Zoochor,6,0.51,4.339
Vaccinium boreale,Zoochor,14,0.604,2.68
Gossypium davidsonii,Autochor,11,4.643,4.638
Crotalaria sagittalis,Autochor,13,1.793,3.437
Nemophila parviflora,Anemochor,7,0.205,1.729
Paspalum ekmanianum,Autochor,6,7.686,4.909
Astragalus hyalinus,Nautochor,11,0.352,2.138
Strychnos sandwithiana,Zoochor,2,0.858,6.805
Saltugilia latimeri,Anemochor,2,2.133,2.379
Bidens gentryi,Zoochor,11,-4.703,2.816
Mentha australis,Autochor,3,15.002,5.497
Galactia microphylla,Autochor,8,9.401,6.243
Cryptandra intratropica,Zoochor,6,2.958,4.974
Baccharis crassicuneata,Anemochor,6,1.902,3.171
Grevillea oleoides,Autochor,1,1.072,3.296
Selaginella lingulata,Chamaechor,5,-0.275,3.596
Potameia thouarsii,Zoochor,12,-3.017,3.96
Combretum grandidieri,Anemochor,10,2.977,4.525
Piper cachimboense,Zoochor,13,-1.037,4.98
Xyris araracuarae,Autochor,16,-17.627,7.269
Machaeranthera canescens,Anemochor,14,0.963,2.779
Sisyrinchium serrulatum,Autochor,13,0.072,3.49
Hyptis odorata,Autochor,16,8.756,4.248
Burmannia coelestis,Autochor,8,1.411,5.749
Psydrax johnsonii,Zoochor,14,-0.284,4.746
Dracontium ulei,Zoochor,8,16.607,8.307
Blakea subvaginata,Anemochor,1,-9.83,3.45
Gaertnera phyllosepala,Zoochor,8,-5.369,3.83
Cephalaria zeyheriana,Hemerochor,12,0.363,3.985
Varilla texana,Autochor,13,0.647,5.08
Saxifraga magellanica,Anemochor,15,-2.102,2.873
Clusia candelabrum,Zoochor,3,-12.497,8.534
Glossoloma sprucei,Anemochor,12,-3.114,3.579
Leontice leontopetalum,Zoochor,8,7.773,4.878
Jatropha latifolia,Autochor,2,-0.736,3.727
Setaria queenslandica,Autochor,16,5.606,7.222
Rhynchospora corymbosa,Autochor,10,0.725,4.752
Perityle aurea,Anemochor,5,-0.083,3.26
Amphibromus pithogastrus,Autochor,14,-0.562,3.446
Eirmocephala megaphylla,Anemochor,3,10.155,5.786
Cleistanthus dallachyanus,Zoochor,11,2.544,3.194
Sasaella ramosa,Anemochor,7,2.809,1.952
Geranium wilfordii,Autochor,6,3.062,1.529
Eremophila miniata,Zoochor,12,3.977,5.961
Melaleuca groveana,Anemochor,1,-0.314,3.557
Diastema racemiferum,Autochor,9,-1.344,2.929
Galactia fiebrigiana,Autochor,15,4.684,3.499
Carpesium trachelifolium,Autochor,12,3.93,2.005
Linum kingii,Anemochor,10,0.268,0.892
Anarthria polyphylla,Autochor,1,-3.015,5.798
Doryopteris lorentzii,Anemochor,5,0.178,4.331
Onosmodium bejariense,Anemochor,15,1.382,3.345
Astragalus atropubescens,Nautochor,16,0.627,-0.81
Rhodoleia championii,Zoochor,10,1.577,2.962
Pomaderris bodalla,Zoochor,15,-1.839,2.839
Cornus rugosa,Zoochor,14,-0.126,3.802
Botrychium strictum,Chamaechor,4,0.167,0.888
Rhododendron diversipilosum,Anemochor,16,1.847,-4.688
Cissus adnata,Autochor,11,-0.256,4.442
Grevillea monticola,Autochor,2,-1.063,4.963
Pausandra trianae,Autochor,2,-3.591,6.229
Melaleuca eleuterostachya,Anemochor,11,1.163,5.772
Diatenopteryx grazielae,Anemochor,8,-2.974,4.247
Pityrogramma trifoliata,Anemochor,12,5.671,4.807
Ilex wilsonii,Zoochor,3,4.489,2.406
Geranium flanaganii,Autochor,4,1.005,3.525
Juncus roemerianus,Anemochor,15,4.836,6.473
Solanum bahamense,Autochor,10,2.748,4.256
Stachys heraclea,Autochor,14,-1.978,2.364
Hypolaena humilis,Autochor,8,0.781,5.7
Scleria panicoides,Autochor,2,1.222,3.447
Caesia parviflora,Zoochor,16,-0.335,3.639
Ficus marmorata,Zoochor,11,1.591,5.353
Perymenium ghiesbreghtii,Autochor,13,-1.467,2.967
Eryngium ovinum,Autochor,5,-0.341,4.009
Brachychiton garrawayae,Nautochor,16,-4.523,6.024
Sphedamnocarpus pruriens,Anemochor,13,0.499,3.783
Pomaderris queenslandica,Zoochor,16,0.271,3.494
Quiabentia verticillata,Zoochor,2,13.926,6.917
Bactris major,Zoochor,8,5.265,7.787
Senecio oxyriifolius,Anemochor,3,-0.011,3.433
Polycarpaea microceps,Anemochor,14,-4.898,5.585
Aristolochia tubiflora,Autochor,6,3.529,2.676
Trichogonia heringeri,Anemochor,12,1.713,4.942
Solms-laubachia himalayensis,Autochor,15,2.694,-0.106
Artemisia nova,Anemochor,15,0.704,1.246
Tofieldia coccinea,Autochor,16,-6.809,-8.184
Lonchocarpus rugosus,Autochor,4,5.343,7.6
Phyllospadix torreyi,Zoochor,6,0.891,2.801
Asystasia leptostachya,Autochor,7,4.439,5.433
Coptis chinensis,Zoochor,13,3.102,2.075
Mollinedia viridiflora,Zoochor,3,-2.115,4.379
Styrax glabratus,Zoochor,16,3.943,4.394
Silene stenophylla,Anemochor,16,-4.944,-9.458
Trichoneura grandiglumis,Anemochor,15,1.114,4.512
Lycopodiella longipes,Anemochor,6,-1.313,3.532
Welfia regia,Zoochor,12,0.316,4.165
Calamus rhabdocladus,Zoochor,5,3.135,2.828
Eucalyptus obliqua,Anemochor,2,-1.155,3.632
Penstemon rostriflorus,Anemochor,3,0.184,1.248
Licaria bahiana,Zoochor,14,1.54,3.873
Gaillardia suavis,Hemerochor,8,6.397,6.597
Echinochloa colona,Hemerochor,5,-0.487,4.453
Hesperidanthus linearifolius,Anemochor,2,-0.779,2.309
Lepidothamnus intermedius,Zoochor,16,-2.911,4.185
Micromyrtus ciliata,Zoochor,3,2.36,4.042
Vernonanthura mucronulata,Anemochor,3,2.699,4.22
Myrcia bracteata,Zoochor,13,-1.658,4.812
Anvillea garcinii,Ombrochor,13,1.644,3.464
Lopezia clavata,Anemochor,13,4.273,2.225
Glischrocaryon roei,Autochor,1,-2.134,5.747
Rafinesquia californica,Anemochor,4,4.393,2.951
Rhododendron tashiroi,Anemochor,2,1.767,2.746
Iva annua,Anemochor,15,3.222,6.116
Eremophila scoparia,Zoochor,13,-1.0,5.284
Lessingianthus rubricaulis,Anemochor,9,1.1,5.096
Paepalanthus sessiliflorus,Autochor,7,0.696,3.935
Strychnos ramentifera,Zoochor,5,-4.273,5.109
Botrypus virginianus,Chamaechor,11,-1.093,-4.348
Plinia duplipilosa,Zoochor,5,-10.039,5.92
Campanula erinus,Anemochor,11,1.882,2.584
Maesa tenera,Zoochor,6,5.481,3.241
Jacquemontia ferruginea,Autochor,16,2.133,3.999
Carex grallatoria,Autochor,15,4.293,2.096
Yucca gloriosa,Zoochor,7,6.603,5.946
Eragrostis lanipes,Autochor,11,4.185,5.824
Asclepias aurea,Anemochor,2,0.767,3.911
Lycium berlandieri,Anemochor,8,3.157,4.245
Pitcairnia juncoides,Anemochor,6,-13.524,5.974
Lupinus argenteus,Autochor,16,0.826,0.792
Symphyotrichum sericeum,Anemochor,12,1.859,6.075
Junellia seriphioides,Anemochor,13,-1.203,4.068
Eucalyptus kumarlensis,Anemochor,2,-0.333,5.74
Enterolobium timbouva,Autochor,11,2.485,5.065
Lobelia surrepens,Zoochor,1,-1.421,2.938
Spathiphyllum blandum,Zoochor,7,-1.172,4.697
Pyrrosia angustata,Anemochor,1,0.803,4.395
Cycnogeton alcockiae,Autochor,16,-1.222,4.464
Barnadesia caryophylla,Zoochor,14,2.486,4.247
Diplatia tomentosa,Zoochor,9,-0.606,4.05
Thinouia compressa,Anemochor,12,6.235,5.648
Suaeda moquinii,Anemochor,5,0.87,3.017
Hesperostipa spartea,Autochor,7,0.457,2.527
Stigmaphyllon herbaceum,Anemochor,11,-1.492,4.361
Sclerocarpus sessilifolius,Anemochor,8,8.181,3.955
Waltheria acuminata,Autochor,16,-3.229,4.551
Fimbristylis schoenoides,Anemochor,1,-0.511,4.883
Clavija spinosa,Zoochor,3,9.741,4.308
Potamogeton oxyphyllus,Zoochor,8,0.42,1.939
Artemisia tridentata,Anemochor,11,0.823,0.91
Silene littorea,Anemochor,2,1.742,3.648
Pedicularis striata,Autochor,5,2.656,0.568
Andira parviflora,Zoochor,3,-20.019,8.64
Persicaria maculosa,Autochor,10,-1.126,4.286
Ctenitis madagascariensis,Anemochor,8,-15.219,3.584
Paullinia bilobulata,Anemochor,2,10.005,6.628
Linanthus bellus,Anemochor,1,0.374,2.821
Stachys costaricensis,Autochor,3,-4.237,3.555
Rhynchospora barrosiana,Autochor,3,3.25,4.723
Fridericia leucopogon,Anemochor,13,0.525,3.728
Botrychium crenulatum,Chamaechor,6,-1.204,-1.371
Ormosia coutinhoi,Anemochor,16,5.926,7.261
Myosotis asiatica,Zoochor,15,-1.226,-4.069
Mauria heterophylla,Zoochor,3,2.039,3.559
Chamaedorea palmeriana,Zoochor,6,-1.983,3.198
Mitella diphylla,Anemochor,13,0.797,4.57
Cuscuta mitriformis,Autochor,6,4.463,3.311
Phyllanthus casticum,Autochor,5,0.453,3.589
Psychotria geophylax,Zoochor,11,-12.342,4.09
Baccharis concinna,Anemochor,1,4.053,4.551
Denhamia fasciculiflora,Zoochor,3,4.908,5.123
Teucrium carthaginense,Autochor,9,1.41,3.79
Solanum pinnatisectum,Autochor,8,1.953,3.513
Doryopteris pentagona,Anemochor,6,1.362,4.28
Clusia burle-marxii,Zoochor,6,10.474,4.831
Viola vaginata,Zoochor,1,8.729,1.784
Geranium arabicum,Autochor,5,-0.923,3.071
Pittosporum poumense,Zoochor,6,6.724,3.043
Paullinia imberbis,Anemochor,10,-0.581,5.668
Lathyrus pauciflorus,Autochor,16,0.964,0.328
Sartwellia mexicana,Anemochor,8,2.827,3.947
Rumex fueginus,Zoochor,6,-1.798,-2.558
Gladiolus speciosus,Anemochor,5,2.086,2.774
Donnellsmithia ternata,Autochor,2,8.675,2.771
Maesa lanceolata,Zoochor,14,-2.641,3.099
Taraxacum alpicola,Anemochor,13,3.566,2.317
Crataegus purpurella,Zoochor,15,-0.152,-1.174
Schradera acuminata,Zoochor,4,1.913,4.443
Baccharis tridentata,Anemochor,5,0.552,3.466
Solanum grayi,Zoochor,11,-1.115,3.537
Setaria humbertiana,Autochor,13,-0.146,3.516
Pachyptera erythraea,Anemochor,1,-5.289,4.876
Miconia urticoides,Zoochor,14,-2.633,4.39
Polygonum erectum,Anemochor,12,0.004,0.169
Holosteum umbellatum,Zoochor,4,0.565,2.608
Aiphanes lindeniana,Zoochor,11,-5.089,3.379
Ficus dendrocida,Zoochor,16,3.683,5.488
Geranium homeanum,Autochor,14,-1.189,3.372
Lomandra rigida,Zoochor,3,-2.082,5.385
Drosera anglica,Autochor,11,-0.921,-3.259
Sporobolus airoides,Autochor,15,1.493,3.263
Eragrostis minor,Autochor,2,1.107,2.404
Montiopsis berteroana,Anemochor,5,-0.444,3.284
Lemna minuta,Zoochor,11,2.056,3.676
Homoranthus thomasii,Zoochor,10,-0.272,4.578
Amyris balsamifera,Zoochor,4,1.24,6.167
Pleurospermum uralense,Autochor,4,-6.164,-8.664
Chamaesyce florida,Autochor,15,4.587,2.616
Osmitopsis osmitoides,Anemochor,14,-2.245,3.087
Funastrum gracile,Autochor,8,17.397,5.542
Cerbera inflata,Nautochor,5,0.395,2.956
Clerodendrum adenophysum,Autochor,15,-0.198,3.533
Juncus kraussii,Anemochor,15,-1.069,4.774
Matisia glandifera,Autochor,14,-5.89,5.233
Stapelia gettliffei,Anemochor,6,0.892,4.924
Mirabilis oligantha,Zoochor,5,0.905,3.444
Iris cristata,Autochor,3,3.364,3.269
Penstemon albertinus,Anemochor,12,0.878,-1.006
Digomphia densicoma,Anemochor,1,-3.85,5.852
Halleria lucida,Autochor,9,-0.096,2.897
Brickellia peninsularis,Anemochor,8,2.407,3.995
Kearnemalvastrum subtriflorum,Anemochor,4,7.744,3.845
Melica onoei,Anemochor,14,3.854,2.234
Vochysia vismiifolia,Anemochor,3,-0.984,7.875
Tillandsia excelsa,Anemochor,4,5.5,4.275
Quassia indica,Autochor,3,-3.6,5.787
Psammisia fissilis,Autochor,12,-8.678,3.754
Calytrix depressa,Zoochor,8,1.406,5.825
Typhonium praetermissum,Zoochor,1,1.391,6.259
Odontadenia puncticulosa,Anemochor,11,-3.037,5.966
Hebeclinium macrophyllum,Anemochor,7,2.815,5.918
Isertia rosea,Zoochor,13,-4.738,5.137
Rhododendron maximum,Anemochor,3,-0.514,1.745
Triodia caelestialis,Anemochor,15,3.781,6.428
Cistus clusii,Autochor,11,1.66,2.457
Chaenostoma uncinatum,Anemochor,13,1.666,3.01
Helleborus niger,Zoochor,4,-0.269,0.892
Dianthus barbatus,Hemerochor,6,1.414,2.007
Muhlenbergia ciliata,Zoochor,16,1.269,3.287
Canavalia acuminata,Autochor,15,0.598,4.034
Cassine burkeana,Zoochor,15,-0.641,4.655
Arachniodes simulans,Anemochor,7,2.732,2.089
Carex leiorhyncha,Autochor,11,1.357,-2.759
Mussaenda elegans,Nautochor,2,-2.851,5.98
Salix aurita,Anemochor,2,-2.609,3.929
Zexmenia serrata,Anemochor,11,1.626,5.522
Pradosia surinamensis,Autochor,4,0.852,8.705
Stigmatopteris rotundata,Anemochor,13,-2.696,4.411
Iryanthera obovata,Zoochor,9,-6.321,5.196
Styrax warscewiczii,Zoochor,7,5.038,3.62
Hypericum sphaerocarpum,Zoochor,5,1.519,5.055
Vriesea erythrodactylon,Anemochor,3,2.231,3.295
Eucalyptus hypolaena,Anemochor,3,6.605,6.132
Anemone multifida,Anemochor,9,1.212,2.23
Goodenia neogoodenia,Zoochor,2,5.31,5.812
Miconia amacurensis,Zoochor,2,-1.085,5.768
Ouratea caudata,Zoochor,6,1.431,6.242
Croton erythroxyloides,Autochor,1,0.468,3.227
Alchornea floribunda,Zoochor,14,2.084,5.202
Scutellaria tuberosa,Autochor,14,1.665,2.489
Adenocalymma schomburgkii,Anemochor,7,-4.234,7.226
Elaeocarpus holopetalus,Zoochor,9,-1.439,2.921
Hyptis ditassoides,Autochor,11,5.299,3.329
Sagittaria chapmanii,Autochor,7,7.315,6.505
Sesamoides suffruticosa,Hemerochor,3,0.372,2.271
Geranium texanum,Autochor,14,2.577,5.297
Croton argyrodaphne,Autochor,16,1.001,4.063
Raulinoreitzia crenulata,Anemochor,8,3.353,5.133
Dilatris viscosa,Autochor,8,2.49,3.497
Amphibromus pithogastrus,Autochor,5,-0.779,3.487
Coptosperma humblotii,Zoochor,6,-2.636,3.845
Angophora robur,Anemochor,10,-0.283,3.4
Cerastium illyricum,Zoochor,9,2.864,2.432
Amorimia maritima,Anemochor,1,1.208,4.293
Clematis acapulcensis,Anemochor,5,0.877,2.712
Lappula occidentalis,Zoochor,6,1.481,2.787
Watsonia watsonioides,Autochor,6,-1.129,2.966
Stevia polycephala,Anemochor,4,12.097,4.276
Dontostemon micranthus,Autochor,3,-3.528,-9.964
Clitoria densiflora,Autochor,16,4.898,5.287
Rhododendron konori,Anemochor,2,-6.784,4.4
Solanum chippendalei,Autochor,8,15.169,7.195
Pilosella hypeurya,Zoochor,11,0.44,2.16
Maranta zingiberina,Autochor,13,-0.317,3.182
Carduus tenuiflorus,Anemochor,6,0.573,3.319
Oldenlandia laceyi,Autochor,3,5.089,6.335
Geum vernum,Zoochor,11,0.29,4.244
Croton hondensis,Autochor,8,-7.984,4.459
Agave polianthiflora,Anemochor,8,-6.949,2.872
Serjania lethalis,Anemochor,11,3.496,5.047
Asemeia ilheotica,Autochor,4,33.113,6.582
Grevillea anethifolia,Autochor,16,0.601,5.739
Gilia crassifolia,Autochor,1,-1.922,3.212
Sisymbrium turczaninowii,Autochor,16,1.491,3.902
Gevuina avellana,Zoochor,8,0.584,2.737
Pediomelum megalanthum,Autochor,8,1.795,1.018
Narcissus confusus,Anemochor,12,0.787,2.313
Oreobolus strictus,Autochor,15,-2.791,4.208
Moraea galaxia,Autochor,6,0.827,3.443
Mucuna rostrata,Nautochor,11,1.779,5.813
Sloanea monosperma,Zoochor,9,0.149,4.11
Stylogyne pauciflora,Zoochor,14,0.544,2.893
Psychotria victoriae,Zoochor,10,13.895,4.047
Goodenia iyouta,Zoochor,4,28.736,8.311
Ophryosporus chilca,Anemochor,1,-2.255,3.348
Cecropia peltata,Zoochor,15,0.383,5.61
Rhinacanthus virens,Autochor,16,1.093,5.383
Petasites japonicus,Anemochor,10,3.078,2.228
Passiflora arizonica,Zoochor,5,0.845,2.379
Bidens laevis,Zoochor,9,1.309,4.211
Carex tristachya,Autochor,12,3.247,2.331
Erythroxylum coca,Zoochor,6,-5.275,5.594
Stereochlaena cameronii,Autochor,7,-4.232,5.461
Guadua trinii,Autochor,5,0.416,4.337
Micropholis gnaphaloclados,Zoochor,15,3.736,4.721
Tricalysia griseiflora,Zoochor,16,-3.017,5.959
Ophiocaryon klugii,Zoochor,14,-6.214,6.193
Polygala adenophylla,Autochor,11,2.291,5.018
Iva imbricata,Anemochor,3,8.794,6.781
Philodendron minarum,Zoochor,7,13.047,4.656
Isolepis pseudosetacea,Zoochor,5,0.726,3.032
Simsia annectens,Anemochor,11,0.497,3.496
Cornus disciflora,Zoochor,3,16.57,3.557
Buckinghamia celsissima,Anemochor,3,4.005,3.796
Carex phyllostachys,Autochor,2,4.871,1.859
Palicourea ovalis,Zoochor,10,7.87,3.162
Ipomoea rubens,Autochor,5,2.113,5.563
Triflorensia ixoroides,Autochor,5,-0.842,3.438
Verbena pinetorum,Anemochor,10,6.66,2.634
Phoradendron galeottii,Zoochor,15,4.393,3.001
Phyllanthus meyerianus,Autochor,3,4.627,4.351
Austrostipa aphylla,Autochor,15,-1.049,2.954
Quiina amazonica,Zoochor,2,2.354,6.837
Agave rhodacantha,Anemochor,11,1.976,3.749
Lupinus longifolius,Autochor,10,4.139,2.855
Ficus trichopoda,Zoochor,16,-4.146,5.431
Polygonum boreale,Anemochor,12,1.437,0.589
Cymbonotus maidenii,Anemochor,6,4.005,5.739
Agave gigantensis,Anemochor,3,6.754,5.372
Rumohra adiantiformis,Anemochor,3,-0.656,3.686
Falcaria vulgaris,Hemerochor,16,-2.596,3.497
Lupinus excubitus,Autochor,12,3.848,2.456
Swartzia haughtii,Zoochor,7,10.397,5.454
Boerhavia gardneri,Zoochor,13,0.774,5.004
Astrocaryum vulgare,Zoochor,6,4.725,6.084
Drymonia strigosa,Anemochor,8,-10.463,5.726
Harpullia leichhardtii,Zoochor,11,-7.332,4.784
Galium palustre,Autochor,13,-0.548,5.301
Sorocea klotzschiana,Zoochor,11,3.952,5.863
Atriplex cinerea,Anemochor,11,-1.659,5.023
Russelia ternifolia,Autochor,7,-3.544,3.778
Ctenitis equestris,Anemochor,13,0.125,2.757
Pilea plataniflora,Autochor,2,5.834,2.989
Cleome eosina,Autochor,10,11.24,6.368
Adelobotrys fuscescens,Anemochor,4,-33.359,7.327
Epithema carnosum,Autochor,15,4.65,3.732
Triadenum virginicum,Zoochor,6,-0.721,1.586
Mahonia dictyota,Zoochor,8,2.267,2.362
Serjania fuscifolia,Anemochor,16,5.057,5.169
Leandra cancellata,Zoochor,4,5.046,4.166
Cinnamomum wilsonii,Zoochor,13,3.289,2.104
Draba densifolia,Anemochor,15,1.2,-4.566
Trophis involucrata,Zoochor,6,-5.498,3.697
Luzula sudetica,Autochor,11,-1.443,2.793
Xylosma pubescens,Zoochor,8,0.566,2.321
Chomelia venulosa,Zoochor,5,-4.276,2.902
Potentilla matsuokana,Zoochor,16,-4.6,-13.441
Peperomia syringifolia,Zoochor,1,-5.049,3.237
Verreauxia dyeri,Zoochor,11,0.245,5.43
Angelica pubescens,Autochor,16,2.845,1.854
Gyminda tonduzii,Zoochor,6,10.361,3.203
Loxogramme parksii,Anemochor,16,-1.086,4.414
Thunbergia gregorii,Zoochor,2,-2.714,3.749
Basananthe sandersonii,Zoochor,15,0.686,3.061
Penstemon tenuiflorus,Anemochor,15,4.23,4.779
Malvella lepidota,Autochor,3,3.716,3.948
Hintonia octomera,Zoochor,12,4.824,7.117
Aechmea multiflora,Autochor,7,-1.57,4.391
Ocotea atirrensis,Zoochor,4,0.502,4.662
Abarema cochleata,Autochor,7,2.331,7.298
Salix petrophila,Anemochor,13,1.603,3.327
Calamus myriacanthus,Zoochor,6,2.291,3.613
Melaleuca acuminata,Anemochor,2,0.232,5.746
Cryptantha fastigiata,Zoochor,13,3.897,2.42
Faramea latifolia,Zoochor,1,2.833,4.627
Athyrium dombeyi,Anemochor,12,2.921,3.76
Tetracera breyniana,Zoochor,6,-0.731,4.687
Fraxinus velutina,Anemochor,14,2.671,2.424
Zizaniopsis miliacea,Anemochor,6,4.452,5.898
Miconia campestris,Zoochor,15,-6.259,6.077
Petrophile merrallii,Autochor,10,-0.119,5.757
Piptocarpha axillaris,Anemochor,7,2.378,3.585
Leptosiphon montanus,Autochor,12,-1.265,2.124
Euroschinus rubromarginatus,Zoochor,7,6.67,3.647
Smilax herbacea,Zoochor,4,-2.053,1.307
Spermacoce brachystema,Autochor,1,1.701,4.676
Astragalus bourgovii,Nautochor,5,0.688,1.205
Isolepis basilaris,Zoochor,16,-2.219,4.626
Acer sterculiaceum,Anemochor,1,3.192,2.304
Schizachyrium malacostachyum,Anemochor,15,-0.413,4.295
Hyptis obtusiflora,Autochor,2,1.394,4.123
Conchocarpus hamadryadicus,Autochor,16,10.724,4.272
Gentiana platypetala,Anemochor,7,-1.553,-0.211
Aceratium oppositifolium,Zoochor,6,-7.756,5.073
Frasera puberulenta,Autochor,1,0.948,3.065
Panicum mertensii,Anemochor,15,1.822,6.549
Lenwebbia prominens,Zoochor,11,-1.301,2.919
Willdenowia glomerata,Autochor,8,4.918,2.901
Exostigma rivulare,Anemochor,7,2.138,4.129
Grevillea quercifolia,Autochor,14,-2.573,4.967
Mimulus glaucescens,Anemochor,15,0.561,2.896
Rhadinothamnus anceps,Zoochor,4,-2.786,5.557
Dactyloctenium radulans,Anemochor,1,5.836,5.59
Siphonostegia chinensis,Anemochor,11,0.988,2.321
Vitex oscitans,Zoochor,2,-0.975,3.833
Arenaria moehringioides,Anemochor,15,18.093,2.15
Vochysia discolor,Anemochor,2,3.016,4.123
Erythroxylum mucronatum,Zoochor,16,5.634,6.659
Cryptandra arbutiflora,Zoochor,12,-1.174,5.598
Maireana integra,Anemochor,13,1.2,5.077
Hyoscyamus niger,Hemerochor,15,-1.117,2.762
Rumex orbiculatus,Zoochor,14,-1.119,3.802
Triumfetta reflexa,Zoochor,5,1.026,5.322
Comanthera bisulcata,Anemochor,12,-0.621,3.484
Draba oblongata,Anemochor,13,4.015,2.856
Stephanopodium peruvianum,Zoochor,1,-13.313,6.229
Malpighia albiflora,Zoochor,12,-0.156,4.162
Maytenus quadrangulata,Zoochor,8,11.599,4.942
Pandanus oligocephalus,Zoochor,1,-3.127,3.366
Eragrostis trachycarpa,Autochor,14,0.053,2.919
Pycnanthemum incanum,Anemochor,3,1.175,2.714
Lespedeza frutescens,Zoochor,8,1.714,3.47
Tarasa tenella,Anemochor,15,-1.514,2.608
Heteropterys lindeniana,Anemochor,3,2.376,7.578
Myrceugenia regnelliana,Zoochor,7,0.525,3.432
Stipagrostis ciliata,Anemochor,7,3.873,5.742
Desmoncus giganteus,Zoochor,12,-9.093,6.847
Leandra purpurea,Zoochor,1,-0.562,4.536
Plantago uliginosa,Zoochor,13,1.085,4.391
Mortoniodendron vestitum,Anemochor,8,-4.142,5.632
Paliavana werdermannii,Anemochor,2,-10.033,3.373
Bacopa hamiltoniana,Autochor,1,-5.19,6.172
Zingeria biebersteiniana,Autochor,2,4.82,2.669
Tsuga diversifolia,Anemochor,13,-10.452,2.357
Eragrostis cilianensis,Autochor,13,0.474,4.079
Poa wolfii,Anemochor,6,2.852,5.079
Citharexylum ligustrinum,Zoochor,2,6.967,4.095
Coleanthera myrtoides,Zoochor,7,0.923,5.088
Chamaedorea arenbergiana,Zoochor,6,-0.19,3.951
Cleistanthus cunninghamii,Zoochor,5,-0.743,2.95
Muscari baeticum,Nautochor,15,0.749,2.858
Leucadendron pubibracteolatum,Anemochor,8,3.154,2.82
Dicentra formosa,Zoochor,7,0.288,1.74
Chileranthemum pyramidatum,Autochor,9,-0.714,3.91
Adiantum flabellulatum,Anemochor,9,3.733,2.495
Vernonanthura oaxacana,Anemochor,9,0.125,2.794
Isopogon pruinosus,Anemochor,15,-0.403,5.798
Grielum grandiflorum,Autochor,5,-0.818,3.418
Aristida leichhardtiana,Anemochor,1,0.719,4.652
Raddia distichophylla,Zoochor,6,-3.957,3.548
Hemimeris centrodes,Anemochor,13,0.622,2.739
Xanthosoma hylaeae,Zoochor,6,-4.072,4.828
Lilium nanum,Anemochor,3,0.848,1.117
Elymus hystrix,Anemochor,6,0.029,3.915
Aristotelia serrata,Zoochor,2,-2.638,4.407
Carex lupulina,Autochor,10,-0.174,4.013
Paullinia paullinioides,Anemochor,10,-5.532,5.743
Cryptantha sericea,Zoochor,8,1.146,-0.961
Bupleurum balansae,Autochor,11,1.519,2.543
Guatteria tomentosa,Zoochor,12,9.118,5.839
Melaleuca parviceps,Anemochor,14,-2.266,5.099
Xyris spruceana,Autochor,10,-12.267,5.716
Dierama reynoldsii,Autochor,3,0.359,2.952
Chenopodium vulvaria,Hemerochor,2,0.939,2.558
Dampiera sacculata,Zoochor,2,-1.735,5.789
Heliconia cordata,Zoochor,3,-4.534,4.149
Ischaemum minus,Nautochor,9,0.187,3.349
Miconia silicicola,Zoochor,13,-1.429,4.857
Lathyrus hirsutus,Anemochor,10,0.883,4.33
Aconitum flavum,Hemerochor,6,1.451,1.152
Azara celastrina,Zoochor,1,-0.672,3.865
Ranunculus allenii,Zoochor,14,0.441,2.627
Saccharum baldwinii,Anemochor,10,6.328,6.04
Ayenia microphylla,Autochor,15,2.304,3.056
Acalypha virginica,Autochor,10,1.731,4.734
Bahiopsis parishii,Zoochor,5,-0.796,2.585
Calyptranthes obovata,Zoochor,10,0.756,3.364
Centaurea polymorpha,Zoochor,9,0.337,3.171
Trautvetteria caroliniensis,Autochor,11,2.423,0.893
Annona neosalicifolia,Zoochor,1,-0.367,3.499
Deparia acrostichoides,Anemochor,4,-1.366,0.808
Pera bicolor,Autochor,4,0.699,8.994
Triumfetta simplicifolia,Zoochor,1,17.576,3.159
Pseudospondias microcarpa,Zoochor,8,3.328,6.449
Peltaea edouardii,Autochor,15,2.926,4.889
Ageratina pringlei,Anemochor,10,1.285,3.515
Digitaria corynotricha,Autochor,13,0.439,3.129
Lupinus pratensis,Autochor,14,0.359,2.824
Escobedia grandiflora,Autochor,15,-0.813,3.732
Melaleuca ryeae,Anemochor,14,-2.358,5.461
Astragalus purpusii,Nautochor,11,6.135,3.047
Bauera sessiliflora,Zoochor,7,-3.446,3.379
Mimulus suksdorfii,Anemochor,8,1.037,0.504
Columnea sanguinea,Anemochor,7,0.389,3.712
Newcastelia spodiotricha,Autochor,9,0.994,4.89
Berkheya rhapontica,Autochor,2,0.469,2.991
Peperomia incana,Zoochor,6,2.337,2.936
Valeriana sisymbriifolia,Anemochor,14,2.509,2.282
Amphilophium parkeri,Anemochor,5,-4.607,5.051
Tremandra diffusa,Zoochor,11,-3.785,5.426
Nissolia leiogyne,Anemochor,4,0.931,4.803
Callicarpa rubella,Zoochor,5,3.732,2.593
Paeonia tenuifolia,Anemochor,14,-0.101,3.705
Banara serrata,Zoochor,13,0.012,4.852
Clematis akoensis,Anemochor,4,3.452,4.626
Bauhinia fusconervis,Autochor,4,32.095,4.631
Elaphoglossum lastii,Anemochor,9,-0.814,4.249
Endlicheria vinotincta,Zoochor,2,-22.932,5.802
Taraxacum copidophyllum,Anemochor,2,-2.75,5.059
Euroschinus verrucosus,Zoochor,15,-2.63,4.48
Pilea longifolia,Autochor,10,-2.509,3.146
Nuxia sphaerocephala,Autochor,5,-0.984,2.887
Aristea montana,Autochor,4,-0.348,2.964
Aspilia mossambicensis,Anemochor,5,-0.09,3.636
Eucomis pallidiflora,Hemerochor,14,-0.397,3.22
Sporobolus pilifer,Autochor,11,0.513,2.561
Acaena eupatoria,Zoochor,9,-1.205,3.274
Xanthorrhoea australis,Zoochor,15,-0.659,3.633
Helianthus anomalus,Anemochor,5,0.46,2.414
Quercus durifolia,Zoochor,11,7.298,2.732
Abutilon purpusii,Anemochor,6,3.126,3.929
Solanum caavurana,Autochor,10,1.992,4.451
Metapanax delavayi,Zoochor,6,1.439,2.405
Juncus liebmannii,Anemochor,12,0.294,2.861
Alchemilla glabra,Autochor,3,0.58,0.919
Utricularia welwitschii,Autochor,3,-3.094,5.721
Lophomyrtus obcordata,Zoochor,4,-2.556,4.274
Antennaria microphylla,Anemochor,13,1.313,3.92
Zygia heteroneura,Autochor,2,-0.947,6.351
Itea ilicifolia,Zoochor,13,3.115,2.611
Blepharocalyx eggersii,Zoochor,12,3.954,6.123
Angophora leiocarpa,Anemochor,2,-0.143,4.652
Striga parviflora,Autochor,13,-0.17,4.315
Ocotea discrepens,Zoochor,6,-0.217,5.045
Lunaria rediviva,Anemochor,9,-0.237,4.406
Elaphoglossum oblanceolatum,Anemochor,14,-0.086,3.258
Meliosma clandestina,Zoochor,1,-12.703,3.168
Tillandsia bourgaei,Anemochor,7,6.713,3.474
Berberis chochoco,Zoochor,16,3.69,5.14
Graffenrieda cucullata,Anemochor,16,-2.832,3.608
Oxypetalum erianthum,Anemochor,4,9.317,7.287
Clidemia obliqua,Anemochor,16,11.726,5.064
Clematis pauciflora,Anemochor,15,6.38,2.773
Stellaria hebecalyx,Anemochor,8,-4.221,-3.776
Tectaria beccariana,Anemochor,12,2.69,4.015
Erythroxylum areolatum,Zoochor,7,2.589,5.475
Miconia rivalis,Zoochor,14,6.084,3.313
Pteris quadriaurita,Anemochor,5,3.174,3.843
Sidastrum paniculatum,Autochor,13,1.171,4.338
Homoranthus wilhelmii,Zoochor,3,-0.291,5.869
Hypenia brachystachys,Autochor,4,1.254,5.862
Sphyrospermum grandifolium,Autochor,6,-12.026,3.374
Crudia glaberrima,Nautochor,9,-1.431,5.593
Amphiachyris dracunculoides,Anemochor,13,0.888,5.175
Cyrtanthus macowanii,Hemerochor,9,-1.193,2.873
Rytidosperma dimidiatum,Zoochor,15,-1.67,3.486
Bidens eatonii,Zoochor,4,-1.711,-0.994
Blechnum austrobrasilianum,Anemochor,1,-0.067,3.55
Byrsonima chrysophylla,Zoochor,12,0.402,6.812
Lewisia rediviva,Anemochor,13,-0.055,2.587
Seseli mucronatum,Anemochor,7,2.759,-2.108
Nothofagus balansae,Anemochor,3,1.187,3.686
Vassobia breviflora,Zoochor,6,2.252,4.094
Lomatium cusickii,Autochor,13,0.543,2.587
Viola primulifolia,Zoochor,12,7.075,4.915
Chaenactis stevioides,Anemochor,13,0.477,2.135
Philodendron quinquelobum,Zoochor,14,2.184,5.644
Dypsis catatiana,Zoochor,6,-3.074,3.314
Physalis heterophylla,Zoochor,13,0.394,5.21
Piper lenticellosum,Zoochor,16,-4.161,4.339
Eupatorium variabile,Anemochor,4,3.243,2.418
Erisma uncinatum,Anemochor,13,-1.737,5.024
Cuphea decandra,Autochor,12,0.081,5.024
Dodecatheon alpinum,Anemochor,2,0.575,1.106
Rhynchospora roraimae,Autochor,5,-2.605,3.26
Leopoldia comosa,Nautochor,14,1.061,3.32
Cucurbita lundelliana,Autochor,3,4.513,7.555
Eucalyptus brachycalyx,Anemochor,15,-0.747,5.563
Cirsium muticum,Zoochor,7,-1.785,-1.687
Tetrorchidium rubrivenium,Zoochor,8,5.619,4.071
Inga paraensis,Zoochor,8,3.417,7.824
Critoniopsis pycnantha,Anemochor,6,5.282,4.781
Crassula tomentosa,Anemochor,14,1.181,3.281
Gahnia drummondii,Zoochor,6,-0.029,5.831
Melaleuca cliffortioides,Anemochor,11,-2.917,5.634
Saussurea graminea,Anemochor,6,0.779,1.485
Phymaspermum appressum,Anemochor,8,0.814,2.821
Tiquilia elongata,Autochor,14,2.206,3.092
Eucalyptus psammitica,Anemochor,6,1.587,3.356
Eriosema crinitum,Autochor,11,3.391,5.442
Fallopia convolvulus,Hemerochor,8,-3.119,2.686
Ilex macropoda,Zoochor,12,2.014,1.705
Ribes andicola,Zoochor,3,-3.754,3.23
Pteris platyzomopsis,Anemochor,7,2.527,6.292
Pseudosasa humilis,Autochor,7,3.579,2.223
Petrophile glauca,Autochor,7,-0.96,5.997
Pyrus pyrifolia,Zoochor,3,2.399,2.592
Anthemis orientalis,Hemerochor,13,1.946,2.528
Astragalus magdalenae,Nautochor,13,-1.071,3.072
Eragrostis capillaris,Autochor,1,1.29,4.31
Erigeron compositus,Anemochor,11,-4.543,-5.583
Tillandsia purpurea,Anemochor,14,0.22,3.072
Pandanus macrocarpus,Zoochor,5,0.932,3.231
Procris crenata,Zoochor,3,6.52,4.553
Chaetocarpus schomburgkianus,Zoochor,2,5.651,6.62
Astragalus macrodon,Nautochor,15,12.586,2.688
Cynosciadium digitatum,Autochor,9,3.082,5.213
Quaternella ephedroides,Autochor,13,-0.11,3.583
Boscia longifolia,Zoochor,11,4.177,5.636
Herreria montevidensis,Autochor,8,13.777,6.028
Nothofagus moorei,Anemochor,13,1.799,2.658
Cupania livida,Zoochor,4,-26.075,6.632
Erica equisetifolia,Autochor,11,-1.756,3.252
Scleria sellowiana,Autochor,7,0.389,3.136
Physena madagascariensis,Autochor,8,-7.543,4.003
Razafimandimbisonia humblotii,Anemochor,6,-1.945,3.384
Gladiolus inandensis,Anemochor,15,-0.022,3.079
Eucalyptus depauperata,Anemochor,10,-1.31,5.583
Blechnum orientale,Anemochor,1,-2.345,3.978
Ligusticum californicum,Autochor,7,4.751,1.595
Stigmaphyllon timoriense,Anemochor,14,-1.354,4.162
Hybanthus elatus,Autochor,5,-0.351,3.144
Plectritis macrocera,Anemochor,13,0.582,2.777
Carex torreyi,Autochor,14,0.275,1.892
Erythroxylum vaccinifolium,Zoochor,6,1.109,4.175
Palicourea obovata,Zoochor,16,0.138,3.636
Handroanthus selachidentatus,Anemochor,15,0.799,4.267
Thymus longiflorus,Zoochor,8,6.112,2.952
Croton multicaulis,Autochor,2,-0.606,5.381
Cuphea salvadorensis,Autochor,14,6.093,3.092
Melinis repens,Anemochor,9,-1.317,4.431
Menispermum dauricum,Zoochor,3,0.585,-3.353
Maquira guianensis,Zoochor,12,-0.266,6.431
Guzmania foetida,Anemochor,13,1.491,2.985
Malouetia naias,Anemochor,7,-19.022,7.621
Myrceugenia regnelliana,Zoochor,13,-0.887,3.179
Ambrosia tomentosa,Hemerochor,2,0.84,1.888
Senecio actinella,Anemochor,7,-1.425,1.26
Ericameria laricifolia,Anemochor,7,2.899,2.472
Guarea cartaguenya,Zoochor,9,-2.059,3.123
Ouratea prominens,Zoochor,10,1.111,3.285
Buxus obtusifolia,Zoochor,7,0.509,5.884
Caryodendron orinocense,Autochor,15,3.717,5.701
Oxalis conorrhiza,Autochor,1,0.399,4.59
Grevillea striata,Autochor,16,9.74,6.381
Polybotrya serratifolia,Anemochor,15,2.006,3.368
Silene stricta,Anemochor,8,0.989,3.082
Gouania longispicata,Anemochor,10,-0.99,3.394
Salvia longistyla,Autochor,13,2.339,2.928
Athyrium wardii,Anemochor,1,3.223,2.24
Draba hoppeana,Anemochor,14,-0.212,2.219
Paronychia capitata,Autochor,5,1.322,2.819
Dicliptera sciadephora,Autochor,1,1.322,3.184
Cannomois scirpoides,Autochor,11,-2.695,3.157
Microchloa indica,Autochor,13,-1.129,4.739
Polygala sincorensis,Autochor,7,-5.253,3.493
Ipomoea obscura,Autochor,10,-0.561,4.817
Gossia shepherdii,Zoochor,16,3.866,3.264
Grevillea aspera,Autochor,14,-1.003,4.975
Salix starkeana,Anemochor,2,-2.295,2.215
Acidoton nicaraguensis,Autochor,11,-5.601,5.37
Festuca indigesta,Anemochor,10,0.499,2.278
Clematis ochroleuca,Anemochor,13,0.816,4.886
Saxifraga losae,Anemochor,15,0.37,2.458
Lasianthaea crocea,Zoochor,1,4.021,3.176
Streptanthella longirostris,Anemochor,1,-0.178,2.21
Erica scoparia,Anemochor,13,0.505,2.694
Puccinellia andersonii,Hemerochor,7,-7.393,-13.463
Protium carolense,Zoochor,11,-16.777,6.327
Achillea ptarmica,Autochor,5,-0.88,4.011
Ajuga orientalis,Zoochor,5,4.748,3.104
Stenanthemum intricatum,Zoochor,3,0.571,5.884
Matayba camptoneura,Zoochor,15,3.384,6.095
Gasteranthus pansamalanus,Autochor,5,2.912,3.25
Carpesium cernuum,Autochor,2,3.113,1.895
Ruellia tubiflora,Autochor,11,-1.441,3.627
Rhytidosporum diosmoides,Zoochor,3,0.484,2.706
Crassula namaquensis,Anemochor,7,4.81,4.038
Isolepis nigricans,Zoochor,6,-2.57,3.29
Schoenus clandestinus,Autochor,3,2.327,5.814
Paepalanthus tessmannii,Autochor,3,2.328,3.641
Dracocephalum moldavica,Hemerochor,5,2.695,1.973
Ptilotus manglesii,Anemochor,3,0.239,5.726
Agastache parvifolia,Zoochor,2,0.259,1.387
Lindera melissifolia,Zoochor,2,5.827,4.914
Dentella browniana,Autochor,13,0.37,4.83
Canavalia dura,Autochor,11,2.275,3.916
Cardamine bulbifera,Autochor,16,-1.183,2.49
Kniphofia triangularis,Autochor,14,-2.122,2.796
Elaphoglossum angustius,Anemochor,5,3.131,3.749
Welchiodendron longivalve,Nautochor,5,-2.404,4.997
Hypolaena pubescens,Autochor,5,-2.71,5.089
Eriogonum compositum,Anemochor,6,1.774,1.815
Pycnanthus angolensis,Zoochor,1,1.087,5.691
Poa arachnifera,Anemochor,14,2.974,5.445
Alstroemeria monticola,Autochor,2,0.447,3.249
Ternstroemia dentata,Zoochor,12,4.169,7.147
Costus erythrophyllus,Zoochor,15,-1.51,6.194
Aphelandra madrensis,Autochor,1,5.878,3.042
Actinostemon amazonicus,Autochor,9,-0.048,5.084
Rhynchospora albescens,Autochor,6,-2.896,6.217
Zanthoxylum huberi,Zoochor,13,-1.501,4.911
Connarus patrisii,Zoochor,9,-1.534,4.992
Penstemon comarrhenus,Anemochor,8,0.093,-0.257
Adiantum leprieurii,Anemochor,1,-10.82,3.752
Axonopus marginatus,Autochor,6,1.881,4.443
Calamus gibbsianus,Zoochor,1,-2.652,3.214
Nissolia platycarpa,Anemochor,13,0.369,2.943
Stutzia covillei,Autochor,13,0.681,2.508
Darwinia pauciflora,Zoochor,4,1.405,6.4
Lithospermum calcicola,Anemochor,15,-4.24,3.536
Lysimachia nemorum,Anemochor,3,-0.098,1.799
Prunus grisea,Zoochor,7,-0.52,4.605
Rinorea deflexiflora,Autochor,3,0.511,4.689
Cryptantha rugulosa,Zoochor,14,0.8,1.95
Phyllanthus sublanatus,Autochor,11,-6.291,6.132
Artemisia sericea,Anemochor,3,-9.33,-12.338
Festuca csikhegyensis,Anemochor,3,-1.893,3.818
Bredemeyera lucida,Zoochor,15,2.127,6.263
Carex tonsa,Autochor,11,-1.814,-0.738
Philadelphus coulteri,Zoochor,8,-3.498,4.199
Gardenia transvenulosa,Zoochor,9,3.124,4.737
Ipomoea aristolochiifolia,Autochor,14,2.659,4.177
Grevillea granulosa,Autochor,5,0.214,5.422
Napeanthus bracteatus,Autochor,4,-19.703,7.066
Epilobium glaucum,Anemochor,15,-2.059,2.89
Comolia nummularioides,Autochor,15,-3.045,6.458
Oreoxis alpina,Autochor,5,0.313,1.528
Quercus vaseyana,Zoochor,7,8.757,3.667
Plagiobothrys figuratus,Hemerochor,14,1.545,2.535
Ocotea macrophylla,Zoochor,15,9.833,3.381
Discaria pubescens,Anemochor,14,-0.969,2.93
Dryandra blechnifolia,Anemochor,2,-1.938,5.408
Nuphar polysepala,Autochor,2,-2.683,-6.883
Eucharis ulei,Autochor,13,-1.353,5.036
Carolus chasei,Anemochor,6,7.3,3.957
Chrysocoma longifolia,Anemochor,4,7.447,3.93
Eriogonum subreniforme,Anemochor,10,-0.204,2.115
Calathea casupito,Zoochor,12,3.299,3.935
Ixora panurensis,Zoochor,6,-7.28,5.792
Galium setaceum,Zoochor,5,3.548,2.395
Lotus salsuginosus,Anemochor,3,0.427,3.659
Ipomoea bahiensis,Autochor,5,-0.231,4.139
Leucadendron brunioides,Anemochor,15,2.377,3.226
Calytrix faucicola,Zoochor,8,1.556,7.647
Lagophylla ramosissima,Anemochor,15,0.606,2.123
Passiflora pittieri,Zoochor,2,-3.355,4.409
Gossia acmenoides,Zoochor,10,-1.356,3.133
Leersia sayanuka,Zoochor,14,2.696,2.373
Protium gallosum,Zoochor,10,2.723,6.157
Pseudanthus pauciflorus,Zoochor,1,-1.023,3.275
Artemisia dracunculus,Anemochor,10,0.03,-0.142
Myriophyllum decussatum,Autochor,10,1.348,5.492
Hakea lorea,Anemochor,15,6.918,6.035
Sphaeralcea coccinea,Anemochor,6,1.226,3.16
Dulacia guianensis,Zoochor,8,4.255,7.764
Appunia guatemalensis,Zoochor,12,0.45,5.592
Gompholobium pungens,Nautochor,9,-2.671,5.56
Artemisia macilenta,Anemochor,12,1.595,-5.045
Artemisia argyi,Anemochor,12,0.485,2.073
Monnina fastigiata,Anemochor,2,-26.811,3.408
Begonia solananthera,Autochor,1,1.143,3.003
Corythophora alta,Zoochor,8,-5.869,7.386
Carex circinata,Autochor,5,-1.303,1.894
Chloris ventricosa,Anemochor,1,1.687,4.62
Freycinetia excelsa,Zoochor,10,2.244,3.295
Rubia petiolaris,Zoochor,7,1.531,3.841
Homoranthus decasetus,Zoochor,6,-0.797,4.955
Pavonia zehntneri,Autochor,7,1.908,3.545
Fridericia pubescens,Anemochor,16,5.119,5.707
Paullinia cuneata,Anemochor,13,-0.361,5.307
Talisia obovata,Zoochor,9,-0.887,5.034
Centaurea subjacea,Zoochor,7,2.505,0.94
Dracophyllum strictum,Anemochor,9,-2.763,5.4
Tillandsia pruinosa,Anemochor,6,0.121,3.778
Kolkwitzia amabilis,Zoochor,12,1.501,2.616
Ephedra cutleri,Anemochor,1,0.823,2.733
Tassadia guianensis,Anemochor,15,-3.319,6.485
Crusea diversifolia,Anemochor,16,-1.301,3.144
Potentilla virgata,Zoochor,7,1.965,-0.444
Miconia albicans,Zoochor,10,1.933,4.86
Onosma visianii,Autochor,9,1.516,3.728
Cardamine graeca,Autochor,1,3.168,2.312
Carex vestita,Autochor,1,0.136,2.842
Echinopogon cheelii,Zoochor,2,-0.573,2.676
Rourea cuspidata,Zoochor,8,0.082,7.969
Persea willdenovii,Zoochor,12,2.539,3.607
Glyceria obtusa,Autochor,4,-1.986,1.63
Salix arbusculoides,Anemochor,9,0.983,1.183
Baltimora recta,Autochor,3,-1.263,5.671
Aristida nitidula,Zoochor,11,2.71,5.193
Pleioblastus fortunei,Anemochor,3,3.0,1.98
Quercus xalapensis,Zoochor,7,8.059,3.676
Amperea volubilis,Zoochor,8,-3.591,5.068
Hymenophyllum wrightii,Anemochor,14,0.673,2.293
Leptolobium panamense,Anemochor,6,0.255,3.399
Erigeron hyssopifolius,Anemochor,1,-0.582,-0.987
Pereskiopsis porteri,Zoochor,14,3.153,2.946
Tectaria microsora,Anemochor,11,-4.087,5.652
Juncus oxycarpus,Anemochor,11,0.897,3.443
Thysanotus teretifolius,Zoochor,5,-2.155,5.699
Piper neesianum,Zoochor,1,0.229,5.56
Conyza primulifolia,Anemochor,7,4.579,4.845
Nitraria retusa,Zoochor,14,2.64,4.397
Drosera aberrans,Autochor,4,1.2,4.889
Stenandrium talbotii,Autochor,8,1.311,6.101
Rugoloa polygonata,Autochor,9,1.141,4.68
Grevillea johnsonii,Autochor,11,5.123,2.657
Diplazium turgidum,Anemochor,14,0.34,3.015
Lupinus kuschei,Autochor,2,0.992,-9.13
Lobelia goetzei,Zoochor,16,-3.7,3.276
Dyschoriste trichanthera,Autochor,12,6.744,4.718
Gnidia chrysophylla,Zoochor,10,-2.5,3.83
Gardenia aubryi,Zoochor,5,2.655,3.033
Portea petropolitana,Anemochor,5,1.153,3.01
Traganum nudatum,Autochor,6,4.106,5.314
Guatteria rigida,Zoochor,3,10.17,7.622
Solanum robustum,Autochor,5,2.688,4.273
Cirsium heldreichii,Zoochor,5,0.401,2.237
Melaleuca conothamnoides,Anemochor,4,5.565,6.098
Viola munbyana,Zoochor,1,-1.619,2.28
Sorocea klotzschiana,Zoochor,8,8.203,6.732
Cheyniana microphylla,Zoochor,1,-1.552,5.494
Aconitum orientale,Hemerochor,14,-1.73,4.522
Cucumis argenteus,Autochor,15,10.833,6.41
Vincetoxicum woollsii,Anemochor,9,-0.908,3.858
Cornus sanguinea,Zoochor,15,-0.03,3.169
Turnera incana,Autochor,7,-2.351,5.481
Bromus remotiflorus,Zoochor,10,2.805,2.182
Tetradium glabrifolium,Zoochor,14,3.341,2.601
Iostephane heterophylla,Anemochor,6,1.778,2.997
Microlicia helvola,Autochor,7,6.844,6.391
Poa ligularis,Anemochor,13,-1.496,4.598
Bunchosia palmeri,Zoochor,15,1.51,3.79
Carex neurocarpa,Autochor,6,3.56,2.581
Chelidonium majus,Zoochor,5,0.151,1.414
Calochortus balsensis,Autochor,8,4.905,4.582
Micraira adamsii,Anemochor,2,-4.673,7.109
Eryngium amethystinum,Autochor,3,2.052,1.686
Trymalium floribundum,Zoochor,14,-1.797,5.042
Schizoglossum nitidum,Anemochor,14,0.286,3.983
Mimosa foliolosa,Autochor,15,0.994,4.261
Brachychiton chillagoensis,Nautochor,12,3.964,5.112
Acanthus ilicifolius,Anemochor,12,1.223,5.08
Entada phaseoloides,Nautochor,13,-2.905,3.31
Erythronium rostratum,Anemochor,10,2.579,4.908
Mitracarpus salzmannianus,Autochor,10,0.28,5.098
Xylopia lemurica,Zoochor,15,-4.036,3.041
Platanus racemosa,Anemochor,4,1.796,3.197
Sisyrinchium albidum,Autochor,9,0.937,5.08
Bacopa reflexa,Autochor,7,-0.094,6.936
Delphinium andersonii,Anemochor,13,0.632,2.599
Drypetes arguta,Autochor,2,0.726,4.38
Impatiens firmula,Autochor,4,-11.083,4.003
Forstera bidwillii,Autochor,16,-2.979,4.472
Leonotis leonurus,Zoochor,11,-0.477,3.016
Camphorosma monspeliaca,Autochor,10,1.035,4.068
Campanula stevenii,Anemochor,14,1.107,0.626
Thymus indigirkensis,Zoochor,7,-11.007,-12.479
Viridantha lepidosepala,Anemochor,5,-3.61,3.078
Lepidosperma latens,Zoochor,6,-0.565,3.177
Brachychiton compactus,Nautochor,15,4.33,4.178
Ambrosia magdalenae,Hemerochor,14,0.696,3.79
Drymonia variegata,Anemochor,3,-23.967,3.81
Leucadendron pubibracteolatum,Anemochor,2,1.762,2.79
Buchenavia kleinii,Zoochor,5,0.97,3.134
Eryngium eurycephalum,Autochor,7,3.199,3.33
Croton hoffmannii,Autochor,2,6.316,5.59
Klasea pinnatifida,Autochor,3,1.099,2.686
Grindelia pulchella,Anemochor,3,0.703,4.253
Sporobolus helvolus,Autochor,6,-0.857,5.473
Muhlenbergia speciosa,Zoochor,16,5.609,3.254
Searsia keetii,Zoochor,10,0.199,4.195
Rhynchospora exaltata,Autochor,14,2.141,4.632
Tripleurospermum subpolare,Hemerochor,8,-6.487,-9.944
Silene dioica,Zoochor,9,0.193,4.016
Physostegia angustifolia,Anemochor,2,4.41,8.046
Deianira nervosa,Autochor,14,-0.531,3.196
Notelaea linearis,Zoochor,5,-0.058,3.108
Girardinia diversifolia,Zoochor,3,4.559,2.981
Lepidosperma canescens,Zoochor,6,-1.886,5.232
Astragalus arizonicus,Nautochor,5,3.832,2.207
Helianthostylis sprucei,Zoochor,6,-6.869,5.698
Athyana weinmanniifolia,Anemochor,6,14.809,5.259
Ludovia lancifolia,Zoochor,7,-4.2,6.943
Jarava tortuosa,Autochor,8,-12.428,3.068
Galium eruptivum,Zoochor,9,1.072,3.056
Utricularia stygia,Autochor,5,-0.575,3.424
Cryptolepis dubia,Anemochor,12,3.875,4.013
Stylogyne turbacensis,Zoochor,6,-0.134,4.915
Astragalus proximus,Nautochor,8,-0.547,-0.125
Heteropterys orinocensis,Anemochor,15,-0.006,6.612
Coris monspeliensis,Anemochor,7,1.613,2.456
Salvia greggii,Autochor,7,-4.357,2.97
Senecio erosus,Anemochor,1,1.002,2.938
Bejaria aestuans,Anemochor,13,-4.61,2.987
Dypsis procumbens,Zoochor,15,-3.524,3.398
Mimosa albolanata,Autochor,4,6.58,5.667
Commiphora pervilleana,Zoochor,10,0.282,4.188
Palicourea macrobotrys,Zoochor,11,4.179,5.461
Pedicularis rudis,Autochor,6,1.81,1.376
Corchorus leptocarpus,Zoochor,3,-1.766,7.943
Lycopodium sitchense,Anemochor,8,-2.855,-2.563
Pleopeltis minarum,Anemochor,8,-1.127,4.013
Myrcia polyantha,Zoochor,6,0.067,4.339
Goodenia prostrata,Zoochor,8,10.148,7.25
Mackaya bella,Autochor,7,2.737,4.524
Centaurea pungens,Zoochor,9,1.198,4.322
Licania harlingii,Zoochor,1,-3.254,6.007
Saxifraga nipponica,Anemochor,16,11.195,1.432
Silene genovevae,Anemochor,5,-1.922,3.485
Scleria sellowiana,Autochor,5,-0.379,3.253
Calycadenia pauciflora,Anemochor,4,40.949,2.273
Philotheca ciliata,Autochor,5,-0.724,4.845
Lepidagathis montana,Autochor,16,0.471,4.162
Hibiscus trionum,Hemerochor,3,-0.77,3.163
Juncus supiniformis,Anemochor,8,-0.902,0.004
Sarcorhachis sydowii,Zoochor,16,-18.628,4.801
Sarcocornia perennis,Autochor,5,-0.036,2.861
Tatianyx arnacites,Anemochor,8,1.536,3.607
Vepris nobilis,Zoochor,5,-0.463,4.353
Sapranthus microcarpus,Zoochor,14,-1.333,3.47
Carex gravida,Autochor,16,2.092,3.302
Hedycarya arborea,Zoochor,7,-2.425,4.605
Casimiroa tetrameria,Zoochor,8,2.256,8.392
Mimosa rhododactyla,Autochor,4,4.582,4.751
Melaleuca huegelii,Anemochor,2,-2.406,5.418
Canthium horridum,Zoochor,9,2.266,2.315
Tephrosia noctiflora,Autochor,11,-0.295,4.547
Nama coulteri,Zoochor,14,1.675,3.052
Anthyllis vulneraria,Autochor,6,0.574,1.968
Conchocarpus cuneifolius,Autochor,8,6.616,4.816
Doliocarpus savannarum,Zoochor,6,-8.503,5.006
Solms-laubachia eurycarpa,Autochor,11,0.951,0.917
Cleistanthus schlechteri,Zoochor,1,2.083,5.253
Lonchocarpus lanceolatus,Autochor,12,1.779,4.862
Terminalia stenostachya,Anemochor,14,-1.306,4.841
Syzygium buxifolium,Zoochor,15,3.963,2.725
Acalypha aronioides,Autochor,4,2.871,1.981
Linaria amethystea,Anemochor,6,0.739,3.078
Anthurium lindmanianum,Zoochor,10,2.762,5.261
Navarretia divaricata,Autochor,3,1.744,0.869
Rubus ulmifolius,Zoochor,11,0.793,2.79
Cissus petiolata,Autochor,1,-0.69,5.398
Castilleja caudata,Anemochor,16,-4.138,-10.467
Lotus wrightii,Anemochor,5,-0.787,2.273
Gomphrena kanisii,Autochor,2,6.413,6.079
Aechmea bicolor,Autochor,13,-0.357,2.799
Myrsine pellucidopunctata,Zoochor,10,-1.846,3.0
Tephroseris integrifolia,Anemochor,15,-3.733,-4.298
Marah oregana,Anemochor,5,2.502,2.706
Anthurium davidsoniae,Zoochor,16,-7.634,3.359
Alstroemeria pulchra,Autochor,7,-0.364,2.783
Juncus brachyspathus,Anemochor,5,-0.884,-1.629
Guatteria boliviana,Zoochor,5,3.147,5.588
Schizoglossum nitidum,Anemochor,10,0.188,3.994
Eleocharis rugosa,Autochor,5,2.163,3.968
Diploglottis harpullioides,Zoochor,1,-5.358,4.107
Eucalyptus polybractea,Anemochor,3,3.265,5.198
Catananche lutea,Anemochor,1,3.561,4.179
Rhynchospora stenophylla,Autochor,12,9.051,5.767
Lophostachys uxpanapensis,Autochor,2,-8.843,4.977
Eucalyptus aggregata,Anemochor,9,-0.406,3.058
Thymus caespititius,Zoochor,12,1.189,2.867
Musa balbisiana,Autochor,1,3.829,3.511
Dorstenia turnerifolia,Zoochor,4,6.178,5.967
Draba breweri,Anemochor,10,-0.615,-0.485
Fuertesimalva chilensis,Anemochor,14,1.79,3.284
Blechnum acutum,Anemochor,6,3.643,3.861
Oncostemum umbellatum,Zoochor,4,-13.906,3.9
Conchocarpus cyrtanthus,Autochor,7,6.044,5.303
Erythroxylum patens,Zoochor,4,18.619,5.827
Storthocalyx chryseus,Anemochor,13,1.79,2.515
Myrcia albidotomentosa,Zoochor,12,-0.14,4.284
Sanicula graveolens,Zoochor,12,-0.563,1.588
Pilosella densiflora,Zoochor,4,-3.982,3.339
Tetradymia comosa,Anemochor,3,7.433,3.005
Dianthus plumarius,Hemerochor,10,0.882,2.11
Leucaena diversifolia,Anemochor,9,1.325,2.897
Vachellia vernicosa,Anemochor,6,1.151,3.188
Pleocnemia hemiteliiformis,Anemochor,8,-1.412,4.715
Austrostipa nitida,Autochor,11,1.887,5.416
Cardamine cordifolia,Autochor,12,-0.06,-1.639
Monteiroa bullata,Anemochor,7,-2.327,3.261
Crataegus williamsii,Zoochor,13,-0.095,2.587
Elaphoglossum vestitum,Anemochor,5,25.516,2.959
Cryptotaenia japonica,Autochor,12,3.331,1.869
Lasianthus attenuatus,Zoochor,9,2.389,3.218
Persoonia linearis,Zoochor,6,-0.307,2.933
Fabiana densa,Zoochor,13,-2.04,3.677
Cuspidaria lateriflora,Anemochor,15,3.553,5.454
Psychotria megalocarpa,Zoochor,4,-6.313,4.267
Strychnos panurensis,Zoochor,14,-2.445,5.752
Croton heterocalyx,Autochor,9,0.84,3.526
Berberis pinifolia,Zoochor,13,-0.438,2.836
Oxypetalum erianthum,Anemochor,14,2.595,5.15
Tillandsia paraensis,Anemochor,9,-1.492,4.991
Patrinia rupestris,Autochor,5,1.621,-0.218
Scleropogon brevifolius,Anemochor,1,1.505,3.359
Klotzschia rhizophylla,Zoochor,14,3.037,3.363
Centaurea trichocephala,Zoochor,3,-0.358,0.441
Bactris vulgaris,Zoochor,4,6.675,5.172
Sanvitalia versicolor,Anemochor,9,-0.488,3.142
Helicteres velutina,Autochor,5,-0.252,3.118
Phragmotheca ecuadorensis,Nautochor,8,-3.717,6.315
Solanum parvifolium,Autochor,11,0.629,4.704
Eriogonum panguicense,Anemochor,14,1.266,2.421
Croton tsiampiensis,Autochor,13,-0.113,3.386
Felicia hirta,Anemochor,1,0.546,3.498
Adansonia gregorii,Anemochor,14,1.162,5.539
Grubbia tomentosa,Zoochor,9,-1.298,3.234
Phyllonoma ruscifolia,Zoochor,14,4.429,3.18
Sporobolus palmeri,Autochor,6,1.069,3.137
Xylotheca kraussiana,Zoochor,14,0.456,4.246
Seguieria aculeata,Anemochor,2,4.219,5.262
Eucalyptus planchoniana,Anemochor,3,2.901,3.775
Lonicera crassifolia,Zoochor,2,2.525,2.103
Barjonia cymosa,Anemochor,10,3.272,5.501
Bigelowia nuttallii,Anemochor,10,4.82,5.609
Galactia heringeri,Autochor,2,7.559,5.366
Pouzolzia zeylanica,Autochor,11,2.928,3.826
Eucalyptus whitei,Anemochor,15,0.615,5.518
Eremophila foliosissima,Zoochor,9,-0.127,4.932
Angianthus cunninghamii,Anemochor,12,2.188,6.365
Delphinium geyeri,Anemochor,15,0.442,1.427
Turpinia insignis,Zoochor,3,4.68,4.124
Calamovilfa longifolia,Autochor,12,0.667,1.548
Anthurium flexile,Zoochor,12,-2.283,4.624
Rhexia salicifolia,Autochor,3,11.711,8.125
Carex gmelinii,Autochor,4,-4.813,-12.365
Phlebodium pseudoaureum,Anemochor,1,-0.621,3.264
Passiflora pusilla,Zoochor,1,4.879,3.354
Psychotria nesophila,Zoochor,11,-3.622,5.761
Elachanthus glaber,Anemochor,11,1.071,5.479
Quercus martinezii,Autochor,7,8.089,3.725
Ruellia sanguinea,Autochor,12,1.04,3.705
Melinis longiseta,Anemochor,15,-5.218,5.251
Ixia longituba,Autochor,2,-0.878,3.196
Trichomanes pinnatum,Anemochor,10,0.525,5.5
Craniolaria integrifolia,Zoochor,10,2.598,4.679
Quercus eduardi,Zoochor,1,0.629,3.019
Eleocharis tuberculosa,Autochor,11,5.101,5.107
Thelypodium integrifolium,Hemerochor,2,0.915,1.678
Fagonia californica,Zoochor,3,1.863,5.707
Ulmus minor,Anemochor,6,0.277,3.233
Croton organensis,Autochor,1,1.925,2.85
Prosopis hassleri,Zoochor,15,17.744,6.993
Fimbristylis ammobia,Anemochor,1,5.015,6.168
Psidium guineense,Zoochor,5,1.024,4.203
Byrsonima cuprea,Zoochor,7,-27.103,7.132
Gaudichaudia albida,Anemochor,3,-13.111,4.338
Denhamia ferdinandii,Zoochor,2,-5.708,6.699
Eucalyptus persistens,Anemochor,2,-0.161,5.403
Tribulus micrococcus,Zoochor,14,1.702,4.868
Burmeistera obtusifolia,Autochor,8,-34.481,3.516
Cleistanthus schlechteri,Zoochor,15,1.662,5.577
Dilatris viscosa,Autochor,1,-0.918,3.295
Hemigenia argentea,Zoochor,4,2.05,5.807
Billia columbiana,Anemochor,3,-9.456,4.014
Eriogonum galioides,Anemochor,14,-0.912,2.831
Selaginella davidii,Chamaechor,2,2.14,2.401
Elaeocarpus carolinae,Zoochor,5,-3.439,2.888
Pavetta mshigeniana,Zoochor,15,-2.737,3.212
Microula sikkimensis,Anemochor,3,-0.048,0.168
Sedum greggii,Anemochor,14,-2.499,3.1
Bulbine vagans,Anemochor,15,0.852,2.85
Simsia eurylepis,Anemochor,4,-1.172,7.592
Myrcia deflexa,Zoochor,12,3.458,6.888
Corchorus elderi,Zoochor,12,13.649,6.747
Xylotheca kraussiana,Zoochor,15,2.498,4.569
Habranthus sylvaticus,Autochor,3,1.75,5.01
Hampea integerrima,Zoochor,4,6.87,5.941
Gastrolobium dilatatum,Anemochor,14,-1.52,5.263
Moraea tricuspidata,Autochor,12,-2.285,3.201
Aspidosperma multiflorum,Anemochor,15,4.398,5.82
Aristida holathera,Zoochor,10,2.87,5.454
Buchnera americana,Anemochor,13,1.187,5.438
Stylidium recurvum,Autochor,10,1.799,3.191
Serruria fucifolia,Anemochor,14,1.812,3.396
Guettarda platypoda,Zoochor,13,-0.208,3.787
Solanum lepidotum,Autochor,11,3.18,5.264
Bowdichia nitida,Anemochor,13,-0.905,5.128
Myriocephalus nudus,Anemochor,6,3.341,5.847
Stylotrichium rotundifolium,Anemochor,16,-3.854,3.446
Leptaspis zeylanica,Autochor,14,-1.045,4.957
Sedum glaucophyllum,Anemochor,16,2.292,1.819
Aetanthus nodosus,Zoochor,10,-7.993,3.553
Resia nimbicola,Autochor,3,3.49,3.723
Ochrosia minima,Hemerochor,13,0.641,3.247
Homalospermum firmum,Zoochor,6,-3.262,5.5
Clusia coclensis,Zoochor,4,-3.331,4.469
Forestiera reticulata,Zoochor,3,3.45,4.604
Psittacanthus angustifolius,Zoochor,11,5.659,3.555
Carex coriophora,Autochor,13,4.531,2.576
Poa morrisii,Anemochor,15,-0.653,3.664
Acmella alpestris,Anemochor,4,25.656,4.362
Malanea obovata,Autochor,13,-2.144,4.777
Streptopus simplex,Autochor,9,-0.645,2.913
Vincetoxicum macrophyllum,Anemochor,12,2.134,1.728
Asplenium simplicifrons,Anemochor,15,9.98,3.024
Steganthera australiana,Zoochor,6,13.943,2.891
Ruprechtia pallida,Anemochor,8,4.485,5.633
Acalypha capillipes,Autochor,2,0.456,3.591
Trichomanes bicorne,Anemochor,6,-0.32,5.943
Banisteriopsis wilburii,Anemochor,14,-2.932,3.637
Lycopus laurentianus,Autochor,1,2.468,1.949
Erythranthe lewisii,Anemochor,7,-0.656,-0.595
Bursera lancifolia,Zoochor,7,-7.756,3.81
Saxifraga tenuis,Anemochor,4,-6.479,-17.24
Wolffiella oblonga,Autochor,2,3.89,5.293
Quercus ilex,Zoochor,14,1.016,3.026
Leptospermum purpurascens,Zoochor,14,-1.801,4.155
Dulacia papillosa,Zoochor,8,20.207,5.355
Sisyrinchium atlanticum,Autochor,13,0.506,5.029
Scorzoneroides duboisii,Anemochor,14,2.199,2.476
Plumbago pulchella,Anemochor,5,0.51,3.058
Polygala aphylla,Autochor,12,2.272,4.432
Lasiacis grisebachii,Anemochor,5,0.559,3.948
Empogona ovalifolia,Zoochor,11,1.441,4.74
Tephrosia purpurea,Anemochor,12,6.29,5.691
Primula obconica,Anemochor,14,5.325,3.617
Micranthes tenuis,Autochor,3,-10.868,-11.195
Tigridia vanhouttei,Autochor,14,-0.103,3.195
Setaria poiretiana,Autochor,11,1.85,5.355
Sagina procumbens,Zoochor,5,-1.152,4.317
Marsdenia trivirgulata,Anemochor,13,-0.109,3.052
Carex pudica,Autochor,11,2.926,2.493
Hypericum pubescens,Zoochor,1,0.76,2.922
Cylindropuntia spinosior,Zoochor,8,4.305,2.824
Chamelaucium confertiflorum,Zoochor,10,-1.247,5.246
Corymbia porrecta,Anemochor,2,-11.567,7.069
Ricinocarpos pinifolius,Zoochor,9,-0.618,3.793
Croptilon hookerianum,Anemochor,13,0.989,5.165
Machaerium declinatum,Anemochor,15,1.848,3.322
Cryptanthus bahianus,Zoochor,11,0.539,4.221
Microtea glochidiata,Autochor,4,4.251,5.725
Croton adabolavensis,Autochor,7,2.272,5.007
Ryania canescens,Anemochor,11,6.409,6.776
Eucalyptus rhombica,Anemochor,1,-0.258,4.651
Miconia acutifolia,Zoochor,10,-9.179,3.405
Bergia pusilla,Zoochor,15,2.868,6.466
Xyris gracilis,Autochor,7,-0.781,3.51
Haplophyllum tuberculatum,Zoochor,8,7.859,5.869
Grevillea viridiflava,Autochor,8,-1.446,2.723
Secamone toxocarpoides,Anemochor,10,6.244,3.127
Siparuna gesnerioides,Zoochor,13,4.821,2.719
Geigeria elongata,Ombrochor,12,2.021,3.726
Cayratia gracilis,Zoochor,2,-2.861,5.197
Grevillea neurophylla,Autochor,10,-2.693,2.896
Bionia pedicellata,Autochor,9,-1.634,2.802
Grindelia fastigiata,Anemochor,2,1.901,2.763
Pomaderris argyrophylla,Zoochor,7,0.338,3.129
Carex conoidea,Autochor,12,-1.376,1.159
Brachyscome sinclairii,Anemochor,8,-2.977,4.574
Anthurium marense,Zoochor,14,2.552,3.003
Teliostachya alopecuroidea,Nautochor,15,7.933,3.188
Byrsonima blanchetiana,Zoochor,15,-0.609,3.957
Odontosoria gymnogrammoides,Anemochor,15,-7.416,3.16
Astronium graveolens,Zoochor,6,1.116,4.67
Carex globosa,Autochor,10,1.796,2.561
Polygala compacta,Autochor,12,0.176,3.343
Asplenium tenerum,Anemochor,12,-2.696,4.361
Aliciella latifolia,Zoochor,14,-2.871,2.314
Pyrrosia adnascens,Anemochor,1,4.186,3.831
Bertya rotundifolia,Zoochor,10,-1.998,6.003
Eleocharis radicans,Autochor,10,1.32,3.301
Perymenium mendezii,Autochor,6,-0.615,3.123
Agapanthus praecox,Anemochor,8,-1.798,3.379
Carex punctata,Autochor,11,-0.325,2.874
Gaultheria pumila,Zoochor,16,-1.85,2.863
Castilleja tenuifolia,Anemochor,1,0.453,3.073
Cryptanthus schwackeanus,Zoochor,10,3.194,2.844
Ouratea amplifolia,Zoochor,6,-3.067,6.029
Adiantum latifolium,Anemochor,7,2.296,6.517
Dimorphocarpa candicans,Anemochor,16,4.0,5.343
Phlegmariurus carinatus,Chamaechor,16,-10.099,4.537
Phoebe neurantha,Zoochor,4,3.258,2.6
Baccharis trimera,Anemochor,13,0.055,4.536
Tina isaloensis,Zoochor,11,-0.284,4.41
Sesleria insularis,Autochor,5,-0.672,2.347
Eucalyptus conveniens,Anemochor,2,-1.788,6.01
Dichanthelium clandestinum,Autochor,6,0.277,3.567
Cuphea repens,Autochor,7,6.117,7.283
Centrolepis pilosa,Autochor,12,-0.109,5.788
Hypoxis curtissii,Autochor,12,9.057,5.595
Licaria capitata,Zoochor,10,-2.01,4.24
Eragrostis swallenii,Autochor,7,-1.836,3.774
Tabernaemontana contorta,Zoochor,2,-1.61,6.35
Comanthera centauroides,Anemochor,3,4.995,3.708
Chlorospatha atropurpurea,Autochor,12,2.818,3.868
Astrocaryum mexicanum,Zoochor,12,0.005,5.936
Campylostachys cernua,Autochor,6,-0.118,3.332
Bougainvillea praecox,Zoochor,11,13.799,6.32
Rhododendron quinquefolium,Anemochor,16,4.641,1.676
Plantago cordata,Zoochor,11,0.556,3.929
Senegalia globosa,Autochor,9,-0.149,3.381
Annona vepretorum,Zoochor,3,-0.552,4.65
Crotalaria maypurensis,Autochor,2,3.873,5.754
Amauropelta saxicola,Anemochor,3,-0.718,3.277
Tuctoria greenei,Anemochor,12,-0.569,3.932
Haplocoelum foliolosum,Anemochor,5,0.275,3.876
Jatropha spicata,Autochor,15,2.398,5.263
Camellia sinensis,Anemochor,9,3.619,2.403
Kyllinga odorata,Autochor,9,0.905,4.442
Tillandsia narthecioides,Anemochor,14,0.849,3.789
Piper perbrevicaule,Zoochor,2,4.909,3.809
Stylidium aeonioides,Autochor,9,-0.81,4.602
Oxalis polyphylla,Autochor,5,-1.238,3.274
Blakea portentosa,Anemochor,11,-16.503,4.936
Teucrium webbianum,Autochor,4,1.668,1.994
Citrus gracilis,Autochor,14,-3.137,5.904
Araucaria biramulata,Zoochor,4,11.981,4.124
Endlicheria lorastemon,Zoochor,9,-3.209,4.942
Tachigali paniculata,Autochor,2,5.009,7.024
Thamnochortus bachmannii,Autochor,9,0.379,3.432
Oldenlandia lancifolia,Autochor,9,-1.358,4.336
Senna chloroclada,Autochor,3,25.408,7.643
Siphanthera gracillima,Autochor,13,-0.576,4.798
Cerastium tomentosum,Hemerochor,2,2.86,2.783
Psychotria macroglossa,Zoochor,9,-1.225,2.845
Eucalyptus luculenta,Anemochor,12,-6.67,5.917
Haworthia marumiana,Anemochor,4,1.859,3.456
Tectaria transiens,Anemochor,16,0.563,3.792
Euonymus tashiroi,Zoochor,14,4.145,2.907
Bidens bigelovii,Zoochor,12,1.792,3.307
Bromus remotiflorus,Zoochor,11,3.787,2.026
Isopogon axillaris,Anemochor,3,0.858,5.714
Mandevilla subcarnosa,Anemochor,10,6.821,4.831
Enneapogon avenaceus,Anemochor,13,1.685,5.096
Cephalanthus salicifolius,Nautochor,10,-1.134,3.085
Leucadendron comosum,Anemochor,10,-0.269,2.747
Silene uralensis,Anemochor,6,-2.525,-5.531
Cleome siliculifera,Autochor,10,-1.027,2.938
Manettia longipedicellata,Autochor,7,-2.659,4.284
Asplenium barbaense,Anemochor,5,0.703,3.449
Lomariocycas schomburgkii,Anemochor,10,0.095,3.583
Philodendron sparreorum,Zoochor,8,-3.715,4.212
Aextoxicon punctatum,Zoochor,12,-1.639,2.933
Asplenium brasiliense,Anemochor,12,2.352,4.045
Croton jacobinensis,Autochor,12,3.721,4.695
Asplenium hallii,Anemochor,1,-5.333,5.983
Hibiscus tridactylites,Autochor,16,4.725,4.824
Dendropanax trifidus,Zoochor,8,4.234,2.583
Bauhinia tarapotensis,Autochor,9,-2.391,5.424
Aristolochia gigantea,Autochor,6,0.367,3.649
Xanthorrhoea thorntonii,Zoochor,11,2.854,5.382
Dactylaena micrantha,Autochor,1,4.435,4.244
Verbascum boerhavii,Hemerochor,5,1.199,2.611
Pinus luchuensis,Anemochor,16,3.906,2.865
Schistocarpha platyphylla,Anemochor,5,-2.007,3.255
Orthocarpus cuspidatus,Anemochor,4,0.693,0.284
Lessingianthus pycnostachyus,Anemochor,8,3.065,4.002
Chrysochlamys psychotriifolia,Zoochor,6,-6.572,3.25
Wielandia platyrachis,Anemochor,5,-2.964,3.139
Anthosachne plurinervis,Anemochor,11,2.863,4.332
Hydrocotyle foveolata,Autochor,14,-0.804,4.066
Oxalis phaeotricha,Autochor,13,-2.228,3.514
Marsypianthes hassleri,Autochor,12,5.486,4.896
Euphrasia nemorosa,Zoochor,16,-1.598,1.009
Elaphoglossum beaurepairei,Anemochor,10,1.309,2.88
Gilia stellata,Autochor,4,3.464,3.395
Quercus skinneri,Zoochor,16,3.472,4.656
Chamaecrista juruenensis,Autochor,7,7.122,5.23
Bonetiella anomala,Zoochor,1,2.151,3.064
Blechnum brasiliense,Anemochor,3,4.329,4.807
Pentagonia amazonica,Autochor,8,-3.198,7.051
Leptosiphon nuttallii,Autochor,11,0.816,1.294
Melampodium glabrum,Zoochor,16,1.906,3.739
Lathyrus laetivirens,Autochor,2,-2.198,1.12
Saussurea brunneopilosa,Anemochor,8,0.841,-1.519
Parthenium bipinnatifidum,Hemerochor,11,0.308,3.283
Saxifraga camposii,Anemochor,8,1.89,1.941
Hypericum polyanthemum,Zoochor,3,4.683,4.068
Brachychiton megaphyllus,Nautochor,6,-0.636,6.399
Streblus dimepate,Zoochor,9,-2.179,3.044
Pittosporum pentandrum,Zoochor,4,3.126,4.916
Panicum peladoense,Anemochor,2,4.796,5.234
Thryptomene saxicola,Zoochor,3,-4.113,5.426
Carex perakensis,Autochor,3,5.993,4.749
Psacalium decompositum,Anemochor,14,3.056,2.526
Waltheria ovata,Autochor,12,6.076,3.669
Psychotria pallens,Zoochor,5,2.639,2.685
Asplundia schizotepala,Zoochor,16,2.938,7.459
Penstemon australis,Anemochor,10,3.666,5.534
Astragalus oophorus,Nautochor,11,1.407,1.067
Ampelocissus frutescens,Zoochor,11,-1.523,6.551
Rhododendron alabamense,Anemochor,3,6.616,4.479
Anulocaulis leiosolenus,Zoochor,16,3.136,2.81
Anthurium clavigerum,Zoochor,2,-4.533,6.156
Cercocarpus intricatus,Anemochor,1,1.528,1.696
Couepia williamsii,Zoochor,7,-0.266,6.821
Cavanillesia platanifolia,Anemochor,4,-4.292,5.899
Sanicula petagnioides,Zoochor,6,4.65,2.84
Anisacanthus pumilus,Autochor,12,-0.163,3.463
Cecropia obtusa,Zoochor,9,-0.652,4.914
Piper pubistipulum,Zoochor,14,23.868,2.933
Erycibe henryi,Autochor,12,5.645,3.363
Cylindropuntia munzii,Zoochor,12,-0.168,4.375
Byrsonima macrophylla,Zoochor,6,-12.58,3.167
Philodendron acuminatissimum,Zoochor,7,-1.725,5.606
Endiandra hayesii,Zoochor,4,-6.729,4.107
Pseudobombax marginatum,Anemochor,13,-0.012,4.311
Felicia macrorrhiza,Anemochor,2,4.162,3.872
Phyllanthus pervilleanus,Autochor,6,-1.686,3.795
Eriogonum hirtiflorum,Anemochor,9,0.513,2.6
Mentzelia affinis,Zoochor,8,-2.53,3.308
Populus alba,Anemochor,1,0.817,3.226
Streblus glaber,Zoochor,5,-2.803,3.199
Burmeistera sodiroana,Autochor,1,17.754,3.37
Acacia saligna,Zoochor,13,-1.473,5.385
Psephellus sibiricus,Zoochor,13,0.458,3.344
Lepidosperma urophorum,Zoochor,5,-0.994,2.928
Ajuga ovalifolia,Zoochor,14,6.848,2.401
Adenostemma caffrum,Autochor,8,-0.089,3.948
Hieracium fulvescens,Zoochor,6,-1.29,2.362
Senecio lydenburgensis,Anemochor,9,-0.127,3.568
Saurauia ursina,Zoochor,9,17.754,3.231
Bossiaea heterophylla,Zoochor,3,0.628,3.398
Lythrum vulneraria,Autochor,1,3.163,3.111
Guzmania melinonis,Anemochor,14,4.647,3.645
Markea sessiliflora,Zoochor,4,3.256,6.755
Cordia glabrifolia,Autochor,10,0.868,3.858
Restio burchellii,Autochor,3,2.152,3.162
Nicotiana megalosiphon,Anemochor,13,1.542,4.946
Lampranthus watermeyeri,Zoochor,12,3.159,3.285
Digitaria thouarsiana,Autochor,15,0.414,4.957
Castilleja elegans,Anemochor,16,-5.388,-10.851
Bidens anthemoides,Zoochor,11,0.854,3.153
Ipomoea tricolor,Autochor,8,2.506,5.022
Acalypha infesta,Autochor,10,2.279,3.762
Syzygium buxifolium,Zoochor,1,4.017,2.697
Lasianthus japonicus,Zoochor,13,3.37,2.228
Pulmonaria officinalis,Zoochor,9,0.387,4.064
Polystichum xiphophyllum,Anemochor,5,2.822,2.272
Swertia tetrapetala,Autochor,5,1.092,0.212
Piper pubisubmarginalum,Zoochor,3,21.628,3.912
Phacelia stellaris,Anemochor,5,0.576,3.514
Dieffenbachia paludicola,Zoochor,4,-34.687,8.717
Holmbergia tweedii,Anemochor,15,6.986,5.711
Microlicia amblysepala,Autochor,15,0.266,3.684
Caryocar gracile,Zoochor,16,-21.206,7.404
Staurogyne mandioccana,Autochor,5,3.386,3.508
Mimosa minutifolia,Autochor,9,-4.847,2.88
Qualea cordata,Anemochor,15,1.983,4.092
Eleocharis nuda,Autochor,9,-0.127,4.864
Monarda citriodora,Anemochor,16,5.708,4.719
Ocotea tonduzii,Zoochor,5,1.293,3.236
Pelargonium pulverulentum,Anemochor,9,-0.731,3.471
Erythroxylum platyclados,Zoochor,2,-1.33,4.548
Piper biauritum,Zoochor,6,1.293,3.388
Pseudognaphalium leucocephalum,Anemochor,2,2.681,2.74
Onobrychis viciifolia,Zoochor,1,-0.02,3.391
Madia exigua,Zoochor,3,0.357,1.532
Tillandsia dugesii,Anemochor,2,-9.35,3.239
Trachypogon montufarii,Anemochor,6,1.395,4.413
Conospermum filifolium,Autochor,10,-0.973,5.653
Cardamine nipponica,Autochor,13,1.464,2.613
Artemisia afra,Anemochor,15,1.781,3.595
Jasminum dichotomum,Zoochor,12,3.688,5.275
Poa homomalla,Anemochor,8,-4.665,5.263
Geosiris aphylla,Zoochor,1,-0.615,3.336
Saxifraga globulifera,Anemochor,3,11.994,2.322
Potamogeton epihydrus,Zoochor,15,-0.647,-1.455
Lessingianthus farinosus,Anemochor,12,1.031,3.566
Aspidotis densa,Anemochor,12,1.882,0.829
Stoebe nervigera,Anemochor,15,1.594,3.211
Mimosa skinneri,Autochor,9,0.256,4.801
Cupania vernalis,Zoochor,10,0.37,3.942
Ocotea aciphylla,Zoochor,15,-6.438,5.543
Hedeoma acinoides,Anemochor,10,4.27,6.434
Rhynchosia cytisoides,Autochor,1,3.833,5.959
Crassula expansa,Anemochor,14,-0.677,3.101
Erica labialis,Autochor,8,-0.187,3.669
Zornia macdonaldii,Autochor,1,1.698,3.997
Gardenia vilhelmii,Zoochor,2,10.045,5.94
Bougainvillea spectabilis,Zoochor,8,4.981,4.713
Grevillea eriostachya,Autochor,5,3.605,5.311
Citronella smythii,Zoochor,11,15.416,2.983
Phtheirospermum japonicum,Autochor,1,3.336,2.152
Cystopteris moupinensis,Anemochor,9,0.307,2.887
Pisonia longirostris,Zoochor,4,-12.811,5.806
Berberis asiatica,Zoochor,10,4.229,3.24
Carex pansa,Autochor,11,0.339,0.079
Athenaea picta,Zoochor,3,-0.179,3.543
Nothofagus gunnii,Anemochor,15,-2.441,3.581
Merremia hirta,Autochor,3,-2.935,5.073
Sisyrinchium minutiflorum,Autochor,2,2.211,5.614
Laennecia sophiifolia,Anemochor,11,1.001,3.015
Stenanthemum pumilum,Zoochor,11,1.108,5.265
Miconia theizans,Zoochor,12,0.762,3.715
Smilax velutina,Zoochor,5,-0.954,3.458
Capparis quiniflora,Zoochor,15,-3.379,5.089
Mayaca longipes,Autochor,2,2.913,6.379
Drymonia affinis,Anemochor,15,-4.434,4.728
Andryala arenaria,Zoochor,2,1.64,2.927
Conostegia superba,Zoochor,6,7.745,3.376
Anigozanthos manglesii,Autochor,7,-1.868,5.466
Rhodostemonodaphne crenaticupula,Zoochor,15,-6.99,6.396
Kippistia suaedifolia,Anemochor,12,6.493,5.851
Schefflera morototoni,Zoochor,15,3.547,5.849
Cliffortia ericifolia,Zoochor,16,-0.355,3.738
Kutchubaea sericantha,Zoochor,4,-10.072,8.808
Hemigenia pritzelii,Zoochor,11,-1.766,4.906
Myosotis decumbens,Zoochor,14,1.73,1.618
Glandulicactus uncinatus,Zoochor,7,2.322,3.656
Ipomoea blanchetii,Autochor,11,2.13,4.69
Acokanthera oppositifolia,Nautochor,2,0.282,3.356
Ochna thomasiana,Zoochor,4,2.984,6.585
Ruellia yurimaguensis,Autochor,14,4.459,5.954
Hesperantha pseudopilosa,Autochor,12,2.213,2.798
Croton rarus,Autochor,1,-2.172,6.288
Solanum tripartitum,Autochor,4,-2.783,2.344
Petrorhagia obcordata,Anemochor,12,1.597,1.927
Faramea crassifolia,Zoochor,10,-0.508,5.589
Virola mollissima,Zoochor,10,-1.148,5.843
Aphelandra macrophylla,Autochor,2,5.95,5.763
Amsonia grandiflora,Anemochor,16,-3.335,3.234
Besleria princeps,Zoochor,9,1.701,2.669
Poa cusickii,Anemochor,15,0.86,0.072
Xanthorrhoea fulva,Zoochor,1,-1.847,3.732
Ligustrum tschonoskii,Zoochor,6,8.605,1.831
Dacrycarpus imbricatus,Zoochor,12,-3.793,3.794
Ammoselinum butleri,Anemochor,12,8.963,6.305
Deverra scoparia,Anemochor,5,1.979,3.98
Heliophila carnosa,Anemochor,4,2.64,3.611
Voyria kupperi,Autochor,15,13.327,3.603
Lepidosperma costale,Zoochor,3,2.042,5.894
Tristaniopsis collina,Zoochor,14,1.485,2.964
Calamagrostis matsumurae,Autochor,2,3.826,1.198
Gunnera insignis,Zoochor,13,-0.279,2.772
Cliffortia neglecta,Zoochor,7,5.192,2.803
Ornithogalum corsicum,Anemochor,2,1.088,2.451
Clidemia aphanantha,Anemochor,6,3.945,5.949
Legenere limosa,Autochor,13,0.7,3.505
Cedrela oaxacensis,Anemochor,9,1.713,2.825
Bryonia alba,Zoochor,12,-2.857,3.501
Actinotus superbus,Zoochor,1,-0.122,5.697
Spondias venulosa,Zoochor,3,2.961,5.034
Callilepis leptophylla,Anemochor,6,0.801,3.169
Quercus depressipes,Zoochor,5,0.807,2.654
Cuscuta reflexa,Autochor,5,4.944,2.227
Poa khasiana,Anemochor,5,0.862,2.601
Conostegia setosa,Zoochor,12,0.003,4.113
Piper piscatorum,Zoochor,7,6.797,7.115
Polybotrya speciosa,Anemochor,14,0.612,2.869
Cliococca selaginoides,Anemochor,6,0.466,3.193
Eustachys petraea,Autochor,5,3.368,5.648
Hypocalymma robustum,Zoochor,7,-3.593,4.919
Parrya arctica,Anemochor,10,-3.617,-7.146
Carex pauciflora,Autochor,14,0.293,2.031
Ficus fistulosa,Zoochor,7,5.672,4.091
Eremophila biserrata,Zoochor,16,0.52,5.97
Asclepias brevipes,Anemochor,14,0.258,4.015
Piper laevigatum,Zoochor,4,7.696,8.683
Anthriscus cerefolium,Hemerochor,12,-0.637,2.291
Verticordia tumida,Zoochor,16,0.519,5.874
Bignonia decora,Anemochor,14,6.227,5.435
Rhynchospora tenuis,Autochor,8,6.616,5.989
Palicourea hammelii,Zoochor,4,-4.802,4.219
Hyptis crenata,Autochor,6,3.035,5.97
Scleria tricuspidata,Autochor,9,-1.086,3.842
Tibouchina asperior,Autochor,16,2.26,4.518
Leptopteris alpina,Anemochor,1,26.281,3.256
Boehmeria japonica,Autochor,10,3.015,2.251
Aristolochia debilis,Autochor,3,4.657,1.91
Blumea tenella,Anemochor,4,10.09,8.472
Chorisiva nevadensis,Anemochor,9,0.094,2.091
Ptilochaeta glabra,Anemochor,4,17.729,5.703
Aechmea leptantha,Autochor,6,-0.368,3.393
Donella perrieri,Zoochor,13,-1.08,3.113
Helenium virginicum,Anemochor,6,1.374,4.705
Frankenia crispa,Autochor,9,-1.345,5.226
Medeola virginiana,Anemochor,14,0.516,2.966
Xanthostemon umbrosus,Nautochor,16,3.567,5.162
Ageratina altissima,Anemochor,2,0.237,3.459
Eucalyptus microcarpa,Anemochor,1,0.96,4.785
Swartzia tessmannii,Zoochor,7,1.494,7.136
Sauvagesia sprengelii,Autochor,12,-0.577,6.924
Abolboda acaulis,Autochor,2,5.869,5.038
Anoda palmata,Autochor,16,6.452,4.339
Tachigali alba,Autochor,3,9.378,8.167
Muscari comosum,Nautochor,8,-0.803,2.445
Eremophila psilocalyx,Zoochor,12,-1.152,5.728
Pandanus boivinii,Zoochor,5,-0.296,2.98
Turbina corymbosa,Autochor,11,3.68,4.819
Guadua ciliata,Autochor,1,-10.74,5.878
Oryzopsis asperifolia,Zoochor,9,0.551,3.683
Pittocaulon praecox,Anemochor,4,-3.609,3.819
Spathicarpa hastifolia,Zoochor,10,4.131,4.562
Smilax calophylla,Zoochor,8,-6.635,4.904
Rhododendron nudipes,Anemochor,13,4.212,2.391
Festuca rigescens,Anemochor,10,-2.041,3.463
Jacobaea maritima,Anemochor,14,1.696,2.593
Diogenesia tetrandra,Autochor,5,-3.712,3.331
Agelanthus natalitius,Zoochor,15,-0.013,3.484
Nepeta prattii,Zoochor,5,2.138,2.474
Mabea occidentalis,Zoochor,16,-6.624,6.084
Adelia ricinella,Anemochor,2,-2.909,5.548
Ocotea heterochroma,Zoochor,14,-0.062,3.372
Hyptis capitata,Zoochor,9,0.441,3.528
Clarisia ilicifolia,Zoochor,14,-0.315,5.168
Tamarix smyrnensis,Anemochor,3,5.463,3.856
Conyza microcephala,Anemochor,16,1.5,3.198
Eremogone aculeata,Zoochor,11,-0.046,1.473
Rhaphiostylis beninensis,Zoochor,5,-0.942,4.896
Paspalum cordatum,Autochor,13,-1.042,4.409
Triumfetta longipedunculata,Zoochor,11,2.717,5.996
Angelica dawsonii,Autochor,12,0.218,-2.108
Azolla caroliniana,Zoochor,13,0.63,5.205
Dicentra uniflora,Zoochor,1,2.061,1.603
Goodenia nuda,Zoochor,15,3.906,5.985
Cuphea brachiata,Autochor,16,-0.716,4.137
Asemeia ilheotica,Autochor,3,25.504,6.025
Fragaria chiloensis,Zoochor,9,-1.337,3.107
Laportea peduncularis,Zoochor,11,2.994,3.315
Stellaria cuspidata,Autochor,16,-0.627,2.962
Amaranthus caudatus,Zoochor,11,6.79,4.038
Carex stricta,Autochor,1,-0.471,2.79
Calea ternifolia,Anemochor,7,-4.34,4.433
Tocoyena foetida,Zoochor,14,0.419,5.515
Coussarea graciliflora,Anemochor,4,11.445,5.723
Clematis delicata,Anemochor,1,0.358,5.76
Oxalis cytisoides,Autochor,1,2.321,3.566
Festuca pallens,Anemochor,3,1.264,1.465
Stachys mexicana,Autochor,11,-1.475,2.069
Gnidia sericea,Zoochor,6,-1.84,3.201
Smilax staminea,Zoochor,1,0.602,3.228
Pultenaea rariflora,Zoochor,15,3.012,5.709
Sonchus luxurians,Zoochor,3,-2.924,4.041
Selliguea hastata,Anemochor,10,3.019,2.27
Micromeria biflora,Zoochor,14,5.946,2.259
Anthurium dolichostachyum,Zoochor,15,-5.26,3.78
Pyrrhopappus carolinianus,Anemochor,13,1.037,5.196
Schizolaena microphylla,Zoochor,7,-6.096,3.203
Rothmannia globosa,Zoochor,13,1.208,3.06
Paeonia mascula,Anemochor,8,1.784,2.057
Crassula nodulosa,Anemochor,8,1.211,4.579
Parkia velutina,Zoochor,7,-2.876,6.791
Potentilla pulchella,Zoochor,3,-8.21,-14.521
Calophyllum bicolor,Nautochor,8,-6.608,6.473
Echinospartum ibericum,Nautochor,16,-0.653,2.208
Lonicera pyrenaica,Zoochor,12,10.028,2.313
Glebionis coronaria,Anemochor,4,2.074,3.402
Nolina microcarpa,Zoochor,12,2.978,2.337
Syzygium suborbiculare,Zoochor,2,-2.76,5.837
Boerhavia repens,Zoochor,11,-0.093,5.741
Senecio multicaulis,Anemochor,1,-1.856,5.216
Commiphora tenuipetiolata,Zoochor,8,2.775,5.102
Sommerfeltia spinulosa,Autochor,5,-0.4,3.54
Posoqueria grandifructa,Zoochor,11,-6.54,4.211
Guatteria costaricensis,Zoochor,9,0.161,2.645
Ranunculus circinans,Zoochor,7,-3.552,4.86
Saxipoa saxicola,Anemochor,14,-1.486,3.209
Malacothrix incana,Anemochor,13,5.949,2.937
Myriophyllum papillosum,Autochor,7,4.334,5.032
Blechnum occidentale,Anemochor,10,-0.219,3.19
Phebalium elegans,Autochor,15,-2.057,5.804
Utricularia dichotoma,Autochor,16,-0.577,3.47
Hieracium exaltans,Zoochor,14,-1.269,4.198
Bouchea nelsonii,Autochor,9,0.183,3.755
Hydrophyllum tenuipes,Anemochor,4,-2.135,0.793
Huperzia cavifolia,Chamaechor,15,-2.968,3.627
Ixia trifolia,Autochor,7,4.546,2.614
Rauvolfia moricandii,Zoochor,11,-3.145,4.254
Descurainia depressa,Anemochor,16,-1.733,2.362
Hyptidendron asperrimum,Autochor,16,5.053,3.555
Dampiera angulata,Zoochor,6,-3.269,5.663
Tradescantia crassifolia,Autochor,5,-0.418,2.936
Melaleuca rigidifolia,Anemochor,13,-3.394,5.667
Nothoscordum arenarium,Anemochor,6,3.906,4.316
Chusquea oligophylla,Anemochor,12,1.303,3.137
Croton montevidensis,Autochor,14,1.194,4.262
Tasmannia xerophila,Zoochor,4,-1.479,1.911
Adiantum venustum,Anemochor,11,15.487,1.622
Psychotria spithamea,Zoochor,1,-2.437,5.05
Erica zwartbergensis,Autochor,16,0.611,2.867
Anthurium subsignatum,Zoochor,2,-33.737,4.634
Melaleuca leptospermoides,Anemochor,1,0.469,5.802
Hymenaea reticulata,Anemochor,3,4.127,8.191
Pultenaea brachytropis,Zoochor,8,-9.474,6.042
Trichilia septentrionalis,Zoochor,13,-2.051,4.565
Anthoxanthum redolens,Autochor,10,-1.815,3.855
Beesia calthifolia,Zoochor,14,2.535,2.312
Ludwigia hirtella,Autochor,11,7.781,7.314
Weinmannia wercklei,Anemochor,7,-1.349,3.652
Vriesea incurvata,Anemochor,7,1.645,3.166
Limosella acaulis,Autochor,11,0.554,2.078
Clethra suaveolens,Anemochor,13,3.522,2.876
Lonicera dioica,Zoochor,12,-2.016,-2.898
Dillwynia juniperina,Zoochor,9,-0.225,3.122
Kohautia retrorsa,Anemochor,14,2.669,4.016
Pauridiantha talbotii,Zoochor,6,-7.859,3.741
Odontonema sessile,Autochor,3,1.598,5.09
Elaphoglossum moorei,Anemochor,11,-4.801,3.446
Acleisanthes purpusiana,Zoochor,7,2.02,4.096
Lawrencia repens,Anemochor,8,2.426,5.879
Episcia fimbriata,Anemochor,7,0.023,6.758
Hakea oldfieldii,Anemochor,12,-1.769,5.597
Tapinanthus rubromarginatus,Zoochor,13,0.114,3.154
Chromolaena collina,Anemochor,10,3.803,3.094
Calathea microcephala,Zoochor,16,-0.707,6.786
Alkanna orientalis,Autochor,13,2.083,2.214
Aristolochia monticola,Autochor,8,0.067,4.747
Ptisana costulisora,Chamaechor,14,1.405,3.111
Stevia iltisiana,Anemochor,1,-0.018,3.167
Naucleopsis ternstroemiiflora,Zoochor,15,3.45,6.803
Vauquelinia australis,Anemochor,6,-6.791,3.203
Atriplex magdalenae,Anemochor,12,4.147,5.816
Sclerolaena limbata,Anemochor,10,1.435,5.264
Paepalanthus dendroides,Autochor,3,14.302,3.239
Prostanthera nivea,Autochor,3,2.681,3.62
Rhodostemonodaphne kunthiana,Zoochor,12,-7.2,5.824
Calystegia silvatica,Hemerochor,6,1.527,4.436
Vitis bellula,Zoochor,6,3.59,2.57
Sasa yahikoensis,Anemochor,3,11.48,0.962
Tamarix tetrandra,Anemochor,9,2.243,3.237
Verticordia rutilastra,Zoochor,4,0.919,5.764
Oldenlandia rupicola,Autochor,9,-1.19,2.729
Graptophyllum excelsum,Autochor,12,3.85,3.839
Salvia tomentosa,Autochor,10,1.391,2.161
Fraxinus cuspidata,Anemochor,2,4.479,2.473
Carex depressa,Autochor,10,0.672,2.387
Ficus crassivenosa,Zoochor,14,-6.392,5.19
Psychotria amboniana,Zoochor,11,-0.415,5.8
Lycurus phalaroides,Anemochor,9,-1.899,3.618
Banksia aquilonia,Anemochor,8,5.094,3.459
Ivesia argyrocoma,Zoochor,14,-2.724,2.524
Fuirena hirsuta,Anemochor,5,-1.038,3.021
Chusquea montana,Anemochor,2,-1.223,3.065
Erithalis fruticosa,Anemochor,15,3.083,4.943
Philadelphus mexicanus,Zoochor,13,-0.528,2.911
Nymphoides cordata,Zoochor,12,-0.478,0.396
Melaleuca apodocephala,Anemochor,3,-3.022,5.807
Gonzalagunia rosea,Autochor,4,-5.452,3.837
Elaphoglossum tectum,Anemochor,6,-5.707,3.204
Mesembryanthemum vaginatum,Ombrochor,3,4.331,3.745
Monochaetum bonplandii,Ombrochor,14,-1.956,3.185
Calytrix tenuiramea,Zoochor,2,-1.87,5.505
Woollsia pungens,Autochor,12,0.679,3.358
Ditaxis manzanilloana,Autochor,7,1.314,4.842
Jacquinia armillaris,Zoochor,12,3.327,5.375
Goodenia pinnatifida,Zoochor,12,3.06,5.283
Eliea articulata,Nautochor,6,-2.158,3.434
Xerochloa laniflora,Anemochor,6,2.105,6.375
Elaphoglossum barbatum,Anemochor,11,-0.171,4.664
Eriogonum baileyi,Anemochor,5,-1.457,2.241
Brugmansia suaveolens,Anemochor,14,-5.024,5.518
Passiflora vespertilio,Zoochor,12,-1.074,7.009
Lambertia inermis,Anemochor,16,-2.844,5.756
Festuca costata,Anemochor,11,-0.352,2.987
Myrmecodia beccarii,Zoochor,11,-4.574,4.755
Combretum zeyheri,Anemochor,10,-4.28,4.872
Baccharis conyzoides,Anemochor,15,1.475,3.49
Briza humilis,Anemochor,14,2.86,2.206
Moraea modesta,Autochor,14,2.315,2.819
Xylopia aethiopica,Zoochor,2,3.454,6.297
Anthurium obscurinervium,Zoochor,5,3.361,4.088
Launaea procumbens,Anemochor,7,7.678,5.342
Viola hymettia,Zoochor,7,8.321,2.183
Allophylus punctatus,Autochor,4,12.478,7.351
Tarasa tenella,Anemochor,2,-1.395,2.635
Rudbeckia fulgida,Anemochor,5,1.245,4.979
Gaylussacia brasiliensis,Autochor,16,1.787,3.872
Quercus polymorpha,Zoochor,5,2.161,3.174
Trachelium caeruleum,Anemochor,13,2.582,2.328
Ocotea bofo,Zoochor,14,-4.679,5.075
Psychotria clivorum,Zoochor,1,-7.306,3.291
Solanum pubigerum,Autochor,11,3.868,3.329
Dendropanax leptopodus,Zoochor,14,-0.214,3.574
Chordifex sphacelatus,Autochor,4,1.149,5.797
Croton boregensis,Autochor,6,5.191,3.384
Rytidosperma nitens,Zoochor,9,-1.563,3.529
Ruellia affinis,Autochor,15,-1.336,4.061
Malacothrix clevelandii,Anemochor,16,3.22,2.378
Allium nigrum,Anemochor,8,3.44,2.776
Phebalium canaliculatum,Autochor,13,-0.886,5.309
Diascia parviflora,Anemochor,13,-1.147,3.137
Polygala pseudosericea,Autochor,1,4.509,5.099
Ipomoea saopaulista,Autochor,12,1.012,3.956
Elegia vaginulata,Autochor,6,-0.493,3.242
Uapaca sansibarica,Zoochor,5,-1.712,4.323
Ipomoea intrapilosa,Autochor,4,1.443,4.303
Epilobium fastigiatoramosum,Anemochor,4,1.587,-5.673
Gymnocarpium robertianum,Anemochor,7,-2.098,1.796
Erythroxylum amazonicum,Zoochor,12,-4.467,6.133
Tricalysia coriacea,Zoochor,12,4.098,6.064
Artemisia franserioides,Anemochor,10,-1.895,1.676
Suaeda linearis,Anemochor,14,0.126,5.523
Sphaeralcea endlichii,Anemochor,8,4.634,3.751
Aegilops kotschyi,Anemochor,4,7.308,5.46
Eriogonum hookeri,Anemochor,9,0.513,2.195
Dianthus multiceps,Anemochor,5,1.306,2.937
Paepalanthus scleranthus,Autochor,12,6.452,5.03
Draba porsildii,Anemochor,3,-1.193,-10.42
Ribes ciliatum,Zoochor,8,38.244,3.4
Saussurea maximowiczii,Anemochor,5,2.703,1.829
Vasconcellea quercifolia,Zoochor,10,1.317,4.049
Coprosma macrocarpa,Zoochor,8,-1.381,6.195
Hesperantha coccinea,Autochor,13,-0.797,2.872
Gonostegia pentandra,Autochor,11,3.319,3.791
Baccharis bigelovii,Anemochor,9,-1.634,2.493
Rosenbergiodendron densiflorum,Zoochor,5,-2.8,5.174
Protea scabra,Anemochor,6,0.518,3.448
Alyxia tropica,Zoochor,3,-7.066,7.88
Thespesia acutiloba,Zoochor,4,5.587,5.037
Carex spissa,Autochor,3,-1.276,2.861
Pseudanthus orbicularis,Zoochor,3,-1.139,2.662
Bothriocline fusca,Anemochor,4,-3.439,3.624
Utricularia violacea,Autochor,11,-1.57,5.438
Poa fawcettiae,Anemochor,7,-1.332,2.75
Alexgeorgea ganopoda,Autochor,5,-2.121,4.851
Argemone albiflora,Anemochor,13,1.301,3.937
Viburnum betulifolium,Zoochor,5,1.854,2.319
Clusia opaca,Zoochor,13,-5.817,4.974
Anisocapparis speciosa,Zoochor,6,15.199,5.995
Sporobolus flexuosus,Autochor,4,3.099,3.079
Ptilotus astrolasius,Anemochor,14,4.234,5.672
Eucalyptus consideniana,Anemochor,15,-0.609,3.232
Micromyrtus prochytes,Zoochor,3,6.017,6.41
Heuchera hemsleyana,Anemochor,2,4.102,2.981
Carronia pedicellata,Zoochor,10,3.351,2.883
Ampelocera macphersonii,Zoochor,13,0.813,3.691
Piper subsilvestre,Zoochor,10,2.489,5.988
Bidens connata,Autochor,7,-0.31,3.218
Flueggea virosa,Zoochor,11,-0.428,5.274
Austromyrtus tenuifolia,Zoochor,5,2.881,3.314
Aegopodium alpestre,Hemerochor,11,-0.777,-4.026
Tabebuia nodosa,Anemochor,1,8.949,6.065
Stachys rigida,Autochor,10,1.259,2.348
Calamus tetradactylus,Zoochor,7,5.721,4.339
Verbesina trilobata,Autochor,7,3.42,4.05
Ficus hederacea,Zoochor,7,5.152,3.827
Donnellsmithia mexicana,Autochor,7,0.8,3.528
Dyschoriste trichocalyx,Autochor,4,2.513,6.32
Cryptantha nubigena,Zoochor,14,-1.329,2.259
Erodium glandulosum,Anemochor,5,0.09,2.546
Chamaecrista trichopoda,Autochor,14,2.4,4.885
Salix aurita,Anemochor,6,-2.154,4.412
Fleischmannia schickendantzii,Anemochor,8,9.3,3.715
Streptocarpus confusus,Autochor,1,2.332,2.816
Ctenitis distans,Anemochor,8,0.307,3.812
Eremophila pendulina,Zoochor,16,5.324,6.752
Centaurea citricolor,Zoochor,15,0.262,2.361
Jasminum officinale,Zoochor,15,4.764,3.212
Barleria pungens,Autochor,11,0.84,3.27
Ctenium aromaticum,Anemochor,6,5.99,6.146
Eremophila psilocalyx,Zoochor,16,-0.97,5.754
Rothmannia lujae,Zoochor,12,3.145,6.226
Abronia maritima,Zoochor,1,1.327,4.047
Alchemilla schistophylla,Autochor,12,-4.84,-1.138
Syncarpha vestita,Anemochor,11,-0.652,3.222
Hypoestes triflora,Autochor,11,-1.616,3.294
Huernia stapelioides,Anemochor,12,0.803,4.746
Asplenium serra,Anemochor,8,1.151,3.675
Ectrosia confusa,Autochor,2,2.207,5.965
Dierama reynoldsii,Autochor,4,0.659,3.035
Ephedra compacta,Anemochor,13,1.218,3.04
Ischnosiphon cannoideus,Zoochor,11,-8.847,6.134
Lycianthes hypoleuca,Zoochor,10,-1.853,5.016
Cosmocalyx spectabilis,Autochor,16,4.992,7.684
Glebionis coronaria,Anemochor,14,1.844,2.996
Eriogonum pondii,Anemochor,15,-0.324,4.129
Saxifraga bracteata,Anemochor,10,-0.747,0.26
Galactia glaucescens,Autochor,10,3.1,5.073
Eucalyptus agglomerata,Anemochor,8,-0.014,2.829
Tapinanthus oleifolius,Zoochor,12,1.969,5.993
Micromyrtus triptycha,Zoochor,4,3.245,6.02
Cryptandra gemmata,Zoochor,12,-1.343,7.15
Horsfieldia australiana,Zoochor,15,-3.999,5.628
Ranunculus multipartitus,Zoochor,12,-3.139,3.096
Malachra radiata,Autochor,12,-2.59,6.807
Dendropanax brasiliensis,Zoochor,6,4.798,5.378
Asplenium tricholepis,Anemochor,11,3.223,3.546
Stemona lucida,Autochor,7,-1.518,5.411
Carlowrightia mcvaughii,Autochor,3,9.808,4.233
Marsdenia micradenia,Anemochor,12,0.977,3.252
Centaurea antennata,Zoochor,13,1.942,2.57
Stylidium ensatum,Autochor,6,-4.362,6.361
Ammannia multiflora,Nautochor,3,10.942,6.775
Solanum glabratum,Autochor,12,-2.569,3.314
Clutia ericoides,Autochor,11,-1.227,3.09
Eucalyptus baueriana,Anemochor,8,0.055,3.456
Deherainia matudae,Zoochor,12,-5.086,4.08
Aliciella humillima,Zoochor,1,0.458,2.944
Tynanthus elegans,Anemochor,8,9.576,4.819
Cardamine douglassii,Autochor,2,-1.6,4.002
Osbeckia chinensis,Zoochor,14,2.454,3.722
Eucalyptus imitans,Anemochor,7,-0.98,3.115
Anthurium warocqueanum,Zoochor,10,-2.5,3.591
Trifolium andersonii,Zoochor,13,0.218,2.607
Crepidiastrum tenuifolium,Anemochor,5,1.15,0.809
Viola uliginosa,Zoochor,9,-1.235,5.189
Delphinium scopulorum,Anemochor,12,3.549,1.866
Dillwynia crispii,Zoochor,9,-2.162,2.926
Chaetium bromoides,Autochor,8,9.557,3.567
Erysimum incanum,Autochor,6,1.222,2.87
Aniba heringeri,Zoochor,11,2.911,5.097
Crassula ruamahanga,Anemochor,10,-2.353,4.809
Alstroemeria foliosa,Autochor,5,3.978,3.306
Diplazium grandifolium,Anemochor,4,12.542,6.521
Serjania grandifolia,Anemochor,4,7.427,8.255
Costus spiralis,Zoochor,3,4.723,6.599
Boykinia major,Anemochor,15,-3.781,1.305
Aliciella subnuda,Zoochor,9,-0.934,2.017
Syzygium buettnerianum,Zoochor,2,0.801,3.923
Chionanthus filiformis,Zoochor,15,1.62,3.493
Caraipa tereticaulis,Anemochor,16,2.123,6.469
Banksia seminuda,Anemochor,8,-5.032,5.471
Corydalis hendersonii,Zoochor,4,1.679,-1.762
Talisia croatii,Zoochor,1,4.946,5.181
Senecio reptans,Anemochor,13,0.079,4.449
Carex jackiana,Autochor,11,2.945,1.825
Populus nigra,Autochor,6,0.448,2.965
Galium hoffmeisteri,Zoochor,11,1.708,2.273
Trachystylis stradbrokensis,Anemochor,5,0.477,3.928
Erica glandulipila,Autochor,6,-1.58,2.838
Coffea buxifolia,Zoochor,8,1.492,3.202
Biarum tenuifolium,Zoochor,15,1.395,2.452
Machaerina rubiginosa,Zoochor,6,-5.008,4.055
Poincianella pyramidalis,Autochor,7,1.023,4.447
Descurainia myriophylla,Anemochor,3,-1.164,1.976
Sparganium androcladum,Autochor,7,-0.61,1.61
Mosannona depressa,Zoochor,8,2.654,6.544
Gaillardia coahuilensis,Hemerochor,9,4.012,2.872
Lycium californicum,Anemochor,5,0.14,3.315
Carex mesochorea,Autochor,11,1.535,4.536
Foeniculum vulgare,Anemochor,9,4.289,3.893
Hieracium fendleri,Zoochor,8,7.937,1.943
Columnea orientandina,Anemochor,14,-9.16,3.178
Mansoa parvifolia,Anemochor,13,-0.452,4.869
Heliophila deserticola,Anemochor,3,7.145,4.945
Poa humilis,Anemochor,7,0.135,1.269
Delphinium barbeyi,Anemochor,4,0.955,-2.839
Panicum voeltzkowii,Anemochor,9,-0.547,4.081
Munnozia angusta,Zoochor,3,35.079,3.303
Elymus hirsutus,Anemochor,12,-0.008,-1.196
Triodia salina,Anemochor,6,6.608,5.925
Picramnia sphaerocarpa,Zoochor,11,8.005,3.397
Nama canescens,Zoochor,2,1.095,3.388
Psychotria gracilenta,Zoochor,7,7.953,6.179
Chromolaena roseorum,Anemochor,2,6.221,5.006
Solanum ferrugineum,Zoochor,7,11.753,5.811
Gypsophila bermejoi,Autochor,11,0.05,3.706
Lasiacis maculata,Anemochor,9,1.466,4.311
Frankenia desertorum,Autochor,13,-1.511,5.402
Stachytarpheta lactea,Autochor,16,-1.27,3.769
Convolvulus boedeckerianus,Autochor,4,3.157,4.965
Craspidospermum verticillatum,Anemochor,7,-1.645,3.447
Orcuttia pilosa,Anemochor,10,0.196,4.496
Bosistoa pentacocca,Autochor,6,1.247,2.941
Passiflora helleri,Zoochor,11,1.258,4.484
Prosopis laevigata,Zoochor,9,1.165,3.129
Callitris columellaris,Anemochor,5,0.321,4.883
Chelidonium majus,Zoochor,8,-1.263,-3.232
Ephedra triandra,Anemochor,15,5.08,4.699
Phacelia affinis,Anemochor,8,0.34,2.501
Eremophila macdonnellii,Zoochor,12,11.215,6.163
Tordylium officinale,Anemochor,4,2.023,2.336
Guettarda splendens,Zoochor,13,1.761,2.601
Polygonum bidwelliae,Anemochor,3,2.37,1.95
Melaleuca acuminata,Anemochor,9,-1.479,5.585
Impatiens lyallii,Autochor,11,-1.191,3.482
Bouteloua reflexa,Anemochor,5,1.399,3.452
Asplenium capillipes,Anemochor,6,3.73,1.919
Hieracium recensitum,Zoochor,3,1.572,1.398
Cheilanthes pruinata,Anemochor,1,-2.078,3.121
Coursetia grandiflora,Zoochor,12,8.898,3.713
Teucrium myriocladum,Autochor,6,-2.622,5.905
Monticalia arbutifolia,Anemochor,8,3.704,2.921
Sanvitalia versicolor,Anemochor,10,0.434,3.244
Ormosia grossa,Zoochor,3,-10.176,8.313
Schinus fasciculata,Zoochor,11,13.625,5.207
Asparagus acocksii,Zoochor,11,2.221,4.606
Lomelosia graminifolia,Autochor,14,7.487,2.477
Eucalyptus morrisii,Anemochor,6,5.581,5.452
Cavendishia capitulata,Autochor,14,65.102,2.989
Hirtella macrophylla,Zoochor,2,0.424,5.917
Turnera blanchetiana,Autochor,7,5.654,4.914
Aspidosperma macrocarpon,Anemochor,9,0.573,4.784
Ranunculus lobbii,Zoochor,2,4.668,3.131
Muhlenbergia plumbea,Zoochor,14,-2.145,3.064
Papaver purpureomarginatum,Anemochor,4,2.428,2.962
Boronia octandra,Autochor,6,-2.415,5.585
Thevetia gaumeri,Anemochor,3,2.304,7.429
Viola stewardiana,Zoochor,10,3.598,2.581
Dalea lanata,Anemochor,3,4.183,3.742
Linum nodiflorum,Anemochor,14,2.022,2.422
Eriodictyon tomentosum,Anemochor,16,0.835,2.459
Lycium bosciifolium,Anemochor,12,1.901,4.859
Hydrophyllum fendleri,Anemochor,7,2.491,-0.084
Asemeia monninoides,Autochor,5,-0.434,3.016
Calochortus flexuosus,Autochor,7,3.242,2.18
Beyeria brevifolia,Zoochor,11,-2.148,5.49
Photinia lasiogyna,Zoochor,15,4.34,3.028
Boerhavia triquetra,Zoochor,5,0.862,2.545
Carex microptera,Autochor,13,1.38,2.942
Collinsonia verticillata,Zoochor,10,3.132,3.877
Carex lyngbyei,Autochor,14,-0.004,0.599
Erigeron denalii,Anemochor,9,2.818,-0.5
Styrax glabrescens,Zoochor,16,18.161,3.671
Paspalum tinctum,Autochor,10,-0.096,3.027
Urochloa dictyoneura,Autochor,3,11.464,5.992
Amyema preissii,Zoochor,8,9.918,6.156
Hypoestes triflora,Autochor,1,-1.324,3.203
Oncinotis tomentella,Anemochor,8,-4.249,4.224
Ipomoea carnea,Autochor,10,3.119,5.051
Oncostemum leprosum,Zoochor,4,-3.43,3.634
Bromus firmior,Zoochor,16,-2.939,2.838
Senna macranthera,Autochor,1,0.543,4.136
Austrostipa compressa,Autochor,6,-2.649,5.312
Carex conferta,Autochor,12,1.915,4.624
Pitcairnia micheliana,Anemochor,8,2.963,4.54
Vochysia pumila,Anemochor,5,-3.154,4.07
Stevia yaconensis,Anemochor,7,-2.014,2.974
Convolvulus supinus,Autochor,3,3.086,5.024
Eremophila laanii,Zoochor,3,8.103,6.962
Sloanea brevipes,Zoochor,13,-1.408,4.836
Peperomia caliginigaudens,Zoochor,8,2.463,4.105
Mentha longifolia,Autochor,7,0.03,2.33
Garcinia kingaensis,Zoochor,6,2.391,4.194
Asyneuma chinense,Anemochor,16,4.8,2.771
Cavanillesia platanifolia,Anemochor,12,-1.08,4.834
Microtea debilis,Autochor,15,1.511,6.012
Ehrharta longigluma,Zoochor,2,3.836,2.789
Gentiana calycosa,Anemochor,3,2.53,-0.835
Schismatoglottis calyptrata,Autochor,11,-1.58,4.172
Endlicheria mishuyacensis,Zoochor,6,-4.166,5.773
Astrebla elymoides,Anemochor,16,10.155,6.805
Amischotolype glabrata,Autochor,1,3.343,3.089
Syzygium resa,Zoochor,13,-0.216,2.361
Inula rhizocephala,Autochor,14,2.285,1.691
Agonandra peruviana,Zoochor,13,-3.162,4.757
Monarda clinopodia,Anemochor,16,1.103,2.475
Evolvulus ericifolius,Autochor,4,8.385,6.784
Perezia recurvata,Anemochor,6,-1.831,3.87
Serjania chaetocarpa,Anemochor,13,-0.793,4.47
Cenostigma tocantinum,Autochor,9,-1.871,5.057
Phemeranthus longipes,Zoochor,13,-0.088,2.866
Cyclanthera ribiflora,Autochor,7,4.941,3.638
Ficus watkinsiana,Zoochor,4,4.0,3.935
Schistocarpha eupatorioides,Anemochor,15,-0.547,3.887
Psychotria rufovillosa,Zoochor,3,28.947,3.422
Atractylis cancellata,Anemochor,8,2.178,2.703
Poikilospermum suaveolens,Zoochor,8,3.666,4.695
Sida asterocalyx,Autochor,15,13.015,6.37
Ischnosiphon annulatus,Zoochor,2,-23.459,4.158
Ageratina arsenei,Anemochor,3,-3.828,3.763
Allium neapolitanum,Anemochor,14,3.254,3.05
Calytrix glutinosa,Zoochor,8,3.53,5.878
Swainsona calcicola,Nautochor,7,3.459,6.114
Cyathochaeta stipoides,Autochor,7,-10.34,5.978
Aciotis acuminifolia,Autochor,7,1.149,7.102
Ficus crassinervia,Zoochor,12,5.952,6.811
Aphelandra squarrosa,Autochor,10,0.504,2.822
Guatteria modesta,Zoochor,7,-3.535,7.626
Hieracium juranum,Zoochor,14,0.25,2.431
Nuxia sphaerocephala,Autochor,7,-3.067,3.488
Aponogeton vanbruggenii,Autochor,1,-0.507,5.517
Paeonia californica,Anemochor,7,0.314,2.999
Paronychia macrosepala,Autochor,15,1.941,2.559
Dyschoriste trichocalyx,Autochor,5,-0.992,4.468
Fraxinus bungeana,Anemochor,1,2.13,2.853
Tillandsia aeranthos,Anemochor,1,0.685,4.286
Miconia rubiginosa,Zoochor,3,5.482,6.599
Smilax blumei,Zoochor,13,-0.295,3.718
Leptosiphon nuttallii,Autochor,2,0.73,1.34
Grewia erythraea,Autochor,9,1.354,2.868
Croton humbertii,Autochor,4,-7.366,4.539
Abutilon wrightii,Anemochor,6,2.232,3.62
Bambusa arnhemica,Autochor,8,-7.859,7.638
Sisyrinchium scabrum,Autochor,11,-4.381,3.042
Jubelina uleana,Anemochor,9,-5.533,4.927
Scleria macrophylla,Autochor,6,1.533,5.849
Musgravea heterophylla,Autochor,2,5.585,3.182
Begonia hirtella,Autochor,5,0.49,2.927
Callisthene microphylla,Anemochor,4,4.094,5.667
Agave colimana,Anemochor,3,6.768,4.826
Stryphnodendron coriaceum,Autochor,9,-0.123,5.026
Aechmea blumenavii,Autochor,12,9.086,2.968
Rubus swinhoei,Zoochor,4,2.32,2.87
Polystichum distans,Anemochor,2,9.113,4.236
Tibouchina fraterna,Autochor,4,10.366,5.995
Rubus vigoi,Zoochor,7,0.599,1.905
Calathea ursina,Zoochor,10,0.546,5.577
Vicia setifolia,Autochor,8,10.393,3.072
Atractantha falcata,Autochor,10,0.976,4.447
Randia rhagocarpa,Zoochor,12,0.161,6.416
Rensonia salvadorica,Anemochor,12,1.323,4.793
Artemisia biennis,Anemochor,3,1.831,0.385
Nuphar lutea,Autochor,11,-2.857,0.271
Serjania fuscifolia,Anemochor,4,7.781,5.928
Eucalyptus placita,Anemochor,11,0.364,3.24
Conyza laevigata,Anemochor,3,9.196,5.565
Senecio coronatus,Anemochor,14,1.053,3.276
Salix eastwoodiae,Anemochor,4,1.363,0.054
Carex styloflexa,Autochor,12,6.494,4.377
Elachyptera festiva,Anemochor,10,2.507,4.979
Condalia buxifolia,Zoochor,6,7.601,3.627
Secamone toxocarpoides,Anemochor,13,2.622,2.437
Trichomanes curtii,Anemochor,3,3.388,5.287
Gaylussacia angustifolia,Autochor,7,3.084,4.672
Coussapoa nitida,Zoochor,10,-4.0,6.083
Allium bidentatum,Anemochor,16,2.01,-2.836
Lithospermum parksii,Anemochor,1,2.366,4.185
Rubus epipsilos,Zoochor,14,1.804,3.72
Neonicholsonia watsonii,Zoochor,15,1.81,3.482
Sabatia campestris,Anemochor,12,10.074,8.216
Koenigia delicatula,Autochor,15,-3.617,1.791
Nemesia karroensis,Anemochor,1,-1.174,3.526
Nepeta latifolia,Zoochor,3,0.723,2.457
Pectocarya pusilla,Hemerochor,9,0.08,2.66
Vaccinium oxycoccos,Zoochor,8,-3.456,-4.337
Catopsis juncifolia,Anemochor,1,-5.223,5.164
Launaea lanifera,Anemochor,7,0.271,2.794
Chrysosplenium echinus,Autochor,3,2.321,1.465
Delphinium cardinale,Anemochor,2,7.233,3.001
Phaseolus augusti,Zoochor,7,9.666,3.891
Caryota rumphiana,Zoochor,13,-4.073,3.255
Echeveria mucronata,Anemochor,1,0.588,3.155
Gnidia strigillosa,Zoochor,4,1.183,3.436
Valeriana arizonica,Anemochor,2,-0.259,1.756
Melampodium cupulatum,Zoochor,8,0.724,4.991
Adenophyllum glandulosum,Anemochor,2,-0.886,3.679
Rhodocolea compressa,Anemochor,13,1.265,3.25
Spirodela polyrhiza,Autochor,11,-2.452,-1.309
Tamarix gallica,Anemochor,7,2.18,3.706
Matelea lanceolata,Anemochor,7,2.756,5.678
Cissus barteri,Autochor,8,4.635,6.611
Moltkiopsis ciliata,Autochor,16,4.334,4.859
Antennaria howellii,Anemochor,13,0.954,4.448
Tococa ciliata,Zoochor,2,-26.145,7.011
Exocarya sclerioides,Autochor,8,2.486,3.457
Lupinus angustiflorus,Autochor,1,-2.624,1.941
Diplacus puniceus,Anemochor,13,2.071,2.812
Persoonia nutans,Zoochor,12,1.214,2.981
Ivesia tweedyi,Zoochor,8,2.456,-6.288
Alphitonia incana,Autochor,5,-2.595,3.584
Tetraclinis articulata,Anemochor,15,1.366,3.021
Cyphostemma gigantophyllum,Zoochor,5,-1.832,4.985
Triflorensia cameronii,Autochor,3,5.437,3.135
Taraxacum platycarpum,Anemochor,13,4.313,2.629
Centrosema virginianum,Autochor,11,5.493,5.133
Lindera triloba,Zoochor,14,5.426,2.087
Ipomoea reticulata,Autochor,4,9.98,8.051
Peucedanum oreoselinum,Autochor,4,-3.326,2.968
Heterostemma brownii,Anemochor,9,0.392,2.658
Buchenavia grandis,Zoochor,13,-1.571,5.001
Solanum flaccidum,Autochor,10,-0.219,3.225
Persoonia procumbens,Zoochor,15,-0.87,2.778
Pitcairnia caricifolia,Anemochor,3,1.629,8.151
Pediomelum rhombifolium,Autochor,3,5.872,4.949
Felicia hyssopifolia,Anemochor,2,0.64,3.361
Jacquemontia bracteosa,Autochor,13,0.133,3.18
Carex glacialis,Autochor,11,-6.275,-7.854
Salvia cinnabarina,Autochor,7,2.783,3.482
Miconia longibracteata,Zoochor,13,2.795,3.166
Gorteria diffusa,Autochor,3,1.584,3.649
Cornus capitata,Zoochor,14,3.664,2.431
Eriogonum intricatum,Anemochor,8,0.154,5.664
Marsilea macropoda,Zoochor,7,3.428,5.062
Ouratea parvifolia,Zoochor,8,5.454,5.674
Warneckea sapinii,Zoochor,15,-1.055,4.939
Leptosiphon latisectus,Autochor,5,3.063,2.499
Eriostemon australasius,Autochor,8,4.737,3.787
Carex retrorsa,Autochor,4,-1.626,-1.848
Calystegia pellita,Autochor,4,-1.245,-6.273
Fraxinus apertisquamifera,Anemochor,13,11.533,2.296
Setaria vatkeana,Autochor,5,0.219,3.918
Leonia glycycarpa,Zoochor,7,0.406,7.138
Agave striata,Anemochor,16,3.555,3.779
Acalypha langiana,Autochor,5,3.174,2.972
Baccharis megapotamica,Anemochor,4,4.842,4.224
Mabea pulcherrima,Zoochor,11,-3.065,6.619
Erica placentiflora,Autochor,16,3.313,3.504
Citharexylum macrochlamys,Zoochor,4,1.7,7.08
Croton betaceus,Autochor,7,3.566,5.37
Syzygium arenitense,Zoochor,2,-3.766,6.728
Goeppertia sellowii,Zoochor,14,3.041,4.585
Sporobolus albicans,Autochor,6,0.989,4.354
Crepis jacquinii,Anemochor,3,4.353,0.251
Mabea elegans,Zoochor,1,4.142,6.264
Zygophyllum dregeanum,Zoochor,8,2.043,5.767
Hyalochlamys globifera,Anemochor,2,0.779,5.806
Hoffmannia conzattii,Zoochor,1,-0.922,3.671
Orobanche ballotae,Anemochor,2,3.307,2.318
Selaginella anceps,Chamaechor,7,1.308,6.231
Karelinia caspia,Anemochor,3,4.395,3.058
Begonia poculifera,Autochor,1,-1.052,5.039
Carex densa,Autochor,6,0.614,2.554
Delphinium chamissonis,Anemochor,16,-5.301,-11.454
Anthurium vittariifolium,Zoochor,2,1.555,6.247
Diphysa minutifolia,Chamaechor,8,3.834,6.267
Vernonanthura petiolaris,Anemochor,8,2.138,3.741
Lessingianthus asteriflorus,Anemochor,2,5.321,4.563
Viola beckwithii,Zoochor,8,1.676,0.556
Castilleja ambigua,Anemochor,8,-0.925,1.654
Carex aestivalis,Autochor,1,1.132,1.889
Brownea multijuga,Zoochor,11,-2.535,4.158
Girgensohnia oppositiflora,Anemochor,10,2.976,3.206
Crataegus irrasa,Zoochor,6,-0.184,1.123
Eriogonum giganteum,Anemochor,11,3.693,3.23
Fimbristylis dipsacea,Anemochor,14,1.384,4.026
Byttneria jaculifolia,Autochor,4,6.299,6.672
Solanum tenuipes,Autochor,12,2.439,3.184
Licania laxiflora,Zoochor,5,-2.367,5.323
Eremophila reticulata,Zoochor,9,1.578,4.749
Ehretia dicksonii,Zoochor,9,3.306,2.841
Elaeocarpus coorangooloo,Zoochor,5,1.449,2.979
Peixotoa tomentosa,Anemochor,5,1.045,3.836
Andira carvalhoi,Zoochor,10,3.57,3.738
Xanthorrhoea australis,Zoochor,5,-1.05,3.669
Gonocarpus elatus,Zoochor,5,-0.358,4.036
Oenothera pubescens,Autochor,7,-0.113,2.713
Aeollanthus repens,Autochor,3,-0.717,3.744
Turnera grandidentata,Autochor,4,13.719,7.311
Disterigma stereophyllum,Autochor,9,-4.971,3.131
Eremanthus goyazensis,Anemochor,4,7.051,6.597
Palicourea corymbifera,Zoochor,3,9.599,8.209
Digitaria leucites,Autochor,15,2.738,3.908
Delphinium peregrinum,Anemochor,16,3.26,2.533
Citharexylum myrianthum,Zoochor,13,0.289,3.949
Jacquemontia gracillima,Autochor,6,2.645,5.015
Alisma plantago-aquatica,Autochor,15,-1.626,3.247
Oxalis acetosella,Autochor,4,-3.722,0.537
Trichilia stipitata,Zoochor,3,-17.239,8.638
Uapaca ferruginea,Zoochor,4,-8.871,4.472
Senecio hochstetteri,Anemochor,3,-1.327,3.81
Rhynchospora gracilenta,Autochor,13,0.727,5.29
Oenothera howardii,Autochor,4,0.912,0.236
Guadua weberbaueri,Autochor,13,-1.001,5.342
Callistemon pinifolius,Anemochor,3,1.149,3.237
Brunfelsia guianensis,Autochor,8,-2.137,6.991
Senecio angustifolius,Anemochor,9,-0.776,3.091
Condalia fasciculata,Zoochor,16,1.516,3.457
Gronovia scandens,Zoochor,8,1.058,5.466
Pomaderris queenslandica,Zoochor,8,1.072,3.565
Nepeta densiflora,Zoochor,4,2.277,-2.17
Funastrum arenarium,Autochor,4,3.679,6.345
Capsicum lanceolatum,Zoochor,9,0.646,3.666
Iresine heterophylla,Anemochor,10,2.117,3.358
Bactris ferruginea,Zoochor,15,1.01,4.616
Tephrosia egregia,Autochor,2,7.433,4.427
Bignonia binata,Anemochor,1,3.86,5.027
Vriesea rubra,Anemochor,1,-2.291,4.176
Polygala cruciata,Autochor,8,6.896,5.078
Rourea puberula,Zoochor,14,0.867,5.551
Quercus austrina,Zoochor,6,5.505,5.999
Chusquea oligophylla,Anemochor,1,1.093,2.926
Geissorhiza confusa,Autochor,6,5.573,3.125
Ocellochloa gardneri,Autochor,2,0.386,3.596
Leucospermum cuneiforme,Anemochor,5,-1.316,3.008
Eriachne schultziana,Zoochor,14,-2.75,5.809
Emmenanthe penduliflora,Anemochor,14,1.77,2.321
Erythroxylum tenue,Zoochor,1,-8.378,4.972
Urtica incisa,Zoochor,4,-1.102,3.493
Cryptantha gracilis,Zoochor,1,0.696,1.809
Gastrolobium venulosum,Anemochor,1,-2.261,5.728
Cuscuta epithymum,Autochor,3,-1.712,2.728
Escallonia alpina,Anemochor,10,-1.618,3.598
Byttneria urticifolia,Autochor,12,3.263,5.555
Eupomatia laurina,Zoochor,16,1.901,3.381
Polygala linoides,Autochor,5,0.596,5.036
Bowlesia lobata,Zoochor,14,-1.721,3.165
Craterocapsa congesta,Anemochor,2,-0.237,2.812
Piper tenuilimbum,Zoochor,11,-6.503,4.913
Clidemia bernardii,Anemochor,12,-14.717,5.406
Funtumia africana,Anemochor,11,0.814,5.544
Selaginella cinerascens,Chamaechor,1,3.389,3.291
Clematis simensis,Anemochor,7,-5.744,3.54
Lepyrodia heleocharoides,Autochor,5,-3.455,4.717
Muhlenbergia implicata,Zoochor,13,-1.352,2.84
Melicope ternata,Autochor,5,-2.48,5.724
Solanum nigricans,Zoochor,13,1.411,2.913
Seemannaralia gerrardii,Zoochor,11,-1.626,3.004
Sasamorpha borealis,Anemochor,14,1.874,2.234
Solanum seaforthianum,Autochor,4,0.677,5.135
Mirabilis ovata,Zoochor,7,3.566,3.312
Gnidia oppositifolia,Zoochor,5,-1.667,3.084
Hortia oreadica,Zoochor,14,3.097,4.966
Nephrolepis arida,Anemochor,15,1.994,5.3
Astragalus leptaleus,Nautochor,5,1.056,1.537
Eucnide hirta,Zoochor,12,-5.246,4.11
Schoenoplectiella smithii,Zoochor,13,0.707,4.776
Sigmoidotropis speciosa,Autochor,7,1.486,4.2
Trimenia moorei,Autochor,7,-0.278,2.858
Pteronia viscosa,Anemochor,7,4.028,3.838
Schoenus melanostachys,Autochor,11,-1.471,2.989
Taraxacum intermedium,Anemochor,14,-2.098,6.401
Opercularia hispidula,Zoochor,15,-1.477,5.116
Cirsium vlassovianum,Zoochor,10,1.634,-0.698
Paronychia capitata,Autochor,1,1.619,2.836
Hydrochorea marginata,Autochor,5,-3.913,5.64
Stenospermation ulei,Zoochor,6,4.59,3.522
Facelis retusa,Anemochor,11,1.48,4.775
Centaurea nigrescens,Autochor,10,1.83,2.996
Loranthus europaeus,Zoochor,5,0.776,2.818
Dianthus arenarius,Hemerochor,15,-2.532,2.994
Gilia minor,Autochor,14,2.045,2.192
Glycyrrhiza lepidota,Autochor,13,0.348,4.682
Sanicula hacquetioides,Zoochor,11,2.222,1.091
Gentianella austriaca,Anemochor,13,1.489,3.066
Anticharis glandulosa,Zoochor,7,5.86,4.981
Oxypetalum humile,Anemochor,1,4.468,5.518
Senecio ilicifolius,Anemochor,6,-1.731,3.101
Galinsoga quadriradiata,Zoochor,16,0.467,3.264
Cheiloclinium obtusum,Zoochor,9,0.691,4.73
Baccharis riograndensis,Anemochor,8,3.415,4.266
Orthrosanthus polystachyus,Autochor,3,-1.911,3.759
Marsypianthes montana,Autochor,7,9.267,5.932
Prosopis tamaulipana,Zoochor,1,0.002,4.967
Taraxacum acutangulum,Anemochor,6,-2.106,4.722
Thalictrum venulosum,Anemochor,10,0.022,1.092
Puschkinia scilloides,Hemerochor,3,-0.519,0.11
Rhododendron semibarbatum,Anemochor,3,4.207,1.306
Rubus gracilis,Zoochor,14,-0.688,4.67
Marina procumbens,Anemochor,14,0.779,3.275
Sabia discolor,Zoochor,11,4.137,2.368
Philotheca brucei,Autochor,12,2.632,5.921
Calliandra blanchetii,Autochor,6,-0.654,3.271
Rhododendron simiarum,Anemochor,1,4.979,2.489
Micraira adamsii,Anemochor,15,-4.355,6.728
Astragalus laxmannii,Nautochor,12,0.682,-3.455
Jacaranda obtusifolia,Anemochor,8,8.656,7.726
Orobanche ramosa,Hemerochor,1,1.23,2.873
Clutia pulchella,Autochor,16,1.409,3.608
Psychotria succulenta,Zoochor,8,5.009,5.982
Tibouchina noblickii,Autochor,16,-0.136,4.082
Pomaderris graniticola,Zoochor,16,-0.025,3.184
Cardamine penduliflora,Autochor,14,-0.118,2.703
Antizoma angustifolia,Zoochor,8,1.172,5.523
Ticodendron incognitum,Anemochor,11,-2.564,3.542
Goodenia lobata,Zoochor,3,8.58,6.428
Lonchocarpus heptaphyllus,Autochor,11,2.686,5.275
Vismia glabra,Zoochor,5,0.152,5.352
Oxalis semiloba,Autochor,16,0.547,3.796
Dyschoriste linearis,Autochor,7,4.837,4.488
Wilbrandia verticillata,Zoochor,16,2.771,3.722
Ranunculus aduncus,Zoochor,14,5.968,2.898
Gomphrena meyeniana,Autochor,15,6.012,4.609
Osmorhiza berteroi,Zoochor,3,-0.563,-0.351
Myrsine balansae,Zoochor,11,0.777,4.069
Eucalyptus squamosa,Anemochor,16,2.323,2.995
Oxytropis kobukensis,Zoochor,16,-7.206,-11.631
Silene borysthenica,Anemochor,1,-1.354,0.845
Angostura longiflora,Anemochor,16,9.056,7.116
Cryptocarya meisneriana,Zoochor,7,-1.698,2.893
Buxus citrifolia,Zoochor,4,1.166,6.172
Passiflora variolata,Zoochor,2,-3.059,6.598
Vellozia minima,Autochor,1,-26.181,2.972
Deeringia amaranthoides,Zoochor,8,1.937,4.237
Chamaemelum nobile,Anemochor,8,0.796,2.763
Codonopsis subscaposa,Anemochor,11,5.416,2.791
Bathysa australis,Autochor,9,0.587,2.743
Penstemon arkansanus,Anemochor,4,5.993,4.611
Ranunculus graniticola,Zoochor,2,-1.24,2.696
Ocotea splendens,Zoochor,2,-4.905,6.818
Hoya australis,Anemochor,15,1.339,4.089
Rudgea colombiana,Zoochor,1,-1.498,3.796
Erigeron gracilis,Anemochor,15,0.659,-0.794
Dalea pectinata,Anemochor,7,0.697,3.078
Oxalis obtusa,Autochor,12,1.916,3.105
Parthenium ligulatum,Hemerochor,12,2.299,-0.863
Sclerolaena convexula,Zoochor,6,5.007,5.672
Graffenrieda gracilis,Anemochor,16,-3.342,4.289
Clidemia clandestina,Anemochor,16,-3.0,3.959
Eleocharis mutata,Autochor,14,-1.047,4.921
Castilleja rhexiifolia,Anemochor,8,-0.227,-2.159
Acalypha infesta,Autochor,5,0.993,3.753
Achnatherum perplexum,Zoochor,4,-1.196,1.16
Bistorta vivipara,Autochor,15,-3.067,-3.648
Qualea lineata,Anemochor,4,-4.414,6.176
Trifolium monanthum,Zoochor,9,-0.346,2.459
Corylus cornuta,Zoochor,10,0.07,3.615
Phyllanthus lamprophyllus,Autochor,3,1.376,4.588
Baloghia inophylla,Autochor,8,0.239,3.381
Maesobotrya klaineana,Zoochor,13,0.301,3.628
Monotropa uniflora,Anemochor,3,-1.289,0.701
Grindelia stricta,Anemochor,12,0.214,2.247
Grevillea muelleri,Autochor,7,-2.263,5.061
Solidago californica,Anemochor,14,3.765,2.465
Astragalus cicer,Nautochor,4,-1.832,2.491
Combretum edwardsii,Anemochor,10,0.863,2.904
Ipomoea chiliantha,Autochor,8,26.688,8.224
Niphidium rufosquamatum,Anemochor,10,-0.147,3.691
Styphelia exserta,Zoochor,13,-3.037,5.722
Arthraxon prionodes,Anemochor,15,4.983,2.86
Plantago hookeriana,Zoochor,13,1.617,3.292
Dischistocalyx grandifolius,Nautochor,3,5.687,7.165
Eucalyptus ordiana,Anemochor,13,0.901,4.525
Centrosema vexillatum,Autochor,12,4.301,6.25
Oenanthe linearis,Autochor,14,3.365,2.751
Protium montanum,Zoochor,14,-1.849,3.57
Critonia sexangularis,Anemochor,16,14.34,3.646
Peperomia alpina,Zoochor,3,11.217,4.149
Anthurium paraguayense,Zoochor,4,24.587,7.282
Gaillardia turneri,Hemerochor,16,-0.11,3.109
Catha edulis,Zoochor,12,-0.743,3.867
Schoenus nigricans,Autochor,1,0.463,3.869
Salix cathayana,Anemochor,13,4.97,2.377
Newbouldia laevis,Anemochor,15,-1.113,5.668
Schoenus variicellae,Autochor,11,0.666,5.758
Ambrosia artemisiifolia,Hemerochor,10,0.786,4.481
Gentianella bellidifolia,Anemochor,11,-3.009,4.959
Chamaecrista langsdorffii,Autochor,12,4.785,5.826
Glandularia thymoides,Anemochor,2,2.902,4.667
Salvia officinalis,Autochor,2,1.009,2.507
Aspidonepsis diploglossa,Anemochor,4,0.966,2.915
Ipomoea carnea,Autochor,5,1.908,4.726
Campanula aparinoides,Anemochor,5,-0.056,3.817
Symplocos laxiflora,Zoochor,1,-0.078,3.727
Isertia coccinea,Zoochor,12,8.694,7.425
Stylisma humistrata,Autochor,1,3.792,5.446
Streblus dimepate,Zoochor,16,-5.46,3.653
Eremophila clarkei,Zoochor,12,4.428,6.09
Miconia abbreviata,Zoochor,16,-0.885,6.579
Ornithogalum hispidum,Anemochor,5,1.571,2.774
Dilobeia thouarsii,Autochor,8,-9.027,3.603
Knautia nevadensis,Zoochor,6,0.368,2.235
Ranunculus pentandrus,Anemochor,5,2.555,5.375
Tephrosia diversifolia,Autochor,4,3.565,4.69
Saurauia polyneura,Zoochor,4,20.524,2.18
Anthurium spathiphyllum,Zoochor,11,-8.259,4.628
Clidemia globuliflora,Anemochor,5,-5.101,2.944
Jacquemontia densiflora,Autochor,10,3.033,4.837
Delphinium laxiflorum,Anemochor,2,0.168,-2.132
Acacia laricina,Zoochor,2,-0.724,5.726
Kunzea bracteolata,Zoochor,4,1.362,2.604
Arytera bifoliolata,Zoochor,5,-1.631,4.513
Gomphrena demissa,Autochor,12,0.408,4.77
Ellisia nyctelea,Anemochor,2,1.192,3.156
Eucalyptus cladocalyx,Anemochor,9,-2.155,5.061
Calliandra tweedii,Autochor,4,5.093,4.551
Liabum stipulatum,Zoochor,2,-1.832,3.504
Mimosa caesalpiniifolia,Autochor,9,0.123,4.35
Cyclopeltis novoguineensis,Anemochor,7,-13.664,4.585
Tripogon chinensis,Anemochor,4,7.314,1.693
Ophiopogon intermedius,Zoochor,6,3.831,2.488
Baccharis elliptica,Anemochor,16,11.075,4.831
Clinopodium douglasii,Zoochor,3,-0.794,2.111
Symphyopappus cuneatus,Anemochor,7,5.608,4.578
Amaranthus muricatus,Zoochor,2,5.286,4.914
Dicranolepis disticha,Zoochor,9,0.071,4.666
Ficus ypsilophlebia,Zoochor,3,3.754,6.866
Hieracium crepidispermum,Zoochor,1,-1.166,2.901
Anthosachne rectiseta,Anemochor,14,-0.141,3.937
Robinsonella samaricarpa,Anemochor,4,10.26,6.328
Guatteria anomala,Zoochor,12,-4.275,5.327
Erythrochiton fallax,Anemochor,14,7.722,5.288
Scleria spiciformis,Autochor,11,4.326,5.898
Iresine diffusa,Anemochor,5,1.228,3.463
Lysiana exocarpi,Zoochor,9,-0.114,5.115
Regelia inops,Zoochor,5,-1.632,5.626
Digitalis purpurea,Hemerochor,3,0.511,2.085
Sedum leibergii,Anemochor,13,0.482,2.485
Trichilia mazanensis,Zoochor,10,-3.164,5.414
Rhododendron aganniphum,Anemochor,4,-1.869,-0.337
Ocotea acutifolia,Zoochor,9,0.112,4.726
Amphibolia laevis,Zoochor,15,2.579,3.763
Persea alba,Zoochor,10,0.597,3.252
Passiflora glandulosa,Zoochor,1,0.34,5.611
Alchemilla murbeckiana,Autochor,10,-1.098,2.312
Erica eremioides,Autochor,13,1.479,2.786
Fimbristylis argillicola,Anemochor,9,-0.977,2.892
Botrychium montanum,Chamaechor,8,-0.292,-0.925
Cecropia litoralis,Zoochor,15,-7.877,4.33
Codonanthopsis uleana,Anemochor,16,1.442,5.206
Sinningia allagophylla,Anemochor,16,2.988,4.315
Allocasuarina diminuta,Anemochor,8,2.355,3.355
Euryops empetrifolius,Anemochor,3,4.065,3.581
Corrigiola telephiifolia,Autochor,6,0.672,2.775
Endlicheria griseosericea,Zoochor,8,12.758,4.093
Canna flaccida,Zoochor,16,6.163,5.275
Schwartzia adamantium,Zoochor,8,0.384,4.945
Mitrasacme glaucescens,Anemochor,4,-1.326,8.675
Ocotea tristis,Zoochor,1,1.331,3.242
Aira cupaniana,Zoochor,2,1.846,2.944
Pseudognaphalium beneolens,Anemochor,7,2.243,2.41
Myriopus paniculatus,Zoochor,12,2.911,4.949
Nerisyrenia incana,Anemochor,11,7.113,3.996
Trachyphrynium braunianum,Zoochor,10,1.595,5.6
Carlowrightia pectinata,Autochor,11,-1.778,4.133
Ochrosia moorei,Hemerochor,1,-2.391,3.842
Epilobium strictum,Anemochor,3,-1.626,1.634
Goodenia varia,Zoochor,5,-1.356,5.492
Thysanotus chinensis,Zoochor,14,0.933,5.396
Grewia barteri,Autochor,1,-2.194,5.673
Myosotis caespitosa,Zoochor,1,-0.927,4.278
Annona paludosa,Zoochor,14,1.195,5.689
Scolopia orientalis,Zoochor,9,-2.304,3.639
Senegalia loretensis,Autochor,7,6.681,6.136
Verbesina myriocephala,Autochor,12,2.436,5.61
Bromus madritensis,Zoochor,2,1.826,2.729
Caulophyllum giganteum,Zoochor,12,-1.872,2.311
Rumex nivalis,Anemochor,9,-0.696,3.187
Conostylis festucacea,Autochor,1,-1.276,5.282
Clidemia heptamera,Anemochor,6,-2.604,4.518
Chamaedorea dammeriana,Zoochor,13,-1.087,2.78
Aphanostephus ramosissimus,Anemochor,1,2.335,3.957
Codonopsis bulleyana,Anemochor,15,5.391,3.864
Digitaria californica,Autochor,1,2.292,3.502
Sphaeralcea fulva,Anemochor,9,-0.505,3.623
Elaeodendron xylocarpum,Anemochor,8,4.593,5.233
Ocimum selloi,Autochor,15,2.911,4.668
Heisteria duckei,Zoochor,8,-3.713,7.866
Cryptanthus dianae,Zoochor,7,-3.399,4.908
Fischeria panamensis,Anemochor,14,-0.905,3.161
Orobanche canescens,Anemochor,3,2.896,2.999
Taraxacum glaucinum,Anemochor,9,-1.253,5.536
Baloskion tetraphyllum,Autochor,7,-2.34,4.17
Stachys plumosa,Autochor,5,3.176,2.196
Juniperus ashei,Zoochor,4,6.994,6.046
Fosterella micrantha,Anemochor,14,2.411,3.94
Piper ellipticolanceolatum,Zoochor,4,4.782,4.858
Peperomia pseudoestrellensis,Zoochor,4,3.769,3.847
Allenrolfea occidentalis,Autochor,6,1.252,2.816
Cyclospermum leptophyllum,Anemochor,12,6.476,4.685
Pelargonium auritum,Anemochor,5,0.192,3.337
Astrantia major,Anemochor,16,1.032,1.804
Tetrathylacium macrophyllum,Zoochor,8,0.315,7.064
Trichostema purpusii,Anemochor,9,-1.845,3.0
Darwinia fascicularis,Zoochor,14,1.189,3.326
Anisomeles indica,Hemerochor,8,8.527,5.17
Ludwigia linifolia,Autochor,1,4.633,6.229
Byrsonima cacaophila,Zoochor,10,1.525,3.771
Gaertnera bieleri,Zoochor,12,-1.885,5.39
Xanthosoma conspurcatum,Zoochor,7,-2.424,6.242
Sticherus truncatus,Anemochor,5,1.623,3.521
Geranium yeoi,Autochor,11,-1.851,3.589
Eleocharis caespitosissima,Autochor,6,1.48,6.091
Mascagnia cordifolia,Anemochor,1,3.295,5.148
Cistanthe ambigua,Anemochor,6,-5.026,3.042
Sloanea pubescens,Zoochor,2,-5.963,6.064
Cosmos caudatus,Zoochor,6,1.443,4.65
Conchocarpus pentandrus,Autochor,3,6.428,5.551
Senna herzogii,Zoochor,16,13.489,7.13
Eremanthus erythropappus,Anemochor,10,0.321,2.859
Cissus serrulatifolia,Autochor,9,2.26,2.553
Psychotria sonocorova,Zoochor,2,1.048,3.429
Potamogeton epihydrus,Zoochor,14,0.428,1.231
Cryptocarya aschersoniana,Zoochor,5,0.374,3.481
Corymbium cymosum,Anemochor,3,3.201,4.63
Galium proliferum,Zoochor,14,1.517,2.662
Amsonia ciliata,Anemochor,12,8.132,5.72
Myroxylon peruiferum,Anemochor,5,0.815,4.013
Rinorea longipes,Autochor,16,-2.186,3.8
Loeseliastrum schottii,Autochor,4,-0.34,3.33
Monopyle flava,Autochor,5,2.987,4.478
Synaphea recurva,Autochor,1,-2.873,5.74
Matisia glandifera,Autochor,12,-12.246,5.896
Xylopia bocatorena,Zoochor,10,16.518,2.986
Drymonia coriacea,Anemochor,14,-2.367,3.807
Leptinella longipes,Anemochor,12,-0.877,4.127
Hypericum lorentzianum,Zoochor,4,6.157,5.427
Brocchinia tatei,Anemochor,3,1.618,4.993
Astragalus platytropis,Nautochor,13,-0.3,2.378
Couepia bracteosa,Zoochor,10,0.737,5.893
Potentilla glandulosa,Zoochor,7,1.566,0.375
Boronia rigens,Autochor,6,2.456,2.909
Bactris constanciae,Zoochor,11,-0.047,6.047
Glandularia teucriifolia,Anemochor,3,17.332,3.24
Paullinia spicata,Anemochor,15,5.607,6.362
Lophiocarpus polystachyus,Autochor,4,3.048,5.804
Draba stenocarpa,Anemochor,3,4.63,-0.693
Kadsura japonica,Nautochor,8,1.828,2.481
Protea aurea,Anemochor,14,0.017,3.841
Lathyrus ochroleucus,Autochor,4,-1.703,-3.013
Pentzia incana,Anemochor,4,3.224,4.391
Davidia involucrata,Zoochor,10,3.461,2.227
Salmea palmeri,Anemochor,2,2.114,3.364
Senecio leptolobus,Anemochor,16,3.07,4.352
Arisaema lobatum,Zoochor,1,2.062,2.249
Combretum rotundifolium,Anemochor,13,-2.613,5.062
Ocotea betazensis,Zoochor,1,8.924,3.296
Crumenaria polygaloides,Zoochor,15,2.169,4.489
Lippia dumetorum,Autochor,14,3.308,5.506
Tetrapterys microphylla,Anemochor,9,0.311,2.67
Heteranthera peduncularis,Autochor,14,-0.644,3.159
Drosera pulchella,Autochor,9,-2.852,5.164
Hypenia calycina,Autochor,11,-2.923,4.696
Chaetocalyx brasiliensis,Zoochor,15,3.413,5.826
Eleutherococcus leucorrhizus,Zoochor,7,3.302,2.023
Acacia mangium,Zoochor,7,-5.021,4.953
Aristida dichotoma,Anemochor,1,1.675,4.464
Trichilia schomburgkii,Zoochor,4,6.191,8.701
Grevillea sessilis,Autochor,6,0.958,4.322
Galium pseudorivale,Zoochor,1,-0.223,0.837
Hieracium scabrum,Zoochor,10,-0.297,2.99
Ptilotus divaricatus,Anemochor,7,5.651,6.711
Zornia macdonaldii,Autochor,4,-0.064,5.353
Linaria bipunctata,Anemochor,13,0.594,3.283
Aristolochia anguicida,Autochor,15,5.305,4.084
Mimosa campicola,Autochor,12,8.484,3.646
Dryas drummondii,Anemochor,7,-2.983,-6.158
Salsola webbii,Nautochor,12,1.528,3.729
Arenaria fendleri,Anemochor,13,0.464,2.511
Eurybia paludosa,Anemochor,13,1.022,5.529
Cojoba haematoloba,Zoochor,13,2.717,2.81
Goodenia scaevolina,Zoochor,11,2.654,6.085
Bidens laevis,Zoochor,1,2.6,4.362
Lobostemon trigonus,Anemochor,5,-0.478,3.302
Palicourea stipularis,Zoochor,6,14.501,3.322
Gentianella patula,Anemochor,1,-2.939,4.876
Porophyllum bahiense,Anemochor,8,-4.047,3.711
Dianthus floribundus,Anemochor,5,1.498,4.057
Carex maritima,Autochor,4,-11.902,-15.209
Alyxia leucogyne,Zoochor,15,1.727,3.168
Abies balsamea,Anemochor,8,0.136,0.063
Valeriana salicariifolia,Anemochor,9,-1.365,3.61
Piper amapense,Zoochor,15,1.443,6.343
Ficus mollior,Zoochor,11,-6.651,3.872
Senna galegifolia,Autochor,9,0.562,3.547
Miconia hookeriana,Zoochor,3,-19.308,4.859
Parthenium hysterophorus,Hemerochor,8,8.345,5.674
Cephalaria pungens,Hemerochor,9,-0.895,2.972
Aster satsumensis,Anemochor,12,3.68,2.252
Veronica arvensis,Zoochor,7,-1.42,3.112
Dasyochloa pulchella,Autochor,4,4.388,3.663
Tabernaemontana stapfiana,Zoochor,15,5.49,4.019
Sterculia kayae,Anemochor,16,-16.854,7.068
Cyananthus fasciculatus,Anemochor,8,3.499,1.714
Tragia yucatanensis,Autochor,3,7.683,5.608
Odontocarya echinus,Zoochor,14,5.722,5.274
Symplocos myrtacea,Zoochor,13,3.471,2.358
Glandularia lobata,Anemochor,5,-0.979,3.133
Vriesea inflata,Anemochor,3,19.294,4.354
Bonellia albiflora,Zoochor,4,2.073,7.756
Tribolium obtusifolium,Zoochor,8,1.276,3.308
Halgania andromedifolia,Zoochor,9,-2.115,5.577
Palafoxia callosa,Anemochor,3,6.717,6.839
Conospermum toddii,Autochor,4,8.691,6.186
Vaccinium delavayi,Zoochor,9,4.24,2.671
Avicennia integra,Nautochor,6,-10.289,6.136
Aulonemia amplissima,Autochor,13,-1.383,2.581
Lycium macrodon,Anemochor,7,-4.79,4.236
Moussonia elegans,Autochor,5,0.826,2.933
Margaritopsis astrellantha,Zoochor,15,-4.725,4.165
Rhinanthus alectorolophus,Hemerochor,5,1.685,2.969
Claytonia cordifolia,Ombrochor,15,-0.358,1.187
Senna araucarietorum,Autochor,8,1.075,3.646
Calystegia macounii,Autochor,7,2.345,3.558
Taraxacum disseminatum,Anemochor,3,-3.278,3.525
Eragrostis trichocolea,Autochor,5,-0.334,4.197
Goodenia stelligera,Zoochor,3,1.243,3.999
Cerastium diffusum,Anemochor,3,-1.301,3.112
Pancheria elegans,Anemochor,2,7.48,3.204
Beyeria sulcata,Zoochor,12,0.618,5.666
Peperomia obtusifolia,Zoochor,16,2.73,4.519
Begonia humilis,Anemochor,12,2.109,6.708
Campanula lyrata,Anemochor,1,1.896,2.436
Geonoma poeppigiana,Zoochor,3,-10.832,7.835
Erodiophyllum elderi,Zoochor,3,8.21,5.935
Kunzea sulphurea,Zoochor,13,-3.259,5.283
Leptospermum fastigiatum,Zoochor,13,-1.208,5.619
Mitrasacme micrantha,Anemochor,5,1.974,5.324
Callicarpa kwangtungensis,Zoochor,16,2.966,2.898
Gladiolus aurantiacus,Anemochor,6,-4.001,2.9
Linaria reflexa,Anemochor,6,2.158,3.53
Peraphyllum ramosissimum,Zoochor,2,0.114,1.276
Senna polyphylla,Autochor,9,0.022,4.621
Quiina longifolia,Zoochor,7,-22.779,7.172
Asparagus officinalis,Autochor,9,-0.171,4.737
Searsia natalensis,Zoochor,14,1.248,3.64
Ammoides pusilla,Anemochor,5,1.271,2.985
Conospermum caeruleum,Autochor,3,-2.661,5.643
Symplocos neei,Zoochor,15,14.028,5.002
Pecluma camptophyllaria,Anemochor,11,-6.055,3.312
Bignonia potosina,Anemochor,14,0.229,5.496
Carex foenea,Autochor,12,-1.7,-5.766
Brachylaena huillensis,Anemochor,1,1.063,3.97
Tweedia birostrata,Anemochor,4,0.555,2.004
Dictyanthus parviflorus,Anemochor,8,10.626,4.291
Hieracium crebriserratum,Zoochor,2,-0.907,3.296
Chaerophyllum ramosum,Anemochor,3,-2.854,4.264
Dictyanthus parviflorus,Anemochor,6,6.054,3.362
Ephippiandra madagascariensis,Zoochor,16,-7.91,3.335
Clusia caudata,Zoochor,1,-5.618,3.641
Liriope graminifolia,Zoochor,4,3.471,3.101
Polygala ramosa,Autochor,8,10.444,6.586
Eichhornia paniculata,Autochor,12,0.352,4.798
Hieracium cosmiodontum,Zoochor,16,-1.291,1.569
Asplenium antiquum,Anemochor,15,0.383,2.945
Astrebla lappacea,Anemochor,5,4.281,5.44
Sedum villosum,Autochor,10,1.449,1.639
Darlingia darlingiana,Autochor,8,4.415,3.488
Athyrium skinneri,Anemochor,7,0.875,4.357
Hymenoxys rusbyi,Hemerochor,13,-0.27,2.714
Retiniphyllum kuhlmannii,Autochor,10,3.228,5.878
Cistus parviflorus,Autochor,3,2.929,2.823
Lobelia berlandieri,Zoochor,6,3.347,3.935
Atriplex spinifera,Anemochor,12,2.024,3.499
Zanthoxylum acanthopodium,Zoochor,6,4.397,2.868
Brachyglottis repanda,Anemochor,4,-2.529,4.854
Sideroxylon mascatense,Zoochor,4,2.45,3.8
Blepharis inaequalis,Anemochor,1,-0.429,4.353
Acalypha radians,Autochor,3,5.612,7.637
Senecio hypochoerideus,Anemochor,13,-0.546,2.986
Astragalus crotalariae,Nautochor,9,-1.088,3.039
Elsholtzia argyi,Zoochor,16,2.78,2.38
Allocasuarina luehmannii,Anemochor,12,1.996,4.792
Polycarpaea linearifolia,Anemochor,9,-1.329,5.028
Lythrum bryantii,Autochor,11,2.218,4.471
Exocarya sclerioides,Autochor,15,2.02,3.08
Luehea candicans,Autochor,11,4.014,5.324
Paronychia polygonifolia,Autochor,6,0.059,2.011
Sisyrinchium avenaceum,Autochor,2,1.413,4.518
Parathesis psychotrioides,Zoochor,11,-7.05,5.338
Chenopodium quinoa,Autochor,13,-4.096,3.419
Pellaea wrightiana,Anemochor,4,5.688,2.633
Calytrix verticillata,Zoochor,6,0.12,6.548
Inga sapindoides,Zoochor,14,0.462,4.917
Croton euryphyllus,Autochor,11,4.867,3.898
Dianthus anticarius,Anemochor,16,1.745,2.253
Podistera eastwoodiae,Anemochor,4,2.955,-3.036
Luzula spicata,Autochor,12,-5.578,-4.914
Leucojum aestivum,Autochor,5,1.02,3.795
Tontelea laxiflora,Zoochor,6,-1.87,5.905
Triodanis biflora,Autochor,3,7.298,4.394
Ehretia saligna,Zoochor,7,6.135,6.228
Ischnolepis natalensis,Anemochor,7,0.187,3.541
Trichilia schomburgkii,Zoochor,1,0.083,5.883
Dryas alaskensis,Anemochor,5,0.866,-3.742
Apluda mutica,Zoochor,10,-4.526,3.519
Ouratea salicifolia,Zoochor,1,0.756,4.156
Miconia compressa,Zoochor,4,-6.093,5.564
Anthurium acutangulum,Zoochor,16,-4.869,4.616
Pteris heteroclita,Anemochor,6,-2.04,3.416
Paullinia clavigera,Anemochor,4,16.158,7.984
Dianthus plumarius,Hemerochor,14,1.016,2.356
Tridax procumbens,Zoochor,8,3.481,5.648
Linum tenuifolium,Anemochor,7,1.291,1.903
Leymus innovatus,Autochor,1,-0.587,-2.768
Amicia glandulosa,Autochor,8,13.729,3.962
Daphnopsis megacarpa,Zoochor,5,1.824,4.109
Psacalium radulifolium,Anemochor,16,-5.475,3.439
Isodon ramosissimus,Autochor,8,10.926,4.322
Basananthe triloba,Zoochor,8,-0.887,4.098
Cercocarpus ledifolius,Anemochor,15,-0.318,1.217
Psychotria clivorum,Zoochor,16,-11.418,4.097
Ectrosia schultzii,Autochor,4,10.158,9.252
Dolichopsis paraguariensis,Autochor,7,15.739,6.973
Acalypha microphylla,Autochor,8,-2.338,5.1
Lonicera subspicata,Zoochor,8,3.892,2.841
Cryptocarya bellendenkerana,Zoochor,6,18.438,2.913
Desmodium alamanii,Zoochor,12,0.773,3.765
Gymnosporia gracilis,Zoochor,10,3.757,5.608
Arum italicum,Zoochor,8,0.931,2.901
Myrcia revolutifolia,Zoochor,6,-10.534,4.938
Tabernaemontana angulata,Zoochor,5,2.525,5.521
Vernonia incana,Anemochor,12,7.299,5.853
Gleichenia alpina,Anemochor,11,-2.543,3.909
Thysanotus teretifolius,Zoochor,11,-2.632,6.063
Rhododendron catawbiense,Anemochor,11,1.791,1.972
Pholistoma membranaceum,Anemochor,13,0.128,2.284
Heteropterys panamensis,Anemochor,15,-5.317,3.889
Bowkeria cymosa,Autochor,11,-1.907,2.996
Triodia racemigera,Anemochor,12,0.596,6.531
Urochloa polyphylla,Autochor,3,-3.119,6.266
Taraxacum maculosum,Anemochor,4,-0.741,2.292
Physocalymma scaberrimum,Anemochor,1,3.626,5.785
Plagiobothrys undulatus,Hemerochor,15,0.891,2.891
Ranunculus amoenoviridis,Zoochor,10,-2.023,4.528
Saussurea pilinophylla,Anemochor,10,2.622,1.167
Pectis oligocephala,Anemochor,14,0.691,4.192
Aristida jubata,Anemochor,14,1.388,4.601
Faramea anisocalyx,Zoochor,5,0.315,5.73
Pediomelum hypogaeum,Autochor,7,2.072,3.081
Prosartes lanuginosa,Autochor,9,0.822,3.301
Guatteria ucayalina,Zoochor,7,-1.823,6.349
Fimbristylis pubisquama,Anemochor,11,-3.828,6.371
Asclepias macropus,Anemochor,16,0.507,3.145
Blakea austin-smithii,Anemochor,9,-0.207,2.923
Sisyrinchium tenuifolium,Autochor,2,-0.158,3.192
Eryngium eurycephalum,Autochor,8,3.659,3.485
Youngia erythrocarpa,Anemochor,7,5.58,3.351
Juncus procerus,Anemochor,12,-1.713,3.841
Dryopteris carthusiana,Anemochor,13,0.097,4.299
Scrophularia lanceolata,Anemochor,15,0.223,2.759
Macrosamanea pubiramea,Autochor,6,-2.625,6.192
Asplenium stoloniferum,Anemochor,6,0.738,3.062
Viola tricolor,Zoochor,12,-2.949,2.954
Eucalyptus arenacea,Anemochor,5,-0.844,5.692
Frankenia salina,Autochor,1,0.194,3.268
Vaccinium leucanthum,Zoochor,3,6.955,3.67
Myrcia mischophylla,Zoochor,16,1.814,3.685
Protium bahianum,Zoochor,12,-3.908,4.844
Pereskia sacharosa,Zoochor,6,12.399,5.858
Clinopodium suaveolens,Zoochor,6,7.019,3.336
Dryopteris sparsa,Anemochor,6,4.141,2.791
Lathyrus pratensis,Zoochor,7,-1.597,2.441
Lellingeria flagellipinnata,Anemochor,4,13.346,4.774
Comanthosphace japonica,Hemerochor,5,-2.548,2.068
Anthurium urvilleanum,Zoochor,1,1.195,2.939
Labichea buettneriana,Nautochor,13,1.189,2.869
Guarea pubescens,Zoochor,13,-1.873,5.007
Euphrasia zelandica,Zoochor,2,-3.03,4.628
Marina gracilis,Anemochor,15,2.924,3.688
Mariosousa willardiana,Autochor,4,5.427,7.108
Arachniodes simulans,Anemochor,5,3.236,2.302
Melicope ternata,Autochor,11,-2.354,5.575
Neopicrorhiza scrophulariiflora,Zoochor,16,5.029,1.685
Gossypium sturtianum,Autochor,6,4.063,5.187
Oenocarpus bacaba,Zoochor,16,5.071,7.05
Ricinocarpos megalocarpus,Zoochor,11,-4.404,5.566
Psidium cauliflorum,Zoochor,9,1.682,3.716
Eriophorum latifolium,Autochor,15,0.685,2.324
Peperomia olivacea,Zoochor,3,-18.516,3.851
Gasteria pillansii,Anemochor,3,6.802,3.364
Verbena perennis,Anemochor,5,0.342,3.104
Watsonia aletroides,Autochor,8,6.793,3.218
Bufonia tenuifolia,Anemochor,10,1.0,2.798
Cocos nucifera,Nautochor,9,-0.205,3.593
Trymalium floribundum,Zoochor,1,-1.665,5.011
Xyris smalliana,Autochor,13,0.511,5.18
Osteospermum microphyllum,Anemochor,3,5.985,5.15
Porlieria microphylla,Zoochor,13,2.42,4.6
Melaleuca densispicata,Anemochor,5,1.352,5.459
Desmocladus elongatus,Autochor,14,-3.315,5.703
Zehneria minutiflora,Zoochor,6,0.215,3.568
Orbea verrucosa,Anemochor,10,-0.879,2.907
Dianthus giganteus,Anemochor,12,3.177,2.133
Geonoma gamiova,Zoochor,11,0.117,3.029
Berberis empetrifolia,Zoochor,13,-1.73,3.821
Impatiens pseudozombensis,Autochor,2,-1.292,3.483
Echinolaena gracilis,Autochor,16,7.018,6.489
Strychnos subcordata,Zoochor,6,-8.824,6.286
Erigeron breviscapus,Anemochor,6,6.159,2.585
Cleome pilosa,Autochor,1,3.599,4.302
Ipomoea aprica,Autochor,12,1.945,4.5
Symonanthus aromaticus,Zoochor,8,0.443,6.041
Terminalia prunioides,Anemochor,1,1.609,5.525
Carex woodii,Autochor,4,-2.727,2.807
Gustavia grandibracteata,Zoochor,4,-5.088,6.057
Solidago wrightii,Anemochor,8,0.655,2.074
Patersonia drummondii,Zoochor,9,-0.817,5.44
Astragalus sanguineus,Nautochor,13,1.636,2.54
Psychotria egensis,Zoochor,9,-0.756,5.406
Cosmibuena grandiflora,Anemochor,13,-1.029,3.337
Tetrapogon tenellus,Autochor,12,3.21,6.333
Carex densa,Autochor,15,0.815,2.557
Salix acutifolia,Anemochor,1,-2.005,2.281
Guettarda sericea,Zoochor,9,0.031,3.231
Grevillea oligomera,Autochor,4,5.459,6.17
Odontites kaliformis,Zoochor,14,1.73,2.585
Xylopia perrieri,Zoochor,13,-0.908,3.334
Downingia yina,Zoochor,7,0.216,1.359
Eucalyptus yumbarrana,Anemochor,6,2.898,5.701
Ericameria martirensis,Anemochor,15,1.156,3.049
Passiflora campanulata,Zoochor,2,5.974,3.368
Phyllanthus salviifolius,Autochor,13,2.419,3.338
Minasia pereirae,Autochor,3,8.435,3.679
Triodanis coloradoensis,Autochor,5,1.114,5.095
Crataegus saligna,Zoochor,9,1.196,1.393
Bidens bicolor,Zoochor,15,1.404,4.398
Handroanthus heptaphyllus,Anemochor,13,0.922,4.55
Froelichia arizonica,Autochor,15,1.439,2.65
Hippolytia dolichophylla,Anemochor,5,2.466,2.051
Monopsis stellarioides,Autochor,16,0.82,3.271
Penstemon arkansanus,Anemochor,11,3.936,4.598
Pharus mezii,Autochor,16,0.23,5.284
Anaxagorea allenii,Autochor,10,4.715,4.499
Aspilia fruticosa,Anemochor,2,-22.453,3.366
Eryngium eriophorum,Autochor,16,0.897,4.013
Angelica canbyi,Autochor,5,1.429,1.961
Ocotea atirrensis,Zoochor,14,1.577,3.122
Diplusodon myrsinites,Autochor,8,1.002,3.891
Calobota angustifolia,Zoochor,16,2.703,3.53
Cryptandra apetala,Zoochor,11,1.1,5.672
Synedrella nodiflora,Zoochor,1,1.421,4.515
Atriplex tampicensis,Anemochor,6,-2.427,6.442
Oenothera arizonica,Autochor,10,-1.297,3.275
Miconia rivetii,Zoochor,3,-1.926,3.523
Ocotea elegans,Zoochor,7,2.552,3.437
Epilobium tetragonum,Zoochor,9,-0.109,4.611
Bacopa monnieri,Autochor,7,3.789,5.652
Centaurea decipiens,Zoochor,11,0.215,2.629
Pleopeltis complanata,Anemochor,9,0.207,2.658
Coussarea paniculata,Anemochor,14,-0.686,5.386
Paederia yunnanensis,Ombrochor,8,6.105,2.562
Phoradendron reichenbachianum,Zoochor,8,9.818,3.585
Randia petenensis,Zoochor,4,-1.292,6.999
Mackaya bella,Autochor,10,0.669,4.13
Myricaria rosea,Autochor,2,0.221,1.671
Vaccinium confertum,Zoochor,6,5.71,3.138
Calamus convallium,Zoochor,12,-1.397,3.75
Manihot salicifolia,Autochor,11,8.549,5.921
Clusia weberbaueri,Zoochor,5,-2.641,3.272
Guatteria macropus,Zoochor,6,3.067,3.941
Anthurium curvispadix,Zoochor,3,0.932,4.766
Cirrhaea dependens,Anemochor,10,0.275,2.992
Syagrus orinocensis,Zoochor,12,-8.219,6.706
Uncaria africana,Nautochor,6,2.151,5.503
Cratoxylum cochinchinense,Nautochor,15,4.036,3.944
Oxyspora paniculata,Zoochor,8,0.664,3.097
Silene fabarioides,Anemochor,3,2.684,1.68
Grevillea triloba,Autochor,15,-0.745,5.85
Meliosma solomonii,Zoochor,3,-4.577,3.223
Chresta harleyi,Anemochor,9,0.533,3.766
Carex amphibola,Autochor,14,0.843,4.378
Elionurus barbiculmis,Anemochor,14,0.256,2.755
Sclerolaena intricata,Anemochor,4,22.858,6.876
Lysimachia atropurpurea,Anemochor,7,2.405,1.935
Bursera chemapodicta,Zoochor,1,-6.903,3.338
Dorstenia schliebenii,Zoochor,11,21.19,3.603
Vochysia emarginata,Anemochor,15,1.427,3.445
Tillandsia asplundii,Anemochor,13,1.261,2.977
Heliconia cordata,Zoochor,13,-2.399,3.139
Miconia chrysoneura,Zoochor,16,16.796,3.609
Muhlenbergia ramulosa,Zoochor,16,-0.576,2.869
Solanum confine,Zoochor,7,-2.627,5.117
Onopordum illyricum,Zoochor,5,1.66,2.949
Brachyloma preissii,Zoochor,9,-1.153,5.398
Chenopodium fremontii,Autochor,12,1.993,1.967
Hippophae neurocarpa,Zoochor,16,-1.557,0.577
Silene tridentata,Anemochor,7,1.105,2.857
Coprosma decurva,Zoochor,12,-2.779,4.26
Eremophila psilocalyx,Zoochor,8,-0.135,5.863
Exhalimolobos weddellii,Hemerochor,13,0.519,4.67
Cryptandra dielsii,Zoochor,1,0.773,5.598
Sabia campanulata,Zoochor,16,3.238,1.93
Selaginella arthritica,Chamaechor,5,-6.046,4.01
Talinum paniculatum,Autochor,3,3.227,4.457
Anacardium humile,Zoochor,10,1.783,4.995
Peperomia trinervula,Zoochor,6,-2.234,4.318
Cardamine obliqua,Autochor,10,-2.635,3.317
Sagittaria pygmaea,Autochor,8,2.342,2.138
Spyridium thymifolium,Zoochor,11,-0.929,4.918
Quercus helferiana,Zoochor,10,2.402,3.948
Ipomoea parasitica,Autochor,8,-2.195,4.48
Ayapana amygdalina,Autochor,9,0.154,4.556
Condalia warnockii,Zoochor,6,1.909,3.193
Coprosma wallii,Zoochor,16,-2.808,4.42
Xyris uleana,Autochor,6,-1.52,5.864
Eragrostis truncata,Autochor,3,2.787,5.527
Saltera sarcocolla,Zoochor,11,-1.19,3.376
Diplopterys nutans,Anemochor,2,2.906,5.656
Crusea diversifolia,Anemochor,7,-1.584,3.107
Schoenus unispiculatus,Autochor,3,-0.106,5.71
Pilosella billyana,Zoochor,3,0.562,1.798
Physalis missouriensis,Zoochor,3,4.237,4.58
Miconia alborufescens,Zoochor,4,4.671,6.387
Crusea longiflora,Anemochor,1,2.906,3.038
Heliconia lasiorachis,Zoochor,9,-5.052,5.464
Alseis eggersii,Anemochor,16,3.767,5.685
Parkia igneiflora,Zoochor,3,-5.173,8.664
Begonia urophylla,Autochor,13,23.861,2.533
Eremophila behriana,Zoochor,2,-1.394,5.47
Lantana horrida,Zoochor,4,13.862,6.241
Ranunculus lobbii,Zoochor,7,5.499,3.052
Heracleum candicans,Autochor,8,10.545,0.039
Faramea cuencana,Zoochor,13,2.957,2.956
Allophylus cobbe,Autochor,1,-3.895,4.031
Axonopus polydactylus,Autochor,8,5.269,6.206
Solidago curtisii,Anemochor,3,0.9,1.534
Pagamea coriacea,Zoochor,14,-5.995,5.873
Osyris alba,Zoochor,11,1.618,2.694
Calyptranthes schiedeana,Zoochor,16,2.611,5.159
Cremastosperma leiophyllum,Zoochor,10,11.124,5.583
Selaginella suavis,Chamaechor,6,2.073,2.948
Thymus membranaceus,Zoochor,12,2.223,2.689
Eremophila forrestii,Zoochor,4,16.959,8.083
Myrcia variabilis,Zoochor,7,3.871,5.486
Epacris glacialis,Anemochor,3,-1.999,3.283
Lupinus caudatus,Autochor,5,0.497,2.008
Sericocarpus linifolius,Anemochor,14,1.727,4.757
Ficus erecta,Zoochor,5,3.356,2.523
Petrophile striata,Autochor,16,-0.065,5.356
Osmolindsaea japonica,Anemochor,3,2.415,2.52
Populus fremontii,Anemochor,9,0.959,2.363
Melicoccus pedicellaris,Zoochor,12,3.577,7.313
Astrotricha hamptonii,Zoochor,16,4.279,5.174
Smilax oblongifolia,Zoochor,12,-0.785,3.453
Nicotiana obtusifolia,Anemochor,16,2.681,3.153
Baccharis conferta,Anemochor,6,-2.518,3.138
Bremeria vestita,Nautochor,1,-2.901,3.077
Ruellia nitens,Autochor,16,0.581,4.25
Ricinus communis,Hemerochor,1,-0.174,4.48
Acosmium cardenasii,Autochor,9,8.352,5.075
Eranthis hyemalis,Zoochor,12,1.113,2.0
Wolffia columbiana,Autochor,13,-0.147,5.156
Asphodelus aestivus,Anemochor,2,1.321,2.749
Sloanea terniflora,Zoochor,11,2.38,6.536
Myrica adenophora,Zoochor,16,4.752,3.827
Plantago bellidioides,Zoochor,9,-2.919,4.613
Uvaria klaineana,Zoochor,6,1.016,4.542
Aristida australis,Anemochor,15,1.737,5.004
Cynomorium coccineum,Zoochor,1,0.362,3.268
Mimosa camporum,Autochor,13,-0.5,4.454
Galium leiocarpum,Zoochor,12,-0.253,3.066
Boscia longifolia,Zoochor,4,9.375,7.411
Ziziphus cotinifolia,Zoochor,7,1.653,4.525
Galium palustre,Autochor,12,-3.276,3.053
Asparagus meioclados,Zoochor,16,4.684,2.262
Melaleuca alternifolia,Anemochor,3,2.704,3.965
Senecio hydrophilus,Anemochor,8,-0.135,-0.563
Gentiana piasezkii,Anemochor,9,2.485,2.417
Pelargonium myrrhifolium,Anemochor,2,0.851,3.137
Parryella filifolia,Zoochor,14,0.364,2.564
Stachystemon axillaris,Zoochor,5,-1.652,5.561
Dracocephalum palmatum,Zoochor,4,-17.87,-17.8
Bulbine minima,Anemochor,5,-0.181,3.975
Coussarea enneantha,Anemochor,3,-3.842,4.753
Drosanthemum praecultum,Ombrochor,8,2.184,2.893
Atriplex patula,Zoochor,15,-1.331,3.988
Liriope muscari,Zoochor,3,3.1,2.144
Besleria selloana,Zoochor,2,0.36,3.423
Gonzalagunia killipii,Autochor,15,-8.842,3.434
Oenothera pilosella,Autochor,10,-0.18,4.027
Rotheca myricoides,Autochor,4,-2.059,4.398
Phoradendron minutifolium,Zoochor,6,-1.991,3.034
Philodendron rudgeanum,Zoochor,1,-0.558,5.569
Aldina heterophylla,Anemochor,4,-24.031,9.182
Serjania crassifolia,Anemochor,16,11.98,5.739
Selaginella peruviana,Chamaechor,11,3.197,3.362
Hexastylis virginica,Zoochor,7,4.516,2.76
Hemizonia fitchii,Anemochor,15,-0.154,3.137
Boronia deanei,Autochor,6,-1.617,2.785
Manihot rhomboidea,Autochor,7,-2.358,3.989
Philodendron colombianum,Zoochor,2,-17.979,5.8
Crepis neglecta,Anemochor,14,1.991,2.458
Columnea florida,Anemochor,5,-0.254,2.871
Vellozia compacta,Autochor,8,-1.671,3.604
Erodiophyllum acanthocephalum,Zoochor,12,2.132,5.782
Microlaena polynoda,Autochor,8,-2.596,4.561
Stevia micradenia,Anemochor,9,0.505,2.926
Hieracium caesiopellitum,Zoochor,5,-0.833,2.872
Salvia laevis,Autochor,15,-2.495,3.052
Rumex hydrolapathum,Autochor,12,-3.147,4.458
Suzukia shikikunensis,Autochor,6,0.627,3.172
Machaerium eriocarpum,Anemochor,8,22.87,7.854
Galphimia angustifolia,Autochor,4,6.158,7.084
Encelia frutescens,Anemochor,1,-0.034,2.725
Freesia laxa,Anemochor,6,-0.174,3.503
Tapinanthus ophiodes,Zoochor,11,-2.769,6.749
Blechnum orientale,Anemochor,7,-4.37,4.577
Calliandra brevicaulis,Autochor,3,9.574,7.055
Campsis radicans,Anemochor,15,2.839,5.084
Drypetes brownii,Autochor,5,-0.321,3.612
Panicum pulchellum,Anemochor,1,4.899,3.611
Lonchocarpus sericeus,Autochor,16,5.036,5.897
Muscari olivetorum,Nautochor,12,1.858,2.393
Eschenbachia japonica,Anemochor,1,3.266,2.582
Psychotria lamarinensis,Zoochor,12,3.529,4.118
Tabernaemontana macrocalyx,Zoochor,9,-2.611,4.9
Elaeocarpus lanceifolius,Zoochor,13,1.391,2.49
Actaea cimicifuga,Zoochor,8,-7.184,-8.577
Sorghum nitidum,Zoochor,16,3.454,4.397
Phyllanthus caroliniensis,Autochor,3,5.619,6.971
Stoibrax dichotomum,Anemochor,16,1.09,2.702
Camissonia arenaria,Autochor,2,10.224,3.02
Remijia amazonica,Zoochor,14,2.151,5.656
Chresta speciosa,Anemochor,15,-6.394,3.65
Annona amazonica,Zoochor,15,-4.107,6.052
Boehmeria siamensis,Autochor,10,3.991,3.184
Rhynchosia balansae,Autochor,9,3.627,5.333
Aeschynomene ciliata,Anemochor,2,2.195,6.793
Combretum monetaria,Anemochor,9,0.194,3.62
Neptunia plena,Anemochor,8,7.419,6.6
Iris foetidissima,Zoochor,5,0.382,3.55
Leptorhynchos waitzia,Anemochor,16,0.667,5.602
Olyra longifolia,Zoochor,13,-2.72,4.985
Zephyranthes carinata,Autochor,12,4.501,3.672
Tarenaya spinosa,Autochor,3,1.161,5.216
Gonolobus barbatus,Anemochor,2,4.325,5.023
Tetrapanax papyrifer,Zoochor,10,3.137,2.327
Juncus tenageia,Anemochor,16,0.649,2.684
Scleria setulosociliata,Autochor,1,-0.486,4.963
Gomidesia fenzliana,Zoochor,7,6.075,4.64
Syncarpha canescens,Anemochor,5,-0.707,2.991
Banksia praemorsa,Anemochor,9,-2.593,5.31
Stenandrium diphyllum,Autochor,12,7.176,5.063
Thesium repens,Zoochor,11,-2.47,-4.449
Goodenia affinis,Zoochor,9,-1.539,5.571
Galium spurium,Zoochor,2,-2.042,3.927
Erica parviflora,Autochor,3,0.78,3.9
Burmannia coelestis,Autochor,15,0.645,4.713
Asplenium harmanii,Anemochor,5,-0.632,3.091
Solanum hoplopetalum,Autochor,13,-1.485,5.593
Pyracantha fortuneana,Zoochor,15,2.063,2.375
Marina nutans,Anemochor,15,3.775,3.245
Elasis hirsuta,Autochor,16,7.88,3.436
Syzygium paniculatum,Zoochor,7,0.726,3.839
Pelargonium abrotanifolium,Anemochor,11,2.239,3.423
Cavendishia guatapeensis,Autochor,5,8.834,3.189
Paeonia tenuifolia,Anemochor,3,-2.057,2.649
Aegiphila mediterranea,Zoochor,1,1.276,4.198
Cuphea ericoides,Autochor,11,0.087,3.44
Jefea gnaphalioides,Zoochor,5,1.184,2.944
Lithocarpus celebicus,Zoochor,4,-8.237,5.53
Plagiobothrys infectivus,Hemerochor,11,0.333,3.187
Microlepia krameri,Anemochor,2,1.073,3.766
Boronia pilosa,Autochor,12,-1.81,3.961
Heuchera sanguinea,Anemochor,15,-5.001,2.535
Rhodospatha venosa,Zoochor,1,-6.322,5.646
Krigia biflora,Anemochor,8,0.221,3.678
Maireana sedifolia,Anemochor,6,2.474,5.482
Barleria cristata,Autochor,11,6.143,4.36
Fimbristylis rigidula,Anemochor,11,5.59,3.657
Galenia pubescens,Zoochor,15,2.045,3.906
Enteropogon paucispiceus,Anemochor,14,-0.14,4.833
Gilia clokeyi,Autochor,10,1.218,1.847
Schizanthus alpestris,Zoochor,4,-2.483,2.097
Melicope madagascariensis,Autochor,10,-5.367,3.241
Malus halliana,Zoochor,4,3.677,2.423
Plectranthus scutellarioides,Autochor,11,0.193,3.402
Viola tricolor,Zoochor,14,-1.205,4.42
Mimosa paranapiacabae,Autochor,9,0.276,3.636
Calea solidaginea,Anemochor,6,3.187,5.166
Ficus melinocarpa,Zoochor,9,-1.177,3.334
Boronia rhomboidea,Autochor,16,-2.838,3.185
Artanema longifolium,Autochor,9,-0.398,5.045
Rapatea ulei,Autochor,10,-2.269,6.078
Crinum firmifolium,Anemochor,6,-1.772,3.846
Maytenus laevis,Zoochor,3,-23.217,7.486
Piper pseudoarboreum,Zoochor,5,-0.044,5.301
Rosa taiwanensis,Zoochor,13,4.59,2.628
Agropyron cristatum,Zoochor,12,-1.082,-4.34
Polemonium carneum,Anemochor,2,-0.235,1.656
Banksia robur,Anemochor,9,0.379,3.337
Koeleria pyramidata,Zoochor,8,-5.351,-7.285
Paullinia clavigera,Anemochor,16,8.151,6.714
Cryptocarya microneura,Zoochor,15,0.316,3.251
Lobelia malowensis,Zoochor,7,5.271,3.554
Calystegia peirsonii,Autochor,5,5.871,2.713
Taraxacum albidum,Anemochor,12,2.876,2.131
Sporobolus multiramosus,Autochor,7,-3.117,4.527
Verbesina abscondita,Autochor,15,5.44,3.628
Clematis tashiroi,Anemochor,8,4.791,2.996
Phoradendron argentinum,Zoochor,9,2.436,5.041
Leandra reversa,Zoochor,12,1.472,3.063
Triplophyllum glabrum,Anemochor,10,0.365,5.541
Rhynchospora tenuis,Autochor,16,5.078,5.59
Dodonaea concinna,Zoochor,15,-2.109,5.753
Ilex boliviana,Zoochor,15,4.333,3.379
Eremophila arachnoides,Zoochor,14,1.836,5.494
Bursera stenophylla,Zoochor,8,1.711,3.741
Clematis flammula,Anemochor,12,2.249,2.322
Lepidaploa balansae,Anemochor,15,3.875,4.398
Austroeupatorium inulifolium,Anemochor,2,2.688,4.426
Cyanicula ixioides,Anemochor,16,-1.584,4.966
Russelia retrorsa,Autochor,15,-2.314,3.624
Merremia hederacea,Autochor,10,-1.379,4.997
Cremanthodium ellisii,Anemochor,4,1.484,-1.865
Lepidagathis alopecuroidea,Autochor,16,2.962,6.166
Rhizophora mangle,Nautochor,8,1.252,6.696
Geissospermum urceolatum,Zoochor,15,0.68,6.351
Cynanchum leucanthum,Anemochor,16,-0.987,3.718
Matisia floccosa,Autochor,3,-20.215,6.407
Aristolochia esperanzae,Autochor,8,7.702,7.108
Jasminum calcareum,Zoochor,16,7.725,6.479
Peperomia macrostachyos,Zoochor,14,0.014,5.81
Isolepis stellata,Zoochor,8,-0.375,4.844
Corchorus macropterus,Zoochor,11,-7.126,6.336
Tontelea miersii,Zoochor,11,1.679,3.199
Nemophila aphylla,Anemochor,4,5.054,5.095
Galenia secunda,Zoochor,15,3.377,3.725
Thysanotus sparteus,Zoochor,9,-1.997,5.512
Heteranthera callifolia,Autochor,12,-1.862,6.737
Meiogyne stenopetala,Zoochor,16,2.028,3.652
Senna robiniifolia,Autochor,6,-0.42,4.244
Gratiola heterosepala,Autochor,10,0.632,2.561
Vaseyanthus insularis,Anemochor,15,3.867,4.139
Dicentra peregrina,Zoochor,4,2.512,-6.838
Mandevilla acutiloba,Anemochor,15,-1.394,3.498
Taraxacum fulgidum,Anemochor,13,-1.083,6.19
Abutilon mauritianum,Anemochor,16,0.022,5.481
Dalea pringlei,Anemochor,15,3.808,2.883
Senegalia monacantha,Autochor,7,11.604,5.215
Araucaria columnaris,Zoochor,10,3.655,3.314
Piper guineense,Zoochor,16,0.678,5.815
Teucrium libanitis,Autochor,3,2.13,2.424
Saurauia villosa,Zoochor,13,-8.382,2.861
Eupatorium fortunei,Anemochor,11,4.024,3.313
Borreria ocymoides,Autochor,8,3.688,5.27
Thalictrum peltatum,Anemochor,2,4.915,3.371
Microlicia regeliana,Autochor,6,-26.138,3.185
Abrahamia deflexa,Anemochor,5,-0.582,3.242
Leandra fragilis,Zoochor,1,1.094,3.181
Achillea ptarmica,Autochor,9,-0.587,4.497
Hypericum hyssopifolium,Zoochor,5,0.306,2.538
Hyacinthoides italica,Hemerochor,16,1.214,2.433
Begonia prieurii,Autochor,5,0.236,4.99
Mentha diemenica,Autochor,13,-0.927,3.532
Salvia forreri,Autochor,11,1.429,2.87
Rhynchospora velutina,Autochor,3,6.826,6.361
Adenolisianthus arboreus,Anemochor,10,-8.893,5.679
Calandrinia arenicola,Anemochor,8,0.814,6.425
Manihot jacobinensis,Autochor,7,5.082,4.779
Cryptandra intermedia,Zoochor,6,-0.896,5.419
Othonna digitata,Anemochor,11,-1.48,3.548
Eucalyptus tenuiramis,Anemochor,7,-0.506,2.848
Mimosa pseudoradula,Autochor,9,1.662,4.33
Conospermum croniniae,Autochor,11,-0.07,5.816
Conioselinum mexicanum,Autochor,10,2.102,3.086
Micrococca capensis,Zoochor,12,2.289,4.016
Hieronyma antioquensis,Anemochor,13,0.288,3.22
Dalechampia brasiliensis,Autochor,11,0.826,4.294
Passiflora jorullensis,Zoochor,8,1.113,4.245
Aporrhiza paniculata,Anemochor,3,0.428,6.629
Stachytarpheta lactea,Autochor,11,-2.449,3.634
Potamogeton oakesianus,Zoochor,5,0.189,2.83
Camptostemon schultzii,Nautochor,4,-4.823,8.227
Otiophora pauciflora,Autochor,14,-0.46,3.097
Callirhoe alcaeoides,Anemochor,8,5.954,4.54
Stoibrax dichotomum,Anemochor,7,1.094,2.701
Trachymene clivicola,Autochor,12,8.084,5.648
Agave macroacantha,Anemochor,7,-2.161,4.082
Lobelia sinaloae,Zoochor,5,1.23,2.853
Scleria pauciflora,Anemochor,11,5.747,5.509
Philodendron smithii,Zoochor,2,2.118,4.653
Cola mossambicensis,Anemochor,6,1.164,4.801
Dianthus giganteus,Anemochor,15,2.592,2.661
Chamaedorea warscewiczii,Zoochor,6,10.108,3.28
Saldinia proboscidea,Zoochor,8,-8.52,4.302
Elymus athericus,Anemochor,13,0.457,4.153
Yabea microcarpa,Zoochor,12,0.429,2.584
Clidemia monantha,Anemochor,16,-2.411,3.897
Cryptantha albida,Zoochor,4,1.152,3.484
Symphoricarpos albus,Zoochor,8,-0.399,0.849
Euonymus australianus,Zoochor,4,4.029,4.411
Pitcairnia imbricata,Anemochor,7,-2.029,4.423
Aesculus californica,Anemochor,4,0.53,2.648
Ormosia hosiei,Zoochor,2,3.363,2.286
Cuphea confertiflora,Autochor,11,0.371,4.153
Artemisia nova,Anemochor,8,1.059,0.173
Blutaparon portulacoides,Zoochor,15,0.479,4.619
Clusia palmicida,Zoochor,10,-3.937,4.852
Townsendia incana,Anemochor,4,1.465,0.308
Calyptranthes chiapensis,Zoochor,4,1.0,4.461
Kalanchoe campanulata,Anemochor,15,-4.765,3.496
Maytenus evonymoides,Zoochor,2,2.523,3.528
Leandra longicoma,Zoochor,6,-4.43,5.623
Delphinium glaucum,Anemochor,4,-3.96,-11.268
Beilschmiedia sulcata,Zoochor,4,-8.647,5.577
Ephedra regeliana,Anemochor,12,3.238,-1.205
Cuspidaria sceptrum,Anemochor,8,9.906,5.926
Hakea rhombalis,Anemochor,1,5.703,5.547
Leandra dichotoma,Zoochor,11,1.27,4.47
Alibertia curviflora,Zoochor,1,-2.087,6.566
Chiliotrichum diffusum,Anemochor,6,-1.903,3.655
Lundellianthus guatemalensis,Anemochor,12,20.129,6.413
Melampodium appendiculatum,Zoochor,7,1.202,3.558
Saxipoa saxicola,Anemochor,15,-1.487,2.851
Sagittaria platyphylla,Zoochor,4,9.253,6.485
Androsace rigida,Anemochor,6,-0.593,1.85
Philodendron barrosoanum,Zoochor,2,-3.836,6.216
Symphytum tuberosum,Zoochor,7,1.411,2.494
Symplocos paucistaminea,Zoochor,6,6.754,2.861
Arachis duranensis,Autochor,16,11.426,5.122
Pleocnemia leuzeana,Anemochor,1,0.057,3.114
Spirodela intermedia,Autochor,2,6.78,6.024
Panicum mitchellii,Anemochor,7,2.838,3.886
Eulalia annua,Zoochor,16,-1.582,6.212
Cassiope ericoides,Autochor,13,6.268,0.551
Gonzalagunia affinis,Autochor,1,-5.358,4.005
Columnea consanguinea,Anemochor,16,-0.138,4.099
Hedosyne ambrosiifolia,Anemochor,12,3.217,3.675
Cordia stenoclada,Autochor,10,-0.174,4.634
Gynochthodes retusa,Zoochor,7,-3.849,3.63
Serjania tripleuria,Anemochor,4,23.451,7.192
Salvia uruapana,Autochor,11,-4.857,3.628
Schefflera delavayi,Zoochor,10,3.854,2.364
Erica strigilifolia,Autochor,8,-0.363,2.873
Aster scaber,Anemochor,12,4.311,1.931
Carex macloviana,Autochor,14,-0.363,0.423
Casearia paranaensis,Zoochor,4,4.396,3.926
Eucodonia andrieuxii,Autochor,6,0.205,3.663
Nuphar microphylla,Autochor,6,-0.486,1.173
Plagiobothrys tenellus,Hemerochor,15,1.169,2.253
Simira glaziovii,Anemochor,9,1.209,3.705
Elaeoluma nuda,Zoochor,6,-4.273,4.702
Carex hebes,Autochor,6,-1.702,3.133
Litsea kingii,Zoochor,8,1.415,2.858
Streblus usambarensis,Zoochor,13,-1.144,4.559
Ouratea cuspidata,Zoochor,3,2.627,5.168
Paspalum malacophyllum,Autochor,6,5.255,5.273
Solanum didymum,Autochor,3,2.276,3.934
Oxytropis bellii,Zoochor,8,-10.845,-15.24
Lepidaploa polypleura,Anemochor,5,-10.515,3.062
Searsia natalensis,Zoochor,6,2.65,3.828
Botrychium campestre,Chamaechor,14,0.225,-1.177
Eriachne triodioides,Zoochor,9,0.452,5.008
Astragalus iodanthus,Nautochor,13,0.245,2.599
Couepia uiti,Zoochor,1,4.198,5.456
Leptosiphon androsaceus,Autochor,12,0.072,2.608
Phyllanthus graveolens,Autochor,11,3.415,4.827
Solandra maxima,Zoochor,5,-0.406,4.795
Macairea lanata,Autochor,4,-61.835,8.376
Euterpe precatoria,Zoochor,16,-2.596,6.491
Evolvulus gypsophiloides,Autochor,2,2.85,4.924
Acrostichum speciosum,Anemochor,2,-0.057,5.266
Actinidia chinensis,Zoochor,13,3.069,2.559
Sabia schumanniana,Zoochor,11,3.108,2.297
Coccinia trilobata,Zoochor,11,-0.194,3.661
Oreocharis auricula,Autochor,15,3.825,2.636
Melaleuca clavifolia,Anemochor,13,-2.193,5.622
Chaetopappa bellioides,Anemochor,9,1.355,3.22
Hackelochloa granularis,Autochor,4,-3.039,6.951
Epilobium kermodei,Anemochor,3,2.563,1.803
Maianthemum canadense,Zoochor,11,-0.774,0.496
Calceolaria meyeniana,Autochor,9,1.459,3.041
Epacris lanuginosa,Anemochor,2,-2.729,3.394
Myrcia oblongata,Zoochor,9,-0.521,3.65
Bergia pusilla,Zoochor,16,3.896,6.951
Henriettea sylvestris,Zoochor,1,2.091,6.35
Mansoa paganuccii,Anemochor,10,0.085,4.083
Dieffenbachia oerstedii,Zoochor,10,-3.661,3.489
Calvoa pulcherrima,Anemochor,5,-2.865,4.679
Chrysolaena propinqua,Anemochor,8,5.185,5.362
Chomelia polyantha,Zoochor,11,-2.76,6.114
Leptosiphon filipes,Autochor,15,0.449,2.402
Malacocera albolanata,Zoochor,6,11.931,5.558
Werauhia pedicellata,Anemochor,1,-0.525,3.207
Anginon difforme,Autochor,16,-0.129,3.121
Artemisia pringlei,Anemochor,13,0.569,2.685
Parthenocissus henryana,Zoochor,1,2.632,2.452
Senecio albanensis,Anemochor,16,0.443,3.505
Trichomanes vittaria,Anemochor,8,7.214,7.727
Galianthe gertii,Autochor,13,-0.1,4.127
Crossandra mucronata,Autochor,2,4.252,5.992
Bidens magnifolia,Zoochor,9,-3.067,3.1
Oxalis sarmentosa,Autochor,2,0.764,3.781
Clematis fremontii,Anemochor,15,2.617,6.236
Carex styloflexa,Autochor,4,7.941,4.213
Peperomia sachatzinzumba,Zoochor,6,-2.057,4.0
Agatea schlechteri,Autochor,14,5.875,2.767
Anoda acerifolia,Autochor,14,-0.284,3.848
Pancheria hirsuta,Anemochor,10,3.485,2.9
Castilleja attenuata,Anemochor,8,0.695,2.778
Banksia ilicifolia,Anemochor,4,-1.369,5.465
Chamaecrista hedysaroides,Autochor,3,-2.457,3.645
Brintonia discoidea,Anemochor,10,3.399,5.123
Whiteochloa capillipes,Anemochor,4,0.615,9.475
Baccharis coridifolia,Anemochor,9,-0.231,5.146
Thymus orospedanus,Zoochor,14,4.742,2.412
Trichilia silvatica,Zoochor,6,1.232,3.745
Piper capense,Zoochor,11,-5.816,3.278
Canavalia rosea,Nautochor,14,1.095,4.435
Blakea mexiae,Anemochor,11,5.287,5.356
Ptilotus holosericeus,Anemochor,11,0.665,5.616
Acalypha plicata,Autochor,10,4.423,4.532
Banksia nivea,Anemochor,14,-1.75,5.061
Scaevola montana,Zoochor,11,7.863,2.983
Prosopis nigra,Zoochor,1,4.197,5.291
Eleocharis limosa,Autochor,10,0.643,3.775
Burmeistera microphylla,Autochor,6,9.771,3.344
Castanea mollissima,Zoochor,12,1.494,2.527
Eichhornia diversifolia,Autochor,9,0.286,5.009
Hieracium maculatum,Hemerochor,13,1.946,3.415
Pecluma choquetangensis,Anemochor,8,-25.935,2.545
Dichapetalum axillare,Zoochor,10,1.765,3.278
Dialypetalanthus fuscescens,Autochor,11,4.916,7.038
Boenninghausenia albiflora,Zoochor,13,4.544,2.435
Elatostema monandrum,Zoochor,12,2.688,2.203
Bertya oleifolia,Zoochor,10,-0.189,4.21
Acacia subternata,Zoochor,14,2.835,5.703
Juniperus erythrocarpa,Zoochor,14,-1.038,2.899
Erysimum popovii,Autochor,14,4.446,2.311
Oxalis chnoodes,Autochor,5,0.259,3.431
Solidago spectabilis,Anemochor,12,0.134,1.354
Eucalyptus cameronii,Anemochor,5,-3.617,2.75
Abutilon fruticosum,Anemochor,14,1.073,4.813
Cotoneaster acutifolius,Zoochor,5,1.129,2.278
Psychotria erythrocarpa,Zoochor,1,-0.973,3.933
Sophora chathamica,Anemochor,13,-2.455,6.124
Chironia palustris,Autochor,6,0.495,3.595
Bufonia paniculata,Anemochor,16,5.196,2.413
Pyrrosia davidii,Anemochor,3,2.709,1.516
Taraxacum crocinum,Anemochor,9,-1.735,-1.195
Styrax ferrugineus,Zoochor,15,2.478,5.135
Bidens tripartita,Zoochor,7,-2.205,2.915
Baccharis obtusifolia,Anemochor,11,0.774,3.324
Phytolacca icosandra,Zoochor,6,2.245,3.656
Corymbia maculata,Anemochor,4,1.243,3.561
Taraxacum oinopolepis,Anemochor,2,-2.257,-13.64
Pedicularis striata,Autochor,13,3.149,2.518
Clusia renggerioides,Zoochor,10,-1.471,5.732
Lomandra spicata,Zoochor,14,-2.752,2.812
Calandrinia arenicola,Anemochor,11,-0.39,5.518
Salvia jaimehintoniana,Autochor,11,6.811,3.212
Gentianella campestris,Autochor,3,-0.491,-0.084
Shepherdia canadensis,Zoochor,15,-1.494,-2.783
Gleichenia polypodioides,Anemochor,9,-0.354,2.87
Cuscuta pentagona,Autochor,14,1.617,4.792
Ilex psammophila,Zoochor,5,-2.495,3.741
Aspidosperma olivaceum,Anemochor,1,1.208,3.204
Cyrilla racemiflora,Zoochor,14,2.742,5.87
Acrachne racemosa,Anemochor,1,3.268,5.051
Selaginella asperula,Chamaechor,10,3.288,5.695
Rorippa palustris,Autochor,9,0.196,2.525
Lepechinia bullata,Zoochor,1,6.01,3.43
Ficinia nigrescens,Zoochor,7,1.886,3.014
Metastelma trichophyllum,Anemochor,15,-7.762,3.678
Cola rostrata,Anemochor,5,0.27,4.419
Marina parryi,Anemochor,4,-3.047,4.731
Triosteum pinnatifidum,Zoochor,5,3.702,2.304
Leandra salicina,Zoochor,9,-1.189,2.8
Ischaemum australe,Nautochor,10,-1.333,4.806
Biophytum dendroides,Autochor,5,-2.31,3.032
Amsinckia douglasiana,Hemerochor,4,0.532,2.496
Aegiphila deppeana,Zoochor,10,-1.077,4.987
Antennaria pulcherrima,Anemochor,5,0.318,0.102
Solanum brevipedicellatum,Autochor,16,16.778,4.023
Saussurea leontodontoides,Anemochor,12,-1.297,0.106
Cyathodes platystoma,Zoochor,5,-0.209,3.419
Gaylussacia decipiens,Autochor,16,29.81,4.168
Matthiola lunata,Autochor,2,2.067,2.412
Salicornia perennans,Autochor,5,0.148,2.247
Galeopsis bifida,Autochor,16,-2.612,-0.449
Pradosia schomburgkiana,Autochor,12,-8.177,6.327
Schnella trichosepala,Autochor,7,0.328,4.266
Carex billingsii,Autochor,13,0.415,4.25
Layia heterotricha,Anemochor,12,0.474,2.439
Mimusops coriacea,Zoochor,16,-5.604,4.195
Palicourea weberbaueri,Zoochor,9,-8.821,3.223
Polybotrya pubens,Anemochor,5,-4.399,5.398
Glechoma longituba,Zoochor,2,3.126,2.549
Hannafordia shanesii,Zoochor,3,1.694,5.899
Ouratea riedeliana,Zoochor,4,11.233,6.861
Carex shimidzensis,Autochor,2,-0.269,1.502
Combretum pyramidatum,Anemochor,1,-0.45,6.048
Solanum amnicola,Autochor,9,-0.32,4.906
Chloris pycnothrix,Anemochor,3,3.87,4.763
Nectaropetalum kaessneri,Zoochor,7,1.228,6.497
Philadelphus pubescens,Zoochor,6,1.648,4.706
Delphinium cuneatum,Anemochor,7,-4.695,1.485
Chusquea subtessellata,Anemochor,12,-0.237,3.493
Veratrum viride,Anemochor,2,0.151,-1.685
Chamaebatiaria millefolium,Hemerochor,10,-0.947,1.681
Filipendula vulgaris,Zoochor,6,-0.866,3.55
Poincianella pluviosa,Autochor,13,1.438,4.187
Helianthemum viscarium,Anemochor,3,0.47,3.189
Buchenavia parvifolia,Zoochor,10,-3.738,5.879
Trichomanes pinnatum,Anemochor,9,-0.685,4.937
Cryptantha cinerea,Zoochor,16,2.139,3.016
Calochortus uniflorus,Autochor,3,-1.155,1.784
Mimosa guilandinae,Zoochor,12,3.108,6.866
Wahlenbergia gracilenta,Anemochor,12,1.182,4.949
Marcetia macrophylla,Autochor,11,-5.87,3.336
Stipa capillacea,Anemochor,15,-0.237,1.333
Piper cordulatum,Zoochor,7,3.835,4.055
Melica imperfecta,Anemochor,6,2.156,2.461
Begonia hookeriana,Autochor,10,10.417,3.979
Sorbus aucuparia,Zoochor,8,-6.415,-6.98
Cnidoscolus pubescens,Autochor,6,0.666,4.059
Searsia burchellii,Zoochor,5,0.562,3.84
Thelionema grande,Zoochor,8,1.351,2.644
Erysimum asperum,Autochor,3,1.129,1.769
Taenidia integerrima,Autochor,15,0.212,4.025
Columnea glabra,Anemochor,7,-0.449,3.89
Carex schottii,Autochor,13,3.745,2.533
Cardaria draba,Anemochor,12,-3.248,3.3
Tritonia nelsonii,Autochor,11,0.564,4.362
Acer rufinerve,Anemochor,16,2.457,1.69
Rhynchospora filiformis,Autochor,6,3.034,5.846
Hyptis obtusiflora,Autochor,7,2.226,4.274
Anagallis pumila,Hemerochor,3,7.255,6.085
Acer carpinifolium,Anemochor,11,5.666,1.877
Dianthus broteri,Anemochor,6,2.741,2.518
Rhynchosia amabilis,Autochor,3,10.125,4.363
Scadoxus cinnabarinus,Nautochor,6,-0.072,4.792
Epilobium mirabile,Anemochor,13,-0.79,2.619
Drosanthemum intermedium,Ombrochor,16,-1.899,4.151
Astragalus eremiticus,Nautochor,14,0.787,2.172
Crudia oblonga,Nautochor,5,-2.892,5.618
Coccocypselum geophiloides,Zoochor,6,1.876,3.218
Quercus depressa,Zoochor,5,4.308,3.141
Rhaphithamnus spinosus,Zoochor,16,1.68,2.884
Griffinia nocturna,Autochor,16,8.056,5.378
Marsdenia loniceroides,Anemochor,15,1.083,3.058
Ryania mansoana,Anemochor,3,11.477,7.269
Harpalyce formosa,Anemochor,8,-5.225,4.131
Sambucus ebulus,Zoochor,9,1.532,3.046
Viguiera cordifolia,Anemochor,7,1.532,2.297
Citronella moorei,Zoochor,1,-1.631,2.926
Stachys spinosa,Autochor,7,1.118,2.923
Rorippa curvisiliqua,Autochor,1,0.496,2.087
Neurachne tenuifolia,Anemochor,6,-1.416,3.463
Vahlodea atropurpurea,Autochor,14,-0.211,1.472
Berberis wilcoxii,Zoochor,7,-1.28,2.428
Macaranga kilimandscharica,Anemochor,15,-0.65,3.271
Muhlenbergia torreyi,Zoochor,3,2.42,2.943
Oxypetalum crispum,Anemochor,9,0.701,5.241
Aechmea organensis,Autochor,11,1.466,3.32
Galvezia juncea,Autochor,12,4.388,5.172
Parapentas silvatica,Autochor,16,0.739,3.589
Crusea megalocarpa,Anemochor,8,6.75,4.291
Asyneuma japonicum,Anemochor,6,16.496,1.556
Pedicularis anas,Autochor,4,-0.888,-2.322
Ligularia duciformis,Anemochor,12,4.495,1.332
Cephalostemon riedelianus,Autochor,14,-0.543,3.637
Cirsium arvense,Zoochor,4,-2.145,2.51
Eucalyptus varia,Anemochor,1,-4.299,5.89
Ipomoea pubescens,Autochor,4,3.986,2.905
Barleria prionitis,Autochor,10,0.41,4.261
Geigeria burkei,Ombrochor,8,1.12,5.264
Clematis columbiana,Anemochor,14,0.362,1.882
Solanum tenuipes,Autochor,2,1.606,3.165
Muhlenbergia curviaristata,Zoochor,13,5.27,2.389
Phebalium stenophyllum,Autochor,10,0.427,4.0
Calochortus nuttallii,Autochor,2,1.134,2.088
Stachytarpheta canescens,Autochor,11,7.959,5.012
Philotheca scabra,Autochor,14,0.985,3.09
Acmispon rigidus,Anemochor,8,-11.156,3.659
Euroschinus vieillardii,Zoochor,2,0.802,3.565
Adenophora pereskiifolia,Anemochor,2,-0.219,-5.164
Cybianthus cuneifolius,Zoochor,8,4.577,4.152
Austroblechnum penna-marina,Anemochor,3,-1.426,2.844
Crataegus kansuensis,Zoochor,1,2.799,1.956
Peersia macradenia,Ombrochor,11,2.757,3.767
Leucanthemum ircutianum,Zoochor,11,-0.219,2.705
Rytidosperma maculatum,Zoochor,5,-2.416,5.423
Nectandra reticulata,Zoochor,8,12.722,4.026
Agrostis hendersonii,Anemochor,6,-0.094,2.688
Porcelia macrocarpa,Zoochor,15,5.81,5.103
Draba scotteri,Anemochor,11,-0.701,-6.346
Chomelia parviflora,Zoochor,12,5.447,6.453
Paspalum pallens,Autochor,14,4.782,5.406
Eriogonum flavum,Anemochor,2,0.161,-1.626
Ocotea velloziana,Zoochor,12,5.886,5.321
Viola cunninghamii,Zoochor,11,-2.868,4.561
Petrea maynensis,Anemochor,16,11.611,7.062
Botrychium campestre,Chamaechor,1,-0.521,-3.301
Petroselinum segetum,Autochor,14,-0.435,4.798
Myrcia calycampa,Zoochor,1,-4.917,5.64
Macaranga inermis,Anemochor,16,-4.775,3.926
Stachys spinosa,Autochor,15,0.965,2.833
Isidrogalvia falcata,Autochor,16,0.422,3.347
Sarcocornia pacifica,Autochor,11,0.292,4.181
Pinus pinea,Autochor,4,3.435,3.643
Psychotria variegata,Zoochor,3,8.319,8.092
Cirsium canovirens,Zoochor,11,0.413,-3.229
Cuphea inaequalifolia,Autochor,12,6.293,6.201
Sedum anglicum,Autochor,1,0.109,2.889
Chomelia brasiliana,Zoochor,15,1.534,3.201
Lindsaea pulchella,Anemochor,4,-8.097,5.573
Psychotria manillensis,Zoochor,11,3.156,4.782
Salix gooddingii,Anemochor,11,2.081,2.851
Melaleuca acacioides,Anemochor,10,-0.549,5.645
Ericameria brachylepis,Anemochor,2,-4.152,2.921
Pultenaea tarik,Zoochor,9,-0.144,3.004
Rhynchospora tuerckheimii,Autochor,12,-3.921,3.561
Portulaca hereroensis,Autochor,6,1.546,5.71
Ficus calyptroceras,Zoochor,13,0.905,4.213
Micromyrtus hymenonema,Zoochor,16,2.831,6.115
Ptilotus mollis,Anemochor,14,5.328,4.848
Senna rizzinii,Autochor,13,-0.109,3.251
Columnea tessmannii,Anemochor,8,8.008,6.074
Vochysia herbacea,Anemochor,4,13.744,7.333
Eucalyptus corrugata,Anemochor,16,1.688,6.061
Senecio legionensis,Anemochor,5,2.185,2.692
Sagina caespitosa,Anemochor,13,3.543,3.37
Aconitum lamarckii,Hemerochor,5,-0.375,2.742
Palicourea grandiflora,Zoochor,10,0.199,5.794
Metalasia dregeana,Anemochor,1,2.411,2.822
Hieracium anglicum,Zoochor,5,-1.551,2.527
Ambrosia divaricata,Hemerochor,12,2.684,5.786
Calycophyllum multiflorum,Anemochor,1,8.228,5.786
Fimbristylis sericea,Anemochor,13,-0.61,3.854
Atriplex prostrata,Autochor,7,-1.521,3.997
Carex vallicola,Autochor,10,1.297,0.846
Premna acuminata,Zoochor,14,0.388,5.459
Cryptocarya velutinosa,Zoochor,16,1.376,3.172
Premna chrysoclada,Zoochor,2,4.704,6.426
Bulbine alata,Anemochor,10,3.88,5.32
Mansoa paganuccii,Anemochor,14,0.016,3.908
Salpichroa scandens,Zoochor,14,0.706,3.739
Linaria depauperata,Anemochor,14,1.075,2.487
Wurmbea dioica,Zoochor,8,1.209,4.522
Gonocarpus simplex,Zoochor,2,-5.945,5.603
Maytenus spinosa,Zoochor,9,0.733,4.791
Verbena carolina,Anemochor,6,-0.257,3.06
Triplaris dugandii,Anemochor,4,-35.256,7.888
Sporobolus spiciformis,Autochor,1,2.34,3.193
Vellozia hirsuta,Autochor,15,0.469,3.358
Brahea pimo,Zoochor,2,4.676,4.141
Sclerolaena muelleri,Anemochor,11,7.202,5.776
Stellaria humifusa,Anemochor,16,-6.408,-6.458
Dysoxylum mollissimum,Zoochor,8,0.319,4.144
Gymnocarpos decander,Autochor,1,3.503,3.863
Mimosa antioquensis,Autochor,6,2.621,4.058
Lindera thomsonii,Zoochor,12,4.511,2.699
Mitrasacme laxiceps,Anemochor,8,-0.416,7.236
Cinnamomum parthenoxylon,Zoochor,15,3.702,3.006
Pseuderanthemum latifolium,Autochor,3,5.565,5.583
Porophyllum amplexicaule,Anemochor,12,1.937,3.785
Philodendron corcovadense,Zoochor,12,5.681,4.427
Bacopa scabra,Autochor,13,-0.233,4.819
Citharexylum montevidense,Zoochor,14,1.305,4.858
Taeniatherum caput-medusae,Zoochor,7,1.394,2.092
Carex pallescens,Autochor,8,-3.304,2.226
Psathyrostachys juncea,Autochor,16,-2.365,-5.032
Carex saxatilis,Autochor,14,-0.507,-0.936
Dichondra repens,Zoochor,3,-0.06,3.76
Delphinium alabamicum,Anemochor,16,4.546,4.773
Bromus maritimus,Zoochor,10,-0.237,2.362
Campanula cana,Anemochor,15,2.605,2.057
Glyceria melicaria,Autochor,11,-0.036,1.408
Aphelandra gracilis,Autochor,10,3.578,3.162
Nicolasia nitens,Autochor,16,-0.271,5.594
Aciotis polystachya,Autochor,1,-10.798,5.732
Mattfeldanthus mutisioides,Anemochor,15,3.841,4.441
Geonoma triglochin,Zoochor,5,-8.126,4.473
Coprosma moorei,Zoochor,10,-1.641,3.336
Guatteria meliodora,Zoochor,3,2.442,7.832
Xyris asperula,Autochor,15,3.991,4.533
Rumex crystallinus,Anemochor,5,4.046,5.446
Astragalus crotalariae,Nautochor,5,-1.411,3.155
Eriochrysis brachypogon,Anemochor,2,-5.463,5.07
Ranunculus hyperboreus,Zoochor,7,-6.776,-8.841
Carpobrotus modestus,Zoochor,10,-1.515,5.475
Strychnos atlantica,Zoochor,11,0.753,4.682
Phacelia saxicola,Anemochor,16,2.512,2.872
Chamaedorea deneversiana,Zoochor,4,-2.755,4.428
Carex rugata,Autochor,8,3.085,1.923
Tricalysia analamazaotrensis,Zoochor,13,-1.773,2.614
Dyschoriste ovata,Autochor,3,7.001,4.197
Clidemia strigillosa,Anemochor,2,2.014,6.944
Craspedia costiniana,Anemochor,7,-2.005,3.527
Cambessedesia eichleri,Autochor,6,-2.241,2.948
Microtea maypurensis,Autochor,15,0.877,4.278
Ipomoea brownii,Autochor,9,0.208,5.015
Clibadium grandifolium,Anemochor,2,-0.958,3.871
Axonopus aureus,Autochor,14,1.361,4.989
Alania cunninghamii,Autochor,9,-2.092,4.167
Psidium oligospermum,Zoochor,14,1.4,4.412
Eucalyptus rudis,Anemochor,8,0.196,5.661
Eucalyptus guilfoylei,Anemochor,9,-2.53,5.448
Astragalus uniflorus,Nautochor,8,-1.833,2.041
Myriopus candidulus,Zoochor,4,-1.811,5.046
Agathisanthemum globosum,Autochor,10,-0.278,4.674
Phacelia robusta,Anemochor,16,2.779,3.192
Solanum nigrum,Autochor,2,0.434,3.029
Fadogia ancylantha,Zoochor,15,0.26,4.978
Citharexylum altamiranum,Zoochor,14,-0.985,3.071
Turnera calyptrocarpa,Autochor,5,0.057,3.775
Blepharodon salicinum,Anemochor,15,5.41,5.033
Bactris caudata,Zoochor,11,-4.184,4.748
Coccocypselum herbaceum,Zoochor,4,0.203,6.062
Cissus paulliniifolia,Autochor,14,1.416,3.508
Camissonia multijuga,Autochor,5,2.727,2.048
Aconitum pendulum,Hemerochor,10,0.76,1.739
Gasteria brachyphylla,Anemochor,6,-0.757,2.744
Heterosperma pinnatum,Zoochor,4,1.16,3.018
Artabotrys modestus,Zoochor,10,4.428,5.155
Primula denticulata,Anemochor,15,4.044,2.584
Machaerium lunatum,Anemochor,15,1.014,6.474
Pinus luchuensis,Anemochor,14,3.942,2.769
Aechmea angustifolia,Autochor,10,-0.346,5.406
Eriogonum fasciculatum,Anemochor,10,2.542,2.509
Carex divisa,Autochor,13,1.204,2.819
Crepidomanes bipunctatum,Anemochor,4,-4.928,5.752
Erica glandulipila,Autochor,3,7.051,2.851
Calytrix microcoma,Zoochor,16,1.632,6.499
Calamagrostis lahulensis,Autochor,16,-0.406,0.988
Cupaniopsis serrata,Zoochor,10,-1.131,3.438
Sabal mauritiiformis,Zoochor,9,-0.256,4.475
Cuphea lutescens,Autochor,3,1.2,4.777
Adelobotrys fuscescens,Anemochor,11,-13.827,5.593
Halocnemum strobilaceum,Autochor,6,3.434,4.807
Pycnandra controversa,Zoochor,4,-5.458,3.759
Polystichum munitum,Anemochor,3,-1.004,0.535
Caesalpinia pringlei,Autochor,8,5.571,5.348
Gossypium harknessii,Autochor,7,3.909,5.45
Fingerhuthia africana,Autochor,1,0.96,4.132
Rhodocoma fruticosa,Autochor,8,0.646,3.154
Pteris elongatiloba,Anemochor,1,-1.266,2.953
Mikania hemisphaerica,Anemochor,15,1.633,3.471
Conostylis angustifolia,Autochor,14,-4.277,5.775
Atriplex minuscula,Anemochor,5,-0.288,4.604
Trisetum spicatum,Anemochor,13,2.275,3.217
Boerhavia diffusa,Zoochor,9,0.967,4.311
Abarema barnebyana,Autochor,15,6.294,4.77
Carex incomitata,Autochor,2,-0.566,2.889
Murdannia vaginata,Autochor,15,1.791,4.897
Eryngium heterophyllum,Autochor,15,-0.743,2.868
Cymopterus purpurascens,Anemochor,1,0.709,1.978
Haloragodendron monospermum,Autochor,2,10.331,2.723
Micranthes calycina,Autochor,15,-0.911,-6.702
Erica reenensis,Autochor,10,0.096,2.925
Pandorea linearis,Anemochor,12,1.713,3.271
Liabum stipulatum,Zoochor,11,-0.961,3.442
Sersalisia sericea,Zoochor,3,0.737,6.269
Dichanthium sericeum,Anemochor,16,8.927,5.811
Nuxia involucrata,Autochor,7,-10.178,3.339
Podolobium scandens,Zoochor,11,0.408,3.49
Sonchus crassifolius,Zoochor,16,1.171,3.428
Ipomoea ramosissima,Autochor,16,4.419,5.362
Prunus alabamensis,Zoochor,3,6.749,5.176
Bupleurum microcephalum,Autochor,7,5.401,2.3
Cirsium horridulum,Zoochor,11,7.154,6.205
Bulbine angustifolia,Anemochor,10,0.758,4.195
Triadenum walteri,Zoochor,8,6.791,5.495
Fothergilla gardenii,Zoochor,10,3.48,6.102
Lepidosperma neesii,Zoochor,9,-1.408,3.994
Plagiobothrys arizonicus,Hemerochor,15,2.063,2.491
Pilea pteropodon,Autochor,8,2.242,4.224
Barkleyanthus salicifolius,Anemochor,5,0.433,2.939
Cyclocodon lancifolius,Anemochor,16,5.928,2.926
Struthanthus uraguensis,Zoochor,12,6.948,4.911
Pteronia leucoclada,Anemochor,15,4.214,5.111
Jatropha ribifolia,Autochor,10,0.572,4.136
Ficus sansibarica,Zoochor,8,-1.602,5.691
Tarenna vignei,Zoochor,13,-2.092,4.841
Hypenia salzmannii,Autochor,2,0.106,4.288
Allocasuarina humilis,Anemochor,2,-1.605,5.685
Genista tinctoria,Autochor,14,0.526,3.319
Hypochaeris meyeniana,Anemochor,1,-1.254,3.051
Galium multiflorum,Zoochor,7,-1.713,1.276
Artemisia rubripes,Anemochor,2,0.513,-4.76
Thyridolepis xerophila,Anemochor,16,4.552,6.062
Spyridium eriocephalum,Zoochor,7,0.95,5.617
Manihot pentaphylla,Autochor,1,5.046,5.018
Saxifraga nipponica,Anemochor,15,9.867,1.75
Astragalus jejunus,Nautochor,3,0.931,-1.81
Syzygium endophloium,Zoochor,2,0.756,3.069
Desmodium neomexicanum,Zoochor,11,0.297,2.79
Grevillea pulchella,Autochor,15,-2.409,5.141
Buddleja dysophylla,Anemochor,12,-0.532,3.086
Syngonanthus biformis,Anemochor,13,-0.854,4.851
Garcinia pervillei,Zoochor,2,-3.165,4.056
Ternstroemia pungens,Zoochor,15,-16.908,5.587
Maripa densiflora,Zoochor,2,-21.598,6.957
Danhatchia australis,Anemochor,9,-2.151,4.337
Tristaniopsis laurina,Zoochor,1,-0.145,3.144
Utricularia menziesii,Autochor,16,-2.086,5.588
Syzygium legatii,Zoochor,2,0.972,4.356
Blennosperma nanum,Anemochor,2,0.228,2.857
Monteiroa glomerata,Anemochor,16,-1.317,3.443
Bursera penicillata,Zoochor,7,6.179,3.508
Coccinia sessilifolia,Zoochor,1,2.351,5.056
Critoniopsis foliosa,Anemochor,3,2.945,3.501
Vaccinium poasanum,Zoochor,3,-3.008,3.781
Valeriana excelsa,Anemochor,7,-1.155,2.843
Amaranthus undulatus,Zoochor,5,1.764,5.121
Eremospatha wendlandiana,Zoochor,10,1.298,5.578
Hohenbergia castellanosii,Anemochor,1,-2.483,4.597
Begonia biserrata,Autochor,13,1.645,2.694
Cremastosperma monospermum,Zoochor,12,6.873,7.398
Erica distorta,Autochor,5,-2.171,3.099
Saxifraga losae,Anemochor,9,0.083,2.694
Ranunculus macounii,Zoochor,9,0.866,2.521
Stipa barbata,Anemochor,7,2.354,3.554
Ixia trifolia,Autochor,15,3.599,2.619
Pavonia flavoferruginea,Autochor,9,-2.036,4.207
Gnetum leyboldii,Anemochor,7,-3.363,6.925
Anaphalis triplinervis,Hemerochor,10,1.433,2.692
Salvia barrelieri,Autochor,15,0.179,3.187
Dasispermum suffruticosum,Anemochor,5,-2.258,3.576
Gardenia ovularis,Zoochor,15,-8.987,3.424
Lathyrus subulatus,Autochor,1,0.991,4.863
Cynanchum altiscandens,Anemochor,3,4.22,5.647
Microlicia tenuifolia,Autochor,4,-13.633,4.193
Perotis patens,Anemochor,2,-3.569,5.443
Eucalyptus mimica,Anemochor,9,-1.898,5.64
Ligularia hookeri,Anemochor,16,0.506,1.603
Acacia riceana,Zoochor,4,-2.359,2.243
Goyazia rupicola,Autochor,13,-1.78,3.213
Maireana villosa,Anemochor,10,3.416,5.248
Carex aphyllopus,Autochor,13,5.118,2.321
Viola nephrophylla,Zoochor,3,-1.232,-2.204
Hibiscus furcellatus,Autochor,6,2.63,6.068
Fuchsia excorticata,Zoochor,2,-2.654,4.543
Jacquemontia sphaerostigma,Autochor,8,6.358,6.25
Eucalyptus petraea,Anemochor,6,1.418,5.655
Setaria setosa,Autochor,11,1.108,4.194
Eremogone dianthoides,Zoochor,15,0.084,0.981
Yucca baileyi,Zoochor,15,0.086,2.156
Drosanthemum cymiferum,Ombrochor,3,2.07,3.424
Rubus sprengelii,Zoochor,15,-2.68,5.029
Miconia brittonii,Zoochor,1,-1.927,3.282
Pachyptera kerere,Anemochor,6,0.246,6.082
Odontonema glabrum,Autochor,3,7.851,4.607
Gomphrena debilis,Autochor,12,-0.313,4.663
Erisma laurifolium,Anemochor,8,-9.776,8.189
Dicrastylis brunnea,Autochor,4,6.374,7.185
Drymaria holosteoides,Zoochor,5,0.386,3.593
Manihot breviloba,Autochor,3,-6.894,6.185
Lennea modesta,Anemochor,14,-0.003,4.176
Panicum lachnophyllum,Anemochor,3,-4.718,3.291
Eucalyptus beyeri,Anemochor,12,-1.254,2.914
Eragrostis tenuifolia,Autochor,6,-1.836,3.948
Solanum lycocarpum,Autochor,14,1.693,4.612
Artemisia franserioides,Anemochor,1,-2.664,1.846
Mnesithea granularis,Autochor,14,1.298,3.26
Abutilon palmeri,Anemochor,11,0.123,3.79
Cryptantha microstachys,Zoochor,12,-0.526,2.612
Holodiscus discolor,Hemerochor,6,1.542,1.499
Sphaeralcea ambigua,Anemochor,7,-2.365,2.707
Caesia occidentalis,Zoochor,8,-0.975,5.393
Philodendron hatschbachii,Zoochor,7,2.206,3.824
Syngonanthus densiflorus,Anemochor,1,3.16,5.505
Bahia ambrosioides,Anemochor,2,-5.978,2.537
Tsuga chinensis,Anemochor,15,3.068,2.283
Muhlenbergia rigida,Zoochor,3,-0.257,3.025
Ceratosanthes hilariana,Zoochor,11,3.618,5.776
Swartzia schomburgkii,Zoochor,14,-7.815,5.481
Ocotea smithiana,Zoochor,9,1.623,3.125
Alyssum diffusum,Hemerochor,5,1.553,3.179
Cedrela angustifolia,Anemochor,15,15.085,4.488
Teucrium eremaeum,Autochor,10,-2.581,5.525
Barleria macrostegia,Autochor,16,1.352,5.526
Cryptantha cycloptera,Zoochor,4,4.03,3.762
Eucalyptus tetragona,Anemochor,10,-2.64,5.788
Bauhinia microstachya,Autochor,14,-5.631,5.868
Artocarpus nitidus,Zoochor,12,-4.875,4.326
Lessingianthus farinosus,Anemochor,16,0.736,3.359
Siparuna cuspidata,Zoochor,4,-2.154,8.107
Cnidoscolus megacanthus,Autochor,4,4.453,6.579
Bahiopsis parishii,Zoochor,4,1.629,4.457
Catalpa speciosa,Anemochor,14,0.785,4.841
Ziziphus thyrsiflora,Zoochor,5,1.479,4.007
Ocotea gracilis,Zoochor,14,1.387,5.895
Leptospermum spinescens,Zoochor,9,-1.685,5.701
Couepia macrophylla,Zoochor,6,-9.047,5.868
Psychotria pyrrotricha,Zoochor,7,-3.704,4.296
Rhynchospora patuligluma,Autochor,11,1.133,4.085
Rotheca hirsuta,Autochor,8,0.103,3.484
Oxalis umbraticola,Autochor,10,0.418,3.292
Bomarea involucrosa,Zoochor,4,-0.335,1.413
Cantinoa plectranthoides,Autochor,4,2.626,4.086
Schultesia benthamiana,Autochor,15,1.287,5.995
Polygonum ferrugineum,Anemochor,3,9.352,6.106
Asterolasia asteriscophora,Autochor,3,-1.318,2.43
Plantago argyrea,Zoochor,1,-1.038,2.13
Verbascum densiflorum,Hemerochor,15,-1.556,4.665
Wahlenbergia saxicola,Anemochor,2,-1.628,2.76
Murdannia cryptantha,Autochor,11,-0.335,5.401
Kraussia floribunda,Autochor,12,3.935,3.646
Physalis hispida,Zoochor,16,2.856,4.288
Cecropia utcubambana,Zoochor,15,9.918,5.104
Lonicera dioica,Zoochor,11,-1.275,-0.699
Paspalum pubiflorum,Autochor,14,2.977,4.675
Laxmannia ramosa,Zoochor,11,-1.226,5.658
Annona edulis,Zoochor,12,-9.152,6.491
Gynoxys psilophylla,Anemochor,5,4.166,3.586
Baccharis tridentata,Anemochor,6,1.217,3.494
Cryptantha circumscissa,Zoochor,4,1.104,1.676
Townsendia scapigera,Anemochor,15,0.94,1.398
Calliandra erythrocephala,Autochor,16,6.976,4.595
Carex ormostachya,Autochor,16,-0.49,0.835
Paullinia brenesii,Anemochor,16,2.936,4.555
Pycnanthemum virginianum,Anemochor,3,-1.471,3.486
Clerodendrum parvulum,Autochor,5,-0.003,5.091
Stapelianthus decaryi,Anemochor,14,-1.716,4.11
Coronilla repanda,Autochor,2,2.002,3.036
Aristida behriana,Zoochor,2,2.586,4.975
Nertera ciliata,Zoochor,16,-2.906,4.309
Cnidoscolus vitifolius,Autochor,16,5.189,5.753
Wilkiea austroqueenslandica,Zoochor,5,-1.624,2.652
Quararibea wittii,Zoochor,6,1.606,5.579
Triodia pascoeana,Anemochor,11,3.39,6.011
Carex intumescens,Autochor,5,-0.013,3.666
Jasminum grandiflorum,Zoochor,16,3.539,3.711
Pectis multiflosculosa,Anemochor,15,-2.086,4.659
Epacris glacialis,Anemochor,2,-2.101,3.609
Astraea comosa,Zoochor,2,-17.156,3.284
Antigonon cinerascens,Anemochor,3,-0.753,5.753
Podocarpus matudae,Zoochor,16,13.421,3.658
Alpinia zerumbet,Zoochor,11,4.025,3.397
Damnacanthus macrophyllus,Zoochor,14,2.648,2.303
Passiflora miniata,Zoochor,15,6.164,6.007
Cotula barbata,Zoochor,13,-1.357,3.043
Monolena primuliflora,Anemochor,15,-1.078,4.094
Agave salmiana,Anemochor,11,4.51,3.405
Eryngium bourgatii,Autochor,8,0.286,1.629
Babiana attenuata,Autochor,9,-0.403,2.741
Ipomoea paludosa,Autochor,3,11.156,5.235
Citharexylum myrianthum,Zoochor,2,2.374,4.492
Pyrrosia eleagnifolia,Anemochor,7,-2.549,4.591
Elliottia paniculata,Anemochor,14,-1.644,2.058
Lepidosperma striatum,Zoochor,2,-1.362,5.572
Marina diffusa,Anemochor,14,-0.921,2.947
Achillea clypeolata,Anemochor,15,1.275,2.328
Oenothera arizonica,Autochor,5,-0.233,2.831
Tanacetum vulgare,Hemerochor,15,-3.659,-3.14
Acacia thoma,Zoochor,14,2.022,5.283
Bulbinella barkerae,Autochor,11,-1.866,3.873
Coccocypselum bahiense,Zoochor,6,-8.344,5.081
Aldama pilosa,Anemochor,15,1.189,3.798
Bunchosia ursana,Zoochor,12,-0.823,4.034
Artabotrys madagascariensis,Zoochor,13,-0.056,2.927
Calytrix watsonii,Zoochor,16,8.086,6.092
Arctostaphylos glandulosa,Anemochor,10,8.039,2.686
Dalea carthagenensis,Anemochor,6,3.001,3.856
Macrocarpaea rubra,Anemochor,4,1.34,3.367
Lavandula coronopifolia,Anemochor,6,4.649,4.677
Bromus lanatus,Zoochor,14,-0.81,3.336
Eriogonum ochrocephalum,Anemochor,11,0.875,1.378
Parthenocissus laetevirens,Zoochor,7,3.043,2.534
Potentilla litoralis,Zoochor,16,-3.632,-6.385
Tetratheca affinis,Zoochor,8,-2.209,5.329
Strophanthus thollonii,Anemochor,10,-1.723,4.677
Calliandra hirtiflora,Autochor,6,0.473,3.16
Ornithoglossum parviflorum,Zoochor,4,5.962,3.578
Coronopus didymus,Anemochor,9,0.813,3.5
Indigofera platycarpa,Autochor,9,1.527,2.74
Hydrangea macrophylla,Zoochor,7,3.358,1.718
Ceanothus caeruleus,Anemochor,1,3.465,2.927
Myrianthus preussii,Anemochor,15,0.885,5.738
Qualea acuminata,Anemochor,4,-7.162,9.376
Aster tsarungensis,Anemochor,4,6.955,4.291
Polianthes geminiflora,Anemochor,11,2.494,3.176
Waltheria bracteosa,Autochor,3,4.317,5.935
Potamogeton hillii,Zoochor,3,0.007,0.676
Helianthemum caput-felis,Anemochor,4,-0.848,4.29
Inga capitata,Zoochor,9,-0.126,4.798
Piper coruscans,Zoochor,12,-0.239,6.655
Diplopterys cabrerana,Anemochor,3,-6.232,8.995
Plagiobothrys arizonicus,Hemerochor,1,1.986,2.384
Haploesthes greggii,Anemochor,2,3.345,4.635
Mimosa affinis,Autochor,3,-3.172,4.712
Citharexylum rosei,Zoochor,2,-0.799,3.374
Acacia angustissima,Zoochor,8,4.488,3.405
Lonicera albiflora,Zoochor,3,4.066,3.587
Streptanthus bernardinus,Hemerochor,12,2.759,2.146
Oemleria cerasiformis,Zoochor,3,-0.718,1.919
Papaver pavoninum,Anemochor,3,2.82,2.367
Lobelia tomentosa,Zoochor,4,-3.302,3.455
Acalypha apodanthes,Autochor,11,-1.568,4.172
Alyogyne pinoniana,Autochor,1,3.325,5.61
Sclerolaena decurrens,Anemochor,2,8.943,5.9
Peucedanum cervaria,Autochor,3,-0.215,2.54
Mesembryanthemum splendens,Ombrochor,1,-1.697,2.877
Phoradendron crassifolium,Zoochor,8,5.689,6.124
Lepidonia salvinae,Anemochor,2,4.873,3.837
Clidemia urceolata,Anemochor,9,0.471,2.729
Thymus sibiricus,Zoochor,8,-7.709,-12.184
Tabernaemontana cerea,Zoochor,2,1.427,6.104
Nectandra lineata,Zoochor,1,-0.492,4.099
Chaunochiton kappleri,Anemochor,10,-0.865,5.63
Dombeya laurifolia,Anemochor,4,-10.967,3.979
Albuca fastigiata,Anemochor,4,1.281,3.534
Tragus australianus,Zoochor,6,5.878,5.508
Lantana lundiana,Zoochor,16,3.129,3.682
Lechea intermedia,Autochor,6,-0.464,2.858
Solidago arguta,Anemochor,7,2.252,2.954
Lepisorus longifolius,Anemochor,9,0.569,2.477
Philodendron blanchetianum,Zoochor,2,0.632,4.452
Desmoncus myriacanthos,Zoochor,1,-1.187,5.602
Faucaria felina,Ombrochor,12,-0.199,3.032
Maresia nana,Anemochor,3,2.922,3.737
Carex kobomugi,Autochor,14,2.464,2.538
Axonopus schultesii,Autochor,7,-22.369,7.006
Browallia speciosa,Zoochor,15,-0.605,3.694
Merostachys fistulosa,Autochor,1,-3.541,3.045
Pomaderris vellea,Zoochor,13,0.105,2.875
Xylopia aethiopica,Zoochor,8,4.657,6.814
Iris spuria,Autochor,4,-1.164,2.688
Schoenus subflavus,Autochor,5,-1.954,5.729
Rhytachne gonzalezii,Autochor,7,6.907,6.699
Rhopaloblaste ledermanniana,Zoochor,14,-4.26,3.746
Baccharis sarothroides,Anemochor,2,0.997,2.988
Piper polytrichum,Zoochor,1,-1.134,3.963
Scleranthus perennis,Anemochor,10,-1.005,4.049
Gaultheria poeppigii,Zoochor,6,5.724,4.288
Euchiton traversii,Anemochor,2,-1.636,2.961
Hanburia mexicana,Autochor,4,9.827,4.891
Lobelia oligophylla,Zoochor,3,-1.61,2.338
Grossera perrieri,Autochor,3,-0.058,6.081
Conium maculatum,Anemochor,1,-0.121,3.264
Sporobolus rigidifolius,Autochor,8,-2.449,3.914
Bromus commutatus,Zoochor,14,0.22,3.035
Ranunculus chlorellus,Zoochor,7,-1.588,3.63
Trillium rugelii,Zoochor,6,2.469,3.733
Leucadendron spissifolium,Anemochor,14,-1.901,3.21
Ilex cornuta,Zoochor,16,4.269,3.393
Salvia sagittata,Autochor,10,2.073,3.501
Coffea canephora,Zoochor,13,-1.701,3.889
Psorospermum chionanthifolium,Zoochor,6,-1.562,3.327
Decaisnina signata,Zoochor,3,-0.961,7.209
Solanum wrightii,Autochor,11,17.593,5.702
Myrcia amazonica,Zoochor,9,0.087,4.555
Dalea dorycnioides,Anemochor,11,-0.945,3.4
Krameria erecta,Zoochor,8,3.604,3.556
Copernicia alba,Zoochor,16,16.754,7.445
Paranomus bracteolaris,Anemochor,14,1.273,3.221
Adromischus cristatus,Anemochor,9,-0.808,2.985
Sedum stenopetalum,Anemochor,5,-0.391,1.573
Artemisia lagopus,Anemochor,5,-1.243,-2.163
Stromanthe ramosissima,Autochor,12,5.904,4.632
Bouvardia dictyoneura,Anemochor,15,3.298,3.806
Lepidosperma striatum,Zoochor,10,-1.704,5.508
Oenothera californica,Autochor,11,2.286,2.139
Boehmeria zollingeriana,Autochor,14,4.359,2.718
Hypericum pubescens,Zoochor,7,0.42,2.992
Abutilon sonneratianum,Anemochor,1,-0.846,3.161
Chaetocarpus schomburgkianus,Zoochor,11,3.356,6.474
Adenostemma macrophyllum,Autochor,14,-5.055,2.755
Hakea gibbosa,Anemochor,4,-4.485,3.997
Podocoma notobellidiastrum,Anemochor,5,2.213,3.84
Leptospermum parvifolium,Zoochor,10,-0.45,3.08
Najas microcarpa,Autochor,7,7.251,6.557
Faramea paniculata,Zoochor,12,0.913,6.86
Ichnanthus nemorosus,Autochor,3,2.543,4.436
Lycopodiella appressa,Anemochor,6,2.819,4.547
Anthurium umbricola,Zoochor,10,-4.105,3.221
Poiretia coriifolia,Autochor,3,-0.595,4.929
Hedeoma mandoniana,Anemochor,7,10.284,4.268
Columnea sanguinea,Anemochor,1,-0.675,3.343
Conospermum eatoniae,Autochor,13,-1.206,5.693
Calytrix praecipua,Zoochor,9,0.031,5.087
Eucalyptus agglomerata,Anemochor,6,-0.142,2.94
Schlechteranthus connatus,Ombrochor,11,5.885,3.039
Solanum lanceifolium,Autochor,1,0.342,4.165
Asperugo procumbens,Zoochor,13,1.275,4.056
Stenophalium chionaeum,Anemochor,7,12.593,3.271
Adonis aestivalis,Hemerochor,2,1.001,2.706
Melaleuca spathulata,Anemochor,3,-2.484,5.685
Ambrosia microcephala,Hemerochor,9,-2.872,5.008
Myrcia vittoriana,Zoochor,12,-0.449,4.359
Pentagramma pallida,Anemochor,2,0.776,2.501
Asparagus denudatus,Zoochor,15,3.388,3.504
Brasiliopuntia brasiliensis,Zoochor,7,4.968,4.803
Triplochiton scleroxylon,Anemochor,1,0.017,5.537
Vitis arizonica,Zoochor,12,3.865,2.582
Ocotea effusa,Zoochor,12,-17.804,4.331
Coffea humbertii,Zoochor,4,-0.028,5.941
Calytrix habrantha,Zoochor,11,0.318,5.742
Verbesina gigantea,Autochor,12,1.674,6.664
Clidemia semijuga,Anemochor,9,-6.038,4.205
Croton mollis,Autochor,4,0.624,7.908
Polystichum platylepis,Anemochor,4,1.891,3.908
Dendrophthoe pentandra,Zoochor,9,2.568,3.316
Persoonia amaliae,Zoochor,16,-3.077,3.237
Halgania glabra,Zoochor,2,9.143,6.045
Trema micrantha,Zoochor,1,2.05,4.629
Centaurea debeauxii,Zoochor,13,0.729,3.395
Festuca ovina,Zoochor,14,-1.134,-0.385
Pappophorum mucronulatum,Zoochor,14,1.38,3.868
Cirsium drummondii,Zoochor,2,-0.25,-3.535
Clematis integrifolia,Anemochor,3,-3.848,3.664
Trichomanes curtii,Anemochor,10,0.351,4.001
Stryphnodendron coriaceum,Autochor,10,1.53,5.515
Columnea magnifica,Anemochor,7,-8.11,3.497
Calliandra magdalenae,Autochor,9,3.376,4.046
Wahlenbergia linarioides,Anemochor,6,2.953,4.534
Manulea crassifolia,Anemochor,13,-0.975,2.748
Gentianopsis lanceolata,Anemochor,16,-0.167,3.176
Arctostaphylos rubra,Anemochor,16,-3.612,-7.549
Asplenium megalura,Anemochor,14,0.902,4.431
Lindsaea kingii,Anemochor,13,-0.716,2.793
Protium calanense,Zoochor,13,-3.004,4.816
Coccoloba uvifera,Zoochor,5,0.153,4.654
Dissocarpus fontinalis,Anemochor,14,3.999,5.348
Oxalis psoraleoides,Autochor,2,4.137,4.43
Saxifraga conifera,Anemochor,10,-0.55,2.5
Myrcia retorta,Zoochor,13,-0.917,3.04
Calyptocarpus vialis,Zoochor,1,2.846,4.124
Ernestia pullei,Autochor,3,6.004,7.092
Gypsophila fastigiata,Autochor,7,-2.359,4.086
Sacoglottis ceratocarpa,Zoochor,16,-14.716,7.435
Funastrum pannosum,Autochor,3,-0.097,4.31
Astragalus solitarius,Nautochor,7,0.426,1.134
Ostericum maximowiczii,Anemochor,12,-0.522,-7.891
Eucalyptus bosistoana,Anemochor,11,0.157,3.337
Juncus brachycephalus,Anemochor,9,0.207,3.632
Xylosma panamensis,Zoochor,9,1.064,3.809
Thyrsacanthus boliviensis,Autochor,8,23.508,7.91
Petalostigma triloculare,Zoochor,13,0.209,3.104
Philodendron panamense,Zoochor,14,-3.366,4.181
Verbena filicaulis,Anemochor,8,1.722,3.313
Sabicea brasiliensis,Zoochor,13,-0.635,3.437
Xylomelum benthamii,Anemochor,12,2.437,3.669
Cirsium anartiolepis,Zoochor,13,2.504,2.86
Myoporum insulare,Zoochor,12,-1.131,5.139
Lobelia spathopetala,Zoochor,14,-0.895,3.879
Sclerolaena intricata,Anemochor,8,17.724,6.416
Corymbia ficifolia,Anemochor,13,-2.219,4.787
Pteronia glauca,Anemochor,6,1.691,3.832
Blechnum dissectum,Anemochor,6,-1.528,2.961
Heliotropium ellipticum,Autochor,3,2.023,2.05
Vriesea poenulata,Anemochor,9,0.508,2.801
Parnassia kotzebuei,Anemochor,10,-1.647,-2.875
Castilleja hyperborea,Anemochor,10,1.683,-6.056
Juncus rigidus,Anemochor,7,5.584,5.484
Calymmodon clavifer,Anemochor,11,-3.016,3.292
Piper pseudopothifolium,Zoochor,3,13.101,3.378
Hoffmannia conzattii,Zoochor,3,-2.365,4.943
Helicteres isora,Autochor,1,2.77,4.183
Chrysophyllum januariense,Zoochor,10,0.375,3.675
Sporobolus neglectus,Anemochor,8,0.399,3.119
Mussaenda shikokiana,Nautochor,3,3.939,2.527
Microsteris gracilis,Zoochor,6,-0.021,1.68
Penstemon seorsus,Anemochor,6,-0.337,1.481
Acacia anasilla,Zoochor,12,1.515,5.489
Heteropterys nervosa,Anemochor,6,1.792,5.586
Corymbia intermedia,Anemochor,6,0.784,3.339
Cymbonotus maidenii,Anemochor,11,3.617,5.707
Viola painteri,Zoochor,4,-2.957,2.757
Blastemanthus gemmiflorus,Autochor,3,-26.577,8.741
Ampelocissus leonensis,Zoochor,14,-2.656,5.043
Melaleuca tamariscina,Anemochor,16,2.498,6.188
Sisymbrium assoanum,Autochor,1,1.405,2.965
Fuchsia putumayensis,Zoochor,12,1.652,3.675
Almutaster pauciflorus,Anemochor,12,-0.17,2.889
Leptorhynchos orientalis,Anemochor,14,2.087,5.411
Mimosa claussenii,Autochor,4,-6.929,6.271
Trollius europaeus,Autochor,14,-0.857,3.229
Cruciata laevipes,Zoochor,11,1.655,1.927
Nonea micrantha,Zoochor,1,1.358,3.054
Salacia erecta,Zoochor,3,9.9,6.429
Acrotriche serrulata,Zoochor,4,0.724,3.305
Erythroxylum martii,Zoochor,10,-1.595,3.483
Eucalyptus chartaboma,Anemochor,6,1.972,5.202
Copaifera trapezifolia,Zoochor,2,2.225,3.723
Comesperma scoparium,Anemochor,2,0.226,5.854
Descurainia sophioides,Anemochor,2,-6.17,-9.269
Strychnos fendleri,Zoochor,10,1.346,4.947
Nemesia calcarata,Anemochor,10,0.83,2.92
Manettia calycosa,Autochor,16,1.115,3.715
Galium sellowianum,Zoochor,8,0.963,3.653
Lessingianthus morii,Anemochor,14,-1.222,3.225
Sticherus milnei,Anemochor,4,-7.468,5.456
Arabis pendulina,Autochor,11,-0.183,0.851
Jamesbrittenia grandiflora,Autochor,5,-0.8,2.922
Zanthoxylum sprucei,Zoochor,8,11.938,7.195
Wissadula glechomifolia,Autochor,12,2.709,4.88
Tauschia decumbens,Autochor,4,-1.016,3.517
Ferdinandusa goudotiana,Anemochor,16,-10.277,6.51
Alternanthera pungens,Autochor,12,12.433,4.518
Eriochloa punctata,Zoochor,5,2.375,4.953
Valiha diffusa,Autochor,12,-6.353,4.09
Stylidium pedunculatum,Autochor,11,-1.738,5.55
Linanthus jonesii,Anemochor,10,-2.36,2.578
Anemia elegans,Anemochor,13,0.254,4.194
Lasiacis standleyi,Anemochor,11,-4.277,3.726
Machaerium chiapense,Anemochor,2,3.787,4.144
Beaufortia cyrtodonta,Anemochor,4,-0.209,5.951
Solanum volubile,Autochor,11,-2.883,4.934
Lannea barteri,Zoochor,10,-3.4,5.343
Attalea tessmannii,Zoochor,14,-0.827,6.187
Hakea drupacea,Anemochor,13,-2.72,5.384
Eragrostis frankii,Autochor,9,0.564,4.543
Tillandsia filifolia,Anemochor,12,-5.092,4.829
Casearia prunifolia,Zoochor,1,-6.035,5.583
Wahlenbergia gracilenta,Anemochor,13,-0.939,5.019
Pedicularis schizocalyx,Autochor,3,0.206,1.74
Marcgravia coriacea,Zoochor,14,1.605,5.051
Stylidium acuminatum,Autochor,7,-4.642,5.648
Chrysitrix junciformis,Autochor,4,3.484,3.864
Eucalyptus stricklandii,Anemochor,13,-1.009,5.114
Sporobolus trichodes,Autochor,12,1.187,3.246
Eremophila linsmithii,Zoochor,9,1.366,4.83
Wahlenbergia celata,Anemochor,5,0.384,3.948
Saxifraga pensylvanica,Anemochor,8,-2.461,2.998
Duranta sprucei,Zoochor,16,-1.077,3.084
Carex cirrhosa,Autochor,2,-2.668,4.86
Miconia serrulata,Zoochor,1,0.752,5.775
Psychotria sylvivaga,Zoochor,6,4.189,3.399
Anemone virginiana,Anemochor,14,0.14,3.898
Ricinocarpos speciosus,Zoochor,5,-0.536,2.903
Archidendropsis streptocarpa,Nautochor,8,-13.364,3.577
Blepharis inaequalis,Anemochor,6,0.01,4.505
Acer pensylvanicum,Anemochor,15,0.594,1.389
Triodia longiceps,Anemochor,1,5.633,5.536
Aneilema beniniense,Autochor,4,4.497,7.709
Searsia natalensis,Zoochor,2,3.983,4.173
Spyridium buxifolium,Zoochor,1,0.019,2.721
Besleria trichostegia,Zoochor,2,-2.879,3.602
Piper macrotrichum,Zoochor,12,-8.677,5.985
Sambucus australis,Zoochor,15,-0.085,3.908
Cussonia paniculata,Zoochor,12,1.441,3.321
Solidago mollis,Anemochor,4,1.913,1.68
Tuctoria greenei,Anemochor,2,-0.048,3.825
Loeseneriella clematoides,Anemochor,1,-0.039,5.36
Mimosa foliolosa,Autochor,14,0.029,3.817
Sida abutifolia,Autochor,15,3.132,4.483
Sagittaria longiloba,Autochor,10,3.174,4.711
Frangula discolor,Zoochor,11,9.406,3.707
Odontonema callistachyum,Autochor,8,-8.222,4.921
Grevillea oxyantha,Autochor,7,-0.006,2.498
Marcgravia polyantha,Zoochor,6,0.969,3.302
Centaurea stoebe,Zoochor,13,0.102,4.859
Melampodium glabrum,Zoochor,8,1.863,3.847
Roldana suffulta,Anemochor,8,-1.251,3.493
Dodonaea aptera,Zoochor,13,-2.26,5.408
Dioclea huberi,Autochor,3,3.931,7.171
Draba lichiangensis,Anemochor,8,2.924,-0.796
Dalechampia dioscoreifolia,Autochor,5,0.227,4.532
Drimia convallarioides,Anemochor,6,0.737,3.122
Roldana cristobalensis,Anemochor,3,45.415,3.602
Ceiba acuminata,Anemochor,13,0.659,2.597
Gaultheria mucronata,Zoochor,10,-1.611,3.816
Marsdenia loniceroides,Anemochor,7,0.88,3.17
Hibbertia commutata,Zoochor,11,-0.576,5.262
Philodendron linnaei,Zoochor,15,0.808,6.495
Lepidosperma gracile,Zoochor,1,-2.201,5.493
Nothofagus antarctica,Anemochor,5,-1.922,3.697
Ocotea paranapiacabensis,Zoochor,15,1.768,3.04
Hydrocotyle tripartita,Autochor,11,-0.901,3.486
Ludwigia linearis,Autochor,13,0.805,5.346
Drosera huegelii,Autochor,6,-4.166,5.535
Bromus anomalus,Zoochor,2,0.472,2.831
Digitaria sabulosa,Autochor,7,-0.973,3.473
Chelone glabra,Anemochor,12,-1.496,1.471
Adenia mannii,Zoochor,8,3.189,6.464
Setaria hassleri,Autochor,7,9.355,6.757
Phyllanthus pervilleanus,Autochor,14,-1.868,3.551
Melicoccus bijugatus,Zoochor,5,0.444,4.193
Boronia inconspicua,Autochor,12,-2.089,4.657
Corydalis sheareri,Zoochor,15,3.473,2.865
Ornithogalum saundersiae,Anemochor,13,0.161,3.517
Gentianella serotina,Anemochor,7,-2.813,4.433
Gasteria brachyphylla,Anemochor,4,-0.502,2.841
Eremophila dichroantha,Zoochor,7,-3.616,5.991
Eurybia integrifolia,Anemochor,16,-0.192,0.154
Eucomis autumnalis,Hemerochor,13,0.688,3.229
Desmanthus velutinus,Anemochor,15,3.671,5.581
Polybotrya polybotryoides,Anemochor,10,-6.173,3.633
Poranthera triandra,Autochor,10,-1.77,5.545
Calyptranthes widgreniana,Zoochor,11,0.591,4.435
Pilosella vahlii,Zoochor,12,-1.408,1.291
Chaunochiton angustifolium,Anemochor,5,-2.506,5.333
Acroceras fluminense,Zoochor,11,3.95,5.893
Dorstenia barteri,Zoochor,1,-0.737,4.589
Phlegmariurus taxifolius,Chamaechor,12,19.583,4.488
Anemone obtusiloba,Anemochor,11,1.588,-0.089
Carduus keniensis,Anemochor,4,-10.215,3.903
Ardisia huallagae,Zoochor,11,-3.803,5.864
Carex lasiolepis,Autochor,9,2.826,2.442
Baloskion tetraphyllum,Autochor,13,-2.121,4.187
Simarouba versicolor,Zoochor,1,2.089,5.23
Clidemia piperifolia,Anemochor,14,-10.241,3.578
Sapium marmieri,Zoochor,15,4.336,6.482
Melaleuca villosisepala,Anemochor,4,0.392,5.833
Senecio subcoriaceus,Anemochor,16,1.28,3.345
Algrizea macrochlamys,Zoochor,7,-2.328,3.556
Tetrapogon bidentatus,Autochor,1,-0.121,5.22
Mikania ulei,Anemochor,13,2.668,3.463
Periploca forrestii,Anemochor,1,6.95,2.676
Trinia multicaulis,Zoochor,6,-2.111,2.548
Croton catatii,Autochor,14,-1.95,3.255
Wedelia regis,Autochor,16,-3.828,4.581
Olearia fimbriata,Autochor,12,-3.103,5.008
Tocoyena arenicola,Zoochor,14,-1.688,4.452
Alchornea cordifolia,Zoochor,12,2.758,6.434
Parodiolyra lateralis,Autochor,10,-0.389,3.177
Chironia linoides,Autochor,7,1.559,3.271
Athyrium epirachis,Anemochor,3,2.551,2.492
Andropogon tracyi,Autochor,4,14.531,8.717
Rumfordia floribunda,Zoochor,11,5.633,3.44
Juncus amabilis,Anemochor,14,-0.762,4.377
Sideritis hirsuta,Autochor,7,0.797,2.543
Triodia burbidgeana,Anemochor,6,2.025,5.601
Henriettea lasiostylis,Zoochor,9,-5.101,5.56
Stenanthemum humile,Zoochor,1,-0.931,5.55
Conostylis prolifera,Autochor,11,1.192,6.008
Clusia trochiformis,Zoochor,14,-0.67,3.262
Callisthene hassleri,Anemochor,12,4.811,5.402
Bourreria superba,Zoochor,9,1.896,2.59
Selaginella yemensis,Chamaechor,12,1.796,3.926
Gomphocarpus physocarpus,Anemochor,14,-0.39,3.5
Dodonaea polyandra,Zoochor,16,-1.653,5.093
Clavija poeppigii,Zoochor,6,5.577,6.562
Gentiana platypetala,Anemochor,5,-1.194,1.914
Erythroxylum kapplerianum,Zoochor,4,0.904,8.842
Begonia hirsuta,Autochor,10,3.415,3.508
Sorocea racemosa,Zoochor,14,0.916,2.893
Pouzolzia sanguinea,Autochor,2,5.472,2.589
Phyllanthus parvulus,Autochor,15,3.222,4.866
Epilobium brunnescens,Anemochor,9,-2.752,5.192
Poa cenisia,Anemochor,16,-1.001,1.541
Salix repens,Anemochor,1,-1.426,4.006
Ombrophytum peruvianum,Zoochor,10,6.968,5.486
Caesia alpina,Zoochor,4,-1.884,2.09
Euterpe edulis,Zoochor,4,2.587,4.53
Gentiana angustifolia,Anemochor,7,0.478,1.281
Calamagrostis scabrescens,Autochor,9,3.477,2.932
Serpocaulon lasiopus,Anemochor,9,-1.024,3.221
Coprosma moorei,Zoochor,6,-1.599,3.127
Harmogia densifolia,Zoochor,9,-0.533,3.455
Cirrhaea dependens,Anemochor,7,2.475,3.29
Ranunculus pallasii,Zoochor,5,-0.308,-2.705
Anemone narcissiflora,Anemochor,12,-3.166,-9.536
Jubelina wilburii,Anemochor,1,3.721,3.27
Dicraspidia donnell-smithii,Zoochor,14,-6.593,2.992
Pterodon emarginatus,Anemochor,7,4.112,5.959
Sida fibulifera,Autochor,14,5.101,5.543
Bastardiastrum cinctum,Anemochor,7,2.972,3.817
Millotia perpusilla,Anemochor,10,-0.266,5.338
Hydrocharis morsus-ranae,Autochor,2,-3.181,4.459
Tontelea laxiflora,Zoochor,13,-2.11,4.89
Hohenbergia castellanosii,Anemochor,7,-4.747,5.117
Rhynchospora microcephala,Autochor,2,6.185,6.338
Juncus flavidus,Anemochor,11,0.971,4.419
Helianthus atrorubens,Anemochor,13,0.954,4.85
Pyracantha coccinea,Zoochor,3,1.491,2.806
Carex austroalpina,Autochor,2,-0.896,1.547
Anthurium durandii,Zoochor,1,-1.428,3.122
Eriogonum thomasii,Anemochor,4,-2.204,4.057
Smilax purpurata,Zoochor,3,9.157,3.999
Heliotropium wigginsii,Autochor,9,0.545,3.034
Modiolastrum lateritium,Anemochor,8,2.981,4.72
Choriceras tricorne,Zoochor,16,-5.204,5.537
Calytrix fraseri,Zoochor,16,0.451,5.705
Ipomoea purga,Autochor,3,5.761,4.736
Coccoloba marginata,Autochor,9,-0.586,5.065
Schefflera spruceana,Zoochor,12,-12.43,6.711
Persoonia hirsuta,Zoochor,12,0.489,3.123
Ceroxylon quindiuense,Zoochor,9,-1.282,3.206
Limnocharis flava,Autochor,14,2.546,4.896
Australopyrum retrofractum,Autochor,12,-1.157,2.804
Erinus alpinus,Hemerochor,6,0.094,2.29
Chionochloa rubra,Anemochor,16,-2.843,4.363
Cordia lasiocalyx,Autochor,8,-9.518,5.019
Senecio isatideus,Anemochor,7,1.921,3.296
Brunia noduliflora,Zoochor,9,-0.643,2.855
Marsdenia liisae,Anemochor,10,-6.272,2.755
Solanum tricuspidatum,Autochor,11,3.037,6.339
Bernardia scabra,Autochor,7,-1.01,3.519
Stigmaphyllon herbaceum,Anemochor,7,1.513,4.933
Coptosperma graveolens,Zoochor,8,3.822,5.405
Anarthria scabra,Autochor,3,-3.489,5.663
Tambourissa trichophylla,Zoochor,12,-6.08,3.947
Melaleuca societatis,Anemochor,7,-4.021,5.934
Vasconcellea goudotiana,Zoochor,15,8.708,3.408
Rubus liebmannii,Zoochor,16,-7.54,3.459
Calochortus striatus,Autochor,7,0.257,3.742
Tapinanthus pentagonia,Zoochor,9,-0.159,5.15
Bupleurum glumaceum,Autochor,14,1.61,2.414
Astragalus allochrous,Nautochor,13,0.602,2.359
Verticordia stenopetala,Zoochor,10,-1.117,5.728
Eucalyptus jensenii,Anemochor,3,5.837,7.899
Donnellsmithia juncea,Autochor,16,-4.771,3.29
Dasypogon hookeri,Autochor,16,-6.042,5.992
Bothriochloa biloba,Zoochor,10,0.611,3.807
Sisyrinchium nashii,Autochor,8,10.057,5.518
Myrciaria tenella,Zoochor,6,3.193,4.268
Erodium neuradifolium,Anemochor,1,0.374,3.119
Ozoroa dispar,Autochor,7,3.729,3.139
Symphoricarpos rotundifolius,Zoochor,7,6.779,0.982
Miconia pileata,Zoochor,11,-1.219,5.608
Microstachys daphnoides,Zoochor,6,-0.072,3.63
Dyschoriste schiedeana,Autochor,14,0.244,2.866
Rogiera ligustroides,Autochor,14,6.662,3.823
Pittocaulon velatum,Anemochor,2,-11.322,3.554
Marianthus erubescens,Zoochor,7,1.008,5.752
Levenhookia pulcherrima,Autochor,12,1.449,5.716
Gymnocarpium disjunctum,Anemochor,3,-0.63,-2.937
Scleroblitum atriplicinum,Zoochor,3,8.295,5.837
Salix amygdaloides,Anemochor,5,0.412,4.24
Phacelia tetramera,Anemochor,9,0.582,2.316
Hyacinthella leucophaea,Hemerochor,9,-0.779,4.514
Draba verna,Anemochor,1,-0.15,3.318
Pentaclethra macroloba,Anemochor,15,1.438,6.619
Escallonia schreiteri,Anemochor,8,10.688,4.201
Mesembryanthemum haeckelianum,Ombrochor,13,-2.198,3.776
Chamaesaracha coniodes,Zoochor,5,0.723,3.946
Gonzalagunia dicocca,Autochor,9,-1.599,4.496
Hieracium pseudojutlandicum,Zoochor,11,-2.824,5.818
Asclepias eriocarpa,Anemochor,3,1.419,2.579
Levenhookia pauciflora,Autochor,5,-2.228,5.601
Sloanea sterculiacea,Zoochor,14,2.004,2.779
Ruellia yurimaguensis,Autochor,8,15.765,8.166
Excoecaria goudotiana,Nautochor,13,-0.721,3.19
Searsia gracillima,Zoochor,5,0.429,3.179
Jacquemontia abutiloides,Autochor,5,-0.301,3.385
Begonia pulchella,Autochor,1,0.808,3.13
Mollinedia oligantha,Autochor,3,-0.614,3.417
Leptospermum roei,Zoochor,2,0.86,5.761
Iresine schaffneri,Anemochor,2,-1.808,3.281
Cypselocarpus haloragoides,Zoochor,9,-3.618,5.429
Burmeistera succulenta,Autochor,1,-7.271,3.372
Piptadenia buchtienii,Anemochor,7,19.978,4.716
Peddiea involucrata,Zoochor,1,-2.945,3.062
Marsdenia mayana,Anemochor,8,6.019,5.55
Mimosa sparsiformis,Autochor,11,-0.669,3.4
Cordia exaltata,Autochor,16,0.369,7.016
Piper xanthostachyum,Zoochor,1,0.194,5.467
Nerisyrenia incana,Anemochor,15,6.954,3.915
Annona dolichophylla,Zoochor,12,-4.931,6.717
Banksia octotriginta,Anemochor,2,-0.192,6.048
Heteropsis steyermarkii,Zoochor,7,-11.918,6.864
Tetrapterys seemannii,Anemochor,5,0.763,4.224
Stipagrostis obtusa,Anemochor,13,0.453,3.72
Piper dumosum,Zoochor,5,-0.434,5.585
Rhamphicarpa fistulosa,Autochor,7,-5.475,6.446
Artemisia norvegica,Anemochor,3,-2.025,-13.086
Ixora minutiflora,Zoochor,13,-0.878,3.907
Diplazium werckleanum,Anemochor,14,14.308,3.014
Symplocos bidana,Zoochor,9,0.799,2.692
Oenothera pallida,Autochor,4,1.885,0.876
Drosera brevicornis,Autochor,14,-1.966,4.898
Selaginella arenicola,Chamaechor,6,5.407,5.849
Hydrangea hirta,Zoochor,15,2.279,2.2
Maranta incrassata,Autochor,3,7.683,5.155
Licania mollis,Zoochor,10,-7.655,5.782
Ambrosia carduacea,Hemerochor,14,0.273,2.849
Urena procumbens,Autochor,11,4.154,2.841
Phyllonoma ruscifolia,Zoochor,12,-4.974,3.626
Matisia soegengii,Autochor,16,3.086,5.744
Polystichum erosum,Anemochor,3,3.451,2.269
Chevreulia acuminata,Anemochor,10,0.221,3.409
Myrcia hatschbachii,Zoochor,8,1.096,3.667
Verticordia huegelii,Zoochor,11,-0.244,5.508
Cleyera theoides,Zoochor,4,-6.293,3.773
Connarus perrottetii,Zoochor,16,5.43,7.015
Psychotria subcapitata,Zoochor,6,0.54,3.428
Mirabilis pumila,Zoochor,9,0.842,2.278
Oxalis pilosa,Autochor,13,0.842,2.059
Meriania tetramera,Anemochor,4,18.364,3.66
Siparuna thecaphora,Zoochor,9,-1.455,4.103
Carex vestita,Autochor,7,-1.284,1.961
Taraxacum caespitans,Anemochor,14,-1.512,2.856
Rustia thibaudioides,Autochor,1,-11.321,5.663
Sassafras randaiense,Zoochor,15,-1.019,3.296
Leptonema venosum,Zoochor,2,-5.795,3.263
Aristolochia paulistana,Autochor,2,5.024,5.238
Eucalyptus lockyeri,Anemochor,15,0.2,3.745
Clathrotropis nitida,Anemochor,14,-7.172,5.774
Reseda undata,Hemerochor,10,1.144,2.759
Celmisia haastii,Autochor,15,-3.19,5.044
Chrysactinia truncata,Anemochor,1,1.613,2.93
Dyckia duckei,Anemochor,6,0.884,5.956
Fimbristylis oxystachya,Anemochor,13,1.077,5.146
Hakea cinerea,Anemochor,10,-4.531,5.758
Macrocarpaea sodiroana,Anemochor,16,-2.032,3.43
Carex hendersonii,Autochor,15,-0.256,2.309
Ulmus mexicana,Anemochor,1,-0.165,3.138
Aconitum pendulum,Hemerochor,11,0.62,0.927
Microlicia isophylla,Autochor,11,2.965,3.087
Philodendron adamantinum,Zoochor,11,6.384,4.713
Sporobolus heterolepis,Anemochor,14,0.343,4.022
Trachymene rotundifolia,Autochor,1,-4.193,5.72
Melaleuca viridiflora,Anemochor,11,2.108,5.495
Symphoricarpos rotundifolius,Zoochor,13,1.313,2.663
Corymbia eximia,Anemochor,15,1.889,3.192
Plagiogyria pectinata,Zoochor,5,-1.451,3.418
Allium siskiyouense,Anemochor,3,3.455,1.369
Halfordia kendack,Autochor,16,-5.094,4.676
Pedicularis cheilanthifolia,Autochor,9,2.633,3.158
Tridax procumbens,Zoochor,2,2.459,5.026
Tribonanthes australis,Autochor,10,-2.626,5.399
Maireana convexa,Anemochor,12,4.57,6.162
Medinilla viguieri,Anemochor,3,-5.304,3.934
Dactyloctenium giganteum,Anemochor,4,2.233,7.396
Morella cerifera,Zoochor,1,4.729,5.336
Picris pauciflora,Anemochor,16,5.203,2.402
Rhynchospora capitellata,Autochor,1,-0.129,3.528
Erigeron neomexicanus,Anemochor,4,-8.888,2.124
Eschweilera biflava,Zoochor,10,-0.804,3.047
Amyema dolichopoda,Zoochor,1,0.845,5.904
Deeringia arborescens,Zoochor,2,1.016,3.505
Galenia crystallina,Zoochor,10,-0.284,3.645
Samanea tubulosa,Autochor,11,5.236,6.213
Pittocaulon filare,Anemochor,16,-1.701,3.548
Vallisneria natans,Autochor,12,2.529,2.338
Mariosousa dolichostachya,Autochor,11,2.293,6.846
Tibouchina aspera,Autochor,14,1.572,5.533
Solanum sanctae-catharinae,Zoochor,9,-0.088,3.369
Symplocos corymboclados,Zoochor,1,3.2,4.674
Celastrus subspicatus,Zoochor,4,0.568,2.948
Connarus rostratus,Zoochor,4,3.968,4.067
Cissus smithiana,Autochor,9,-0.419,5.126
Dryopteris caudipinna,Anemochor,14,7.929,2.138
Meliosma brenesii,Zoochor,16,6.34,3.702
Inga psittacorum,Zoochor,10,-9.057,5.527
Eremanthus incanus,Anemochor,3,2.645,3.9
Juncus ochrocoleus,Anemochor,1,1.096,3.527
Echinochloa muricata,Hemerochor,9,0.287,4.626
Besleria capitata,Zoochor,13,2.004,4.114
Swartzia caudata,Zoochor,12,-27.888,5.64
Dodonaea tenuifolia,Zoochor,2,1.781,4.954
Dichapetalum congoense,Zoochor,16,1.097,6.012
Corallodiscus kingianus,Autochor,7,2.793,0.921
Syzygium tripetalum,Zoochor,9,0.968,2.594
Myrsine altomontana,Zoochor,7,2.999,3.198
Potamogeton strictifolius,Zoochor,5,-0.447,0.759
Ajania myriantha,Anemochor,3,2.477,1.009
Calytrix depressa,Zoochor,7,0.394,5.787
Disporum megalanthum,Zoochor,13,2.867,2.428
Pausandra morisiana,Autochor,16,3.141,3.854
Isopogon scabriusculus,Anemochor,8,3.947,6.172
Adonis ramosa,Hemerochor,16,1.509,1.236
Lepidagathis anobrya,Autochor,5,-3.454,5.359
Anthurium cupreum,Zoochor,9,16.346,3.034
Stevia myriadenia,Anemochor,14,0.273,3.12
Thymus japonicus,Zoochor,12,1.847,1.719
Leptadenia madagascariensis,Anemochor,12,0.175,5.041
Actinobole uliginosum,Anemochor,11,1.496,5.399
Teucrium bidentatum,Autochor,3,3.279,2.369
Paropsia humblotii,Zoochor,14,-4.327,3.047
Tabernaemontana phymata,Zoochor,16,-0.481,3.758
Fagus engleriana,Zoochor,6,3.539,2.666
Pavonia calyculosa,Autochor,3,8.842,6.433
Xenostegia tridentata,Autochor,11,-1.408,5.695
Vellozia furcata,Autochor,12,1.834,4.342
Sporobolus contractus,Autochor,1,0.96,2.912
Ptilotus capensis,Anemochor,7,2.033,5.456
Ranunculus gregarius,Zoochor,5,0.428,2.734
Couepia obovata,Zoochor,8,-8.825,7.914
Xyris involucrata,Autochor,9,-4.617,4.594
Richterago conduplicata,Anemochor,1,8.696,4.126
Meliosma vasquezii,Zoochor,5,-0.268,5.42
Andersonia latiflora,Anemochor,3,-1.688,4.29
Heteropterys sericea,Anemochor,11,1.111,3.023
Grevillea banksii,Autochor,14,-0.185,3.725
Tetrarrhena distichophylla,Anemochor,11,-2.29,4.161
Aneilema biflorum,Autochor,3,1.375,3.068
Solanum deflexum,Autochor,9,1.779,3.776
Hakea macraeana,Anemochor,3,3.997,2.656
Taraxacum eximium,Anemochor,1,-0.393,1.882
Psychotria flava,Zoochor,5,-1.126,4.312
Gmelina dalrympleana,Zoochor,15,-3.199,4.927
Rhynchospora inundata,Autochor,15,6.733,6.511
Heteropsis salicifolia,Zoochor,12,4.073,4.664
Solanum stipulatum,Autochor,13,2.546,2.573
Centrosema platycarpum,Autochor,11,7.854,5.902
Taraxacum interruptum,Anemochor,5,-1.549,3.665
Hypochaeris ciliata,Anemochor,15,0.517,-1.062
Tococa rotundifolia,Zoochor,5,-11.431,5.612
Guatteria atabapensis,Zoochor,12,-8.649,6.505
Marcetia macrophylla,Autochor,10,-3.805,2.985
Myrsine leucantha,Zoochor,15,-8.374,3.417
Parasitaxus usta,Zoochor,8,-3.059,3.396
Balbisia peduncularis,Anemochor,10,-3.944,2.968
Lobelia appendiculata,Zoochor,6,5.614,5.529
Astripomoea malvacea,Autochor,12,-1.308,5.715
Senna organensis,Autochor,1,1.208,2.913
Hymenophyllum crispum,Anemochor,11,-0.471,3.221
Euchiton limosus,Anemochor,14,-2.255,4.202
Arnica mollis,Hemerochor,6,-0.985,0.152
Muehlenbeckia axillaris,Hemerochor,14,-2.355,4.093
Allantoma lineata,Anemochor,6,-3.113,6.249
Pistacia lentiscus,Zoochor,16,1.704,2.765
Persoonia cuspidifera,Zoochor,15,-3.304,4.123
Leucanthemum maximum,Hemerochor,7,-0.831,2.617
Erythroxylum anguifugum,Zoochor,12,8.236,7.192
Combretum leprosum,Anemochor,2,3.857,5.893
Phyllanthus occidentalis,Autochor,1,1.306,3.915
Eucalyptus exserta,Anemochor,4,-0.931,6.046
Cassytha filiformis,Zoochor,9,-0.324,4.515
Peperomia heterophylla,Zoochor,13,0.459,3.052
Asclepias asperula,Anemochor,11,4.596,3.514
Cryptogramma acrostichoides,Anemochor,13,2.466,2.338
Dryopteris lacera,Anemochor,12,2.735,1.914
Jasminum fluminense,Zoochor,10,-1.211,4.762
Acrocomia hassleri,Zoochor,10,2.03,4.93
Eucalyptus regnans,Anemochor,7,-0.412,2.767
Lisianthius nigrescens,Autochor,2,-0.26,4.174
Synechanthus fibrosus,Zoochor,16,-2.303,4.337
Eragrostis confertiflora,Autochor,16,12.961,7.161
Plantago nivea,Zoochor,6,-0.726,3.048
Carex macrocephala,Autochor,9,-0.937,3.113
Piper cordulatum,Zoochor,1,3.013,3.482
Trachyandra ciliata,Autochor,5,-0.309,3.15
Rudgea monofructus,Zoochor,4,-4.228,4.713
Linanthus bellus,Anemochor,15,0.617,2.962
Goodenia heppleana,Zoochor,3,-0.107,7.877
Beilschmiedia riparia,Zoochor,9,-0.224,2.982
Glischrocaryon flavescens,Autochor,9,-1.61,5.343
Drypetes lateriflora,Autochor,11,2.55,6.258
Xyloolaena richardii,Zoochor,5,-3.066,3.019
Drosera subtilis,Autochor,5,-2.78,5.382
Pilocarpus racemosus,Autochor,6,2.073,4.158
Serjania pacifica,Anemochor,13,1.671,2.431
Tacca maculata,Autochor,16,3.376,6.569
Ruellia matagalpae,Autochor,16,0.161,4.303
Eschweilera romeu-cardosoi,Zoochor,13,-6.163,5.328
Siphocodon spartioides,Anemochor,15,-0.288,3.496
Trisetum viride,Anemochor,4,11.258,2.885
Nigella damascena,Zoochor,1,2.166,2.533
Scutellaria barbata,Autochor,12,4.044,3.176
Gamochaeta simplicicaulis,Anemochor,1,0.438,4.292
Passiflora morifolia,Zoochor,13,1.313,4.038
Dalea pinetorum,Anemochor,4,1.158,3.319
Lavandula viridis,Anemochor,7,1.03,4.096
Carex projecta,Autochor,15,-0.452,1.604
Fuchsia perscandens,Zoochor,4,-2.402,4.225
Arctostaphylos glandulosa,Anemochor,13,3.288,2.657
Darwinia pinifolia,Zoochor,4,-0.457,4.238
Passiflora umbilicata,Zoochor,2,2.835,3.832
Yucca periculosa,Zoochor,1,-2.752,3.245
Rubus peltatus,Zoochor,13,2.428,2.493
Sauvagesia sprengelii,Autochor,6,-1.282,5.919
Strobilanthes atropurpurea,Autochor,12,4.878,1.83
Symplocos thwaitesii,Zoochor,10,-0.125,2.839
Chaerophyllum prescottii,Anemochor,13,-0.517,4.055
Guatteria oligocarpa,Zoochor,5,-0.323,3.927
Pachira duckei,Anemochor,1,0.301,6.264
Lupinus prunophilus,Autochor,6,0.781,1.224
Beilschmiedia pendula,Zoochor,11,-1.463,3.744
Eleocharis montevidensis,Autochor,10,4.97,3.539
Berberis dasystachya,Zoochor,11,4.074,1.159
Eucalyptus astringens,Anemochor,15,-1.114,5.717
Lecythis chartacea,Zoochor,14,-4.1,5.683
Mimosa interrupta,Autochor,7,7.312,6.689
Planchonella dothioensis,Zoochor,5,1.421,2.54
Centrolobium tomentosum,Anemochor,7,5.004,4.681
Prismatocarpus diffusus,Autochor,8,6.899,3.244
Renealmia floribunda,Zoochor,12,-1.304,7.118
Laportea grossa,Zoochor,15,-0.442,3.826
Meriania tuberculata,Anemochor,13,0.168,3.188
Anthurium xanthophylloides,Zoochor,7,5.288,4.57
Manilkara kauki,Zoochor,3,-5.075,5.971
Aethionema armenum,Anemochor,5,1.944,2.453
Plantago debilis,Zoochor,12,2.497,4.247
Pseudowintera axillaris,Zoochor,2,-2.563,4.381
Quercus scytophylla,Zoochor,8,9.107,3.552
Olearia erubescens,Autochor,4,-2.868,2.239
Rubus nebulosus,Zoochor,11,-1.261,3.25
Botrychium oneidense,Chamaechor,9,0.072,4.2
Mandevilla brachyloba,Anemochor,1,0.284,3.163
Cerastium sylvaticum,Zoochor,16,-0.484,2.129
Festuca pallens,Anemochor,6,1.59,2.4
Pseudobombax tomentosum,Anemochor,4,4.678,7.549
Psychotria lucens,Zoochor,9,0.857,4.294
Zanthoxylum simulans,Zoochor,11,2.349,3.465
Graptopetalum fruticosum,Anemochor,10,-8.804,2.987
Potentilla nivea,Anemochor,15,-3.208,-4.243
Eriogonum parvifolium,Anemochor,8,5.744,3.108
Ursinia cakilefolia,Zoochor,15,2.899,3.313
Ipomopsis arizonica,Autochor,3,-0.462,1.443
Viscum album,Zoochor,10,0.146,3.091
Wahlenbergia cernua,Anemochor,4,0.95,3.483
Brintonia discoidea,Anemochor,16,4.439,5.269
Chascolytrum monandrum,Autochor,7,-2.614,2.689
Kosteletzkya virginica,Autochor,10,4.351,5.791
Catananche caerulea,Anemochor,9,0.419,2.435
Turnera grandidentata,Autochor,11,4.193,5.774
Parkinsonia microphylla,Nautochor,3,0.817,4.08
Synaptantha tillaeacea,Autochor,2,10.33,6.308
Matisia oblongifolia,Autochor,12,-18.764,6.612
Ladenbergia pavonii,Zoochor,3,-9.096,4.223
Matayba oppositifolia,Zoochor,16,1.386,4.961
Heliophila linearis,Anemochor,7,-0.001,3.48
Hylenaea praecelsa,Anemochor,5,-1.472,5.257
Carex adelostoma,Autochor,4,-1.137,-3.405
Iris pseudacorus,Autochor,13,-0.197,4.894
Eucalyptus accedens,Anemochor,2,0.321,5.722
Trichomanes pellucens,Anemochor,9,-3.203,3.692
Peperomia psilostachya,Zoochor,8,7.994,4.502
Taraxacum unguilobum,Anemochor,3,-1.947,2.693
Goodenia bellidifolia,Zoochor,7,0.243,3.172
Radiola linoides,Autochor,9,-0.513,4.212
Cryptanthus schwackeanus,Zoochor,13,1.285,2.634
Stellaria irrigua,Anemochor,4,3.853,-3.0
Liatris chapmanii,Anemochor,12,12.003,6.797
Salvia regla,Autochor,3,1.113,3.087
Protium multiramiflorum,Zoochor,6,-0.913,4.387
Eichhornia paniculata,Autochor,3,0.221,5.015
Schoenus variicellae,Autochor,16,1.128,5.851
Citharexylum glabrum,Zoochor,4,7.307,4.294
Caulanthus glaucus,Anemochor,12,0.697,1.598
Calamagrostis lahulensis,Autochor,7,-0.376,0.839
Rubus sapidus,Zoochor,8,8.257,3.596
Palicourea blanchetiana,Zoochor,2,0.015,4.053
Cryptantha abata,Zoochor,10,1.273,1.439
Rhododendron simiarum,Anemochor,4,6.805,2.947
Silene uralensis,Anemochor,10,-1.84,-3.804
Lemmaphyllum rostratum,Anemochor,2,4.887,3.978
Isodon pharicus,Autochor,13,5.218,3.402
Searsia rigida,Zoochor,7,0.939,3.528
Caesarea albiflora,Anemochor,14,-0.441,3.501
Trichilia tuberculata,Zoochor,3,-3.362,7.391
Zanthoxylum caribaeum,Zoochor,11,3.582,5.395
Vantanea obovata,Zoochor,12,-0.986,3.484
Dicrastylis fulva,Autochor,12,-0.914,6.191
Sida salviifolia,Autochor,1,1.81,3.855
Atractylis cancellata,Anemochor,9,1.787,2.539
Haemodorum parviflorum,Autochor,2,-3.514,6.711
Licaria campechiana,Zoochor,7,3.214,5.241
Coussapoa crassivenosa,Zoochor,16,-8.097,4.332
Lycopodium clavatum,Anemochor,4,-5.029,-4.311
Myosurus cupulatus,Zoochor,2,0.114,2.308
Luzula sylvatica,Zoochor,1,-0.47,2.357
Adromischus filicaulis,Anemochor,15,3.054,3.394
Maranta amazonica,Autochor,5,-8.833,5.088
Eucalyptus latens,Anemochor,15,-0.067,5.894
Solanum deflexiflorum,Autochor,15,5.784,3.37
Salvia farinacea,Autochor,12,7.233,5.988
Schinopsis marginata,Anemochor,2,10.434,4.704
Barleria affinis,Autochor,7,3.566,5.358
Hibiscus laevis,Autochor,15,3.001,5.32
Scleria mitis,Autochor,12,5.33,5.866
Catabrosa aquatica,Autochor,7,-2.243,0.042
Chordifex monocephalus,Autochor,7,-2.001,2.854
Hemiscola diffusa,Autochor,14,0.26,3.785
Meconella denticulata,Anemochor,6,3.742,2.591
Chomelia intercedens,Zoochor,7,7.03,6.101
Scirpus polyphyllus,Anemochor,4,-0.5,2.269
Chordifex monocephalus,Autochor,15,-1.974,2.926
Grevillea cunninghamii,Autochor,12,2.195,6.1
Carex aethiopica,Autochor,13,-0.946,2.864
Lantana hirta,Zoochor,8,19.407,4.106
Croton compressus,Autochor,7,4.44,4.99
Astragalus umbellatus,Nautochor,9,1.13,-0.511
Microlepia platyphylla,Anemochor,6,5.714,3.382
Mariosousa usumacintensis,Autochor,8,7.934,6.066
Arenga westerhoutii,Zoochor,1,4.572,3.858
Nietneria paniculata,Autochor,7,-0.598,4.06
Plectranthus laxiflorus,Autochor,2,-1.759,3.107
Phyllangium distylis,Anemochor,2,-1.567,4.987
Dichanthium foveolatum,Anemochor,3,3.626,5.382
Geonoma calyptrogynoidea,Zoochor,10,-3.91,3.869
Hydrocotyle tumida,Autochor,13,-2.105,4.697
Clematis pogonandra,Anemochor,9,2.304,2.468
Taxillus nigrans,Zoochor,7,3.966,2.867
Sida salviifolia,Autochor,13,1.443,3.193
Crocus minimus,Autochor,11,1.337,2.444
Euryops tenuissimus,Anemochor,11,4.628,2.908
Cryptandra leucopogon,Zoochor,16,0.103,5.953
Spermacoce hillii,Autochor,8,12.281,8.371
Salmea orthocephala,Anemochor,15,-3.956,3.704
Convolvulus bonariensis,Autochor,5,-0.495,4.372
Boehmeria platanifolia,Autochor,8,2.305,1.81
Trichomanes colensoi,Anemochor,2,-2.807,4.239
Sisyndite spartea,Zoochor,6,1.969,4.213
Axonopus marginatus,Autochor,3,3.17,5.49
Bromus aleutensis,Zoochor,9,-0.087,2.564
Polygala sanariapoana,Autochor,13,-4.085,4.827
Habranthus irwinianus,Autochor,14,-2.407,3.051
Echinopepon milleflorus,Anemochor,2,8.488,3.433
Piper darienense,Zoochor,13,0.184,3.843
Tachiadenus platypterus,Anemochor,6,-1.605,2.97
Astragalus salmonis,Nautochor,4,0.527,-0.585
Syngonanthus humboldtii,Anemochor,11,3.845,6.298
Symphyotrichum lateriflorum,Anemochor,2,-0.695,2.719
Desmodium leiocarpum,Zoochor,2,4.107,4.732
Sphaeradenia purpurea,Zoochor,6,-2.156,3.819
Otostegia fruticosa,Autochor,12,3.51,3.298
Trigastrotheca molluginea,Ombrochor,14,3.716,5.755
Allium campanulatum,Anemochor,6,-1.744,1.943
Cuscuta epithymum,Autochor,5,-0.14,3.798
Tanacetum vahlii,Hemerochor,14,0.102,2.97
Paspalum polyphyllum,Autochor,15,3.835,4.465
Ptisana salicina,Chamaechor,8,-1.808,5.269
Myrcia verrucosa,Zoochor,13,-0.324,4.621
Pedicularis centranthera,Autochor,11,0.812,1.079
Bernardia obovata,Autochor,5,0.527,2.861
Santolina canescens,Autochor,9,1.49,2.684
Nesogordonia abrahamii,Anemochor,8,-2.043,3.639
Tectaria fuscipes,Anemochor,16,5.434,3.866
Asplenium heterochroum,Anemochor,10,4.212,4.283
Vicia nigricans,Autochor,11,-0.987,2.595
Oxypetalum flavopurpureum,Anemochor,5,0.639,4.28
Huperzia pecten,Chamaechor,8,-14.65,3.668
Polygala linoides,Autochor,7,4.583,4.719
Tacca plantaginea,Autochor,16,4.654,4.479
Miconia chrysophylla,Zoochor,14,0.304,5.526
Micraira lazaridis,Anemochor,7,-3.944,6.406
Senecio hercynicus,Anemochor,16,-0.769,1.384
Polystichum lemmonii,Anemochor,14,1.997,2.308
Hessea monticola,Autochor,1,-1.234,3.112
Phaseolus vulgaris,Zoochor,11,2.168,3.455
Tristachya avenacea,Zoochor,11,-2.01,3.603
Astraea comosa,Zoochor,15,-14.683,3.172
Drosanthemum striatum,Ombrochor,14,-0.692,3.641
Angelica valida,Autochor,4,3.06,1.908
Coccoloba barbadensis,Autochor,9,0.244,4.098
Lasianthus hookeri,Zoochor,3,7.956,4.857
Licania majuscula,Zoochor,4,2.014,8.376
Pittosporum viridiflorum,Zoochor,6,0.269,3.18
Arenaria fendleri,Anemochor,8,0.214,-0.337
Nicotiana otophora,Anemochor,4,1.007,3.995
Pseudobombax longiflorum,Anemochor,8,7.157,6.633
Galeopsis segetum,Hemerochor,12,-1.303,3.602
Drynaria bonii,Anemochor,14,3.331,3.488
Scilla monophyllos,Zoochor,16,0.936,2.899
Gratiola neglecta,Autochor,5,0.17,3.971
Kyllinga brevifolia,Autochor,8,8.29,6.037
Lonicera morrowii,Zoochor,5,3.119,2.191
Elaphoglossum ciliatum,Anemochor,10,-5.484,3.275
Lomandra fibrata,Zoochor,7,-3.688,3.889
Goniophlebium subauriculatum,Anemochor,2,1.795,3.453
Stenostomum acreanum,Zoochor,16,1.145,6.274
Allium ampeloprasum,Anemochor,7,2.05,2.908
Isomeris arborea,Autochor,10,14.21,3.1
Eragrostis rotifer,Autochor,15,2.065,5.642
Adenocalymma pseudopatulum,Anemochor,10,-8.609,5.459
Senna cearensis,Autochor,7,1.535,5.159
Malvella sherardiana,Autochor,3,4.193,3.635
Pachysandra axillaris,Zoochor,15,4.343,2.575
Matelea petiolaris,Anemochor,6,16.253,2.859
Eragrostis palmeri,Autochor,5,0.572,2.814
Viola riviniana,Zoochor,2,-1.289,3.191
Adenia cissampeloides,Zoochor,1,-0.238,5.431
Jarilla chocola,Zoochor,12,-0.158,3.89
Sticherus truncatus,Anemochor,12,1.273,4.278
Sclerolaena diacantha,Zoochor,15,6.214,5.793
Bulbinella trinervis,Autochor,13,-0.087,3.15
Saurauia villosa,Zoochor,12,0.739,4.041
Allium curtum,Anemochor,14,0.544,3.504
Sacoglottis ceratocarpa,Zoochor,10,-7.533,5.787
Brachyelytrum aristosum,Autochor,10,0.03,2.937
Salvia curviflora,Autochor,16,0.192,3.754
Selaginella hansenii,Chamaechor,6,-0.773,2.376
Coreopsis petrophiloides,Anemochor,2,2.433,3.308
Eremophila dempsteri,Zoochor,14,0.475,5.719
Trillium flexipes,Zoochor,1,-0.148,4.952
Piper longestylosum,Zoochor,8,31.638,6.183
Cleome eosina,Autochor,8,30.208,8.346
Merremia flagellaris,Autochor,15,2.935,3.958
Croton guianensis,Autochor,12,1.075,7.164
Chenopodium polyspermum,Zoochor,12,-0.979,3.057
Huperzia capillaris,Chamaechor,1,-6.3,5.085
Erodium glandulosum,Anemochor,13,-0.166,2.84
Qualea paraensis,Anemochor,15,0.738,6.731
Drypetes arguta,Autochor,13,0.262,3.546
Conostegia cinnamomea,Zoochor,16,-5.537,4.545
Aphelandra bahiensis,Autochor,15,5.873,5.129
Carex utriculata,Autochor,4,-3.175,-7.542
Serjania acoma,Anemochor,4,7.487,5.65
Mcvaughia bahiana,Anemochor,5,2.399,4.927
Baptisia tinctoria,Chamaechor,5,0.782,3.856
Pausandra macrostachya,Autochor,5,-4.579,5.823
Plagiobothrys scouleri,Hemerochor,5,0.653,2.424
Calystegia marginata,Autochor,10,-0.867,3.532
Goeppertia brasiliensis,Zoochor,12,9.374,5.716
Forsteronia spicata,Anemochor,4,6.207,6.548
Burmannia coelestis,Autochor,14,0.587,4.212
Polycarpaea longiflora,Anemochor,7,2.895,6.612
Turnera orientalis,Autochor,10,2.359,4.878
Romulea rosea,Autochor,10,-0.536,3.121
Bertiera bicarpellata,Zoochor,10,-1.224,5.525
Hibbertia microphylla,Zoochor,6,-0.508,5.596
Byttneria australis,Autochor,2,0.857,3.697
Schizachyrium cirratum,Anemochor,10,-0.526,2.667
Piriqueta cistoides,Autochor,7,4.784,6.365
Schumanniophyton magnificum,Zoochor,4,5.905,7.835
Eriachne aristidea,Zoochor,15,11.93,6.446
Ageratum maritimum,Anemochor,7,18.049,7.775
Hortia oreadica,Zoochor,10,3.514,4.933
Baccharis ochracea,Anemochor,13,-0.348,4.459
Manihot nana,Autochor,14,-1.875,4.235
Pteris decurrens,Anemochor,8,2.894,3.519
Eucalyptus corynodes,Anemochor,12,0.199,4.677
Cinnamomum tamala,Zoochor,13,1.869,2.713
Leptospermum macrocarpum,Zoochor,5,1.143,2.77
Reimarochloa brasiliensis,Anemochor,15,4.928,6.008
Rourea surinamensis,Zoochor,4,-7.905,7.886
Gordonia brenesii,Anemochor,6,-0.877,3.664
Smilax china,Zoochor,6,3.048,2.277
Thysanocarpus radians,Anemochor,2,-0.085,2.803
Strychnos nicaraguensis,Zoochor,10,-1.338,4.17
Asplenium hookerianum,Anemochor,9,-2.376,5.138
Solidago microglossa,Anemochor,4,8.02,5.651
Pellaea gastonyi,Anemochor,9,1.935,0.507
Taraxacum ekmanii,Anemochor,3,-2.533,2.021
Cleistopholis glauca,Zoochor,3,9.54,7.057
Themistoclesia dependens,Autochor,9,0.189,3.217
Adenocalymma cladotrichum,Anemochor,7,-10.204,6.986
Ipomoea carajasensis,Autochor,9,0.002,4.869
Valeriana uliginosa,Anemochor,7,-0.798,0.447
Tanaecium mutabile,Anemochor,14,2.457,4.873
Dimorphotheca nudicaulis,Anemochor,14,0.171,3.028
Amorpha californica,Zoochor,3,9.569,2.54
Miconia aponeura,Zoochor,15,-6.608,4.558
Crinum macowanii,Anemochor,11,0.41,3.647
Cullen parvum,Autochor,8,1.204,4.776
Parthenocissus heptaphylla,Zoochor,10,2.677,6.294
Drosera barbigera,Autochor,3,-0.281,5.722
Echinops spinosissimus,Anemochor,16,4.574,2.847
Solanum sendtnerianum,Autochor,16,0.317,7.217
Inga pilosula,Zoochor,6,3.417,6.283
Juanulloa ochracea,Zoochor,1,-11.454,5.718
Ceroxylon quindiuense,Zoochor,2,-6.163,3.391
Cremastosperma monospermum,Zoochor,2,6.491,7.037
Brachychiton albidus,Nautochor,10,1.703,4.426
Rhinanthus minor,Zoochor,13,-0.327,4.493
Veronica repens,Zoochor,14,-0.41,2.49
Terminalia sepicana,Anemochor,1,-5.931,3.831
Tetradymia stenolepis,Anemochor,15,1.331,2.255
Amphilophium crucigerum,Anemochor,4,7.915,6.208
Myrcia racemulosa,Zoochor,10,2.057,4.437
Acisanthera quadrata,Autochor,11,5.92,6.096
Carex michelii,Autochor,15,-1.343,3.6
Uncaria sinensis,Nautochor,15,1.501,2.128
Quercus agrifolia,Zoochor,10,0.224,2.797
Verbesina longipes,Autochor,4,0.801,3.695
Sida dubia,Autochor,15,1.722,4.86
Ledebouria leptophylla,Nautochor,8,0.839,4.861
Desmocladus biformis,Autochor,10,-2.817,5.672
Aralia warmingiana,Zoochor,6,0.769,4.089
Meiogyne cylindrocarpa,Zoochor,6,-2.332,5.012
Cheilanthes horridula,Anemochor,1,2.697,3.659
Ximenia coriacea,Zoochor,2,-0.433,3.472
Begonia elatostemmoides,Autochor,14,0.433,4.186
Geum leiospermum,Zoochor,5,-2.793,4.867
Arthrostylis aphylla,Autochor,8,-2.689,6.493
Ptisana salicina,Chamaechor,16,-1.9,5.313
Mimusops capuronii,Zoochor,9,-1.599,3.013
Echinodorus grandiflorus,Autochor,5,2.312,4.698
Asplenium capitisyork,Anemochor,16,10.62,4.694
Austrostipa breviglumis,Autochor,6,0.934,4.421
Eleutherococcus henryi,Zoochor,15,3.45,1.937
Calochortus splendens,Autochor,9,3.962,2.604
Tachigali odoratissima,Autochor,2,-14.178,7.399
Brachyscome tenuiscapa,Anemochor,4,-1.917,2.858
Vernonanthura westiniana,Anemochor,11,0.938,3.284
Nectandra paranaensis,Zoochor,3,4.311,3.553
Maireana pyramidata,Anemochor,15,5.893,5.653
Endiandra bessaphila,Zoochor,16,-7.128,3.145
Atriplex papillata,Anemochor,10,0.786,5.965
Ctenanthe ericae,Autochor,15,2.288,6.383
Mimosa interrupta,Autochor,8,9.539,7.294
Coptosperma supra-axillare,Zoochor,14,-0.605,3.04
Dicliptera trifurca,Autochor,1,0.822,4.14
Aeollanthus pubescens,Autochor,11,-3.321,5.565
Trianthema portulacastrum,Zoochor,15,5.342,4.504
Trapa natans,Nautochor,11,1.307,0.382
Juncus brevibracteus,Anemochor,11,-1.431,2.816
Panicum verrucosum,Anemochor,11,5.638,5.606
Drosera dichrosepala,Autochor,6,-2.745,5.547
Calophyllum milvum,Nautochor,15,-4.779,3.123
Thysanotus arenarius,Zoochor,3,-0.658,5.523
Protea witzenbergiana,Anemochor,14,2.354,2.651
Planera aquatica,Nautochor,12,10.246,5.737
Palicourea pyramidalis,Zoochor,4,26.371,3.91
Taraxacum privum,Anemochor,7,-2.12,4.668
Cirsium eatonii,Zoochor,8,-3.411,-2.151
Atriplex nessorhina,Anemochor,2,9.74,5.806
Chomelia polyantha,Zoochor,15,-2.613,6.09
Unonopsis veneficiorum,Zoochor,1,-8.933,6.152
Polypogon elongatus,Anemochor,9,-0.316,3.22
Hoheria glabrata,Anemochor,2,-3.024,4.745
Fimbristylis blakei,Anemochor,3,10.175,7.653
Rytigynia bugoyensis,Zoochor,9,-2.075,3.114
Lupinus densiflorus,Autochor,7,-0.129,2.88
Lygodium venustum,Anemochor,13,-0.186,4.288
Gordonia fruticosa,Anemochor,15,1.265,3.466
Abutilon cryptopetalum,Anemochor,6,3.896,5.688
Bersama tysoniana,Anemochor,6,-0.316,3.232
Kobresia simpliciuscula,Zoochor,7,-4.571,-8.938
Carex bella,Autochor,1,-0.028,1.129
Cyrtandra erectiloba,Autochor,7,6.746,3.713
Luzula crinita,Zoochor,10,-3.149,5.189
Ammannia crinipes,Nautochor,13,0.558,5.068
Ctenium concinnum,Anemochor,11,-1.563,3.308
Tilesia baccata,Autochor,1,-0.105,5.219
Serjania sphaerococca,Anemochor,12,5.567,5.867
Theobroma subincanum,Zoochor,14,-2.071,5.523
Solanum heterodoxum,Autochor,3,3.413,3.466
Unonopsis veneficiorum,Zoochor,6,-9.397,6.319
Corymbia sphaerica,Anemochor,7,10.684,7.058
Pelargonium crispum,Anemochor,4,11.565,2.884
Dypsis crinita,Zoochor,15,-3.211,3.417
Maesobotrya klaineana,Zoochor,9,2.233,3.818
Salix athabascensis,Anemochor,1,-0.15,-1.713
Bignonia hyacinthina,Anemochor,12,2.801,6.693
Kirkia wilmsii,Anemochor,15,1.558,3.166
Monochaetum alpestre,Ombrochor,7,3.986,3.817
Ficus vallis-choudae,Zoochor,4,-2.985,6.923
Cochlearia groenlandica,Autochor,12,-13.144,-12.529
Rothmannia macrocarpa,Zoochor,7,3.239,6.646
Blechnum laevigatum,Anemochor,11,2.539,3.844
Gymnosporia gracilis,Zoochor,13,-1.895,5.072
Salvia nemorosa,Hemerochor,7,-2.617,3.73
Cyathula prostrata,Zoochor,7,-0.39,5.564
Elachyptera floribunda,Anemochor,8,4.794,6.815
Buchnera ramosissima,Autochor,6,2.52,6.083
Thelionema umbellatum,Zoochor,8,0.221,3.173
Vellozia dasypus,Autochor,9,-0.044,3.463
Austrostipa feresetacea,Autochor,10,0.044,2.192
Hibiscus striatus,Autochor,16,13.979,6.923
Melaleuca papillosa,Anemochor,1,-3.106,5.059
Microseris laciniata,Anemochor,3,-0.548,1.509
Scutellaria racemosa,Autochor,12,3.804,5.126
Calopsis burchellii,Autochor,15,2.527,3.532
Solanum aloysiifolium,Autochor,9,5.253,3.962
Byrsonima nemoralis,Zoochor,1,-12.726,5.249
Rhadinothamnus euphemiae,Zoochor,16,-0.388,4.774
Asplenium vieillardii,Anemochor,4,3.633,4.53
Geranium sessiliflorum,Autochor,5,-1.912,3.503
Erica erigena,Autochor,12,3.549,2.296
Litsea elongata,Zoochor,8,4.675,2.563
Lepidonia jonesii,Anemochor,9,1.546,3.135
Ricinocarpos cyanescens,Zoochor,3,-0.897,6.007
Pedicularis parryi,Autochor,9,0.351,1.744
Monotaxis grandiflora,Zoochor,2,-0.412,5.773
Myristica subalulata,Zoochor,13,-4.091,3.126
Polygala comosa,Zoochor,15,-2.551,3.996
Floscopa glabrata,Autochor,10,0.907,4.559
Hermannia depressa,Autochor,9,0.227,3.549
Pseudananas sagenarius,Anemochor,5,3.524,4.768
Themistoclesia epiphytica,Autochor,7,-4.616,3.561
Vochysia grandis,Anemochor,12,-1.754,6.344
Carex ruthii,Autochor,5,0.063,2.584
Elymus pendulinus,Anemochor,13,2.079,3.193
Greigia sylvicola,Zoochor,15,-8.077,3.34
Psychotria coptosperma,Zoochor,9,2.095,2.582
Glossostipula concinna,Zoochor,16,8.374,3.808
Neoroepera banksii,Zoochor,2,-3.861,4.915
Cruckshanksia pumila,Anemochor,10,-2.674,2.94
Didiplis diandra,Autochor,4,7.974,5.409
Xanthorrhoea minor,Zoochor,7,-0.818,3.751
Baccharis quitensis,Anemochor,3,8.42,3.173
Symbolanthus calygonus,Autochor,1,21.128,3.316
Rhus jaliscana,Zoochor,4,6.313,4.305
Solanum rixosum,Autochor,8,2.991,2.988
Lonicera pyrenaica,Zoochor,15,7.562,2.769
Maireana microcarpa,Anemochor,16,13.36,6.037
Platypodium elegans,Autochor,5,0.356,4.328
Eucalyptus neglecta,Anemochor,3,-1.286,2.481
Ticorea longiflora,Autochor,8,0.267,7.976
Theobroma obovatum,Zoochor,7,-0.194,7.444
Valeriana californica,Anemochor,3,4.805,0.322
Erica sonderiana,Autochor,10,-1.625,3.004
Ipomoea minutiflora,Autochor,6,1.077,5.186
Ventilago elegans,Anemochor,5,2.445,3.027
Plantago tubulosa,Zoochor,9,-3.686,3.618
Tillandsia compacta,Anemochor,11,1.519,3.271
Hazardia orcuttii,Anemochor,7,1.745,4.075
Clerodendrum laevifolium,Autochor,12,0.287,3.862
Brahea elegans,Zoochor,4,-7.415,4.392
Thysanocarpus radians,Anemochor,9,-0.022,2.847
Houstonia rubra,Anemochor,3,2.552,2.695
Juniperus navicularis,Zoochor,12,2.152,4.243
Corchorus walcottii,Zoochor,7,10.953,6.619
Allium cernuum,Anemochor,10,0.653,1.495
Heliconia latispatha,Zoochor,3,0.809,5.426
Lactuca indica,Zoochor,12,3.87,1.95
Daviesia sejugata,Zoochor,13,-1.333,3.959
Bignonia campanulata,Anemochor,12,4.535,5.002
Puya alpestris,Zoochor,15,5.536,3.237
Gomphrena pulchella,Autochor,4,9.606,4.494
Rubus trifidus,Zoochor,16,3.701,2.502
Satureja thymbra,Autochor,13,0.059,2.216
Viburnum venustum,Zoochor,7,-12.151,3.481
Werauhia graminifolia,Anemochor,10,0.444,2.992
Struthanthus uraguensis,Zoochor,14,3.904,4.795
Pariana trichosticha,Zoochor,8,-13.705,7.441
Aucuba himalaica,Zoochor,1,3.023,2.303
Eragrostis articulata,Autochor,3,9.445,6.281
Dicranopteris taiwanensis,Anemochor,5,0.554,3.574
Caraipa longipedicellata,Anemochor,15,-2.034,5.932
Andropogon angustatus,Autochor,15,3.936,5.543
Pinus sibirica,Anemochor,12,-7.461,-8.92
Ferulago humilis,Anemochor,15,5.942,2.638
Billardiera venusta,Zoochor,5,-2.546,5.626
Dicentra eximia,Zoochor,7,0.968,2.418
Salvia arizonica,Autochor,16,3.495,2.561
Asclepias adscendens,Anemochor,9,-0.015,3.81
Swainsona reticulata,Nautochor,7,2.663,3.698
Rytidosperma thomsonii,Zoochor,13,-3.041,5.697
Carex sabulosa,Autochor,1,-2.224,-3.084
Triadica cochinchinensis,Zoochor,5,3.776,2.607
Scleria oligantha,Anemochor,11,5.047,5.071
Striga forbesii,Autochor,10,1.446,4.884
Cynodon aethiopicus,Autochor,8,0.462,5.525
Crinum venosum,Anemochor,2,3.172,6.067
Gratiola neglecta,Autochor,12,0.102,1.891
Glochidion lanceolatum,Zoochor,10,1.682,3.127
Anthurium comtum,Zoochor,1,1.857,2.879
Calliandra renvoizeana,Autochor,5,-27.144,2.839
Solidago virgaurea,Autochor,15,-2.547,2.808
Rauvolfia mattfeldiana,Zoochor,15,6.928,5.298
Polygonatum humile,Zoochor,7,-0.296,-3.025
Minuartia cismontana,Anemochor,15,9.379,2.342
Dracaena americana,Zoochor,5,0.428,3.78
Adiantum aleuticum,Anemochor,5,0.492,2.052
Mitreola petiolata,Autochor,11,6.317,5.835
Episcia lilacina,Anemochor,11,0.441,4.0
Comanthera centauroides,Anemochor,13,2.404,2.666
Stylosanthes leiocarpa,Autochor,6,2.487,4.719
Elatine californica,Zoochor,15,1.025,2.485
Illicium philippinense,Nautochor,10,4.1,2.88
Marcgravia purpurea,Zoochor,16,2.807,6.394
Sesamoides purpurascens,Hemerochor,2,0.629,2.781
Lomatium ciliolatum,Autochor,2,9.127,2.215
Triumfetta acracantha,Zoochor,3,-2.312,5.057
Malpighia glabra,Zoochor,14,0.998,4.065
Calliandra renvoizeana,Autochor,13,-13.174,2.6
Epilobium pycnostachyum,Anemochor,3,-3.112,4.29
Prunus reflexa,Zoochor,8,14.224,4.32
Anisotome flexuosa,Anemochor,14,-2.816,4.923
Dyssochroma longipes,Zoochor,4,5.383,3.776
Eucalyptus campaspe,Anemochor,11,1.048,5.495
Utricularia odorata,Autochor,9,-1.358,4.874
Licania niloi,Zoochor,5,-0.466,5.59
Broussonetia papyrifera,Zoochor,13,3.135,2.868
Duguetia moricandiana,Zoochor,4,2.355,5.647
Croton argyroglossus,Autochor,13,-0.688,3.466
Gnidia parviflora,Zoochor,13,0.336,3.211
Inga barbata,Zoochor,13,0.465,2.757
Scleria georgiana,Autochor,7,6.766,6.695
Halenia elliptica,Anemochor,3,-2.812,0.859
Gymnanthes klotzschiana,Zoochor,5,0.924,4.07
Costularia purpurea,Zoochor,6,-3.689,3.761
Amphipogon strictus,Anemochor,9,-1.38,4.97
Lathyrus parvifolius,Autochor,10,-2.223,3.048
Dactyloctenium giganteum,Anemochor,1,-0.155,5.408
Cryptantha flavoculata,Zoochor,5,0.79,1.753
Gutierrezia ramulosa,Anemochor,9,0.071,3.647
Montinia caryophyllacea,Autochor,11,1.608,3.411
Buchenavia amazonia,Zoochor,10,-4.057,5.398
Desmodium platycarpum,Zoochor,6,3.959,5.26
Solanum robustifrons,Zoochor,5,3.968,4.784
Stachyococcus adinanthus,Autochor,4,0.728,9.349
Artemisia sylvatica,Anemochor,10,2.005,1.403
Byrsonima arthropoda,Zoochor,10,2.079,5.813
Billia rosea,Anemochor,11,0.816,3.335
Asterolasia hexapetala,Autochor,3,4.426,5.188
Antennaria rosea,Anemochor,9,1.49,1.725
Trichostema brachiatum,Anemochor,16,0.861,4.212
Ximenia caffra,Zoochor,3,-2.129,5.22
Helicia formosana,Zoochor,10,4.248,2.947
Symphyotrichum shortii,Anemochor,15,-0.341,4.46
Rhododendron ferrugineum,Autochor,14,-7.456,2.289
Potentilla potaninii,Zoochor,8,-2.628,-0.206
Senecio pampeanus,Anemochor,1,1.847,3.89
Penaea cneorum,Zoochor,16,-1.042,3.223
Duthiastrum linifolium,Autochor,2,0.794,5.638
Eryngium pristis,Autochor,16,3.758,5.34
Pavonia mutisii,Autochor,9,-0.165,3.013
Asplenium tuerckheimii,Anemochor,11,4.347,4.324
Evolvulus pterocaulon,Autochor,7,4.65,5.682
Jatropha stevensii,Autochor,14,-1.985,2.954
Arctopus dregei,Anemochor,12,2.883,3.481
Crusea parviflora,Anemochor,2,0.065,3.947
Typhonium eliosurum,Zoochor,2,-0.494,4.083
Selaginella labordei,Chamaechor,6,1.831,2.392
Hypericum cerastoides,Zoochor,11,2.522,2.163
Anthurium wendlingeri,Zoochor,14,3.996,3.181
Actinostemma tenerum,Anemochor,7,3.723,3.622
Gurania tricuspidata,Zoochor,2,5.655,4.389
Hemigenia benthamii,Zoochor,16,-0.451,6.144
Rinzia schollerifolia,Zoochor,2,-2.867,5.172
Acalypha mortoniana,Autochor,11,0.516,4.827
Pseudognaphalium ramosissimum,Anemochor,4,1.043,3.161
Doronicum altaicum,Anemochor,7,-5.519,-6.965
Epilobium foliosum,Anemochor,13,-0.34,2.69
Lasiopetalum fitzgibbonii,Zoochor,13,-1.926,5.818
Gentiana nipponica,Anemochor,9,3.34,2.155
Carex microptera,Autochor,16,0.981,-0.41
Wrightia laevis,Anemochor,5,-2.461,3.244
Carex cordillerana,Autochor,13,1.299,2.738
Hottonia palustris,Autochor,4,-3.681,3.764
Hamamelis vernalis,Zoochor,5,0.706,4.565
Melichrus adpressus,Zoochor,2,0.021,3.781
Silene conica,Anemochor,1,0.967,2.7
Tetratheca pilosa,Zoochor,2,-1.601,3.732
Tillandsia pruinosa,Anemochor,12,0.606,4.4
Jacquemontia sphaerostigma,Autochor,4,8.483,6.906
Stachytarpheta villosa,Autochor,6,-4.559,3.865
Palicourea bracteosa,Zoochor,8,10.083,7.017
Philodendron cuneatum,Zoochor,13,-4.595,4.817
Tambourissa trichophylla,Zoochor,10,-2.729,3.445
Callitriche petriei,Zoochor,16,-2.512,4.394
Tofieldia calyculata,Autochor,1,-0.476,2.951
Metalasia cephalotes,Anemochor,14,-2.138,3.92
Anthurium obtusilobum,Zoochor,6,-3.005,3.553
Petrophile merrallii,Autochor,2,0.581,5.973
Microspermum debile,Anemochor,14,4.796,3.449
Aphelandra gigantiflora,Autochor,12,2.31,4.521
Lobelia dregeana,Zoochor,12,1.491,4.23
Eucalyptus kybeanensis,Anemochor,7,-1.541,2.746
Pityrodia gilruthiana,Autochor,9,-2.664,5.323
Olyra latifolia,Zoochor,3,3.268,6.71
Buddleja saligna,Anemochor,1,0.898,3.511
Cyrtanthus galpinii,Hemerochor,2,-0.076,3.988
Piper pseudoarboreum,Zoochor,14,0.555,5.476
Chromolaena hookeriana,Anemochor,16,8.468,4.383
Matisia intricata,Autochor,6,-5.622,6.158
Fraxinus greggii,Anemochor,10,3.036,2.95
Calytrix praecipua,Zoochor,3,12.11,6.4
Selaginella erythropus,Chamaechor,9,0.722,4.473
Eremophila lachnocalyx,Zoochor,4,7.033,8.132
Dryopteris integriloba,Anemochor,13,2.076,3.019
Sterculia guapayensis,Anemochor,7,-7.491,6.435
Erythroxylum sphaeranthum,Zoochor,15,-3.43,3.336
Virola carinata,Zoochor,12,-5.079,6.872
Stylidium roseoalatum,Autochor,6,-1.241,5.267
Peperomia rhombea,Zoochor,11,6.357,5.153
Vochysia obscura,Anemochor,15,-3.737,6.363
Ixora narcissodora,Zoochor,7,0.939,5.5
Persicaria elatior,Autochor,2,1.044,3.497
Otatea acuminata,Autochor,2,3.167,3.305
Heisteria silvianii,Zoochor,11,0.745,3.077
Melaleuca spathulata,Anemochor,5,-3.121,5.667
Croton salutaris,Autochor,6,2.009,3.189
Siphocampylus dependens,Autochor,10,12.189,3.334
Dudleya pulverulenta,Anemochor,12,1.093,2.925
Machaerina preissii,Zoochor,9,-2.486,5.272
Ranunculus turneri,Zoochor,7,-12.898,-12.889
Lobelia chinensis,Zoochor,8,2.611,2.085
Verbesina glabrata,Autochor,8,0.637,3.472
Micranthes stellaris,Autochor,1,1.717,1.546
Digitaria orbata,Autochor,15,0.285,4.233
Scutellaria agrestis,Autochor,9,-1.151,4.641
Chamaedorea schiedeana,Zoochor,1,3.891,3.312
Boronia palasepala,Autochor,4,3.927,4.748
Calytrix amethystina,Zoochor,14,2.573,5.372
Thysanotus dichotomus,Zoochor,3,0.44,5.663
Monotagma tomentosum,Zoochor,9,-5.125,5.272
Psathyrotopsis scaposa,Anemochor,7,3.953,3.91
Chomelia brachypoda,Zoochor,7,-4.633,4.092
Pitcairnia calderonii,Anemochor,5,3.356,3.338
Nothofagus aequilateralis,Anemochor,16,7.971,3.573
Rhynchospora schiedeana,Autochor,7,9.73,3.453
Agarista pulchra,Autochor,11,-2.925,3.224
Ichnanthus glaber,Autochor,2,4.75,5.578
Anthurium austin-smithii,Zoochor,2,-12.11,4.134
Maytenus buxifolia,Zoochor,8,1.414,6.491
Senecio pseudoarnica,Anemochor,13,1.183,2.315
Verbascum thapsus,Hemerochor,8,-2.635,2.933
Tavaresia barklyi,Anemochor,5,-0.129,4.527
Senecio paniculatus,Anemochor,5,-0.253,2.967
Carex intumescens,Autochor,11,-0.609,2.254
Acronychia pauciflora,Zoochor,6,-0.467,3.626
Hemarthria uncinata,Autochor,3,-0.17,3.725
Brachyscome curvicarpa,Anemochor,8,10.707,6.006
Agrimonia pilosa,Zoochor,6,-0.492,0.369
Cannomois parviflora,Autochor,9,3.015,2.856
Sloanea medusula,Zoochor,3,-0.386,4.625
Henriettea fascicularis,Zoochor,14,-2.337,4.832
Marsdenia angustata,Anemochor,16,1.272,7.148
Machaerina rubiginosa,Zoochor,1,-4.992,3.97
Stereocaryum ovigerum,Zoochor,8,5.565,3.871
Ichthyothere rufa,Autochor,12,5.442,6.323
Eryngium columnare,Autochor,3,-8.588,3.241
Thymus pulcherrimus,Zoochor,13,1.641,2.81
Eremophila freelingii,Zoochor,8,7.687,6.205
Ceratophyllum submersum,Autochor,8,-3.379,4.301
Wolffia brasiliensis,Autochor,15,5.661,5.59
Hybridella globosa,Anemochor,16,2.469,3.622
Paliavana prasinata,Anemochor,12,3.975,3.064
Ambrosia tomentosa,Hemerochor,1,0.616,2.623
Strychnos brasiliensis,Zoochor,8,4.54,4.714
Nymphaea ondinea,Autochor,4,-4.851,8.173
Naucleopsis ternstroemiiflora,Zoochor,2,5.053,7.189
Whitfieldia elongata,Autochor,13,-2.184,4.834
Handroanthus albus,Anemochor,11,2.655,3.965
Dryopteris nodosa,Anemochor,10,-0.79,3.055
Hyptis mutabilis,Zoochor,5,-5.378,4.719
Calandrinia porifera,Anemochor,9,-1.124,5.471
Koeleria crassipes,Zoochor,15,0.253,2.822
Cirsium kagamontanum,Zoochor,10,5.296,2.025
Thesium aggregatum,Zoochor,8,1.677,3.227
Swartzia auriculata,Zoochor,10,-1.861,6.124
Diplatia furcata,Zoochor,14,-0.04,4.747
Acronychia oblongifolia,Zoochor,4,0.781,3.424
Andrachne microphylla,Autochor,16,2.252,3.016
Bowiea volubilis,Anemochor,6,0.31,3.183
Dalea bicolor,Anemochor,5,0.753,2.889
Geranium fallax,Autochor,6,0.582,2.967
Acmella grandiflora,Anemochor,3,-1.036,5.685
Salix triandra,Hemerochor,15,-2.75,2.56
Boronia warangensis,Autochor,14,4.072,4.59
Clibadium grandifolium,Anemochor,3,-4.053,4.291
Pleurothyrium golfodulcense,Zoochor,13,0.013,2.664
Ocotea obliqua,Zoochor,4,-6.914,9.194
Tricalysia microphylla,Zoochor,9,-0.221,4.996
Monnina oblongifolia,Anemochor,15,2.885,4.413
Festuca thurberi,Anemochor,16,7.267,-0.286
Geranium nepalense,Autochor,6,5.15,2.328
Lupinus lepidus,Autochor,13,0.247,3.001
Boronia rivularis,Autochor,14,-2.063,3.505
Cybianthus lepidotus,Zoochor,12,1.983,3.737
Citharexylum lycioides,Zoochor,7,-4.451,3.56
Socratea exorrhiza,Zoochor,14,-2.426,5.372
Eleocharis mitracarpa,Autochor,16,1.36,0.456
Rhynchosia mantaroensis,Autochor,13,2.744,4.175
Xylophragma harleyi,Anemochor,5,0.246,3.995
Triadenum virginicum,Zoochor,2,-1.012,0.648
Austrostipa pubescens,Autochor,3,1.599,3.03
Selaginella acutifolia,Chamaechor,10,7.912,4.383
Ouratea suaveolens,Zoochor,7,-2.412,5.373
Boophone haemanthoides,Anemochor,12,3.446,3.386
Pectis linearis,Anemochor,5,0.317,4.577
Adiantopsis dichotoma,Anemochor,7,2.414,4.505
Cinnamomum laubatii,Zoochor,6,4.219,2.902
Wolffia borealis,Autochor,14,-0.267,3.401
Mimosa irrigua,Autochor,14,-1.968,3.082
Hyptis tetragona,Autochor,10,2.619,4.434
Bactris caryotifolia,Zoochor,13,1.461,3.056
Ursinia speciosa,Zoochor,15,2.208,3.641
Cerastium brachypetalum,Autochor,14,-0.444,3.898
Piper curvipilum,Zoochor,4,5.22,4.369
Struthanthus condensatus,Zoochor,7,2.496,3.927
Margaritaria anomala,Zoochor,13,-0.705,3.013
Hakea megadenia,Anemochor,2,-1.55,3.16
Platonia insignis,Autochor,4,1.211,8.799
Eupatorium fortunei,Anemochor,2,4.454,3.301
Leptostigma reptans,Zoochor,14,-1.958,3.478
Bryonia alba,Zoochor,11,-2.143,3.883
Nematanthus gregarius,Anemochor,9,1.201,2.758
Ligusticum tenuifolium,Autochor,11,0.729,-0.721
Eucalyptus rummeryi,Anemochor,2,3.005,3.404
Taraxacum tumentilobum,Anemochor,13,-0.404,5.209
Aquilegia yabeana,Autochor,5,2.045,2.457
Lysinema pentapetalum,Anemochor,5,-1.569,5.62
Senna multifoliolata,Autochor,9,1.188,2.878
Peperomia blanda,Zoochor,13,0.501,3.131
Anthurium laciniosum,Zoochor,14,5.213,3.475
Myrica esculenta,Zoochor,6,-1.197,2.798
Mouriri apiranga,Zoochor,14,3.027,5.909
Acmispon denticulatus,Anemochor,10,0.856,-0.5
Dilobeia thouarsii,Autochor,16,-8.417,3.28
Mercurialis annua,Zoochor,11,1.758,2.791
Tillandsia pohliana,Anemochor,12,2.3,4.768
Minuartia yukonensis,Anemochor,10,-0.959,-5.205
Conostomium natalense,Zoochor,2,-0.948,3.122
Sageretia horrida,Zoochor,11,2.209,1.703
Axonopus longispicus,Autochor,15,-0.366,5.766
Myrcia fenzliana,Zoochor,16,0.45,3.894
Guzmania melinonis,Anemochor,12,10.22,4.317
Cephalaralia cephalobotrys,Zoochor,4,0.203,3.37
Sorghastrum pellitum,Anemochor,10,1.884,4.447
Flindersia schottiana,Autochor,1,-0.505,3.66
Vitex waterlotii,Zoochor,2,0.775,3.595
Mikania lindbergii,Anemochor,16,3.369,3.323
Centaurea fleischeri,Zoochor,3,0.269,2.094
Stereospermum euphorioides,Anemochor,13,0.402,3.082
Ptilotus appendiculatus,Anemochor,11,5.811,6.077
Reichardia picroides,Anemochor,3,2.484,2.735
Cordylanthus ramosus,Anemochor,6,0.537,1.099
Rhynchospora fascicularis,Autochor,11,8.041,6.915
Fimbristylis caespitosa,Autochor,10,2.805,5.702
Croton triacros,Autochor,16,-4.441,3.359
Ammannia latifolia,Nautochor,7,7.175,5.792
Eucalyptus tenella,Anemochor,16,0.669,2.625
Dryopteris mayebarae,Anemochor,2,3.567,2.459
Silene caroliniana,Anemochor,9,1.181,3.875
Peperomia trinervula,Zoochor,15,-2.32,4.331
Alyssum hirsutum,Hemerochor,1,0.883,3.19
Blackstonia grandiflora,Anemochor,16,-4.878,2.379
Vitex melicopea,Zoochor,7,0.573,3.922
Decodon verticillatus,Autochor,3,-0.445,1.938
Plectranthus lanuginosus,Autochor,7,-3.014,3.689
Lepidosperma tuberculatum,Zoochor,7,-0.324,5.626
Senecio parryi,Anemochor,9,3.217,2.485
Anthurium protensum,Zoochor,10,-0.938,3.039
Plantago arborescens,Zoochor,1,0.657,3.583
Anthurium crenatum,Zoochor,6,6.994,4.816
Aechmea setigera,Autochor,16,0.541,6.97
Matayba spruceana,Zoochor,15,3.059,6.478
Alibertia pilosa,Zoochor,15,0.695,6.383
Verticordia drummondii,Zoochor,12,0.678,5.827
Crepis fraasii,Anemochor,9,2.857,2.366
Peperomia talinifolia,Zoochor,9,0.171,3.35
Drosanthemum hispidum,Ombrochor,5,-0.116,3.422
Craspedia uniflora,Anemochor,9,-2.591,5.184
Stachytarpheta cearensis,Autochor,4,4.624,5.644
Xylopia aromatica,Zoochor,9,-0.128,4.835
Russelia retrorsa,Autochor,9,-0.308,2.862
Eleocharis geniculata,Autochor,9,0.846,4.23
Cuspidaria inaequalis,Anemochor,4,7.139,8.723
Linum medium,Anemochor,8,6.913,5.566
Tetratheca efoliata,Zoochor,2,1.187,5.686
Cambessedesia espora,Autochor,6,-1.506,3.652
Forsteronia refracta,Anemochor,9,0.558,3.95
Thesium resedoides,Zoochor,9,-0.352,4.003
Stachyarrhena acuminata,Autochor,7,11.574,7.273
Polemonium micranthum,Anemochor,6,-0.97,2.474
Alchemilla semilunaris,Autochor,2,-2.857,0.316
Psychotria phyllocalymmoides,Zoochor,11,-1.197,3.665
Colubrina macrocarpa,Autochor,6,1.059,3.479
Diclis reptans,Anemochor,7,2.48,3.105
Alchornea trewioides,Zoochor,16,4.441,2.811
Alania cunninghamii,Autochor,6,-2.092,3.967
Onoseris speciosa,Anemochor,5,15.469,3.227
Guatteria tomentosa,Zoochor,8,14.181,6.381
Erythroxylum simonis,Zoochor,6,0.112,4.349
Leptospermum erubescens,Zoochor,8,0.951,5.878
Agrostis capillaris,Anemochor,7,-2.728,2.885
Ilex belizensis,Zoochor,13,0.204,3.542
Phytolacca icosandra,Zoochor,4,2.747,4.296
Syzygium angophoroides,Zoochor,9,-0.401,4.164
Halodule wrightii,Zoochor,16,3.764,6.533
Nolana sedifolia,Anemochor,10,-1.984,3.06
Selaginella eclipes,Chamaechor,9,-0.021,4.523
Chloroleucon mangense,Autochor,10,2.119,4.371
Cota tinctoria,Anemochor,5,1.962,2.219
Vepris ampody,Zoochor,16,-4.533,3.222
Eriachne agrostidea,Zoochor,13,-1.043,5.166
Oxytropis besseyi,Zoochor,1,0.71,2.903
Jasione crispa,Autochor,11,0.147,2.261
Sclerolaena eriacantha,Anemochor,1,4.658,5.51
Aristolochia chilensis,Autochor,1,-3.279,3.078
Otopappus verbesinoides,Zoochor,12,-2.557,3.986
Teucrium franchetianum,Autochor,10,-0.511,2.522
Senecio hieronymi,Anemochor,16,0.671,2.69
Pinguicula lutea,Autochor,14,3.776,5.697
Ficus cyathistipula,Zoochor,6,1.942,5.176
Allocasuarina paradoxa,Anemochor,2,-1.177,4.58
Abuta grisebachii,Zoochor,12,-0.777,7.08
Senecio retrorsus,Anemochor,8,-2.914,2.852
Baloskion australe,Autochor,4,-2.131,2.105
Clusia guatemalensis,Zoochor,4,-3.875,4.499
Heteropterys nitida,Anemochor,8,7.463,3.972
Phacelia mohavensis,Anemochor,6,-0.925,2.173
Achnatherum coronatum,Zoochor,12,0.46,2.657
Knautia arvernensis,Zoochor,5,0.345,2.746
Jacobaea erucifolia,Autochor,15,0.622,3.041
Hierochloe odorata,Autochor,7,-1.449,-4.442
Myriocephalus nudus,Anemochor,15,4.389,6.081
Aristolochia macrophylla,Autochor,9,1.416,2.839
Noronhia capuronii,Zoochor,6,-2.236,3.704
Calandrinia schistorhiza,Anemochor,11,4.357,5.517
Eucalyptus aspratilis,Anemochor,2,-0.206,5.762
Erodium lebelii,Anemochor,6,2.187,4.267
Aristida laevis,Anemochor,10,1.714,4.897
Amaranthus retroflexus,Autochor,4,-0.016,4.018
Coussarea nodosa,Anemochor,4,-0.518,4.171
Bulbostylis tenuifolia,Autochor,7,4.703,5.532
Macaranga occidentalis,Anemochor,13,-0.298,3.105
Lobelia macrodon,Zoochor,11,-2.964,4.685
Meehania fargesii,Zoochor,9,2.717,2.091
Miconia longicuspis,Zoochor,13,0.478,2.655
Phyllospadix iwatensis,Zoochor,13,3.194,2.948
Pedicularis rubens,Autochor,8,1.699,-8.734
Stereospermum undatum,Anemochor,4,-0.747,4.62
Iriartella stenocarpa,Zoochor,8,-0.168,8.168
Sclerolaena hostilis,Anemochor,16,2.799,6.835
Clethra repanda,Anemochor,7,-14.115,3.375
Pseudognaphalium pringlei,Anemochor,9,0.864,2.497
Eremophila youngii,Zoochor,1,4.899,5.61
Trifolium nanum,Zoochor,1,1.673,1.215
Hybanthus concolor,Autochor,5,1.324,4.067
Drimia altissima,Anemochor,6,-1.713,5.486
Espeletia grandiflora,Autochor,10,3.051,3.596
Montanoa frutescens,Anemochor,4,-1.051,4.096
Pentopetia ovalifolia,Anemochor,10,0.616,4.595
Andropogon durifolius,Autochor,4,15.639,6.063
Bremeria vestita,Nautochor,7,-5.676,3.314
Artemisia santonicum,Anemochor,5,0.29,4.467
Wurmbea latifolia,Zoochor,8,0.465,4.532
Thymus pulcherrimus,Zoochor,3,-0.42,0.357
Juncus macrophyllus,Anemochor,4,19.948,2.378
Selaginella delicatissima,Chamaechor,15,0.957,3.687
Iris collettii,Autochor,4,1.685,4.609
Solanum crispum,Autochor,3,-0.476,2.429
Microlicia tenuifolia,Autochor,2,-9.082,3.445
Symphyotrichum ciliatum,Anemochor,5,0.432,1.739
Chaunochiton angustifolium,Anemochor,16,-3.106,7.126
Billardiera macrantha,Zoochor,14,-1.702,3.212
Ichthyothere cunabi,Autochor,13,-0.116,4.743
Symphyotrichum concolor,Anemochor,4,8.929,5.88
Prunus gentryi,Zoochor,12,-42.997,3.039
Aneilema siliculosum,Autochor,1,-1.671,4.993
Pittosporum pullifolium,Zoochor,2,0.19,4.103
Carissa haematocarpa,Nautochor,3,0.924,3.241
Juncus cyperoides,Anemochor,7,-0.094,3.337
Chusquea paludicola,Anemochor,9,-0.83,3.315
Tetratheca shiressii,Zoochor,3,-0.566,3.47
Hypericum pseudopetiolatum,Zoochor,15,4.081,1.811
Coptosperma littorale,Zoochor,5,-0.237,4.679
Isopogon baxteri,Anemochor,1,-2.505,5.15
Xyris neglecta,Autochor,4,2.777,4.088
Bouteloua triaena,Anemochor,4,6.174,4.905
Schizachyrium perplexum,Anemochor,8,1.148,6.287
Asplenium erosum,Anemochor,10,-0.047,3.723
Thouinia acuminata,Anemochor,16,-2.461,4.163
Costus erythrothyrsus,Zoochor,7,1.281,6.647
Stipa tirsa,Anemochor,9,-0.501,4.81
Lupinus densiflorus,Autochor,15,0.66,2.868
Phalaris brachystachys,Anemochor,8,2.522,3.179
Philodendron paucinervium,Zoochor,12,-3.738,6.327
Aechmea coelestis,Autochor,12,0.466,3.176
Schizachyrium glaziovii,Anemochor,6,3.09,5.025
Marlierea polygama,Zoochor,15,6.921,3.982
Dipelta yunnanensis,Zoochor,8,2.18,1.746
Jatropha weddeliana,Autochor,10,21.86,5.749
Parsonsia plaesiophylla,Anemochor,16,1.055,4.154
Guichenotia micrantha,Zoochor,15,0.396,5.912
Piper soledadense,Zoochor,16,-15.771,7.312
Mibora minima,Anemochor,3,1.168,2.381
Sporobolus atrovirens,Autochor,7,-1.78,3.498
Clethra cuneata,Anemochor,12,5.925,3.148
Euclea crispa,Zoochor,7,1.387,3.543
Codonopsis viridiflora,Anemochor,1,0.198,2.024
Uvularia sessilifolia,Zoochor,8,-1.207,1.37
Mertensia macdougalii,Anemochor,4,3.73,1.672
Stachytarpheta villosa,Autochor,15,-2.304,4.059
Stenanthemum petraeum,Zoochor,12,7.395,5.806
Cuphea heterophylla,Autochor,1,9.226,3.091
Comarostaphylis spinulosa,Zoochor,6,4.001,3.175
Corymbia dichromophloia,Anemochor,2,5.529,7.041
Anthoxanthum monticola,Autochor,12,-6.891,-9.144
Rhynchospora glaziovii,Autochor,6,-0.498,3.318
Calamus macrochlamys,Zoochor,10,-3.931,3.745
Boerhavia burbidgeana,Zoochor,15,8.58,6.268
Witheringia maculata,Zoochor,6,-5.66,3.18
Daviesia rubiginosa,Zoochor,4,2.421,5.895
Anemone berlandieri,Anemochor,16,6.051,5.953
Wielandia fadenii,Anemochor,13,-1.94,3.523
Antennaria rosulata,Anemochor,16,3.463,0.841
Eragrostis lateritica,Autochor,16,-4.131,3.507
Garrya longifolia,Zoochor,7,6.405,3.368
Baccharis curitybensis,Anemochor,16,1.967,3.369
Acaciella villosa,Zoochor,13,0.222,3.043
Impatiens nana,Autochor,10,-2.891,3.099
Abuta obovata,Zoochor,13,-3.073,4.88
Marattia cicutifolia,Chamaechor,14,0.164,3.266
Comesperma integerrimum,Anemochor,14,0.228,5.611
Palicourea thyrsiflora,Zoochor,6,37.963,3.315
Eucalyptus doratoxylon,Anemochor,5,-3.71,5.416
Eragrostis schultzii,Autochor,2,-0.296,5.7
Combretum xanthothyrsum,Anemochor,16,2.248,5.066
Polystichum imbricans,Anemochor,16,0.035,1.772
Carex pauciflora,Autochor,6,-0.259,-0.186
Leandra fallax,Zoochor,2,3.809,3.07
Salvia azurea,Autochor,3,6.439,5.877
Leptospermum polyanthum,Zoochor,5,0.607,2.803
Hyptis capitata,Zoochor,3,2.559,5.488
Scabiosa canescens,Zoochor,4,-1.259,3.204
Myosotis alpestris,Hemerochor,12,-9.903,-8.898
Polygonella articulata,Anemochor,10,0.004,2.854
Pfaffia glabrata,Autochor,12,0.717,3.996
Coptosperma supra-axillare,Zoochor,6,-0.668,3.262
Thysanotus pseudojunceus,Zoochor,3,-3.883,5.595
Zornia latifolia,Zoochor,4,8.994,7.112
Cinnamomum glanduliferum,Zoochor,14,4.083,3.864
Cuphea dipetala,Autochor,15,-4.129,3.433
Aniba venezuelana,Zoochor,7,3.343,3.928
Pometia pinnata,Anemochor,7,-3.371,4.79
Horsfordia newberryi,Autochor,6,0.443,3.153
Begonia majungaensis,Autochor,11,3.014,3.51
Hieracium plicatum,Zoochor,15,-1.279,1.584
Semialarium paniculatum,Anemochor,7,3.915,4.746
Cestrum latifolium,Zoochor,4,7.724,7.844
Mirabilis hirsuta,Zoochor,9,0.554,4.241
Solanum decompositiflorum,Autochor,11,0.856,3.585
Rustia schunkeana,Autochor,11,2.725,5.662
Apoplanesia paniculata,Anemochor,5,0.708,4.651
Mecardonia serpylloides,Autochor,14,3.106,4.323
Ageratina altissima,Anemochor,5,0.521,4.224
Croton schiedeanus,Autochor,15,-0.533,4.711
Hesperozygis nitida,Anemochor,10,0.429,3.093
Anubias barteri,Autochor,11,-1.674,4.702
Mirabilis tenuiloba,Zoochor,7,7.348,3.664
Delphinium carolinianum,Anemochor,9,1.177,4.81
Drosanthemum curtophyllum,Ombrochor,5,-0.376,3.139
Elymus lanceolatus,Anemochor,14,1.175,-0.401
Draba smithii,Anemochor,4,3.73,1.117
Eschscholzia parishii,Anemochor,13,0.753,2.091
Juniperus thurifera,Zoochor,4,0.804,2.076
Diplazium cordifolium,Anemochor,10,-0.999,3.34
Galactia texana,Autochor,2,9.15,5.735
Dimerostemma lippioides,Anemochor,15,3.197,4.737
Gomidesia sellowiana,Zoochor,14,2.916,4.657
Verbascum longifolium,Hemerochor,1,0.725,2.372
Cyananthus incanus,Anemochor,10,1.317,2.047
Dicranostyles scandens,Zoochor,15,-2.844,6.137
Stellaria media,Anemochor,10,0.364,3.415
Pancheria vieillardii,Anemochor,16,-0.624,4.154
Diplusodon thymifolius,Autochor,9,-1.477,4.205
Seseli rigidum,Anemochor,3,3.085,1.313
Erythrina breviflora,Autochor,4,-4.458,3.968
Oenanthe lachenalii,Autochor,16,0.006,3.414
Athyrium arcuatum,Anemochor,9,1.098,2.93
Salix paraplesia,Anemochor,2,4.627,2.409
Dahlstedtia floribunda,Nautochor,1,1.12,4.024
Cymopterus minimus,Anemochor,16,1.429,0.823
Zieria laxiflora,Autochor,2,0.909,4.631
Melaleuca quinquenervia,Anemochor,11,-1.422,5.15
Tabebuia nodosa,Anemochor,2,14.545,6.837
Asemeia violacea,Autochor,13,-0.281,3.582
Barbacenia flava,Autochor,8,1.812,3.593
Ichnanthus breviscrobs,Autochor,11,2.898,6.34
Brachystephanus lyallii,Nautochor,7,-3.011,3.72
Sida santaremensis,Autochor,14,5.224,5.366
Melothria candolleana,Zoochor,5,5.738,5.703
Sloanea guianensis,Zoochor,3,2.775,6.616
Arachis veigae,Autochor,16,6.6,6.074
Fouquieria burragei,Zoochor,1,1.035,3.878
Minuartia douglasii,Anemochor,2,-0.092,2.279
Andrachne microphylla,Autochor,12,1.815,3.021
Adenocalymma bracteolatum,Anemochor,12,3.948,6.852
Miconia dispar,Zoochor,3,12.083,8.1
Eryngium palmeri,Autochor,9,-12.482,2.768
Glumicalyx nutans,Autochor,14,-0.758,2.792
Baccharis serrifolia,Anemochor,4,2.804,5.227
Cuscuta campestris,Autochor,14,0.233,4.26
Cyanostegia cyanocalyx,Autochor,9,1.182,5.105
Hemimeris racemosa,Anemochor,1,0.273,3.19
Hippomane mancinella,Zoochor,9,-0.28,4.063
Bonnetia sessilis,Zoochor,5,-7.854,4.537
Macroptilium erythroloma,Autochor,12,4.083,4.656
Vittadinia muelleri,Anemochor,4,1.342,2.953
Pavonia pleuranthera,Autochor,1,2.711,2.917
Lithospermum mirabile,Anemochor,5,0.919,2.63
Siphocodon spartioides,Anemochor,7,-0.312,3.533
Pecluma venturii,Anemochor,8,11.433,4.843
Capraria frutescens,Anemochor,11,4.559,5.929
Chionanthus axillaris,Zoochor,4,12.719,4.134
Parietaria elliptica,Zoochor,6,2.617,1.802
Spathiphyllum grandifolium,Zoochor,3,17.608,5.016
Chamaesyce florida,Autochor,9,5.145,2.257
Serruria adscendens,Anemochor,8,5.664,3.754
Hakea cycloptera,Anemochor,7,-1.819,5.682
Cardamine kitaibelii,Autochor,6,-0.723,2.355
Aristolochia ovalifolia,Autochor,5,-2.705,4.215
Eriosema benthamianum,Autochor,2,6.298,5.419
Mimosa foliolosa,Autochor,10,0.347,3.801
Ammannia baccifera,Nautochor,16,1.458,5.706
Anemopaegma paraense,Anemochor,12,0.768,7.111
Senecio spinosus,Anemochor,7,-1.547,2.498
Dendrophthora obliqua,Zoochor,4,2.487,4.739
Styrax officinalis,Zoochor,5,1.884,2.387
Pachystroma longifolium,Anemochor,12,2.782,4.369
Atriplex cordifolia,Anemochor,1,7.022,5.417
Pavonia paniculata,Autochor,16,4.176,5.006
Cassytha pedicellosa,Zoochor,8,-1.685,4.086
Casearia souzae,Zoochor,9,3.526,3.35
Gaillardia parryi,Hemerochor,6,0.451,1.923
Metrosideros kermadecensis,Zoochor,4,-2.524,5.549
Pittosporum ochrosiifolium,Zoochor,16,-8.769,3.349
Minuartia caroliniana,Anemochor,13,0.633,5.372
Glechoma grandis,Zoochor,10,3.246,2.226
Thymus carnosus,Zoochor,12,-3.369,4.625
Erica nutans,Autochor,9,-1.016,3.013
Connarus williamsii,Zoochor,2,0.842,4.556
Nymphaea odorata,Autochor,11,-1.011,1.03
Sloanea rugosa,Zoochor,9,-1.607,3.212
Bellucia acutata,Zoochor,15,4.236,6.982
Grevillea montana,Autochor,7,1.33,3.214
Ruellia multifolia,Autochor,16,6.804,5.681
Mikania urticifolia,Anemochor,4,9.986,4.009
Laggera decurrens,Anemochor,2,2.808,5.685
Bahiopsis triangularis,Zoochor,15,1.563,3.648
Eriogonum deserticola,Anemochor,6,-1.634,3.425
Lessingia glandulifera,Anemochor,9,0.457,2.316
Draba dedeana,Anemochor,14,-0.01,2.604
Eucalyptus rodwayi,Anemochor,7,1.497,2.793
Rhus integrifolia,Zoochor,14,2.77,3.012
Poa araratica,Anemochor,11,2.051,0.348
Malacothrix glabrata,Anemochor,10,0.265,2.657
Gustavia macarenensis,Zoochor,15,-4.785,5.662
Licania membranacea,Zoochor,11,0.972,6.62
Cardamine graeca,Autochor,8,4.654,2.008
Aquilegia viridiflora,Autochor,1,2.324,-0.357
Rubus langei,Zoochor,9,-2.122,6.592
Tectaria pleiosora,Anemochor,1,-0.92,3.973
Xerochloa laniflora,Anemochor,4,8.153,9.63
Dendrophthora squamigera,Zoochor,2,3.022,3.56
Dipelta yunnanensis,Zoochor,9,2.832,2.86
Heterotheca villosa,Anemochor,13,0.558,4.614
Thesium impeditum,Zoochor,6,1.258,3.57
Camissonia tanacetifolia,Autochor,10,0.948,1.8
Sisyrinchium fasciculatum,Autochor,2,4.115,4.733
Papaver decaisnei,Anemochor,7,5.382,2.706
Syagrus coronata,Zoochor,1,-0.209,3.879
Quercus magnoliifolia,Zoochor,9,0.523,2.645
Vriesea ensiformis,Anemochor,16,3.081,3.267
Aristea anceps,Autochor,14,-2.321,2.968
Frankenia glomerata,Autochor,16,2.969,5.753
Paronychia rouyana,Autochor,4,0.638,2.58
Asparagus tenuifolius,Zoochor,5,1.026,3.459
Bromus richardsonii,Zoochor,2,-0.393,-2.256
Barleria crossandriformis,Autochor,5,-0.272,3.635
Gahnia ancistrophylla,Zoochor,4,0.742,5.868
Phlox nivalis,Zoochor,1,2.805,5.315
Fimbristylis caloptera,Anemochor,15,-1.392,6.63
Palicourea attenuata,Zoochor,14,-1.029,3.28
Gentiana asclepiadea,Autochor,16,1.122,1.338
Aspidoglossum lamellatum,Anemochor,14,0.622,4.555
Clematis pubescens,Anemochor,2,-1.64,5.106
Cirsium barnebyi,Zoochor,2,1.763,0.005
Ficus schippii,Zoochor,14,-7.687,4.675
Fingerhuthia africana,Autochor,13,-0.076,3.975
Felicia muricata,Anemochor,2,1.992,4.122
Selaginella huehuetenangensis,Chamaechor,16,-1.061,4.802
Bromelia chrysantha,Zoochor,13,-0.767,4.425
Tricliceras glanduliferum,Autochor,2,1.849,5.832
Ocotea schomburgkiana,Zoochor,2,-3.784,6.203
Croton japirensis,Autochor,8,3.674,5.268
Melicope broadbentiana,Autochor,6,2.43,2.898
Carex crus-corvi,Autochor,11,4.338,5.346
Asplenium kunzeanum,Anemochor,9,0.356,2.904
Parsonsia longiflora,Anemochor,6,-6.883,3.825
Macrocarpaea sodiroana,Anemochor,5,-0.332,3.293
Symphyotrichum hallii,Anemochor,8,-1.12,1.576
Virectaria major,Autochor,5,0.425,3.485
Dictyanthus reticulatus,Anemochor,8,26.259,4.058
Eriophorum humile,Anemochor,5,3.593,-1.808
Salvia sclareoides,Autochor,13,0.692,3.32
Nassella brachyphylla,Zoochor,16,-1.397,2.51
Henriettea spruceana,Zoochor,1,-0.7,6.261
Funastrum heterophyllum,Autochor,7,2.012,2.741
Grevillea beardiana,Autochor,5,-1.727,5.6
Cylindropuntia acanthocarpa,Zoochor,16,0.487,2.884
Erysimum capitatum,Autochor,2,0.65,0.54
Ziziphus lloydii,Zoochor,14,5.775,3.182
Aristolochia stahelii,Autochor,5,-6.358,5.241
Dasyphyllum donianum,Anemochor,9,-0.351,4.075
Triplophyllum hirsutum,Anemochor,5,-1.613,5.127
Ephedra foeminea,Anemochor,7,8.876,3.68
Erigeron porsildii,Anemochor,9,2.199,-0.375
Carex perakensis,Autochor,16,5.246,4.22
Hirtella hebeclada,Zoochor,16,0.978,3.436
Brachiaria glomerata,Zoochor,3,1.155,6.027
Bonellia albiflora,Zoochor,15,0.605,6.397
Henckelia pumila,Autochor,1,1.812,2.785
Agave potatorum,Anemochor,7,8.079,3.323
Neoblechnum brasiliense,Anemochor,1,0.851,4.177
Allium sphaerocephalon,Anemochor,10,1.437,2.448
Lysimachia clethroides,Anemochor,10,3.714,2.177
Carex filipes,Autochor,6,3.041,2.095
Wimmerella pygmaea,Autochor,8,0.101,3.384
Camissonia minor,Autochor,7,1.213,1.084
Hypolaena pubescens,Autochor,10,-2.597,5.123
Senna georgica,Autochor,3,5.492,6.628
Ampelocera longissima,Zoochor,6,0.654,5.686
Spyridium gunnii,Zoochor,7,-6.415,3.083
Adenocalymma hirtum,Anemochor,4,3.041,5.302
Berkheya speciosa,Autochor,14,0.213,3.228
Vachellia pallidifolia,Anemochor,12,-0.057,7.058
Homalocalyx pulcherrimus,Zoochor,13,-0.878,5.413
Oenothera coronopifolia,Autochor,15,1.27,2.355
Eryngium bonplandii,Autochor,16,7.935,3.218
Asterolasia grandiflora,Autochor,12,-1.21,5.408
Wahlenbergia vernicosa,Anemochor,5,-1.758,5.614
Chevreulia acuminata,Anemochor,13,-0.458,3.36
Carex parryana,Autochor,16,-2.051,-4.585
Stenanthemum stipulosum,Zoochor,7,2.637,5.723
Lychnis flos-cuculi,Anemochor,3,1.362,2.196
Helenium amarum,Anemochor,16,5.224,5.636
Tradescantia occidentalis,Autochor,11,2.195,4.084
Tetrorchidium macrophyllum,Zoochor,2,-16.484,4.571
Faramea condorica,Zoochor,10,0.041,3.815
Adiantum fimbriatum,Anemochor,16,1.024,1.513
Valerianella umbilicata,Autochor,14,0.806,3.916
Salvia fulgens,Autochor,13,-0.27,3.067
Gastridium ventricosum,Ombrochor,2,1.52,2.821
Anthurium coriaceum,Zoochor,12,5.706,4.328
Conostomium natalense,Zoochor,11,-0.557,3.042
Odontadenia geminata,Anemochor,10,-2.517,5.78
Illigera madagascariensis,Anemochor,4,0.242,5.676
Camissonia cardiophylla,Autochor,7,-0.85,3.716
Andropogon arenarius,Autochor,3,0.772,4.314
Perityle crassifolia,Anemochor,2,3.927,5.085
Drimia altissima,Anemochor,2,-2.537,5.947
Marina interstes,Anemochor,4,1.569,4.421
Stachytarpheta bicolor,Autochor,16,0.372,4.129
Sida poeppigiana,Autochor,4,6.261,4.094
Secamone elliptica,Anemochor,11,0.699,4.563
Merremia umbellata,Autochor,10,2.703,4.788
Corchorus argutus,Zoochor,6,5.156,5.361
Vriesea gigantea,Anemochor,7,0.798,3.627
Cosmos scabiosoides,Zoochor,2,1.438,3.085
Eucalyptus luehmanniana,Anemochor,15,0.868,4.806
Brosimum alicastrum,Zoochor,11,1.352,5.255
Tetradymia canescens,Anemochor,15,0.511,1.246
Cuphea diosmifolia,Autochor,11,-15.394,3.176
Corymbia gilbertensis,Anemochor,15,4.34,5.463
Pereskiopsis kellermanii,Zoochor,3,0.065,5.584
Spyridium phlebophyllum,Zoochor,10,0.41,2.412
Ambrosia eriocentra,Hemerochor,2,4.856,2.344
Teijsmanniodendron simplicifolium,Autochor,2,-0.3,4.484
Agalinis skinneriana,Anemochor,12,3.781,5.05
Campynema lineare,Zoochor,13,-2.495,3.558
Allium curtum,Anemochor,10,-0.004,3.733
Quararibea stenophylla,Zoochor,2,30.398,3.507
Stillingia sanguinolenta,Autochor,10,1.343,3.552
Dichorisandra saxatilis,Autochor,2,2.092,4.005
Antirhea borbonica,Zoochor,4,-7.53,4.375
Montanoa tomentosa,Anemochor,15,-1.449,3.494
Nematolepis ovatifolia,Autochor,15,-1.764,3.194
Piper chimonanthifolium,Zoochor,1,1.491,3.545
Bromus diandrus,Zoochor,12,1.693,2.997
Pteris amoena,Anemochor,8,0.996,4.818
Primula nutans,Anemochor,3,-7.608,-9.898
Hyptis alutacea,Autochor,10,1.363,5.017
Pimelea curviflora,Zoochor,5,0.086,3.402
Cassia moschata,Autochor,2,2.404,6.621
Berchemia formosana,Zoochor,11,4.142,2.936
Psacalium megaphyllum,Anemochor,9,-2.106,2.761
Inga microcoma,Zoochor,13,-0.736,4.93
Setaria reverchonii,Autochor,6,3.523,5.805
Microcorys longifolia,Zoochor,6,0.043,5.272
Jatropha macrocarpa,Autochor,3,8.142,5.096
Botrychium biternatum,Chamaechor,16,5.098,5.236
Castilleja thompsonii,Anemochor,7,1.391,0.592
Besleria pauciflora,Zoochor,6,-15.23,4.762
Mimosa xanthocentra,Autochor,9,1.699,4.544
Bolboschoenus maritimus,Autochor,5,0.292,3.51
Chrysosplenium rosendahlii,Autochor,11,-12.314,-14.304
Trachypogon vestitus,Anemochor,6,2.953,4.887
Chamaecrista rotundifolia,Autochor,6,2.963,5.012
Strychnos diplotricha,Zoochor,3,-8.818,4.314
Haeckeria punctulata,Anemochor,14,-2.879,3.64
Rhynchospora nitens,Autochor,7,8.432,6.648
Carex trichocarpa,Autochor,2,-1.429,3.557
Libocedrus plumosa,Zoochor,2,-2.488,4.969
Orthocarpus cuspidatus,Anemochor,6,-0.036,1.722
Spermacoce multiflora,Autochor,9,0.558,5.118
Petrophile prostrata,Autochor,2,-6.31,5.354
Desmodium rosei,Zoochor,9,-0.848,2.254
Protea witzenbergiana,Anemochor,15,4.406,2.734
Pinellia ternata,Zoochor,12,2.687,2.196
Coprosma nitida,Zoochor,16,-2.74,2.668
Baldellia ranunculoides,Autochor,12,-0.588,3.423
Orinus thoroldii,Zoochor,7,6.126,1.299
Lobelia davidii,Zoochor,6,4.023,2.387
Mauritiella armata,Zoochor,13,-0.747,4.801
Gymnopogon brevifolius,Anemochor,3,9.996,6.832
Chasmatophyllum musculinum,Ombrochor,7,1.849,4.212
Hirtella rodriguesii,Zoochor,2,-7.857,6.778
Tecticornia arbuscula,Autochor,2,-1.843,4.834
Myosotis refracta,Zoochor,7,2.295,1.567
Coussarea linearis,Anemochor,9,-2.414,5.379
Primula laurentiana,Anemochor,8,-1.404,-2.147
Maranta humilis,Autochor,2,6.194,6.817
Ajania myriantha,Anemochor,14,4.132,2.575
Crataegus aquacervensis,Zoochor,15,0.392,0.781
Critonia daleoides,Anemochor,16,3.333,4.753
Eragrostis pectinacea,Autochor,7,2.444,4.521
Coccoloba ovata,Autochor,1,-1.964,5.944
Stylidium bicolor,Autochor,10,-1.574,5.575
Cleome glandulosa,Autochor,12,-1.925,3.001
Verticordia acerosa,Zoochor,12,-0.554,5.695
Leandra clidemioides,Zoochor,15,1.086,3.635
Macropidia fuliginosa,Autochor,10,-0.758,5.506
Ceiba speciosa,Anemochor,16,4.282,5.642
Geraea canescens,Anemochor,13,0.912,2.092
Hydrocleys martii,Autochor,16,0.43,4.349
Maianthemum japonicum,Zoochor,8,2.555,0.94
Trochomeriopsis diversifolia,Zoochor,6,0.304,4.861
Satyria arborea,Autochor,12,-12.805,3.483
Grias haughtii,Nautochor,15,-4.578,4.254
Columnea scandens,Anemochor,11,2.798,2.909
Ouratea ramosissima,Zoochor,16,-11.877,5.864
Ficus lauretana,Zoochor,16,2.576,7.084
Krameria ixine,Zoochor,7,4.206,5.366
Poa macusaniensis,Anemochor,16,-2.043,2.013
Daviesia intricata,Zoochor,12,-0.219,5.884
Aechmea organensis,Autochor,1,0.817,3.23
Urera aurantiaca,Zoochor,5,4.442,5.194
Hulsea algida,Anemochor,16,2.127,0.576
Ilex lamprophylla,Zoochor,7,-1.271,3.684
Grangeria porosa,Zoochor,10,0.124,4.352
Crataegus triflora,Zoochor,3,7.341,5.777
Brosimum alicastrum,Zoochor,16,2.444,5.564
Polygala krumanina,Autochor,5,-0.628,4.534
Mikania hirsutissima,Anemochor,3,2.101,3.861
Ilex laureola,Zoochor,6,-7.414,5.426
Moenchia graeca,Zoochor,3,2.208,1.818
Dicoma capensis,Anemochor,8,3.64,5.042
Eucalyptus hallii,Anemochor,6,1.169,4.355
Muhlenbergia arsenei,Zoochor,13,0.444,3.072
Pleurostachys foliosa,Autochor,15,0.576,3.092
Clematis flammula,Anemochor,2,2.26,2.374
Thesium gracilarioides,Zoochor,15,1.485,4.016
Juncus alexandri,Anemochor,1,-7.439,2.719
Ilex costaricensis,Zoochor,6,0.05,3.781
Carex virescens,Autochor,1,0.645,3.148
Penstemon digitalis,Anemochor,3,0.656,3.477
Dicliptera laxata,Autochor,6,1.124,3.487
Randia xalapensis,Zoochor,16,-1.145,5.012
Polemonium chinense,Anemochor,3,-3.306,-6.911
Ardisia liebmannii,Zoochor,1,-1.342,3.165
Thymus piperella,Zoochor,10,2.561,2.413
Seymeria pectinata,Anemochor,6,6.411,5.964
Solanum acanthodes,Autochor,16,3.824,6.299
Pueraria montana,Autochor,4,4.496,3.389
Viola sumatrana,Zoochor,15,6.71,2.58
Psychotria tenuicaulis,Zoochor,8,6.438,7.0
Calea fruticosa,Anemochor,7,0.987,4.251
Pavonia hexaphylla,Autochor,12,3.811,5.998
Pilostyles blanchetii,Anemochor,13,-0.888,3.281
Pectis odorata,Anemochor,5,5.845,5.574
Austrostipa drummondii,Autochor,15,1.204,5.475
Begonia acerifolia,Autochor,11,-3.664,3.344
Lasiopetalum parvuliflorum,Zoochor,16,-3.84,5.43
Centaurea trichocephala,Zoochor,2,0.021,2.0
Mentzelia multiflora,Zoochor,10,1.746,3.139
Grevillea latifolia,Autochor,11,0.373,5.598
Raulinoreitzia tremula,Anemochor,5,1.203,4.313
Cunonia balansae,Anemochor,2,5.462,3.283
Miconia brunnea,Zoochor,12,8.339,3.332
Adromischus sphenophyllus,Anemochor,6,1.384,3.106
Sorbus poteriifolia,Zoochor,1,-1.784,2.539
Trifolium barbigerum,Zoochor,16,-2.37,2.76
Plicosepalus acaciae,Zoochor,7,5.105,5.008
Darwinia capitellata,Zoochor,13,-0.46,5.371
Baccharis sessiliflora,Anemochor,2,2.631,3.936
Theligonum cynocrambe,Autochor,16,1.523,2.805
Anthurium talmonii,Zoochor,12,-5.517,3.598
Cryptantha sparsiflora,Zoochor,12,0.595,2.799
Banksia arborea,Anemochor,7,0.803,5.689
Miconia flavescens,Zoochor,6,1.791,3.326
Senecio riddellii,Anemochor,7,2.379,4.004
Xylopia arenaria,Zoochor,4,6.102,6.602
Lycianthes stephanocalyx,Zoochor,10,-1.943,3.795
Calliandra erythrocephala,Autochor,15,5.859,4.14
Pseudopogonatherum irritans,Anemochor,16,-7.286,5.239
Cuphea viscosissima,Autochor,15,1.284,4.257
Serruria dodii,Anemochor,8,4.211,3.259
Senecio conferruminatus,Anemochor,1,2.73,5.631
Andira fraxinifolia,Zoochor,3,2.365,4.324
Piscidia carthagenensis,Zoochor,14,4.313,4.075
Asplenium amboinense,Anemochor,1,-2.678,3.258
Viola mirabilis,Zoochor,1,-1.66,3.88
Hebeclinium costaricense,Anemochor,16,2.956,3.635
Couepia excelsa,Zoochor,14,-0.106,5.612
Berberis thunbergii,Zoochor,5,2.575,2.317
Anthurium galactospadix,Zoochor,3,6.094,8.461
Pecluma chnoophora,Anemochor,13,1.095,4.09
Dipteryx magnifica,Zoochor,6,1.038,5.985
Pseuderanthemum cuspidatum,Autochor,15,4.155,3.524
Aspalathus brevicarpa,Nautochor,7,7.982,3.052
Lythrum virgatum,Autochor,16,-3.623,2.897
Nautilocalyx ecuadoranus,Zoochor,16,-7.458,5.508
Centrosema coriaceum,Autochor,2,0.108,3.49
Ranunculus natans,Zoochor,15,-1.235,-3.128
Persoonia pentasticha,Zoochor,11,-1.358,5.813
Campomanesia schlechtendaliana,Zoochor,16,9.704,4.231
Filicium decipiens,Zoochor,4,5.16,6.576
Trixis vauthieri,Anemochor,16,2.74,3.511
Capparis sarmentosa,Zoochor,16,0.272,3.592
Erythroxylum gracilipes,Zoochor,7,-2.828,6.756
Agelanthus subulatus,Zoochor,16,-0.693,4.642
Cuervea macrophylla,Anemochor,2,2.523,5.848
Ficinia dunensis,Zoochor,8,0.925,3.368
Tradescantia cirrifera,Autochor,1,0.56,3.245
Dorstenia choconiana,Zoochor,8,-4.198,4.161
Miconia brevipes,Zoochor,10,0.073,5.687
Lapeirousia fabricii,Anemochor,16,3.8,3.338
Pinus monticola,Anemochor,11,1.44,1.25
Laserpitium nestleri,Autochor,1,0.616,2.467
Cochlearia aestuaria,Ombrochor,9,-0.31,3.539
Pelargonium carnosum,Anemochor,2,0.236,3.818
Witheringia correana,Zoochor,5,12.672,2.865
Mansoa onohualcoides,Anemochor,2,1.826,4.665
Daucus muricatus,Zoochor,14,1.079,3.08
Aeschynomene amorphoides,Anemochor,9,0.613,2.586
Myosotis krylovii,Zoochor,2,-3.528,-4.974
Alternanthera pungens,Autochor,14,7.365,4.282
Phyllanthus scaber,Autochor,1,-2.789,5.722
Petrophile macrostachya,Autochor,9,-1.459,5.464
Loudetia simplex,Zoochor,5,-1.908,4.168
Setaria yunnanensis,Autochor,5,4.168,4.253
Juncus orthophyllus,Anemochor,7,1.25,1.512
Tiquilia plicata,Autochor,1,0.059,2.834
Boronia dichotoma,Autochor,7,-1.72,4.843
Rosularia alpestris,Anemochor,9,2.968,2.294
Acilepidopsis echitifolia,Autochor,13,-0.756,4.545
Renealmia breviscapa,Zoochor,13,-1.135,5.022
Muhlenbergia schreberi,Zoochor,11,1.617,4.34
Cryptolepis oblongifolia,Anemochor,13,-1.368,4.42
Serpocaulon triseriale,Anemochor,14,-0.25,4.218
Blepharidachne kingii,Zoochor,12,0.33,1.142
Dimorphocarpa wislizeni,Anemochor,8,2.575,3.642
Viola pubescens,Zoochor,4,-1.254,1.114
Atriplex obconica,Anemochor,2,7.695,5.776
Koeleria brevis,Zoochor,10,0.573,3.155
Dipteryx magnifica,Zoochor,15,1.707,6.322
Stylidium austrocapense,Autochor,3,3.717,7.009
Dryandra nervosa,Anemochor,15,-1.832,5.77
Hypecoum procumbens,Anemochor,16,1.336,2.791
Taraxacum lingulilobum,Anemochor,12,5.285,1.987
Eurybia radula,Anemochor,7,-1.087,-0.562
Corydalis turtschaninovii,Zoochor,2,0.587,-0.284
Palicourea triphylla,Zoochor,7,4.99,6.594
Lactuca pulchella,Zoochor,11,-0.334,-3.358
Piper jacquemontianum,Zoochor,9,-0.121,3.313
Minuartia stricta,Anemochor,14,0.357,-0.493
Yucca rostrata,Zoochor,3,7.989,3.657
Grevillea diminuta,Autochor,7,-0.873,2.537
Pinus strobiformis,Anemochor,16,-1.114,2.326
Funastrum crispum,Autochor,15,2.061,3.46
Hemigenia viscida,Zoochor,1,0.447,5.54
Melliodendron xylocarpum,Anemochor,8,4.042,3.069
Salix pierotii,Anemochor,10,3.878,2.199
Calathea majestica,Zoochor,13,-3.051,5.056
Asimina parviflora,Zoochor,11,5.408,5.479
Pinus pinea,Autochor,1,1.551,3.501
Witheringia cuneata,Zoochor,9,1.455,3.113
Viola barroetana,Zoochor,14,0.225,3.043
Stephanomeria runcinata,Anemochor,1,1.007,0.897
Mickelia lindigii,Anemochor,13,-3.106,3.826
Bothriochloa wrightii,Zoochor,4,1.553,4.129
Heisteria parvifolia,Zoochor,11,4.994,6.276
Ilex lohfauensis,Zoochor,1,3.917,2.64
Protea angolensis,Anemochor,4,0.659,6.061
Tamonea juncea,Autochor,11,3.986,4.661
Licaria crassifolia,Zoochor,1,-7.155,5.741
Rhodostemonodaphne laxa,Zoochor,12,-6.663,3.437
Plantago triantha,Zoochor,9,-3.943,3.653
Cucumis heptadactylus,Autochor,9,-0.365,4.415
Carex plantaginea,Autochor,13,0.83,3.909
Erysimum sisymbrioides,Autochor,5,1.962,3.004
Oenanthe crocata,Autochor,7,0.804,2.547
Columnea crassa,Anemochor,1,16.849,3.164
Scaevola basedowii,Zoochor,9,0.489,4.863
Asparagus rubicundus,Zoochor,2,0.329,3.326
Pitcairnia imbricata,Anemochor,11,-1.79,4.293
Mussaenda microdonta,Nautochor,1,-2.27,3.201
Solanum multiglochidiatum,Autochor,15,9.117,4.036
Exacum subteres,Autochor,11,6.195,3.092
Bursera multijuga,Zoochor,1,0.927,3.005
Anthurium pittieri,Zoochor,1,3.572,3.183
Cryptantha corollata,Zoochor,11,6.77,2.525
Coleogyne ramosissima,Zoochor,9,3.865,2.074
Fevillea pergamentacea,Anemochor,1,-1.262,5.272
Sida repens,Autochor,11,1.233,4.417
Eysenhardtia platycarpa,Anemochor,11,4.918,3.506
Stachytarpheta glabra,Autochor,9,-5.06,2.569
Polygala vulgaris,Zoochor,4,-1.779,1.883
Microlicia subsetosa,Autochor,15,0.63,3.298
Grevillea gillivrayi,Autochor,15,6.3,3.305
Iris missouriensis,Autochor,9,0.249,2.144
Stenostelma corniculatum,Anemochor,9,-0.259,4.05
Piptochaetium montevidense,Zoochor,16,3.426,4.364
Cryptantha watsonii,Zoochor,10,0.477,1.523
Rhodospatha wendlandii,Zoochor,7,6.862,4.49
Aechmea gracilis,Autochor,2,2.329,3.014
Othonna hederifolia,Anemochor,15,1.56,4.21
Nertera granadensis,Zoochor,10,-1.736,3.616
Impatiens filicornu,Autochor,12,-1.153,5.34
Ipomoea verbascoidea,Autochor,7,-1.716,4.817
Coreopsis tripteris,Anemochor,2,0.873,4.442
Clematis gracilifolia,Anemochor,4,-2.148,0.044
Petrophile scabriuscula,Autochor,1,-1.308,5.724
Hornungia alpina,Zoochor,3,0.527,1.038
Ticorea tubiflora,Autochor,14,2.445,6.278
Monochaetum meridense,Ombrochor,1,0.817,3.738
Galium capense,Zoochor,7,1.224,3.565
Weinmannia humilis,Anemochor,14,-1.549,3.123
Disciphania heterophylla,Zoochor,15,6.713,7.319
Senecio procumbens,Anemochor,11,12.134,3.512
Callitriche obtusangula,Zoochor,5,0.192,3.663
Blechnum ivohibense,Anemochor,3,11.143,3.66
Mollinedia ovata,Autochor,13,-1.44,4.052
Typha latifolia,Nautochor,10,-0.916,0.548
Exothea copalillo,Zoochor,5,-5.947,3.244
Dendromecon harfordii,Zoochor,13,2.148,4.121
Physalis sulphurea,Zoochor,13,0.662,2.687
Hakea cucullata,Anemochor,14,-4.433,4.731
Ipomopsis congesta,Autochor,4,1.578,0.207
Schistophragma polystachyum,Anemochor,15,2.799,3.739
Pinus fenzeliana,Anemochor,12,3.851,3.255
Enekbatus clavifolius,Zoochor,2,1.397,5.779
Paederia sambiranensis,Ombrochor,8,-15.097,4.386
Pleuraphis rigida,Anemochor,12,-4.708,3.39
Hakea laurina,Anemochor,11,-1.61,5.539
Miconia costaricensis,Zoochor,14,-7.468,3.18
Guatteria rigida,Zoochor,12,6.824,6.918
Neea obovata,Zoochor,6,-19.048,5.796
Diosma passerinoides,Autochor,11,-4.951,3.643
Myrcia mollis,Zoochor,13,0.308,4.797
Anthurium upalaense,Zoochor,3,-16.869,5.012
Cryptocarya floydii,Zoochor,6,-0.589,3.064
Solanum pungetium,Autochor,16,-0.263,2.965
Chamaedorea parvifolia,Zoochor,2,-7.811,3.392
Lithomyrtus microphylla,Zoochor,12,2.037,5.779
