t_dias,n_antiprotones,B_mT
0.347,90.408,993
0.351,91.345,993
0.356,91.227,993
0.36,92.507,993
0.364,92.404,993
0.369,92.921,993
0.373,92.55,993
0.378,92.87,993
0.382,93.089,993
0.386,91.971,993
0.391,91.533,993
0.395,91.901,993
0.399,92.896,993
0.404,92.088,993
0.409,91.607,993
0.414,91.616,993
0.418,91.593,993
0.422,91.608,993
0.427,90.969,993
0.431,91.384,993
0.435,91.409,993
0.44,91.368,993
0.444,91.667,993
0.449,91.746,993
0.453,91.462,993
0.457,91.538,993
0.488,91.885,993
0.504,91.591,993
0.507,92.171,993
0.51,93.276,993
0.514,92.765,993
0.517,91.96,993
0.52,91.952,993
0.523,92.003,993
0.526,92.512,993
0.531,92.155,993
0.533,91.991,993
0.535,90.74,993
0.539,91.629,993
0.544,92.147,993
0.548,91.762,993
0.553,91.183,993
0.557,91.597,993
0.56,91.833,993
0.564,92.002,993
0.568,92.185,993
0.571,91.792,993
0.574,91.942,993
0.577,92.083,993
0.58,92.22,993
0.584,91.735,993
0.587,91.591,993
0.59,91.64,993
0.594,91.862,993
0.597,91.376,993
0.601,91.557,993
0.604,91.994,993
0.607,91.268,993
0.611,91.224,993
0.614,91.399,993
0.617,91.812,993
0.62,91.955,993
0.623,92.049,993
0.627,92.457,993
0.63,91.893,993
0.633,91.347,993
0.637,91.073,993
0.639,91.828,993
0.643,91.31,993
0.646,91.15,993
0.649,91.639,993
0.653,91.645,993
0.656,91.495,993
0.659,91.473,993
0.662,91.648,993
0.666,91.538,993
0.669,91.609,993
0.672,91.532,993
0.676,91.266,993
0.678,91.328,993
0.682,91.533,993
0.685,91.4,993
0.688,91.431,993
0.692,90.92,993
0.694,91.728,993
0.699,91.81,993
0.702,91.287,993
0.705,91.374,993
0.709,91.512,993
0.712,91.216,993
0.716,91.286,993
0.719,91.66,993
0.723,91.408,993
0.726,91.357,993
0.729,91.934,993
0.732,91.279,993
0.736,90.902,993
0.739,91.03,993
0.742,92.141,993
0.745,91.757,993
0.748,92.013,993
0.752,91.899,993
0.755,91.146,993
0.758,91.411,993
0.762,91.282,993
0.765,91.779,993
0.769,91.587,993
0.772,90.711,993
0.775,91.832,993
0.779,91.381,993
0.782,91.011,993
0.785,92.228,993
0.789,91.721,993
0.792,91.712,993
0.795,91.1,993
0.799,91.573,993
0.802,91.675,993
0.805,92.182,993
0.809,91.386,993
0.812,91.165,993
0.815,91.655,993
0.818,91.202,993
0.822,91.605,993
0.825,91.172,993
0.828,91.654,993
0.832,91.341,993
0.834,91.093,993
0.838,91.82,993
0.841,91.934,993
0.844,91.317,993
0.848,91.085,993
0.851,91.601,993
0.854,91.125,993
0.857,91.796,993
0.86,91.323,993
0.864,91.409,993
0.867,91.513,993
0.87,91.367,993
0.873,91.04,993
0.877,91.487,993
0.881,92.375,993
0.884,91.058,993
0.887,92.061,993
0.891,91.617,993
0.894,92.306,993
0.897,91.256,993
0.9,91.793,993
0.903,92.125,993
0.907,91.658,993
0.91,91.117,993
0.913,91.341,993
0.916,91.725,993
0.919,91.72,993
0.923,91.243,993
0.926,92.07,993
0.929,90.927,993
0.933,91.857,993
0.935,91.929,993
0.939,91.129,993
0.942,91.344,993
0.945,91.817,993
0.949,91.553,993
0.952,91.602,993
0.955,91.369,993
0.958,90.778,993
0.962,91.349,993
0.965,91.432,993
0.968,91.963,993
0.972,91.857,993
0.974,92.134,993
0.978,91.211,993
0.981,92.017,993
0.984,91.695,993
0.988,91.928,993
0.99,91.569,993
0.994,90.98,993
0.997,91.207,993
1.0,91.66,993
1.004,91.597,993
1.007,91.3,993
1.01,91.085,993
1.013,91.753,993
1.016,91.701,993
1.02,91.356,993
1.023,91.126,993
1.026,91.652,993
1.029,91.496,993
1.032,91.378,993
1.036,91.885,993
1.039,91.651,993
1.042,91.617,993
1.046,91.203,993
1.048,91.829,993
1.052,91.373,993
1.055,91.461,993
1.058,91.487,993
1.062,90.89,993
1.065,90.553,993
1.068,91.25,993
1.071,90.998,993
1.075,91.215,993
1.078,91.223,993
1.081,91.602,993
1.084,91.42,993
1.087,91.823,993
1.091,90.779,993
1.094,91.171,993
1.097,92.095,993
1.101,91.622,993
1.103,92.013,993
1.107,91.911,993
1.11,91.468,993
1.113,92.109,993
1.117,91.32,993
1.12,91.244,993
1.123,91.195,993
1.126,91.535,993
1.129,91.751,993
1.133,91.736,993
1.136,91.804,993
1.139,91.567,993
1.142,91.057,993
1.145,91.07,993
1.149,91.326,993
1.152,91.957,993
1.155,91.461,993
1.159,91.835,993
1.161,91.16,993
1.165,91.561,993
1.168,91.411,993
1.172,91.509,993
1.176,91.853,993
1.391,91.424,993
1.82,92.659,136
1.824,92.036,136
1.828,91.949,136
1.832,92.718,136
1.836,91.888,136
1.84,92.226,136
1.844,92.073,136
1.848,92.004,136
1.852,92.789,136
1.856,92.258,136
1.86,92.411,136
1.864,92.175,136
1.993,92.113,136
2.246,92.128,136
2.25,92.486,136
2.254,92.199,136
2.258,92.099,136
2.262,91.844,136
2.266,91.872,136
2.27,92.174,136
2.274,92.432,136
2.278,92.231,136
2.282,92.112,136
2.286,91.985,136
2.29,92.403,136
2.294,91.816,136
2.298,92.044,136
2.302,92.536,136
2.306,92.369,136
2.31,92.36,136
2.314,91.898,136
2.318,92.628,136
2.323,92.351,136
2.327,91.682,136
2.331,92.155,136
2.335,91.905,136
2.339,92.259,136
2.343,92.055,136
2.347,92.371,136
2.351,92.003,136
2.355,92.567,136
2.359,92.038,136
2.363,92.21,136
2.367,92.571,136
2.371,91.601,136
2.375,92.254,136
2.379,92.46,136
2.383,92.312,136
2.387,92.209,136
2.391,92.295,136
2.395,92.174,136
2.399,91.469,136
2.403,92.822,136
2.407,92.751,136
2.411,92.565,136
2.415,92.817,136
2.419,92.474,136
2.423,91.639,136
2.427,91.994,136
2.431,91.843,136
2.435,91.961,136
2.439,91.928,136
2.443,92.612,136
2.447,92.687,136
2.451,92.723,136
2.455,92.268,136
2.459,91.812,136
2.463,92.073,136
2.467,91.853,136
2.471,92.644,136
2.475,92.444,136
2.479,92.593,136
2.483,92.287,136
2.487,92.176,136
2.491,92.073,136
2.495,92.11,136
2.499,92.348,136
2.503,92.464,136
2.507,92.207,136
2.511,91.735,136
2.515,92.451,136
2.519,92.155,136
2.523,92.172,136
2.527,91.844,136
2.531,92.076,136
2.535,92.065,136
2.539,92.667,136
2.543,92.195,136
2.547,91.876,136
2.551,92.438,136
2.555,92.653,136
2.559,93.12,136
2.563,92.48,136
2.567,91.872,136
2.571,92.516,136
2.575,92.308,136
2.579,92.783,136
2.583,92.762,136
2.587,92.58,136
2.591,92.334,136
2.595,92.106,136
2.599,92.237,136
2.603,92.042,136
2.607,92.619,136
2.611,92.094,136
2.615,92.406,136
2.619,92.151,136
2.623,92.096,136
2.627,92.091,136
2.631,92.143,136
2.635,92.102,136
2.639,92.136,136
2.643,91.951,136
2.647,92.152,136
2.651,92.419,136
2.655,92.016,136
2.659,92.324,136
2.663,92.164,136
2.667,92.408,136
2.671,92.665,136
2.675,92.555,136
2.679,92.257,136
2.683,92.13,136
2.687,92.159,136
2.691,92.891,136
2.695,91.964,136
2.699,92.422,136
2.703,92.325,136
2.707,91.898,136
2.711,92.056,136
2.715,92.185,136
2.719,92.133,136
2.723,92.319,136
2.727,92.458,136
2.731,92.01,136
2.735,92.594,136
2.739,92.202,136
2.743,92.252,136
2.747,92.511,136
2.751,92.477,136
2.755,91.705,136
2.759,92.161,136
2.763,92.427,136
2.767,92.465,136
2.771,91.68,136
2.775,92.48,136
2.779,92.407,136
2.783,92.857,136
2.787,92.707,136
2.791,92.013,136
2.795,92.952,136
2.799,92.266,136
2.803,92.432,136
2.807,92.503,136
2.811,92.259,136
2.815,92.402,136
2.819,91.985,136
2.823,92.58,136
2.827,91.997,136
2.831,92.306,136
2.835,91.764,136
2.839,91.939,136
2.843,91.568,136
2.847,91.285,136
2.851,91.545,136
2.855,92.068,136
2.859,92.065,136
2.863,91.745,136
2.867,92.092,136
2.872,92.172,136
2.876,92.324,136
2.88,92.159,136
2.884,92.346,136
2.888,92.262,136
2.892,92.088,136
2.896,92.607,136
2.9,92.264,136
2.904,92.333,136
2.908,92.455,136
2.912,92.288,136
2.916,92.204,136
2.92,92.192,136
2.924,92.562,136
2.928,91.658,136
2.932,92.164,136
2.936,92.154,136
2.94,92.679,136
2.944,92.482,136
2.948,92.569,136
2.952,91.944,136
2.956,92.1,136
2.96,92.494,136
2.964,91.962,136
2.968,92.072,136
2.972,91.572,136
2.976,91.782,136
2.98,92.068,136
2.984,91.746,136
2.988,91.916,136
2.992,91.925,136
2.996,92.02,136
3.0,91.742,136
3.004,91.105,136
3.008,92.049,136
3.013,92.028,136
3.017,92.307,136
3.021,92.008,136
3.025,92.556,136
3.029,92.164,136
3.033,92.649,136
3.037,92.053,136
3.041,92.062,136
3.045,92.511,136
3.049,92.698,136
3.053,91.866,136
3.057,91.478,136
3.061,92.45,136
3.065,91.947,136
3.069,92.172,136
3.073,92.514,136
3.077,91.919,136
3.081,92.044,136
3.085,92.433,136
3.089,92.425,136
3.093,91.832,136
3.097,92.099,136
3.101,92.165,136
3.105,92.083,136
3.109,92.164,136
3.113,92.174,136
3.117,92.394,136
3.121,92.647,136
3.125,91.919,136
3.129,92.021,136
3.133,92.519,136
3.137,92.095,136
3.141,92.882,136
3.145,91.949,136
3.149,92.366,136
3.153,92.584,136
3.157,92.054,136
3.161,92.357,136
3.165,92.19,136
3.169,92.162,136
3.173,92.169,136
3.177,92.386,136
3.181,91.636,136
3.185,91.874,136
3.189,91.965,136
3.927,92.283,136
4.298,91.996,136
4.3,92.435,136
4.303,92.114,136
4.306,92.933,136
4.309,92.958,136
4.312,92.157,136
4.314,92.732,136
4.317,92.633,136
4.32,92.0,136
4.322,92.178,136
4.326,92.488,136
4.328,92.701,136
4.331,92.056,136
4.334,92.022,136
4.337,92.468,136
4.34,92.438,136
4.342,92.435,136
4.345,92.286,136
4.348,92.171,136
4.351,92.373,136
4.353,92.608,136
4.357,92.465,136
4.359,92.292,136
4.362,92.702,136
4.365,92.505,136
4.367,92.886,136
4.371,92.377,136
4.373,91.848,136
4.376,92.555,136
4.379,92.119,136
4.381,93.1,136
4.385,91.928,136
4.387,91.168,136
4.39,90.512,136
4.393,92.602,136
4.396,92.544,136
4.398,92.849,136
4.402,91.94,136
4.404,92.557,136
4.407,91.577,136
4.41,91.489,136
4.412,91.758,136
4.416,91.579,136
4.418,90.971,136
4.421,92.233,136
4.424,91.616,136
4.426,91.057,136
4.43,91.683,136
4.432,91.959,136
4.435,91.725,136
4.438,91.47,136
4.441,90.714,136
4.443,91.014,136
4.446,91.468,136
4.449,92.218,136
4.452,91.684,136
4.455,91.981,136
4.457,92.165,136
4.461,91.87,136
4.463,91.804,136
4.466,91.969,136
4.469,91.52,136
4.471,92.366,136
4.474,91.906,136
4.477,91.363,136
4.48,91.947,136
4.483,92.408,136
4.485,92.332,136
4.488,92.158,136
4.491,92.123,136
4.494,92.208,136
4.497,92.405,136
4.5,92.315,136
4.502,91.866,136
4.506,91.923,136
4.508,92.598,136
4.511,92.083,136
4.514,91.721,136
4.516,92.125,136
4.519,91.756,136
4.522,91.931,136
4.524,92.113,136
4.528,92.075,136
4.53,92.307,136
4.533,91.95,136
4.536,92.035,136
4.539,92.319,136
4.542,91.719,136
4.545,91.824,136
4.547,92.25,136
4.55,92.138,136
4.553,92.416,136
4.556,91.756,136
4.559,92.665,136
4.561,92.444,136
4.564,91.967,136
4.567,91.929,136
4.569,91.674,136
4.573,91.396,136
4.575,91.851,136
4.578,91.941,136
4.581,91.852,136
4.584,91.57,136
4.587,92.017,136
4.589,91.946,136
4.592,92.097,136
4.595,91.56,136
4.598,91.316,136
4.6,92.408,136
4.604,92.017,136
4.606,92.365,136
4.609,92.263,136
4.612,92.238,136
4.614,92.304,136
4.618,91.735,136
4.62,91.976,136
4.623,92.089,136
4.626,91.772,136
4.628,92.139,136
4.632,91.818,136
4.634,91.599,136
4.637,92.26,136
4.64,91.908,136
4.643,92.123,136
4.645,92.334,136
4.649,91.574,136
4.651,91.739,136
4.654,92.025,136
4.657,92.125,136
4.659,92.891,136
4.663,91.827,136
4.665,92.189,136
4.668,91.932,136
4.671,91.382,136
4.673,91.51,136
4.677,91.856,136
4.679,92.665,136
4.682,92.205,136
4.685,91.99,136
4.688,92.654,136
4.69,91.926,136
4.693,91.834,136
4.696,92.262,136
4.699,92.398,136
4.702,92.059,136
4.704,92.099,136
4.708,91.635,136
4.71,92.34,136
4.713,91.942,136
4.716,91.626,136
4.718,91.698,136
4.721,92.427,136
4.724,91.668,136
4.727,92.191,136
4.73,92.364,136
4.732,92.563,136
4.735,91.391,136
4.738,91.883,136
4.741,92.556,136
4.744,91.632,136
4.747,92.069,136
4.749,92.047,136
4.753,91.147,136
4.755,91.836,136
4.758,92.321,136
4.761,92.003,136
4.763,92.33,136
4.766,92.149,136
4.769,91.97,136
4.771,92.245,136
4.775,91.344,136
4.777,91.628,136
4.78,91.606,136
4.783,91.488,136
4.786,91.662,136
4.789,91.491,136
4.792,91.761,136
4.794,92.267,136
4.797,91.899,136
4.8,91.942,136
4.803,92.043,136
4.806,91.526,136
4.808,91.658,136
4.811,91.832,136
4.814,92.151,136
4.816,92.301,136
4.82,91.815,136
4.822,91.848,136
4.825,92.12,136
4.828,91.981,136
4.831,92.222,136
4.834,92.081,136
4.836,92.482,136
4.839,92.616,136
4.842,91.607,136
4.845,91.907,136
4.847,92.042,136
4.851,92.152,136
4.853,92.446,136
4.856,92.294,136
4.859,91.912,136
4.861,92.396,136
4.865,91.991,136
4.867,92.039,136
4.87,91.967,136
4.873,91.852,136
4.875,91.921,136
4.879,92.26,136
4.881,91.672,136
4.884,92.007,136
4.887,92.483,136
4.89,91.452,136
4.892,92.175,136
4.896,91.851,136
4.898,91.877,136
4.901,91.636,136
4.904,91.494,136
4.906,91.788,136
4.91,91.563,136
4.912,91.674,136
4.915,92.06,136
4.918,91.868,136
4.92,91.424,136
4.924,91.408,136
4.926,91.066,136
4.929,91.954,136
4.932,91.738,136
4.935,92.395,136
4.937,92.009,136
4.94,91.624,136
4.943,92.007,136
4.949,92.072,136
4.953,92.692,136
4.955,92.32,136
4.959,91.161,136
4.961,91.543,136
4.964,91.707,136
4.967,92.443,136
4.969,93.094,136
4.972,91.917,136
4.975,92.555,136
4.977,92.954,136
4.981,91.449,136
4.983,92.245,136
4.986,91.991,136
4.989,92.572,136
4.991,92.241,136
4.994,92.303,136
4.997,91.675,136
4.999,91.935,136
5.003,91.934,136
5.005,91.719,136
5.008,92.072,136
5.011,91.617,136
5.013,92.395,136
5.016,92.372,136
5.019,91.95,136
5.021,92.03,136
5.024,92.571,136
5.027,92.356,136
5.03,92.146,136
5.033,91.532,136
5.035,92.342,136
5.038,91.982,136
5.041,91.869,136
5.043,92.959,136
5.046,92.192,136
5.049,91.786,136
5.051,92.571,136
5.055,92.522,136
5.057,92.313,136
5.06,92.774,136
5.063,92.755,136
5.065,92.646,136
5.068,92.404,136
5.071,92.556,136
5.073,93.22,136
5.076,92.244,136
5.079,92.691,136
5.082,92.673,136
5.085,92.518,136
5.087,92.9,136
5.09,92.706,136
5.093,92.753,136
5.095,92.29,136
5.098,92.245,136
5.101,92.362,136
5.104,92.776,136
5.107,91.816,136
5.109,91.834,136
5.112,91.579,136
5.115,91.809,136
5.117,92.276,136
5.12,90.712,136
5.123,91.929,136
5.126,92.2,136
5.128,92.181,136
5.131,91.346,136
5.134,92.117,136
5.137,92.67,136
5.139,92.445,136
5.142,91.84,136
5.145,92.024,136
5.148,91.805,136
5.15,92.262,136
5.153,92.577,136
5.538,91.792,136
5.54,91.812,136
5.543,92.169,136
5.546,92.194,136
5.548,92.53,136
5.551,91.805,136
5.554,92.216,136
5.557,92.401,136
5.56,92.217,136
5.562,92.58,136
5.565,92.837,136
5.568,92.272,136
5.57,92.544,136
5.573,92.047,136
5.576,92.453,136
5.578,92.124,136
5.582,92.099,136
5.584,92.871,136
5.587,92.252,136
5.59,92.006,136
5.592,92.348,136
5.595,92.146,136
5.598,91.802,136
5.6,92.13,136
5.604,92.21,136
5.606,92.631,136
5.609,92.751,136
5.612,92.259,136
5.614,92.683,136
5.617,91.878,136
5.62,92.327,136
5.622,92.43,136
5.626,92.092,136
5.628,92.369,136
5.631,92.617,136
5.634,91.974,136
5.636,91.947,136
5.639,91.451,136
5.642,91.123,136
5.644,91.625,136
5.648,91.47,136
5.65,92.446,136
5.653,92.296,136
5.656,92.018,136
5.658,92.011,136
5.661,91.35,136
5.664,91.169,136
5.666,91.623,136
5.67,91.235,136
5.672,91.989,136
5.675,91.383,136
5.678,91.667,136
5.68,92.277,136
5.683,91.611,136
5.686,91.388,136
5.688,91.863,136
5.692,91.922,136
5.694,91.963,136
5.697,92.307,136
5.7,91.453,136
5.702,91.556,136
5.705,91.342,136
5.708,91.615,136
5.71,92.448,136
5.713,91.177,136
5.716,91.455,136
5.718,91.712,136
5.722,91.928,136
5.724,91.947,136
5.727,91.721,136
5.73,92.091,136
5.732,92.111,136
5.735,92.039,136
5.738,91.651,136
5.74,92.311,136
5.743,91.776,136
5.746,92.358,136
5.749,91.912,136
5.752,91.709,136
5.754,92.281,136
5.757,92.089,136
5.76,91.716,136
5.762,92.273,136
5.765,92.146,136
5.768,92.551,136
5.771,92.126,136
5.774,91.502,136
5.776,91.932,136
5.779,91.954,136
5.782,92.101,136
5.784,91.583,136
5.787,91.739,136
5.79,92.248,136
5.793,91.424,136
5.795,92.105,136
5.798,91.945,136
5.801,91.492,136
5.804,92.031,136
5.806,91.438,136
5.809,91.094,136
5.812,91.384,136
5.815,91.456,136
5.817,91.621,136
5.82,91.628,136
5.823,91.492,136
5.825,91.564,136
5.828,91.965,136
5.831,92.01,136
5.834,91.594,136
5.837,91.466,136
5.839,91.021,136
5.842,91.738,136
5.845,91.673,136
5.847,92.261,136
5.85,91.792,136
5.853,91.699,136
5.855,91.806,136
5.859,91.669,136
5.861,91.759,136
5.864,92.111,136
5.867,91.658,136
5.869,91.855,136
5.872,91.931,136
5.875,92.006,136
5.877,92.034,136
5.88,91.895,136
5.883,91.712,136
5.885,92.364,136
5.889,91.631,136
5.891,91.444,136
5.894,91.83,136
5.897,91.647,136
5.899,92.087,136
5.902,91.713,136
5.905,92.122,136
5.907,91.673,136
5.911,92.232,136
5.913,92.298,136
5.916,91.946,136
5.919,91.371,136
5.921,91.86,136
5.924,91.754,136
5.927,92.017,136
5.929,92.161,136
5.933,92.012,136
5.935,92.862,136
5.938,92.262,136
5.941,92.453,136
5.943,92.198,136
6.082,92.04,136
6.153,92.089,136
6.155,92.403,136
6.159,91.577,136
6.161,91.89,136
6.164,92.251,136
6.167,91.417,136
6.169,92.543,136
6.172,92.028,136
6.175,91.998,136
6.177,92.316,136
6.181,92.385,136
6.183,92.281,136
6.186,92.296,136
6.189,91.999,136
6.191,92.205,136
6.194,92.535,136
6.197,92.383,136
6.199,92.116,136
6.202,92.177,136
6.205,92.069,136
6.208,91.979,136
6.211,91.925,136
6.213,92.388,136
6.216,91.711,136
6.219,91.5,136
6.221,91.895,136
6.224,91.555,136
6.227,91.922,136
6.229,92.184,136
6.233,91.58,136
6.235,91.513,136
6.238,91.831,136
6.241,92.044,136
6.243,92.515,136
6.246,92.015,136
6.249,91.927,136
6.251,92.293,136
6.254,91.553,136
6.257,91.84,136
6.26,91.797,136
6.263,91.513,136
6.265,92.18,136
6.268,90.981,136
6.271,91.944,136
6.273,91.636,136
6.276,91.814,136
6.279,92.013,136
6.282,91.838,136
6.284,91.412,136
6.287,92.504,136
6.29,91.224,136
6.293,91.916,136
6.295,91.86,136
6.298,92.165,136
6.301,92.228,136
6.304,91.504,136
6.306,92.048,136
6.309,92.53,136
6.312,91.229,136
6.314,92.343,136
6.317,91.845,136
6.32,91.613,136
6.323,91.672,136
6.326,91.836,136
6.328,92.05,136
6.331,92.141,136
6.334,92.008,136
6.336,92.229,136
6.339,91.908,136
6.342,91.637,136
6.345,92.142,136
6.348,91.696,136
6.35,91.412,136
6.353,91.996,136
6.356,91.137,136
6.358,92.264,136
6.361,92.112,136
6.364,91.793,136
6.366,91.838,136
6.369,91.435,136
6.372,92.285,136
6.375,91.492,136
6.378,91.695,136
6.38,92.05,136
6.383,91.87,136
6.386,91.884,136
6.388,92.36,136
6.391,91.957,136
6.394,91.71,136
6.396,92.371,136
6.4,91.467,136
6.402,91.384,136
6.405,91.605,136
6.408,91.404,136
6.41,91.951,136
6.413,91.718,136
6.416,91.954,136
6.418,92.225,136
6.422,91.696,136
6.424,92.483,136
6.427,92.462,136
6.43,92.429,136
6.432,92.402,136
6.435,91.63,136
6.438,91.717,136
6.44,92.264,136
6.444,92.056,136
6.446,92.49,136
6.449,92.136,136
6.452,92.28,136
6.454,91.957,136
6.457,92.322,136
6.46,91.832,136
6.462,92.139,136
6.466,92.105,136
6.468,91.546,136
6.471,91.524,136
6.474,92.176,136
6.476,92.258,136
6.479,91.852,136
6.482,91.535,136
6.484,91.925,136
6.488,92.078,136
6.49,92.279,136
6.493,92.264,136
6.496,91.527,136
6.498,92.591,136
6.501,91.649,136
6.504,91.874,136
6.506,92.518,136
6.51,92.198,136
6.512,92.109,136
6.515,92.391,136
6.518,91.683,136
6.52,91.91,136
6.523,91.871,136
6.526,91.552,136
6.528,92.038,136
6.531,91.576,136
6.534,91.515,136
6.537,91.701,136
6.54,90.994,136
6.542,92.447,136
6.545,91.901,136
6.548,92.04,136
6.55,91.838,136
6.553,91.921,136
6.556,92.138,136
6.558,91.663,136
6.562,91.866,136
6.564,92.12,136
6.567,92.099,136
6.57,91.985,136
6.572,92.409,136
6.575,91.355,136
6.578,91.608,136
6.58,91.614,136
6.583,91.907,136
6.586,92.622,136
6.589,92.09,136
6.592,91.821,136
6.594,93.322,136
6.597,92.008,136
6.6,91.791,136
6.602,92.233,136
6.605,92.406,136
6.608,92.581,136
6.611,91.312,136
6.613,91.67,136
6.616,92.306,136
6.619,91.913,136
6.622,92.112,136
6.624,92.07,136
6.627,92.108,136
6.63,92.31,136
6.633,92.036,136
6.635,92.136,136
6.638,92.555,136
6.641,91.753,136
6.643,92.277,136
6.646,91.858,136
6.649,92.427,136
6.652,92.145,136
6.655,92.011,136
6.657,91.924,136
6.66,92.385,136
6.663,91.448,136
6.665,92.103,136
6.668,92.425,136
6.671,91.619,136
6.673,92.298,136
6.677,92.435,136
6.679,91.873,136
6.682,92.322,136
6.685,91.874,136
6.687,91.818,136
6.69,92.362,136
6.693,92.08,136
6.695,92.193,136
6.698,91.586,136
6.701,92.068,136
6.704,92.236,136
6.707,91.313,136
6.709,91.944,136
6.712,91.378,136
6.715,92.007,136
6.717,92.03,136
6.72,92.102,136
6.723,91.695,136
6.725,92.055,136
6.729,91.579,136
6.731,91.858,136
6.734,92.097,136
6.737,91.654,136
6.739,91.682,136
6.742,91.566,136
6.745,92.549,136
6.747,91.948,136
6.751,91.81,136
6.753,92.485,136
6.756,92.252,136
6.759,91.541,136
6.761,91.988,136
6.764,91.875,136
6.767,92.137,136
6.769,92.382,136
6.773,91.982,136
6.775,91.823,136
6.778,91.891,136
6.781,91.695,136
6.783,91.881,136
6.786,91.877,136
6.789,91.75,136
6.791,92.276,136
6.795,91.954,136
6.797,92.255,136
6.8,92.069,136
6.803,91.763,136
6.805,92.279,136
6.808,91.872,136
6.811,91.5,136
6.813,92.351,136
6.817,91.195,136
6.819,91.602,136
6.822,91.406,136
6.825,91.619,136
6.827,92.062,136
6.83,91.765,136
6.833,91.925,136
6.835,92.443,136
6.839,91.804,136
6.841,92.237,136
6.844,92.48,136
6.847,91.985,136
6.849,92.368,136
6.852,91.765,136
6.855,92.301,136
6.857,92.116,136
6.86,91.819,136
6.863,91.92,136
6.865,91.957,136
6.869,91.806,136
6.871,91.801,136
6.874,92.102,136
6.877,91.619,136
6.879,92.05,136
6.986,90.92,880
6.989,92.157,880
6.991,91.748,880
6.994,91.451,880
6.997,92.968,880
7.0,91.332,880
7.002,91.639,880
7.005,92.013,880
7.008,91.746,880
7.011,92.545,880
7.013,91.875,880
7.016,92.077,880
7.019,92.275,880
7.022,91.637,880
7.024,92.009,880
7.027,92.181,880
7.03,91.808,880
7.032,92.099,880
7.035,92.027,880
7.038,91.931,880
7.041,92.241,880
7.044,90.929,880
7.046,91.761,880
7.049,92.42,880
7.052,91.343,880
7.054,92.734,880
7.057,91.354,880
7.06,91.58,880
7.062,92.316,880
7.066,91.753,880
7.068,91.613,880
7.071,92.682,880
7.074,90.907,880
7.076,92.667,880
7.079,92.225,880
7.082,91.248,880
7.084,92.16,880
7.087,91.039,880
7.09,91.593,880
7.093,92.161,880
7.096,91.72,880
7.098,92.055,880
7.101,92.172,880
7.104,91.647,880
7.106,92.915,880
7.109,92.143,880
7.112,92.007,880
7.114,92.29,880
7.118,91.383,880
7.12,91.68,880
7.123,92.336,880
7.126,91.658,880
7.128,92.465,880
7.131,92.007,880
7.134,91.956,880
7.136,92.708,880
7.14,91.461,880
7.142,92.174,880
7.145,91.737,880
7.148,91.571,880
7.15,92.775,880
7.153,91.422,880
7.156,91.769,880
7.158,92.346,880
7.162,90.705,880
7.164,91.969,880
7.167,92.306,880
7.17,92.193,880
7.172,92.184,880
7.175,91.346,880
7.178,92.201,880
7.18,92.502,880
7.184,91.56,880
7.186,92.323,880
7.189,91.718,880
7.192,91.671,880
7.194,92.502,880
7.197,91.417,880
7.2,91.8,880
7.202,92.596,880
7.206,91.029,880
7.208,92.213,880
7.211,92.051,880
7.214,92.096,880
7.216,92.227,880
7.219,92.123,880
7.222,91.84,880
7.224,92.065,880
7.228,90.67,880
7.23,92.391,880
7.233,91.704,880
7.236,91.196,880
7.238,92.484,880
7.241,91.35,880
7.244,91.605,880
7.246,92.748,880
7.249,91.665,880
7.252,92.176,880
7.254,91.775,880
7.258,91.699,880
7.26,91.491,880
7.263,91.953,880
7.266,91.908,880
7.268,93.012,880
7.271,91.701,880
7.274,92.519,880
7.276,92.279,880
7.279,91.759,880
7.282,92.277,880
7.285,91.346,880
7.288,91.892,880
7.29,92.486,880
7.293,92.097,880
7.296,92.288,880
7.298,92.127,880
7.301,91.316,880
7.304,92.152,880
7.307,91.913,880
7.31,91.661,880
7.312,92.681,880
7.315,91.456,880
7.318,92.262,880
7.32,92.101,880
7.323,91.892,880
7.326,92.074,880
7.329,91.716,880
7.331,91.716,880
7.334,92.354,880
7.337,90.475,880
7.34,92.132,880
7.342,92.007,880
7.345,91.354,880
7.348,92.045,880
7.351,91.843,880
7.353,92.251,880
7.356,92.449,880
7.359,90.958,880
7.361,91.747,880
7.364,91.441,880
7.367,91.453,880
7.37,92.755,880
7.373,91.724,880
7.375,92.583,880
7.378,92.714,880
7.381,91.583,880
7.383,92.597,880
7.386,92.352,880
7.389,91.389,880
7.391,92.606,880
7.395,91.597,880
7.397,91.524,880
7.4,92.178,880
7.403,91.452,880
7.405,92.006,880
7.408,92.286,880
7.411,91.749,880
7.413,92.19,880
7.416,91.791,880
7.419,92.169,880
7.422,92.836,880
7.425,91.184,880
7.427,92.152,880
7.43,92.504,880
7.433,92.206,880
7.435,92.245,880
7.438,91.286,880
7.441,91.858,880
7.443,92.448,880
7.447,91.694,880
7.449,92.345,880
7.452,91.713,880
7.455,90.88,880
7.457,92.147,880
7.46,91.785,880
7.463,91.854,880
7.465,92.217,880
7.469,91.414,880
7.471,92.613,880
7.474,92.243,880
7.477,91.209,880
7.479,92.443,880
7.482,92.069,880
7.485,92.321,880
7.487,92.75,880
7.491,91.53,880
7.493,92.097,880
7.496,92.023,880
7.499,92.069,880
7.501,92.103,880
7.504,92.046,880
7.507,91.99,880
7.509,91.831,880
7.513,91.145,880
7.515,91.776,880
7.518,91.244,880
7.521,91.748,880
7.523,92.163,880
7.526,91.508,880
7.529,92.413,880
7.531,92.309,880
7.535,90.386,880
7.537,91.976,880
7.54,91.282,880
7.543,91.53,880
7.545,92.206,880
7.548,91.187,880
7.551,92.195,880
7.553,92.395,880
7.557,92.142,880
7.559,92.59,880
7.562,91.786,880
7.565,91.213,880
7.567,92.595,880
7.57,92.292,880
7.573,91.752,880
7.575,92.546,880
7.578,91.725,880
7.581,92.262,880
7.583,91.858,880
7.587,91.88,880
7.589,92.533,880
7.592,92.041,880
7.595,91.96,880
7.597,92.672,880
7.6,91.339,880
7.603,91.938,880
7.605,92.122,880
7.608,91.351,880
7.611,92.317,880
7.614,91.38,880
7.617,92.397,880
7.619,92.896,880
7.622,90.672,880
7.625,91.529,880
7.627,91.755,880
7.63,92.095,880
7.633,92.372,880
7.636,91.086,880
7.638,91.603,880
7.641,92.371,880
7.644,90.936,880
7.647,92.363,880
7.649,92.024,880
7.652,91.684,880
7.655,92.305,880
7.658,91.434,880
7.66,91.843,880
7.663,92.181,880
7.666,90.979,880
7.669,91.519,880
7.671,92.159,880
7.674,91.557,880
7.677,92.426,880
7.68,91.605,880
7.682,92.047,880
7.685,92.834,880
7.688,91.542,880
7.69,92.329,880
7.693,92.13,880
7.696,92.193,880
7.699,92.729,880
7.702,92.329,880
7.704,91.883,880
7.707,92.346,880
7.71,91.81,880
7.712,92.667,880
7.715,92.071,880
7.718,91.982,880
7.72,92.238,880
7.724,92.251,880
7.726,92.391,880
7.729,92.745,880
7.732,91.314,880
7.734,91.963,880
7.737,91.525,880
7.74,91.843,880
7.742,92.276,880
7.745,91.375,880
7.748,92.011,880
7.75,92.253,880
7.754,92.072,880
7.756,92.499,880
7.759,91.894,880
7.762,91.794,880
7.764,92.051,880
7.767,91.88,880
7.77,92.455,880
7.772,92.576,880
7.776,91.456,880
7.778,92.617,880
7.781,92.023,880
7.784,91.972,880
7.786,92.542,880
7.789,91.347,880
7.792,92.052,880
7.794,92.718,880
7.798,91.075,880
7.8,91.823,880
7.803,91.602,880
7.806,91.112,880
7.808,92.592,880
7.811,91.793,880
7.814,92.35,880
7.816,92.749,880
7.82,91.396,880
7.822,92.285,880
7.825,91.775,880
7.828,91.611,880
7.83,92.511,880
7.833,91.518,880
7.836,92.122,880
7.838,92.59,880
7.842,90.817,880
7.844,92.344,880
7.847,91.77,880
7.85,91.633,880
7.852,92.569,880
7.855,91.627,880
7.858,92.211,880
7.86,92.577,880
7.864,90.819,880
7.866,92.262,880
7.869,92.331,880
7.872,91.8,880
7.874,92.377,880
7.877,92.393,880
7.88,92.431,880
7.882,92.898,880
7.886,91.423,880
7.888,91.875,880
7.891,91.368,880
7.894,91.597,880
7.896,92.449,880
7.899,91.141,880
7.902,91.86,880
7.904,91.96,880
7.907,91.408,880
7.91,92.624,880
7.912,91.511,880
7.916,91.49,880
7.918,92.833,880
7.921,91.984,880
7.924,92.26,880
7.926,92.756,880
7.929,92.303,880
7.932,91.837,880
7.934,91.848,880
7.937,91.577,880
7.94,92.258,880
7.943,91.038,880
7.946,91.589,880
7.948,92.48,880
7.951,91.619,880
7.954,91.987,880
7.956,91.68,880
7.959,91.229,880
7.962,92.495,880
7.965,91.862,880
7.967,91.946,880
7.97,92.732,880
7.973,91.114,880
7.976,92.364,880
7.978,92.371,880
7.981,92.128,880
7.984,92.895,880
7.987,91.307,880
7.989,92.002,880
7.992,93.086,880
7.995,91.468,880
7.998,92.019,880
8.0,91.876,880
8.003,91.577,880
8.006,92.417,880
8.009,91.73,880
8.011,92.109,880
8.014,92.661,880
8.017,91.46,880
8.019,92.716,880
8.022,92.029,880
8.025,91.408,880
8.028,92.437,880
8.031,91.621,880
8.033,91.418,880
8.036,92.594,880
8.039,90.348,880
8.041,92.112,880
8.044,92.221,880
8.047,91.15,880
8.049,92.254,880
8.053,91.479,880
8.055,91.694,880
8.058,92.175,880
8.061,91.789,880
8.063,91.68,880
8.066,92.184,880
8.069,91.923,880
8.071,92.243,880
8.074,91.508,880
8.077,92.284,880
8.079,92.674,880
8.083,92.23,880
8.085,92.345,880
8.088,92.728,880
8.091,91.914,880
8.093,92.356,880
8.096,91.051,880
8.099,91.895,880
8.101,92.335,880
8.105,91.427,880
8.107,92.439,880
8.11,91.973,880
8.113,91.477,880
8.115,92.139,880
8.118,91.965,880
8.121,92.014,880
8.123,92.846,880
8.127,91.27,880
8.129,92.201,880
8.132,91.674,880
8.135,91.965,880
8.137,91.808,880
8.14,91.28,880
8.143,91.731,880
8.145,92.181,880
8.149,91.926,880
8.151,92.001,880
8.154,91.453,880
8.157,91.172,880
8.159,92.174,880
8.162,91.371,880
8.165,91.953,880
8.167,92.07,880
8.171,90.444,880
8.173,92.268,880
8.176,92.138,880
8.179,91.656,880
8.181,92.294,880
8.184,91.705,880
8.187,92.229,880
8.189,92.697,880
8.193,90.946,880
8.195,91.59,880
8.198,91.68,880
8.201,91.414,880
8.203,91.908,880
8.206,92.152,880
8.209,91.644,880
8.211,92.722,880
8.215,91.374,880
8.217,91.832,880
8.22,92.128,880
8.223,92.289,880
8.225,92.388,880
8.228,91.887,880
8.231,92.215,880
8.233,92.049,880
8.236,90.939,880
8.239,91.643,880
8.241,91.997,880
8.245,91.904,880
8.247,92.406,880
8.25,91.459,880
8.253,92.424,880
8.255,92.195,880
8.258,91.271,880
8.261,91.948,880
8.263,91.579,880
8.266,92.04,880
8.269,91.978,880
8.272,92.136,880
8.275,91.708,880
8.277,92.704,880
8.28,92.124,880
8.283,92.274,880
8.285,91.798,880
8.288,91.553,880
8.291,92.496,880
8.294,91.336,880
8.296,91.91,880
8.299,91.958,880
8.302,91.313,880
8.305,92.23,880
8.307,91.759,880
8.31,91.689,880
8.313,91.943,880
8.316,91.487,880
8.318,91.918,880
8.321,92.263,880
8.324,91.151,880
8.327,92.381,880
8.329,91.348,880
8.332,90.808,880
8.335,92.082,880
8.338,91.74,880
8.34,91.88,880
8.343,91.921,880
8.346,91.72,880
8.348,92.094,880
8.351,91.956,880
8.354,91.515,880
8.357,92.379,880
8.36,92.308,880
8.362,92.214,880
8.365,91.819,880
8.368,91.923,880
8.37,92.577,880
8.373,91.648,880
8.376,91.96,880
8.378,92.19,880
8.382,92.172,880
8.384,91.527,880
8.387,92.666,880
8.39,92.033,880
8.392,92.075,880
8.395,92.145,880
8.398,91.382,880
8.4,92.127,880
8.403,91.893,880
8.406,91.894,880
8.408,92.171,880
8.412,91.453,880
8.414,92.892,880
8.417,92.084,880
8.42,92.145,880
8.422,92.197,880
8.425,91.569,880
8.428,91.837,880
8.43,92.267,880
8.434,91.01,880
8.436,91.804,880
8.439,92.092,880
8.442,92.037,880
8.444,91.952,880
8.447,91.391,880
8.45,91.646,880
8.452,92.066,880
8.456,91.437,880
8.458,92.331,880
8.461,91.723,880
8.464,91.16,880
8.466,92.093,880
8.469,91.354,880
8.472,91.716,880
8.474,92.359,880
8.478,91.983,880
8.48,91.63,880
8.483,91.935,880
8.486,91.94,880
8.488,92.575,880
8.491,91.397,880
8.494,92.15,880
8.496,92.484,880
8.5,91.168,880
8.502,92.109,880
8.505,92.245,880
8.509,92.418,880
8.616,91.921,880
8.827,92.224,880
8.83,92.85,880
8.833,91.758,880
8.836,92.001,880
8.839,91.904,880
8.842,92.185,880
8.844,92.185,880
8.847,91.303,880
8.85,92.583,880
8.852,92.409,880
8.856,90.927,880
8.858,92.057,880
8.861,92.288,880
8.864,91.652,880
8.866,91.881,880
8.902,92.409,136
8.921,92.131,136
8.923,92.04,136
8.927,90.329,136
8.93,91.019,136
8.933,91.63,136
8.935,91.625,136
8.938,92.101,136
8.941,91.838,136
8.943,92.121,136
8.946,92.394,136
8.949,91.777,136
8.952,92.311,136
8.955,91.778,136
8.957,92.135,136
8.96,91.96,136
8.963,91.85,136
8.965,92.52,136
8.968,92.088,136
8.971,91.716,136
8.973,92.314,136
8.976,92.021,136
8.979,92.841,136
8.982,92.134,136
8.985,92.11,136
8.987,92.253,136
8.99,92.203,136
8.993,92.083,136
8.995,91.953,136
8.998,92.135,136
9.001,92.353,136
9.003,92.593,136
9.007,91.892,136
9.009,91.967,136
9.012,92.333,136
9.015,91.675,136
9.017,92.329,136
9.02,92.106,136
9.023,92.469,136
9.025,92.012,136
9.029,92.094,136
9.031,92.144,136
9.034,92.268,136
9.037,92.017,136
9.039,91.995,136
9.042,91.865,136
9.045,92.265,136
9.047,92.373,136
9.051,91.551,136
9.053,92.204,136
9.056,92.14,136
9.059,92.088,136
9.061,92.013,136
9.064,92.146,136
9.067,92.318,136
9.069,92.391,136
9.073,92.329,136
9.075,92.918,136
9.078,92.443,136
9.081,92.242,136
9.083,92.29,136
9.086,91.69,136
9.089,92.187,136
9.091,92.08,136
9.095,92.399,136
9.097,92.716,136
9.1,92.042,136
9.103,92.185,136
9.105,92.51,136
9.108,92.346,136
9.111,92.387,136
9.113,91.989,136
9.117,92.104,136
9.119,92.023,136
9.122,91.944,136
9.125,92.043,136
9.127,91.842,136
9.13,92.222,136
9.133,92.402,136
9.135,92.749,136
9.138,92.707,136
9.141,92.919,136
9.144,92.685,136
9.147,91.985,136
9.149,92.218,136
9.163,92.007,136
9.171,92.767,136
9.174,92.939,136
9.177,91.822,136
9.179,92.196,136
9.182,91.712,136
9.185,92.183,136
9.187,91.654,136
9.19,91.776,136
9.193,91.893,136
9.195,92.713,136
9.199,91.79,136
9.201,91.94,136
9.204,92.193,136
9.207,92.106,136
9.209,92.207,136
9.212,91.926,136
9.215,92.146,136
9.217,92.812,136
9.221,92.166,136
9.223,92.524,136
9.226,92.453,136
9.229,91.903,136
9.231,92.503,136
9.234,92.097,136
9.237,92.344,136
9.239,92.729,136
9.243,92.245,136
9.245,92.505,136
9.248,92.603,136
9.251,92.177,136
9.253,92.165,136
9.256,92.59,136
9.259,92.287,136
9.261,92.622,136
9.265,92.602,136
9.267,92.217,136
9.27,92.399,136
9.273,91.969,136
9.275,92.632,136
9.278,91.912,136
9.281,92.112,136
9.283,92.078,136
9.287,91.959,136
9.289,92.201,136
9.292,92.27,136
9.295,92.163,136
9.297,92.502,136
9.3,92.039,136
9.303,91.555,136
9.305,92.089,136
9.309,92.163,136
9.311,92.114,136
9.314,92.723,136
9.317,91.722,136
9.319,92.502,136
9.322,91.889,136
9.325,91.915,136
9.327,92.39,136
9.331,91.977,136
9.333,91.872,136
9.336,91.976,136
9.339,92.077,136
9.341,92.194,136
9.344,92.051,136
9.347,91.912,136
9.349,92.617,136
9.352,91.381,136
9.355,91.558,136
9.357,92.129,136
9.361,91.989,136
9.363,92.317,136
9.366,92.08,136
9.369,92.255,136
9.371,92.476,136
9.374,91.694,136
9.377,91.804,136
9.379,92.078,136
9.382,92.242,136
9.385,92.484,136
9.388,92.26,136
9.391,92.543,136
9.393,92.493,136
9.396,91.556,136
9.399,91.618,136
9.401,91.959,136
9.404,92.443,136
9.407,92.491,136
9.41,92.085,136
9.412,92.113,136
9.415,92.276,136
9.418,92.228,136
9.421,91.82,136
9.423,92.484,136
9.426,92.023,136
9.429,92.082,136
9.432,91.674,136
9.434,91.873,136
9.437,92.089,136
9.44,91.899,136
9.443,92.179,136
9.445,92.756,136
9.448,92.088,136
9.451,92.482,136
9.454,92.313,136
9.456,92.232,136
9.459,92.202,136
9.462,91.697,136
9.464,92.297,136
9.467,92.482,136
9.47,92.415,136
9.473,92.437,136
9.476,92.265,136
9.478,92.051,136
9.481,92.453,136
9.484,91.557,136
9.486,91.936,136
9.489,92.377,136
9.492,92.706,136
9.494,92.797,136
9.498,92.174,136
9.5,92.439,136
9.503,92.503,136
9.506,92.411,136
9.508,92.86,136
9.511,92.596,136
9.514,92.649,136
9.516,92.5,136
9.519,92.162,136
9.522,91.927,136
9.524,92.228,136
9.528,92.292,136
9.53,92.499,136
9.533,92.252,136
9.536,92.157,136
9.538,92.53,136
9.541,92.286,136
9.544,92.509,136
9.546,92.679,136
9.55,92.025,136
9.552,92.884,136
9.555,92.477,136
9.558,92.241,136
9.56,92.542,136
9.563,92.462,136
9.566,92.614,136
9.568,92.54,136
9.572,91.824,136
9.574,91.72,136
9.577,92.475,136
9.58,92.258,136
9.582,92.212,136
9.585,92.271,136
9.588,92.384,136
9.59,92.669,136
9.594,92.039,136
9.596,92.396,136
9.599,92.889,136
9.602,92.383,136
9.604,93.044,136
9.607,92.557,136
9.61,92.495,136
9.612,92.982,136
9.616,92.544,136
9.618,92.326,136
9.621,91.93,136
9.624,92.124,136
9.626,92.172,136
9.629,92.113,136
9.632,92.2,136
9.634,92.232,136
9.638,92.485,136
9.64,92.302,136
9.643,92.16,136
9.646,92.369,136
9.648,92.921,136
9.651,92.206,136
9.654,92.302,136
9.656,92.51,136
9.66,92.206,136
9.662,92.505,136
9.665,92.574,136
9.668,92.472,136
9.67,92.519,136
9.673,92.383,136
9.676,91.98,136
9.678,92.609,136
9.681,92.015,136
9.684,91.763,136
9.686,92.029,136
9.69,92.018,136
9.692,92.046,136
9.695,91.818,136
9.698,91.632,136
9.7,91.827,136
9.703,91.667,136
9.706,92.128,136
9.708,92.437,136
9.711,91.69,136
9.714,91.738,136
9.717,91.397,136
9.72,91.638,136
9.722,91.862,136
9.725,92.011,136
9.728,92.2,136
9.73,91.831,136
9.733,92.303,136
9.736,92.154,136
9.74,91.732,136
9.743,92.22,136
9.745,91.637,136
9.748,91.751,136
9.751,92.267,136
9.754,91.679,136
9.756,92.279,136
9.759,92.202,136
9.762,91.912,136
9.764,91.844,136
9.767,92.3,136
9.77,92.31,136
9.773,92.469,136
9.776,91.992,136
9.778,92.045,136
9.781,92.456,136
9.784,91.544,136
9.786,92.252,136
9.789,92.031,136
9.792,92.194,136
9.795,92.756,136
9.798,92.568,136
9.8,92.124,136
9.803,92.37,136
9.806,91.567,136
9.808,92.643,136
9.811,92.163,136
9.814,92.346,136
9.816,92.065,136
9.82,91.708,136
9.822,91.775,136
9.825,92.332,136
9.828,91.485,136
9.83,91.756,136
9.833,92.023,136
9.836,92.083,136
9.838,91.653,136
9.841,92.55,136
9.844,92.738,136
9.846,92.155,136
9.85,92.044,136
9.852,92.581,136
9.855,92.331,136
9.858,92.178,136
9.86,92.294,136
9.863,91.83,136
9.866,91.838,136
9.868,92.72,136
9.872,91.969,136
9.874,92.065,136
9.877,91.942,136
9.88,91.801,136
9.882,92.523,136
9.885,92.22,136
9.888,92.286,136
9.89,92.254,136
9.894,92.266,136
9.896,92.646,136
9.899,92.787,136
9.902,92.125,136
9.904,92.102,136
9.907,92.669,136
9.91,92.371,136
9.912,92.307,136
9.916,92.296,136
9.918,92.824,136
9.921,92.633,136
9.924,91.789,136
9.926,91.643,136
9.929,92.22,136
9.932,92.351,136
9.934,92.358,136
9.938,92.044,136
9.94,92.186,136
9.943,92.359,136
9.946,91.96,136
9.948,92.416,136
9.951,92.145,136
9.954,92.327,136
9.956,92.442,136
9.96,91.852,136
9.962,92.075,136
9.965,92.749,136
9.968,91.922,136
9.97,92.334,136
9.973,91.806,136
9.976,91.511,136
9.978,91.634,136
9.981,92.309,136
9.984,91.819,136
9.987,91.547,136
9.99,91.848,136
9.992,91.647,136
9.995,91.795,136
9.998,91.802,136
10.0,92.239,136
10.003,91.619,136
10.006,92.126,136
10.008,91.882,136
10.012,91.916,136
10.014,92.391,136
10.017,92.039,136
10.02,91.57,136
10.022,92.073,136
10.025,91.947,136
10.028,92.285,136
10.03,91.917,136
10.033,92.052,136
10.036,91.893,136
10.039,92.173,136
10.042,92.069,136
10.044,92.04,136
10.047,91.521,136
10.05,91.934,136
10.052,92.037,136
10.055,91.935,136
10.058,92.473,136
10.061,91.936,136
10.063,91.714,136
10.066,92.348,136
10.069,91.681,136
10.072,91.644,136
10.074,92.047,136
10.077,91.757,136
10.08,92.312,136
10.083,91.459,136
10.085,91.909,136
10.088,91.939,136
10.091,91.08,136
10.093,91.536,136
10.096,92.267,136
10.099,91.83,136
10.102,92.339,136
10.105,92.266,136
10.107,92.305,136
10.11,91.909,136
10.113,92.211,136
10.115,92.343,136
10.118,92.527,136
10.121,92.401,136
10.124,92.16,136
10.127,92.323,136
10.129,91.959,136
10.132,92.174,136
10.135,91.738,136
10.137,91.925,136
10.14,92.057,136
10.143,91.619,136
10.145,91.641,136
10.148,92.025,136
10.151,91.985,136
10.154,92.239,136
10.157,92.078,136
10.159,91.947,136
10.162,92.672,136
10.165,91.833,136
10.167,91.741,136
10.17,91.639,136
10.173,91.444,136
10.175,92.187,136
10.179,91.961,136
10.181,92.282,136
10.184,92.239,136
10.187,91.967,136
10.189,91.786,136
10.192,91.822,136
10.195,91.942,136
10.197,91.877,136
10.201,91.828,136
10.203,91.935,136
10.206,91.913,136
10.209,91.677,136
10.211,92.292,136
10.214,92.237,136
10.217,92.004,136
10.219,92.122,136
10.223,91.96,136
10.225,92.357,136
10.228,92.28,136
10.231,91.711,136
10.233,91.795,136
10.236,91.991,136
10.239,92.019,136
10.241,92.418,136
10.245,92.13,136
10.247,92.462,136
10.25,92.511,136
10.253,91.412,136
10.255,91.613,136
10.258,92.027,136
10.261,91.58,136
10.263,92.403,136
10.267,91.668,136
10.269,92.058,136
10.272,92.791,136
10.275,92.212,136
10.277,92.494,136
10.28,92.124,136
10.283,91.889,136
10.285,92.673,136
10.289,91.477,136
10.291,91.611,136
10.294,91.853,136
10.297,91.343,136
10.299,91.975,136
10.302,92.049,136
10.305,92.135,136
10.307,92.288,136
10.31,92.497,136
10.313,92.634,136
10.316,92.189,136
10.319,92.078,136
10.321,92.138,136
10.324,91.935,136
10.327,91.794,136
10.329,92.111,136
10.332,92.388,136
10.335,92.414,136
10.337,92.009,136
10.341,91.814,136
10.343,92.625,136
10.346,92.159,136
10.349,92.001,136
10.351,92.009,136
10.354,91.785,136
10.357,91.917,136
10.359,92.193,136
10.362,91.424,136
10.365,91.994,136
10.368,91.982,136
10.371,91.781,136
10.373,92.482,136
10.376,92.286,136
10.379,91.927,136
10.381,91.923,136
10.384,92.156,136
10.387,91.98,136
10.39,92.62,136
10.392,92.141,136
10.395,92.407,136
10.398,91.048,136
10.401,91.704,136
10.403,92.348,136
10.406,91.763,136
10.409,92.092,136
10.412,92.015,136
10.414,92.417,136
10.417,92.739,136
10.42,91.798,136
10.422,92.093,136
10.425,91.791,136
10.428,91.642,136
10.431,91.516,136
10.434,91.784,136
10.436,91.749,136
10.439,92.167,136
10.442,91.633,136
10.444,92.114,136
10.447,92.243,136
10.45,92.061,136
10.453,92.524,136
10.456,92.133,136
10.458,92.195,136
10.461,92.441,136
10.464,91.774,136
10.466,92.212,136
10.469,91.904,136
10.472,91.941,136
10.474,91.863,136
10.478,92.007,136
10.48,91.675,136
10.483,92.036,136
10.486,91.321,136
10.488,92.061,136
10.491,91.982,136
10.494,92.163,136
10.496,92.296,136
10.499,91.855,136
10.502,91.925,136
10.504,92.196,136
10.508,91.899,136
10.51,92.149,136
10.513,92.196,136
10.516,92.254,136
10.518,92.107,136
10.521,92.047,136
10.524,92.0,136
10.526,92.391,136
10.53,91.823,136
10.532,91.895,136
10.535,92.154,136
10.538,91.698,136
10.54,91.613,136
10.543,92.066,136
10.546,92.202,136
10.548,92.139,136
10.552,92.078,136
10.554,91.866,136
10.557,92.271,136
10.56,92.263,136
10.562,92.123,136
10.565,91.881,136
10.568,92.242,136
10.57,92.102,136
10.574,91.959,136
10.584,91.754,136
10.587,92.257,136
10.59,92.358,136
10.593,92.409,136
10.596,92.089,136
10.598,92.506,136
10.601,92.522,136
10.604,91.779,136
10.606,92.119,136
10.609,92.322,136
10.612,92.553,136
10.614,92.554,136
10.618,91.805,136
10.62,91.726,136
10.623,92.492,136
10.626,91.64,136
10.628,91.904,136
10.631,91.666,136
10.634,91.697,136
10.636,91.969,136
10.639,91.922,136
10.642,91.901,136
10.644,92.062,136
10.648,92.079,136
10.65,92.023,136
10.653,92.312,136
10.656,92.213,136
10.658,92.242,136
10.661,92.058,136
10.664,91.817,136
10.666,92.39,136
10.67,92.13,136
10.672,92.764,136
10.675,92.545,136
10.678,91.839,136
10.68,91.927,136
10.683,91.474,136
10.686,91.611,136
10.688,92.462,136
10.692,91.471,136
10.694,91.777,136
10.697,92.039,136
10.7,92.045,136
10.702,92.101,136
10.705,91.574,136
10.708,91.668,136
10.71,91.874,136
10.714,91.974,136
10.716,91.933,136
10.719,92.06,136
10.722,91.84,136
10.724,92.045,136
10.727,91.795,136
10.73,91.775,136
10.732,91.819,136
10.736,91.39,136
10.738,92.0,136
10.741,91.449,136
10.744,92.13,136
10.746,92.376,136
10.749,91.338,136
10.752,91.652,136
10.754,92.039,136
10.758,91.742,136
10.76,91.78,136
10.763,92.122,136
10.766,92.21,136
10.768,92.424,136
10.771,91.721,136
10.774,91.828,136
10.776,92.747,136
10.78,91.747,136
10.782,92.61,136
10.785,91.587,136
10.788,91.825,136
10.79,91.972,136
10.793,91.558,136
10.796,91.579,136
10.798,92.065,136
10.801,91.641,136
10.804,92.375,136
10.806,92.206,136
10.81,92.172,136
10.812,92.145,136
10.815,91.993,136
10.818,92.687,136
10.82,92.483,136
10.823,91.493,136
10.826,92.024,136
10.828,91.933,136
10.831,92.074,136
10.834,92.466,136
10.837,92.307,136
10.84,92.466,136
10.842,92.598,136
10.845,92.256,136
10.848,92.102,136
10.85,92.065,136
10.853,91.522,136
10.856,91.746,136
10.859,92.312,136
10.861,92.205,136
10.864,92.473,136
10.867,92.172,136
10.87,92.366,136
10.872,91.992,136
10.875,91.706,136
10.878,92.223,136
10.881,92.109,136
10.883,91.781,136
10.886,92.271,136
10.889,91.948,136
10.892,92.149,136
10.894,91.837,136
10.897,91.822,136
10.9,92.319,136
10.903,91.677,136
10.905,91.888,136
10.908,92.587,136
10.911,91.616,136
10.913,92.221,136
10.916,92.686,136
10.919,91.746,136
10.922,92.548,136
10.925,91.816,136
10.927,91.812,136
10.93,92.283,136
10.933,91.62,136
10.935,92.409,136
10.938,91.757,136
10.941,91.867,136
10.943,91.895,136
10.947,91.893,136
10.949,92.208,136
10.952,91.405,136
10.955,91.785,136
10.957,92.226,136
10.96,91.989,136
10.963,91.547,136
10.965,92.034,136
10.968,92.286,136
10.971,92.47,136
10.973,92.602,136
10.977,91.746,136
10.979,91.802,136
10.982,92.423,136
10.985,92.266,136
10.987,91.882,136
10.99,91.373,136
10.993,91.344,136
10.995,92.172,136
10.999,91.81,136
11.001,92.007,136
11.004,92.521,136
11.007,91.654,136
11.009,91.803,136
11.012,91.901,136
11.015,91.59,136
11.017,91.931,136
11.021,91.741,136
11.023,91.765,136
11.026,92.103,136
11.029,91.587,136
11.031,91.963,136
11.034,91.904,136
11.037,92.133,136
11.039,92.306,136
11.043,91.845,136
11.045,92.019,136
11.048,92.12,136
11.051,92.272,136
11.053,91.903,136
11.056,92.208,136
11.059,90.878,136
11.061,91.83,136
11.065,90.956,136
11.067,91.624,136
11.07,92.506,136
11.073,92.098,136
11.075,92.191,136
11.078,92.338,136
11.081,92.209,136
11.083,92.498,136
11.087,91.71,136
11.089,92.471,136
11.092,92.647,136
11.095,92.002,136
11.097,92.383,136
11.1,92.238,136
11.103,91.697,136
11.105,92.656,136
11.109,91.391,136
11.111,92.127,136
11.114,91.764,136
11.117,91.779,136
11.119,92.129,136
11.122,92.143,136
11.125,91.822,136
11.127,92.484,136
11.13,91.717,136
11.133,91.581,136
11.135,91.892,136
11.139,91.577,136
11.141,92.032,136
11.144,91.414,136
11.147,91.911,136
11.149,91.624,136
11.152,91.846,136
11.155,91.843,136
11.161,92.067,136
11.163,91.89,136
11.166,92.311,136
11.169,92.067,136
11.171,92.213,136
11.175,92.344,136
11.177,91.994,136
11.18,91.771,136
11.183,91.942,136
11.185,92.339,136
11.188,91.972,136
11.191,91.788,136
11.193,92.286,136
11.197,91.87,136
11.199,92.145,136
11.202,92.123,136
11.205,91.738,136
11.207,91.835,136
11.21,91.648,136
11.213,92.084,136
11.215,92.531,136
11.218,91.646,136
11.221,92.096,136
11.224,92.127,136
11.227,92.425,136
11.229,92.037,136
11.232,91.54,136
11.235,92.669,136
11.237,92.323,136
11.24,91.878,136
11.243,92.185,136
11.245,92.146,136
11.249,91.971,136
11.251,92.033,136
11.254,91.948,136
11.257,91.725,136
11.259,92.15,136
11.262,92.031,136
11.265,91.786,136
11.267,91.61,136
11.27,91.735,136
11.273,92.054,136
11.276,91.834,136
11.279,91.793,136
11.281,91.94,136
11.284,91.857,136
11.287,92.468,136
11.289,92.074,136
11.292,92.492,136
11.295,92.345,136
11.298,91.433,136
11.3,91.652,136
11.303,92.045,136
11.306,91.826,136
11.309,92.356,136
11.311,92.245,136
11.314,91.806,136
11.317,92.121,136
11.32,92.259,136
11.322,92.09,136
11.325,92.14,136
11.328,91.696,136
11.33,91.826,136
11.333,92.214,136
11.336,91.935,136
11.339,92.079,136
11.342,91.607,136
11.344,91.875,136
11.347,92.182,136
11.35,92.009,136
11.352,92.013,136
11.355,91.766,136
11.358,91.921,136
11.361,91.932,136
11.364,91.856,136
11.366,92.318,136
11.369,92.418,136
11.372,91.799,136
11.374,92.011,136
11.377,91.817,136
11.38,91.164,136
11.382,91.518,136
11.386,91.584,136
11.388,92.252,136
11.391,91.702,136
11.394,91.915,136
11.396,91.747,136
11.399,92.149,136
11.402,91.766,136
11.404,91.972,136
11.407,91.93,136
11.41,91.963,136
11.412,92.281,136
11.416,91.278,136
11.418,91.912,136
11.421,92.14,136
11.424,91.151,136
11.426,91.382,136
11.429,92.423,136
11.432,91.317,136
11.434,92.152,136
11.438,91.292,136
11.44,91.745,136
11.443,92.173,136
11.446,91.921,136
11.448,92.009,136
11.451,92.067,136
11.454,92.066,136
11.456,91.858,136
11.46,92.0,136
11.462,92.149,136
11.465,91.988,136
11.468,91.694,136
11.47,91.822,136
11.473,91.364,136
11.476,92.031,136
11.478,92.264,136
11.482,91.659,136
11.484,92.309,136
11.487,91.981,136
11.49,92.161,136
11.492,92.328,136
11.495,91.97,136
11.498,92.08,136
11.5,92.832,136
11.504,91.648,136
11.506,91.597,136
11.509,92.229,136
11.512,91.945,136
11.514,91.838,136
11.517,91.674,136
11.52,92.228,136
11.522,92.215,136
11.526,91.759,136
11.528,91.694,136
11.531,92.354,136
11.534,92.158,136
11.536,92.207,136
11.539,92.005,136
11.542,91.399,136
11.544,92.184,136
11.547,91.425,136
11.55,91.947,136
11.553,91.877,136
11.556,91.605,136
11.558,91.723,136
11.561,91.927,136
11.564,91.665,136
11.566,92.521,136
11.569,92.23,136
11.572,92.359,136
11.574,92.31,136
11.578,91.818,136
11.58,92.079,136
11.583,92.079,136
11.586,91.732,136
11.588,92.271,136
11.591,91.988,136
11.594,92.381,136
11.596,92.378,136
11.599,91.422,136
11.602,92.128,136
11.605,92.019,136
11.608,92.113,136
11.61,92.347,136
11.613,91.848,136
11.616,92.185,136
11.618,92.228,136
11.621,91.9,136
11.624,92.241,136
11.627,92.18,136
11.629,92.512,136
11.632,92.302,136
11.635,92.479,136
11.638,92.364,136
11.64,91.696,136
11.643,91.362,136
11.646,92.397,136
11.649,92.099,136
11.651,92.081,136
11.654,92.555,136
11.657,91.506,136
11.659,91.569,136
11.662,92.204,136
11.665,91.465,136
11.668,92.456,136
11.671,91.829,136
11.673,92.053,136
11.676,92.079,136
11.679,91.691,136
11.681,91.914,136
11.684,91.598,136
11.687,91.1,136
11.69,92.236,136
11.693,91.833,136
11.695,91.989,136
11.698,92.407,136
11.701,91.611,136
11.703,91.929,136
11.706,91.438,136
11.709,91.897,136
11.711,92.101,136
11.714,91.872,136
11.717,92.538,136
11.72,91.782,136
11.723,91.999,136
11.725,92.02,136
11.731,91.505,136
11.741,91.56,136
11.743,91.85,136
11.746,92.184,136
11.749,92.308,136
11.751,92.007,136
11.755,91.466,136
11.757,91.628,136
11.76,91.934,136
11.763,92.186,136
11.765,92.038,136
11.768,91.619,136
11.771,91.811,136
11.773,91.98,136
11.777,92.308,136
11.779,92.242,136
11.782,91.732,136
11.785,92.748,136
11.787,92.355,136
11.79,90.991,136
11.793,91.583,136
11.795,91.821,136
11.798,91.55,136
11.801,91.557,136
11.804,91.843,136
11.807,92.12,136
11.809,92.303,136
11.917,91.505,136
11.972,91.815,136
11.974,92.034,136
11.977,91.341,136
11.98,91.735,136
11.982,91.94,136
11.985,91.672,136
11.988,92.254,136
11.991,91.715,136
11.993,92.054,136
11.996,92.304,136
11.999,91.322,136
12.002,92.186,136
12.004,91.81,136
12.007,91.725,136
12.01,91.694,136
12.013,91.893,136
12.015,91.469,136
12.018,91.56,136
12.021,91.783,136
12.023,91.909,136
12.026,92.256,136
12.029,91.81,136
12.032,91.979,136
12.035,91.557,136
12.037,92.056,136
12.04,92.091,136
12.043,92.19,136
12.045,91.961,136
12.048,91.467,136
12.051,92.116,136
12.054,92.348,136
12.057,91.877,136
12.059,92.216,136
12.062,92.397,136
12.065,91.637,136
12.067,91.873,136
12.07,91.875,136
12.073,92.364,136
12.075,91.852,136
12.079,92.283,136
12.081,92.153,136
12.084,92.501,136
12.087,91.67,136
12.089,92.33,136
12.092,92.014,136
12.095,91.518,136
12.097,92.298,136
12.1,92.125,136
12.103,91.629,136
12.105,91.817,136
12.109,91.981,136
12.111,91.92,136
12.114,92.013,136
12.117,92.028,136
12.119,91.922,136
12.122,91.93,136
12.125,91.581,136
12.127,92.043,136
12.131,91.713,136
12.133,92.057,136
12.136,92.324,136
12.139,91.762,136
12.141,91.968,136
12.144,91.82,136
12.147,92.283,136
12.149,92.476,136
12.153,91.58,136
12.155,92.064,136
12.158,92.071,136
12.161,91.737,136
12.163,91.949,136
12.166,92.164,136
12.169,92.218,136
12.171,92.245,136
12.175,91.734,136
12.177,91.564,136
12.18,91.996,136
12.183,91.621,136
12.185,91.978,136
12.188,92.309,136
12.191,91.643,136
12.193,92.229,136
12.197,91.782,136
12.199,91.978,136
12.202,92.15,136
12.205,91.961,136
12.207,92.035,136
12.21,91.584,136
12.213,91.987,136
12.215,92.22,136
12.219,91.829,136
12.221,92.248,136
12.224,92.588,136
12.227,91.856,136
12.229,91.4,136
12.232,92.083,136
12.235,91.896,136
12.237,91.921,136
12.24,92.029,136
12.243,92.008,136
12.246,91.79,136
12.249,91.696,136
12.251,91.918,136
12.254,91.878,136
12.257,91.997,136
12.259,92.326,136
12.262,91.961,136
12.265,92.252,136
12.267,92.093,136
12.271,92.132,136
12.273,91.713,136
12.276,91.925,136
12.279,91.965,136
12.281,92.129,136
12.284,92.0,136
12.287,92.284,136
12.289,91.868,136
12.292,92.071,136
12.295,91.936,136
12.298,91.783,136
12.301,92.158,136
12.303,92.065,136
12.306,92.081,136
12.309,92.227,136
12.311,92.13,136
12.314,91.999,136
12.317,92.203,136
12.32,91.783,136
12.322,91.739,136
12.325,92.007,136
12.328,91.662,136
12.331,91.745,136
12.333,91.967,136
12.336,92.11,136
12.339,92.03,136
12.342,92.258,136
12.344,91.716,136
12.347,92.561,136
12.35,92.457,136
12.352,91.913,136
12.355,91.788,136
12.358,91.605,136
12.361,92.044,136
12.364,91.748,136
12.366,91.459,136
12.369,92.508,136
12.372,91.59,136
12.374,91.861,136
12.377,92.13,136
12.38,91.749,136
12.382,92.461,136
12.386,91.677,136
12.388,92.112,136
12.391,91.869,136
12.394,91.758,136
12.396,92.354,136
12.399,91.866,136
12.402,91.769,136
12.404,92.217,136
12.407,91.934,136
12.41,92.108,136
12.413,91.843,136
12.416,91.872,136
12.418,92.481,136
12.421,92.079,136
12.424,92.198,136
12.426,92.32,136
12.429,92.004,136
12.432,91.73,136
12.434,92.609,136
12.438,92.192,136
12.44,91.763,136
12.443,92.097,136
12.446,91.965,136
12.448,92.366,136
12.451,92.392,136
12.454,92.097,136
12.456,92.553,136
12.46,91.893,136
12.462,92.037,136
12.465,92.21,136
12.468,91.823,136
12.47,92.551,136
12.473,92.007,136
12.476,91.98,136
12.478,92.042,136
12.482,92.141,136
12.484,92.0,136
12.487,92.11,136
12.49,92.054,136
12.492,92.144,136
12.495,91.977,136
12.498,91.233,136
12.5,91.568,136
12.504,92.12,136
12.506,91.701,136
12.509,92.273,136
12.512,91.533,136
12.514,92.251,136
12.517,92.43,136
12.52,91.925,136
12.522,92.027,136
12.526,91.817,136
12.528,91.913,136
12.531,91.993,136
12.534,91.567,136
12.536,92.118,136
12.539,91.686,136
12.542,91.802,136
12.544,92.044,136
12.548,91.486,136
12.55,91.682,136
12.553,92.117,136
12.556,91.549,136
12.558,91.998,136
12.561,92.245,136
12.564,91.668,136
12.566,92.558,136
12.569,92.005,136
12.572,92.391,136
12.575,92.189,136
12.578,91.594,136
12.58,91.821,136
12.583,91.81,136
12.586,92.178,136
12.588,92.59,136
12.591,91.988,136
12.594,92.309,136
12.596,92.632,136
12.6,92.053,136
12.602,92.223,136
12.605,92.128,136
12.608,91.641,136
12.61,92.615,136
12.613,91.264,136
12.616,91.662,136
12.618,91.852,136
12.621,91.832,136
12.624,91.852,136
12.627,91.988,136
12.63,91.735,136
12.632,91.58,136
12.635,91.449,136
12.638,91.657,136
12.64,92.169,136
12.643,91.477,136
12.646,91.732,136
12.649,92.193,136
12.651,91.7,136
12.654,92.058,136
12.657,91.638,136
12.66,92.241,136
12.662,92.234,136
12.665,91.876,136
12.668,92.398,136
12.671,91.508,136
12.673,90.699,136
12.676,91.785,136
12.679,91.913,136
12.681,92.232,136
12.684,91.851,136
12.687,91.728,136
12.69,91.775,136
12.693,92.356,136
12.695,92.171,136
12.698,92.717,136
12.701,91.888,136
12.703,92.227,136
12.706,91.965,136
12.709,92.42,136
12.711,91.801,136
12.715,91.843,136
12.717,91.916,136
12.72,92.324,136
12.723,91.75,136
12.725,92.357,136
12.728,92.106,136
12.731,92.337,136
12.733,93.029,136
12.736,92.416,136
12.739,92.072,136
12.742,92.229,136
12.745,91.684,136
12.747,92.162,136
12.75,91.859,136
12.753,91.75,136
12.755,92.448,136
12.758,92.051,136
12.761,92.1,136
12.763,92.205,136
12.767,92.003,136
12.769,92.597,136
12.772,91.99,136
12.775,92.201,136
12.777,92.392,136
12.78,92.282,136
12.783,92.001,136
12.785,92.563,136
12.789,92.045,136
12.791,91.67,136
12.794,91.841,136
12.797,91.675,136
12.799,92.253,136
12.802,91.695,136
12.805,92.161,136
12.807,92.377,136
12.811,91.941,136
12.813,91.972,136
12.816,91.987,136
12.819,91.554,136
12.821,91.948,136
12.824,91.972,136
12.827,91.419,136
12.829,91.769,136
12.833,91.619,136
12.835,91.868,136
12.838,92.028,136
12.841,91.451,136
12.843,92.059,136
12.846,92.018,136
12.849,91.812,136
12.851,91.935,136
12.855,91.915,136
12.857,92.602,136
12.86,92.338,136
12.863,91.906,136
12.865,92.558,136
12.868,92.678,136
12.871,92.39,136
12.873,92.283,136
12.877,92.148,136
12.879,92.578,136
12.882,92.267,136
12.885,91.874,136
12.887,92.75,136
12.89,91.707,136
12.893,91.954,136
12.895,91.764,136
12.898,92.188,136
12.901,92.551,136
12.903,92.035,136
12.907,91.821,136
12.909,92.806,136
12.912,92.177,136
12.915,91.436,136
12.917,92.149,136
12.92,91.5,136
12.923,92.43,136
12.925,91.854,136
12.928,92.069,136
12.931,91.511,136
12.934,91.846,136
12.937,91.489,136
12.939,92.095,136
12.942,91.611,136
12.945,92.133,136
12.947,91.973,136
12.95,91.838,136
12.953,92.291,136
12.956,91.548,136
12.959,91.871,136
12.961,92.347,136
12.964,91.984,136
12.967,92.114,136
12.969,92.123,136
12.972,91.533,136
12.975,91.523,136
12.978,91.71,136
12.98,91.531,136
12.983,91.543,136
12.986,91.708,136
12.989,92.336,136
12.991,91.93,136
12.994,91.972,136
12.997,92.001,136
13.0,91.567,136
13.002,91.935,136
13.005,92.179,136
13.008,91.813,136
13.01,92.381,136
13.013,92.192,136
13.016,92.092,136
13.019,92.444,136
13.022,91.978,136
13.024,92.128,136
13.027,92.494,136
13.03,92.245,136
13.032,92.495,136
13.035,91.836,136
13.038,91.872,136
13.04,91.991,136
13.044,92.174,136
13.046,92.122,136
13.049,92.325,136
13.052,91.87,136
13.054,92.35,136
13.057,92.42,136
13.06,91.604,136
13.062,91.955,136
13.304,91.775,136
13.426,92.024,136
13.429,91.868,136
13.431,92.345,136
13.434,92.555,136
13.437,91.862,136
13.44,91.891,136
13.442,92.04,136
13.445,92.581,136
13.448,92.244,136
13.451,92.376,136
13.453,92.064,136
13.456,91.943,136
13.459,92.291,136
13.462,91.823,136
13.464,92.503,136
13.467,92.399,136
13.47,92.505,136
13.473,92.665,136
13.475,92.183,136
13.478,91.945,136
13.481,92.227,136
13.484,92.243,136
13.487,91.879,136
13.489,92.087,136
13.492,92.036,136
13.495,92.325,136
13.498,92.833,136
13.5,92.049,136
13.503,92.361,136
13.506,92.58,136
13.509,91.782,136
13.512,92.251,136
13.514,91.909,136
13.517,92.613,136
13.52,92.044,136
13.523,91.954,136
13.525,92.612,136
13.528,92.351,136
13.531,91.711,136
13.534,91.858,136
13.536,91.986,136
13.539,91.991,136
13.542,92.243,136
13.545,92.417,136
13.547,92.168,136
13.55,91.431,136
13.553,91.703,136
13.556,92.248,136
13.558,92.363,136
13.561,92.222,136
13.564,92.04,136
13.567,92.108,136
13.569,92.551,136
13.572,92.6,136
13.575,92.257,136
13.578,92.133,136
13.58,92.505,136
13.583,92.04,136
13.586,92.369,136
13.589,91.806,136
13.592,92.399,136
13.594,91.917,136
13.597,92.072,136
13.6,92.103,136
13.603,92.318,136
13.605,92.457,136
13.608,91.874,136
13.611,92.534,136
13.614,91.824,136
13.617,92.741,136
13.619,92.957,136
13.622,92.415,136
13.625,92.536,136
13.628,92.119,136
13.63,92.175,136
13.633,91.593,136
13.636,92.519,136
13.639,92.31,136
13.641,91.746,136
13.644,91.858,136
13.647,91.949,136
13.65,92.352,136
13.652,92.569,136
13.655,92.419,136
13.658,93.188,136
13.661,93.556,136
13.664,93.471,136
13.668,93.085,136
13.671,93.231,136
13.676,92.871,136
13.679,92.307,136
13.683,91.506,136
13.686,89.348,136
13.689,92.132,136
13.693,92.245,136
13.697,89.777,136
13.704,88.843,136
13.708,88.744,136
13.711,89.252,136
13.714,89.863,136
13.717,91.3,136
13.719,93.938,136
13.724,91.315,136
13.727,92.156,136
13.73,90.86,136
13.733,89.933,136
13.736,91.494,136
13.739,89.351,136
13.743,90.347,136
13.746,88.939,136
13.818,91.266,136
13.96,92.382,136
13.963,92.451,136
13.966,92.166,136
13.968,92.073,136
13.971,92.296,136
13.974,91.907,136
13.977,91.53,136
13.979,92.061,136
13.982,92.335,136
13.985,92.014,136
13.988,91.652,136
13.99,91.864,136
13.993,91.681,136
13.996,91.385,136
13.999,91.891,136
14.001,91.999,136
14.004,91.854,136
14.007,92.069,136
14.01,92.228,136
14.012,91.838,136
14.015,91.72,136
14.018,91.709,136
14.021,91.907,136
14.023,91.949,136
14.026,92.217,136
14.029,92.492,136
14.032,93.108,136
14.035,91.432,136
14.037,92.902,136
14.04,90.886,136
14.043,92.49,136
14.046,91.865,136
14.049,91.91,136
14.051,92.03,136
14.054,91.875,136
14.057,92.56,136
14.06,93.167,136
14.062,92.013,136
14.065,92.027,136
14.068,92.188,136
14.071,92.33,136
14.073,91.914,136
14.076,92.059,136
14.079,91.838,136
14.082,92.047,136
14.084,92.207,136
14.087,91.985,136
14.09,92.153,136
14.093,92.06,136
14.095,92.192,136
14.098,91.416,136
14.101,91.462,136
14.104,92.255,136
14.106,92.256,136
14.109,92.092,136
14.112,92.322,136
14.115,91.535,136
14.117,91.272,136
14.12,91.912,136
14.123,91.875,136
14.126,91.921,136
14.129,91.987,136
14.131,92.026,136
14.134,91.896,136
14.137,92.401,136
14.14,92.288,136
14.142,92.262,136
14.145,92.439,136
14.148,91.995,136
14.151,91.461,136
14.154,91.174,136
14.156,92.499,136
14.159,92.073,136
14.162,92.376,136
14.165,91.728,136
14.167,92.396,136
14.17,92.46,136
14.173,92.807,136
14.176,91.933,136
14.178,91.613,136
14.181,91.099,136
14.184,91.701,136
14.187,92.223,136
14.189,92.268,136
14.192,92.099,136
14.195,92.249,136
14.198,92.522,136
14.2,92.364,136
14.203,92.118,136
14.206,91.91,136
14.209,91.881,136
14.211,91.987,136
14.214,92.828,136
14.217,91.85,136
14.22,92.023,136
14.222,91.869,136
14.225,92.121,136
14.228,91.901,136
14.231,91.775,136
14.234,91.999,136
14.236,92.187,136
14.239,92.107,136
14.242,91.551,136
14.245,91.781,136
14.248,91.806,136
14.25,91.556,136
14.253,91.875,136
14.256,92.084,136
14.259,92.088,136
14.261,91.84,136
14.264,91.92,136
14.267,91.814,136
14.27,91.455,136
14.272,91.768,136
14.275,91.207,136
14.278,92.584,136
14.281,92.49,136
14.283,92.807,136
14.286,89.54,136
14.289,91.732,136
14.292,89.911,136
14.294,92.54,136
14.297,91.892,136
14.3,91.63,136
14.303,91.815,136
14.305,92.192,136
14.308,91.805,136
14.311,92.268,136
14.314,91.851,136
14.316,91.701,136
14.319,91.231,136
14.322,91.84,136
14.325,91.795,136
14.328,92.049,136
14.33,91.698,136
14.333,91.913,136
14.336,91.875,136
14.339,91.751,136
14.341,92.124,136
14.344,91.913,136
14.347,91.01,136
14.35,91.87,136
14.353,91.157,136
14.355,91.789,136
14.358,91.835,136
14.361,92.201,136
14.364,92.486,136
14.366,92.333,136
14.369,91.723,136
14.372,91.326,136
14.375,91.949,136
14.377,91.787,136
14.38,92.118,136
14.383,91.906,136
14.386,92.195,136
14.388,91.387,136
14.391,91.506,136
14.394,92.06,136
14.397,91.711,136
14.399,92.037,136
14.402,92.361,136
14.405,91.934,136
14.408,91.275,136
14.41,91.971,136
14.413,92.085,136
14.416,91.731,136
14.419,92.194,136
14.421,92.137,136
14.424,91.849,136
14.427,91.626,136
14.43,91.428,136
14.433,92.477,136
14.435,91.623,136
14.438,91.721,136
14.441,91.9,136
14.444,91.732,136
14.446,90.288,136
14.449,92.306,136
14.452,92.084,136
14.455,91.531,136
14.458,92.097,136
14.46,92.227,136
14.463,91.546,136
14.466,92.248,136
14.469,92.326,136
14.471,91.841,136
14.474,91.534,136
14.477,91.967,136
14.48,92.047,136
14.482,91.589,136
14.485,91.656,136
14.488,92.041,136
14.491,91.363,136
14.493,91.702,136
14.496,92.032,136
14.499,91.684,136
14.502,91.995,136
14.504,91.877,136
14.507,92.153,136
14.51,92.78,136
14.513,91.885,136
14.515,91.447,136
14.518,92.749,136
14.521,92.662,136
14.524,91.822,136
14.526,91.791,136
14.529,91.632,136
14.532,91.566,136
14.535,92.707,136
14.538,92.358,136
14.54,92.359,136
14.543,92.008,136
14.546,91.679,136
14.549,91.631,136
14.552,91.283,136
14.554,91.766,136
14.557,91.454,136
14.56,91.816,136
14.563,91.344,136
14.565,91.409,136
14.568,91.769,136
14.571,92.329,136
14.574,92.511,136
14.576,92.119,136
14.579,91.527,136
14.582,91.895,136
14.585,91.749,136
14.587,92.147,136
14.59,92.213,136
14.593,92.244,136
14.596,91.55,136
14.598,92.017,136
14.601,91.488,136
14.604,92.174,136
14.607,91.887,136
14.609,91.854,136
14.612,91.783,136
14.615,92.491,136
14.618,92.446,136
14.62,92.018,136
14.623,91.595,136
14.626,92.104,136
14.629,92.231,136
14.632,92.059,136
14.634,91.761,136
14.637,91.852,136
14.64,91.807,136
14.643,91.684,136
14.645,92.019,136
14.648,91.766,136
14.651,91.887,136
14.654,91.694,136
14.657,91.515,136
14.659,92.327,136
14.662,92.1,136
14.665,91.83,136
14.668,91.91,136
14.67,92.383,136
14.673,92.225,136
14.676,91.406,136
14.679,91.672,136
14.681,91.785,136
14.684,91.461,136
14.687,91.967,136
14.69,91.77,136
14.692,92.258,136
14.695,92.906,136
14.698,91.989,136
14.701,91.941,136
14.703,91.992,136
14.706,92.142,136
14.709,92.298,136
14.712,92.298,136
14.714,92.445,136
14.717,91.475,136
14.72,92.222,136
14.723,91.231,136
14.725,91.324,136
14.728,92.204,136
14.731,92.055,136
14.734,92.27,136
14.737,91.898,136
14.739,92.13,136
14.742,91.957,136
14.745,91.874,136
14.748,92.063,136
14.75,91.762,136
14.753,91.693,136
14.756,91.827,136
14.759,92.124,136
14.762,91.748,136
14.764,92.148,136
14.767,92.035,136
14.77,92.158,136
14.773,91.938,136
14.775,92.01,136
14.778,91.284,136
14.781,92.088,136
14.784,92.191,136
14.786,92.589,136
14.789,91.748,136
14.792,91.947,136
14.795,92.156,136
14.797,92.266,136
14.8,91.325,136
14.803,91.95,136
14.806,91.847,136
14.808,92.219,136
14.811,91.725,136
14.814,92.267,136
14.817,91.439,136
14.819,92.197,136
14.822,92.404,136
14.825,92.18,136
14.828,91.602,136
14.831,92.082,136
14.833,91.931,136
14.836,92.588,136
14.839,92.034,136
14.842,92.24,136
14.844,91.773,136
14.847,92.04,136
14.85,92.278,136
14.853,91.806,136
14.856,91.752,136
14.858,91.665,136
14.861,91.778,136
14.864,91.558,136
14.867,91.385,136
14.869,92.348,136
14.872,92.214,136
14.875,92.174,136
14.878,92.045,136
14.88,91.994,136
14.883,91.418,136
14.886,91.669,136
14.889,92.395,136
14.891,91.782,136
14.894,92.099,136
14.897,92.303,136
14.9,91.434,136
14.902,92.128,136
14.905,91.987,136
14.908,91.71,136
14.911,92.216,136
14.913,92.609,136
14.916,91.497,136
14.919,91.729,136
14.922,92.296,136
14.924,92.387,136
14.927,91.91,136
14.93,92.279,136
14.933,92.138,136
14.936,91.952,136
14.938,91.747,136
14.941,92.141,136
14.944,91.627,136
14.947,92.083,136
14.949,92.028,136
14.952,92.427,136
14.955,91.998,136
14.958,92.207,136
14.961,92.163,136
14.963,92.12,136
14.966,91.766,136
14.969,92.039,136
14.972,91.729,136
14.974,91.997,136
14.977,92.033,136
14.98,91.978,136
14.983,91.885,136
14.985,91.604,136
14.988,91.891,136
14.991,92.345,136
14.994,91.651,136
14.996,91.853,136
14.999,91.77,136
15.002,92.149,136
15.005,92.054,136
15.007,91.674,136
15.01,91.354,136
15.013,91.764,136
15.016,91.79,136
15.018,92.072,136
15.021,91.819,136
15.024,91.697,136
15.027,91.409,136
15.029,91.638,136
15.032,92.137,136
15.035,91.667,136
15.038,92.198,136
15.041,91.55,136
15.043,91.472,136
15.046,92.054,136
15.049,92.295,136
15.052,92.544,136
15.055,91.838,136
15.057,91.488,136
15.06,91.454,136
15.063,91.923,136
15.066,92.238,136
15.068,91.927,136
15.071,91.807,136
15.074,91.856,136
15.077,91.536,136
15.079,91.9,136
15.082,91.97,136
15.085,91.972,136
15.088,91.63,136
15.09,91.595,136
15.093,92.056,136
15.096,92.119,136
15.099,91.966,136
15.101,92.127,136
15.104,92.109,136
15.107,91.822,136
15.11,91.777,136
15.112,91.835,136
15.115,92.321,136
15.118,91.904,136
15.121,91.433,136
15.123,91.859,136
15.126,92.176,136
15.129,91.942,136
15.132,91.759,136
15.135,92.017,136
15.137,91.914,136
15.14,91.866,136
15.143,91.816,136
15.146,91.572,136
15.148,91.693,136
15.151,92.12,136
15.154,92.042,136
15.157,91.817,136
15.16,91.898,136
15.162,91.884,136
15.165,91.475,136
15.168,91.274,136
15.171,91.612,136
15.173,91.775,136
15.176,92.158,136
15.179,92.04,136
15.182,91.946,136
15.184,91.862,136
15.187,91.574,136
15.19,92.062,136
15.193,91.617,136
15.195,91.962,136
15.198,91.887,136
15.201,92.326,136
15.204,92.061,136
15.206,91.81,136
15.209,91.694,136
15.212,92.345,136
15.215,91.667,136
15.217,92.119,136
15.22,92.248,136
15.223,92.289,136
15.226,92.077,136
15.228,92.389,136
15.231,92.183,136
15.234,92.062,136
15.237,92.044,136
15.24,91.785,136
15.242,91.919,136
15.245,91.854,136
15.248,91.851,136
15.251,91.685,136
15.254,92.182,136
15.256,92.282,136
15.259,91.738,136
15.262,92.133,136
15.265,92.075,136
15.267,92.003,136
15.27,91.925,136
15.273,91.43,136
15.276,91.273,136
15.278,92.168,136
15.281,92.243,136
15.284,92.261,136
15.287,92.311,136
15.289,92.176,136
15.292,91.529,136
15.295,91.632,136
15.298,92.39,136
15.3,92.194,136
15.303,92.473,136
15.306,91.723,136
15.309,91.73,136
15.311,91.967,136
15.314,92.028,136
15.317,92.116,136
15.32,91.945,136
15.322,92.362,136
15.325,91.668,136
15.328,91.828,136
15.331,92.062,136
15.334,92.233,136
15.336,91.899,136
15.339,91.601,136
15.342,92.082,136
15.345,92.305,136
15.347,91.77,136
15.35,91.836,136
15.353,92.3,136
15.356,92.185,136
15.359,91.717,136
15.361,91.912,136
15.364,91.928,136
15.367,91.873,136
15.37,91.774,136
15.372,91.675,136
15.375,91.938,136
15.378,92.078,136
15.381,91.956,136
15.383,92.506,136
15.386,91.899,136
15.389,91.926,136
15.392,91.859,136
15.394,91.962,136
15.397,91.676,136
15.4,91.902,136
15.403,91.696,136
15.405,91.859,136
15.408,91.989,136
15.411,92.079,136
15.414,91.743,136
15.416,92.346,136
15.419,91.687,136
15.422,92.183,136
15.425,91.853,136
15.427,91.862,136
15.43,91.649,136
15.433,91.827,136
15.436,91.684,136
15.439,92.363,136
15.441,91.963,136
15.444,92.112,136
15.447,91.941,136
15.45,92.414,136
15.452,91.931,136
15.455,92.119,136
15.458,91.75,136
15.461,91.95,136
15.464,91.738,136
15.466,91.875,136
15.469,91.883,136
15.472,91.871,136
15.475,91.646,136
15.477,91.669,136
15.48,92.105,136
15.483,92.234,136
15.486,91.415,136
15.488,92.024,136
15.491,91.949,136
15.494,91.815,136
15.497,91.467,136
15.499,92.071,136
15.502,91.957,136
15.505,92.078,136
15.508,92.145,136
15.51,92.021,136
15.513,91.124,136
15.516,92.075,136
15.519,91.24,136
15.521,91.691,136
15.524,92.107,136
15.527,91.82,136
15.53,92.033,136
15.532,92.069,136
15.535,91.927,136
15.538,92.077,136
15.541,91.788,136
15.544,92.423,136
15.546,91.671,136
15.549,92.184,136
15.552,92.081,136
15.555,92.47,136
15.558,92.237,136
15.56,92.529,136
15.563,92.124,136
15.566,92.532,136
15.569,92.233,136
15.571,92.117,136
15.574,91.854,136
15.577,92.359,136
15.58,91.992,136
15.582,91.677,136
15.585,91.447,136
15.588,91.911,136
15.591,91.958,136
15.593,91.837,136
15.596,91.107,136
15.599,91.499,136
15.602,92.011,136
15.604,92.002,136
15.607,91.223,136
15.61,92.015,136
15.613,92.091,136
15.615,92.458,136
15.618,91.727,136
15.621,92.299,136
15.624,92.209,136
15.626,92.377,136
15.629,91.568,136
15.632,92.359,136
15.635,91.973,136
15.638,92.326,136
15.64,91.938,136
15.643,92.013,136
15.646,91.809,136
15.649,91.784,136
15.651,91.378,136
15.654,91.636,136
15.657,91.577,136
15.66,91.784,136
15.663,91.924,136
15.665,92.101,136
15.668,92.245,136
15.671,92.562,136
15.674,91.959,136
15.676,92.24,136
15.679,91.31,136
15.682,91.567,136
15.685,91.917,136
15.687,92.383,136
15.69,91.762,136
15.693,91.379,136
15.696,91.9,136
15.698,91.831,136
15.701,92.144,136
15.704,92.012,136
15.707,91.99,136
15.709,92.196,136
15.712,91.735,136
15.715,91.791,136
15.718,92.315,136
15.72,91.964,136
15.723,92.04,136
15.726,92.17,136
15.729,91.517,136
15.731,91.487,136
15.734,91.815,136
15.737,92.012,136
15.74,91.93,136
15.743,92.056,136
15.745,91.449,136
15.748,92.355,136
15.751,91.747,136
15.754,92.224,136
15.757,91.754,136
15.759,91.744,136
15.762,92.148,136
15.765,91.689,136
15.768,91.718,136
15.77,92.773,136
15.773,92.03,136
15.776,92.147,136
15.779,91.906,136
15.781,91.817,136
15.784,91.576,136
15.787,92.124,136
15.79,91.85,136
15.792,91.784,136
15.795,91.852,136
15.798,91.677,136
15.801,91.833,136
15.803,92.009,136
15.806,92.534,136
15.809,91.849,136
15.812,91.832,136
15.814,91.586,136
15.817,91.373,136
15.82,91.913,136
15.823,92.276,136
15.825,91.964,136
15.828,91.792,136
15.831,91.566,136
15.834,92.258,136
15.837,92.189,136
15.839,91.811,136
15.842,91.756,136
15.845,91.853,136
15.848,92.56,136
15.85,91.378,136
15.853,92.77,136
15.856,91.722,136
15.859,91.522,136
15.862,92.216,136
15.864,91.882,136
15.867,91.774,136
15.87,92.096,136
15.873,92.145,136
15.875,92.102,136
15.878,91.89,136
15.881,92.626,136
15.884,92.329,136
15.886,92.223,136
15.889,91.582,136
15.892,92.347,136
15.895,92.737,136
15.897,91.233,136
15.9,92.224,136
15.903,92.651,136
15.906,92.09,136
15.908,92.002,136
15.911,92.273,136
15.914,91.742,136
15.917,91.941,136
15.919,92.094,136
15.922,91.506,136
15.925,92.555,136
15.928,92.062,136
15.93,92.124,136
15.933,92.303,136
15.936,92.372,136
15.939,92.336,136
15.942,92.548,136
15.944,92.253,136
16.014,92.139,136
16.151,91.952,136
16.153,91.9,136
16.156,91.961,136
16.159,92.372,136
16.162,92.636,136
16.164,92.258,136
16.167,92.208,136
16.17,91.887,136
16.173,91.895,136
16.175,91.951,136
16.178,91.61,136
16.181,91.942,136
16.184,91.709,136
16.187,91.312,136
16.189,91.94,136
16.192,91.617,136
16.195,92.237,136
16.198,91.933,136
16.2,91.363,136
16.203,92.018,136
16.206,91.735,136
16.209,91.734,136
16.212,91.328,136
16.214,91.582,136
16.217,91.716,136
16.22,92.048,136
16.223,91.876,136
16.225,91.502,136
16.228,91.552,136
16.231,92.617,136
16.234,92.206,136
16.236,92.218,136
16.239,91.679,136
16.242,91.969,136
16.245,91.643,136
16.247,91.869,136
16.25,91.989,136
16.253,92.38,136
16.256,91.884,136
16.258,91.736,136
16.261,91.946,136
16.264,92.018,136
16.267,91.986,136
16.269,92.212,136
16.272,92.165,136
16.275,91.973,136
16.278,92.373,136
16.28,91.916,136
16.283,93.285,136
16.286,92.747,136
16.289,92.064,136
16.292,92.023,136
16.294,91.753,136
16.297,92.597,136
16.3,90.918,136
16.303,91.926,136
16.305,91.34,136
16.308,92.173,136
16.311,92.359,136
16.314,92.297,136
16.317,92.7,136
16.319,91.955,136
16.322,91.133,136
16.325,92.117,136
16.328,91.49,136
16.33,91.724,136
16.333,92.049,136
16.336,92.283,136
16.339,91.82,136
16.341,91.452,136
16.344,91.508,136
16.347,91.83,136
16.35,92.061,136
16.352,92.384,136
16.355,91.939,136
16.358,91.797,136
16.361,91.564,136
16.363,91.706,136
16.366,92.263,136
16.369,92.626,136
16.372,92.18,136
16.374,91.374,136
16.377,91.52,136
16.38,91.792,136
16.383,91.907,136
16.386,92.08,136
16.388,91.923,136
16.391,92.426,136
16.394,91.914,136
16.397,91.684,136
16.399,91.971,136
16.402,91.761,136
16.405,91.726,136
16.408,92.109,136
16.411,92.165,136
16.413,92.187,136
16.416,91.713,136
16.419,91.916,136
16.422,91.508,136
16.424,91.631,136
16.427,91.715,136
16.43,91.533,136
16.433,91.963,136
16.435,91.606,136
16.438,91.716,136
16.441,92.126,136
16.444,91.902,136
16.446,92.117,136
16.449,92.13,136
16.452,91.636,136
16.455,91.652,136
16.457,92.101,136
16.46,92.543,136
16.463,91.241,136
16.466,90.949,136
16.468,91.864,136
16.471,92.107,136
16.474,91.941,136
16.73,92.669,136
16.732,92.253,136
16.736,91.595,136
16.738,92.115,136
16.741,91.982,136
16.743,92.032,136
16.747,91.21,136
16.749,91.835,136
16.752,91.877,136
16.754,91.109,136
16.758,92.436,136
16.76,92.541,136
16.763,91.927,136
16.765,91.731,136
16.769,91.71,136
16.771,92.157,136
16.774,91.942,136
16.777,92.434,136
16.78,91.83,136
16.782,92.09,136
16.785,91.458,136
16.788,91.858,136
16.791,91.079,136
16.793,91.361,136
16.796,91.928,136
16.799,91.829,136
16.802,92.184,136
16.804,92.527,136
16.807,91.767,136
16.81,91.931,136
16.813,91.6,136
16.815,91.514,136
16.818,91.568,136
16.821,91.874,136
16.824,91.728,136
16.826,92.304,136
16.991,91.718,136
16.993,92.301,136
16.996,91.922,136
16.999,92.339,136
17.002,91.469,136
17.004,91.931,136
17.007,91.634,136
17.01,92.01,136
17.013,91.662,136
17.015,92.238,136
17.018,91.866,136
17.021,91.898,136
17.024,91.916,136
17.026,92.181,136
17.029,91.926,136
17.032,92.31,136
17.035,92.099,136
17.037,92.109,136
17.04,92.313,136
17.043,92.602,136
17.046,91.968,136
17.048,91.931,136
17.051,91.949,136
17.054,92.312,136
17.057,91.706,136
17.059,92.333,136
17.063,91.467,136
17.065,91.304,136
17.068,91.921,136
17.07,91.705,136
17.074,91.569,136
17.076,91.731,136
17.079,91.212,136
17.081,92.165,136
17.085,91.728,136
17.087,91.604,136
17.09,91.856,136
17.092,91.858,136
17.096,91.12,136
17.098,91.999,136
17.101,91.036,136
17.104,90.949,136
17.107,91.443,136
17.109,91.589,136
17.112,91.723,136
17.115,92.029,136
17.118,92.111,136
17.12,92.534,136
17.123,92.373,136
17.126,91.853,136
17.129,91.99,136
17.131,91.528,136
17.134,90.836,136
17.137,91.235,136
17.14,91.482,136
17.142,91.835,136
17.145,91.552,136
17.148,91.624,136
17.151,91.634,136
17.153,91.998,136
17.156,91.743,136
17.159,92.248,136
17.162,91.809,136
17.164,91.799,136
17.168,91.533,136
17.17,91.693,136
17.173,91.388,136
17.175,91.802,136
17.179,91.17,136
17.181,91.537,136
17.184,91.693,136
17.186,91.444,136
17.19,91.649,136
17.192,91.788,136
17.195,91.693,136
17.198,91.815,136
17.201,91.894,136
17.203,91.522,136
17.206,91.891,136
17.209,91.639,136
17.212,91.472,136
17.214,91.462,136
17.217,91.712,136
17.22,91.931,136
17.223,92.355,136
17.225,92.362,136
17.228,91.842,136
17.231,91.897,136
17.234,91.843,136
17.236,91.708,136
17.239,91.892,136
17.242,92.223,136
17.245,91.112,136
17.247,91.841,136
17.25,91.955,136
17.253,92.143,136
17.256,91.55,136
17.258,91.538,136
17.262,91.655,136
17.264,92.405,136
17.267,91.822,136
17.269,91.847,136
17.273,91.776,136
17.275,91.765,136
17.278,91.728,136
17.28,92.237,136
17.284,91.66,136
17.286,91.984,136
17.289,91.524,136
17.291,92.211,136
17.295,92.175,136
17.297,91.867,136
17.3,91.085,136
17.303,91.998,136
17.306,91.364,136
17.308,91.837,136
17.311,91.483,136
17.314,91.717,136
17.317,91.685,136
17.319,92.07,136
17.322,91.335,136
17.325,92.249,136
17.328,91.437,136
17.33,91.88,136
17.333,91.428,136
17.336,91.136,136
17.339,92.154,136
17.341,91.531,136
17.344,91.561,136
17.347,92.205,136
17.35,91.58,136
17.352,91.94,136
17.355,91.805,136
17.358,92.008,136
17.361,91.269,136
17.363,91.936,136
17.367,92.017,136
17.369,91.733,136
17.372,91.782,136
17.374,92.245,136
17.378,91.443,136
17.38,91.975,136
17.383,92.19,136
17.385,92.494,136
17.389,91.743,136
17.391,92.345,136
17.394,91.486,136
17.397,91.966,136
17.4,91.66,136
17.402,92.214,136
17.405,91.421,136
17.408,92.034,136
17.411,91.298,136
17.413,91.373,136
17.416,91.455,136
17.419,92.041,136
17.422,91.449,136
17.424,91.717,136
17.427,91.378,136
17.43,92.303,136
17.433,91.768,136
17.435,91.827,136
17.438,91.484,136
17.441,92.054,136
17.444,91.611,136
17.446,91.929,136
17.449,91.785,136
17.452,91.751,136
17.455,91.644,136
17.457,91.989,136
17.46,91.651,136
17.463,91.926,136
17.466,91.41,136
17.468,91.491,136
17.472,91.478,136
17.474,92.031,136
17.477,91.11,136
17.479,91.661,136
17.483,91.021,136
17.485,91.368,136
17.488,91.171,136
17.49,91.764,136
17.494,91.733,136
17.496,92.157,136
17.499,91.46,136
17.502,91.629,136
17.505,92.097,136
17.507,91.825,136
17.51,91.621,136
17.513,92.46,136
17.516,91.309,136
17.518,91.509,136
17.521,91.629,136
17.524,92.422,136
17.527,91.588,136
17.529,91.59,136
17.532,91.684,136
17.535,91.496,136
17.538,91.242,136
17.54,92.196,136
17.543,91.765,136
17.546,91.956,136
17.549,91.731,136
17.551,91.238,136
17.554,91.702,136
17.557,91.645,136
17.56,91.563,136
17.562,92.131,136
17.566,91.817,136
17.568,91.712,136
17.571,91.686,136
17.573,91.193,136
17.577,91.549,136
17.579,91.933,136
17.582,91.558,136
17.584,91.691,136
17.588,91.318,136
17.59,91.27,136
17.593,91.401,136
17.595,92.087,136
17.599,91.751,136
17.601,91.574,136
17.604,91.407,136
17.607,91.765,136
17.61,91.472,136
17.612,91.527,136
17.615,91.844,136
17.618,92.295,136
17.621,91.333,136
17.623,91.524,136
17.626,91.324,136
17.629,91.718,136
17.632,91.467,136
17.634,91.753,136
17.637,91.351,136
17.64,91.819,136
17.643,91.348,136
17.645,92.395,136
17.648,91.943,136
17.651,92.25,136
17.654,92.081,136
17.656,92.302,136
17.659,91.983,136
17.662,92.048,136
17.665,92.131,136
17.667,92.013,136
17.671,91.94,136
17.673,92.24,136
17.676,91.013,136
17.678,91.446,136
17.682,91.746,136
17.684,91.725,136
17.687,91.701,136
17.689,92.177,136
17.693,91.172,136
17.695,91.152,136
17.698,91.6,136
17.701,91.916,136
17.704,90.788,136
17.706,91.674,136
17.709,91.21,136
17.712,91.474,136
17.715,91.96,136
17.717,91.606,136
17.72,91.869,136
17.723,91.784,136
17.726,91.879,136
17.728,91.803,136
17.731,91.763,136
17.734,91.602,136
17.737,92.103,136
17.739,92.418,136
17.742,91.785,136
17.745,91.97,136
17.748,91.664,136
17.75,91.652,136
17.753,91.825,136
17.756,91.932,136
17.759,92.161,136
17.761,92.423,136
17.765,92.786,136
17.767,92.41,136
17.77,92.06,136
17.772,92.048,136
17.776,91.628,136
17.778,92.089,136
17.781,91.157,136
17.783,91.231,136
17.787,91.463,136
17.789,90.881,136
17.792,91.951,136
17.794,91.917,136
17.798,91.388,136
17.8,92.005,136
17.803,91.636,136
17.806,91.656,136
17.809,91.479,136
17.811,91.743,136
17.814,91.305,136
17.817,91.503,136
17.82,91.225,136
17.822,91.912,136
17.825,92.144,136
17.828,91.548,136
17.831,90.985,136
17.833,92.27,136
17.836,91.72,136
17.839,91.812,136
17.842,91.555,136
17.844,91.806,136
17.847,91.575,136
17.85,91.46,136
17.853,91.198,136
17.855,91.819,136
17.858,91.393,136
17.861,91.826,136
17.864,91.46,136
17.866,91.562,136
17.87,92.049,136
17.872,91.862,136
17.875,91.522,136
17.877,92.243,136
17.881,92.097,136
17.883,92.183,136
17.886,91.53,136
17.888,92.426,136
17.892,91.688,136
17.894,91.548,136
17.897,92.298,136
17.9,92.114,136
17.903,91.362,136
17.905,91.911,136
17.908,91.223,136
17.911,91.555,136
17.914,91.854,136
17.916,91.803,136
17.919,91.124,136
17.922,90.946,136
17.925,91.411,136
17.927,91.503,136
17.93,91.692,136
17.933,92.269,136
17.948,92.196,136
17.951,92.511,136
17.954,92.267,136
17.956,92.488,136
17.959,91.613,136
17.962,92.133,136
17.965,91.624,136
17.967,92.005,136
17.97,91.899,136
17.973,92.039,136
17.976,91.477,136
17.978,91.678,136
17.981,91.748,136
17.984,91.823,136
17.987,91.903,136
17.989,91.743,136
17.992,91.868,136
17.995,92.058,136
17.998,91.368,136
18.0,91.764,136
18.003,92.294,136
18.006,92.193,136
18.009,92.142,136
18.011,91.303,136
18.015,91.423,136
18.017,92.956,136
18.02,92.577,136
18.022,92.886,136
18.026,91.921,136
18.028,91.613,136
18.031,92.178,136
18.033,91.363,136
18.037,89.736,136
18.039,92.027,136
18.042,90.937,136
18.045,90.506,136
18.048,91.234,136
18.051,89.482,136
18.054,90.741,136
18.057,92.342,136
18.06,90.712,136
18.062,92.223,136
18.065,91.298,136
18.068,91.359,136
18.071,90.604,136
18.073,90.425,136
18.076,92.091,136
18.079,91.572,136
18.082,93.222,136
18.085,90.652,136
18.088,92.244,136
18.091,90.022,136
18.093,92.024,136
18.096,91.39,136
18.099,93.207,136
18.102,92.478,136
18.105,92.691,136
18.107,92.21,136
18.11,92.526,136
18.113,91.447,136
18.116,91.598,136
18.118,91.646,136
18.121,91.612,136
18.124,91.179,136
18.127,92.237,136
18.13,92.387,136
18.132,93.089,136
18.135,92.193,136
18.138,92.659,136
18.141,90.954,136
18.143,91.722,136
18.146,92.127,136
18.149,91.933,136
18.152,92.298,136
18.154,92.161,136
18.157,91.709,136
18.16,91.773,136
18.163,91.599,136
18.165,92.398,136
18.168,92.506,136
18.171,90.947,136
18.174,92.461,136
18.176,91.801,136
18.179,91.009,136
18.182,92.257,136
18.185,91.816,136
18.187,91.555,136
18.19,92.351,136
18.193,91.588,136
18.196,91.903,136
18.198,91.955,136
18.201,91.487,136
18.204,92.141,136
18.207,92.042,136
18.21,92.996,136
18.212,92.333,136
18.215,91.727,136
18.218,91.723,136
18.221,91.503,136
18.223,92.01,136
18.226,92.044,136
18.229,91.898,136
18.232,91.829,136
18.235,91.666,136
18.237,91.433,136
18.24,91.935,136
18.243,91.508,136
18.246,90.984,136
18.248,91.796,136
18.251,92.437,136
18.254,92.322,136
18.257,91.845,136
18.259,92.139,136
18.262,91.82,136
18.265,91.953,136
18.268,91.683,136
18.27,91.739,136
18.273,90.914,136
18.276,90.297,136
18.279,91.517,136
18.281,91.54,136
18.284,91.572,136
18.287,91.558,136
18.29,91.833,136
18.292,91.694,136
18.295,91.359,136
18.298,91.695,136
18.301,91.67,136
18.303,92.078,136
18.306,90.871,136
18.309,91.592,136
18.312,91.464,136
18.315,92.026,136
18.317,92.06,136
18.32,92.195,136
18.323,92.789,136
18.326,91.99,136
18.329,91.904,136
18.331,91.548,136
18.334,91.423,136
18.337,91.423,136
18.34,91.734,136
18.342,92.364,136
18.345,92.0,136
18.348,91.526,136
18.351,91.884,136
18.353,91.989,136
18.356,91.16,136
18.359,91.605,136
18.362,91.409,136
18.364,91.591,136
18.367,91.678,136
18.37,91.896,136
18.373,91.597,136
18.375,91.914,136
18.378,91.501,136
18.381,91.406,136
18.384,92.45,136
18.386,93.263,136
18.389,91.808,136
18.392,91.826,136
18.395,90.878,136
18.397,89.592,136
18.4,90.998,136
18.403,90.69,136
18.406,92.823,136
18.409,92.118,136
18.411,91.511,136
18.414,90.823,136
18.417,90.69,136
18.42,92.141,136
18.424,90.969,136
18.426,89.705,136
18.429,92.477,136
18.431,90.41,136
18.435,92.433,136
18.437,92.339,136
18.44,91.233,136
18.442,92.355,136
18.446,91.526,136
18.448,92.082,136
18.451,91.561,136
18.454,92.331,136
18.457,91.544,136
18.459,90.278,136
18.462,92.555,136
18.465,91.801,136
18.468,91.552,136
18.47,91.487,136
18.473,91.733,136
18.476,91.9,136
18.479,91.188,136
18.481,91.615,136
18.484,91.214,136
18.487,91.315,136
18.49,91.792,136
18.492,91.738,136
18.495,91.454,136
18.498,92.137,136
18.501,91.35,136
18.503,91.868,136
18.506,92.216,136
18.509,91.449,136
18.512,91.533,136
18.514,89.996,136
18.518,91.037,136
18.52,92.343,136
18.523,91.444,136
18.525,92.353,136
18.529,91.455,136
18.531,91.78,136
18.534,91.787,136
18.536,92.391,136
18.54,91.431,136
18.542,92.115,136
18.545,91.547,136
18.547,91.922,136
18.551,92.154,136
18.554,92.195,136
18.557,91.932,136
18.56,91.663,136
18.563,92.257,136
18.565,91.586,136
18.568,91.675,136
18.571,91.596,136
18.574,91.953,136
18.576,91.375,136
18.579,90.96,136
18.582,92.074,136
18.585,90.352,136
18.587,92.202,136
18.59,91.382,136
18.593,91.554,136
18.596,91.465,136
18.598,91.332,136
18.601,91.85,136
18.604,91.695,136
18.607,91.162,136
18.609,91.944,136
18.612,90.543,136
18.615,91.416,136
18.618,91.082,136
18.62,92.207,136
18.623,91.677,136
18.626,92.121,136
18.629,92.007,136
18.631,92.079,136
18.634,91.238,136
18.637,91.501,136
18.64,91.902,136
18.643,91.343,136
18.645,91.908,136
18.648,92.062,136
18.651,90.552,136
18.654,91.957,136
18.656,91.516,136
18.659,91.711,136
18.662,91.853,136
18.665,91.287,136
18.668,91.469,136
18.67,91.821,136
18.673,91.462,136
18.676,92.003,136
18.679,92.176,136
18.681,91.864,136
18.684,90.738,136
18.687,92.132,136
18.69,91.803,136
18.692,91.945,136
18.695,91.705,136
18.698,92.132,136
18.701,92.49,136
18.703,92.457,136
18.706,92.21,136
18.709,92.348,136
18.712,91.746,136
18.714,91.748,136
18.717,92.033,136
18.72,91.808,136
18.723,90.822,136
18.725,91.603,136
18.728,92.294,136
18.731,91.894,136
18.734,91.538,136
18.736,91.913,136
18.739,91.793,136
18.742,91.667,136
18.745,90.992,136
18.748,91.867,136
18.75,92.0,136
18.753,91.436,136
18.756,91.913,136
18.759,92.699,136
18.762,92.131,136
18.764,92.018,136
18.767,92.327,136
18.77,91.532,136
18.773,91.095,136
18.775,91.444,136
18.778,92.207,136
18.781,92.008,136
18.784,91.629,136
18.786,91.763,136
18.789,92.089,136
18.792,91.376,136
18.795,91.615,136
18.797,91.551,136
18.8,91.621,136
18.803,91.718,136
18.806,92.046,136
18.808,92.051,136
18.811,91.759,136
18.814,91.94,136
18.817,91.599,136
18.819,92.722,136
18.822,92.254,136
18.825,92.475,136
18.828,92.136,136
18.83,92.146,136
18.833,92.275,136
18.836,92.012,136
18.839,91.221,136
18.842,91.61,136
18.844,91.611,136
18.847,92.021,136
18.85,92.231,136
18.853,92.673,136
18.855,91.978,136
18.858,91.703,136
18.861,91.28,136
18.864,91.237,136
18.867,91.912,136
18.869,91.694,136
18.872,91.652,136
18.875,91.778,136
18.878,91.536,136
18.88,91.156,136
18.883,91.5,136
18.886,91.988,136
18.889,91.676,136
18.891,91.209,136
18.894,91.059,136
18.897,91.636,136
18.9,91.836,136
18.902,91.651,136
18.905,91.877,136
18.908,91.667,136
18.911,91.989,136
18.913,91.629,136
18.916,91.903,136
18.919,91.503,136
18.922,92.19,136
18.924,91.95,136
18.927,91.31,136
18.93,91.61,136
18.933,91.752,136
18.935,91.917,136
18.938,91.912,136
18.941,92.109,136
18.944,91.473,136
18.947,91.796,136
18.949,91.46,136
18.952,92.231,136
18.955,91.507,136
18.958,91.739,136
18.96,91.819,136
18.963,91.783,136
18.966,91.834,136
18.969,91.041,136
18.972,91.841,136
18.974,91.434,136
18.977,91.275,136
18.98,91.89,136
18.983,92.485,136
18.985,92.276,136
18.988,92.738,136
18.991,92.543,136
18.994,90.877,136
18.996,90.787,136
18.999,91.851,136
19.002,92.057,136
19.005,92.094,136
19.007,91.043,136
19.01,91.707,136
19.013,91.893,136
19.016,91.772,136
19.018,91.771,136
19.021,91.815,136
19.024,91.564,136
19.027,92.253,136
19.029,90.914,136
19.032,91.405,136
19.035,91.04,136
19.038,91.866,136
19.04,91.401,136
19.043,91.75,136
19.046,92.567,136
19.049,91.823,136
19.052,92.178,136
19.054,92.194,136
19.057,91.281,136
19.06,91.162,136
19.063,91.164,136
19.066,91.942,136
19.068,92.626,136
19.071,92.762,136
19.074,92.336,136
19.077,91.09,136
19.079,91.535,136
19.082,91.226,136
19.085,90.578,136
19.088,91.487,136
19.09,92.204,136
19.093,91.193,136
19.096,91.24,136
19.099,92.383,136
19.101,91.762,136
19.104,91.482,136
19.107,91.823,136
19.11,91.448,136
19.112,92.864,136
19.115,92.467,136
19.118,91.835,136
19.121,92.008,136
19.123,91.962,136
19.126,90.418,136
19.13,91.704,136
19.133,92.204,136
19.136,91.697,136
19.138,91.883,136
19.141,91.75,136
19.144,92.225,136
19.147,91.854,136
19.149,91.682,136
19.152,92.288,136
19.155,91.864,136
19.158,92.282,136
19.16,92.296,136
19.163,92.66,136
19.166,91.572,136
19.169,91.505,136
19.171,91.615,136
19.174,92.356,136
19.177,90.643,136
19.18,91.016,136
19.182,91.673,136
19.185,92.412,136
19.188,91.412,136
19.191,91.791,136
19.193,90.942,136
19.196,90.974,136
19.199,91.937,136
19.202,91.82,136
19.204,90.786,136
19.207,91.595,136
19.21,91.657,136
19.213,91.398,136
19.216,91.758,136
19.218,92.082,136
19.221,92.205,136
19.224,92.024,136
19.227,92.305,136
19.23,91.91,136
19.232,92.508,136
19.235,92.189,136
19.238,92.901,136
19.241,91.976,136
19.243,91.634,136
19.246,91.042,136
19.249,92.057,136
19.252,92.027,136
19.254,92.499,136
19.257,91.738,136
19.26,91.968,136
19.263,91.513,136
19.265,91.802,136
19.268,91.196,136
19.271,91.887,136
19.274,92.29,136
19.276,92.348,136
19.279,91.626,136
19.282,91.912,136
19.285,91.559,136
19.287,92.259,136
19.29,92.175,136
19.293,91.258,136
19.296,91.626,136
19.298,91.737,136
19.301,92.288,136
19.304,92.433,136
19.307,91.303,136
19.31,91.776,136
19.312,92.124,136
19.315,91.614,136
19.318,91.357,136
19.321,91.25,136
19.323,92.402,136
19.326,92.114,136
19.329,92.326,136
19.332,92.409,136
19.335,91.819,136
19.337,91.752,136
19.34,92.036,136
19.343,92.08,136
19.346,92.312,136
19.348,92.255,136
19.351,92.202,136
19.354,91.988,136
19.357,91.686,136
19.359,91.891,136
19.362,91.881,136
19.365,92.053,136
19.368,91.447,136
19.37,92.114,136
19.373,91.827,136
19.376,92.1,136
19.379,91.765,136
19.381,91.667,136
19.384,91.882,136
19.387,91.527,136
19.39,91.582,136
19.392,92.303,136
19.395,91.754,136
19.398,91.327,136
19.401,91.662,136
19.403,91.727,136
19.406,92.205,136
19.409,91.979,136
19.412,91.73,136
19.415,91.586,136
19.417,92.054,136
19.42,91.886,136
19.423,91.347,136
19.426,91.844,136
19.428,91.793,136
19.431,91.51,136
19.434,91.805,136
19.437,91.831,136
19.44,91.23,136
19.442,92.437,136
19.445,92.56,136
19.448,91.911,136
19.451,92.032,136
19.453,91.636,136
19.456,91.659,136
19.459,91.71,136
19.462,91.463,136
19.464,91.509,136
19.467,91.561,136
19.47,91.713,136
19.473,91.463,136
19.475,92.193,136
19.478,91.729,136
19.481,91.545,136
19.484,92.262,136
19.486,92.125,136
19.489,91.743,136
19.492,91.851,136
19.495,91.291,136
19.497,91.606,136
19.5,92.165,136
19.503,91.711,136
19.506,91.372,136
19.508,91.791,136
19.511,92.264,136
19.514,92.164,136
19.517,92.02,136
19.52,92.089,136
19.522,92.137,136
19.525,91.916,136
19.528,92.437,136
19.531,91.972,136
19.534,92.237,136
19.536,92.157,136
19.539,91.916,136
19.542,92.099,136
19.545,91.584,136
19.547,91.871,136
19.55,91.906,136
19.553,91.643,136
19.556,91.936,136
19.558,92.308,136
19.561,91.974,136
19.564,92.165,136
19.567,92.068,136
19.569,91.28,136
19.572,91.941,136
19.575,91.732,136
19.578,91.939,136
19.58,91.895,136
19.583,91.75,136
19.586,92.092,136
19.589,92.512,136
19.591,91.849,136
19.594,91.788,136
19.597,91.972,136
19.6,91.649,136
19.602,91.747,136
19.605,91.59,136
19.608,91.789,136
19.611,91.941,136
19.614,92.334,136
19.616,91.568,136
19.619,91.809,136
19.622,91.88,136
19.625,92.374,136
19.627,91.57,136
19.63,91.173,136
19.633,91.529,136
19.636,91.607,136
19.639,91.956,136
19.641,92.19,136
19.644,91.994,136
19.647,91.955,136
19.65,91.696,136
19.652,92.064,136
19.655,91.659,136
19.658,91.969,136
19.661,91.45,136
19.663,91.476,136
19.666,91.641,136
19.669,92.066,136
19.672,91.194,136
19.674,91.827,136
19.677,91.975,136
19.68,92.1,136
19.683,91.526,136
19.685,91.019,136
19.688,91.434,136
19.691,91.933,136
19.694,91.935,136
19.696,92.056,136
19.699,91.855,136
19.702,92.025,136
19.705,91.639,136
19.707,91.082,136
19.71,91.82,136
19.713,91.949,136
19.716,92.396,136
19.719,92.163,136
19.721,92.102,136
19.724,91.771,136
19.727,91.903,136
19.73,91.523,136
19.733,92.193,136
19.735,92.07,136
19.738,91.665,136
19.741,91.665,136
19.744,91.643,136
19.746,92.019,136
19.749,91.882,136
19.752,91.859,136
19.755,92.39,136
19.757,92.174,136
19.76,91.774,136
19.763,91.8,136
19.766,91.674,136
19.768,91.879,136
19.771,92.359,136
19.774,92.279,136
19.777,91.561,136
19.779,92.649,136
19.782,92.251,136
19.785,91.784,136
19.788,91.537,136
19.79,92.212,136
19.793,91.739,136
19.796,91.765,136
19.799,92.361,136
19.801,91.921,136
19.804,92.257,136
19.807,91.966,136
19.81,91.614,136
19.813,91.617,136
19.815,91.561,136
19.818,91.511,136
19.821,91.618,136
19.824,91.656,136
19.826,91.855,136
19.829,92.213,136
19.832,91.72,136
19.835,91.788,136
19.838,91.817,136
19.84,92.412,136
19.843,91.636,136
19.846,91.497,136
19.849,91.705,136
19.851,91.956,136
19.854,91.276,136
19.857,91.58,136
19.86,91.783,136
19.862,91.898,136
19.865,92.004,136
19.868,92.086,136
19.871,91.758,136
19.873,92.016,136
19.876,91.906,136
19.879,91.557,136
19.882,91.638,136
19.884,92.14,136
19.887,92.181,136
19.89,92.174,136
19.893,92.177,136
19.895,92.377,136
19.898,91.93,136
19.901,91.836,136
19.904,91.418,136
19.906,91.862,136
19.909,92.085,136
19.912,92.098,136
19.915,92.021,136
19.918,92.078,136
19.92,91.709,136
19.923,91.794,136
19.926,91.456,136
19.929,91.836,136
19.931,92.189,136
19.934,91.804,136
19.937,91.997,136
19.94,92.076,136
19.943,91.375,136
19.945,91.408,136
19.948,91.752,136
19.951,92.282,136
19.954,91.463,136
19.956,91.759,136
19.959,91.903,136
19.962,92.039,136
19.965,92.129,136
19.967,91.653,136
19.97,91.946,136
19.973,92.227,136
19.976,91.402,136
19.978,91.454,136
19.981,91.635,136
19.984,91.748,136
19.987,92.09,136
19.989,92.203,136
19.992,91.977,136
19.995,91.918,136
19.998,91.762,136
20.0,91.902,136
20.003,91.961,136
20.006,91.956,136
20.009,91.787,136
20.012,91.64,136
20.014,91.818,136
20.017,91.969,136
20.02,92.189,136
20.023,91.959,136
20.025,92.087,136
20.028,91.741,136
20.031,91.541,136
20.034,91.939,136
20.037,92.119,136
20.039,92.683,136
20.042,91.365,136
20.045,91.309,136
20.048,92.035,136
20.05,92.378,136
20.053,91.264,136
20.056,92.208,136
20.059,91.235,136
20.061,91.432,136
20.064,91.622,136
20.067,91.943,136
20.07,91.697,136
20.072,91.687,136
20.075,91.669,136
20.078,92.235,136
20.081,92.299,136
20.083,91.931,136
20.086,91.914,136
20.089,92.368,136
20.092,92.762,136
20.094,92.471,136
20.097,93.21,136
20.1,90.599,136
20.103,92.114,136
20.105,92.186,136
20.108,90.836,136
20.111,91.89,136
20.114,92.632,136
20.117,92.385,136
20.119,91.017,136
20.122,90.296,136
20.125,91.53,136
20.128,89.641,136
20.131,91.016,136
20.134,91.452,136
20.137,91.579,136
20.139,91.316,136
20.143,91.431,136
20.145,91.737,136
20.148,91.899,136
20.15,91.051,136
20.154,91.075,136
20.156,92.064,136
20.159,90.574,136
20.162,92.168,136
20.165,91.476,136
20.167,91.866,136
20.17,90.707,136
20.173,91.868,136
20.176,90.975,136
20.178,91.873,136
20.181,90.998,136
20.184,91.562,136
20.187,90.333,136
20.191,90.433,136
20.194,92.062,136
20.197,92.472,136
20.199,92.986,136
20.202,91.902,136
20.205,92.118,136
20.208,92.2,136
20.21,91.413,136
20.213,92.763,136
20.216,91.451,136
20.219,90.241,136
20.222,91.218,136
20.224,91.742,136
20.227,91.62,136
20.23,91.248,136
20.233,91.201,136
20.236,91.769,136
20.238,92.479,136
20.241,92.637,136
20.244,92.626,136
20.247,92.137,136
20.249,92.331,136
20.252,91.701,136
20.255,91.856,136
20.258,91.909,136
20.26,91.456,136
20.263,89.783,136
20.266,92.204,136
20.269,91.341,136
20.271,91.678,136
20.274,92.082,136
20.277,91.514,136
20.28,92.259,136
20.282,91.518,136
20.285,91.835,136
20.288,91.249,136
20.291,91.733,136
20.293,91.831,136
20.296,91.524,136
20.299,91.516,136
20.302,91.426,136
20.304,91.213,136
20.307,92.377,136
20.31,92.004,136
20.313,92.298,136
20.316,92.503,136
20.318,91.814,136
20.321,90.633,136
20.324,91.27,136
20.327,92.273,136
20.329,92.564,136
20.332,90.528,136
20.335,91.462,136
20.338,91.976,136
20.341,91.668,136
20.343,91.793,136
20.346,92.169,136
20.349,92.775,136
20.352,91.445,136
20.354,92.006,136
20.357,91.111,136
20.36,91.687,136
20.363,91.779,136
20.365,92.599,136
20.368,92.269,136
20.371,91.098,136
20.374,91.42,136
20.376,92.589,136
20.379,92.02,136
20.382,91.564,136
20.385,92.082,136
20.387,91.79,136
20.39,92.055,136
20.393,91.77,136
20.396,91.803,136
20.398,91.538,136
20.401,91.64,136
20.404,91.833,136
20.407,91.885,136
20.409,91.42,136
20.412,91.732,136
20.415,92.338,136
20.418,91.578,136
20.421,92.015,136
20.423,92.011,136
20.426,91.534,136
20.429,91.374,136
20.432,91.8,136
20.435,91.557,136
20.437,92.144,136
20.44,91.762,136
20.443,92.117,136
20.446,91.485,136
20.448,92.132,136
20.451,91.17,136
20.454,91.742,136
20.457,91.181,136
20.459,91.491,136
20.462,92.371,136
20.465,92.191,136
20.468,91.457,136
20.47,92.011,136
20.473,92.073,136
20.476,92.024,136
20.48,91.197,136
20.483,91.554,136
20.486,91.737,136
20.489,91.515,136
20.492,92.403,136
20.494,92.321,136
20.497,91.826,136
20.5,91.758,136
20.503,91.906,136
20.505,92.251,136
20.508,92.029,136
20.511,91.884,136
20.514,92.145,136
20.516,92.153,136
20.519,91.949,136
20.522,91.955,136
20.525,91.89,136
20.527,92.142,136
20.53,92.053,136
20.533,92.569,136
20.536,92.056,136
20.538,92.579,136
20.541,91.706,136
20.544,91.967,136
20.547,92.018,136
20.55,92.156,136
20.552,91.39,136
20.555,91.807,136
20.558,91.224,136
20.561,91.819,136
20.563,91.611,136
20.566,91.949,136
20.569,91.978,136
20.572,91.794,136
20.575,91.256,136
20.577,92.295,136
20.58,92.616,136
20.583,92.229,136
20.586,92.352,136
20.588,91.757,136
20.591,91.955,136
20.594,91.925,136
20.597,91.272,136
20.599,91.669,136
20.602,91.496,136
20.605,92.061,136
20.608,91.94,136
20.61,92.134,136
20.613,91.931,136
20.616,92.302,136
20.619,91.693,136
20.621,92.131,136
20.624,92.232,136
20.627,92.49,136
20.63,92.416,136
20.632,91.801,136
20.635,91.242,136
20.638,91.869,136
20.641,91.454,136
20.643,91.477,136
20.646,91.814,136
20.649,91.735,136
20.652,91.973,136
20.655,91.834,136
20.657,91.779,136
20.66,92.088,136
20.663,91.863,136
20.666,92.049,136
20.668,91.972,136
20.671,91.652,136
20.674,91.545,136
20.677,91.892,136
20.68,91.976,136
20.682,91.843,136
20.685,92.246,136
20.688,91.73,136
20.691,91.695,136
20.693,91.97,136
20.696,91.288,136
20.699,92.027,136
20.702,91.211,136
20.704,91.692,136
20.707,91.533,136
20.71,91.945,136
20.713,91.964,136
20.715,91.725,136
20.718,91.253,136
20.721,91.742,136
20.724,92.019,136
20.726,91.661,136
20.729,91.581,136
20.732,91.796,136
20.735,91.941,136
20.737,91.591,136
20.74,92.069,136
20.743,91.88,136
20.746,91.853,136
20.749,91.754,136
20.751,91.657,136
20.754,92.223,136
20.757,91.505,136
20.76,91.709,136
20.762,92.466,136
20.765,92.096,136
20.768,92.363,136
20.771,92.277,136
20.774,91.731,136
20.776,91.734,136
20.779,91.892,136
20.782,91.836,136
20.785,91.36,136
20.787,91.675,136
20.79,90.913,136
20.793,91.814,136
20.796,92.172,136
20.798,91.731,136
20.801,91.674,136
20.804,91.813,136
20.807,91.988,136
20.809,92.052,136
20.812,91.6,136
20.815,91.673,136
20.818,91.547,136
20.82,91.886,136
20.823,91.753,136
20.826,91.931,136
20.829,91.375,136
20.831,91.574,136
20.834,91.277,136
20.837,91.946,136
20.84,91.671,136
20.842,92.014,136
20.845,91.824,136
20.848,91.961,136
20.851,91.614,136
20.854,91.935,136
20.856,92.134,136
20.859,91.462,136
20.862,90.929,136
20.865,91.451,136
20.867,91.658,136
20.87,92.046,136
20.873,92.001,136
20.876,91.113,136
20.879,91.186,136
20.881,91.472,136
20.884,92.119,136
20.887,91.987,136
20.89,91.384,136
20.892,92.097,136
20.895,91.457,136
20.898,91.821,136
20.901,91.955,136
20.903,91.608,136
20.906,92.308,136
20.909,91.981,136
20.912,91.985,136
20.914,91.308,136
20.917,91.551,136
20.92,91.845,136
20.923,91.519,136
20.925,91.854,136
20.928,92.303,136
20.931,92.077,136
20.934,92.089,136
20.936,91.631,136
20.939,92.02,136
20.942,92.009,136
20.945,91.697,136
20.947,92.037,136
20.95,91.84,136
20.953,91.962,136
20.956,92.57,136
20.959,91.807,136
20.961,91.231,136
20.964,92.014,136
20.967,91.755,136
20.97,91.772,136
20.973,91.469,136
20.975,91.999,136
20.978,91.845,136
20.981,91.748,136
20.984,91.875,136
20.986,91.874,136
20.989,91.759,136
20.992,91.998,136
20.995,92.078,136
20.997,92.117,136
21.0,91.678,136
21.003,91.895,136
21.006,91.797,136
21.008,92.126,136
21.011,91.943,136
21.014,91.952,136
21.017,91.641,136
21.019,91.771,136
21.022,91.819,136
21.025,91.737,136
21.028,91.823,136
21.03,91.762,136
21.033,91.886,136
21.036,92.024,136
21.039,91.742,136
21.041,92.138,136
21.044,92.199,136
21.047,92.191,136
21.05,91.871,136
21.053,92.58,136
21.055,91.985,136
21.058,91.805,136
21.061,91.952,136
21.064,92.341,136
21.066,91.802,136
21.069,91.755,136
21.072,91.797,136
21.075,92.14,136
21.078,91.479,136
21.08,91.948,136
21.083,91.657,136
21.086,91.794,136
21.089,91.85,136
21.091,92.347,136
21.094,91.505,136
21.097,91.942,136
21.1,91.562,136
21.102,91.436,136
21.105,91.323,136
21.108,92.2,136
21.111,91.837,136
21.113,91.761,136
21.116,91.771,136
21.119,91.665,136
21.122,91.197,136
21.124,92.075,136
21.127,91.609,136
21.13,91.945,136
21.133,91.496,136
21.135,92.236,136
21.138,91.613,136
21.141,91.238,136
21.144,91.449,136
21.146,91.603,136
21.149,91.147,136
21.152,91.471,136
21.155,92.073,136
21.158,91.606,136
21.16,92.165,136
21.163,91.841,136
21.166,92.311,136
21.169,92.056,136
21.172,91.839,136
21.174,91.534,136
21.177,92.467,136
21.18,92.054,136
21.183,91.829,136
21.185,91.256,136
21.188,92.356,136
21.191,92.14,136
21.194,91.877,136
21.196,91.877,136
21.199,92.093,136
21.202,92.216,136
21.205,92.116,136
21.207,92.009,136
21.21,92.042,136
21.213,92.285,136
21.216,92.792,136
21.218,92.669,136
21.221,92.35,136
21.224,91.839,136
21.227,91.413,136
21.229,92.156,136
21.232,91.615,136
21.235,92.246,136
21.238,91.628,136
21.24,92.186,136
21.243,91.875,136
21.246,92.043,136
21.249,92.44,136
21.252,92.625,136
21.254,92.407,136
21.257,92.016,136
21.26,92.196,136
21.263,92.142,136
21.265,92.408,136
21.268,92.375,136
21.271,91.962,136
21.274,92.293,136
21.277,91.614,136
21.279,92.312,136
21.282,91.939,136
21.285,92.22,136
21.288,92.029,136
21.29,92.325,136
21.293,91.769,136
21.296,91.952,136
21.299,91.699,136
21.301,92.375,136
21.304,93.033,136
21.307,92.407,136
21.31,92.038,136
21.312,92.044,136
21.315,91.34,136
21.318,92.093,136
21.321,91.778,136
21.323,91.928,136
21.326,92.299,136
21.329,92.842,136
21.332,91.554,136
21.334,91.964,136
21.337,91.352,136
21.34,91.828,136
21.343,92.386,136
21.345,92.141,136
21.348,92.211,136
21.351,92.146,136
21.354,92.337,136
21.357,91.296,136
21.359,91.695,136
21.362,91.943,136
21.365,92.217,136
21.368,92.557,136
21.37,91.978,136
21.373,92.31,136
21.376,92.154,136
21.379,91.917,136
21.382,91.772,136
21.384,92.225,136
21.387,91.86,136
21.39,92.176,136
21.393,92.089,136
21.395,92.254,136
21.398,92.103,136
21.401,92.676,136
21.404,92.174,136
21.406,92.049,136
21.409,92.095,136
21.412,92.316,136
21.415,92.245,136
21.417,92.36,136
21.42,92.579,136
21.423,92.01,136
21.426,92.055,136
21.428,90.847,136
21.431,89.993,136
21.434,90.878,136
21.437,91.677,136
21.439,89.406,136
21.442,92.959,136
21.445,92.193,136
21.448,91.421,136
21.45,91.662,136
21.453,91.371,136
21.456,92.103,136
21.46,89.633,136
21.463,90.61,136
21.465,91.472,136
21.468,91.494,136
21.471,93.053,136
21.475,91.219,136
21.477,92.964,136
21.48,91.298,136
21.483,91.85,136
21.486,91.607,136
21.488,89.715,136
21.491,92.748,136
21.494,94.083,136
21.497,90.748,136
21.499,91.867,136
21.502,93.007,136
21.505,91.708,136
21.508,92.256,136
21.51,92.486,136
21.513,91.415,136
21.516,91.606,136
21.519,92.787,136
21.521,92.861,136
21.524,91.812,136
21.527,92.704,136
21.53,92.284,136
21.532,91.693,136
21.536,93.338,136
21.538,92.276,136
21.541,91.346,136
21.543,91.46,136
21.547,92.815,136
21.549,90.111,136
21.552,91.713,136
21.554,91.251,136
21.558,92.216,136
21.56,92.045,136
21.563,91.98,136
21.566,92.714,136
21.569,91.799,136
21.599,91.931,136
21.616,91.556,136
21.618,92.55,136
21.621,92.316,136
21.624,93.16,136
21.627,90.351,136
21.629,92.657,136
21.632,91.931,136
21.635,92.196,136
21.638,92.255,136
21.64,92.208,136
21.644,91.702,136
21.646,92.147,136
21.649,92.046,136
21.651,92.264,136
21.655,91.833,136
21.657,91.993,136
21.66,91.759,136
21.662,92.359,136
21.666,92.275,136
21.668,92.973,136
21.671,92.034,136
21.674,91.962,136
21.677,92.703,136
21.679,90.985,136
21.682,91.9,136
21.685,91.019,136
21.688,92.188,136
21.69,92.36,136
21.693,90.964,136
21.696,92.065,136
21.699,91.914,136
21.701,92.822,136
21.704,92.412,136
21.707,92.988,136
21.71,90.551,136
21.712,92.145,136
21.715,91.408,136
21.718,92.135,136
21.721,91.406,136
21.723,92.35,136
21.726,92.117,136
21.729,92.853,136
21.732,92.695,136
21.734,91.703,136
21.738,91.546,136
21.74,91.91,136
21.743,92.631,136
21.745,92.364,136
21.749,92.553,136
21.751,93.037,136
21.754,92.571,136
21.756,91.935,136
21.76,92.48,136
21.762,92.35,136
21.765,92.044,136
21.767,92.363,136
21.771,91.94,136
21.773,91.868,136
21.776,90.642,136
21.779,91.114,136
21.782,91.465,136
21.784,92.319,136
21.787,91.876,136
21.79,91.642,136
21.793,91.608,136
21.795,92.172,136
21.798,92.631,136
21.801,90.423,136
21.804,91.998,136
21.806,93.171,136
21.809,92.408,136
21.812,92.505,136
21.815,92.021,136
21.817,91.734,136
21.82,93.043,136
21.823,92.829,136
21.826,92.532,136
21.828,92.382,136
21.831,91.939,136
21.834,91.727,136
21.837,92.402,136
21.839,92.375,136
21.843,92.041,136
21.845,92.336,136
21.848,91.725,136
21.85,92.475,136
21.854,92.217,136
21.856,92.482,136
21.859,92.401,136
21.861,92.264,136
21.865,92.13,136
21.867,92.481,136
21.87,92.364,136
21.873,92.626,136
21.876,92.499,136
21.878,92.146,136
21.881,91.587,136
21.884,92.245,136
21.887,92.91,136
21.889,93.328,136
21.892,92.0,136
21.895,92.834,136
21.899,92.56,136
21.901,92.831,136
21.904,92.265,136
21.907,92.025,136
21.91,92.835,136
21.912,92.753,136
21.915,91.999,136
21.918,91.908,136
21.921,92.553,136
21.923,92.511,136
21.926,91.99,136
21.929,92.379,136
21.932,90.442,136
21.934,92.501,136
21.937,91.899,136
21.94,91.499,136
21.943,91.944,136
21.945,92.381,136
21.948,91.695,136
21.951,92.629,136
21.954,91.797,136
21.956,91.656,136
21.959,91.978,136
21.962,92.261,136
21.965,92.305,136
21.968,91.337,136
21.97,91.573,136
21.973,91.943,136
21.976,91.94,136
21.979,91.673,136
21.981,91.039,136
21.984,92.585,136
21.987,91.578,136
21.99,91.139,136
21.993,92.093,136
21.995,91.559,136
21.998,91.919,136
22.001,91.209,136
22.004,92.681,136
22.006,92.449,136
22.009,91.815,136
22.012,92.504,136
22.015,91.292,136
22.017,92.361,136
22.02,91.147,136
22.023,92.241,136
22.026,92.209,136
22.028,92.09,136
22.031,92.041,136
22.034,91.503,136
22.037,91.764,136
22.039,91.882,136
22.042,92.703,136
22.046,92.192,136
22.052,92.0,136
22.055,92.775,136
22.058,92.897,136
22.06,91.895,136
22.063,91.992,136
22.066,91.839,136
22.069,92.186,136
22.071,92.233,136
22.074,92.26,136
22.077,92.905,136
22.08,92.069,136
22.082,91.968,136
22.085,92.255,136
22.088,92.358,136
22.091,92.146,136
22.093,92.158,136
22.096,91.83,136
22.099,92.259,136
22.102,92.432,136
22.104,92.535,136
22.107,92.024,136
22.11,92.284,136
22.113,92.243,136
22.115,92.028,136
22.118,92.622,136
22.121,92.359,136
22.124,92.008,136
22.127,92.398,136
22.129,92.268,136
22.132,92.197,136
22.135,92.341,136
22.138,92.32,136
22.141,92.111,136
22.143,92.056,136
22.146,91.504,136
22.149,91.346,136
22.152,92.101,136
22.154,92.456,136
22.157,91.443,136
22.16,91.722,136
22.163,91.947,136
22.165,91.928,136
22.168,92.047,136
22.171,92.176,136
22.174,92.027,136
22.176,92.219,136
22.179,92.07,136
22.182,92.61,136
22.185,91.74,136
22.187,92.127,136
22.19,92.413,136
22.193,92.621,136
22.196,92.229,136
22.198,92.804,136
22.201,92.246,136
22.204,92.269,136
22.207,92.503,136
22.209,92.915,136
22.212,92.172,136
22.215,91.434,136
22.218,91.134,136
22.221,91.573,136
22.223,92.103,136
22.226,91.67,136
22.229,91.823,136
22.232,92.303,136
22.234,91.94,136
22.237,91.028,136
22.24,92.247,136
22.243,92.483,136
22.246,92.796,136
22.248,92.165,136
22.251,92.459,136
22.278,92.235,136
22.328,91.865,136
22.331,92.236,136
22.334,91.907,136
22.336,92.018,136
22.339,91.761,136
22.342,91.941,136
22.345,92.187,136
22.347,91.656,136
22.35,92.045,136
22.353,92.092,136
22.356,92.294,136
22.358,91.896,136
22.361,91.707,136
22.364,92.145,136
22.367,92.253,136
22.369,92.152,136
22.372,92.065,136
22.375,92.175,136
22.378,92.038,136
22.381,92.227,136
22.383,92.579,136
22.386,92.358,136
22.389,92.018,136
22.392,91.694,136
22.394,92.018,136
22.397,91.803,136
22.4,92.487,136
22.403,91.965,136
22.406,92.026,136
22.408,92.328,136
22.411,91.89,136
22.414,92.019,136
22.417,92.168,136
22.419,92.508,136
22.422,91.913,136
22.425,92.408,136
22.428,92.291,136
22.43,92.665,136
22.433,92.344,136
22.436,92.091,136
22.439,92.36,136
22.441,91.247,136
22.444,92.192,136
22.447,92.418,136
22.45,92.311,136
22.452,91.864,136
22.455,92.398,136
22.458,91.981,136
22.461,91.595,136
22.463,92.045,136
22.466,92.511,136
22.469,92.685,136
22.472,91.735,136
22.475,92.596,136
22.477,92.103,136
22.48,92.376,136
22.483,92.071,136
22.486,92.237,136
22.488,92.165,136
22.491,92.208,136
22.494,92.236,136
22.497,92.639,136
22.5,91.879,136
22.502,91.569,136
22.505,92.126,136
22.508,92.598,136
22.511,92.523,136
22.513,92.673,136
22.516,91.789,136
22.519,91.633,136
22.522,92.184,136
22.524,92.247,136
22.527,92.723,136
22.53,92.704,136
22.533,91.832,136
22.535,91.895,136
22.538,91.91,136
22.541,92.153,136
22.544,91.964,136
22.546,92.414,136
22.549,91.88,136
22.552,92.488,136
22.555,92.34,136
22.557,92.348,136
22.56,92.384,136
22.563,92.214,136
22.566,92.106,136
22.568,92.075,136
22.571,92.105,136
22.574,92.162,136
22.577,91.819,136
22.58,92.085,136
22.582,92.436,136
22.585,92.775,136
22.588,92.221,136
22.591,92.955,136
22.593,92.057,136
22.596,91.954,136
22.599,92.225,136
22.602,92.194,136
22.605,92.089,136
22.607,91.491,136
22.61,92.185,136
22.613,91.941,136
22.616,92.017,136
22.618,92.698,136
22.621,92.15,136
22.624,92.728,136
22.627,92.601,136
22.629,92.558,136
22.632,92.328,136
22.635,92.298,136
22.638,92.366,136
22.64,92.328,136
22.643,92.949,136
22.646,92.336,136
22.649,91.701,136
22.651,92.482,136
22.654,92.316,136
22.657,92.045,136
22.66,92.586,136
22.662,92.101,136
22.665,91.798,136
22.668,92.418,136
22.671,91.898,136
22.673,92.191,136
22.676,91.744,136
22.679,91.78,136
22.682,92.03,136
22.685,91.838,136
22.687,91.594,136
22.69,92.381,136
22.693,92.498,136
22.696,92.421,136
22.699,92.373,136
22.701,91.889,136
22.704,91.814,136
22.707,92.708,136
22.71,91.738,136
22.712,92.248,136
22.715,92.521,136
22.718,92.217,136
22.721,92.561,136
22.723,92.119,136
22.726,92.231,136
22.729,92.205,136
22.732,92.428,136
22.734,92.375,136
22.737,91.892,136
22.74,92.361,136
22.743,92.067,136
22.745,92.924,136
22.748,92.18,136
22.751,92.61,136
22.754,91.873,136
22.756,92.251,136
22.759,91.931,136
22.762,91.824,136
22.765,92.203,136
22.767,92.473,136
22.77,92.609,136
22.773,92.485,136
22.776,92.401,136
22.779,91.913,136
22.781,92.039,136
22.784,91.961,136
22.787,92.157,136
22.79,92.509,136
22.792,91.843,136
22.795,91.744,136
22.798,92.087,136
22.801,92.609,136
22.804,92.031,136
22.806,92.393,136
22.809,92.364,136
22.812,92.319,136
22.815,91.721,136
22.817,92.382,136
22.82,92.28,136
22.823,92.432,136
22.826,92.709,136
22.828,92.383,136
22.831,92.149,136
22.834,92.193,136
22.837,91.43,136
22.839,92.013,136
22.842,91.405,136
22.845,92.181,136
22.848,91.999,136
22.85,91.685,136
22.853,92.622,136
22.856,91.822,136
22.859,92.152,136
22.861,92.214,136
22.864,92.161,136
22.867,92.093,136
22.87,91.592,136
22.872,91.505,136
22.875,92.067,136
22.878,92.108,136
22.881,92.363,136
22.884,92.395,136
22.886,91.933,136
22.889,91.974,136
22.892,92.392,136
22.895,92.141,136
22.898,91.618,136
22.9,91.963,136
22.903,92.405,136
22.906,91.768,136
22.909,92.131,136
22.911,92.313,136
22.914,92.187,136
22.917,91.965,136
22.92,92.261,136
22.922,92.374,136
22.925,92.245,136
22.928,92.844,136
22.931,91.88,136
22.933,92.567,136
22.936,93.147,136
22.939,92.637,136
22.942,92.238,136
22.944,92.58,136
22.947,92.449,136
22.95,92.003,136
22.953,92.136,136
22.955,91.891,136
22.958,92.307,136
22.961,93.102,136
22.964,92.456,136
22.966,92.039,136
22.969,91.803,136
22.972,92.299,136
22.975,92.393,136
22.978,92.021,136
22.98,92.115,136
22.983,92.073,136
22.986,91.642,136
22.989,91.931,136
22.991,91.147,136
22.994,91.83,136
22.997,92.141,136
23.0,92.205,136
23.003,92.432,136
23.005,91.792,136
23.008,92.122,136
23.011,92.0,136
23.014,92.544,136
23.016,92.083,136
23.019,92.692,136
23.022,90.904,136
23.025,89.26,136
23.028,90.431,136
23.031,93.859,136
23.034,91.364,136
23.036,92.091,136
23.039,92.458,136
23.042,92.705,136
23.045,92.808,136
23.048,92.776,136
23.05,92.513,136
23.053,92.458,136
23.056,92.71,136
23.059,92.912,136
23.062,92.471,136
23.064,91.955,136
23.067,92.167,136
23.07,93.238,136
23.073,93.079,136
23.075,92.757,136
23.078,92.98,136
23.081,92.447,136
23.125,91.053,993
23.149,90.963,993
23.151,91.118,993
23.154,91.279,993
23.157,91.24,993
23.16,91.278,993
23.163,90.858,993
23.165,91.849,993
23.168,91.343,993
23.171,91.614,993
23.174,91.238,993
23.176,91.368,993
23.181,90.772,993
23.184,91.875,993
23.187,91.095,993
23.19,91.857,993
23.193,91.594,993
23.195,92.175,993
23.198,91.676,993
23.201,91.955,993
23.204,91.613,993
23.206,91.775,993
23.209,91.337,993
23.212,91.727,993
23.215,91.895,993
23.217,91.348,993
23.22,91.381,993
23.223,92.395,993
23.226,91.466,993
23.228,90.301,993
23.232,90.241,993
23.236,90.737,993
23.239,91.27,993
23.241,91.744,993
23.244,91.462,993
23.247,91.478,993
23.25,91.369,993
23.252,91.399,993
23.255,91.59,993
23.258,92.074,993
23.261,91.45,993
23.263,91.361,993
23.266,91.625,993
23.269,91.617,993
23.272,91.578,993
23.274,91.678,993
23.277,90.837,993
23.28,91.06,993
23.283,91.131,993
23.286,91.942,993
23.289,89.434,993
23.292,90.116,993
23.295,90.601,993
23.298,89.886,993
23.3,90.569,993
23.304,90.098,993
23.307,90.32,993
23.31,91.116,993
23.312,91.32,993
23.315,91.344,993
23.318,92.815,993
23.321,91.223,993
23.323,92.542,993
23.326,91.685,993
23.329,92.025,993
23.332,90.903,993
23.334,92.436,993
23.337,92.19,993
23.34,91.807,993
23.343,91.46,993
23.345,92.274,993
23.348,92.149,993
23.351,92.143,993
23.354,91.524,993
23.356,92.164,993
23.359,91.826,993
23.362,92.564,993
23.365,91.546,993
23.367,92.249,993
23.382,92.199,993
23.384,92.547,993
23.387,91.774,993
23.39,91.808,993
23.393,91.457,993
23.395,92.073,993
23.398,91.46,993
23.401,91.735,993
23.404,91.582,993
23.406,92.44,993
23.409,91.242,993
23.412,92.373,993
23.415,91.666,993
23.417,92.176,993
23.42,91.979,993
23.423,92.07,993
23.429,92.106,993
23.431,92.551,993
23.435,91.615,993
23.437,92.876,993
23.44,92.118,993
23.442,92.133,993
23.446,92.125,993
23.448,93.79,993
23.451,91.998,993
23.454,92.954,993
23.457,93.085,993
23.459,91.477,993
23.462,90.512,993
23.465,91.043,993
23.468,91.063,993
23.47,90.247,993
23.473,89.483,993
23.476,89.659,993
23.479,89.605,993
23.481,90.428,993
23.484,91.325,993
23.487,92.705,993
23.49,91.423,993
23.492,93.006,993
23.495,90.961,993
23.498,93.056,993
23.501,92.477,993
23.503,92.907,993
23.506,93.011,993
23.509,91.813,993
23.512,91.752,993
23.514,92.381,993
23.518,91.591,993
23.52,92.41,993
23.523,90.54,993
23.525,92.322,993
23.529,92.387,993
23.531,92.036,993
23.534,91.033,993
23.536,91.36,993
23.54,91.45,993
23.542,92.087,993
23.545,91.936,993
23.548,93.107,993
23.551,91.072,993
23.553,92.007,993
23.556,90.993,993
23.559,91.937,993
23.562,90.422,993
23.564,91.899,993
23.567,90.845,993
23.57,91.406,993
23.573,89.931,993
23.575,91.41,993
23.578,90.951,993
23.581,91.572,993
23.584,90.928,993
23.586,92.145,993
23.589,90.99,993
23.592,92.156,993
23.595,91.961,993
23.597,92.166,993
23.6,91.112,993
23.603,91.797,993
23.606,91.688,993
23.608,91.692,993
23.612,90.998,993
23.614,92.255,993
23.617,90.116,993
23.619,91.755,993
23.623,91.797,993
23.625,92.259,993
23.628,90.959,993
23.63,92.099,993
23.634,90.204,993
23.636,91.657,993
23.639,90.848,993
23.642,91.436,993
23.645,91.261,993
23.647,92.004,993
23.65,90.972,993
23.653,91.703,993
23.656,90.743,993
23.658,91.358,993
23.661,91.032,993
23.664,91.816,993
23.667,91.133,993
23.669,91.782,993
23.672,90.584,993
23.675,91.79,993
23.678,90.854,993
23.68,91.489,993
23.683,90.489,993
23.686,91.482,993
23.689,91.55,993
23.691,91.145,993
23.694,92.103,993
23.697,91.978,993
23.7,91.441,993
23.702,91.706,993
23.706,90.302,993
23.708,91.712,993
23.711,90.61,993
23.713,91.709,993
23.717,91.686,993
23.719,92.314,993
23.722,91.117,993
23.724,91.907,993
23.728,90.108,993
23.73,91.692,993
23.733,91.146,993
23.735,91.716,993
23.739,90.56,993
23.741,90.805,993
23.744,91.275,993
23.747,91.869,993
23.75,91.259,993
23.752,92.187,993
23.755,90.918,993
23.758,91.745,993
23.761,90.847,993
23.763,91.714,993
23.766,90.792,993
23.769,91.456,993
23.772,90.675,993
23.774,91.978,993
23.777,91.07,993
23.78,91.824,993
23.783,90.462,993
23.785,91.542,993
23.788,91.451,993
23.791,91.803,993
23.794,90.851,993
23.796,91.847,993
23.799,90.238,993
23.802,91.101,993
23.805,91.1,993
23.807,91.845,993
23.811,91.17,993
23.813,91.264,993
23.816,90.333,993
23.818,91.624,993
23.822,90.78,993
23.824,91.752,993
23.827,91.164,993
23.829,91.933,993
23.833,91.223,993
23.835,91.925,993
23.838,90.769,993
23.84,92.193,993
23.844,91.552,993
23.846,91.829,993
23.849,90.546,993
23.852,91.316,993
23.855,91.094,993
23.857,91.1,993
23.86,91.328,993
23.863,91.802,993
23.866,90.968,993
23.868,91.408,993
23.871,90.23,993
23.874,91.668,993
23.877,90.106,993
23.879,92.11,993
23.882,91.029,993
23.885,91.747,993
23.888,90.999,993
23.89,92.062,993
23.893,92.14,993
23.896,92.325,993
23.899,91.377,993
23.901,91.648,993
23.904,91.422,993
23.907,91.623,993
23.91,91.676,993
23.912,91.981,993
23.916,91.218,993
23.918,91.767,993
23.921,91.17,993
23.923,91.713,993
23.927,91.055,993
23.929,91.928,993
23.932,91.328,993
23.934,91.66,993
23.938,90.965,993
23.94,91.214,993
23.943,90.964,993
23.946,91.648,993
23.949,91.573,993
23.951,91.71,993
23.954,90.358,993
23.957,91.091,993
23.961,91.633,993
23.964,92.683,993
23.967,91.01,993
23.969,91.636,993
23.973,90.664,993
24.012,91.458,993
24.087,92.031,993
24.09,91.812,993
24.093,91.402,993
24.096,92.737,993
24.099,91.62,993
24.101,91.889,993
24.104,91.153,993
24.107,91.631,993
24.11,92.314,993
24.112,92.466,993
24.115,92.351,993
24.118,91.95,993
24.121,91.665,993
24.123,91.373,993
24.126,91.628,993
24.129,91.663,993
24.132,91.862,993
24.134,92.512,993
24.137,91.986,993
24.14,92.733,993
24.143,92.302,993
24.145,92.188,993
24.148,92.139,993
24.151,92.026,993
24.154,91.461,993
24.156,92.008,993
24.159,91.79,993
24.162,91.502,993
24.165,92.091,993
24.167,91.621,993
24.17,91.491,993
24.186,92.234,993
24.214,92.524,993
24.217,92.156,993
24.22,92.048,993
24.222,92.166,993
24.225,92.359,993
24.228,91.822,993
24.231,92.0,993
24.234,92.015,993
24.236,91.504,993
24.244,92.028,993
24.256,93.219,993
24.258,92.73,993
24.261,91.821,993
24.264,92.495,993
24.267,91.652,993
24.27,91.637,993
24.272,91.562,993
24.275,92.868,993
24.278,91.827,993
24.281,92.922,993
24.283,92.256,993
24.286,91.989,993
24.289,92.018,993
24.292,91.455,993
24.295,91.555,993
24.297,92.219,993
24.3,92.45,993
24.303,92.002,993
24.306,91.735,993
24.308,91.92,993
24.311,91.609,993
24.314,91.656,993
24.317,91.85,993
24.319,91.933,993
24.322,91.226,993
24.325,91.966,993
24.328,91.978,993
24.33,92.357,993
24.333,92.486,993
24.336,91.948,993
24.339,91.92,993
24.341,92.563,993
24.344,91.889,993
24.347,92.127,993
24.35,92.157,993
24.352,91.896,993
24.355,91.702,993
24.358,92.673,993
24.361,92.371,993
24.363,91.757,993
24.366,91.545,993
24.369,91.931,993
24.372,92.529,993
24.375,91.18,993
24.377,91.29,993
24.38,91.527,993
24.383,91.687,993
24.386,91.714,993
24.389,92.132,993
24.391,91.986,993
24.394,92.053,993
24.397,92.189,993
24.4,91.802,993
24.402,92.21,993
24.405,91.804,993
24.408,91.754,993
24.411,92.037,993
24.413,91.989,993
24.416,92.125,993
24.419,91.785,993
24.422,91.18,993
24.424,91.261,993
24.427,91.013,993
24.43,90.895,993
24.433,91.202,993
24.435,91.202,993
24.438,90.94,993
24.441,91.086,993
24.444,91.399,993
24.446,91.663,993
24.449,91.818,993
24.452,91.432,993
24.455,91.875,993
24.457,91.273,993
24.46,90.988,993
24.463,91.186,993
24.466,91.297,993
24.469,91.445,993
24.471,91.825,993
24.474,91.499,993
24.477,91.319,993
24.48,91.478,993
24.482,91.325,993
24.485,90.887,993
24.488,91.014,993
24.491,91.159,993
24.494,91.555,993
24.496,91.691,993
24.499,91.321,993
24.502,91.682,993
24.505,91.662,993
24.507,91.394,993
24.51,91.275,993
24.513,91.474,993
24.516,91.027,993
24.518,91.587,993
24.521,91.539,993
24.524,91.409,993
24.527,90.828,993
24.529,90.656,993
24.532,91.267,993
24.535,91.309,993
24.538,91.327,993
24.54,91.351,993
24.543,91.318,993
24.546,90.805,993
24.549,91.395,993
24.551,91.549,993
24.554,91.648,993
24.557,91.191,993
24.56,91.245,993
24.562,91.314,993
24.565,91.395,993
24.568,91.687,993
24.571,91.803,993
24.574,91.758,993
24.576,91.212,993
24.579,91.233,993
24.582,91.007,993
24.585,91.696,993
24.587,91.546,993
24.59,91.286,993
24.593,91.115,993
24.596,91.048,993
24.599,90.94,993
24.601,91.637,993
24.604,91.4,993
24.607,91.779,993
24.61,91.755,993
24.612,91.865,993
24.615,91.191,993
24.618,91.551,993
24.621,91.942,993
24.623,91.501,993
24.626,91.21,993
24.629,91.766,993
24.632,90.957,993
24.634,91.124,993
24.637,91.22,993
24.64,92.0,993
24.643,91.51,993
24.645,90.889,993
24.648,91.188,993
24.651,91.101,993
24.654,91.081,993
24.656,91.6,993
24.659,91.616,993
24.662,91.41,993
24.665,92.026,993
24.668,91.265,993
24.67,91.511,993
24.673,91.497,993
24.676,91.667,993
24.679,91.42,993
24.681,90.324,993
24.822,90.974,993
24.893,91.726,993
24.896,90.908,993
24.899,92.135,993
24.902,90.834,993
24.904,91.812,993
24.907,90.932,993
24.91,91.819,993
24.913,90.545,993
24.915,92.261,993
24.918,91.369,993
24.921,91.898,993
24.924,91.546,993
24.926,92.449,993
24.929,91.031,993
24.932,92.028,993
24.935,90.585,993
24.937,91.861,993
24.94,91.405,993
24.943,91.637,993
24.946,91.367,993
24.948,92.435,993
24.951,90.588,993
24.954,92.171,993
24.957,90.987,993
24.959,91.367,993
24.963,90.137,993
24.965,91.054,993
24.968,91.062,993
24.97,91.963,993
24.974,90.724,993
24.976,92.1,993
24.979,90.721,993
24.981,91.989,993
24.985,91.179,993
24.987,91.736,993
24.99,91.761,993
24.993,92.112,993
24.996,91.198,993
24.998,92.016,993
25.001,91.224,993
25.004,92.325,993
25.007,90.725,993
25.009,91.798,993
25.012,91.643,993
25.015,92.504,993
25.018,91.512,993
25.02,92.309,993
25.023,91.528,993
25.026,92.12,993
25.029,91.147,993
25.031,91.987,993
25.034,91.25,993
25.037,91.779,993
25.04,92.167,993
25.042,92.323,993
25.045,92.253,993
25.048,92.611,993
25.051,92.01,993
25.053,92.284,993
25.057,90.894,993
25.059,92.129,993
25.062,91.965,993
25.064,92.189,993
25.068,91.756,993
25.07,92.454,993
25.073,92.06,993
25.075,92.776,993
25.079,92.354,993
25.081,92.988,993
25.084,92.656,993
25.086,93.291,993
25.09,92.319,993
25.092,92.185,993
25.095,92.532,993
25.098,92.612,993
25.101,91.904,993
25.103,92.611,993
25.106,91.359,993
25.109,91.993,993
25.112,91.839,993
25.114,92.659,993
25.117,91.91,993
25.12,92.02,993
25.123,91.465,993
25.125,92.729,993
25.128,91.204,993
25.131,91.019,993
25.134,90.517,993
25.136,91.501,993
25.139,91.121,993
25.142,90.399,993
25.145,90.093,993
25.147,91.383,993
25.15,90.91,993
25.153,90.518,993
25.156,90.87,993
25.158,90.341,993
25.162,90.592,993
25.164,91.391,993
25.167,91.366,993
25.169,91.48,993
25.173,90.849,993
25.175,91.546,993
25.178,90.762,993
25.18,90.428,993
25.184,91.446,993
25.186,91.536,993
25.189,91.312,993
25.192,91.733,993
25.195,89.869,993
25.197,91.813,993
25.2,91.15,993
25.203,91.092,993
25.206,90.65,993
25.208,91.342,993
25.211,90.451,993
25.214,90.626,993
25.217,90.258,993
25.219,91.003,993
25.222,91.27,993
25.225,91.132,993
25.228,90.886,993
25.23,91.624,993
25.233,91.201,993
25.236,91.178,993
25.239,90.144,993
25.241,92.028,993
25.244,90.416,993
25.247,91.481,993
25.25,91.286,993
25.252,92.25,993
25.256,90.62,993
25.258,91.962,993
25.261,91.498,993
25.263,91.763,993
25.267,91.57,993
25.269,92.575,993
25.272,90.42,993
25.274,91.304,993
25.278,90.773,993
25.28,92.438,993
25.283,92.28,993
25.285,91.879,993
25.289,91.304,993
25.291,92.615,993
25.294,90.842,993
25.297,92.398,993
25.3,91.525,993
25.302,91.791,993
25.305,91.355,993
25.308,92.15,993
25.311,90.625,993
25.313,92.08,993
25.316,90.935,993
25.319,92.635,993
25.322,92.169,993
25.324,92.719,993
25.327,91.861,993
25.33,92.367,993
25.333,91.681,993
25.335,91.025,993
25.338,91.166,993
25.341,92.025,993
25.344,90.852,993
25.346,92.312,993
25.349,91.741,993
25.352,92.433,993
25.355,91.672,993
25.357,92.515,993
25.361,91.914,993
25.363,92.077,993
25.366,91.737,993
25.368,92.362,993
25.372,91.232,993
25.374,91.664,993
25.377,92.022,993
25.379,93.109,993
25.383,91.761,993
25.385,92.75,993
25.388,91.425,993
25.39,93.035,993
25.394,91.737,993
25.396,92.358,993
25.399,92.296,993
25.402,92.54,993
25.405,92.295,993
25.407,92.363,993
25.41,91.268,993
25.413,92.144,993
25.416,91.624,993
25.418,92.512,993
25.421,91.33,993
25.424,91.84,993
25.427,92.054,993
25.429,92.861,993
25.432,91.788,993
25.435,93.12,993
25.438,91.973,993
25.44,91.876,993
25.443,91.952,993
25.446,92.693,993
25.449,91.898,993
25.451,92.857,993
25.455,91.977,993
25.457,92.695,993
25.46,91.962,993
25.462,91.871,993
25.466,92.424,993
25.468,93.046,993
25.471,91.941,993
25.473,92.916,993
25.477,91.791,993
25.479,92.493,993
25.482,92.167,993
25.484,92.878,993
25.488,91.556,993
25.49,92.93,993
25.493,92.026,993
25.496,92.356,993
25.499,90.86,993
25.501,91.984,993
25.504,91.095,993
25.507,92.553,993
25.51,92.141,993
25.512,92.354,993
25.515,91.828,993
25.518,92.484,993
25.521,92.0,993
25.523,92.929,993
25.526,92.743,993
25.529,92.535,993
25.532,91.495,993
25.534,92.447,993
25.537,91.597,993
25.54,92.775,993
25.543,92.023,993
25.545,92.888,993
25.548,91.16,993
25.551,92.651,993
25.554,91.363,993
25.556,92.296,993
25.56,92.005,993
25.562,92.598,993
25.565,92.149,993
25.567,92.858,993
25.571,92.988,993
25.573,92.916,993
25.576,91.737,993
25.578,92.732,993
25.582,92.419,993
25.584,92.901,993
25.587,92.673,993
25.589,93.186,993
25.593,91.827,993
25.595,92.182,993
25.598,91.569,993
25.601,92.648,993
25.604,91.627,993
25.606,92.132,993
25.609,92.636,993
25.612,92.57,993
25.615,91.743,993
25.617,92.475,993
25.62,91.557,993
25.623,92.718,993
25.626,92.29,993
25.628,92.38,993
25.631,92.129,993
25.634,92.743,993
25.637,91.452,993
25.639,92.616,993
25.642,92.396,993
25.645,92.71,993
25.648,91.849,993
25.65,93.617,993
25.654,91.426,993
25.656,92.307,993
25.659,92.142,993
25.661,92.413,993
25.665,91.469,993
25.667,92.516,993
25.67,92.19,993
25.672,92.526,993
25.676,91.789,993
25.678,92.64,993
25.681,91.937,993
25.683,92.636,993
25.687,92.414,993
25.689,92.671,993
25.692,92.161,993
25.695,92.94,993
25.698,91.918,993
25.7,92.825,993
25.703,92.241,993
25.706,92.602,993
25.709,91.445,993
25.711,92.159,993
25.714,92.282,993
25.717,92.721,993
25.72,91.938,993
25.722,92.389,993
25.725,91.945,993
25.728,92.8,993
25.731,91.971,993
25.733,92.491,993
25.736,91.736,993
25.739,92.362,993
25.742,92.12,993
25.744,92.42,993
25.747,92.504,993
25.75,92.712,993
25.753,92.014,993
25.755,92.874,993
25.759,91.62,993
25.761,92.341,993
25.764,91.25,993
25.766,92.678,993
25.77,92.351,993
25.772,92.902,993
25.775,91.624,993
25.777,92.689,993
25.781,91.396,993
25.783,92.753,993
25.786,91.841,993
25.789,92.794,993
25.792,92.105,993
25.794,92.868,993
25.797,91.897,993
25.8,92.568,993
25.803,91.988,993
25.805,92.428,993
25.808,91.871,993
25.811,92.5,993
25.814,91.718,993
25.816,92.549,993
25.819,91.207,993
25.822,92.211,993
25.825,91.011,993
25.827,92.186,993
25.83,91.925,993
25.833,92.437,993
25.836,91.541,993
25.838,92.466,993
25.841,91.822,993
25.844,92.432,993
25.847,91.145,993
25.849,91.862,993
25.853,91.839,993
25.855,92.107,993
25.858,91.394,993
25.86,92.468,993
25.864,91.692,993
25.866,91.909,993
25.869,91.064,993
25.871,92.507,993
25.875,91.71,993
25.877,92.119,993
25.88,91.74,993
25.882,92.285,993
25.886,91.526,993
25.888,92.134,993
25.891,92.132,993
25.894,92.254,993
25.897,91.691,993
25.899,93.171,993
25.902,91.768,993
25.905,92.67,993
25.908,92.112,993
25.91,92.527,993
25.913,91.687,993
25.916,93.037,993
25.919,91.638,993
25.921,92.449,993
25.924,91.933,993
25.927,92.322,993
25.93,91.146,993
25.932,92.416,993
25.935,91.718,993
25.938,92.299,993
25.941,91.45,993
25.943,92.823,993
25.946,92.102,993
25.949,92.796,993
26.677,92.346,993
26.68,92.421,993
26.683,92.104,993
26.686,91.649,993
26.689,91.08,993
26.692,91.663,993
26.695,91.498,993
26.698,92.057,993
26.701,90.557,993
26.704,91.046,993
26.707,91.499,993
26.71,92.03,993
26.713,91.761,993
26.716,91.221,993
26.719,91.413,993
26.722,90.163,993
26.725,89.968,993
26.728,90.331,993
26.732,90.219,993
26.736,89.192,993
26.739,89.283,993
26.742,89.295,993
26.745,90.099,993
26.749,89.486,993
26.753,89.907,993
26.757,89.267,993
26.76,89.248,993
26.763,89.817,993
26.767,90.019,993
26.77,89.728,993
26.773,89.695,993
26.776,90.142,993
26.779,89.498,993
26.782,89.856,993
26.785,89.988,993
26.788,89.441,993
26.792,89.975,993
26.795,88.949,993
26.798,89.748,993
26.802,90.024,993
26.806,90.121,993
26.81,89.412,993
26.813,89.43,993
26.817,89.721,993
26.821,89.504,993
26.824,89.971,993
26.827,90.658,993
26.83,91.654,993
26.833,92.154,993
26.836,92.368,993
26.839,91.955,993
26.842,91.906,993
26.845,92.014,993
26.848,92.01,993
26.851,91.841,993
26.854,92.063,993
26.857,92.375,993
26.86,91.991,993
26.863,91.872,993
26.866,90.955,993
26.869,91.589,993
26.872,91.563,993
26.875,90.943,993
26.878,91.336,993
26.881,91.702,993
26.884,92.03,993
26.887,91.94,993
26.89,92.604,993
26.892,92.65,993
26.896,91.223,993
26.899,92.024,993
26.902,92.627,993
26.904,92.09,993
26.908,92.645,993
26.911,91.79,993
26.913,91.301,993
26.916,91.118,993
26.92,92.141,993
26.922,91.291,993
26.925,91.296,993
26.928,92.109,993
26.931,91.725,993
26.934,92.17,993
26.937,91.859,993
26.94,91.818,993
26.943,91.09,993
26.946,90.786,993
26.949,91.037,993
26.952,91.03,993
26.955,90.466,993
26.958,90.596,993
26.961,91.097,993
26.964,91.216,993
26.967,89.833,993
26.97,90.259,993
26.973,90.413,993
26.976,91.491,993
26.979,89.993,993
26.982,90.358,993
26.985,90.486,993
26.989,90.782,993
26.992,90.248,993
26.995,90.837,993
26.998,89.847,993
27.001,89.956,993
27.004,90.321,993
27.007,89.178,993
27.01,89.28,993
27.013,89.545,993
27.018,89.574,993
27.022,89.449,993
27.025,90.019,993
27.028,90.744,993
27.031,89.83,993
27.034,89.455,993
27.037,90.102,993
27.04,89.979,993
27.044,89.639,993
27.048,89.302,993
27.051,88.805,993
27.054,89.39,993
27.058,89.577,993
27.062,89.611,993
27.066,89.408,993
27.069,89.416,993
27.075,89.566,993
27.079,89.654,993
27.082,90.112,993
27.085,89.677,993
27.088,89.854,993
27.091,90.779,993
27.095,89.682,993
27.099,89.309,993
27.102,89.339,993
27.105,89.486,993
27.108,89.454,993
27.111,89.964,993
27.114,89.987,993
27.117,89.881,993
27.12,90.16,993
27.123,90.1,993
27.127,89.531,993
27.13,90.091,993
27.134,90.234,993
27.137,89.876,993
27.14,90.575,993
27.143,90.483,993
27.146,90.265,993
27.149,90.294,993
27.152,89.969,993
27.155,90.321,993
27.158,90.197,993
27.162,89.863,993
27.166,90.374,993
27.169,89.757,993
27.546,90.511,993
28.297,91.712,993
28.299,91.362,993
28.302,91.597,993
28.305,91.282,993
28.308,91.221,993
28.31,91.275,993
28.313,91.611,993
28.316,91.296,993
28.319,90.8,993
28.321,91.493,993
28.324,91.326,993
28.327,91.314,993
28.33,90.669,993
28.332,91.126,993
28.335,92.055,993
28.338,90.862,993
28.341,91.275,993
28.344,91.016,993
28.346,91.028,993
28.349,91.323,993
28.352,91.462,993
28.355,91.337,993
28.358,90.84,993
28.36,90.75,993
28.363,90.719,993
28.366,91.318,993
28.369,90.879,993
28.371,90.869,993
28.374,91.378,993
28.377,90.981,993
28.38,90.834,993
28.382,90.815,993
28.385,90.909,993
28.388,91.816,993
28.391,91.727,993
28.393,91.091,993
28.396,90.713,993
28.399,90.849,993
28.402,90.914,993
28.404,91.586,993
28.407,91.454,993
28.41,91.203,993
28.413,91.811,993
28.415,90.757,993
28.418,91.197,993
28.421,91.039,993
28.424,90.654,993
28.426,91.178,993
28.429,91.329,993
28.432,91.112,993
28.435,91.0,993
28.438,91.471,993
28.44,90.899,993
28.443,91.051,993
28.446,91.246,993
28.449,90.676,993
28.451,90.963,993
28.454,90.855,993
28.457,90.814,993
28.46,90.771,993
28.463,91.813,993
28.465,91.45,993
28.468,91.617,993
28.471,91.502,993
28.474,91.419,993
28.476,90.984,993
28.479,91.459,993
28.482,91.097,993
28.485,91.276,993
28.487,91.44,993
28.49,91.281,993
28.493,91.151,993
28.496,90.735,993
28.498,91.533,993
28.501,91.575,993
28.504,91.0,993
28.507,91.303,993
28.509,90.939,993
28.512,90.981,993
28.515,91.351,993
28.518,91.375,993
28.52,91.279,993
28.523,90.252,993
28.526,91.216,993
28.529,90.868,993
28.531,91.297,993
28.534,91.135,993
28.537,91.447,993
28.54,91.329,993
28.543,91.223,993
28.545,91.497,993
28.548,91.291,993
28.551,91.633,993
28.554,91.339,993
28.557,91.055,993
28.559,90.902,993
28.562,91.488,993
28.565,91.395,993
28.568,91.175,993
28.57,91.792,993
28.573,91.44,993
28.576,91.646,993
28.579,91.87,993
28.581,91.743,993
28.584,91.16,993
28.587,91.044,993
28.59,90.921,993
28.592,91.085,993
28.595,90.744,993
28.598,91.844,993
28.601,91.66,993
28.603,90.933,993
28.606,91.246,993
28.609,91.48,993
28.612,91.723,993
28.614,91.421,993
28.617,90.629,993
28.62,91.424,993
28.623,91.405,993
28.625,91.049,993
28.628,91.844,993
28.631,91.108,993
28.634,91.347,993
28.637,91.13,993
28.639,91.174,993
28.642,91.274,993
28.645,91.8,993
28.648,91.134,993
28.65,90.839,993
28.653,90.947,993
28.656,91.223,993
28.659,91.149,993
28.662,91.121,993
28.664,91.139,993
28.667,91.637,993
28.67,90.999,993
28.673,90.839,993
28.675,91.433,993
28.678,91.43,993
28.681,91.739,993
28.684,90.95,993
28.686,91.228,993
28.689,91.072,993
28.692,91.453,993
28.695,90.933,993
28.697,91.132,993
28.7,90.848,993
28.703,91.467,993
28.706,91.447,993
28.708,91.743,993
28.711,91.62,993
28.714,91.37,993
28.717,91.063,993
28.719,91.269,993
28.722,91.446,993
28.725,91.319,993
28.728,91.406,993
28.73,91.459,993
28.733,91.746,993
28.736,90.892,993
28.739,91.452,993
28.742,91.379,993
28.744,91.235,993
28.747,91.063,993
28.75,90.676,993
28.753,90.897,993
28.755,90.897,993
28.758,90.888,993
28.761,90.903,993
28.764,91.083,993
28.767,91.642,993
28.769,91.305,993
28.772,90.915,993
28.775,91.598,993
28.778,91.026,993
28.78,90.645,993
28.783,91.257,993
28.786,91.636,993
28.789,91.446,993
28.791,91.562,993
28.794,91.341,993
28.797,91.625,993
28.8,91.021,993
28.802,91.454,993
28.805,91.142,993
28.808,91.098,993
28.811,91.121,993
28.813,90.809,993
28.816,90.689,993
28.819,90.697,993
28.822,90.971,993
28.824,90.629,993
28.827,90.931,993
28.83,91.133,993
28.833,90.19,993
28.835,91.357,993
28.838,91.488,993
28.841,91.139,993
28.844,91.304,993
28.847,90.722,993
28.849,90.844,993
28.852,91.267,993
28.855,91.098,993
28.858,91.159,993
28.861,91.355,993
28.863,91.653,993
28.866,91.102,993
28.869,91.518,993
28.872,91.365,993
28.874,91.14,993
28.877,91.3,993
28.88,91.167,993
28.883,91.373,993
28.885,91.064,993
28.888,90.422,993
28.891,91.032,993
28.894,90.48,993
28.896,91.863,993
28.899,91.407,993
28.902,90.852,993
28.905,91.523,993
28.907,91.231,993
28.91,91.216,993
28.913,90.195,993
28.916,91.306,993
28.918,91.012,993
28.921,90.817,993
28.924,91.055,993
28.927,91.264,993
28.929,91.015,993
28.932,90.861,993
28.935,90.876,993
28.938,90.09,993
28.941,91.347,993
28.943,91.688,993
28.946,91.528,993
28.949,91.28,993
28.952,90.908,993
28.955,90.966,993
28.957,90.543,993
28.96,90.723,993
28.963,91.133,993
28.966,91.56,993
28.968,91.194,993
28.971,91.248,993
28.974,91.266,993
28.977,91.016,993
28.979,91.244,993
28.982,90.705,993
28.985,90.749,993
28.988,91.045,993
28.99,90.948,993
28.993,90.99,993
28.996,91.149,993
28.999,91.302,993
29.001,91.246,993
29.004,91.421,993
29.007,90.981,993
29.01,91.108,993
29.012,90.987,993
29.015,90.535,993
29.018,91.125,993
29.021,91.109,993
29.023,91.314,993
29.026,90.845,993
29.029,91.41,993
29.032,90.97,993
29.035,90.466,993
29.037,90.658,993
29.04,90.148,993
29.043,90.698,993
29.046,91.346,993
29.048,91.089,993
29.051,91.487,993
29.054,91.445,993
29.057,90.811,993
29.06,91.059,993
29.062,91.034,993
29.065,91.013,993
29.068,91.633,993
29.071,91.78,993
29.073,90.969,993
29.076,91.536,993
29.079,91.499,993
29.082,91.124,993
29.084,90.941,993
29.087,90.365,993
29.09,91.157,993
29.093,91.093,993
29.095,91.169,993
29.098,91.571,993
29.101,90.851,993
29.104,91.464,993
29.106,91.007,993
29.109,91.042,993
29.112,91.51,993
29.115,90.706,993
29.117,91.262,993
29.12,90.865,993
29.123,91.371,993
29.126,91.091,993
29.129,91.243,993
29.131,90.832,993
29.134,91.787,993
29.137,91.16,993
29.14,91.362,993
29.142,91.41,993
29.145,91.553,993
29.148,90.819,993
29.151,91.016,993
29.154,90.511,993
29.156,90.898,993
29.159,91.4,993
29.162,91.511,993
29.165,90.81,993
29.167,90.978,993
29.17,90.76,993
29.173,90.847,993
29.176,91.077,993
29.178,91.14,993
29.181,91.312,993
29.184,91.586,993
29.187,91.28,993
29.189,91.745,993
29.192,91.526,993
29.195,92.037,993
29.198,91.89,993
29.2,91.437,993
29.203,91.999,993
29.206,91.802,993
29.209,91.913,993
29.211,91.62,993
29.214,91.155,993
29.217,91.567,993
29.22,91.94,993
29.222,92.318,993
29.225,91.901,993
29.228,92.197,993
29.231,91.759,993
29.234,91.785,993
29.236,91.855,993
29.239,91.934,993
29.242,91.546,993
29.245,92.094,993
29.248,91.792,993
29.25,91.615,993
29.253,91.208,993
29.256,91.575,993
29.259,91.277,993
29.261,91.625,993
29.264,92.05,993
29.267,91.565,993
29.27,91.578,993
29.272,92.221,993
29.275,91.804,993
29.278,91.221,993
29.281,91.106,993
29.283,91.316,993
29.286,91.383,993
29.289,91.75,993
29.292,91.978,993
29.294,91.724,993
29.297,91.731,993
29.3,92.257,993
29.303,91.368,993
29.305,92.311,993
29.308,92.242,993
29.311,91.819,993
29.314,91.345,993
29.316,91.907,993
29.319,92.025,993
29.322,90.872,993
29.325,90.683,993
29.328,91.1,993
29.33,90.862,993
29.333,91.383,993
29.336,90.979,993
29.339,91.168,993
29.341,91.54,993
29.344,91.269,993
29.347,91.14,993
29.35,91.417,993
29.353,91.306,993
29.355,91.214,993
29.358,91.513,993
29.361,91.308,993
29.364,91.238,993
29.366,91.723,993
29.369,90.741,993
29.372,91.307,993
29.375,90.685,993
29.377,91.193,993
29.38,91.047,993
29.383,91.319,993
29.386,91.027,993
29.388,91.357,993
29.391,91.107,993
29.394,91.48,993
29.397,91.409,993
29.399,91.866,993
29.402,91.476,993
29.405,91.371,993
29.408,91.214,993
29.41,91.147,993
29.413,90.85,993
29.416,90.449,993
29.419,90.772,993
29.421,91.169,993
29.424,91.117,993
29.427,91.154,993
29.43,91.282,993
29.433,91.557,993
29.435,91.277,993
29.438,91.17,993
29.441,90.816,993
29.444,90.589,993
29.447,90.834,993
29.449,91.5,993
29.452,91.364,993
29.455,90.993,993
29.458,90.866,993
29.46,90.654,993
29.463,90.543,993
29.466,90.449,993
29.469,90.637,993
29.471,91.343,993
29.474,91.197,993
29.477,91.259,993
29.48,91.274,993
29.482,91.001,993
29.485,91.725,993
29.488,91.542,993
29.491,91.188,993
29.493,91.347,993
29.496,91.569,993
29.499,91.421,993
29.502,91.041,993
29.504,91.292,993
29.507,91.321,993
29.51,91.004,993
29.513,91.262,993
29.515,91.226,993
29.518,91.515,993
29.521,91.519,993
29.524,91.357,993
29.527,90.683,993
29.529,91.243,993
29.532,90.95,993
29.535,90.715,993
29.538,90.812,993
29.54,91.383,993
29.543,91.583,993
29.546,91.832,993
29.549,91.595,993
29.552,91.808,993
29.554,91.164,993
29.557,90.996,993
29.56,91.037,993
29.563,91.278,993
29.565,91.499,993
29.568,91.012,993
29.571,91.158,993
29.574,90.958,993
29.576,91.202,993
29.579,90.93,993
29.582,91.042,993
29.585,91.071,993
29.587,91.53,993
29.59,90.842,993
29.593,91.621,993
29.596,90.897,993
29.598,91.406,993
29.601,91.584,993
29.604,91.547,993
29.607,90.837,993
29.609,91.793,993
29.612,91.683,993
29.615,91.525,993
29.618,91.645,993
29.62,91.154,993
29.623,91.751,993
29.626,90.877,993
29.629,90.889,993
29.632,91.259,993
29.634,90.893,993
29.637,91.043,993
29.64,91.386,993
29.643,90.906,993
29.646,91.612,993
29.648,90.91,993
29.651,90.725,993
29.654,91.384,993
29.657,91.248,993
29.659,90.981,993
29.662,91.0,993
29.665,91.48,993
29.668,91.258,993
29.67,91.33,993
29.673,91.175,993
29.676,91.389,993
29.679,91.403,993
29.681,91.418,993
29.684,91.001,993
29.687,91.077,993
29.69,91.13,993
29.692,90.994,993
29.695,91.063,993
29.698,90.783,993
29.701,91.022,993
29.703,91.163,993
29.706,90.685,993
29.709,91.212,993
29.712,91.411,993
29.714,91.117,993
29.717,91.009,993
29.72,91.287,993
29.723,91.622,993
29.726,91.139,993
29.728,90.873,993
29.731,91.109,993
29.734,91.117,993
29.737,91.277,993
29.74,90.851,993
29.742,91.144,993
29.745,90.825,993
29.748,90.7,993
29.751,90.884,993
29.753,90.954,993
29.756,91.05,993
29.759,91.417,993
29.762,91.246,993
29.764,91.647,993
29.767,91.522,993
29.77,91.541,993
29.773,90.766,993
29.775,91.587,993
29.778,91.324,993
29.781,91.306,993
29.784,90.632,993
29.786,90.971,993
29.789,91.021,993
29.792,90.881,993
29.795,90.737,993
29.797,91.417,993
29.8,92.056,993
29.803,92.198,993
29.806,91.473,993
29.808,91.79,993
29.811,91.775,993
29.814,91.483,993
29.817,91.18,993
29.82,91.689,993
29.822,91.176,993
29.825,91.988,993
29.828,91.462,993
29.831,91.382,993
29.833,91.508,993
29.836,91.64,993
29.839,91.234,993
29.842,91.268,993
29.845,91.584,993
29.847,91.174,993
29.85,91.288,993
29.853,91.495,993
29.856,90.963,993
29.858,91.285,993
29.861,90.87,993
29.864,90.897,993
29.867,91.074,993
29.869,91.235,993
29.872,90.305,993
29.875,91.243,993
29.878,91.101,993
29.88,91.092,993
29.883,91.1,993
29.886,91.056,993
29.889,90.823,993
29.891,91.445,993
29.894,91.999,993
29.897,91.658,993
29.9,90.289,993
29.902,90.782,993
29.905,91.673,993
29.908,92.023,993
29.911,90.964,993
29.913,91.772,993
29.916,91.678,993
29.919,91.174,993
29.922,91.654,993
29.925,91.962,993
29.927,91.436,993
29.93,91.487,993
29.933,90.387,993
29.936,90.697,993
29.939,91.115,993
29.941,90.692,993
29.944,90.701,993
29.947,90.779,993
29.95,90.43,993
29.952,91.924,993
29.955,90.683,993
29.958,91.46,993
29.961,91.639,993
29.963,92.049,993
29.966,91.724,993
29.969,91.135,993
29.972,91.826,993
29.974,91.83,993
29.977,91.137,993
29.98,91.478,993
29.983,91.601,993
29.985,91.29,993
29.988,90.689,993
29.991,91.066,993
29.994,90.674,993
29.996,90.683,993
29.999,91.192,993
30.002,91.124,993
30.005,90.667,993
30.007,91.217,993
30.01,91.391,993
30.013,91.455,993
30.016,90.337,993
30.019,91.688,993
30.021,91.536,993
30.024,91.329,993
30.027,91.452,993
30.03,90.915,993
30.032,90.367,993
30.035,91.027,993
30.038,91.053,993
30.041,91.075,993
30.044,91.352,993
30.046,91.071,993
30.049,90.982,993
30.052,90.617,993
30.055,91.128,993
30.057,90.392,993
30.06,90.973,993
30.063,90.623,993
30.066,90.578,993
30.068,90.971,993
30.071,91.055,993
30.074,91.313,993
30.077,91.043,993
30.079,91.54,993
30.082,91.329,993
30.085,91.619,993
30.088,91.16,993
30.09,90.806,993
30.093,90.781,993
30.096,91.089,993
30.099,91.361,993
30.101,91.791,993
30.104,91.241,993
30.107,91.009,993
30.11,90.9,993
30.113,91.513,993
30.115,90.611,993
30.118,91.645,993
30.121,91.219,993
30.124,91.237,993
30.126,91.502,993
30.129,91.041,993
30.132,90.705,993
30.135,91.19,993
30.138,91.199,993
30.14,91.511,993
30.143,91.301,993
30.146,91.339,993
30.149,91.365,993
30.151,91.286,993
30.154,91.263,993
30.157,91.483,993
30.16,91.409,993
30.162,90.883,993
30.165,91.222,993
30.168,91.135,993
30.171,91.047,993
30.173,90.867,993
30.176,90.542,993
30.179,90.094,993
30.182,90.54,993
30.184,91.086,993
30.187,91.302,993
30.19,90.941,993
30.193,91.059,993
30.195,91.352,993
30.198,90.939,993
30.201,91.307,993
30.204,91.004,993
30.206,91.039,993
30.209,90.913,993
30.212,91.588,993
30.215,90.847,993
30.218,91.759,993
30.22,91.656,993
30.223,91.143,993
30.226,91.214,993
30.229,91.313,993
30.232,90.606,993
30.234,91.362,993
30.237,90.958,993
30.24,91.132,993
30.243,90.464,993
30.245,90.732,993
30.248,91.526,993
30.251,91.189,993
30.254,91.563,993
30.256,91.06,993
30.259,91.591,993
30.262,91.283,993
30.265,91.345,993
30.267,91.45,993
30.27,90.897,993
30.273,91.504,993
30.276,91.422,993
30.278,91.494,993
30.281,90.862,993
30.284,91.065,993
30.287,91.21,993
30.289,91.334,993
30.292,91.096,993
30.295,91.593,993
30.298,91.873,993
30.3,91.665,993
30.303,91.129,993
30.306,91.452,993
30.309,91.813,993
30.312,91.511,993
30.314,91.605,993
30.317,91.782,993
30.32,91.823,993
30.323,92.112,993
30.325,91.544,993
30.328,91.198,993
30.331,91.403,993
30.334,92.122,993
30.337,92.216,993
30.339,91.014,993
30.342,91.118,993
30.345,91.532,993
30.348,91.54,993
30.35,91.31,993
30.353,90.68,993
30.356,90.75,993
30.359,91.274,993
30.361,90.974,993
30.364,90.802,993
30.367,91.148,993
30.37,90.829,993
30.372,91.214,993
30.375,91.819,993
30.378,90.775,993
30.381,90.977,993
30.383,91.04,993
30.386,90.788,993
30.389,91.242,993
30.392,91.066,993
30.394,90.847,993
30.397,91.023,993
30.4,90.67,993
30.403,90.74,993
30.405,91.644,993
30.408,91.279,993
30.411,91.495,993
30.414,91.538,993
30.417,91.413,993
30.419,91.494,993
30.422,91.108,993
30.425,91.24,993
30.428,91.224,993
30.43,91.099,993
30.433,91.148,993
30.436,91.574,993
30.439,91.304,993
30.442,90.869,993
30.444,91.195,993
30.447,90.878,993
30.45,91.181,993
30.453,90.879,993
30.455,90.335,993
30.458,91.139,993
30.461,91.267,993
30.464,91.1,993
30.466,91.18,993
30.469,90.884,993
30.472,90.988,993
30.475,91.138,993
30.477,90.664,993
30.48,90.52,993
30.483,90.929,993
30.486,91.494,993
30.488,91.173,993
30.491,90.951,993
30.494,91.345,993
30.497,90.729,993
30.499,90.807,993
30.502,90.916,993
30.505,90.823,993
30.508,90.928,993
30.511,91.517,993
30.513,91.298,993
30.516,91.433,993
30.519,90.9,993
30.522,90.901,993
30.524,91.056,993
30.527,90.643,993
30.53,90.437,993
30.533,90.872,993
30.536,91.057,993
30.538,91.117,993
30.541,90.642,993
30.544,91.217,993
30.547,91.184,993
30.549,91.976,993
30.552,91.454,993
30.555,90.91,993
30.558,90.9,993
30.56,91.32,993
30.563,91.096,993
30.566,91.103,993
30.569,91.122,993
30.571,90.895,993
30.574,90.457,993
30.577,90.97,993
30.58,90.763,993
30.582,91.486,993
30.585,91.725,993
30.588,91.281,993
30.591,91.377,993
30.593,91.054,993
30.596,91.143,993
30.599,91.368,993
30.602,90.647,993
30.604,91.316,993
30.607,90.694,993
30.61,91.146,993
30.613,91.195,993
30.616,90.954,993
30.618,91.458,993
30.621,90.865,993
30.624,90.602,993
30.627,90.416,993
30.629,90.575,993
30.632,90.74,993
30.635,90.631,993
30.638,91.332,993
30.641,91.349,993
30.643,91.214,993
30.646,90.924,993
30.649,90.991,993
30.652,90.51,993
30.654,90.581,993
30.657,90.958,993
30.66,91.512,993
30.663,91.232,993
30.665,91.416,993
30.668,90.994,993
30.671,91.083,993
30.674,91.197,993
30.676,90.853,993
30.679,90.629,993
30.682,90.518,993
30.685,90.615,993
30.687,90.931,993
30.69,90.704,993
30.693,91.558,993
30.696,91.043,993
30.698,91.254,993
30.701,91.635,993
30.704,91.172,993
30.707,91.114,993
30.709,91.094,993
30.712,91.267,993
30.715,91.116,993
30.718,91.164,993
30.721,91.172,993
30.723,90.928,993
30.726,90.407,993
30.729,91.127,993
30.732,91.189,993
30.735,91.628,993
30.737,91.367,993
30.74,91.334,993
30.743,91.466,993
30.746,91.054,993
30.748,91.143,993
30.751,90.718,993
30.754,91.008,993
30.757,91.397,993
30.759,90.728,993
30.762,90.785,993
30.765,90.695,993
30.768,90.621,993
30.77,90.786,993
30.773,90.695,993
30.776,91.193,993
30.779,91.093,993
30.781,91.472,993
30.784,91.662,993
30.787,91.434,993
30.79,91.454,993
30.792,90.835,993
30.795,90.755,993
30.798,91.206,993
30.801,90.861,993
30.803,90.9,993
30.806,91.314,993
30.809,90.519,993
30.812,90.734,993
30.815,91.096,993
30.817,91.143,993
30.82,90.686,993
30.823,90.97,993
30.826,90.721,993
30.828,91.027,993
30.831,91.288,993
30.834,91.516,993
30.837,91.432,993
30.84,91.251,993
30.842,91.751,993
30.845,90.994,993
30.848,91.31,993
30.851,91.136,993
30.853,90.576,993
30.856,90.558,993
30.859,90.918,993
30.862,90.995,993
30.864,90.625,993
30.867,90.626,993
30.87,90.888,993
30.873,91.135,993
30.875,91.157,993
30.878,90.834,993
30.881,90.947,993
30.884,91.217,993
30.886,91.248,993
30.889,91.001,993
30.892,91.396,993
30.895,91.244,993
30.897,90.83,993
30.9,91.366,993
30.903,91.427,993
30.906,91.122,993
30.908,91.747,993
30.911,91.247,993
30.914,91.219,993
30.917,91.72,993
30.92,90.93,993
30.922,91.417,993
30.925,91.301,993
30.928,91.161,993
30.931,90.904,993
30.934,91.112,993
30.936,90.552,993
30.939,90.691,993
30.942,90.712,993
30.945,91.246,993
30.947,91.03,993
30.95,90.595,993
30.953,91.086,993
30.956,90.745,993
30.958,90.61,993
30.961,91.116,993
30.964,91.865,993
30.967,91.946,993
30.969,91.012,993
30.972,91.481,993
30.975,91.183,993
30.978,90.547,993
30.98,90.943,993
30.983,91.539,993
30.986,91.133,993
30.989,91.346,993
30.991,91.209,993
30.994,91.758,993
30.997,90.943,993
31.0,91.334,993
31.002,90.941,993
31.005,91.044,993
31.008,91.129,993
31.011,90.851,993
31.014,90.914,993
31.016,90.712,993
31.019,90.795,993
31.022,90.53,993
31.193,91.261,993
31.28,90.812,993
31.283,90.598,993
31.286,90.816,993
31.289,89.748,993
31.292,90.233,993
31.295,90.328,993
31.298,90.333,993
31.3,90.505,993
31.304,91.352,993
31.306,90.117,993
31.309,90.145,993
31.312,90.565,993
31.315,91.224,993
31.318,91.044,993
31.32,90.767,993
31.323,91.262,993
31.326,91.122,993
31.329,91.388,993
31.332,90.838,993
31.335,91.008,993
31.338,91.209,993
31.34,90.581,993
31.343,91.2,993
31.346,90.652,993
31.349,90.801,993
31.352,91.183,993
31.355,90.823,993
31.357,91.413,993
31.361,90.595,993
31.363,91.385,993
31.366,91.331,993
31.369,90.675,993
31.372,91.694,993
31.375,91.58,993
31.377,92.135,993
31.38,91.868,993
31.383,91.611,993
31.386,91.955,993
31.389,91.686,993
31.392,91.789,993
31.395,91.601,993
31.398,91.288,993
31.4,92.342,993
31.403,92.173,993
31.406,92.269,993
31.409,91.959,993
31.412,92.15,993
31.414,91.902,993
31.418,92.034,993
31.42,91.645,993
31.423,91.919,993
31.426,91.116,993
31.429,91.789,993
31.432,90.73,993
31.434,91.384,993
31.437,91.273,993
31.44,91.132,993
31.443,91.772,993
31.446,91.011,993
31.449,90.757,993
31.452,90.858,993
31.455,90.916,993
31.457,91.292,993
31.46,91.386,993
31.463,90.777,993
31.466,90.893,993
31.469,90.963,993
31.471,91.521,993
31.475,90.052,993
31.477,91.241,993
31.48,90.943,993
31.483,90.938,993
31.486,91.451,993
31.489,90.444,993
31.491,90.588,993
31.494,91.016,993
31.497,90.566,993
31.5,91.398,993
31.503,90.871,993
31.506,90.694,993
31.509,91.385,993
31.512,90.842,993
31.514,90.962,993
31.517,90.88,993
31.52,90.786,993
31.523,91.637,993
31.526,90.613,993
31.528,91.346,993
31.532,90.637,993
31.534,91.183,993
31.537,91.302,993
31.54,90.813,993
31.543,91.515,993
31.546,90.84,993
31.548,91.499,993
31.551,90.779,993
31.554,89.914,993
31.557,91.54,993
31.56,90.872,993
31.563,90.837,993
31.566,91.004,993
31.569,90.537,993
31.571,91.585,993
31.574,90.193,993
31.577,91.653,993
31.58,90.625,993
31.583,91.327,993
31.585,91.434,993
31.589,90.68,993
31.591,90.669,993
31.594,90.765,993
31.597,90.518,993
31.6,91.416,993
31.603,90.901,993
31.606,90.516,993
31.608,90.516,993
31.611,91.592,993
31.614,91.837,993
31.617,91.051,993
31.62,90.861,993
31.623,90.946,993
31.626,90.816,993
31.628,90.775,993
31.631,90.175,993
31.634,91.305,993
31.637,91.199,993
31.64,91.323,993
31.642,91.839,993
31.646,90.944,993
31.648,91.32,993
31.651,91.389,993
31.654,91.377,993
31.657,91.079,993
31.66,90.832,993
31.663,90.61,993
31.665,90.981,993
31.668,90.692,993
31.671,91.45,993
31.674,90.926,993
31.677,91.071,993
31.68,90.856,993
31.683,90.735,993
31.685,91.31,993
31.688,91.047,993
31.691,90.884,993
31.694,91.16,993
31.697,90.613,993
31.699,91.128,993
31.703,90.788,993
31.705,91.161,993
31.708,91.388,993
31.711,91.053,993
31.714,91.555,993
31.717,90.026,993
31.72,90.991,993
31.722,91.172,993
31.725,90.535,993
31.728,91.392,993
31.731,89.959,993
31.734,91.401,993
31.737,91.298,993
31.74,90.009,993
31.742,91.553,993
31.745,89.623,993
31.748,90.811,993
31.751,91.089,993
31.754,90.914,993
31.756,91.598,993
31.76,90.562,993
31.762,91.16,993
31.765,90.92,993
31.768,90.644,993
31.771,91.538,993
31.774,90.288,993
31.777,91.414,993
31.779,91.376,993
31.782,90.496,993
31.785,91.053,993
31.788,91.142,993
31.791,91.026,993
31.794,90.995,993
31.797,91.238,993
31.799,91.427,993
31.802,91.477,993
31.805,91.588,993
31.808,91.505,993
31.811,91.342,993
31.814,91.517,993
31.817,91.013,993
31.819,90.802,993
31.822,90.949,993
31.825,90.552,993
31.828,90.78,993
31.831,91.461,993
31.834,90.597,993
31.837,90.87,993
31.839,90.898,993
31.842,91.771,993
31.845,91.275,993
31.848,91.95,993
31.851,91.598,993
31.854,90.546,993
31.856,91.683,993
31.859,90.995,993
31.862,91.32,993
31.865,90.902,993
31.87,90.315,993
31.873,90.987,993
31.875,91.107,993
31.878,90.607,993
31.881,91.384,993
31.884,90.908,993
31.887,91.467,993
31.89,91.304,993
31.893,90.677,993
31.895,91.318,993
31.898,89.973,993
31.901,90.403,993
31.904,91.252,993
31.907,91.658,993
31.909,91.238,993
31.913,90.723,993
31.915,91.381,993
31.918,91.47,993
31.921,91.022,993
31.924,90.143,993
31.927,90.082,993
31.93,90.118,993
31.932,89.516,993
31.935,89.753,993
31.938,91.614,993
31.941,91.47,993
31.944,90.83,993
31.947,90.697,993
31.95,91.698,993
31.952,91.642,993
31.955,90.815,993
31.958,91.589,993
31.961,90.89,993
31.964,91.436,993
31.966,91.952,993
31.97,90.801,993
31.972,91.045,993
31.975,91.284,993
31.978,91.117,993
31.981,90.743,993
31.984,90.203,993
31.987,90.98,993
31.989,90.904,993
31.992,90.728,993
31.995,91.051,993
31.998,90.491,993
32.001,90.232,993
32.004,91.023,993
32.007,90.96,993
32.009,91.247,993
32.012,90.447,993
32.263,89.482,993
32.265,90.566,993
32.268,89.311,993
32.271,90.116,993
32.274,89.343,993
32.276,90.13,993
32.28,89.732,993
32.282,90.657,993
32.285,90.219,993
32.288,90.037,993
32.291,89.748,993
32.293,90.3,993
32.297,89.722,993
32.299,90.801,993
32.302,89.564,993
32.305,90.294,993
32.308,90.974,993
32.31,90.968,993
32.314,90.503,993
32.316,91.364,993
32.319,90.427,993
32.322,91.457,993
32.325,90.704,993
32.327,91.377,993
32.331,90.361,993
32.333,92.369,993
32.336,91.596,993
32.339,91.317,993
32.342,90.79,993
32.344,91.539,993
32.348,91.119,993
32.35,91.861,993
32.353,90.431,993
32.355,91.95,993
32.359,90.549,993
32.361,91.987,993
32.364,91.839,993
32.367,92.385,993
32.37,91.808,993
32.372,92.207,993
32.376,91.829,993
32.378,92.217,993
32.381,90.812,993
32.384,91.608,993
32.387,90.704,993
32.389,91.844,993
32.393,91.559,993
32.395,92.301,993
32.398,91.177,993
32.401,92.587,993
32.404,91.132,993
32.406,91.896,993
32.41,90.932,993
32.412,91.503,993
32.415,90.656,993
32.418,91.28,993
32.421,90.413,993
32.423,91.188,993
32.427,91.17,993
32.429,91.712,993
32.432,90.807,993
32.435,91.15,993
32.438,89.818,993
32.44,90.973,993
32.443,90.356,993
32.446,91.993,993
32.449,90.658,993
32.451,92.038,993
32.455,91.139,993
32.457,91.171,993
32.46,90.621,993
32.463,91.373,993
32.466,90.987,993
32.468,91.446,993
32.472,89.737,993
32.474,91.592,993
32.477,89.903,993
32.48,91.122,993
32.483,91.135,993
32.485,91.179,993
32.489,90.299,993
32.491,91.277,993
32.494,90.62,993
32.497,91.177,993
32.5,91.017,993
32.502,91.499,993
32.506,90.917,993
32.508,91.732,993
32.511,91.016,993
32.514,91.784,993
32.517,91.842,993
32.519,92.348,993
32.522,90.705,993
32.525,91.574,993
32.528,91.017,993
32.53,91.611,993
32.534,91.576,993
32.536,91.637,993
32.539,91.234,993
32.542,91.512,993
32.545,91.03,993
32.547,91.241,993
32.551,91.018,993
32.553,91.846,993
32.556,90.361,993
32.559,91.177,993
32.562,90.449,993
32.564,91.428,993
32.568,90.909,993
32.57,91.891,993
32.573,90.699,993
32.576,91.148,993
32.579,91.023,993
32.581,91.771,993
32.585,90.731,993
32.587,91.571,993
32.59,89.998,993
32.593,91.241,993
32.596,90.335,993
32.598,91.027,993
32.602,91.248,993
32.604,91.757,993
32.607,90.814,993
32.609,91.894,993
32.613,91.165,993
32.615,91.722,993
32.618,91.162,993
32.621,92.066,993
32.624,90.63,993
32.626,92.161,993
32.63,90.38,993
32.632,91.438,993
32.635,90.134,993
32.638,91.171,993
32.641,91.0,993
32.643,91.529,993
32.647,90.407,993
32.649,91.704,993
32.652,90.941,993
32.655,91.672,993
32.658,90.341,993
32.66,91.223,993
32.664,90.516,993
32.666,91.325,993
32.669,90.173,993
32.672,91.946,993
32.675,90.653,993
32.677,91.187,993
32.681,90.656,993
32.683,91.71,993
32.686,90.382,993
32.689,91.546,993
32.692,90.741,993
32.694,91.606,993
32.697,90.29,993
32.7,91.111,993
32.703,90.031,993
32.705,91.49,993
32.709,90.31,993
32.711,91.404,993
32.714,91.601,993
32.717,91.756,993
32.72,90.733,993
32.722,90.886,993
32.726,90.605,993
32.728,91.725,993
32.731,91.088,993
32.734,91.637,993
32.737,91.083,993
32.739,91.567,993
32.743,90.835,993
32.745,91.293,993
32.748,91.41,993
32.751,91.062,993
32.754,90.876,993
32.756,92.019,993
32.76,91.47,993
32.762,92.02,993
32.765,90.578,993
32.768,91.561,993
32.771,90.296,993
32.773,91.749,993
32.776,90.172,993
32.779,90.936,993
32.782,90.584,993
32.784,91.088,993
32.788,90.576,993
32.79,91.525,993
32.793,91.138,993
32.796,91.551,993
32.799,90.98,993
32.801,91.35,993
32.805,90.525,993
32.807,91.347,993
32.81,91.055,993
32.813,91.67,993
32.816,90.635,993
32.818,91.512,993
32.822,90.416,993
32.824,91.481,993
32.827,90.38,993
32.83,91.477,993
32.833,91.735,993
32.835,91.859,993
32.839,89.837,993
32.841,91.32,993
32.844,90.731,993
32.847,91.566,993
32.85,90.381,993
32.852,91.719,993
32.856,90.884,993
32.858,91.495,993
32.861,90.927,993
32.863,91.682,993
32.867,90.834,993
32.869,91.802,993
32.872,90.942,993
32.875,91.369,993
32.878,90.593,993
32.88,90.979,993
32.884,91.481,993
32.886,91.855,993
32.889,91.583,993
32.892,91.772,993
32.895,90.615,993
32.897,91.365,993
32.901,90.692,993
32.903,91.078,993
32.906,91.54,993
32.909,91.479,993
32.912,90.385,993
32.914,91.672,993
32.918,91.254,993
32.92,91.138,993
32.923,90.747,993
32.925,91.378,993
