decision,n,human_mean_avg,human_mean_std,claude_avg,claude_std,gpt4o_avg,gpt4o_std
Accept (Oral),9,7.675925925925926,0.6801302525941829,7.444444444444445,0.7264831572567788,5.333333333333333,1.4142135623730951
Accept (Poster),141,6.329078014184397,0.5584395927859602,7.304964539007092,0.572504053776634,5.872340425531915,0.9169130183843366
Accept (Spotlight),34,7.299019607843137,0.5488117126120562,7.529411764705882,0.5066403971048988,5.588235294117647,1.0478736639911677
Reject,316,4.752833031946956,0.9648394554970433,6.996835443037975,0.7786778282040836,5.170886075949367,1.02162670146137
