Thermal stressor,mean_slope,median_slope,std_slope,n_pop,n_species,pct_positive,pct_negative,pct_significant
Cumulative intensity,-0.00033946600241310863,0.0,0.015436451066959773,25693,1484,43.31919199782042,46.771494181294514,3.857081695403417
Temperature,-0.07849250793650793,-0.0398,1.2696759396629724,26775,1492,47.30905695611578,52.67600373482726,1.7217553688141922
Temperature difference,0.042828655214166796,0.026,1.427171638574648,26428,1491,51.695171787498104,48.2972604813077,5.6341758740729535
Temperature trend,-0.5436679203120858,-0.2706,6.475617183771467,26403,1498,46.57046547740787,53.42953452259213,0.46585615270991937
