year,month,lat,lon,mucape_jkg,shr6_ms,tcw_kgm2,hmelt_m,flh_m
2014,4,14.25,104.75,2261,2.14,49.96,4708,4823
2014,4,6.25,290.75,2713,1.35,56.0,4787,4880
2014,4,8.25,80.25,1904,2.6,52.07,4744,4832
2014,4,1.25,11.5,2876,12.14,45.29,4192,4841
2014,4,10.0,354.5,2071,5.25,46.27,4486,4831
2014,4,2.0,14.25,4697,7.08,48.15,4416,5008
2014,4,0.75,15.0,3094,7.61,48.24,4572,5018
2014,4,-0.75,16.5,3665,8.04,49.5,4689,5002
2014,4,2.5,23.75,2420,9.32,45.67,4441,4903
2014,4,7.5,357.0,1137,8.78,51.92,4737,4993
2014,4,8.5,286.0,2612,12.99,44.17,4983,5108
2014,4,2.25,290.25,1773,3.77,51.02,4813,5003
2014,4,6.0,7.25,2576,8.78,55.53,4743,4923
2014,4,7.0,5.75,2342,7.1,56.01,4683,4851
2014,4,4.0,14.75,2421,7.34,49.47,4285,4923
2014,4,-3.5,302.75,642,3.27,59.45,4526,4627
2014,4,11.75,107.25,2130,2.21,47.9,4697,5026
2014,4,-14.75,126.0,1561,4.49,55.89,4664,4852
2014,4,15.5,99.75,2501,3.43,48.43,4678,4785
2014,4,5.0,9.0,1935,11.33,50.94,4602,4981
2014,4,3.25,11.25,2770,14.68,46.62,4304,5015
2014,4,2.0,11.75,2102,10.24,46.3,4359,4975
2014,4,17.25,106.25,1757,6.05,47.06,4413,4932
2014,4,8.75,354.25,3026,7.83,47.87,4456,4794
2014,4,7.25,352.75,1872,8.31,47.63,4508,4817
2014,4,5.75,355.75,3016,9.82,57.98,4685,4753
2014,4,6.25,25.5,2442,5.2,48.6,4339,4996
2014,4,6.25,27.5,2823,4.79,49.3,4412,4991
2014,4,5.0,28.0,1803,6.49,47.08,4380,5022
2014,4,14.5,101.0,2008,2.53,52.57,4833,4952
2014,4,13.5,101.5,2549,4.17,53.36,4935,5007
2014,4,-5.5,18.5,3024,1.41,46.88,4346,4991
2014,4,1.25,118.0,2279,6.42,50.35,4933,5111
2014,4,1.5,25.5,2365,8.57,49.53,4339,4801
2014,4,1.0,24.5,2590,4.84,48.42,4263,4721
2014,4,1.0,25.75,3369,8.41,49.56,4335,4832
2014,4,-2.0,26.0,2986,7.54,47.37,4323,4840
2014,4,-14.25,296.25,2621,3.3,52.21,4820,4983
2014,4,6.75,101.0,1961,12.72,54.36,5022,5098
2014,4,7.5,354.25,2027,10.52,58.22,4570,4806
2014,4,18.25,104.75,3491,3.81,46.09,4521,5139
2014,4,-23.25,303.25,1898,11.43,47.33,4417,4608
2014,4,6.75,2.25,3388,9.58,60.91,4601,4693
2014,4,30.75,271.0,1126,24.0,72.89,4397,4442
2014,4,3.25,24.5,3890,6.85,48.45,4521,5021
2014,5,13.0,272.5,1462,2.65,66.51,4838,4941
2014,5,8.5,349.75,1415,9.81,56.51,4585,5028
2014,5,8.25,350.75,2285,9.31,50.54,4375,4977
2014,5,6.75,359.0,1389,9.35,55.1,4822,5086
2014,5,-22.75,299.5,3537,6.94,50.83,4923,5074
2014,5,4.0,28.75,3211,11.69,45.4,4290,5017
2014,5,18.5,100.0,1464,14.93,52.26,4384,4792
2014,5,19.5,100.5,2672,17.22,48.86,4110,4761
2014,5,0.25,101.75,3198,3.54,58.0,4910,4990
2014,5,24.5,88.75,2149,21.34,46.99,4890,4909
2014,5,26.5,90.75,1154,17.34,47.81,4747,4826
2014,5,6.0,34.25,2067,11.18,51.36,4416,4936
2014,5,18.0,103.75,2935,2.19,61.64,5212,5370
2014,5,23.0,90.5,3482,13.27,53.32,4909,4932
2014,5,24.0,92.5,3151,15.38,44.99,4609,4903
2014,5,0.5,20.25,4349,9.77,53.22,4532,4893
2014,5,16.25,105.25,3771,1.69,57.09,5148,5310
2014,5,17.25,106.5,3250,0.28,51.64,4937,5226
2014,5,10.25,347.0,3668,3.46,52.33,4668,5066
2014,5,11.0,346.5,3687,3.66,49.37,4619,4985
2014,5,-11.25,299.75,2765,1.97,51.68,4692,5009
2014,5,15.25,74.5,4132,1.82,49.08,4384,4903
2014,5,-5.25,21.0,6952,4.44,41.86,4457,4979
2014,5,6.75,25.25,3153,5.04,47.72,4495,5163
2014,5,11.5,4.5,2322,7.36,46.35,4874,5081
2014,5,10.5,105.0,2934,6.82,60.27,4977,5041
2014,5,12.0,106.5,5050,1.74,54.29,5015,5116
2014,5,3.5,10.0,1757,12.1,56.75,5070,5145
2014,5,9.0,12.5,2754,15.8,46.75,4645,4977
2014,5,10.5,286.0,3257,5.15,43.26,4216,4967
2014,5,6.25,18.5,1940,5.58,48.45,4341,4878
2014,5,-0.5,111.75,2774,2.16,54.64,5024,5159
2014,5,15.5,120.25,2021,2.69,51.23,4595,5022
2014,5,17.5,120.75,1308,0.5,51.31,4461,4993
2014,5,7.0,124.25,1966,8.44,55.39,4642,4908
2014,5,1.75,99.0,1723,2.57,47.94,4445,5130
2014,5,19.5,105.0,3666,4.72,48.68,4725,5190
2014,5,-2.75,104.75,1418,2.13,56.78,5067,5141
2014,5,18.25,79.25,1852,10.98,50.65,4421,4726
2014,5,15.5,120.5,2133,3.77,57.22,4990,5171
2014,5,13.75,98.5,2216,3.23,56.9,4789,5161
2014,5,20.5,99.75,3441,1.53,47.88,4635,5373
2014,5,20.75,100.5,1993,0.88,47.78,4620,5410
2014,5,0.25,21.75,2027,1.81,47.53,4612,5015
2014,5,2.75,22.5,2082,3.5,50.73,4489,4965
2014,5,7.25,0.5,2035,10.66,52.24,4715,5037
2014,5,7.75,1.0,2116,13.38,48.8,4667,5078
2014,5,9.25,80.75,1555,2.35,53.8,5094,5136
2014,5,10.25,347.0,2029,6.09,50.07,4301,4699
2014,5,8.0,285.5,2472,2.78,56.98,4430,4937
2014,5,-3.75,23.25,2569,4.76,46.22,4322,4861
2014,5,10.0,29.5,1865,7.96,47.34,4361,4763
2014,5,13.25,6.5,2176,17.51,44.47,4507,4852
2014,5,12.5,0.25,2463,19.98,44.95,4600,4890
2014,5,12.5,1.0,2705,20.76,45.31,4556,4834
2014,5,13.0,107.75,1508,4.86,52.4,4897,5116
2014,5,13.25,108.75,1281,2.72,50.13,4842,5258
2014,5,20.5,284.5,2344,6.26,46.19,4185,4429
2014,6,22.5,83.0,3004,5.37,50.75,4630,5087
2014,6,22.75,83.25,3018,4.99,48.12,4380,5009
2014,6,23.0,84.0,4333,4.05,47.16,4360,5139
2014,6,6.75,30.25,2370,8.67,47.89,4469,4897
2014,6,9.0,15.75,1855,10.92,59.14,4495,4906
2014,6,2.25,15.25,2792,6.33,50.83,4515,4990
2014,6,15.5,120.5,2484,4.06,57.67,4891,5072
2014,6,15.75,269.75,1564,16.17,51.84,4525,5159
2014,6,4.75,24.0,1812,9.48,47.4,4327,4892
2014,6,1.0,24.25,2165,6.73,46.56,4357,4785
2014,6,16.75,82.0,3672,6.3,60.73,5402,5429
2014,6,34.75,262.0,3702,14.3,49.3,4212,4587
2014,6,34.75,263.75,3311,18.47,43.73,4320,4550
2014,6,2.0,114.5,1270,2.5,55.49,4418,5127
2014,6,30.5,274.5,3744,9.03,44.73,4430,4560
2014,6,30.5,262.5,3530,12.67,61.58,4253,4445
2014,6,7.25,285.0,3108,11.11,45.63,4227,4919
2014,6,42.0,273.75,3029,18.22,46.64,4234,4458
2014,6,11.0,346.25,1512,10.89,55.61,4750,5011
2014,6,40.0,260.5,5722,12.02,31.53,3970,4620
2014,6,38.75,261.0,4108,9.76,34.9,3928,4520
2014,6,8.5,278.0,2035,3.1,49.47,4284,4928
2014,6,26.25,106.25,2284,8.18,50.16,4220,5528
2014,6,34.75,282.25,1557,7.65,48.36,4327,4448
2014,6,19.25,290.5,2099,9.87,55.37,4627,4765
2014,6,11.25,350.0,2534,12.54,45.9,4292,4701
2014,6,22.5,83.5,2194,4.04,63.47,5053,5528
2014,6,26.0,278.0,1533,7.82,47.88,4055,4223
2014,6,2.75,99.25,2788,0.7,46.05,4486,4972
2014,6,7.75,4.5,1121,6.64,53.25,4505,4816
2014,6,17.75,266.75,2187,5.19,48.73,4912,4997
2014,6,25.0,83.5,1289,2.84,54.41,5416,5601
2014,6,13.5,355.25,2495,11.86,42.72,4407,4683
2014,6,25.75,279.75,1715,5.32,56.55,4631,4757
2014,7,6.75,6.75,1214,5.38,55.53,4821,4915
2014,7,5.5,8.5,1127,6.9,52.16,4734,4959
2014,7,34.0,261.5,3331,12.03,43.9,4334,4638
2014,7,31.25,76.25,703,3.28,64.48,4822,5192
2014,7,10.75,107.5,1558,7.09,59.54,4980,5083
2014,7,5.0,282.5,1637,3.62,63.59,4711,4791
2014,7,33.25,74.25,2496,7.52,50.99,4454,5300
2014,7,26.0,251.5,2541,2.87,59.34,4864,5000
2014,7,8.0,24.25,3164,9.51,42.97,4022,4822
2014,7,3.25,25.75,3321,11.06,37.93,4343,4967
2014,7,31.0,278.5,1501,1.2,50.97,4628,4734
2014,7,20.75,271.0,1206,4.52,50.91,4586,4727
2014,7,25.0,91.75,517,2.69,70.28,5401,5518
2014,7,16.0,79.5,1818,6.27,60.1,4999,5157
2014,7,21.0,110.25,2552,1.53,65.46,5246,5268
2014,7,20.5,110.25,2710,1.77,64.23,5213,5275
2014,7,18.75,110.0,1977,0.84,58.5,5059,5331
2014,7,23.25,85.25,2598,4.26,53.73,5162,5790
2014,7,26.75,279.25,3796,6.84,50.97,4375,4548
2014,7,29.75,270.0,1693,2.57,49.54,4312,4478
2014,7,20.25,284.0,2508,2.5,45.47,4312,4537
2014,7,12.0,353.0,3253,13.43,53.76,4324,4674
2014,7,9.25,14.25,5137,12.21,55.34,4660,4997
2014,7,9.5,359.75,1605,14.82,58.77,4798,4996
2014,7,38.75,116.75,2172,12.35,54.44,4101,4137
2014,7,14.5,347.25,760,16.06,55.16,4764,4888
2014,7,14.5,350.25,2042,16.37,48.76,4465,4745
2014,7,46.0,127.25,1593,13.84,51.61,4482,4623
2014,7,5.75,283.25,1028,5.93,59.25,4933,5036
2014,7,46.0,259.5,4158,19.13,39.85,4219,4772
2014,7,15.25,7.25,2842,12.75,55.26,4473,4936
2014,7,47.0,268.75,3216,14.6,53.28,4356,4573
2014,7,13.75,34.75,2435,7.96,50.54,4496,4974
2014,7,28.75,73.25,3270,13.58,62.2,5587,5763
2014,7,15.5,1.0,1979,7.69,45.86,4690,4976
2014,8,17.75,4.5,2825,14.22,50.46,4720,5059
2014,8,20.25,270.0,2479,3.08,50.84,4637,4754
2014,8,41.25,36.75,1840,3.4,46.48,4017,4089
2014,8,17.25,356.5,3587,24.46,39.48,4508,4785
2014,8,6.25,283.0,2057,11.74,55.04,4649,4868
2014,8,11.0,13.25,1619,11.55,49.04,4323,4720
2014,8,-4.25,295.25,1881,7.23,54.4,4531,4627
2014,8,14.75,352.0,2759,9.38,50.82,4586,4860
2014,8,17.0,260.75,2050,8.67,50.7,4312,4845
2014,8,32.75,267.0,2130,8.33,48.3,4603,4725
2014,8,16.5,344.5,2387,15.19,55.13,4515,4628
2014,8,34.5,264.75,2692,3.75,48.22,4482,4758
2014,8,16.75,1.5,3221,15.84,44.82,4550,4899
2014,8,17.5,269.75,1544,3.79,55.25,4712,4876
2014,8,29.5,250.75,3508,5.11,44.51,4266,5155
2014,8,7.5,286.0,1352,6.52,52.7,4493,4750
2014,8,12.5,104.0,1748,3.05,50.17,5015,5057
2014,8,28.25,80.0,2540,2.39,63.99,5538,5690
2014,8,28.0,277.75,1432,4.8,55.43,4631,4765
2014,8,8.75,81.0,1700,7.06,58.68,4867,4933
2014,8,12.0,34.25,2108,17.47,46.25,4338,4805
2014,8,1.25,296.25,1761,12.1,49.78,4427,4723
2014,8,21.75,281.75,3204,6.93,50.4,4443,4580
2014,8,-3.25,301.25,1763,16.24,46.0,4289,4408
2014,8,13.75,21.5,3050,17.29,47.53,3988,4701
2014,8,-1.0,20.5,2821,0.53,47.16,4346,4705
2014,8,-5.5,22.0,2118,3.27,45.65,4266,4805
2014,8,-3.25,23.5,3557,4.23,46.76,4215,4724
2014,8,18.75,8.5,3007,5.68,49.75,4060,4927
2014,8,9.5,295.0,2080,5.01,50.9,4612,4714
2014,8,43.75,265.75,2948,10.41,44.01,4154,4485
2014,8,10.75,106.75,2026,4.66,54.15,4898,4971
2014,8,26.75,68.5,2744,6.3,51.41,5000,5043
2014,8,20.25,284.75,2552,9.1,42.27,4282,4553
2014,8,21.25,261.75,2035,4.73,49.64,4660,4792
2014,8,31.0,266.25,2894,6.02,48.95,4679,4793
2014,8,35.25,268.25,2348,9.03,43.52,4689,4798
2014,8,2.25,18.5,2748,4.23,48.85,4224,4572
2014,8,41.25,39.5,1044,21.42,54.77,4493,4588
2014,8,9.25,358.75,2732,13.05,54.72,4389,4509
2014,8,10.75,358.0,3157,14.29,49.53,4154,4458
2014,8,11.25,359.25,3414,11.75,51.28,4210,4466
2014,8,12.75,0.75,4206,8.95,49.29,4253,4530
2014,8,8.75,287.25,1293,2.53,53.07,4677,4765
2014,8,19.25,269.25,3478,5.95,50.81,4767,4858
2014,8,19.75,270.5,1560,3.33,45.2,4592,4710
2014,8,20.75,269.5,3532,6.28,49.19,4747,4849
2014,8,21.25,270.75,2936,3.07,50.26,4659,4768
2014,8,31.75,274.5,3030,10.8,44.93,4584,4713
2014,8,7.75,123.0,1568,9.9,56.2,4574,4764
2014,8,9.75,120.75,1378,5.49,62.4,4871,4964
2014,8,22.0,279.25,2772,3.27,48.09,4445,4588
2014,8,24.0,116.5,1784,5.42,52.89,4715,5083
2014,8,30.75,268.0,3161,1.67,56.43,4636,4799
2014,8,30.25,269.25,2159,2.59,53.02,4598,4765
2014,8,31.75,269.5,1942,3.03,51.31,4597,4758
2014,8,12.5,2.25,2072,12.66,50.57,4256,4506
2014,8,26.75,84.75,3359,6.04,58.28,5315,5404
2014,8,21.0,271.75,2379,4.75,47.88,4599,4719
2014,8,40.0,260.5,3106,14.29,44.16,4101,4752
2014,8,5.0,100.75,857,9.26,55.67,4842,4979
2014,8,11.5,103.25,2643,9.47,54.44,4902,5061
2014,8,12.5,105.5,3651,8.03,55.93,4793,4871
2014,8,16.25,107.25,3265,3.29,46.63,4261,4953
2014,8,25.0,86.0,3234,4.15,62.57,5308,5410
2014,8,25.5,86.25,2901,6.19,65.11,5340,5389
2014,8,14.5,43.25,2072,8.81,50.8,4790,4909
2014,8,8.0,17.5,1750,10.0,50.98,4125,4526
2014,8,7.5,283.0,1013,1.3,61.7,4815,4905
2014,8,19.5,100.75,1964,2.84,50.54,4518,5173
2014,8,21.75,78.25,2261,5.5,50.98,4429,5104
2014,8,0.75,27.25,3452,3.35,42.74,4173,4807
2014,8,-11.0,293.0,1560,5.54,46.84,4442,4618
2014,8,-11.5,294.25,1708,5.02,47.72,4484,4646
2014,8,-4.25,297.0,3058,3.32,51.71,4581,4685
2014,8,40.5,273.0,3309,6.89,46.91,4401,4622
2014,8,22.25,81.0,2004,6.92,51.07,4603,5217
2014,8,20.25,254.75,2676,6.78,46.31,4574,5220
2014,8,14.0,17.5,3747,11.95,50.77,4366,4663
2014,8,14.75,17.0,3136,12.17,45.29,4368,4654
2014,8,13.5,10.75,5176,11.82,46.88,4403,4752
2014,8,11.5,11.5,4650,9.23,48.94,4295,4678
2014,8,-1.0,25.25,4126,3.91,46.47,4278,4748
2014,9,27.0,73.25,1947,4.8,55.13,4940,5241
2014,9,32.5,74.5,2256,6.99,52.86,4582,4824
2014,9,12.0,355.5,1912,11.43,51.76,4194,4581
2014,9,10.5,351.0,2834,9.9,48.28,4378,4790
2014,9,9.25,279.5,2589,8.83,53.86,4865,4968
2014,9,27.75,249.75,4518,7.73,52.73,4997,5112
2014,9,23.75,284.0,1926,8.34,51.7,4336,4480
2014,9,39.0,284.0,2058,8.63,53.78,4277,4393
2014,9,18.0,283.5,1449,4.64,51.87,4353,4606
2014,9,9.5,285.0,2701,7.51,57.78,4810,4930
2014,9,9.0,287.25,3139,6.18,59.21,4809,4885
2014,9,24.0,94.5,2061,2.14,62.3,4931,5101
2014,9,12.75,357.0,2761,9.36,49.4,4538,4820
2014,9,13.0,343.25,1184,9.43,54.16,4803,4911
2014,9,15.5,272.75,1688,2.51,52.48,4232,4766
2014,9,1.25,20.25,3102,11.19,46.91,4631,4992
2014,9,9.0,352.75,3365,10.57,48.59,4354,4735
2014,9,32.0,272.25,1888,4.27,49.03,4738,4867
2014,9,30.0,249.25,3462,4.15,40.29,3946,4766
2014,9,24.0,88.25,3027,3.88,61.95,5149,5170
2014,9,-4.5,297.5,2279,7.51,53.0,4893,4978
2014,9,27.25,114.25,2562,11.45,53.98,4890,5226
2014,9,-12.5,303.5,5167,12.86,41.22,4530,4867
2014,9,0.5,110.0,3853,11.5,52.04,4678,4753
2014,9,20.0,79.0,2889,4.19,52.62,5122,5339
2014,9,12.25,21.75,2534,6.56,44.24,4272,4849
2014,9,-23.25,301.75,3733,26.78,48.23,4400,4493
2014,9,-22.5,301.5,2019,18.72,45.77,4490,4587
2014,9,-23.75,303.5,1705,24.49,49.28,4311,4490
2014,9,11.25,30.0,2038,7.87,52.34,4470,5052
2014,9,7.5,7.75,1528,7.44,48.81,4544,4823
2014,9,-5.0,304.0,4496,8.69,45.35,4710,4874
2014,9,13.0,273.25,1313,2.98,54.5,4590,4888
2014,9,18.5,105.5,2077,5.32,55.43,4987,5156
2014,9,15.75,108.0,1778,2.77,50.42,4831,5103
2014,9,32.25,74.75,3400,6.54,39.9,4644,4904
2014,9,9.25,15.5,3220,4.56,46.54,4476,4884
2014,9,2.75,19.75,3613,6.19,49.56,4528,4925
2014,9,23.0,277.0,2788,8.82,54.99,4535,4639
2014,9,-9.5,290.0,3081,3.06,46.77,4744,4979
2014,9,10.75,290.0,1533,5.58,50.08,4243,4789
2014,9,3.5,293.25,4355,9.05,52.47,4704,4809
2014,9,20.5,271.5,2072,6.52,55.6,4452,4558
2014,9,-4.25,23.25,2894,4.96,44.3,4572,5077
2014,9,14.25,352.25,3952,10.9,45.98,4372,4726
2014,9,14.75,353.0,3218,12.3,44.48,4341,4623
2014,9,22.75,279.25,1509,6.29,52.27,4623,4730
2014,9,-27.0,300.5,2567,24.1,43.74,4541,4613
2014,9,-27.75,301.25,2448,27.09,44.12,4210,4269
2014,9,-0.5,102.25,1984,5.68,55.86,4897,4972
2014,9,-2.75,101.5,1748,6.86,55.14,4675,4966
2014,9,8.0,27.5,2887,1.48,45.77,4295,4772
2014,9,9.75,294.75,1955,3.51,49.86,4836,4928
2014,9,-2.5,299.25,2371,7.34,56.73,4754,4838
2014,9,14.0,348.0,3014,11.79,45.88,4552,4648
2014,9,8.0,359.5,2110,9.31,49.65,4567,4671
2014,9,20.25,284.0,1614,10.59,47.86,4744,4970
2014,9,12.75,99.25,1520,1.17,48.67,4554,5116
2014,9,8.0,99.75,1607,3.86,51.75,5007,5093
2014,9,3.5,101.5,1714,5.58,53.17,4819,4958
2014,9,9.5,77.0,2538,3.87,51.22,4341,4962
2014,9,-8.25,289.25,1608,6.99,45.71,4594,4809
2014,9,17.25,42.75,2775,9.74,41.63,4642,4784
2014,9,16.5,43.25,2900,9.21,40.38,4420,4816
2014,9,20.5,285.0,2034,1.3,46.11,4356,4672
2014,9,9.75,289.25,2232,12.76,42.23,4668,4913
2014,9,-7.0,296.0,2180,6.86,47.47,4766,4862
2014,9,-14.5,300.25,1901,1.92,46.67,4507,4806
2014,9,-24.25,305.5,4542,16.24,52.05,4521,4826
2014,9,-24.75,305.5,3565,19.48,51.87,4473,4747
2014,9,13.0,102.0,1275,3.11,57.33,4632,4819
2014,9,8.75,80.25,1487,8.63,51.82,4910,4992
2014,9,10.25,32.75,2594,10.31,49.98,4244,4636
2014,9,6.0,33.25,2589,9.22,47.66,4159,4592
2014,10,-22.75,297.75,1624,12.48,52.94,4706,4931
2014,10,-21.75,297.0,2877,5.8,49.67,4581,4922
2014,10,7.75,18.75,1667,9.61,50.03,4233,4651
2014,10,-2.0,297.75,1417,9.0,50.59,4603,4699
2014,10,-4.75,298.75,1887,10.08,55.84,4625,4724
2014,10,-5.75,300.0,2706,7.68,55.0,4398,4496
2014,10,-8.25,300.5,1742,9.4,50.81,4481,4627
2014,10,-12.25,300.5,2132,7.14,45.1,4226,4609
2014,10,1.25,16.0,2073,6.12,48.84,4349,4753
2014,10,-12.0,289.5,1912,3.64,52.33,4490,4847
2014,10,0.5,24.25,3089,5.87,48.5,4456,4869
2014,10,8.5,32.75,3623,4.29,50.46,4316,4720
2014,10,-6.5,299.75,2422,4.69,50.18,4717,4814
2014,10,10.75,24.0,2753,3.44,50.36,4341,4865
2014,10,2.25,100.0,1094,2.97,61.68,4601,4718
2014,10,-6.0,21.5,4101,15.33,37.72,4171,4802
2014,10,-10.25,296.5,2457,15.03,49.01,4442,4635
2014,10,9.75,348.0,1063,5.24,55.36,4525,4780
2014,10,8.75,287.25,4920,2.67,59.24,4730,4827
2014,10,-16.5,303.75,3252,7.48,42.98,4672,4797
2014,10,-12.25,304.5,3323,1.36,52.05,4338,4707
2014,10,-2.5,103.5,1862,7.43,54.79,4890,4982
2014,10,-4.25,17.25,2022,4.52,45.91,4584,5016
2014,10,9.5,359.5,3623,6.37,44.04,4755,4910
2014,10,-16.0,301.75,2356,4.1,58.16,4638,4830
2014,10,-33.75,303.5,3213,21.8,43.28,4825,4943
2014,10,-33.5,304.0,3532,19.44,44.16,4849,4969
2014,10,-0.25,13.0,3522,4.57,49.45,4516,4953
2014,10,11.0,353.75,4138,6.93,47.17,4363,4698
2014,10,-22.25,303.75,2118,7.89,48.17,4569,4888
2014,10,-7.0,309.0,1713,8.03,49.34,4483,4859
2014,10,-23.75,303.0,2139,9.39,51.4,4724,4853
2014,10,-12.25,293.5,2732,6.07,54.88,4926,5089
2014,10,-10.5,293.0,2547,5.5,55.19,4824,4999
2014,11,-0.25,110.0,2132,9.78,54.9,5119,5174
2014,11,7.75,285.0,982,8.79,56.54,4804,4906
2014,11,-21.75,307.5,2118,3.58,52.49,4509,4827
2014,11,-2.5,297.25,1336,2.85,50.5,4613,4690
2014,11,-6.0,298.0,2407,3.94,56.25,4981,5038
2014,11,-5.25,17.5,2819,5.87,44.4,4453,5037
2014,11,-2.25,19.25,2695,6.42,49.82,4757,5073
2014,11,4.0,22.25,2328,1.69,45.42,4552,4980
2014,11,-19.0,301.75,1262,6.69,56.47,4986,5087
2014,11,-19.5,303.0,2399,6.97,55.35,5043,5127
2014,11,-3.5,26.75,2999,4.06,45.4,4308,5027
2014,11,-15.5,125.75,2026,6.57,49.41,4229,4597
2014,11,-23.5,302.0,3245,19.95,47.16,4897,4982
2014,11,-14.5,307.75,1879,4.34,47.15,4821,5129
2014,11,-7.75,310.5,2316,1.3,49.08,5027,5222
2014,11,5.25,9.25,2262,2.16,48.73,4531,4968
2014,11,-8.5,14.25,2205,9.98,47.56,4411,4846
2014,11,-7.5,14.25,2731,9.33,44.35,4300,4810
2014,11,4.25,18.75,2857,4.03,47.65,4507,4918
2014,11,-15.0,301.0,2860,10.05,46.2,4806,5300
2014,11,-13.75,301.0,2472,12.14,46.06,4656,5222
2014,11,11.0,287.25,1467,3.82,50.62,4559,4985
2014,11,11.5,287.0,1960,7.13,60.21,4877,4948
2014,11,-1.75,21.5,4084,9.22,44.37,4372,4798
2014,11,-13.5,293.0,1673,8.82,57.4,4859,5028
2014,11,-6.5,24.25,4121,9.75,43.91,4248,4955
2014,11,-4.75,23.5,2218,9.54,46.84,4234,4775
2014,11,-4.5,24.75,2318,10.19,43.59,4553,5122
2014,11,-3.25,23.75,3052,8.94,44.83,4547,5078
2014,11,-3.25,24.75,2209,9.22,46.14,4594,5117
2014,11,-1.5,24.25,2186,8.09,46.33,4502,4988
2014,11,-2.0,25.75,2541,9.23,45.43,4576,5073
2014,11,0.0,24.75,3598,7.09,43.78,4447,4929
2014,11,0.0,26.5,2822,8.52,43.64,4411,5010
2014,11,-11.25,38.75,1445,2.21,49.21,4327,4530
2014,11,3.25,22.25,2130,5.91,45.12,4216,4726
2014,11,5.5,22.0,2976,6.08,44.87,4158,4737
2014,11,-19.0,301.75,1179,8.13,56.5,4703,4804
2014,11,-15.25,296.5,1275,2.43,60.87,4780,4974
2014,11,-1.75,105.0,1945,5.27,56.43,4699,4784
2014,11,-18.25,124.25,2145,8.55,49.08,4242,4318
2014,11,-16.75,124.0,2213,6.17,46.15,4419,4496
2014,11,-15.0,125.75,2882,5.24,50.4,4133,4396
2014,11,6.0,11.25,2688,2.25,44.59,4189,4884
2014,11,-4.75,304.25,2435,2.8,53.89,4591,4789
2014,11,-1.5,22.75,4383,3.54,48.23,4328,4734
2014,11,-4.75,23.0,2972,1.44,49.64,4363,4910
2014,11,-3.0,25.25,2848,2.37,47.98,4426,4924
2014,11,-0.5,300.25,4113,3.06,54.14,4644,4824
2014,11,-16.75,295.0,1146,4.23,60.55,4898,5152
2014,11,-6.75,298.25,488,1.36,65.92,4395,4514
2014,11,-2.25,119.0,960,2.41,62.51,4926,5011
2014,11,-2.5,11.25,2311,10.37,52.28,4637,4883
2014,11,-6.25,20.75,4888,4.37,48.17,4347,4912
2014,12,-15.25,130.5,3952,12.32,58.57,5102,5200
2014,12,-18.25,139.75,2860,14.47,51.49,4772,4821
2014,12,-0.25,15.75,3671,11.99,48.33,4706,5056
2014,12,0.25,17.25,4387,3.88,46.09,4680,5002
2014,12,-29.5,306.75,1483,10.61,53.06,4229,4528
2014,12,-13.75,142.75,5764,2.3,49.77,4927,5067
2014,12,0.5,20.25,2462,3.94,48.31,4658,5019
2014,12,-18.0,36.5,6076,5.66,56.06,4726,4806
2014,12,-24.5,305.5,3381,2.74,50.64,4594,4887
2014,12,-12.75,136.5,4286,8.92,61.33,5159,5201
2014,12,-16.5,294.25,1491,7.84,55.75,4803,5193
2014,12,-16.75,46.0,2414,6.13,49.66,4690,4881
2014,12,-2.25,16.75,2654,4.09,47.23,4735,5098
2014,12,-16.75,124.75,4694,7.51,54.0,5003,5217
2014,12,-16.75,125.75,3730,6.1,47.14,4820,5261
2014,12,-17.5,124.25,3361,6.27,54.53,5155,5216
2014,12,-6.0,284.0,1243,3.82,55.26,4569,4734
2014,12,2.25,23.25,3923,1.62,44.36,4540,4975
2014,12,1.5,23.5,2507,1.37,47.7,4585,4977
2014,12,-4.25,26.75,3599,0.92,45.04,4454,5049
2014,12,-12.75,131.25,3320,11.4,54.84,5264,5301
2014,12,-13.5,131.0,2676,8.3,44.49,5224,5327
2014,12,-26.25,301.5,2214,13.5,58.64,4773,4847
2014,12,-14.5,126.5,4341,4.91,62.76,5072,5218
2014,12,-23.0,303.25,2180,13.95,60.4,4884,5051
2014,12,-4.0,14.75,2040,6.02,44.98,4278,4721
2014,12,-18.25,138.75,2662,6.19,57.16,4789,4851
2014,12,-18.75,139.25,2306,6.78,53.53,4985,5078
2014,12,-14.75,37.25,2182,4.19,47.91,4460,5042
2014,12,-15.5,39.25,2613,5.0,55.42,4754,5002
2014,12,-3.75,310.25,1390,10.39,58.98,4721,4825
2014,12,-18.0,33.75,2834,2.48,49.92,4638,5207
2014,12,2.25,104.0,494,6.88,64.98,4562,4647
2014,12,-13.25,39.5,2811,7.03,50.89,4573,4969
2014,12,-1.5,20.25,2037,3.6,50.08,4337,4703
2014,12,-29.25,301.5,1729,18.42,59.06,4772,4853
2014,12,-10.25,299.0,1154,8.25,50.31,4716,4888
2014,12,-19.0,303.75,2800,0.56,54.06,5030,5150
2014,12,-24.0,313.5,3018,6.73,50.0,4240,4473
2014,12,-38.5,299.25,2559,9.77,44.84,3609,3720
2014,12,-3.0,120.75,738,3.46,62.35,4835,4915
2015,1,-25.25,300.5,1798,17.76,56.18,4843,4945
2015,1,0.5,25.25,2734,13.36,47.25,4229,4671
2015,1,-14.0,310.25,2335,8.12,44.43,4269,4584
2015,1,-19.0,122.25,979,21.19,65.6,4769,4892
2015,1,-28.0,303.5,2191,2.28,53.96,4766,4873
2015,1,-22.5,295.75,2720,7.81,49.11,4268,5017
2015,1,-28.5,300.5,7640,9.47,54.84,4833,4885
2015,1,-28.25,301.0,7521,9.29,52.65,4820,4865
2015,1,-28.0,301.5,6360,10.62,48.65,4810,4873
2015,1,-21.0,306.0,3019,6.02,46.42,4431,4881
2015,1,-32.75,307.5,1189,26.25,54.25,4418,4491
2015,1,-31.25,308.5,1943,23.05,49.95,4659,4736
2015,1,-24.5,310.75,4025,3.56,43.23,4091,4874
2015,1,-25.75,148.25,2049,11.9,56.86,4607,5128
2015,1,-19.75,309.5,2568,6.81,41.33,4380,4797
2015,1,-25.75,299.0,2051,7.36,46.51,4848,4978
2015,1,-12.0,142.5,2892,6.5,55.56,5046,5117
2015,1,-21.5,303.25,3314,4.41,47.82,4607,4995
2015,1,-19.25,305.0,2809,9.48,41.57,4506,4870
2015,1,-18.25,305.0,3533,11.39,45.12,4609,4833
2015,1,-17.75,305.0,3285,10.6,43.15,4596,4869
2015,1,-17.5,305.25,2945,9.76,40.55,4436,4889
2015,1,-18.75,142.0,4321,6.87,56.56,4810,4906
2015,1,-16.25,137.0,3397,9.0,58.62,5175,5205
2015,1,-2.0,26.25,3514,10.63,43.43,4298,4840
2015,1,-27.0,304.5,3293,6.44,41.99,4668,4850
2015,1,-0.75,17.0,2375,8.79,52.32,4427,4736
2015,1,-24.5,151.75,4166,8.98,52.16,4886,4976
2015,1,-17.25,129.5,2045,10.47,45.71,4645,4945
2015,1,-17.75,131.5,2543,12.32,47.35,4746,4952
2015,1,-13.5,131.5,3025,2.97,56.6,4762,4869
2015,1,-7.5,111.0,1066,4.21,56.4,4585,4794
2015,1,-1.0,19.5,2874,8.83,47.63,4227,4568
2015,1,3.0,101.25,1419,15.7,53.16,4867,4947
2015,1,5.5,6.75,1986,11.23,53.22,4733,4810
2015,1,-22.75,317.25,2890,0.91,53.02,4582,4694
2015,1,-21.75,318.0,2094,0.42,47.94,4341,4643
2015,1,-0.5,19.0,3609,7.37,54.48,4401,4740
2015,1,-30.0,298.75,2522,5.62,49.41,4426,4494
2015,1,0.25,22.75,3906,11.53,45.97,4244,4711
2015,1,0.75,23.75,3507,8.6,42.44,4194,4629
2015,1,1.5,23.0,2793,11.38,43.18,4049,4496
2015,1,-28.75,300.5,2200,4.74,52.56,4629,4684
2015,1,-25.5,302.5,2267,2.13,48.85,4653,4750
2015,1,-7.25,108.75,2117,0.8,51.55,4668,4967
2015,1,-11.25,301.75,2990,6.31,47.68,4323,4608
2015,1,-19.75,306.75,3136,1.91,44.56,4203,4668
2015,1,-11.75,310.25,2629,8.32,43.35,4381,4579
2015,1,-10.5,310.5,3452,6.44,43.22,4417,4627
2015,2,-0.75,26.5,6487,10.68,44.25,4367,4920
2015,2,-15.5,32.25,4056,8.18,50.01,4474,4910
2015,2,2.0,19.75,4751,13.09,46.55,4542,4883
2015,2,-13.5,136.75,1578,7.91,63.04,5075,5172
2015,2,-3.75,12.0,3297,8.59,54.85,4647,4867
2015,2,1.0,23.5,2531,5.64,49.4,4252,4696
2015,2,2.25,294.75,2392,9.27,51.56,4716,4931
2015,2,-5.25,16.75,2900,1.2,42.48,4453,5084
2015,2,2.75,19.25,2600,7.97,43.98,4385,4781
2015,2,1.0,22.5,3364,13.67,45.24,4527,4986
2015,2,-27.0,300.5,2688,14.37,48.65,4338,4410
2015,2,-0.25,283.5,3493,5.66,55.35,4771,5012
2015,2,8.0,359.0,3537,4.51,54.71,4730,4851
2015,2,5.5,8.75,1377,8.86,56.15,4697,4946
2015,2,-11.75,305.0,3873,9.03,46.1,4440,4791
2015,2,-15.25,142.75,3489,15.03,60.6,5060,5145
2015,2,-19.75,145.0,3807,9.18,54.45,4706,5323
2015,2,-20.5,146.75,2103,13.15,55.73,5210,5469
2015,2,-18.75,138.5,2906,11.95,61.25,4987,5166
2015,2,-21.0,140.0,961,14.13,51.09,4752,5126
2015,2,2.25,12.5,3339,0.96,42.42,4180,4797
2015,2,-18.5,123.75,2923,8.97,51.98,5033,5144
2015,2,-14.25,131.75,2666,10.46,50.68,4862,4985
2015,2,1.0,101.25,2883,1.87,52.46,4917,4976
2015,2,-1.75,102.75,2368,2.44,54.03,4772,4836
2015,2,5.5,6.0,1216,4.23,56.08,4737,4824
2015,2,-21.75,120.25,1275,2.45,53.45,4804,5189
2015,2,-25.25,121.25,1756,8.89,52.98,4559,5122
2015,2,-16.5,46.0,777,4.55,63.04,4888,5027
2015,2,0.25,283.5,2945,4.79,50.53,4611,4911
2015,3,-15.75,125.5,2637,12.93,49.61,4703,5075
2015,3,-29.25,304.5,1642,5.97,56.72,4397,4545
2015,3,12.75,99.0,3329,4.79,52.17,4517,4814
2015,3,1.0,19.5,3840,2.26,47.33,4641,4991
2015,3,0.0,19.25,4528,2.15,44.59,4841,5182
2015,3,7.5,1.75,1893,5.63,47.32,4537,4709
2015,3,-2.0,16.5,1550,2.83,55.87,4442,4741
2015,3,-20.25,147.25,1180,8.31,48.63,4597,4777
2015,3,-1.75,21.25,3027,8.56,47.46,4381,4799
2015,3,-2.25,21.5,2883,7.24,46.46,4428,4885
2015,3,7.25,285.75,2460,7.18,43.95,4304,4890
2015,3,2.5,97.25,2190,2.51,56.78,4660,4750
2015,3,1.75,99.75,2033,2.36,52.1,4477,4753
2015,3,0.0,101.0,1626,1.15,54.23,4538,4761
2015,3,17.0,103.0,2149,1.14,44.7,4694,4906
2015,3,3.25,14.75,3437,3.21,45.81,4364,4946
2015,3,3.5,13.5,4071,4.16,42.98,4280,4997
2015,3,-4.0,17.0,2324,0.49,46.04,4453,4872
2015,3,-16.25,125.25,4519,3.37,48.43,4615,4925
2015,3,1.0,22.5,2866,4.89,39.85,4437,4896
2015,3,-3.25,24.25,2475,1.48,43.45,4522,5083
2015,3,-3.25,26.75,4758,6.97,45.05,4230,4870
2015,3,-2.0,26.5,3519,6.95,45.87,4320,4892
2015,3,4.5,100.75,1579,10.79,50.71,4798,4886
2015,3,5.0,352.75,2094,3.22,53.21,4780,4919
2015,3,-14.5,127.0,1621,5.09,47.18,4718,4890
2015,3,7.5,0.5,2814,2.81,50.56,4622,4943
2015,3,-12.25,143.25,616,15.84,72.75,4829,4845
2015,3,-17.75,299.75,2345,10.07,41.86,4549,4916
2015,3,4.25,10.5,2393,2.65,45.86,4578,5068
2015,3,-5.25,23.5,3189,5.93,44.73,4330,4894
2015,3,-4.75,16.0,2368,7.35,50.9,4093,4775
2015,3,-3.25,26.25,6267,4.35,46.92,4284,4832
2015,3,-36.5,293.75,5217,18.03,32.45,3872,4188
2015,3,-35.0,294.25,3344,12.03,38.55,4139,4513
2015,3,-28.75,303.75,2456,7.13,42.45,4466,4565
2015,3,4.25,8.5,1582,14.8,62.92,4599,4696
2015,3,2.25,15.75,2255,14.28,44.69,4297,4767
2015,3,-0.75,23.0,2159,10.49,53.37,4645,5039
2015,3,1.5,24.5,4769,13.26,47.03,4512,4990
2015,3,2.0,23.5,4560,12.3,46.65,4562,5004
2015,3,-6.0,15.75,2923,4.15,41.92,4266,5003
2015,3,7.5,357.5,1762,3.44,56.97,4644,4929
2015,3,-4.5,142.75,1759,3.5,60.84,4684,4873
2015,3,9.75,7.0,1628,2.18,55.48,4431,4870
2015,3,4.25,13.5,2214,12.51,48.47,4335,5028
2015,4,0.0,25.0,1602,4.12,48.82,4417,4894
2015,4,3.75,15.75,4656,9.18,44.26,4473,5007
2015,4,22.25,87.25,2614,16.91,44.03,4573,4644
2015,4,5.5,9.0,2826,12.89,55.91,4535,4801
2015,4,6.5,10.0,2409,9.75,48.67,4138,4939
2015,4,7.0,11.5,3402,11.76,43.74,3833,5004
2015,4,5.25,19.75,1617,10.01,51.83,4536,4950
2015,4,-1.0,311.25,452,4.58,59.56,4584,4698
2015,4,-2.75,112.25,513,2.81,62.66,4533,4628
2015,4,5.25,100.75,2545,5.0,51.91,4782,5003
2015,4,6.0,100.0,2370,5.27,53.89,4883,4961
2015,4,2.75,295.0,2952,4.82,52.53,4821,4967
2015,4,-4.0,105.25,1488,5.01,60.33,4961,5030
2015,4,18.75,263.25,2661,5.93,45.85,4451,4921
2015,4,6.75,2.75,2579,11.5,41.55,5042,5103
2015,4,-21.5,303.75,1998,9.84,47.12,4684,4965
2015,4,0.75,289.25,2250,1.68,50.18,4777,5025
2015,4,4.5,291.5,3894,2.26,55.52,4842,4959
2015,4,7.0,81.25,1746,3.81,49.18,4575,4954
2015,4,24.0,261.0,2166,21.82,49.02,4467,4596
2015,4,-23.75,296.5,1448,18.17,48.21,4542,4806
2015,4,10.0,285.5,2462,1.14,50.06,4823,4924
2015,4,10.0,286.5,1124,4.72,50.8,4729,4871
2015,4,8.0,123.0,2904,9.52,50.62,4537,4937
2015,4,11.0,122.25,2058,5.63,48.17,4628,5004
2015,4,-9.5,310.0,2842,9.21,47.96,4743,4921
2015,4,-2.75,313.0,2828,6.87,52.92,4866,4990
2015,4,11.75,107.75,2798,11.21,41.93,4188,4939
2015,4,3.0,10.5,1995,7.6,51.43,4461,4869
2015,4,18.0,73.5,4170,6.52,44.85,4540,4920
2015,4,6.75,358.75,2593,9.9,45.44,4732,4987
2015,4,-15.0,303.5,2221,4.99,47.55,4769,5036
2015,4,14.75,268.0,2576,11.1,56.8,4634,5053
2015,4,6.0,100.75,2216,6.88,48.3,4842,5013
2015,4,17.5,104.5,1931,10.33,44.45,4710,4894
2015,4,19.25,83.5,2827,4.52,45.42,4480,4895
2015,4,-16.25,45.5,2516,5.09,45.47,5008,5113
2015,4,2.5,29.0,3549,12.14,39.89,3895,4781
2015,4,-13.25,311.25,2745,3.6,46.88,4692,5108
2015,4,5.75,15.75,3115,5.27,40.48,4004,4816
2015,4,13.5,75.25,2356,3.55,50.07,4277,4864
2015,4,14.25,75.25,3172,5.09,45.91,4255,4895
2015,4,14.75,75.25,2775,6.69,45.72,4333,4915
2015,4,5.25,48.5,2410,4.06,46.38,4651,4733
2015,4,-1.5,21.0,3439,3.75,45.69,4532,4929
2015,4,7.25,0.5,3276,4.91,45.68,4440,4763
2015,4,7.75,0.75,2526,5.17,43.19,4178,4675
2015,4,8.25,0.75,2634,5.09,43.35,4221,4675
2015,4,-16.5,305.75,3319,7.54,51.66,4527,4838
2015,4,22.75,87.75,3075,14.03,50.06,4400,4462
2015,4,21.75,86.75,2159,11.76,48.75,4256,4365
2015,4,-3.5,318.25,1242,8.05,57.74,4752,4856
2015,4,-2.75,15.75,2198,7.38,45.56,4214,4740
2015,4,2.0,17.75,1716,8.32,49.93,4113,4453
2015,4,-14.25,294.25,2526,3.51,54.01,4737,4891
2015,4,-2.0,17.75,2700,2.72,48.61,4471,4786
2015,4,12.25,103.25,1611,1.98,46.69,4522,4968
2015,4,13.0,102.5,1840,3.42,51.22,4794,4990
2015,4,14.0,104.5,1990,1.04,51.08,4872,4953
2015,4,17.0,104.5,2611,6.63,55.49,4685,4877
2015,4,18.0,105.75,3073,10.75,54.65,4566,4960
2015,5,6.5,25.0,2693,7.12,45.01,4275,4923
2015,5,-1.25,21.25,4837,8.23,53.47,4482,4868
2015,5,15.0,103.75,1732,6.74,54.93,4942,5086
2015,5,-3.5,18.75,2142,6.28,50.05,4476,4837
2015,5,26.5,91.5,2977,5.06,48.38,4349,4427
2015,5,-12.5,305.75,4491,4.94,49.1,4564,4901
2015,5,32.5,263.5,1763,16.84,54.98,4097,4233
2015,5,9.75,347.5,2056,8.36,57.75,4919,5030
2015,5,24.0,107.0,3110,14.53,49.56,4823,5292
2015,5,25.5,90.0,2343,15.02,57.51,5227,5341
2015,5,21.25,101.25,3143,8.07,47.73,4229,5201
2015,5,18.0,102.5,2268,4.79,63.59,5015,5215
2015,5,-5.0,18.75,3103,5.2,50.86,4730,5196
2015,5,7.75,359.75,2632,5.07,56.04,4964,5063
2015,5,6.75,359.5,3355,5.01,54.95,4773,4989
2015,5,26.5,91.5,1032,5.42,49.86,4784,4860
2015,5,14.75,74.75,2554,14.25,45.08,4585,5054
2015,5,31.0,263.0,3639,16.68,38.88,4221,4364
2015,5,13.0,108.75,1291,4.18,51.15,4850,5225
2015,5,-2.75,20.25,2389,2.72,49.89,4835,5219
2015,5,2.25,24.5,1714,2.31,55.86,4290,4792
2015,5,22.25,112.0,2692,13.4,67.78,5016,5227
2015,5,-3.25,15.25,3224,3.52,44.43,4560,5108
2015,5,14.5,108.75,2226,1.62,49.57,4487,5052
2015,5,-2.25,21.25,3813,1.69,47.41,4742,5179
2015,5,8.25,354.0,4184,7.46,49.71,4672,5001
2015,5,8.0,6.5,2170,11.11,53.5,4474,4712
2015,5,11.75,2.0,2717,9.41,53.71,4630,4869
2015,5,23.0,91.75,1541,15.63,46.52,4715,4774
2015,5,8.25,348.5,1666,7.72,52.29,4775,5054
2015,5,8.25,278.25,1957,10.14,52.94,4750,5034
2015,5,2.5,21.5,3071,12.98,51.72,4197,4650
2015,5,-0.5,24.25,2503,8.39,49.94,4596,5031
2015,5,-2.5,25.5,3415,7.07,45.21,4637,5135
2015,5,9.0,357.75,2543,6.71,50.34,4727,4989
2015,5,5.25,7.0,1563,8.49,57.65,4936,5023
2015,5,10.0,12.75,1921,8.92,48.67,4344,4839
2015,5,9.0,350.0,2412,14.78,42.87,4480,5039
2015,5,7.5,351.25,2564,13.31,46.33,4555,5000
2015,5,5.5,353.5,1620,11.37,55.23,4784,4894
2015,5,14.75,43.5,2450,4.84,52.11,4259,5006
2015,5,3.25,26.0,2458,6.37,43.23,4497,5140
2015,5,8.5,359.5,2144,9.7,55.46,4799,4918
2015,5,28.5,115.5,2923,13.33,63.81,5396,5432
2015,5,28.5,116.5,3633,13.44,61.89,5422,5458
2015,5,16.75,75.25,1665,16.81,50.41,4448,5043
2015,5,12.75,78.25,2989,12.07,48.2,4239,4926
2015,5,23.25,105.75,2638,7.03,44.36,4523,5435
2015,5,6.75,18.75,2738,10.88,50.27,4461,4969
2015,5,3.0,19.75,2311,10.75,48.05,4694,5095
2015,5,-3.5,21.75,3336,10.07,40.99,4570,5004
2015,5,23.5,113.0,3280,3.83,63.08,5074,5139
2015,6,11.0,104.25,2371,5.1,54.43,4907,5106
2015,6,39.5,285.0,2022,7.92,45.73,3795,3941
2015,6,22.75,108.0,3415,5.06,61.31,5323,5456
2015,6,19.5,109.75,1973,2.72,49.35,5126,5287
2015,6,-3.5,24.25,2276,3.78,45.92,4377,4912
2015,6,24.5,68.5,2458,14.16,42.73,4501,4531
2015,6,23.5,69.25,2124,13.62,42.05,4525,4593
2015,6,9.5,29.0,1655,4.94,49.12,4503,4900
2015,6,10.0,12.75,2224,9.4,46.46,4218,4714
2015,6,2.75,16.0,1625,1.6,52.27,4418,4857
2015,6,-1.0,18.25,2160,4.52,47.13,4464,4788
2015,6,0.25,21.5,1528,2.4,48.03,4489,4882
2015,6,6.0,22.75,2182,9.79,46.65,4425,5066
2015,6,22.25,110.25,2241,3.51,57.49,5218,5362
2015,6,22.5,85.5,2382,1.86,53.69,4950,5336
2015,6,21.5,85.5,2746,3.14,53.58,4878,5366
2015,6,14.0,122.5,2197,0.15,54.73,4943,5028
2015,6,7.0,20.75,2494,8.07,51.15,4339,4872
2015,6,9.5,28.75,1669,7.25,47.4,4497,4898
2015,6,24.25,90.5,1439,16.36,73.04,5272,5312
2015,6,7.75,359.25,2155,10.92,51.74,4697,4823
2015,6,10.0,357.5,2456,16.13,47.48,4367,4671
2015,6,12.0,2.75,2277,10.58,52.11,4794,5024
2015,6,12.75,356.5,2174,15.38,43.32,4655,4923
2015,6,6.0,26.25,2747,9.53,46.4,4333,5012
2015,6,8.5,357.5,2080,10.07,52.1,4510,4751
2015,6,10.5,17.0,2814,12.31,43.02,4511,4851
2015,6,11.0,17.0,2159,13.04,45.21,4533,4869
2015,6,30.75,72.5,627,11.85,62.31,4916,5069
2015,6,26.5,78.75,1502,5.92,66.85,5278,5429
2015,6,38.0,283.0,1051,18.28,52.77,4599,4723
2015,6,6.5,283.0,3456,9.16,57.94,5081,5219
2015,6,37.0,275.5,4150,15.72,41.89,4308,4624
2015,6,34.75,283.0,3462,9.47,49.8,4345,4472
2015,6,30.0,264.5,3046,5.03,48.83,4570,4699
2015,6,12.0,358.25,3372,10.96,44.23,4598,4921
2015,6,4.25,97.75,2388,1.25,46.14,4302,4790
2015,6,10.5,30.0,2835,6.67,48.35,4693,5148
2015,7,32.5,268.25,2188,13.48,48.35,4290,4431
2015,7,33.25,271.0,2100,9.29,44.85,4358,4488
2015,7,26.75,78.25,1617,5.19,62.79,5333,5488
2015,7,25.75,252.0,2299,4.6,53.81,4655,4945
2015,7,2.25,102.0,2197,4.56,53.29,4826,4918
2015,7,35.75,265.5,2965,9.57,50.13,4268,4628
2015,7,17.5,265.0,2304,5.83,52.71,4657,4748
2015,7,33.0,272.0,2016,15.48,54.6,4169,4293
2015,7,9.5,27.5,3084,2.74,51.01,4727,5150
2015,7,9.0,26.0,2340,3.88,50.11,4536,5055
2015,7,14.0,5.0,2169,3.93,51.65,4613,4906
2015,7,8.75,347.75,974,3.56,57.52,4914,5014
2015,7,12.25,349.75,3009,4.94,45.38,4531,4910
2015,7,21.75,261.25,2165,1.77,54.09,4875,4991
2015,7,32.5,266.75,1990,13.87,44.86,4174,4324
2015,7,5.25,19.25,2786,5.87,47.09,4276,4679
2015,7,7.0,20.25,3326,4.87,47.26,4187,4674
2015,7,8.0,20.25,2486,5.92,46.49,4220,4655
2015,7,4.75,97.75,2047,7.98,61.66,4943,4996
2015,7,10.25,7.0,2141,3.8,47.98,4580,5070
2015,7,28.0,79.25,1169,3.12,66.35,5562,5725
2015,7,10.25,24.75,2333,5.09,50.29,4405,4900
2015,7,8.75,359.5,2089,5.65,54.11,4832,4965
2015,7,21.0,271.5,1167,5.49,50.59,4486,4616
2015,7,2.25,22.5,3978,6.69,48.19,4532,4919
2015,7,4.5,289.25,751,3.71,55.51,4489,4646
2015,7,3.25,99.5,2552,11.17,59.72,4724,4794
2015,7,18.25,357.25,1790,10.7,47.97,4348,4623
2015,7,10.25,285.5,2971,11.88,55.57,4851,4958
2015,7,11.0,13.75,2066,15.81,49.7,4138,4727
2015,7,12.5,4.25,2579,13.68,55.15,4333,4555
2015,7,29.0,277.75,2230,5.82,50.59,4545,4679
2015,7,24.25,253.25,4557,7.09,52.11,4613,4996
2015,7,42.75,269.25,3157,20.34,42.27,4177,4465
2015,7,41.25,271.25,5073,25.99,44.25,4233,4431
2015,7,38.5,259.75,4769,12.99,36.13,4099,4891
2015,7,28.75,75.5,2931,4.01,63.47,5670,5900
2015,7,28.5,76.25,2092,4.27,61.27,5710,5947
2015,7,11.0,20.25,2684,6.14,49.45,4284,4716
2015,7,11.5,21.0,2440,4.92,47.21,4198,4671
2015,7,12.5,21.5,2432,3.36,44.71,4136,4736
2015,7,8.0,17.25,3411,8.28,48.43,4317,4740
2015,7,20.0,105.25,3144,2.4,61.19,5117,5421
2015,7,17.25,80.25,1915,6.87,63.41,5109,5236
2015,7,12.5,8.25,2806,9.19,44.49,4147,4640
2015,7,23.0,278.0,2135,3.65,49.34,4410,4550
2015,7,23.0,279.25,2379,5.81,48.68,4308,4449
2015,7,18.5,265.25,2156,4.65,47.3,4602,4803
2015,7,17.25,265.75,1345,5.14,48.85,4465,4676
2015,7,12.75,9.75,1977,10.31,48.89,4298,4655
2015,7,29.75,276.75,1746,4.65,50.3,4959,5083
2015,7,7.0,30.5,3008,10.16,49.79,4467,4886
2015,7,6.75,31.5,2891,9.72,51.52,4475,4895
2015,7,7.75,31.25,2193,10.43,51.13,4406,4817
2015,7,8.75,32.0,1748,9.31,50.84,4474,4877
2015,7,11.0,9.75,3716,5.58,46.02,4315,4808
2015,7,23.0,279.5,2662,2.93,45.34,4482,4629
2015,7,13.75,269.5,2131,4.44,56.8,4606,4730
2015,7,27.75,73.0,1451,3.85,60.14,5067,5326
2015,7,31.5,73.25,3142,6.72,64.37,5233,5418
2015,7,1.75,110.25,1675,6.24,57.49,4819,4910
2015,7,39.0,276.25,2898,8.95,53.27,4420,4707
2015,7,39.25,263.0,3308,11.95,49.21,4546,4926
2015,7,38.0,265.25,3568,10.94,52.01,4849,5123
2015,7,26.0,251.0,2055,6.52,52.8,4968,5059
2015,7,13.0,21.0,2145,6.86,48.71,4203,4738
2015,7,24.75,70.25,989,11.15,70.16,5509,5582
2015,7,31.0,75.25,3022,7.31,67.89,5454,5670
2015,7,21.75,81.25,1444,3.12,66.92,5128,5456
2015,7,13.75,351.75,2045,11.96,49.06,4375,4748
2015,7,8.25,282.25,1110,11.31,63.21,4752,4865
2015,7,35.25,283.25,1021,16.53,58.82,4467,4588
2015,7,17.75,103.25,1800,11.33,59.35,4673,4846
2015,7,11.25,11.0,1676,11.67,47.27,4420,4836
2015,7,44.5,258.75,4051,18.31,46.42,4265,4913
2015,7,41.75,121.5,2888,12.86,48.86,4324,4542
2015,7,9.5,287.5,2513,4.94,51.15,4959,5043
2015,7,36.5,118.25,1758,8.37,53.67,4457,4783
2015,7,29.75,271.5,2147,9.24,65.77,4831,4951
2015,8,41.25,37.25,1787,14.01,46.82,4457,4546
2015,8,13.5,6.75,2609,12.31,53.67,4556,4912
2015,8,-0.75,20.25,2145,8.0,50.98,4534,4888
2015,8,-1.25,21.75,1910,11.93,48.89,4534,4924
2015,8,-3.5,21.75,2750,15.34,44.75,4383,4818
2015,8,40.5,266.5,4007,12.49,37.42,3962,4264
2015,8,21.5,254.75,1844,9.35,63.02,4770,4960
2015,8,8.5,292.75,2438,5.85,50.13,5006,5099
2015,8,16.0,265.25,3464,8.35,53.6,4894,4959
2015,8,13.25,355.25,905,4.71,55.87,4647,4929
2015,8,33.5,119.25,2786,9.79,53.19,4737,4829
2015,8,34.5,270.5,2808,11.36,58.54,4681,4802
2015,8,14.0,21.5,3692,6.39,43.93,4172,4954
2015,8,36.5,260.0,3773,14.21,47.02,4310,5035
2015,8,20.25,270.0,1870,1.06,51.48,4726,4827
2015,8,23.0,80.25,2870,6.81,61.01,4982,5521
2015,8,20.0,82.75,2322,5.99,62.63,5198,5445
2015,8,2.25,18.5,3747,2.21,50.28,4722,5071
2015,8,18.75,348.0,2306,13.08,48.7,4695,4933
2015,8,12.75,352.0,2788,9.51,49.01,4580,4989
2015,8,31.75,270.5,1535,6.6,48.4,4935,5046
2015,8,33.75,280.0,1400,9.88,44.95,5018,5114
2015,8,27.75,119.25,1218,7.09,51.89,4435,5276
2015,8,9.25,288.5,1261,7.73,51.5,4915,4996
2015,8,14.25,17.5,3352,14.84,50.64,4640,4933
2015,8,13.5,16.75,3493,15.17,53.99,4667,4968
2015,8,13.25,17.0,3276,16.29,53.44,4668,4964
2015,8,13.25,17.75,3452,15.78,50.84,4651,4954
2015,8,9.75,285.75,2991,5.1,56.38,4837,4927
2015,8,26.5,66.75,3024,4.38,51.76,4357,5132
2015,8,40.75,9.75,3099,17.2,38.35,4130,4224
2015,8,13.5,103.5,2330,7.01,58.4,5183,5246
2015,8,10.75,106.0,1791,9.53,57.93,4846,4933
2015,8,0.75,110.25,1632,10.23,45.58,4831,5007
2015,8,30.5,73.0,3397,5.5,64.13,5322,5487
2015,8,16.25,346.0,2936,12.62,56.54,4714,4795
2015,8,-3.25,19.25,1103,7.71,58.91,4208,4573
2015,8,43.75,264.5,3223,6.2,56.9,4261,4723
2015,8,9.0,22.0,2496,11.62,48.82,4334,4864
2015,8,27.0,278.25,1782,1.81,50.66,4665,4809
2015,8,18.75,350.0,3707,13.91,51.24,4311,4689
2015,8,15.75,4.25,2214,14.15,53.04,4771,5096
2015,8,31.5,74.0,2705,9.96,54.49,5048,5249
2015,8,14.25,13.75,1946,10.18,50.28,4505,4789
2015,8,13.75,14.5,1869,9.19,49.98,4467,4760
2015,8,13.0,14.0,1876,8.89,51.33,4448,4730
2015,8,12.25,14.75,2875,8.36,50.73,4463,4755
2015,8,7.5,16.25,3052,7.43,48.97,4205,4729
2015,8,-2.25,286.5,1862,12.68,51.88,4687,4846
2015,8,12.75,23.0,3310,14.04,41.31,4057,4868
2015,8,13.25,23.5,3753,13.42,40.85,3926,4900
2015,8,15.75,357.25,3685,8.4,56.3,4680,4958
2015,8,16.5,76.5,1609,2.95,55.37,4596,5069
2015,8,27.0,262.5,4167,6.05,55.97,4543,4627
2015,8,29.75,265.5,2941,4.67,55.97,4734,4824
2015,8,11.0,9.5,3066,7.53,46.64,4307,4836
2015,8,1.5,21.0,2902,4.65,50.37,4791,5172
2015,8,30.25,274.75,4570,4.31,52.97,4686,4832
2015,8,13.0,31.5,2032,9.13,49.81,4457,4895
2015,8,8.5,27.25,3416,8.36,51.96,4430,4899
2015,8,6.5,28.0,3031,8.11,43.81,4408,4950
2015,8,5.5,29.25,2925,5.65,43.85,4419,5013
2015,8,33.5,72.75,3415,7.3,43.94,4623,5096
2015,8,31.75,72.0,3678,5.47,53.4,4868,5036
2015,8,31.5,73.0,3735,6.88,52.55,4868,5043
2015,8,21.75,281.5,1255,4.66,53.27,4878,4986
2015,8,33.25,264.5,2084,5.6,44.4,4449,4592
2015,8,6.5,31.0,2794,7.1,49.82,4318,4766
2015,8,10.0,295.25,1938,10.02,53.71,4760,4857
2015,8,-6.25,302.25,1489,8.23,45.2,4763,4899
2015,8,31.25,262.0,2703,7.54,45.45,4313,4637
2015,8,31.75,262.25,3140,5.98,46.67,4338,4635
2015,8,10.0,19.0,3939,11.19,55.68,4429,4818
2015,8,13.0,20.5,3528,10.33,51.59,4381,4834
2015,8,12.0,14.75,3886,8.14,54.64,4452,4746
2015,8,7.5,15.75,2304,2.81,47.12,3953,4682
2015,8,3.0,17.25,2365,2.94,48.53,4158,4597
2015,8,-12.75,291.0,2207,2.08,44.04,4707,4917
2015,8,3.0,26.0,3486,0.89,42.8,4099,4743
2015,8,2.5,26.5,3197,0.87,43.35,4064,4727
2015,8,2.0,25.5,3685,0.97,44.29,4270,4757
2015,8,1.0,27.5,2690,3.32,42.13,4390,5015
2015,8,-12.0,298.0,2416,1.42,47.69,4203,4568
2015,8,12.75,7.5,2183,9.53,49.56,3975,4489
2015,8,25.75,279.75,2279,6.63,58.16,4875,5002
2015,9,-0.75,27.75,3810,5.17,40.56,3969,4837
2015,9,7.0,282.75,2696,7.71,58.96,4778,4941
2015,9,11.25,34.75,3400,8.11,47.32,4157,4762
2015,9,41.0,13.75,2777,27.59,47.06,4080,4180
2015,9,11.25,19.5,4127,13.22,46.39,4249,4694
2015,9,8.0,285.25,2131,7.3,58.71,5064,5168
2015,9,30.0,272.5,2071,8.77,50.42,4441,4580
2015,9,3.75,103.25,1744,5.18,56.59,4772,4881
2015,9,-19.0,299.75,2300,20.29,47.18,4319,4606
2015,9,12.75,356.25,3023,10.97,48.22,4562,4830
2015,9,-0.75,27.5,3582,8.25,42.7,4025,4845
2015,9,15.0,348.5,5155,8.5,53.53,4649,4753
2015,9,4.25,15.0,2908,5.18,43.84,4647,5256
2015,9,-8.25,301.0,1306,5.99,49.37,4689,4912
2015,9,-3.25,303.0,2227,9.36,49.49,4765,4848
2015,9,-0.75,23.0,3589,5.0,54.4,4616,5010
2015,9,21.0,95.5,3105,11.2,55.03,4966,5311
2015,9,7.75,285.25,2322,6.85,57.21,4889,5070
2015,9,10.25,286.25,2492,5.1,45.71,4527,5034
2015,9,9.0,283.5,2290,7.85,62.42,4892,4972
2015,9,-6.25,22.0,5403,5.75,37.37,4182,4878
2015,9,-1.75,24.5,5318,4.24,44.87,4359,4886
2015,9,23.75,253.75,2669,7.22,54.22,4654,5139
2015,9,41.0,266.5,3166,16.26,36.39,4449,4758
2015,9,13.75,15.5,2139,4.22,51.09,4683,4986
2015,9,7.25,21.25,2723,6.34,43.52,4475,5085
2015,9,7.75,19.25,1904,12.03,50.37,4430,4849
2015,9,7.75,29.75,2637,8.89,46.18,4565,4964
2015,9,9.25,6.75,2181,9.9,53.21,4523,4796
2015,9,14.25,346.75,2841,0.89,55.58,4828,4926
2015,9,-6.0,292.0,2512,4.88,50.86,4920,5040
2015,9,7.5,294.5,1971,6.65,45.51,4693,4826
2015,9,15.25,120.5,1932,5.41,53.04,4902,5143
2015,9,1.0,21.5,4359,2.77,47.06,4546,4958
2015,9,1.75,21.75,4759,3.08,47.08,4538,4963
2015,9,10.25,1.25,2137,8.7,49.37,4484,4854
2015,9,6.75,9.5,1937,9.17,49.17,4619,4954
2015,9,11.0,11.25,3609,9.56,43.67,4624,5012
2015,9,12.25,347.75,1508,6.51,49.53,4638,5017
2015,9,9.5,356.0,4350,15.1,46.0,4626,4908
2015,9,11.75,355.75,4053,12.31,45.05,4649,4970
2015,9,11.25,357.5,3195,10.89,45.76,4706,4997
2015,9,13.5,357.5,4558,10.92,45.63,4795,5129
2015,9,13.75,122.5,1587,7.08,57.32,5014,5070
2015,9,8.0,27.75,3101,2.76,48.63,4612,5078
2015,9,-21.5,305.75,2071,5.91,49.8,4403,4787
2015,9,24.0,253.5,4406,10.05,53.59,4470,4844
2015,9,10.75,106.0,1155,8.49,58.91,5013,5070
2015,9,8.25,349.25,1091,9.76,53.04,4616,4897
2015,9,20.5,283.25,1475,5.85,56.94,4695,4798
2015,9,2.5,113.0,2134,3.58,56.19,4920,5038
2015,9,11.25,22.75,3026,7.47,39.71,4278,4841
2015,9,-2.0,27.0,2247,1.0,47.21,4317,4957
2015,9,9.75,7.0,3230,12.0,46.46,4676,5115
2015,9,22.25,92.75,3539,5.08,56.87,5008,5383
2015,9,-2.5,17.75,1391,0.33,54.32,4509,4814
2015,9,20.5,98.25,2629,6.27,43.2,4462,5271
2015,9,-8.5,284.75,2357,5.02,46.0,4768,5015
2015,9,19.5,271.75,2277,2.14,51.52,5065,5129
2015,10,1.25,99.0,2214,11.91,53.6,4714,4840
2015,10,2.0,100.0,1953,11.26,54.65,4879,4973
2015,10,10.75,346.25,1789,12.36,59.45,4756,4980
2015,10,-8.75,293.25,2571,4.75,53.8,4614,4760
2015,10,0.75,109.25,1846,7.02,51.47,4845,4944
2015,10,3.5,15.25,1712,3.88,48.68,4315,4938
2015,10,-11.0,300.0,4401,4.42,55.87,4587,4896
2015,10,11.5,350.0,3469,17.21,45.07,4388,4801
2015,10,14.25,15.25,1662,6.88,50.96,4557,4891
2015,10,10.25,22.25,4195,5.69,53.1,4399,4851
2015,10,7.75,286.0,3143,10.24,52.94,4727,5015
2015,10,-3.5,24.25,2844,12.71,41.65,4230,4764
2015,10,6.75,6.0,2070,9.79,57.21,4531,4692
2015,10,7.75,5.0,2662,9.34,51.18,4152,4626
2015,10,15.25,345.5,3944,9.88,52.66,4522,4615
2015,10,14.75,346.5,3626,5.25,54.61,4736,4836
2015,10,-2.25,292.0,2822,8.58,50.08,4908,5016
2015,10,-2.0,16.75,5061,9.87,48.33,4572,4885
2015,10,0.25,20.5,2607,11.43,49.18,4423,4800
2015,10,-7.5,307.25,1592,4.05,47.97,4849,5140
2015,10,-5.75,26.25,3828,4.88,42.43,4025,4700
2015,10,-6.0,27.25,2914,5.67,42.98,4129,4726
2015,10,2.25,29.25,4107,9.39,40.08,3887,4876
2015,10,-11.5,298.75,2205,0.82,48.3,4619,4849
2015,10,7.5,27.0,2315,8.02,47.26,4267,4820
2015,10,8.0,27.0,2644,7.22,48.08,4338,4905
2015,10,9.0,27.0,2429,7.76,49.21,4481,4937
2015,10,10.0,27.0,2015,7.91,48.83,4442,4863
2015,10,5.0,24.75,1728,6.26,51.34,4271,4875
2015,10,4.0,28.0,2352,5.36,46.29,4187,4888
2015,10,-6.0,27.5,3327,5.94,41.01,4358,4981
2015,10,-7.0,293.0,1403,4.76,48.99,4606,4734
2015,10,12.5,74.75,2510,6.57,53.69,4990,5101
2015,10,10.0,76.25,1749,7.58,54.37,4889,5005
2015,10,12.25,4.0,2161,8.06,48.26,4467,4688
2015,10,19.0,272.75,862,7.32,69.89,4739,4853
2015,10,-22.5,299.25,2476,12.33,54.96,4876,5045
2015,10,-12.25,301.25,2761,4.48,51.31,4653,4963
2015,10,-12.25,302.25,1798,4.87,48.98,4721,5018
2015,10,3.25,31.75,2466,3.85,47.42,4256,5062
2015,10,-2.25,112.5,1244,9.74,59.49,4798,4890
2015,10,-2.25,113.75,1752,3.94,60.03,4927,5020
2015,10,-6.25,20.25,2282,2.47,49.41,4308,4964
2015,10,10.75,351.0,3511,2.5,46.45,4359,4764
2015,10,7.75,10.5,2345,2.34,53.25,4583,4864
2015,10,-0.75,303.5,1357,5.01,52.81,4798,4934
2015,10,-10.0,307.0,3622,4.34,53.88,4650,4964
2015,11,8.0,17.75,3471,7.55,51.0,4606,5002
2015,11,-21.0,48.0,2069,6.91,48.82,4427,4640
2015,11,-23.0,47.5,2012,9.61,46.95,4438,4537
2015,11,-6.25,308.25,3217,1.91,51.72,4824,5099
2015,11,-10.0,308.0,2982,6.54,47.93,4664,4962
2015,11,33.0,261.75,3704,31.26,44.96,4095,4436
2015,11,-16.75,127.25,1656,4.24,46.64,4541,5022
2015,11,20.25,283.75,1632,2.52,45.28,4449,4674
2015,11,-15.0,306.5,2972,5.1,41.12,4315,4879
2015,11,-1.0,20.75,2882,6.53,50.71,4534,4902
2015,11,-27.75,298.5,2596,16.98,46.25,5022,5100
2015,11,-28.5,299.0,2869,18.36,48.47,4993,5057
2015,11,-15.25,128.25,2601,11.62,44.71,4612,4657
2015,11,-0.75,295.5,1523,2.89,54.4,5048,5121
2015,11,-4.5,296.5,2689,5.46,53.6,4970,5042
2015,11,-5.5,297.25,2656,8.03,53.56,5016,5081
2015,11,-5.25,298.5,2625,5.63,51.56,5027,5090
2015,11,-8.75,298.0,1800,5.33,52.2,4896,5000
2015,11,-10.25,298.5,2696,5.04,49.91,4807,5047
2015,11,-11.25,299.5,3136,4.16,49.32,4651,4938
2015,11,-7.25,111.25,1626,2.52,56.02,4802,4922
2015,11,9.5,288.5,2023,2.48,61.83,4793,4868
2015,11,-29.0,303.75,2443,15.97,60.39,4800,4867
2015,11,-29.0,305.0,3014,25.93,47.52,4316,4591
2015,11,-2.25,300.0,1681,3.81,48.0,4961,5073
2015,11,-3.5,300.0,1950,5.74,47.31,5043,5105
2015,11,-11.25,303.5,2833,6.59,42.75,4750,5115
2015,11,-12.0,303.5,2645,7.32,41.51,4720,5091
2015,11,-19.5,305.25,1980,5.13,44.8,4542,5034
2015,11,-20.5,306.0,2703,0.8,45.42,4595,5069
2015,11,-22.0,307.25,3967,5.83,48.44,4684,5030
2015,11,-23.0,306.75,2455,6.3,46.62,4527,4846
2015,11,1.75,15.5,2465,8.01,45.65,4441,4937
2015,11,-11.0,311.25,3644,5.21,54.11,4939,5239
2015,11,-7.0,286.75,2434,3.55,53.63,4764,4981
2015,11,0.25,21.0,2709,9.02,48.39,4462,4844
2015,11,-21.25,302.0,2701,10.51,50.93,4943,5031
2015,11,-12.25,133.0,2671,4.07,52.99,4465,4515
2015,11,-13.5,143.25,1519,14.38,51.62,4593,4762
2015,11,-24.25,303.0,2951,12.83,45.98,4716,4802
2015,11,-22.25,305.5,2346,13.82,48.47,4508,4844
2015,11,-3.0,133.0,2308,2.67,59.27,4938,5014
2015,11,-4.0,24.75,2387,8.86,48.2,4455,4970
2015,11,-2.75,111.25,1459,2.94,61.63,5020,5103
2015,11,-16.5,313.5,1886,4.88,52.89,4194,4923
2015,11,-18.0,309.0,3062,14.13,46.61,4274,5022
2015,11,-19.0,308.0,2443,15.08,48.04,4414,4998
2015,11,-5.75,139.25,1436,9.68,66.98,4911,4993
2015,11,-23.25,298.75,830,16.9,54.28,5227,5405
2015,11,8.5,285.0,1135,8.57,60.14,4625,4722
2015,11,-2.25,114.75,1596,5.99,58.09,4845,4941
2015,12,-8.0,285.0,772,8.65,63.29,4853,5057
2015,12,-16.75,47.5,2042,5.91,51.18,4266,4708
2015,12,-28.0,302.75,1907,16.48,50.51,4621,4693
2015,12,-27.25,303.25,1992,9.24,53.86,4435,4520
2015,12,-24.25,305.25,1693,8.14,51.32,4305,4634
2015,12,-11.5,34.75,1719,0.94,52.38,4390,4900
2015,12,-14.25,304.5,2950,2.68,49.83,4546,5030
2015,12,-8.0,27.0,4106,3.61,44.9,4483,5073
2015,12,-27.0,307.25,2174,20.83,50.02,4072,4563
2015,12,-3.25,14.25,4906,3.03,45.19,4442,5010
2015,12,-3.75,21.5,2370,2.55,46.69,4556,5032
2015,12,-24.0,302.25,3127,11.91,56.02,4765,4845
2015,12,-18.75,305.75,2744,3.55,51.65,4805,5137
2015,12,-10.75,308.75,5028,5.67,40.82,5049,5286
2015,12,-15.75,128.5,1932,5.41,53.15,5000,5107
2015,12,-21.75,298.5,1385,11.74,50.15,5169,5386
2015,12,-9.5,302.25,4689,7.05,50.34,4713,4996
2015,12,-7.75,140.25,1222,3.54,57.67,5143,5187
2015,12,-27.25,303.5,2125,17.24,56.92,4849,4937
2015,12,-25.25,312.0,3642,7.01,58.53,4845,4919
2015,12,-13.0,295.75,3525,11.42,51.41,4903,5044
2015,12,-13.5,295.25,2362,12.17,49.37,4900,5038
2015,12,-6.5,297.75,4013,5.45,54.66,4758,4824
2015,12,-7.5,296.5,2259,4.98,54.01,4679,4760
2015,12,-4.5,299.5,3755,3.02,57.24,4825,4882
2015,12,-16.25,36.0,2431,5.53,52.17,4746,5243
2015,12,-17.25,45.0,1710,5.29,56.13,4722,5060
2015,12,-31.75,303.5,3570,23.39,63.81,4023,4235
2015,12,-17.25,124.25,1748,7.28,48.01,5064,5111
2015,12,-8.75,300.5,1687,3.89,54.16,4937,5081
2015,12,10.75,285.0,2591,7.72,53.01,4697,4759
2015,12,-15.5,132.5,1536,8.26,50.61,5023,5205
2015,12,-17.0,37.25,1094,1.5,56.34,4808,4907
2015,12,-21.75,303.0,1697,4.37,53.97,4642,4983
2015,12,-20.0,302.75,2744,3.73,54.94,4966,5098
2015,12,-20.25,303.5,1840,3.33,52.33,4949,5089
2015,12,-19.5,302.75,2274,2.7,54.59,4988,5069
2015,12,-15.25,305.75,2488,4.3,48.89,4191,4802
2015,12,-8.5,308.5,2107,1.97,47.6,4660,4995
2015,12,-20.75,45.25,1774,2.61,51.36,4393,4748
2015,12,-13.75,48.75,2327,0.37,43.67,4270,4885
2015,12,-7.25,303.5,1296,2.18,51.21,4827,5113
2015,12,-13.25,34.25,3224,6.58,46.37,4393,4994
2015,12,-24.75,311.5,2851,3.0,46.67,4534,5043
2015,12,-12.0,40.25,3034,3.41,54.84,4904,5023
2015,12,-12.25,290.75,1775,3.3,52.65,4733,4998
2015,12,-9.0,302.5,1820,0.21,54.65,4834,5075
2016,1,-9.25,35.75,2080,5.55,53.07,4471,4966
2016,1,-4.75,19.25,3391,6.31,51.39,4835,5350
2016,1,-6.5,19.25,2197,3.6,46.56,4427,5242
2016,1,-25.0,303.25,1857,5.61,58.94,5066,5149
2016,1,0.0,19.25,3700,11.94,52.62,4970,5310
2016,1,-9.5,284.75,2788,5.81,54.6,4947,5262
2016,1,0.5,21.25,3568,3.69,52.29,4804,5191
2016,1,-30.25,304.0,2572,20.84,42.7,4659,4831
2016,1,15.5,104.0,1132,10.6,53.21,4835,4965
2016,1,-29.75,142.5,1296,12.29,54.82,5017,5113
2016,1,-14.75,309.0,743,3.37,54.29,4652,4908
2016,1,-23.0,132.5,2885,4.37,50.98,4613,5183
2016,1,-10.5,32.75,2118,5.32,49.17,4158,5116
2016,1,-15.5,302.0,1833,5.61,51.27,4875,5099
2016,1,-18.25,138.0,3342,12.53,60.3,5292,5502
2016,1,-4.75,291.5,2037,4.23,56.61,5248,5371
2016,1,-6.75,293.25,2531,3.23,58.34,5235,5353
2016,1,-12.5,289.0,1328,1.9,57.69,4766,5148
2016,1,-15.75,38.75,2374,2.42,56.64,4978,5268
2016,1,-22.5,306.75,2889,10.95,50.85,4984,5261
2016,1,-23.0,307.5,3150,10.29,51.58,4698,5105
2016,1,-19.5,141.75,2163,11.42,57.05,5212,5316
2016,1,-21.5,144.5,2277,7.4,56.73,5100,5411
2016,1,-25.25,146.5,1884,13.62,47.82,4748,5190
2016,1,-29.0,148.25,664,21.53,60.11,4448,4608
2016,1,-15.5,47.25,1923,5.92,57.39,5093,5157
2016,1,-17.25,133.25,1923,5.75,55.88,4857,5081
2016,1,-16.0,134.75,2464,8.96,59.93,5028,5208
2016,1,-7.25,108.5,1694,6.21,51.92,4744,5133
2016,1,-23.5,148.75,1859,12.65,61.07,4757,4920
2016,1,-9.0,117.75,1596,5.15,56.89,4946,5110
2016,2,-25.0,151.75,2491,19.54,59.94,4736,4935
2016,2,-13.25,132.0,2052,3.15,65.33,5355,5430
2016,2,-17.25,133.75,2042,1.57,64.49,5021,5254
2016,2,-22.75,307.75,2331,6.9,46.3,4354,4714
2016,2,-2.0,285.25,1798,4.64,53.14,4923,5094
2016,2,-7.5,37.25,2316,2.49,48.52,4403,4837
2016,2,-6.25,23.0,2642,4.96,48.12,3833,4574
2016,2,-33.0,299.5,1382,15.87,63.75,4587,4657
2016,2,-15.5,308.75,2261,0.79,50.88,4704,5007
2016,2,-25.0,298.75,1715,12.57,65.37,5248,5397
2016,2,-23.0,307.25,2583,5.46,59.32,4642,5039
2016,2,-37.0,300.25,3920,21.55,43.67,4136,4317
2016,2,-37.25,302.25,3166,18.83,42.86,4292,4345
2016,2,-34.0,295.5,3637,18.93,48.5,4502,4766
2016,2,-33.25,296.0,3708,15.53,54.27,4614,4922
2016,2,-31.25,297.5,4670,17.3,53.21,5229,5334
2016,2,-28.0,297.75,2633,12.21,53.5,4979,5089
2016,2,-29.75,300.0,3040,16.53,50.4,4810,4884
2016,2,-30.25,300.75,2104,17.19,48.85,4592,4672
2016,2,-26.5,302.25,3054,14.3,56.59,5076,5137
2016,2,2.5,20.0,2569,16.95,42.36,4741,5135
2016,2,-26.75,295.25,2874,3.86,60.62,5043,5478
2016,2,-26.0,33.25,3766,20.39,54.93,4909,4945
2016,2,-9.25,28.75,3906,9.24,36.28,4281,5217
2016,2,-5.25,24.25,4587,5.54,45.69,4550,5194
2016,2,-14.75,38.0,2062,4.5,56.28,4418,4992
2016,2,7.5,359.25,2010,4.68,57.13,4956,5098
2016,2,-1.0,28.25,3508,3.1,44.92,4400,5399
2016,2,5.75,8.25,1911,8.14,58.57,4929,5048
2016,2,-2.75,294.5,1904,5.88,66.45,5200,5283
2016,3,-16.25,125.0,2418,9.6,52.46,4824,5051
2016,3,-20.5,297.0,2794,12.21,55.42,4672,5289
2016,3,-15.25,48.5,1944,6.65,52.41,4680,5103
2016,3,-24.5,312.75,2278,15.38,42.98,4499,4589
2016,3,-0.25,16.75,5296,5.69,49.8,5043,5364
2016,3,3.0,18.75,3851,6.58,54.83,5023,5378
2016,3,3.75,20.0,3628,3.36,55.06,4898,5297
2016,3,4.75,20.5,1995,3.12,52.48,4869,5357
2016,3,-10.5,22.75,2926,3.88,46.04,4292,5324
2016,3,-5.75,23.75,2932,7.73,43.18,4634,5268
2016,3,1.75,27.75,3021,1.58,49.21,4570,5261
2016,3,-17.75,123.0,2750,4.43,52.83,5020,5089
2016,3,-23.75,314.5,2594,16.73,49.46,4511,4762
2016,3,-21.5,129.75,1991,12.85,51.62,4422,4852
2016,3,-7.75,111.75,1787,3.56,57.02,4843,5206
2016,3,-7.5,110.75,1761,2.11,57.72,4974,5295
2016,3,1.25,24.0,1814,10.33,53.02,4745,5145
2016,3,-21.75,44.25,2627,1.67,50.87,4681,4884
2016,3,-21.0,44.5,2604,2.55,50.4,4687,4929
2016,3,6.5,9.5,2903,4.69,51.34,4620,5149
2016,3,-20.5,311.5,2765,1.7,45.62,4470,4987
2016,3,0.0,10.75,1061,6.79,53.96,4775,5001
2016,3,2.75,15.25,2965,9.64,42.31,4717,5231
2016,3,3.0,15.25,2823,9.36,41.69,4741,5271
2016,3,-4.75,20.75,4234,5.33,49.67,4662,5173
2016,3,-2.5,22.0,4957,6.73,50.62,4641,5122
2016,3,-6.5,287.5,3847,1.32,57.7,5033,5223
2016,3,1.75,10.75,2388,6.52,48.68,4393,4971
2016,3,-7.25,108.5,1200,4.82,53.76,4733,5121
2016,3,8.0,357.25,2313,6.95,48.95,4629,4973
2016,3,-1.75,283.0,2007,1.43,53.93,4884,5235
2016,3,-6.25,23.75,1702,6.84,46.07,4779,5409
2016,3,-2.5,24.75,3057,10.75,44.54,4817,5318
2016,3,0.25,25.5,2498,7.24,49.45,4850,5309
2016,3,-0.25,15.5,3457,9.78,56.48,4651,5012
2016,3,-11.25,310.75,2826,3.45,53.62,4806,5068
2016,3,-5.0,18.0,2360,7.35,48.19,4458,4981
2016,3,-4.5,19.5,3292,7.69,46.33,4755,5233
2016,3,1.0,20.5,4156,7.03,48.21,4717,5080
2016,3,7.5,0.75,2551,4.25,50.21,4591,5080
2016,3,-3.5,13.75,3125,2.8,48.83,4432,5003
2016,3,-1.75,285.75,2127,4.73,61.33,4760,4937
2016,3,-16.0,26.0,2400,0.53,46.55,4125,5152
2016,3,-12.5,35.5,2757,1.42,44.79,4296,5285
2016,3,7.5,357.25,1970,7.7,53.75,4656,4945
2016,3,6.25,359.0,2165,7.55,57.96,4882,5055
2016,3,2.0,102.0,1502,4.86,60.72,5114,5230
2016,3,-2.5,18.0,2028,11.66,53.49,4777,5095
2016,3,-7.0,20.25,2006,6.58,53.99,4446,5169
2016,3,-3.0,27.0,1961,10.85,54.93,4586,5178
2016,3,24.0,89.75,3156,15.94,41.88,4626,4731
2016,3,-0.5,24.25,1978,2.54,59.9,4951,5386
2016,4,9.0,287.0,975,0.43,49.88,4763,5202
2016,4,16.25,103.25,3202,13.94,51.25,4590,4746
2016,4,-3.75,115.5,2820,3.26,64.33,5095,5178
2016,4,7.0,16.5,2538,10.25,47.21,4628,5250
2016,4,4.0,26.75,2463,10.32,54.67,4702,5361
2016,4,1.0,27.0,4054,9.19,49.33,4582,5193
2016,4,-0.25,26.75,4704,6.12,49.83,4544,5172
2016,4,7.0,355.5,1559,4.09,53.29,4878,5007
2016,4,-28.0,300.75,2078,19.63,62.59,4836,4905
2016,4,3.0,29.0,3326,9.61,42.88,4318,5168
2016,4,7.25,3.75,1169,8.82,60.24,4924,5078
2016,4,0.5,20.5,3338,12.47,48.46,4530,4905
2016,4,9.75,14.75,1617,9.99,45.96,4778,5123
2016,4,-1.0,17.25,2567,6.82,56.04,4959,5264
2016,4,3.5,23.25,1477,5.64,48.77,4549,5034
2016,4,-4.0,27.0,4039,2.45,48.2,4495,5155
2016,4,9.25,358.5,2419,11.04,54.82,4993,5139
2016,4,6.75,359.25,4002,10.65,56.38,4977,5190
2016,4,-4.75,318.25,1161,9.6,51.32,4827,5051
2016,4,-12.25,297.25,2062,1.52,60.35,4846,5025
2016,4,9.75,76.75,4159,5.14,54.61,5156,5378
2016,4,4.75,32.0,1926,7.07,49.62,4644,5218
2016,4,-6.5,13.25,1735,8.32,54.2,5043,5265
2016,4,-8.25,14.25,5078,7.95,50.46,4674,5179
2016,4,9.0,290.25,877,3.43,53.48,5061,5207
2016,4,25.0,261.25,2698,18.82,40.7,4390,4612
2016,4,9.0,80.25,1569,7.85,52.88,5172,5229
2016,4,17.25,39.25,2699,20.21,53.95,4677,4730
2016,4,-4.25,23.75,2451,4.58,50.41,4509,5056
2016,4,17.5,102.0,1544,11.73,47.7,4692,4997
2016,4,3.0,14.0,3059,7.24,45.81,4449,5067
2016,4,2.25,21.0,3392,7.5,52.67,4730,5111
2016,4,19.5,110.5,1468,12.67,51.15,4501,4577
2016,4,6.25,22.5,2628,1.19,52.55,4476,5129
2016,4,-14.75,297.0,2171,5.06,53.18,4907,5147
2016,4,11.0,99.0,1819,8.18,48.22,4861,5069
2016,4,3.0,102.0,1175,2.7,54.29,4830,5098
2016,4,10.75,289.25,2378,1.83,50.69,4880,5219
2016,4,-18.75,300.75,2829,12.9,53.08,4881,5086
2016,4,-21.5,303.25,1302,18.71,49.32,4585,4973
2016,4,13.0,273.5,1806,5.58,50.68,4582,5127
2016,4,9.0,284.75,2256,2.31,58.69,4904,4975
2016,4,11.25,290.75,1734,4.92,53.88,4775,4926
2016,4,11.25,103.75,2026,1.67,55.09,5168,5296
2016,4,-0.25,24.5,3307,3.98,52.45,4550,5023
2016,5,24.5,88.5,3066,10.21,41.34,4475,4526
2016,5,9.0,11.5,2746,2.96,52.68,4392,4752
2016,5,5.5,9.75,2598,4.94,53.53,4335,4882
2016,5,10.0,355.5,1562,6.0,50.47,4626,4899
2016,5,7.25,98.5,2385,8.31,54.57,5060,5154
2016,5,11.25,1.75,3382,16.41,47.65,4862,5116
2016,5,11.5,2.75,2288,17.44,49.49,4795,5051
2016,5,19.25,84.75,2893,9.71,54.46,5037,5096
2016,5,7.75,9.25,3156,15.85,52.32,4964,5115
2016,5,6.75,353.75,1778,12.46,61.36,5070,5318
2016,5,-7.25,301.5,2694,10.91,54.75,4993,5161
2016,5,17.25,106.25,1480,2.43,62.46,4595,5114
2016,5,20.0,101.25,2267,15.2,49.32,4396,5187
2016,5,24.75,89.75,2157,16.07,59.36,5083,5140
2016,5,8.0,286.0,3705,10.33,52.88,4853,5289
2016,5,24.25,261.25,3985,12.92,54.95,4870,5145
2016,5,28.0,77.25,1960,17.47,52.82,4651,4847
2016,5,29.0,75.75,1170,19.68,53.0,4578,4795
2016,5,11.5,358.75,2342,12.07,53.75,4723,5013
2016,5,9.5,286.25,3923,4.81,60.69,5136,5198
2016,5,10.5,287.5,3755,5.89,47.37,4488,5173
2016,5,3.75,20.25,1849,1.43,57.93,4312,4724
2016,5,8.25,285.0,1745,2.84,63.9,4895,4990
2016,5,8.5,29.25,1808,10.64,53.57,4815,5207
2016,5,16.5,94.25,1750,2.49,68.45,5096,5130
2016,5,30.25,119.25,297,15.18,59.08,4573,4999
2016,5,20.5,285.5,1081,8.44,51.04,4122,4274
2016,5,-4.25,19.0,2709,7.02,42.5,4487,4912
2016,5,7.75,359.25,2471,10.58,58.29,4899,5025
2016,5,10.0,0.5,2584,14.25,51.63,4841,4990
2016,5,8.0,8.75,2856,14.34,53.84,5037,5161
2016,5,10.0,9.25,2583,12.03,47.43,4447,5301
2016,5,9.5,7.5,3148,13.73,47.87,4612,5214
2016,5,10.25,8.25,3228,11.49,46.06,4495,5235
2016,5,10.5,346.0,1164,11.46,60.72,5010,5141
2016,5,9.5,353.75,2443,15.76,51.42,4536,4921
2016,5,19.5,287.25,1869,9.11,45.56,4416,4626
2016,5,7.0,2.5,1438,7.51,54.44,4825,4921
2016,5,11.75,106.0,2108,8.05,62.38,4977,5049
2016,5,20.0,85.0,3923,7.51,62.46,4934,5090
2016,5,20.75,86.5,3427,8.75,58.06,5042,5051
2016,5,23.75,88.0,2974,13.52,51.75,5083,5108
2016,5,23.0,261.0,1719,10.13,51.97,4843,5019
2016,5,25.5,260.75,2370,19.5,54.66,4624,4807
2016,5,22.25,94.75,3335,4.15,59.23,5061,5284
2016,5,-9.25,301.0,3087,2.1,50.8,4652,4840
2016,6,12.5,76.5,1707,8.04,48.95,4321,5103
2016,6,-1.5,23.25,3830,2.79,49.32,4802,5249
2016,6,8.25,4.75,2934,2.94,51.29,4361,4768
2016,6,26.25,115.0,3722,13.86,57.76,5085,5347
2016,6,20.5,283.5,2336,8.2,61.38,4339,4473
2016,6,25.0,262.0,2187,17.18,48.85,4578,4652
2016,6,26.25,262.5,1869,16.26,47.77,4361,4441
2016,6,-1.5,17.75,2406,5.56,47.21,4671,4984
2016,6,8.25,22.0,2892,6.84,44.7,4002,4787
2016,6,8.0,20.25,2580,8.51,45.55,4297,4733
2016,6,8.5,20.75,2863,7.73,45.61,4260,4778
2016,6,9.5,23.0,2532,8.0,44.74,4169,4751
2016,6,18.5,269.25,660,4.59,51.71,4889,4972
2016,6,19.75,269.75,1549,5.6,51.35,4798,4860
2016,6,0.25,27.5,3204,7.52,43.38,4300,5003
2016,6,2.75,28.5,2788,7.45,41.35,4267,5088
2016,6,5.0,29.25,3155,10.92,44.85,4141,4836
2016,6,24.0,92.0,2097,2.34,56.92,4923,5053
2016,6,8.75,4.75,1837,5.9,52.82,4570,4837
2016,6,8.5,352.0,2686,3.22,49.94,4150,4692
2016,6,15.75,80.75,2029,2.26,66.99,5229,5273
2016,6,15.0,120.0,2315,6.91,58.57,5033,5124
2016,6,27.25,80.0,2734,10.77,47.5,5241,5378
2016,6,6.25,359.25,1261,4.47,52.95,4675,4915
2016,6,14.5,104.5,2732,2.17,56.03,4969,5238
2016,6,-12.25,291.5,1659,4.27,51.31,4744,4962
2016,6,4.0,16.0,1698,6.28,48.1,4478,4989
2016,6,19.75,110.5,1939,8.85,69.98,5222,5273
2016,6,23.75,261.5,1882,8.4,51.93,4668,4889
2016,6,26.5,261.5,2259,5.42,45.66,5024,5130
2016,6,7.5,9.75,2093,4.6,55.33,4837,5043
2016,6,28.75,75.0,2085,4.71,52.59,4676,4904
2016,6,8.0,285.5,1440,7.11,49.58,4319,4826
2016,6,20.0,82.0,2178,2.17,56.79,4663,5255
2016,6,26.25,82.5,935,7.34,54.77,5269,5362
2016,6,26.0,83.5,1507,5.29,59.92,5307,5379
2016,6,9.25,28.75,1906,10.61,49.87,4369,4768
2016,6,9.25,28.5,1919,10.92,49.95,4335,4737
2016,6,9.75,29.0,1732,11.66,49.49,4357,4753
2016,6,36.5,114.75,1354,18.23,49.5,4299,4350
2016,6,20.5,285.25,2471,2.76,52.9,4330,4596
2016,6,33.25,276.25,1479,4.14,50.98,4495,4674
2016,6,8.25,285.25,1542,11.84,56.54,4647,4771
2016,6,24.75,107.0,1725,12.15,53.21,4608,5379
2016,6,11.25,3.25,1633,12.46,55.61,4322,4592
2016,6,31.75,74.0,3529,5.66,47.65,4727,4933
2016,6,28.75,115.75,2112,11.6,68.92,4787,4859
2016,6,24.5,93.25,1472,1.56,61.92,5046,5556
2016,6,24.5,282.25,2930,11.87,43.85,4177,4333
2016,6,44.25,263.75,2968,19.63,45.19,4571,5097
2016,6,27.0,71.5,297,8.39,51.16,5177,5386
2016,6,22.25,74.75,2017,5.26,68.28,5254,5526
2016,6,46.0,28.5,2605,6.21,41.1,3954,4126
2016,6,12.75,33.75,1555,14.14,49.19,4395,4857
2016,6,41.75,277.5,2088,8.98,52.97,4606,4778
2016,6,25.75,76.75,2826,8.07,70.1,5467,5730
2016,6,31.25,270.0,1217,7.11,52.04,4681,4812
2016,6,5.5,283.25,2380,2.82,59.03,5008,5142
2016,6,28.5,249.5,3083,2.06,56.09,4730,5030
2016,6,-7.5,108.5,1788,3.59,58.35,4859,5035
2016,6,24.75,71.75,2481,11.43,72.1,5745,5801
2016,6,36.5,120.5,3316,10.71,44.48,4294,4321
2016,6,9.25,352.5,3456,12.43,45.29,4256,4683
2016,6,39.25,267.0,2592,17.47,43.28,4195,4416
2016,6,7.5,284.25,2178,9.44,47.03,4247,5072
2016,6,6.5,283.25,1004,11.66,64.67,4921,4996
2016,7,29.5,250.25,3057,6.31,49.59,4206,4983
2016,7,12.75,359.75,2043,5.93,50.97,4706,5005
2016,7,32.5,70.75,3419,14.88,63.11,5082,5469
2016,7,26.25,74.25,1862,8.18,58.5,5217,5602
2016,7,37.75,263.25,2468,13.44,56.92,4731,5159
2016,7,25.0,105.0,2918,7.25,51.28,4422,5618
2016,7,12.75,17.25,1844,4.14,47.76,4653,4945
2016,7,12.0,18.0,2333,4.9,49.13,4614,5017
2016,7,16.0,353.0,2155,9.52,49.38,4694,4980
2016,7,13.5,355.0,2229,12.09,47.27,4759,5033
2016,7,11.75,355.0,3768,11.57,50.87,4733,5077
2016,7,10.25,354.75,2334,10.11,51.59,4805,5120
2016,7,22.75,278.75,3217,7.97,50.18,4504,4662
2016,7,21.5,281.5,3112,5.07,52.0,4553,4707
2016,7,9.75,285.75,1626,9.03,51.68,5007,5097
2016,7,27.5,67.25,4129,8.14,53.51,4633,5419
2016,7,35.0,282.0,3147,13.7,49.44,4917,5053
2016,7,31.5,120.75,2382,18.56,59.49,4817,4898
2016,7,30.0,121.25,2047,14.1,54.87,4998,5107
2016,7,33.25,71.25,3864,17.36,46.72,4648,5312
2016,7,23.25,78.5,2223,11.06,63.96,4827,5250
2016,7,40.75,261.5,5150,14.36,32.66,4131,4728
2016,7,36.75,274.25,3041,9.38,47.53,4436,4686
2016,7,20.75,282.25,1885,2.2,47.02,4744,4893
2016,7,20.75,282.75,2254,2.32,49.54,4772,4920
2016,7,8.75,296.5,2446,6.44,51.44,4829,4971
2016,7,15.25,271.75,1581,9.03,53.2,4416,4890
2016,7,13.75,271.5,1516,10.36,50.26,4698,5031
2016,7,13.75,13.75,2800,7.41,53.94,4750,5028
2016,7,36.5,269.0,4026,16.35,52.14,4611,4760
2016,7,33.0,279.75,2453,9.55,48.71,4500,4624
2016,7,32.0,266.0,1979,5.94,49.12,4270,4385
2016,7,20.5,271.75,2142,3.29,51.61,4811,4933
2016,7,9.5,275.75,2092,9.67,59.75,4815,5039
2016,7,12.0,23.75,2166,9.15,48.01,4008,4836
2016,7,21.75,107.5,4103,6.94,58.35,4874,5394
2016,7,13.5,354.25,2755,9.72,52.18,4501,4783
2016,7,22.5,279.5,1506,2.77,43.72,4902,5045
2016,7,10.5,285.0,3020,10.95,55.19,4776,4858
2016,7,7.75,285.5,2452,9.52,45.0,4246,4931
2016,7,16.75,33.75,1151,10.1,53.77,4450,4833
2016,7,31.75,268.0,2040,8.91,47.36,4552,4701
2016,7,31.25,268.25,2233,8.33,46.22,4581,4734
2016,7,29.5,270.0,2995,7.33,48.63,4470,4643
2016,7,13.25,18.25,1983,9.65,57.88,4573,4905
2016,7,12.5,19.25,1698,9.55,54.3,4526,4932
2016,7,11.25,356.25,2357,12.75,53.82,4351,4666
2016,7,38.0,273.0,2373,3.8,43.02,4538,4674
2016,7,30.75,277.75,1557,3.1,53.18,4380,4538
2016,7,27.0,278.0,2625,4.78,54.19,4462,4625
2016,7,20.5,282.75,1509,3.65,46.33,4730,4862
2016,7,20.75,283.0,2202,3.83,46.32,4712,4843
2016,7,35.0,282.0,3251,5.38,48.5,4272,4411
2016,7,14.75,106.75,3068,4.67,50.26,4746,5053
2016,7,14.25,35.25,2195,13.16,46.72,4331,4897
2016,7,14.5,36.25,2635,11.75,48.28,4360,4911
2016,7,13.75,36.25,2424,11.41,47.04,4322,4913
2016,7,14.0,21.25,2508,9.56,46.63,4119,4855
2016,7,5.75,23.75,2590,4.99,45.2,4127,4737
2016,7,3.75,25.25,2331,3.9,44.66,4145,4748
2016,7,2.0,27.0,3108,4.59,41.5,4086,4649
2016,7,32.25,279.0,3282,5.26,52.79,4318,4518
2016,7,12.75,99.75,1912,1.65,54.42,4867,5006
2016,7,40.5,272.0,2831,11.06,46.69,4426,4645
2016,7,19.0,270.75,1267,6.23,48.56,4598,4750
2016,7,41.25,266.0,2510,21.84,53.25,4272,4603
2016,7,31.0,104.0,1830,10.9,60.21,5223,5795
2016,7,36.75,271.5,2694,4.06,51.49,4803,4955
2016,7,26.0,279.0,3699,1.37,57.99,4426,4591
2016,7,13.75,40.75,2573,7.53,55.65,5001,5023
2016,7,38.25,260.0,2983,18.53,50.63,4279,5021
2016,7,1.0,23.75,1749,2.76,48.35,4138,4541
2016,7,15.75,356.0,2818,14.77,44.84,4534,4799
2016,7,35.25,117.25,2824,9.18,64.92,5279,5432
2016,7,36.75,118.5,2404,3.79,64.91,5411,5509
2016,7,12.0,122.25,2096,3.72,58.5,5026,5119
2016,7,9.0,280.75,3169,7.51,54.16,4735,4832
2016,7,28.0,277.25,3304,8.72,51.06,4660,4819
2016,7,9.0,10.0,1393,14.57,52.72,4524,4748
2016,7,33.75,110.5,2978,11.57,47.19,4059,5104
2016,7,33.0,110.25,2887,12.6,53.55,4517,5133
2016,7,36.75,114.25,3816,2.61,52.67,4707,4949
2016,7,16.25,344.25,1926,18.76,53.01,4872,4987
2016,7,21.25,254.75,3287,3.84,57.47,4573,4746
2016,7,13.0,16.75,3254,11.83,46.78,4687,4977
2016,8,9.75,24.25,1602,17.02,54.45,4019,4599
2016,8,20.25,109.5,2744,10.49,72.87,4924,4921
2016,8,41.75,261.5,3863,12.27,50.15,4200,4837
2016,8,21.5,107.5,3609,10.24,69.98,4892,5270
2016,8,10.0,274.75,1578,7.76,54.6,4805,4956
2016,8,36.5,267.25,1877,3.44,64.07,4782,5061
2016,8,44.0,132.0,799,17.81,57.61,4572,4644
2016,8,38.5,118.25,917,11.08,65.83,5018,5060
2016,8,5.25,283.5,1350,5.57,59.41,4853,5062
2016,8,30.5,273.0,3975,8.51,51.42,4941,5056
2016,8,23.25,253.75,2214,5.56,70.91,5066,5140
2016,8,25.5,85.25,2701,2.87,69.62,5370,5422
2016,8,27.0,116.25,2692,14.43,66.48,5310,5642
2016,8,29.5,269.25,595,10.79,75.79,4966,5073
2016,8,17.75,270.25,2342,1.62,52.0,4482,4767
2016,8,30.0,277.75,2994,7.26,56.04,4650,4792
2016,8,45.5,132.75,3732,14.88,37.0,4123,4201
2016,8,15.25,43.25,2661,8.73,55.55,4841,5242
2016,8,14.0,20.5,2404,4.58,50.43,4476,4947
2016,8,11.75,28.5,2539,7.97,43.8,4714,5245
2016,8,2.5,289.25,2769,12.33,54.36,4746,4954
2016,8,12.75,36.5,2652,9.44,48.98,4215,5046
2016,8,15.5,37.5,3211,12.34,49.11,4354,5013
2016,8,8.0,11.5,1659,7.03,48.29,4590,4982
2016,8,17.5,351.5,2637,13.98,50.07,4770,4995
2016,8,12.25,21.0,2518,11.3,47.24,4542,5084
2016,8,17.75,267.5,2277,2.04,57.47,4644,4747
2016,8,33.5,276.25,3197,2.43,47.79,4633,4835
2016,8,-3.0,23.0,3465,3.64,43.98,4503,5042
2016,8,-2.0,24.25,3716,6.87,46.3,4502,5005
2016,8,-1.0,25.0,2473,4.83,45.1,4465,4929
2016,8,1.5,26.75,4743,5.76,42.78,4458,4997
2016,8,43.75,268.25,2577,5.49,48.78,3904,4230
2016,8,33.75,117.0,1941,2.61,73.05,5537,5573
2016,8,-16.25,294.75,2586,8.44,46.7,4599,4787
2016,8,-10.0,296.25,4515,5.58,49.76,4571,4756
2016,8,-1.0,299.5,2615,13.64,43.92,4804,4876
2016,8,4.25,20.5,2882,2.13,48.89,4309,4716
2016,8,5.75,20.75,2667,1.94,45.54,4215,4726
2016,8,7.0,21.0,2264,4.28,44.89,4102,4666
2016,8,-15.75,302.5,1669,12.25,50.43,4626,4827
2016,8,19.0,105.25,1976,3.4,64.55,5237,5293
2016,8,26.25,109.5,2210,8.38,57.43,5010,5532
2016,8,27.0,86.0,2842,10.98,67.9,5291,5664
2016,8,25.25,71.75,2950,8.23,60.59,5528,5587
2016,8,-2.0,20.0,3377,2.68,47.02,4419,4786
2016,8,1.75,22.0,2934,3.47,48.37,4472,4911
2016,8,27.75,277.5,3134,5.56,49.0,5004,5167
2016,8,28.25,278.0,2763,1.92,52.06,4874,5041
2016,8,41.0,262.25,3847,5.02,38.87,4143,4657
2016,8,41.0,262.75,4576,5.69,44.04,4134,4612
2016,8,42.0,263.25,3355,9.44,51.74,4246,4683
2016,8,41.5,263.5,3495,9.96,54.71,4371,4748
2016,8,42.0,264.0,4229,10.19,48.11,4389,4734
2016,8,14.25,20.5,1751,9.44,54.54,4491,4946
2016,8,9.5,288.5,3015,8.33,55.0,4797,4878
2016,8,24.75,111.5,3097,11.04,53.17,5113,5596
2016,8,14.5,13.0,1757,10.07,49.57,4326,4652
2016,8,26.5,97.0,2770,9.18,51.33,4867,5526
2016,8,13.75,43.75,2884,7.36,47.9,4081,4961
2016,8,10.25,18.25,2315,5.54,50.43,4453,4825
2016,8,12.75,20.5,2453,6.13,50.23,4524,4975
2016,8,16.0,359.0,3433,8.01,52.03,4398,4712
2016,8,29.5,269.75,2777,2.0,55.23,4677,4826
2016,8,22.0,275.75,2557,3.95,50.57,4916,5010
2016,8,22.5,276.25,2029,4.55,51.23,4909,5001
2016,8,26.25,278.5,3646,4.42,59.0,4736,4842
2016,8,27.25,277.5,3389,6.77,53.73,4756,4870
2016,8,26.0,67.0,2098,4.37,54.34,4793,5270
2016,8,20.5,283.5,566,7.44,52.68,4671,4775
2016,8,16.0,78.0,1183,11.21,60.56,4753,5056
2016,8,3.0,19.75,2205,3.27,49.08,4362,4762
2016,8,10.75,289.25,3638,4.78,54.08,4568,4908
2016,8,19.25,269.5,2477,3.23,54.47,5075,5161
2016,8,36.25,276.25,2679,8.65,46.9,4434,4815
2016,8,24.75,83.5,2724,3.31,60.24,5283,5588
2016,8,4.5,27.5,3275,3.88,40.64,3924,4625
2016,8,42.25,267.0,3328,10.38,45.92,4205,4522
2016,8,-2.25,104.25,1605,6.12,56.73,4746,4836
2016,8,27.0,77.75,2903,2.79,65.79,5333,5507
2016,8,10.0,289.25,2194,12.1,50.64,4325,4877
2016,8,20.5,270.75,2097,0.38,61.25,5108,5184
2016,9,10.75,285.25,2223,8.82,61.0,4809,4910
2016,9,9.25,286.25,2061,9.38,55.15,4803,4906
2016,9,1.25,298.25,2912,12.45,48.1,4547,4667
2016,9,23.5,116.5,1395,7.42,66.01,5361,5424
2016,9,-6.75,301.75,2672,7.98,50.68,4350,4537
2016,9,6.75,353.0,888,2.51,51.77,4736,4964
2016,9,9.75,16.75,5238,5.87,53.69,4551,4889
2016,9,9.0,282.5,1439,6.78,62.36,4743,4857
2016,9,37.5,114.75,1783,7.14,49.52,3758,3833
2016,9,26.25,278.75,2544,3.07,48.68,4443,4619
2016,9,10.5,25.25,4815,14.88,44.64,4438,4903
2016,9,43.0,275.5,1759,12.63,52.29,4538,4767
2016,9,16.25,39.0,4949,11.57,45.51,4569,4829
2016,9,34.75,259.75,3390,10.81,42.44,4157,4750
2016,9,-2.25,18.25,3943,7.3,47.06,4605,4915
2016,9,-4.5,19.75,2811,11.16,43.64,4420,4883
2016,9,11.25,26.25,2287,5.99,43.3,4270,4731
2016,9,-2.25,105.0,1626,2.64,55.67,4757,4861
2016,9,14.75,5.0,3174,13.32,46.23,4467,4812
2016,9,11.5,14.5,3060,8.98,47.8,4675,4983
2016,9,14.75,358.75,1494,13.05,50.33,4507,4777
2016,9,20.25,75.0,1965,6.71,60.3,4660,5194
2016,9,10.0,346.25,1828,4.41,58.49,4588,4697
2016,9,31.75,258.5,3424,16.16,41.42,3916,4719
2016,9,10.25,12.0,3369,4.29,49.69,4593,4935
2016,9,-2.0,16.0,2630,8.12,43.85,4670,5035
2016,9,-4.0,17.5,2515,8.52,45.23,4471,4869
2016,9,10.25,20.0,3685,8.34,52.44,4629,5036
2016,9,28.25,278.75,2222,3.31,66.73,4484,4612
2016,9,21.0,281.75,1930,1.3,51.12,4695,4807
2016,9,-10.25,294.25,2394,5.39,55.04,4463,4619
2016,9,12.5,28.0,2786,8.12,48.6,4346,4871
2016,9,-6.5,303.0,3777,6.22,48.43,4530,4767
2016,9,29.25,264.0,2504,5.42,49.89,4852,4983
2016,9,28.5,263.0,3242,6.84,47.85,4922,5046
2016,9,18.0,285.5,2353,2.3,47.43,4760,4855
2016,9,11.5,31.5,3030,8.97,45.54,4279,4839
2016,9,9.0,7.25,2086,6.01,52.17,4451,4829
2016,9,30.25,274.5,3452,1.76,41.17,4455,4588
2016,9,4.25,27.25,2343,4.81,43.46,4514,5204
2016,9,8.25,292.5,1684,5.52,54.83,4782,4867
2016,9,27.25,260.25,1791,9.64,54.86,4660,4826
2016,9,10.5,33.5,1845,11.19,51.12,4334,4786
2016,9,22.5,280.5,2311,6.47,52.93,4298,4414
2016,9,18.5,281.75,2954,2.39,49.26,4675,4775
2016,9,10.25,285.5,2768,6.36,51.51,4753,4860
2016,9,6.0,28.75,2510,5.14,48.45,4459,5010
2016,9,35.5,281.0,2731,14.77,43.56,3885,3995
2016,9,-4.5,121.75,2878,4.24,56.4,4606,4807
2016,9,17.25,43.0,3229,3.91,39.56,3953,4558
2016,9,16.0,43.25,4438,3.02,49.38,4205,4608
2016,9,14.25,43.5,3269,0.83,51.09,4279,4789
2016,9,8.0,22.0,3350,2.19,43.24,4199,4961
2016,9,-4.5,27.25,3761,2.01,47.54,4380,5013
2016,9,10.5,357.5,4105,10.31,49.46,4400,4691
2016,9,27.0,279.0,3507,1.45,51.41,4288,4422
2016,9,26.75,280.0,4103,4.16,52.36,4272,4409
2016,10,10.0,30.0,2163,4.56,44.58,4637,5051
2016,10,10.75,6.5,2198,4.56,45.25,4155,4625
2016,10,23.75,96.25,2788,3.64,59.32,5009,5174
2016,10,12.25,352.0,2955,5.44,38.89,4211,4566
2016,10,25.25,73.25,2863,6.53,60.43,4923,5262
2016,10,-9.25,307.25,2362,2.03,48.75,4565,4892
2016,10,28.0,80.5,3824,9.95,57.59,4969,5115
2016,10,10.25,18.0,1860,5.05,50.53,4441,4805
2016,10,-9.5,292.75,3098,5.09,51.82,4727,4894
2016,10,-11.5,292.5,1769,7.91,50.9,4721,4910
2016,10,7.25,28.0,2410,5.98,48.8,4239,4731
2016,10,-3.25,299.25,3476,5.02,54.59,4782,4849
2016,10,14.5,103.25,1586,3.24,58.92,5008,5181
2016,10,12.25,10.25,2100,7.01,49.42,4313,4672
2016,10,1.0,15.5,2474,3.55,47.57,4641,5129
2016,10,11.75,347.25,2517,4.68,48.51,4462,4823
2016,10,11.5,347.0,2952,4.69,50.04,4425,4878
2016,10,4.5,288.75,3556,4.95,52.38,4719,4886
2016,10,-8.5,295.5,2184,3.73,59.63,4690,4790
2016,10,-1.5,104.25,2473,9.82,57.04,4761,4845
2016,10,12.0,288.0,3530,5.66,57.47,4916,4996
2016,10,-12.5,298.25,1223,3.23,49.34,4498,4803
2016,10,8.75,27.25,2004,2.91,45.17,4359,4807
2016,10,-0.25,296.0,3134,9.15,52.17,4882,4993
2016,10,-12.25,300.75,2048,1.21,49.91,4309,4658
2016,10,-20.0,305.25,1645,10.31,51.05,4271,4630
2016,10,-19.75,303.75,2566,11.43,51.44,4520,4633
2016,10,-20.75,303.5,2458,7.54,49.25,4327,4628
2016,10,12.0,347.0,1858,0.65,52.37,4620,4792
2016,10,13.25,346.0,2281,3.72,48.82,4920,5023
2016,10,-27.0,298.25,3793,26.37,40.55,4919,5071
2016,10,-7.0,301.25,1860,8.89,42.88,4651,4771
2016,10,-26.0,309.0,3749,12.66,42.41,3603,4566
2016,10,-11.75,305.75,3706,4.68,42.92,4434,4774
2016,10,-9.5,305.0,1722,4.52,50.04,4388,4816
2016,10,-18.0,307.5,1916,0.65,52.6,4108,4820
2016,10,-20.75,310.0,2426,2.3,51.16,4339,4794
2016,10,-22.25,309.0,2469,6.67,46.56,4335,4785
2016,10,-12.5,299.75,2137,2.35,52.34,4646,5155
2016,10,3.25,116.75,2275,8.1,60.17,4666,4878
2016,10,-2.0,14.75,2693,6.04,44.36,4389,4937
2016,11,2.25,20.0,2765,9.61,44.8,4399,4762
2016,11,-0.5,25.25,3921,5.15,44.3,4480,4935
2016,11,7.5,4.0,2094,6.11,52.53,4447,4675
2016,11,-27.75,302.25,2464,16.98,54.88,4492,4560
2016,11,13.75,272.25,2341,9.84,51.34,4511,4901
2016,11,6.5,357.5,1805,7.54,47.53,4699,4910
2016,11,7.25,357.0,2862,7.92,50.46,4511,4767
2016,11,3.25,27.75,4727,4.33,40.76,4202,4916
2016,11,-8.5,307.5,1958,2.89,50.98,4794,5098
2016,11,-17.5,306.25,2840,1.23,44.92,4313,4955
2016,11,-25.0,47.0,1438,13.51,51.62,4371,4483
2016,11,-22.25,34.5,1682,7.64,46.1,4423,4586
2016,11,-23.5,299.75,3981,15.78,43.65,4509,4648
2016,11,-4.0,284.25,2707,5.01,50.11,4925,5085
2016,11,-3.0,285.5,2515,3.27,49.64,4958,5144
2016,11,-1.75,285.75,2269,6.97,50.92,4999,5176
2016,11,-17.25,45.25,2518,3.72,42.3,4142,4556
2016,11,-15.75,297.5,1532,4.79,52.6,4612,5005
2016,11,-14.0,297.25,2098,4.33,52.63,4760,4930
2016,11,-9.25,298.75,3471,3.55,53.21,4845,4988
2016,11,-1.5,288.0,2167,9.78,55.78,4737,4887
2016,11,-0.5,288.25,1891,9.35,55.28,4788,4967
2016,11,1.0,288.5,1962,9.39,54.02,4731,4959
2016,11,0.75,290.0,3006,10.28,54.15,4747,4935
2016,11,-5.75,23.75,2167,2.91,45.07,4294,4928
2016,11,-5.0,307.0,2158,2.87,52.74,4820,5015
2016,11,-21.75,303.0,2391,4.0,41.99,4520,4861
2016,11,-21.0,303.25,2457,4.9,41.88,4402,4848
2016,11,-5.5,294.75,3007,6.47,59.94,4676,4775
2016,11,-16.0,301.5,2848,3.12,58.69,4585,4776
2016,12,-12.0,311.75,2178,7.36,48.68,4262,4574
2016,12,1.25,22.5,2577,0.74,44.25,4444,4897
2016,12,-24.0,296.5,2417,9.37,49.19,4834,5084
2016,12,-25.5,296.25,3048,8.21,48.01,4658,4953
2016,12,-23.75,297.25,527,9.04,61.04,4752,4962
2016,12,0.75,21.75,5942,3.64,42.42,4533,4953
2016,12,-0.5,20.75,4763,1.88,43.54,4496,4855
2016,12,5.5,356.25,2610,0.7,50.81,4606,4712
2016,12,-16.75,139.25,1722,15.68,47.67,4306,4396
2016,12,-15.5,134.25,841,6.93,54.01,4959,5095
2016,12,-1.5,11.25,2682,6.15,45.63,4143,4760
2016,12,-4.5,12.75,3591,5.86,49.65,4404,4730
2016,12,-3.5,22.0,4283,8.35,43.59,4468,4919
2016,12,-16.0,34.25,2841,8.47,54.36,4685,5076
2016,12,-17.25,37.25,1846,6.21,63.21,4692,4759
2016,12,-1.25,24.0,3238,2.54,42.73,4737,5200
2016,12,-2.75,24.25,2692,3.48,43.01,4741,5282
2016,12,-2.25,26.25,2593,4.93,40.4,4582,5127
2016,12,-2.25,103.25,2286,4.88,59.93,4928,4994
2016,12,-20.75,307.5,1877,3.67,48.44,4305,4668
2016,12,-26.75,311.5,2559,9.06,53.15,4440,4532
2016,12,-27.75,311.5,1996,6.37,56.22,4449,4544
2016,12,-13.75,307.25,3417,5.05,47.42,4338,4732
2016,12,-0.25,27.0,3475,5.09,39.06,4465,5172
2016,12,-2.25,27.25,3329,1.19,42.52,4119,4878
2016,12,-34.0,304.0,1176,11.53,50.36,4403,4500
2016,12,-14.5,307.5,3504,2.05,49.51,4501,4870
2016,12,-5.25,313.0,2424,1.26,50.89,4793,5047
2016,12,-31.5,137.0,2243,11.94,46.92,4997,5106
2016,12,-15.75,34.75,1621,2.97,47.3,4661,5111
2016,12,-17.75,303.75,2662,5.97,54.25,4962,5091
2016,12,-2.0,24.5,3690,6.65,47.04,4195,4734
2016,12,-22.75,135.5,1474,8.62,55.61,4764,5222
2017,1,-29.0,295.5,3641,17.64,62.92,4868,5022
2017,1,-19.75,301.5,2632,8.78,55.22,4691,4783
2017,1,-22.0,301.5,2739,7.08,56.05,4789,4887
2017,1,-24.0,302.75,3390,11.07,51.83,4816,4893
2017,1,-30.75,306.25,2701,16.7,41.71,4498,4773
2017,1,-5.75,317.0,1593,8.85,51.96,4562,4729
2017,1,-15.5,40.0,1476,5.83,59.46,4680,4786
2017,1,-14.25,126.5,1172,8.39,73.44,4923,4985
2017,1,-1.5,15.0,2969,6.06,51.58,4302,4741
2017,1,-5.5,288.0,1977,5.12,55.17,4806,4947
2017,1,-27.5,297.0,2521,9.91,50.75,5008,5151
2017,1,-24.0,305.0,2245,0.55,50.1,4401,4756
2017,1,-28.0,306.0,922,8.45,55.87,4309,4697
2017,1,-18.0,137.75,2888,4.4,60.94,5085,5289
2017,1,-17.0,310.0,2828,4.73,39.51,4333,4938
2017,1,1.25,17.75,3952,11.67,40.96,4503,4833
2017,1,1.5,18.25,4146,11.99,39.97,4489,4819
2017,1,-3.75,23.25,2945,9.94,42.51,3928,4466
2017,1,-34.75,300.75,2743,8.71,48.49,4379,4455
2017,1,-11.5,301.75,3571,7.03,48.65,4386,4672
2017,1,-31.25,297.0,3337,19.01,46.95,4648,4783
2017,1,-1.0,18.75,5328,4.72,46.04,4490,4833
2017,1,-28.75,297.0,2664,15.55,69.76,4923,5027
2017,1,-14.0,305.25,2742,6.14,46.83,4233,4706
2017,1,-11.5,299.0,2521,6.72,56.2,4708,4975
2017,1,-2.25,22.0,2479,9.17,47.86,4440,4917
2017,1,-31.25,300.5,1416,15.49,61.28,4393,4458
2017,1,-27.25,302.5,1985,8.19,49.9,4690,4757
2017,1,8.75,353.75,3204,7.01,41.01,4349,4708
2017,1,-14.5,297.0,2861,12.29,51.35,4800,5007
2017,1,-19.0,45.0,2481,8.38,46.06,4473,4797
2017,1,-4.75,14.5,2182,6.11,43.01,4511,5022
2017,1,-21.75,141.75,1921,7.85,54.38,5122,5372
2017,1,-31.5,307.75,2457,13.37,51.04,4122,4194
2017,1,-16.25,33.75,3031,5.83,50.32,4895,5116
2017,1,-4.0,283.5,1989,8.58,53.59,4843,5004
2017,1,-1.5,26.0,4440,14.78,44.48,4276,4780
2017,1,-12.0,311.5,2616,11.11,44.68,4866,5133
2017,1,-26.0,140.5,902,4.78,50.33,4854,4945
2017,1,-14.75,29.25,2422,3.86,45.01,4524,5158
2017,1,1.25,12.0,3418,9.38,43.29,4242,4829
2017,1,-0.75,17.5,1533,11.67,48.83,4478,4784
2017,1,-16.5,36.5,3384,1.81,50.65,4732,5088
2017,1,-13.25,40.0,2695,5.63,48.56,4907,5141
2017,1,-12.5,40.0,2216,5.99,52.85,4776,4978
2017,1,-2.25,19.75,2961,11.2,43.95,4452,4790
2017,1,2.75,22.0,2441,12.27,47.09,4493,4934
2017,1,-20.0,138.5,1712,4.23,56.13,4868,5150
2017,1,-19.5,139.5,2343,4.49,58.52,4943,5195
2017,1,-10.0,25.0,3485,6.17,39.51,3899,4862
2017,1,-16.25,125.25,3107,5.45,56.61,4876,5186
2017,1,-4.25,12.5,2816,6.21,49.54,4636,4948
2017,1,-3.75,13.75,4202,3.81,47.57,4476,4967
2017,1,4.25,352.75,1936,13.45,47.26,4553,4651
2017,1,-12.0,308.0,1825,2.99,50.22,4620,4955
2017,1,-10.0,309.5,2664,3.28,48.82,4836,5031
2017,1,-8.5,309.5,2841,4.38,50.93,4805,5048
2017,2,-20.0,141.5,1035,9.19,55.73,5030,5131
2017,2,-24.0,114.5,2201,0.9,57.18,4984,5088
2017,2,-18.25,134.25,2238,2.42,59.75,5171,5387
2017,2,-2.25,17.5,2062,3.97,46.25,4404,4722
2017,2,-1.5,18.5,2885,8.29,53.32,4369,4680
2017,2,2.5,22.0,1893,6.74,44.54,4523,4941
2017,2,-10.75,306.0,1840,3.92,53.83,4692,5051
2017,2,-1.75,15.25,2423,8.11,46.75,4546,5010
2017,2,0.25,15.5,2672,10.52,46.79,4575,4959
2017,2,0.25,26.75,2922,4.16,44.32,3833,4502
2017,2,2.0,27.0,2705,5.64,48.37,4022,4586
2017,2,0.75,20.25,5174,6.85,42.75,4524,4890
2017,2,1.75,285.0,1689,10.62,51.89,4775,5041
2017,2,-28.5,301.75,2655,7.25,48.83,4358,4468
2017,2,0.0,14.5,4237,8.51,47.2,4703,5141
2017,2,2.5,14.75,4099,18.36,40.26,4336,4928
2017,2,8.75,349.25,2301,7.04,49.01,4224,4710
2017,2,-4.5,105.75,1033,7.12,57.99,4703,4783
2017,3,-24.75,311.75,3336,4.02,45.25,4302,4692
2017,3,-36.0,294.25,3565,16.81,39.16,3920,4262
2017,3,6.75,353.75,2523,10.69,47.63,4594,4843
2017,3,6.5,354.25,2150,10.72,50.65,4660,4895
2017,3,-2.0,13.0,4131,6.99,44.01,4234,4861
2017,3,-3.25,14.0,4022,4.65,41.55,4311,4889
2017,3,-25.0,31.25,2420,8.51,42.99,4388,4919
2017,3,7.5,4.75,2804,9.72,42.46,4648,4965
2017,3,7.25,5.0,3027,8.36,43.35,4640,4958
2017,3,-15.75,46.5,2765,8.66,60.54,4837,4882
2017,3,-16.5,45.25,2505,10.88,50.54,4826,4952
2017,3,-16.5,46.25,1838,7.3,55.51,4794,4937
2017,3,8.25,350.0,3554,10.37,38.82,4331,4852
2017,3,-2.0,19.0,5291,3.09,52.16,4585,4898
2017,3,-26.5,295.25,2957,13.86,47.38,4858,5568
2017,3,6.5,1.25,2908,7.45,50.54,4891,4962
2017,3,3.5,8.25,2149,3.5,57.57,4793,4855
2017,3,-7.0,38.0,2329,4.55,49.12,4768,5072
2017,3,-15.0,307.25,3449,9.55,42.77,4783,5227
2017,3,-18.25,303.0,2038,6.77,55.3,4843,4941
2017,3,13.25,102.5,2058,6.22,50.74,4926,5050
2017,3,12.25,103.75,3115,4.04,53.35,4744,4962
2017,3,1.25,14.5,3763,9.76,43.25,4393,4977
2017,3,-1.25,15.75,3152,11.68,45.12,4520,4883
2017,3,-32.5,28.75,2502,19.2,51.49,4254,4339
2017,3,-12.75,309.0,3033,6.62,48.84,4434,4645
2017,3,-14.25,311.0,2435,4.87,45.14,4140,4642
2017,3,4.75,100.25,1476,2.87,55.98,4873,4945
2017,3,7.5,99.5,2370,4.6,54.98,4842,4911
2017,3,16.0,103.75,1387,10.39,50.88,4802,4944
2017,3,5.75,350.75,2706,14.27,49.47,4785,4907
2017,3,4.75,352.75,2242,15.81,48.1,4784,4870
2017,3,-15.75,125.25,2103,18.63,52.71,4745,5029
2017,3,0.0,26.25,3273,3.79,47.14,4548,5099
2017,3,4.0,9.0,2144,13.17,54.56,4745,4907
2017,3,-2.0,11.75,2593,11.52,46.15,4499,5095
2017,3,-3.25,13.0,3711,9.26,46.17,4596,5020
2017,3,-6.5,13.25,3882,4.36,55.31,4745,4967
2017,3,-13.25,305.5,1194,1.61,49.88,4517,4916
2017,3,-7.25,312.75,2375,5.47,52.15,4809,5083
2017,3,-12.5,313.0,2516,4.44,47.93,4583,4992
2017,3,4.25,9.75,1325,11.55,59.82,4590,4681
2017,3,6.5,357.25,1699,9.18,54.66,4543,4758
2017,3,8.5,286.25,1586,5.47,58.47,4735,4908
2017,3,-1.5,13.25,2824,13.07,57.7,4515,4924
2017,3,0.0,14.0,1998,15.12,50.0,4463,4968
2017,3,-6.0,20.5,4863,8.89,52.18,4491,5056
2017,3,-4.25,19.25,2359,8.37,53.68,4577,5003
2017,3,-4.25,21.0,1955,10.18,50.83,4523,4981
2017,3,-12.0,321.5,1892,9.81,46.57,4586,4822
2017,3,3.25,9.25,2329,15.99,59.81,4818,4903
2017,3,5.25,8.0,3205,14.45,57.34,4822,4902
2017,3,9.5,348.0,2435,3.19,55.77,4701,4904
2017,3,-5.0,13.5,2108,0.92,44.61,4273,4754
2017,4,0.75,103.25,1679,4.19,61.08,4721,4831
2017,4,5.75,285.5,3063,7.5,45.14,4557,4950
2017,4,-4.0,18.25,2993,7.82,49.07,4476,4852
2017,4,3.25,21.5,2564,6.23,54.62,4560,5025
2017,4,17.0,269.25,1798,4.2,47.66,4875,5058
2017,4,7.0,101.25,895,5.22,64.79,5028,5109
2017,4,-3.0,26.75,3878,8.61,43.1,4494,5091
2017,4,-22.0,309.5,1531,7.33,51.05,4619,5066
2017,4,6.25,11.25,3014,8.09,49.13,4457,5199
2017,4,-6.5,14.0,3255,6.38,53.9,4554,5006
2017,4,-3.25,14.5,3449,6.34,48.83,4610,5198
2017,4,-5.75,23.0,2891,3.77,42.84,4476,5122
2017,4,-2.5,23.75,4202,3.6,47.91,4655,5161
2017,4,8.25,12.25,1376,3.97,55.98,4174,4646
2017,4,-1.5,18.0,1689,5.83,49.6,4752,5060
2017,4,5.75,9.25,3575,1.79,59.62,4913,5054
2017,4,3.25,26.25,3500,7.12,44.87,4653,5310
2017,4,4.25,26.0,3147,6.7,47.86,4690,5320
2017,4,8.0,4.5,3374,4.46,52.58,4762,5129
2017,4,22.75,90.25,1968,12.62,49.88,4377,4425
2017,4,-5.5,305.5,1866,4.75,54.02,4887,5112
2017,4,4.0,28.0,3391,9.65,44.47,4503,5203
2017,4,7.5,351.5,2601,5.2,42.68,4438,4927
2017,4,8.75,351.5,4354,4.44,40.8,4390,5119
2017,4,-4.5,136.25,1276,5.45,62.4,4839,4969
2017,4,17.75,121.5,2055,8.16,55.48,4728,4816
2017,4,9.25,287.75,1846,2.13,58.56,4885,4960
2017,4,10.75,285.75,2974,4.68,54.08,4971,5034
2017,4,12.75,99.0,1717,7.85,51.42,4684,4981
2017,4,17.25,101.0,2837,3.23,42.28,4338,5001
2017,4,-5.5,21.0,2842,6.09,42.8,4534,5071
2017,4,3.75,290.75,1609,6.7,55.98,4940,5074
2017,4,11.25,105.25,2438,2.28,55.31,5136,5205
2017,4,11.75,106.0,2064,0.87,56.08,5137,5204
2017,4,7.25,10.75,2230,8.42,49.18,4274,4873
2017,4,-5.0,15.25,3169,7.16,40.01,4523,5060
2017,4,5.75,354.25,1554,12.96,50.91,4834,5041
2017,4,3.5,19.75,2778,1.58,52.13,4321,4729
2017,4,15.0,101.5,1947,4.01,48.56,4902,5179
2017,4,6.75,4.25,3752,9.7,50.84,4969,5049
2017,5,10.5,352.0,2309,6.69,44.81,4528,4922
2017,5,-2.75,18.75,2424,4.73,47.64,4556,4891
2017,5,-1.75,18.75,2474,5.97,48.3,4629,4941
2017,5,-5.0,119.75,2181,3.4,49.29,4555,5014
2017,5,7.25,124.25,1384,8.87,55.67,4966,5110
2017,5,19.25,104.5,2636,9.07,44.59,4666,5170
2017,5,27.5,109.25,2420,22.95,46.74,4336,4839
2017,5,9.75,8.75,3239,6.4,45.03,3719,4855
2017,5,13.25,40.75,2074,2.75,55.71,4741,4819
2017,5,9.25,15.25,2605,11.74,45.64,4225,4640
2017,5,18.5,263.5,1948,10.46,51.79,4655,4745
2017,5,-2.0,21.25,2537,7.83,49.52,4329,4756
2017,5,3.5,22.0,2933,10.92,50.12,4375,4844
2017,5,12.0,104.0,2021,2.35,49.42,4623,4952
2017,5,7.25,80.25,1212,14.29,54.52,4815,4946
2017,5,19.5,83.5,3202,8.0,44.91,4129,4608
2017,5,23.75,95.0,3208,16.07,40.17,4341,4691
2017,5,23.75,95.5,2835,16.23,43.43,4463,4708
2017,5,8.5,7.0,1810,4.21,66.24,4700,4917
2017,5,13.75,100.25,3577,4.59,58.38,4962,5056
2017,5,23.5,88.75,3545,9.4,52.68,4424,4503
2017,5,24.5,89.0,2591,15.07,53.42,4462,4552
2017,5,16.75,99.0,3908,3.58,48.45,4334,4885
2017,5,-1.75,12.75,1790,7.26,51.07,4401,5097
2017,5,21.25,105.75,1652,11.09,57.48,4712,4827
2017,5,2.25,99.5,1213,4.19,58.38,4202,4830
2017,5,4.5,21.25,2548,12.08,45.1,4484,4937
2017,5,21.25,85.5,2569,11.08,48.66,4880,5182
2017,5,12.75,41.25,1713,8.44,53.74,4798,4962
2017,5,9.75,5.75,2110,9.1,53.72,4762,4937
2017,5,-2.75,27.5,2903,6.65,44.55,4342,4980
2017,5,12.25,357.0,2506,8.64,50.46,4486,4770
2017,5,11.25,78.0,1619,9.63,52.38,4847,5060
2017,5,5.5,33.25,2186,7.31,55.82,4619,5077
2017,5,12.25,7.0,2582,3.82,48.57,4445,4913
2017,5,24.5,87.5,2608,18.19,46.01,4893,5029
2017,5,12.75,78.25,2975,4.3,51.89,4239,4926
2017,5,31.0,266.5,3248,15.26,43.95,4459,4580
2017,5,31.75,265.75,6137,18.32,39.1,4146,4256
2017,5,13.5,354.25,1570,11.01,48.17,4760,5042
2017,5,26.0,90.0,2247,15.89,50.52,5246,5267
2017,5,26.25,66.75,3042,12.16,41.83,4257,4840
2017,5,15.0,103.5,1411,2.52,68.75,5110,5256
2017,5,7.5,349.5,1085,8.78,51.19,4647,4994
2017,5,19.0,110.0,1610,5.31,58.97,5009,5341
2017,5,22.5,94.5,6273,7.95,59.95,4917,5353
2017,5,2.75,102.75,2380,1.82,63.7,5234,5297
2017,5,18.75,269.75,2684,2.57,53.93,4934,5018
2017,5,18.0,82.0,2608,8.76,49.58,4779,5393
2017,5,18.5,80.75,2367,11.74,57.09,5025,5281
2017,5,28.25,258.5,5690,7.21,51.96,4324,4883
2017,5,31.5,264.25,3080,10.46,67.48,4375,4482
2017,5,2.75,27.5,3554,4.98,45.53,4264,4999
2017,5,1.0,28.25,4131,4.54,44.69,4201,4912
2017,5,19.25,287.25,2613,4.33,44.31,4329,4471
2017,5,21.25,76.5,1682,6.66,51.07,4903,5294
2017,6,-1.5,17.25,4073,5.25,50.25,4465,4818
2017,6,7.75,20.0,1923,6.37,50.76,4746,5199
2017,6,8.25,287.5,1137,5.81,53.96,4906,5051
2017,6,23.75,69.25,2615,12.41,51.31,5429,5434
2017,6,22.0,70.5,3280,6.13,66.79,5266,5388
2017,6,10.5,27.0,1707,8.53,52.21,4698,5123
2017,6,11.75,3.0,1893,6.01,50.55,4882,5111
2017,6,12.25,4.25,1885,5.15,48.6,4923,5141
2017,6,10.5,107.0,2803,4.84,63.08,5152,5214
2017,6,12.75,12.75,1949,7.42,51.82,4867,5172
2017,6,10.0,13.5,1935,10.42,52.4,4489,5126
2017,6,9.0,351.0,2267,9.66,45.1,4661,5335
2017,6,4.75,352.25,657,10.16,60.96,4945,5042
2017,6,14.75,43.5,4558,11.85,37.43,4197,4944
2017,6,13.5,43.75,4927,10.88,38.99,4073,4876
2017,6,5.75,290.0,1334,7.73,60.27,4934,5038
2017,6,19.75,85.25,4973,15.14,57.31,5005,5064
2017,6,20.5,86.75,4915,13.63,60.3,5009,5021
2017,6,26.25,88.75,2000,8.94,59.28,5172,5234
2017,6,5.0,103.25,2166,3.82,60.98,4841,4908
2017,6,10.0,78.25,1569,2.0,55.42,5100,5259
2017,6,9.5,31.0,2983,8.01,50.37,4640,5042
2017,6,9.0,30.5,2912,6.32,50.23,4614,5015
2017,6,8.5,31.25,3162,7.34,51.21,4713,5116
2017,6,7.75,31.5,1565,7.25,46.24,4629,5038
2017,6,6.0,9.5,1282,1.23,52.86,4562,5071
2017,6,18.75,270.25,1587,7.34,55.64,5074,5276
2017,6,17.5,271.25,3078,7.63,60.28,5026,5079
2017,6,15.25,272.25,2967,5.79,51.54,4671,5081
2017,6,14.25,358.0,2373,10.99,57.66,4571,4879
2017,6,20.75,105.25,3880,7.49,59.92,5044,5412
2017,6,19.0,105.5,1893,3.33,58.78,5392,5425
2017,6,24.5,80.0,1766,2.19,51.43,4684,5033
2017,6,10.75,16.0,2933,5.12,49.77,4549,4876
2017,6,9.75,17.0,3148,6.9,48.93,4603,4942
2017,6,12.25,350.5,3273,10.16,49.25,4516,4924
2017,6,12.5,352.25,2939,11.73,56.44,4715,5074
2017,6,10.25,352.0,2580,10.99,52.08,4561,4975
2017,6,8.75,353.75,1408,9.77,51.54,4816,5175
2017,6,5.25,283.5,1295,12.78,56.87,4853,5062
2017,6,20.0,85.5,2229,3.3,68.03,5516,5539
2017,6,-0.5,23.25,1889,4.78,45.84,4731,5145
2017,6,1.5,101.5,3205,8.12,57.2,4968,5044
2017,6,7.25,29.5,1797,2.4,49.02,4455,4865
2017,6,6.25,29.75,2472,1.25,48.22,4487,4969
2017,6,11.75,2.25,4217,10.1,52.74,4564,4830
2017,6,12.0,2.5,3659,10.01,51.13,4555,4813
2017,6,7.25,4.5,2086,10.63,56.3,4752,4954
2017,6,4.0,13.25,2658,8.47,43.81,4244,4952
2017,6,9.0,16.25,3233,5.71,46.98,4495,4918
2017,6,12.5,354.75,1769,6.59,55.5,4269,4608
2017,6,4.25,16.0,2307,5.21,49.6,4535,5067
2017,6,3.75,15.25,2667,5.71,48.63,4534,5154
2017,6,2.25,15.0,3368,2.93,48.91,4783,5274
2017,6,9.0,22.75,2840,9.8,49.58,4258,4900
2017,6,26.75,279.0,2401,5.94,54.89,4355,4522
2017,6,12.0,11.25,2996,10.22,58.23,4592,4965
2017,6,2.5,103.25,1958,5.37,49.62,4861,5068
2017,6,-1.75,105.5,2959,9.26,55.11,4672,4760
2017,6,40.25,278.75,3032,0.7,39.12,4191,4510
2017,6,15.25,359.0,2453,10.33,50.81,4478,4756
2017,6,33.25,73.25,4909,5.14,45.25,4748,5184
2017,6,28.5,74.0,1620,20.56,46.84,4582,4792
2017,6,-0.5,22.5,1528,5.03,50.37,4320,4745
2017,6,8.5,0.75,2364,9.79,50.97,4191,4598
2017,6,8.5,11.5,1426,4.5,52.7,4263,4742
2017,6,7.5,348.5,2032,16.94,57.5,4774,4885
2017,6,13.25,350.0,2932,8.83,60.5,4908,5197
2017,6,22.75,278.5,2098,2.47,52.8,4874,5034
2017,6,32.25,71.25,2681,3.76,68.42,5117,5367
2017,6,18.25,104.0,559,4.6,63.11,4722,4953
2017,7,41.75,121.5,2079,8.5,49.84,4266,4484
2017,7,20.75,281.25,2149,5.21,53.96,4491,4660
2017,7,8.0,283.75,3199,11.92,52.69,4690,5007
2017,7,20.25,282.75,1730,3.99,53.56,4620,4759
2017,7,29.75,78.0,2938,9.39,67.07,5499,5786
2017,7,4.75,97.75,1483,5.53,62.6,4754,4840
2017,7,22.0,277.25,2929,5.04,49.05,4438,4590
2017,7,10.25,15.0,2505,7.17,50.59,4766,5102
2017,7,37.25,270.25,4869,8.24,51.51,4531,4667
2017,7,40.75,120.75,3106,16.78,47.49,4322,4416
2017,7,37.75,115.5,2528,7.75,50.69,4453,4478
2017,7,16.75,34.0,1451,8.51,49.51,4562,4955
2017,7,13.75,357.25,2518,9.99,46.1,4708,4998
2017,7,16.5,358.25,1454,10.2,49.42,4513,4803
2017,7,28.0,105.75,2116,9.12,49.42,4221,5292
2017,7,26.5,59.0,2497,5.63,48.59,4551,5309
2017,7,36.75,283.0,2647,12.16,50.54,4743,4864
2017,7,39.25,285.75,1164,22.36,54.52,4406,4538
2017,7,33.75,117.5,4048,18.92,64.65,5215,5242
2017,7,24.5,67.0,938,21.85,63.65,5274,5273
2017,7,26.75,68.75,2002,9.89,67.62,5569,5620
2017,7,15.75,352.25,2614,11.78,50.45,4716,4985
2017,7,20.75,283.5,1877,6.98,57.08,4614,4746
2017,7,13.0,358.75,2696,7.29,49.75,4402,4717
2017,7,19.25,269.25,2847,9.73,54.77,4524,4625
2017,7,5.25,19.0,1385,4.21,56.68,4285,4706
2017,7,35.0,135.75,2325,8.15,48.44,4419,4690
2017,7,31.0,111.25,3428,8.56,46.42,4712,5356
2017,7,20.5,81.5,1631,15.79,60.79,4903,5296
2017,7,12.25,7.25,3015,8.66,47.01,4420,4918
2017,7,23.25,278.75,2878,8.42,55.78,4563,4702
2017,7,32.0,121.0,2960,5.45,52.65,5046,5114
2017,7,25.75,91.5,2766,8.85,54.48,4693,5601
2017,7,26.0,70.25,2308,7.1,70.37,5485,5573
2017,7,27.75,70.75,2487,5.1,71.23,5545,5668
2017,7,30.75,71.75,1782,5.15,73.92,5500,5641
2017,7,27.5,77.5,2079,4.43,60.31,5450,5632
2017,7,3.0,22.0,2150,8.89,48.11,4223,4678
2017,7,42.75,261.25,3731,14.74,41.75,4507,5064
2017,7,-1.0,25.5,3167,5.42,47.48,4278,4748
2017,7,41.0,268.75,4695,9.47,45.98,4615,4816
2017,7,38.75,126.0,2848,9.88,66.12,5188,5327
2017,7,32.5,271.75,1176,10.25,49.91,4583,4706
2017,7,38.5,275.0,2059,8.46,52.37,4667,4902
2017,7,43.5,263.0,2858,23.33,40.66,4381,4830
2017,7,36.25,111.0,3105,1.55,45.62,4604,5905
2017,7,38.75,110.25,2583,10.96,48.68,4781,5966
2017,7,36.75,283.0,2813,9.01,51.77,4864,4957
2017,7,39.25,262.0,3099,10.85,50.37,4445,4889
2017,7,38.75,274.0,2444,11.04,52.35,4476,4691
2017,7,26.75,113.25,2027,5.84,60.26,5118,5299
2017,7,36.75,118.75,3716,7.96,66.91,5704,5773
2017,7,26.25,66.75,2594,8.46,41.34,4683,5265
2017,7,21.25,282.75,2074,2.97,55.13,4905,5040
2017,7,32.25,265.5,2901,8.8,52.82,4868,4973
2017,7,22.25,104.75,2085,3.76,60.27,4978,5266
2017,7,10.25,285.5,3695,10.09,55.61,4960,5067
2017,7,33.5,275.0,2527,3.83,52.29,4508,4816
2017,7,12.0,15.0,2084,9.03,52.9,4498,4793
2017,7,22.0,275.5,3522,7.22,50.0,4554,4714
2017,7,22.5,276.5,3475,6.59,46.81,4586,4744
2017,7,22.75,277.25,3265,6.8,46.01,4561,4722
2017,7,24.25,113.75,4125,10.8,54.69,4993,5257
2017,7,25.25,113.25,2678,11.32,52.67,4682,5229
2017,7,27.75,70.0,3745,3.69,66.49,5276,5359
2017,7,30.5,71.25,2449,2.5,62.46,5455,5587
2017,7,10.75,14.75,2363,6.97,49.68,4362,4687
2017,7,30.25,265.75,3146,4.41,50.34,4559,4720
2017,7,38.25,271.75,2596,5.79,43.1,4945,5073
2017,7,4.5,19.5,2702,10.21,46.72,4157,4683
2017,7,11.0,1.0,1780,9.78,52.3,4477,4657
2017,7,3.5,116.5,3322,7.75,56.53,4862,5054
2017,7,62.25,43.0,3526,13.66,41.6,3746,3800
2017,7,60.75,41.75,3980,10.8,38.1,3573,3737
2017,7,11.5,20.75,2622,14.18,51.99,4206,4671
2017,7,22.25,110.0,4488,6.15,60.74,5207,5364
2017,7,23.5,108.75,3669,3.85,60.0,5143,5370
2017,7,23.5,109.25,4178,3.33,62.5,5205,5356
2017,7,24.0,108.75,3416,3.2,60.06,5066,5423
2017,7,12.5,11.75,2302,14.17,49.55,4394,4732
2017,8,16.0,270.75,1804,4.37,51.37,4614,4831
2017,8,3.25,26.25,3539,10.87,42.37,3996,4653
2017,8,0.75,26.25,3019,5.44,42.87,4187,4692
2017,8,9.25,359.5,1311,12.44,59.12,4828,4971
2017,8,-0.25,20.5,2249,2.01,45.87,4542,4898
2017,8,-0.25,109.0,920,8.48,58.89,5013,5107
2017,8,12.75,10.25,3775,8.2,54.53,4669,5018
2017,8,17.5,3.75,1622,15.67,50.81,4400,4749
2017,8,29.75,103.75,1522,12.36,74.91,5583,5973
2017,8,11.0,106.25,1670,6.06,60.54,4814,4902
2017,8,12.75,357.25,2053,9.14,51.53,4733,5020
2017,8,35.5,267.75,2070,10.45,55.1,4312,4535
2017,8,14.0,4.5,2296,12.64,48.83,4618,4894
2017,8,11.5,6.25,2505,10.96,46.97,4279,4759
2017,8,16.0,107.5,2370,4.23,47.15,4554,5241
2017,8,29.5,250.5,2546,3.59,46.72,4319,5122
2017,8,10.0,24.0,2081,10.33,46.21,4328,4885
2017,8,33.0,273.75,2042,4.79,54.7,4661,4864
2017,8,24.25,107.5,814,1.9,55.58,4513,5092
2017,8,13.0,32.25,1293,12.32,55.74,4432,4834
2017,8,12.25,120.5,2073,12.45,57.74,4852,4918
2017,8,30.25,119.25,2241,7.75,50.75,4503,4929
2017,8,29.25,121.25,2690,9.73,50.89,4624,4927
2017,8,28.5,120.75,3561,9.32,48.41,4413,4899
2017,8,15.25,11.25,2018,10.03,49.43,4484,4886
2017,8,-3.0,27.5,3493,6.88,42.23,4069,4895
2017,8,20.5,282.75,1332,4.6,53.56,4826,4924
2017,8,-10.25,296.5,3653,6.2,51.09,4665,4858
2017,8,33.25,115.75,1582,10.71,68.18,4852,4905
2017,8,32.0,113.75,1890,6.93,63.99,5163,5362
2017,8,13.25,13.25,3660,12.25,52.8,4840,5134
2017,8,38.25,266.5,3519,9.25,43.42,4196,4454
2017,8,37.75,266.25,4394,8.52,44.84,4225,4511
2017,8,35.75,136.0,2389,13.22,53.42,4572,4726
2017,8,17.0,7.25,2081,2.6,54.45,4482,4889
2017,8,11.75,8.75,1299,5.26,51.78,4535,4992
2017,8,36.25,262.25,1858,7.66,48.22,4336,4680
2017,8,36.25,263.5,2789,9.48,51.71,4502,4768
2017,8,35.5,264.25,3293,8.17,56.86,4556,4762
2017,8,34.5,263.75,2139,5.5,48.48,4607,4824
2017,8,23.25,106.25,2443,13.43,49.79,4266,5216
2017,8,24.5,82.0,2093,4.14,60.37,5249,5590
2017,8,18.25,83.75,1488,5.88,62.03,5169,5214
2017,8,13.0,16.0,2865,12.05,47.57,4433,4724
2017,8,11.25,16.5,2290,11.96,47.58,4379,4710
2017,8,10.25,26.5,2949,7.54,47.97,4583,5013
2017,8,9.0,3.25,2010,7.27,50.3,4338,4720
2017,8,7.5,3.25,2689,8.11,54.35,4620,4759
2017,8,19.25,288.25,3033,3.61,44.92,4170,4627
2017,8,33.5,73.5,2270,11.99,49.76,4518,5150
2017,8,28.75,74.75,2747,2.52,60.29,5203,5426
2017,8,11.0,11.0,3653,12.05,47.93,4269,4694
2017,8,0.5,21.0,3208,2.63,48.78,4387,4762
2017,8,11.5,1.5,1529,14.59,50.43,4317,4520
2017,8,12.0,19.5,2127,11.18,47.2,4336,4793
2017,8,18.0,354.5,2857,8.1,48.16,4418,4723
2017,8,17.25,353.75,3313,11.27,48.67,4463,4755
2017,8,28.25,279.0,3631,2.57,62.01,5066,5174
2017,8,-9.5,288.75,2639,5.75,40.13,4608,4890
2017,8,-11.5,289.75,2771,3.01,43.55,4546,4918
2017,8,15.5,21.25,1480,13.47,49.25,4404,4932
2017,8,9.0,1.0,2914,7.75,48.86,4274,4672
2017,8,8.25,0.75,2341,7.11,46.2,4304,4758
2017,8,7.25,0.5,1989,6.37,50.6,4469,4791
2017,8,-6.25,296.25,2148,8.04,43.21,4840,4916
2017,8,-2.25,297.25,2191,7.97,57.21,4606,4712
2017,8,12.0,275.0,1690,5.03,54.53,4655,4910
2017,8,12.0,352.75,2201,6.01,51.39,4408,4757
2017,8,-6.25,290.5,2719,8.71,50.69,4510,4666
2017,8,-8.5,291.0,2600,7.88,51.71,4635,4838
2017,8,-8.75,292.0,2494,7.69,51.24,4809,4992
2017,8,-9.25,291.75,1817,6.64,50.59,4619,4793
2017,9,9.0,26.25,2634,3.32,53.71,4525,5017
2017,9,35.5,279.5,1915,25.47,48.53,4243,4455
2017,9,35.5,280.0,1983,26.18,50.36,4231,4412
2017,9,-1.5,297.25,2486,13.9,45.86,4860,4963
2017,9,14.25,352.5,2768,8.45,55.29,4380,4731
2017,9,13.75,80.0,1742,4.57,58.96,5064,5120
2017,9,8.25,11.25,2354,5.13,53.3,4613,4911
2017,9,23.75,106.25,2384,5.42,52.41,4889,5526
2017,9,9.0,288.0,1807,10.14,58.43,4765,4863
2017,9,-1.5,290.75,1751,14.07,44.56,4681,4786
2017,9,37.25,273.25,2549,12.27,46.22,4243,4398
2017,9,-9.5,287.5,3280,7.7,45.24,4445,4765
2017,9,8.0,31.0,2146,9.8,49.16,4375,4779
2017,9,10.0,19.75,4436,4.68,49.05,4508,4908
2017,9,-1.25,19.75,1811,5.1,52.37,4433,4781
2017,9,-9.0,289.5,1593,6.38,48.62,4338,4573
2017,9,14.5,103.25,1406,8.18,58.07,4732,4905
2017,9,11.25,8.5,2365,10.18,44.08,4285,4875
2017,9,18.25,263.75,1404,7.72,68.81,5167,5271
2017,9,12.25,5.5,4918,6.21,47.12,4763,5054
2017,9,9.25,24.5,2847,5.14,44.56,4259,4884
2017,9,9.75,10.0,3301,5.65,45.65,4450,4987
2017,9,9.25,8.25,1631,3.15,48.02,4415,4938
2017,9,28.0,260.25,1504,12.58,61.58,4641,4842
2017,9,-8.25,302.75,3480,3.97,51.72,4614,4872
2017,10,3.5,19.0,2135,5.48,50.7,4625,4983
2017,10,6.25,20.25,2517,6.61,46.61,4723,5248
2017,10,9.75,22.5,3085,7.49,41.58,4698,5230
2017,10,10.75,21.75,2434,7.33,40.78,4555,5002
2017,10,-10.25,305.25,3041,9.07,49.87,4559,4861
2017,10,9.5,289.25,2342,6.69,56.54,4628,4943
2017,10,2.5,21.75,2523,8.41,47.59,4368,4797
2017,10,-7.5,23.75,3546,1.36,49.19,4036,4917
2017,10,-5.25,24.75,3270,5.73,47.17,4278,4943
2017,10,-4.5,24.5,3301,4.19,42.5,4520,5109
2017,10,-2.75,26.25,3818,5.08,42.2,4493,5047
2017,10,2.5,28.5,3847,9.21,41.56,4176,5008
2017,10,11.5,345.75,2503,3.26,54.56,4625,4733
2017,10,-9.5,290.5,1794,6.51,47.37,4777,5000
2017,10,1.5,293.25,3326,3.26,55.28,4738,4849
2017,10,19.5,255.0,2082,9.03,62.27,4996,5164
2017,10,-0.5,20.25,2834,6.87,51.23,4780,5128
2017,10,7.25,24.0,3592,5.15,41.84,4459,5165
2017,10,9.25,24.25,3164,4.12,43.0,4350,4952
2017,10,26.0,93.25,3073,1.55,56.67,4820,5091
2017,10,-1.0,301.25,2502,9.88,56.07,4564,4703
2017,10,16.0,43.25,3502,16.73,35.94,4688,5091
2017,10,6.25,354.25,688,5.34,52.81,4523,4753
2017,10,12.5,355.0,2532,8.36,43.8,4477,4819
2017,10,-14.75,299.0,1949,6.32,43.84,4582,4764
2017,10,-13.5,299.25,2923,8.18,47.26,4551,4797
2017,10,-5.25,302.5,2740,4.16,50.6,4634,4792
2017,10,-3.0,303.0,2047,6.22,43.0,4648,4723
2017,10,2.0,18.25,2160,4.59,51.32,4471,4808
2017,10,4.5,24.25,2353,9.72,44.62,4295,4861
2017,10,9.5,27.25,1687,5.8,48.12,4576,4999
2017,10,-27.5,301.0,2214,18.34,47.82,4436,4494
2017,10,-24.5,301.5,2565,18.06,46.67,4732,4819
2017,10,10.0,348.0,2144,4.31,45.69,4648,5006
2017,10,18.0,281.75,2446,5.12,49.92,4716,4792
2017,10,-1.75,282.75,2891,3.37,45.31,4722,5107
2017,10,21.25,80.25,2906,3.25,52.42,4943,5278
2017,10,3.75,293.75,3110,11.36,49.76,4670,4923
2017,10,4.25,294.25,1719,11.08,47.77,4385,4936
2017,10,11.25,108.25,2335,3.59,53.14,4980,5258
2017,10,-14.5,294.75,2690,1.35,55.01,4650,4802
2017,10,-14.25,295.25,2708,0.77,54.55,4665,4814
2017,10,-9.5,297.75,1945,3.58,53.02,4549,4706
2017,10,-7.0,298.5,4173,4.59,54.39,5047,5126
2017,10,-1.0,299.0,3302,9.42,53.47,4927,4996
2017,10,-12.0,304.25,2545,4.07,47.39,4511,4863
2017,10,-9.0,304.75,3271,6.42,45.62,4599,5090
2017,10,4.5,288.0,2712,14.82,50.26,4649,4806
2017,10,13.5,276.0,2931,8.92,52.86,4955,5047
2017,10,22.25,279.75,2185,6.1,51.53,4672,4797
2017,10,16.0,81.0,1701,10.63,62.05,5038,5096
2017,10,-2.75,26.25,3150,6.45,49.59,4402,4956
2017,10,-7.25,301.5,1959,6.11,56.95,4648,4816
2017,10,-17.25,295.5,1487,2.46,47.14,4504,4878
2017,10,-20.25,309.75,2279,6.37,50.52,4148,4590
2017,11,1.25,281.25,1031,4.1,59.94,4992,5084
2017,11,-18.5,300.0,1919,4.89,55.64,4755,5119
2017,11,-8.5,304.5,2093,5.71,50.83,4587,4970
2017,11,-19.25,304.0,2174,2.52,54.71,4676,4801
2017,11,-14.5,319.75,2585,15.44,44.7,4345,5084
2017,11,5.5,352.5,1741,5.7,51.32,4842,4996
2017,11,15.5,100.5,1534,6.6,58.01,5095,5174
2017,11,-23.25,44.5,1504,3.18,52.12,4277,4655
2017,11,-4.75,303.0,1632,1.34,54.42,4764,4897
2017,11,-7.0,304.5,2097,0.88,51.11,4756,5003
2017,11,3.5,293.0,2423,4.63,49.88,4867,4984
2017,11,-12.5,301.75,1125,6.76,50.47,4481,4831
2017,11,-17.75,44.5,1754,6.17,53.84,4589,4752
2017,11,-17.25,133.0,2270,9.04,52.57,4502,4734
2017,11,-3.0,17.75,2239,3.94,49.12,4487,4825
2017,11,-0.75,284.0,2124,8.35,50.37,4808,5033
2017,11,-4.0,310.25,1368,3.96,53.79,4634,4729
2017,11,3.75,289.75,2990,2.33,53.42,4804,4972
2017,11,10.0,103.0,1204,11.98,53.25,4868,4949
2017,11,-6.0,317.0,1595,3.34,50.1,4600,4773
2017,11,-2.5,301.0,2317,2.02,52.31,4916,5001
2017,11,5.25,353.75,2917,8.67,48.99,4481,4584
2017,11,-16.75,35.5,1270,8.9,54.2,4526,4693
2017,11,-11.5,307.25,2573,3.93,50.17,4817,5131
2017,11,-0.5,22.0,2663,5.13,47.12,4129,4528
2017,11,-2.25,18.5,3535,6.52,50.45,4321,4635
2017,12,-22.5,302.0,2036,8.62,65.29,4782,4866
2017,12,-19.75,124.75,1458,17.68,57.65,4728,4909
2017,12,-6.75,22.25,4669,2.09,47.97,4140,4928
2017,12,-16.5,139.75,2952,13.76,46.49,5057,5164
2017,12,-17.5,139.25,3485,14.69,48.24,4381,4452
2017,12,-4.0,13.75,2652,10.03,51.5,4578,4943
2017,12,-2.5,13.5,3212,10.66,44.43,4289,4869
2017,12,-2.0,13.75,2629,10.92,44.76,4406,4882
2017,12,11.75,125.25,893,15.24,67.08,5008,5195
2017,12,-9.5,23.0,3125,6.78,42.43,4073,5078
2017,12,-6.25,289.25,3418,5.76,58.94,4912,5080
2017,12,6.75,358.75,2196,7.22,47.66,4583,4838
2017,12,-3.5,20.75,3248,8.35,48.45,4586,4995
2017,12,-1.5,133.25,1932,3.34,54.35,4505,4943
2017,12,-29.75,153.25,2212,20.19,54.2,4102,4192
2017,12,-11.25,311.75,2709,8.11,48.56,4639,4914
2017,12,-9.25,312.5,1588,6.58,51.73,4540,4806
2017,12,-22.0,47.5,1868,7.97,50.39,4333,4711
2017,12,-13.75,311.0,2660,10.24,45.61,4183,4655
2017,12,-22.25,301.25,2892,4.51,54.48,5020,5122
2017,12,-9.0,307.0,3331,6.66,47.6,4729,5046
2017,12,-3.0,284.0,1678,4.19,54.18,4765,4992
2017,12,-30.75,303.0,3185,14.39,50.92,3943,4085
2017,12,-20.75,308.25,3005,3.58,51.58,4432,4767
2017,12,-17.5,123.25,2169,11.27,64.1,4981,5028
2017,12,0.0,16.75,5428,1.44,45.4,4458,4781
2017,12,-25.5,127.25,1222,13.5,52.75,4244,4779
2017,12,-25.5,128.0,1780,13.95,50.43,4246,4795
2018,1,-16.75,125.25,3965,8.03,54.95,4557,4917
2018,1,-15.0,126.0,2318,6.55,48.09,4714,5022
2018,1,-16.75,135.0,1741,3.23,51.0,4793,5037
2018,1,-12.5,135.75,1717,6.45,51.77,5046,5102
2018,1,8.75,282.5,1056,11.25,59.4,4665,4761
2018,1,-8.0,311.25,1861,6.88,48.64,4670,4946
2018,1,-15.0,143.25,2757,3.73,51.25,5041,5186
2018,1,-11.75,40.0,1790,5.43,51.44,4633,4834
2018,1,-12.5,312.0,3157,13.61,39.93,4121,4445
2018,1,-11.25,297.25,980,0.67,57.02,4374,4636
2018,1,-1.25,21.75,4803,7.73,44.5,4312,4703
2018,1,-3.0,22.0,2254,6.26,45.75,4208,4717
2018,1,-27.5,302.5,1336,5.49,60.66,4451,4520
2018,1,-17.25,305.0,3313,5.43,51.27,4396,4675
2018,1,-18.0,304.25,4541,0.71,51.77,4541,4690
2018,1,-2.75,19.5,1882,0.99,53.42,4214,4564
2018,1,0.0,12.25,2533,11.94,50.79,4342,4718
2018,1,-28.25,299.0,4829,21.54,52.38,4966,5031
2018,1,-16.25,36.75,2309,4.29,42.84,4512,4969
2018,1,-13.25,296.5,850,1.72,60.61,4872,5034
2018,1,-15.75,48.5,2070,3.45,52.12,4680,5001
2018,1,-3.0,116.5,1494,6.7,59.82,4647,4725
2018,2,-17.0,300.75,2435,8.06,62.14,5120,5287
2018,2,-18.25,309.75,2392,3.91,43.21,4996,5493
2018,2,7.0,5.25,2820,6.86,45.58,4744,4970
2018,2,-2.0,21.75,1520,2.7,54.18,4426,4879
2018,2,-0.25,21.5,2863,9.62,49.33,4452,4844
2018,2,-30.5,305.25,2292,7.6,44.0,4399,4514
2018,2,-29.75,306.25,2390,7.67,44.68,4374,4535
2018,2,-33.5,307.0,2024,10.65,57.36,4221,4274
2018,2,-24.25,115.5,1374,4.06,52.72,4726,4973
2018,2,-20.5,122.0,2454,4.73,55.64,4868,5082
2018,2,-2.0,287.5,1111,5.74,53.4,4794,4940
2018,2,-4.5,15.5,2110,3.64,53.51,4444,4842
2018,2,-20.75,311.25,2323,4.75,45.71,4451,4990
2018,2,-30.0,153.25,3716,18.46,50.14,4724,4779
2018,2,-17.0,305.25,2783,4.05,39.97,4385,4811
2018,2,-5.25,19.25,3054,2.68,48.12,4296,4958
2018,2,-21.25,296.5,3278,13.66,47.62,4473,5053
2018,2,-18.25,140.5,3256,10.65,64.08,4805,4856
2018,2,-18.5,142.25,1845,11.95,52.83,4638,4766
2018,2,-5.5,283.5,1854,8.39,48.09,4680,4862
2018,2,-7.25,112.5,1911,4.47,60.83,4942,5025
2018,2,5.0,9.5,2318,10.35,45.64,4237,4878
2018,3,-9.5,38.25,2842,0.72,50.84,4395,4743
2018,3,5.75,290.25,2638,7.06,56.63,4821,4928
2018,3,5.75,8.5,1524,8.41,51.59,4714,4893
2018,3,7.0,9.5,1541,7.83,51.4,4642,4852
2018,3,14.25,100.0,1847,6.53,58.47,4717,4808
2018,3,-1.5,23.25,2831,2.54,50.4,4441,4888
2018,3,8.0,4.5,2586,9.24,48.96,4474,4840
2018,3,8.5,357.75,2104,8.95,45.72,4792,4993
2018,3,-24.5,305.5,4555,14.25,48.9,4886,5179
2018,3,3.75,12.75,2682,6.14,42.59,4341,5032
2018,3,-23.75,314.0,4614,12.15,46.21,4435,4879
2018,3,3.0,22.0,4303,3.28,49.37,4556,5011
2018,3,4.0,20.75,3103,3.26,48.21,4629,5044
2018,3,4.25,22.25,4282,3.45,46.32,4606,5041
2018,3,8.5,0.25,2786,9.49,44.09,4809,4946
2018,3,-2.75,120.5,1392,5.47,59.22,4650,4722
2018,3,-9.25,23.75,3128,3.64,43.53,3948,4979
2018,3,6.0,6.75,2178,9.0,47.14,4751,4806
2018,3,-21.75,309.75,3086,4.42,48.8,4755,5194
2018,3,-3.25,113.0,1617,5.32,59.61,4542,4629
2018,3,6.5,282.75,1462,8.57,56.77,4764,4970
2018,3,1.25,17.0,2648,5.55,53.9,4275,4610
2018,3,-8.0,112.0,1057,3.89,49.13,4661,4863
2018,3,-4.5,21.25,2021,1.05,47.81,4174,4654
2018,3,-1.5,21.5,2633,1.89,48.21,4196,4603
2018,3,0.25,22.25,2678,3.59,45.32,4343,4767
2018,3,8.5,1.5,3772,8.72,47.51,4608,4894
2018,3,-17.5,305.5,2094,5.77,44.9,4610,5143
2018,3,7.25,34.25,1729,3.06,47.32,4372,4838
2018,3,4.75,9.5,1756,4.01,48.53,4556,4933
2018,3,-25.0,310.5,3724,5.13,38.99,4278,4954
2018,3,10.0,357.0,1987,9.98,47.43,4625,4909
2018,3,7.75,27.75,1663,9.57,48.66,4339,4822
2018,3,-1.0,103.25,1744,3.28,57.1,4804,4857
2018,3,-15.0,128.25,4403,6.09,42.24,5155,5187
2018,3,-15.5,34.25,2833,3.31,45.27,3986,4768
2018,3,1.25,18.0,3181,9.78,44.34,4591,4923
2018,3,8.0,358.0,3036,1.22,53.4,4623,4855
2018,3,8.75,359.25,2873,2.51,55.35,4569,4685
2018,3,-27.75,302.25,1997,12.97,48.86,4846,4914
2018,3,4.5,28.25,2776,8.35,45.01,4001,4692
2018,3,-26.5,305.0,2951,14.56,48.53,4585,4819
2018,3,-25.0,305.0,3674,11.03,49.34,4779,5058
2018,3,-8.75,28.5,3910,2.6,37.46,3781,4849
2018,3,7.0,3.0,2477,8.69,54.15,4899,4980
2018,3,24.5,89.25,3592,23.5,36.86,3936,4013
2018,3,-19.5,44.25,2229,11.22,42.49,4108,4217
2018,4,-7.0,321.5,747,3.48,52.52,4532,4927
2018,4,1.25,22.0,2384,3.03,47.85,4310,4732
2018,4,-11.75,295.75,2054,8.81,54.15,4736,4936
2018,4,8.5,353.5,3055,9.05,55.38,4292,4625
2018,4,23.5,88.25,1644,5.05,49.95,4366,4461
2018,4,-7.75,109.0,2001,5.32,59.41,4880,4982
2018,4,-5.5,24.0,1533,4.53,52.24,4214,4839
2018,4,23.5,89.75,1787,10.38,46.85,4365,4435
2018,4,3.5,28.5,3031,12.0,43.5,4209,4940
2018,4,23.5,121.75,1805,17.24,45.86,4395,4504
2018,4,8.75,358.25,3501,3.68,53.89,4773,4938
2018,4,3.25,101.75,2361,7.63,57.62,4602,4915
2018,4,5.0,30.0,2780,6.11,44.68,4160,4884
2018,4,6.5,352.25,2187,5.34,45.45,4706,4956
2018,4,0.75,16.5,1585,1.72,53.62,4490,4834
2018,4,5.75,354.0,2669,6.22,52.19,4662,4858
2018,4,24.0,90.0,2836,20.14,46.1,4605,4642
2018,4,7.5,11.5,3050,6.6,46.83,4368,4931
2018,4,8.5,357.0,2982,12.74,48.27,4558,4906
2018,4,-32.0,303.0,3829,15.0,40.09,4476,4610
2018,4,-2.0,103.0,2526,1.24,65.4,4960,5022
2018,4,14.25,104.75,2340,4.79,51.73,4907,5022
2018,4,12.25,104.75,1665,6.49,54.98,5152,5196
2018,4,17.25,81.25,2145,8.53,51.85,4586,4773
2018,4,5.75,15.5,2835,13.68,42.89,4405,5152
2018,4,-2.75,18.25,5305,8.97,48.14,4784,5102
2018,4,-4.0,18.75,4562,8.0,45.85,4700,5097
2018,4,10.5,358.25,2079,13.93,45.68,4571,4825
2018,4,6.5,359.25,3374,12.15,50.41,4603,4906
2018,4,15.0,99.75,1826,6.15,51.33,4808,4908
2018,4,6.5,30.75,1859,8.29,47.71,4563,5016
2018,4,18.75,269.75,1463,8.29,53.99,4469,4553
2018,4,-2.75,21.0,2489,4.68,48.06,4685,5129
2018,4,7.75,352.25,3968,6.84,46.76,4189,4781
2018,4,26.0,87.75,2209,13.18,47.4,4082,4142
2018,4,5.0,97.25,2387,4.18,54.24,5004,5217
2018,4,7.75,49.0,1860,11.16,49.42,4723,5203
2018,4,5.0,21.0,2318,12.34,44.92,4713,5242
2018,5,7.75,122.75,1758,6.48,58.26,4894,5003
2018,5,-2.25,110.75,2089,4.31,57.74,4692,4784
2018,5,5.25,13.75,3209,13.08,40.03,4315,5043
2018,5,-1.75,17.75,3135,2.78,47.88,4850,5164
2018,5,10.75,119.5,1164,9.07,63.96,4892,4983
2018,5,15.75,43.25,3320,6.12,46.63,4568,4936
2018,5,13.75,43.75,3031,1.93,40.63,4301,5181
2018,5,-3.5,27.5,3607,2.94,47.07,4128,4915
2018,5,-4.0,27.75,2790,2.79,42.62,4124,4955
2018,5,-4.25,21.25,3783,1.92,50.7,4437,4915
2018,5,-18.0,302.0,2006,1.46,50.88,4421,4644
2018,5,-18.5,303.0,2208,2.01,51.62,4457,4579
2018,5,-2.25,115.75,1081,3.2,52.06,4686,4913
2018,5,9.75,284.75,2281,3.15,55.35,4485,4659
2018,5,24.5,91.0,3402,16.26,59.0,4707,4776
2018,5,19.25,101.5,3139,4.1,44.63,4373,5061
2018,5,14.75,104.25,2407,3.47,53.63,4632,4801
2018,5,18.25,97.0,2008,2.32,45.94,4315,4949
2018,5,7.0,21.25,2325,14.86,46.41,4071,4652
2018,5,15.75,105.75,2393,3.6,48.2,4610,4858
2018,5,13.75,74.25,1993,3.06,61.34,4741,4828
2018,5,4.0,117.5,2906,3.57,53.78,4920,5013
2018,5,21.75,277.25,1166,6.33,54.68,4334,4462
2018,5,9.75,350.5,2563,12.87,49.25,4364,4827
2018,5,13.0,351.75,2199,8.35,48.53,4466,4868
2018,5,34.5,263.75,2659,13.25,43.11,4015,4231
2018,5,18.5,99.25,2188,3.79,53.97,4522,4982
2018,5,16.5,269.75,1906,7.0,47.97,4503,4662
2018,5,6.75,354.0,1577,9.04,50.09,4554,4802
2018,5,10.75,4.25,2222,21.05,44.24,4605,4842
2018,5,9.25,358.25,4211,11.71,43.95,4651,4856
2018,5,9.25,357.75,3540,10.28,42.7,4593,4870
2018,5,8.75,359.5,4237,7.87,49.23,4713,4846
2018,5,11.75,345.75,1466,11.52,53.71,4857,4950
2018,5,22.0,92.5,449,10.23,52.65,4852,5100
2018,6,16.25,80.0,3910,1.37,59.77,4908,4993
2018,6,38.0,272.75,2440,18.77,46.21,4060,4190
2018,6,19.5,75.25,1141,4.91,53.72,4826,5308
2018,6,34.25,266.25,2798,12.35,38.72,4682,4915
2018,6,35.75,267.25,3937,11.49,45.77,4510,4908
2018,6,5.75,353.25,1047,3.25,56.14,4734,4911
2018,6,7.25,354.75,1637,3.5,56.92,4707,4932
2018,6,6.75,283.25,2096,7.16,61.14,5067,5154
2018,6,31.0,272.0,2828,10.95,44.2,4603,4714
2018,6,-2.5,312.0,2505,11.69,59.43,4800,4899
2018,6,9.25,349.25,2608,9.03,52.09,4234,4838
2018,6,-5.25,305.25,2087,7.0,50.61,4781,5013
2018,6,32.0,263.5,3783,12.04,47.55,4404,4533
2018,6,10.5,287.75,3365,5.63,50.57,4906,4997
2018,6,7.75,5.0,2121,9.62,47.67,4513,4986
2018,6,8.25,6.25,2176,9.82,45.81,4854,5119
2018,6,30.25,70.5,2404,5.85,56.17,4903,5223
2018,6,7.5,351.25,2070,14.96,45.88,4533,4978
2018,6,9.25,350.25,3087,14.24,45.24,4474,5080
2018,6,26.25,77.75,2294,3.2,57.14,5304,5530
2018,6,28.25,77.25,2849,8.33,59.12,5222,5435
2018,6,20.25,106.0,2503,6.63,68.56,5467,5489
2018,6,6.75,30.25,1770,8.95,49.47,4536,4964
2018,6,8.75,31.5,1620,6.78,55.73,4436,4841
2018,6,7.75,7.5,1520,10.96,49.74,4479,4743
2018,6,38.0,265.5,3154,15.93,43.41,4472,4728
2018,6,2.5,22.5,2140,5.57,43.56,4739,5169
2018,6,10.5,26.5,1799,8.76,48.85,4332,4764
2018,6,-18.75,302.5,1876,17.23,51.08,4535,4638
2018,6,37.25,260.25,4445,15.58,39.44,4266,4918
2018,6,38.0,260.5,3785,13.68,42.6,4320,4998
2018,6,11.25,347.25,3012,7.57,44.54,4482,5246
2018,6,11.75,347.75,2762,5.42,44.82,4388,5132
2018,6,13.25,348.75,1752,7.38,50.62,4739,4962
2018,6,32.0,272.5,1467,5.49,52.09,4203,4343
2018,6,27.25,278.75,2903,5.22,52.84,4403,4546
2018,6,44.5,268.0,3684,16.3,43.22,4219,4499
2018,6,42.75,272.25,2300,7.7,54.09,4177,4363
2018,6,2.5,103.5,2158,1.85,53.05,4932,5018
2018,6,18.0,264.5,872,5.3,60.26,4887,4973
2018,6,24.0,89.5,4020,4.24,64.41,4953,4964
2018,6,9.0,12.25,3289,13.68,48.78,4677,4982
2018,6,9.0,350.0,2376,5.53,46.18,4003,4562
2018,6,8.75,278.75,1746,9.12,53.06,4592,4895
2018,6,6.5,20.25,1620,4.09,49.72,4439,4972
2018,6,6.25,19.75,2344,5.59,47.38,4362,4911
2018,6,8.5,284.75,2007,8.2,59.19,4749,4845
2018,6,42.5,266.75,2371,11.81,51.01,4726,5070
2018,6,10.0,26.75,1332,8.05,52.47,4196,4618
2018,6,27.0,116.5,2837,6.4,54.9,5216,5550
2018,6,10.0,15.75,1535,14.05,57.75,4373,4709
2018,6,11.75,10.75,1513,9.36,56.37,4241,4645
2018,6,27.5,83.75,4420,11.51,55.01,4998,5292
2018,6,30.75,277.75,2481,6.18,53.69,4872,4975
2018,6,23.25,84.75,2200,3.6,52.36,4573,5223
2018,6,22.25,109.75,2144,7.83,62.07,5095,5271
2018,6,36.0,283.0,1885,17.12,47.33,4546,4636
2018,6,37.75,283.5,2119,19.07,50.34,4306,4384
2018,6,13.5,357.5,1929,12.25,61.49,4385,4719
2018,6,23.0,87.0,2628,7.6,69.78,5175,5278
2018,6,12.0,349.5,1614,11.95,51.26,4251,4688
2018,6,21.0,71.75,2494,10.11,69.36,5037,5052
2018,6,35.75,275.0,3944,6.8,46.45,4100,4584
2018,6,36.5,267.75,2338,12.98,42.0,4516,4780
2018,6,59.0,54.25,4448,1.65,30.62,3679,3897
2018,6,33.25,117.0,2664,13.72,72.58,5253,5274
2018,6,14.0,7.5,2892,16.83,49.37,4365,4764
2018,6,11.25,10.5,2290,16.67,47.64,4240,4685
2018,6,33.75,276.5,1771,3.72,51.48,4179,4394
2018,6,20.5,281.5,2923,6.94,46.16,4458,4606
2018,6,33.75,258.5,2677,9.42,46.72,3934,4899
2018,6,12.75,349.0,3416,17.77,55.24,4539,4843
2018,7,39.25,263.75,3300,11.46,50.37,4363,4710
2018,7,-2.0,20.5,2212,5.66,51.21,4313,4707
2018,7,43.75,265.25,3451,16.25,50.81,4091,4475
2018,7,5.5,24.75,3903,10.33,45.68,4236,4873
2018,7,40.5,273.0,2126,5.6,55.45,4567,4788
2018,7,44.75,277.0,3923,14.6,49.18,4421,4599
2018,7,14.75,7.75,3903,11.92,41.37,4524,4956
2018,7,11.0,8.75,3592,11.29,44.21,4066,4720
2018,7,30.25,265.25,1743,10.13,58.68,4446,4619
2018,7,17.0,351.25,2237,5.23,46.33,4769,4965
2018,7,21.25,255.0,4996,1.27,46.32,4076,4761
2018,7,10.75,2.25,2710,12.89,49.36,4371,4680
2018,7,51.75,264.5,3688,33.18,38.88,4226,4534
2018,7,23.5,76.75,3117,12.7,56.68,5126,5574
2018,7,9.75,285.5,4492,11.11,54.71,4945,5029
2018,7,32.0,75.0,1428,4.31,72.09,5386,5639
2018,7,27.5,76.0,2698,4.12,69.12,5439,5896
2018,7,9.5,13.0,2459,7.68,55.39,4480,4741
2018,7,1.0,16.5,6451,0.69,43.72,4472,4825
2018,7,32.25,269.0,2014,5.0,59.44,4598,4731
2018,7,7.0,0.75,913,8.2,51.28,4514,4816
2018,7,45.5,267.5,4068,14.03,54.96,4670,4991
2018,7,37.25,119.0,2805,17.45,64.46,5519,5547
2018,7,32.0,272.75,2199,3.24,52.27,4668,4820
2018,7,31.25,273.5,3102,2.55,57.35,4786,4935
2018,7,22.25,255.0,3450,4.32,46.39,4069,4846
2018,7,11.5,23.75,2259,9.51,46.7,4343,4984
2018,7,19.0,288.0,1861,4.36,46.41,4334,4632
2018,7,37.5,112.25,2109,2.97,52.54,4414,5233
2018,7,38.25,114.0,3141,7.71,59.46,5073,5472
2018,7,10.75,9.75,1726,6.23,48.93,4556,5090
2018,7,1.0,21.5,1839,5.58,44.97,4581,4993
2018,7,0.0,22.5,2422,5.52,43.58,4547,4999
2018,7,-0.25,23.0,2892,3.4,45.44,4467,4920
2018,7,15.0,353.75,1997,7.0,49.71,4486,4788
2018,7,12.25,354.25,1174,7.67,57.57,4439,4774
2018,7,9.75,285.25,2474,7.02,50.54,4897,4971
2018,7,31.0,72.25,2710,9.13,61.32,5287,5436
2018,7,38.25,265.25,4048,23.77,44.15,4328,4604
2018,7,13.75,3.25,2179,11.08,59.07,4443,4691
2018,7,19.0,110.25,1692,4.63,67.8,5015,5163
2018,7,24.0,86.5,2871,7.28,60.8,5590,5827
2018,7,15.75,354.75,1359,13.52,49.73,4550,4850
2018,7,11.75,357.0,2600,11.8,53.1,4550,4825
2018,7,37.75,274.75,3022,16.07,41.6,3964,4195
2018,7,-1.75,105.75,1588,8.36,53.04,4531,4614
2018,7,11.0,20.25,1509,12.75,50.94,4408,4840
2018,7,3.75,17.0,3416,8.01,44.8,4289,4860
2018,7,15.25,30.5,2092,6.21,54.86,4408,4967
2018,7,14.25,8.25,3083,8.21,49.17,4245,4690
2018,7,12.25,7.5,2168,7.18,51.32,4208,4740
2018,7,29.0,78.0,2632,2.69,72.62,5600,5818
2018,7,13.25,359.5,1809,11.02,58.8,4470,4764
2018,7,40.5,119.25,1922,16.03,55.33,5070,5525
2018,7,10.75,18.5,3070,2.43,47.17,4170,4606
2018,7,34.0,109.0,2837,1.75,46.34,4168,5321
2018,7,31.5,111.0,2504,1.0,47.39,4098,5281
2018,7,23.75,113.5,2720,4.48,57.61,4978,5165
2018,7,21.0,254.5,3132,10.01,58.32,4747,4860
2018,7,29.0,120.5,3639,1.62,45.83,4653,5052
2018,7,21.25,272.25,2564,2.24,51.14,4786,4933
2018,7,25.75,279.25,4257,0.35,56.48,4510,4658
2018,7,13.75,42.5,5819,11.4,55.2,4670,4730
2018,8,34.75,113.25,2564,4.51,55.54,5050,5298
2018,8,33.5,113.75,3359,3.64,55.65,5094,5166
2018,8,29.0,115.25,2715,1.09,54.78,4637,5061
2018,8,28.5,115.75,2589,1.51,58.09,5038,5072
2018,8,8.75,285.5,2371,10.26,62.25,4726,4825
2018,8,17.25,14.75,2389,12.64,54.59,4394,4783
2018,8,16.5,14.25,2554,13.81,55.63,4441,4793
2018,8,38.75,115.75,1700,4.06,69.47,5603,5660
2018,8,-1.25,26.75,4220,20.49,36.48,3985,4592
2018,8,7.0,283.0,2479,4.61,58.2,4912,5008
2018,8,32.0,107.25,3748,7.37,52.6,4607,5368
2018,8,35.5,281.0,2311,4.1,50.9,4565,4707
2018,8,13.75,35.5,4255,7.64,43.63,4076,4658
2018,8,11.75,357.0,1549,3.8,53.8,4760,5035
2018,8,6.25,27.0,3328,6.16,41.41,4215,4795
2018,8,21.75,113.0,1278,8.44,69.55,5456,5469
2018,8,14.25,37.25,3317,9.22,43.22,3978,4902
2018,8,14.75,352.0,1435,7.97,58.03,4591,4864
2018,8,14.75,267.25,3510,4.1,57.17,4560,4674
2018,8,15.75,266.5,3396,0.09,49.45,4515,4824
2018,8,41.0,1.5,3423,16.3,45.04,3936,4051
2018,8,-3.5,291.25,5116,7.98,51.01,4676,4772
2018,8,-5.0,19.25,3598,11.06,37.55,4126,4720
2018,8,11.0,10.5,2962,13.09,50.8,4660,5107
2018,8,38.0,267.25,3549,10.84,53.09,4331,4613
2018,8,15.5,3.0,3448,10.13,52.35,4666,4956
2018,8,12.25,354.75,2855,10.37,50.5,4594,4956
2018,8,6.75,282.75,3177,9.91,60.24,4738,4898
2018,8,28.0,248.75,2270,0.53,60.14,4752,4884
2018,8,11.75,4.25,1282,8.6,52.4,4472,4673
2018,8,13.5,36.0,3127,4.44,48.12,4106,4744
2018,8,36.75,268.0,792,15.67,55.71,4306,4628
2018,8,17.75,266.0,3046,10.58,56.59,4625,4736
2018,8,7.0,283.0,1233,8.09,52.55,4804,4898
2018,8,11.0,350.75,1338,1.48,51.17,4345,4734
2018,8,10.25,288.0,3978,7.61,49.67,4765,4856
2018,8,27.5,250.5,4072,5.15,51.37,4538,4822
2018,8,10.5,78.5,816,1.86,54.81,4638,4824
2018,8,12.25,8.25,1302,15.08,53.16,4442,4950
2018,8,21.75,255.0,3013,6.26,51.25,4665,4940
2018,8,36.25,139.75,1767,22.43,56.02,4798,4902
2018,8,2.0,297.0,1193,8.51,49.57,4489,4736
2018,8,-1.0,14.25,2308,4.47,43.5,4301,4826
2018,8,10.25,285.0,2137,8.84,51.97,4920,4984
2018,8,8.75,282.25,1582,7.45,53.26,4724,4874
2018,8,-4.75,21.25,2841,4.2,46.24,4275,4756
2018,8,-2.75,22.75,2905,5.36,45.74,4237,4751
2018,8,-3.25,21.25,1797,6.94,48.29,4238,4670
2018,8,-1.25,22.5,2193,5.44,42.57,4586,5012
2018,8,-0.75,23.75,2902,4.6,47.25,4446,4890
2018,8,15.0,5.75,2211,13.51,46.83,4462,4905
2018,8,15.5,5.0,2058,13.33,45.72,4570,4969
2018,8,7.0,81.5,2472,6.16,52.68,4706,4837
2018,8,13.5,14.0,2745,9.03,50.33,4652,4934
2018,8,15.5,14.25,2311,12.61,49.66,4508,4851
2018,8,36.75,136.5,1307,9.57,62.07,4740,4834
2018,8,-2.0,298.0,2815,7.78,48.21,4820,4895
2018,8,20.0,282.75,2020,2.87,54.52,4572,4686
2018,8,35.25,266.5,2383,11.97,45.51,4326,4524
2018,8,36.0,268.5,1876,11.28,56.37,4127,4281
2018,8,1.25,17.25,2604,2.8,50.25,4548,4875
2018,9,-9.5,289.0,2621,1.65,50.02,4499,4771
2018,9,-2.5,291.75,1967,6.05,47.9,4806,4914
2018,9,1.25,293.5,1844,7.78,49.07,4858,4934
2018,9,12.75,273.25,1825,3.94,59.21,4673,4780
2018,9,22.75,277.75,1998,1.95,47.97,4585,4698
2018,9,41.75,266.25,3273,16.84,57.81,4134,4422
2018,9,41.25,267.5,3900,17.55,52.0,4314,4554
2018,9,41.5,267.0,3204,18.04,52.81,4266,4521
2018,9,11.25,108.25,2676,8.09,52.73,4550,4829
2018,9,-9.5,295.5,1969,1.06,50.61,4668,4790
2018,9,0.75,299.5,2019,6.83,49.4,4816,4906
2018,9,3.0,301.0,2115,5.8,48.61,4831,5048
2018,9,20.0,270.0,2500,3.45,55.62,4808,4891
2018,9,43.0,284.5,2212,10.97,44.49,4255,4580
2018,9,17.0,82.0,2075,4.45,59.57,5095,5133
2018,9,7.75,7.5,1776,3.99,52.02,4461,4725
2018,9,17.25,347.75,2752,9.03,53.04,4455,4668
2018,9,19.0,256.25,1913,8.63,54.08,4697,4942
2018,9,-1.25,18.5,1943,2.29,50.22,4492,4814
2018,9,-2.5,20.75,2233,11.38,48.87,4160,4584
2018,9,41.75,286.0,3328,15.32,48.27,4288,4448
2018,9,37.0,8.0,3010,17.62,43.05,4077,4199
2018,9,5.5,23.5,3756,5.75,48.34,4240,4828
2018,9,0.25,25.5,1485,8.34,48.59,4387,4846
2018,9,23.5,110.25,857,2.58,65.94,5135,5230
2018,9,12.0,34.0,2541,10.04,47.82,4220,4715
2018,9,13.0,35.75,2294,11.77,44.57,4230,4786
2018,9,32.75,266.0,2107,1.92,61.74,4682,4790
2018,9,-0.25,15.5,1960,6.79,47.33,4318,4680
2018,9,14.0,357.5,2457,11.15,50.67,4374,4683
2018,9,22.75,262.0,2443,5.7,53.47,4940,5019
2018,9,4.5,20.5,3193,3.39,47.11,4056,4495
2018,9,-3.0,284.5,2345,7.92,48.89,4570,4771
2018,9,16.0,39.0,4323,4.89,35.86,4296,4853
2018,9,8.75,3.25,3860,6.67,45.48,4265,4640
2018,9,-10.0,290.75,1587,3.51,51.87,4456,4678
2018,9,21.0,96.0,2085,5.9,55.82,4910,5057
2018,9,13.25,350.25,2275,6.21,47.41,4429,4730
2018,9,3.75,26.5,2268,4.99,44.77,4266,4904
2018,9,12.0,30.75,3247,6.64,42.95,4170,4815
2018,9,6.75,285.75,3434,8.93,57.74,4577,4770
2018,9,-4.0,17.75,3247,3.64,46.14,4491,4880
2018,9,12.5,346.75,2548,9.15,54.4,4678,4783
2018,9,12.0,1.25,2548,12.0,48.15,4408,4650
2018,9,12.75,355.25,3529,9.0,50.47,4457,4775
2018,9,17.25,97.25,5469,5.48,55.42,4891,4981
2018,9,6.5,9.5,1656,8.09,48.36,4288,4818
2018,9,14.5,0.75,2759,6.18,54.62,4503,4766
2018,9,-9.25,17.75,3507,4.81,46.34,4028,4830
2018,10,14.0,269.25,2622,2.74,57.42,4712,4859
2018,10,11.25,18.0,3100,8.73,43.71,4230,4645
2018,10,11.0,13.0,3269,6.54,44.59,4591,5016
2018,10,16.75,43.0,3655,2.48,51.78,4707,4813
2018,10,11.75,358.25,3455,3.54,44.31,4680,5004
2018,10,12.0,29.5,2652,1.84,43.22,4224,4948
2018,10,11.5,6.75,3766,7.67,42.32,4326,4930
2018,10,-2.5,112.75,1512,5.72,53.52,4967,5033
2018,10,-2.5,113.5,2600,6.84,56.89,5041,5111
2018,10,2.25,18.0,3443,5.03,49.08,4634,4977
2018,10,2.0,19.25,3233,5.01,49.88,4601,4944
2018,10,12.5,22.75,2743,11.33,44.76,4332,5026
2018,10,-0.5,27.25,3165,2.9,39.94,4136,4942
2018,10,9.5,8.0,2444,4.13,48.84,4319,4962
2018,10,14.5,343.75,3578,10.4,50.63,4657,4751
2018,10,11.25,345.5,1906,14.73,54.93,4898,4990
2018,10,3.0,20.25,2885,5.15,47.8,4534,4939
2018,10,8.75,354.75,2648,8.94,49.74,4701,5031
2018,10,8.75,353.5,2928,7.22,45.89,4409,4753
2018,10,-31.5,301.25,4147,21.7,35.98,3999,4060
2018,10,8.5,26.75,2431,6.39,45.81,4480,4991
2018,10,6.0,28.25,1985,5.41,45.09,4465,5033
2018,10,7.0,4.25,1203,7.95,50.68,4567,4682
2018,10,12.0,346.75,2252,5.24,43.23,4730,4846
2018,10,-13.25,309.75,2999,3.78,51.53,4746,5012
2018,10,5.0,114.25,2037,8.74,52.96,4963,5036
2018,10,4.5,22.5,2411,3.99,50.59,4421,4924
2018,10,3.0,297.75,1471,3.89,46.38,4577,4894
2018,10,-1.0,299.0,1498,5.53,52.59,4925,4994
2018,10,-3.0,300.5,2844,7.66,52.67,4899,4972
2018,10,-18.0,305.75,3179,2.2,50.01,4786,5131
2018,10,-18.75,306.75,3078,3.88,47.03,4401,5057
2018,10,11.5,350.0,3762,2.53,42.58,4316,4728
2018,10,2.25,103.75,2864,3.48,58.88,4867,4949
2018,10,12.25,75.75,2643,10.43,44.97,4093,4890
2018,10,10.5,8.0,3222,7.97,45.68,4028,4690
2018,10,9.75,7.5,3425,8.57,46.04,4119,4688
2018,10,6.25,9.25,1606,9.77,49.26,4399,4789
2018,10,-7.0,304.5,2523,8.21,45.21,4602,4849
2018,10,-9.75,306.0,3618,5.19,47.93,4661,5003
2018,10,-11.5,305.5,2757,6.66,47.38,4784,5133
2018,10,-11.0,306.5,3679,4.49,51.39,4783,5100
2018,10,-13.5,306.0,2836,5.03,49.57,4638,5081
2018,10,-14.0,307.0,3065,2.7,50.82,4734,5136
2018,10,-18.0,309.25,3037,5.38,44.25,4471,5144
2018,10,3.25,19.25,3385,8.48,49.23,4324,4688
2018,10,-6.5,20.75,3182,9.34,50.99,4291,4864
2018,10,-4.0,22.0,1669,5.92,50.27,4372,4859
2018,10,-1.25,295.75,3403,2.04,51.32,4932,5008
2018,10,-3.75,297.25,2816,3.71,46.95,4972,5045
2018,10,-11.25,298.25,1963,3.39,51.24,4787,5002
2018,10,-13.5,299.25,2194,5.39,49.91,4934,5180
2018,10,16.0,101.5,2740,5.3,50.81,4529,4934
2018,10,15.0,101.25,2254,5.14,53.43,4686,4877
2018,10,12.75,101.25,3673,8.35,53.1,4738,4823
2018,10,16.25,78.25,2553,2.53,51.75,4142,4536
2018,10,-7.75,307.5,2273,2.94,52.35,4754,5055
2018,10,-10.5,304.5,1423,2.52,53.95,4635,4920
2018,10,-17.0,295.75,1750,4.6,58.82,4761,5007
2018,10,26.25,51.5,3198,8.99,40.96,3899,4033
2018,10,25.75,51.5,3710,10.27,41.95,3918,4051
2018,10,-4.5,17.75,3744,4.59,50.63,4259,4688
2018,10,-8.25,302.75,2651,3.42,53.48,4644,4902
2018,10,11.0,106.5,1717,14.86,58.07,4745,4862
2018,10,-1.75,26.75,2758,6.96,45.13,4088,4722
2018,10,-6.5,306.75,1375,8.35,48.81,4647,4922
2018,10,4.0,21.0,4011,6.42,47.1,4606,5078
2018,10,-3.5,25.25,1701,2.66,52.76,4147,4650
2018,10,-29.75,304.5,1477,19.3,52.15,4381,4494
2018,10,-27.25,305.0,3554,18.4,50.33,4421,4746
2018,11,-10.0,311.0,3229,6.08,44.12,4564,4881
2018,11,-11.75,307.25,2591,2.1,56.49,4463,4769
2018,11,-10.5,22.5,3245,6.26,47.74,4109,5163
2018,11,-7.0,23.75,3699,8.29,43.06,4421,5205
2018,11,3.75,14.5,2744,7.21,45.75,4298,4961
2018,11,-3.25,12.5,1688,4.4,56.5,4933,5150
2018,11,-3.0,13.75,2633,5.01,45.22,4516,5103
2018,11,0.0,23.75,3675,9.76,44.8,4689,5133
2018,11,-29.25,300.25,3553,18.55,59.98,5031,5074
2018,11,-9.25,303.0,3664,3.97,53.51,4941,5166
2018,11,7.25,349.5,1957,5.32,47.82,4746,5016
2018,11,-7.25,17.25,2590,3.32,45.62,4426,5038
2018,11,-2.0,18.75,3043,6.12,43.95,4631,4943
2018,11,7.0,358.0,2733,6.48,43.17,4540,4831
2018,11,-28.0,298.25,3586,19.35,43.89,4764,4854
2018,11,2.5,99.5,3152,5.39,55.59,4590,4922
2018,11,-17.25,45.0,1804,5.51,47.56,4246,4584
2018,11,5.0,5.75,2034,10.49,54.52,4626,4714
2018,11,14.0,98.0,3038,8.72,50.82,4704,4796
2018,11,17.5,122.0,1009,7.64,56.73,4244,4739
2018,11,-6.25,107.25,1726,3.96,52.39,4853,4931
2018,11,-0.25,15.0,2882,9.25,48.55,4559,4961
2018,11,5.5,355.0,2639,10.29,45.37,5070,5147
2018,11,11.75,75.75,1784,7.93,53.63,4749,5060
2018,11,-11.75,131.0,2203,9.82,53.56,4757,4839
2018,11,-6.25,315.25,1423,5.96,57.79,4570,4874
2018,11,-9.5,124.5,1891,0.66,52.47,4729,5204
2018,11,-12.0,133.25,2643,7.85,56.38,4909,4978
2018,11,-19.75,301.0,3070,6.54,56.09,4609,4767
2018,11,-16.75,44.75,1843,3.36,47.29,4828,4936
2018,11,-16.0,46.75,1820,4.74,50.23,4808,4911
2018,11,-2.75,27.75,2846,2.98,44.49,4369,5120
2018,12,-17.0,145.5,1769,7.81,49.81,4308,4766
2018,12,-13.25,302.75,2550,14.0,54.2,4726,5092
2018,12,-5.5,317.25,1251,2.8,58.84,4450,4604
2018,12,-15.75,48.25,1770,4.54,44.94,4670,4966
2018,12,-28.25,297.25,3013,24.63,53.14,5003,5117
2018,12,-28.75,298.75,1954,14.17,54.02,5014,5084
2018,12,-4.25,21.0,2440,1.67,46.54,4193,4651
2018,12,-1.25,12.5,3505,13.7,44.08,4445,4878
2018,12,-0.25,21.5,3226,8.24,53.62,4457,4849
2018,12,-13.25,34.5,1918,6.12,51.43,4487,4974
2018,12,-15.25,132.25,1976,7.25,65.7,4573,4755
2018,12,-26.75,303.0,3838,13.23,53.36,4569,4686
2018,12,-24.5,312.25,1794,3.75,53.31,4576,4652
2018,12,-16.5,144.5,4675,2.29,54.45,4758,5096
2018,12,-18.0,122.25,3026,9.2,54.52,4944,4984
2018,12,-13.25,130.75,2503,14.55,65.31,4968,5054
2018,12,-7.5,112.5,2034,8.28,50.48,4467,4767
2018,12,-29.5,297.5,2569,12.9,56.86,4796,4878
2018,12,-30.25,297.75,2318,14.15,52.03,4736,4813
2018,12,-29.0,297.75,4132,6.31,56.95,4613,4696
2018,12,-15.5,125.5,3186,11.73,57.51,4875,5177
2018,12,2.0,25.25,2235,8.27,43.24,4682,5157
2018,12,-0.5,25.75,2319,8.84,43.73,4697,5191
2018,12,-2.0,27.0,2589,8.53,44.18,4211,4852
2018,12,-21.25,33.75,2584,5.45,49.3,4764,4868
2018,12,-24.0,302.0,3255,10.84,52.27,5079,5164
2018,12,-23.25,302.75,3011,6.05,57.04,5072,5175
2018,12,-11.75,39.25,2233,2.17,47.87,4491,4977
2018,12,-13.75,39.75,2352,4.34,46.59,4567,4859
2018,12,1.5,20.0,2966,9.98,41.55,4568,4932
2018,12,0.75,18.75,2916,9.6,43.64,4569,4910
2018,12,0.25,20.5,2469,12.02,41.4,4526,4904
2018,12,-28.0,31.5,1950,11.1,49.18,4101,4696
2018,12,0.25,27.75,4160,12.02,43.68,4323,5019
2018,12,-16.5,35.25,1443,4.98,51.33,4851,5050
2019,1,-36.5,297.5,2033,23.17,46.43,4698,4811
2019,1,-36.75,298.25,1568,25.43,48.23,4717,4837
2019,1,-16.0,130.5,2727,8.32,51.72,4752,4945
2019,1,-16.75,130.25,1553,6.48,48.01,4684,4971
2019,1,-16.25,132.0,2729,6.91,48.53,4805,5031
2019,1,-17.0,305.25,2110,5.53,46.21,4531,4957
2019,1,-28.5,310.75,1878,15.88,60.91,5050,5234
2019,1,-18.25,141.25,2371,8.74,48.67,4647,4692
2019,1,-19.5,128.25,2476,14.52,47.66,4562,4894
2019,1,-10.25,309.0,2616,5.3,46.15,4896,5127
2019,1,-2.75,303.75,2272,3.51,58.68,4806,4900
2019,1,-28.5,306.5,1581,7.19,47.0,4707,5145
2019,1,-12.75,134.0,3048,9.7,50.41,4634,4852
2019,1,-13.25,135.25,3180,9.9,58.14,4754,4903
2019,1,-19.75,146.75,1240,4.38,65.31,4877,5074
2019,1,-20.25,30.25,3039,0.59,42.96,4023,4975
2019,1,-21.5,31.5,1603,4.12,46.56,4572,5011
2019,1,-13.5,309.5,3603,8.59,51.74,4284,4531
2019,1,-13.75,311.0,2985,8.26,43.56,4102,4574
2019,1,-0.75,18.75,5077,6.48,48.87,4512,4868
2019,1,0.25,19.0,5430,7.08,46.11,4534,4876
2019,1,-31.5,304.0,1385,18.38,52.66,4271,4471
2019,1,4.25,9.0,2993,2.22,51.04,4585,4847
2019,1,-25.0,311.25,3033,3.37,48.9,4099,4700
2019,1,-24.25,312.75,3312,7.65,56.0,4592,4889
2019,1,-2.75,134.75,1503,2.87,62.2,4901,5039
2019,1,4.25,7.0,1554,8.64,54.75,4572,4687
2019,1,-9.0,301.75,1525,5.22,56.47,4463,4706
2019,1,-4.75,21.25,2868,8.93,49.11,4488,4969
2019,1,-17.5,305.5,2125,4.93,51.71,4343,4876
2019,1,-13.5,293.25,396,1.56,60.43,4482,4646
2019,1,-8.5,21.5,4036,4.64,44.24,4037,4942
2019,1,-35.75,297.0,3034,23.31,48.37,4506,4605
2019,1,-35.0,299.5,1699,15.59,53.78,4732,4791
2019,1,-16.25,130.75,1983,14.45,56.25,4825,5004
2019,1,2.0,114.5,2823,3.49,49.8,4052,4761
2019,1,5.75,358.0,2191,1.72,53.37,4762,4898
2019,1,-29.5,295.75,866,16.85,58.82,4670,4902
2019,1,-28.5,296.5,2017,15.09,59.76,4913,5024
2019,2,-13.5,295.25,878,1.98,62.54,4558,4696
2019,2,-0.5,27.75,4652,9.33,35.53,4109,4966
2019,2,-28.0,305.25,3081,13.04,54.37,4540,4774
2019,2,-20.25,309.0,2708,8.08,42.36,4429,4805
2019,2,2.75,23.5,3338,2.57,41.85,4677,5126
2019,2,5.0,8.0,2347,4.54,58.65,4911,5001
2019,2,5.25,9.25,3059,4.64,49.57,4563,5000
2019,2,6.25,9.5,2354,2.44,47.96,4378,4954
2019,2,-5.25,318.25,2057,1.46,51.89,4978,5189
2019,2,-22.0,47.5,2032,12.14,46.04,4497,4875
2019,2,-13.75,135.5,2140,5.62,50.47,5214,5303
2019,2,-14.5,128.0,4309,6.67,57.15,4921,4961
2019,2,-4.5,16.0,2623,11.26,42.78,4577,5237
2019,2,-7.5,22.25,2989,1.81,44.8,4597,5463
2019,2,-4.75,24.25,3558,7.47,51.58,4769,5362
2019,2,1.0,25.75,3805,6.27,47.37,4843,5339
2019,2,-16.5,36.75,2694,1.16,49.68,4868,5146
2019,2,-26.5,297.0,3007,9.46,43.21,4969,5165
2019,2,-2.0,26.75,2132,9.29,43.69,4846,5441
2019,2,-20.25,309.5,1771,6.34,58.96,4434,4863
2019,2,-11.25,32.5,2933,7.18,45.47,4230,5115
2019,2,-5.5,323.75,1442,1.22,52.35,4765,4927
2019,2,-17.5,37.25,2621,3.75,54.18,4853,4954
2019,2,6.75,80.5,2111,3.06,45.04,4419,4961
2019,2,-19.0,125.0,2661,12.14,42.27,4626,4790
2019,2,-16.25,294.75,2155,1.97,60.17,5005,5193
2019,2,-35.75,299.5,2111,19.15,50.03,4492,4564
2019,2,5.25,7.5,3191,1.64,52.23,4805,4901
2019,2,-19.5,313.5,4721,7.04,38.86,7230,8233
2019,2,-2.25,23.5,1548,16.15,49.33,4454,4929
2019,2,-13.75,34.75,1992,5.16,47.29,4750,5214
2019,2,7.75,3.0,2599,8.02,54.23,4425,4609
2019,3,-28.25,31.5,2290,8.85,45.01,4569,5064
2019,3,2.0,26.25,3250,11.96,46.61,4386,4925
2019,3,3.5,12.0,4316,14.75,47.01,4215,4895
2019,3,1.5,12.75,5449,13.02,44.64,4396,4943
2019,3,1.25,14.0,4367,10.57,45.95,4420,4933
2019,3,-14.75,309.75,2253,6.82,50.56,4528,4892
2019,3,-2.5,24.0,6408,7.19,44.99,4396,4931
2019,3,-4.25,25.25,4810,6.49,43.91,4539,5081
2019,3,9.5,286.0,2275,3.23,51.25,4778,4884
2019,3,-18.0,142.5,2168,13.47,45.38,4703,4856
2019,3,3.5,15.5,3563,4.48,36.75,4351,4999
2019,3,-20.25,301.25,2951,7.24,58.53,4805,4904
2019,3,6.0,8.75,5450,8.68,52.76,4937,5051
2019,3,-1.0,10.5,2846,8.49,50.47,5056,5201
2019,3,-4.0,12.75,2031,11.97,50.4,4839,5130
2019,3,-25.0,311.75,2813,15.05,49.62,4379,4762
2019,3,0.5,18.5,2151,10.43,51.03,4800,5128
2019,3,-9.75,22.25,5201,2.67,39.62,4130,5186
2019,3,-6.75,312.5,2510,8.59,50.91,4841,5071
2019,3,-4.5,21.75,2405,10.41,51.33,4418,4949
2019,3,-13.5,32.25,3401,5.32,44.58,4075,4895
2019,3,-16.0,34.0,3916,9.99,58.18,4510,4837
2019,3,-14.75,32.75,3386,9.49,51.06,4354,4945
2019,3,8.0,1.5,3414,0.63,50.58,4753,4972
2019,3,5.75,292.0,1213,6.58,54.91,4996,5078
2019,3,0.0,17.25,5227,11.73,48.26,4540,4861
2019,3,7.5,285.75,4305,1.59,40.91,4208,5085
2019,3,-0.5,289.0,3373,2.56,58.45,4993,5152
2019,3,4.0,98.0,2320,5.05,54.59,4565,4964
2019,3,-13.5,35.75,2903,2.95,43.5,4098,4972
2019,3,3.75,294.0,2630,3.14,46.1,4535,4968
2019,3,-23.5,47.25,1861,11.66,46.6,4367,4718
2019,3,-13.25,309.5,2178,1.62,57.8,4927,5165
2019,3,6.5,358.25,2974,12.89,53.49,4785,5008
2019,3,-10.25,318.0,2178,5.48,55.78,4478,4911
2019,3,-14.5,131.25,3434,11.5,52.36,4784,4971
2019,3,13.0,106.25,1952,0.51,51.5,4950,5025
2019,3,-7.75,113.25,1312,5.14,60.09,4856,4985
2019,3,8.0,351.0,1856,3.56,48.89,4370,4835
2019,3,7.25,351.25,3013,1.59,52.09,4270,4627
2019,3,-0.25,21.75,2516,14.49,47.12,4459,4862
2019,3,7.25,0.25,1741,4.91,47.6,4711,4853
2019,3,6.5,0.25,1733,7.12,49.38,4800,4907
2019,3,-21.5,44.5,2758,1.5,46.24,4742,5059
2019,3,-16.75,49.75,2209,6.15,58.53,4972,5054
2019,3,2.75,18.0,2930,15.05,46.29,4523,4882
2019,3,-15.0,128.25,4257,6.69,54.51,5083,5157
2019,3,-1.75,295.75,1659,2.4,55.75,5095,5160
2019,3,-1.0,8.5,1780,14.11,58.69,5008,5105
2019,3,-14.25,308.0,1146,1.01,54.9,4914,5189
2019,3,6.0,356.25,2523,12.04,54.89,4849,4955
2019,3,1.0,26.75,2930,11.95,41.22,4365,4974
2019,3,24.5,90.0,2112,11.3,45.47,4676,4749
2019,3,0.75,12.75,1600,6.11,48.81,4493,5015
2019,3,7.0,351.75,1975,4.45,55.2,4586,4880
2019,3,-7.0,322.0,328,4.77,65.84,4427,4701
2019,3,14.25,102.75,1814,7.03,51.23,4524,4771
2019,3,-33.25,296.75,984,11.42,53.52,4358,4506
2019,4,-23.0,300.75,2000,10.98,58.52,4834,4945
2019,4,4.5,23.5,2024,6.29,47.54,4282,4830
2019,4,3.5,23.0,2538,7.64,46.85,4430,4941
2019,4,2.75,22.25,2969,7.42,47.12,4400,4864
2019,4,-2.0,25.75,3495,7.25,46.82,4280,4776
2019,4,-7.0,27.0,2464,4.77,48.54,4177,4788
2019,4,8.25,99.25,1910,0.69,54.42,4791,4886
2019,4,-0.5,10.75,2198,7.23,51.61,4706,4939
2019,4,16.75,104.25,1792,10.49,48.89,4494,4759
2019,4,3.25,26.0,3689,2.79,46.13,4220,4864
2019,4,-30.25,306.0,1906,14.1,51.49,4772,4906
2019,4,-3.0,20.5,3595,9.37,51.86,4405,4825
2019,4,-2.25,24.75,3998,10.47,57.82,4527,5048
2019,4,-3.0,26.25,4114,6.62,44.26,4437,4965
2019,4,3.5,14.0,4246,7.51,44.27,4303,4973
2019,4,4.5,14.75,3496,7.83,46.81,4266,4920
2019,4,5.25,13.75,2451,7.22,46.05,4196,4924
2019,4,4.75,23.0,1747,14.67,54.94,4372,4904
2019,4,21.25,86.25,3902,10.24,44.73,4511,4597
2019,4,6.0,7.75,1712,12.05,65.33,4515,4626
2019,4,-3.25,22.75,4294,13.27,42.55,4593,5101
2019,4,-0.5,24.5,4557,11.24,45.77,4709,5173
2019,4,-18.25,33.25,2172,12.32,51.92,4205,4848
2019,4,18.25,103.0,3422,8.44,51.31,4717,5035
2019,4,-26.75,298.5,3122,11.3,52.58,5180,5313
2019,4,10.25,0.0,2543,5.04,56.78,4689,4868
2019,4,8.25,11.5,2194,6.73,54.23,4771,5249
2019,4,10.0,11.5,2038,6.88,46.62,4636,5010
2019,4,-2.75,14.5,4111,8.97,44.18,4454,5103
2019,4,7.5,357.25,2399,14.06,56.94,4883,5172
2019,4,24.0,106.5,2870,13.51,42.28,4286,4702
2019,4,8.25,4.5,3056,11.37,48.25,4765,5128
2019,4,-25.0,305.0,3313,12.64,48.45,4549,4828
2019,4,-6.0,17.0,5671,1.3,44.52,4507,5228
2019,4,-2.5,17.75,5038,2.17,53.23,4936,5241
2019,4,8.75,2.25,3251,5.91,50.44,4897,5153
2019,4,9.75,3.5,3161,6.83,45.2,4891,5252
2019,5,4.5,101.75,3417,2.29,53.79,4577,4996
2019,5,5.75,102.0,1074,4.94,52.68,4992,5133
2019,5,10.5,348.5,2544,8.88,43.1,4309,5060
2019,5,-3.5,13.25,2157,3.87,52.12,4635,5114
2019,5,-2.25,14.0,3921,4.13,50.16,4486,5069
2019,5,15.25,102.0,2527,9.54,54.12,5034,5234
2019,5,16.5,102.0,2328,11.56,52.23,4999,5341
2019,5,20.0,103.75,2909,8.46,47.01,4272,5372
2019,5,-4.75,21.75,3273,0.88,44.82,4628,5181
2019,5,-13.25,308.0,2076,1.32,50.47,4754,5136
2019,5,-12.0,309.0,2524,2.94,50.22,4977,5188
2019,5,-1.5,102.25,3385,5.29,56.78,5115,5190
2019,5,11.75,107.5,1379,6.17,48.56,4824,5312
2019,5,19.25,111.0,950,15.42,65.58,4924,5000
2019,5,3.0,10.5,1948,15.7,50.17,4686,5094
2019,5,18.0,95.75,1703,0.99,59.61,5029,5090
2019,5,20.25,270.0,3067,9.22,56.54,4909,4964
2019,5,17.25,102.75,3466,2.61,57.54,5115,5338
2019,5,19.75,105.0,4419,6.29,60.89,4849,5402
2019,5,-25.5,305.75,1964,7.61,52.53,4218,4479
2019,5,-16.5,308.25,1866,4.07,46.3,4342,4842
2019,5,22.75,279.0,1339,10.36,50.82,4508,4632
2019,5,14.0,269.25,2423,3.33,51.5,4873,5020
2019,5,0.75,11.75,2120,7.11,47.11,4418,4942
2019,5,9.25,351.0,3321,11.37,44.78,4301,4913
2019,5,0.75,43.0,1482,5.08,56.42,4929,5012
2019,5,-23.0,300.0,3521,11.01,49.82,4845,4979
2019,5,12.25,104.5,1837,2.49,63.17,4949,5012
2019,5,28.0,260.0,3577,17.82,41.46,4313,4507
2019,5,6.75,1.75,1808,3.07,61.1,4977,5062
2019,5,6.25,9.25,3135,4.05,52.6,4468,4858
2019,5,26.0,70.25,3994,15.27,35.42,4441,4528
2019,5,-4.5,15.5,2876,2.32,54.62,4510,4908
2019,5,22.75,104.0,2171,8.46,47.45,4355,5200
2019,5,10.25,353.25,1898,4.34,56.99,4380,4754
2019,5,-4.75,22.5,2500,9.87,50.28,4613,5154
2019,5,-3.25,22.75,3293,9.0,50.77,4563,5071
2019,5,26.0,88.75,1623,12.52,51.11,4522,4575
2019,5,1.25,98.75,1949,2.95,61.11,4875,4972
2019,5,17.0,266.25,1946,2.87,46.76,4535,5192
2019,5,4.5,12.25,1787,10.17,54.11,4451,5088
2019,5,7.75,286.25,2913,5.09,62.33,4909,4998
2019,5,-2.5,25.0,3030,6.52,46.74,4220,4701
2019,5,25.5,56.25,3537,13.27,35.88,4096,4315
2019,5,19.75,40.75,4753,7.74,31.11,4532,4605
2019,5,10.75,45.0,5840,10.28,56.65,4827,4907
2019,5,7.0,6.5,1418,10.49,52.66,5027,5142
2019,5,0.0,15.0,1472,8.56,50.2,4603,5012
2019,5,13.75,122.75,2797,2.4,57.14,4860,4954
2019,5,26.75,86.0,1647,17.11,52.55,4669,4796
2019,5,24.75,87.5,3105,17.67,51.51,4720,4865
2019,5,24.0,88.5,4593,13.73,70.12,5045,5078
2019,5,22.75,87.25,4972,11.93,50.56,5003,5060
2019,5,16.25,76.0,2516,10.89,47.83,4485,5027
2019,5,10.5,7.75,3021,6.41,48.7,4287,4923
2019,5,23.25,96.25,1621,11.51,52.67,4615,4861
2019,5,40.25,267.0,2995,11.87,49.84,4006,4294
2019,5,9.75,285.25,3316,5.94,58.78,5015,5095
2019,5,18.75,81.0,3902,10.91,58.78,4630,4992
2019,5,17.75,80.25,3754,6.68,60.02,4781,5048
2019,5,8.5,351.0,2055,9.3,47.2,4264,4916
2019,6,2.25,113.0,2360,8.94,59.88,4931,5089
2019,6,5.0,25.75,2029,3.1,46.21,4401,5036
2019,6,17.25,77.25,2814,9.84,62.45,4801,5244
2019,6,21.75,84.75,2981,11.71,55.82,5056,5385
2019,6,38.5,269.25,2212,13.11,53.3,4161,4349
2019,6,9.0,284.25,3546,2.82,63.13,4881,4958
2019,6,13.5,2.75,2330,11.29,54.82,4857,5093
2019,6,6.0,6.5,1282,10.44,57.29,4923,5008
2019,6,0.0,110.25,2239,2.45,69.03,5052,5125
2019,6,19.25,41.75,3297,2.88,37.89,4365,4984
2019,6,29.0,279.5,1581,10.67,54.64,4728,4818
2019,6,16.0,120.75,1684,3.12,55.2,4963,5267
2019,6,-1.75,295.5,572,9.71,54.24,4755,4866
2019,6,11.25,29.75,3338,3.66,51.27,4666,5225
2019,6,10.5,6.75,2039,16.15,59.89,4417,4914
2019,6,18.0,83.25,3909,7.49,64.79,5317,5416
2019,6,14.5,36.75,2766,4.43,48.19,4492,5187
2019,6,21.0,271.25,1385,5.08,51.51,4627,4736
2019,6,23.5,106.75,2256,7.84,56.78,4956,5587
2019,6,23.0,277.75,2271,7.3,50.08,4503,4635
2019,6,22.75,278.75,1532,7.01,49.65,4517,4650
2019,6,23.0,279.5,2420,9.3,48.43,4546,4678
2019,6,22.75,106.25,1195,4.18,58.5,4746,5354
2019,6,6.75,29.0,2335,7.66,53.1,4704,5181
2019,6,11.25,2.25,3071,12.72,54.78,4422,4721
2019,6,6.75,4.75,1434,11.83,56.29,4961,5059
2019,6,19.25,110.25,2610,2.86,68.77,5061,5178
2019,6,22.25,85.75,3820,5.18,60.73,5073,5447
2019,6,21.5,108.5,3339,7.28,74.28,5407,5419
2019,6,32.25,260.5,3512,10.91,40.73,3948,4527
2019,6,29.5,264.25,3859,8.82,53.99,4373,4478
2019,6,17.25,268.0,2620,6.46,48.82,4525,5118
2019,6,22.75,88.0,4086,6.54,69.93,5271,5283
2019,6,22.75,82.0,1450,3.08,55.04,4729,5312
2019,6,20.25,82.5,1509,5.69,56.78,4664,5110
2019,6,4.75,19.75,1738,9.49,49.22,4412,4887
2019,6,3.75,19.75,1955,9.39,49.27,4479,4868
2019,6,1.75,20.5,1564,9.1,48.42,4379,4747
2019,6,32.75,276.0,1776,6.74,47.37,4240,4392
2019,6,10.5,9.5,2313,6.29,55.06,4256,4855
2019,6,6.5,30.0,1553,6.66,48.42,4312,4760
2019,6,11.25,3.75,3173,9.25,54.41,4639,4871
2019,6,26.75,85.0,2058,9.51,69.48,5380,5482
2019,6,40.75,267.25,3497,11.39,52.66,4200,4478
2019,6,30.0,274.5,2618,6.09,47.2,4114,4295
2019,6,32.75,279.5,1708,3.2,47.3,4376,4566
2019,6,31.75,71.0,3110,8.21,42.19,4789,4970
2019,6,10.25,351.0,1887,9.57,47.14,4395,4812
2019,7,12.75,16.75,1102,11.1,50.14,4739,5030
2019,7,41.0,275.5,2313,6.49,47.04,4045,4274
2019,7,-1.5,20.75,4381,2.28,39.36,4759,5149
2019,7,-0.25,21.25,3450,2.18,43.04,4663,5042
2019,7,44.75,263.0,4596,10.19,32.89,3821,4371
2019,7,6.75,8.5,953,8.31,60.1,4656,4774
2019,7,5.25,296.75,3022,7.5,53.74,4396,4790
2019,7,38.75,266.5,1644,3.91,58.99,4466,4715
2019,7,25.25,119.0,2927,19.02,67.66,5182,5284
2019,7,33.0,74.75,2627,9.66,47.21,4527,5215
2019,7,31.75,73.75,2150,5.95,65.67,5222,5425
2019,7,1.0,23.75,1950,3.81,47.44,4530,4934
2019,7,-0.75,100.5,2409,3.95,47.93,4069,4760
2019,7,11.0,13.0,3953,9.06,52.02,4366,4791
2019,7,12.5,349.75,5060,12.93,53.83,4408,4752
2019,7,30.5,77.5,2463,3.34,56.06,5032,5697
2019,7,8.75,286.5,4068,9.0,45.32,4025,4792
2019,7,16.0,266.0,2905,5.26,59.12,4675,4792
2019,7,19.75,278.75,2753,5.27,53.66,4390,4536
2019,7,8.5,13.5,2048,11.61,49.47,4371,4821
2019,7,28.5,79.0,2479,9.79,68.97,5426,5607
2019,7,8.75,14.0,2394,10.9,55.74,4329,4584
2019,7,0.0,20.5,2405,6.26,46.21,4377,4746
2019,7,14.25,269.25,2778,11.31,42.24,4292,4907
2019,7,9.75,286.0,4822,4.3,50.67,4776,4871
2019,7,-1.25,24.0,2765,7.26,39.46,4382,4845
2019,7,13.25,5.0,2043,12.27,53.71,4710,4986
2019,7,12.25,6.25,2145,12.31,50.86,4647,5046
2019,7,13.5,271.75,1486,4.64,53.29,4746,5025
2019,7,27.75,277.75,1798,4.04,61.53,4469,4644
2019,7,37.25,283.5,1571,9.1,47.13,4617,4733
2019,7,40.25,285.5,648,8.95,57.66,4598,4697
2019,7,2.5,26.25,3086,4.57,42.96,4061,4709
2019,7,10.75,13.75,3699,8.24,48.38,4115,4863
2019,7,12.5,13.25,2980,9.22,50.42,4559,4855
2019,7,13.75,15.25,1914,10.33,49.64,4783,5091
2019,7,14.5,351.75,2721,11.69,46.98,4708,5006
2019,7,2.5,17.5,3979,4.14,46.85,4574,4943
2019,7,44.0,264.0,4365,25.07,49.45,4469,4987
2019,7,41.5,267.25,2056,10.62,62.28,4538,4794
2019,7,32.25,267.25,1811,5.58,50.53,4831,4949
2019,7,40.0,274.25,1775,8.03,50.03,4391,4663
2019,7,20.75,271.25,2432,8.7,56.48,4573,4689
2019,7,28.0,250.5,2285,9.85,49.54,4632,5087
2019,7,10.0,285.25,2617,7.44,60.51,4646,4736
2019,7,19.0,82.25,1655,4.8,57.19,4869,5437
2019,7,24.5,85.75,1776,1.97,65.6,5357,5649
2019,7,12.75,345.75,1740,16.01,51.3,4831,4911
2019,7,33.0,74.75,3307,1.98,64.02,5308,5996
2019,7,33.0,74.25,4794,1.52,67.33,5464,5983
2019,7,15.5,356.25,3264,14.54,54.29,4508,4781
2019,7,8.5,282.25,1588,8.06,56.73,4773,4906
2019,7,19.0,287.5,2406,5.19,43.32,4299,4698
2019,7,33.5,73.5,2082,2.28,64.01,5161,5794
2019,7,18.75,263.5,1465,1.92,52.63,4601,4769
2019,7,11.75,12.75,2359,12.42,51.32,4500,4852
2019,7,15.75,121.0,1310,5.56,54.5,4907,5180
2019,7,22.25,78.5,764,2.89,59.58,4663,5401
2019,7,11.25,3.25,2774,13.51,51.19,4540,4810
2019,7,34.0,115.5,3815,9.35,68.46,5501,5546
2019,7,28.0,67.25,3768,9.83,47.33,4379,5222
2019,7,33.75,113.5,3259,8.3,66.4,5425,5516
2019,7,18.25,282.0,2361,12.12,52.8,4647,4785
2019,7,29.75,121.5,3345,2.98,62.84,5191,5300
2019,7,32.75,108.75,3017,10.47,59.58,5101,5653
2019,7,34.75,110.5,3040,4.54,52.75,5130,5674
2019,7,37.75,113.25,2678,12.05,45.6,4382,5532
2019,7,-1.75,98.75,1960,3.71,51.84,4625,4724
2019,7,22.25,276.25,2645,4.54,49.02,4366,4521
2019,7,25.75,279.25,3453,2.07,49.97,4630,4781
2019,7,24.25,253.5,3499,6.06,46.22,4294,5053
2019,7,7.0,21.75,2273,4.41,45.46,4146,4790
2019,7,35.75,114.25,1872,8.98,47.83,4460,4608
2019,7,9.0,29.75,1792,8.55,50.7,4366,4761
2019,8,29.5,73.25,2507,8.15,68.7,5662,5820
2019,8,29.75,72.75,3450,6.45,74.82,5476,5619
2019,8,34.75,117.0,2303,12.97,58.8,4647,4712
2019,8,13.5,20.25,1672,9.13,53.28,4624,5061
2019,8,6.5,31.5,1482,4.9,49.79,4605,5028
2019,8,7.75,32.0,1503,7.05,49.05,4570,4981
2019,8,11.75,9.75,1871,5.68,51.27,4489,4887
2019,8,51.5,128.0,1922,13.78,52.13,4075,4299
2019,8,32.75,273.0,1879,6.78,50.11,4334,4462
2019,8,31.0,109.0,1685,5.61,49.01,4529,5210
2019,8,27.25,279.5,3409,1.24,60.8,4402,4554
2019,8,27.0,115.5,1809,2.73,57.09,5150,5354
2019,8,38.25,269.25,2946,12.02,41.56,4174,4390
2019,8,38.5,271.75,2403,12.39,42.25,4308,4438
2019,8,26.75,247.75,2134,8.97,43.79,4487,5085
2019,8,32.5,73.75,2396,2.04,71.14,5342,5567
2019,8,21.5,100.5,2894,8.69,48.56,4377,5501
2019,8,21.5,272.5,1924,5.66,49.58,4838,4977
2019,8,15.75,355.5,2125,11.97,50.44,4680,4951
2019,8,27.25,96.25,2192,1.9,53.13,4576,5334
2019,8,38.25,264.5,5319,14.14,57.06,4538,4867
2019,8,39.0,266.75,3011,8.94,56.03,4536,4764
2019,8,5.5,283.0,2969,16.63,59.63,4881,5060
2019,8,32.75,266.75,1943,3.63,62.44,4512,4645
2019,8,22.5,106.0,4969,4.83,53.15,4743,5303
2019,8,28.0,250.75,4983,0.54,49.58,4358,5146
2019,8,36.75,263.75,2384,15.03,49.49,4306,4582
2019,8,13.75,10.0,2331,6.87,55.57,4635,5030
2019,8,39.0,260.75,3966,13.31,33.43,4221,4843
2019,8,9.0,28.5,3439,13.17,50.07,4623,5026
2019,8,20.25,102.25,3614,11.27,53.15,4750,5378
2019,8,35.75,267.75,3144,5.11,50.07,4334,4631
2019,8,-0.75,293.25,1523,6.17,50.75,4561,4680
2019,8,37.0,283.0,1048,7.07,53.69,4442,4565
2019,8,-6.0,303.25,1571,2.42,46.89,4576,4758
2019,8,16.25,359.25,1115,11.63,59.6,4459,4778
2019,8,12.0,15.0,1531,4.25,51.47,4662,4957
2019,8,-2.0,20.25,2638,5.27,48.29,4610,4992
2019,8,25.75,260.25,3646,9.7,63.02,4845,5138
2019,8,24.5,260.75,3197,4.01,55.01,5050,5335
2019,8,21.5,261.0,2189,5.52,49.06,4654,5215
2019,8,21.0,261.5,3204,5.43,48.7,4589,5246
2019,8,20.75,261.75,3651,3.12,47.16,4657,5260
2019,8,8.0,285.5,5197,7.15,42.91,4510,5017
2019,8,16.5,0.5,2627,11.32,52.06,4843,5131
2019,8,30.0,268.75,3098,4.48,52.01,4574,4705
2019,8,-1.0,19.75,4130,9.43,49.41,4497,4837
2019,8,22.0,108.5,2702,12.49,63.81,5426,5482
2019,8,20.25,282.75,1585,5.44,56.81,4664,4758
2019,8,18.5,1.75,3577,11.41,42.16,4180,4675
2019,8,9.25,17.5,3463,4.46,49.58,4300,4706
2019,8,14.25,35.0,3146,11.56,45.82,4286,4813
2019,8,18.25,348.0,1813,8.08,47.17,4783,5091
2019,8,-7.75,287.75,3504,3.6,43.23,4632,4848
2019,9,14.5,43.5,3894,5.35,51.49,4382,5053
2019,9,33.75,10.5,2765,17.1,40.54,3990,4081
2019,9,12.5,22.5,3106,8.5,43.67,4222,4865
2019,9,10.0,23.25,3292,8.3,46.96,4415,4934
2019,9,11.75,358.0,2984,7.28,47.65,4391,4722
2019,9,20.5,284.25,2872,5.41,49.22,4642,4819
2019,9,-1.0,293.5,3261,6.43,52.79,4858,4941
2019,9,-6.5,294.5,4596,3.81,46.67,4872,4964
2019,9,27.0,94.75,2799,3.12,66.2,5537,5665
2019,9,12.5,344.5,2862,4.61,55.48,4638,4735
2019,9,-5.0,303.75,2424,5.21,49.19,4655,4790
2019,9,-6.5,22.25,3342,14.85,44.15,4209,4954
2019,9,-10.75,292.0,2012,4.05,51.25,4512,4719
2019,9,21.0,272.0,1748,1.33,51.24,4644,4771
2019,9,18.25,109.75,1409,1.65,71.6,5388,5423
2019,9,1.75,22.5,3238,5.6,46.16,4309,4742
2019,9,-2.25,299.0,2025,12.95,52.55,4779,4885
2019,9,8.75,282.25,2324,6.5,52.78,4647,4797
2019,9,10.5,12.25,2308,10.07,53.62,4157,4707
2019,9,13.0,3.0,2701,15.85,53.07,4455,4680
2019,9,21.0,110.0,2597,1.88,61.38,5243,5270
2019,9,14.25,355.75,3965,13.32,53.41,4425,4697
2019,9,32.0,277.0,2806,2.14,50.61,4559,4723
2019,9,30.25,264.5,2579,7.57,50.64,4354,4509
2019,9,24.25,79.0,1753,4.83,60.83,5208,5639
2019,9,11.25,15.5,3628,10.52,49.87,4368,4681
2019,9,1.5,27.25,2282,6.04,47.13,4086,4659
2019,9,-7.25,296.75,2236,3.43,44.69,5135,5217
2019,9,13.0,79.0,1147,3.72,51.34,4587,4962
2019,9,3.5,292.75,2441,11.96,48.3,4689,4803
2019,9,9.5,15.5,3279,10.09,49.14,4435,4815
2019,9,11.5,351.75,4424,12.26,45.33,4449,4821
2019,9,13.25,346.5,2102,12.35,59.77,4663,4786
2019,9,12.25,356.75,2702,7.53,53.17,4459,4757
2019,9,-3.25,292.0,2855,6.36,54.76,4668,4769
2019,9,-2.75,21.5,2715,10.15,44.26,4513,4975
2019,9,4.25,23.5,5467,16.18,39.99,4277,4818
2019,9,4.5,24.5,4528,15.1,38.67,4248,4832
2019,9,-1.5,287.25,6649,4.31,52.86,4738,4893
2019,9,37.0,10.0,3651,15.08,47.83,3957,4114
2019,9,9.75,4.5,3389,6.35,56.29,4574,4758
2019,9,37.75,21.0,2118,15.57,43.89,4206,4295
2019,9,2.5,112.75,3241,12.91,50.57,4863,5049
2019,9,-17.75,300.5,2116,4.45,49.22,4495,4850
2019,9,-12.25,289.25,5028,9.65,42.72,4711,5046
2019,9,36.5,264.25,3146,9.9,58.64,4414,4627
2019,9,-5.0,22.25,2512,5.03,51.11,4380,4908
2019,10,43.5,267.5,4000,14.8,39.3,4537,4924
2019,10,-6.25,305.5,2667,3.29,49.4,4454,4699
2019,10,22.0,106.0,875,1.5,52.35,4574,4969
2019,10,10.25,288.5,2071,8.92,56.37,4870,4948
2019,10,14.0,344.75,3402,17.31,57.85,4499,4592
2019,10,14.0,33.75,2089,8.05,48.14,4329,4742
2019,10,-8.25,307.25,4716,5.04,45.58,4435,4737
2019,10,5.0,297.0,3669,7.42,43.01,4554,5021
2019,10,-6.75,302.25,3858,2.15,45.55,4805,4970
2019,10,-7.5,21.5,4079,6.76,39.27,4184,4969
2019,10,-5.75,21.25,4079,5.64,40.51,4408,4998
2019,10,-12.5,308.25,1934,3.15,47.4,4503,4853
2019,10,-0.25,110.5,1564,10.37,47.43,4696,4825
2019,10,6.0,355.25,3666,2.96,54.67,4836,4912
2019,10,-13.0,302.5,3114,2.6,46.9,4454,4809
2019,10,15.25,267.0,2091,7.36,56.89,4902,4975
2019,10,-3.75,142.5,1862,2.83,50.88,4710,4897
2019,10,11.0,6.25,2474,5.49,50.14,4524,4977
2019,10,-7.5,307.25,1875,1.5,48.65,4564,4854
2019,10,-6.25,307.75,2707,1.23,48.79,4709,4948
2019,10,4.5,6.75,915,8.3,59.0,4661,4755
2019,10,8.5,354.25,2157,5.93,41.05,4696,5023
2019,10,-1.75,112.5,783,6.99,58.42,4687,4775
2019,10,-2.0,116.0,1155,2.49,57.53,4725,4870
2019,10,13.25,74.75,1405,7.7,59.84,5039,5101
2019,10,10.0,3.25,3300,7.8,43.16,4732,5123
2019,10,11.0,4.0,3455,7.22,46.34,4860,5115
2019,10,-11.5,307.25,1652,7.78,44.47,4727,5041
2019,10,-8.5,308.0,2221,6.23,49.66,4407,4823
2019,10,-7.75,309.5,2021,4.08,53.6,4217,4590
2019,10,2.75,102.25,1329,7.57,53.81,4876,5040
2019,10,10.5,11.5,2565,3.56,52.27,4482,4771
2019,10,10.75,19.75,2419,6.03,49.91,4768,5188
2019,10,11.0,355.75,3607,9.25,40.15,4242,4599
2019,10,-13.75,298.75,1804,6.05,49.48,4388,4598
2019,10,-8.5,303.0,2592,3.96,50.6,4713,5022
2019,10,13.25,5.75,2281,6.2,48.91,4314,4609
2019,10,-20.25,305.75,2055,3.56,48.95,4134,4716
2019,10,-10.5,310.75,2590,5.12,45.27,4795,5029
2019,10,10.25,13.0,2730,10.05,45.45,4387,4924
2019,10,-8.25,295.5,1625,4.23,52.65,4972,5065
2019,10,-4.25,305.25,2546,3.59,52.12,4482,4731
2019,10,11.0,30.5,3084,12.41,41.31,4522,5212
2019,10,12.0,31.25,3528,10.09,39.21,4283,5136
2019,10,9.75,7.25,2634,9.23,48.57,4210,4702
2019,10,10.5,296.5,2644,3.69,44.63,4531,4821
2019,10,-11.75,297.25,1847,8.39,48.8,4579,4788
2019,10,8.25,12.75,2183,6.39,53.11,4570,4954
2019,10,-13.25,305.25,2523,3.42,51.23,4440,4847
2019,10,10.75,284.75,2883,5.27,52.81,4905,4992
2019,10,14.25,93.25,2501,4.8,50.5,4842,4939
2019,11,9.25,282.25,1793,3.53,54.4,4866,4963
2019,11,9.75,288.25,2361,3.35,59.88,4820,4899
2019,11,-26.0,303.5,2600,21.08,52.47,4827,4986
2019,11,14.25,75.0,2789,4.14,40.79,4270,4872
2019,11,-21.0,303.0,2045,7.26,48.35,4441,4796
2019,11,-6.75,305.25,3460,1.09,52.0,4689,4946
2019,11,-8.5,307.0,4709,1.96,50.16,4540,4863
2019,11,-13.25,309.25,1693,7.64,52.09,4552,4777
2019,11,-26.0,297.25,2708,8.26,56.81,4686,4897
2019,11,-25.5,296.5,2521,9.94,52.14,4567,4852
2019,11,-24.5,301.25,2669,15.69,55.74,4821,4919
2019,11,16.0,261.75,2690,5.05,48.45,4803,4891
2019,11,-20.25,34.75,3689,26.49,52.53,4639,4668
2019,11,-1.0,303.75,3889,4.72,58.14,4885,5008
2019,11,-10.75,306.5,3155,2.95,55.36,4742,5068
2019,11,-16.5,46.5,2247,7.8,54.34,4755,4856
2019,11,12.0,75.5,2463,13.1,47.52,4650,4827
2019,11,7.25,5.5,1737,7.98,48.42,4454,4760
2019,11,-14.25,305.0,2320,5.61,41.04,4630,5090
2019,11,-18.25,306.0,2362,7.0,46.56,4458,4813
2019,11,-20.25,307.5,2467,2.23,44.86,4242,4646
2019,11,-15.75,32.75,1906,5.94,49.11,4620,5052
2019,11,-18.25,35.0,2179,4.33,57.02,4891,5031
2019,11,-12.25,39.5,2363,0.87,52.66,4790,5077
2019,11,-2.75,13.5,2879,5.01,45.78,4465,5042
2019,11,3.75,19.5,1976,4.7,47.2,4741,5116
2019,11,-28.25,303.25,1681,13.63,53.89,4573,4645
2019,11,-6.0,311.5,2022,5.34,54.33,4819,4994
2019,11,5.75,26.0,2317,5.21,47.44,4188,4850
2019,11,-18.25,302.5,1320,7.74,49.44,5103,5247
2019,11,-23.0,304.75,3056,12.6,47.28,4641,5082
2019,11,-23.75,304.75,3193,15.79,56.81,4535,4898
2019,11,10.5,104.5,1659,2.14,55.38,4946,5017
2019,11,-17.5,45.25,1522,4.16,51.53,4522,4890
2019,11,-8.5,307.25,2393,4.03,56.7,4735,5034
2019,11,-10.25,285.25,1467,4.39,52.15,4797,5226
2019,11,4.25,114.75,1918,3.11,58.79,5052,5181
2019,11,-3.0,17.5,1601,4.48,52.5,4695,5013
2019,11,-17.25,313.0,2338,1.52,48.52,4165,4898
2019,12,1.5,26.25,2252,3.09,50.11,4396,4920
2019,12,-5.25,295.0,2064,5.35,56.28,5078,5162
2019,12,-19.25,300.5,1870,3.64,51.14,4984,5237
2019,12,-5.5,139.25,1161,6.57,74.47,4819,4907
2019,12,-10.5,313.0,1849,3.43,46.11,4822,5247
2019,12,-7.0,114.25,1837,10.77,51.58,4982,5064
2019,12,-0.5,18.0,1228,6.7,52.77,4622,4931
2019,12,-11.75,305.75,4438,4.26,54.81,4423,4763
2019,12,-3.0,120.75,1713,6.65,53.35,4912,4995
2019,12,-12.0,295.5,888,2.78,60.04,4771,4943
2019,12,-26.0,303.5,3615,13.81,42.26,4491,4651
2019,12,-28.25,305.25,2565,8.34,43.44,4279,4491
2019,12,-15.0,48.0,1575,1.49,58.86,4897,5009
2019,12,-4.5,15.25,3867,7.23,49.79,4544,4919
2019,12,-21.75,317.25,1987,11.28,46.42,4213,4607
2019,12,-7.5,111.5,3114,5.59,54.92,4746,4927
2019,12,-19.5,310.0,1767,7.25,49.72,4241,4740
2019,12,-6.25,106.0,2499,4.14,59.3,4811,4999
2019,12,0.75,117.5,3364,4.77,62.93,4865,4948
2019,12,-26.5,303.75,2882,7.56,40.96,5021,5131
2019,12,-16.0,144.75,2274,7.61,49.48,4219,4640
2019,12,2.25,113.25,1705,5.21,56.89,4806,4961
2019,12,-30.25,303.5,2245,5.46,46.05,4674,4804
2019,12,-29.5,299.0,1848,7.39,57.17,5057,5116
2019,12,-8.5,307.25,2254,4.4,52.17,4636,4935
2019,12,-30.25,307.5,813,6.74,55.47,4588,4701
2020,1,-17.0,44.25,1278,9.58,61.08,4892,4991
2020,1,-16.0,34.25,1479,13.61,57.45,4775,5166
2020,1,-14.75,35.5,2468,8.76,49.02,4302,4968
2020,1,-20.25,26.75,3110,3.92,45.68,3923,4918
2020,1,-14.5,30.0,3074,1.96,47.71,4157,4916
2020,1,-7.25,111.5,1045,10.48,62.07,4924,5033
2020,1,-5.0,17.5,2208,2.54,47.5,4467,4970
2020,1,-30.75,297.75,1950,19.39,50.78,4633,4714
2020,1,-14.0,48.5,1395,5.27,53.8,4342,4988
2020,1,-16.0,300.0,1489,4.62,60.1,5005,5227
2020,1,-26.5,303.5,2381,1.37,58.41,4936,5034
2020,1,-10.5,39.5,990,6.21,56.12,4520,4915
2020,1,-4.0,18.5,1414,2.69,50.22,4660,5056
2020,1,-29.25,297.25,1872,13.74,63.72,5389,5479
2020,1,-27.0,305.5,956,10.99,63.87,4649,5024
2020,1,-8.25,145.75,2316,10.05,58.07,4900,4979
2020,1,-29.0,299.25,2337,8.66,72.3,4810,4870
2020,1,-2.75,15.0,3749,14.22,45.03,4694,5246
2020,1,-21.0,45.75,2037,3.58,44.42,4596,5118
2020,1,-5.25,283.0,3015,4.38,47.45,4847,5206
2020,1,-4.25,141.25,2597,4.41,59.68,4792,5126
2020,2,-7.5,323.0,1952,5.58,49.55,4170,4790
2020,2,-9.5,308.75,4132,5.94,44.91,4670,5045
2020,2,-12.5,310.0,3264,12.34,44.77,4515,4752
2020,2,-21.5,301.0,1502,3.06,64.21,4724,4832
2020,2,-14.75,33.25,2381,1.89,46.77,4322,5117
2020,2,-2.0,21.5,3294,1.66,56.76,4735,5173
2020,2,-7.0,111.25,1854,6.18,60.79,4987,5089
2020,2,-2.75,25.75,3158,5.19,47.76,4423,4921
2020,2,-30.75,298.0,1658,20.79,55.74,4940,5036
2020,2,-27.75,299.25,2654,9.92,62.08,4948,5022
2020,2,-20.75,126.75,1021,7.47,54.0,4727,5078
2020,2,-3.75,317.75,2235,3.03,56.14,4838,4914
2020,2,-28.5,304.25,2109,21.03,60.62,4309,4397
2020,2,-9.25,38.25,1075,6.2,53.47,4717,5059
2020,2,-12.25,304.5,1724,14.28,49.32,4672,5041
2020,2,-13.75,305.75,2105,13.43,50.26,4576,5066
2020,2,-15.75,143.0,2505,4.98,56.86,4786,4880
2020,2,-17.5,144.25,2116,5.84,48.15,4438,4809
2020,2,-1.5,20.25,4457,6.79,53.54,4906,5272
2020,2,-4.75,21.75,3269,5.53,51.89,4511,5064
2020,2,-31.5,300.25,3085,14.64,55.97,5116,5186
2020,2,-32.5,299.25,2953,13.66,53.46,4926,4945
2020,2,-30.75,299.5,2660,11.64,67.19,4854,4892
2020,2,-29.5,301.25,1254,14.0,58.64,5039,5091
2020,2,-25.5,306.0,1262,6.24,46.3,4902,5225
2020,2,-26.25,305.0,2949,6.97,48.86,4958,5246
2020,2,-16.0,136.75,4851,7.61,55.49,5043,5066
2020,2,-24.75,148.25,3135,6.67,48.83,4412,4938
2020,2,-30.25,153.25,3959,16.07,38.4,4338,4398
2020,2,-14.0,130.25,2837,4.24,61.15,4966,5046
2020,2,-20.75,305.0,1549,3.63,61.75,4811,5190
2020,2,-24.0,306.25,1850,3.87,44.33,5045,5343
2020,2,-7.75,111.0,914,11.78,53.35,4748,5189
2020,2,-21.25,118.0,1170,2.78,47.02,4964,5111
2020,2,1.75,15.25,1518,7.2,47.79,4820,5300
2020,2,0.0,14.25,2222,4.57,48.45,4813,5270
2020,2,-11.0,286.5,1241,6.32,59.01,4832,5164
2020,2,-5.25,16.75,3667,4.01,48.68,4336,4968
2020,2,-8.75,26.75,2966,7.66,50.98,4368,5269
2020,2,-28.25,119.25,2168,17.56,46.73,4073,4541
2020,2,-16.5,125.5,1844,9.03,59.69,4886,5321
2020,3,-14.0,23.25,3044,7.21,43.54,3849,4909
2020,3,4.5,22.0,2209,6.3,48.94,4710,5189
2020,3,6.25,8.0,2749,3.06,59.08,5060,5137
2020,3,7.25,7.25,2627,5.44,58.95,4893,5143
2020,3,-28.5,31.75,2068,12.14,47.14,4094,4366
2020,3,-32.0,299.5,244,26.24,62.22,4605,4673
2020,3,-4.0,15.75,2606,4.83,45.37,4486,5079
2020,3,3.5,19.25,2196,12.49,52.99,4701,5060
2020,3,19.0,85.0,2271,20.24,46.65,3994,4100
2020,3,16.5,103.0,2443,12.96,51.24,4614,4792
2020,3,-0.75,26.0,4159,8.4,44.37,4530,5032
2020,3,-1.0,27.5,3784,5.77,49.99,4490,5173
2020,3,0.75,28.0,3162,7.13,48.11,4459,5154
2020,3,-8.75,290.0,1647,1.73,58.38,4819,5043
2020,3,6.25,352.25,2435,12.83,58.17,4771,5008
2020,3,-3.5,19.5,2558,5.72,52.0,4509,4891
2020,3,0.5,20.5,1946,6.91,50.04,4538,4913
2020,3,7.25,0.75,3956,4.71,50.53,4700,5061
2020,3,9.25,2.25,1479,3.45,48.69,4741,5038
2020,3,-5.25,286.0,2340,7.96,56.12,4754,4871
2020,3,5.75,8.25,1484,9.23,54.33,4726,4845
2020,3,7.5,8.0,2603,8.62,59.46,4765,4957
2020,3,-0.75,13.75,2645,9.03,46.75,4730,5110
2020,3,-2.75,115.75,2101,3.5,55.36,4825,5235
2020,3,-7.0,20.5,1916,8.18,48.08,4253,4963
2020,3,-4.25,22.25,2528,10.95,51.62,4492,4987
2020,3,7.75,2.75,1708,10.24,55.21,4659,4838
2020,3,2.25,289.75,878,1.18,51.54,4834,5019
2020,3,-7.0,38.0,2183,2.59,48.7,4707,5011
2020,3,2.25,42.0,1337,5.76,57.29,4947,5151
2020,3,-23.75,304.25,1801,7.9,53.62,4523,4767
2020,3,-19.25,307.75,1580,5.09,48.33,4468,4971
2020,3,7.75,351.0,2942,5.91,51.34,4738,5179
2020,3,-3.25,18.25,2182,3.8,53.4,4592,4950
2020,3,6.25,359.75,2341,9.79,46.04,4694,4992
2020,3,-14.75,303.5,1692,1.26,49.41,4497,4792
2020,3,4.75,6.25,1908,10.84,63.52,4893,4964
2020,4,-1.0,12.5,2342,12.33,57.26,4465,4851
2020,4,2.75,13.75,2521,14.48,49.62,4605,5201
2020,4,4.25,14.25,3648,12.49,46.3,4539,5183
2020,4,5.0,14.5,3397,11.56,45.32,4391,5157
2020,4,7.25,351.75,1882,16.88,47.77,4675,5043
2020,4,-4.75,19.5,1997,8.94,52.85,4566,5071
2020,4,0.5,26.5,5433,10.49,43.68,4376,4948
2020,4,5.75,9.75,1685,11.26,50.4,4160,4915
2020,4,-3.75,15.25,2980,6.0,52.5,4164,4805
2020,4,-1.25,14.25,1923,9.48,51.63,4386,4915
2020,4,-1.0,14.25,2008,10.13,52.03,4394,4919
2020,4,-15.5,166.75,629,18.33,76.59,4873,5124
2020,4,-0.25,24.5,2721,7.94,55.68,4358,4832
2020,4,5.75,293.0,1874,7.34,50.14,4655,5213
2020,4,7.5,356.25,1308,5.33,50.39,4626,4834
2020,4,12.0,103.25,2118,2.3,45.17,4405,5008
2020,4,26.25,89.0,2216,12.12,45.21,4033,4115
2020,4,-12.75,308.75,1206,6.48,60.04,4603,4828
2020,4,20.5,85.0,3525,17.06,43.26,4494,4680
2020,4,12.0,106.5,3422,5.24,55.53,5085,5187
2020,4,6.0,351.0,1832,6.38,50.08,4680,4847
2020,4,21.25,86.25,1621,21.24,54.34,4379,4470
2020,4,9.75,356.0,4270,10.03,56.05,4820,5129
2020,5,4.5,16.5,2781,4.28,43.87,4299,4918
2020,5,3.75,16.0,2316,4.12,47.05,4507,5016
2020,5,15.0,43.25,3265,3.59,55.52,4781,5011
2020,5,7.5,285.25,1230,8.49,58.09,4827,5102
2020,5,22.5,82.0,1891,10.49,47.51,4396,4908
2020,5,19.5,83.75,2500,9.08,46.52,4696,5065
2020,5,25.25,83.0,1163,17.15,56.79,4521,4606
2020,5,0.5,26.0,3429,0.72,48.29,4551,5067
2020,5,25.5,89.5,2495,18.76,56.12,4746,4798
2020,5,8.5,25.5,2441,6.32,53.75,4507,5130
2020,5,10.25,1.25,2608,4.04,50.48,4441,4810
2020,5,19.0,100.0,1869,5.53,47.75,4696,5287
2020,5,13.75,102.25,1678,7.37,52.18,5316,5396
2020,5,13.75,103.75,1542,7.57,54.03,5315,5367
2020,5,9.5,80.5,2458,3.44,55.63,5079,5142
2020,5,6.25,13.0,2663,2.52,48.06,4336,5208
2020,5,9.25,347.75,2239,5.08,58.05,5070,5172
2020,5,20.75,272.25,1894,10.52,52.29,4461,4576
2020,5,10.5,18.75,1335,1.08,54.53,4683,5102
2020,5,9.75,285.25,2250,3.91,57.8,5235,5297
2020,5,5.0,31.0,1580,2.77,52.12,4632,5241
2020,5,20.0,102.0,2924,12.22,47.36,4378,5042
2020,5,9.25,13.25,2616,3.01,53.78,4827,5079
2020,5,-2.5,17.75,2105,3.72,54.51,4874,5179
2020,5,8.5,351.25,3216,7.41,40.75,4153,4833
2020,5,19.75,110.25,3519,6.25,55.39,5062,5127
2020,5,5.25,118.25,1512,0.7,54.61,5117,5181
2020,5,21.5,86.75,4121,4.9,43.22,4575,4638
2020,5,10.25,358.25,2798,3.85,51.34,4656,4879
2020,5,8.0,359.25,2831,5.75,61.61,4911,5021
2020,5,7.75,358.5,2714,6.03,55.73,4893,5105
2020,5,7.5,359.75,2527,2.1,60.73,4912,5030
2020,5,14.25,106.0,3399,5.61,55.38,4885,5039
2020,5,7.25,125.25,1908,2.39,52.05,4641,5258
2020,5,19.25,96.25,3042,7.76,52.6,4761,4987
2020,5,15.25,98.25,2780,4.76,51.77,4650,5048
2020,5,14.0,99.75,2231,2.44,62.41,4928,5007
2020,5,2.75,103.0,3571,2.45,62.45,5045,5153
2020,5,10.0,76.75,845,3.58,53.62,4665,4935
2020,5,9.5,0.75,2329,2.26,48.96,4674,4921
2020,5,14.5,101.75,1711,3.7,53.34,4749,5198
2020,5,9.0,358.75,2240,6.47,54.91,4736,4854
2020,5,9.25,284.25,2718,7.11,59.32,4977,5059
2020,5,7.25,29.5,1292,3.35,51.29,4389,4800
2020,5,6.0,29.25,1930,2.83,47.22,4282,4803
2020,5,13.75,105.25,2857,2.82,61.15,5125,5226
2020,5,14.25,121.0,3004,4.91,53.58,4911,5105
2020,5,25.5,282.25,2359,11.8,49.43,4201,4332
2020,5,10.5,356.5,2688,4.73,54.38,4499,4837
2020,5,25.25,261.0,2227,12.63,46.02,4609,4727
2020,5,7.25,279.0,1355,10.88,67.95,5094,5190
2020,5,17.0,269.5,2195,12.37,51.56,5003,5186
2020,5,25.25,85.75,3723,25.09,45.76,4743,4786
2020,5,1.0,29.0,3641,8.52,39.05,4158,4982
2020,5,24.5,92.25,750,21.14,62.85,4513,4596
2020,5,14.5,4.0,1463,8.05,47.55,4562,4846
2020,5,11.0,354.75,2582,4.65,52.44,4380,4894
2020,5,0.25,21.25,3648,7.92,51.1,4700,5080
2020,5,1.0,23.0,4319,9.58,48.27,4518,4994
2020,5,-1.0,131.5,1301,7.69,55.6,4841,4959
2020,5,25.0,105.75,2114,10.21,49.94,4304,5203
2020,5,20.75,79.5,1487,6.37,48.18,4858,5126
2020,6,10.0,351.75,2534,17.76,42.83,4408,4827
2020,6,-2.5,20.0,4482,3.32,49.07,4656,5015
2020,6,-0.75,19.0,4919,3.12,50.5,4587,4939
2020,6,20.0,83.5,1473,7.97,49.91,4890,5280
2020,6,-2.25,20.75,3487,5.16,46.88,4512,4924
2020,6,9.25,1.75,3275,15.95,41.33,4436,4813
2020,6,13.0,358.0,2452,17.58,43.08,4435,4752
2020,6,9.0,348.75,2287,12.85,43.49,4339,4777
2020,6,13.75,348.75,2384,15.97,42.21,4687,4900
2020,6,33.25,265.75,3023,10.94,51.11,4666,4759
2020,6,40.25,271.25,1949,20.63,43.43,4879,5105
2020,6,23.25,72.0,2774,7.22,63.95,5286,5313
2020,6,20.25,78.75,1841,8.24,61.87,5115,5361
2020,6,21.25,80.75,1985,4.95,64.62,5040,5414
2020,6,7.5,5.25,1609,11.87,49.56,4320,4713
2020,6,12.5,273.5,1022,2.89,52.26,4679,4815
2020,6,13.5,272.25,2059,3.06,55.07,4776,4871
2020,6,9.25,350.5,3439,8.26,43.9,4242,4902
2020,6,12.75,350.75,2487,8.17,45.11,4391,4749
2020,6,23.25,76.25,746,5.16,54.4,4834,5316
2020,6,5.75,357.5,634,4.35,57.82,4751,4865
2020,6,22.25,84.0,1029,2.41,70.4,5237,5567
2020,6,8.25,285.0,1736,5.58,61.12,4911,5000
2020,6,24.25,108.75,1946,13.6,62.36,5169,5509
2020,6,8.25,30.0,1691,10.48,54.51,4332,4728
2020,6,6.5,5.5,1390,10.52,54.14,4896,5002
2020,6,22.75,76.75,1366,5.63,56.49,5071,5487
2020,6,7.75,0.5,2581,11.64,49.26,4428,4741
2020,6,8.5,1.0,2585,12.24,46.51,4312,4707
2020,6,2.0,24.5,1947,2.4,46.98,4410,4925
2020,6,10.25,345.5,2481,20.16,53.57,4637,4735
2020,6,29.25,279.25,1570,13.56,49.32,4232,4383
2020,6,11.75,107.75,2112,6.02,44.94,4518,5268
2020,6,13.25,106.75,2377,7.86,54.11,5129,5260
2020,6,13.0,108.5,1604,6.55,48.72,4787,5260
2020,6,31.0,264.75,3874,16.34,44.85,4289,4408
2020,6,21.75,276.75,2701,8.57,46.11,4574,4722
2020,6,23.0,277.5,3048,8.36,46.35,4507,4661
2020,6,26.0,279.0,3672,10.43,54.21,4415,4578
2020,6,27.0,279.5,3754,10.01,46.02,4454,4617
2020,6,32.5,71.5,1916,9.58,56.08,5053,5305
2020,6,30.5,268.0,3013,2.99,49.23,4377,4494
2020,6,22.0,75.75,878,7.34,60.39,5428,5642
2020,6,27.75,79.0,1775,8.19,71.84,5581,5743
2020,6,11.5,23.75,2544,9.76,46.65,4139,4780
2020,6,31.0,276.75,1600,11.55,49.75,4364,4499
2020,6,31.25,275.5,1704,11.11,49.78,4277,4404
2020,6,7.0,30.25,2058,3.3,50.79,4326,4746
2020,6,9.75,355.0,2420,13.72,48.7,4406,4731
2020,6,10.25,354.25,2522,13.92,45.02,4431,4786
2020,6,11.0,355.0,2862,12.92,44.03,4284,4765
2020,6,11.5,355.5,2694,13.06,45.82,4391,4735
2020,6,12.5,349.75,4148,11.45,53.47,4405,4748
2020,6,18.0,76.75,2521,5.75,50.71,4772,5381
2020,6,20.5,76.75,2615,5.12,64.48,4890,5268
2020,6,29.5,278.0,1552,9.99,50.2,4212,4374
2020,6,20.0,85.5,2804,5.61,68.63,5091,5123
2020,6,32.0,70.25,2854,19.49,43.43,4943,5425
2020,6,33.25,70.5,2906,25.12,42.42,4332,5149
2020,6,30.5,77.5,3613,7.28,45.18,4665,5330
2020,6,0.25,17.25,2159,8.88,49.75,4166,4489
2020,6,1.75,20.0,1228,9.08,52.41,4419,4771
2020,6,14.0,351.75,2034,13.88,48.53,4497,4863
2020,6,49.25,257.75,3108,24.97,41.96,4045,4617
2020,7,49.75,264.25,2279,5.26,47.7,4354,4666
2020,7,37.0,270.25,2298,9.31,52.54,4526,4634
2020,7,12.5,355.25,4460,11.9,50.99,4374,4743
2020,7,48.5,260.75,3664,13.08,37.52,3882,4345
2020,7,11.25,3.0,1950,14.66,54.73,4478,4753
2020,7,7.75,6.0,1196,11.88,53.04,4421,4834
2020,7,33.0,74.75,3034,15.32,42.78,4545,5233
2020,7,38.5,116.0,1962,6.47,48.71,4088,4106
2020,7,30.75,74.5,1993,16.29,56.36,5109,5298
2020,7,11.5,21.5,2237,10.76,51.16,4504,4987
2020,7,1.5,24.5,1693,6.52,49.41,4412,4890
2020,7,38.5,283.25,2168,15.11,53.32,4179,4326
2020,7,11.5,350.75,4488,12.43,52.68,4365,4739
2020,7,10.75,352.75,3501,11.2,47.54,4606,4977
2020,7,11.75,23.75,2481,7.3,46.54,4034,4762
2020,7,12.5,9.5,3025,11.43,46.56,4454,4825
2020,7,11.5,9.5,2526,13.24,49.8,4340,4768
2020,7,10.0,10.5,1830,10.22,53.21,4379,4756
2020,7,7.75,11.5,1760,5.97,51.6,4306,4766
2020,7,27.25,81.5,1645,7.82,70.81,5676,5784
2020,7,22.75,254.75,3062,11.44,41.84,4176,4933
2020,7,61.75,128.25,4669,9.9,36.18,4028,4314
2020,7,35.0,272.0,2130,20.66,54.72,4399,4599
2020,7,9.75,20.5,2335,12.44,49.98,4495,4902
2020,7,11.5,276.5,1610,6.18,59.09,4768,4875
2020,7,14.25,357.25,1489,10.42,59.4,4417,4682
2020,7,15.5,106.75,2680,3.4,55.79,4514,4948
2020,7,-1.25,20.25,2409,4.1,49.57,4471,4833
2020,7,30.5,270.75,2499,13.35,53.42,4497,4648
2020,7,26.0,63.5,1475,11.71,49.63,4713,5210
2020,7,14.5,21.0,2050,9.05,53.91,4278,4864
2020,7,49.75,125.25,2290,6.74,45.85,4108,4442
2020,7,37.25,283.5,2154,4.16,56.05,4705,4867
2020,7,19.25,269.75,1028,6.27,51.04,4596,4710
2020,7,51.75,127.5,2638,9.38,45.02,4377,4664
2020,7,16.0,352.25,2643,12.19,49.99,4697,4939
2020,7,25.0,253.0,4078,7.61,52.84,4272,4896
2020,7,39.5,270.75,733,15.05,55.11,4334,4526
2020,7,34.5,272.75,1319,1.85,54.44,4434,4652
2020,7,34.0,274.75,1128,2.87,51.86,4340,4624
2020,7,29.75,276.5,1348,7.25,56.22,4529,4680
2020,7,23.0,280.0,383,4.07,56.79,4576,4697
2020,7,17.25,259.75,2219,6.79,48.88,4187,4983
2020,7,7.25,30.5,1381,9.83,52.86,4132,4542
2020,7,12.0,26.75,1659,13.06,56.11,4364,4854
2020,7,10.75,5.25,2162,9.63,49.06,4662,4948
2020,7,8.5,5.75,1978,3.15,51.9,4735,4938
2020,7,12.25,106.0,3675,8.95,55.91,4997,5053
2020,7,11.75,11.25,2488,5.63,48.85,4474,4905
2020,7,17.0,43.0,2164,14.27,60.11,5106,5358
2020,7,14.25,356.5,2261,14.96,47.79,4464,4829
2020,7,6.25,289.5,1041,4.73,53.79,4624,4735
2020,7,26.75,115.5,2992,5.37,59.26,5062,5393
2020,7,16.5,121.25,1895,2.24,49.77,4564,5118
2020,7,14.75,121.25,1639,5.0,51.31,4818,5232
2020,7,15.25,98.5,1418,8.1,51.83,4574,5111
2020,7,25.75,70.25,855,6.41,64.09,5648,5729
2020,7,21.0,73.0,625,4.68,69.86,5350,5392
2020,7,11.5,6.0,1404,13.32,50.48,4425,4869
2020,7,22.5,95.0,1817,3.85,65.12,5226,5363
2020,7,17.75,358.25,2272,11.39,45.34,4623,4912
2020,7,20.5,105.25,2972,3.02,54.1,4990,5335
2020,7,14.0,14.25,2846,19.02,53.0,4595,4887
2020,7,9.75,15.5,2003,16.99,50.46,4661,4997
2020,7,16.0,357.0,3783,13.51,56.73,4679,4948
2020,7,15.75,357.0,4176,13.64,56.08,4708,4978
2020,7,40.0,274.0,1264,7.02,53.06,4656,4914
2020,7,10.5,289.0,2681,8.42,56.75,4730,4970
2020,7,27.0,117.75,1773,3.97,54.19,5026,5442
2020,7,8.0,125.75,1975,10.21,59.88,4857,5043
2020,7,17.5,99.25,1360,3.41,54.18,4719,5107
2020,7,13.75,100.0,2570,2.66,60.14,5164,5211
2020,7,12.5,344.25,695,8.0,67.82,4844,4933
2020,7,36.0,284.25,3203,1.94,51.37,4644,4759
2020,7,11.75,273.5,965,3.64,56.33,4806,4892
2020,7,21.0,106.0,3763,5.13,59.7,5427,5466
2020,7,14.0,108.75,1797,4.61,52.06,4726,5152
2020,7,10.0,18.25,2467,8.84,53.7,4364,4738
2020,7,18.0,350.25,1664,8.19,49.17,4549,4809
2020,7,18.25,264.5,2693,9.1,56.32,4942,5049
2020,7,17.5,266.75,2893,7.6,56.12,4540,4844
2020,7,32.75,72.0,2615,8.91,52.71,5002,5500
2020,7,15.75,32.25,1137,19.01,55.88,4613,5035
2020,8,1.5,19.25,3369,7.59,45.18,4817,5153
2020,8,13.5,17.75,927,12.06,54.82,4740,5045
2020,8,8.0,19.75,1188,5.98,49.78,4585,5014
2020,8,0.0,24.5,2393,5.61,48.27,4554,5025
2020,8,-0.75,23.5,2465,8.01,48.25,4686,5113
2020,8,-2.0,23.75,2611,11.83,43.67,4652,5138
2020,8,47.5,123.5,2288,12.17,46.25,4209,4376
2020,8,14.0,41.5,3357,12.02,62.22,4905,5101
2020,8,33.75,71.5,2265,6.57,45.49,4652,5298
2020,8,33.75,73.5,3014,6.33,42.72,4380,5424
2020,8,31.25,278.5,1373,7.19,46.15,4548,4679
2020,8,28.25,279.25,2979,6.8,53.77,4760,4895
2020,8,16.0,263.0,2218,8.08,47.66,4500,5184
2020,8,36.75,119.0,670,10.13,68.01,5043,5107
2020,8,44.75,262.5,3336,8.43,45.8,3973,4506
2020,8,39.0,116.75,2270,11.99,51.9,4360,4363
2020,8,14.25,353.75,2571,11.42,58.55,4782,5064
2020,8,36.25,266.5,2056,10.14,47.79,3962,4408
2020,8,15.0,18.5,1392,16.04,56.09,4504,4823
2020,8,3.0,23.25,2080,1.16,47.47,4309,4810
2020,8,37.25,271.5,2284,8.29,50.73,4179,4330
2020,8,14.5,35.25,2161,7.22,47.89,4435,4985
2020,8,-8.75,284.5,2501,1.59,47.39,4663,5010
2020,8,23.0,254.5,1460,7.14,58.66,4235,4832
2020,8,13.75,353.0,2197,10.58,50.81,4676,5000
2020,8,35.25,269.0,1663,11.36,63.79,4773,4905
2020,8,19.75,105.25,4579,10.5,50.21,4696,4988
2020,8,14.5,8.75,2118,12.8,47.32,4534,5000
2020,8,-3.25,299.75,2049,11.19,55.38,4804,4873
2020,9,14.25,20.5,2444,5.14,47.55,4523,4978
2020,9,16.75,77.75,1793,5.4,52.73,4640,5117
2020,9,22.5,276.25,2615,10.23,54.0,4633,4741
2020,9,5.25,301.25,3675,8.77,51.67,4774,4873
2020,9,3.0,18.0,2995,1.13,47.46,4537,4911
2020,9,-4.25,288.5,4091,12.09,46.07,4645,4759
2020,9,21.75,80.75,3220,3.2,51.7,4740,5293
2020,9,12.25,7.25,2078,8.1,52.05,4413,4911
2020,9,-6.0,289.5,3004,10.29,50.81,4939,5103
2020,9,-4.0,291.0,1427,14.97,45.8,4873,4991
2020,9,22.75,254.0,4099,12.12,61.5,4846,4932
2020,9,17.5,121.5,1597,4.96,58.83,5040,5156
2020,9,2.0,287.25,1978,9.47,50.9,4397,4662
2020,9,27.5,82.75,1923,7.78,57.67,5389,5542
2020,9,11.0,9.5,2509,7.72,52.34,4552,5081
2020,9,22.0,281.25,2792,6.17,56.24,4744,4835
2020,9,11.0,17.75,2689,15.35,48.54,4400,4771
2020,9,12.0,18.0,2700,16.33,47.75,4370,4773
2020,9,-7.0,300.0,2128,7.87,44.32,4690,4834
2020,9,-3.0,300.5,1111,7.44,47.13,4766,4849
2020,9,14.75,121.0,2882,6.87,55.34,4859,4945
2020,9,16.75,99.25,1402,1.6,59.2,4891,5078
2020,9,19.75,76.0,1207,4.11,56.58,4865,5351
2020,9,21.5,77.0,1005,6.24,62.76,4765,5236
2020,9,23.5,78.25,1086,4.33,57.55,4870,5381
2020,9,15.5,5.0,3245,9.88,49.18,4346,4745
2020,9,-6.0,285.25,1954,8.81,49.6,4415,4536
2020,9,16.5,270.5,2970,7.53,47.9,4559,5009
2020,9,24.0,282.75,1156,8.68,61.46,4623,4723
2020,9,24.25,72.25,1622,7.47,68.7,5257,5411
2020,9,13.25,20.5,2956,11.08,50.25,4404,4869
2020,9,10.25,286.0,3675,6.32,54.22,4852,5081
2020,9,20.5,79.0,2740,11.91,57.43,5220,5455
2020,9,-5.5,287.75,2258,10.21,51.45,4331,4481
2020,9,-1.75,289.5,2370,12.49,48.92,4470,4597
2020,9,-0.5,290.25,2193,12.45,47.86,4558,4705
2020,9,13.25,273.0,1425,4.17,51.74,4516,4969
2020,9,12.5,14.5,1882,7.56,59.7,4483,4771
2020,9,-13.5,293.25,1531,6.69,49.37,4351,4516
2020,9,-9.75,294.25,2416,9.42,48.02,4554,4694
2020,9,-6.75,296.25,1544,10.46,47.9,4734,4836
2020,9,-4.5,298.0,1802,10.77,47.27,4807,4908
2020,9,-1.0,298.25,2634,9.08,52.56,4723,4827
2020,9,10.5,288.75,4017,12.75,51.49,4849,4938
2020,9,-1.75,298.0,1842,5.61,54.33,4658,4759
2020,9,2.25,303.0,2019,9.07,47.39,4556,4813
2020,9,7.25,31.5,2171,5.14,51.66,4098,4512
2020,9,9.75,31.5,3818,9.49,47.44,4392,4797
2020,9,12.25,27.25,2591,8.53,47.82,4392,4890
2020,9,26.0,96.25,1795,4.62,52.22,4769,5439
2020,9,10.5,355.25,4260,11.24,46.71,4211,4506
2020,9,-11.75,298.25,2121,8.58,53.9,4602,4841
2020,9,-11.5,299.5,2306,6.53,48.63,4273,4612
2020,9,9.25,288.25,2790,3.31,56.14,4834,4931
2020,9,-2.25,296.5,1645,11.85,51.58,4637,4763
2020,9,-6.25,297.5,2915,11.42,53.38,4598,4716
2020,9,-7.0,298.75,2524,9.79,51.91,4697,4812
2020,9,11.75,15.0,2949,9.67,49.29,4229,4527
2020,9,10.25,10.0,2454,9.78,45.24,4191,4745
2020,10,11.5,24.0,3548,7.62,38.12,4222,4841
2020,10,-6.5,291.25,3456,10.14,51.31,4703,4842
2020,10,-9.5,292.75,4589,7.15,46.48,4734,4901
2020,10,7.75,28.25,2294,4.54,43.95,4535,4981
2020,10,8.25,349.25,1669,10.52,53.39,4441,4722
2020,10,1.5,21.0,4026,9.1,45.12,4296,4677
2020,10,10.25,20.25,3867,3.9,46.81,4594,5008
2020,10,9.25,21.5,2822,7.79,55.71,4532,4979
2020,10,8.0,20.5,2973,1.16,51.2,4466,4915
2020,10,11.5,287.0,3124,7.05,59.89,4703,4786
2020,10,12.5,75.5,2095,5.58,52.63,4666,5156
2020,10,8.5,29.5,3543,11.24,50.44,4506,4898
2020,10,10.25,5.75,2068,2.25,50.65,4394,4656
2020,10,-21.5,317.5,1848,23.41,51.45,4264,4539
2020,10,10.0,289.0,3368,6.84,55.05,4658,4830
2020,10,6.5,300.5,2286,3.47,48.36,4536,4661
2020,10,22.25,254.75,3035,14.04,51.08,4646,4923
2020,10,-4.0,298.25,2635,2.95,54.1,4806,4878
2020,10,-22.5,305.5,2654,7.93,41.09,4352,4734
2020,10,15.0,267.0,3045,15.8,54.06,4726,4799
2020,10,11.5,346.0,2617,7.73,51.95,4667,4804
2020,10,11.75,18.25,2916,4.26,48.12,4382,4884
2020,10,-1.0,22.75,1911,9.36,46.92,4576,4983
2020,10,-15.0,296.0,3371,7.58,54.2,4521,4702
2020,10,-14.0,296.5,4090,9.76,52.41,4670,4846
2020,10,9.5,28.25,1862,6.12,47.77,4735,5140
2020,10,2.75,31.75,2985,2.44,43.23,4184,5122
2020,10,11.5,5.25,2560,8.47,41.1,4382,4733
2020,10,10.75,5.5,2324,7.95,42.51,4592,4947
2020,10,-7.0,300.5,3154,2.88,47.72,4669,4826
2020,10,8.75,282.75,1631,4.99,57.62,4967,5039
2020,10,-1.0,17.5,2977,7.12,48.14,4679,4987
2020,10,12.0,349.0,3825,6.22,44.32,4248,4686
2020,10,12.0,349.5,2510,6.17,42.89,4234,4671
2020,10,-9.5,296.75,2245,1.86,50.25,4793,4921
2020,10,-10.0,296.0,3213,0.87,51.84,4607,4778
2020,10,5.75,9.25,2724,3.01,51.56,4719,4860
2020,10,-24.5,298.0,1680,4.34,46.12,4533,4710
2020,10,6.75,3.25,1838,1.96,48.07,4624,4712
2020,10,-4.25,296.75,1693,6.07,56.81,4737,4826
2020,10,-6.5,298.75,2192,5.67,58.92,4749,4826
2020,10,11.25,346.25,2886,3.56,48.1,4544,4801
2020,10,11.5,346.75,3285,3.32,48.07,4534,4785
2020,10,-6.25,305.25,2468,4.48,50.82,4672,4908
2020,10,6.25,20.75,2093,2.87,48.86,4208,4770
2020,10,9.5,284.75,2265,3.0,53.25,4868,5022
2020,10,-27.25,300.25,2273,9.86,49.39,4466,4536
2020,10,-11.5,302.75,1118,5.48,51.58,4412,4714
2020,10,-15.5,303.25,3184,4.59,49.42,4399,4770
2020,10,-16.25,304.0,1931,6.32,52.77,4652,4791
2020,10,-13.75,296.5,2221,7.91,55.26,4837,4991
2020,10,-15.5,297.0,1826,9.17,54.35,4926,5178
2020,10,-14.75,297.25,3105,4.67,53.92,4859,5081
2020,10,-15.25,298.25,2500,3.13,50.04,4716,4996
2020,10,-16.75,299.0,1358,4.54,47.22,4776,5208
2020,10,-22.5,318.0,3219,18.5,44.35,4443,4509
2020,10,-23.0,303.75,955,15.72,60.06,4137,4414
2020,10,4.25,26.75,1968,2.9,50.26,4004,4667
2020,10,-6.0,305.5,2239,5.23,54.63,4807,5042
2020,11,3.0,18.25,3126,11.39,50.22,4181,4553
2020,11,5.5,100.75,1638,5.64,53.97,4823,5057
2020,11,-0.5,132.0,2104,2.55,58.25,4968,5071
2020,11,-2.0,305.75,1282,4.51,57.36,4784,4857
2020,11,-16.5,308.25,1441,9.09,48.83,4458,4958
2020,11,14.25,104.5,4445,5.45,38.68,4835,4978
2020,11,-1.5,27.5,5410,7.26,40.7,4401,5142
2020,11,-3.5,316.25,2261,1.9,57.14,4744,4820
2020,11,-27.5,32.5,2899,21.29,48.36,4798,4851
2020,11,-12.75,142.75,1083,14.32,54.49,4543,4656
2020,11,-10.75,293.25,2644,11.32,56.07,4985,5152
2020,11,-9.75,292.75,2076,11.45,57.5,5015,5183
2020,11,-17.0,125.75,1805,1.76,45.39,4563,4916
2020,11,0.5,15.75,2727,5.0,43.82,4723,5094
2020,11,-20.75,296.75,2898,3.29,48.88,4370,5169
2020,11,-1.5,282.25,2244,1.59,48.12,4374,5073
2020,11,-1.75,22.75,3475,3.8,54.01,4634,5042
2020,11,-1.5,24.25,3298,5.97,48.92,4618,5105
2020,11,1.25,24.75,2593,3.32,46.55,4716,5168
2020,11,-10.0,123.75,1751,1.13,51.74,4770,4969
2020,11,-12.75,131.0,1518,3.25,50.03,5030,5067
2020,11,-1.75,111.0,986,1.37,58.32,4640,4799
2020,11,-8.75,303.75,1774,1.53,47.29,4528,4858
2020,11,-8.25,304.25,2481,2.74,47.7,4513,4868
2020,12,-12.0,34.5,2104,6.16,49.6,4253,4742
2020,12,-18.75,35.25,2571,8.22,62.16,4945,5078
2020,12,-27.0,298.75,2298,18.17,55.29,4723,4827
2020,12,-17.25,302.25,1910,3.3,50.72,4868,4964
2020,12,-17.0,302.75,1725,3.42,49.92,4924,5027
2020,12,-17.0,304.0,1433,2.85,49.4,4993,5112
2020,12,-8.25,306.75,2397,0.43,46.95,4718,5017
2020,12,-2.75,309.25,2799,3.77,54.72,4710,4795
2020,12,-25.0,302.0,813,17.21,55.39,4627,4700
2020,12,-7.25,301.5,2008,3.51,56.61,4642,4810
2020,12,-5.5,21.0,2329,4.6,50.63,4218,4755
2020,12,-9.25,310.0,2033,6.74,48.68,4734,4910
2020,12,-6.75,311.25,3163,6.37,48.12,4840,5016
2020,12,-16.0,315.0,1564,5.16,50.39,4359,4875
2020,12,-23.0,303.25,2984,10.4,48.88,4643,4811
2020,12,-26.25,299.5,2395,17.35,52.28,4484,4590
2020,12,-25.75,304.25,534,14.06,57.59,4027,4298
2020,12,-29.5,304.75,675,19.28,61.57,4337,4493
2020,12,-24.5,30.25,2338,3.22,49.19,4230,5197
2020,12,-24.75,31.25,3658,9.19,58.02,4983,5501
2020,12,-18.25,132.5,3607,6.35,61.2,4943,5180
2020,12,0.0,25.0,5039,8.72,41.84,4681,5158
2020,12,-30.0,31.25,1307,18.33,61.61,5088,5156
2021,1,3.0,20.25,1622,5.52,49.7,4538,4943
2021,1,1.5,20.0,1883,5.85,47.92,4554,4918
2021,1,1.75,20.5,1558,5.21,46.75,4717,5085
2021,1,-17.0,303.0,3221,4.03,52.52,4785,4896
2021,1,-14.75,30.5,2462,5.92,46.38,4596,5264
2021,1,-10.0,310.75,2907,6.07,48.22,4844,5076
2021,1,-9.25,312.0,2363,7.8,43.13,4777,5035
2021,1,-25.25,303.0,2140,10.38,54.3,4803,4939
2021,1,-19.75,307.75,1639,7.32,47.43,4533,4939
2021,1,-22.0,303.0,1369,3.11,53.16,4951,5197
2021,1,-23.75,304.0,2234,6.8,56.56,4886,5113
2021,1,-25.5,305.75,2802,5.47,57.01,4615,4876
2021,1,-20.25,312.0,1590,4.52,49.06,4424,4975
2021,1,-20.5,32.5,2166,7.99,56.31,4416,5025
2021,1,-3.75,316.25,2005,4.59,58.97,5067,5140
2021,1,-3.0,21.25,1411,10.19,51.46,4290,4761
2021,1,-12.0,34.75,1595,4.71,49.38,4406,4952
2021,1,-24.25,299.25,1805,3.4,49.38,4615,4762
2021,1,-22.75,310.0,1634,5.6,54.39,4059,4555
2021,1,-3.0,14.75,4309,7.49,45.1,4234,4796
2021,1,-5.0,23.5,4883,7.66,44.5,4271,4809
2021,1,-26.0,304.0,2009,14.86,60.34,4466,4687
2021,1,-5.75,148.0,1128,10.4,66.26,4904,5031
2021,2,-0.25,101.25,2407,4.2,57.33,4724,4896
2021,2,-22.25,143.25,2130,10.35,46.72,4861,5077
2021,2,1.0,11.0,3010,3.87,46.39,4429,4957
2021,2,-7.0,16.75,3619,3.01,43.27,4307,4950
2021,2,5.0,6.5,3108,2.37,51.51,5032,5095
2021,2,0.0,13.25,2845,9.32,44.46,4735,5277
2021,2,1.25,116.5,2395,7.07,50.52,4359,4801
2021,2,-17.0,37.75,2457,9.2,58.45,4975,5057
2021,2,-4.75,20.75,3139,3.35,45.69,4601,5112
2021,2,-2.25,21.0,3678,7.0,48.06,4637,5056
2021,2,6.75,0.25,3209,1.62,52.16,4777,4908
2021,2,-28.5,119.75,2377,3.6,56.39,4552,5003
2021,2,-15.0,125.25,3530,10.74,56.79,5247,5323
2021,2,-14.5,126.25,3629,7.14,55.63,5145,5291
2021,2,-20.5,319.0,2811,8.51,43.83,4063,4802
2021,2,-18.25,320.25,2226,7.1,57.12,4761,4821
2021,2,-8.0,148.25,1307,4.2,66.49,4885,4961
2021,2,8.75,348.5,1463,0.72,49.72,4536,4928
2021,2,-14.0,309.25,687,9.82,55.41,4791,5050
2021,2,-4.25,19.25,2134,11.82,49.1,4246,4671
2021,3,-3.75,102.5,1941,4.79,49.24,4343,4708
2021,3,-25.0,298.75,2083,3.07,52.58,4621,4770
2021,3,-24.0,299.25,2064,1.4,47.98,4613,4763
2021,3,-1.75,116.5,911,5.08,56.61,4478,4587
2021,3,-7.0,112.75,1312,3.65,56.67,4701,4800
2021,3,-1.5,17.25,1515,11.42,49.33,4660,5014
2021,3,-17.75,127.0,2747,12.07,48.03,4201,4609
2021,3,7.0,282.75,1607,8.43,54.19,4755,4918
2021,3,-15.25,292.75,3349,5.25,45.79,4107,4773
2021,3,-2.0,13.75,1982,7.75,50.06,4461,4937
2021,3,-2.0,16.5,1535,10.51,51.63,4550,4848
2021,3,-2.25,17.5,2376,9.02,57.01,4490,4809
2021,3,-1.0,21.5,3102,12.71,47.5,4547,4940
2021,3,-25.0,31.5,2281,3.43,49.05,4273,4638
2021,3,-2.0,307.25,1010,9.56,56.88,4556,4664
2021,3,-4.75,13.5,2080,10.84,47.46,4341,4775
2021,3,-4.5,15.0,4031,11.03,46.81,4330,4734
2021,3,18.25,101.75,3503,9.45,46.54,4487,4868
2021,3,17.5,102.25,3381,11.28,52.83,4475,4735
2021,3,8.0,11.75,2845,7.03,44.78,4408,4937
2021,3,6.5,350.25,2391,8.04,52.25,4650,4851
2021,3,-11.5,309.5,1965,1.55,45.79,4361,4550
2021,3,7.75,358.25,3923,8.67,49.81,4590,4906
2021,3,-7.0,21.75,4806,4.78,42.92,4298,5061
2021,3,5.5,24.25,2699,9.74,48.34,4339,4944
2021,3,5.25,25.5,3135,10.78,47.44,4477,5088
2021,3,4.0,25.5,2627,6.53,46.58,4558,5167
2021,3,-2.75,27.5,2247,7.28,48.08,4183,4821
2021,3,-26.5,304.25,3072,12.95,43.4,4496,4698
2021,3,-29.5,305.0,2698,11.28,43.05,4398,4608
2021,3,6.0,355.25,1799,8.72,52.64,5035,5111
2021,3,6.25,354.75,1709,9.36,49.54,4827,4998
2021,3,0.75,310.0,1022,2.41,56.74,4808,4901
2021,3,11.0,99.0,2518,5.26,56.0,4779,4988
