year,plot,region,condition,herbi,rel_doy,rel_doy_lead,delay_day
2018,FHC,F,HC,0.338625230259093,-12.178957882470456,1.003995338771432,13.182953221241888
2019,BHC,B,HC,0.20355285734415,-14.996004661228568,0.42213251206925406,15.418137173297822
2019,DHM,D,HM,0.224069429740618,-1.996004661228568,20.422132512069254,22.418137173297822
2020,TLC,T,LC,0.117375277230396,12.422132512069254,-20.9042783419344,-33.326410854003655
2018,NHM,N,HM,0.443276077047712,-9.178957882470456,-13.996004661228568,-4.817046778758112
2017,BH2C,B,HC,0.123583881498597,-1.6938155485267146,-6.178957882470456,-4.485142333943742
2018,GLM,G,LM,0.397041169830188,-1.1789578824704563,0.003995338771431989,1.1829532212418883
2020,NLM,N,LM,0.151588456044957,4.422132512069254,-11.9042783419344,-16.326410854003655
2019,HLC,H,LC,0.0211946361652209,38.00399533877143,5.422132512069254,-32.58186282670218
2017,D8H2C,D,HC,0.119943340128151,13.306184451473285,-12.178957882470456,-25.48514233394374
2020,AHM,A,HM,0.371307435156724,-6.577867487930746,7.0957216580655995,13.673589145996345
2019,MHC,M,HC,0.128280942630227,-24.996004661228568,-5.577867487930746,19.418137173297822
2017,BHM,B,HM,0.459792665818828,2.3061844514732854,45.821042117529544,43.51485766605626
2018,GLM,G,LM,0.286574853852601,-20.178957882470456,-2.996004661228568,17.18295322124189
2017,MHC,M,HC,0.290399049273122,-0.6938155485267146,-11.178957882470456,-10.485142333943742
2018,SHM,S,HM,0.468320877263592,9.821042117529544,20.003995338771432,10.182953221241888
2020,NLC,N,LC,0.36416472267042,3.422132512069254,6.0957216580655995,2.6735891459963455
2020,D8H2C,D,HC,0.140511741311637,0.42213251206925406,-7.9042783419344005,-8.326410854003655
2019,GLC,G,LC,0.134491562875391,7.003995338771432,9.422132512069254,2.418137173297822
2017,HHM,H,HM,0.317506455226581,6.306184451473285,-12.178957882470456,-18.48514233394374
2018,MHC,M,HC,0.259320551016667,-6.178957882470456,8.003995338771432,14.182953221241888
2019,BLM,B,LM,0.558475699539443,1.003995338771432,-16.577867487930746,-17.581862826702178
2017,OHM,O,HM,0.168947509142188,1.3061844514732854,-7.178957882470456,-8.485142333943742
2018,FLM,F,LM,0.384159953656396,-13.178957882470456,18.003995338771432,31.18295322124189
2018,NHM,N,HM,0.301436687963599,-11.178957882470456,-4.996004661228568,6.182953221241888
2020,DLC,D,LC,0.441135235253823,14.422132512069254,8.0957216580656,-6.3264108540036545
2019,DHM,D,HM,0.207507559989842,11.003995338771432,5.422132512069254,-5.581862826702178
2020,JLC,J,LC,0.113208267151895,-3.577867487930746,6.0957216580655995,9.673589145996345
2018,NLM,N,LM,-0.0305775640361572,37.821042117529544,-7.996004661228568,-45.81704677875811
2020,SHM,S,HM,0.156928120155761,-7.577867487930746,2.0957216580655995,9.673589145996345
2020,NLC,N,LC,0.519906580501889,4.422132512069254,-11.9042783419344,-16.326410854003655
2020,NLC,N,LC,0.368454871929446,6.422132512069254,-9.9042783419344,-16.326410854003655
2019,SLM,S,LM,0.192783716804223,6.003995338771432,-2.577867487930746,-8.581862826702178
2017,GHM,G,HM,0.121722877270026,13.306184451473285,-4.178957882470456,-17.48514233394374
2020,NHM,N,HM,0.136636264944719,27.422132512069254,-3.9042783419344005,-31.326410854003655
2020,OHC,O,HC,0.45495297872749,-15.577867487930746,0.09572165806559951,15.673589145996345
2017,D4H2C,D,HC,0.345584321536,12.306184451473285,-14.178957882470456,-26.48514233394374
2020,NLM,N,LM,0.395574715560838,-3.577867487930746,-4.9042783419344005,-1.3264108540036545
2018,NHC,N,HC,0.22565455264021,-13.178957882470456,3.003995338771432,16.18295322124189
2018,D8H2C,D,HC,0.270662165211758,0.8210421175295437,1.003995338771432,0.1829532212418883
2017,DHM,D,HM,-0.00412508995947825,24.306184451473285,18.821042117529544,-5.485142333943742
2019,NHM,N,HM,0.559951800442255,-6.996004661228568,-4.577867487930746,2.418137173297822
2019,D4H2C,D,HC,0.254761886944431,-23.996004661228568,0.42213251206925406,24.418137173297822
2020,BHM,B,HM,0.0635827639609723,31.422132512069254,0.09572165806559951,-31.326410854003655
2017,NLM,N,LM,0.13574479127089,13.306184451473285,-5.178957882470456,-18.48514233394374
2019,OHC,O,HC,0.220724621428752,-14.996004661228568,-7.577867487930746,7.418137173297822
2019,BHC,B,HC,0.191803301470815,0.003995338771431989,-5.577867487930746,-5.581862826702178
2020,THC,T,HC,0.337188862991366,0.42213251206925406,26.0957216580656,25.673589145996345
2020,JLM,J,LM,0.269663427926836,-0.5778674879307459,5.0957216580655995,5.6735891459963455
2018,BLM,B,LM,0.566360743055452,-7.178957882470456,1.003995338771432,8.182953221241888
2018,SHC,S,HC,0.404092762234986,-13.178957882470456,-4.996004661228568,8.182953221241888
2020,ALC,A,LC,0.235509925225682,-13.577867487930746,6.0957216580655995,19.673589145996345
2017,JLM,J,LM,0.10828557211436,-13.693815548526715,-13.178957882470456,0.5148576660562583
2020,MLC,M,LC,0.278443847758903,-11.577867487930746,-17.9042783419344,-6.3264108540036545
2018,D7H2C,D,HC,-0.00909683369217396,36.821042117529544,6.003995338771432,-30.81704677875811
2018,BLM,B,LM,0.195911164593825,3.8210421175295437,2.003995338771432,-1.8170467787581117
2020,FHC,F,HC,0.313234059234409,-0.5778674879307459,4.0957216580655995,4.6735891459963455
2019,MHM,M,HM,0.116616727988635,23.003995338771432,-11.577867487930746,-34.58186282670218
2017,NLC,N,LC,0.317715515736911,-6.693815548526715,23.821042117529544,30.51485766605626
2017,GLM,G,LM,0.549369191875768,12.306184451473285,-3.1789578824704563,-15.485142333943742
2018,JLC,J,LC,0.326327069865228,-5.178957882470456,8.003995338771432,13.182953221241888
2020,NHM,N,HM,0.492788137934596,-5.577867487930746,-17.9042783419344,-12.326410854003655
2018,D8H2C,D,HC,0.303992276947053,6.821042117529544,-25.996004661228568,-32.81704677875811
2019,FLC,F,LC,0.189860849021122,-2.996004661228568,18.422132512069254,21.418137173297822
2019,BLM,B,LM,0.18575898980387,-0.996004661228568,-1.577867487930746,-0.5818628267021779
2020,GHC,G,HC,0.170512970063064,-15.577867487930746,1.0957216580655995,16.673589145996345
2017,MHM,M,HM,0.220592627374549,-0.6938155485267146,-4.178957882470456,-3.4851423339437417
2018,GLC,G,LC,0.031892587108818,-8.178957882470456,-1.996004661228568,6.182953221241888
2018,OLM,O,LM,0.100912164277211,-7.178957882470456,-1.996004661228568,5.182953221241888
2017,SHM,S,HM,0.369915361029712,-9.693815548526715,-9.178957882470456,0.5148576660562583
2020,GLC,G,LC,0.387489825990506,-16.577867487930746,0.09572165806559951,16.673589145996345
2017,FHC,F,HC,0.837411118558993,-2.6938155485267146,-5.178957882470456,-2.4851423339437417
2020,TLM,T,LM,0.17410463282401,26.422132512069254,-6.9042783419344005,-33.326410854003655
2018,SLC,S,LC,0.101110045733669,-2.1789578824704563,1.003995338771432,3.1829532212418883
2019,GHM,G,HM,0.421669313736423,13.003995338771432,1.422132512069254,-11.581862826702178
2020,DLC,D,LC,0.330755633423705,18.422132512069254,10.0957216580656,-8.326410854003655
2018,JHM,J,HM,0.303414588374707,-18.178957882470456,4.003995338771432,22.18295322124189
2018,GHC,G,HC,0.318846353514787,4.821042117529544,21.003995338771432,16.18295322124189
2017,GLC,G,LC,0.109581882992084,-14.693815548526715,-7.178957882470456,7.514857666056258
2017,GLM,G,LM,0.176052612621135,10.306184451473285,-1.1789578824704563,-11.485142333943742
2018,D8H2C,D,HC,0.0819855582896404,51.821042117529544,-22.996004661228568,-74.81704677875811
2019,D8H2C,D,HC,0.174874637538708,-1.996004661228568,58.422132512069254,60.41813717329782
2020,OHC,O,HC,0.101443678043665,-6.577867487930746,18.0957216580656,24.673589145996345
2017,D1H2C,D,HC,0.26405444850482,14.306184451473285,-10.178957882470456,-24.48514233394374
2019,GLC,G,LC,0.107137728400658,7.003995338771432,4.422132512069254,-2.581862826702178
2018,MHM,M,HM,0.471032792850177,-5.178957882470456,3.003995338771432,8.182953221241888
2020,D7H2C,D,HC,0.393267740762234,0.42213251206925406,4.0957216580655995,3.6735891459963455
2017,D8H2C,D,HC,0.246144930863775,-13.693815548526715,-8.178957882470456,5.514857666056258
2018,AHM,A,HM,0.314447362724903,-12.178957882470456,-3.996004661228568,8.182953221241888
2017,MHC,M,HC,0.116440007824999,0.30618445147328543,-3.1789578824704563,-3.4851423339437417
2018,DLM,D,LM,0.413000107744562,-8.178957882470456,7.003995338771432,15.182953221241888
2017,OHC,O,HC,0.336004480596394,-4.693815548526715,-5.178957882470456,-0.48514233394374173
2020,AHC,A,HC,0.149538827967844,1.422132512069254,6.0957216580655995,4.6735891459963455
2018,D3H2C,D,HC,0.358771742159846,-4.178957882470456,-13.996004661228568,-9.817046778758112
2019,BLM,B,LM,-0.00624958941700204,-26.996004661228568,-11.577867487930746,15.418137173297822
2020,NHC,N,HC,0.111498578241578,1.422132512069254,12.0957216580656,10.673589145996345
2020,HHM,H,HM,0.361703927004588,-5.577867487930746,-3.9042783419344005,1.6735891459963455
2019,MLM,M,LM,0.39773839308965,-1.996004661228568,-11.577867487930746,-9.581862826702178
2019,SHM,S,HM,0.0976286988611368,2.003995338771432,-11.577867487930746,-13.581862826702178
2018,MHC,M,HC,0.373479962413998,27.821042117529544,-6.996004661228568,-34.81704677875811
2019,TLM,T,LM,0.126416997702077,1.003995338771432,14.422132512069254,13.418137173297822
2018,BHM,B,HM,0.223759763528248,4.821042117529544,1.003995338771432,-3.8170467787581117
2019,THC,T,HC,0.369698597763193,1.003995338771432,-3.577867487930746,-4.581862826702178
2017,DLM,D,LM,0.336932538301004,-1.6938155485267146,-4.178957882470456,-2.4851423339437417
2017,FHC,F,HC,0.182493645499656,6.306184451473285,-15.178957882470456,-21.48514233394374
2019,TLC,T,LC,0.24193775381934,29.003995338771432,-10.577867487930746,-39.58186282670218
2018,JLM,J,LM,0.222894262619828,-3.1789578824704563,-8.996004661228568,-5.817046778758112
2020,ALC,A,LC,0.206285243559741,-0.5778674879307459,11.0957216580656,11.673589145996345
2020,GLC,G,LC,0.0819891782612441,-8.577867487930746,6.0957216580655995,14.673589145996345
2019,OLC,O,LC,0.0260664758953253,25.003995338771432,1.422132512069254,-23.581862826702178
2020,DLC,D,LC,0.32137640865218,4.422132512069254,6.0957216580655995,1.6735891459963455
2017,BLM,B,LM,0.248231798753281,0.30618445147328543,-7.178957882470456,-7.485142333943742
2017,DHC,D,HC,0.678718663809767,0.30618445147328543,-7.178957882470456,-7.485142333943742
2017,MLM,M,LM,0.328783061971055,-0.6938155485267146,-7.178957882470456,-6.485142333943742
2020,OLC,O,LC,0.321683466423744,2.422132512069254,2.0957216580655995,-0.32641085400365455
2020,HLC,H,LC,0.213696821935696,7.422132512069254,2.0957216580655995,-5.3264108540036545
2019,JHM,J,HM,0.358063311228809,2.003995338771432,-5.577867487930746,-7.581862826702178
2020,AHC,A,HC,0.363657972661757,0.42213251206925406,14.0957216580656,13.673589145996345
2017,THC,T,HC,0.206444343677729,-12.693815548526715,-6.178957882470456,6.514857666056258
2018,AHC,A,HC,0.284572444181392,-4.178957882470456,13.003995338771432,17.18295322124189
2018,JLC,J,LC,0.183455383891246,-9.178957882470456,8.003995338771432,17.18295322124189
2018,HHM,H,HM,0.0800821856917817,16.821042117529544,8.003995338771432,-8.817046778758112
2020,THM,T,HM,0.380215176537994,4.422132512069254,10.0957216580656,5.6735891459963455
2017,NLC,N,LC,-0.00350155912709837,25.306184451473285,46.821042117529544,21.51485766605626
2018,MHC,M,HC,0.145143210381607,9.821042117529544,-12.996004661228568,-22.81704677875811
2017,BLM,B,LM,0.294750734654446,-5.693815548526715,-17.178957882470456,-11.485142333943742
2017,SLC,S,LC,0.152374087653286,-4.693815548526715,-8.178957882470456,-3.4851423339437417
2019,AHM,A,HM,0.171115235578777,1.003995338771432,2.422132512069254,1.418137173297822
2020,OLC,O,LC,0.20341694619315,25.422132512069254,7.0957216580655995,-18.326410854003655
2017,SHC,S,HC,0.188856563355164,-5.693815548526715,-12.178957882470456,-6.485142333943742
2017,D8H2C,D,HC,0.393700394165364,-13.693815548526715,40.821042117529544,54.51485766605626
2018,SHM,S,HM,0.149825429705092,-13.178957882470456,-4.996004661228568,8.182953221241888
2020,HLM,H,LM,0.0919848055345984,2.422132512069254,-27.9042783419344,-30.326410854003655
2019,JLM,J,LM,-0.00522430827684461,-4.996004661228568,8.422132512069254,13.418137173297822
2019,BHM,B,HM,0.321298627638955,0.003995338771431989,-1.577867487930746,-1.581862826702178
2017,GLM,G,LM,0.0517744716318307,14.306184451473285,-2.1789578824704563,-16.48514233394374
2019,HHM,H,HM,0.0108988322349217,50.00399533877143,6.422132512069254,-43.58186282670218
2020,GHC,G,HC,0.406818523011918,-0.5778674879307459,24.0957216580656,24.673589145996345
2019,D4H2C,D,HC,0.391499495922867,6.003995338771432,9.422132512069254,3.418137173297822
2017,HLM,H,LM,0.0992475908068247,21.306184451473285,-6.178957882470456,-27.48514233394374
2020,GLC,G,LC,0.269708968230037,-0.5778674879307459,8.0957216580656,8.673589145996345
2019,FHM,F,HM,0.0389234730708932,8.003995338771432,-8.577867487930746,-16.581862826702178
2019,FLC,F,LC,0.296064482594018,0.003995338771431989,-11.577867487930746,-11.581862826702178
2018,HLM,H,LM,0.16635088339153,-18.178957882470456,13.003995338771432,31.18295322124189
2020,THC,T,HC,0.178201946994341,1.422132512069254,0.09572165806559951,-1.3264108540036545
2017,FLC,F,LC,0.264113974439583,-4.693815548526715,4.821042117529544,9.514857666056258
2017,D9H2C,D,HC,0.840231972908853,-7.693815548526715,-7.178957882470456,0.5148576660562583
2019,TLM,T,LM,0.239040768027528,-10.996004661228568,-1.577867487930746,9.418137173297822
2017,MLM,M,LM,0.0863258375782445,8.306184451473285,-6.178957882470456,-14.485142333943742
2020,OHC,O,HC,0.510596611391531,-9.577867487930746,0.09572165806559951,9.673589145996345
2018,JLC,J,LC,0.268118350604833,-4.178957882470456,-7.996004661228568,-3.8170467787581117
2018,NLC,N,LC,0.495786551227016,23.821042117529544,7.003995338771432,-16.81704677875811
2020,BLM,B,LM,0.300537153628887,-7.577867487930746,1.0957216580655995,8.673589145996345
2020,MLC,M,LC,0.245548279456236,-11.577867487930746,-34.9042783419344,-23.326410854003655
2019,FHC,F,HC,0.385600914407396,6.003995338771432,-10.577867487930746,-16.581862826702178
2017,HHC,H,HC,0.342880493943124,13.306184451473285,-6.178957882470456,-19.48514233394374
2019,D1H2C,D,HC,0.332956798148593,-7.996004661228568,-10.577867487930746,-2.581862826702178
2018,SLM,S,LM,0.20485246756036,8.821042117529544,-23.996004661228568,-32.81704677875811
2020,OLM,O,LM,0.250886454645298,-5.577867487930746,-27.9042783419344,-22.326410854003655
2018,NHC,N,HC,0.0255513155327833,-7.178957882470456,-6.996004661228568,0.1829532212418883
2020,FHC,F,HC,0.384097225917506,-11.577867487930746,5.0957216580655995,16.673589145996345
2017,D1H2C,D,HC,0.357296622908844,5.306184451473285,-7.178957882470456,-12.485142333943742
2020,OLC,O,LC,0.344647258963225,19.422132512069254,8.0957216580656,-11.326410854003655
2018,BHM,B,HM,0.278841220014964,1.8210421175295437,-3.996004661228568,-5.817046778758112
2017,D7H2C,D,HC,0.149992554223656,-25.693815548526715,-4.178957882470456,21.51485766605626
2020,NLC,N,LC,0.190343993798961,6.422132512069254,7.0957216580655995,0.6735891459963455
2019,AHM,A,HM,0.307861597643442,1.003995338771432,3.422132512069254,2.418137173297822
2017,HHC,H,HC,0.147653061087463,12.306184451473285,-7.178957882470456,-19.48514233394374
2017,OLC,O,LC,0.29432062915166,6.306184451473285,-13.178957882470456,-19.48514233394374
2017,BH2C,B,HC,0.10764765324955,4.306184451473285,5.821042117529544,1.5148576660562583
2017,NHM,N,HM,0.113911345212894,-13.693815548526715,47.821042117529544,61.51485766605626
2020,HHC,H,HC,0.148129731726802,20.422132512069254,1.0957216580655995,-19.326410854003655
2020,NHM,N,HM,0.164662122278707,-12.577867487930746,-23.9042783419344,-11.326410854003655
2020,OLM,O,LM,0.15139415383254,0.42213251206925406,-11.9042783419344,-12.326410854003655
2018,SLM,S,LM,0.387122316727444,-3.1789578824704563,1.003995338771432,4.182953221241888
2020,D8H2C,D,HC,0.103248562357286,3.422132512069254,1.0957216580655995,-2.3264108540036545
2018,DLM,D,LM,0.565568848163729,-1.1789578824704563,11.003995338771432,12.182953221241888
2018,MHM,M,HM,0.142833695144931,-1.1789578824704563,-16.996004661228568,-15.817046778758112
2017,MHM,M,HM,0.119183691283478,-11.693815548526715,5.821042117529544,17.51485766605626
2019,MLC,M,LC,0.506734595919755,0.003995338771431989,-12.577867487930746,-12.581862826702178
2019,MLM,M,LM,0.326183378171753,-4.996004661228568,-0.5778674879307459,4.418137173297822
2019,JLM,J,LM,0.302327705033708,13.003995338771432,8.422132512069254,-4.581862826702178
2018,SLM,S,LM,0.139933463531242,-8.178957882470456,-1.996004661228568,6.182953221241888
2020,OLM,O,LM,0.190899725939974,15.422132512069254,18.0957216580656,2.6735891459963455
2017,SHM,S,HM,0.294801487940833,-15.693815548526715,-10.178957882470456,5.514857666056258
2020,FLC,F,LC,0.147856305005404,32.422132512069254,15.0957216580656,-17.326410854003655
2018,JLM,J,LM,0.316229127935394,1.8210421175295437,3.003995338771432,1.1829532212418883
2017,NHC,N,HC,0.233260310464474,14.306184451473285,-5.178957882470456,-19.48514233394374
2020,SHM,S,HM,0.375559776162731,-15.577867487930746,5.0957216580655995,20.673589145996345
2017,THC,T,HC,0.129463590567023,-16.693815548526715,-11.178957882470456,5.514857666056258
2017,JHC,J,HC,0.0751183879920371,1.3061844514732854,4.821042117529544,3.5148576660562583
2018,BLM,B,LM,0.112795413402925,-7.178957882470456,-3.996004661228568,3.1829532212418883
2019,OLM,O,LM,0.229632239216759,0.003995338771431989,-11.577867487930746,-11.581862826702178
2018,D1H2C,D,HC,0.0612323702969266,-6.178957882470456,-5.996004661228568,0.1829532212418883
2020,BLM,B,LM,0.0779243822721931,0.42213251206925406,-15.9042783419344,-16.326410854003655
2019,D7H2C,D,HC,0.252129560972129,-22.996004661228568,8.422132512069254,31.418137173297822
2020,AHC,A,HC,0.259971606431877,1.422132512069254,12.0957216580656,10.673589145996345
2020,ALC,A,LC,0.216140628124642,4.422132512069254,7.0957216580655995,2.6735891459963455
2019,HHM,H,HM,0.359772242444574,-24.996004661228568,-11.577867487930746,13.418137173297822
2020,DHC,D,HC,0.312259905131655,-5.577867487930746,-10.9042783419344,-5.3264108540036545
2017,FHM,F,HM,0.131871057692755,-5.693815548526715,-15.178957882470456,-9.485142333943742
2018,DLM,D,LM,0.0781300533659738,0.8210421175295437,5.003995338771432,4.182953221241888
2019,FHC,F,HC,0.785923123411662,-0.996004661228568,-4.577867487930746,-3.581862826702178
2018,SLC,S,LC,0.0300922336060327,-2.1789578824704563,5.003995338771432,7.182953221241888
2019,MHC,M,HC,0.318125254589361,-5.996004661228568,-1.577867487930746,4.418137173297822
2017,NHM,N,HM,0.23907870337287,2.3061844514732854,10.821042117529544,8.514857666056258
2019,D7H2C,D,HC,0.358965842381717,-16.996004661228568,-5.577867487930746,11.418137173297822
2019,SLC,S,LC,0.108859411082389,-10.996004661228568,12.422132512069254,23.418137173297822
2019,BLC,B,LC,0.0606389574601462,11.003995338771432,-16.577867487930746,-27.581862826702178
2018,BHM,B,HM,0.0587549737669262,-14.178957882470456,-4.996004661228568,9.182953221241888
2019,AHM,A,HM,0.395120063648711,3.003995338771432,-3.577867487930746,-6.581862826702178
2017,D9H2C,D,HC,0.151875271578422,6.306184451473285,-0.1789578824704563,-6.485142333943742
2020,NLC,N,LC,0.246030200401248,-22.577867487930746,13.0957216580656,35.673589145996345
2019,JLC,J,LC,0.208477868701745,17.003995338771432,-4.577867487930746,-21.581862826702178
2017,FLM,F,LM,0.226184904744781,-3.6938155485267146,0.8210421175295437,4.514857666056258
2019,AHM,A,HM,0.243551599862722,2.003995338771432,-3.577867487930746,-5.581862826702178
2020,SLC,S,LC,0.0965415757643919,0.42213251206925406,-16.9042783419344,-17.326410854003655
2020,OLM,O,LM,0.302869940196808,-3.577867487930746,0.09572165806559951,3.6735891459963455
2018,TLM,T,LM,0.142225024394343,-9.178957882470456,8.003995338771432,17.18295322124189
2018,SLC,S,LC,0.0683913358111436,-5.178957882470456,-6.996004661228568,-1.8170467787581117
2018,MLM,M,LM,0.379347150408975,-1.1789578824704563,16.003995338771432,17.18295322124189
2017,BHM,B,HM,0.363151378356921,16.306184451473285,-11.178957882470456,-27.48514233394374
2018,BLM,B,LM,0.233852908590265,20.821042117529544,10.003995338771432,-10.817046778758112
2017,DHC,D,HC,0.451080322188904,-2.6938155485267146,-8.178957882470456,-5.485142333943742
2019,AHC,A,HC,0.157659439089985,12.003995338771432,-3.577867487930746,-15.581862826702178
2018,OLC,O,LC,0.193980603219578,8.821042117529544,1.003995338771432,-7.817046778758112
2018,DHC,D,HC,0.162074479992464,-0.1789578824704563,4.003995338771432,4.182953221241888
2017,ALC,A,LC,0.0261190543234164,39.306184451473285,-1.1789578824704563,-40.48514233394374
2020,D3H2C,D,HC,0.280137666249405,8.422132512069254,12.0957216580656,3.6735891459963455
2020,OHM,O,HM,0.2468124809501,13.422132512069254,1.0957216580655995,-12.326410854003655
2017,SLM,S,LM,0.000693935106520494,23.306184451473285,-1.1789578824704563,-24.48514233394374
2020,FLC,F,LC,0.111658325658336,3.422132512069254,11.0957216580656,7.6735891459963455
2018,ALC,A,LC,0.129083112386507,0.8210421175295437,3.003995338771432,2.1829532212418883
2018,SHM,S,HM,0.126937831794613,18.821042117529544,16.003995338771432,-2.8170467787581117
2019,HHM,H,HM,0.390957894149712,3.003995338771432,-7.577867487930746,-10.581862826702178
2017,MHM,M,HM,0.0225154495486917,-18.693815548526715,-16.178957882470456,2.5148576660562583
2017,BHC,B,HC,0.212102445473802,3.3061844514732854,-9.178957882470456,-12.485142333943742
2020,HHM,H,HM,0.0761316747075591,1.422132512069254,7.0957216580655995,5.6735891459963455
2020,D7H2C,D,HC,0.238054488523406,2.422132512069254,17.0957216580656,14.673589145996345
2019,DLM,D,LM,0.30204221556193,3.003995338771432,-3.577867487930746,-6.581862826702178
2017,D1H2C,D,HC,0.145145304051933,-5.693815548526715,-13.178957882470456,-7.485142333943742
2017,BLC,B,LC,0.230469641687111,-2.6938155485267146,4.821042117529544,7.514857666056258
2017,FHM,F,HM,0.192948201717667,-10.693815548526715,-16.178957882470456,-5.485142333943742
2019,ALM,A,LM,0.296676620880446,9.003995338771432,-6.577867487930746,-15.581862826702178
2019,GHM,G,HM,0.150921968745915,-0.996004661228568,0.42213251206925406,1.418137173297822
2018,D8H2C,D,HC,0.201312382278641,-6.178957882470456,-6.996004661228568,-0.8170467787581117
2019,GLC,G,LC,0.378429356969412,2.003995338771432,-6.577867487930746,-8.581862826702178
2017,OHM,O,HM,0.280827179534719,-12.693815548526715,-12.178957882470456,0.5148576660562583
2020,OHC,O,HC,0.332255910734615,-11.577867487930746,0.09572165806559951,11.673589145996345
2020,FHC,F,HC,0.0822706079537261,2.422132512069254,-28.9042783419344,-31.326410854003655
2017,NHC,N,HC,0.0961932672424446,-3.6938155485267146,-15.178957882470456,-11.485142333943742
2020,SHM,S,HM,0.281130301554463,-4.577867487930746,-7.9042783419344005,-3.3264108540036545
2018,HLC,H,LC,0.111406859895633,4.821042117529544,-14.996004661228568,-19.81704677875811
2018,FH2C,F,HC,0.393984399406041,-0.1789578824704563,5.003995338771432,5.182953221241888
2020,ALC,A,LC,0.209676822534355,14.422132512069254,4.0957216580655995,-10.326410854003655
2019,D3H2C,D,HC,0.558756998716101,7.003995338771432,-2.577867487930746,-9.581862826702178
2019,NLC,N,LC,0.315589063231099,-21.996004661228568,5.422132512069254,27.418137173297822
2018,SLM,S,LM,0.115032012907537,-19.178957882470456,-18.996004661228568,0.1829532212418883
2017,ALM,A,LM,0.0370444775505332,-12.693815548526715,-7.178957882470456,5.514857666056258
2020,D1H2C,D,HC,0.2803034766531,-11.577867487930746,12.0957216580656,23.673589145996345
2019,SLM,S,LM,0.047683137596787,14.003995338771432,-5.577867487930746,-19.581862826702178
2017,JLM,J,LM,0.199081913282559,-21.693815548526715,-5.178957882470456,16.51485766605626
2020,GLC,G,LC,0.135407562566575,-1.577867487930746,24.0957216580656,25.673589145996345
2017,JHC,J,HC,0.466270463516119,-5.693815548526715,-12.178957882470456,-6.485142333943742
2020,FH2C,F,HC,0.236496945956246,-12.577867487930746,-0.9042783419344005,11.673589145996345
2018,MLM,M,LM,0.386030694824364,-15.178957882470456,-0.996004661228568,14.182953221241888
2019,OHC,O,HC,0.258738130252174,-11.996004661228568,-4.577867487930746,7.418137173297822
2019,BHC,B,HC,0.296922747329776,-1.996004661228568,-5.577867487930746,-3.581862826702178
2019,TLM,T,LM,0.417730407121608,9.003995338771432,12.422132512069254,3.418137173297822
2018,BLM,B,LM,0.399348915578865,-4.178957882470456,0.003995338771431989,4.182953221241888
2020,ALM,A,LM,0.0486448399224777,36.422132512069254,12.0957216580656,-24.326410854003655
2020,JLM,J,LM,0.262684669567784,-7.577867487930746,6.0957216580655995,13.673589145996345
2020,NLM,N,LM,0.3305900114571,0.42213251206925406,-2.9042783419344005,-3.3264108540036545
2017,SHM,S,HM,0.581965511117755,1.3061844514732854,-4.178957882470456,-5.485142333943742
2018,ALC,A,LC,0.223244908048986,-1.1789578824704563,-9.996004661228568,-8.817046778758112
2018,DLM,D,LM,0.226368977563776,-2.1789578824704563,-23.996004661228568,-21.81704677875811
2020,NLM,N,LM,0.208424982430798,3.422132512069254,-29.9042783419344,-33.326410854003655
2020,SLM,S,LM,0.10595041494396,-0.5778674879307459,27.0957216580656,27.673589145996345
2018,FLM,F,LM,0.198088120026963,-7.178957882470456,15.003995338771432,22.18295322124189
2018,HLC,H,LC,0.271215072597452,-0.1789578824704563,13.003995338771432,13.182953221241888
2017,D1H2C,D,HC,0.165931275972625,-10.693815548526715,-13.178957882470456,-2.4851423339437417
2019,OHC,O,HC,0.135714110600285,14.003995338771432,-4.577867487930746,-18.581862826702178
2018,DLM,D,LM,0.199443612354019,4.821042117529544,25.003995338771432,20.18295322124189
2017,TLM,T,LM,0.204927517191018,-6.693815548526715,0.8210421175295437,7.514857666056258
2020,MHM,M,HM,0.545245170131226,-8.577867487930746,6.0957216580655995,14.673589145996345
2020,MHC,M,HC,0.41344064371785,-4.577867487930746,0.09572165806559951,4.6735891459963455
2017,DHC,D,HC,0.0744156010555617,6.306184451473285,-17.178957882470456,-23.48514233394374
2019,MHM,M,HM,0.365390467203122,1.003995338771432,16.422132512069254,15.418137173297822
2018,SHM,S,HM,0.189109286029341,-6.178957882470456,7.003995338771432,13.182953221241888
2019,JLM,J,LM,0.0302776973772461,-16.996004661228568,2.422132512069254,19.418137173297822
2018,GLM,G,LM,0.239891948087685,-8.178957882470456,3.003995338771432,11.182953221241888
2019,MHM,M,HM,0.139440208728295,1.003995338771432,-10.577867487930746,-11.581862826702178
2019,D6H2C,D,HC,0.413579352160356,-9.996004661228568,-3.577867487930746,6.418137173297822
2020,GLC,G,LC,0.277793387361081,-13.577867487930746,36.0957216580656,49.673589145996345
2018,FLC,F,LC,0.165757061447327,-1.1789578824704563,-15.996004661228568,-14.817046778758112
2019,JHM,J,HM,0.161376450483549,15.003995338771432,-9.577867487930746,-24.581862826702178
2017,MLM,M,LM,-0.0025452070017149,-24.693815548526715,-19.178957882470456,5.514857666056258
2019,ALC,A,LC,0.28902404671865,8.003995338771432,-10.577867487930746,-18.581862826702178
2019,GLC,G,LC,0.154796691793159,31.003995338771432,24.422132512069254,-6.581862826702178
2017,JLM,J,LM,0.183819478085235,2.3061844514732854,12.821042117529544,10.514857666056258
2017,FLM,F,LM,0.630152429749933,7.306184451473285,16.821042117529544,9.514857666056258
2019,NLC,N,LC,0.226841979216351,-21.996004661228568,-0.5778674879307459,21.418137173297822
2017,BLM,B,LM,0.243949300223837,-1.6938155485267146,-2.1789578824704563,-0.48514233394374173
2018,TLM,T,LM,0.446902884618566,-10.178957882470456,13.003995338771432,23.18295322124189
2020,D1H2C,D,HC,0.453639984031716,-7.577867487930746,1.0957216580655995,8.673589145996345
2019,DLC,D,LC,0.176513935034908,4.003995338771432,2.422132512069254,-1.581862826702178
2018,SLM,S,LM,0.122464852557938,41.821042117529544,7.003995338771432,-34.81704677875811
2020,BHC,B,HC,0.128872406395116,20.422132512069254,-35.9042783419344,-56.326410854003655
2020,MHM,M,HM,0.340755740434262,-9.577867487930746,2.0957216580655995,11.673589145996345
2020,GHM,G,HM,0.225419227608586,-3.577867487930746,-22.9042783419344,-19.326410854003655
2019,OLC,O,LC,0.268889608210273,2.003995338771432,0.42213251206925406,-1.581862826702178
2017,GLC,G,LC,0.412194341577762,0.30618445147328543,2.8210421175295437,2.5148576660562583
2017,FH2C,F,HC,0.0179641493031101,-15.693815548526715,-7.178957882470456,8.514857666056258
2018,HLC,H,LC,0.110140662449287,4.821042117529544,-3.996004661228568,-8.817046778758112
2019,D5H2C,D,HC,0.314786839664517,4.003995338771432,2.422132512069254,-1.581862826702178
2019,JHM,J,HM,0.126439832999132,7.003995338771432,9.422132512069254,2.418137173297822
2020,NLM,N,LM,0.233731218430306,-11.577867487930746,5.0957216580655995,16.673589145996345
2017,HHM,H,HM,0.182710597798824,-23.693815548526715,-6.178957882470456,17.51485766605626
2019,SLM,S,LM,0.0619657469029919,-10.996004661228568,-6.577867487930746,4.418137173297822
2019,OLM,O,LM,0.627627636071188,15.003995338771432,-1.577867487930746,-16.581862826702178
2020,D8H2C,D,HC,0.239244272270413,2.422132512069254,-14.9042783419344,-17.326410854003655
2020,HLC,H,LC,0.372282342821862,1.422132512069254,-27.9042783419344,-29.326410854003655
2019,MHC,M,HC,0.425690280250167,-0.996004661228568,-8.577867487930746,-7.581862826702178
2020,GHM,G,HM,0.132873680551634,-12.577867487930746,0.09572165806559951,12.673589145996345
2019,FLM,F,LM,0.188929011200939,-3.996004661228568,20.422132512069254,24.418137173297822
2020,GLM,G,LM,0.124207314093927,21.422132512069254,9.0957216580656,-12.326410854003655
2019,JLM,J,LM,0.112434756663471,-15.996004661228568,13.422132512069254,29.418137173297822
2020,MHC,M,HC,0.389406289803032,0.42213251206925406,-15.9042783419344,-16.326410854003655
2017,D3H2C,D,HC,0.125891229928415,13.306184451473285,6.821042117529544,-6.485142333943742
2020,JLM,J,LM,0.353466580651933,-5.577867487930746,7.0957216580655995,12.673589145996345
2019,BLC,B,LC,0.360372130010657,-10.996004661228568,26.422132512069254,37.41813717329782
2017,HLC,H,LC,-0.00251893645483903,9.306184451473285,4.821042117529544,-4.485142333943742
2020,SHC,S,HC,0.32250074806886597,-15.577867487930746,-11.9042783419344,3.6735891459963455
2018,BHC,B,HC,0.300607221734797,-5.178957882470456,8.003995338771432,13.182953221241888
2019,NHM,N,HM,0.259104515212167,0.003995338771431989,-2.577867487930746,-2.581862826702178
2020,TLM,T,LM,0.264219298314118,-0.5778674879307459,12.0957216580656,12.673589145996345
2019,BLC,B,LC,0.0827723207051598,4.003995338771432,-3.577867487930746,-7.581862826702178
2020,GHM,G,HM,0.439503959042738,-11.577867487930746,-3.9042783419344005,7.6735891459963455
2019,AHM,A,HM,0.470504980601702,-10.996004661228568,0.42213251206925406,11.418137173297822
2020,FHM,F,HM,0.0648277956302941,6.422132512069254,-16.9042783419344,-23.326410854003655
2019,OLM,O,LM,0.124032356476322,25.003995338771432,-5.577867487930746,-30.581862826702178
2019,JLC,J,LC,0.236146322943874,-6.996004661228568,-1.577867487930746,5.418137173297822
2018,TLC,T,LC,0.104733436468739,37.821042117529544,1.003995338771432,-36.81704677875811
2019,SHM,S,HM,0.277515365662152,-3.996004661228568,-5.577867487930746,-1.581862826702178
2018,GLC,G,LC,0.408006952827485,-7.178957882470456,13.003995338771432,20.18295322124189
2020,SHC,S,HC,0.110237982169129,-9.577867487930746,-28.9042783419344,-19.326410854003655
2019,D2H2C,D,HC,0.648122230694195,1.003995338771432,-15.577867487930746,-16.581862826702178
2018,OHM,O,HM,0.29560761205829,-4.178957882470456,-8.996004661228568,-4.817046778758112
2017,OLM,O,LM,0.249003135447792,0.30618445147328543,15.821042117529544,15.514857666056258
2020,HLC,H,LC,0.111874658807868,1.422132512069254,8.0957216580656,6.6735891459963455
2020,FLM,F,LM,0.317696591464917,-0.5778674879307459,-0.9042783419344005,-0.32641085400365455
2020,THC,T,HC,0.24975597655464,-4.577867487930746,-10.9042783419344,-6.3264108540036545
2017,SHM,S,HM,-0.0079622339746932,-1.6938155485267146,1.8210421175295437,3.5148576660562583
2018,OHC,O,HC,0.0616694679337617,31.821042117529544,-7.996004661228568,-39.81704677875811
2018,D7H2C,D,HC,0.288034866637731,24.821042117529544,9.003995338771432,-15.817046778758112
2019,NHC,N,HC,0.504302039141508,1.003995338771432,-7.577867487930746,-8.581862826702178
2019,OLC,O,LC,0.293648374551746,9.003995338771432,-9.577867487930746,-18.581862826702178
2017,D8H2C,D,HC,0.0668336177120812,-21.693815548526715,-21.178957882470456,0.5148576660562583
2017,BLM,B,LM,0.39629079577778,-2.6938155485267146,-4.178957882470456,-1.4851423339437417
2020,MHM,M,HM,0.00403914927808247,-5.577867487930746,1.0957216580655995,6.6735891459963455
2019,SHM,S,HM,0.0706869415236948,-8.996004661228568,-5.577867487930746,3.418137173297822
2018,FHM,F,HM,0.225962855596772,-19.178957882470456,2.003995338771432,21.18295322124189
2017,MLC,M,LC,0.227725861204615,-11.693815548526715,-15.178957882470456,-3.4851423339437417
2020,FHC,F,HC,0.0883322148945402,-11.577867487930746,-0.9042783419344005,10.673589145996345
2018,FHC,F,HC,0.377130737123015,-16.178957882470456,-11.996004661228568,4.182953221241888
2017,GHM,G,HM,0.1991158339518,-11.693815548526715,19.821042117529544,31.51485766605626
2019,MLM,M,LM,0.262783082894046,-4.996004661228568,-10.577867487930746,-5.581862826702178
2018,JHM,J,HM,0.102428545973459,-13.178957882470456,-12.996004661228568,0.1829532212418883
2017,BHM,B,HM,0.309272725168269,0.30618445147328543,17.821042117529544,17.51485766605626
2018,ALC,A,LC,0.00377056673673937,-2.1789578824704563,17.003995338771432,19.18295322124189
2018,FLC,F,LC,0.193025979646986,-0.1789578824704563,-14.996004661228568,-14.817046778758112
2019,JLM,J,LM,0.36396121555062,8.003995338771432,0.42213251206925406,-7.581862826702178
2019,DLC,D,LC,0.210285981154848,13.003995338771432,-1.577867487930746,-14.581862826702178
2019,BHC,B,HC,0.211964555271568,1.003995338771432,-14.577867487930746,-15.581862826702178
2018,SHC,S,HC,0.184799488005648,3.8210421175295437,-4.996004661228568,-8.817046778758112
2017,NHC,N,HC,0.247830202567985,6.306184451473285,-12.178957882470456,-18.48514233394374
2018,GHC,G,HC,0.345209109952494,-6.178957882470456,5.003995338771432,11.182953221241888
2020,SLC,S,LC,0.149926156300983,-3.577867487930746,0.09572165806559951,3.6735891459963455
2019,D3H2C,D,HC,0.506229491126056,-2.996004661228568,12.422132512069254,15.418137173297822
2019,NHM,N,HM,0.216466703156647,7.003995338771432,7.422132512069254,0.4181371732978221
2018,OLC,O,LC,0.186146261830471,-7.178957882470456,10.003995338771432,17.18295322124189
2018,OLC,O,LC,0.149894920123469,-23.178957882470456,36.00399533877143,59.18295322124189
2020,BLC,B,LC,0.0384486418869909,-0.5778674879307459,2.0957216580655995,2.6735891459963455
2020,OLC,O,LC,0.03279165599624,24.422132512069254,-34.9042783419344,-59.326410854003655
2019,NLC,N,LC,0.342493650501096,3.003995338771432,1.422132512069254,-1.581862826702178
2019,SLC,S,LC,0.387548434177564,1.003995338771432,33.422132512069254,32.41813717329782
2017,MLM,M,LM,0.350209445171176,11.306184451473285,-11.178957882470456,-22.48514233394374
2017,BHM,B,HM,0.280530879154241,5.306184451473285,-12.178957882470456,-17.48514233394374
2019,D9H2C,D,HC,0.36215106454935,7.003995338771432,6.422132512069254,-0.5818628267021779
2019,OLM,O,LM,0.402620601371521,-8.996004661228568,-15.577867487930746,-6.581862826702178
2017,GHM,G,HM,0.194418824303486,-4.693815548526715,4.821042117529544,9.514857666056258
2020,FHC,F,HC,0.254305584285418,-5.577867487930746,-30.9042783419344,-25.326410854003655
2017,DLM,D,LM,0.331293245877797,4.306184451473285,-15.178957882470456,-19.48514233394374
2020,GLM,G,LM,0.188257660181225,-0.5778674879307459,0.09572165806559951,0.6735891459963455
2017,BLM,B,LM,0.38344449495775,27.306184451473285,7.821042117529544,-19.48514233394374
2017,OHC,O,HC,0.280858426134888,-6.693815548526715,-5.178957882470456,1.5148576660562583
2020,D3H2C,D,HC,0.15830752645934,-9.577867487930746,7.0957216580655995,16.673589145996345
2020,BHM,B,HM,0.273287069394405,6.422132512069254,5.0957216580655995,-1.3264108540036545
2018,D8H2C,D,HC,0.251539291327117,-18.178957882470456,-22.996004661228568,-4.817046778758112
2017,BHM,B,HM,0.14804156509396,5.306184451473285,-7.178957882470456,-12.485142333943742
2019,MLM,M,LM,0.0548268626662529,1.003995338771432,-6.577867487930746,-7.581862826702178
2019,MLM,M,LM,0.239677941794503,1.003995338771432,-7.577867487930746,-8.581862826702178
2017,AHC,A,HC,0.387628643602425,-0.6938155485267146,-7.178957882470456,-6.485142333943742
2017,GHC,G,HC,0.273486773891155,17.306184451473285,-5.178957882470456,-22.48514233394374
2017,NHM,N,HM,0.243385034216635,-1.6938155485267146,11.821042117529544,13.514857666056258
2018,ALC,A,LC,0.233767824059445,-7.178957882470456,-9.996004661228568,-2.8170467787581117
2017,OLM,O,LM,0.123847703512016,-1.6938155485267146,0.8210421175295437,2.5148576660562583
2018,D1H2C,D,HC,0.20651763895765,-11.178957882470456,0.003995338771431989,11.182953221241888
2019,MLC,M,LC,0.31566536681029,-21.996004661228568,18.422132512069254,40.41813717329782
2020,OHC,O,HC,0.170065585096301,-9.577867487930746,-16.9042783419344,-7.3264108540036545
2018,NHM,N,HM,0.378682121884321,11.821042117529544,7.003995338771432,-4.817046778758112
2020,BHC,B,HC,-0.0202669512790514,5.422132512069254,-5.9042783419344005,-11.326410854003655
2020,TLC,T,LC,0.392873225527375,-19.577867487930746,16.0957216580656,35.673589145996345
2020,SHM,S,HM,0.444137055661519,-8.577867487930746,-5.9042783419344005,2.6735891459963455
2018,BHC,B,HC,0.15344900091961,-6.178957882470456,-0.996004661228568,5.182953221241888
2017,BHC,B,HC,0.247916594130112,-13.693815548526715,-6.178957882470456,7.514857666056258
2019,MHM,M,HM,0.346416293766975,-14.996004661228568,-14.577867487930746,0.4181371732978221
2018,D5H2C,D,HC,0.168485069260453,-6.178957882470456,6.003995338771432,12.182953221241888
2019,NLC,N,LC,0.276982512625004,-2.996004661228568,6.422132512069254,9.418137173297822
2019,THC,T,HC,0.363522145985059,-4.996004661228568,4.422132512069254,9.418137173297822
2018,NLC,N,LC,0.154398340987551,-20.178957882470456,-2.996004661228568,17.18295322124189
2017,NHC,N,HC,0.216507747355164,1.3061844514732854,2.8210421175295437,1.5148576660562583
2019,MLC,M,LC,0.333486534583795,-0.996004661228568,0.42213251206925406,1.418137173297822
2020,THC,T,HC,0.224806041396511,1.422132512069254,10.0957216580656,8.673589145996345
2017,SLM,S,LM,0.315937611938631,13.306184451473285,1.8210421175295437,-11.485142333943742
2017,TLM,T,LM,0.356188131668672,-11.693815548526715,-1.1789578824704563,10.514857666056258
2017,FHC,F,HC,0.221164953612504,-9.693815548526715,-7.178957882470456,2.5148576660562583
2017,BHC,B,HC,0.204922485903815,10.306184451473285,-7.178957882470456,-17.48514233394374
2018,ALC,A,LC,0.371855114194796,10.821042117529544,-9.996004661228568,-20.81704677875811
2017,GLM,G,LM,0.149444337063241,7.306184451473285,4.821042117529544,-2.4851423339437417
2019,GHM,G,HM,0.225003657340473,-3.996004661228568,6.422132512069254,10.418137173297822
2017,D7H2C,D,HC,0.805729317910848,2.3061844514732854,2.8210421175295437,0.5148576660562583
2017,D7H2C,D,HC,0.11016629242467,2.3061844514732854,-0.1789578824704563,-2.4851423339437417
2018,GHM,G,HM,0.555362936097406,-3.1789578824704563,-1.996004661228568,1.1829532212418883
2020,FLC,F,LC,0.24611974051141,6.422132512069254,-29.9042783419344,-36.326410854003655
2019,HLM,H,LM,0.0913160766460919,11.003995338771432,-1.577867487930746,-12.581862826702178
2020,DLC,D,LC,0.214740432627062,18.422132512069254,12.0957216580656,-6.3264108540036545
2018,NLC,N,LC,0.174250078159921,19.821042117529544,-12.996004661228568,-32.81704677875811
2018,FH2C,F,HC,0.35855333032027,-0.1789578824704563,6.003995338771432,6.182953221241888
2018,OLM,O,LM,0.259451987166547,-0.1789578824704563,-2.996004661228568,-2.8170467787581117
2019,JHM,J,HM,0.294635364770901,-2.996004661228568,2.422132512069254,5.418137173297822
2017,MLM,M,LM,0.0479811056754169,-5.693815548526715,0.8210421175295437,6.514857666056258
2017,FHC,F,HC,-0.00900582579120512,30.306184451473285,-7.178957882470456,-37.48514233394374
2017,SLM,S,LM,0.167677767306943,-27.693815548526715,-8.178957882470456,19.51485766605626
2018,OLC,O,LC,0.0273303827168813,-3.1789578824704563,-1.996004661228568,1.1829532212418883
2018,GLC,G,LC,0.144687027242189,-6.178957882470456,6.003995338771432,12.182953221241888
2020,THC,T,HC,0.367369067458332,0.42213251206925406,-3.9042783419344005,-4.3264108540036545
2020,OLM,O,LM,0.445480006500348,-0.5778674879307459,-5.9042783419344005,-5.3264108540036545
2020,NHM,N,HM,0.283841183416227,-4.577867487930746,-29.9042783419344,-25.326410854003655
2017,BHC,B,HC,0.195208813309693,3.3061844514732854,-10.178957882470456,-13.485142333943742
2020,JLC,J,LC,0.296231933779604,17.422132512069254,5.0957216580655995,-12.326410854003655
2019,FHM,F,HM,0.0856880125783386,39.00399533877143,-10.577867487930746,-49.58186282670218
2017,OHC,O,HC,0.146311255645904,-14.693815548526715,22.821042117529544,37.51485766605626
2017,NHM,N,HM,0.211880213996823,9.306184451473285,-7.178957882470456,-16.48514233394374
2017,OLC,O,LC,0.109370571937202,30.306184451473285,-7.178957882470456,-37.48514233394374
2017,BLM,B,LM,0.258591660548612,3.3061844514732854,-6.178957882470456,-9.485142333943742
2017,JLM,J,LM,0.0906835609896486,-22.693815548526715,8.821042117529544,31.51485766605626
2017,MLM,M,LM,0.381190920098022,32.306184451473285,-13.178957882470456,-45.48514233394374
2018,D5H2C,D,HC,0.422297892421689,-7.178957882470456,17.003995338771432,24.18295322124189
2020,GLM,G,LM,0.136596606003036,-3.577867487930746,0.09572165806559951,3.6735891459963455
2017,HHM,H,HM,0.284941257705757,11.306184451473285,-8.178957882470456,-19.48514233394374
2018,JLC,J,LC,0.143752530054961,0.8210421175295437,-2.996004661228568,-3.8170467787581117
2017,FHM,F,HM,0.298808089590633,-5.693815548526715,-10.178957882470456,-4.485142333943742
2018,FLM,F,LM,0.292536327007853,-1.1789578824704563,-19.996004661228568,-18.81704677875811
2017,NHM,N,HM,0.44222046367255,2.3061844514732854,-1.1789578824704563,-3.4851423339437417
2020,AHM,A,HM,0.0848971817440727,-4.577867487930746,-6.9042783419344005,-2.3264108540036545
2017,MHM,M,HM,0.300809017909554,-22.693815548526715,-7.178957882470456,15.514857666056258
2018,ALC,A,LC,0.331102586538625,-5.178957882470456,-21.996004661228568,-16.81704677875811
2018,HLC,H,LC,0.343488507328536,-7.178957882470456,21.003995338771432,28.18295322124189
2018,MHM,M,HM,0.444117633939457,-16.178957882470456,-5.996004661228568,10.182953221241888
2018,D3H2C,D,HC,0.205627241308681,-4.178957882470456,8.003995338771432,12.182953221241888
2019,SHC,S,HC,0.369207270545895,-4.996004661228568,-21.577867487930746,-16.581862826702178
2019,MLC,M,LC,0.483261510527559,15.003995338771432,6.422132512069254,-8.581862826702178
2017,BHC,B,HC,0.25992746118554,-16.693815548526715,6.821042117529544,23.51485766605626
2020,DLC,D,LC,0.282601159619858,-5.577867487930746,-7.9042783419344005,-2.3264108540036545
2019,MHC,M,HC,0.419220816512024,28.003995338771432,24.422132512069254,-3.581862826702178
2019,MHC,M,HC,0.443830295368769,-5.996004661228568,-11.577867487930746,-5.581862826702178
2017,SLM,S,LM,0.224299615906383,4.306184451473285,-6.178957882470456,-10.485142333943742
2018,D7H2C,D,HC,0.287973763117358,0.8210421175295437,-6.996004661228568,-7.817046778758112
2017,OLM,O,LM,0.0692189229545312,3.3061844514732854,-1.1789578824704563,-4.485142333943742
2018,JLM,J,LM,0.0943653486782803,6.821042117529544,-10.996004661228568,-17.81704677875811
2020,DHC,D,HC,0.336000145781665,25.422132512069254,-10.9042783419344,-36.326410854003655
2017,SLM,S,LM,0.202709069264002,-0.6938155485267146,-5.178957882470456,-4.485142333943742
2019,ALM,A,LM,0.258794380511155,1.003995338771432,18.422132512069254,17.418137173297822
2019,THM,T,HM,0.61000559175842,-6.996004661228568,28.422132512069254,35.41813717329782
2020,FLC,F,LC,0.279364154576747,-0.5778674879307459,0.09572165806559951,0.6735891459963455
2019,OLM,O,LM,0.197435993881963,7.003995338771432,-4.577867487930746,-11.581862826702178
2020,JLM,J,LM,0.135682746203942,-1.577867487930746,19.0957216580656,20.673589145996345
2018,OLM,O,LM,0.313731941144924,-5.178957882470456,4.003995338771432,9.182953221241888
2020,D6H2C,D,HC,0.304178061325016,-3.577867487930746,2.0957216580655995,5.6735891459963455
2017,BHC,B,HC,0.13679906890225,-16.693815548526715,-11.178957882470456,5.514857666056258
2018,D3H2C,D,HC,0.579395572373958,-13.178957882470456,5.003995338771432,18.18295322124189
2019,D4H2C,D,HC,0.343127563344954,-6.996004661228568,-1.577867487930746,5.418137173297822
2019,D1H2C,D,HC,0.497345382426627,-17.996004661228568,2.422132512069254,20.418137173297822
2020,HHM,H,HM,0.393692809053106,7.422132512069254,12.0957216580656,4.6735891459963455
2020,GHC,G,HC,0.313556373808333,1.422132512069254,-30.9042783419344,-32.326410854003655
2017,D3H2C,D,HC,0.281905698448022,5.306184451473285,-1.1789578824704563,-6.485142333943742
2019,BLC,B,LC,0.288186642345682,2.003995338771432,-3.577867487930746,-5.581862826702178
2018,ALM,A,LM,0.256077743409044,-22.178957882470456,-3.996004661228568,18.18295322124189
2019,MLM,M,LM,0.00769080628687813,-1.996004661228568,0.42213251206925406,2.418137173297822
2017,D1H2C,D,HC,0.418865854926006,1.3061844514732854,-15.178957882470456,-16.48514233394374
2020,D5H2C,D,HC,0.140113505168357,-2.577867487930746,8.0957216580656,10.673589145996345
2020,MHC,M,HC,0.365777731385114,0.42213251206925406,5.0957216580655995,4.6735891459963455
2019,NLC,N,LC,0.0715044257099315,-22.996004661228568,5.422132512069254,28.418137173297822
2020,BHC,B,HC,0.263326057106416,-1.577867487930746,-3.9042783419344005,-2.3264108540036545
2020,GLC,G,LC,0.172129167027496,-1.577867487930746,4.0957216580655995,5.6735891459963455
2020,GHM,G,HM,0.00620678180073675,3.422132512069254,14.0957216580656,10.673589145996345
2020,DHM,D,HM,0.0962457660084179,-11.577867487930746,17.0957216580656,28.673589145996345
2020,GHM,G,HM,0.397442083167635,0.42213251206925406,1.0957216580655995,0.6735891459963455
2018,DLC,D,LC,0.0734090039949296,50.821042117529544,0.003995338771431989,-50.81704677875811
2019,AHC,A,HC,0.108161881912151,7.003995338771432,8.422132512069254,1.418137173297822
2019,JLM,J,LM,0.050792100598918,29.003995338771432,-9.577867487930746,-38.58186282670218
2018,GLM,G,LM,0.157161206940047,-4.178957882470456,-7.996004661228568,-3.8170467787581117
2018,SHM,S,HM,0.257542465436003,-13.178957882470456,-9.996004661228568,3.1829532212418883
2020,NLC,N,LC,0.000119680220170504,37.422132512069254,-5.9042783419344005,-43.326410854003655
2020,NLC,N,LC,0.0777851506266574,26.422132512069254,-34.9042783419344,-61.326410854003655
2018,OHM,O,HM,0.201776493102822,-8.178957882470456,2.003995338771432,10.182953221241888
2017,JLM,J,LM,0.482036119410375,-6.693815548526715,-0.1789578824704563,6.514857666056258
2019,MLM,M,LM,0.300702031559874,-13.996004661228568,0.42213251206925406,14.418137173297822
2017,OHC,O,HC,0.0130888070639761,-27.693815548526715,-5.178957882470456,22.51485766605626
2018,D7H2C,D,HC,0.318619492188512,-6.178957882470456,7.003995338771432,13.182953221241888
2019,D8H2C,D,HC,0.287017974866907,12.003995338771432,18.422132512069254,6.418137173297822
2018,NLM,N,LM,0.141731914169472,-18.178957882470456,-3.996004661228568,14.182953221241888
2019,DLC,D,LC,0.12463406573754,7.003995338771432,48.422132512069254,41.41813717329782
2020,BLM,B,LM,0.325902163750097,-12.577867487930746,22.0957216580656,34.673589145996345
2020,DLM,D,LM,0.296624106510863,-5.577867487930746,-19.9042783419344,-14.326410854003655
2019,D7H2C,D,HC,0.440974555920296,13.003995338771432,-23.577867487930746,-36.58186282670218
2018,SLM,S,LM,0.126543022535257,-16.178957882470456,-5.996004661228568,10.182953221241888
2017,MHC,M,HC,0.13289067289587,2.3061844514732854,16.821042117529544,14.514857666056258
2019,NLC,N,LC,0.304905989523526,-8.996004661228568,6.422132512069254,15.418137173297822
2018,AHM,A,HM,0.220767830194242,-5.178957882470456,-15.996004661228568,-10.817046778758112
2018,NLC,N,LC,0.101605793339122,24.821042117529544,7.003995338771432,-17.81704677875811
2019,SLC,S,LC,0.262734785004126,15.003995338771432,-9.577867487930746,-24.581862826702178
2019,HHC,H,HC,0.147402921572552,0.003995338771431989,-18.577867487930746,-18.581862826702178
2019,MHM,M,HM,0.351489486771559,-0.996004661228568,-0.5778674879307459,0.4181371732978221
2020,D3H2C,D,HC,0.1445221810322,2.422132512069254,6.0957216580655995,3.6735891459963455
2019,D1H2C,D,HC,0.48783617721622,-1.996004661228568,-5.577867487930746,-3.581862826702178
2019,ALM,A,LM,0.165761075586119,13.003995338771432,-24.577867487930746,-37.58186282670218
2020,AHM,A,HM,0.250535771017234,6.422132512069254,2.0957216580655995,-4.3264108540036545
2018,MHC,M,HC,0.195019358049012,-12.178957882470456,-13.996004661228568,-1.8170467787581117
2018,D8H2C,D,HC,0.335404198056161,6.821042117529544,43.00399533877143,36.18295322124189
2019,FLC,F,LC,0.327894084672078,-2.996004661228568,-9.577867487930746,-6.581862826702178
2017,MLC,M,LC,0.316531574321208,-3.6938155485267146,-7.178957882470456,-3.4851423339437417
2019,OLC,O,LC,0.204791972211399,-17.996004661228568,0.42213251206925406,18.418137173297822
2019,HLM,H,LM,0.441112367052147,13.003995338771432,49.422132512069254,36.41813717329782
2020,GHC,G,HC,0.395981881793235,-23.577867487930746,5.0957216580655995,28.673589145996345
2017,D5H2C,D,HC,0.127181321220149,6.306184451473285,0.8210421175295437,-5.485142333943742
2019,JLM,J,LM,0.321927256314428,-2.996004661228568,-3.577867487930746,-0.5818628267021779
2020,OHM,O,HM,0.695669978913357,2.422132512069254,6.0957216580655995,3.6735891459963455
2018,D1H2C,D,HC,0.148128485630494,-13.178957882470456,1.003995338771432,14.182953221241888
2019,AHM,A,HM,0.072523598751234,-16.996004661228568,8.422132512069254,25.418137173297822
2018,MHC,M,HC,0.153188731256538,19.821042117529544,-11.996004661228568,-31.81704677875811
2017,TLC,T,LC,0.483147236822594,3.3061844514732854,16.821042117529544,13.514857666056258
2017,BLC,B,LC,0.11366532707588,1.3061844514732854,-3.1789578824704563,-4.485142333943742
2019,OHM,O,HM,0.262125830194551,-10.996004661228568,30.422132512069254,41.41813717329782
2018,JLM,J,LM,0.222706533027572,-1.1789578824704563,2.003995338771432,3.1829532212418883
2018,MLC,M,LC,0.273995138929999,-3.1789578824704563,-4.996004661228568,-1.8170467787581117
2018,BHM,B,HM,0.236378587341185,-5.178957882470456,-2.996004661228568,2.1829532212418883
2017,SLC,S,LC,0.0950392189354474,24.306184451473285,15.821042117529544,-8.485142333943742
2019,HHC,H,HC,0.135749392770197,-8.996004661228568,-14.577867487930746,-5.581862826702178
2017,MHC,M,HC,0.304466199817688,-11.693815548526715,-9.178957882470456,2.5148576660562583
2019,BHC,B,HC,0.135943133944698,-4.996004661228568,20.422132512069254,25.418137173297822
2017,GHM,G,HM,0.018701932027783,5.306184451473285,-1.1789578824704563,-6.485142333943742
2017,MHC,M,HC,0.422069573267274,-23.693815548526715,41.821042117529544,65.51485766605626
2019,D3H2C,D,HC,0.496066273155106,2.003995338771432,-3.577867487930746,-5.581862826702178
2020,FLC,F,LC,0.318064775284397,-2.577867487930746,6.0957216580655995,8.673589145996345
2020,D7H2C,D,HC,0.00988320579987167,28.422132512069254,31.0957216580656,2.6735891459963455
2017,AHM,A,HM,0.497679344848525,-5.693815548526715,15.821042117529544,21.51485766605626
2018,SLM,S,LM,0.528123372040466,-7.178957882470456,-2.996004661228568,4.182953221241888
2018,MLM,M,LM,0.362281956729507,-4.178957882470456,-2.996004661228568,1.1829532212418883
2017,OLM,O,LM,0.0633899348151148,32.306184451473285,-13.178957882470456,-45.48514233394374
2019,D3H2C,D,HC,0.536737723054117,0.003995338771431989,6.422132512069254,6.418137173297822
2018,JHC,J,HC,0.193555155753999,-0.1789578824704563,2.003995338771432,2.1829532212418883
2017,NHM,N,HM,-0.0121570868979983,-5.693815548526715,-0.1789578824704563,5.514857666056258
2020,MHC,M,HC,0.137076047905407,-8.577867487930746,-5.9042783419344005,2.6735891459963455
2017,DLC,D,LC,0.243120771865625,1.3061844514732854,-1.1789578824704563,-2.4851423339437417
2020,BLC,B,LC,0.312608579072008,-9.577867487930746,-0.9042783419344005,8.673589145996345
2018,FLM,F,LM,0.201264838643423,4.821042117529544,3.003995338771432,-1.8170467787581117
2018,D8H2C,D,HC,0.332614065026553,4.821042117529544,5.003995338771432,0.1829532212418883
2017,BLC,B,LC,0.191519868905959,-29.693815548526715,16.821042117529544,46.51485766605626
2018,D2H2C,D,HC,0.251060020210404,2.8210421175295437,15.003995338771432,12.182953221241888
2020,SHM,S,HM,0.190321093610176,-16.577867487930746,11.0957216580656,27.673589145996345
2019,MHM,M,HM,0.109282006339946,-13.996004661228568,-17.577867487930746,-3.581862826702178
2017,D1H2C,D,HC,0.0563848094024053,-11.693815548526715,-20.178957882470456,-8.485142333943742
2019,NLC,N,LC,0.0490062034668068,12.003995338771432,-6.577867487930746,-18.581862826702178
2019,GHM,G,HM,0.131914308776669,8.003995338771432,0.42213251206925406,-7.581862826702178
2019,SLM,S,LM,0.0748212587100572,6.003995338771432,-4.577867487930746,-10.581862826702178
2019,GLM,G,LM,0.299615192706872,-1.996004661228568,-5.577867487930746,-3.581862826702178
2019,MLM,M,LM,0.108252397862867,1.003995338771432,-1.577867487930746,-2.581862826702178
2020,GHM,G,HM,0.193131062013351,-9.577867487930746,-7.9042783419344005,1.6735891459963455
2019,BHC,B,HC,0.22311081816207,21.003995338771432,0.42213251206925406,-20.581862826702178
2019,AHM,A,HM,0.283276114037061,-27.996004661228568,-17.577867487930746,10.418137173297822
2020,HLM,H,LM,0.318295599755282,12.422132512069254,8.0957216580656,-4.3264108540036545
2020,JHM,J,HM,0.0449347843374779,6.422132512069254,12.0957216580656,5.6735891459963455
2019,NHM,N,HM,0.205909134755007,-9.996004661228568,-4.577867487930746,5.418137173297822
2017,OHC,O,HC,0.28329314275964,-11.693815548526715,6.821042117529544,18.51485766605626
2017,GLM,G,LM,0.119471542191864,16.306184451473285,-12.178957882470456,-28.48514233394374
2017,DLM,D,LM,0.0355884737348084,41.306184451473285,-6.178957882470456,-47.48514233394374
2018,THC,T,HC,0.490698343195767,-13.178957882470456,-17.996004661228568,-4.817046778758112
2017,TLM,T,LM,0.363899716977257,5.306184451473285,4.821042117529544,-0.48514233394374173
2018,MLM,M,LM,0.302992383119455,4.821042117529544,-9.996004661228568,-14.817046778758112
2020,OLM,O,LM,0.238153794353224,-6.577867487930746,6.0957216580655995,12.673589145996345
2019,SLC,S,LC,0.270388723474394,-4.996004661228568,-4.577867487930746,0.4181371732978221
2018,JHC,J,HC,0.179047689217144,-4.178957882470456,9.003995338771432,13.182953221241888
2017,MLM,M,LM,0.141337682968704,8.306184451473285,-23.178957882470456,-31.48514233394374
2017,SHM,S,HM,0.143679260872147,-7.693815548526715,-10.178957882470456,-2.4851423339437417
2018,GLM,G,LM,0.178421441465331,4.821042117529544,13.003995338771432,8.182953221241888
2020,AHC,A,HC,0.189347422103485,-5.577867487930746,6.0957216580655995,11.673589145996345
2018,OLM,O,LM,0.0646408401790257,-22.178957882470456,-0.996004661228568,21.18295322124189
2019,NHM,N,HM,0.128351376758402,-9.996004661228568,3.422132512069254,13.418137173297822
2020,JHM,J,HM,0.438044515469,-4.577867487930746,-5.9042783419344005,-1.3264108540036545
2019,D1H2C,D,HC,0.239121443337918,1.003995338771432,46.422132512069254,45.41813717329782
2017,SHC,S,HC,0.29032644457698,3.3061844514732854,-7.178957882470456,-10.485142333943742
2019,GLC,G,LC,0.287302207006084,2.003995338771432,14.422132512069254,12.418137173297822
2019,OLM,O,LM,0.231535319438126,-2.996004661228568,1.422132512069254,4.418137173297822
2020,D1H2C,D,HC,0.233345293329412,6.422132512069254,8.0957216580656,1.6735891459963455
2018,OLC,O,LC,0.202645012375687,37.821042117529544,31.003995338771432,-6.817046778758112
2020,OLC,O,LC,0.148891595633731,4.422132512069254,9.0957216580656,4.6735891459963455
2018,SLC,S,LC,0.131329055398673,-9.178957882470456,6.003995338771432,15.182953221241888
2019,D3H2C,D,HC,0.284157791404551,-10.996004661228568,1.422132512069254,12.418137173297822
2018,BLM,B,LM,0.164435466421697,-2.1789578824704563,1.003995338771432,3.1829532212418883
2018,FLM,F,LM,0.521715858925849,-5.178957882470456,3.003995338771432,8.182953221241888
2020,BH2C,B,HC,0.133826423679783,-7.577867487930746,15.0957216580656,22.673589145996345
2019,BH2C,B,HC,0.492010050270142,14.003995338771432,-11.577867487930746,-25.581862826702178
2019,MHC,M,HC,0.331113688454665,-9.996004661228568,2.422132512069254,12.418137173297822
2018,AHM,A,HM,0.436896198356466,-2.1789578824704563,8.003995338771432,10.182953221241888
2020,JHM,J,HM,0.190423050870969,6.422132512069254,-14.9042783419344,-21.326410854003655
2017,OHC,O,HC,0.205993198983457,2.3061844514732854,-0.1789578824704563,-2.4851423339437417
2020,NHM,N,HM,0.504932253277814,24.422132512069254,12.0957216580656,-12.326410854003655
2019,SHC,S,HC,0.051363047440536,-22.996004661228568,-17.577867487930746,5.418137173297822
2017,D7H2C,D,HC,0.0356728113941804,-27.693815548526715,-13.178957882470456,14.514857666056258
2018,AHM,A,HM,0.235687904062473,-19.178957882470456,37.00399533877143,56.18295322124189
2017,ALC,A,LC,0.152808423501398,2.3061844514732854,-6.178957882470456,-8.485142333943742
2017,SLM,S,LM,0.0865459415583336,2.3061844514732854,-9.178957882470456,-11.485142333943742
2018,ALM,A,LM,0.249558603611014,-8.178957882470456,20.003995338771432,28.18295322124189
2019,MHM,M,HM,0.0397528258693862,6.003995338771432,-10.577867487930746,-16.581862826702178
2018,D8H2C,D,HC,0.426477830893698,-7.178957882470456,4.003995338771432,11.182953221241888
2018,DLC,D,LC,0.243378608327684,-2.1789578824704563,-23.996004661228568,-21.81704677875811
2020,HLC,H,LC,0.046066548170991,-12.577867487930746,-20.9042783419344,-8.326410854003655
2020,D3H2C,D,HC,0.216205960874336,-5.577867487930746,8.0957216580656,13.673589145996345
2017,BH2C,B,HC,0.182525538136328,-5.693815548526715,-11.178957882470456,-5.485142333943742
2019,SLC,S,LC,0.33132257473505,17.003995338771432,-5.577867487930746,-22.581862826702178
2020,D6H2C,D,HC,0.398864966772995,7.422132512069254,-1.9042783419344005,-9.326410854003655
2020,OLC,O,LC,0.242095491869137,0.42213251206925406,2.0957216580655995,1.6735891459963455
2018,BLC,B,LC,0.217809081776792,16.821042117529544,1.003995338771432,-15.817046778758112
2018,HHM,H,HM,0.527121808365068,-8.178957882470456,-6.996004661228568,1.1829532212418883
2017,OLM,O,LM,0.2729532816892,6.306184451473285,2.8210421175295437,-3.4851423339437417
2017,JLC,J,LC,0.143417348323063,1.3061844514732854,-2.1789578824704563,-3.4851423339437417
2017,MLC,M,LC,0.266612391174058,-7.693815548526715,-3.1789578824704563,4.514857666056258
2017,GHM,G,HM,0.252175058799679,-16.693815548526715,-1.1789578824704563,15.514857666056258
2020,MLC,M,LC,0.445384165170956,13.422132512069254,-0.9042783419344005,-14.326410854003655
2018,OLC,O,LC,0.243204524259527,-8.178957882470456,26.003995338771432,34.18295322124189
2018,DLC,D,LC,0.0448003127308683,-2.1789578824704563,14.003995338771432,16.18295322124189
2018,NLM,N,LM,0.230754710167547,-21.178957882470456,14.003995338771432,35.18295322124189
2017,OLM,O,LM,0.300083691472401,-12.693815548526715,-22.178957882470456,-9.485142333943742
2018,OLC,O,LC,0.144162775942094,6.821042117529544,37.00399533877143,30.18295322124189
2019,D6H2C,D,HC,0.180231272717436,5.003995338771432,-5.577867487930746,-10.581862826702178
2018,GHM,G,HM,0.672096136632881,-4.178957882470456,41.00399533877143,45.18295322124189
2018,MLC,M,LC,0.333295082371642,-5.178957882470456,7.003995338771432,12.182953221241888
2017,D8H2C,D,HC,0.297047333327387,-26.693815548526715,-1.1789578824704563,25.51485766605626
2019,SLC,S,LC,0.454989476283471,-6.996004661228568,20.422132512069254,27.418137173297822
2017,AHC,A,HC,0.210608537115121,-5.693815548526715,-2.1789578824704563,3.5148576660562583
2018,FLC,F,LC,0.0459348140295304,-8.178957882470456,-12.996004661228568,-4.817046778758112
2017,HLM,H,LM,0.224578680053615,26.306184451473285,-8.178957882470456,-34.48514233394374
2020,SLM,S,LM,0.238597456746806,0.42213251206925406,12.0957216580656,11.673589145996345
2017,HHC,H,HC,0.0701683379467886,12.306184451473285,9.821042117529544,-2.4851423339437417
2017,FLM,F,LM,0.110055123306928,-0.6938155485267146,-3.1789578824704563,-2.4851423339437417
2020,ALC,A,LC,0.49501047631439,-5.577867487930746,0.09572165806559951,5.6735891459963455
2019,ALM,A,LM,0.139629681017557,1.003995338771432,-9.577867487930746,-10.581862826702178
2020,NLM,N,LM,0.206109590138699,-30.577867487930746,36.0957216580656,66.67358914599635
2019,FHC,F,HC,0.0675939407337753,-14.996004661228568,-4.577867487930746,10.418137173297822
2020,BHM,B,HM,0.230186356471288,-10.577867487930746,-27.9042783419344,-17.326410854003655
2019,AHM,A,HM,0.168099016752634,2.003995338771432,-4.577867487930746,-6.581862826702178
2019,DLC,D,LC,0.190767893830255,-22.996004661228568,8.422132512069254,31.418137173297822
2019,JLC,J,LC,0.169192033798559,-7.996004661228568,-9.577867487930746,-1.581862826702178
2018,FHM,F,HM,0.61122516704284,-12.178957882470456,-8.996004661228568,3.1829532212418883
2020,GHM,G,HM,0.213086931185334,2.422132512069254,-2.9042783419344005,-5.3264108540036545
2019,MLC,M,LC,0.353188984963038,-13.996004661228568,-9.577867487930746,4.418137173297822
2018,D1H2C,D,HC,0.248171624950542,-11.178957882470456,-24.996004661228568,-13.817046778758112
2019,MLM,M,LM,0.159161500951811,8.003995338771432,2.422132512069254,-5.581862826702178
2017,HHC,H,HC,0.263414153248435,5.306184451473285,2.8210421175295437,-2.4851423339437417
2019,HHM,H,HM,0.244036078899878,-12.996004661228568,0.42213251206925406,13.418137173297822
2018,GHM,G,HM,0.061630323755675,1.8210421175295437,9.003995338771432,7.182953221241888
2018,BH2C,B,HC,0.412352351243715,-15.178957882470456,1.003995338771432,16.18295322124189
2017,THM,T,HM,0.252037795971229,18.306184451473285,-8.178957882470456,-26.48514233394374
2019,SLC,S,LC,0.148125171825634,-14.996004661228568,12.422132512069254,27.418137173297822
2018,OLM,O,LM,0.12364784517202,-10.178957882470456,3.003995338771432,13.182953221241888
2019,NLC,N,LC,0.223587621905613,11.003995338771432,-19.577867487930746,-30.581862826702178
2017,OLC,O,LC,0.157946686781674,11.306184451473285,-13.178957882470456,-24.48514233394374
2020,THM,T,HM,0.363015213375829,8.422132512069254,0.09572165806559951,-8.326410854003655
2018,GHC,G,HC,0.33834279101579,25.821042117529544,1.003995338771432,-24.81704677875811
2019,D1H2C,D,HC,0.310695533552959,-10.996004661228568,0.42213251206925406,11.418137173297822
2019,BHC,B,HC,0.286096112926077,-7.996004661228568,-1.577867487930746,6.418137173297822
2018,OHM,O,HM,0.434809326420946,-5.178957882470456,-9.996004661228568,-4.817046778758112
2020,DHM,D,HM,0.395512953843273,4.422132512069254,-27.9042783419344,-32.326410854003655
2019,OLC,O,LC,0.222019185475229,-15.996004661228568,-4.577867487930746,11.418137173297822
2020,GLC,G,LC,0.184049430567738,26.422132512069254,-35.9042783419344,-62.326410854003655
2018,NHC,N,HC,0.301631237081625,-4.178957882470456,-4.996004661228568,-0.8170467787581117
2020,D6H2C,D,HC,0.409574090668108,-6.577867487930746,11.0957216580656,17.673589145996345
2017,HLM,H,LM,0.209667260681693,19.306184451473285,-5.178957882470456,-24.48514233394374
2018,JHM,J,HM,0.351772382848464,6.821042117529544,3.003995338771432,-3.8170467787581117
2017,OLC,O,LC,0.475611947889188,5.306184451473285,-2.1789578824704563,-7.485142333943742
2017,MLM,M,LM,0.341971668229272,-17.693815548526715,-7.178957882470456,10.514857666056258
2017,OLM,O,LM,0.294146627058718,-3.6938155485267146,6.821042117529544,10.514857666056258
2019,SLC,S,LC,0.140704754701942,-1.996004661228568,0.42213251206925406,2.418137173297822
2020,NLM,N,LM,0.266521907378177,-17.577867487930746,-8.9042783419344,8.673589145996345
2019,JLM,J,LM,0.203925248518575,-2.996004661228568,-5.577867487930746,-2.581862826702178
2019,SLC,S,LC,0.393085988513775,1.003995338771432,15.422132512069254,14.418137173297822
2018,THC,T,HC,0.251240055815043,4.821042117529544,-4.996004661228568,-9.817046778758112
2017,MLM,M,LM,0.233861947974222,7.306184451473285,-6.178957882470456,-13.485142333943742
2019,SHC,S,HC,0.377641738338155,-2.996004661228568,-1.577867487930746,1.418137173297822
2020,HLC,H,LC,0.243802653059239,1.422132512069254,-2.9042783419344005,-4.3264108540036545
2020,D6H2C,D,HC,0.177806039667583,13.422132512069254,4.0957216580655995,-9.326410854003655
2018,TLM,T,LM,0.23284214850291,-8.178957882470456,8.003995338771432,16.18295322124189
2019,AHC,A,HC,0.358789210897263,-8.996004661228568,-2.577867487930746,6.418137173297822
2017,NHM,N,HM,0.0851655886423677,26.306184451473285,-0.1789578824704563,-26.48514233394374
2019,GHC,G,HC,0.397429267961,-10.996004661228568,6.422132512069254,17.418137173297822
2020,HLC,H,LC,0.408408933170959,-4.577867487930746,12.0957216580656,16.673589145996345
2018,OLC,O,LC,0.359216432778553,-4.178957882470456,11.003995338771432,15.182953221241888
2017,D7H2C,D,HC,0.532942973821718,7.306184451473285,-1.1789578824704563,-8.485142333943742
2020,SHC,S,HC,0.277236660765283,-5.577867487930746,-17.9042783419344,-12.326410854003655
2019,DLC,D,LC,0.291362627188175,5.003995338771432,14.422132512069254,9.418137173297822
2018,OHC,O,HC,0.28583871501415,-7.178957882470456,-2.996004661228568,4.182953221241888
2018,D3H2C,D,HC,0.402264035444359,-7.178957882470456,-2.996004661228568,4.182953221241888
2019,TLM,T,LM,0.342898004213023,13.003995338771432,3.422132512069254,-9.581862826702178
2018,SLM,S,LM,0.371324640163276,-13.178957882470456,40.00399533877143,53.18295322124189
2018,OLC,O,LC,0.38019078537441,-7.178957882470456,-20.996004661228568,-13.817046778758112
2017,DLC,D,LC,0.393000367095487,0.30618445147328543,-6.178957882470456,-6.485142333943742
2019,SHC,S,HC,0.192243429104004,-5.996004661228568,-5.577867487930746,0.4181371732978221
2019,NLC,N,LC,0.143336650536321,13.003995338771432,7.422132512069254,-5.581862826702178
2020,JHM,J,HM,0.264328257691622,5.422132512069254,5.0957216580655995,-0.32641085400365455
2017,FHM,F,HM,0.672817779245817,-5.693815548526715,29.821042117529544,35.51485766605626
2020,MLM,M,LM,0.426658321420397,-15.577867487930746,28.0957216580656,43.673589145996345
2017,BHC,B,HC,0.229103723609527,7.306184451473285,-19.178957882470456,-26.48514233394374
2017,MLC,M,LC,0.050944052823777,-7.693815548526715,-8.178957882470456,-0.48514233394374173
2020,D8H2C,D,HC,0.255641741306,48.422132512069254,-33.9042783419344,-82.32641085400365
2017,FLM,F,LM,0.478336963137232,-5.693815548526715,1.8210421175295437,7.514857666056258
2018,BHC,B,HC,0.463684906963305,-3.1789578824704563,1.003995338771432,4.182953221241888
2018,OLC,O,LC,0.45302178208837,16.821042117529544,25.003995338771432,8.182953221241888
2017,ALC,A,LC,0.292183549745132,-1.6938155485267146,-7.178957882470456,-5.485142333943742
2020,GLC,G,LC,0.0134823158171744,-5.577867487930746,20.0957216580656,25.673589145996345
2019,MLM,M,LM,0.168368455933558,-2.996004661228568,6.422132512069254,9.418137173297822
2019,SHC,S,HC,0.523127310956397,7.003995338771432,-11.577867487930746,-18.581862826702178
2017,ALM,A,LM,0.381893486658241,-2.6938155485267146,-3.1789578824704563,-0.48514233394374173
2019,MLM,M,LM,0.383382485485855,-10.996004661228568,15.422132512069254,26.418137173297822
2019,JLM,J,LM,0.369683424184668,7.003995338771432,-3.577867487930746,-10.581862826702178
2018,AHC,A,HC,0.508336656170559,-3.1789578824704563,2.003995338771432,5.182953221241888
2017,JLC,J,LC,0.156305464304246,-5.693815548526715,41.821042117529544,47.51485766605626
2020,NLC,N,LC,0.28253196917928,-2.577867487930746,0.09572165806559951,2.6735891459963455
2019,DLM,D,LM,0.142852380548367,13.003995338771432,18.422132512069254,5.418137173297822
2020,OHC,O,HC,0.475854584202328,-5.577867487930746,-4.9042783419344005,0.6735891459963455
2019,D7H2C,D,HC,0.149097948075744,20.003995338771432,2.422132512069254,-17.581862826702178
2019,ALM,A,LM,0.207382415595599,-12.996004661228568,-6.577867487930746,6.418137173297822
2020,OHC,O,HC,0.2455112782958,-5.577867487930746,3.0957216580655995,8.673589145996345
2018,OLC,O,LC,0.159743498622578,-20.178957882470456,14.003995338771432,34.18295322124189
2017,NLM,N,LM,0.225605623104435,-28.693815548526715,14.821042117529544,43.51485766605626
2017,NHM,N,HM,0.104380792943699,33.306184451473285,38.821042117529544,5.514857666056258
2019,JHC,J,HC,0.411522922609477,20.003995338771432,-3.577867487930746,-23.581862826702178
2019,OHM,O,HM,0.269111038844014,-6.996004661228568,4.422132512069254,11.418137173297822
2019,OLC,O,LC,0.0714562123544855,2.003995338771432,-3.577867487930746,-5.581862826702178
2018,D4H2C,D,HC,-0.0155093945092541,38.821042117529544,19.003995338771432,-19.81704677875811
2017,DHM,D,HM,0.191970291508973,6.306184451473285,-1.1789578824704563,-7.485142333943742
2018,SLM,S,LM,0.0830667466019834,-2.1789578824704563,-3.996004661228568,-1.8170467787581117
2019,HHM,H,HM,0.288193419811925,-8.996004661228568,-4.577867487930746,4.418137173297822
2017,SLC,S,LC,0.29479633573036,-5.693815548526715,-1.1789578824704563,4.514857666056258
2017,OLC,O,LC,0.151514813689935,14.306184451473285,26.821042117529544,12.514857666056258
2017,BHC,B,HC,0.172242989183202,14.306184451473285,-13.178957882470456,-27.48514233394374
2018,MLM,M,LM,0.350362749343034,4.821042117529544,-0.996004661228568,-5.817046778758112
2018,D7H2C,D,HC,0.293179533462071,13.821042117529544,-15.996004661228568,-29.81704677875811
2019,HHC,H,HC,0.580444918130782,-4.996004661228568,-11.577867487930746,-6.581862826702178
2018,D5H2C,D,HC,0.0668509957236035,54.821042117529544,-17.996004661228568,-72.81704677875811
2019,THM,T,HM,0.283662449947852,21.003995338771432,6.422132512069254,-14.581862826702178
2017,DHC,D,HC,0.0247835821632814,10.306184451473285,4.821042117529544,-5.485142333943742
2018,GLC,G,LC,0.147617786578756,1.8210421175295437,3.003995338771432,1.1829532212418883
2017,FLM,F,LM,0.386795979049752,0.30618445147328543,-7.178957882470456,-7.485142333943742
2018,OLM,O,LM,0.0970432689034362,-4.178957882470456,-7.996004661228568,-3.8170467787581117
2018,FHM,F,HM,0.420547147166708,-6.178957882470456,-3.996004661228568,2.1829532212418883
2017,ALM,A,LM,0.310292405036779,-28.693815548526715,-9.178957882470456,19.51485766605626
2018,MLM,M,LM,0.141527396731498,-0.1789578824704563,3.003995338771432,3.1829532212418883
2020,OLC,O,LC,0.222667913882037,-7.577867487930746,-4.9042783419344005,2.6735891459963455
2018,AHC,A,HC,0.309039068275516,-5.178957882470456,-12.996004661228568,-7.817046778758112
2018,D8H2C,D,HC,0.345168902615626,-6.178957882470456,-28.996004661228568,-22.81704677875811
2020,MHC,M,HC,0.28331289183025,-16.577867487930746,-12.9042783419344,3.6735891459963455
2018,NLC,N,LC,-0.00562794838188818,42.821042117529544,-12.996004661228568,-55.81704677875811
2017,AHM,A,HM,0.0791035566608207,-23.693815548526715,-8.178957882470456,15.514857666056258
2020,FHC,F,HC,0.250735156031255,-13.577867487930746,3.0957216580655995,16.673589145996345
2019,NLC,N,LC,0.021366588625453,6.003995338771432,-17.577867487930746,-23.581862826702178
2019,DLC,D,LC,0.0176773816761957,30.003995338771432,-15.577867487930746,-45.58186282670218
2020,HLC,H,LC,0.181831860353329,0.42213251206925406,2.0957216580655995,1.6735891459963455
2019,D8H2C,D,HC,0.51999190389585,7.003995338771432,0.42213251206925406,-6.581862826702178
2019,MHM,M,HM,0.275743776310756,-11.996004661228568,-7.577867487930746,4.418137173297822
2017,MHC,M,HC,0.551855139737933,-10.693815548526715,41.821042117529544,52.51485766605626
2020,MHM,M,HM,0.137292884611883,-11.577867487930746,-11.9042783419344,-0.32641085400365455
2017,FLM,F,LM,0.166947301718535,31.306184451473285,-14.178957882470456,-45.48514233394374
2018,BHC,B,HC,0.165985770931565,-11.178957882470456,-6.996004661228568,4.182953221241888
2018,HLM,H,LM,0.727872310166942,-7.178957882470456,2.003995338771432,9.182953221241888
2018,GHM,G,HM,0.141610891536169,-6.178957882470456,6.003995338771432,12.182953221241888
2019,MHM,M,HM,-0.00970384745819564,7.003995338771432,22.422132512069254,15.418137173297822
2019,D8H2C,D,HC,0.364639278276077,8.003995338771432,9.422132512069254,1.418137173297822
2018,NHM,N,HM,-0.00208102165492541,6.821042117529544,16.003995338771432,9.182953221241888
2018,AHM,A,HM,0.426074060520061,6.821042117529544,-10.996004661228568,-17.81704677875811
2019,MLM,M,LM,0.0757190119693663,44.00399533877143,-11.577867487930746,-55.58186282670218
2018,SHC,S,HC,0.118680539334008,4.821042117529544,-8.996004661228568,-13.817046778758112
2018,D7H2C,D,HC,0.305410951562476,-16.178957882470456,2.003995338771432,18.18295322124189
2018,HLC,H,LC,0.0736415271397133,-1.1789578824704563,17.003995338771432,18.18295322124189
2020,OLM,O,LM,0.52766863396067,-1.577867487930746,-11.9042783419344,-10.326410854003655
2017,SHC,S,HC,0.602392822837637,-3.6938155485267146,-13.178957882470456,-9.485142333943742
2018,GHC,G,HC,0.425689629472698,-1.1789578824704563,13.003995338771432,14.182953221241888
2020,DHM,D,HM,0.401714085129543,0.42213251206925406,34.0957216580656,33.673589145996345
2019,OHC,O,HC,0.300440384979733,-16.996004661228568,-0.5778674879307459,16.418137173297822
2017,GHC,G,HC,0.143039449025405,-10.693815548526715,-10.178957882470456,0.5148576660562583
2017,OLM,O,LM,0.266933684939783,-13.693815548526715,0.8210421175295437,14.514857666056258
2017,GHC,G,HC,0.225949351351031,5.306184451473285,13.821042117529544,8.514857666056258
2020,D7H2C,D,HC,0.516152284469569,-5.577867487930746,4.0957216580655995,9.673589145996345
2018,NHC,N,HC,0.275140877257956,-11.178957882470456,-9.996004661228568,1.1829532212418883
2019,HHC,H,HC,0.50664679524338,-2.996004661228568,-16.577867487930746,-13.581862826702178
2019,AHM,A,HM,0.113240307993785,-3.996004661228568,13.422132512069254,17.418137173297822
2018,FLM,F,LM,0.14338366959968,24.821042117529544,3.003995338771432,-21.81704677875811
2017,JLM,J,LM,0.13189187349644,-5.693815548526715,4.821042117529544,10.514857666056258
2018,GLC,G,LC,0.254973655697533,-7.178957882470456,2.003995338771432,9.182953221241888
2017,FHM,F,HM,0.215017468258426,1.3061844514732854,-16.178957882470456,-17.48514233394374
2019,NLC,N,LC,0.362950922503996,1.003995338771432,5.422132512069254,4.418137173297822
2018,HHC,H,HC,0.199150038185095,-2.1789578824704563,8.003995338771432,10.182953221241888
2018,NHC,N,HC,0.339522679710949,-8.178957882470456,4.003995338771432,12.182953221241888
2017,D5H2C,D,HC,0.0974718284518139,7.306184451473285,-7.178957882470456,-14.485142333943742
2020,GHM,G,HM,0.220021034925878,-25.577867487930746,13.0957216580656,38.673589145996345
2019,D7H2C,D,HC,0.193391491985474,13.003995338771432,7.422132512069254,-5.581862826702178
2017,SLM,S,LM,-0.00742283716531666,27.306184451473285,-7.178957882470456,-34.48514233394374
2017,FHC,F,HC,0.12989812407369,-6.693815548526715,-0.1789578824704563,6.514857666056258
2020,JLM,J,LM,0.0604715633787738,1.422132512069254,8.0957216580656,6.6735891459963455
2018,OLC,O,LC,0.406288385900766,-8.178957882470456,11.003995338771432,19.18295322124189
2020,D3H2C,D,HC,0.456338832437264,1.422132512069254,15.0957216580656,13.673589145996345
2017,BHM,B,HM,0.278280232186402,-11.693815548526715,7.821042117529544,19.51485766605626
2017,BLM,B,LM,0.265013273500595,3.3061844514732854,-0.1789578824704563,-3.4851423339437417
2018,OHC,O,HC,0.231981319550836,3.8210421175295437,-8.996004661228568,-12.817046778758112
2019,GHC,G,HC,0.596118082144641,7.003995338771432,26.422132512069254,19.418137173297822
2017,D7H2C,D,HC,0.0468475226778553,-25.693815548526715,-1.1789578824704563,24.51485766605626
2017,SLC,S,LC,0.15388613710671,24.306184451473285,-6.178957882470456,-30.48514233394374
2017,SLC,S,LC,0.206534069732599,24.306184451473285,-5.178957882470456,-29.48514233394374
2017,D8H2C,D,HC,0.152689292171316,-24.693815548526715,-4.178957882470456,20.51485766605626
2017,HHC,H,HC,0.111234334984896,3.3061844514732854,-1.1789578824704563,-4.485142333943742
2018,FHC,F,HC,0.208620727002826,-13.178957882470456,-11.996004661228568,1.1829532212418883
2017,AHM,A,HM,0.341833160961177,-5.693815548526715,-24.178957882470456,-18.48514233394374
2018,NHC,N,HC,0.242666249885055,-21.178957882470456,4.003995338771432,25.18295322124189
2020,MLM,M,LM,0.488038445145066,27.422132512069254,16.0957216580656,-11.326410854003655
2019,SHM,S,HM,0.197867292197519,-4.996004661228568,-17.577867487930746,-12.581862826702178
2018,AHM,A,HM,0.343459073571701,-4.178957882470456,-14.996004661228568,-10.817046778758112
2020,D2H2C,D,HC,0.154262163706135,-19.577867487930746,-3.9042783419344005,15.673589145996345
2019,NHC,N,HC,0.26282100136918,-9.996004661228568,-17.577867487930746,-7.581862826702178
2018,AHC,A,HC,0.412603194116124,-4.178957882470456,7.003995338771432,11.182953221241888
2017,D8H2C,D,HC,0.0831417398933572,-4.693815548526715,-1.1789578824704563,3.5148576660562583
2019,SLC,S,LC,0.30645340801204,-3.996004661228568,-0.5778674879307459,3.418137173297822
2020,D4H2C,D,HC,0.24059221449922,17.422132512069254,1.0957216580655995,-16.326410854003655
2019,TLC,T,LC,0.634538709257071,7.003995338771432,-5.577867487930746,-12.581862826702178
2018,GHC,G,HC,0.430840055144544,10.821042117529544,-17.996004661228568,-28.81704677875811
2020,HHM,H,HM,0.259496529464836,20.422132512069254,0.09572165806559951,-20.326410854003655
2020,MHC,M,HC,0.349049615942508,1.422132512069254,-8.9042783419344,-10.326410854003655
2018,NLC,N,LC,0.379359518541174,14.821042117529544,-8.996004661228568,-23.81704677875811
2017,BLM,B,LM,0.068900491168931,18.306184451473285,5.821042117529544,-12.485142333943742
2018,TLM,T,LM,0.369928337756483,-8.178957882470456,-12.996004661228568,-4.817046778758112
2019,SLC,S,LC,0.0434537521834015,-4.996004661228568,9.422132512069254,14.418137173297822
2017,AHM,A,HM,0.20574216039813,7.306184451473285,-1.1789578824704563,-8.485142333943742
2018,DLC,D,LC,0.208529216730891,-1.1789578824704563,4.003995338771432,5.182953221241888
2018,SHC,S,HC,0.302868807779996,-6.178957882470456,8.003995338771432,14.182953221241888
2017,GLC,G,LC,0.398532794603784,0.30618445147328543,-0.1789578824704563,-0.48514233394374173
2018,DHC,D,HC,0.210191704212651,6.821042117529544,-4.996004661228568,-11.817046778758112
2020,FHC,F,HC,0.0579495702929562,-2.577867487930746,2.0957216580655995,4.6735891459963455
2020,SLM,S,LM,0.12932455547108,27.422132512069254,-0.9042783419344005,-28.326410854003655
2017,SLM,S,LM,0.0332566713226459,1.3061844514732854,16.821042117529544,15.514857666056258
2017,JLC,J,LC,0.182438657967104,22.306184451473285,-16.178957882470456,-38.48514233394374
2019,MLM,M,LM,0.250542541457128,-1.996004661228568,22.422132512069254,24.418137173297822
2020,MHM,M,HM,0.328528144830689,-0.5778674879307459,9.0957216580656,9.673589145996345
2019,MLC,M,LC,0.478505107221617,-5.996004661228568,-11.577867487930746,-5.581862826702178
2020,HHM,H,HM,0.158304175351941,-8.577867487930746,-0.9042783419344005,7.6735891459963455
2019,D6H2C,D,HC,0.440363123833928,1.003995338771432,-1.577867487930746,-2.581862826702178
2017,OLM,O,LM,0.090294638331166,-24.693815548526715,6.821042117529544,31.51485766605626
2019,D8H2C,D,HC,0.094295515913862,-22.996004661228568,29.422132512069254,52.41813717329782
2017,GHM,G,HM,0.163133885419836,-2.6938155485267146,40.821042117529544,43.51485766605626
2019,OLM,O,LM,0.425424280665949,-2.996004661228568,0.42213251206925406,3.418137173297822
2019,D2H2C,D,HC,0.483043731584141,-3.996004661228568,0.42213251206925406,4.418137173297822
2019,D5H2C,D,HC,0.418657929546802,3.003995338771432,-6.577867487930746,-9.581862826702178
2019,NLM,N,LM,0.367262493348447,-1.996004661228568,-23.577867487930746,-21.581862826702178
2020,D4H2C,D,HC,0.315766157289088,14.422132512069254,10.0957216580656,-4.3264108540036545
2019,D8H2C,D,HC,0.478168093612726,3.003995338771432,-5.577867487930746,-8.581862826702178
2019,HLC,H,LC,0.31522330163018,13.003995338771432,33.422132512069254,20.418137173297822
2020,DHC,D,HC,-0.0208916423160004,-4.577867487930746,-22.9042783419344,-18.326410854003655
2019,BHM,B,HM,0.209161410527061,-15.996004661228568,-6.577867487930746,9.418137173297822
2018,GHM,G,HM,0.41543756393182,-5.178957882470456,13.003995338771432,18.18295322124189
2018,JLM,J,LM,0.327385319342951,7.821042117529544,6.003995338771432,-1.8170467787581117
2018,OHM,O,HM,0.440285056516736,-7.178957882470456,-15.996004661228568,-8.817046778758112
2020,HLC,H,LC,0.0570526497596254,53.422132512069254,-36.9042783419344,-90.32641085400365
2017,GHM,G,HM,0.0372917753156905,20.306184451473285,-1.1789578824704563,-21.48514233394374
2018,SHM,S,HM,0.151402832236839,-14.178957882470456,-2.996004661228568,11.182953221241888
2017,ALC,A,LC,-0.00657442677649134,-23.693815548526715,-3.1789578824704563,20.51485766605626
2020,OLM,O,LM,0.173684244792857,-6.577867487930746,0.09572165806559951,6.6735891459963455
2020,DLC,D,LC,0.362497634467684,1.422132512069254,0.09572165806559951,-1.3264108540036545
2018,AHM,A,HM,0.105169819871164,45.821042117529544,-4.996004661228568,-50.81704677875811
2020,ALC,A,LC,0.238864290378822,-9.577867487930746,18.0957216580656,27.673589145996345
2017,GLC,G,LC,0.149529472555304,8.306184451473285,-4.178957882470456,-12.485142333943742
2018,D3H2C,D,HC,0.326496629409502,-1.1789578824704563,9.003995338771432,10.182953221241888
2019,OHC,O,HC,0.459847009399466,-12.996004661228568,-2.577867487930746,10.418137173297822
2017,FLM,F,LM,0.428291356129121,6.306184451473285,-8.178957882470456,-14.485142333943742
2018,JHC,J,HC,-0.00406158136048096,42.821042117529544,13.003995338771432,-29.81704677875811
2017,BLM,B,LM,0.389400514373361,0.30618445147328543,-10.178957882470456,-10.485142333943742
2017,DLM,D,LM,0.0923114229816717,10.306184451473285,-1.1789578824704563,-11.485142333943742
2019,SHC,S,HC,0.28817587692808,-2.996004661228568,-13.577867487930746,-10.581862826702178
2019,DHC,D,HC,0.329191502841241,-2.996004661228568,-10.577867487930746,-7.581862826702178
2019,NLC,N,LC,0.134271262602731,-21.996004661228568,18.422132512069254,40.41813717329782
2020,MLM,M,LM,0.219459859439407,8.422132512069254,-25.9042783419344,-34.326410854003655
2019,MHC,M,HC,0.310528965885654,8.003995338771432,-9.577867487930746,-17.581862826702178
2020,DLM,D,LM,0.214607774446596,-3.577867487930746,-19.9042783419344,-16.326410854003655
2020,D9H2C,D,HC,0.30846635726718,21.422132512069254,7.0957216580655995,-14.326410854003655
2020,DLM,D,LM,0.410754345058427,40.422132512069254,-23.9042783419344,-64.32641085400365
2018,GLC,G,LC,0.414121216807671,-6.178957882470456,-3.996004661228568,2.1829532212418883
2017,OLM,O,LM,0.721373288741912,-5.693815548526715,34.821042117529544,40.51485766605626
2019,THC,T,HC,0.579594254629125,3.003995338771432,2.422132512069254,-0.5818628267021779
2018,DLM,D,LM,0.163997323213987,-1.1789578824704563,5.003995338771432,6.182953221241888
2020,SHM,S,HM,0.327813169811668,-0.5778674879307459,-2.9042783419344005,-2.3264108540036545
2019,NHM,N,HM,0.413390859144447,1.003995338771432,-15.577867487930746,-16.581862826702178
2018,OHC,O,HC,0.121282788082763,8.821042117529544,2.003995338771432,-6.817046778758112
2020,BLM,B,LM,0.0268272156638558,28.422132512069254,-4.9042783419344005,-33.326410854003655
2019,BHM,B,HM,0.176791961310482,1.003995338771432,15.422132512069254,14.418137173297822
2017,DHC,D,HC,0.0341631878943425,12.306184451473285,-9.178957882470456,-21.48514233394374
2020,BHM,B,HM,0.440248012777394,-3.577867487930746,-34.9042783419344,-31.326410854003655
2017,D1H2C,D,HC,0.562653980291234,-17.693815548526715,-19.178957882470456,-1.4851423339437417
2017,OLC,O,LC,0.226990498959984,-6.693815548526715,-4.178957882470456,2.5148576660562583
2018,NHC,N,HC,0.00811273186292438,5.821042117529544,-10.996004661228568,-16.81704677875811
2018,TLM,T,LM,0.0404460544242069,-0.1789578824704563,-26.996004661228568,-26.81704677875811
2017,FH2C,F,HC,0.0877225246448003,-13.693815548526715,-0.1789578824704563,13.514857666056258
2018,DHC,D,HC,0.330421459711174,-17.178957882470456,1.003995338771432,18.18295322124189
2020,FHM,F,HM,0.139867447117088,-8.577867487930746,-26.9042783419344,-18.326410854003655
2020,OHC,O,HC,0.151690807097904,-12.577867487930746,-5.9042783419344005,6.6735891459963455
2018,FLC,F,LC,0.192818581574309,-1.1789578824704563,-6.996004661228568,-5.817046778758112
2019,BHM,B,HM,0.275671887732227,-11.996004661228568,-17.577867487930746,-5.581862826702178
2018,BLM,B,LM,0.128319427417248,-8.178957882470456,-9.996004661228568,-1.8170467787581117
2018,DLM,D,LM,0.24986531346526,11.821042117529544,20.003995338771432,8.182953221241888
2019,TLM,T,LM,0.112938961072686,-12.996004661228568,30.422132512069254,43.41813717329782
2019,MHM,M,HM,0.0895692893147841,0.003995338771431989,-11.577867487930746,-11.581862826702178
2017,D6H2C,D,HC,0.260642731829881,6.306184451473285,-7.178957882470456,-13.485142333943742
2018,AHC,A,HC,0.17321549167014,0.8210421175295437,-14.996004661228568,-15.817046778758112
2019,NHM,N,HM,0.268833427866806,-20.996004661228568,12.422132512069254,33.41813717329782
2019,BHC,B,HC,0.412175490838716,-5.996004661228568,9.422132512069254,15.418137173297822
2020,AHM,A,HM,0.218331133240757,0.42213251206925406,18.0957216580656,17.673589145996345
2017,OLC,O,LC,0.00361851338033192,5.306184451473285,4.821042117529544,-0.48514233394374173
2018,MHC,M,HC,-0.00399160773939755,52.821042117529544,-8.996004661228568,-61.81704677875811
2020,GHM,G,HM,0.38197008499102,-4.577867487930746,6.0957216580655995,10.673589145996345
2017,MHC,M,HC,0.393800550482464,-0.6938155485267146,-19.178957882470456,-18.48514233394374
2020,BHC,B,HC,0.38548751375674,3.422132512069254,-5.9042783419344005,-9.326410854003655
2019,NHM,N,HM,0.204352985649047,-10.996004661228568,1.422132512069254,12.418137173297822
2019,OLM,O,LM,0.246902588119458,8.003995338771432,0.42213251206925406,-7.581862826702178
2018,SHM,S,HM,0.585385115677661,-5.178957882470456,-16.996004661228568,-11.817046778758112
2017,SLM,S,LM,0.211843944393229,-3.6938155485267146,-9.178957882470456,-5.485142333943742
2020,D1H2C,D,HC,0.465013179592473,0.42213251206925406,10.0957216580656,9.673589145996345
2019,SHC,S,HC,0.484960024396346,-11.996004661228568,-5.577867487930746,6.418137173297822
2018,GLC,G,LC,0.220771134473027,-7.178957882470456,-18.996004661228568,-11.817046778758112
2020,TLM,T,LM,0.428921665715264,31.422132512069254,3.0957216580655995,-28.326410854003655
2020,FLC,F,LC,0.371623058646575,-8.577867487930746,17.0957216580656,25.673589145996345
2019,BHM,B,HM,0.222001335087012,11.003995338771432,0.42213251206925406,-10.581862826702178
2020,DLM,D,LM,0.393742204227388,-0.5778674879307459,0.09572165806559951,0.6735891459963455
2020,D9H2C,D,HC,0.24152307133767,-5.577867487930746,6.0957216580655995,11.673589145996345
2020,D7H2C,D,HC,0.169722463750921,-9.577867487930746,-11.9042783419344,-2.3264108540036545
2018,SLM,S,LM,0.580719311506136,1.8210421175295437,7.003995338771432,5.182953221241888
2017,SHM,S,HM,0.0219038127209612,-20.693815548526715,2.8210421175295437,23.51485766605626
2020,OHM,O,HM,0.394628552254176,-4.577867487930746,-3.9042783419344005,0.6735891459963455
2017,NHC,N,HC,0.326327979770508,-27.693815548526715,28.821042117529544,56.51485766605626
2019,BLM,B,LM,0.518094797780841,-3.996004661228568,-0.5778674879307459,3.418137173297822
2019,MHC,M,HC,0.015730184481095,44.00399533877143,-20.577867487930746,-64.58186282670218
2020,FHM,F,HM,0.364263439196534,-13.577867487930746,-1.9042783419344005,11.673589145996345
2017,FHC,F,HC,0.285520217444739,13.306184451473285,-9.178957882470456,-22.48514233394374
2019,NHM,N,HM,0.541073461279514,-6.996004661228568,2.422132512069254,9.418137173297822
2020,MHM,M,HM,0.635356933919215,-13.577867487930746,-3.9042783419344005,9.673589145996345
2018,D1H2C,D,HC,0.240412737043709,-13.178957882470456,20.003995338771432,33.18295322124189
2019,NLM,N,LM,0.0356005403166211,42.00399533877143,43.422132512069254,1.418137173297822
2019,FH2C,F,HC,0.472820988419076,2.003995338771432,-6.577867487930746,-8.581862826702178
2017,SLM,S,LM,0.0866308415455399,-12.693815548526715,-9.178957882470456,3.5148576660562583
2018,GHC,G,HC,0.0883883613652945,4.821042117529544,-6.996004661228568,-11.817046778758112
2020,MLM,M,LM,0.222902504551888,-11.577867487930746,0.09572165806559951,11.673589145996345
2018,NLC,N,LC,0.271306964518835,-0.1789578824704563,1.003995338771432,1.1829532212418883
2019,HLC,H,LC,0.12701771235419,-14.996004661228568,-5.577867487930746,9.418137173297822
2017,D3H2C,D,HC,0.00272246486816341,15.306184451473285,-5.178957882470456,-20.48514233394374
2018,D7H2C,D,HC,0.243624872003903,10.821042117529544,-22.996004661228568,-33.81704677875811
2017,NLM,N,LM,0.0513496315545232,6.306184451473285,-6.178957882470456,-12.485142333943742
2018,BLM,B,LM,0.145057358609061,-12.178957882470456,6.003995338771432,18.18295322124189
2018,GHM,G,HM,-0.00695324748868065,4.821042117529544,24.003995338771432,19.18295322124189
2019,FHC,F,HC,0.391929371088491,0.003995338771431989,-5.577867487930746,-5.581862826702178
2020,DLM,D,LM,0.284001258020806,5.422132512069254,30.0957216580656,24.673589145996345
2019,OHM,O,HM,0.22308231955542,-16.996004661228568,-10.577867487930746,6.418137173297822
2020,JLM,J,LM,-0.0229793929035591,-17.577867487930746,-11.9042783419344,5.6735891459963455
2019,BLM,B,LM,0.0464044165647912,-6.996004661228568,-7.577867487930746,-0.5818628267021779
2018,SLC,S,LC,0.431953755280607,-12.178957882470456,17.003995338771432,29.18295322124189
2017,NHM,N,HM,0.219205865708118,-1.6938155485267146,2.8210421175295437,4.514857666056258
2019,D6H2C,D,HC,0.454975658237536,-17.996004661228568,-10.577867487930746,7.418137173297822
2019,D6H2C,D,HC,0.274338560541059,16.003995338771432,-4.577867487930746,-20.581862826702178
2019,DLM,D,LM,0.287029676179673,25.003995338771432,6.422132512069254,-18.581862826702178
2018,ALM,A,LM,0.247091070326732,-3.1789578824704563,4.003995338771432,7.182953221241888
2018,JLM,J,LM,0.221538373026523,-1.1789578824704563,21.003995338771432,22.18295322124189
2018,SLC,S,LC,0.0342584548519556,20.821042117529544,11.003995338771432,-9.817046778758112
2019,NHC,N,HC,0.218835117393048,-28.996004661228568,0.42213251206925406,29.418137173297822
2020,OLC,O,LC,0.308569394535592,2.422132512069254,-18.9042783419344,-21.326410854003655
2017,ALC,A,LC,0.188029730563243,5.306184451473285,0.8210421175295437,-4.485142333943742
2017,NLM,N,LM,0.0921465891821587,-5.693815548526715,6.821042117529544,12.514857666056258
2017,JLC,J,LC,0.118574446291321,-16.693815548526715,0.8210421175295437,17.51485766605626
2018,OHC,O,HC,0.280898755743903,52.821042117529544,7.003995338771432,-45.81704677875811
2018,OHM,O,HM,-0.00371729327172066,-4.178957882470456,-8.996004661228568,-4.817046778758112
2017,GHM,G,HM,0.110718739384711,12.306184451473285,-1.1789578824704563,-13.485142333943742
2020,JLM,J,LM,0.221735503569658,14.422132512069254,-8.9042783419344,-23.326410854003655
2020,D7H2C,D,HC,0.0983746863127313,-4.577867487930746,-5.9042783419344005,-1.3264108540036545
2020,D6H2C,D,HC,0.0289458046192708,-11.577867487930746,9.0957216580656,20.673589145996345
2017,D2H2C,D,HC,0.331205257763523,4.306184451473285,28.821042117529544,24.51485766605626
2018,BLM,B,LM,0.182936462100943,-7.178957882470456,-10.996004661228568,-3.8170467787581117
2019,AHM,A,HM,0.179375615013246,-6.996004661228568,-9.577867487930746,-2.581862826702178
2020,D7H2C,D,HC,0.476399972342669,-0.5778674879307459,-19.9042783419344,-19.326410854003655
2019,GLC,G,LC,0.0347898074843533,-10.996004661228568,-6.577867487930746,4.418137173297822
2017,SHM,S,HM,0.124657980709993,31.306184451473285,-13.178957882470456,-44.48514233394374
2017,NLM,N,LM,0.114319310701789,8.306184451473285,3.8210421175295437,-4.485142333943742
2020,D1H2C,D,HC,0.31717234227285,-8.577867487930746,2.0957216580655995,10.673589145996345
2020,HHC,H,HC,0.0694464822057548,-6.577867487930746,9.0957216580656,15.673589145996345
2020,NLM,N,LM,0.279884236235565,15.422132512069254,5.0957216580655995,-10.326410854003655
2020,NLC,N,LC,0.384819974377841,-7.577867487930746,0.09572165806559951,7.6735891459963455
2019,MHC,M,HC,0.302354240419872,-3.996004661228568,-4.577867487930746,-0.5818628267021779
2018,GHM,G,HM,0.38327445988712,-7.178957882470456,8.003995338771432,15.182953221241888
2019,AHM,A,HM,0.0249207847329581,1.003995338771432,-0.5778674879307459,-1.581862826702178
2019,GHM,G,HM,0.169692510915149,-3.996004661228568,-8.577867487930746,-4.581862826702178
2019,THC,T,HC,0.21029103872183,-2.996004661228568,-9.577867487930746,-6.581862826702178
2017,NHM,N,HM,0.407241457638015,2.3061844514732854,-5.178957882470456,-7.485142333943742
2019,BLC,B,LC,0.114646283256016,-5.996004661228568,19.422132512069254,25.418137173297822
2019,FHC,F,HC,0.456180717162452,-8.996004661228568,-10.577867487930746,-1.581862826702178
2020,SLC,S,LC,0.256571324905571,-3.577867487930746,-13.9042783419344,-10.326410854003655
2019,GHM,G,HM,0.376237198252179,-4.996004661228568,-12.577867487930746,-7.581862826702178
2017,BLC,B,LC,0.177764806057445,0.30618445147328543,-12.178957882470456,-12.485142333943742
2018,NHM,N,HM,0.0477409554266088,-7.178957882470456,-14.996004661228568,-7.817046778758112
2018,D2H2C,D,HC,0.137140514584525,-1.1789578824704563,1.003995338771432,2.1829532212418883
2018,JLM,J,LM,0.456340289026884,-13.178957882470456,25.003995338771432,38.18295322124189
2020,BLC,B,LC,0.186645886053435,-11.577867487930746,3.0957216580655995,14.673589145996345
2017,MHM,M,HM,0.444693695261561,6.306184451473285,-7.178957882470456,-13.485142333943742
2020,GLC,G,LC,0.0177105469334238,-5.577867487930746,17.0957216580656,22.673589145996345
2020,NLC,N,LC,0.212060397785986,-14.577867487930746,4.0957216580655995,18.673589145996345
2019,OHM,O,HM,0.488718154692585,-10.996004661228568,-9.577867487930746,1.418137173297822
2018,GLM,G,LM,0.258779531476375,-0.1789578824704563,20.003995338771432,20.18295322124189
2019,D6H2C,D,HC,0.68189853771227,-2.996004661228568,-1.577867487930746,1.418137173297822
2018,JLM,J,LM,0.237189656271774,4.821042117529544,-19.996004661228568,-24.81704677875811
2019,NLM,N,LM,0.298328110244074,7.003995338771432,5.422132512069254,-1.581862826702178
2017,AHM,A,HM,0.0276091284466207,-6.693815548526715,9.821042117529544,16.51485766605626
2017,MHC,M,HC,0.154666813932955,-24.693815548526715,18.821042117529544,43.51485766605626
2018,OHC,O,HC,-0.00768282563358214,-0.1789578824704563,-3.996004661228568,-3.8170467787581117
2017,BHM,B,HM,0.192781450744963,-5.693815548526715,-4.178957882470456,1.5148576660562583
2018,ALM,A,LM,0.172870322886391,2.8210421175295437,10.003995338771432,7.182953221241888
2020,SLC,S,LC,0.200454445778699,22.422132512069254,-2.9042783419344005,-25.326410854003655
2018,HHC,H,HC,0.438315001574322,9.821042117529544,-10.996004661228568,-20.81704677875811
2019,GHM,G,HM,0.0648888424977843,14.003995338771432,-11.577867487930746,-25.581862826702178
2018,D3H2C,D,HC,0.389387825089904,-7.178957882470456,1.003995338771432,8.182953221241888
2019,MHC,M,HC,0.28359567317897,-10.996004661228568,-5.577867487930746,5.418137173297822
2018,D2H2C,D,HC,0.139612813349412,-5.178957882470456,-23.996004661228568,-18.81704677875811
2019,OLC,O,LC,0.398213530526943,-7.996004661228568,11.422132512069254,19.418137173297822
2017,JLM,J,LM,0.159253303349821,-19.693815548526715,-0.1789578824704563,19.51485766605626
2019,GHM,G,HM,0.0237165175778553,-4.996004661228568,0.42213251206925406,5.418137173297822
2020,SLM,S,LM,0.216966829633977,-3.577867487930746,8.0957216580656,11.673589145996345
2020,GHC,G,HC,0.293811520084906,-4.577867487930746,-15.9042783419344,-11.326410854003655
2017,OHC,O,HC,0.138932852198197,-27.693815548526715,-15.178957882470456,12.514857666056258
2019,OLC,O,LC,0.381944638011612,1.003995338771432,3.422132512069254,2.418137173297822
2020,HLC,H,LC,0.392577252856553,12.422132512069254,8.0957216580656,-4.3264108540036545
2017,FHC,F,HC,0.181021862672821,-17.693815548526715,-11.178957882470456,6.514857666056258
2020,BHM,B,HM,0.113260362893991,-10.577867487930746,12.0957216580656,22.673589145996345
2020,FHM,F,HM,0.231013658613701,12.422132512069254,0.09572165806559951,-12.326410854003655
2017,GLC,G,LC,0.177380442804965,7.306184451473285,-1.1789578824704563,-8.485142333943742
2019,OLM,O,LM,0.238682211502189,2.003995338771432,-13.577867487930746,-15.581862826702178
2017,D5H2C,D,HC,0.0198253251352132,3.3061844514732854,-6.178957882470456,-9.485142333943742
2019,JLC,J,LC,0.235147252216329,-13.996004661228568,-9.577867487930746,4.418137173297822
2018,NHM,N,HM,0.270629291239967,35.821042117529544,5.003995338771432,-30.81704677875811
2020,AHC,A,HC,0.180092324613554,0.42213251206925406,-1.9042783419344005,-2.3264108540036545
2020,NHC,N,HC,0.399334185090384,-9.577867487930746,10.0957216580656,19.673589145996345
2020,OHM,O,HM,0.0829077177567268,-7.577867487930746,-5.9042783419344005,1.6735891459963455
2019,GLC,G,LC,0.182668169151071,-4.996004661228568,10.422132512069254,15.418137173297822
2017,D7H2C,D,HC,0.11260518763345,11.306184451473285,22.821042117529544,11.514857666056258
2018,AHM,A,HM,0.266293981211096,-6.178957882470456,7.003995338771432,13.182953221241888
2020,BLM,B,LM,0.21438440675993,-4.577867487930746,-2.9042783419344005,1.6735891459963455
2020,AHC,A,HC,0.483050047050641,-15.577867487930746,2.0957216580655995,17.673589145996345
2017,MLM,M,LM,0.250080845785181,27.306184451473285,-0.1789578824704563,-27.48514233394374
2017,AHC,A,HC,0.329129475632458,0.30618445147328543,-12.178957882470456,-12.485142333943742
2019,TLM,T,LM,0.193807252934554,17.003995338771432,-2.577867487930746,-19.581862826702178
2019,AHM,A,HM,0.180666396218784,-2.996004661228568,-3.577867487930746,-0.5818628267021779
2017,OLM,O,LM,0.343853905096851,-21.693815548526715,39.821042117529544,61.51485766605626
2019,D7H2C,D,HC,0.478752023901039,-0.996004661228568,8.422132512069254,9.418137173297822
2017,JLM,J,LM,0.157595334122365,-21.693815548526715,6.821042117529544,28.51485766605626
2020,MHM,M,HM,0.139408003300823,-10.577867487930746,5.0957216580655995,15.673589145996345
2018,GHC,G,HC,0.395867300885222,21.821042117529544,-10.996004661228568,-32.81704677875811
2017,D6H2C,D,HC,0.111783853525179,-29.693815548526715,-12.178957882470456,17.51485766605626
2020,D7H2C,D,HC,0.326981206208827,0.42213251206925406,6.0957216580655995,5.6735891459963455
2019,HHC,H,HC,0.468459750468883,-9.996004661228568,-19.577867487930746,-9.581862826702178
2017,D1H2C,D,HC,0.0999364729481689,-10.693815548526715,18.821042117529544,29.51485766605626
2017,D8H2C,D,HC,0.25314055436952,6.306184451473285,-23.178957882470456,-29.48514233394374
2018,AHM,A,HM,0.165460124059726,-2.1789578824704563,1.003995338771432,3.1829532212418883
2020,DHC,D,HC,0.123646086732735,1.422132512069254,-30.9042783419344,-32.326410854003655
2020,BLM,B,LM,0.362575332355443,0.42213251206925406,-20.9042783419344,-21.326410854003655
2020,SLC,S,LC,0.0131497592753873,-5.577867487930746,-11.9042783419344,-6.3264108540036545
2019,DHC,D,HC,0.369217764444132,-5.996004661228568,7.422132512069254,13.418137173297822
2020,DHC,D,HC,0.504053489653668,3.422132512069254,8.0957216580656,4.6735891459963455
2017,NHM,N,HM,0.0660707794475275,6.306184451473285,-0.1789578824704563,-6.485142333943742
2017,BH2C,B,HC,0.234157473233217,-14.693815548526715,-8.178957882470456,6.514857666056258
2017,OLM,O,LM,0.211091732149485,6.306184451473285,-1.1789578824704563,-7.485142333943742
2019,OLC,O,LC,0.0023898589335789,44.00399533877143,2.422132512069254,-41.58186282670218
2020,D7H2C,D,HC,0.224135782900762,6.422132512069254,-28.9042783419344,-35.326410854003655
2020,OLM,O,LM,0.0865376430240883,-0.5778674879307459,3.0957216580655995,3.6735891459963455
2017,HLM,H,LM,0.250992832390995,15.306184451473285,-10.178957882470456,-25.48514233394374
2018,GLC,G,LC,-0.00506486865629752,11.821042117529544,-5.996004661228568,-17.81704677875811
2018,NLC,N,LC,0.0781490376301621,10.821042117529544,-12.996004661228568,-23.81704677875811
2019,DLC,D,LC,0.275295514205659,8.003995338771432,-5.577867487930746,-13.581862826702178
2019,JLC,J,LC,0.162518390480627,-16.996004661228568,-3.577867487930746,13.418137173297822
2018,OHM,O,HM,0.378486096014486,-8.178957882470456,-4.996004661228568,3.1829532212418883
2018,DLC,D,LC,0.0674095715124614,0.8210421175295437,17.003995338771432,16.18295322124189
2020,OLM,O,LM,0.283207159882119,-10.577867487930746,-35.9042783419344,-25.326410854003655
2019,SLC,S,LC,0.0852228925848106,32.00399533877143,7.422132512069254,-24.581862826702178
2018,GHM,G,HM,0.478579636363214,0.8210421175295437,-8.996004661228568,-9.817046778758112
2020,JHM,J,HM,0.088474374743932,-23.577867487930746,-3.9042783419344005,19.673589145996345
2017,OHC,O,HC,0.573066385682971,-11.693815548526715,-0.1789578824704563,11.514857666056258
2018,JLM,J,LM,0.242574831386294,-3.1789578824704563,6.003995338771432,9.182953221241888
2017,SHM,S,HM,0.542096982559057,6.306184451473285,-12.178957882470456,-18.48514233394374
2018,D6H2C,D,HC,0.320502346635663,-3.1789578824704563,5.003995338771432,8.182953221241888
2020,D9H2C,D,HC,0.224416921653951,-16.577867487930746,0.09572165806559951,16.673589145996345
2020,D6H2C,D,HC,0.209161949351503,24.422132512069254,18.0957216580656,-6.3264108540036545
2018,OHC,O,HC,0.0473903624399861,0.8210421175295437,15.003995338771432,14.182953221241888
2018,NHC,N,HC,0.198052331561732,-4.178957882470456,2.003995338771432,6.182953221241888
2017,JLM,J,LM,0.291212412896475,-12.693815548526715,-14.178957882470456,-1.4851423339437417
2020,OLM,O,LM,0.484725956846582,8.422132512069254,24.0957216580656,15.673589145996345
2019,FLM,F,LM,0.396796080228605,3.003995338771432,-5.577867487930746,-8.581862826702178
2017,NHM,N,HM,0.32926628975116,8.306184451473285,-7.178957882470456,-15.485142333943742
2019,GHM,G,HM,0.12164353133876,-1.996004661228568,-4.577867487930746,-2.581862826702178
2017,OHM,O,HM,0.189583363944497,-17.693815548526715,29.821042117529544,47.51485766605626
2017,NHC,N,HC,0.300423597677106,8.306184451473285,-6.178957882470456,-14.485142333943742
2020,OLC,O,LC,0.375543272669746,-9.577867487930746,-2.9042783419344005,6.6735891459963455
2020,FH2C,F,HC,0.166586101289691,-4.577867487930746,19.0957216580656,23.673589145996345
2017,MHM,M,HM,0.189346159786109,-12.693815548526715,-7.178957882470456,5.514857666056258
2017,JLM,J,LM,0.190177784330476,8.306184451473285,-1.1789578824704563,-9.485142333943742
2017,D1H2C,D,HC,0.223628450526244,-4.693815548526715,38.821042117529544,43.51485766605626
2020,D8H2C,D,HC,0.202335857895077,12.422132512069254,-4.9042783419344005,-17.326410854003655
2020,SHC,S,HC,0.325300420383649,-11.577867487930746,-5.9042783419344005,5.6735891459963455
2019,FH2C,F,HC,0.334949105477246,16.003995338771432,6.422132512069254,-9.581862826702178
2017,NHM,N,HM,0.389845151013964,2.3061844514732854,-6.178957882470456,-8.485142333943742
2017,HHC,H,HC,0.183706523757307,-7.693815548526715,-1.1789578824704563,6.514857666056258
2018,HHM,H,HM,0.285023687550763,38.821042117529544,-21.996004661228568,-60.81704677875811
2020,NHC,N,HC,0.149047446324554,8.422132512069254,12.0957216580656,3.6735891459963455
2019,OLC,O,LC,0.0495539464934742,-5.996004661228568,-0.5778674879307459,5.418137173297822
2017,BLC,B,LC,0.0369944891981826,13.306184451473285,-11.178957882470456,-24.48514233394374
2019,FLM,F,LM,0.216952446031424,-6.996004661228568,2.422132512069254,9.418137173297822
2019,NHM,N,HM,0.102296863663118,-2.996004661228568,-0.5778674879307459,2.418137173297822
2020,DLC,D,LC,0.227508523162429,-11.577867487930746,9.0957216580656,20.673589145996345
2019,AHC,A,HC,0.200672533916086,0.003995338771431989,-1.577867487930746,-1.581862826702178
2017,DLM,D,LM,0.131396302960214,6.306184451473285,-3.1789578824704563,-9.485142333943742
2020,ALM,A,LM,0.495662409525715,-7.577867487930746,-9.9042783419344,-2.3264108540036545
2019,JLC,J,LC,0.217975537382954,4.003995338771432,12.422132512069254,8.418137173297822
2020,D7H2C,D,HC,0.313403116899288,-2.577867487930746,11.0957216580656,13.673589145996345
2020,GHC,G,HC,0.349440586101158,-9.577867487930746,8.0957216580656,17.673589145996345
2017,BLC,B,LC,0.0529788967348392,20.306184451473285,11.821042117529544,-8.485142333943742
2019,AHC,A,HC,0.288192357387149,7.003995338771432,6.422132512069254,-0.5818628267021779
2017,DHC,D,HC,0.119717958104912,25.306184451473285,3.8210421175295437,-21.48514233394374
2017,D8H2C,D,HC,0.286923296905242,1.3061844514732854,9.821042117529544,8.514857666056258
2019,MHM,M,HM,0.0627265194886659,16.003995338771432,18.422132512069254,2.418137173297822
2019,D8H2C,D,HC,0.542442852167306,7.003995338771432,6.422132512069254,-0.5818628267021779
2017,NHC,N,HC,0.403190494460372,-5.693815548526715,-3.1789578824704563,2.5148576660562583
2017,D8H2C,D,HC,0.281052982393518,-21.693815548526715,0.8210421175295437,22.51485766605626
2018,JLM,J,LM,0.0238033325278202,0.8210421175295437,-10.996004661228568,-11.817046778758112
2020,NHM,N,HM,0.321364676204391,2.422132512069254,3.0957216580655995,0.6735891459963455
2019,FLM,F,LM,0.0961389467030087,5.003995338771432,-3.577867487930746,-8.581862826702178
2020,OHM,O,HM,0.281648963312091,-15.577867487930746,-9.9042783419344,5.6735891459963455
2020,MHC,M,HC,0.050108555347653,-5.577867487930746,-14.9042783419344,-9.326410854003655
2020,OHC,O,HC,0.161992795712183,-5.577867487930746,11.0957216580656,16.673589145996345
2017,MHC,M,HC,0.264776540486377,1.3061844514732854,-13.178957882470456,-14.485142333943742
2017,ALM,A,LM,0.160076705037091,5.306184451473285,13.821042117529544,8.514857666056258
2018,DLM,D,LM,0.320177094765281,-1.1789578824704563,13.003995338771432,14.182953221241888
2018,BLC,B,LC,0.422621237615226,3.8210421175295437,-2.996004661228568,-6.817046778758112
2017,BLM,B,LM,0.133177891740081,-3.6938155485267146,-11.178957882470456,-7.485142333943742
2018,OLC,O,LC,0.409575214765763,-13.178957882470456,5.003995338771432,18.18295322124189
2017,GHC,G,HC,-0.00561555694578919,0.30618445147328543,-0.1789578824704563,-0.48514233394374173
2019,NLC,N,LC,0.335856947830026,-11.996004661228568,12.422132512069254,24.418137173297822
2020,NHM,N,HM,0.307225624770857,-19.577867487930746,6.0957216580655995,25.673589145996345
2017,FHM,F,HM,0.362175699469231,-8.693815548526715,-3.1789578824704563,5.514857666056258
2017,D8H2C,D,HC,0.228113272990922,-6.693815548526715,-6.178957882470456,0.5148576660562583
2018,AHM,A,HM,0.244339137287016,0.8210421175295437,31.003995338771432,30.18295322124189
2020,FHM,F,HM,0.0989588142742077,-4.577867487930746,3.0957216580655995,7.6735891459963455
2019,BHC,B,HC,0.280745048152672,-17.996004661228568,-9.577867487930746,8.418137173297822
2018,OLM,O,LM,0.155230100193772,2.8210421175295437,6.003995338771432,3.1829532212418883
2018,D1H2C,D,HC,0.247431963305074,-9.178957882470456,4.003995338771432,13.182953221241888
2018,AHC,A,HC,0.251917521038653,-8.178957882470456,8.003995338771432,16.18295322124189
2020,HLM,H,LM,0.109043693606181,-18.577867487930746,0.09572165806559951,18.673589145996345
2019,HHM,H,HM,0.0278266273514318,2.003995338771432,12.422132512069254,10.418137173297822
2017,MLC,M,LC,0.0373885953728263,18.306184451473285,-12.178957882470456,-30.48514233394374
2020,JHC,J,HC,0.0668362447240727,-8.577867487930746,25.0957216580656,33.673589145996345
2018,D8H2C,D,HC,0.377127815991954,-3.1789578824704563,15.003995338771432,18.18295322124189
2020,MHC,M,HC,0.134636332896565,-3.577867487930746,-29.9042783419344,-26.326410854003655
2018,BHM,B,HM,0.347554264960006,0.8210421175295437,11.003995338771432,10.182953221241888
2017,SLM,S,LM,0.408971575577938,1.3061844514732854,-5.178957882470456,-6.485142333943742
2017,DLM,D,LM,0.281934379700188,-20.693815548526715,1.8210421175295437,22.51485766605626
2018,ALC,A,LC,0.331037730537915,-7.178957882470456,-6.996004661228568,0.1829532212418883
2018,AHC,A,HC,0.285312614621558,-7.178957882470456,14.003995338771432,21.18295322124189
2020,JLM,J,LM,0.240773083017531,-3.577867487930746,7.0957216580655995,10.673589145996345
2018,ALM,A,LM,0.332137305254839,-9.178957882470456,7.003995338771432,16.18295322124189
2019,GLC,G,LC,0.287267677568685,-0.996004661228568,-0.5778674879307459,0.4181371732978221
2018,JHM,J,HM,0.449569673298377,2.8210421175295437,-2.996004661228568,-5.817046778758112
2018,HHM,H,HM,0.312441750790079,5.821042117529544,-15.996004661228568,-21.81704677875811
2017,D1H2C,D,HC,0.224007287418107,-7.693815548526715,-13.178957882470456,-5.485142333943742
2019,JHC,J,HC,0.277643091212179,15.003995338771432,-8.577867487930746,-23.581862826702178
2019,TLM,T,LM,0.158462697114908,10.003995338771432,-8.577867487930746,-18.581862826702178
2020,D3H2C,D,HC,0.454546574035789,2.422132512069254,-7.9042783419344005,-10.326410854003655
2020,DLC,D,LC,0.378666293976202,5.422132512069254,-32.9042783419344,-38.326410854003655
2020,GLC,G,LC,0.227581362490133,6.422132512069254,27.0957216580656,20.673589145996345
2017,OHM,O,HM,0.294956971348394,7.306184451473285,0.8210421175295437,-6.485142333943742
2019,GLM,G,LM,0.163045705726034,-4.996004661228568,5.422132512069254,10.418137173297822
2018,HLC,H,LC,0.392974910239898,-11.178957882470456,-8.996004661228568,2.1829532212418883
2020,JLC,J,LC,0.0646466501478056,-3.577867487930746,11.0957216580656,14.673589145996345
2018,BH2C,B,HC,0.0213856775143774,51.821042117529544,1.003995338771432,-50.81704677875811
2018,TLM,T,LM,0.321964776297074,-1.1789578824704563,-9.996004661228568,-8.817046778758112
2019,FHM,F,HM,0.243815745613011,-11.996004661228568,-0.5778674879307459,11.418137173297822
2017,MHM,M,HM,0.236696310508013,-17.693815548526715,-2.1789578824704563,15.514857666056258
2018,SLM,S,LM,0.22955841861937,-8.178957882470456,25.003995338771432,33.18295322124189
2017,JLM,J,LM,0.35982786470656,17.306184451473285,36.821042117529544,19.51485766605626
2019,SHC,S,HC,0.717226067349648,2.003995338771432,-2.577867487930746,-4.581862826702178
2020,HHM,H,HM,0.163577047798858,2.422132512069254,34.0957216580656,31.673589145996345
2018,BHC,B,HC,0.11291253076557,-10.178957882470456,-4.996004661228568,5.182953221241888
2017,GLC,G,LC,0.0583980007961256,4.306184451473285,34.821042117529544,30.51485766605626
2019,BHC,B,HC,0.573551458858492,13.003995338771432,1.422132512069254,-11.581862826702178
2019,ALM,A,LM,0.00353349471638764,-22.996004661228568,-11.577867487930746,11.418137173297822
2020,D1H2C,D,HC,0.464012014003982,-8.577867487930746,5.0957216580655995,13.673589145996345
2017,BLC,B,LC,0.0344030402927265,-25.693815548526715,17.821042117529544,43.51485766605626
2017,SHM,S,HM,0.317385137349287,-10.693815548526715,-10.178957882470456,0.5148576660562583
2020,MHC,M,HC,0.341379739844021,0.42213251206925406,2.0957216580655995,1.6735891459963455
2018,FHM,F,HM,0.187102397554336,-7.178957882470456,-7.996004661228568,-0.8170467787581117
2020,JLM,J,LM,0.507721734992306,-4.577867487930746,-17.9042783419344,-13.326410854003655
2017,MLC,M,LC,0.206365416470136,-12.693815548526715,4.821042117529544,17.51485766605626
2018,OLM,O,LM,0.06960392432017,-23.178957882470456,0.003995338771431989,23.18295322124189
2017,HHC,H,HC,0.266637993827674,20.306184451473285,4.821042117529544,-15.485142333943742
2017,JLM,J,LM,0.364385557979416,7.306184451473285,-1.1789578824704563,-8.485142333943742
2017,SLC,S,LC,0.125469746925682,18.306184451473285,10.821042117529544,-7.485142333943742
2017,DHM,D,HM,0.141878983273985,15.306184451473285,-11.178957882470456,-26.48514233394374
2018,FH2C,F,HC,0.0988835766173268,-3.1789578824704563,-3.996004661228568,-0.8170467787581117
2019,D7H2C,D,HC,0.0334025686062367,35.00399533877143,8.422132512069254,-26.581862826702178
2020,D3H2C,D,HC,0.5247524105446,-1.577867487930746,13.0957216580656,14.673589145996345
2020,MLC,M,LC,0.152896014284402,6.422132512069254,6.0957216580655995,-0.32641085400365455
2020,D1H2C,D,HC,0.449890594312479,0.42213251206925406,3.0957216580655995,2.6735891459963455
2019,AHM,A,HM,0.265653679052383,-10.996004661228568,2.422132512069254,13.418137173297822
2017,BHM,B,HM,0.285625689274643,0.30618445147328543,17.821042117529544,17.51485766605626
2020,GHC,G,HC,0.300355126397238,8.422132512069254,0.09572165806559951,-8.326410854003655
2017,MLM,M,LM,0.0179612727510992,28.306184451473285,41.821042117529544,13.514857666056258
2018,D1H2C,D,HC,0.300045110534776,7.821042117529544,7.003995338771432,-0.8170467787581117
2020,D7H2C,D,HC,0.421668602333388,6.422132512069254,-29.9042783419344,-36.326410854003655
2020,SHC,S,HC,0.350765730828147,-10.577867487930746,-21.9042783419344,-11.326410854003655
2018,FLM,F,LM,0.214675295156911,-5.178957882470456,13.003995338771432,18.18295322124189
2017,FH2C,F,HC,0.0647426541260212,-27.693815548526715,-13.178957882470456,14.514857666056258
2020,SHC,S,HC,0.261259005285769,-2.577867487930746,0.09572165806559951,2.6735891459963455
2020,MHC,M,HC,0.387158804111458,-13.577867487930746,-9.9042783419344,3.6735891459963455
2020,JHM,J,HM,0.350249183355779,-2.577867487930746,1.0957216580655995,3.6735891459963455
2018,MHM,M,HM,0.344270174318918,7.821042117529544,-3.996004661228568,-11.817046778758112
2019,AHM,A,HM,0.287592405073816,-4.996004661228568,-4.577867487930746,0.4181371732978221
2020,AHC,A,HC,0.253525863490901,31.422132512069254,10.0957216580656,-21.326410854003655
2020,D6H2C,D,HC,0.25643422982613,-6.577867487930746,0.09572165806559951,6.6735891459963455
2018,SHM,S,HM,0.274467059055652,46.821042117529544,-10.996004661228568,-57.81704677875811
2018,D2H2C,D,HC,0.500148217801151,-1.1789578824704563,-3.996004661228568,-2.8170467787581117
2017,OLM,O,LM,0.243823873397651,-16.693815548526715,-7.178957882470456,9.514857666056258
2019,OHC,O,HC,0.544610269335044,0.003995338771431989,-3.577867487930746,-3.581862826702178
2017,ALC,A,LC,0.285766842636246,-5.693815548526715,19.821042117529544,25.51485766605626
2019,D5H2C,D,HC,0.421285049626839,11.003995338771432,-5.577867487930746,-16.581862826702178
2017,OHC,O,HC,0.0169311483392405,-26.693815548526715,-7.178957882470456,19.51485766605626
2020,BHC,B,HC,0.526007593099888,-3.577867487930746,31.0957216580656,34.673589145996345
2018,HHM,H,HM,0.254176466607614,4.821042117529544,12.003995338771432,7.182953221241888
2019,JLM,J,LM,0.144251788409107,3.003995338771432,2.422132512069254,-0.5818628267021779
2017,BHM,B,HM,0.270886848222536,-11.693815548526715,-14.178957882470456,-2.4851423339437417
2017,D9H2C,D,HC,0.221505331199829,-4.693815548526715,23.821042117529544,28.51485766605626
2020,NHC,N,HC,0.221982606392754,-15.577867487930746,0.09572165806559951,15.673589145996345
2018,MHC,M,HC,0.163198209227742,16.821042117529544,-15.996004661228568,-32.81704677875811
2020,BLM,B,LM,0.134942360532903,4.422132512069254,6.0957216580655995,1.6735891459963455
2017,ALC,A,LC,0.593041328334489,-12.693815548526715,10.821042117529544,23.51485766605626
2018,D8H2C,D,HC,0.0991685641965148,9.821042117529544,7.003995338771432,-2.8170467787581117
2019,MLC,M,LC,0.189867573541599,1.003995338771432,-1.577867487930746,-2.581862826702178
2020,MLM,M,LM,0.0168247027589816,-19.577867487930746,8.0957216580656,27.673589145996345
2017,BHM,B,HM,0.164207884580969,-1.6938155485267146,-5.178957882470456,-3.4851423339437417
2020,OHM,O,HM,0.327034477045077,7.422132512069254,-14.9042783419344,-22.326410854003655
2019,MLM,M,LM,0.214581103918115,-2.996004661228568,0.42213251206925406,3.418137173297822
2019,AHC,A,HC,0.25208851187604,-11.996004661228568,-5.577867487930746,6.418137173297822
2020,SHC,S,HC,0.0903063559279058,38.422132512069254,15.0957216580656,-23.326410854003655
2019,D6H2C,D,HC,0.228788356817152,7.003995338771432,-5.577867487930746,-12.581862826702178
2020,OHC,O,HC,0.289565420125454,-15.577867487930746,5.0957216580655995,20.673589145996345
2017,JHM,J,HM,0.158615704953569,16.306184451473285,0.8210421175295437,-15.485142333943742
2019,NLM,N,LM,0.227488585122911,6.003995338771432,3.422132512069254,-2.581862826702178
2018,DLM,D,LM,0.121527912407867,-7.178957882470456,20.003995338771432,27.18295322124189
2017,D6H2C,D,HC,0.0315950432302259,-18.693815548526715,-1.1789578824704563,17.51485766605626
2018,FH2C,F,HC,0.156643744371035,-9.178957882470456,-9.996004661228568,-0.8170467787581117
2020,THC,T,HC,0.274550431326207,-6.577867487930746,-3.9042783419344005,2.6735891459963455
2019,FHM,F,HM,0.329592124998946,30.003995338771432,-11.577867487930746,-41.58186282670218
2018,D3H2C,D,HC,0.417476367084775,-4.178957882470456,-17.996004661228568,-13.817046778758112
2018,AHC,A,HC,0.419760561309074,-9.178957882470456,-9.996004661228568,-0.8170467787581117
2020,MLM,M,LM,0.265758129684988,0.42213251206925406,-5.9042783419344005,-6.3264108540036545
2017,SLM,S,LM,0.0286907220327048,6.306184451473285,-8.178957882470456,-14.485142333943742
2017,DHM,D,HM,0.246439585402857,10.306184451473285,-6.178957882470456,-16.48514233394374
2019,OLC,O,LC,0.339642006286844,-14.996004661228568,-14.577867487930746,0.4181371732978221
2017,HLC,H,LC,0.265641815255183,0.30618445147328543,6.821042117529544,6.514857666056258
2018,THC,T,HC,0.672668072337287,7.821042117529544,-4.996004661228568,-12.817046778758112
2018,GLM,G,LM,0.0990680943202418,15.821042117529544,-5.996004661228568,-21.81704677875811
2017,NLM,N,LM,0.222827978316626,1.3061844514732854,-11.178957882470456,-12.485142333943742
2018,ALC,A,LC,0.0794650847440375,-13.178957882470456,11.003995338771432,24.18295322124189
2018,MHM,M,HM,0.21786326886781,-5.178957882470456,-0.996004661228568,4.182953221241888
2018,D7H2C,D,HC,0.106020716943092,-30.178957882470456,14.003995338771432,44.18295322124189
2020,D8H2C,D,HC,0.277164566446538,-4.577867487930746,-24.9042783419344,-20.326410854003655
2019,GHM,G,HM,0.328354389150672,-11.996004661228568,-5.577867487930746,6.418137173297822
2017,MHC,M,HC,0.204092439194631,-17.693815548526715,-6.178957882470456,11.514857666056258
2019,OLC,O,LC,0.220403000351715,-3.996004661228568,-6.577867487930746,-2.581862826702178
2020,MHC,M,HC,0.103167920507875,-5.577867487930746,7.0957216580655995,12.673589145996345
2018,OLM,O,LM,0.401950198220336,0.8210421175295437,19.003995338771432,18.18295322124189
2018,MHC,M,HC,0.324995275544161,22.821042117529544,6.003995338771432,-16.81704677875811
2019,SLM,S,LM,0.037203917543652,7.003995338771432,0.42213251206925406,-6.581862826702178
2020,D3H2C,D,HC,0.43454751670439,-3.577867487930746,-27.9042783419344,-24.326410854003655
2019,AHM,A,HM,0.629281246280587,2.003995338771432,-0.5778674879307459,-2.581862826702178
2019,FLM,F,LM,0.17578551857689,-11.996004661228568,-13.577867487930746,-1.581862826702178
2017,OLM,O,LM,0.278001720239937,-22.693815548526715,10.821042117529544,33.51485766605626
2017,NLM,N,LM,0.258000457780544,8.306184451473285,16.821042117529544,8.514857666056258
2019,OLM,O,LM,0.366718154292036,-1.996004661228568,0.42213251206925406,2.418137173297822
2020,OLC,O,LC,0.488932168967097,-3.577867487930746,6.0957216580655995,9.673589145996345
2017,GHM,G,HM,0.279259172168854,12.306184451473285,9.821042117529544,-2.4851423339437417
2019,BLC,B,LC,0.263867837012101,13.003995338771432,-3.577867487930746,-16.581862826702178
2019,DLC,D,LC,0.3041444217586,5.003995338771432,11.422132512069254,6.418137173297822
2017,SHM,S,HM,0.10898886538876,14.306184451473285,-13.178957882470456,-27.48514233394374
2018,BHC,B,HC,0.178966470142138,-13.178957882470456,34.00399533877143,47.18295322124189
2018,NHM,N,HM,0.159770175320139,-7.178957882470456,-10.996004661228568,-3.8170467787581117
2018,JHC,J,HC,0.0667125896493186,40.821042117529544,31.003995338771432,-9.817046778758112
2018,JLC,J,LC,0.212771461822389,4.821042117529544,-14.996004661228568,-19.81704677875811
2020,ALM,A,LM,0.0133684769464331,-9.577867487930746,9.0957216580656,18.673589145996345
2019,OLC,O,LC,0.42121395555207,0.003995338771431989,-4.577867487930746,-4.581862826702178
2018,MLM,M,LM,0.208099223952913,-12.178957882470456,-14.996004661228568,-2.8170467787581117
2019,DLM,D,LM,0.146504330214347,12.003995338771432,24.422132512069254,12.418137173297822
2017,TLC,T,LC,0.258540696536265,-26.693815548526715,9.821042117529544,36.51485766605626
2018,AHM,A,HM,0.155778488884429,0.8210421175295437,1.003995338771432,0.1829532212418883
2020,DLM,D,LM,0.192643264140954,-2.577867487930746,6.0957216580655995,8.673589145996345
2017,DLC,D,LC,0.04625610604633,1.3061844514732854,0.8210421175295437,-0.48514233394374173
2020,AHC,A,HC,0.505746854602401,12.422132512069254,9.0957216580656,-3.3264108540036545
2018,HHC,H,HC,0.324027056384828,-17.178957882470456,-28.996004661228568,-11.817046778758112
2017,BHC,B,HC,0.475211876191959,-14.693815548526715,-11.178957882470456,3.5148576660562583
2020,TLM,T,LM,0.208188302230151,6.422132512069254,7.0957216580655995,0.6735891459963455
2019,TLM,T,LM,0.204194347164299,-10.996004661228568,3.422132512069254,14.418137173297822
2019,MLC,M,LC,0.0950818335145331,40.00399533877143,25.422132512069254,-14.581862826702178
2018,AHM,A,HM,0.38608563395881,-7.178957882470456,2.003995338771432,9.182953221241888
2020,NLC,N,LC,0.300970192878097,4.422132512069254,-3.9042783419344005,-8.326410854003655
2020,FHC,F,HC,0.27327667053064,35.422132512069254,0.09572165806559951,-35.326410854003655
2018,FLM,F,LM,0.111033749482387,4.821042117529544,-4.996004661228568,-9.817046778758112
2017,OLC,O,LC,0.102416159126056,-0.6938155485267146,-22.178957882470456,-21.48514233394374
2019,SLM,S,LM,0.10214508292474,-1.996004661228568,-3.577867487930746,-1.581862826702178
2018,NHM,N,HM,0.0804146977105669,4.821042117529544,-2.996004661228568,-7.817046778758112
2018,MLC,M,LC,0.34852635529331,-6.178957882470456,-4.996004661228568,1.1829532212418883
2020,AHC,A,HC,0.376693853320284,-3.577867487930746,14.0957216580656,17.673589145996345
2020,HLM,H,LM,0.3514419215051,-2.577867487930746,7.0957216580655995,9.673589145996345
2017,GLC,G,LC,0.205601655206654,0.30618445147328543,-1.1789578824704563,-1.4851423339437417
2017,D7H2C,D,HC,0.244956625620681,14.306184451473285,-2.1789578824704563,-16.48514233394374
2018,MLC,M,LC,0.247763982519816,-14.178957882470456,7.003995338771432,21.18295322124189
2018,D5H2C,D,HC,0.0102058359869373,-0.1789578824704563,11.003995338771432,11.182953221241888
2017,GHM,G,HM,0.2164794208969,-3.6938155485267146,-13.178957882470456,-9.485142333943742
2017,ALC,A,LC,0.348734448712406,18.306184451473285,-7.178957882470456,-25.48514233394374
2019,NHM,N,HM,0.219270706813556,13.003995338771432,4.422132512069254,-8.581862826702178
2019,BH2C,B,HC,0.409318464550059,0.003995338771431989,-8.577867487930746,-8.581862826702178
2017,HHM,H,HM,0.207253863288559,-11.693815548526715,-7.178957882470456,4.514857666056258
2019,SLM,S,LM,0.171041214276662,12.003995338771432,-3.577867487930746,-15.581862826702178
2017,BHC,B,HC,0.519891817569964,6.306184451473285,-7.178957882470456,-13.485142333943742
2020,BHM,B,HM,0.234697379895008,-14.577867487930746,-0.9042783419344005,13.673589145996345
2018,DLM,D,LM,0.443707631111014,-1.1789578824704563,7.003995338771432,8.182953221241888
2018,AHC,A,HC,0.508659788695773,0.8210421175295437,4.003995338771432,3.1829532212418883
2017,D7H2C,D,HC,0.0952241821767116,15.306184451473285,-22.178957882470456,-37.48514233394374
2019,SLC,S,LC,0.750936936035028,7.003995338771432,37.422132512069254,30.418137173297822
2020,BLC,B,LC,0.213543432732492,-15.577867487930746,-29.9042783419344,-14.326410854003655
2020,D5H2C,D,HC,0.217781569909748,5.422132512069254,9.0957216580656,3.6735891459963455
2017,D4H2C,D,HC,0.353803726639014,-7.693815548526715,-13.178957882470456,-5.485142333943742
2020,DLM,D,LM,0.257150359678686,-13.577867487930746,-2.9042783419344005,10.673589145996345
2019,AHC,A,HC,0.282997482013327,18.003995338771432,-16.577867487930746,-34.58186282670218
2019,THC,T,HC,0.727639440073426,0.003995338771431989,2.422132512069254,2.418137173297822
2019,D3H2C,D,HC,0.437839770755492,-10.996004661228568,8.422132512069254,19.418137173297822
2017,GLC,G,LC,0.26326676784111,3.3061844514732854,-6.178957882470456,-9.485142333943742
2018,NHM,N,HM,-0.00875520086173309,5.821042117529544,20.003995338771432,14.182953221241888
2018,GHC,G,HC,0.277513614899399,13.821042117529544,-16.996004661228568,-30.81704677875811
2017,HHM,H,HM,0.529628177997482,-4.693815548526715,-0.1789578824704563,4.514857666056258
2020,MLM,M,LM,0.194068086802055,24.422132512069254,1.0957216580655995,-23.326410854003655
2020,OLC,O,LC,0.196374056298709,-20.577867487930746,0.09572165806559951,20.673589145996345
2019,HHC,H,HC,0.624860664356334,-6.996004661228568,-9.577867487930746,-2.581862826702178
2019,D8H2C,D,HC,0.354590532466046,-27.996004661228568,-7.577867487930746,20.418137173297822
2020,GHM,G,HM,0.24884726871387,-2.577867487930746,8.0957216580656,10.673589145996345
2017,MLC,M,LC,0.242387161419887,3.3061844514732854,-19.178957882470456,-22.48514233394374
2017,OHM,O,HM,0.29082087709453,-23.693815548526715,-13.178957882470456,10.514857666056258
2019,DHM,D,HM,0.0290641407018601,7.003995338771432,12.422132512069254,5.418137173297822
2020,GHM,G,HM,0.220143693620677,-15.577867487930746,20.0957216580656,35.673589145996345
2017,JLM,J,LM,0.437005222410845,-3.6938155485267146,24.821042117529544,28.51485766605626
2020,SLM,S,LM,0.326992445949249,1.422132512069254,16.0957216580656,14.673589145996345
2018,HHM,H,HM,0.137051410924355,-0.1789578824704563,-10.996004661228568,-10.817046778758112
2020,NHC,N,HC,0.301091121200241,-3.577867487930746,12.0957216580656,15.673589145996345
2020,BH2C,B,HC,0.324104979252262,-8.577867487930746,0.09572165806559951,8.673589145996345
2020,ALM,A,LM,0.162244637853249,2.422132512069254,2.0957216580655995,-0.32641085400365455
2017,MHM,M,HM,0.0927093864644406,-2.6938155485267146,-8.178957882470456,-5.485142333943742
2017,HHC,H,HC,0.281327084717499,-11.693815548526715,46.821042117529544,58.51485766605626
2020,ALC,A,LC,0.20509808753532,-17.577867487930746,16.0957216580656,33.673589145996345
2017,OHM,O,HM,0.321405910530549,0.30618445147328543,-21.178957882470456,-21.48514233394374
2017,HLM,H,LM,0.273925004780972,6.306184451473285,-1.1789578824704563,-7.485142333943742
2018,HLC,H,LC,0.613549409822424,-7.178957882470456,44.00399533877143,51.18295322124189
2019,ALC,A,LC,0.453068610634399,7.003995338771432,-23.577867487930746,-30.581862826702178
2019,OHC,O,HC,0.486121853159931,-15.996004661228568,0.42213251206925406,16.418137173297822
2019,MHC,M,HC,0.351393064164275,21.003995338771432,-1.577867487930746,-22.581862826702178
2020,DLM,D,LM,0.454363838597848,-8.577867487930746,-2.9042783419344005,5.6735891459963455
2017,SHM,S,HM,0.217126408437232,-20.693815548526715,-7.178957882470456,13.514857666056258
2020,ALM,A,LM,0.386456528032604,-4.577867487930746,-17.9042783419344,-13.326410854003655
2020,OLM,O,LM,0.261563169097071,1.422132512069254,15.0957216580656,13.673589145996345
2017,D4H2C,D,HC,0.445343986888143,13.306184451473285,-6.178957882470456,-19.48514233394374
2020,GHM,G,HM,0.354796828622249,-12.577867487930746,-23.9042783419344,-11.326410854003655
2018,DLM,D,LM,0.466041352011525,-7.178957882470456,4.003995338771432,11.182953221241888
2017,DLC,D,LC,0.155869736433494,-7.693815548526715,-7.178957882470456,0.5148576660562583
2020,D2H2C,D,HC,0.102804344218915,18.422132512069254,-5.9042783419344005,-24.326410854003655
2019,FLM,F,LM,0.287821042934373,-19.996004661228568,-7.577867487930746,12.418137173297822
2020,DLM,D,LM,0.212714668629141,2.422132512069254,2.0957216580655995,-0.32641085400365455
2020,SLC,S,LC,0.114066412098045,-0.5778674879307459,8.0957216580656,8.673589145996345
2018,JLM,J,LM,0.179493366299661,22.821042117529544,19.003995338771432,-3.8170467787581117
2019,TLM,T,LM,-0.0351249339048911,-5.996004661228568,0.42213251206925406,6.418137173297822
2019,NHC,N,HC,0.27808872484469,-28.996004661228568,27.422132512069254,56.41813717329782
2020,OHC,O,HC,0.400995313130491,-7.577867487930746,-0.9042783419344005,6.6735891459963455
2018,OLC,O,LC,0.338588965860623,-7.178957882470456,-6.996004661228568,0.1829532212418883
2020,D7H2C,D,HC,0.343459977175864,6.422132512069254,-32.9042783419344,-39.326410854003655
2020,ALM,A,LM,0.264529952591877,-10.577867487930746,-0.9042783419344005,9.673589145996345
2018,GLC,G,LC,0.200069037506473,4.821042117529544,9.003995338771432,4.182953221241888
2020,NHC,N,HC,0.368824193591868,-1.577867487930746,-0.9042783419344005,0.6735891459963455
2018,OLC,O,LC,0.419607258683458,-15.178957882470456,12.003995338771432,27.18295322124189
2020,MLC,M,LC,0.131714155567647,-7.577867487930746,0.09572165806559951,7.6735891459963455
2017,MHM,M,HM,0.276395348207078,-21.693815548526715,41.821042117529544,63.51485766605626
2019,JHC,J,HC,0.523777002807035,-7.996004661228568,11.422132512069254,19.418137173297822
2019,GLC,G,LC,0.350973223660221,1.003995338771432,-11.577867487930746,-12.581862826702178
2019,NHC,N,HC,0.631741740603107,-15.996004661228568,7.422132512069254,23.418137173297822
2019,AHM,A,HM,0.540307969531727,0.003995338771431989,-11.577867487930746,-11.581862826702178
2018,OHM,O,HM,0.29019204632119,0.8210421175295437,15.003995338771432,14.182953221241888
2017,GLM,G,LM,0.281472729660799,0.30618445147328543,10.821042117529544,10.514857666056258
2019,HHC,H,HC,0.43628764270656,-4.996004661228568,-11.577867487930746,-6.581862826702178
2019,MLM,M,LM,0.122681337337469,-4.996004661228568,-2.577867487930746,2.418137173297822
2018,SLC,S,LC,0.171230987656102,-1.1789578824704563,7.003995338771432,8.182953221241888
2019,D8H2C,D,HC,0.448125710296547,14.003995338771432,-3.577867487930746,-17.581862826702178
2020,OLM,O,LM,0.301202588113212,6.422132512069254,-18.9042783419344,-25.326410854003655
2019,GHM,G,HM,0.125999124831967,-7.996004661228568,3.422132512069254,11.418137173297822
2018,GLC,G,LC,0.16720647132279,-1.1789578824704563,1.003995338771432,2.1829532212418883
2020,D7H2C,D,HC,0.11824260585876,-5.577867487930746,-17.9042783419344,-12.326410854003655
2020,JLC,J,LC,0.131003331445308,12.422132512069254,16.0957216580656,3.6735891459963455
2018,MLM,M,LM,0.0239159558349447,-19.178957882470456,-2.996004661228568,16.18295322124189
2017,MHM,M,HM,0.39443908214276,-3.6938155485267146,21.821042117529544,25.51485766605626
2019,GLC,G,LC,0.267592827837105,1.003995338771432,15.422132512069254,14.418137173297822
2018,D1H2C,D,HC,0.338201210293456,8.821042117529544,-2.996004661228568,-11.817046778758112
2019,JLC,J,LC,0.368514521667267,-3.996004661228568,-9.577867487930746,-5.581862826702178
2020,BHC,B,HC,0.313083912089736,3.422132512069254,12.0957216580656,8.673589145996345
2018,TLM,T,LM,0.220096411687367,-7.178957882470456,0.003995338771431989,7.182953221241888
2019,MHM,M,HM,0.295337733478118,-8.996004661228568,-6.577867487930746,2.418137173297822
2019,BHM,B,HM,0.158562872245844,-2.996004661228568,-9.577867487930746,-6.581862826702178
2017,ALC,A,LC,0.190303326107523,1.3061844514732854,-12.178957882470456,-13.485142333943742
2019,BHC,B,HC,0.312838536303707,2.003995338771432,24.422132512069254,22.418137173297822
2019,NHM,N,HM,0.409662071527394,-6.996004661228568,-4.577867487930746,2.418137173297822
2017,DLC,D,LC,0.323770494113955,3.3061844514732854,-1.1789578824704563,-4.485142333943742
2020,MHC,M,HC,0.290916981078329,-12.577867487930746,-12.9042783419344,-0.32641085400365455
2017,ALC,A,LC,0.374859566949951,0.30618445147328543,-18.178957882470456,-18.48514233394374
2020,FHC,F,HC,0.29947370897757,-5.577867487930746,8.0957216580656,13.673589145996345
2018,NHM,N,HM,0.306418918106557,-9.178957882470456,1.003995338771432,10.182953221241888
2020,OHC,O,HC,0.188402180410168,9.422132512069254,1.0957216580655995,-8.326410854003655
2020,SHM,S,HM,0.0987088862499479,-11.577867487930746,-7.9042783419344005,3.6735891459963455
2017,BH2C,B,HC,0.0850779913365982,-7.693815548526715,-9.178957882470456,-1.4851423339437417
2019,AHM,A,HM,0.135654994413406,15.003995338771432,6.422132512069254,-8.581862826702178
2017,MLC,M,LC,0.180821878302074,6.306184451473285,-1.1789578824704563,-7.485142333943742
2020,BHM,B,HM,0.285261883066394,-5.577867487930746,0.09572165806559951,5.6735891459963455
2017,BLM,B,LM,0.395113479317787,0.30618445147328543,-6.178957882470456,-6.485142333943742
2019,BHC,B,HC,0.364386101949301,-0.996004661228568,-5.577867487930746,-4.581862826702178
2019,DLC,D,LC,0.021497846950834,7.003995338771432,0.42213251206925406,-6.581862826702178
2017,D8H2C,D,HC,0.322194235737454,-3.6938155485267146,-0.1789578824704563,3.5148576660562583
2020,MHC,M,HC,0.469119968986427,4.422132512069254,-14.9042783419344,-19.326410854003655
2020,SHM,S,HM,0.23568042837258,-6.577867487930746,13.0957216580656,19.673589145996345
2018,NHM,N,HM,0.216934292308687,20.821042117529544,-4.996004661228568,-25.81704677875811
2019,AHC,A,HC,0.0817582270707082,10.003995338771432,6.422132512069254,-3.581862826702178
2020,BH2C,B,HC,0.296605661736846,-16.577867487930746,-1.9042783419344005,14.673589145996345
2018,TLM,T,LM,0.11283687330544,35.821042117529544,8.003995338771432,-27.81704677875811
2019,NLC,N,LC,0.633644643027792,-1.996004661228568,-8.577867487930746,-6.581862826702178
2020,D8H2C,D,HC,0.550825857969909,9.422132512069254,36.0957216580656,26.673589145996345
2020,D7H2C,D,HC,0.148045497226408,2.422132512069254,1.0957216580655995,-1.3264108540036545
2018,FHC,F,HC,0.0348144238778565,-13.178957882470456,-0.996004661228568,12.182953221241888
2019,HLC,H,LC,0.472950805186097,1.003995338771432,-8.577867487930746,-9.581862826702178
2020,OLC,O,LC,0.274519758387846,23.422132512069254,4.0957216580655995,-19.326410854003655
2019,MHC,M,HC,0.236784940868796,-9.996004661228568,-2.577867487930746,7.418137173297822
2020,AHM,A,HM,0.0923833426896641,-7.577867487930746,-21.9042783419344,-14.326410854003655
2017,GLC,G,LC,0.296311350123909,19.306184451473285,-1.1789578824704563,-20.48514233394374
2020,D7H2C,D,HC,0.329259154168501,14.422132512069254,4.0957216580655995,-10.326410854003655
2019,AHM,A,HM,0.276182358809479,-4.996004661228568,11.422132512069254,16.418137173297822
2020,D4H2C,D,HC,0.403092071220984,0.42213251206925406,-10.9042783419344,-11.326410854003655
2018,MLM,M,LM,0.0236557682791638,45.821042117529544,-15.996004661228568,-61.81704677875811
2020,NHM,N,HM,0.331025369760706,3.422132512069254,-1.9042783419344005,-5.3264108540036545
2017,FHC,F,HC,0.276791210840508,12.306184451473285,-11.178957882470456,-23.48514233394374
2019,OLM,O,LM,0.305566160906375,-3.996004661228568,-30.577867487930746,-26.581862826702178
2020,TLM,T,LM,0.103146652100659,14.422132512069254,-7.9042783419344005,-22.326410854003655
2020,NHM,N,HM,0.196528967200445,-20.577867487930746,8.0957216580656,28.673589145996345
2020,SHM,S,HM,0.396208494768364,-3.577867487930746,-1.9042783419344005,1.6735891459963455
2019,OLC,O,LC,0.318737753740856,19.003995338771432,1.422132512069254,-17.581862826702178
2017,D1H2C,D,HC,0.209253269771462,-4.693815548526715,-13.178957882470456,-8.485142333943742
2020,NHM,N,HM,0.215372848294415,-5.577867487930746,0.09572165806559951,5.6735891459963455
2018,OHC,O,HC,0.223074786021368,-8.178957882470456,2.003995338771432,10.182953221241888
2019,NLC,N,LC,0.320472081473287,-4.996004661228568,-30.577867487930746,-25.581862826702178
2018,OHC,O,HC,0.22753968611742,-3.1789578824704563,-21.996004661228568,-18.81704677875811
2020,D2H2C,D,HC,0.246207798187129,0.42213251206925406,7.0957216580655995,6.6735891459963455
2017,D6H2C,D,HC,0.404325562286897,-22.693815548526715,18.821042117529544,41.51485766605626
2017,JLM,J,LM,0.306573576392563,-7.693815548526715,30.821042117529544,38.51485766605626
2017,DLM,D,LM,0.312768511730147,-5.693815548526715,1.8210421175295437,7.514857666056258
2018,OLC,O,LC,0.320323270496806,-4.178957882470456,-16.996004661228568,-12.817046778758112
2017,JLM,J,LM,0.404130277710558,-4.693815548526715,-1.1789578824704563,3.5148576660562583
2020,BHM,B,HM,0.416423985680937,-12.577867487930746,-23.9042783419344,-11.326410854003655
2017,OLC,O,LC,0.297855943069117,18.306184451473285,24.821042117529544,6.514857666056258
2019,NHC,N,HC,0.431131663419802,-10.996004661228568,-10.577867487930746,0.4181371732978221
2020,D4H2C,D,HC,0.207432940762895,1.422132512069254,3.0957216580655995,1.6735891459963455
2018,MLC,M,LC,0.399307754012979,-3.1789578824704563,2.003995338771432,5.182953221241888
2020,ALM,A,LM,0.741363211203699,-6.577867487930746,-22.9042783419344,-16.326410854003655
2019,OLM,O,LM,0.0934289507167922,-4.996004661228568,-5.577867487930746,-0.5818628267021779
2017,SHC,S,HC,0.474368728337955,-3.6938155485267146,-3.1789578824704563,0.5148576660562583
2019,NLC,N,LC,0.258256718692168,-9.996004661228568,-23.577867487930746,-13.581862826702178
2019,SHM,S,HM,0.117398633713008,-17.996004661228568,-11.577867487930746,6.418137173297822
2019,GHM,G,HM,0.216151906696891,-4.996004661228568,-17.577867487930746,-12.581862826702178
2019,DHC,D,HC,0.369913976592407,2.003995338771432,9.422132512069254,7.418137173297822
2020,D1H2C,D,HC,0.191646958044753,-5.577867487930746,10.0957216580656,15.673589145996345
2020,OHM,O,HM,0.454522792233803,-8.577867487930746,-2.9042783419344005,5.6735891459963455
2019,NLC,N,LC,0.249039351614117,-10.996004661228568,1.422132512069254,12.418137173297822
2020,D6H2C,D,HC,0.353037969420359,12.422132512069254,12.0957216580656,-0.32641085400365455
2019,THC,T,HC,0.185001851663973,7.003995338771432,31.422132512069254,24.418137173297822
2019,JLM,J,LM,0.176231360262611,7.003995338771432,3.422132512069254,-3.581862826702178
2018,SHM,S,HM,0.206449606810802,22.821042117529544,19.003995338771432,-3.8170467787581117
2020,D7H2C,D,HC,0.132027914094912,-16.577867487930746,40.0957216580656,56.673589145996345
2020,OHC,O,HC,0.351524038504287,14.422132512069254,-9.9042783419344,-24.326410854003655
2018,ALM,A,LM,0.297211603622367,-7.178957882470456,3.003995338771432,10.182953221241888
2018,DLC,D,LC,0.324768438617476,3.8210421175295437,8.003995338771432,4.182953221241888
2018,BHC,B,HC,0.386651629475301,-7.178957882470456,-18.996004661228568,-11.817046778758112
2019,AHM,A,HM,0.0161373396077464,-10.996004661228568,0.42213251206925406,11.418137173297822
2017,OLM,O,LM,0.185146802277745,-11.693815548526715,-4.178957882470456,7.514857666056258
2018,BLM,B,LM,0.436495527209122,-4.178957882470456,-17.996004661228568,-13.817046778758112
2020,HHC,H,HC,0.214301392646046,-7.577867487930746,12.0957216580656,19.673589145996345
2020,JLM,J,LM,0.402914757361088,-5.577867487930746,7.0957216580655995,12.673589145996345
2018,JLM,J,LM,0.278130636989177,34.821042117529544,15.003995338771432,-19.81704677875811
2019,FLC,F,LC,0.148124281982523,37.00399533877143,1.422132512069254,-35.58186282670218
2020,TLC,T,LC,0.0974936857587791,34.422132512069254,-9.9042783419344,-44.326410854003655
2018,DLM,D,LM,0.230968423099729,-7.178957882470456,27.003995338771432,34.18295322124189
2017,BH2C,B,HC,0.570742816346713,6.306184451473285,-13.178957882470456,-19.48514233394374
2017,MLC,M,LC,0.245201451546011,-39.693815548526715,12.821042117529544,52.51485766605626
2020,SHM,S,HM,0.261184586764018,-16.577867487930746,-25.9042783419344,-9.326410854003655
2017,NLM,N,LM,0.0219688815224108,18.306184451473285,-3.1789578824704563,-21.48514233394374
2019,GHC,G,HC,0.525720710423951,12.003995338771432,2.422132512069254,-9.581862826702178
2018,FHC,F,HC,0.0269183623374113,52.821042117529544,-16.996004661228568,-69.81704677875811
2018,MHC,M,HC,0.552593838567857,-6.178957882470456,-1.996004661228568,4.182953221241888
2017,TLC,T,LC,0.374406028809198,-6.693815548526715,2.8210421175295437,9.514857666056258
2020,GHM,G,HM,0.477165386643063,5.422132512069254,-4.9042783419344005,-10.326410854003655
2017,D1H2C,D,HC,0.281409567878648,10.306184451473285,-11.178957882470456,-21.48514233394374
2017,FLC,F,LC,0.224775590594904,1.3061844514732854,-19.178957882470456,-20.48514233394374
2019,FLC,F,LC,0.228442911027644,1.003995338771432,-10.577867487930746,-11.581862826702178
2017,D3H2C,D,HC,0.366236016346646,10.306184451473285,6.821042117529544,-3.4851423339437417
2018,OLM,O,LM,-0.010532083816408,40.821042117529544,1.003995338771432,-39.81704677875811
2018,AHC,A,HC,0.314400491347282,23.821042117529544,-10.996004661228568,-34.81704677875811
2018,MHC,M,HC,0.262589911341088,-11.178957882470456,-9.996004661228568,1.1829532212418883
2020,FLM,F,LM,0.233373401950085,-4.577867487930746,6.0957216580655995,10.673589145996345
2018,ALC,A,LC,0.243499629253286,-3.1789578824704563,10.003995338771432,13.182953221241888
2018,FHC,F,HC,0.341974855048735,-10.178957882470456,-10.996004661228568,-0.8170467787581117
2018,D8H2C,D,HC,0.135478529499103,-1.1789578824704563,-26.996004661228568,-25.81704677875811
2017,JHC,J,HC,0.242163580006213,2.3061844514732854,9.821042117529544,7.514857666056258
2017,DHM,D,HM,0.140318775685036,4.306184451473285,-19.178957882470456,-23.48514233394374
2018,D3H2C,D,HC,0.188137825263488,-10.178957882470456,2.003995338771432,12.182953221241888
2020,FHM,F,HM,0.261781029412894,7.422132512069254,-9.9042783419344,-17.326410854003655
2019,D8H2C,D,HC,0.422563917027142,-7.996004661228568,-30.577867487930746,-22.581862826702178
2017,SLM,S,LM,0.292597022674515,-4.693815548526715,-7.178957882470456,-2.4851423339437417
2019,D1H2C,D,HC,0.297050428089588,-10.996004661228568,-0.5778674879307459,10.418137173297822
2020,OLM,O,LM,0.35911367984212,-18.577867487930746,5.0957216580655995,23.673589145996345
2017,AHC,A,HC,0.147851645883776,11.306184451473285,-9.178957882470456,-20.48514233394374
2019,OLC,O,LC,0.197838963555587,1.003995338771432,-0.5778674879307459,-1.581862826702178
2019,HHC,H,HC,0.497796010991583,-12.996004661228568,-14.577867487930746,-1.581862826702178
2019,SLC,S,LC,0.236698517350882,-13.996004661228568,-10.577867487930746,3.418137173297822
2018,MLM,M,LM,0.38497044232716,8.821042117529544,-20.996004661228568,-29.81704677875811
2017,DHC,D,HC,0.272508847276689,9.306184451473285,-6.178957882470456,-15.485142333943742
2020,OHC,O,HC,0.177696716331161,-7.577867487930746,-33.9042783419344,-26.326410854003655
2019,HHC,H,HC,0.419426023607435,-23.996004661228568,-19.577867487930746,4.418137173297822
2017,D7H2C,D,HC,0.111169939100035,12.306184451473285,-6.178957882470456,-18.48514233394374
2018,D8H2C,D,HC,0.255891493492002,15.821042117529544,20.003995338771432,4.182953221241888
2020,D8H2C,D,HC,0.06425271241235,1.422132512069254,4.0957216580655995,2.6735891459963455
2019,MHC,M,HC,0.166297961323459,-7.996004661228568,-16.577867487930746,-8.581862826702178
2017,FLC,F,LC,0.381997795581576,4.306184451473285,-2.1789578824704563,-6.485142333943742
2019,D5H2C,D,HC,0.170773435140127,0.003995338771431989,7.422132512069254,7.418137173297822
2018,FLM,F,LM,0.207282883104144,-0.1789578824704563,-4.996004661228568,-4.817046778758112
2020,SLC,S,LC,0.189608276648545,-1.577867487930746,1.0957216580655995,2.6735891459963455
2020,FLM,F,LM,0.181882640391729,-11.577867487930746,19.0957216580656,30.673589145996345
2019,D1H2C,D,HC,0.315036894177434,-4.996004661228568,-5.577867487930746,-0.5818628267021779
2020,NHM,N,HM,0.162800749386442,-1.577867487930746,-1.9042783419344005,-0.32641085400365455
2017,DHC,D,HC,0.149981331959976,6.306184451473285,-9.178957882470456,-15.485142333943742
2017,D1H2C,D,HC,0.217266389412358,24.306184451473285,-7.178957882470456,-31.48514233394374
2020,SLC,S,LC,0.142243874565275,-0.5778674879307459,2.0957216580655995,2.6735891459963455
2018,D8H2C,D,HC,0.160155523215087,-1.1789578824704563,21.003995338771432,22.18295322124189
2018,HLM,H,LM,0.150014676553874,-4.178957882470456,1.003995338771432,5.182953221241888
2017,HHM,H,HM,0.321460043263933,3.3061844514732854,-6.178957882470456,-9.485142333943742
2019,GHM,G,HM,0.119979894203156,31.003995338771432,-1.577867487930746,-32.58186282670218
2020,FH2C,F,HC,0.323240785221344,9.422132512069254,1.0957216580655995,-8.326410854003655
2020,OLC,O,LC,0.299427363332988,5.422132512069254,0.09572165806559951,-5.3264108540036545
2019,FLC,F,LC,0.0569386893632229,29.003995338771432,-3.577867487930746,-32.58186282670218
2018,SHM,S,HM,0.423912996321573,19.821042117529544,-9.996004661228568,-29.81704677875811
2019,SHM,S,HM,0.184180755939003,-4.996004661228568,0.42213251206925406,5.418137173297822
2017,FH2C,F,HC,0.0212869458254963,-5.693815548526715,7.821042117529544,13.514857666056258
2020,SHC,S,HC,0.159629654620659,42.422132512069254,7.0957216580655995,-35.326410854003655
2020,AHM,A,HM,0.334746889926223,6.422132512069254,12.0957216580656,5.6735891459963455
2017,NLC,N,LC,0.437078198710154,4.306184451473285,-9.178957882470456,-13.485142333943742
2018,AHM,A,HM,0.112141258731029,52.821042117529544,0.003995338771431989,-52.81704677875811
2019,NHM,N,HM,0.219444475712913,-5.996004661228568,-9.577867487930746,-3.581862826702178
2019,HLM,H,LM,0.533501010217375,18.003995338771432,8.422132512069254,-9.581862826702178
2018,FLC,F,LC,0.550411141659042,-7.178957882470456,2.003995338771432,9.182953221241888
2019,NHM,N,HM,0.190088657027053,9.003995338771432,2.422132512069254,-6.581862826702178
2018,NHM,N,HM,0.528452052029946,-7.178957882470456,-9.996004661228568,-2.8170467787581117
2019,NHM,N,HM,0.221307322100703,-26.996004661228568,-4.577867487930746,22.418137173297822
2019,D5H2C,D,HC,0.533219772189207,-3.996004661228568,6.422132512069254,10.418137173297822
2019,D3H2C,D,HC,0.418127939280856,-6.996004661228568,7.422132512069254,14.418137173297822
2019,GLM,G,LM,0.266322421437532,11.003995338771432,-11.577867487930746,-22.581862826702178
2020,SHM,S,HM,0.519035908737743,-6.577867487930746,6.0957216580655995,12.673589145996345
2017,SHC,S,HC,0.10892093537914,-8.693815548526715,0.8210421175295437,9.514857666056258
2020,OLC,O,LC,0.185529410554182,-7.577867487930746,24.0957216580656,31.673589145996345
2019,MLC,M,LC,0.175255942943212,-9.996004661228568,38.422132512069254,48.41813717329782
2020,SLM,S,LM,0.131988339729543,6.422132512069254,0.09572165806559951,-6.3264108540036545
2017,NLC,N,LC,0.0761489308824581,28.306184451473285,-0.1789578824704563,-28.48514233394374
2018,D4H2C,D,HC,0.242957944404553,-5.178957882470456,-5.996004661228568,-0.8170467787581117
2020,HHM,H,HM,0.277216582602638,6.422132512069254,-5.9042783419344005,-12.326410854003655
2018,FH2C,F,HC,0.178741311770767,8.821042117529544,-9.996004661228568,-18.81704677875811
2019,THC,T,HC,0.176684048898956,-11.996004661228568,-17.577867487930746,-5.581862826702178
2019,FH2C,F,HC,0.479830319553206,2.003995338771432,-7.577867487930746,-9.581862826702178
2018,D3H2C,D,HC,0.500653183007096,-3.1789578824704563,-10.996004661228568,-7.817046778758112
2019,NHC,N,HC,0.314016551322734,-8.996004661228568,13.422132512069254,22.418137173297822
2019,HHC,H,HC,0.325785833233514,-9.996004661228568,-13.577867487930746,-3.581862826702178
2020,D7H2C,D,HC,0.105612621850231,8.422132512069254,0.09572165806559951,-8.326410854003655
2019,OLM,O,LM,0.194171718074071,17.003995338771432,2.422132512069254,-14.581862826702178
2019,FHC,F,HC,0.434396509038999,-25.996004661228568,7.422132512069254,33.41813717329782
2019,HHC,H,HC,0.516011641010798,3.003995338771432,-4.577867487930746,-7.581862826702178
2018,NHM,N,HM,0.188028039991103,-1.1789578824704563,-6.996004661228568,-5.817046778758112
2019,BHC,B,HC,0.170974991203504,8.003995338771432,18.422132512069254,10.418137173297822
2020,FLC,F,LC,0.308300624264031,7.422132512069254,2.0957216580655995,-5.3264108540036545
2020,GHC,G,HC,0.436756493676275,0.42213251206925406,23.0957216580656,22.673589145996345
2019,MHC,M,HC,0.320716037745953,-3.996004661228568,-5.577867487930746,-1.581862826702178
2020,TLC,T,LC,0.132218873087609,16.422132512069254,-11.9042783419344,-28.326410854003655
2019,AHM,A,HM,0.25147295111513,-2.996004661228568,-11.577867487930746,-8.581862826702178
2018,D5H2C,D,HC,0.107552572643498,-6.178957882470456,1.003995338771432,7.182953221241888
2019,MLC,M,LC,0.500387622823342,-8.996004661228568,-16.577867487930746,-7.581862826702178
2019,BHM,B,HM,0.468229036969449,7.003995338771432,-5.577867487930746,-12.581862826702178
2019,GHM,G,HM,0.21538018079823,1.003995338771432,-3.577867487930746,-4.581862826702178
2020,NHC,N,HC,0.0622379776316981,11.422132512069254,6.0957216580655995,-5.3264108540036545
2020,BLC,B,LC,-0.0127956406078367,33.422132512069254,7.0957216580655995,-26.326410854003655
2017,MHC,M,HC,0.0926827158971343,46.306184451473285,-11.178957882470456,-57.48514233394374
2017,OHC,O,HC,0.413291123899982,-6.693815548526715,-1.1789578824704563,5.514857666056258
2019,BH2C,B,HC,0.278961796035281,16.003995338771432,-5.577867487930746,-21.581862826702178
2017,TLC,T,LC,0.0732359090311694,-11.693815548526715,-5.178957882470456,6.514857666056258
2020,D8H2C,D,HC,0.351293377604644,-8.577867487930746,-36.9042783419344,-28.326410854003655
2018,GLC,G,LC,-0.0123773984474527,35.821042117529544,-2.996004661228568,-38.81704677875811
2019,D8H2C,D,HC,0.614866360634971,16.003995338771432,0.42213251206925406,-15.581862826702178
2019,SHC,S,HC,0.417851714327752,3.003995338771432,-1.577867487930746,-4.581862826702178
2018,D1H2C,D,HC,0.328023127535072,-2.1789578824704563,-28.996004661228568,-26.81704677875811
2020,BHC,B,HC,0.158571749321183,2.422132512069254,6.0957216580655995,3.6735891459963455
2018,FLC,F,LC,0.338099261585535,-1.1789578824704563,-5.996004661228568,-4.817046778758112
2020,DHC,D,HC,0.0485015043597088,6.422132512069254,8.0957216580656,1.6735891459963455
2018,MLM,M,LM,0.215848075414309,-15.178957882470456,7.003995338771432,22.18295322124189
2018,DLC,D,LC,0.293686993986547,-4.178957882470456,33.00399533877143,37.18295322124189
2020,D5H2C,D,HC,0.305541060662658,7.422132512069254,-7.9042783419344005,-15.326410854003655
2017,HLC,H,LC,0.289091219934161,-5.693815548526715,0.8210421175295437,6.514857666056258
2017,NLM,N,LM,0.236886824476058,-1.6938155485267146,11.821042117529544,13.514857666056258
2018,GLC,G,LC,0.0397790184712277,-1.1789578824704563,-10.996004661228568,-9.817046778758112
2019,FLC,F,LC,0.319567062689588,19.003995338771432,-1.577867487930746,-20.581862826702178
2020,GLC,G,LC,0.367171238384903,-0.5778674879307459,6.0957216580655995,6.6735891459963455
2017,GHC,G,HC,0.0252129041735309,-15.693815548526715,-12.178957882470456,3.5148576660562583
2018,GHC,G,HC,0.0895772157090006,-13.178957882470456,-15.996004661228568,-2.8170467787581117
2019,ALC,A,LC,0.399986647597498,12.003995338771432,12.422132512069254,0.4181371732978221
2017,SLM,S,LM,0.252483432301891,3.3061844514732854,-11.178957882470456,-14.485142333943742
2019,DHM,D,HM,0.147445068630972,2.003995338771432,31.422132512069254,29.418137173297822
2018,GHC,G,HC,0.268124157040371,-0.1789578824704563,2.003995338771432,2.1829532212418883
2020,NHM,N,HM,0.167941895033631,-7.577867487930746,-24.9042783419344,-17.326410854003655
2017,GHC,G,HC,0.197537290338918,8.306184451473285,-15.178957882470456,-23.48514233394374
2020,OHM,O,HM,0.333411185099004,-4.577867487930746,0.09572165806559951,4.6735891459963455
2020,D1H2C,D,HC,0.267863521035328,-9.577867487930746,6.0957216580655995,15.673589145996345
2018,SHM,S,HM,0.361689921954846,13.821042117529544,-0.996004661228568,-14.817046778758112
2017,D5H2C,D,HC,0.450018727818217,6.306184451473285,14.821042117529544,8.514857666056258
2017,MHC,M,HC,0.284685452858817,-7.693815548526715,-5.178957882470456,2.5148576660562583
2017,MLM,M,LM,-0.0104632650802521,-11.693815548526715,-11.178957882470456,0.5148576660562583
2019,BHM,B,HM,0.212768394970824,-3.996004661228568,-17.577867487930746,-13.581862826702178
2019,GLM,G,LM,0.299931193667311,-4.996004661228568,0.42213251206925406,5.418137173297822
2017,ALC,A,LC,-0.00217888342318617,31.306184451473285,48.821042117529544,17.51485766605626
2019,SLM,S,LM,0.261843612097833,25.003995338771432,4.422132512069254,-20.581862826702178
2017,MHM,M,HM,0.179021716019828,30.306184451473285,-6.178957882470456,-36.48514233394374
2017,SHC,S,HC,0.315662224856341,-0.6938155485267146,-13.178957882470456,-12.485142333943742
2020,GLM,G,LM,0.402654834203554,6.422132512069254,6.0957216580655995,-0.32641085400365455
2018,GLC,G,LC,0.211245878647989,-10.178957882470456,-10.996004661228568,-0.8170467787581117
2019,TLM,T,LM,0.119577639539422,-3.996004661228568,-3.577867487930746,0.4181371732978221
2020,D7H2C,D,HC,0.287848899900844,-5.577867487930746,41.0957216580656,46.673589145996345
2018,OHM,O,HM,0.149744835936067,-1.1789578824704563,19.003995338771432,20.18295322124189
2017,SLM,S,LM,0.0892508804418266,37.306184451473285,-6.178957882470456,-43.48514233394374
2018,JHC,J,HC,0.0940985073867607,5.821042117529544,1.003995338771432,-4.817046778758112
2019,D3H2C,D,HC,0.260140988100873,-12.996004661228568,-11.577867487930746,1.418137173297822
2018,BHC,B,HC,0.502819936085215,-9.178957882470456,-2.996004661228568,6.182953221241888
2020,D7H2C,D,HC,0.29754846291298,-0.5778674879307459,-4.9042783419344005,-4.3264108540036545
2019,JLM,J,LM,0.143781078362802,0.003995338771431989,-4.577867487930746,-4.581862826702178
2018,FHC,F,HC,0.278887336983573,-1.1789578824704563,9.003995338771432,10.182953221241888
2020,JHM,J,HM,0.485025970309954,-2.577867487930746,-9.9042783419344,-7.3264108540036545
2018,MHC,M,HC,0.369995108952966,16.821042117529544,-12.996004661228568,-29.81704677875811
2018,MHM,M,HM,0.32045120900143,-5.178957882470456,-3.996004661228568,1.1829532212418883
2019,FH2C,F,HC,0.450013209932652,7.003995338771432,-3.577867487930746,-10.581862826702178
2020,OHM,O,HM,0.27782516411123,9.422132512069254,6.0957216580655995,-3.3264108540036545
2019,OHC,O,HC,0.310583194883274,0.003995338771431989,6.422132512069254,6.418137173297822
2018,D3H2C,D,HC,0.208393543533845,-12.178957882470456,-8.996004661228568,3.1829532212418883
2020,GLC,G,LC,0.182738513176531,0.42213251206925406,-3.9042783419344005,-4.3264108540036545
2019,D3H2C,D,HC,0.295311104035186,1.003995338771432,48.422132512069254,47.41813717329782
2018,DHM,D,HM,0.42655508838873,-6.178957882470456,17.003995338771432,23.18295322124189
2017,ALC,A,LC,0.239559057313269,-17.693815548526715,8.821042117529544,26.51485766605626
2017,BHC,B,HC,0.161978887333474,-16.693815548526715,-1.1789578824704563,15.514857666056258
2019,GHC,G,HC,0.200331435922076,-3.996004661228568,-0.5778674879307459,3.418137173297822
2020,DLM,D,LM,0.0593025780391312,46.422132512069254,-29.9042783419344,-76.32641085400365
2018,D1H2C,D,HC,0.326674899951172,-11.178957882470456,9.003995338771432,20.18295322124189
2019,AHM,A,HM,0.27782534934867,25.003995338771432,-5.577867487930746,-30.581862826702178
2020,BLM,B,LM,0.378479994559819,3.422132512069254,4.0957216580655995,0.6735891459963455
2020,SHC,S,HC,0.295902312410735,-7.577867487930746,18.0957216580656,25.673589145996345
2018,MLC,M,LC,0.223177033606196,-19.178957882470456,-4.996004661228568,14.182953221241888
2020,BLM,B,LM,0.494355601862462,0.42213251206925406,-29.9042783419344,-30.326410854003655
2017,MHC,M,HC,0.177190090117142,-13.693815548526715,-13.178957882470456,0.5148576660562583
2018,NHC,N,HC,0.169026036656382,-4.178957882470456,-14.996004661228568,-10.817046778758112
2019,THC,T,HC,0.262216311370733,-20.996004661228568,-7.577867487930746,13.418137173297822
2017,AHC,A,HC,0.191847451023089,6.306184451473285,-4.178957882470456,-10.485142333943742
2020,BHM,B,HM,0.477986452182751,3.422132512069254,28.0957216580656,24.673589145996345
2017,DLM,D,LM,0.218277298197008,-17.693815548526715,-8.178957882470456,9.514857666056258
2019,D4H2C,D,HC,0.255692136381021,-7.996004661228568,-8.577867487930746,-0.5818628267021779
2018,OLC,O,LC,0.322443768139182,-6.178957882470456,15.003995338771432,21.18295322124189
2017,OLM,O,LM,0.198979601475892,-9.693815548526715,-1.1789578824704563,8.514857666056258
2018,MHC,M,HC,0.287077737511287,-5.178957882470456,1.003995338771432,6.182953221241888
2019,HLC,H,LC,0.279639705932268,13.003995338771432,-5.577867487930746,-18.581862826702178
2020,D7H2C,D,HC,0.237479153951285,4.422132512069254,12.0957216580656,7.6735891459963455
2019,GLC,G,LC,-0.00576912455679635,4.003995338771432,-2.577867487930746,-6.581862826702178
2020,FLM,F,LM,0.290796843499501,2.422132512069254,-5.9042783419344005,-8.326410854003655
2020,D6H2C,D,HC,0.315848432439575,-5.577867487930746,17.0957216580656,22.673589145996345
2017,SHM,S,HM,0.350614451307846,-5.693815548526715,-14.178957882470456,-8.485142333943742
2018,TLC,T,LC,0.382503708276906,3.8210421175295437,-2.996004661228568,-6.817046778758112
2017,BHM,B,HM,0.301883164620057,10.306184451473285,-11.178957882470456,-21.48514233394374
2020,GHM,G,HM,0.427590405597449,0.42213251206925406,8.0957216580656,7.6735891459963455
2020,JLM,J,LM,0.453299402717225,32.422132512069254,7.0957216580655995,-25.326410854003655
2017,D3H2C,D,HC,0.165290548635191,6.306184451473285,1.8210421175295437,-4.485142333943742
2017,NHC,N,HC,0.247262696083406,-11.693815548526715,21.821042117529544,33.51485766605626
2020,OHC,O,HC,0.328863936049881,-5.577867487930746,-17.9042783419344,-12.326410854003655
2019,JLM,J,LM,0.255287467539141,13.003995338771432,-1.577867487930746,-14.581862826702178
2020,D4H2C,D,HC,0.296694973016142,6.422132512069254,28.0957216580656,21.673589145996345
2019,HHC,H,HC,0.319719456568462,-10.996004661228568,-17.577867487930746,-6.581862826702178
2018,OLC,O,LC,-0.00827430286849351,2.8210421175295437,-1.996004661228568,-4.817046778758112
2017,THC,T,HC,0.247603707854928,2.3061844514732854,-17.178957882470456,-19.48514233394374
2017,SHM,S,HM,0.254185147525399,-5.693815548526715,-13.178957882470456,-7.485142333943742
2017,SHM,S,HM,0.317709347683868,9.306184451473285,-11.178957882470456,-20.48514233394374
2020,JHM,J,HM,0.39666070244276,-1.577867487930746,-3.9042783419344005,-2.3264108540036545
2019,GHM,G,HM,0.0652723409003615,8.003995338771432,-5.577867487930746,-13.581862826702178
2019,OHM,O,HM,0.174588096922565,-4.996004661228568,-13.577867487930746,-8.581862826702178
2020,HHM,H,HM,0.331073711463684,24.422132512069254,6.0957216580655995,-18.326410854003655
2018,GLM,G,LM,0.254025573774889,-7.178957882470456,31.003995338771432,38.18295322124189
2020,OHC,O,HC,0.420653198351635,32.422132512069254,-29.9042783419344,-62.326410854003655
2017,BHM,B,HM,0.246476450577792,-23.693815548526715,-6.178957882470456,17.51485766605626
2018,MHC,M,HC,0.119530318155761,-13.178957882470456,-20.996004661228568,-7.817046778758112
2020,SLM,S,LM,0.147704046949564,-4.577867487930746,14.0957216580656,18.673589145996345
2020,AHM,A,HM,0.145064074378155,-11.577867487930746,2.0957216580655995,13.673589145996345
2018,OHC,O,HC,0.254586056566473,-1.1789578824704563,8.003995338771432,9.182953221241888
2018,FLM,F,LM,0.0680550977934384,46.821042117529544,3.003995338771432,-43.81704677875811
2017,NHM,N,HM,0.249419265775005,-20.693815548526715,-7.178957882470456,13.514857666056258
2019,GHM,G,HM,0.147816603793162,-22.996004661228568,-3.577867487930746,19.418137173297822
2018,OLC,O,LC,0.331359042579083,-9.178957882470456,6.003995338771432,15.182953221241888
2019,SLC,S,LC,0.245375866939551,-20.996004661228568,12.422132512069254,33.41813717329782
2020,D3H2C,D,HC,0.678378868784027,-4.577867487930746,12.0957216580656,16.673589145996345
2017,D1H2C,D,HC,0.171541057669538,1.3061844514732854,4.821042117529544,3.5148576660562583
2019,HLC,H,LC,0.26370175826054,7.003995338771432,5.422132512069254,-1.581862826702178
2020,BLM,B,LM,0.142005354846289,9.422132512069254,13.0957216580656,3.6735891459963455
2019,DHC,D,HC,0.172451672336384,-3.996004661228568,12.422132512069254,16.418137173297822
2019,DLC,D,LC,0.0924206946625543,-15.996004661228568,26.422132512069254,42.41813717329782
2018,FHC,F,HC,0.315729987416159,-10.178957882470456,-8.996004661228568,1.1829532212418883
2018,NHC,N,HC,0.291453396117078,-1.1789578824704563,-6.996004661228568,-5.817046778758112
2017,SHM,S,HM,0.0265660571720439,6.306184451473285,-6.178957882470456,-12.485142333943742
2018,BHC,B,HC,0.291945734784899,-11.178957882470456,6.003995338771432,17.18295322124189
2017,GLC,G,LC,0.0322947259524176,2.3061844514732854,-7.178957882470456,-9.485142333943742
2019,GLC,G,LC,0.319706799328818,9.003995338771432,24.422132512069254,15.418137173297822
2020,FH2C,F,HC,0.445818111080583,-8.577867487930746,0.09572165806559951,8.673589145996345
2018,D5H2C,D,HC,0.271981895942268,-7.178957882470456,25.003995338771432,32.18295322124189
2017,SLC,S,LC,0.0387259367975517,20.306184451473285,-1.1789578824704563,-21.48514233394374
2020,DLM,D,LM,0.214404226834087,-1.577867487930746,11.0957216580656,12.673589145996345
2018,D7H2C,D,HC,0.268252993154449,-7.178957882470456,8.003995338771432,15.182953221241888
2017,D7H2C,D,HC,0.474691468570213,2.3061844514732854,-1.1789578824704563,-3.4851423339437417
2020,THC,T,HC,0.591934938746013,2.422132512069254,16.0957216580656,13.673589145996345
2020,AHM,A,HM,0.178691730189368,6.422132512069254,-20.9042783419344,-27.326410854003655
2017,ALC,A,LC,0.130638070864367,4.306184451473285,-1.1789578824704563,-5.485142333943742
2017,SLC,S,LC,0.188078027332644,24.306184451473285,-6.178957882470456,-30.48514233394374
2017,D3H2C,D,HC,0.170220022879426,1.3061844514732854,-12.178957882470456,-13.485142333943742
2020,DLM,D,LM,0.166404703935572,0.42213251206925406,2.0957216580655995,1.6735891459963455
2017,NHC,N,HC,0.328667063987394,-13.693815548526715,-1.1789578824704563,12.514857666056258
2018,OHC,O,HC,0.0945286236316281,-15.178957882470456,-9.996004661228568,5.182953221241888
2018,D3H2C,D,HC,0.414521821416328,-7.178957882470456,7.003995338771432,14.182953221241888
2019,MHM,M,HM,0.173944162655712,-8.996004661228568,0.42213251206925406,9.418137173297822
2018,D7H2C,D,HC,0.0545981983427236,8.821042117529544,11.003995338771432,2.1829532212418883
2020,GHC,G,HC,0.184048083185546,6.422132512069254,12.0957216580656,5.6735891459963455
2017,DLC,D,LC,0.26624989358738,12.306184451473285,43.821042117529544,31.51485766605626
2020,MLC,M,LC,0.150913382494853,-2.577867487930746,6.0957216580655995,8.673589145996345
2017,D7H2C,D,HC,0.120228496191474,30.306184451473285,-5.178957882470456,-35.48514233394374
2020,BLC,B,LC,0.309029078988823,-11.577867487930746,-0.9042783419344005,10.673589145996345
2019,ALM,A,LM,0.388675700096386,13.003995338771432,1.422132512069254,-11.581862826702178
2020,NLC,N,LC,0.436224242967454,-14.577867487930746,-0.9042783419344005,13.673589145996345
2019,NHM,N,HM,0.413441885877103,1.003995338771432,-2.577867487930746,-3.581862826702178
2019,SHM,S,HM,0.0677751952043599,-2.996004661228568,-10.577867487930746,-7.581862826702178
2020,BHC,B,HC,0.359083144395697,-5.577867487930746,5.0957216580655995,10.673589145996345
2018,JHM,J,HM,-0.00321890853193985,-6.178957882470456,-10.996004661228568,-4.817046778758112
2017,OLM,O,LM,0.139574986078595,6.306184451473285,9.821042117529544,3.5148576660562583
2020,OHC,O,HC,0.204193235912587,-3.577867487930746,1.0957216580655995,4.6735891459963455
2020,DHM,D,HM,0.30134789708336,0.42213251206925406,10.0957216580656,9.673589145996345
2020,NHM,N,HM,0.137512244120364,15.422132512069254,-9.9042783419344,-25.326410854003655
2020,DLM,D,LM,0.419649483928136,-4.577867487930746,-3.9042783419344005,0.6735891459963455
2018,D7H2C,D,HC,0.374238199063227,-12.178957882470456,-21.996004661228568,-9.817046778758112
2018,SHM,S,HM,0.198103051059997,-5.178957882470456,1.003995338771432,6.182953221241888
2019,GHM,G,HM,0.163549085159541,33.00399533877143,-2.577867487930746,-35.58186282670218
2017,AHM,A,HM,0.271530254185536,4.306184451473285,-7.178957882470456,-11.485142333943742
2019,JHC,J,HC,0.169035585307693,-9.996004661228568,-1.577867487930746,8.418137173297822
2019,HHM,H,HM,0.103267895105364,5.003995338771432,-9.577867487930746,-14.581862826702178
2018,SHM,S,HM,0.412941616912287,-0.1789578824704563,-3.996004661228568,-3.8170467787581117
2019,FLC,F,LC,0.217580251637644,3.003995338771432,4.422132512069254,1.418137173297822
2017,MHC,M,HC,0.305621101408355,-29.693815548526715,-9.178957882470456,20.51485766605626
2017,D7H2C,D,HC,0.21928743661716,9.306184451473285,-3.1789578824704563,-12.485142333943742
2020,OLM,O,LM,-0.0260075508593749,49.422132512069254,15.0957216580656,-34.326410854003655
2018,OLM,O,LM,-0.00514562384707684,47.821042117529544,-4.996004661228568,-52.81704677875811
2017,D8H2C,D,HC,0.331538701569142,6.306184451473285,-9.178957882470456,-15.485142333943742
2020,MHC,M,HC,0.249908640213947,-5.577867487930746,-33.9042783419344,-28.326410854003655
2019,D6H2C,D,HC,0.221437244766949,7.003995338771432,2.422132512069254,-4.581862826702178
2019,HHM,H,HM,0.160396303170899,-2.996004661228568,-9.577867487930746,-6.581862826702178
2019,SLM,S,LM,0.29790142368292,-9.996004661228568,-5.577867487930746,4.418137173297822
2017,TLC,T,LC,0.31533011471216,6.306184451473285,-0.1789578824704563,-6.485142333943742
2019,OHM,O,HM,0.280087737421991,9.003995338771432,-13.577867487930746,-22.581862826702178
2018,D8H2C,D,HC,0.274629120137871,-0.1789578824704563,6.003995338771432,6.182953221241888
2019,GHM,G,HM,0.218903653935749,-16.996004661228568,-7.577867487930746,9.418137173297822
2018,HLC,H,LC,0.622433274388169,-3.1789578824704563,13.003995338771432,16.18295322124189
2017,NHC,N,HC,0.170903114155257,-25.693815548526715,-5.178957882470456,20.51485766605626
2020,GHC,G,HC,0.365491207761779,-5.577867487930746,-7.9042783419344005,-2.3264108540036545
2018,D7H2C,D,HC,0.449812075613866,-7.178957882470456,-4.996004661228568,2.1829532212418883
2017,SLC,S,LC,0.169252071892395,6.306184451473285,-5.178957882470456,-11.485142333943742
2018,SHC,S,HC,0.321021484778385,16.821042117529544,-9.996004661228568,-26.81704677875811
2018,OLC,O,LC,0.298178661478168,-2.1789578824704563,10.003995338771432,12.182953221241888
2018,GHM,G,HM,0.0737516560157079,46.821042117529544,-6.996004661228568,-53.81704677875811
2018,NLC,N,LC,-0.00127969295201247,20.821042117529544,17.003995338771432,-3.8170467787581117
2020,MLC,M,LC,0.295469948670579,0.42213251206925406,-42.9042783419344,-43.326410854003655
2018,BHC,B,HC,0.0756030342546035,-3.1789578824704563,8.003995338771432,11.182953221241888
2020,GHM,G,HM,0.246658823630906,-12.577867487930746,12.0957216580656,24.673589145996345
2019,MLM,M,LM,0.0645191599501276,5.003995338771432,18.422132512069254,13.418137173297822
2020,D7H2C,D,HC,0.264885742638504,12.422132512069254,-24.9042783419344,-37.326410854003655
2018,GHM,G,HM,0.149326185946907,-3.1789578824704563,-8.996004661228568,-5.817046778758112
2019,SHM,S,HM,0.0522902238475538,26.003995338771432,-11.577867487930746,-37.58186282670218
2018,MHC,M,HC,0.140202348617973,-9.178957882470456,-5.996004661228568,3.1829532212418883
2017,D9H2C,D,HC,0.0570930119117501,-0.6938155485267146,-8.178957882470456,-7.485142333943742
2019,FLC,F,LC,0.173899645629233,29.003995338771432,-10.577867487930746,-39.58186282670218
2017,AHM,A,HM,-0.0098033354395104,35.306184451473285,-10.178957882470456,-45.48514233394374
2018,MHC,M,HC,0.268599247687897,-8.178957882470456,7.003995338771432,15.182953221241888
2020,DHC,D,HC,0.200550136934622,-8.577867487930746,-5.9042783419344005,2.6735891459963455
2017,GHM,G,HM,0.0792860989433168,32.306184451473285,0.8210421175295437,-31.48514233394374
2017,JLC,J,LC,0.31122014038381,12.306184451473285,-1.1789578824704563,-13.485142333943742
2020,NHC,N,HC,0.242310751896221,14.422132512069254,9.0957216580656,-5.3264108540036545
2018,AHM,A,HM,0.331052811876994,-8.178957882470456,-10.996004661228568,-2.8170467787581117
2017,SHM,S,HM,0.27596962807857,-7.693815548526715,-7.178957882470456,0.5148576660562583
2020,JHM,J,HM,-0.00673447880935507,-1.577867487930746,2.0957216580655995,3.6735891459963455
2018,THC,T,HC,0.126131929311702,7.821042117529544,0.003995338771431989,-7.817046778758112
2019,BLM,B,LM,0.190156991062101,3.003995338771432,-29.577867487930746,-32.58186282670218
2017,SLM,S,LM,0.00384508999412936,-6.693815548526715,-11.178957882470456,-4.485142333943742
2019,DLC,D,LC,0.343687148780932,14.003995338771432,0.42213251206925406,-13.581862826702178
2017,BHM,B,HM,0.190542402309227,-5.693815548526715,-10.178957882470456,-4.485142333943742
2018,D3H2C,D,HC,0.395951317891627,-7.178957882470456,-12.996004661228568,-5.817046778758112
2018,NLM,N,LM,0.0928031528587689,16.821042117529544,-10.996004661228568,-27.81704677875811
2017,HHC,H,HC,0.0931823343575358,-12.693815548526715,45.821042117529544,58.51485766605626
2020,SLM,S,LM,0.0451412687258348,3.422132512069254,0.09572165806559951,-3.3264108540036545
2019,ALM,A,LM,0.0249029186491625,8.003995338771432,-9.577867487930746,-17.581862826702178
2019,MHM,M,HM,0.311067034892812,-1.996004661228568,18.422132512069254,20.418137173297822
2018,SHC,S,HC,0.213988782581429,-6.178957882470456,-4.996004661228568,1.1829532212418883
2019,GHC,G,HC,0.501698898660349,7.003995338771432,1.422132512069254,-5.581862826702178
2020,BHM,B,HM,0.0518379753101552,19.422132512069254,-0.9042783419344005,-20.326410854003655
2017,D7H2C,D,HC,0.274914464496726,-5.693815548526715,-2.1789578824704563,3.5148576660562583
2017,AHC,A,HC,0.307046327763983,8.306184451473285,-7.178957882470456,-15.485142333943742
2019,MLC,M,LC,0.426461245885531,-7.996004661228568,-10.577867487930746,-2.581862826702178
2018,GHM,G,HM,0.213724021326414,-7.178957882470456,21.003995338771432,28.18295322124189
2020,FHM,F,HM,0.0727063881098924,-4.577867487930746,1.0957216580655995,5.6735891459963455
2018,AHM,A,HM,0.331573537122604,-0.1789578824704563,25.003995338771432,25.18295322124189
2018,MHM,M,HM,0.261262444323895,22.821042117529544,7.003995338771432,-15.817046778758112
2018,ALM,A,LM,0.248070614837249,-8.178957882470456,26.003995338771432,34.18295322124189
2019,DLC,D,LC,0.306866705547278,9.003995338771432,-3.577867487930746,-12.581862826702178
2019,SHC,S,HC,0.481049618702878,-10.996004661228568,-12.577867487930746,-1.581862826702178
2020,DHM,D,HM,0.336959355288452,-3.577867487930746,14.0957216580656,17.673589145996345
2019,D3H2C,D,HC,0.469458051181224,-8.996004661228568,0.42213251206925406,9.418137173297822
2018,MHC,M,HC,0.520441205756228,6.821042117529544,-12.996004661228568,-19.81704677875811
2019,ALM,A,LM,0.694856132790189,3.003995338771432,1.422132512069254,-1.581862826702178
2020,FHM,F,HM,0.235682281615964,-1.577867487930746,-29.9042783419344,-28.326410854003655
2019,HLC,H,LC,0.210824887570902,4.003995338771432,9.422132512069254,5.418137173297822
2018,GHC,G,HC,0.188380326261946,16.821042117529544,-10.996004661228568,-27.81704677875811
2020,OHM,O,HM,0.244182847987416,8.422132512069254,-4.9042783419344005,-13.326410854003655
2017,MHM,M,HM,0.328063825149206,-2.6938155485267146,-11.178957882470456,-8.485142333943742
2020,SLC,S,LC,-0.0340915257839338,7.422132512069254,-5.9042783419344005,-13.326410854003655
2017,SHC,S,HC,0.255891872325064,0.30618445147328543,-13.178957882470456,-13.485142333943742
2019,SHC,S,HC,0.389923099327302,-6.996004661228568,-7.577867487930746,-0.5818628267021779
2019,AHC,A,HC,0.277859262031868,10.003995338771432,8.422132512069254,-1.581862826702178
2019,DLC,D,LC,-0.0437820180827944,40.00399533877143,-4.577867487930746,-44.58186282670218
2018,GHM,G,HM,0.496131862202186,-8.178957882470456,1.003995338771432,9.182953221241888
2019,BH2C,B,HC,0.597912949419198,-6.996004661228568,26.422132512069254,33.41813717329782
2020,HHC,H,HC,0.115813881612404,-7.577867487930746,-3.9042783419344005,3.6735891459963455
2017,GHM,G,HM,0.183538334368268,6.306184451473285,-1.1789578824704563,-7.485142333943742
2017,FH2C,F,HC,0.126175411662568,-3.6938155485267146,-3.1789578824704563,0.5148576660562583
2018,MHC,M,HC,0.197348792666134,-1.1789578824704563,-2.996004661228568,-1.8170467787581117
2019,D8H2C,D,HC,0.254747848146795,-4.996004661228568,5.422132512069254,10.418137173297822
2018,NHC,N,HC,0.250162444021022,-8.178957882470456,29.003995338771432,37.18295322124189
2020,GLC,G,LC,0.413418030789472,2.422132512069254,6.0957216580655995,3.6735891459963455
2018,TLC,T,LC,0.24555457710343,4.821042117529544,-4.996004661228568,-9.817046778758112
2020,MLM,M,LM,0.151969341919946,1.422132512069254,11.0957216580656,9.673589145996345
2020,GHM,G,HM,0.349849005809838,1.422132512069254,2.0957216580655995,0.6735891459963455
2018,MHM,M,HM,0.0923663307482929,11.821042117529544,-7.996004661228568,-19.81704677875811
2020,JLC,J,LC,0.145962292229906,24.422132512069254,12.0957216580656,-12.326410854003655
2020,FH2C,F,HC,0.342439704459003,-5.577867487930746,-16.9042783419344,-11.326410854003655
2017,SLC,S,LC,0.197949551850893,5.306184451473285,-13.178957882470456,-18.48514233394374
2018,DLC,D,LC,0.332063120793616,-5.178957882470456,-21.996004661228568,-16.81704677875811
2020,BLC,B,LC,0.296691718581252,2.422132512069254,-4.9042783419344005,-7.3264108540036545
2018,JHM,J,HM,0.463616598194285,0.8210421175295437,-12.996004661228568,-13.817046778758112
2019,THC,T,HC,0.181017936893836,17.003995338771432,24.422132512069254,7.418137173297822
2020,SLM,S,LM,0.248974865821828,-4.577867487930746,7.0957216580655995,11.673589145996345
2018,GLC,G,LC,0.428223465461817,-9.178957882470456,23.003995338771432,32.18295322124189
2017,FHM,F,HM,0.353748612629634,11.306184451473285,-0.1789578824704563,-11.485142333943742
2019,MHC,M,HC,0.450835300348051,-2.996004661228568,-2.577867487930746,0.4181371732978221
2020,GHM,G,HM,0.403886376136199,10.422132512069254,5.0957216580655995,-5.3264108540036545
2020,FHM,F,HM,0.242830639577821,-5.577867487930746,-17.9042783419344,-12.326410854003655
2018,BHC,B,HC,0.410840625287354,2.8210421175295437,2.003995338771432,-0.8170467787581117
2020,JLC,J,LC,0.0330798527351495,0.42213251206925406,18.0957216580656,17.673589145996345
2017,MLC,M,LC,0.301295234761386,-5.693815548526715,-13.178957882470456,-7.485142333943742
2018,BHC,B,HC,0.687712011145339,-0.1789578824704563,12.003995338771432,12.182953221241888
2019,ALM,A,LM,0.232725542551949,17.003995338771432,-4.577867487930746,-21.581862826702178
2018,MLC,M,LC,0.309451888853813,-5.178957882470456,-21.996004661228568,-16.81704677875811
2018,D6H2C,D,HC,0.346835615488254,0.8210421175295437,-4.996004661228568,-5.817046778758112
2018,JLM,J,LM,0.379163731975193,24.821042117529544,7.003995338771432,-17.81704677875811
2017,HLC,H,LC,0.0781188666085177,24.306184451473285,30.821042117529544,6.514857666056258
2018,TLM,T,LM,0.0911910625072909,34.821042117529544,-13.996004661228568,-48.81704677875811
2018,BHC,B,HC,0.356999495313675,-12.178957882470456,-8.996004661228568,3.1829532212418883
2018,BHC,B,HC,0.14126463660794,-1.1789578824704563,8.003995338771432,9.182953221241888
2019,OHC,O,HC,0.128725468596385,-8.996004661228568,-2.577867487930746,6.418137173297822
2019,MHC,M,HC,0.344689975863018,-7.996004661228568,-3.577867487930746,4.418137173297822
2020,GLC,G,LC,0.0578337370407163,-5.577867487930746,6.0957216580655995,11.673589145996345
2018,OHC,O,HC,0.333103915528107,-18.178957882470456,-0.996004661228568,17.18295322124189
2018,MHC,M,HC,0.246590297546744,-10.178957882470456,1.003995338771432,11.182953221241888
2018,OLM,O,LM,0.0520657917338931,22.821042117529544,5.003995338771432,-17.81704677875811
2017,MLC,M,LC,0.306452708587275,6.306184451473285,-14.178957882470456,-20.48514233394374
2017,JHC,J,HC,0.0564836295254361,43.306184451473285,12.821042117529544,-30.48514233394374
2019,FHM,F,HM,0.325582454851405,-3.996004661228568,-2.577867487930746,1.418137173297822
2018,JHC,J,HC,0.199916449346852,-1.1789578824704563,3.003995338771432,4.182953221241888
2017,OLC,O,LC,0.397350030023877,7.306184451473285,-14.178957882470456,-21.48514233394374
2018,BHC,B,HC,0.0961827712666892,47.821042117529544,5.003995338771432,-42.81704677875811
2018,ALC,A,LC,0.230735490496215,5.821042117529544,-7.996004661228568,-13.817046778758112
2017,OHM,O,HM,0.363973160391946,-4.693815548526715,-18.178957882470456,-13.485142333943742
2017,DLC,D,LC,0.0898302436816047,-10.693815548526715,2.8210421175295437,13.514857666056258
2020,BH2C,B,HC,0.408026907839446,-10.577867487930746,-4.9042783419344005,5.6735891459963455
2019,MHC,M,HC,0.00872679920994668,-10.996004661228568,8.422132512069254,19.418137173297822
2017,HHC,H,HC,0.200006263426202,-1.6938155485267146,-5.178957882470456,-3.4851423339437417
2017,HHC,H,HC,0.126925160763847,0.30618445147328543,-6.178957882470456,-6.485142333943742
2020,D7H2C,D,HC,0.283370948743556,-11.577867487930746,2.0957216580655995,13.673589145996345
2019,GLC,G,LC,0.0100170824152408,-2.996004661228568,42.422132512069254,45.41813717329782
2018,BLC,B,LC,0.348184838995879,-11.178957882470456,-0.996004661228568,10.182953221241888
2020,ALC,A,LC,0.152402296592584,-3.577867487930746,4.0957216580655995,7.6735891459963455
2020,FLM,F,LM,0.316247121714007,-0.5778674879307459,0.09572165806559951,0.6735891459963455
2017,MLC,M,LC,0.160923851609333,-5.693815548526715,-14.178957882470456,-8.485142333943742
2019,D8H2C,D,HC,0.362760272216349,-4.996004661228568,7.422132512069254,12.418137173297822
2020,NHC,N,HC,0.126043570242126,39.422132512069254,0.09572165806559951,-39.326410854003655
2017,SHM,S,HM,0.255288049442396,-18.693815548526715,-14.178957882470456,4.514857666056258
2017,OLC,O,LC,0.183085550757529,-12.693815548526715,4.821042117529544,17.51485766605626
2019,D6H2C,D,HC,0.326578533397062,-12.996004661228568,12.422132512069254,25.418137173297822
2020,FHC,F,HC,0.337090609900072,-8.577867487930746,-12.9042783419344,-4.3264108540036545
2020,MLC,M,LC,0.281133583404645,8.422132512069254,-17.9042783419344,-26.326410854003655
2018,MHM,M,HM,0.37881027830502,-6.178957882470456,0.003995338771431989,6.182953221241888
2018,GLC,G,LC,0.119024263320376,-7.178957882470456,4.003995338771432,11.182953221241888
2017,MLC,M,LC,0.348783815490101,-8.693815548526715,-5.178957882470456,3.5148576660562583
2019,D3H2C,D,HC,0.557287104702949,1.003995338771432,3.422132512069254,2.418137173297822
2019,NHM,N,HM,0.142355892173516,1.003995338771432,0.42213251206925406,-0.5818628267021779
2020,SLC,S,LC,0.402014655280371,8.422132512069254,18.0957216580656,9.673589145996345
2019,MLM,M,LM,0.264437407596525,0.003995338771431989,-9.577867487930746,-9.581862826702178
2018,SHM,S,HM,0.152906367135353,-14.178957882470456,-8.996004661228568,5.182953221241888
2020,MLC,M,LC,0.19275577488666,-6.577867487930746,1.0957216580655995,7.6735891459963455
2020,GHM,G,HM,0.419484751361949,-11.577867487930746,13.0957216580656,24.673589145996345
2017,AHC,A,HC,0.261057874499051,2.3061844514732854,-2.1789578824704563,-4.485142333943742
2018,D7H2C,D,HC,0.0898184639026471,-0.1789578824704563,7.003995338771432,7.182953221241888
2018,GLC,G,LC,0.236459752546312,4.821042117529544,15.003995338771432,10.182953221241888
2019,HLC,H,LC,0.184993518100963,8.003995338771432,5.422132512069254,-2.581862826702178
2020,FHC,F,HC,0.34167558307778,12.422132512069254,2.0957216580655995,-10.326410854003655
2019,FH2C,F,HC,0.499802740324049,-0.996004661228568,-10.577867487930746,-9.581862826702178
2017,BHC,B,HC,0.492078718558528,7.306184451473285,-10.178957882470456,-17.48514233394374
2019,BH2C,B,HC,0.381437240624721,-3.996004661228568,7.422132512069254,11.418137173297822
2018,D5H2C,D,HC,0.215154896064075,-15.178957882470456,1.003995338771432,16.18295322124189
2017,BLM,B,LM,0.0849343845021875,-29.693815548526715,-1.1789578824704563,28.51485766605626
2018,BLM,B,LM,0.439968689833708,-0.1789578824704563,14.003995338771432,14.182953221241888
2018,SHC,S,HC,0.158602089133439,0.8210421175295437,-6.996004661228568,-7.817046778758112
2020,JHC,J,HC,0.0942236737622686,-3.577867487930746,1.0957216580655995,4.6735891459963455
2018,D6H2C,D,HC,0.375416766093047,-1.1789578824704563,-3.996004661228568,-2.8170467787581117
2017,GHM,G,HM,0.287383571857298,12.306184451473285,-2.1789578824704563,-14.485142333943742
2020,BLM,B,LM,0.248771664977186,-6.577867487930746,-3.9042783419344005,2.6735891459963455
2018,ALM,A,LM,0.256323495256888,-1.1789578824704563,0.003995338771431989,1.1829532212418883
2019,DLM,D,LM,0.151674809224502,4.003995338771432,36.422132512069254,32.41813717329782
2018,SLC,S,LC,0.296800828064745,-4.178957882470456,23.003995338771432,27.18295322124189
2017,SLM,S,LM,0.405483999413869,4.306184451473285,-5.178957882470456,-9.485142333943742
2019,GHC,G,HC,0.454539061894149,2.003995338771432,-3.577867487930746,-5.581862826702178
2018,GLC,G,LC,0.272025382663874,-5.178957882470456,-8.996004661228568,-3.8170467787581117
2018,JLM,J,LM,0.122423360680675,45.821042117529544,-14.996004661228568,-60.81704677875811
2017,D8H2C,D,HC,0.740019583294269,-3.6938155485267146,5.821042117529544,9.514857666056258
2019,DLC,D,LC,0.406831484717187,0.003995338771431989,7.422132512069254,7.418137173297822
2019,HLM,H,LM,0.246551619243599,7.003995338771432,9.422132512069254,2.418137173297822
2017,SLM,S,LM,0.241139269020977,18.306184451473285,-3.1789578824704563,-21.48514233394374
2019,BLC,B,LC,0.124586465765405,3.003995338771432,-18.577867487930746,-21.581862826702178
2020,THC,T,HC,0.377168713756681,24.422132512069254,14.0957216580656,-10.326410854003655
2019,OLC,O,LC,0.279633679586778,8.003995338771432,-9.577867487930746,-17.581862826702178
2017,FHM,F,HM,0.393191174628519,-11.693815548526715,-20.178957882470456,-8.485142333943742
2018,GLC,G,LC,0.318869199280957,-8.178957882470456,3.003995338771432,11.182953221241888
2020,AHC,A,HC,0.0622493768040235,36.422132512069254,21.0957216580656,-15.326410854003655
2020,ALM,A,LM,0.46800292642979,11.422132512069254,5.0957216580655995,-6.3264108540036545
2020,ALC,A,LC,0.0759194593753578,0.42213251206925406,-5.9042783419344005,-6.3264108540036545
2018,D7H2C,D,HC,0.323500961803517,2.8210421175295437,9.003995338771432,6.182953221241888
2020,D8H2C,D,HC,0.276319221097383,16.422132512069254,6.0957216580655995,-10.326410854003655
2017,NLM,N,LM,0.370501854083001,-11.693815548526715,4.821042117529544,16.51485766605626
2020,GHC,G,HC,0.105237488186621,-6.577867487930746,-33.9042783419344,-27.326410854003655
2020,D1H2C,D,HC,0.266952342547807,-5.577867487930746,-12.9042783419344,-7.3264108540036545
2017,AHM,A,HM,0.268736467174606,4.306184451473285,-6.178957882470456,-10.485142333943742
2020,BH2C,B,HC,0.30568818107934,-13.577867487930746,-2.9042783419344005,10.673589145996345
2019,FHC,F,HC,0.382593044242432,-14.996004661228568,-1.577867487930746,13.418137173297822
2020,THM,T,HM,0.545997604918485,-0.5778674879307459,5.0957216580655995,5.6735891459963455
2020,D9H2C,D,HC,0.173850218427448,-16.577867487930746,-11.9042783419344,4.6735891459963455
2018,JLC,J,LC,0.150460782300114,24.821042117529544,-4.996004661228568,-29.81704677875811
2020,DHC,D,HC,0.300925046477227,-1.577867487930746,12.0957216580656,13.673589145996345
2020,NHM,N,HM,0.201808527046323,-15.577867487930746,-5.9042783419344005,9.673589145996345
2020,DLC,D,LC,0.207674532468125,9.422132512069254,4.0957216580655995,-5.3264108540036545
2019,D3H2C,D,HC,0.264361893253926,15.003995338771432,-0.5778674879307459,-15.581862826702178
2018,GLM,G,LM,0.0760947975414163,-7.178957882470456,-4.996004661228568,2.1829532212418883
2020,BHM,B,HM,-0.0335240915261339,0.42213251206925406,-0.9042783419344005,-1.3264108540036545
2017,D5H2C,D,HC,0.24532344970337,8.306184451473285,-7.178957882470456,-15.485142333943742
2017,OLM,O,LM,0.247226046351381,18.306184451473285,-7.178957882470456,-25.48514233394374
2018,MHM,M,HM,0.175907010180172,2.8210421175295437,-4.996004661228568,-7.817046778758112
2020,NLM,N,LM,0.141836366810887,-7.577867487930746,3.0957216580655995,10.673589145996345
2017,D5H2C,D,HC,0.258062157636574,-4.693815548526715,-4.178957882470456,0.5148576660562583
2017,D4H2C,D,HC,-0.00264638320197297,13.306184451473285,-5.178957882470456,-18.48514233394374
2017,GLM,G,LM,0.139741297465291,0.30618445147328543,1.8210421175295437,1.5148576660562583
2017,D2H2C,D,HC,0.216031033911867,-8.693815548526715,-10.178957882470456,-1.4851423339437417
2018,OHM,O,HM,0.444591272385294,3.8210421175295437,-12.996004661228568,-16.81704677875811
2019,SLC,S,LC,0.147878109703706,-2.996004661228568,-12.577867487930746,-9.581862826702178
2018,THC,T,HC,0.332351954588826,16.821042117529544,25.003995338771432,8.182953221241888
2017,GHC,G,HC,0.139133662235229,-29.693815548526715,-13.178957882470456,16.51485766605626
2017,SHC,S,HC,0.526680819717957,-14.693815548526715,-12.178957882470456,2.5148576660562583
2020,NHM,N,HM,0.588700752233483,6.422132512069254,1.0957216580655995,-5.3264108540036545
2020,MHM,M,HM,0.269604862423245,-15.577867487930746,-2.9042783419344005,12.673589145996345
2019,OHC,O,HC,0.42890226704987,-2.996004661228568,-3.577867487930746,-0.5818628267021779
2019,BLM,B,LM,0.292207139809074,-5.996004661228568,-3.577867487930746,2.418137173297822
2019,JLM,J,LM,0.127028541937023,2.003995338771432,-4.577867487930746,-6.581862826702178
2018,MHM,M,HM,0.179531176404978,17.821042117529544,6.003995338771432,-11.817046778758112
2018,JHM,J,HM,0.4662171481851,-1.1789578824704563,3.003995338771432,4.182953221241888
2017,NHM,N,HM,0.360320375845433,-11.693815548526715,-6.178957882470456,5.514857666056258
2020,D8H2C,D,HC,0.0995084003403183,5.422132512069254,-5.9042783419344005,-11.326410854003655
2018,NHM,N,HM,0.393700432751028,-2.1789578824704563,-8.996004661228568,-6.817046778758112
2018,D8H2C,D,HC,0.203474497595843,-1.1789578824704563,-5.996004661228568,-4.817046778758112
2019,D2H2C,D,HC,0.371584809075625,-3.996004661228568,-0.5778674879307459,3.418137173297822
2020,TLM,T,LM,0.376010296950602,0.42213251206925406,-6.9042783419344005,-7.3264108540036545
2019,HLC,H,LC,0.0449204541340575,2.003995338771432,-1.577867487930746,-3.581862826702178
2020,D6H2C,D,HC,0.0581721452476991,-2.577867487930746,7.0957216580655995,9.673589145996345
2018,OLC,O,LC,0.110466703350764,16.821042117529544,3.003995338771432,-13.817046778758112
2020,ALM,A,LM,0.0396927309268724,14.422132512069254,0.09572165806559951,-14.326410854003655
2017,D7H2C,D,HC,0.154446791497916,1.3061844514732854,-8.178957882470456,-9.485142333943742
2020,NHC,N,HC,0.509684699736932,-5.577867487930746,18.0957216580656,23.673589145996345
2018,NLM,N,LM,0.209242084086576,-11.178957882470456,-3.996004661228568,7.182953221241888
2017,OLC,O,LC,0.485607844616553,-6.693815548526715,9.821042117529544,16.51485766605626
2017,SHC,S,HC,0.244228643363874,-15.693815548526715,4.821042117529544,20.51485766605626
2018,MLC,M,LC,0.420560322144971,-0.1789578824704563,-3.996004661228568,-3.8170467787581117
2018,MLM,M,LM,0.257284867091102,1.8210421175295437,-7.996004661228568,-9.817046778758112
2020,FHM,F,HM,0.216326659440861,9.422132512069254,5.0957216580655995,-4.3264108540036545
2018,TLM,T,LM,0.202443227688224,-3.1789578824704563,-6.996004661228568,-3.8170467787581117
2020,MHC,M,HC,0.219364471566703,-14.577867487930746,-13.9042783419344,0.6735891459963455
2020,GHM,G,HM,0.124114562625337,-5.577867487930746,12.0957216580656,17.673589145996345
2020,OHC,O,HC,0.251590068658359,-5.577867487930746,2.0957216580655995,7.6735891459963455
2017,HHM,H,HM,0.26981470279357,-0.6938155485267146,-14.178957882470456,-13.485142333943742
2020,GLC,G,LC,0.0936532617319497,-11.577867487930746,-0.9042783419344005,10.673589145996345
2018,OLC,O,LC,0.384223524469637,-13.178957882470456,-15.996004661228568,-2.8170467787581117
2019,AHM,A,HM,0.209377243151427,-4.996004661228568,-11.577867487930746,-6.581862826702178
2017,TLC,T,LC,0.28550010269892,2.3061844514732854,-4.178957882470456,-6.485142333943742
2017,OLC,O,LC,0.17677745990201,11.306184451473285,8.821042117529544,-2.4851423339437417
2020,D7H2C,D,HC,0.116948601974329,11.422132512069254,10.0957216580656,-1.3264108540036545
2018,OHC,O,HC,0.179875114660732,-17.178957882470456,-0.996004661228568,16.18295322124189
2017,NHM,N,HM,0.0544645702332178,8.306184451473285,10.821042117529544,2.5148576660562583
2017,BLC,B,LC,0.0661319746564604,11.306184451473285,-5.178957882470456,-16.48514233394374
2017,THM,T,HM,0.340497337097481,-17.693815548526715,-4.178957882470456,13.514857666056258
2020,FH2C,F,HC,0.441229440760749,-1.577867487930746,21.0957216580656,22.673589145996345
2018,D8H2C,D,HC,0.33726753294086,-18.178957882470456,13.003995338771432,31.18295322124189
2018,AHM,A,HM,0.0139638071326068,27.821042117529544,-8.996004661228568,-36.81704677875811
2019,NLM,N,LM,0.241774013960486,-9.996004661228568,56.422132512069254,66.41813717329782
2020,MHM,M,HM,0.212706670743216,-0.5778674879307459,-13.9042783419344,-13.326410854003655
2018,BLM,B,LM,0.223728716635807,-2.1789578824704563,21.003995338771432,23.18295322124189
2018,ALC,A,LC,0.286138450501558,-7.178957882470456,7.003995338771432,14.182953221241888
2019,JHM,J,HM,0.271218102646641,15.003995338771432,-13.577867487930746,-28.581862826702178
2019,TLM,T,LM,0.0240746199588615,13.003995338771432,-3.577867487930746,-16.581862826702178
2020,SLC,S,LC,0.0108418515918645,-11.577867487930746,3.0957216580655995,14.673589145996345
2020,D8H2C,D,HC,0.035049807140158,-2.577867487930746,-0.9042783419344005,1.6735891459963455
2019,AHM,A,HM,0.330644529586908,-1.996004661228568,-9.577867487930746,-7.581862826702178
2017,HHC,H,HC,0.351912600805365,-11.693815548526715,11.821042117529544,23.51485766605626
2020,FLC,F,LC,0.181157906396294,-5.577867487930746,-20.9042783419344,-15.326410854003655
2019,GLM,G,LM,0.283765490812744,-17.996004661228568,26.422132512069254,44.41813717329782
2018,OHC,O,HC,0.342761464081544,-8.178957882470456,6.003995338771432,14.182953221241888
2020,NHM,N,HM,0.344409555955072,-5.577867487930746,-4.9042783419344005,0.6735891459963455
2018,MLC,M,LC,0.035160974729437,41.821042117529544,-11.996004661228568,-53.81704677875811
2020,ALM,A,LM,0.20934027567308,-18.577867487930746,11.0957216580656,29.673589145996345
2018,JHC,J,HC,0.0925271131743907,11.821042117529544,-26.996004661228568,-38.81704677875811
2019,NHM,N,HM,0.234226744480113,-4.996004661228568,0.42213251206925406,5.418137173297822
2019,TLC,T,LC,0.59325298106171,10.003995338771432,-12.577867487930746,-22.581862826702178
2018,AHM,A,HM,0.167416601406838,-7.178957882470456,-14.996004661228568,-7.817046778758112
2019,D1H2C,D,HC,0.224259391272552,-5.996004661228568,-0.5778674879307459,5.418137173297822
2018,OLM,O,LM,0.130051249816384,-22.178957882470456,1.003995338771432,23.18295322124189
2019,SLM,S,LM,0.0619197835248679,43.00399533877143,3.422132512069254,-39.58186282670218
2020,D8H2C,D,HC,0.342460532642633,-19.577867487930746,9.0957216580656,28.673589145996345
2017,HHM,H,HM,0.282447916246717,6.306184451473285,-10.178957882470456,-16.48514233394374
2018,AHM,A,HM,0.0263211552172284,-2.1789578824704563,-28.996004661228568,-26.81704677875811
2017,BH2C,B,HC,0.119310504348546,0.30618445147328543,-6.178957882470456,-6.485142333943742
2018,MLC,M,LC,0.0617248661207945,25.821042117529544,-4.996004661228568,-30.81704677875811
2017,SHM,S,HM,0.206853547019467,-23.693815548526715,-6.178957882470456,17.51485766605626
2019,GLC,G,LC,0.212876126830572,-2.996004661228568,34.422132512069254,37.41813717329782
2018,FHM,F,HM,0.368974782689569,-17.178957882470456,-4.996004661228568,12.182953221241888
2017,FHC,F,HC,0.305926714027518,-4.693815548526715,-5.178957882470456,-0.48514233394374173
2019,SHC,S,HC,0.218772987383936,7.003995338771432,-15.577867487930746,-22.581862826702178
2019,MLM,M,LM,0.35180223278853,-16.996004661228568,-4.577867487930746,12.418137173297822
2020,JLM,J,LM,0.280304745523518,-3.577867487930746,-4.9042783419344005,-1.3264108540036545
2017,SLC,S,LC,0.446847255445049,-4.693815548526715,-6.178957882470456,-1.4851423339437417
2020,NHC,N,HC,0.18200701617572,-4.577867487930746,-13.9042783419344,-9.326410854003655
2020,MHC,M,HC,0.497830517913133,-9.577867487930746,-20.9042783419344,-11.326410854003655
2018,JLM,J,LM,0.398142704037859,0.8210421175295437,-9.996004661228568,-10.817046778758112
2017,MHC,M,HC,0.344207759806091,-15.693815548526715,-1.1789578824704563,14.514857666056258
2018,AHM,A,HM,0.148034276027294,-8.178957882470456,-8.996004661228568,-0.8170467787581117
2019,SHM,S,HM,0.587502892124244,6.003995338771432,-5.577867487930746,-11.581862826702178
2018,NHM,N,HM,0.291640452654731,-7.178957882470456,40.00399533877143,47.18295322124189
2019,GHM,G,HM,0.29054334479353,-4.996004661228568,-3.577867487930746,1.418137173297822
2018,MHM,M,HM,0.339420262139874,28.821042117529544,-0.996004661228568,-29.81704677875811
2018,HHC,H,HC,0.211907432267027,-5.178957882470456,-4.996004661228568,0.1829532212418883
2017,ALC,A,LC,0.0754046003860243,18.306184451473285,16.821042117529544,-1.4851423339437417
2018,BHM,B,HM,0.201193771497766,1.8210421175295437,-10.996004661228568,-12.817046778758112
2018,HHM,H,HM,0.333536550622338,-1.1789578824704563,4.003995338771432,5.182953221241888
2019,D7H2C,D,HC,0.12239999253923,-28.996004661228568,0.42213251206925406,29.418137173297822
2020,SLC,S,LC,0.203344024894866,0.42213251206925406,-0.9042783419344005,-1.3264108540036545
2017,AHC,A,HC,0.138719252611806,4.306184451473285,-7.178957882470456,-11.485142333943742
2020,JLM,J,LM,0.111469724259441,-3.577867487930746,-15.9042783419344,-12.326410854003655
2020,AHM,A,HM,0.0945378576903795,-4.577867487930746,-0.9042783419344005,3.6735891459963455
2017,HHM,H,HM,0.188802302798488,9.306184451473285,-13.178957882470456,-22.48514233394374
2019,OLM,O,LM,0.176413158180594,-0.996004661228568,0.42213251206925406,1.418137173297822
2019,NHM,N,HM,0.173533604432796,-7.996004661228568,-17.577867487930746,-9.581862826702178
2019,GHC,G,HC,0.259034387046872,-0.996004661228568,-11.577867487930746,-10.581862826702178
2020,FLM,F,LM,0.197915784276787,-3.577867487930746,0.09572165806559951,3.6735891459963455
2017,GLM,G,LM,0.199415543007129,20.306184451473285,31.821042117529544,11.514857666056258
2020,MHM,M,HM,0.176730600795604,1.422132512069254,-22.9042783419344,-24.326410854003655
2017,D6H2C,D,HC,0.320192220439719,6.306184451473285,-2.1789578824704563,-8.485142333943742
2019,DLC,D,LC,0.265037241172421,21.003995338771432,-8.577867487930746,-29.581862826702178
2019,GHM,G,HM,0.147408958136898,-1.996004661228568,12.422132512069254,14.418137173297822
2020,NHC,N,HC,-0.0140757880094553,13.422132512069254,-3.9042783419344005,-17.326410854003655
2019,JHM,J,HM,0.391108183706103,-9.996004661228568,-2.577867487930746,7.418137173297822
2018,JHM,J,HM,0.226617150545878,-17.178957882470456,-14.996004661228568,2.1829532212418883
2017,FHC,F,HC,0.303266643608884,-1.6938155485267146,-13.178957882470456,-11.485142333943742
2018,D8H2C,D,HC,0.322540180323599,8.821042117529544,2.003995338771432,-6.817046778758112
2017,D4H2C,D,HC,0.276632789965374,20.306184451473285,5.821042117529544,-14.485142333943742
2019,NHC,N,HC,0.252799737676938,13.003995338771432,-0.5778674879307459,-13.581862826702178
2020,THC,T,HC,0.0267392389805285,26.422132512069254,20.0957216580656,-6.3264108540036545
2017,OLC,O,LC,0.124121211605689,24.306184451473285,12.821042117529544,-11.485142333943742
2019,OHM,O,HM,0.42833406041914,-7.996004661228568,-7.577867487930746,0.4181371732978221
2020,MHC,M,HC,0.265734648792974,-0.5778674879307459,7.0957216580655995,7.6735891459963455
2017,HLC,H,LC,0.177310025783368,3.3061844514732854,26.821042117529544,23.51485766605626
2020,JLM,J,LM,0.250767033110915,11.422132512069254,-4.9042783419344005,-16.326410854003655
2017,OLM,O,LM,0.225872956907494,18.306184451473285,1.8210421175295437,-16.48514233394374
2018,D1H2C,D,HC,0.342306676403967,-6.178957882470456,-7.996004661228568,-1.8170467787581117
2019,D4H2C,D,HC,0.110916534765862,5.003995338771432,18.422132512069254,13.418137173297822
2019,OHM,O,HM,0.1977787050419,-10.996004661228568,-10.577867487930746,0.4181371732978221
2019,BLC,B,LC,0.229428833387577,25.003995338771432,-14.577867487930746,-39.58186282670218
2017,OHC,O,HC,0.124955140183859,-3.6938155485267146,12.821042117529544,16.51485766605626
2018,JLC,J,LC,0.206462222167069,-12.178957882470456,4.003995338771432,16.18295322124189
2019,NLM,N,LM,0.190294660813142,4.003995338771432,-11.577867487930746,-15.581862826702178
2020,JLM,J,LM,0.365347034416465,3.422132512069254,1.0957216580655995,-2.3264108540036545
2017,NLC,N,LC,0.143992465062748,-1.6938155485267146,16.821042117529544,18.51485766605626
2020,AHC,A,HC,0.398889792776997,2.422132512069254,6.0957216580655995,3.6735891459963455
2019,SHC,S,HC,0.335898766313969,-22.996004661228568,42.422132512069254,65.41813717329782
2017,ALM,A,LM,0.344148933541618,-16.693815548526715,-7.178957882470456,9.514857666056258
2018,SHM,S,HM,0.0549231765227667,-9.178957882470456,-1.996004661228568,7.182953221241888
2020,MHM,M,HM,0.585987184638875,-7.577867487930746,-29.9042783419344,-22.326410854003655
2017,D9H2C,D,HC,0.208783718485425,-3.6938155485267146,-5.178957882470456,-1.4851423339437417
2017,OLM,O,LM,0.312257308270103,-6.693815548526715,-5.178957882470456,1.5148576660562583
2017,MHC,M,HC,0.266552858863841,-14.693815548526715,2.8210421175295437,17.51485766605626
2017,OLC,O,LC,0.42245852436204,14.306184451473285,-16.178957882470456,-30.48514233394374
2019,OLC,O,LC,0.15781823738018,-13.996004661228568,-6.577867487930746,7.418137173297822
2020,NLM,N,LM,0.104407530836521,12.422132512069254,7.0957216580655995,-5.3264108540036545
2018,OHC,O,HC,0.146405679045968,-2.1789578824704563,-1.996004661228568,0.1829532212418883
2020,OHM,O,HM,0.188765162330758,-8.577867487930746,-10.9042783419344,-2.3264108540036545
2020,JLM,J,LM,0.0891590791022741,1.422132512069254,2.0957216580655995,0.6735891459963455
2017,D4H2C,D,HC,0.0294993117318125,1.3061844514732854,-9.178957882470456,-10.485142333943742
2019,D6H2C,D,HC,0.117888210313209,-26.996004661228568,12.422132512069254,39.41813717329782
2020,MLC,M,LC,0.101946298550715,-7.577867487930746,0.09572165806559951,7.6735891459963455
2019,BH2C,B,HC,0.40044491090369,4.003995338771432,-5.577867487930746,-9.581862826702178
2020,NHC,N,HC,0.358283264113127,-4.577867487930746,-0.9042783419344005,3.6735891459963455
2018,FHM,F,HM,0.39675483550086,10.821042117529544,0.003995338771431989,-10.817046778758112
2020,JLC,J,LC,0.610730739599591,0.42213251206925406,-9.9042783419344,-10.326410854003655
2018,SLM,S,LM,0.350575854391284,-0.1789578824704563,21.003995338771432,21.18295322124189
2020,FH2C,F,HC,0.178582516870989,4.422132512069254,12.0957216580656,7.6735891459963455
2020,OLM,O,LM,0.130668123091883,-12.577867487930746,0.09572165806559951,12.673589145996345
2020,NLM,N,LM,0.342562449053549,5.422132512069254,6.0957216580655995,0.6735891459963455
2019,ALC,A,LC,0.130392992627954,2.003995338771432,3.422132512069254,1.418137173297822
2020,OHC,O,HC,0.227309367856785,6.422132512069254,-0.9042783419344005,-7.3264108540036545
2020,SLC,S,LC,0.0976185219196508,-5.577867487930746,4.0957216580655995,9.673589145996345
2017,FHM,F,HM,0.384677364036317,-3.6938155485267146,4.821042117529544,8.514857666056258
2020,AHM,A,HM,0.38092403993344,0.42213251206925406,0.09572165806559951,-0.32641085400365455
2018,GLC,G,LC,0.46133855949447,-13.178957882470456,13.003995338771432,26.18295322124189
2020,SHC,S,HC,0.44319589859579,-11.577867487930746,-1.9042783419344005,9.673589145996345
2018,GHC,G,HC,0.266803136920843,-1.1789578824704563,1.003995338771432,2.1829532212418883
2018,D7H2C,D,HC,0.3713384415722,5.821042117529544,-3.996004661228568,-9.817046778758112
2018,BHC,B,HC,0.298941956020969,-2.1789578824704563,1.003995338771432,3.1829532212418883
2019,JLM,J,LM,0.145649656602031,7.003995338771432,34.422132512069254,27.418137173297822
2018,SHM,S,HM,0.370109134553354,-2.1789578824704563,-0.996004661228568,1.1829532212418883
2020,NLM,N,LM,0.316722864168592,-5.577867487930746,-11.9042783419344,-6.3264108540036545
2020,OLM,O,LM,0.312564841190206,-4.577867487930746,-28.9042783419344,-24.326410854003655
2017,AHC,A,HC,0.0399220975328847,-19.693815548526715,-5.178957882470456,14.514857666056258
2019,OHC,O,HC,0.31280222461803,3.003995338771432,6.422132512069254,3.418137173297822
2020,DLC,D,LC,0.208681175712498,-7.577867487930746,-28.9042783419344,-21.326410854003655
2017,OLM,O,LM,0.184268818932196,25.306184451473285,-7.178957882470456,-32.48514233394374
2020,JHM,J,HM,0.590948463783316,5.422132512069254,-9.9042783419344,-15.326410854003655
2017,GLC,G,LC,0.192236776287341,-0.6938155485267146,-1.1789578824704563,-0.48514233394374173
2019,SHM,S,HM,0.429944930633975,-14.996004661228568,1.422132512069254,16.418137173297822
2017,GLC,G,LC,0.16919106715768,5.306184451473285,11.821042117529544,6.514857666056258
2018,GLM,G,LM,0.221650125203697,-6.178957882470456,-5.996004661228568,0.1829532212418883
2020,SLM,S,LM,0.143669764667423,8.422132512069254,-20.9042783419344,-29.326410854003655
2019,GHC,G,HC,0.185888238184571,-12.996004661228568,-7.577867487930746,5.418137173297822
2017,ALC,A,LC,0.553584736179721,-12.693815548526715,-8.178957882470456,4.514857666056258
2018,OLM,O,LM,0.450553774909112,-1.1789578824704563,21.003995338771432,22.18295322124189
2020,JLM,J,LM,0.290218099609914,-15.577867487930746,13.0957216580656,28.673589145996345
2019,SLC,S,LC,0.0736079279994821,-22.996004661228568,1.422132512069254,24.418137173297822
2020,D9H2C,D,HC,0.236616694195319,22.422132512069254,13.0957216580656,-9.326410854003655
2017,SLC,S,LC,0.190283814721897,16.306184451473285,0.8210421175295437,-15.485142333943742
2018,SLC,S,LC,0.170702006310249,3.8210421175295437,-13.996004661228568,-17.81704677875811
2018,SLM,S,LM,0.435714240076793,-6.178957882470456,2.003995338771432,8.182953221241888
2017,FHM,F,HM,0.178328119526019,-9.693815548526715,-1.1789578824704563,8.514857666056258
2020,NHM,N,HM,0.361182559840904,32.422132512069254,13.0957216580656,-19.326410854003655
2017,MLM,M,LM,0.308990369337368,28.306184451473285,-3.1789578824704563,-31.48514233394374
2020,FH2C,F,HC,0.0905165676279256,-1.577867487930746,-5.9042783419344005,-4.3264108540036545
2018,NHM,N,HM,0.0350653775678544,12.821042117529544,-0.996004661228568,-13.817046778758112
2017,GLC,G,LC,0.339431761475253,-11.693815548526715,-12.178957882470456,-0.48514233394374173
2020,DLM,D,LM,0.206183070176165,-17.577867487930746,4.0957216580655995,21.673589145996345
2018,SLC,S,LC,0.185528408764925,-1.1789578824704563,3.003995338771432,4.182953221241888
2017,OLM,O,LM,0.217593148939988,-16.693815548526715,-5.178957882470456,11.514857666056258
2020,MLC,M,LC,0.168344474370804,-6.577867487930746,-29.9042783419344,-23.326410854003655
2018,SLM,S,LM,0.620137417398169,-1.1789578824704563,-10.996004661228568,-9.817046778758112
2019,JLC,J,LC,0.271162931497025,-8.996004661228568,17.422132512069254,26.418137173297822
2018,OLM,O,LM,0.269069429914699,-13.178957882470456,7.003995338771432,20.18295322124189
2018,D1H2C,D,HC,0.50891426762632,-18.178957882470456,7.003995338771432,25.18295322124189
2018,FHC,F,HC,0.491845348220245,-11.178957882470456,-4.996004661228568,6.182953221241888
2019,GHC,G,HC,0.348548265961691,-22.996004661228568,-5.577867487930746,17.418137173297822
2020,FLM,F,LM,0.143595748656145,-11.577867487930746,13.0957216580656,24.673589145996345
2017,SHC,S,HC,0.0122860064317587,10.306184451473285,-11.178957882470456,-21.48514233394374
2017,DHC,D,HC,0.143550314256585,24.306184451473285,-1.1789578824704563,-25.48514233394374
2018,GHC,G,HC,0.399840390114161,-1.1789578824704563,-17.996004661228568,-16.81704677875811
2020,D8H2C,D,HC,0.248508352864559,37.422132512069254,22.0957216580656,-15.326410854003655
2020,JLC,J,LC,0.135927465031371,37.422132512069254,1.0957216580655995,-36.326410854003655
2018,GLM,G,LM,0.0640606548859894,5.821042117529544,1.003995338771432,-4.817046778758112
2018,BHM,B,HM,0.0296958567620909,42.821042117529544,-4.996004661228568,-47.81704677875811
2019,BHM,B,HM,0.149777264394896,-4.996004661228568,12.422132512069254,17.418137173297822
2017,D2H2C,D,HC,0.127403731810127,-23.693815548526715,-1.1789578824704563,22.51485766605626
2018,NLC,N,LC,0.030061631710546,40.821042117529544,19.003995338771432,-21.81704677875811
2020,HLC,H,LC,0.221037457070897,-11.577867487930746,13.0957216580656,24.673589145996345
2018,DLC,D,LC,0.301945618802452,-1.1789578824704563,9.003995338771432,10.182953221241888
2017,NLM,N,LM,0.128227357782473,8.306184451473285,4.821042117529544,-3.4851423339437417
2020,GHM,G,HM,0.357019777576505,-15.577867487930746,12.0957216580656,27.673589145996345
2019,D1H2C,D,HC,0.389504486287098,-4.996004661228568,-5.577867487930746,-0.5818628267021779
2018,AHM,A,HM,0.225714599548692,-25.178957882470456,14.003995338771432,39.18295322124189
2019,BHC,B,HC,0.33792220788332,-2.996004661228568,-1.577867487930746,1.418137173297822
2019,JLC,J,LC,0.24428703877177,11.003995338771432,0.42213251206925406,-10.581862826702178
2018,NLC,N,LC,0.279053838345767,-3.1789578824704563,-4.996004661228568,-1.8170467787581117
2020,ALM,A,LM,0.260780250135662,-11.577867487930746,-11.9042783419344,-0.32641085400365455
2020,BH2C,B,HC,0.174940389871825,-3.577867487930746,0.09572165806559951,3.6735891459963455
2018,OLM,O,LM,0.246881629345389,10.821042117529544,13.003995338771432,2.1829532212418883
2020,JLM,J,LM,0.228447346027661,-3.577867487930746,10.0957216580656,13.673589145996345
2019,OLM,O,LM,0.189711197890281,-5.996004661228568,1.422132512069254,7.418137173297822
2017,OLC,O,LC,0.40680923681614,-0.6938155485267146,1.8210421175295437,2.5148576660562583
2017,D4H2C,D,HC,0.287382739719019,0.30618445147328543,-8.178957882470456,-8.485142333943742
2018,D8H2C,D,HC,0.259805153697267,0.8210421175295437,0.003995338771431989,-0.8170467787581117
2018,OLM,O,LM,0.350895111337877,21.821042117529544,-4.996004661228568,-26.81704677875811
2018,SHC,S,HC,0.0658788850968568,46.821042117529544,-1.996004661228568,-48.81704677875811
2018,OLM,O,LM,0.440326827351642,-4.178957882470456,-12.996004661228568,-8.817046778758112
2019,MLM,M,LM,0.154474765508215,-4.996004661228568,-4.577867487930746,0.4181371732978221
2018,FH2C,F,HC,0.163789163686939,5.821042117529544,4.003995338771432,-1.8170467787581117
2017,ALC,A,LC,0.499269946812218,-6.693815548526715,10.821042117529544,17.51485766605626
2020,SHM,S,HM,0.314918667484922,-3.577867487930746,-15.9042783419344,-12.326410854003655
2018,BLC,B,LC,0.296366565128525,-7.178957882470456,-7.996004661228568,-0.8170467787581117
2017,OLM,O,LM,0.222147981259764,-17.693815548526715,-0.1789578824704563,17.51485766605626
2020,BHM,B,HM,0.218034544437177,1.422132512069254,14.0957216580656,12.673589145996345
2018,FH2C,F,HC,0.246100848553285,-5.178957882470456,-2.996004661228568,2.1829532212418883
2017,D7H2C,D,HC,0.134004212479521,0.30618445147328543,-11.178957882470456,-11.485142333943742
2017,BHC,B,HC,0.215080760970918,20.306184451473285,-6.178957882470456,-26.48514233394374
2019,DLC,D,LC,0.272863349802587,19.003995338771432,5.422132512069254,-13.581862826702178
2020,AHC,A,HC,0.226012559083998,0.42213251206925406,-2.9042783419344005,-3.3264108540036545
2018,D7H2C,D,HC,0.121126077212207,52.821042117529544,-9.996004661228568,-62.81704677875811
2020,D1H2C,D,HC,0.188488306857822,12.422132512069254,6.0957216580655995,-6.3264108540036545
2018,NHM,N,HM,0.403245962281424,28.821042117529544,13.003995338771432,-15.817046778758112
2020,DHM,D,HM,0.355432370343335,3.422132512069254,15.0957216580656,11.673589145996345
2019,GLC,G,LC,0.429071892548776,1.003995338771432,32.422132512069254,31.418137173297822
2017,SHM,S,HM,0.0462206992062284,0.30618445147328543,-5.178957882470456,-5.485142333943742
2019,D8H2C,D,HC,0.376659020007858,-26.996004661228568,-22.577867487930746,4.418137173297822
2018,BLC,B,LC,0.129191995106617,-9.178957882470456,3.003995338771432,12.182953221241888
2020,NHM,N,HM,0.362281112877247,-14.577867487930746,11.0957216580656,25.673589145996345
2017,OLM,O,LM,0.127355871846028,5.306184451473285,-3.1789578824704563,-8.485142333943742
2017,GLM,G,LM,0.215668284770376,13.306184451473285,-13.178957882470456,-26.48514233394374
2020,ALC,A,LC,0.353034148185701,-0.5778674879307459,-4.9042783419344005,-4.3264108540036545
2019,OHC,O,HC,0.374613431499299,-13.996004661228568,-11.577867487930746,2.418137173297822
2020,NLM,N,LM,0.271812236412104,6.422132512069254,10.0957216580656,3.6735891459963455
2018,ALC,A,LC,0.0778188804769002,-10.178957882470456,6.003995338771432,16.18295322124189
2019,D4H2C,D,HC,0.400005315357879,1.003995338771432,-0.5778674879307459,-1.581862826702178
2019,MLC,M,LC,0.345452962124098,1.003995338771432,-7.577867487930746,-8.581862826702178
2019,GLC,G,LC,0.143049416339347,-5.996004661228568,6.422132512069254,12.418137173297822
2018,JHC,J,HC,0.219532773269217,8.821042117529544,8.003995338771432,-0.8170467787581117
2019,DLM,D,LM,0.324187569559699,12.003995338771432,36.422132512069254,24.418137173297822
2017,DLM,D,LM,0.167433653197966,32.306184451473285,23.821042117529544,-8.485142333943742
2018,DLC,D,LC,0.263501167784972,-17.178957882470456,-4.996004661228568,12.182953221241888
2017,GLC,G,LC,0.214260172993606,1.3061844514732854,-7.178957882470456,-8.485142333943742
2017,GHM,G,HM,0.253086656786111,4.306184451473285,-8.178957882470456,-12.485142333943742
2019,GLC,G,LC,0.162900936348804,-7.996004661228568,-13.577867487930746,-5.581862826702178
2020,ALC,A,LC,0.459517398411761,12.422132512069254,-36.9042783419344,-49.326410854003655
2018,NLM,N,LM,0.0755032848088679,11.821042117529544,38.00399533877143,26.18295322124189
2019,NLC,N,LC,0.288885471727342,-3.996004661228568,-14.577867487930746,-10.581862826702178
2019,DLC,D,LC,0.190982702394578,11.003995338771432,2.422132512069254,-8.581862826702178
2017,FLC,F,LC,0.0441258881645277,-18.693815548526715,-1.1789578824704563,17.51485766605626
2019,FHC,F,HC,0.441133228628768,0.003995338771431989,12.422132512069254,12.418137173297822
2017,FLC,F,LC,0.143409169963285,-13.693815548526715,-7.178957882470456,6.514857666056258
2019,BHM,B,HM,0.0140624273839964,-10.996004661228568,-1.577867487930746,9.418137173297822
2018,D4H2C,D,HC,0.308714276311951,-14.178957882470456,3.003995338771432,17.18295322124189
2020,JHM,J,HM,0.639355066957017,6.422132512069254,-29.9042783419344,-36.326410854003655
2020,JLC,J,LC,0.194760564065793,11.422132512069254,-3.9042783419344005,-15.326410854003655
2017,MLM,M,LM,0.129449322920064,-4.693815548526715,-7.178957882470456,-2.4851423339437417
2020,OLC,O,LC,0.301511489437411,6.422132512069254,-35.9042783419344,-42.326410854003655
2018,FHC,F,HC,0.310188773088208,-6.178957882470456,1.003995338771432,7.182953221241888
2018,FHC,F,HC,0.0339270373233692,6.821042117529544,-23.996004661228568,-30.81704677875811
2017,MHC,M,HC,0.342192344100362,0.30618445147328543,-7.178957882470456,-7.485142333943742
2018,OHM,O,HM,0.177853277472246,11.821042117529544,21.003995338771432,9.182953221241888
2018,ALM,A,LM,0.164475528688389,-12.178957882470456,-26.996004661228568,-14.817046778758112
2017,SHM,S,HM,0.288794077919684,-0.6938155485267146,-3.1789578824704563,-2.4851423339437417
2020,D3H2C,D,HC,0.0235516318709225,1.422132512069254,0.09572165806559951,-1.3264108540036545
2017,OLC,O,LC,0.127413002116294,-20.693815548526715,11.821042117529544,32.51485766605626
2020,HHM,H,HM,0.260842259126112,-5.577867487930746,-6.9042783419344005,-1.3264108540036545
2019,BLM,B,LM,0.128703586371594,7.003995338771432,-16.577867487930746,-23.581862826702178
2017,D1H2C,D,HC,0.291985016333576,-1.6938155485267146,-18.178957882470456,-16.48514233394374
2018,FLM,F,LM,0.016400812113737,41.821042117529544,3.003995338771432,-38.81704677875811
2017,MLC,M,LC,0.351966541756788,-3.6938155485267146,-7.178957882470456,-3.4851423339437417
2017,ALC,A,LC,0.302381931625615,-10.693815548526715,-8.178957882470456,2.5148576660562583
2017,ALC,A,LC,0.48233122106425,0.30618445147328543,17.821042117529544,17.51485766605626
2020,OLC,O,LC,0.193396839705055,-12.577867487930746,11.0957216580656,23.673589145996345
2019,GHM,G,HM,0.144771947443682,43.00399533877143,17.422132512069254,-25.581862826702178
2020,FH2C,F,HC,0.140028674265693,-7.577867487930746,8.0957216580656,15.673589145996345
2020,D1H2C,D,HC,0.465150480941925,-5.577867487930746,-3.9042783419344005,1.6735891459963455
2020,JLC,J,LC,0.16319595342592,12.422132512069254,14.0957216580656,1.6735891459963455
2017,D9H2C,D,HC,0.489076686725478,0.30618445147328543,-12.178957882470456,-12.485142333943742
2019,GHC,G,HC,0.321584001576066,0.003995338771431989,-3.577867487930746,-3.581862826702178
2017,DLC,D,LC,0.167142883364469,-17.693815548526715,4.821042117529544,22.51485766605626
2017,FH2C,F,HC,0.129519562146627,-17.693815548526715,22.821042117529544,40.51485766605626
2017,OHM,O,HM,0.0514710134806489,-8.693815548526715,-0.1789578824704563,8.514857666056258
2020,FHC,F,HC,0.118204896325131,-8.577867487930746,-15.9042783419344,-7.3264108540036545
2019,NLM,N,LM,0.058169931490978,1.003995338771432,-12.577867487930746,-13.581862826702178
2018,D1H2C,D,HC,0.331710719160925,-9.178957882470456,-4.996004661228568,4.182953221241888
2018,DHC,D,HC,0.151342259279151,1.8210421175295437,1.003995338771432,-0.8170467787581117
2020,DHM,D,HM,0.19619649536471,1.422132512069254,-0.9042783419344005,-2.3264108540036545
2018,JLM,J,LM,0.211496780454967,-7.178957882470456,-11.996004661228568,-4.817046778758112
2018,SHM,S,HM,0.527647847535778,-7.178957882470456,-8.996004661228568,-1.8170467787581117
2019,JLM,J,LM,0.102155689752799,-0.996004661228568,-10.577867487930746,-9.581862826702178
2017,NHC,N,HC,0.135173800987762,-5.693815548526715,-11.178957882470456,-5.485142333943742
2018,D8H2C,D,HC,0.238360206352523,-13.178957882470456,-26.996004661228568,-13.817046778758112
2019,THC,T,HC,0.396956903363081,-21.996004661228568,-3.577867487930746,18.418137173297822
2018,BHM,B,HM,0.216667661224173,10.821042117529544,13.003995338771432,2.1829532212418883
2020,GHC,G,HC,0.136538981252242,-10.577867487930746,14.0957216580656,24.673589145996345
2019,ALC,A,LC,0.298766789190096,-1.996004661228568,0.42213251206925406,2.418137173297822
2019,SHM,S,HM,0.156586055786508,-8.996004661228568,-7.577867487930746,1.418137173297822
2020,OHC,O,HC,0.642265294426744,-3.577867487930746,19.0957216580656,22.673589145996345
2019,NLC,N,LC,0.112820180034297,-22.996004661228568,50.422132512069254,73.41813717329782
2019,MHM,M,HM,0.332102581374293,2.003995338771432,13.422132512069254,11.418137173297822
2018,D8H2C,D,HC,0.146148282363082,34.821042117529544,8.003995338771432,-26.81704677875811
2020,SHM,S,HM,0.154580126223743,-16.577867487930746,-25.9042783419344,-9.326410854003655
2018,D7H2C,D,HC,0.0704215080846152,46.821042117529544,-8.996004661228568,-55.81704677875811
2020,D7H2C,D,HC,0.25545652976745,8.422132512069254,1.0957216580655995,-7.3264108540036545
2017,AHM,A,HM,0.0472438221631321,44.306184451473285,39.821042117529544,-4.485142333943742
2017,SLC,S,LC,0.458381646996157,0.30618445147328543,4.821042117529544,4.514857666056258
2019,GLC,G,LC,0.282335066879177,33.00399533877143,-1.577867487930746,-34.58186282670218
2020,SLC,S,LC,0.286180570696777,-11.577867487930746,-3.9042783419344005,7.6735891459963455
2019,FHC,F,HC,0.400115283308643,-2.996004661228568,-9.577867487930746,-6.581862826702178
2017,JLC,J,LC,0.200499002862938,0.30618445147328543,4.821042117529544,4.514857666056258
2019,SHC,S,HC,0.404078035212119,-6.996004661228568,-14.577867487930746,-7.581862826702178
2018,GHM,G,HM,0.0379299356988019,-2.1789578824704563,7.003995338771432,9.182953221241888
2018,DHC,D,HC,0.416092220608118,-3.1789578824704563,-6.996004661228568,-3.8170467787581117
2020,GHM,G,HM,0.0418516130534428,-7.577867487930746,4.0957216580655995,11.673589145996345
2017,GHC,G,HC,0.425786222545578,11.306184451473285,20.821042117529544,9.514857666056258
2020,JLC,J,LC,0.0094115407634483,5.422132512069254,-30.9042783419344,-36.326410854003655
2019,GLC,G,LC,0.153480477256905,-4.996004661228568,-2.577867487930746,2.418137173297822
2019,SHM,S,HM,0.356893489092321,-7.996004661228568,-9.577867487930746,-1.581862826702178
2017,SHM,S,HM,0.477031461228555,-5.693815548526715,4.821042117529544,10.514857666056258
2018,FH2C,F,HC,0.213358607687042,-9.178957882470456,-15.996004661228568,-6.817046778758112
2020,FLC,F,LC,0.331490451377396,-3.577867487930746,-23.9042783419344,-20.326410854003655
2018,ALC,A,LC,0.304200291365667,-7.178957882470456,-23.996004661228568,-16.81704677875811
2017,OLC,O,LC,0.217299129848868,-29.693815548526715,-9.178957882470456,20.51485766605626
2017,OLM,O,LM,0.223015567715148,-16.693815548526715,-30.178957882470456,-13.485142333943742
2017,OLC,O,LC,0.0186555197546436,-23.693815548526715,4.821042117529544,28.51485766605626
2019,DHC,D,HC,0.469185756062856,-10.996004661228568,8.422132512069254,19.418137173297822
2018,JHM,J,HM,0.13999681048449,-21.178957882470456,-0.996004661228568,20.18295322124189
2018,NHM,N,HM,0.171049520437713,-7.178957882470456,-16.996004661228568,-9.817046778758112
2017,MLM,M,LM,0.500088825591297,-28.693815548526715,46.821042117529544,75.51485766605626
2020,D1H2C,D,HC,0.15529825776652,41.422132512069254,5.0957216580655995,-36.326410854003655
2018,NHC,N,HC,0.259716250065057,-5.178957882470456,-7.996004661228568,-2.8170467787581117
2020,OLM,O,LM,0.260410953540896,0.42213251206925406,3.0957216580655995,2.6735891459963455
2019,DLC,D,LC,0.313679716685643,25.003995338771432,6.422132512069254,-18.581862826702178
2017,NHM,N,HM,0.322926084707639,5.306184451473285,17.821042117529544,12.514857666056258
2019,NHM,N,HM,0.224782484579908,-17.996004661228568,-5.577867487930746,12.418137173297822
2017,D5H2C,D,HC,0.294549878555128,-5.693815548526715,-1.1789578824704563,4.514857666056258
2019,D7H2C,D,HC,0.145843835004619,8.003995338771432,-10.577867487930746,-18.581862826702178
2019,MHM,M,HM,0.352464666754139,-9.996004661228568,-4.577867487930746,5.418137173297822
2020,D7H2C,D,HC,0.414364560188678,0.42213251206925406,-5.9042783419344005,-6.3264108540036545
2017,SHM,S,HM,0.0661534776861485,26.306184451473285,-12.178957882470456,-38.48514233394374
2020,FHM,F,HM,0.236046394310649,-3.577867487930746,-19.9042783419344,-16.326410854003655
2020,NLC,N,LC,0.40191377092788,-3.577867487930746,-16.9042783419344,-13.326410854003655
2017,D3H2C,D,HC,0.152192419728174,-17.693815548526715,-12.178957882470456,5.514857666056258
2020,HHC,H,HC,0.135538742594575,-15.577867487930746,-5.9042783419344005,9.673589145996345
2020,GLM,G,LM,0.512687184935293,19.422132512069254,2.0957216580655995,-17.326410854003655
2017,OHC,O,HC,0.200389378645611,32.306184451473285,4.821042117529544,-27.48514233394374
2017,GLC,G,LC,0.31849861990935,1.3061844514732854,30.821042117529544,29.51485766605626
2020,BHC,B,HC,0.0093484272740687,19.422132512069254,-30.9042783419344,-50.326410854003655
2017,D3H2C,D,HC,0.390116581769921,1.3061844514732854,-1.1789578824704563,-2.4851423339437417
2020,BLM,B,LM,0.527351917025504,-10.577867487930746,1.0957216580655995,11.673589145996345
2018,HHC,H,HC,0.176033620169721,-1.1789578824704563,1.003995338771432,2.1829532212418883
2017,DLM,D,LM,0.180475758539644,3.3061844514732854,4.821042117529544,1.5148576660562583
2018,THC,T,HC,0.0379961768285046,28.821042117529544,1.003995338771432,-27.81704677875811
2017,GHM,G,HM,0.257877301342532,13.306184451473285,6.821042117529544,-6.485142333943742
2020,OHM,O,HM,0.514197888515348,6.422132512069254,11.0957216580656,4.6735891459963455
2017,MHM,M,HM,0.245613962113541,-14.693815548526715,-7.178957882470456,7.514857666056258
2018,DLC,D,LC,0.299886832182626,22.821042117529544,33.00399533877143,10.182953221241888
2019,NHC,N,HC,0.0626946082223441,-15.996004661228568,4.422132512069254,20.418137173297822
2019,MHM,M,HM,0.0941932867824298,6.003995338771432,32.422132512069254,26.418137173297822
2020,SHC,S,HC,0.263542114790524,-11.577867487930746,6.0957216580655995,17.673589145996345
2020,HHC,H,HC,0.130405238361699,-10.577867487930746,0.09572165806559951,10.673589145996345
2020,ALC,A,LC,0.15245132184114,-3.577867487930746,7.0957216580655995,10.673589145996345
2020,BLM,B,LM,0.291839577785384,-1.577867487930746,-14.9042783419344,-13.326410854003655
2020,JLC,J,LC,0.120086724172093,21.422132512069254,-28.9042783419344,-50.326410854003655
2018,NLM,N,LM,0.297727217018833,-12.178957882470456,18.003995338771432,30.18295322124189
2018,MLC,M,LC,0.514589977746313,-7.178957882470456,-4.996004661228568,2.1829532212418883
2020,GHC,G,HC,0.169922237166005,-5.577867487930746,1.0957216580655995,6.6735891459963455
2017,NLM,N,LM,0.0254161531004677,11.306184451473285,-12.178957882470456,-23.48514233394374
2020,GHC,G,HC,0.290110410006574,2.422132512069254,-0.9042783419344005,-3.3264108540036545
2017,THM,T,HM,0.254022563602581,6.306184451473285,36.821042117529544,30.51485766605626
2019,GLC,G,LC,0.404212554673263,7.003995338771432,-17.577867487930746,-24.581862826702178
2019,OLC,O,LC,0.22880950339387,-10.996004661228568,-1.577867487930746,9.418137173297822
2020,SHC,S,HC,0.122831645500532,-5.577867487930746,3.0957216580655995,8.673589145996345
2017,HHM,H,HM,0.143516636053763,-7.693815548526715,-4.178957882470456,3.5148576660562583
2019,MHC,M,HC,0.328283935686739,11.003995338771432,-5.577867487930746,-16.581862826702178
2018,AHC,A,HC,0.40934156938515,-9.178957882470456,1.003995338771432,10.182953221241888
2017,OLC,O,LC,0.188067924929583,7.306184451473285,-11.178957882470456,-18.48514233394374
2019,BHC,B,HC,0.141184030705681,-2.996004661228568,-7.577867487930746,-4.581862826702178
2020,TLC,T,LC,0.494607902217026,30.422132512069254,11.0957216580656,-19.326410854003655
2020,AHC,A,HC,0.185633816928742,8.422132512069254,10.0957216580656,1.6735891459963455
2020,NHM,N,HM,0.194394455436038,-5.577867487930746,6.0957216580655995,11.673589145996345
2018,D9H2C,D,HC,0.281332970528626,-7.178957882470456,-6.996004661228568,0.1829532212418883
2019,D8H2C,D,HC,0.399351969112361,10.003995338771432,13.422132512069254,3.418137173297822
2019,FHC,F,HC,0.413549606705793,8.003995338771432,-5.577867487930746,-13.581862826702178
2020,NHM,N,HM,0.335205044122521,2.422132512069254,-13.9042783419344,-16.326410854003655
2017,OLC,O,LC,0.183687331649335,6.306184451473285,-0.1789578824704563,-6.485142333943742
2017,OLM,O,LM,0.339495480407169,-21.693815548526715,-10.178957882470456,11.514857666056258
2020,BHC,B,HC,0.209499540124077,-11.577867487930746,8.0957216580656,19.673589145996345
2020,MHM,M,HM,0.403592353381962,8.422132512069254,13.0957216580656,4.6735891459963455
2019,AHC,A,HC,0.262158373423531,-10.996004661228568,-5.577867487930746,5.418137173297822
2018,OLM,O,LM,0.129679995092476,21.821042117529544,6.003995338771432,-15.817046778758112
2019,HLM,H,LM,0.104662572324482,7.003995338771432,-5.577867487930746,-12.581862826702178
2019,NLC,N,LC,0.178375302900133,27.003995338771432,6.422132512069254,-20.581862826702178
2017,D7H2C,D,HC,0.261618573504413,1.3061844514732854,52.821042117529544,51.51485766605626
2019,OLC,O,LC,0.26610295827072,-1.996004661228568,-4.577867487930746,-2.581862826702178
2020,HHC,H,HC,0.210472845110965,-3.577867487930746,13.0957216580656,16.673589145996345
2019,BLM,B,LM,0.0584846922819031,-10.996004661228568,-1.577867487930746,9.418137173297822
2020,GLC,G,LC,0.135790482318029,-5.577867487930746,2.0957216580655995,7.6735891459963455
2020,JLM,J,LM,0.0849711267998743,37.422132512069254,9.0957216580656,-28.326410854003655
2018,AHM,A,HM,0.225981659355782,-5.178957882470456,12.003995338771432,17.18295322124189
2019,SLM,S,LM,0.307166610335075,1.003995338771432,11.422132512069254,10.418137173297822
2017,THM,T,HM,0.158044994491887,22.306184451473285,-8.178957882470456,-30.48514233394374
2018,JLM,J,LM,0.0803494687598052,42.821042117529544,25.003995338771432,-17.81704677875811
2017,JHM,J,HM,0.188611107620905,9.306184451473285,-1.1789578824704563,-10.485142333943742
2018,MHC,M,HC,0.525462939222047,-20.178957882470456,4.003995338771432,24.18295322124189
2018,JLM,J,LM,-0.0120207311998295,36.821042117529544,-5.996004661228568,-42.81704677875811
2020,SHM,S,HM,0.243758797868783,-5.577867487930746,-1.9042783419344005,3.6735891459963455
2020,BHC,B,HC,0.224015998155586,-2.577867487930746,-29.9042783419344,-27.326410854003655
2017,THC,T,HC,0.587916584870512,-9.693815548526715,-12.178957882470456,-2.4851423339437417
2020,GLM,G,LM,0.182982283270314,0.42213251206925406,12.0957216580656,11.673589145996345
2019,TLM,T,LM,0.378074734851633,-5.996004661228568,24.422132512069254,30.418137173297822
2019,SHC,S,HC,0.328519394783046,2.003995338771432,-4.577867487930746,-6.581862826702178
2019,OHC,O,HC,0.128484056814278,-10.996004661228568,-5.577867487930746,5.418137173297822
2017,OLM,O,LM,0.137678646562645,18.306184451473285,-10.178957882470456,-28.48514233394374
2017,FHC,F,HC,-0.00490783926111904,-5.693815548526715,-7.178957882470456,-1.4851423339437417
2017,OHC,O,HC,0.348747858535223,-6.693815548526715,23.821042117529544,30.51485766605626
2020,OLM,O,LM,0.525689438307567,5.422132512069254,8.0957216580656,2.6735891459963455
2020,GLM,G,LM,0.17033127613846,0.42213251206925406,-6.9042783419344005,-7.3264108540036545
2020,OHC,O,HC,0.16092374830904,-4.577867487930746,16.0957216580656,20.673589145996345
2020,SHM,S,HM,0.194468083303184,-17.577867487930746,-10.9042783419344,6.6735891459963455
2018,NLM,N,LM,0.505038372752239,-1.1789578824704563,-4.996004661228568,-3.8170467787581117
2018,MHM,M,HM,0.217461461513811,13.821042117529544,-13.996004661228568,-27.81704677875811
2017,NHC,N,HC,0.296931251789426,6.306184451473285,-4.178957882470456,-10.485142333943742
2018,OLM,O,LM,0.393759445030966,-5.178957882470456,3.003995338771432,8.182953221241888
2020,OHM,O,HM,0.388986146429018,-5.577867487930746,-12.9042783419344,-7.3264108540036545
2018,OHM,O,HM,0.238434299381772,-21.178957882470456,-5.996004661228568,15.182953221241888
2019,ALC,A,LC,0.199286385038388,-8.996004661228568,-8.577867487930746,0.4181371732978221
2019,HHM,H,HM,0.225630827442694,22.003995338771432,-17.577867487930746,-39.58186282670218
2020,AHM,A,HM,0.324360067569056,5.422132512069254,5.0957216580655995,-0.32641085400365455
2018,ALM,A,LM,0.0989256533470855,-1.1789578824704563,1.003995338771432,2.1829532212418883
2017,AHC,A,HC,0.237414168503199,4.306184451473285,-10.178957882470456,-14.485142333943742
2018,HHM,H,HM,0.219291344580057,5.821042117529544,7.003995338771432,1.1829532212418883
2020,GHM,G,HM,0.233562823526166,6.422132512069254,-5.9042783419344005,-12.326410854003655
2019,HLC,H,LC,0.364638622753961,5.003995338771432,5.422132512069254,0.4181371732978221
2017,SLC,S,LC,0.373361747986406,1.3061844514732854,4.821042117529544,3.5148576660562583
2020,FHM,F,HM,0.32422930553208,-5.577867487930746,-0.9042783419344005,4.6735891459963455
2018,ALC,A,LC,0.178085920901845,4.821042117529544,3.003995338771432,-1.8170467787581117
2018,NHC,N,HC,0.137582353909656,-1.1789578824704563,-4.996004661228568,-3.8170467787581117
2020,SHC,S,HC,0.25373320980055,-8.577867487930746,0.09572165806559951,8.673589145996345
2020,MLM,M,LM,0.173911707917343,-18.577867487930746,18.0957216580656,36.673589145996345
2017,HHM,H,HM,0.366309241984154,-7.693815548526715,0.8210421175295437,8.514857666056258
2019,GLC,G,LC,0.211676057232576,-4.996004661228568,-2.577867487930746,2.418137173297822
2019,HHC,H,HC,0.160623886953164,6.003995338771432,-1.577867487930746,-7.581862826702178
2020,FLC,F,LC,0.324541071821905,5.422132512069254,-27.9042783419344,-33.326410854003655
2018,DLM,D,LM,0.271813456468985,3.8210421175295437,-10.996004661228568,-14.817046778758112
2017,D2H2C,D,HC,0.473951841238861,-9.693815548526715,5.821042117529544,15.514857666056258
2018,D1H2C,D,HC,-0.0180675457801283,37.821042117529544,-5.996004661228568,-43.81704677875811
2017,HLM,H,LM,0.0537774828130775,12.306184451473285,4.821042117529544,-7.485142333943742
2017,OLM,O,LM,0.0967989715556625,14.306184451473285,-11.178957882470456,-25.48514233394374
2019,DHM,D,HM,0.354822353369498,-22.996004661228568,16.422132512069254,39.41813717329782
2019,GHC,G,HC,0.148773214885261,-22.996004661228568,1.422132512069254,24.418137173297822
2017,D3H2C,D,HC,0.0482400480188563,12.306184451473285,-0.1789578824704563,-12.485142333943742
2019,D8H2C,D,HC,0.305687983563817,-25.996004661228568,-23.577867487930746,2.418137173297822
2020,OLC,O,LC,0.137395873818148,42.422132512069254,6.0957216580655995,-36.326410854003655
2018,OHC,O,HC,0.389482553901287,5.821042117529544,-14.996004661228568,-20.81704677875811
2020,D7H2C,D,HC,0.212704422541856,-7.577867487930746,13.0957216580656,20.673589145996345
2018,OLC,O,LC,0.211969958148493,23.821042117529544,2.003995338771432,-21.81704677875811
2020,FH2C,F,HC,0.0866990615117817,6.422132512069254,4.0957216580655995,-2.3264108540036545
2020,OHM,O,HM,0.173303881431618,36.422132512069254,-29.9042783419344,-66.32641085400365
2019,ALC,A,LC,0.36377632054574,-7.996004661228568,10.422132512069254,18.418137173297822
2020,JLC,J,LC,0.18714207550517,6.422132512069254,-27.9042783419344,-34.326410854003655
2017,D3H2C,D,HC,0.121525774538132,-31.693815548526715,-6.178957882470456,25.51485766605626
2018,ALC,A,LC,0.159211354391924,-12.178957882470456,2.003995338771432,14.182953221241888
2019,DLM,D,LM,0.138152797424377,-6.996004661228568,28.422132512069254,35.41813717329782
2018,DHC,D,HC,0.199390259912834,4.821042117529544,-17.996004661228568,-22.81704677875811
2018,NLC,N,LC,0.083459371822149,22.821042117529544,10.003995338771432,-12.817046778758112
2020,FHM,F,HM,0.403664169074816,-13.577867487930746,13.0957216580656,26.673589145996345
2020,MHC,M,HC,0.214792422349203,-4.577867487930746,8.0957216580656,12.673589145996345
2017,HHM,H,HM,0.195303297970541,14.306184451473285,-9.178957882470456,-23.48514233394374
2017,OHC,O,HC,0.0946650522872621,-11.693815548526715,-5.178957882470456,6.514857666056258
2019,D3H2C,D,HC,0.583581900221021,1.003995338771432,4.422132512069254,3.418137173297822
2017,ALC,A,LC,0.229878244058044,-11.693815548526715,12.821042117529544,24.51485766605626
2018,OLM,O,LM,0.488376574268692,-0.1789578824704563,-2.996004661228568,-2.8170467787581117
2020,NHC,N,HC,0.226025931439206,-2.577867487930746,1.0957216580655995,3.6735891459963455
2020,MLC,M,LC,0.313115466353835,1.422132512069254,-11.9042783419344,-13.326410854003655
2017,AHM,A,HM,0.0493940476536887,7.306184451473285,-23.178957882470456,-30.48514233394374
2017,GHC,G,HC,-0.00611798807679387,31.306184451473285,-17.178957882470456,-48.48514233394374
2017,MLM,M,LM,0.182282008723967,-28.693815548526715,-17.178957882470456,11.514857666056258
2020,SLC,S,LC,0.266078641531393,9.422132512069254,-5.9042783419344005,-15.326410854003655
2018,D7H2C,D,HC,0.179111773768412,-7.178957882470456,-10.996004661228568,-3.8170467787581117
2020,SHM,S,HM,0.18639172575901,-9.577867487930746,-10.9042783419344,-1.3264108540036545
2020,DHM,D,HM,0.23349311854849,10.422132512069254,0.09572165806559951,-10.326410854003655
2019,SHC,S,HC,0.376074741982839,7.003995338771432,8.422132512069254,1.418137173297822
2020,MLC,M,LC,0.162712761121682,-13.577867487930746,-16.9042783419344,-3.3264108540036545
2020,NLC,N,LC,0.235276959875022,-6.577867487930746,2.0957216580655995,8.673589145996345
2019,OHM,O,HM,0.269511527779502,-16.996004661228568,6.422132512069254,23.418137173297822
2020,SLC,S,LC,0.150400649345389,-0.5778674879307459,18.0957216580656,18.673589145996345
2018,D7H2C,D,HC,0.341682999799359,0.8210421175295437,25.003995338771432,24.18295322124189
2020,MLC,M,LC,0.290048571806858,-0.5778674879307459,30.0957216580656,30.673589145996345
2017,D7H2C,D,HC,0.144107568235514,8.306184451473285,10.821042117529544,2.5148576660562583
2018,MHC,M,HC,0.418246377449781,22.821042117529544,-13.996004661228568,-36.81704677875811
2017,SLC,S,LC,0.448927561130436,-3.6938155485267146,22.821042117529544,26.51485766605626
2017,D4H2C,D,HC,0.0453016752080819,2.3061844514732854,-7.178957882470456,-9.485142333943742
2020,SHM,S,HM,0.132315259982423,0.42213251206925406,-4.9042783419344005,-5.3264108540036545
2018,FLM,F,LM,0.127989763915529,-1.1789578824704563,19.003995338771432,20.18295322124189
2018,D1H2C,D,HC,0.212571545605785,-0.1789578824704563,-21.996004661228568,-21.81704677875811
2018,OLC,O,LC,0.514206559740612,-9.178957882470456,7.003995338771432,16.18295322124189
2017,SHC,S,HC,0.115313046059685,25.306184451473285,-17.178957882470456,-42.48514233394374
2020,AHM,A,HM,0.400126593898513,-2.577867487930746,1.0957216580655995,3.6735891459963455
2017,SLM,S,LM,0.111385546558883,0.30618445147328543,31.821042117529544,31.51485766605626
2020,JHM,J,HM,0.130056022790475,1.422132512069254,7.0957216580655995,5.6735891459963455
2017,D8H2C,D,HC,0.0514879797748837,5.306184451473285,-5.178957882470456,-10.485142333943742
2018,SHM,S,HM,0.223964647200507,-7.178957882470456,8.003995338771432,15.182953221241888
2019,MHM,M,HM,0.203751818533558,-4.996004661228568,-13.577867487930746,-8.581862826702178
2019,NLC,N,LC,0.0942172381933173,0.003995338771431989,-4.577867487930746,-4.581862826702178
2020,ALM,A,LM,0.34539404130722,0.42213251206925406,0.09572165806559951,-0.32641085400365455
2017,HLC,H,LC,-0.00458235933624129,-7.693815548526715,0.8210421175295437,8.514857666056258
2018,AHC,A,HC,0.301284709751882,-7.178957882470456,-4.996004661228568,2.1829532212418883
2017,BHM,B,HM,0.307114075306567,-3.6938155485267146,-15.178957882470456,-11.485142333943742
2019,DHC,D,HC,0.451720795191717,9.003995338771432,1.422132512069254,-7.581862826702178
2020,ALC,A,LC,0.328126951121788,2.422132512069254,-1.9042783419344005,-4.3264108540036545
2019,MLC,M,LC,0.122527415945158,19.003995338771432,0.42213251206925406,-18.581862826702178
2017,OHM,O,HM,0.299169059841198,0.30618445147328543,53.821042117529544,53.51485766605626
2019,JLM,J,LM,0.0571404647326794,14.003995338771432,13.422132512069254,-0.5818628267021779
2020,OLM,O,LM,0.277868622454914,-21.577867487930746,1.0957216580655995,22.673589145996345
2019,HHM,H,HM,0.379625230667437,-3.996004661228568,1.422132512069254,5.418137173297822
2018,D8H2C,D,HC,0.310349016658715,-30.178957882470456,12.003995338771432,42.18295322124189
2020,THC,T,HC,0.347898816647917,-4.577867487930746,-9.9042783419344,-5.3264108540036545
2018,HHC,H,HC,0.369370484677154,-4.178957882470456,20.003995338771432,24.18295322124189
2018,OLM,O,LM,0.434067632747197,-1.1789578824704563,0.003995338771431989,1.1829532212418883
2020,MLM,M,LM,0.071044422965322,42.422132512069254,-5.9042783419344005,-48.326410854003655
2020,D7H2C,D,HC,0.0991268617472263,2.422132512069254,1.0957216580655995,-1.3264108540036545
2018,JLM,J,LM,0.295091859110975,6.821042117529544,3.003995338771432,-3.8170467787581117
2020,DHM,D,HM,0.193556545373601,22.422132512069254,18.0957216580656,-4.3264108540036545
2018,OHC,O,HC,0.428780466039449,-1.1789578824704563,-10.996004661228568,-9.817046778758112
2020,GLC,G,LC,0.0666434968618561,28.422132512069254,10.0957216580656,-18.326410854003655
2019,OHC,O,HC,0.615718016527027,5.003995338771432,-12.577867487930746,-17.581862826702178
2017,NHM,N,HM,0.333722509713081,-5.693815548526715,-10.178957882470456,-4.485142333943742
2019,OHC,O,HC,0.421533286488391,6.003995338771432,4.422132512069254,-1.581862826702178
2017,FHC,F,HC,0.0669672012572156,31.306184451473285,-4.178957882470456,-35.48514233394374
2020,D7H2C,D,HC,0.213695556370238,1.422132512069254,-38.9042783419344,-40.326410854003655
2018,GLC,G,LC,0.0802706797382899,-23.178957882470456,-7.996004661228568,15.182953221241888
2018,BLM,B,LM,0.113702043461799,-13.178957882470456,7.003995338771432,20.18295322124189
2017,JLM,J,LM,0.255757250524623,12.306184451473285,29.821042117529544,17.51485766605626
2017,SLC,S,LC,0.220530876073845,0.30618445147328543,-7.178957882470456,-7.485142333943742
2020,NHM,N,HM,0.283507249012263,-2.577867487930746,1.0957216580655995,3.6735891459963455
2018,JLM,J,LM,0.298638926350202,5.821042117529544,14.003995338771432,8.182953221241888
2017,AHC,A,HC,0.552590785014153,-8.693815548526715,-2.1789578824704563,6.514857666056258
2019,NHM,N,HM,0.203794494082133,-19.996004661228568,2.422132512069254,22.418137173297822
2019,D8H2C,D,HC,0.280802269929796,-20.996004661228568,-9.577867487930746,11.418137173297822
2020,SLM,S,LM,-0.0159523627380942,14.422132512069254,35.0957216580656,20.673589145996345
2017,HLM,H,LM,0.358061151884439,3.3061844514732854,-1.1789578824704563,-4.485142333943742
2018,NHC,N,HC,0.0119675981293783,4.821042117529544,-9.996004661228568,-14.817046778758112
2017,MHC,M,HC,0.107384496588216,-23.693815548526715,47.821042117529544,71.51485766605626
2020,BH2C,B,HC,0.323094564414022,-5.577867487930746,2.0957216580655995,7.6735891459963455
2017,MHC,M,HC,0.498418195302962,0.30618445147328543,16.821042117529544,16.51485766605626
2017,NHC,N,HC,0.41210829597028,4.306184451473285,31.821042117529544,27.51485766605626
2020,MLM,M,LM,0.427044074180592,11.422132512069254,-16.9042783419344,-28.326410854003655
2017,JLM,J,LM,0.17140168949709,2.3061844514732854,-12.178957882470456,-14.485142333943742
2018,D4H2C,D,HC,0.00390437206430283,4.821042117529544,-9.996004661228568,-14.817046778758112
2018,MHM,M,HM,0.251063497255848,57.821042117529544,24.003995338771432,-33.81704677875811
2019,AHM,A,HM,0.322019259960515,2.003995338771432,6.422132512069254,4.418137173297822
2018,ALM,A,LM,0.196128372779212,-13.178957882470456,13.003995338771432,26.18295322124189
2017,SHM,S,HM,0.122554512081479,4.306184451473285,-11.178957882470456,-15.485142333943742
2018,NHM,N,HM,0.642863489908163,-7.178957882470456,1.003995338771432,8.182953221241888
2020,DLM,D,LM,0.323214629450595,0.42213251206925406,-1.9042783419344005,-2.3264108540036545
2017,FHC,F,HC,0.0628858894194939,-23.693815548526715,-3.1789578824704563,20.51485766605626
2020,SLC,S,LC,0.126563116406511,-3.577867487930746,7.0957216580655995,10.673589145996345
2018,FLM,F,LM,0.241199029276696,-5.178957882470456,4.003995338771432,9.182953221241888
2019,FHC,F,HC,0.526808290616121,11.003995338771432,-4.577867487930746,-15.581862826702178
2020,FHC,F,HC,0.248914813070192,-4.577867487930746,-17.9042783419344,-13.326410854003655
2018,FLM,F,LM,0.181724698021001,-16.178957882470456,7.003995338771432,23.18295322124189
2018,NHM,N,HM,0.242747718315042,-18.178957882470456,14.003995338771432,32.18295322124189
2020,OHM,O,HM,0.292865730005661,-7.577867487930746,27.0957216580656,34.673589145996345
2018,MHM,M,HM,0.251654122261527,-4.178957882470456,-6.996004661228568,-2.8170467787581117
2020,BHM,B,HM,0.394330823779026,-8.577867487930746,0.09572165806559951,8.673589145996345
2019,BHC,B,HC,0.331904011457049,-9.996004661228568,-11.577867487930746,-1.581862826702178
2017,D6H2C,D,HC,0.10703851595924,2.3061844514732854,-7.178957882470456,-9.485142333943742
2020,D5H2C,D,HC,0.335130098572754,3.422132512069254,-11.9042783419344,-15.326410854003655
2018,D7H2C,D,HC,0.161518957408991,-0.1789578824704563,10.003995338771432,10.182953221241888
2018,MHC,M,HC,0.244434796175492,-17.178957882470456,-0.996004661228568,16.18295322124189
2020,DLC,D,LC,0.315594654459056,-11.577867487930746,-24.9042783419344,-13.326410854003655
2018,DLM,D,LM,0.25963686307156,-3.1789578824704563,-21.996004661228568,-18.81704677875811
2020,JLM,J,LM,0.15419809662231,-11.577867487930746,12.0957216580656,23.673589145996345
2018,FLC,F,LC,0.215162498554703,-8.178957882470456,19.003995338771432,27.18295322124189
2019,NLC,N,LC,0.173654004432817,-9.996004661228568,9.422132512069254,19.418137173297822
2018,HLM,H,LM,0.379055121595109,17.821042117529544,6.003995338771432,-11.817046778758112
2018,D7H2C,D,HC,0.0441594570273922,54.821042117529544,6.003995338771432,-48.81704677875811
2020,TLM,T,LM,0.331239126546917,10.422132512069254,7.0957216580655995,-3.3264108540036545
2017,TLC,T,LC,0.540829810217926,-5.693815548526715,2.8210421175295437,8.514857666056258
2020,OLC,O,LC,0.563207289201385,-6.577867487930746,-27.9042783419344,-21.326410854003655
2017,NLC,N,LC,0.406332959375477,7.306184451473285,-1.1789578824704563,-8.485142333943742
2019,HLC,H,LC,0.187232424529122,-9.996004661228568,-0.5778674879307459,9.418137173297822
2017,AHC,A,HC,0.326524544979474,-6.693815548526715,-10.178957882470456,-3.4851423339437417
2018,HLC,H,LC,0.172802189994307,34.821042117529544,6.003995338771432,-28.81704677875811
2020,FLC,F,LC,0.387476716784301,7.422132512069254,-11.9042783419344,-19.326410854003655
2018,TLM,T,LM,0.34934122101915,-3.1789578824704563,-2.996004661228568,0.1829532212418883
2018,AHC,A,HC,0.430418669465964,-5.178957882470456,0.003995338771431989,5.182953221241888
2018,JLM,J,LM,0.0708935737489048,19.821042117529544,0.003995338771431989,-19.81704677875811
2020,GHM,G,HM,0.260358350899697,12.422132512069254,3.0957216580655995,-9.326410854003655
2020,D4H2C,D,HC,0.11106480767967,-8.577867487930746,6.0957216580655995,14.673589145996345
2020,SHC,S,HC,0.0939156515214923,-4.577867487930746,13.0957216580656,17.673589145996345
2017,NLM,N,LM,0.156096490214947,28.306184451473285,-6.178957882470456,-34.48514233394374
2018,HHM,H,HM,0.14127673595593,-16.178957882470456,1.003995338771432,17.18295322124189
2018,MLM,M,LM,0.225390075896267,7.821042117529544,4.003995338771432,-3.8170467787581117
2020,NHC,N,HC,0.360715253691445,-4.577867487930746,-15.9042783419344,-11.326410854003655
2019,D9H2C,D,HC,0.227401050063513,7.003995338771432,1.422132512069254,-5.581862826702178
2020,BHM,B,HM,0.345972282912936,12.422132512069254,-3.9042783419344005,-16.326410854003655
2017,FLC,F,LC,0.216024244759521,-7.693815548526715,40.821042117529544,48.51485766605626
2017,JLM,J,LM,0.35679150675928,-8.693815548526715,36.821042117529544,45.51485766605626
2020,NLC,N,LC,0.550491618130903,-3.577867487930746,-16.9042783419344,-13.326410854003655
2017,DLM,D,LM,0.331943938563085,2.3061844514732854,35.821042117529544,33.51485766605626
2020,MHM,M,HM,0.340735414314961,-17.577867487930746,-0.9042783419344005,16.673589145996345
2020,AHC,A,HC,0.166722175648529,-2.577867487930746,-4.9042783419344005,-2.3264108540036545
2020,NHC,N,HC,0.0496847616521325,1.422132512069254,8.0957216580656,6.6735891459963455
2018,NHM,N,HM,0.365257614086831,-7.178957882470456,-6.996004661228568,0.1829532212418883
2019,MLM,M,LM,0.240417720546925,2.003995338771432,-0.5778674879307459,-2.581862826702178
2020,NLC,N,LC,0.23818027310162,-16.577867487930746,8.0957216580656,24.673589145996345
2017,D7H2C,D,HC,0.0148072987508938,-20.693815548526715,-11.178957882470456,9.514857666056258
2017,DHC,D,HC,0.351831027263876,5.306184451473285,-10.178957882470456,-15.485142333943742
2019,JHM,J,HM,0.286798560449102,4.003995338771432,-4.577867487930746,-8.581862826702178
2018,SHC,S,HC,0.366525284467909,-5.178957882470456,-3.996004661228568,1.1829532212418883
2020,GHM,G,HM,0.319803124602151,-2.577867487930746,-2.9042783419344005,-0.32641085400365455
2017,JLM,J,LM,0.018258289038221,-19.693815548526715,6.821042117529544,26.51485766605626
2017,OLC,O,LC,0.334215283381613,14.306184451473285,-2.1789578824704563,-16.48514233394374
2019,FH2C,F,HC,0.449155902415971,-22.996004661228568,4.422132512069254,27.418137173297822
2017,MLM,M,LM,0.0523996063763421,-10.693815548526715,-1.1789578824704563,9.514857666056258
2019,GHM,G,HM,0.266670080608869,-7.996004661228568,0.42213251206925406,8.418137173297822
2018,D6H2C,D,HC,0.10023898154621,-1.1789578824704563,-7.996004661228568,-6.817046778758112
2018,JLM,J,LM,0.329750991153389,11.821042117529544,16.003995338771432,4.182953221241888
2019,GHC,G,HC,0.0584358245529295,-11.996004661228568,-6.577867487930746,5.418137173297822
2020,MHM,M,HM,0.191206173711239,19.422132512069254,6.0957216580655995,-13.326410854003655
2019,BLM,B,LM,0.240276266491871,-5.996004661228568,8.422132512069254,14.418137173297822
2020,ALC,A,LC,0.423696302540372,-3.577867487930746,0.09572165806559951,3.6735891459963455
2019,SHC,S,HC,0.200972790306454,-9.996004661228568,-10.577867487930746,-0.5818628267021779
2019,HLM,H,LM,0.0861790801843754,13.003995338771432,6.422132512069254,-6.581862826702178
2019,GHC,G,HC,0.198192473611389,21.003995338771432,-0.5778674879307459,-21.581862826702178
2017,OHM,O,HM,0.336149881503644,-16.693815548526715,-0.1789578824704563,16.51485766605626
2020,NHC,N,HC,0.302444787741592,5.422132512069254,5.0957216580655995,-0.32641085400365455
2017,SHC,S,HC,0.234591612190987,0.30618445147328543,-1.1789578824704563,-1.4851423339437417
2018,JLM,J,LM,0.273538528495287,5.821042117529544,-3.996004661228568,-9.817046778758112
2019,ALC,A,LC,0.00211326426232983,43.00399533877143,2.422132512069254,-40.58186282670218
2019,FHM,F,HM,0.501665227469476,-0.996004661228568,16.422132512069254,17.418137173297822
2019,AHM,A,HM,0.0313953213108766,19.003995338771432,2.422132512069254,-16.581862826702178
2020,SLC,S,LC,0.165393485316666,-15.577867487930746,6.0957216580655995,21.673589145996345
2017,GHC,G,HC,0.281490447278344,-3.6938155485267146,-4.178957882470456,-0.48514233394374173
2017,D7H2C,D,HC,0.266349433730655,-3.6938155485267146,-12.178957882470456,-8.485142333943742
2017,NHC,N,HC,0.0724654468102168,-9.693815548526715,-2.1789578824704563,7.514857666056258
2017,DHC,D,HC,0.251925101937429,2.3061844514732854,-16.178957882470456,-18.48514233394374
2018,D8H2C,D,HC,0.387942971278822,-1.1789578824704563,1.003995338771432,2.1829532212418883
2019,D3H2C,D,HC,0.360509265413494,1.003995338771432,2.422132512069254,1.418137173297822
2019,ALC,A,LC,0.338793450809209,7.003995338771432,1.422132512069254,-5.581862826702178
2020,BLM,B,LM,0.545046686733385,-5.577867487930746,-4.9042783419344005,0.6735891459963455
2020,NLC,N,LC,0.444519376242355,6.422132512069254,-22.9042783419344,-29.326410854003655
2017,ALM,A,LM,0.0527127169164952,1.3061844514732854,42.821042117529544,41.51485766605626
2019,MLC,M,LC,0.172679742588988,-9.996004661228568,-9.577867487930746,0.4181371732978221
2019,ALC,A,LC,0.397565480246536,-1.996004661228568,-11.577867487930746,-9.581862826702178
2017,OHC,O,HC,0.331601729802825,-3.6938155485267146,-5.178957882470456,-1.4851423339437417
2018,MHM,M,HM,0.206307287061281,-0.1789578824704563,-1.996004661228568,-1.8170467787581117
2018,D5H2C,D,HC,0.154658775249489,-12.178957882470456,-6.996004661228568,5.182953221241888
2019,MHM,M,HM,0.333022931113368,24.003995338771432,-11.577867487930746,-35.58186282670218
2018,D3H2C,D,HC,0.422242847991683,10.821042117529544,-0.996004661228568,-11.817046778758112
2020,GLM,G,LM,0.0925648164233757,0.42213251206925406,7.0957216580655995,6.6735891459963455
2019,OHC,O,HC,0.334538858531486,-4.996004661228568,-8.577867487930746,-3.581862826702178
2020,FHC,F,HC,0.0306455965468297,-5.577867487930746,-5.9042783419344005,-0.32641085400365455
2018,FHC,F,HC,0.241753677620613,-4.178957882470456,-6.996004661228568,-2.8170467787581117
2020,BHM,B,HM,0.215772029991573,-13.577867487930746,6.0957216580655995,19.673589145996345
2020,GLM,G,LM,0.342571387855398,-3.577867487930746,-35.9042783419344,-32.326410854003655
2018,BHC,B,HC,0.0113405269606386,1.8210421175295437,3.003995338771432,1.1829532212418883
2020,D8H2C,D,HC,0.152425914643326,4.422132512069254,0.09572165806559951,-4.3264108540036545
2018,D8H2C,D,HC,0.35909215641399,13.821042117529544,-5.996004661228568,-19.81704677875811
2019,JHC,J,HC,0.293450258214407,-21.996004661228568,20.422132512069254,42.41813717329782
2018,SHM,S,HM,0.242636301875647,-15.178957882470456,-10.996004661228568,4.182953221241888
2017,D7H2C,D,HC,0.294519035330758,12.306184451473285,16.821042117529544,4.514857666056258
2018,SLM,S,LM,0.048370906561729,-7.178957882470456,4.003995338771432,11.182953221241888
2020,OHC,O,HC,0.292011161090194,9.422132512069254,-17.9042783419344,-27.326410854003655
2019,D1H2C,D,HC,0.25533543488886,-3.996004661228568,-12.577867487930746,-8.581862826702178
2019,DHC,D,HC,0.265808067592184,7.003995338771432,-1.577867487930746,-8.581862826702178
2020,D8H2C,D,HC,0.354699910258669,2.422132512069254,-29.9042783419344,-32.326410854003655
2017,HHC,H,HC,0.317373318269054,14.306184451473285,-5.178957882470456,-19.48514233394374
2017,SHC,S,HC,0.250291858846125,-9.693815548526715,28.821042117529544,38.51485766605626
2020,NHC,N,HC,-0.0206913741418799,8.422132512069254,3.0957216580655995,-5.3264108540036545
2020,GLM,G,LM,0.18959306238362,-7.577867487930746,-3.9042783419344005,3.6735891459963455
2017,SLM,S,LM,0.127748725815137,-7.693815548526715,-11.178957882470456,-3.4851423339437417
2020,DLM,D,LM,0.0770672617849992,-4.577867487930746,15.0957216580656,19.673589145996345
2017,OLC,O,LC,0.141505794339951,25.306184451473285,-5.178957882470456,-30.48514233394374
2020,NLC,N,LC,0.722086857197655,-5.577867487930746,-17.9042783419344,-12.326410854003655
2019,BLM,B,LM,0.0439082603478778,19.003995338771432,-5.577867487930746,-24.581862826702178
2020,NHM,N,HM,0.166624101195208,-0.5778674879307459,-26.9042783419344,-26.326410854003655
2019,OHC,O,HC,0.380933103902013,-9.996004661228568,-3.577867487930746,6.418137173297822
2017,OHC,O,HC,0.196092160913896,0.30618445147328543,6.821042117529544,6.514857666056258
2017,OHC,O,HC,0.182798423280654,4.306184451473285,-9.178957882470456,-13.485142333943742
2020,D8H2C,D,HC,0.143322833730012,4.422132512069254,7.0957216580655995,2.6735891459963455
2017,MHM,M,HM,0.520760670382653,-23.693815548526715,3.8210421175295437,27.51485766605626
2018,OHC,O,HC,0.342749770644923,-6.178957882470456,-16.996004661228568,-10.817046778758112
2017,MHC,M,HC,0.39532526223461,-11.693815548526715,22.821042117529544,34.51485766605626
2018,D3H2C,D,HC,0.2533124632271,-3.1789578824704563,7.003995338771432,10.182953221241888
2019,D8H2C,D,HC,0.162164322631069,-34.99600466122857,15.422132512069254,50.41813717329782
2018,D8H2C,D,HC,0.18717634776722,-1.1789578824704563,16.003995338771432,17.18295322124189
2019,D9H2C,D,HC,0.110777476839559,1.003995338771432,-11.577867487930746,-12.581862826702178
2020,BHC,B,HC,0.403492772801784,-5.577867487930746,0.09572165806559951,5.6735891459963455
2018,DHM,D,HM,0.265920222572201,-6.178957882470456,5.003995338771432,11.182953221241888
2019,BHC,B,HC,0.30592030613242,-5.996004661228568,-6.577867487930746,-0.5818628267021779
2018,ALM,A,LM,0.435476191057271,-11.178957882470456,-4.996004661228568,6.182953221241888
2018,SLM,S,LM,0.0957785176799184,-15.178957882470456,12.003995338771432,27.18295322124189
2019,JLM,J,LM,0.338887055642598,-4.996004661228568,-5.577867487930746,-0.5818628267021779
2018,NHC,N,HC,0.341256874269976,-7.178957882470456,0.003995338771431989,7.182953221241888
2017,MLC,M,LC,0.29153460426542,6.306184451473285,-1.1789578824704563,-7.485142333943742
2020,AHM,A,HM,0.0876152520702633,3.422132512069254,0.09572165806559951,-3.3264108540036545
2018,DHC,D,HC,0.28489355249706,-8.178957882470456,-2.996004661228568,5.182953221241888
2019,JLC,J,LC,-0.00781029654481169,16.003995338771432,-4.577867487930746,-20.581862826702178
2018,OHC,O,HC,0.154908444907339,4.821042117529544,-19.996004661228568,-24.81704677875811
2019,SHM,S,HM,0.363021815542297,5.003995338771432,-4.577867487930746,-9.581862826702178
2020,JHM,J,HM,0.144588450943002,-7.577867487930746,2.0957216580655995,9.673589145996345
2018,D8H2C,D,HC,0.1248440761436,-1.1789578824704563,-27.996004661228568,-26.81704677875811
2018,SHC,S,HC,0.591281904870514,-1.1789578824704563,-25.996004661228568,-24.81704677875811
2017,BH2C,B,HC,0.290612341425409,-0.6938155485267146,-6.178957882470456,-5.485142333943742
2019,MHM,M,HM,0.255288894774107,-16.996004661228568,-11.577867487930746,5.418137173297822
2019,TLM,T,LM,0.313361628872714,-9.996004661228568,-10.577867487930746,-0.5818628267021779
2020,BHC,B,HC,0.395103280469864,-5.577867487930746,-21.9042783419344,-16.326410854003655
2017,JHC,J,HC,0.435251284965896,5.306184451473285,17.821042117529544,12.514857666056258
2019,FLC,F,LC,0.277808052044029,1.003995338771432,-3.577867487930746,-4.581862826702178
2020,BLC,B,LC,0.0597157056633961,-11.577867487930746,-3.9042783419344005,7.6735891459963455
2019,AHC,A,HC,0.398240525217381,-4.996004661228568,11.422132512069254,16.418137173297822
2018,JLM,J,LM,0.391953477831557,-1.1789578824704563,-34.99600466122857,-33.81704677875811
2018,TLM,T,LM,0.512741928131936,-5.178957882470456,-10.996004661228568,-5.817046778758112
2017,HHC,H,HC,0.427720534825867,0.30618445147328543,-9.178957882470456,-9.485142333943742
2017,OLC,O,LC,0.511604285363968,1.3061844514732854,-9.178957882470456,-10.485142333943742
2018,HHC,H,HC,0.194221303721285,-1.1789578824704563,-18.996004661228568,-17.81704677875811
2019,SHM,S,HM,0.179537029676599,-5.996004661228568,-17.577867487930746,-11.581862826702178
2017,D4H2C,D,HC,0.437225355783877,-5.693815548526715,4.821042117529544,10.514857666056258
2018,DLM,D,LM,0.239754161366306,-13.178957882470456,29.003995338771432,42.18295322124189
2019,MHM,M,HM,0.364382235570835,-4.996004661228568,8.422132512069254,13.418137173297822
2017,HLM,H,LM,0.214667954559309,3.3061844514732854,-7.178957882470456,-10.485142333943742
2018,GHM,G,HM,0.338097520466825,12.821042117529544,0.003995338771431989,-12.817046778758112
2018,JLM,J,LM,0.196889351027123,-17.178957882470456,-8.996004661228568,8.182953221241888
2019,NLC,N,LC,0.24091511561767,-18.996004661228568,6.422132512069254,25.418137173297822
2019,GHM,G,HM,0.116066879995021,-5.996004661228568,1.422132512069254,7.418137173297822
2018,SLM,S,LM,0.266805125095412,-11.178957882470456,-10.996004661228568,0.1829532212418883
2017,FH2C,F,HC,0.145326432148773,1.3061844514732854,-9.178957882470456,-10.485142333943742
2020,FLC,F,LC,0.545784685772084,10.422132512069254,-15.9042783419344,-26.326410854003655
2018,BH2C,B,HC,0.409768326162457,-12.178957882470456,7.003995338771432,19.18295322124189
2020,MLM,M,LM,0.106270551699842,-4.577867487930746,15.0957216580656,19.673589145996345
2018,D7H2C,D,HC,0.247537348868054,-6.178957882470456,2.003995338771432,8.182953221241888
2019,MHC,M,HC,0.310686903050316,-13.996004661228568,-11.577867487930746,2.418137173297822
2018,OLM,O,LM,0.269383803083025,0.8210421175295437,7.003995338771432,6.182953221241888
2017,GLC,G,LC,0.0764311499741608,0.30618445147328543,-1.1789578824704563,-1.4851423339437417
2017,GLC,G,LC,0.256202589060479,0.30618445147328543,-6.178957882470456,-6.485142333943742
2017,HLM,H,LM,0.409849936722222,12.306184451473285,-13.178957882470456,-25.48514233394374
2017,JLC,J,LC,0.569369528050593,1.3061844514732854,-6.178957882470456,-7.485142333943742
2020,NLM,N,LM,0.198147846925969,13.422132512069254,7.0957216580655995,-6.3264108540036545
2017,OLC,O,LC,0.336597832711921,-17.693815548526715,-13.178957882470456,4.514857666056258
2019,FHC,F,HC,0.24822235364399,9.003995338771432,-9.577867487930746,-18.581862826702178
2019,GLC,G,LC,0.0195383007920993,-2.996004661228568,-3.577867487930746,-0.5818628267021779
2017,MLM,M,LM,0.121815644174046,-6.693815548526715,-13.178957882470456,-6.485142333943742
2017,NHM,N,HM,-0.0134625257047654,6.306184451473285,-5.178957882470456,-11.485142333943742
2019,SHC,S,HC,0.462409603982726,0.003995338771431989,-3.577867487930746,-3.581862826702178
2019,GLM,G,LM,0.0397900981925612,-15.996004661228568,-5.577867487930746,10.418137173297822
2018,NHM,N,HM,0.100128347492006,12.821042117529544,-9.996004661228568,-22.81704677875811
2020,BHC,B,HC,0.291122321925596,4.422132512069254,12.0957216580656,7.6735891459963455
2019,FH2C,F,HC,0.442489043191654,-23.996004661228568,7.422132512069254,31.418137173297822
2017,BHM,B,HM,-0.00515344357275205,-20.693815548526715,-4.178957882470456,16.51485766605626
2017,SLM,S,LM,0.131901470356218,3.3061844514732854,-12.178957882470456,-15.485142333943742
2019,BHM,B,HM,0.195617501302193,5.003995338771432,11.422132512069254,6.418137173297822
2020,BLM,B,LM,0.33731259590872,-5.577867487930746,-1.9042783419344005,3.6735891459963455
2018,DLC,D,LC,0.066730229959072,4.821042117529544,21.003995338771432,16.18295322124189
2019,AHM,A,HM,0.211213259871949,1.003995338771432,-11.577867487930746,-12.581862826702178
2017,HHM,H,HM,0.344951668728454,-6.693815548526715,-6.178957882470456,0.5148576660562583
2020,JHM,J,HM,0.126895128702914,5.422132512069254,-0.9042783419344005,-6.3264108540036545
2017,OHM,O,HM,0.305239770396367,-9.693815548526715,4.821042117529544,14.514857666056258
2019,NLM,N,LM,0.174565505033225,14.003995338771432,7.422132512069254,-6.581862826702178
2017,NHC,N,HC,0.265223845517854,-5.693815548526715,-8.178957882470456,-2.4851423339437417
2017,BLM,B,LM,0.206280066095191,-2.6938155485267146,-5.178957882470456,-2.4851423339437417
2018,NLM,N,LM,0.160757133705129,16.821042117529544,7.003995338771432,-9.817046778758112
2017,JLM,J,LM,0.367423065114609,15.306184451473285,3.8210421175295437,-11.485142333943742
2019,SHC,S,HC,0.381529064965921,-13.996004661228568,30.422132512069254,44.41813717329782
2019,OLC,O,LC,0.508168998507392,1.003995338771432,10.422132512069254,9.418137173297822
2018,TLM,T,LM,0.327218664499462,-7.178957882470456,-9.996004661228568,-2.8170467787581117
2019,SHM,S,HM,0.205072792131447,-6.996004661228568,-10.577867487930746,-3.581862826702178
2018,D7H2C,D,HC,0.247102972688696,-1.1789578824704563,-22.996004661228568,-21.81704677875811
2017,OLC,O,LC,0.529890522562354,-20.693815548526715,-24.178957882470456,-3.4851423339437417
2019,HLM,H,LM,0.31465667174446,19.003995338771432,-0.5778674879307459,-19.581862826702178
2017,HHC,H,HC,0.37674079619182,-11.693815548526715,5.821042117529544,17.51485766605626
2020,BH2C,B,HC,0.415011431284385,-8.577867487930746,2.0957216580655995,10.673589145996345
2019,FH2C,F,HC,0.569885723015747,-7.996004661228568,6.422132512069254,14.418137173297822
2017,SHC,S,HC,0.113460974981419,-4.693815548526715,0.8210421175295437,5.514857666056258
2019,SHC,S,HC,0.539961059083696,-5.996004661228568,-8.577867487930746,-2.581862826702178
2019,OHM,O,HM,0.14644562505067,-8.996004661228568,-9.577867487930746,-0.5818628267021779
2019,D8H2C,D,HC,0.300585094115169,1.003995338771432,6.422132512069254,5.418137173297822
2020,OHM,O,HM,0.34501975190919,-10.577867487930746,-26.9042783419344,-16.326410854003655
2020,D8H2C,D,HC,0.38198359788399,12.422132512069254,18.0957216580656,5.6735891459963455
2017,D7H2C,D,HC,0.0278985796359343,18.306184451473285,-8.178957882470456,-26.48514233394374
2018,GLC,G,LC,0.540226592335983,-5.178957882470456,-4.996004661228568,0.1829532212418883
2018,MLC,M,LC,0.319527356629778,-1.1789578824704563,20.003995338771432,21.18295322124189
2019,FHM,F,HM,0.197336444500807,1.003995338771432,-8.577867487930746,-9.581862826702178
2018,MHM,M,HM,0.368339240972696,-11.178957882470456,-2.996004661228568,8.182953221241888
2020,OLM,O,LM,0.268702588644783,0.42213251206925406,-3.9042783419344005,-4.3264108540036545
2019,DHC,D,HC,0.394228698981564,-9.996004661228568,0.42213251206925406,10.418137173297822
2018,OLC,O,LC,0.114517266250893,-7.178957882470456,25.003995338771432,32.18295322124189
2018,OHC,O,HC,0.723180539511743,-7.178957882470456,-1.996004661228568,5.182953221241888
2017,OHC,O,HC,0.331133443688925,1.3061844514732854,-5.178957882470456,-6.485142333943742
2020,SLM,S,LM,0.196098935884648,-8.577867487930746,2.0957216580655995,10.673589145996345
2019,D8H2C,D,HC,0.601024528526528,-14.996004661228568,-5.577867487930746,9.418137173297822
2018,OLC,O,LC,0.41483685469759,-9.178957882470456,-3.996004661228568,5.182953221241888
2020,MHC,M,HC,0.233330009084176,-24.577867487930746,3.0957216580655995,27.673589145996345
2018,MLM,M,LM,-0.00685887895600867,41.821042117529544,-4.996004661228568,-46.81704677875811
2018,FLM,F,LM,0.138529787854913,-6.178957882470456,-4.996004661228568,1.1829532212418883
2019,JLM,J,LM,0.0460324045217508,-6.996004661228568,-5.577867487930746,1.418137173297822
2018,MHC,M,HC,0.29872539885307,40.821042117529544,7.003995338771432,-33.81704677875811
2019,HLC,H,LC,0.144629774976693,7.003995338771432,-4.577867487930746,-11.581862826702178
2019,MLM,M,LM,0.224866815525358,-9.996004661228568,-6.577867487930746,3.418137173297822
2020,MHM,M,HM,0.612215596576361,-17.577867487930746,-5.9042783419344005,11.673589145996345
2018,GHC,G,HC,0.327220532278016,2.8210421175295437,-10.996004661228568,-13.817046778758112
2019,DLC,D,LC,0.453589932153423,13.003995338771432,6.422132512069254,-6.581862826702178
2019,ALC,A,LC,0.261291917675403,15.003995338771432,-6.577867487930746,-21.581862826702178
2018,OHC,O,HC,0.22352748361885,58.821042117529544,-9.996004661228568,-68.81704677875811
2019,D8H2C,D,HC,0.56085428273199,7.003995338771432,0.42213251206925406,-6.581862826702178
2017,MLM,M,LM,0.239498726898339,3.3061844514732854,-4.178957882470456,-7.485142333943742
2019,DLM,D,LM,0.13742274182313,-4.996004661228568,1.422132512069254,6.418137173297822
2018,JLM,J,LM,0.0652926125102311,-7.178957882470456,11.003995338771432,18.18295322124189
2019,GLC,G,LC,0.0960689716330683,20.003995338771432,6.422132512069254,-13.581862826702178
2020,D8H2C,D,HC,0.379934601222237,-3.577867487930746,-3.9042783419344005,-0.32641085400365455
2017,AHC,A,HC,0.140636107837308,-23.693815548526715,16.821042117529544,40.51485766605626
2017,SLM,S,LM,0.0795390571637837,-4.693815548526715,-12.178957882470456,-7.485142333943742
2019,MHM,M,HM,0.194086793704331,-20.996004661228568,7.422132512069254,28.418137173297822
2019,D4H2C,D,HC,0.149872333493055,1.003995338771432,-5.577867487930746,-6.581862826702178
2020,D1H2C,D,HC,0.460030341849544,4.422132512069254,13.0957216580656,8.673589145996345
2017,BHC,B,HC,0.124291698389001,14.306184451473285,-10.178957882470456,-24.48514233394374
2019,NLM,N,LM,0.327618824053175,1.003995338771432,-6.577867487930746,-7.581862826702178
2017,MLC,M,LC,0.422360283537932,4.306184451473285,-3.1789578824704563,-7.485142333943742
2017,OLM,O,LM,0.34608571640224,-5.693815548526715,-4.178957882470456,1.5148576660562583
2017,OLC,O,LC,0.163303317208285,7.306184451473285,42.821042117529544,35.51485766605626
2019,ALC,A,LC,0.16791394451277,-5.996004661228568,-9.577867487930746,-3.581862826702178
2020,GHM,G,HM,0.407148789502789,7.422132512069254,1.0957216580655995,-6.3264108540036545
2020,MLC,M,LC,0.0653279494382619,-7.577867487930746,0.09572165806559951,7.6735891459963455
2017,BHM,B,HM,0.186191658822074,7.306184451473285,-8.178957882470456,-15.485142333943742
2019,D8H2C,D,HC,0.539432763043179,1.003995338771432,12.422132512069254,11.418137173297822
2019,OHC,O,HC,0.42031646662271,-1.996004661228568,-4.577867487930746,-2.581862826702178
2020,NHC,N,HC,0.0700152088577799,0.42213251206925406,-17.9042783419344,-18.326410854003655
2018,JHM,J,HM,0.382901992057338,-7.178957882470456,9.003995338771432,16.18295322124189
2017,HLC,H,LC,0.191424770133897,0.30618445147328543,-3.1789578824704563,-3.4851423339437417
2020,D7H2C,D,HC,0.260027625333216,-3.577867487930746,17.0957216580656,20.673589145996345
2019,HHC,H,HC,0.250847037204781,9.003995338771432,26.422132512069254,17.418137173297822
2018,JHM,J,HM,0.485421925085271,-17.178957882470456,14.003995338771432,31.18295322124189
2019,FLC,F,LC,0.198100823265887,25.003995338771432,-21.577867487930746,-46.58186282670218
2020,BLM,B,LM,0.39105936025234,-2.577867487930746,10.0957216580656,12.673589145996345
2017,AHC,A,HC,0.0899781010429364,5.306184451473285,-0.1789578824704563,-5.485142333943742
2020,NLC,N,LC,0.334070564313603,-0.5778674879307459,10.0957216580656,10.673589145996345
2019,AHM,A,HM,0.17623625882579,4.003995338771432,-2.577867487930746,-6.581862826702178
2018,GLC,G,LC,0.132333277836709,-13.178957882470456,6.003995338771432,19.18295322124189
2018,FLC,F,LC,0.470507216556113,-4.178957882470456,-0.996004661228568,3.1829532212418883
2019,SHC,S,HC,0.50002758339523,-10.996004661228568,-19.577867487930746,-8.581862826702178
2017,SHC,S,HC,0.421106496347472,-5.693815548526715,2.8210421175295437,8.514857666056258
2020,JHC,J,HC,0.0823619567319134,26.422132512069254,2.0957216580655995,-24.326410854003655
2019,ALC,A,LC,0.180900952902076,-16.996004661228568,-5.577867487930746,11.418137173297822
2018,SLM,S,LM,0.168078371821378,-1.1789578824704563,-3.996004661228568,-2.8170467787581117
2020,GHC,G,HC,0.589073625337225,0.42213251206925406,19.0957216580656,18.673589145996345
2018,D4H2C,D,HC,0.203212972193779,-5.178957882470456,-2.996004661228568,2.1829532212418883
2020,OLM,O,LM,0.55573401865304,-11.577867487930746,6.0957216580655995,17.673589145996345
2018,D7H2C,D,HC,0.256220421883447,-7.178957882470456,17.003995338771432,24.18295322124189
2020,AHC,A,HC,0.31629902479334,-0.5778674879307459,5.0957216580655995,5.6735891459963455
2020,MHM,M,HM,0.314364500203997,-7.577867487930746,14.0957216580656,21.673589145996345
2017,NLC,N,LC,0.349512092189868,-11.693815548526715,-7.178957882470456,4.514857666056258
2018,SLM,S,LM,0.37309308408902,-5.178957882470456,3.003995338771432,8.182953221241888
2017,FHM,F,HM,0.587275562307166,-6.693815548526715,-19.178957882470456,-12.485142333943742
2017,THM,T,HM,0.281359079548689,5.306184451473285,-4.178957882470456,-9.485142333943742
2020,GHM,G,HM,0.250375819458908,4.422132512069254,-29.9042783419344,-34.326410854003655
2020,MLC,M,LC,0.257488768382964,-9.577867487930746,29.0957216580656,38.673589145996345
2018,BHC,B,HC,0.219081527201529,-0.1789578824704563,11.003995338771432,11.182953221241888
2017,NLM,N,LM,0.171306935923269,7.306184451473285,-5.178957882470456,-12.485142333943742
2020,ALC,A,LC,0.34803242010883,-3.577867487930746,-3.9042783419344005,-0.32641085400365455
2018,HHM,H,HM,0.340565111672064,-10.178957882470456,1.003995338771432,11.182953221241888
2019,DHM,D,HM,0.0978105181603652,37.00399533877143,13.422132512069254,-23.581862826702178
2018,TLM,T,LM,0.0727359975709481,10.821042117529544,19.003995338771432,8.182953221241888
2019,DHC,D,HC,0.337537505037268,-12.996004661228568,-15.577867487930746,-2.581862826702178
2018,NHM,N,HM,0.244327398988349,23.821042117529544,3.003995338771432,-20.81704677875811
2018,NHC,N,HC,0.148266732407401,0.8210421175295437,6.003995338771432,5.182953221241888
2018,SHC,S,HC,0.0433386223896637,32.821042117529544,11.003995338771432,-21.81704677875811
2017,BHC,B,HC,0.211921064029307,7.306184451473285,-1.1789578824704563,-8.485142333943742
2018,JLC,J,LC,0.250342127381542,-19.178957882470456,-2.996004661228568,16.18295322124189
2020,JHC,J,HC,0.262665258504832,8.422132512069254,-2.9042783419344005,-11.326410854003655
2018,SHC,S,HC,0.303528511969013,-7.178957882470456,1.003995338771432,8.182953221241888
2017,SLM,S,LM,0.340225660921639,11.306184451473285,22.821042117529544,11.514857666056258
2020,D7H2C,D,HC,0.0950997560937504,-22.577867487930746,16.0957216580656,38.673589145996345
2017,SLC,S,LC,0.243317265243337,8.306184451473285,-2.1789578824704563,-10.485142333943742
2017,HHM,H,HM,0.166927469535369,3.3061844514732854,4.821042117529544,1.5148576660562583
2018,GLM,G,LM,0.232879985218469,-1.1789578824704563,-7.996004661228568,-6.817046778758112
2019,SLC,S,LC,0.215695172132272,-3.996004661228568,27.422132512069254,31.418137173297822
2020,DHC,D,HC,0.20145770053872,-3.577867487930746,0.09572165806559951,3.6735891459963455
2019,BLM,B,LM,0.249900318422999,3.003995338771432,-5.577867487930746,-8.581862826702178
2020,SLC,S,LC,0.140544677809664,-4.577867487930746,-0.9042783419344005,3.6735891459963455
2018,D3H2C,D,HC,0.252072293565679,-15.178957882470456,7.003995338771432,22.18295322124189
2018,SLM,S,LM,0.361777829405659,-7.178957882470456,5.003995338771432,12.182953221241888
2017,JLM,J,LM,0.190768309026926,1.3061844514732854,-9.178957882470456,-10.485142333943742
2020,HHM,H,HM,0.178309142839795,1.422132512069254,-29.9042783419344,-31.326410854003655
2020,SHC,S,HC,0.153799387793421,-15.577867487930746,6.0957216580655995,21.673589145996345
2018,HHM,H,HM,0.456108131845609,-10.178957882470456,19.003995338771432,29.18295322124189
2019,SLM,S,LM,0.0586423243625855,-11.996004661228568,0.42213251206925406,12.418137173297822
2019,SHC,S,HC,0.208798504463065,-25.996004661228568,-16.577867487930746,9.418137173297822
2018,DLC,D,LC,-0.0204694786936406,35.821042117529544,-5.996004661228568,-41.81704677875811
2018,OLC,O,LC,0.057414995413807,53.821042117529544,2.003995338771432,-51.81704677875811
2018,D4H2C,D,HC,0.284442353215808,4.821042117529544,7.003995338771432,2.1829532212418883
2018,DLC,D,LC,0.261405965572751,-1.1789578824704563,-26.996004661228568,-25.81704677875811
2019,SHC,S,HC,0.427028532686704,-4.996004661228568,6.422132512069254,11.418137173297822
2017,ALM,A,LM,0.0951059718552461,13.306184451473285,-7.178957882470456,-20.48514233394374
2018,AHC,A,HC,0.0819564373131541,-13.178957882470456,-6.996004661228568,6.182953221241888
2017,AHC,A,HC,0.30252940412794,-2.6938155485267146,-9.178957882470456,-6.485142333943742
2018,NLC,N,LC,0.292267275149147,-0.1789578824704563,-9.996004661228568,-9.817046778758112
2018,D3H2C,D,HC,0.19387905340469,-0.1789578824704563,-4.996004661228568,-4.817046778758112
2018,SLC,S,LC,0.58664344256743,-7.178957882470456,15.003995338771432,22.18295322124189
2017,SLM,S,LM,-0.00607812190651735,12.306184451473285,-12.178957882470456,-24.48514233394374
2020,D4H2C,D,HC,0.260832611434619,-6.577867487930746,12.0957216580656,18.673589145996345
2017,MHC,M,HC,0.224008127102035,-5.693815548526715,-1.1789578824704563,4.514857666056258
2020,SHC,S,HC,0.289511166837586,-13.577867487930746,-13.9042783419344,-0.32641085400365455
2019,FH2C,F,HC,0.34930038538849,-12.996004661228568,-5.577867487930746,7.418137173297822
2019,BLC,B,LC,0.0986094590179443,1.003995338771432,-4.577867487930746,-5.581862826702178
2019,ALC,A,LC,0.0247022591847446,7.003995338771432,18.422132512069254,11.418137173297822
2017,OHM,O,HM,0.225708228596199,-3.6938155485267146,-13.178957882470456,-9.485142333943742
2020,MLC,M,LC,0.119328966141165,1.422132512069254,23.0957216580656,21.673589145996345
2017,D7H2C,D,HC,0.144863337549599,12.306184451473285,0.8210421175295437,-11.485142333943742
2017,SLC,S,LC,0.244710159040781,1.3061844514732854,4.821042117529544,3.5148576660562583
2018,OLC,O,LC,0.23254090029486,-5.178957882470456,12.003995338771432,17.18295322124189
2020,ALM,A,LM,0.214300009722723,27.422132512069254,10.0957216580656,-17.326410854003655
2019,D8H2C,D,HC,0.542499244239799,-5.996004661228568,-1.577867487930746,4.418137173297822
2017,NHM,N,HM,0.362361064185629,15.306184451473285,-9.178957882470456,-24.48514233394374
2020,SLC,S,LC,0.0520117225653498,10.422132512069254,-7.9042783419344005,-18.326410854003655
2020,D8H2C,D,HC,0.209637947567048,-11.577867487930746,-19.9042783419344,-8.326410854003655
2020,NLC,N,LC,0.103893116352102,-10.577867487930746,10.0957216580656,20.673589145996345
2020,D9H2C,D,HC,0.181652031052059,-13.577867487930746,-1.9042783419344005,11.673589145996345
2017,JHM,J,HM,0.216786271003335,23.306184451473285,-1.1789578824704563,-24.48514233394374
2017,SLM,S,LM,0.291018318559477,0.30618445147328543,-2.1789578824704563,-2.4851423339437417
2019,BLM,B,LM,0.0771758699264957,-3.996004661228568,21.422132512069254,25.418137173297822
2018,JLM,J,LM,0.269342435927244,1.8210421175295437,11.003995338771432,9.182953221241888
2017,ALC,A,LC,0.053666324246584,6.306184451473285,-5.178957882470456,-11.485142333943742
2019,D4H2C,D,HC,0.336260461864639,-34.99600466122857,3.422132512069254,38.41813717329782
2019,OLM,O,LM,0.337311393566485,-2.996004661228568,-0.5778674879307459,2.418137173297822
2020,DHM,D,HM,0.244006645737406,6.422132512069254,30.0957216580656,23.673589145996345
2017,GLM,G,LM,0.404213040057082,2.3061844514732854,-3.1789578824704563,-5.485142333943742
2017,FH2C,F,HC,0.281640169963287,-23.693815548526715,-7.178957882470456,16.51485766605626
2019,JLM,J,LM,0.255783758599829,1.003995338771432,-2.577867487930746,-3.581862826702178
2017,MHC,M,HC,-0.00832642642698733,0.30618445147328543,9.821042117529544,9.514857666056258
2020,MLC,M,LC,0.0824160198148429,40.422132512069254,-17.9042783419344,-58.326410854003655
2019,MHC,M,HC,0.0681087768006381,-5.996004661228568,0.42213251206925406,6.418137173297822
2018,D8H2C,D,HC,0.157619685555644,-3.1789578824704563,4.003995338771432,7.182953221241888
2017,D9H2C,D,HC,0.33844951756059,-27.693815548526715,22.821042117529544,50.51485766605626
2017,HHC,H,HC,0.374033341942976,-0.6938155485267146,10.821042117529544,11.514857666056258
2018,DHM,D,HM,0.337013778284537,-1.1789578824704563,0.003995338771431989,1.1829532212418883
2020,AHC,A,HC,0.0972749033622395,0.42213251206925406,-28.9042783419344,-29.326410854003655
2020,BHC,B,HC,0.325283536271254,-5.577867487930746,5.0957216580655995,10.673589145996345
2017,BHC,B,HC,0.149440853413799,26.306184451473285,-1.1789578824704563,-27.48514233394374
2018,SHC,S,HC,0.29802427350331,-2.1789578824704563,2.003995338771432,4.182953221241888
2018,GLC,G,LC,0.0931173206520657,-3.1789578824704563,-8.996004661228568,-5.817046778758112
2018,MLC,M,LC,0.398201801789954,-4.178957882470456,3.003995338771432,7.182953221241888
2018,OHM,O,HM,0.267144031549016,-5.178957882470456,-5.996004661228568,-0.8170467787581117
2020,GLC,G,LC,0.187221109963495,-5.577867487930746,-3.9042783419344005,1.6735891459963455
2017,AHM,A,HM,0.450815017331504,1.3061844514732854,-6.178957882470456,-7.485142333943742
2020,SLC,S,LC,0.315263744193423,1.422132512069254,0.09572165806559951,-1.3264108540036545
2017,GHC,G,HC,0.0498237480007264,-25.693815548526715,-6.178957882470456,19.51485766605626
2017,NHC,N,HC,0.293558786011849,19.306184451473285,5.821042117529544,-13.485142333943742
2020,BHM,B,HM,0.0906260565249453,6.422132512069254,20.0957216580656,13.673589145996345
2020,MHM,M,HM,0.454065672537367,-11.577867487930746,-3.9042783419344005,7.6735891459963455
2018,NLC,N,LC,0.00737663200507477,17.821042117529544,15.003995338771432,-2.8170467787581117
2017,MLM,M,LM,0.203495860024905,-0.6938155485267146,-18.178957882470456,-17.48514233394374
2019,TLM,T,LM,0.311218025580397,-3.996004661228568,-4.577867487930746,-0.5818628267021779
2018,THC,T,HC,0.404893374002081,4.821042117529544,5.003995338771432,0.1829532212418883
2019,DHC,D,HC,0.489960584628616,-17.996004661228568,-9.577867487930746,8.418137173297822
2019,D5H2C,D,HC,0.303538521986897,5.003995338771432,0.42213251206925406,-4.581862826702178
2017,D5H2C,D,HC,0.208472610416216,-2.6938155485267146,3.8210421175295437,6.514857666056258
2018,NLC,N,LC,0.156490885567081,27.821042117529544,1.003995338771432,-26.81704677875811
2018,DLM,D,LM,0.357890647013728,4.821042117529544,12.003995338771432,7.182953221241888
2018,D5H2C,D,HC,0.145552832677009,14.821042117529544,2.003995338771432,-12.817046778758112
2018,D6H2C,D,HC,0.184411513987203,0.8210421175295437,9.003995338771432,8.182953221241888
2017,SHC,S,HC,0.0622325794290952,-17.693815548526715,4.821042117529544,22.51485766605626
2019,AHC,A,HC,0.114059854576332,14.003995338771432,7.422132512069254,-6.581862826702178
2017,D7H2C,D,HC,0.0931226465524715,6.306184451473285,22.821042117529544,16.51485766605626
2019,MHC,M,HC,0.333043228164014,12.003995338771432,-8.577867487930746,-20.581862826702178
2020,MLM,M,LM,0.250719046246884,-9.577867487930746,3.0957216580655995,12.673589145996345
2019,BHC,B,HC,0.182086083169122,-6.996004661228568,3.422132512069254,10.418137173297822
2017,JLM,J,LM,0.162817859087278,-29.693815548526715,-13.178957882470456,16.51485766605626
2018,NLM,N,LM,0.265401355807022,10.821042117529544,37.00399533877143,26.18295322124189
2020,OHM,O,HM,0.248064069353092,-8.577867487930746,-27.9042783419344,-19.326410854003655
2018,NHM,N,HM,0.333761754061191,-13.178957882470456,31.003995338771432,44.18295322124189
2018,D7H2C,D,HC,0.362192099517986,-13.178957882470456,-13.996004661228568,-0.8170467787581117
2018,NHC,N,HC,0.170521654255582,-0.1789578824704563,-7.996004661228568,-7.817046778758112
2019,SLC,S,LC,0.185984174424816,-5.996004661228568,1.422132512069254,7.418137173297822
2018,NHC,N,HC,0.369464007559431,-5.178957882470456,-4.996004661228568,0.1829532212418883
2017,OLM,O,LM,0.0864223364252119,-9.693815548526715,7.821042117529544,17.51485766605626
2020,JHC,J,HC,0.407642632863231,-1.577867487930746,-27.9042783419344,-26.326410854003655
2019,MHM,M,HM,0.424957098965795,1.003995338771432,36.422132512069254,35.41813717329782
2019,D1H2C,D,HC,0.27599032394414,7.003995338771432,-17.577867487930746,-24.581862826702178
2019,FLC,F,LC,0.204053034935991,-20.996004661228568,10.422132512069254,31.418137173297822
2019,D4H2C,D,HC,0.418696452300913,-5.996004661228568,-3.577867487930746,2.418137173297822
2018,HLC,H,LC,0.309279096066817,-1.1789578824704563,9.003995338771432,10.182953221241888
2020,D7H2C,D,HC,0.414179108831184,-9.577867487930746,-2.9042783419344005,6.6735891459963455
2017,OHM,O,HM,0.105099073195585,3.3061844514732854,-12.178957882470456,-15.485142333943742
2017,MHC,M,HC,0.277801231447079,5.306184451473285,22.821042117529544,17.51485766605626
2020,D6H2C,D,HC,0.250280014862955,-2.577867487930746,12.0957216580656,14.673589145996345
2019,BHC,B,HC,0.0903062182835823,-4.996004661228568,0.42213251206925406,5.418137173297822
2018,AHC,A,HC,0.294579073635456,2.8210421175295437,3.003995338771432,0.1829532212418883
2017,TLM,T,LM,0.309578728469185,6.306184451473285,38.821042117529544,32.51485766605626
2020,NLM,N,LM,0.0923135993500539,34.422132512069254,-5.9042783419344005,-40.326410854003655
2020,MHC,M,HC,0.403127485490195,-4.577867487930746,-1.9042783419344005,2.6735891459963455
2019,SHM,S,HM,0.32615873024281,1.003995338771432,12.422132512069254,11.418137173297822
2020,D4H2C,D,HC,0.319878044726915,8.422132512069254,6.0957216580655995,-2.3264108540036545
2018,OLM,O,LM,0.135384474370349,-21.178957882470456,13.003995338771432,34.18295322124189
2019,AHM,A,HM,0.0573004483979845,-5.996004661228568,-5.577867487930746,0.4181371732978221
2020,BLM,B,LM,0.180497266443556,1.422132512069254,0.09572165806559951,-1.3264108540036545
2019,HHM,H,HM,0.460705315710832,1.003995338771432,-7.577867487930746,-8.581862826702178
2020,JLM,J,LM,0.157287708001203,8.422132512069254,12.0957216580656,3.6735891459963455
2018,NHM,N,HM,0.1498188837002,-2.1789578824704563,1.003995338771432,3.1829532212418883
2018,BHC,B,HC,0.0808592509135895,-7.178957882470456,-3.996004661228568,3.1829532212418883
2017,JLM,J,LM,0.493327988080981,-11.693815548526715,10.821042117529544,22.51485766605626
2019,DHC,D,HC,0.426262779607337,4.003995338771432,-4.577867487930746,-8.581862826702178
2019,ALM,A,LM,0.130255228625861,18.003995338771432,1.422132512069254,-16.581862826702178
2017,D7H2C,D,HC,0.144953676189153,-17.693815548526715,-13.178957882470456,4.514857666056258
2020,MLM,M,LM,0.0780126620127961,-17.577867487930746,4.0957216580655995,21.673589145996345
2020,GHC,G,HC,0.298381944919298,-5.577867487930746,-1.9042783419344005,3.6735891459963455
2017,GLC,G,LC,0.0873354194476736,-30.693815548526715,-12.178957882470456,18.51485766605626
2019,D3H2C,D,HC,0.253943676108941,13.003995338771432,9.422132512069254,-3.581862826702178
2019,D1H2C,D,HC,0.283380026575619,-18.996004661228568,0.42213251206925406,19.418137173297822
2018,D1H2C,D,HC,0.300577321501603,-8.178957882470456,-16.996004661228568,-8.817046778758112
2019,OLC,O,LC,0.115805580876181,-10.996004661228568,-5.577867487930746,5.418137173297822
2019,GHC,G,HC,0.239105586785639,17.003995338771432,-6.577867487930746,-23.581862826702178
2020,MLM,M,LM,0.154181462524052,6.422132512069254,-12.9042783419344,-19.326410854003655
2017,HLC,H,LC,-0.00558614395473311,44.306184451473285,33.821042117529544,-10.485142333943742
2018,D1H2C,D,HC,0.269429404142098,-1.1789578824704563,-6.996004661228568,-5.817046778758112
2020,BHC,B,HC,0.0878593798321807,0.42213251206925406,2.0957216580655995,1.6735891459963455
2019,D1H2C,D,HC,0.406012097303191,4.003995338771432,-8.577867487930746,-12.581862826702178
2019,D7H2C,D,HC,0.407125201217494,3.003995338771432,-3.577867487930746,-6.581862826702178
2018,NHM,N,HM,0.223283935842608,-16.178957882470456,21.003995338771432,37.18295322124189
2017,OHM,O,HM,0.142229698489549,-27.693815548526715,-5.178957882470456,22.51485766605626
2017,DLM,D,LM,0.143135979847255,-28.693815548526715,4.821042117529544,33.51485766605626
2019,GLC,G,LC,0.0848210264650571,10.003995338771432,1.422132512069254,-8.581862826702178
2017,D8H2C,D,HC,0.314773597388413,17.306184451473285,-11.178957882470456,-28.48514233394374
2017,SLM,S,LM,0.278069579235955,-8.693815548526715,-12.178957882470456,-3.4851423339437417
2018,DLC,D,LC,0.536127792432986,-7.178957882470456,25.003995338771432,32.18295322124189
2020,HLC,H,LC,0.111870147067074,24.422132512069254,12.0957216580656,-12.326410854003655
2017,GLC,G,LC,0.32608015097918,-10.693815548526715,0.8210421175295437,11.514857666056258
2018,D9H2C,D,HC,0.376838981063804,-17.178957882470456,-0.996004661228568,16.18295322124189
2019,TLM,T,LM,0.0497051294890767,-10.996004661228568,-4.577867487930746,6.418137173297822
2019,OLC,O,LC,0.163408370574157,-1.996004661228568,2.422132512069254,4.418137173297822
2019,ALC,A,LC,0.406489956989675,-10.996004661228568,0.42213251206925406,11.418137173297822
2019,BLC,B,LC,0.150711781615383,-8.996004661228568,-3.577867487930746,5.418137173297822
2017,OHM,O,HM,0.288664027243656,-23.693815548526715,-7.178957882470456,16.51485766605626
2019,D3H2C,D,HC,0.247401615045574,-3.996004661228568,1.422132512069254,5.418137173297822
2017,DHC,D,HC,0.193826503528338,-29.693815548526715,-3.1789578824704563,26.51485766605626
2020,GLC,G,LC,0.0385048297643733,-11.577867487930746,26.0957216580656,37.673589145996345
2018,NLC,N,LC,0.145939006253235,22.821042117529544,-0.996004661228568,-23.81704677875811
2019,HLC,H,LC,0.329629400866794,-4.996004661228568,-11.577867487930746,-6.581862826702178
2018,ALC,A,LC,0.195021778090865,-6.178957882470456,7.003995338771432,13.182953221241888
2018,SHC,S,HC,0.295342312497794,-7.178957882470456,-2.996004661228568,4.182953221241888
2018,MLC,M,LC,0.331858260514768,0.8210421175295437,-4.996004661228568,-5.817046778758112
2019,ALC,A,LC,0.159487329597163,3.003995338771432,6.422132512069254,3.418137173297822
2020,JLM,J,LM,-0.00747669152917307,18.422132512069254,-27.9042783419344,-46.326410854003655
2018,OLC,O,LC,0.286808477555449,-15.178957882470456,-4.996004661228568,10.182953221241888
2017,D8H2C,D,HC,0.491081781417327,23.306184451473285,-8.178957882470456,-31.48514233394374
2019,SHM,S,HM,0.202475537498793,7.003995338771432,-1.577867487930746,-8.581862826702178
2018,MHC,M,HC,0.441551318871348,10.821042117529544,-10.996004661228568,-21.81704677875811
2020,NLC,N,LC,0.0607468008805609,17.422132512069254,-20.9042783419344,-38.326410854003655
2018,JLM,J,LM,0.174555086693649,32.821042117529544,3.003995338771432,-29.81704677875811
2017,OHM,O,HM,0.286901674200077,-4.693815548526715,-11.178957882470456,-6.485142333943742
2017,D7H2C,D,HC,0.0223967506598426,10.306184451473285,6.821042117529544,-3.4851423339437417
2019,HLC,H,LC,0.262512983493526,2.003995338771432,1.422132512069254,-0.5818628267021779
2019,DLM,D,LM,0.156776883748925,1.003995338771432,1.422132512069254,0.4181371732978221
2017,NHM,N,HM,0.465669190434967,6.306184451473285,-7.178957882470456,-13.485142333943742
2019,TLM,T,LM,0.0932314123042479,-26.996004661228568,10.422132512069254,37.41813717329782
2018,JLM,J,LM,0.083742733387385,-1.1789578824704563,25.003995338771432,26.18295322124189
2019,TLM,T,LM,0.138858467717968,29.003995338771432,7.422132512069254,-21.581862826702178
2018,MHC,M,HC,0.123391767598613,32.821042117529544,16.003995338771432,-16.81704677875811
2019,GLC,G,LC,0.53661192060447,12.003995338771432,6.422132512069254,-5.581862826702178
2018,JLC,J,LC,0.139303687558831,-9.178957882470456,1.003995338771432,10.182953221241888
2020,OLM,O,LM,0.3911434719335,-1.577867487930746,14.0957216580656,15.673589145996345
2018,FLM,F,LM,0.210215854365912,-4.178957882470456,1.003995338771432,5.182953221241888
2019,MHM,M,HM,0.233319951752054,-4.996004661228568,18.422132512069254,23.418137173297822
2017,ALM,A,LM,0.468541649733662,-17.693815548526715,-7.178957882470456,10.514857666056258
2017,DHC,D,HC,0.283245582115966,5.306184451473285,-7.178957882470456,-12.485142333943742
2019,D8H2C,D,HC,0.0596575649014766,-21.996004661228568,45.422132512069254,67.41813717329782
2018,OLM,O,LM,0.024395220460902,25.821042117529544,3.003995338771432,-22.81704677875811
2018,OLC,O,LC,0.281402296857241,-7.178957882470456,3.003995338771432,10.182953221241888
2018,JHC,J,HC,0.118533466849121,17.821042117529544,21.003995338771432,3.1829532212418883
2017,GLC,G,LC,0.267060149062163,-6.693815548526715,4.821042117529544,11.514857666056258
2017,MLC,M,LC,0.32084668796824,0.30618445147328543,-6.178957882470456,-6.485142333943742
2020,JLC,J,LC,0.142997505669571,12.422132512069254,7.0957216580655995,-5.3264108540036545
2018,D6H2C,D,HC,-0.00869917538739184,26.821042117529544,7.003995338771432,-19.81704677875811
2018,SHM,S,HM,0.100993903558813,23.821042117529544,-4.996004661228568,-28.81704677875811
2018,JLC,J,LC,0.233919072602232,-0.1789578824704563,-6.996004661228568,-6.817046778758112
2020,OLC,O,LC,0.372846167139193,11.422132512069254,-34.9042783419344,-46.326410854003655
2017,GLC,G,LC,0.215322707155096,16.306184451473285,-7.178957882470456,-23.48514233394374
2017,ALC,A,LC,0.112927191710653,5.306184451473285,-1.1789578824704563,-6.485142333943742
2018,BHC,B,HC,0.153630617078757,-5.178957882470456,1.003995338771432,6.182953221241888
2017,DLC,D,LC,0.0180375463852227,0.30618445147328543,-8.178957882470456,-8.485142333943742
2017,GLM,G,LM,0.124936856573818,19.306184451473285,4.821042117529544,-14.485142333943742
2018,FLC,F,LC,0.329318640194208,-8.178957882470456,-5.996004661228568,2.1829532212418883
2017,DLC,D,LC,0.0934202879539057,36.306184451473285,4.821042117529544,-31.48514233394374
2018,JLM,J,LM,0.0117317571104609,23.821042117529544,3.003995338771432,-20.81704677875811
2020,DLM,D,LM,0.210236697204316,0.42213251206925406,1.0957216580655995,0.6735891459963455
2020,TLC,T,LC,0.369095849665491,-13.577867487930746,3.0957216580655995,16.673589145996345
2017,HHM,H,HM,0.236390883502227,8.306184451473285,-1.1789578824704563,-9.485142333943742
2018,OHM,O,HM,0.226270110397628,-7.178957882470456,3.003995338771432,10.182953221241888
2017,THC,T,HC,0.380862962465518,0.30618445147328543,-12.178957882470456,-12.485142333943742
2020,THC,T,HC,0.0958673751948038,-7.577867487930746,6.0957216580655995,13.673589145996345
2017,OHM,O,HM,0.114492372430093,-29.693815548526715,-14.178957882470456,15.514857666056258
2019,OLC,O,LC,0.29487911930266,-3.996004661228568,-10.577867487930746,-6.581862826702178
2018,FH2C,F,HC,0.31847170173204,-11.178957882470456,3.003995338771432,14.182953221241888
2020,BHM,B,HM,0.102347509896809,14.422132512069254,5.0957216580655995,-9.326410854003655
2017,GLC,G,LC,0.451804978414644,-5.693815548526715,-16.178957882470456,-10.485142333943742
2020,D1H2C,D,HC,0.227366832464357,-5.577867487930746,-13.9042783419344,-8.326410854003655
2019,HHC,H,HC,0.384999857179628,-4.996004661228568,-5.577867487930746,-0.5818628267021779
2019,FHM,F,HM,-0.00961039962570021,7.003995338771432,-11.577867487930746,-18.581862826702178
2017,FHM,F,HM,0.246128217388171,-2.6938155485267146,-3.1789578824704563,-0.48514233394374173
2017,JHM,J,HM,0.146678153697036,6.306184451473285,-13.178957882470456,-19.48514233394374
2020,OHC,O,HC,0.435539843037433,-9.577867487930746,-37.9042783419344,-28.326410854003655
2018,BHC,B,HC,0.302209011338358,-15.178957882470456,13.003995338771432,28.18295322124189
2019,HHM,H,HM,0.238938538414488,-21.996004661228568,-9.577867487930746,12.418137173297822
2020,ALC,A,LC,0.465205492022927,-16.577867487930746,-0.9042783419344005,15.673589145996345
2020,GLC,G,LC,0.0966817116159926,4.422132512069254,-32.9042783419344,-37.326410854003655
2017,HHM,H,HM,0.0826983510510961,6.306184451473285,-7.178957882470456,-13.485142333943742
2018,HLC,H,LC,0.0702970533931998,-6.178957882470456,-4.996004661228568,1.1829532212418883
2018,D7H2C,D,HC,0.227939981083817,12.821042117529544,8.003995338771432,-4.817046778758112
2019,BLM,B,LM,0.197078907111366,-9.996004661228568,6.422132512069254,16.418137173297822
2017,BHM,B,HM,0.161523077906412,10.306184451473285,9.821042117529544,-0.48514233394374173
2020,D4H2C,D,HC,0.409157918239733,2.422132512069254,12.0957216580656,9.673589145996345
2018,NLC,N,LC,0.0178255405419085,1.8210421175295437,-10.996004661228568,-12.817046778758112
2018,GLM,G,LM,0.194388483076963,-15.178957882470456,1.003995338771432,16.18295322124189
2019,D8H2C,D,HC,0.321219373088462,-8.996004661228568,3.422132512069254,12.418137173297822
2020,SHM,S,HM,0.305940487763839,-5.577867487930746,1.0957216580655995,6.6735891459963455
2019,MHC,M,HC,0.395568932664323,-0.996004661228568,7.422132512069254,8.418137173297822
2019,ALM,A,LM,0.180200308162095,-10.996004661228568,-15.577867487930746,-4.581862826702178
2019,BLM,B,LM,0.295044732094404,-3.996004661228568,-0.5778674879307459,3.418137173297822
2017,FHC,F,HC,0.557238264327796,-4.693815548526715,-13.178957882470456,-8.485142333943742
2017,NLC,N,LC,0.304663493602211,-20.693815548526715,-7.178957882470456,13.514857666056258
2019,SLM,S,LM,0.109667120593874,13.003995338771432,6.422132512069254,-6.581862826702178
2020,ALC,A,LC,0.254990568035211,-11.577867487930746,12.0957216580656,23.673589145996345
2019,THC,T,HC,0.39682280439173,1.003995338771432,32.422132512069254,31.418137173297822
2018,FH2C,F,HC,0.728098081842705,-10.178957882470456,-28.996004661228568,-18.81704677875811
2018,JLM,J,LM,0.245277413726258,8.821042117529544,0.003995338771431989,-8.817046778758112
2020,TLM,T,LM,0.626964926562912,11.422132512069254,12.0957216580656,0.6735891459963455
2019,D1H2C,D,HC,0.445287312377663,-22.996004661228568,-9.577867487930746,13.418137173297822
2018,SHC,S,HC,0.505708311936303,-3.1789578824704563,-7.996004661228568,-4.817046778758112
2020,SLM,S,LM,0.648183379761042,-10.577867487930746,0.09572165806559951,10.673589145996345
2020,DLC,D,LC,0.386778928820131,6.422132512069254,6.0957216580655995,-0.32641085400365455
2018,GLC,G,LC,0.165627397692836,-7.178957882470456,1.003995338771432,8.182953221241888
2018,SLC,S,LC,0.441803096754209,-0.1789578824704563,-1.996004661228568,-1.8170467787581117
2019,AHC,A,HC,0.385385632120968,3.003995338771432,6.422132512069254,3.418137173297822
2019,FHM,F,HM,0.169687885476635,5.003995338771432,-3.577867487930746,-8.581862826702178
2017,AHM,A,HM,0.273960168586036,-15.693815548526715,42.821042117529544,58.51485766605626
2018,DLC,D,LC,0.449084281892991,-7.178957882470456,1.003995338771432,8.182953221241888
2017,BHM,B,HM,0.204678792311126,-9.693815548526715,5.821042117529544,15.514857666056258
2018,AHM,A,HM,0.346275157434903,-1.1789578824704563,13.003995338771432,14.182953221241888
2020,OLM,O,LM,0.338060144717865,-13.577867487930746,-21.9042783419344,-8.326410854003655
2018,D7H2C,D,HC,0.363171005126262,-7.178957882470456,6.003995338771432,13.182953221241888
2019,GLC,G,LC,0.147630688624242,6.003995338771432,-12.577867487930746,-18.581862826702178
2018,SHM,S,HM,0.265327595696426,-7.178957882470456,-22.996004661228568,-15.817046778758112
2018,D1H2C,D,HC,0.319447782142753,-12.178957882470456,-1.996004661228568,10.182953221241888
2017,ALC,A,LC,0.139126695115215,-3.6938155485267146,0.8210421175295437,4.514857666056258
2019,D1H2C,D,HC,0.320073290217342,-4.996004661228568,-11.577867487930746,-6.581862826702178
2019,MLC,M,LC,0.247748306302841,-4.996004661228568,-7.577867487930746,-2.581862826702178
2020,NLC,N,LC,0.0739167265551157,-1.577867487930746,7.0957216580655995,8.673589145996345
2019,BH2C,B,HC,0.481545262399646,-20.996004661228568,6.422132512069254,27.418137173297822
2017,JHC,J,HC,0.433320921281591,6.306184451473285,-7.178957882470456,-13.485142333943742
2020,BHC,B,HC,0.287320798095814,-11.577867487930746,3.0957216580655995,14.673589145996345
2020,FLM,F,LM,0.14750799139597,6.422132512069254,2.0957216580655995,-4.3264108540036545
2019,D4H2C,D,HC,0.278332620147796,-2.996004661228568,4.422132512069254,7.418137173297822
2020,GLC,G,LC,0.213805291625798,-4.577867487930746,12.0957216580656,16.673589145996345
2017,SLM,S,LM,0.159417912034658,0.30618445147328543,25.821042117529544,25.51485766605626
2019,NLM,N,LM,0.21543764928621,3.003995338771432,-3.577867487930746,-6.581862826702178
2017,BHM,B,HM,0.0683834788081565,-2.6938155485267146,-7.178957882470456,-4.485142333943742
2017,NHM,N,HM,0.278312041530472,15.306184451473285,0.8210421175295437,-14.485142333943742
2018,MHC,M,HC,0.168537426437001,-30.178957882470456,-4.996004661228568,25.18295322124189
2020,FH2C,F,HC,0.491213338708168,-1.577867487930746,-9.9042783419344,-8.326410854003655
2018,GLM,G,LM,0.0474419138516498,39.821042117529544,-9.996004661228568,-49.81704677875811
2017,HLC,H,LC,0.0300705390234821,6.306184451473285,-7.178957882470456,-13.485142333943742
2019,FHM,F,HM,0.162186689096918,-15.996004661228568,-5.577867487930746,10.418137173297822
2018,AHC,A,HC,0.422633394562809,-3.1789578824704563,12.003995338771432,15.182953221241888
2018,OHM,O,HM,0.33668498244965,-10.178957882470456,-17.996004661228568,-7.817046778758112
2018,DLC,D,LC,0.221996229774412,-8.178957882470456,19.003995338771432,27.18295322124189
2017,MHM,M,HM,0.257804715000965,-6.693815548526715,22.821042117529544,29.51485766605626
2018,BLM,B,LM,-0.0189417293214693,36.821042117529544,-2.996004661228568,-39.81704677875811
2019,FHC,F,HC,0.286168512624148,-2.996004661228568,-5.577867487930746,-2.581862826702178
2017,GLC,G,LC,0.241396153373719,25.306184451473285,-7.178957882470456,-32.48514233394374
2019,MHC,M,HC,0.111718084163595,14.003995338771432,-11.577867487930746,-25.581862826702178
2017,OLC,O,LC,0.284386199036841,14.306184451473285,-13.178957882470456,-27.48514233394374
2020,NLC,N,LC,0.406712666228488,19.422132512069254,7.0957216580655995,-12.326410854003655
2017,D8H2C,D,HC,0.121486244361652,-11.693815548526715,-6.178957882470456,5.514857666056258
2017,OHC,O,HC,0.536780816147429,-11.693815548526715,4.821042117529544,16.51485766605626
2017,DLC,D,LC,0.0156268685774399,8.306184451473285,23.821042117529544,15.514857666056258
2018,NHC,N,HC,0.234097939328691,1.8210421175295437,-10.996004661228568,-12.817046778758112
2020,OLM,O,LM,0.444319042922723,12.422132512069254,1.0957216580655995,-11.326410854003655
2020,DHM,D,HM,0.208471615543269,6.422132512069254,16.0957216580656,9.673589145996345
2019,OHM,O,HM,0.140095740151453,-14.996004661228568,6.422132512069254,21.418137173297822
2019,NLM,N,LM,0.209557029919489,1.003995338771432,7.422132512069254,6.418137173297822
2018,BHC,B,HC,0.253222736385071,-3.1789578824704563,8.003995338771432,11.182953221241888
2019,D8H2C,D,HC,0.360918062858439,13.003995338771432,-0.5778674879307459,-13.581862826702178
2018,MLC,M,LC,0.26279369540361,-1.1789578824704563,-7.996004661228568,-6.817046778758112
2017,GLM,G,LM,0.293255641067896,3.3061844514732854,-2.1789578824704563,-5.485142333943742
2019,DHM,D,HM,0.12419892481993,-4.996004661228568,-3.577867487930746,1.418137173297822
2019,NHC,N,HC,0.434682619891952,-4.996004661228568,0.42213251206925406,5.418137173297822
2020,OLM,O,LM,0.327502173254755,-10.577867487930746,-2.9042783419344005,7.6735891459963455
2020,GHM,G,HM,0.275740040247106,34.422132512069254,4.0957216580655995,-30.326410854003655
2018,MHM,M,HM,0.375002339764288,-7.178957882470456,-5.996004661228568,1.1829532212418883
2018,TLC,T,LC,0.118148020182336,-6.178957882470456,-8.996004661228568,-2.8170467787581117
2019,AHM,A,HM,0.12691435771307,1.003995338771432,20.422132512069254,19.418137173297822
2019,FLC,F,LC,0.0756263020233514,41.00399533877143,6.422132512069254,-34.58186282670218
2018,NLC,N,LC,0.19335466039422,-13.178957882470456,-19.996004661228568,-6.817046778758112
2018,D9H2C,D,HC,0.16126127746369,-6.178957882470456,11.003995338771432,17.18295322124189
2019,D1H2C,D,HC,0.504686455096544,10.003995338771432,4.422132512069254,-5.581862826702178
2017,FHM,F,HM,0.145850464563503,40.306184451473285,-7.178957882470456,-47.48514233394374
2020,HLC,H,LC,0.017828627550635,36.422132512069254,30.0957216580656,-6.3264108540036545
2020,BHM,B,HM,0.281921963123155,7.422132512069254,1.0957216580655995,-6.3264108540036545
2017,DLM,D,LM,0.0799690468393428,3.3061844514732854,-7.178957882470456,-10.485142333943742
2017,NHC,N,HC,0.010436898321724,-0.6938155485267146,-6.178957882470456,-5.485142333943742
2017,MLC,M,LC,0.331783981015193,-22.693815548526715,51.821042117529544,74.51485766605626
2019,JLM,J,LM,0.19284744606566,1.003995338771432,8.422132512069254,7.418137173297822
2018,OHC,O,HC,0.110431934822296,26.821042117529544,-10.996004661228568,-37.81704677875811
2020,HHM,H,HM,0.315196943144212,15.422132512069254,-1.9042783419344005,-17.326410854003655
2018,D3H2C,D,HC,0.526721568151987,-6.178957882470456,4.003995338771432,10.182953221241888
2020,HLC,H,LC,0.0507196283871669,3.422132512069254,7.0957216580655995,3.6735891459963455
2017,GHC,G,HC,0.125136252352527,-4.693815548526715,10.821042117529544,15.514857666056258
2020,AHC,A,HC,0.414927156306873,-16.577867487930746,-22.9042783419344,-6.3264108540036545
2019,GLC,G,LC,0.277077216573847,9.003995338771432,3.422132512069254,-5.581862826702178
2019,D3H2C,D,HC,0.146284994602355,-8.996004661228568,-4.577867487930746,4.418137173297822
2018,D8H2C,D,HC,0.203646883948864,-9.178957882470456,1.003995338771432,10.182953221241888
2018,SLC,S,LC,0.122742751320686,-10.178957882470456,0.003995338771431989,10.182953221241888
2017,OLM,O,LM,0.180448321022193,12.306184451473285,-0.1789578824704563,-12.485142333943742
2017,SLC,S,LC,0.0636914967972493,12.306184451473285,9.821042117529544,-2.4851423339437417
2020,MHC,M,HC,0.208505208754342,18.422132512069254,0.09572165806559951,-18.326410854003655
2020,FHC,F,HC,0.250359190163916,-8.577867487930746,-18.9042783419344,-10.326410854003655
2019,TLC,T,LC,0.0299210357291779,0.003995338771431989,-11.577867487930746,-11.581862826702178
2019,SLM,S,LM,0.253707262929846,9.003995338771432,-3.577867487930746,-12.581862826702178
2017,ALM,A,LM,0.323871773674353,-11.693815548526715,-3.1789578824704563,8.514857666056258
2018,BLM,B,LM,0.209893211053623,2.8210421175295437,4.003995338771432,1.1829532212418883
2020,MHC,M,HC,0.344322374785324,-3.577867487930746,17.0957216580656,20.673589145996345
2018,OHC,O,HC,0.220060806635351,-1.1789578824704563,-8.996004661228568,-7.817046778758112
2020,OHM,O,HM,0.306940946679367,-20.577867487930746,-9.9042783419344,10.673589145996345
2020,MHM,M,HM,0.266538496429793,5.422132512069254,11.0957216580656,5.6735891459963455
2017,GHM,G,HM,0.0351035063995264,31.306184451473285,-6.178957882470456,-37.48514233394374
2017,D1H2C,D,HC,0.502445358057625,10.306184451473285,35.821042117529544,25.51485766605626
2019,MLM,M,LM,0.16326686972691,16.003995338771432,-7.577867487930746,-23.581862826702178
2017,JLM,J,LM,0.263127004574819,0.30618445147328543,10.821042117529544,10.514857666056258
2019,SLC,S,LC,0.082805622831905,-6.996004661228568,0.42213251206925406,7.418137173297822
2018,SLM,S,LM,0.215978309133124,-1.1789578824704563,-6.996004661228568,-5.817046778758112
2020,OHM,O,HM,0.0694882775853161,-9.577867487930746,-17.9042783419344,-8.326410854003655
2019,ALC,A,LC,0.333764515430742,-16.996004661228568,-9.577867487930746,7.418137173297822
2020,NLC,N,LC,0.369006173157548,8.422132512069254,0.09572165806559951,-8.326410854003655
2017,ALM,A,LM,0.221722876137828,6.306184451473285,-12.178957882470456,-18.48514233394374
2019,JLM,J,LM,0.190731754821284,11.003995338771432,6.422132512069254,-4.581862826702178
2020,NHM,N,HM,0.231303418368347,-5.577867487930746,6.0957216580655995,11.673589145996345
2019,NHC,N,HC,0.422064820124145,-14.996004661228568,-1.577867487930746,13.418137173297822
2018,BHM,B,HM,0.127767813239895,5.821042117529544,2.003995338771432,-3.8170467787581117
2018,AHC,A,HC,0.214354545830438,-11.178957882470456,-0.996004661228568,10.182953221241888
2017,GLM,G,LM,0.211347160115908,-11.693815548526715,-1.1789578824704563,10.514857666056258
2020,AHC,A,HC,0.328948339485821,-5.577867487930746,6.0957216580655995,11.673589145996345
2019,FLC,F,LC,0.209838716920287,1.003995338771432,-8.577867487930746,-9.581862826702178
2018,BLM,B,LM,0.186013099273135,-11.178957882470456,7.003995338771432,18.18295322124189
2019,DLC,D,LC,0.275284387953061,-7.996004661228568,0.42213251206925406,8.418137173297822
2017,HLC,H,LC,0.450186751178381,2.3061844514732854,4.821042117529544,2.5148576660562583
2017,NLM,N,LM,-0.0114127205228747,38.306184451473285,-20.178957882470456,-58.48514233394374
2020,NHM,N,HM,0.248974196265753,-10.577867487930746,-11.9042783419344,-1.3264108540036545
2017,GLM,G,LM,0.46155396355386,24.306184451473285,31.821042117529544,7.514857666056258
2020,JHC,J,HC,0.329103182543814,-4.577867487930746,-5.9042783419344005,-1.3264108540036545
2019,D6H2C,D,HC,0.287972568769994,-9.996004661228568,35.422132512069254,45.41813717329782
2017,TLM,T,LM,0.263355172716804,1.3061844514732854,-7.178957882470456,-8.485142333943742
2018,D8H2C,D,HC,0.170708490008683,-5.178957882470456,-4.996004661228568,0.1829532212418883
2018,DHC,D,HC,0.436139135196309,-9.178957882470456,7.003995338771432,16.18295322124189
2018,GHM,G,HM,0.0841385870430669,32.821042117529544,43.00399533877143,10.182953221241888
2019,BH2C,B,HC,0.218085514302597,-8.996004661228568,-11.577867487930746,-2.581862826702178
2017,BHM,B,HM,0.363025136003776,-3.6938155485267146,-9.178957882470456,-5.485142333943742
2019,HHM,H,HM,0.110413059696985,-4.996004661228568,21.422132512069254,26.418137173297822
2017,D1H2C,D,HC,0.289632623921751,1.3061844514732854,-11.178957882470456,-12.485142333943742
2017,BH2C,B,HC,0.421059768026519,0.30618445147328543,10.821042117529544,10.514857666056258
2017,SHM,S,HM,0.200089551744691,-22.693815548526715,-15.178957882470456,7.514857666056258
2019,NLM,N,LM,0.0895678777541127,1.003995338771432,-2.577867487930746,-3.581862826702178
2018,SHM,S,HM,0.371073655278064,24.821042117529544,26.003995338771432,1.1829532212418883
2018,NLM,N,LM,0.0165610574960657,-10.178957882470456,-0.996004661228568,9.182953221241888
2019,JHC,J,HC,0.252248183508556,7.003995338771432,12.422132512069254,5.418137173297822
2017,FLC,F,LC,0.0733050385911405,2.3061844514732854,12.821042117529544,10.514857666056258
2019,JHC,J,HC,0.530426472185279,3.003995338771432,30.422132512069254,27.418137173297822
2017,DLC,D,LC,0.0785178636000847,6.306184451473285,-3.1789578824704563,-9.485142333943742
2019,BLC,B,LC,0.127435660054789,7.003995338771432,-19.577867487930746,-26.581862826702178
2018,DLC,D,LC,0.273051707041007,4.821042117529544,19.003995338771432,14.182953221241888
2018,OLC,O,LC,0.127269325160249,-18.178957882470456,-8.996004661228568,9.182953221241888
2018,MHM,M,HM,0.474446746663586,-11.178957882470456,-4.996004661228568,6.182953221241888
2017,NHM,N,HM,0.381247889008143,6.306184451473285,4.821042117529544,-1.4851423339437417
2020,BHC,B,HC,0.130549016611875,0.42213251206925406,3.0957216580655995,2.6735891459963455
2020,BHC,B,HC,0.145124869940751,-1.577867487930746,10.0957216580656,11.673589145996345
2018,NLM,N,LM,0.469887420856759,-0.1789578824704563,9.003995338771432,9.182953221241888
2020,THM,T,HM,0.367819953984799,0.42213251206925406,5.0957216580655995,4.6735891459963455
2019,D7H2C,D,HC,0.611182395104039,-15.996004661228568,18.422132512069254,34.41813717329782
2017,NLM,N,LM,0.3213724502566,6.306184451473285,-11.178957882470456,-17.48514233394374
2017,D7H2C,D,HC,0.183761338987996,4.306184451473285,5.821042117529544,1.5148576660562583
2020,AHM,A,HM,0.108148694529836,-10.577867487930746,0.09572165806559951,10.673589145996345
2017,DHM,D,HM,0.206356580905234,-7.693815548526715,-1.1789578824704563,6.514857666056258
2020,OLM,O,LM,0.30394280657737,-4.577867487930746,16.0957216580656,20.673589145996345
2020,D4H2C,D,HC,0.384041860716142,-4.577867487930746,0.09572165806559951,4.6735891459963455
2019,D2H2C,D,HC,0.0839841740165039,-4.996004661228568,-3.577867487930746,1.418137173297822
2018,OHC,O,HC,0.245800534812125,2.8210421175295437,4.003995338771432,1.1829532212418883
2019,FLM,F,LM,0.245024754179523,-4.996004661228568,13.422132512069254,18.418137173297822
2020,AHM,A,HM,0.104581763470589,32.422132512069254,-5.9042783419344005,-38.326410854003655
2017,SLC,S,LC,0.159685197038324,16.306184451473285,-2.1789578824704563,-18.48514233394374
2018,JLC,J,LC,0.222307803749463,-18.178957882470456,-14.996004661228568,3.1829532212418883
2020,MHM,M,HM,0.211206776826096,13.422132512069254,-29.9042783419344,-43.326410854003655
2019,NHC,N,HC,0.165495482608321,-30.996004661228568,-1.577867487930746,29.418137173297822
2018,OLC,O,LC,0.357825073395873,11.821042117529544,37.00399533877143,25.18295322124189
2018,NLM,N,LM,0.270380774302389,-10.178957882470456,-4.996004661228568,5.182953221241888
2020,FHC,F,HC,0.30049205209381,-10.577867487930746,-5.9042783419344005,4.6735891459963455
2018,SHM,S,HM,0.296789145912861,5.821042117529544,1.003995338771432,-4.817046778758112
2020,GLM,G,LM,0.131460369947496,-0.5778674879307459,38.0957216580656,38.673589145996345
2020,AHM,A,HM,0.421083855124408,-0.5778674879307459,-9.9042783419344,-9.326410854003655
2018,D4H2C,D,HC,0.551261396272181,-6.178957882470456,-14.996004661228568,-8.817046778758112
2020,HHM,H,HM,0.186544017188005,1.422132512069254,18.0957216580656,16.673589145996345
2020,MLM,M,LM,0.171531430864906,35.422132512069254,-10.9042783419344,-46.326410854003655
2020,JLC,J,LC,0.151062377135775,-3.577867487930746,-1.9042783419344005,1.6735891459963455
2018,JHM,J,HM,0.288743400525758,-8.178957882470456,3.003995338771432,11.182953221241888
2018,MLC,M,LC,0.174927395840125,21.821042117529544,-8.996004661228568,-30.81704677875811
2017,JLC,J,LC,0.0575744057415746,1.3061844514732854,2.8210421175295437,1.5148576660562583
2020,OLM,O,LM,0.0398608596709918,6.422132512069254,-5.9042783419344005,-12.326410854003655
2018,JLM,J,LM,0.183615444480105,10.821042117529544,9.003995338771432,-1.8170467787581117
2017,SLC,S,LC,0.101072976558549,-11.693815548526715,-7.178957882470456,4.514857666056258
2020,D7H2C,D,HC,0.312492497388567,2.422132512069254,-23.9042783419344,-26.326410854003655
2020,HHM,H,HM,0.219227390921085,-11.577867487930746,0.09572165806559951,11.673589145996345
2019,SHM,S,HM,0.196685665463729,-16.996004661228568,-4.577867487930746,12.418137173297822
2019,GHM,G,HM,-0.00940502484199124,8.003995338771432,-0.5778674879307459,-8.581862826702178
2020,MLC,M,LC,0.146950569998896,0.42213251206925406,-8.9042783419344,-9.326410854003655
2018,D5H2C,D,HC,0.200145848374433,4.821042117529544,7.003995338771432,2.1829532212418883
2019,NLC,N,LC,0.0567254140331366,15.003995338771432,19.422132512069254,4.418137173297822
2019,OLM,O,LM,0.353750848735962,-6.996004661228568,-22.577867487930746,-15.581862826702178
2020,MLC,M,LC,0.188226773657346,5.422132512069254,-3.9042783419344005,-9.326410854003655
2020,FLM,F,LM,0.245485152394365,-13.577867487930746,7.0957216580655995,20.673589145996345
2020,D4H2C,D,HC,0.110557292817767,-7.577867487930746,22.0957216580656,29.673589145996345
2019,D7H2C,D,HC,0.147677572943671,1.003995338771432,-5.577867487930746,-6.581862826702178
2019,HHM,H,HM,0.0546389528680704,-9.996004661228568,20.422132512069254,30.418137173297822
2019,SHC,S,HC,0.290384939431618,-3.996004661228568,-11.577867487930746,-7.581862826702178
2019,GHM,G,HM,0.0703939098409947,-3.996004661228568,-1.577867487930746,2.418137173297822
2017,AHM,A,HM,0.196681576961704,-8.693815548526715,49.821042117529544,58.51485766605626
2020,SLM,S,LM,0.383196021009405,-5.577867487930746,12.0957216580656,17.673589145996345
2019,MHM,M,HM,0.352242175226144,-4.996004661228568,19.422132512069254,24.418137173297822
2019,NHM,N,HM,0.330250492340653,8.003995338771432,-2.577867487930746,-10.581862826702178
2020,MLM,M,LM,0.12654064169321,0.42213251206925406,18.0957216580656,17.673589145996345
2018,DHM,D,HM,0.025720190462009,-1.1789578824704563,8.003995338771432,9.182953221241888
2020,GHM,G,HM,0.27736178270874,-3.577867487930746,-15.9042783419344,-12.326410854003655
2019,HHM,H,HM,0.14798571250138,-18.996004661228568,-19.577867487930746,-0.5818628267021779
2020,MHC,M,HC,0.316099146993178,-5.577867487930746,-11.9042783419344,-6.3264108540036545
2018,OLM,O,LM,0.0659903944413917,-13.178957882470456,5.003995338771432,18.18295322124189
2018,MLM,M,LM,0.329158934772046,-2.1789578824704563,-8.996004661228568,-6.817046778758112
2018,TLM,T,LM,0.25165182183739,-5.178957882470456,15.003995338771432,20.18295322124189
2020,GHC,G,HC,0.363588212959118,-5.577867487930746,8.0957216580656,13.673589145996345
2019,THC,T,HC,0.405561161399128,4.003995338771432,-5.577867487930746,-9.581862826702178
2018,BHC,B,HC,0.129817344630327,-5.178957882470456,10.003995338771432,15.182953221241888
2020,NLC,N,LC,0.240418685354973,-3.577867487930746,-23.9042783419344,-20.326410854003655
2017,AHM,A,HM,0.42208933720305,-1.6938155485267146,29.821042117529544,31.51485766605626
2020,MHM,M,HM,0.427505966411254,14.422132512069254,1.0957216580655995,-13.326410854003655
2018,DLC,D,LC,0.51250004384525,-7.178957882470456,-6.996004661228568,0.1829532212418883
2017,SHM,S,HM,0.175479490689072,-20.693815548526715,-4.178957882470456,16.51485766605626
2018,D7H2C,D,HC,0.341611423048734,-12.178957882470456,-9.996004661228568,2.1829532212418883
2018,GLC,G,LC,0.346446282928185,-3.1789578824704563,17.003995338771432,20.18295322124189
2020,BH2C,B,HC,0.317488631585558,6.422132512069254,-0.9042783419344005,-7.3264108540036545
2019,FH2C,F,HC,0.590004088007458,-12.996004661228568,-3.577867487930746,9.418137173297822
2017,OLM,O,LM,0.386392956695122,0.30618445147328543,-4.178957882470456,-4.485142333943742
2020,MHC,M,HC,0.180871286857865,-1.577867487930746,31.0957216580656,32.673589145996345
2017,JLM,J,LM,0.160251761315016,24.306184451473285,-1.1789578824704563,-25.48514233394374
2018,NHC,N,HC,0.375143348120862,-7.178957882470456,36.00399533877143,43.18295322124189
2017,OHC,O,HC,0.320529788906754,8.306184451473285,16.821042117529544,8.514857666056258
2020,OHC,O,HC,0.306245362520611,-3.577867487930746,0.09572165806559951,3.6735891459963455
2019,FHC,F,HC,0.331953710818325,4.003995338771432,49.422132512069254,45.41813717329782
2020,AHM,A,HM,0.0567028594859871,-0.5778674879307459,1.0957216580655995,1.6735891459963455
2019,OLC,O,LC,0.367202765548878,9.003995338771432,-19.577867487930746,-28.581862826702178
2020,BLC,B,LC,0.246247858192346,8.422132512069254,16.0957216580656,7.6735891459963455
2019,OLM,O,LM,0.280490428302218,-7.996004661228568,7.422132512069254,15.418137173297822
2018,NLM,N,LM,0.459434206578193,-13.178957882470456,5.003995338771432,18.18295322124189
2019,OHM,O,HM,0.255471646732259,1.003995338771432,2.422132512069254,1.418137173297822
2018,FLC,F,LC,0.139483347434726,-24.178957882470456,1.003995338771432,25.18295322124189
2019,D1H2C,D,HC,0.398694046618766,5.003995338771432,-0.5778674879307459,-5.581862826702178
2017,HHM,H,HM,0.456784780350757,-4.693815548526715,4.821042117529544,9.514857666056258
2017,D5H2C,D,HC,0.117214311081193,12.306184451473285,-15.178957882470456,-27.48514233394374
2017,GHM,G,HM,0.171716766145197,3.3061844514732854,1.8210421175295437,-1.4851423339437417
2019,NHM,N,HM,0.252468624328521,-27.996004661228568,0.42213251206925406,28.418137173297822
2018,D1H2C,D,HC,0.0776666825512433,-9.178957882470456,6.003995338771432,15.182953221241888
2019,NLC,N,LC,0.222418309485088,37.00399533877143,8.422132512069254,-28.581862826702178
2018,D9H2C,D,HC,0.2568419272541,-7.178957882470456,8.003995338771432,15.182953221241888
2017,D9H2C,D,HC,0.353584413410964,10.306184451473285,-7.178957882470456,-17.48514233394374
2020,BHM,B,HM,0.467066117278988,-11.577867487930746,28.0957216580656,39.673589145996345
2017,OLC,O,LC,0.536577563394089,24.306184451473285,-5.178957882470456,-29.48514233394374
2020,SLM,S,LM,0.187572465940089,14.422132512069254,12.0957216580656,-2.3264108540036545
2020,JLM,J,LM,0.193227404077601,-13.577867487930746,1.0957216580655995,14.673589145996345
2018,OLM,O,LM,0.195666967322579,-6.178957882470456,-0.996004661228568,5.182953221241888
2018,ALC,A,LC,0.178036561675109,-0.1789578824704563,-0.996004661228568,-0.8170467787581117
2018,NHM,N,HM,0.153685264146544,47.821042117529544,-7.996004661228568,-55.81704677875811
2020,MHC,M,HC,0.118224400802811,-18.577867487930746,-5.9042783419344005,12.673589145996345
2017,NHC,N,HC,0.172947350051006,17.306184451473285,-5.178957882470456,-22.48514233394374
2019,NHM,N,HM,0.160839282946503,-10.996004661228568,3.422132512069254,14.418137173297822
2019,TLM,T,LM,0.388818207475048,13.003995338771432,2.422132512069254,-10.581862826702178
2018,DLC,D,LC,0.136513840723002,3.8210421175295437,-0.996004661228568,-4.817046778758112
2018,D1H2C,D,HC,-0.00996860899496999,-7.178957882470456,1.003995338771432,8.182953221241888
2017,OHC,O,HC,0.319453091529932,-0.6938155485267146,-3.1789578824704563,-2.4851423339437417
2019,DHC,D,HC,0.504454616280913,2.003995338771432,5.422132512069254,3.418137173297822
2017,MHC,M,HC,0.271942846212555,-16.693815548526715,-13.178957882470456,3.5148576660562583
2019,D4H2C,D,HC,0.554447613335128,-7.996004661228568,-3.577867487930746,4.418137173297822
2019,OLM,O,LM,0.335123574371966,13.003995338771432,-4.577867487930746,-17.581862826702178
2017,OHC,O,HC,0.327271190563272,0.30618445147328543,-9.178957882470456,-9.485142333943742
2017,OLC,O,LC,0.199733950901339,25.306184451473285,1.8210421175295437,-23.48514233394374
2018,DLC,D,LC,0.185990457062944,-7.178957882470456,-10.996004661228568,-3.8170467787581117
2018,AHM,A,HM,0.322592592650405,-5.178957882470456,31.003995338771432,36.18295322124189
2020,NLC,N,LC,0.269104448097514,0.42213251206925406,8.0957216580656,7.6735891459963455
2020,BHM,B,HM,0.193721229686011,-9.577867487930746,6.0957216580655995,15.673589145996345
2017,HLM,H,LM,0.497440242780866,6.306184451473285,-1.1789578824704563,-7.485142333943742
2020,OHM,O,HM,0.14472437177846,-10.577867487930746,3.0957216580655995,13.673589145996345
2017,OLC,O,LC,0.25047568119223,-29.693815548526715,-1.1789578824704563,28.51485766605626
2018,AHM,A,HM,0.102848458164275,-12.178957882470456,7.003995338771432,19.18295322124189
2019,THC,T,HC,0.573109378284599,7.003995338771432,-12.577867487930746,-19.581862826702178
2020,NHC,N,HC,0.337407585112103,-0.5778674879307459,6.0957216580655995,6.6735891459963455
2020,D8H2C,D,HC,0.541109978583495,6.422132512069254,2.0957216580655995,-4.3264108540036545
2017,FHM,F,HM,0.246425091244812,-6.693815548526715,-0.1789578824704563,6.514857666056258
2018,AHC,A,HC,0.110474959038598,-3.1789578824704563,9.003995338771432,12.182953221241888
2020,MLC,M,LC,0.22681937077388,2.422132512069254,0.09572165806559951,-2.3264108540036545
2017,D8H2C,D,HC,0.138410000198388,20.306184451473285,28.821042117529544,8.514857666056258
2017,FLM,F,LM,0.179219134468676,-17.693815548526715,38.821042117529544,56.51485766605626
2019,AHM,A,HM,0.0991415902049659,-2.996004661228568,5.422132512069254,8.418137173297822
2017,FHM,F,HM,0.478117789885153,-5.693815548526715,11.821042117529544,17.51485766605626
2019,SLM,S,LM,0.235385914251203,2.003995338771432,6.422132512069254,4.418137173297822
2019,D3H2C,D,HC,0.144916361794509,-10.996004661228568,2.422132512069254,13.418137173297822
2017,NHC,N,HC,0.0147390384409187,-11.693815548526715,12.821042117529544,24.51485766605626
2017,NLC,N,LC,-0.00457575423103029,-29.693815548526715,-16.178957882470456,13.514857666056258
2020,THM,T,HM,0.0185805291209429,2.422132512069254,-23.9042783419344,-26.326410854003655
2017,FLM,F,LM,0.301050494949418,5.306184451473285,-0.1789578824704563,-5.485142333943742
2018,THC,T,HC,0.0882181663807031,44.821042117529544,7.003995338771432,-37.81704677875811
2018,SLM,S,LM,0.275398195858243,-15.178957882470456,1.003995338771432,16.18295322124189
2018,MHM,M,HM,0.274151654504842,-7.178957882470456,-4.996004661228568,2.1829532212418883
2020,D8H2C,D,HC,0.146479942686143,18.422132512069254,-34.9042783419344,-53.326410854003655
2018,GHM,G,HM,0.116995903469261,-4.178957882470456,-1.996004661228568,2.1829532212418883
2019,MHC,M,HC,0.537375930427383,-13.996004661228568,-9.577867487930746,4.418137173297822
2019,FHM,F,HM,0.121886780795747,-17.996004661228568,-10.577867487930746,7.418137173297822
2020,FH2C,F,HC,0.204861616422757,-11.577867487930746,-9.9042783419344,1.6735891459963455
2017,JLM,J,LM,0.375684788566367,2.3061844514732854,-1.1789578824704563,-3.4851423339437417
2020,HLC,H,LC,0.353927812162728,0.42213251206925406,-23.9042783419344,-24.326410854003655
2019,D7H2C,D,HC,0.336147691906249,-3.996004661228568,39.422132512069254,43.41813717329782
2020,BLM,B,LM,0.248489018129887,-5.577867487930746,-3.9042783419344005,1.6735891459963455
2017,BH2C,B,HC,0.379301453795791,-4.693815548526715,-8.178957882470456,-3.4851423339437417
2018,GLM,G,LM,0.433433986738113,5.821042117529544,19.003995338771432,13.182953221241888
2020,AHC,A,HC,0.35826915707951,0.42213251206925406,11.0957216580656,10.673589145996345
2017,OHC,O,HC,0.0390139752597493,-25.693815548526715,-10.178957882470456,15.514857666056258
2018,OHM,O,HM,0.338527254129121,-5.178957882470456,-1.996004661228568,3.1829532212418883
2019,OLC,O,LC,0.507732404244695,2.003995338771432,-5.577867487930746,-7.581862826702178
2018,THC,T,HC,0.47891881469912,-2.1789578824704563,-7.996004661228568,-5.817046778758112
2017,D8H2C,D,HC,0.148853137691657,-26.693815548526715,-7.178957882470456,19.51485766605626
2019,OLM,O,LM,0.243980682470066,3.003995338771432,-2.577867487930746,-5.581862826702178
2019,MLM,M,LM,0.400034709501526,9.003995338771432,0.42213251206925406,-8.581862826702178
2018,SHM,S,HM,0.0263891887293621,-8.178957882470456,-12.996004661228568,-4.817046778758112
2019,OLC,O,LC,0.193067763829387,-14.996004661228568,-9.577867487930746,5.418137173297822
2017,OHM,O,HM,0.380288401769976,-5.693815548526715,-9.178957882470456,-3.4851423339437417
2017,D1H2C,D,HC,0.308051183866364,1.3061844514732854,-6.178957882470456,-7.485142333943742
2018,SLM,S,LM,0.320815004391763,-0.1789578824704563,10.003995338771432,10.182953221241888
2018,NHC,N,HC,0.0432321420495877,15.821042117529544,-25.996004661228568,-41.81704677875811
2018,GLC,G,LC,0.40334477507888,-7.178957882470456,3.003995338771432,10.182953221241888
2018,JLC,J,LC,0.351570404453067,-8.178957882470456,1.003995338771432,9.182953221241888
2019,NHM,N,HM,0.196750888673097,9.003995338771432,0.42213251206925406,-8.581862826702178
2020,OHC,O,HC,0.1487933032966,-8.577867487930746,-5.9042783419344005,2.6735891459963455
2017,D2H2C,D,HC,0.352759781368159,5.306184451473285,50.821042117529544,45.51485766605626
2018,NHM,N,HM,0.324603238307899,-19.178957882470456,2.003995338771432,21.18295322124189
2019,JHM,J,HM,0.158996208011104,-2.996004661228568,4.422132512069254,7.418137173297822
2020,GLC,G,LC,0.32031317137802,-4.577867487930746,-29.9042783419344,-25.326410854003655
2019,SHM,S,HM,0.339244537197461,-14.996004661228568,-5.577867487930746,9.418137173297822
2018,JLM,J,LM,0.0322592626218228,-9.178957882470456,11.003995338771432,20.18295322124189
2017,BHM,B,HM,0.138086812026375,5.306184451473285,-15.178957882470456,-20.48514233394374
2017,JLM,J,LM,0.0782507049792185,-21.693815548526715,-5.178957882470456,16.51485766605626
2017,AHM,A,HM,0.18255667750593,-0.6938155485267146,-7.178957882470456,-6.485142333943742
2019,OLC,O,LC,0.302005621051382,-20.996004661228568,6.422132512069254,27.418137173297822
2017,HHM,H,HM,0.0552302035541588,7.306184451473285,5.821042117529544,-1.4851423339437417
2020,NHC,N,HC,0.281122415318166,-3.577867487930746,-35.9042783419344,-32.326410854003655
2017,SLM,S,LM,0.198454089788412,6.306184451473285,-14.178957882470456,-20.48514233394374
2017,ALC,A,LC,0.320248287090574,3.3061844514732854,-1.1789578824704563,-4.485142333943742
2018,GLM,G,LM,0.00974242203903719,1.8210421175295437,7.003995338771432,5.182953221241888
2018,AHC,A,HC,0.183952520440491,-7.178957882470456,7.003995338771432,14.182953221241888
2017,HHM,H,HM,0.365110479475179,-1.6938155485267146,-2.1789578824704563,-0.48514233394374173
2020,AHM,A,HM,0.173129773763962,2.422132512069254,-23.9042783419344,-26.326410854003655
2017,ALC,A,LC,0.228624662514736,-19.693815548526715,1.8210421175295437,21.51485766605626
2019,DLM,D,LM,0.322625237635077,0.003995338771431989,8.422132512069254,8.418137173297822
2019,DLM,D,LM,0.375485208246344,1.003995338771432,8.422132512069254,7.418137173297822
2019,D7H2C,D,HC,0.338302298205974,7.003995338771432,25.422132512069254,18.418137173297822
2018,HHM,H,HM,0.298737454771257,-9.178957882470456,25.003995338771432,34.18295322124189
2018,SLC,S,LC,0.467919098453659,6.821042117529544,-4.996004661228568,-11.817046778758112
2019,OLC,O,LC,0.125444283761706,25.003995338771432,-7.577867487930746,-32.58186282670218
2017,MHC,M,HC,0.357746887236465,5.306184451473285,4.821042117529544,-0.48514233394374173
2019,OLC,O,LC,0.0553239556056102,16.003995338771432,26.422132512069254,10.418137173297822
2019,OHC,O,HC,0.225903642713368,-8.996004661228568,24.422132512069254,33.41813717329782
2018,NLM,N,LM,0.0844499449147964,-2.1789578824704563,-12.996004661228568,-10.817046778758112
2019,BLC,B,LC,0.053746834159319,-3.996004661228568,0.42213251206925406,4.418137173297822
2019,ALC,A,LC,0.153901505150617,1.003995338771432,0.42213251206925406,-0.5818628267021779
2020,MHM,M,HM,0.308404997490517,-7.577867487930746,6.0957216580655995,13.673589145996345
2018,DLC,D,LC,0.0926164933862585,24.821042117529544,-0.996004661228568,-25.81704677875811
2017,OHC,O,HC,0.1613692928202,-1.6938155485267146,-12.178957882470456,-10.485142333943742
2017,D8H2C,D,HC,0.180682584806695,4.306184451473285,-7.178957882470456,-11.485142333943742
2020,NHC,N,HC,0.2328413442128,13.422132512069254,8.0957216580656,-5.3264108540036545
2018,FHC,F,HC,0.219966516912814,-23.178957882470456,-4.996004661228568,18.18295322124189
2018,FLC,F,LC,0.169704161165244,5.821042117529544,-6.996004661228568,-12.817046778758112
2020,D4H2C,D,HC,0.290840884543834,0.42213251206925406,6.0957216580655995,5.6735891459963455
2018,NLC,N,LC,0.302297498095532,-3.1789578824704563,-5.996004661228568,-2.8170467787581117
2018,GHC,G,HC,0.397503242304316,-15.178957882470456,1.003995338771432,16.18295322124189
2019,GHC,G,HC,0.170048157439963,-17.996004661228568,-2.577867487930746,15.418137173297822
2020,SHM,S,HM,0.163797711173273,-10.577867487930746,5.0957216580655995,15.673589145996345
2019,D1H2C,D,HC,0.21561810744664,4.003995338771432,4.422132512069254,0.4181371732978221
2018,SHM,S,HM,0.228222741556785,-17.178957882470456,28.003995338771432,45.18295322124189
2017,OLC,O,LC,0.512322704757543,6.306184451473285,-3.1789578824704563,-9.485142333943742
2018,MLC,M,LC,0.197041318662388,-7.178957882470456,0.003995338771431989,7.182953221241888
2018,GLC,G,LC,0.455504274356032,-12.178957882470456,5.003995338771432,17.18295322124189
2019,FLC,F,LC,0.128004240233775,-1.996004661228568,-14.577867487930746,-12.581862826702178
2019,FHC,F,HC,0.159530804303812,1.003995338771432,-11.577867487930746,-12.581862826702178
2018,BHC,B,HC,0.117621827165532,-3.1789578824704563,-7.996004661228568,-4.817046778758112
2019,HLM,H,LM,0.21610672680284,6.003995338771432,-1.577867487930746,-7.581862826702178
2019,HHM,H,HM,0.580034381365198,-4.996004661228568,-0.5778674879307459,4.418137173297822
2020,BHC,B,HC,0.0791351103756681,-21.577867487930746,-17.9042783419344,3.6735891459963455
2019,THC,T,HC,0.322267191696166,-3.996004661228568,18.422132512069254,22.418137173297822
2019,FHM,F,HM,0.386019691796182,-0.996004661228568,-15.577867487930746,-14.581862826702178
2020,NLC,N,LC,0.147466161054106,0.42213251206925406,18.0957216580656,17.673589145996345
2017,BHC,B,HC,0.26279454195997,14.306184451473285,18.821042117529544,4.514857666056258
2018,HHC,H,HC,0.551859159167779,-13.178957882470456,-9.996004661228568,3.1829532212418883
2019,NHC,N,HC,0.476851077665915,-7.996004661228568,6.422132512069254,14.418137173297822
2018,FH2C,F,HC,0.197037165397359,3.8210421175295437,9.003995338771432,5.182953221241888
2019,FHC,F,HC,0.386769477443227,-0.996004661228568,-7.577867487930746,-6.581862826702178
2018,MHM,M,HM,0.0950658236498303,35.821042117529544,7.003995338771432,-28.81704677875811
2019,D7H2C,D,HC,0.336883232900201,-22.996004661228568,-0.5778674879307459,22.418137173297822
2020,D7H2C,D,HC,0.299694016540258,-23.577867487930746,-42.9042783419344,-19.326410854003655
2018,AHC,A,HC,0.188646850428308,-7.178957882470456,7.003995338771432,14.182953221241888
2020,D3H2C,D,HC,0.278562320559444,8.422132512069254,-15.9042783419344,-24.326410854003655
2018,GHM,G,HM,0.454080288436898,-8.178957882470456,2.003995338771432,10.182953221241888
2020,D3H2C,D,HC,0.306525370436803,-3.577867487930746,-9.9042783419344,-6.3264108540036545
2020,NLM,N,LM,0.258828395011181,38.422132512069254,12.0957216580656,-26.326410854003655
2018,NLC,N,LC,0.267685852047545,10.821042117529544,-11.996004661228568,-22.81704677875811
2017,GHC,G,HC,0.275806929678074,-15.693815548526715,22.821042117529544,38.51485766605626
2020,SHC,S,HC,0.3647355412902,-13.577867487930746,-15.9042783419344,-2.3264108540036545
2020,D3H2C,D,HC,0.326391079420941,39.422132512069254,-0.9042783419344005,-40.326410854003655
2020,BLM,B,LM,0.693157328366351,-12.577867487930746,-6.9042783419344005,5.6735891459963455
2018,D4H2C,D,HC,0.147807783271582,6.821042117529544,13.003995338771432,6.182953221241888
2017,ALM,A,LM,0.219608330037057,-0.6938155485267146,-7.178957882470456,-6.485142333943742
2018,DLC,D,LC,0.201103588662172,41.821042117529544,12.003995338771432,-29.81704677875811
2020,D7H2C,D,HC,0.329628983374534,-19.577867487930746,-14.9042783419344,4.6735891459963455
2019,TLM,T,LM,-0.0217574787222579,39.00399533877143,-11.577867487930746,-50.58186282670218
2018,FHM,F,HM,0.364922486639687,-1.1789578824704563,-17.996004661228568,-16.81704677875811
2020,OLM,O,LM,0.261108619195029,-22.577867487930746,41.0957216580656,63.673589145996345
2020,AHC,A,HC,0.107401838437893,18.422132512069254,13.0957216580656,-5.3264108540036545
2018,AHM,A,HM,0.560337358274648,-9.178957882470456,0.003995338771431989,9.182953221241888
2020,DHC,D,HC,0.304431750422742,-5.577867487930746,-4.9042783419344005,0.6735891459963455
2019,JLM,J,LM,0.0113365297859807,7.003995338771432,54.422132512069254,47.41813717329782
2017,SHM,S,HM,0.304812686525722,-5.693815548526715,-5.178957882470456,0.5148576660562583
2019,ALC,A,LC,0.352483462044958,7.003995338771432,-10.577867487930746,-17.581862826702178
2018,JHC,J,HC,0.231797704935137,-4.178957882470456,0.003995338771431989,4.182953221241888
2018,ALM,A,LM,0.361636862774035,-1.1789578824704563,-22.996004661228568,-21.81704677875811
2020,JHM,J,HM,0.371014909159428,-7.577867487930746,-16.9042783419344,-9.326410854003655
2019,FH2C,F,HC,0.413457109342771,-4.996004661228568,3.422132512069254,8.418137173297822
2017,OLM,O,LM,0.0828198949466061,-19.693815548526715,-2.1789578824704563,17.51485766605626
2018,MHC,M,HC,0.0892063046958113,46.821042117529544,23.003995338771432,-23.81704677875811
2020,MHM,M,HM,0.473632167074424,-17.577867487930746,36.0957216580656,53.673589145996345
2020,FHC,F,HC,0.38902834739077,-5.577867487930746,-5.9042783419344005,-0.32641085400365455
2017,MHM,M,HM,0.322785768441454,7.306184451473285,4.821042117529544,-2.4851423339437417
2019,MLM,M,LM,0.252891512971276,4.003995338771432,-6.577867487930746,-10.581862826702178
2019,DLC,D,LC,0.371378347886455,3.003995338771432,-0.5778674879307459,-3.581862826702178
2019,FHC,F,HC,0.46580911901967,-2.996004661228568,2.422132512069254,5.418137173297822
2019,SLM,S,LM,0.0930897034747629,18.003995338771432,-6.577867487930746,-24.581862826702178
2019,NHM,N,HM,0.154816280382548,12.003995338771432,0.42213251206925406,-11.581862826702178
2017,D9H2C,D,HC,0.264873273167764,1.3061844514732854,-6.178957882470456,-7.485142333943742
2017,FLM,F,LM,0.220320274157648,30.306184451473285,12.821042117529544,-17.48514233394374
2020,BHC,B,HC,0.36570454699133,-14.577867487930746,-5.9042783419344005,8.673589145996345
2017,MLM,M,LM,0.328885553128149,-29.693815548526715,-4.178957882470456,25.51485766605626
2017,BHC,B,HC,0.00573503704816747,25.306184451473285,1.8210421175295437,-23.48514233394374
2019,HLC,H,LC,0.233575966142176,21.003995338771432,1.422132512069254,-19.581862826702178
2020,HHM,H,HM,0.437248956008018,-6.577867487930746,-0.9042783419344005,5.6735891459963455
2019,GHM,G,HM,0.251710468165691,-2.996004661228568,8.422132512069254,11.418137173297822
2020,HHM,H,HM,0.0911824072623526,0.42213251206925406,15.0957216580656,14.673589145996345
2017,GHM,G,HM,0.163070922263947,-16.693815548526715,-9.178957882470456,7.514857666056258
2018,MLM,M,LM,0.27234342608906,-23.178957882470456,-11.996004661228568,11.182953221241888
2020,MLM,M,LM,0.270594849638109,-7.577867487930746,6.0957216580655995,13.673589145996345
2017,AHM,A,HM,0.227785234175116,-10.693815548526715,-8.178957882470456,2.5148576660562583
2019,FLC,F,LC,0.116297431800991,15.003995338771432,-4.577867487930746,-19.581862826702178
2018,OHM,O,HM,0.372711685335227,-5.178957882470456,-12.996004661228568,-7.817046778758112
2019,HLC,H,LC,0.147301362023326,15.003995338771432,2.422132512069254,-12.581862826702178
2017,DLC,D,LC,0.0388578796154462,-3.6938155485267146,-10.178957882470456,-6.485142333943742
2018,D7H2C,D,HC,0.657774877023288,-2.1789578824704563,13.003995338771432,15.182953221241888
2020,DLC,D,LC,0.136264351501142,16.422132512069254,34.0957216580656,17.673589145996345
2017,NLC,N,LC,0.0555725567975807,0.30618445147328543,16.821042117529544,16.51485766605626
2018,MLM,M,LM,0.153445310704763,-7.178957882470456,-8.996004661228568,-1.8170467787581117
2018,D1H2C,D,HC,0.185092469080405,-7.178957882470456,16.003995338771432,23.18295322124189
2020,ALC,A,LC,0.231295060370627,-3.577867487930746,1.0957216580655995,4.6735891459963455
2017,GHM,G,HM,0.403063083345791,6.306184451473285,-13.178957882470456,-19.48514233394374
2017,FHM,F,HM,0.387993340955438,2.3061844514732854,-8.178957882470456,-10.485142333943742
2019,ALC,A,LC,0.113754502595284,2.003995338771432,-6.577867487930746,-8.581862826702178
2019,MHM,M,HM,0.343524466899887,-8.996004661228568,-8.577867487930746,0.4181371732978221
2018,NHM,N,HM,0.136303979582401,5.821042117529544,-7.996004661228568,-13.817046778758112
2018,ALM,A,LM,0.0607209192703504,-8.178957882470456,-11.996004661228568,-3.8170467787581117
2019,FH2C,F,HC,0.56955346040139,1.003995338771432,-4.577867487930746,-5.581862826702178
2020,MLM,M,LM,0.301817538842088,-8.577867487930746,6.0957216580655995,14.673589145996345
2020,NLM,N,LM,0.117397193905573,22.422132512069254,-29.9042783419344,-52.326410854003655
2017,FH2C,F,HC,0.144041233342291,-28.693815548526715,4.821042117529544,33.51485766605626
2019,SHC,S,HC,0.256097398771444,3.003995338771432,-17.577867487930746,-20.581862826702178
2019,OLC,O,LC,0.409859462056002,-13.996004661228568,-6.577867487930746,7.418137173297822
2018,THC,T,HC,0.0757488067435728,-6.178957882470456,3.003995338771432,9.182953221241888
2019,NHM,N,HM,0.290196663834172,-2.996004661228568,6.422132512069254,9.418137173297822
2018,FHM,F,HM,0.264824935152841,-7.178957882470456,-6.996004661228568,0.1829532212418883
2020,MLM,M,LM,0.153757795223743,7.422132512069254,17.0957216580656,9.673589145996345
2020,FLC,F,LC,0.00695675616851732,41.422132512069254,6.0957216580655995,-35.326410854003655
2019,MLM,M,LM,0.234877997225578,-17.996004661228568,-3.577867487930746,14.418137173297822
2018,D7H2C,D,HC,0.0842998997482536,7.821042117529544,1.003995338771432,-6.817046778758112
2020,AHC,A,HC,0.561564734328444,-12.577867487930746,3.0957216580655995,15.673589145996345
2018,D8H2C,D,HC,0.288900797144191,-9.178957882470456,7.003995338771432,16.18295322124189
2020,MHC,M,HC,0.377688784416039,6.422132512069254,12.0957216580656,5.6735891459963455
2020,DHC,D,HC,0.319844668620082,-13.577867487930746,4.0957216580655995,17.673589145996345
2020,D8H2C,D,HC,0.162802661231645,-5.577867487930746,13.0957216580656,18.673589145996345
2017,D6H2C,D,HC,0.0943709683411671,7.306184451473285,-7.178957882470456,-14.485142333943742
2019,GHC,G,HC,0.405706016301332,8.003995338771432,-4.577867487930746,-12.581862826702178
2020,HLC,H,LC,0.256435892804995,-1.577867487930746,-15.9042783419344,-14.326410854003655
2020,GLC,G,LC,0.477425506350464,-5.577867487930746,-2.9042783419344005,2.6735891459963455
2020,HLM,H,LM,0.221025049094993,-5.577867487930746,4.0957216580655995,9.673589145996345
2018,NLM,N,LM,0.216294881676217,20.821042117529544,8.003995338771432,-12.817046778758112
2018,BLC,B,LC,0.0846154428123504,-11.178957882470456,-6.996004661228568,4.182953221241888
2019,JHM,J,HM,0.123053343289305,3.003995338771432,-10.577867487930746,-13.581862826702178
2019,AHC,A,HC,0.219797641650158,-4.996004661228568,-3.577867487930746,1.418137173297822
2020,GLM,G,LM,0.413755010545519,3.422132512069254,5.0957216580655995,1.6735891459963455
2018,DLM,D,LM,0.304544877889007,30.821042117529544,13.003995338771432,-17.81704677875811
2018,D1H2C,D,HC,0.177806846682951,57.821042117529544,-5.996004661228568,-63.81704677875811
2020,SLC,S,LC,0.0624304050313449,6.422132512069254,35.0957216580656,28.673589145996345
2017,DLC,D,LC,0.350728076599599,-4.693815548526715,-6.178957882470456,-1.4851423339437417
2017,FLC,F,LC,0.38407977159864,-15.693815548526715,2.8210421175295437,18.51485766605626
2019,MLM,M,LM,0.0754674924207059,-2.996004661228568,6.422132512069254,9.418137173297822
2019,D7H2C,D,HC,0.46522264574534,12.003995338771432,1.422132512069254,-10.581862826702178
2020,MLC,M,LC,0.46092336045161,9.422132512069254,8.0957216580656,-1.3264108540036545
2019,FLM,F,LM,0.260989596049694,-11.996004661228568,0.42213251206925406,12.418137173297822
2020,D7H2C,D,HC,0.163947961468483,-5.577867487930746,0.09572165806559951,5.6735891459963455
2019,DLC,D,LC,0.135445439015043,-8.996004661228568,-21.577867487930746,-12.581862826702178
2019,D8H2C,D,HC,0.466737564672335,-6.996004661228568,48.422132512069254,55.41813717329782
2018,FH2C,F,HC,0.216390441125849,0.8210421175295437,-2.996004661228568,-3.8170467787581117
2018,MLM,M,LM,0.301794296395465,-4.178957882470456,8.003995338771432,12.182953221241888
2020,AHC,A,HC,0.168542118379593,-10.577867487930746,7.0957216580655995,17.673589145996345
2018,D3H2C,D,HC,0.183723952939541,-18.178957882470456,-10.996004661228568,7.182953221241888
2020,GHM,G,HM,0.249577260201492,13.422132512069254,2.0957216580655995,-11.326410854003655
2019,BHC,B,HC,0.0410848440520974,15.003995338771432,-11.577867487930746,-26.581862826702178
2018,FLC,F,LC,0.0747571358042672,-6.178957882470456,-16.996004661228568,-10.817046778758112
2020,TLC,T,LC,0.318043485147864,-3.577867487930746,2.0957216580655995,5.6735891459963455
2018,OHC,O,HC,0.204869383159292,10.821042117529544,-3.996004661228568,-14.817046778758112
2020,FHM,F,HM,0.00595421114173389,-3.577867487930746,0.09572165806559951,3.6735891459963455
2017,D5H2C,D,HC,0.35620890097118,0.30618445147328543,2.8210421175295437,2.5148576660562583
2018,MHC,M,HC,0.0962797597105494,4.821042117529544,26.003995338771432,21.18295322124189
2018,OHM,O,HM,0.365284091974776,-0.1789578824704563,-17.996004661228568,-17.81704677875811
2018,DHM,D,HM,0.135580595216976,-6.178957882470456,13.003995338771432,19.18295322124189
2020,ALM,A,LM,0.0342838414147388,24.422132512069254,21.0957216580656,-3.3264108540036545
2018,NLC,N,LC,0.303605281305164,-6.178957882470456,-8.996004661228568,-2.8170467787581117
2018,DHC,D,HC,0.186066111721887,-16.178957882470456,-4.996004661228568,11.182953221241888
2018,NLM,N,LM,0.270462283270734,-5.178957882470456,5.003995338771432,10.182953221241888
2019,ALC,A,LC,0.124056604824898,7.003995338771432,-22.577867487930746,-29.581862826702178
2019,DLC,D,LC,0.302543421364985,6.003995338771432,-3.577867487930746,-9.581862826702178
2018,HHC,H,HC,0.100936044018038,-9.178957882470456,-1.996004661228568,7.182953221241888
2018,OLC,O,LC,0.150902999719941,35.821042117529544,2.003995338771432,-33.81704677875811
2018,MHC,M,HC,0.234299411159631,11.821042117529544,-17.996004661228568,-29.81704677875811
2020,D8H2C,D,HC,0.185077094993736,2.422132512069254,-23.9042783419344,-26.326410854003655
2017,AHM,A,HM,0.41710943286073,-0.6938155485267146,29.821042117529544,30.51485766605626
2017,HHC,H,HC,0.190443214355807,0.30618445147328543,-12.178957882470456,-12.485142333943742
2018,D5H2C,D,HC,0.404905686277272,0.8210421175295437,10.003995338771432,9.182953221241888
2019,GLM,G,LM,0.60078917763734,1.003995338771432,1.422132512069254,0.4181371732978221
2020,D7H2C,D,HC,0.350104860771018,3.422132512069254,18.0957216580656,14.673589145996345
2020,NLC,N,LC,0.385101151585253,2.422132512069254,-25.9042783419344,-28.326410854003655
2018,DLM,D,LM,0.155070254909064,0.8210421175295437,9.003995338771432,8.182953221241888
2019,OLC,O,LC,0.227647749099519,-4.996004661228568,24.422132512069254,29.418137173297822
2019,TLM,T,LM,0.264527964775811,13.003995338771432,7.422132512069254,-5.581862826702178
2017,THM,T,HM,0.0171056081411221,-11.693815548526715,0.8210421175295437,12.514857666056258
2018,OLM,O,LM,0.250327847752073,5.821042117529544,-11.996004661228568,-17.81704677875811
2019,JLM,J,LM,0.0702963820679832,-14.996004661228568,8.422132512069254,23.418137173297822
2020,HLM,H,LM,0.402624069595183,0.42213251206925406,-31.9042783419344,-32.326410854003655
2017,GLC,G,LC,0.226272504814198,23.306184451473285,-13.178957882470456,-36.48514233394374
2018,OLM,O,LM,0.00306990343472213,37.821042117529544,6.003995338771432,-31.81704677875811
2017,D7H2C,D,HC,0.395961875747779,-3.6938155485267146,-18.178957882470456,-14.485142333943742
2017,MLC,M,LC,0.120625035624226,-2.6938155485267146,-7.178957882470456,-4.485142333943742
2017,ALC,A,LC,0.0292172771435937,-28.693815548526715,-2.1789578824704563,26.51485766605626
2019,MHM,M,HM,0.326430702133179,-10.996004661228568,-7.577867487930746,3.418137173297822
2020,ALC,A,LC,0.248307937335954,6.422132512069254,-35.9042783419344,-42.326410854003655
2019,D7H2C,D,HC,0.352614571628368,-20.996004661228568,-11.577867487930746,9.418137173297822
2019,NHM,N,HM,0.253428308363945,27.003995338771432,-15.577867487930746,-42.58186282670218
2019,MHC,M,HC,0.203309194735362,-12.996004661228568,-4.577867487930746,8.418137173297822
2019,JLM,J,LM,0.177009453214592,9.003995338771432,-12.577867487930746,-21.581862826702178
2017,TLC,T,LC,0.309939160016447,2.3061844514732854,-6.178957882470456,-8.485142333943742
2020,TLM,T,LM,0.468098848300307,3.422132512069254,-1.9042783419344005,-5.3264108540036545
2017,NHC,N,HC,0.373347722689018,0.30618445147328543,-21.178957882470456,-21.48514233394374
2018,GHM,G,HM,0.495671164191769,-1.1789578824704563,-1.996004661228568,-0.8170467787581117
2019,D4H2C,D,HC,0.35663875139126,8.003995338771432,-8.577867487930746,-16.581862826702178
2017,AHM,A,HM,0.33607869616276,-8.693815548526715,-12.178957882470456,-3.4851423339437417
2017,MHM,M,HM,0.3456688883648,12.306184451473285,-7.178957882470456,-19.48514233394374
2017,JHC,J,HC,0.132200197840626,0.30618445147328543,0.8210421175295437,0.5148576660562583
2018,OHM,O,HM,0.310556084981511,46.821042117529544,-16.996004661228568,-63.81704677875811
2018,FH2C,F,HC,0.382612114796285,-9.178957882470456,16.003995338771432,25.18295322124189
2017,MLM,M,LM,0.140197252563511,-11.693815548526715,-3.1789578824704563,8.514857666056258
2018,ALM,A,LM,0.317787918681008,-7.178957882470456,2.003995338771432,9.182953221241888
2017,GLC,G,LC,0.516868223214717,-1.6938155485267146,-6.178957882470456,-4.485142333943742
2018,MLM,M,LM,0.193223190335236,-5.178957882470456,-4.996004661228568,0.1829532212418883
2020,TLC,T,LC,0.294397908856943,-11.577867487930746,42.0957216580656,53.673589145996345
2017,NLC,N,LC,0.180339684939412,-17.693815548526715,19.821042117529544,37.51485766605626
2019,NLM,N,LM,0.0110638306276556,0.003995338771431989,12.422132512069254,12.418137173297822
2019,MLM,M,LM,0.201050691575331,-7.996004661228568,-12.577867487930746,-4.581862826702178
2020,FH2C,F,HC,0.365152192757787,-3.577867487930746,-1.9042783419344005,1.6735891459963455
2018,MHC,M,HC,0.103515906153616,-6.178957882470456,2.003995338771432,8.182953221241888
2019,NHM,N,HM,0.383531689181567,21.003995338771432,25.422132512069254,4.418137173297822
2017,FHM,F,HM,0.0231134394697994,-0.6938155485267146,-6.178957882470456,-5.485142333943742
2019,BHC,B,HC,0.325010709965039,1.003995338771432,-4.577867487930746,-5.581862826702178
2018,THC,T,HC,0.444396831944224,7.821042117529544,1.003995338771432,-6.817046778758112
2018,DHC,D,HC,0.25463734770117,-1.1789578824704563,3.003995338771432,4.182953221241888
2019,SLM,S,LM,0.0728077331255346,11.003995338771432,9.422132512069254,-1.581862826702178
2017,JLM,J,LM,0.147903668608995,0.30618445147328543,0.8210421175295437,0.5148576660562583
2017,ALM,A,LM,0.0842417168918972,-11.693815548526715,0.8210421175295437,12.514857666056258
2019,FLC,F,LC,0.20765725241516,1.003995338771432,38.422132512069254,37.41813717329782
2017,JLM,J,LM,0.229450024297868,6.306184451473285,-0.1789578824704563,-6.485142333943742
2017,MHM,M,HM,0.0746789758450099,24.306184451473285,-1.1789578824704563,-25.48514233394374
2018,MLM,M,LM,0.109384481828646,4.821042117529544,1.003995338771432,-3.8170467787581117
2017,MHC,M,HC,0.250262512829158,-15.693815548526715,22.821042117529544,38.51485766605626
2017,GHC,G,HC,0.404096952471436,-3.6938155485267146,-12.178957882470456,-8.485142333943742
2018,OHC,O,HC,0.0170321201441541,-13.178957882470456,-4.996004661228568,8.182953221241888
2020,D7H2C,D,HC,0.323154331040172,-5.577867487930746,-29.9042783419344,-24.326410854003655
2019,ALC,A,LC,0.472873404571162,-2.996004661228568,12.422132512069254,15.418137173297822
2017,SLC,S,LC,0.134251872960064,18.306184451473285,4.821042117529544,-13.485142333943742
2019,HHC,H,HC,0.192567114829302,-5.996004661228568,-9.577867487930746,-3.581862826702178
2020,DHC,D,HC,0.368097626261245,14.422132512069254,-1.9042783419344005,-16.326410854003655
2017,D4H2C,D,HC,0.15479016145267,-0.6938155485267146,-0.1789578824704563,0.5148576660562583
2017,TLM,T,LM,0.178555892643878,2.3061844514732854,4.821042117529544,2.5148576660562583
2019,MLM,M,LM,-0.0234785546639724,18.003995338771432,-0.5778674879307459,-18.581862826702178
2017,AHM,A,HM,0.237116406681809,-5.693815548526715,16.821042117529544,22.51485766605626
2018,D7H2C,D,HC,0.446541369574,-10.178957882470456,-9.996004661228568,0.1829532212418883
2020,SLC,S,LC,0.241993780607055,1.422132512069254,12.0957216580656,10.673589145996345
2019,OLM,O,LM,0.319687912531883,1.003995338771432,0.42213251206925406,-0.5818628267021779
2017,JLM,J,LM,0.261283159742716,-14.693815548526715,-5.178957882470456,9.514857666056258
2018,BLC,B,LC,0.297045863435907,-0.1789578824704563,9.003995338771432,9.182953221241888
2020,D8H2C,D,HC,0.638552762242697,7.422132512069254,4.0957216580655995,-3.3264108540036545
2018,ALM,A,LM,0.34121392214609,16.821042117529544,-4.996004661228568,-21.81704677875811
2018,GHC,G,HC,0.0299411660143213,46.821042117529544,17.003995338771432,-29.81704677875811
2020,GLM,G,LM,0.274997250134658,7.422132512069254,12.0957216580656,4.6735891459963455
2018,FLC,F,LC,0.108796431610603,29.821042117529544,1.003995338771432,-28.81704677875811
2017,OLC,O,LC,0.319663744397489,19.306184451473285,13.821042117529544,-5.485142333943742
2019,HHC,H,HC,0.338343056449476,3.003995338771432,17.422132512069254,14.418137173297822
2018,D7H2C,D,HC,0.18077260295635,7.821042117529544,17.003995338771432,9.182953221241888
2018,JHC,J,HC,0.0458398844455123,4.821042117529544,4.003995338771432,-0.8170467787581117
2019,MLC,M,LC,0.150781770319566,-4.996004661228568,-5.577867487930746,-0.5818628267021779
2018,AHC,A,HC,0.265079645572162,-2.1789578824704563,7.003995338771432,9.182953221241888
2018,GHC,G,HC,0.138807674479492,10.821042117529544,24.003995338771432,13.182953221241888
2020,HLC,H,LC,0.673258201698977,-5.577867487930746,-5.9042783419344005,-0.32641085400365455
2020,D8H2C,D,HC,0.112556036515862,-7.577867487930746,3.0957216580655995,10.673589145996345
2018,FH2C,F,HC,0.327771032611353,-12.178957882470456,1.003995338771432,13.182953221241888
2017,FLM,F,LM,0.206663361576452,3.3061844514732854,-6.178957882470456,-9.485142333943742
2019,NLC,N,LC,0.310155196031589,1.003995338771432,26.422132512069254,25.418137173297822
2020,NHM,N,HM,0.435005541112674,11.422132512069254,0.09572165806559951,-11.326410854003655
2020,OLC,O,LC,0.291131082957988,-4.577867487930746,-29.9042783419344,-25.326410854003655
2018,OLM,O,LM,0.130247937114872,-1.1789578824704563,-4.996004661228568,-3.8170467787581117
2019,JLM,J,LM,0.210810959484974,-3.996004661228568,5.422132512069254,9.418137173297822
2018,DLC,D,LC,0.167432436247366,-3.1789578824704563,-3.996004661228568,-0.8170467787581117
2020,JLM,J,LM,0.489715354682446,4.422132512069254,-3.9042783419344005,-8.326410854003655
2017,GHM,G,HM,0.556337350130471,13.306184451473285,4.821042117529544,-8.485142333943742
2018,D7H2C,D,HC,0.325933479068309,-7.178957882470456,16.003995338771432,23.18295322124189
2019,FHC,F,HC,0.303030191123524,-10.996004661228568,-4.577867487930746,6.418137173297822
2020,D8H2C,D,HC,0.359246953094075,-0.5778674879307459,19.0957216580656,19.673589145996345
2018,D4H2C,D,HC,0.250998153684608,-0.1789578824704563,-4.996004661228568,-4.817046778758112
2017,HHM,H,HM,0.224551582150116,-5.693815548526715,-1.1789578824704563,4.514857666056258
2020,TLM,T,LM,0.11948321640074,-2.577867487930746,11.0957216580656,13.673589145996345
2017,HHM,H,HM,0.445849570867797,-15.693815548526715,-10.178957882470456,5.514857666056258
2018,NHC,N,HC,0.509721298931523,16.821042117529544,1.003995338771432,-15.817046778758112
2019,JLM,J,LM,0.175796028063945,-7.996004661228568,18.422132512069254,26.418137173297822
2019,SHM,S,HM,0.310140172209138,23.003995338771432,-11.577867487930746,-34.58186282670218
2020,OHC,O,HC,0.198937879718573,-6.577867487930746,13.0957216580656,19.673589145996345
2018,DLC,D,LC,0.5371164580737,0.8210421175295437,8.003995338771432,7.182953221241888
2017,D6H2C,D,HC,0.161047207186009,-29.693815548526715,-5.178957882470456,24.51485766605626
2019,GHM,G,HM,0.151839243723816,-15.996004661228568,-7.577867487930746,8.418137173297822
2018,GHC,G,HC,0.179308829773075,-13.178957882470456,7.003995338771432,20.18295322124189
2017,SLC,S,LC,0.190482657090517,-3.6938155485267146,40.821042117529544,44.51485766605626
2019,NHM,N,HM,0.0353327631302252,-11.996004661228568,-7.577867487930746,4.418137173297822
2019,FHM,F,HM,0.21934818678914,-4.996004661228568,-5.577867487930746,-0.5818628267021779
2018,HLM,H,LM,0.214802044152303,-4.178957882470456,15.003995338771432,19.18295322124189
2017,BHC,B,HC,-0.0078246080006763,-17.693815548526715,-1.1789578824704563,16.51485766605626
2018,SHM,S,HM,0.134833198943382,36.821042117529544,-5.996004661228568,-42.81704677875811
2018,BHM,B,HM,0.485434478392723,-17.178957882470456,50.00399533877143,67.18295322124189
2018,OLC,O,LC,0.2230752424514,12.821042117529544,1.003995338771432,-11.817046778758112
2018,D8H2C,D,HC,0.291133221452162,-7.178957882470456,-34.99600466122857,-27.81704677875811
2020,GLC,G,LC,0.348305868523983,0.42213251206925406,0.09572165806559951,-0.32641085400365455
2020,GLM,G,LM,0.309353356849781,5.422132512069254,14.0957216580656,8.673589145996345
2020,ALC,A,LC,0.1093754841405,-22.577867487930746,-7.9042783419344005,14.673589145996345
2018,FH2C,F,HC,0.207730435254278,-4.178957882470456,9.003995338771432,13.182953221241888
2017,SHM,S,HM,0.176034878232652,2.3061844514732854,4.821042117529544,2.5148576660562583
2020,NHM,N,HM,0.17693015309368,22.422132512069254,0.09572165806559951,-22.326410854003655
2017,MLC,M,LC,0.138108878020897,-11.693815548526715,11.821042117529544,23.51485766605626
2020,MLC,M,LC,0.185870309598441,-6.577867487930746,-23.9042783419344,-17.326410854003655
2019,JHM,J,HM,0.264672092724273,-11.996004661228568,13.422132512069254,25.418137173297822
2019,BHM,B,HM,0.538239634535355,-3.996004661228568,-5.577867487930746,-1.581862826702178
2018,NHM,N,HM,0.243560669968495,-7.178957882470456,-2.996004661228568,4.182953221241888
2018,BH2C,B,HC,0.154344449328844,10.821042117529544,-5.996004661228568,-16.81704677875811
2018,MHC,M,HC,0.220007497825411,0.8210421175295437,16.003995338771432,15.182953221241888
2017,MHC,M,HC,0.244725737438597,20.306184451473285,-11.178957882470456,-31.48514233394374
2018,MLC,M,LC,0.169069650402303,0.8210421175295437,37.00399533877143,36.18295322124189
2019,MHC,M,HC,0.278678515891948,-9.996004661228568,-0.5778674879307459,9.418137173297822
2018,THC,T,HC,0.613278988932585,7.821042117529544,-11.996004661228568,-19.81704677875811
2019,OHM,O,HM,0.126079975379856,-7.996004661228568,-5.577867487930746,2.418137173297822
2017,FLM,F,LM,0.0316545134559894,6.306184451473285,-7.178957882470456,-13.485142333943742
2018,D8H2C,D,HC,0.313616025067265,0.8210421175295437,-3.996004661228568,-4.817046778758112
2020,OHM,O,HM,0.638084483792022,2.422132512069254,0.09572165806559951,-2.3264108540036545
2019,FLM,F,LM,0.32051519624713,7.003995338771432,4.422132512069254,-2.581862826702178
2017,GHM,G,HM,0.0301480587479825,19.306184451473285,-11.178957882470456,-30.48514233394374
2019,DHM,D,HM,0.207147660360244,19.003995338771432,-0.5778674879307459,-19.581862826702178
2019,AHC,A,HC,0.0650859058485456,3.003995338771432,12.422132512069254,9.418137173297822
2019,OLC,O,LC,0.271384179174915,14.003995338771432,0.42213251206925406,-13.581862826702178
2018,NLM,N,LM,0.187441575143089,16.821042117529544,-0.996004661228568,-17.81704677875811
2019,NHC,N,HC,0.343095745857067,-3.996004661228568,-20.577867487930746,-16.581862826702178
2017,ALM,A,LM,0.322194278508581,-24.693815548526715,-7.178957882470456,17.51485766605626
2018,D7H2C,D,HC,0.119636108436227,-13.178957882470456,13.003995338771432,26.18295322124189
2017,D1H2C,D,HC,0.217405548735664,0.30618445147328543,0.8210421175295437,0.5148576660562583
2018,MLM,M,LM,0.292604816872465,-15.178957882470456,-8.996004661228568,6.182953221241888
2018,SLC,S,LC,0.254528752830986,-6.178957882470456,-10.996004661228568,-4.817046778758112
2020,OLM,O,LM,0.395480199765218,-10.577867487930746,30.0957216580656,40.673589145996345
2018,SHC,S,HC,0.266396902945744,2.8210421175295437,-8.996004661228568,-11.817046778758112
2018,SLC,S,LC,0.344857566576494,-0.1789578824704563,-3.996004661228568,-3.8170467787581117
2018,ALM,A,LM,0.00870744478906638,-7.178957882470456,-11.996004661228568,-4.817046778758112
2018,D7H2C,D,HC,0.313430061400879,-0.1789578824704563,1.003995338771432,1.1829532212418883
2018,NLC,N,LC,0.511073109392427,19.821042117529544,-4.996004661228568,-24.81704677875811
2019,D7H2C,D,HC,0.350433166325301,-22.996004661228568,3.422132512069254,26.418137173297822
2018,ALC,A,LC,0.107582456940744,14.821042117529544,9.003995338771432,-5.817046778758112
2019,SHC,S,HC,0.145834030663645,1.003995338771432,-4.577867487930746,-5.581862826702178
2017,OHM,O,HM,0.0957797025786293,-11.693815548526715,-0.1789578824704563,11.514857666056258
2017,GLC,G,LC,0.386017771244786,-4.693815548526715,-1.1789578824704563,3.5148576660562583
2017,FLC,F,LC,0.116160439044332,5.306184451473285,-18.178957882470456,-23.48514233394374
2018,ALM,A,LM,0.315968321963475,-2.1789578824704563,-4.996004661228568,-2.8170467787581117
2020,NHM,N,HM,0.34059781880352,-2.577867487930746,-9.9042783419344,-7.3264108540036545
2018,OLM,O,LM,0.253881545530997,-1.1789578824704563,2.003995338771432,3.1829532212418883
2020,SLM,S,LM,0.26191462055878,6.422132512069254,1.0957216580655995,-5.3264108540036545
2019,D3H2C,D,HC,0.634142399401831,9.003995338771432,-10.577867487930746,-19.581862826702178
2019,D2H2C,D,HC,0.138287396931903,49.00399533877143,35.422132512069254,-13.581862826702178
2020,SLC,S,LC,0.262513645859205,-3.577867487930746,6.0957216580655995,9.673589145996345
2019,NHM,N,HM,0.024480078025465,24.003995338771432,-17.577867487930746,-41.58186282670218
2018,MLC,M,LC,0.265518612820562,17.821042117529544,-4.996004661228568,-22.81704677875811
2018,D8H2C,D,HC,0.176385714438792,18.821042117529544,39.00399533877143,20.18295322124189
2019,DLM,D,LM,0.298663701828811,-4.996004661228568,-5.577867487930746,-0.5818628267021779
2018,D7H2C,D,HC,0.303479785653654,-5.178957882470456,14.003995338771432,19.18295322124189
2018,MLM,M,LM,0.249576903420422,-14.178957882470456,-10.996004661228568,3.1829532212418883
2019,ALC,A,LC,0.224395850133486,7.003995338771432,1.422132512069254,-5.581862826702178
2018,TLC,T,LC,0.502774866225547,-5.178957882470456,-22.996004661228568,-17.81704677875811
2020,DHC,D,HC,0.22302886186759,6.422132512069254,-3.9042783419344005,-10.326410854003655
2018,NHM,N,HM,0.577436185179641,9.821042117529544,-5.996004661228568,-15.817046778758112
2018,MLM,M,LM,0.164137329246162,33.821042117529544,-9.996004661228568,-43.81704677875811
2018,ALC,A,LC,0.442884311541707,13.821042117529544,13.003995338771432,-0.8170467787581117
2019,MHC,M,HC,0.152765963174552,-10.996004661228568,1.422132512069254,12.418137173297822
2017,D1H2C,D,HC,0.0237002866935809,4.306184451473285,-4.178957882470456,-8.485142333943742
2020,MLC,M,LC,0.0991710541811587,1.422132512069254,-21.9042783419344,-23.326410854003655
2018,GHC,G,HC,0.658610099747004,-7.178957882470456,2.003995338771432,9.182953221241888
2018,JLM,J,LM,0.172446343025477,-13.178957882470456,3.003995338771432,16.18295322124189
2018,FHM,F,HM,0.17471021968066,37.821042117529544,31.003995338771432,-6.817046778758112
2018,HLC,H,LC,0.310825429458752,-10.178957882470456,-16.996004661228568,-6.817046778758112
2020,MLC,M,LC,0.113592196855415,-6.577867487930746,18.0957216580656,24.673589145996345
2017,SHC,S,HC,-0.010962868550161,36.306184451473285,-4.178957882470456,-40.48514233394374
2020,SLM,S,LM,0.416237156583334,1.422132512069254,-17.9042783419344,-19.326410854003655
2017,DHC,D,HC,0.522209483543574,16.306184451473285,-6.178957882470456,-22.48514233394374
2019,MHC,M,HC,0.164549490680262,3.003995338771432,-8.577867487930746,-11.581862826702178
2018,NLC,N,LC,0.150621120712217,0.8210421175295437,-11.996004661228568,-12.817046778758112
2020,BLC,B,LC,0.214029760688094,-14.577867487930746,12.0957216580656,26.673589145996345
2017,FHC,F,HC,0.0638683800712079,11.306184451473285,2.8210421175295437,-8.485142333943742
2020,DLC,D,LC,0.169616212151972,5.422132512069254,-0.9042783419344005,-6.3264108540036545
2019,D3H2C,D,HC,0.395776361453693,7.003995338771432,5.422132512069254,-1.581862826702178
2019,OLC,O,LC,0.0724345137104813,-26.996004661228568,-15.577867487930746,11.418137173297822
2017,GLC,G,LC,0.175458540074497,4.306184451473285,30.821042117529544,26.51485766605626
2017,D4H2C,D,HC,0.247830400579184,-5.693815548526715,-8.178957882470456,-2.4851423339437417
2018,SHC,S,HC,0.0318347805753831,10.821042117529544,-17.996004661228568,-28.81704677875811
2018,HHM,H,HM,0.138295379353142,1.8210421175295437,-10.996004661228568,-12.817046778758112
2018,JLM,J,LM,0.23969738800516,-2.1789578824704563,-12.996004661228568,-10.817046778758112
2017,JLM,J,LM,0.495700820370144,-5.693815548526715,-5.178957882470456,0.5148576660562583
2020,GLC,G,LC,0.365533343422909,10.422132512069254,-18.9042783419344,-29.326410854003655
2017,OHC,O,HC,0.275109637404467,-29.693815548526715,28.821042117529544,58.51485766605626
2019,SLC,S,LC,0.236191400239946,10.003995338771432,3.422132512069254,-6.581862826702178
2017,FLC,F,LC,0.230854847365245,9.306184451473285,-4.178957882470456,-13.485142333943742
2019,FHC,F,HC,0.362418634972232,-0.996004661228568,-1.577867487930746,-0.5818628267021779
2017,NHC,N,HC,0.117484760997209,-5.693815548526715,-19.178957882470456,-13.485142333943742
2020,MHC,M,HC,0.0663787508264542,43.422132512069254,5.0957216580655995,-38.326410854003655
2019,TLM,T,LM,0.280173280707237,3.003995338771432,-6.577867487930746,-9.581862826702178
2020,AHM,A,HM,0.344500197947295,-15.577867487930746,6.0957216580655995,21.673589145996345
2019,SLC,S,LC,0.373946949409867,7.003995338771432,12.422132512069254,5.418137173297822
2020,GHM,G,HM,0.161903199752456,-5.577867487930746,6.0957216580655995,11.673589145996345
2017,NHM,N,HM,0.162138827872119,-18.693815548526715,-1.1789578824704563,17.51485766605626
2018,SLC,S,LC,0.343868328522009,-10.178957882470456,-4.996004661228568,5.182953221241888
2018,TLC,T,LC,0.330310873992331,1.8210421175295437,-22.996004661228568,-24.81704677875811
2020,AHM,A,HM,0.227219194489285,0.42213251206925406,-26.9042783419344,-27.326410854003655
2020,FHC,F,HC,0.353056914092247,-4.577867487930746,12.0957216580656,16.673589145996345
2020,SHC,S,HC,0.243334598651749,-11.577867487930746,8.0957216580656,19.673589145996345
2020,THC,T,HC,0.189896393122899,1.422132512069254,6.0957216580655995,4.6735891459963455
2017,ALC,A,LC,0.500839769396925,15.306184451473285,-4.178957882470456,-19.48514233394374
2017,SLM,S,LM,0.149496358787669,2.3061844514732854,6.821042117529544,4.514857666056258
2017,MLM,M,LM,0.113615792365803,12.306184451473285,-6.178957882470456,-18.48514233394374
2020,MLM,M,LM,0.0356937378263189,-8.577867487930746,8.0957216580656,16.673589145996345
2017,TLM,T,LM,0.244298480312667,6.306184451473285,-7.178957882470456,-13.485142333943742
2020,DLC,D,LC,0.0926252235949918,13.422132512069254,8.0957216580656,-5.3264108540036545
2018,MHC,M,HC,0.216652909482806,-10.178957882470456,3.003995338771432,13.182953221241888
2017,FHC,F,HC,0.159741765042132,-14.693815548526715,-10.178957882470456,4.514857666056258
2018,D6H2C,D,HC,0.0713690440665432,28.821042117529544,-11.996004661228568,-40.81704677875811
2017,ALC,A,LC,0.228066321737981,12.306184451473285,-7.178957882470456,-19.48514233394374
2019,D7H2C,D,HC,0.279551280322792,5.003995338771432,-13.577867487930746,-18.581862826702178
2019,SLM,S,LM,0.0762436314722348,-1.996004661228568,-5.577867487930746,-3.581862826702178
2020,D2H2C,D,HC,0.142973693037172,-15.577867487930746,2.0957216580655995,17.673589145996345
2017,D8H2C,D,HC,0.193864288142797,-11.693815548526715,16.821042117529544,28.51485766605626
2019,NLC,N,LC,0.408546794466862,-6.996004661228568,-3.577867487930746,3.418137173297822
2017,MLM,M,LM,-0.00455121330096619,13.306184451473285,-10.178957882470456,-23.48514233394374
2020,AHM,A,HM,0.191537445048007,-4.577867487930746,12.0957216580656,16.673589145996345
2018,D2H2C,D,HC,0.159052084117387,-18.178957882470456,-6.996004661228568,11.182953221241888
2020,FLM,F,LM,0.136546237654644,5.422132512069254,0.09572165806559951,-5.3264108540036545
2017,D7H2C,D,HC,0.106905750128226,17.306184451473285,-6.178957882470456,-23.48514233394374
2020,DHC,D,HC,0.0848978258840942,-6.577867487930746,-15.9042783419344,-9.326410854003655
2019,MHC,M,HC,0.375933779465363,3.003995338771432,-5.577867487930746,-8.581862826702178
2017,HHM,H,HM,0.377914107661673,-10.693815548526715,-6.178957882470456,4.514857666056258
2019,BH2C,B,HC,0.158265789039843,-19.996004661228568,-5.577867487930746,14.418137173297822
2017,TLM,T,LM,0.451860058928076,-11.693815548526715,-3.1789578824704563,8.514857666056258
2017,SLC,S,LC,0.0559087727231986,9.306184451473285,-19.178957882470456,-28.48514233394374
2019,D1H2C,D,HC,0.193320810759931,7.003995338771432,-5.577867487930746,-12.581862826702178
2020,MLM,M,LM,0.574863409197171,22.422132512069254,-12.9042783419344,-35.326410854003655
2018,D8H2C,D,HC,0.423574717494277,-1.1789578824704563,6.003995338771432,7.182953221241888
2018,NLC,N,LC,0.0284172653908499,-12.178957882470456,4.003995338771432,16.18295322124189
2020,FHC,F,HC,0.40032499791618,-11.577867487930746,14.0957216580656,25.673589145996345
2017,HHM,H,HM,0.193570922061074,-2.6938155485267146,-7.178957882470456,-4.485142333943742
2020,SHM,S,HM,0.421526589672764,-11.577867487930746,8.0957216580656,19.673589145996345
2020,OLC,O,LC,0.17811467697608,36.422132512069254,-17.9042783419344,-54.326410854003655
2020,DLC,D,LC,0.192091129141985,26.422132512069254,8.0957216580656,-18.326410854003655
2019,D7H2C,D,HC,0.293773767973402,1.003995338771432,30.422132512069254,29.418137173297822
2017,FH2C,F,HC,0.147750098547062,-5.693815548526715,-11.178957882470456,-5.485142333943742
2019,NHM,N,HM,0.182736159797247,6.003995338771432,8.422132512069254,2.418137173297822
2020,OHC,O,HC,0.309017927144352,0.42213251206925406,6.0957216580655995,5.6735891459963455
2019,DHM,D,HM,0.0530746614013238,-9.996004661228568,-2.577867487930746,7.418137173297822
2018,BH2C,B,HC,0.30373422333319,-7.178957882470456,3.003995338771432,10.182953221241888
2018,D8H2C,D,HC,0.258259275504212,31.821042117529544,-21.996004661228568,-53.81704677875811
2019,OHC,O,HC,0.155137974957857,-19.996004661228568,35.422132512069254,55.41813717329782
2019,ALM,A,LM,0.0943308056200527,1.003995338771432,-7.577867487930746,-8.581862826702178
2017,FH2C,F,HC,0.293869220298201,-10.693815548526715,-7.178957882470456,3.5148576660562583
2017,D7H2C,D,HC,-0.0107459906362485,43.306184451473285,28.821042117529544,-14.485142333943742
2019,FLC,F,LC,0.568999854594471,-4.996004661228568,5.422132512069254,10.418137173297822
2018,SHC,S,HC,0.28767061826454,-8.178957882470456,-8.996004661228568,-0.8170467787581117
2020,HHM,H,HM,0.153842863457732,10.422132512069254,6.0957216580655995,-4.3264108540036545
2018,OHM,O,HM,0.228646185285734,3.8210421175295437,-12.996004661228568,-16.81704677875811
2018,NLC,N,LC,-0.0038312252081838,-0.1789578824704563,7.003995338771432,7.182953221241888
2017,NLM,N,LM,0.424761812778647,-5.693815548526715,4.821042117529544,10.514857666056258
2019,D3H2C,D,HC,0.064443579974542,27.003995338771432,12.422132512069254,-14.581862826702178
2019,AHM,A,HM,0.142351671192707,20.003995338771432,-3.577867487930746,-23.581862826702178
2017,D3H2C,D,HC,-0.00362673013767711,12.306184451473285,-3.1789578824704563,-15.485142333943742
2020,HHM,H,HM,0.228546617348843,-5.577867487930746,-1.9042783419344005,3.6735891459963455
2020,GHM,G,HM,0.198779684376071,-14.577867487930746,32.0957216580656,46.673589145996345
2017,NHM,N,HM,0.219471424490358,-16.693815548526715,6.821042117529544,23.51485766605626
2018,MLM,M,LM,0.375392635829488,34.821042117529544,-4.996004661228568,-39.81704677875811
2020,D7H2C,D,HC,0.30703365274416,-23.577867487930746,0.09572165806559951,23.673589145996345
2020,BHC,B,HC,0.145717788365397,0.42213251206925406,2.0957216580655995,1.6735891459963455
2020,D3H2C,D,HC,0.308394428539932,12.422132512069254,15.0957216580656,2.6735891459963455
2020,FH2C,F,HC,0.14898022553699,-6.577867487930746,-16.9042783419344,-10.326410854003655
2019,GHM,G,HM,-0.0148367397745293,11.003995338771432,0.42213251206925406,-10.581862826702178
2019,D7H2C,D,HC,0.214104860805998,-10.996004661228568,6.422132512069254,17.418137173297822
2020,SHC,S,HC,0.191278944437763,-8.577867487930746,-11.9042783419344,-3.3264108540036545
2017,GLC,G,LC,0.0822269200638026,-7.693815548526715,-1.1789578824704563,6.514857666056258
2017,NHC,N,HC,0.167713343468713,-14.693815548526715,-14.178957882470456,0.5148576660562583
2018,AHC,A,HC,0.385293136499359,-10.178957882470456,7.003995338771432,17.18295322124189
2019,SLC,S,LC,0.127445766539833,-6.996004661228568,-9.577867487930746,-2.581862826702178
2020,FLC,F,LC,0.351992023891073,32.422132512069254,-5.9042783419344005,-38.326410854003655
2017,FHM,F,HM,0.157892506046532,9.306184451473285,-7.178957882470456,-16.48514233394374
2017,JLM,J,LM,0.20991736831832,-12.693815548526715,5.821042117529544,18.51485766605626
2017,NHM,N,HM,0.0244868534363942,2.3061844514732854,51.821042117529544,49.51485766605626
2019,BHC,B,HC,0.306987472130228,6.003995338771432,-7.577867487930746,-13.581862826702178
2017,JLM,J,LM,0.249318850552129,-3.6938155485267146,-7.178957882470456,-3.4851423339437417
2019,BHC,B,HC,0.556298197067297,3.003995338771432,12.422132512069254,9.418137173297822
2019,THC,T,HC,0.457215489312118,11.003995338771432,-5.577867487930746,-16.581862826702178
2018,MHM,M,HM,0.186836719925124,-4.178957882470456,25.003995338771432,29.18295322124189
2018,OLC,O,LC,0.201942002501231,10.821042117529544,-9.996004661228568,-20.81704677875811
2018,OHM,O,HM,0.210348571607758,0.8210421175295437,-3.996004661228568,-4.817046778758112
2019,OLM,O,LM,0.0115024814324103,46.00399533877143,0.42213251206925406,-45.58186282670218
2018,JHC,J,HC,0.0883112743739405,25.821042117529544,15.003995338771432,-10.817046778758112
2017,D1H2C,D,HC,0.0709391435020408,-12.693815548526715,-13.178957882470456,-0.48514233394374173
2019,GHM,G,HM,-4.0639860674041e-05,-5.996004661228568,-14.577867487930746,-8.581862826702178
2019,NLC,N,LC,0.0631955699130236,7.003995338771432,14.422132512069254,7.418137173297822
2018,JLM,J,LM,0.208055551347435,3.8210421175295437,21.003995338771432,17.18295322124189
2018,FLC,F,LC,0.322920274687971,-10.178957882470456,10.003995338771432,20.18295322124189
2018,HHM,H,HM,0.517170414933832,1.8210421175295437,30.003995338771432,28.18295322124189
2019,MLM,M,LM,0.219843982683719,-10.996004661228568,-4.577867487930746,6.418137173297822
2018,MHC,M,HC,0.118425627676413,-0.1789578824704563,-9.996004661228568,-9.817046778758112
2019,GHM,G,HM,-0.0116279786806044,-0.996004661228568,1.422132512069254,2.418137173297822
2017,BLM,B,LM,0.231190438713081,6.306184451473285,-6.178957882470456,-12.485142333943742
2018,FH2C,F,HC,0.285734378224932,-8.178957882470456,7.003995338771432,15.182953221241888
2019,MLC,M,LC,0.143533851519901,-11.996004661228568,0.42213251206925406,12.418137173297822
2020,D8H2C,D,HC,0.133800285169444,2.422132512069254,-6.9042783419344005,-9.326410854003655
2018,AHC,A,HC,-0.00686054803699676,22.821042117529544,-0.996004661228568,-23.81704677875811
2019,FLM,F,LM,0.142227393070298,-2.996004661228568,0.42213251206925406,3.418137173297822
2019,D3H2C,D,HC,0.612869687401461,3.003995338771432,6.422132512069254,3.418137173297822
2020,DHC,D,HC,0.293995876391179,2.422132512069254,12.0957216580656,9.673589145996345
2018,BHM,B,HM,0.372518471830502,-11.178957882470456,-0.996004661228568,10.182953221241888
2018,NHM,N,HM,-0.00611474871681827,38.821042117529544,-4.996004661228568,-43.81704677875811
2017,BHM,B,HM,0.377883750681583,2.3061844514732854,-7.178957882470456,-9.485142333943742
2017,D6H2C,D,HC,0.226095592792281,-3.6938155485267146,-7.178957882470456,-3.4851423339437417
2019,BLM,B,LM,0.613532639528949,8.003995338771432,35.422132512069254,27.418137173297822
2019,AHC,A,HC,0.166142817283117,-22.996004661228568,-5.577867487930746,17.418137173297822
2018,AHC,A,HC,0.212387488488899,-6.178957882470456,-19.996004661228568,-13.817046778758112
2020,FHC,F,HC,0.317639953776188,-11.577867487930746,1.0957216580655995,12.673589145996345
2017,MHC,M,HC,0.0353331431039232,-22.693815548526715,-5.178957882470456,17.51485766605626
2020,FHM,F,HM,0.397575545450046,-7.577867487930746,12.0957216580656,19.673589145996345
2018,DLC,D,LC,0.035468055473804,5.821042117529544,-10.996004661228568,-16.81704677875811
2020,HLM,H,LM,0.329507052918264,-1.577867487930746,15.0957216580656,16.673589145996345
2020,GHM,G,HM,0.189752850666762,4.422132512069254,0.09572165806559951,-4.3264108540036545
2019,SHC,S,HC,0.328323347783139,1.003995338771432,16.422132512069254,15.418137173297822
2019,BLM,B,LM,0.408474670389109,-6.996004661228568,-3.577867487930746,3.418137173297822
2018,OLM,O,LM,0.00942246866719954,-13.178957882470456,1.003995338771432,14.182953221241888
2020,D6H2C,D,HC,0.30965098271506,6.422132512069254,-3.9042783419344005,-10.326410854003655
2017,DHC,D,HC,0.243526708653202,5.306184451473285,-6.178957882470456,-11.485142333943742
2020,JLM,J,LM,0.31217592089014,1.422132512069254,-3.9042783419344005,-5.3264108540036545
2018,NHM,N,HM,0.253549439762731,8.821042117529544,10.003995338771432,1.1829532212418883
2020,DLM,D,LM,0.277035215826532,-10.577867487930746,4.0957216580655995,14.673589145996345
2020,DLM,D,LM,0.26008244521246,-5.577867487930746,-3.9042783419344005,1.6735891459963455
2018,NLC,N,LC,-0.00331878960102583,11.821042117529544,11.003995338771432,-0.8170467787581117
2018,HHC,H,HC,0.412758426719258,-12.178957882470456,-2.996004661228568,9.182953221241888
2019,FLC,F,LC,0.423358403266824,-8.996004661228568,0.42213251206925406,9.418137173297822
2018,OLM,O,LM,0.52840104403085,0.8210421175295437,2.003995338771432,1.1829532212418883
2019,OLM,O,LM,0.586812860099857,19.003995338771432,1.422132512069254,-17.581862826702178
2018,AHC,A,HC,0.0491965332104958,2.8210421175295437,6.003995338771432,3.1829532212418883
2020,MHC,M,HC,0.459305734774573,-9.577867487930746,-17.9042783419344,-8.326410854003655
2019,MHM,M,HM,0.511955432203336,-18.996004661228568,-5.577867487930746,13.418137173297822
2018,BHM,B,HM,0.136773059713292,-3.1789578824704563,-4.996004661228568,-1.8170467787581117
2018,HHM,H,HM,0.549369514982074,-11.178957882470456,-8.996004661228568,2.1829532212418883
2019,SHC,S,HC,0.669382855601198,1.003995338771432,-4.577867487930746,-5.581862826702178
2017,HHM,H,HM,0.255713965114071,-3.6938155485267146,38.821042117529544,42.51485766605626
2017,JLM,J,LM,0.534620140469571,0.30618445147328543,-16.178957882470456,-16.48514233394374
2018,MLC,M,LC,0.127296860861782,45.821042117529544,-11.996004661228568,-57.81704677875811
2019,GLM,G,LM,0.260789421925254,-0.996004661228568,-3.577867487930746,-2.581862826702178
2019,MHM,M,HM,0.264435613643204,-2.996004661228568,8.422132512069254,11.418137173297822
2018,MHM,M,HM,0.208337712266515,-8.178957882470456,-2.996004661228568,5.182953221241888
2017,BHC,B,HC,0.0672408114278353,6.306184451473285,-19.178957882470456,-25.48514233394374
2017,NHC,N,HC,0.387157833147062,0.30618445147328543,-2.1789578824704563,-2.4851423339437417
2017,AHC,A,HC,0.0708639042697061,8.306184451473285,-7.178957882470456,-15.485142333943742
2019,NHM,N,HM,0.204795205514422,-5.996004661228568,1.422132512069254,7.418137173297822
2019,NLM,N,LM,0.246056372337424,2.003995338771432,5.422132512069254,3.418137173297822
2020,TLM,T,LM,0.307823746261632,0.42213251206925406,7.0957216580655995,6.6735891459963455
2019,OHC,O,HC,0.397896552808807,-7.996004661228568,-5.577867487930746,2.418137173297822
2019,NLC,N,LC,0.363938939724432,-21.996004661228568,1.422132512069254,23.418137173297822
2017,NHM,N,HM,0.0583678109147381,-5.693815548526715,-6.178957882470456,-0.48514233394374173
2020,DLM,D,LM,0.601986909693362,-5.577867487930746,-11.9042783419344,-6.3264108540036545
2017,GLM,G,LM,0.294459400704075,20.306184451473285,-3.1789578824704563,-23.48514233394374
2019,GHM,G,HM,0.34245578116075,-2.996004661228568,-12.577867487930746,-9.581862826702178
2019,GLC,G,LC,0.0942683982743331,7.003995338771432,0.42213251206925406,-6.581862826702178
2018,OLC,O,LC,0.202125419586867,0.8210421175295437,-7.996004661228568,-8.817046778758112
2017,FHC,F,HC,0.286523033127594,-2.6938155485267146,-1.1789578824704563,1.5148576660562583
2018,MHM,M,HM,0.281607952096813,3.8210421175295437,15.003995338771432,11.182953221241888
2020,GHM,G,HM,0.304531015908006,7.422132512069254,0.09572165806559951,-7.3264108540036545
2019,NLC,N,LC,0.285795317163791,-8.996004661228568,2.422132512069254,11.418137173297822
2018,JLC,J,LC,0.067656144068474,23.821042117529544,1.003995338771432,-22.81704677875811
2018,BHM,B,HM,0.162956934040411,28.821042117529544,2.003995338771432,-26.81704677875811
2018,MHC,M,HC,0.0946923293769486,-5.178957882470456,-21.996004661228568,-16.81704677875811
2019,BH2C,B,HC,0.404922491492689,-11.996004661228568,-7.577867487930746,4.418137173297822
2020,OLM,O,LM,0.140821302698482,2.422132512069254,-27.9042783419344,-30.326410854003655
2020,JLC,J,LC,0.149390586626877,-11.577867487930746,-0.9042783419344005,10.673589145996345
2018,SHM,S,HM,0.478363768892552,-2.1789578824704563,29.003995338771432,31.18295322124189
2018,GLC,G,LC,0.167780440551962,-7.178957882470456,-3.996004661228568,3.1829532212418883
2017,MLM,M,LM,0.213928312042554,4.306184451473285,-7.178957882470456,-11.485142333943742
2018,FHC,F,HC,0.436655191841405,-6.178957882470456,-24.996004661228568,-18.81704677875811
2019,MHC,M,HC,0.12754968050983,4.003995338771432,30.422132512069254,26.418137173297822
2017,GLC,G,LC,0.535279798873959,-6.693815548526715,45.821042117529544,52.51485766605626
2018,D4H2C,D,HC,0.370653248137892,-10.178957882470456,-9.996004661228568,0.1829532212418883
2019,AHM,A,HM,0.595943911778056,13.003995338771432,-7.577867487930746,-20.581862826702178
2019,MHM,M,HM,0.271335451107924,-7.996004661228568,-1.577867487930746,6.418137173297822
2017,GLC,G,LC,0.344075869848679,-7.693815548526715,-16.178957882470456,-8.485142333943742
2020,NLM,N,LM,0.157427866189549,-23.577867487930746,4.0957216580655995,27.673589145996345
2017,D8H2C,D,HC,0.295346499563647,0.30618445147328543,28.821042117529544,28.51485766605626
2018,DHM,D,HM,0.0408546378553809,8.821042117529544,-13.996004661228568,-22.81704677875811
2020,MHM,M,HM,0.18802352513498,0.42213251206925406,24.0957216580656,23.673589145996345
2018,D7H2C,D,HC,0.452823232618825,-13.178957882470456,3.003995338771432,16.18295322124189
2019,GHC,G,HC,0.322888864848587,-13.996004661228568,6.422132512069254,20.418137173297822
2017,AHC,A,HC,0.115238407850003,-11.693815548526715,4.821042117529544,16.51485766605626
2020,NHC,N,HC,0.165781370461399,-10.577867487930746,-4.9042783419344005,5.6735891459963455
2017,D3H2C,D,HC,0.236345092631228,0.30618445147328543,-10.178957882470456,-10.485142333943742
2019,GLM,G,LM,0.139834365220039,-3.996004661228568,0.42213251206925406,4.418137173297822
2019,D7H2C,D,HC,0.256552173360998,-22.996004661228568,-9.577867487930746,13.418137173297822
2020,OLM,O,LM,0.217945604371465,-14.577867487930746,-3.9042783419344005,10.673589145996345
2019,JLM,J,LM,0.139347297236967,-9.996004661228568,-13.577867487930746,-3.581862826702178
2020,JLC,J,LC,0.00330459551981011,7.422132512069254,16.0957216580656,8.673589145996345
2017,BLC,B,LC,0.134914446564936,3.3061844514732854,-9.178957882470456,-12.485142333943742
2020,OHC,O,HC,0.214085803763176,-5.577867487930746,5.0957216580655995,10.673589145996345
2018,MLM,M,LM,0.214303717643203,-10.178957882470456,23.003995338771432,33.18295322124189
2017,SHM,S,HM,0.199123413980544,-11.693815548526715,-19.178957882470456,-7.485142333943742
2018,AHC,A,HC,0.433651655956927,2.8210421175295437,8.003995338771432,5.182953221241888
2017,ALC,A,LC,-0.00247360735656632,-15.693815548526715,-7.178957882470456,8.514857666056258
2018,AHM,A,HM,0.124530972092675,-12.178957882470456,2.003995338771432,14.182953221241888
2019,GLM,G,LM,0.182336039584304,7.003995338771432,1.422132512069254,-5.581862826702178
2017,NLC,N,LC,0.263517907609056,-15.693815548526715,1.8210421175295437,17.51485766605626
2019,DLM,D,LM,0.232713106694326,9.003995338771432,0.42213251206925406,-8.581862826702178
2018,JLM,J,LM,0.192535864337788,23.821042117529544,14.003995338771432,-9.817046778758112
2020,JHM,J,HM,0.12979045518383,-15.577867487930746,19.0957216580656,34.673589145996345
2019,NLC,N,LC,0.455378159084655,6.003995338771432,-0.5778674879307459,-6.581862826702178
2019,BLC,B,LC,0.143371360287381,11.003995338771432,-20.577867487930746,-31.581862826702178
2020,AHM,A,HM,0.178413871311419,-17.577867487930746,11.0957216580656,28.673589145996345
2018,FHM,F,HM,0.411615680057655,-4.178957882470456,-10.996004661228568,-6.817046778758112
2018,MHC,M,HC,0.448286198817256,-0.1789578824704563,-4.996004661228568,-4.817046778758112
2018,D8H2C,D,HC,0.216228207103611,-7.178957882470456,-3.996004661228568,3.1829532212418883
2019,SHC,S,HC,0.501037090901751,-12.996004661228568,-15.577867487930746,-2.581862826702178
2019,NLC,N,LC,0.063692444449948,15.003995338771432,-0.5778674879307459,-15.581862826702178
2019,OLC,O,LC,0.0822706074053678,-4.996004661228568,1.422132512069254,6.418137173297822
2017,OLM,O,LM,0.169133107915936,-13.693815548526715,-2.1789578824704563,11.514857666056258
2017,OLM,O,LM,0.180259227590216,1.3061844514732854,3.8210421175295437,2.5148576660562583
2019,D7H2C,D,HC,0.29937016743049,11.003995338771432,12.422132512069254,1.418137173297822
2019,HLC,H,LC,0.025204771385642,25.003995338771432,-5.577867487930746,-30.581862826702178
2018,NHC,N,HC,0.0797246932505855,-4.178957882470456,-4.996004661228568,-0.8170467787581117
2017,OLM,O,LM,0.448047815965654,-17.693815548526715,21.821042117529544,39.51485766605626
2017,D3H2C,D,HC,0.335883177718001,5.306184451473285,-23.178957882470456,-28.48514233394374
2019,MLC,M,LC,0.275569358138754,-4.996004661228568,0.42213251206925406,5.418137173297822
2017,BHC,B,HC,0.117812049810272,0.30618445147328543,10.821042117529544,10.514857666056258
2018,OHC,O,HC,-0.0175988257769526,35.821042117529544,-12.996004661228568,-48.81704677875811
2018,FHC,F,HC,0.134214499128771,-7.178957882470456,7.003995338771432,14.182953221241888
2017,SLM,S,LM,0.33877957612211,14.306184451473285,-7.178957882470456,-21.48514233394374
2018,TLM,T,LM,0.075911038926499,28.821042117529544,13.003995338771432,-15.817046778758112
2019,ALM,A,LM,0.178605473914768,13.003995338771432,-14.577867487930746,-27.581862826702178
2020,D7H2C,D,HC,0.165789676315102,3.422132512069254,-24.9042783419344,-28.326410854003655
2019,GHC,G,HC,0.34577623982845,5.003995338771432,-8.577867487930746,-13.581862826702178
2020,BLM,B,LM,0.199675338921538,-10.577867487930746,-9.9042783419344,0.6735891459963455
2018,HLC,H,LC,0.678050244865976,-1.1789578824704563,-2.996004661228568,-1.8170467787581117
2019,HHM,H,HM,0.106286124741611,-10.996004661228568,1.422132512069254,12.418137173297822
2020,FHM,F,HM,0.230698627427972,-11.577867487930746,0.09572165806559951,11.673589145996345
2020,NLC,N,LC,0.262716600492904,6.422132512069254,11.0957216580656,4.6735891459963455
2019,FHM,F,HM,0.201311167447048,31.003995338771432,-9.577867487930746,-40.58186282670218
2018,NHM,N,HM,0.387561004200065,-6.178957882470456,-22.996004661228568,-16.81704677875811
2018,SHM,S,HM,0.270299205386442,-11.178957882470456,-9.996004661228568,1.1829532212418883
2020,SHM,S,HM,0.195680158444868,-7.577867487930746,-20.9042783419344,-13.326410854003655
2020,NHC,N,HC,0.321041194327558,4.422132512069254,22.0957216580656,17.673589145996345
2018,BLM,B,LM,0.228793271596618,-7.178957882470456,26.003995338771432,33.18295322124189
2018,GLM,G,LM,-0.00685828655049292,29.821042117529544,-5.996004661228568,-35.81704677875811
2020,FLM,F,LM,0.00570900274951769,1.422132512069254,-6.9042783419344005,-8.326410854003655
2018,MHC,M,HC,0.28376435747982,-11.178957882470456,40.00399533877143,51.18295322124189
2019,NLC,N,LC,0.247780132921497,-2.996004661228568,27.422132512069254,30.418137173297822
2017,D9H2C,D,HC,0.204919499371287,7.306184451473285,-3.1789578824704563,-10.485142333943742
2019,MLM,M,LM,0.247024329826234,-10.996004661228568,-11.577867487930746,-0.5818628267021779
2020,OHC,O,HC,0.179852994863166,9.422132512069254,30.0957216580656,20.673589145996345
2020,HHM,H,HM,0.403978374276047,-5.577867487930746,14.0957216580656,19.673589145996345
2017,MLC,M,LC,0.396617421265461,-11.693815548526715,-19.178957882470456,-7.485142333943742
2017,DLC,D,LC,0.377085390189172,3.3061844514732854,1.8210421175295437,-1.4851423339437417
2019,OLM,O,LM,0.499907902020171,-4.996004661228568,-3.577867487930746,1.418137173297822
2018,DLM,D,LM,0.196126338578565,-2.1789578824704563,5.003995338771432,7.182953221241888
2019,TLM,T,LM,0.2248287286603,7.003995338771432,6.422132512069254,-0.5818628267021779
2019,JLM,J,LM,0.0382839273807738,-6.996004661228568,-3.577867487930746,3.418137173297822
2017,FLM,F,LM,0.446899989220089,-9.693815548526715,-3.1789578824704563,6.514857666056258
2018,D7H2C,D,HC,0.0783066647566173,1.8210421175295437,19.003995338771432,17.18295322124189
2018,D7H2C,D,HC,0.00940225168973607,-4.178957882470456,-20.996004661228568,-16.81704677875811
2017,DLM,D,LM,0.222336292917131,6.306184451473285,-0.1789578824704563,-6.485142333943742
2017,MHM,M,HM,0.403514879538184,-14.693815548526715,16.821042117529544,31.51485766605626
2020,BLM,B,LM,0.200365211428758,-5.577867487930746,1.0957216580655995,6.6735891459963455
2017,D2H2C,D,HC,0.150442609977397,-4.693815548526715,-6.178957882470456,-1.4851423339437417
2019,DLM,D,LM,0.347951086776351,8.003995338771432,6.422132512069254,-1.581862826702178
2019,MLC,M,LC,0.49873089417799,-1.996004661228568,5.422132512069254,7.418137173297822
2019,SHM,S,HM,0.364671869638951,1.003995338771432,-11.577867487930746,-12.581862826702178
2017,MHM,M,HM,0.144646177648998,-21.693815548526715,-7.178957882470456,14.514857666056258
2017,JLC,J,LC,0.242840577442479,6.306184451473285,38.821042117529544,32.51485766605626
2018,GLC,G,LC,0.335984924464828,-5.178957882470456,-20.996004661228568,-15.817046778758112
2020,THC,T,HC,0.733869707939506,-3.577867487930746,0.09572165806559951,3.6735891459963455
2017,FH2C,F,HC,0.227756723264105,0.30618445147328543,-14.178957882470456,-14.485142333943742
2019,D1H2C,D,HC,0.305155808195691,-0.996004661228568,24.422132512069254,25.418137173297822
2019,NHC,N,HC,0.603734266468789,-4.996004661228568,-5.577867487930746,-0.5818628267021779
2020,BHM,B,HM,0.268816517901128,0.42213251206925406,1.0957216580655995,0.6735891459963455
2017,D3H2C,D,HC,0.274328154909432,2.3061844514732854,-1.1789578824704563,-3.4851423339437417
2017,MLM,M,LM,0.28331405664352,-2.6938155485267146,-13.178957882470456,-10.485142333943742
2020,FHC,F,HC,0.15141407935291,0.42213251206925406,-2.9042783419344005,-3.3264108540036545
2019,MHM,M,HM,0.188985058657918,-4.996004661228568,12.422132512069254,17.418137173297822
2019,ALM,A,LM,0.145907514821795,-11.996004661228568,-8.577867487930746,3.418137173297822
2017,DLM,D,LM,0.290667688746634,4.306184451473285,4.821042117529544,0.5148576660562583
2018,D7H2C,D,HC,0.145819125319147,8.821042117529544,1.003995338771432,-7.817046778758112
2019,BHM,B,HM,0.226985683424797,1.003995338771432,-6.577867487930746,-7.581862826702178
2020,GHC,G,HC,0.252974045320545,6.422132512069254,23.0957216580656,16.673589145996345
2019,MHM,M,HM,0.613113832790107,-4.996004661228568,13.422132512069254,18.418137173297822
2019,D2H2C,D,HC,0.237155847283816,-25.996004661228568,12.422132512069254,38.41813717329782
2018,HHM,H,HM,0.512045596115615,-3.1789578824704563,-17.996004661228568,-14.817046778758112
2017,DLM,D,LM,0.234321861301704,-29.693815548526715,-1.1789578824704563,28.51485766605626
2018,MHC,M,HC,0.08854893915509,34.821042117529544,-18.996004661228568,-53.81704677875811
2019,OHC,O,HC,0.448923214032212,-15.996004661228568,2.422132512069254,18.418137173297822
2018,FHM,F,HM,0.186872239570041,-9.178957882470456,-12.996004661228568,-3.8170467787581117
2017,JLC,J,LC,0.230198796281348,0.30618445147328543,-5.178957882470456,-5.485142333943742
2019,THC,T,HC,0.445464660671703,1.003995338771432,-3.577867487930746,-4.581862826702178
2019,D7H2C,D,HC,0.144857478906492,-4.996004661228568,6.422132512069254,11.418137173297822
2019,JLC,J,LC,0.234266838099094,-1.996004661228568,7.422132512069254,9.418137173297822
2017,MHC,M,HC,0.0519929904546319,-10.693815548526715,32.821042117529544,43.51485766605626
2019,GLM,G,LM,0.141904139035634,-8.996004661228568,-12.577867487930746,-3.581862826702178
2019,OHM,O,HM,0.0845427691694973,-5.996004661228568,2.422132512069254,8.418137173297822
2019,NHM,N,HM,0.721177845387868,1.003995338771432,18.422132512069254,17.418137173297822
2019,AHC,A,HC,0.507448298814073,-1.996004661228568,0.42213251206925406,2.418137173297822
2018,OHM,O,HM,0.210016119835018,-5.178957882470456,-9.996004661228568,-4.817046778758112
2018,FHC,F,HC,0.379671639321113,-8.178957882470456,1.003995338771432,9.182953221241888
2020,MLC,M,LC,0.0761129680913653,23.422132512069254,-10.9042783419344,-34.326410854003655
2017,GHM,G,HM,0.176779598543488,21.306184451473285,-5.178957882470456,-26.48514233394374
2017,BLM,B,LM,0.325458356288207,-17.693815548526715,4.821042117529544,22.51485766605626
2020,D7H2C,D,HC,0.11335703727208,-0.5778674879307459,6.0957216580655995,6.6735891459963455
2019,TLC,T,LC,0.309746664488477,13.003995338771432,-0.5778674879307459,-13.581862826702178
2019,JLM,J,LM,0.212512850708967,14.003995338771432,30.422132512069254,16.418137173297822
2019,D3H2C,D,HC,0.494583102163501,8.003995338771432,13.422132512069254,5.418137173297822
2017,FLM,F,LM,0.170459203122445,-8.693815548526715,-18.178957882470456,-9.485142333943742
2017,OLM,O,LM,0.0272523463637235,2.3061844514732854,-8.178957882470456,-10.485142333943742
2017,JLM,J,LM,0.278582453315513,-0.6938155485267146,12.821042117529544,13.514857666056258
2017,NHC,N,HC,0.0984965553985062,3.3061844514732854,-3.1789578824704563,-6.485142333943742
2018,NLM,N,LM,0.0439977028011442,-7.178957882470456,-4.996004661228568,2.1829532212418883
2018,OLM,O,LM,0.347852629031969,-3.1789578824704563,2.003995338771432,5.182953221241888
2019,JLM,J,LM,0.270455889769278,6.003995338771432,7.422132512069254,1.418137173297822
2018,D3H2C,D,HC,0.30550573185977,-1.1789578824704563,13.003995338771432,14.182953221241888
2019,BHC,B,HC,0.323063004737777,-2.996004661228568,2.422132512069254,5.418137173297822
2020,OLM,O,LM,0.412966780757096,37.422132512069254,2.0957216580655995,-35.326410854003655
2018,MHC,M,HC,0.412563654469193,-1.1789578824704563,8.003995338771432,9.182953221241888
2019,OLM,O,LM,0.580208141109228,6.003995338771432,-5.577867487930746,-11.581862826702178
2020,HLM,H,LM,0.158619452829611,-3.577867487930746,31.0957216580656,34.673589145996345
2019,GHC,G,HC,0.181328492503542,-11.996004661228568,-6.577867487930746,5.418137173297822
2018,FH2C,F,HC,0.633482586298721,-7.178957882470456,7.003995338771432,14.182953221241888
2020,BLC,B,LC,0.156953871823226,1.422132512069254,8.0957216580656,6.6735891459963455
2018,BHC,B,HC,0.185059717538905,28.821042117529544,-17.996004661228568,-46.81704677875811
2017,OHC,O,HC,0.158648260045199,-23.693815548526715,-10.178957882470456,13.514857666056258
2020,GHC,G,HC,0.328653413607455,-3.577867487930746,14.0957216580656,17.673589145996345
2019,FHC,F,HC,0.315844325539124,-11.996004661228568,-12.577867487930746,-0.5818628267021779
2019,AHC,A,HC,0.136142576603891,6.003995338771432,-12.577867487930746,-18.581862826702178
2018,MHM,M,HM,0.490582438706155,-9.178957882470456,-3.996004661228568,5.182953221241888
2018,OLM,O,LM,0.20514957100296,11.821042117529544,1.003995338771432,-10.817046778758112
2017,AHC,A,HC,0.368552612606949,0.30618445147328543,-4.178957882470456,-4.485142333943742
2019,SHC,S,HC,0.461318292485977,-9.996004661228568,-15.577867487930746,-5.581862826702178
2017,MHC,M,HC,0.241331496986574,9.306184451473285,-6.178957882470456,-15.485142333943742
2019,AHC,A,HC,0.311064425745763,-15.996004661228568,-4.577867487930746,11.418137173297822
2019,TLM,T,LM,0.464659060644669,1.003995338771432,22.422132512069254,21.418137173297822
2017,D6H2C,D,HC,0.337266243385735,6.306184451473285,15.821042117529544,9.514857666056258
2018,OHC,O,HC,0.200777630552205,-6.178957882470456,-6.996004661228568,-0.8170467787581117
2020,OLM,O,LM,0.143334512630316,-20.577867487930746,6.0957216580655995,26.673589145996345
2020,DLC,D,LC,0.400485342966812,-15.577867487930746,-26.9042783419344,-11.326410854003655
2018,D7H2C,D,HC,0.271492575980947,-6.178957882470456,-22.996004661228568,-16.81704677875811
2018,OLM,O,LM,0.0953699266280876,37.821042117529544,5.003995338771432,-32.81704677875811
2019,HLC,H,LC,0.200963118422781,0.003995338771431989,-2.577867487930746,-2.581862826702178
2020,NLM,N,LM,0.0667640810150385,-11.577867487930746,-18.9042783419344,-7.3264108540036545
2020,SLC,S,LC,0.374602609166305,5.422132512069254,-1.9042783419344005,-7.3264108540036545
2020,BHM,B,HM,0.395781165133177,-5.577867487930746,-4.9042783419344005,0.6735891459963455
2018,OLC,O,LC,0.211196749184491,-3.1789578824704563,2.003995338771432,5.182953221241888
2017,DLC,D,LC,0.218192905891292,6.306184451473285,-7.178957882470456,-13.485142333943742
2019,NHC,N,HC,0.419841498511034,-0.996004661228568,2.422132512069254,3.418137173297822
2020,MHC,M,HC,0.101598417100714,-7.577867487930746,7.0957216580655995,14.673589145996345
2020,FH2C,F,HC,0.242514455684651,6.422132512069254,-0.9042783419344005,-7.3264108540036545
2018,GLC,G,LC,0.164003592367427,-13.178957882470456,-4.996004661228568,8.182953221241888
2019,D7H2C,D,HC,0.366464575596568,15.003995338771432,30.422132512069254,15.418137173297822
2018,ALC,A,LC,0.202433010962851,-0.1789578824704563,8.003995338771432,8.182953221241888
2019,FHC,F,HC,0.449116675985669,7.003995338771432,-5.577867487930746,-12.581862826702178
2020,NLC,N,LC,0.186076199201217,-30.577867487930746,1.0957216580655995,31.673589145996345
2018,NLM,N,LM,0.223524484332798,-5.178957882470456,13.003995338771432,18.18295322124189
2018,FHM,F,HM,0.28714529827276,-5.178957882470456,-10.996004661228568,-5.817046778758112
2018,NHC,N,HC,0.245358606655637,-8.178957882470456,9.003995338771432,17.18295322124189
2019,D4H2C,D,HC,0.361530939768626,0.003995338771431989,-9.577867487930746,-9.581862826702178
2019,D8H2C,D,HC,0.36956480198911,-16.996004661228568,-1.577867487930746,15.418137173297822
2017,JLM,J,LM,-0.00575813754635912,0.30618445147328543,16.821042117529544,16.51485766605626
2019,ALM,A,LM,0.327907153029272,31.003995338771432,7.422132512069254,-23.581862826702178
2018,MLC,M,LC,0.0570773941734195,1.8210421175295437,1.003995338771432,-0.8170467787581117
2019,AHC,A,HC,0.153808913338714,12.003995338771432,21.422132512069254,9.418137173297822
2018,OHM,O,HM,0.303697067632107,-4.178957882470456,-4.996004661228568,-0.8170467787581117
2018,FH2C,F,HC,0.395751463791843,-9.178957882470456,-4.996004661228568,4.182953221241888
2019,OLM,O,LM,0.492078110667159,7.003995338771432,2.422132512069254,-4.581862826702178
2018,GHM,G,HM,0.263189693800342,-6.178957882470456,1.003995338771432,7.182953221241888
2020,D7H2C,D,HC,0.0147266366791143,45.422132512069254,12.0957216580656,-33.326410854003655
2017,OLC,O,LC,0.335605815277104,10.306184451473285,-3.1789578824704563,-13.485142333943742
2020,D5H2C,D,HC,0.173663808882051,11.422132512069254,-1.9042783419344005,-13.326410854003655
2020,D3H2C,D,HC,0.100733164925726,-3.577867487930746,-17.9042783419344,-14.326410854003655
2018,GHC,G,HC,0.379964315496063,-0.1789578824704563,-11.996004661228568,-11.817046778758112
2018,OLM,O,LM,0.127103251419314,-7.178957882470456,-3.996004661228568,3.1829532212418883
2019,OLM,O,LM,0.225515116477945,1.003995338771432,-0.5778674879307459,-1.581862826702178
2018,HHC,H,HC,0.501014327245433,-1.1789578824704563,-10.996004661228568,-9.817046778758112
2020,OLC,O,LC,0.113576287246836,0.42213251206925406,-36.9042783419344,-37.326410854003655
2018,FH2C,F,HC,0.241844072795553,-8.178957882470456,-0.996004661228568,7.182953221241888
2017,FH2C,F,HC,0.244014315433079,-7.693815548526715,-22.178957882470456,-14.485142333943742
2018,D7H2C,D,HC,0.222714405311662,-11.178957882470456,8.003995338771432,19.18295322124189
2019,SHM,S,HM,0.206311566977041,-11.996004661228568,-5.577867487930746,6.418137173297822
2020,JLM,J,LM,0.108258982157346,-5.577867487930746,-21.9042783419344,-16.326410854003655
2017,OHC,O,HC,0.284008396794042,-11.693815548526715,-10.178957882470456,1.5148576660562583
2018,BH2C,B,HC,0.308639137633662,-10.178957882470456,0.003995338771431989,10.182953221241888
2018,OHC,O,HC,0.163946342343076,4.821042117529544,-25.996004661228568,-30.81704677875811
2017,FH2C,F,HC,0.078823233393457,-18.693815548526715,-13.178957882470456,5.514857666056258
2018,MLC,M,LC,0.267180069470479,16.821042117529544,31.003995338771432,14.182953221241888
2017,JLM,J,LM,0.246993112726515,13.306184451473285,3.8210421175295437,-9.485142333943742
2020,D7H2C,D,HC,0.272515183393578,-4.577867487930746,12.0957216580656,16.673589145996345
2017,DLM,D,LM,0.0835375724556733,-6.693815548526715,22.821042117529544,29.51485766605626
2020,BLM,B,LM,0.150149436095779,12.422132512069254,7.0957216580655995,-5.3264108540036545
2018,TLM,T,LM,0.256928246192163,10.821042117529544,15.003995338771432,4.182953221241888
2019,D7H2C,D,HC,0.255809435613643,5.003995338771432,3.422132512069254,-1.581862826702178
2018,AHM,A,HM,0.246159031683003,-25.178957882470456,-10.996004661228568,14.182953221241888
2017,FLC,F,LC,0.196128829035953,-3.6938155485267146,37.821042117529544,41.51485766605626
2018,NHM,N,HM,0.311772366978262,-24.178957882470456,-3.996004661228568,20.18295322124189
2020,SHC,S,HC,0.127283761959797,-10.577867487930746,-13.9042783419344,-3.3264108540036545
2017,AHM,A,HM,0.177305621594486,-9.693815548526715,-0.1789578824704563,9.514857666056258
2018,TLC,T,LC,0.140123991047409,-10.178957882470456,-1.996004661228568,8.182953221241888
2019,MLM,M,LM,0.237739400488801,8.003995338771432,1.422132512069254,-6.581862826702178
2017,GLC,G,LC,0.133130164666682,1.3061844514732854,-3.1789578824704563,-4.485142333943742
2018,OLC,O,LC,0.30871524680314,-12.178957882470456,8.003995338771432,20.18295322124189
2018,GLM,G,LM,0.229544622242936,-0.1789578824704563,5.003995338771432,5.182953221241888
2019,JLM,J,LM,0.233265484389811,13.003995338771432,0.42213251206925406,-12.581862826702178
2018,D8H2C,D,HC,0.19919977154192,1.8210421175295437,1.003995338771432,-0.8170467787581117
2018,MHM,M,HM,0.461389076548468,-2.1789578824704563,-4.996004661228568,-2.8170467787581117
2020,AHM,A,HM,0.312581842248798,-1.577867487930746,-1.9042783419344005,-0.32641085400365455
2018,MLC,M,LC,0.0475186341394902,22.821042117529544,13.003995338771432,-9.817046778758112
2020,D3H2C,D,HC,0.183187674130805,-1.577867487930746,1.0957216580655995,2.6735891459963455
2019,NLM,N,LM,0.144028770746669,7.003995338771432,-10.577867487930746,-17.581862826702178
2020,NLC,N,LC,0.319573925550717,-2.577867487930746,6.0957216580655995,8.673589145996345
2017,ALC,A,LC,0.343949380357763,25.306184451473285,-5.178957882470456,-30.48514233394374
2017,MLM,M,LM,0.272676792150531,36.306184451473285,-19.178957882470456,-55.48514233394374
2018,HHC,H,HC,0.324074746746116,-11.178957882470456,7.003995338771432,18.18295322124189
2017,MLC,M,LC,0.177143955637828,-23.693815548526715,2.8210421175295437,26.51485766605626
2020,MLM,M,LM,0.462823329403635,4.422132512069254,11.0957216580656,6.6735891459963455
2019,SHM,S,HM,0.110099700775502,-3.996004661228568,-2.577867487930746,1.418137173297822
2019,GHC,G,HC,0.0782681448475582,-3.996004661228568,-5.577867487930746,-1.581862826702178
2019,BLC,B,LC,0.240830616555962,-22.996004661228568,45.422132512069254,68.41813717329782
2019,DLC,D,LC,0.317499840960827,10.003995338771432,12.422132512069254,2.418137173297822
2018,MHM,M,HM,0.467724585003676,-8.178957882470456,-2.996004661228568,5.182953221241888
2017,NHC,N,HC,0.452154274139235,-11.693815548526715,-2.1789578824704563,9.514857666056258
2019,OHC,O,HC,0.408911423462896,-3.996004661228568,-7.577867487930746,-3.581862826702178
2020,GHC,G,HC,0.345228878856766,-9.577867487930746,2.0957216580655995,11.673589145996345
2019,DLM,D,LM,0.140735991717452,27.003995338771432,-4.577867487930746,-31.581862826702178
2020,TLC,T,LC,0.322418127629261,-1.577867487930746,-4.9042783419344005,-3.3264108540036545
2019,BHC,B,HC,0.4381869655382,1.003995338771432,-11.577867487930746,-12.581862826702178
2017,SLC,S,LC,0.484343275516365,7.306184451473285,-17.178957882470456,-24.48514233394374
2020,JLM,J,LM,0.458455232668133,-4.577867487930746,-3.9042783419344005,0.6735891459963455
2019,OLM,O,LM,0.273399964974695,1.003995338771432,-9.577867487930746,-10.581862826702178
2019,MHM,M,HM,0.206193617204743,-3.996004661228568,0.42213251206925406,4.418137173297822
2017,OLC,O,LC,0.413937025597654,-4.693815548526715,-13.178957882470456,-8.485142333943742
2020,ALC,A,LC,0.426565703862425,-2.577867487930746,2.0957216580655995,4.6735891459963455
2017,AHC,A,HC,0.454265611851532,10.306184451473285,-10.178957882470456,-20.48514233394374
2020,BH2C,B,HC,0.41705918539737,-11.577867487930746,1.0957216580655995,12.673589145996345
2018,D8H2C,D,HC,0.2192843390574,15.821042117529544,7.003995338771432,-8.817046778758112
2018,D8H2C,D,HC,0.0693183251733349,-1.1789578824704563,34.00399533877143,35.18295322124189
2018,D4H2C,D,HC,0.157253935977356,-17.178957882470456,-8.996004661228568,8.182953221241888
2017,HHC,H,HC,0.284605186680204,1.3061844514732854,-14.178957882470456,-15.485142333943742
2020,DLM,D,LM,0.0658962915217265,-2.577867487930746,17.0957216580656,19.673589145996345
2017,ALM,A,LM,0.0133284918623544,0.30618445147328543,-8.178957882470456,-8.485142333943742
2018,OHC,O,HC,0.171960288748041,19.821042117529544,-10.996004661228568,-30.81704677875811
2019,MLC,M,LC,0.27809421637104,-12.996004661228568,-2.577867487930746,10.418137173297822
2018,DLC,D,LC,0.25709425595631,1.8210421175295437,16.003995338771432,14.182953221241888
2018,BHC,B,HC,0.397443381073,6.821042117529544,-10.996004661228568,-17.81704677875811
2020,GLC,G,LC,0.300451366468437,0.42213251206925406,9.0957216580656,8.673589145996345
2018,GHM,G,HM,0.451197492979831,-6.178957882470456,-4.996004661228568,1.1829532212418883
2019,THC,T,HC,0.108002671667387,-34.99600466122857,0.42213251206925406,35.41813717329782
2019,MLM,M,LM,0.302281283189364,8.003995338771432,0.42213251206925406,-7.581862826702178
2018,JLM,J,LM,0.264144902733205,-1.1789578824704563,12.003995338771432,13.182953221241888
2017,MLM,M,LM,0.154014338431492,10.306184451473285,-11.178957882470456,-21.48514233394374
2020,D9H2C,D,HC,0.202173424621327,-3.577867487930746,6.0957216580655995,9.673589145996345
2019,MHC,M,HC,0.129478710188047,1.003995338771432,-1.577867487930746,-2.581862826702178
2018,OLC,O,LC,0.276020081146099,6.821042117529544,3.003995338771432,-3.8170467787581117
2018,SHC,S,HC,0.0540246326940246,-13.178957882470456,-20.996004661228568,-7.817046778758112
2019,JLC,J,LC,0.267237300297432,-10.996004661228568,8.422132512069254,19.418137173297822
2017,SHC,S,HC,0.0338375764431298,-8.693815548526715,-9.178957882470456,-0.48514233394374173
2017,TLM,T,LM,0.038338538007626,20.306184451473285,5.821042117529544,-14.485142333943742
2018,ALM,A,LM,0.264460322229761,-10.178957882470456,-2.996004661228568,7.182953221241888
2018,SLM,S,LM,0.125823503329698,-15.178957882470456,7.003995338771432,22.18295322124189
2020,AHC,A,HC,0.00603890553249675,4.422132512069254,0.09572165806559951,-4.3264108540036545
2017,D8H2C,D,HC,0.248102595181966,12.306184451473285,5.821042117529544,-6.485142333943742
2017,OLC,O,LC,0.115088605314566,-27.693815548526715,4.821042117529544,32.51485766605626
2019,OHC,O,HC,0.0831139758182456,-25.996004661228568,0.42213251206925406,26.418137173297822
2017,SLC,S,LC,0.180416200142021,1.3061844514732854,2.8210421175295437,1.5148576660562583
2017,FHM,F,HM,-0.00120050246168213,0.30618445147328543,-7.178957882470456,-7.485142333943742
2018,AHC,A,HC,0.256301813265252,-4.178957882470456,-10.996004661228568,-6.817046778758112
2018,FH2C,F,HC,0.0457915155059472,2.8210421175295437,-7.996004661228568,-10.817046778758112
2018,MLM,M,LM,0.167096416504317,-5.178957882470456,-8.996004661228568,-3.8170467787581117
2020,D6H2C,D,HC,0.476495271246784,-12.577867487930746,17.0957216580656,29.673589145996345
2019,OLM,O,LM,0.119072107124572,-4.996004661228568,-6.577867487930746,-1.581862826702178
2019,ALM,A,LM,0.393077943187357,19.003995338771432,17.422132512069254,-1.581862826702178
2018,OLM,O,LM,0.608418148366799,-7.178957882470456,5.003995338771432,12.182953221241888
2017,HHM,H,HM,0.300979129522388,-5.693815548526715,-18.178957882470456,-12.485142333943742
2017,DLC,D,LC,0.291364115573635,-24.693815548526715,-1.1789578824704563,23.51485766605626
2018,D4H2C,D,HC,0.161939183646801,-4.178957882470456,-0.996004661228568,3.1829532212418883
2017,SLM,S,LM,0.269989232159659,-3.6938155485267146,-1.1789578824704563,2.5148576660562583
2018,D6H2C,D,HC,0.102309128067482,-1.1789578824704563,-12.996004661228568,-11.817046778758112
2019,SLC,S,LC,0.393079753179195,-11.996004661228568,0.42213251206925406,12.418137173297822
2018,HLM,H,LM,0.434295639123246,-1.1789578824704563,1.003995338771432,2.1829532212418883
2017,D4H2C,D,HC,0.205105714776527,-27.693815548526715,36.821042117529544,64.51485766605626
2020,D7H2C,D,HC,0.389538939489109,-10.577867487930746,12.0957216580656,22.673589145996345
2018,SHC,S,HC,0.0919414063606174,6.821042117529544,1.003995338771432,-5.817046778758112
2017,NLC,N,LC,0.259026019334584,-11.693815548526715,0.8210421175295437,12.514857666056258
2019,AHC,A,HC,0.203852407138169,8.003995338771432,-8.577867487930746,-16.581862826702178
2018,SLC,S,LC,0.139856752024689,-19.178957882470456,-10.996004661228568,8.182953221241888
2018,ALM,A,LM,0.0832520858103512,0.8210421175295437,-0.996004661228568,-1.8170467787581117
2018,D1H2C,D,HC,0.159176506688832,-13.178957882470456,-3.996004661228568,9.182953221241888
2017,MLM,M,LM,-0.00630912825620844,1.3061844514732854,-13.178957882470456,-14.485142333943742
2020,MLM,M,LM,0.272348653916426,-9.577867487930746,0.09572165806559951,9.673589145996345
2019,GLC,G,LC,0.300928549090476,9.003995338771432,6.422132512069254,-2.581862826702178
2017,GHM,G,HM,0.223639204488803,-14.693815548526715,-10.178957882470456,4.514857666056258
2019,BHC,B,HC,0.149135818368348,3.003995338771432,0.42213251206925406,-2.581862826702178
2019,DLC,D,LC,-0.00947133877229733,-24.996004661228568,12.422132512069254,37.41813717329782
2017,AHC,A,HC,0.0694108390992558,26.306184451473285,-1.1789578824704563,-27.48514233394374
2020,DHC,D,HC,0.0670162603068609,9.422132512069254,1.0957216580655995,-8.326410854003655
2017,AHM,A,HM,0.0977438696819837,1.3061844514732854,10.821042117529544,9.514857666056258
2017,HHM,H,HM,0.236052621170225,-9.693815548526715,-5.178957882470456,4.514857666056258
2019,DLC,D,LC,0.136130316684201,1.003995338771432,15.422132512069254,14.418137173297822
2018,TLC,T,LC,0.155582518234104,-1.1789578824704563,2.003995338771432,3.1829532212418883
2019,JLC,J,LC,0.26740852300749,-1.996004661228568,3.422132512069254,5.418137173297822
2020,SLM,S,LM,0.147153846186901,-6.577867487930746,13.0957216580656,19.673589145996345
2019,JLM,J,LM,0.0458357323213354,-6.996004661228568,-5.577867487930746,1.418137173297822
2017,OLC,O,LC,0.257049829049203,0.30618445147328543,-6.178957882470456,-6.485142333943742
2019,D3H2C,D,HC,0.253258094466248,3.003995338771432,0.42213251206925406,-2.581862826702178
2020,OHC,O,HC,0.340436465393481,-4.577867487930746,-22.9042783419344,-18.326410854003655
2019,D9H2C,D,HC,0.148329071126627,2.003995338771432,24.422132512069254,22.418137173297822
2019,NLC,N,LC,0.145340063039867,13.003995338771432,-2.577867487930746,-15.581862826702178
2020,D3H2C,D,HC,0.244378407785362,1.422132512069254,7.0957216580655995,5.6735891459963455
2020,FHM,F,HM,-0.00852205058707489,-5.577867487930746,8.0957216580656,13.673589145996345
2020,TLC,T,LC,0.307177843374727,-5.577867487930746,0.09572165806559951,5.6735891459963455
2020,OLM,O,LM,0.163349885620152,-21.577867487930746,13.0957216580656,34.673589145996345
2017,OLM,O,LM,0.245746313834402,-23.693815548526715,2.8210421175295437,26.51485766605626
2020,BH2C,B,HC,0.0876872107358326,0.42213251206925406,1.0957216580655995,0.6735891459963455
2017,MLC,M,LC,0.605198911588978,27.306184451473285,39.821042117529544,12.514857666056258
2017,THM,T,HM,0.122511680553682,34.306184451473285,-9.178957882470456,-43.48514233394374
2017,JLC,J,LC,0.237587844779198,12.306184451473285,6.821042117529544,-5.485142333943742
2018,GHM,G,HM,0.296075711435243,-0.1789578824704563,6.003995338771432,6.182953221241888
2017,D7H2C,D,HC,-0.00384036918142439,7.306184451473285,-17.178957882470456,-24.48514233394374
2020,JLC,J,LC,0.178189486137476,2.422132512069254,7.0957216580655995,4.6735891459963455
2019,OLM,O,LM,0.424183112182312,9.003995338771432,0.42213251206925406,-8.581862826702178
2019,NHM,N,HM,0.00703684156396633,22.003995338771432,-4.577867487930746,-26.581862826702178
2019,DLC,D,LC,0.457303216395131,21.003995338771432,4.422132512069254,-16.581862826702178
2019,BLM,B,LM,0.173262367325325,-4.996004661228568,-10.577867487930746,-5.581862826702178
2019,ALC,A,LC,-0.0172017435694032,12.003995338771432,0.42213251206925406,-11.581862826702178
2019,BLC,B,LC,0.0799350139826851,2.003995338771432,-4.577867487930746,-6.581862826702178
2017,JLM,J,LM,0.443606813076898,-14.693815548526715,-0.1789578824704563,14.514857666056258
2020,ALM,A,LM,0.279811966004324,-3.577867487930746,-0.9042783419344005,2.6735891459963455
2017,ALM,A,LM,0.156593381799634,3.3061844514732854,-11.178957882470456,-14.485142333943742
2017,HHM,H,HM,0.134547620601673,-8.693815548526715,-7.178957882470456,1.5148576660562583
2019,HHM,H,HM,0.199398574084621,-5.996004661228568,30.422132512069254,36.41813717329782
2020,OHM,O,HM,0.190558682330562,31.422132512069254,-1.9042783419344005,-33.326410854003655
2018,OLC,O,LC,0.273245550278891,-19.178957882470456,16.003995338771432,35.18295322124189
2019,OHC,O,HC,0.493513565360138,2.003995338771432,-3.577867487930746,-5.581862826702178
2019,D6H2C,D,HC,0.408899775375789,-2.996004661228568,8.422132512069254,11.418137173297822
2017,JLM,J,LM,0.00833568769962612,-5.693815548526715,8.821042117529544,14.514857666056258
2020,DLM,D,LM,0.363724495688806,-18.577867487930746,-11.9042783419344,6.6735891459963455
2018,NHM,N,HM,0.142408043814144,-7.178957882470456,-8.996004661228568,-1.8170467787581117
2019,D1H2C,D,HC,0.357177778702241,3.003995338771432,-11.577867487930746,-14.581862826702178
2017,BH2C,B,HC,0.291844320323585,-9.693815548526715,-16.178957882470456,-6.485142333943742
2019,OHM,O,HM,0.386253617127951,-3.996004661228568,-7.577867487930746,-3.581862826702178
2017,HLM,H,LM,0.160155717634698,7.306184451473285,-7.178957882470456,-14.485142333943742
2017,AHM,A,HM,0.0593984737957307,7.306184451473285,-1.1789578824704563,-8.485142333943742
2017,NHC,N,HC,0.193549793172762,-18.693815548526715,-1.1789578824704563,17.51485766605626
2017,AHC,A,HC,0.0460197808643767,8.306184451473285,19.821042117529544,11.514857666056258
2018,SHM,S,HM,0.213536205974128,-9.178957882470456,0.003995338771431989,9.182953221241888
2018,D4H2C,D,HC,0.0417608549693571,10.821042117529544,7.003995338771432,-3.8170467787581117
2019,ALC,A,LC,-0.0175224186844833,-1.996004661228568,-3.577867487930746,-1.581862826702178
2020,JLM,J,LM,0.337050523470831,1.422132512069254,15.0957216580656,13.673589145996345
2019,FH2C,F,HC,0.803270000527427,3.003995338771432,-6.577867487930746,-9.581862826702178
2018,D1H2C,D,HC,0.207442646619693,-7.178957882470456,-9.996004661228568,-2.8170467787581117
2020,THC,T,HC,0.338074988589661,-0.5778674879307459,41.0957216580656,41.673589145996345
2019,D7H2C,D,HC,0.0653374030925488,-20.996004661228568,-16.577867487930746,4.418137173297822
2020,SLM,S,LM,0.201569776979014,-13.577867487930746,0.09572165806559951,13.673589145996345
2019,MHC,M,HC,0.145352458383798,23.003995338771432,-11.577867487930746,-34.58186282670218
2017,AHC,A,HC,0.349906733941384,6.306184451473285,13.821042117529544,7.514857666056258
2019,OLC,O,LC,0.302665966583823,18.003995338771432,0.42213251206925406,-17.581862826702178
2018,AHM,A,HM,0.065588654466892,-7.178957882470456,12.003995338771432,19.18295322124189
2017,DHC,D,HC,0.282996040441533,6.306184451473285,-2.1789578824704563,-8.485142333943742
2019,BHM,B,HM,0.386746078798606,6.003995338771432,14.422132512069254,8.418137173297822
2020,BHM,B,HM,0.396711013468028,-11.577867487930746,-13.9042783419344,-2.3264108540036545
2019,ALM,A,LM,0.277322264444055,-8.996004661228568,0.42213251206925406,9.418137173297822
2020,D7H2C,D,HC,0.28179373689355,7.422132512069254,2.0957216580655995,-5.3264108540036545
2020,D6H2C,D,HC,0.192375971404942,4.422132512069254,0.09572165806559951,-4.3264108540036545
2017,MHC,M,HC,0.115698165523493,-23.693815548526715,-2.1789578824704563,21.51485766605626
2018,DLC,D,LC,0.224126050611668,4.821042117529544,-6.996004661228568,-11.817046778758112
2018,D8H2C,D,HC,0.129545538214874,-1.1789578824704563,-4.996004661228568,-3.8170467787581117
2020,SLM,S,LM,0.382736281479347,1.422132512069254,6.0957216580655995,4.6735891459963455
2019,NLC,N,LC,0.252017462928276,-4.996004661228568,10.422132512069254,15.418137173297822
2019,NLC,N,LC,0.0675058344937902,-10.996004661228568,11.422132512069254,22.418137173297822
2019,DLM,D,LM,0.2151553716502,-10.996004661228568,-3.577867487930746,7.418137173297822
2019,HHM,H,HM,0.0545730755026288,-1.996004661228568,-5.577867487930746,-3.581862826702178
2018,NHC,N,HC,0.100091723141053,-30.178957882470456,2.003995338771432,32.18295322124189
2017,AHC,A,HC,0.092787331405235,6.306184451473285,-6.178957882470456,-12.485142333943742
2020,D7H2C,D,HC,0.257166800697419,30.422132512069254,-4.9042783419344005,-35.326410854003655
2020,AHC,A,HC,0.331502891414721,-2.577867487930746,6.0957216580655995,8.673589145996345
2017,D5H2C,D,HC,0.202270402709823,2.3061844514732854,-7.178957882470456,-9.485142333943742
2019,NLM,N,LM,0.203504220441959,-9.996004661228568,7.422132512069254,17.418137173297822
2020,DLM,D,LM,0.0311554580989624,15.422132512069254,20.0957216580656,4.6735891459963455
2020,GLC,G,LC,0.247450669411419,-10.577867487930746,17.0957216580656,27.673589145996345
2020,OLM,O,LM,0.302904222529361,-4.577867487930746,10.0957216580656,14.673589145996345
2018,DLC,D,LC,0.178971413139113,-2.1789578824704563,40.00399533877143,42.18295322124189
2017,MLC,M,LC,0.324089417016493,-16.693815548526715,4.821042117529544,21.51485766605626
2019,SLC,S,LC,0.292153430275192,-2.996004661228568,-10.577867487930746,-7.581862826702178
2018,JLM,J,LM,0.190532135593378,-14.178957882470456,3.003995338771432,17.18295322124189
2018,FHC,F,HC,0.110235688404456,-8.178957882470456,-7.996004661228568,0.1829532212418883
2019,D1H2C,D,HC,0.318818437712407,-7.996004661228568,12.422132512069254,20.418137173297822
2017,FLM,F,LM,0.275205253747288,1.3061844514732854,20.821042117529544,19.51485766605626
2019,NHM,N,HM,0.076147629469798,29.003995338771432,0.42213251206925406,-28.581862826702178
2018,SHC,S,HC,0.287139050498251,-7.178957882470456,-2.996004661228568,4.182953221241888
2020,NLM,N,LM,0.183598849216534,32.422132512069254,6.0957216580655995,-26.326410854003655
2020,OLM,O,LM,0.177620114305092,-6.577867487930746,-29.9042783419344,-23.326410854003655
2020,SLC,S,LC,0.119651871242599,-0.5778674879307459,-5.9042783419344005,-5.3264108540036545
2017,D8H2C,D,HC,0.0204139322949712,37.306184451473285,-7.178957882470456,-44.48514233394374
2019,JLM,J,LM,0.141955427030858,0.003995338771431989,7.422132512069254,7.418137173297822
2019,ALC,A,LC,0.193696334503213,-1.996004661228568,-10.577867487930746,-8.581862826702178
2019,DLC,D,LC,0.252068177662318,6.003995338771432,4.422132512069254,-1.581862826702178
2020,NHM,N,HM,0.360040240028399,6.422132512069254,30.0957216580656,23.673589145996345
2019,D3H2C,D,HC,0.348825916125543,-2.996004661228568,-1.577867487930746,1.418137173297822
2019,BHM,B,HM,0.131349525941374,7.003995338771432,-11.577867487930746,-18.581862826702178
2019,HLC,H,LC,0.492201177420018,4.003995338771432,5.422132512069254,1.418137173297822
2017,D3H2C,D,HC,0.00306050968754668,-23.693815548526715,-7.178957882470456,16.51485766605626
2017,HLC,H,LC,-0.00865633655174558,42.306184451473285,31.821042117529544,-10.485142333943742
2018,OLC,O,LC,0.104935246674345,34.821042117529544,22.003995338771432,-12.817046778758112
2019,OHC,O,HC,0.604850731157958,-2.996004661228568,0.42213251206925406,3.418137173297822
2019,BLM,B,LM,0.0357112862303756,16.003995338771432,7.422132512069254,-8.581862826702178
2020,MLM,M,LM,0.257823990562262,11.422132512069254,20.0957216580656,8.673589145996345
2019,MHM,M,HM,0.204120296109287,-10.996004661228568,-8.577867487930746,2.418137173297822
2017,OHM,O,HM,0.512835900852284,-10.693815548526715,-0.1789578824704563,10.514857666056258
2017,GHM,G,HM,0.240033209003006,4.306184451473285,-7.178957882470456,-11.485142333943742
2020,FHC,F,HC,0.194097863228649,-2.577867487930746,9.0957216580656,11.673589145996345
2018,DHM,D,HM,0.0278625748420578,40.821042117529544,21.003995338771432,-19.81704677875811
2017,JLC,J,LC,0.104830479959753,12.306184451473285,-7.178957882470456,-19.48514233394374
2017,ALM,A,LM,0.0561250028717736,11.306184451473285,-6.178957882470456,-17.48514233394374
2020,OLC,O,LC,0.128694944601586,1.422132512069254,-36.9042783419344,-38.326410854003655
2019,MLC,M,LC,0.099216052092634,-7.996004661228568,-3.577867487930746,4.418137173297822
2019,AHM,A,HM,0.224639577769402,13.003995338771432,-7.577867487930746,-20.581862826702178
2018,HHC,H,HC,0.561902207667554,6.821042117529544,-0.996004661228568,-7.817046778758112
2020,SHC,S,HC,0.342801705797227,-17.577867487930746,10.0957216580656,27.673589145996345
2018,NHM,N,HM,0.27290646345473,-3.1789578824704563,-14.996004661228568,-11.817046778758112
2020,THM,T,HM,0.268362555186304,-9.577867487930746,2.0957216580655995,11.673589145996345
2019,D3H2C,D,HC,0.251771044328483,-22.996004661228568,-5.577867487930746,17.418137173297822
2017,HLC,H,LC,0.110016972922723,3.3061844514732854,-13.178957882470456,-16.48514233394374
2020,FLC,F,LC,0.108725658579138,3.422132512069254,5.0957216580655995,1.6735891459963455
2020,DLC,D,LC,0.382511970107374,12.422132512069254,-6.9042783419344005,-19.326410854003655
2020,OHM,O,HM,0.26200182832847,-12.577867487930746,-17.9042783419344,-5.3264108540036545
2017,JLC,J,LC,0.218818888693528,-17.693815548526715,-7.178957882470456,10.514857666056258
2018,FHM,F,HM,0.0353083882173482,-11.178957882470456,-15.996004661228568,-4.817046778758112
2020,HLC,H,LC,0.211580045009461,-6.577867487930746,6.0957216580655995,12.673589145996345
2019,GHC,G,HC,0.337842479314277,2.003995338771432,47.422132512069254,45.41813717329782
2020,MHC,M,HC,0.266370452092509,12.422132512069254,-28.9042783419344,-41.326410854003655
2019,GLC,G,LC,0.22102146343855,4.003995338771432,-16.577867487930746,-20.581862826702178
2020,GHM,G,HM,0.297115385000449,5.422132512069254,0.09572165806559951,-5.3264108540036545
2017,SLC,S,LC,0.127351068682698,36.306184451473285,10.821042117529544,-25.48514233394374
2019,JLC,J,LC,0.140187029907744,7.003995338771432,12.422132512069254,5.418137173297822
2020,MHM,M,HM,0.410334911787267,-5.577867487930746,-16.9042783419344,-11.326410854003655
2017,NHM,N,HM,0.0764479422163471,-11.693815548526715,24.821042117529544,36.51485766605626
2018,D8H2C,D,HC,0.350870470460901,-12.178957882470456,14.003995338771432,26.18295322124189
2017,BHC,B,HC,0.27493951901041,-14.693815548526715,-10.178957882470456,4.514857666056258
2019,OHC,O,HC,0.476830422324694,-7.996004661228568,-11.577867487930746,-3.581862826702178
2019,GLC,G,LC,0.0251935182510632,-22.996004661228568,-1.577867487930746,21.418137173297822
2020,MLM,M,LM,0.15493621303259,-14.577867487930746,11.0957216580656,25.673589145996345
2019,THM,T,HM,0.274435879212248,-0.996004661228568,7.422132512069254,8.418137173297822
2020,HLC,H,LC,0.223847382005519,-9.577867487930746,0.09572165806559951,9.673589145996345
2019,D7H2C,D,HC,0.303271033258922,5.003995338771432,22.422132512069254,17.418137173297822
2020,GHC,G,HC,0.273729471356308,-2.577867487930746,7.0957216580655995,9.673589145996345
2018,FHC,F,HC,0.320064819331813,-5.178957882470456,-20.996004661228568,-15.817046778758112
2019,OLM,O,LM,0.240972866622442,-16.996004661228568,-5.577867487930746,11.418137173297822
2018,D8H2C,D,HC,0.280118136577164,-6.178957882470456,15.003995338771432,21.18295322124189
2020,OLC,O,LC,0.268570771594201,-3.577867487930746,5.0957216580655995,8.673589145996345
2018,D8H2C,D,HC,0.25438899483606,5.821042117529544,17.003995338771432,11.182953221241888
2020,MHM,M,HM,0.414346418154295,-8.577867487930746,2.0957216580655995,10.673589145996345
2018,BLM,B,LM,0.264064609062877,-8.178957882470456,6.003995338771432,14.182953221241888
2018,FHC,F,HC,0.427515130693313,26.821042117529544,-16.996004661228568,-43.81704677875811
2017,NLM,N,LM,0.168937386095666,-2.6938155485267146,-19.178957882470456,-16.48514233394374
2019,DLC,D,LC,0.240106666950919,-18.996004661228568,-3.577867487930746,15.418137173297822
2017,ALC,A,LC,0.0524348073716905,28.306184451473285,10.821042117529544,-17.48514233394374
2020,OLC,O,LC,0.256962004466315,31.422132512069254,18.0957216580656,-13.326410854003655
2019,JHM,J,HM,0.0782487106544818,5.003995338771432,13.422132512069254,8.418137173297822
2020,SLC,S,LC,0.114312635325966,-0.5778674879307459,7.0957216580655995,7.6735891459963455
2017,BHM,B,HM,0.330218237751722,6.306184451473285,30.821042117529544,24.51485766605626
2017,AHC,A,HC,0.230414386050919,-1.6938155485267146,4.821042117529544,6.514857666056258
2018,BLC,B,LC,0.29825923759052,-4.178957882470456,-22.996004661228568,-18.81704677875811
2020,SHC,S,HC,0.235746514859353,-9.577867487930746,14.0957216580656,23.673589145996345
2017,OLC,O,LC,0.096311842143687,-2.6938155485267146,22.821042117529544,25.51485766605626
2020,DLM,D,LM,0.345653146680316,-6.577867487930746,17.0957216580656,23.673589145996345
2017,BH2C,B,HC,0.0342520153530255,7.306184451473285,-7.178957882470456,-14.485142333943742
2019,GLC,G,LC,-0.0202572862241703,45.00399533877143,-0.5778674879307459,-45.58186282670218
2019,GHC,G,HC,0.347626855366565,9.003995338771432,4.422132512069254,-4.581862826702178
2017,ALC,A,LC,0.283472490305278,-5.693815548526715,-13.178957882470456,-7.485142333943742
2017,HHM,H,HM,0.213835236843716,7.306184451473285,-13.178957882470456,-20.48514233394374
2020,MHC,M,HC,0.470678965078647,-5.577867487930746,2.0957216580655995,7.6735891459963455
2017,FLM,F,LM,0.151381256841785,12.306184451473285,3.8210421175295437,-8.485142333943742
2020,TLM,T,LM,0.120278861164941,5.422132512069254,0.09572165806559951,-5.3264108540036545
2017,OLC,O,LC,0.342813779549559,-5.693815548526715,4.821042117529544,10.514857666056258
2019,OLM,O,LM,0.395534102454711,2.003995338771432,-14.577867487930746,-16.581862826702178
2019,D7H2C,D,HC,0.168228211638979,-34.99600466122857,-6.577867487930746,28.418137173297822
2019,FHM,F,HM,0.156069066853025,-8.996004661228568,0.42213251206925406,9.418137173297822
2020,GLC,G,LC,0.303547350477516,-15.577867487930746,19.0957216580656,34.673589145996345
2017,FHM,F,HM,0.379620484997385,-0.6938155485267146,-19.178957882470456,-18.48514233394374
2020,GHM,G,HM,0.28206205897472,4.422132512069254,-13.9042783419344,-18.326410854003655
2018,GLC,G,LC,0.246137145134373,-3.1789578824704563,13.003995338771432,16.18295322124189
2020,OLM,O,LM,0.23111035458917,-8.577867487930746,5.0957216580655995,13.673589145996345
2020,NHM,N,HM,0.24397871271787,-2.577867487930746,5.0957216580655995,7.6735891459963455
2017,SLC,S,LC,0.15888726585083,6.306184451473285,0.8210421175295437,-5.485142333943742
2018,FLC,F,LC,-0.0102914470838327,-17.178957882470456,-0.996004661228568,16.18295322124189
2018,BHM,B,HM,0.0287222002383702,-13.178957882470456,26.003995338771432,39.18295322124189
2018,JHM,J,HM,0.246970084126348,-6.178957882470456,-6.996004661228568,-0.8170467787581117
2017,DHC,D,HC,0.337741051315087,1.3061844514732854,-13.178957882470456,-14.485142333943742
2019,BHM,B,HM,0.182790641424717,-8.996004661228568,-2.577867487930746,6.418137173297822
2019,SHC,S,HC,0.195346472330266,8.003995338771432,-2.577867487930746,-10.581862826702178
2020,D7H2C,D,HC,0.18256446972918,24.422132512069254,-11.9042783419344,-36.326410854003655
2017,GLM,G,LM,0.236156000535386,2.3061844514732854,5.821042117529544,3.5148576660562583
2017,OHC,O,HC,0.0376258066599477,-27.693815548526715,-5.178957882470456,22.51485766605626
2018,TLC,T,LC,0.0518748238765208,-1.1789578824704563,-9.996004661228568,-8.817046778758112
2018,D5H2C,D,HC,0.339964949014778,-12.178957882470456,-10.996004661228568,1.1829532212418883
2019,OLC,O,LC,0.244420993479092,8.003995338771432,7.422132512069254,-0.5818628267021779
2018,MHM,M,HM,0.207148677597257,-6.178957882470456,-11.996004661228568,-5.817046778758112
2019,JHM,J,HM,0.155923341054031,-5.996004661228568,18.422132512069254,24.418137173297822
2018,OLC,O,LC,0.129596384167328,-12.178957882470456,-14.996004661228568,-2.8170467787581117
2018,OLM,O,LM,0.303698667795738,-7.178957882470456,-6.996004661228568,0.1829532212418883
2019,JLC,J,LC,0.120434791344906,-8.996004661228568,-9.577867487930746,-0.5818628267021779
2020,D9H2C,D,HC,0.180810526324888,38.422132512069254,8.0957216580656,-30.326410854003655
2018,FHC,F,HC,0.63720165132349,-2.1789578824704563,8.003995338771432,10.182953221241888
2020,GHM,G,HM,0.184933264463221,1.422132512069254,-2.9042783419344005,-4.3264108540036545
2018,JHM,J,HM,0.0745673353853521,-19.178957882470456,-6.996004661228568,12.182953221241888
2017,SLC,S,LC,0.285420451583952,7.306184451473285,-3.1789578824704563,-10.485142333943742
2017,GLM,G,LM,0.309940832696074,22.306184451473285,-5.178957882470456,-27.48514233394374
2018,DLC,D,LC,0.429830872928917,-5.178957882470456,-8.996004661228568,-3.8170467787581117
2020,MLC,M,LC,0.38304967646654,-17.577867487930746,5.0957216580655995,22.673589145996345
2019,HHC,H,HC,0.413080052018145,-1.996004661228568,47.422132512069254,49.41813717329782
2018,GLM,G,LM,0.102379927311989,-8.178957882470456,7.003995338771432,15.182953221241888
2018,BHM,B,HM,0.0812848919503505,5.821042117529544,1.003995338771432,-4.817046778758112
2020,D3H2C,D,HC,0.367703978949512,6.422132512069254,5.0957216580655995,-1.3264108540036545
2020,BHC,B,HC,0.489915659908543,-4.577867487930746,2.0957216580655995,6.6735891459963455
2017,SHM,S,HM,0.154920166467676,-17.693815548526715,-5.178957882470456,12.514857666056258
2018,GLM,G,LM,0.131685257335887,-7.178957882470456,5.003995338771432,12.182953221241888
2018,GLM,G,LM,0.167120866853175,34.821042117529544,-1.996004661228568,-36.81704677875811
2017,JLC,J,LC,0.197225434570146,-22.693815548526715,-11.178957882470456,11.514857666056258
2017,GLM,G,LM,0.227595166904847,-3.6938155485267146,-1.1789578824704563,2.5148576660562583
2017,BHC,B,HC,0.329865512051935,5.306184451473285,-0.1789578824704563,-5.485142333943742
2019,MHM,M,HM,0.195706618408443,-2.996004661228568,1.422132512069254,4.418137173297822
2018,SHM,S,HM,0.168434597856693,-6.178957882470456,-4.996004661228568,1.1829532212418883
2020,MHM,M,HM,0.459763929825121,-5.577867487930746,15.0957216580656,20.673589145996345
2020,SLC,S,LC,0.376230119281289,26.422132512069254,16.0957216580656,-10.326410854003655
2017,BLC,B,LC,0.164249850027403,6.306184451473285,-9.178957882470456,-15.485142333943742
2019,AHC,A,HC,0.112591294507366,2.003995338771432,12.422132512069254,10.418137173297822
2017,OLM,O,LM,0.144784011437166,3.3061844514732854,-1.1789578824704563,-4.485142333943742
2018,BLC,B,LC,0.206814786728287,-0.1789578824704563,-10.996004661228568,-10.817046778758112
2017,JHC,J,HC,0.226922637879253,6.306184451473285,-7.178957882470456,-13.485142333943742
2017,DLM,D,LM,0.180869620618006,-5.693815548526715,-2.1789578824704563,3.5148576660562583
2017,MHM,M,HM,0.262200105956363,24.306184451473285,4.821042117529544,-19.48514233394374
2018,SHM,S,HM,0.0625409295243191,50.821042117529544,-7.996004661228568,-58.81704677875811
2018,FHM,F,HM,0.274569738431038,-5.178957882470456,8.003995338771432,13.182953221241888
2017,GHM,G,HM,0.134907263669481,-20.693815548526715,4.821042117529544,25.51485766605626
2018,NLC,N,LC,0.306014107206436,-5.178957882470456,-2.996004661228568,2.1829532212418883
2018,NHM,N,HM,0.232981899611067,16.821042117529544,-22.996004661228568,-39.81704677875811
2019,OHC,O,HC,0.452647699528511,-4.996004661228568,-5.577867487930746,-0.5818628267021779
2020,HLC,H,LC,0.313271189135975,-5.577867487930746,-5.9042783419344005,-0.32641085400365455
2017,JLM,J,LM,0.207649018894123,2.3061844514732854,-3.1789578824704563,-5.485142333943742
2017,FLC,F,LC,0.067923102026715,-17.693815548526715,-7.178957882470456,10.514857666056258
2018,FLM,F,LM,0.157028818402349,-7.178957882470456,-10.996004661228568,-3.8170467787581117
2017,MHM,M,HM,0.180849604948845,30.306184451473285,-6.178957882470456,-36.48514233394374
2017,OHC,O,HC,0.300758628339853,-11.693815548526715,-13.178957882470456,-1.4851423339437417
2017,GLC,G,LC,0.111817040022798,13.306184451473285,-7.178957882470456,-20.48514233394374
2018,TLM,T,LM,0.186320375929383,21.821042117529544,-6.996004661228568,-28.81704677875811
2020,DHC,D,HC,0.122861824821602,-3.577867487930746,-26.9042783419344,-23.326410854003655
2019,MLM,M,LM,0.196972069681946,23.003995338771432,-1.577867487930746,-24.581862826702178
2018,SLC,S,LC,0.14821119553098,-4.178957882470456,1.003995338771432,5.182953221241888
2019,DHC,D,HC,0.522794078544735,-8.996004661228568,5.422132512069254,14.418137173297822
2019,ALM,A,LM,0.377566312189046,-1.996004661228568,9.422132512069254,11.418137173297822
2020,HHC,H,HC,0.132783643830074,26.422132512069254,2.0957216580655995,-24.326410854003655
2019,OHC,O,HC,0.56020485190019,7.003995338771432,8.422132512069254,1.418137173297822
2018,FLC,F,LC,0.0739883487322113,8.821042117529544,-4.996004661228568,-13.817046778758112
2017,OHM,O,HM,0.174930031823331,-2.6938155485267146,0.8210421175295437,3.5148576660562583
2019,D7H2C,D,HC,0.237457984328222,11.003995338771432,17.422132512069254,6.418137173297822
2017,FHC,F,HC,0.307545756119254,-26.693815548526715,10.821042117529544,37.51485766605626
2018,OLM,O,LM,0.209456754784606,-10.178957882470456,2.003995338771432,12.182953221241888
2017,HHM,H,HM,0.287941607146046,6.306184451473285,-4.178957882470456,-10.485142333943742
2017,MLC,M,LC,0.469712680960036,-7.693815548526715,-7.178957882470456,0.5148576660562583
2017,MLM,M,LM,0.269965561031293,9.306184451473285,-23.178957882470456,-32.48514233394374
2020,NLM,N,LM,0.335927776378806,1.422132512069254,-3.9042783419344005,-5.3264108540036545
2020,ALM,A,LM,0.0488339533582896,-8.577867487930746,15.0957216580656,23.673589145996345
2017,JLM,J,LM,0.183756296299166,-4.693815548526715,29.821042117529544,34.51485766605626
2018,GHC,G,HC,0.265282455570596,6.821042117529544,-22.996004661228568,-29.81704677875811
2020,SHM,S,HM,0.239536398418228,38.422132512069254,17.0957216580656,-21.326410854003655
2019,MHC,M,HC,0.249834334523521,-10.996004661228568,-0.5778674879307459,10.418137173297822
2018,FLC,F,LC,0.0855931240703385,-4.178957882470456,13.003995338771432,17.18295322124189
2019,AHC,A,HC,0.153712499820738,-5.996004661228568,2.422132512069254,8.418137173297822
2017,SHM,S,HM,0.260461729287136,0.30618445147328543,-7.178957882470456,-7.485142333943742
2018,OHM,O,HM,0.310790245004915,-10.178957882470456,1.003995338771432,11.182953221241888
2020,D7H2C,D,HC,0.0884849551271314,17.422132512069254,-1.9042783419344005,-19.326410854003655
2019,BHC,B,HC,0.365597259231278,2.003995338771432,6.422132512069254,4.418137173297822
2020,JLM,J,LM,0.139808934229615,-3.577867487930746,1.0957216580655995,4.6735891459963455
2019,NLM,N,LM,0.191789466979361,1.003995338771432,-7.577867487930746,-8.581862826702178
2020,D7H2C,D,HC,0.166292094912995,5.422132512069254,-25.9042783419344,-31.326410854003655
2019,SHC,S,HC,0.346011754781232,9.003995338771432,-10.577867487930746,-19.581862826702178
2020,HHM,H,HM,0.156105170047343,-10.577867487930746,-11.9042783419344,-1.3264108540036545
2019,DLM,D,LM,0.123788285732076,20.003995338771432,-6.577867487930746,-26.581862826702178
2017,JLM,J,LM,0.32924551044986,19.306184451473285,-1.1789578824704563,-20.48514233394374
2018,OLM,O,LM,0.468874414866965,4.821042117529544,-4.996004661228568,-9.817046778758112
2019,NLM,N,LM,0.238580878554174,39.00399533877143,-17.577867487930746,-56.58186282670218
2019,BLM,B,LM,0.341186125005336,5.003995338771432,-11.577867487930746,-16.581862826702178
2019,SLM,S,LM,0.552943312088675,-10.996004661228568,-1.577867487930746,9.418137173297822
2017,D8H2C,D,HC,0.234624643928917,6.306184451473285,-3.1789578824704563,-9.485142333943742
2019,D8H2C,D,HC,0.266735734489411,13.003995338771432,5.422132512069254,-7.581862826702178
2018,HHM,H,HM,0.152125258958971,17.821042117529544,-2.996004661228568,-20.81704677875811
2019,FLM,F,LM,0.14014345897433,9.003995338771432,-9.577867487930746,-18.581862826702178
2020,FLC,F,LC,0.322533809668049,0.42213251206925406,5.0957216580655995,4.6735891459963455
2020,D7H2C,D,HC,0.316881035027828,3.422132512069254,31.0957216580656,27.673589145996345
2019,JHM,J,HM,0.125962310127464,13.003995338771432,-3.577867487930746,-16.581862826702178
2017,SLC,S,LC,0.183764147993301,19.306184451473285,-10.178957882470456,-29.48514233394374
2018,D8H2C,D,HC,0.332546650032554,-3.1789578824704563,17.003995338771432,20.18295322124189
2020,BHM,B,HM,0.164588841400637,0.42213251206925406,3.0957216580655995,2.6735891459963455
2017,FH2C,F,HC,0.154579952664688,11.306184451473285,34.821042117529544,23.51485766605626
2020,SHM,S,HM,0.384930814017026,-16.577867487930746,-10.9042783419344,5.6735891459963455
2018,NHC,N,HC,0.389374415118662,-13.178957882470456,-10.996004661228568,2.1829532212418883
2020,OLC,O,LC,0.189468493193459,9.422132512069254,0.09572165806559951,-9.326410854003655
2018,GHM,G,HM,0.70601452203967,-1.1789578824704563,-3.996004661228568,-2.8170467787581117
2018,D1H2C,D,HC,0.304975947901821,-7.178957882470456,-18.996004661228568,-11.817046778758112
2020,OLM,O,LM,0.204313885025647,0.42213251206925406,-1.9042783419344005,-2.3264108540036545
2018,TLC,T,LC,0.203213991039339,-9.178957882470456,-2.996004661228568,6.182953221241888
2019,MLC,M,LC,0.411653566180838,-0.996004661228568,6.422132512069254,7.418137173297822
2019,GLC,G,LC,0.219533430321042,-4.996004661228568,-5.577867487930746,-0.5818628267021779
2019,DHC,D,HC,0.341288221091789,11.003995338771432,12.422132512069254,1.418137173297822
2020,SHC,S,HC,0.26343825807942,-19.577867487930746,4.0957216580655995,23.673589145996345
2019,GLM,G,LM,0.508526779915881,-9.996004661228568,-0.5778674879307459,9.418137173297822
2020,D8H2C,D,HC,0.124008658198765,13.422132512069254,-20.9042783419344,-34.326410854003655
2017,HLC,H,LC,-0.00636548581848695,-24.693815548526715,-0.1789578824704563,24.51485766605626
2020,FH2C,F,HC,0.18801449865537,0.42213251206925406,-1.9042783419344005,-2.3264108540036545
2018,JHM,J,HM,0.398382033589274,3.8210421175295437,-7.996004661228568,-11.817046778758112
2018,SLM,S,LM,0.10099413412398,-6.178957882470456,9.003995338771432,15.182953221241888
2020,D4H2C,D,HC,0.169492022614098,0.42213251206925406,2.0957216580655995,1.6735891459963455
2018,FLM,F,LM,0.241384050629139,1.8210421175295437,-4.996004661228568,-6.817046778758112
2020,FLM,F,LM,0.146982561447831,-9.577867487930746,-7.9042783419344005,1.6735891459963455
2018,FHC,F,HC,0.22053436253414,-0.1789578824704563,10.003995338771432,10.182953221241888
2019,GHC,G,HC,0.0783770264195522,-21.996004661228568,0.42213251206925406,22.418137173297822
2020,GHM,G,HM,0.434857130615275,4.422132512069254,20.0957216580656,15.673589145996345
2017,FHC,F,HC,0.237892582869957,6.306184451473285,-10.178957882470456,-16.48514233394374
2017,SLM,S,LM,0.0324133106614665,10.306184451473285,0.8210421175295437,-9.485142333943742
2017,D1H2C,D,HC,0.0166195586219497,6.306184451473285,-12.178957882470456,-18.48514233394374
2020,NLM,N,LM,0.500616762100198,8.422132512069254,6.0957216580655995,-2.3264108540036545
2020,MLC,M,LC,0.242233317822486,9.422132512069254,-25.9042783419344,-35.326410854003655
2020,BLC,B,LC,-0.0200975311776563,48.422132512069254,6.0957216580655995,-42.326410854003655
2020,DLC,D,LC,0.18933087780734,-6.577867487930746,10.0957216580656,16.673589145996345
2017,THC,T,HC,0.141567088586558,24.306184451473285,22.821042117529544,-1.4851423339437417
2020,FHM,F,HM,0.513071782550564,-6.577867487930746,-9.9042783419344,-3.3264108540036545
2018,DLC,D,LC,0.0803393244929205,-1.1789578824704563,21.003995338771432,22.18295322124189
2019,OLC,O,LC,0.633466449797086,-4.996004661228568,-6.577867487930746,-1.581862826702178
2017,BHM,B,HM,0.234754637000345,5.306184451473285,-11.178957882470456,-16.48514233394374
2019,DLC,D,LC,0.25703594681433,13.003995338771432,-11.577867487930746,-24.581862826702178
2017,NHM,N,HM,0.0697383339406255,-6.693815548526715,9.821042117529544,16.51485766605626
2019,FH2C,F,HC,0.58719931513456,6.003995338771432,-20.577867487930746,-26.581862826702178
2017,D4H2C,D,HC,0.0770772149121617,0.30618445147328543,-8.178957882470456,-8.485142333943742
2019,D4H2C,D,HC,0.400128768108328,-28.996004661228568,-2.577867487930746,26.418137173297822
2017,OLM,O,LM,0.291920168174951,1.3061844514732854,-13.178957882470456,-14.485142333943742
2020,JLC,J,LC,0.0977030582502214,-4.577867487930746,-0.9042783419344005,3.6735891459963455
2019,FHC,F,HC,0.576435243926947,-7.996004661228568,0.42213251206925406,8.418137173297822
2019,SLM,S,LM,0.07350875212612,18.003995338771432,-7.577867487930746,-25.581862826702178
2018,BHC,B,HC,0.184162622825238,-11.178957882470456,13.003995338771432,24.18295322124189
2018,DLM,D,LM,0.091472461641553,4.821042117529544,31.003995338771432,26.18295322124189
2020,OHM,O,HM,0.373674563984955,-4.577867487930746,-13.9042783419344,-9.326410854003655
2017,OHC,O,HC,0.292065877531232,2.3061844514732854,-19.178957882470456,-21.48514233394374
2017,D3H2C,D,HC,0.0832561061626989,22.306184451473285,-3.1789578824704563,-25.48514233394374
2017,NHM,N,HM,0.202149772261521,-8.693815548526715,1.8210421175295437,10.514857666056258
2018,OHC,O,HC,0.316492227125482,-9.178957882470456,-22.996004661228568,-13.817046778758112
2017,OHC,O,HC,0.420476146478432,-5.693815548526715,-2.1789578824704563,3.5148576660562583
2018,BHM,B,HM,0.337213236892824,-9.178957882470456,-0.996004661228568,8.182953221241888
2019,FLC,F,LC,-0.0309470056479511,43.00399533877143,6.422132512069254,-36.58186282670218
2020,GHC,G,HC,0.107385366584838,-5.577867487930746,7.0957216580655995,12.673589145996345
2019,AHM,A,HM,0.212688057757679,-4.996004661228568,19.422132512069254,24.418137173297822
2017,ALC,A,LC,0.337448170289617,17.306184451473285,17.821042117529544,0.5148576660562583
2019,D1H2C,D,HC,0.514037449932369,-2.996004661228568,-3.577867487930746,-0.5818628267021779
2020,D3H2C,D,HC,-0.000580774846987042,7.422132512069254,-11.9042783419344,-19.326410854003655
2020,JHM,J,HM,0.13152171344696,13.422132512069254,-21.9042783419344,-35.326410854003655
2017,MLC,M,LC,0.13879946915928,-6.693815548526715,18.821042117529544,25.51485766605626
2019,GLM,G,LM,0.0444891595293142,-6.996004661228568,2.422132512069254,9.418137173297822
2019,DHM,D,HM,0.0211454809763478,-23.996004661228568,6.422132512069254,30.418137173297822
2017,NHM,N,HM,0.384385234857838,0.30618445147328543,-3.1789578824704563,-3.4851423339437417
2018,D4H2C,D,HC,0.235717818747866,1.8210421175295437,6.003995338771432,4.182953221241888
2018,NHM,N,HM,0.411954912727221,-11.178957882470456,8.003995338771432,19.18295322124189
2017,BH2C,B,HC,0.29927094217003,-4.693815548526715,51.821042117529544,56.51485766605626
2018,FLM,F,LM,0.187015444190501,40.821042117529544,-11.996004661228568,-52.81704677875811
2019,SLC,S,LC,0.360466826982714,-14.996004661228568,-10.577867487930746,4.418137173297822
2019,OLM,O,LM,0.117938316854751,37.00399533877143,-6.577867487930746,-43.58186282670218
2017,MHC,M,HC,0.354193096882364,-4.693815548526715,4.821042117529544,9.514857666056258
2020,D7H2C,D,HC,0.178507783575676,5.422132512069254,4.0957216580655995,-1.3264108540036545
2019,SLM,S,LM,0.284545554699597,-9.996004661228568,-2.577867487930746,7.418137173297822
2020,JLC,J,LC,0.143805429448284,25.422132512069254,8.0957216580656,-17.326410854003655
2020,HLM,H,LM,0.101221678959982,-1.577867487930746,2.0957216580655995,3.6735891459963455
2020,FLM,F,LM,0.0837191763603473,-5.577867487930746,7.0957216580655995,12.673589145996345
2017,JHM,J,HM,0.298650727244558,26.306184451473285,-1.1789578824704563,-27.48514233394374
2019,D7H2C,D,HC,0.125837327050325,1.003995338771432,18.422132512069254,17.418137173297822
2017,JLC,J,LC,0.400374169415192,-2.6938155485267146,18.821042117529544,21.51485766605626
2018,D8H2C,D,HC,0.341952555750912,-3.1789578824704563,-2.996004661228568,0.1829532212418883
2019,GHM,G,HM,0.18042409366936,-4.996004661228568,-4.577867487930746,0.4181371732978221
2020,OHC,O,HC,0.368450976339218,-18.577867487930746,-11.9042783419344,6.6735891459963455
2018,DHM,D,HM,0.272022437710151,-11.178957882470456,-23.996004661228568,-12.817046778758112
2020,OLM,O,LM,0.437698533453488,-10.577867487930746,17.0957216580656,27.673589145996345
2018,MHM,M,HM,0.161167716626546,-3.1789578824704563,39.00399533877143,42.18295322124189
2017,BLM,B,LM,0.205662306826582,-8.693815548526715,-6.178957882470456,2.5148576660562583
2018,OHC,O,HC,0.16166771787042,-14.178957882470456,-1.996004661228568,12.182953221241888
2018,DLC,D,LC,0.2203839444665,0.8210421175295437,-3.996004661228568,-4.817046778758112
2018,FLM,F,LM,0.0799087380361398,6.821042117529544,1.003995338771432,-5.817046778758112
2017,D8H2C,D,HC,0.145256253048138,13.306184451473285,-3.1789578824704563,-16.48514233394374
2020,MLM,M,LM,0.0728027419078112,-11.577867487930746,0.09572165806559951,11.673589145996345
2017,GHM,G,HM,0.0384502135379408,9.306184451473285,5.821042117529544,-3.4851423339437417
2017,FLM,F,LM,0.361361095458502,-6.693815548526715,-7.178957882470456,-0.48514233394374173
2017,AHC,A,HC,0.3506957972607,8.306184451473285,1.8210421175295437,-6.485142333943742
2018,JLM,J,LM,0.0985180705682431,-5.178957882470456,-4.996004661228568,0.1829532212418883
2020,D1H2C,D,HC,0.365912768814348,-4.577867487930746,-1.9042783419344005,2.6735891459963455
2017,DLC,D,LC,0.345299485438908,1.3061844514732854,-7.178957882470456,-8.485142333943742
2017,GHM,G,HM,0.136352426318753,6.306184451473285,-10.178957882470456,-16.48514233394374
2020,FH2C,F,HC,0.118299859381757,-25.577867487930746,9.0957216580656,34.673589145996345
2019,HHM,H,HM,0.400867238019815,-2.996004661228568,5.422132512069254,8.418137173297822
2019,SLM,S,LM,0.270659385957893,3.003995338771432,5.422132512069254,2.418137173297822
2018,FH2C,F,HC,0.348149924758402,-7.178957882470456,1.003995338771432,8.182953221241888
2018,MHM,M,HM,0.384195063642034,12.821042117529544,23.003995338771432,10.182953221241888
2017,HLC,H,LC,0.129506571643131,0.30618445147328543,-23.178957882470456,-23.48514233394374
2019,OLM,O,LM,0.223059633359896,2.003995338771432,0.42213251206925406,-1.581862826702178
2018,TLM,T,LM,0.334860299697566,-1.1789578824704563,-11.996004661228568,-10.817046778758112
2019,NLM,N,LM,0.237156188698474,-4.996004661228568,0.42213251206925406,5.418137173297822
2017,OLM,O,LM,0.0574803138588516,-27.693815548526715,-0.1789578824704563,27.51485766605626
2018,BHM,B,HM,0.419835087501435,-8.178957882470456,-18.996004661228568,-10.817046778758112
2020,D2H2C,D,HC,0.0658944997373776,-10.577867487930746,1.0957216580655995,11.673589145996345
2020,SHC,S,HC,0.38635324846707,-11.577867487930746,-6.9042783419344005,4.6735891459963455
2018,D3H2C,D,HC,0.178644718583093,-6.178957882470456,6.003995338771432,12.182953221241888
2020,OLM,O,LM,0.383605727983852,1.422132512069254,12.0957216580656,10.673589145996345
2018,D3H2C,D,HC,0.318128224087814,-4.178957882470456,-1.996004661228568,2.1829532212418883
2017,GHC,G,HC,0.0915163469331273,24.306184451473285,-6.178957882470456,-30.48514233394374
2020,GLC,G,LC,0.245754324156918,-5.577867487930746,-10.9042783419344,-5.3264108540036545
2019,D6H2C,D,HC,0.339087748678038,-16.996004661228568,-7.577867487930746,9.418137173297822
2019,AHM,A,HM,0.0726101730496465,1.003995338771432,0.42213251206925406,-0.5818628267021779
2017,FHC,F,HC,0.262978951283136,22.306184451473285,-12.178957882470456,-34.48514233394374
2019,GLC,G,LC,0.24450509177234,2.003995338771432,2.422132512069254,0.4181371732978221
2018,ALM,A,LM,0.557804269060161,-7.178957882470456,3.003995338771432,10.182953221241888
2020,SHC,S,HC,0.357234823962171,-11.577867487930746,0.09572165806559951,11.673589145996345
2018,GLC,G,LC,0.0173889471679032,37.821042117529544,-9.996004661228568,-47.81704677875811
2017,AHC,A,HC,0.0753990666443842,-27.693815548526715,-14.178957882470456,13.514857666056258
2018,GLM,G,LM,0.134376854848638,5.821042117529544,-4.996004661228568,-10.817046778758112
2020,FLC,F,LC,0.218490508276563,1.422132512069254,4.0957216580655995,2.6735891459963455
2020,D7H2C,D,HC,0.43099549812163,5.422132512069254,8.0957216580656,2.6735891459963455
2020,SHM,S,HM,0.238991846367472,-26.577867487930746,12.0957216580656,38.673589145996345
2018,OLC,O,LC,0.219373742797036,0.8210421175295437,11.003995338771432,10.182953221241888
2020,D7H2C,D,HC,0.185915367396374,6.422132512069254,-11.9042783419344,-18.326410854003655
2020,HHM,H,HM,0.188531890315274,-21.577867487930746,-23.9042783419344,-2.3264108540036545
2019,BHC,B,HC,0.296643424275464,-0.996004661228568,-5.577867487930746,-4.581862826702178
2017,GHM,G,HM,0.355603689293428,7.306184451473285,4.821042117529544,-2.4851423339437417
2020,MHM,M,HM,0.187062630572885,-1.577867487930746,20.0957216580656,21.673589145996345
2018,ALM,A,LM,0.325378659349006,-13.178957882470456,14.003995338771432,27.18295322124189
2018,AHM,A,HM,0.399093924618625,4.821042117529544,-4.996004661228568,-9.817046778758112
2018,D7H2C,D,HC,0.162119767889847,-30.178957882470456,37.00399533877143,67.18295322124189
2019,HLC,H,LC,0.301916174236277,13.003995338771432,8.422132512069254,-4.581862826702178
2020,D8H2C,D,HC,0.136266073681585,-8.577867487930746,-24.9042783419344,-16.326410854003655
2020,HHC,H,HC,0.452337189576393,4.422132512069254,15.0957216580656,10.673589145996345
2019,THM,T,HM,0.0164629857344845,-1.996004661228568,6.422132512069254,8.418137173297822
2019,D9H2C,D,HC,0.243357257355948,-14.996004661228568,-12.577867487930746,2.418137173297822
2017,BLC,B,LC,0.141983582040754,-3.6938155485267146,-1.1789578824704563,2.5148576660562583
2017,DLC,D,LC,0.211770744292626,7.306184451473285,-5.178957882470456,-12.485142333943742
2019,BHM,B,HM,0.103719942386536,7.003995338771432,-16.577867487930746,-23.581862826702178
2018,OHC,O,HC,0.409342328637645,18.821042117529544,7.003995338771432,-11.817046778758112
2019,D8H2C,D,HC,0.240209696747041,4.003995338771432,6.422132512069254,2.418137173297822
2019,DLM,D,LM,0.32029514550419,-8.996004661228568,18.422132512069254,27.418137173297822
2020,THM,T,HM,0.212463859334096,3.422132512069254,2.0957216580655995,-1.3264108540036545
2019,BHM,B,HM,0.279705567093706,21.003995338771432,-5.577867487930746,-26.581862826702178
2020,D7H2C,D,HC,0.16609124437347,-4.577867487930746,12.0957216580656,16.673589145996345
2017,AHM,A,HM,0.0937130186196151,-5.693815548526715,-7.178957882470456,-1.4851423339437417
2019,AHM,A,HM,0.168000355533918,33.00399533877143,-1.577867487930746,-34.58186282670218
2018,SHC,S,HC,0.4100001679794,-7.178957882470456,-1.996004661228568,5.182953221241888
2019,BHC,B,HC,0.32542577251182,5.003995338771432,-5.577867487930746,-10.581862826702178
2020,BHM,B,HM,0.396731247430337,4.422132512069254,1.0957216580655995,-3.3264108540036545
2018,GHM,G,HM,0.312424495396536,4.821042117529544,-21.996004661228568,-26.81704677875811
2017,ALC,A,LC,0.319156364664443,-8.693815548526715,-9.178957882470456,-0.48514233394374173
2017,GLM,G,LM,0.283891081789618,-0.6938155485267146,7.821042117529544,8.514857666056258
2019,JHC,J,HC,0.261260033034794,-15.996004661228568,-1.577867487930746,14.418137173297822
2017,HHC,H,HC,0.185167638349094,-3.6938155485267146,-1.1789578824704563,2.5148576660562583
2020,GHM,G,HM,0.0642341351128406,-10.577867487930746,6.0957216580655995,16.673589145996345
2020,AHM,A,HM,0.327755639501601,1.422132512069254,-6.9042783419344005,-8.326410854003655
2017,MHC,M,HC,0.393059704622806,-2.6938155485267146,-17.178957882470456,-14.485142333943742
2018,D3H2C,D,HC,0.518330465013712,0.8210421175295437,-3.996004661228568,-4.817046778758112
2020,NHM,N,HM,0.453922225242948,-3.577867487930746,5.0957216580655995,8.673589145996345
2020,ALM,A,LM,0.329513978507024,-4.577867487930746,-5.9042783419344005,-1.3264108540036545
2019,OHC,O,HC,0.558158117867466,-1.996004661228568,-11.577867487930746,-9.581862826702178
2017,GLM,G,LM,0.177972281282244,8.306184451473285,8.821042117529544,0.5148576660562583
2019,D3H2C,D,HC,0.589394693247435,8.003995338771432,-9.577867487930746,-17.581862826702178
2019,OLC,O,LC,0.144112522033836,-4.996004661228568,-11.577867487930746,-6.581862826702178
2018,FHM,F,HM,0.0608160674614682,-0.1789578824704563,8.003995338771432,8.182953221241888
2020,OLM,O,LM,0.317933220575266,-9.577867487930746,-11.9042783419344,-2.3264108540036545
2017,OLC,O,LC,0.34815206170504,25.306184451473285,-5.178957882470456,-30.48514233394374
2019,MHC,M,HC,0.323527238482123,5.003995338771432,0.42213251206925406,-4.581862826702178
2018,MLM,M,LM,0.0365424988847545,-0.1789578824704563,-4.996004661228568,-4.817046778758112
2020,MLM,M,LM,0.36653806623007,-11.577867487930746,-6.9042783419344005,4.6735891459963455
2018,DHC,D,HC,0.523374931459891,-9.178957882470456,-8.996004661228568,0.1829532212418883
2018,NHM,N,HM,0.355135609122915,-11.178957882470456,-22.996004661228568,-11.817046778758112
2019,D7H2C,D,HC,0.165289637598911,-19.996004661228568,-5.577867487930746,14.418137173297822
2020,ALM,A,LM,0.253721450934209,-0.5778674879307459,12.0957216580656,12.673589145996345
2019,HLM,H,LM,0.333141849425728,-5.996004661228568,8.422132512069254,14.418137173297822
2019,AHC,A,HC,0.203078027581478,16.003995338771432,-17.577867487930746,-33.58186282670218
2019,OLM,O,LM,0.140758172442519,-10.996004661228568,6.422132512069254,17.418137173297822
2019,D1H2C,D,HC,0.338520144383338,4.003995338771432,12.422132512069254,8.418137173297822
2020,FHC,F,HC,0.201624733676675,-14.577867487930746,-4.9042783419344005,9.673589145996345
2020,HHC,H,HC,0.470157067619022,-4.577867487930746,0.09572165806559951,4.6735891459963455
2020,MHM,M,HM,0.303204791620445,-13.577867487930746,3.0957216580655995,16.673589145996345
2017,FHC,F,HC,0.253506644685412,2.3061844514732854,-9.178957882470456,-11.485142333943742
2020,BHC,B,HC,0.237679873185336,-6.577867487930746,5.0957216580655995,11.673589145996345
2017,OHC,O,HC,0.237554686793008,0.30618445147328543,-10.178957882470456,-10.485142333943742
2018,MHM,M,HM,0.294647963814025,-7.178957882470456,1.003995338771432,8.182953221241888
2020,HHM,H,HM,0.20422333678101,-0.5778674879307459,32.0957216580656,32.673589145996345
2018,FHM,F,HM,0.309617223515622,-16.178957882470456,31.003995338771432,47.18295322124189
2019,D1H2C,D,HC,0.325629908846683,-2.996004661228568,-5.577867487930746,-2.581862826702178
2017,BH2C,B,HC,0.143168621090817,3.3061844514732854,-13.178957882470456,-16.48514233394374
2019,DLC,D,LC,0.126708487367872,15.003995338771432,-13.577867487930746,-28.581862826702178
2019,BH2C,B,HC,0.448666098533118,-4.996004661228568,-2.577867487930746,2.418137173297822
2017,D7H2C,D,HC,0.316862917592121,8.306184451473285,4.821042117529544,-3.4851423339437417
2020,D8H2C,D,HC,0.180131347638841,7.422132512069254,-36.9042783419344,-44.326410854003655
2018,MHC,M,HC,0.0539553104430825,48.821042117529544,7.003995338771432,-41.81704677875811
2018,THC,T,HC,0.219410503588272,-1.1789578824704563,-2.996004661228568,-1.8170467787581117
2019,D7H2C,D,HC,0.320932610518406,-22.996004661228568,18.422132512069254,41.41813717329782
2020,SHM,S,HM,0.227632106559498,0.42213251206925406,-9.9042783419344,-10.326410854003655
2017,GLC,G,LC,0.312442210220333,4.306184451473285,-6.178957882470456,-10.485142333943742
2018,D8H2C,D,HC,0.172473828675975,9.821042117529544,38.00399533877143,28.18295322124189
2019,OLM,O,LM,0.611825486588129,8.003995338771432,-3.577867487930746,-11.581862826702178
2017,NHM,N,HM,0.236470250651014,-5.693815548526715,-13.178957882470456,-7.485142333943742
2018,D1H2C,D,HC,0.27318865214047,-13.178957882470456,13.003995338771432,26.18295322124189
2017,BH2C,B,HC,0.373543787972419,-0.6938155485267146,7.821042117529544,8.514857666056258
2018,MHM,M,HM,0.351502472626695,-9.178957882470456,-10.996004661228568,-1.8170467787581117
2017,BLM,B,LM,0.393363720708422,0.30618445147328543,-9.178957882470456,-9.485142333943742
2018,SLC,S,LC,0.606633463120221,5.821042117529544,-4.996004661228568,-10.817046778758112
2019,SLM,S,LM,0.291218657743835,1.003995338771432,1.422132512069254,0.4181371732978221
2019,MLM,M,LM,0.293079676645215,-13.996004661228568,-0.5778674879307459,13.418137173297822
2018,MHM,M,HM,0.161899261887853,16.821042117529544,-0.996004661228568,-17.81704677875811
2018,OLM,O,LM,0.219319869708738,4.821042117529544,-10.996004661228568,-15.817046778758112
2017,TLM,T,LM,0.113858822840189,10.306184451473285,3.8210421175295437,-6.485142333943742
2017,TLC,T,LC,0.368468095949428,27.306184451473285,-1.1789578824704563,-28.48514233394374
2019,GHM,G,HM,0.305584248780042,1.003995338771432,-9.577867487930746,-10.581862826702178
2020,DLC,D,LC,0.138679648337705,38.422132512069254,8.0957216580656,-30.326410854003655
2018,MHC,M,HC,0.378607707877698,-8.178957882470456,0.003995338771431989,8.182953221241888
2017,OHC,O,HC,-0.00531083772628138,2.3061844514732854,5.821042117529544,3.5148576660562583
2018,JLM,J,LM,0.20227701652092,-7.178957882470456,32.00399533877143,39.18295322124189
2018,JLM,J,LM,0.200756735138581,-19.178957882470456,1.003995338771432,20.18295322124189
2018,GHM,G,HM,0.433381134358382,-1.1789578824704563,-10.996004661228568,-9.817046778758112
2020,JHM,J,HM,0.263770337859299,-12.577867487930746,29.0957216580656,41.673589145996345
2019,FHM,F,HM,0.205952785461774,-7.996004661228568,-1.577867487930746,6.418137173297822
2017,SHC,S,HC,0.206392612868071,-2.6938155485267146,-7.178957882470456,-4.485142333943742
2017,OLM,O,LM,0.138876734276094,-11.693815548526715,-8.178957882470456,3.5148576660562583
2020,JHM,J,HM,0.308805417904094,-4.577867487930746,7.0957216580655995,11.673589145996345
2017,DLC,D,LC,0.214251046676712,2.3061844514732854,-6.178957882470456,-8.485142333943742
2019,BHM,B,HM,0.143639517801934,-2.996004661228568,-16.577867487930746,-13.581862826702178
2017,DLM,D,LM,0.369604290664685,-11.693815548526715,-0.1789578824704563,11.514857666056258
2018,BLM,B,LM,0.535649435654374,-2.1789578824704563,-8.996004661228568,-6.817046778758112
2020,GHC,G,HC,0.32695486124871,-2.577867487930746,-42.9042783419344,-40.326410854003655
2019,ALC,A,LC,0.235799032326328,-4.996004661228568,-1.577867487930746,3.418137173297822
2017,DLC,D,LC,0.0847840931899742,0.30618445147328543,4.821042117529544,4.514857666056258
2017,ALM,A,LM,0.382359024734601,6.306184451473285,3.8210421175295437,-2.4851423339437417
2018,SLM,S,LM,-0.0028601115325515,-15.178957882470456,8.003995338771432,23.18295322124189
2019,OHM,O,HM,0.307434132843871,18.003995338771432,-5.577867487930746,-23.581862826702178
2018,D3H2C,D,HC,0.249963186105519,-0.1789578824704563,-27.996004661228568,-27.81704677875811
2018,DLC,D,LC,0.252925993945189,-12.178957882470456,-0.996004661228568,11.182953221241888
2018,HHM,H,HM,0.359586069130682,-6.178957882470456,-6.996004661228568,-0.8170467787581117
2020,MLC,M,LC,0.140989466263358,0.42213251206925406,0.09572165806559951,-0.32641085400365455
2020,JLM,J,LM,0.54123202607382,-11.577867487930746,0.09572165806559951,11.673589145996345
2018,OLC,O,LC,0.0137129170807515,46.821042117529544,44.00399533877143,-2.8170467787581117
2017,DHC,D,HC,0.164242087197401,-15.693815548526715,-7.178957882470456,8.514857666056258
2019,D1H2C,D,HC,0.2903079956797,-21.996004661228568,-2.577867487930746,19.418137173297822
2017,NHC,N,HC,0.0369912416034139,-19.693815548526715,17.821042117529544,37.51485766605626
2017,SHM,S,HM,0.099775069296721,1.3061844514732854,0.8210421175295437,-0.48514233394374173
2018,SHC,S,HC,0.0678328438060877,12.821042117529544,-6.996004661228568,-19.81704677875811
2018,OLC,O,LC,0.0900558887804543,-13.178957882470456,19.003995338771432,32.18295322124189
2020,D7H2C,D,HC,0.247203093936596,-5.577867487930746,8.0957216580656,13.673589145996345
2018,D8H2C,D,HC,0.385075450649594,16.821042117529544,13.003995338771432,-3.8170467787581117
2019,BH2C,B,HC,0.431758571605325,3.003995338771432,-11.577867487930746,-14.581862826702178
2017,HHM,H,HM,0.276094888569021,6.306184451473285,-7.178957882470456,-13.485142333943742
2020,NHM,N,HM,0.00793026942444608,40.422132512069254,1.0957216580655995,-39.326410854003655
2020,HHM,H,HM,0.213066469376539,-5.577867487930746,2.0957216580655995,7.6735891459963455
2020,OLC,O,LC,0.487880031639804,3.422132512069254,3.0957216580655995,-0.32641085400365455
2020,DLM,D,LM,0.104415008906154,6.422132512069254,3.0957216580655995,-3.3264108540036545
2019,GHM,G,HM,0.511193640420352,-4.996004661228568,-10.577867487930746,-5.581862826702178
2020,AHM,A,HM,0.356712213892487,-4.577867487930746,-10.9042783419344,-6.3264108540036545
2020,MHM,M,HM,-0.00629523932968046,-21.577867487930746,30.0957216580656,51.673589145996345
2018,BHC,B,HC,0.356370905148676,0.8210421175295437,-2.996004661228568,-3.8170467787581117
2017,MLM,M,LM,0.412780499247347,1.3061844514732854,4.821042117529544,3.5148576660562583
2020,FHC,F,HC,0.303504434444959,20.422132512069254,2.0957216580655995,-18.326410854003655
2018,HHC,H,HC,0.161417549271409,-5.178957882470456,-2.996004661228568,2.1829532212418883
2017,NHC,N,HC,0.13796316410109,-9.693815548526715,-6.178957882470456,3.5148576660562583
2017,MLM,M,LM,0.180765061033061,-13.693815548526715,-1.1789578824704563,12.514857666056258
2017,MHM,M,HM,0.31366298970354,-16.693815548526715,5.821042117529544,22.51485766605626
2020,D4H2C,D,HC,0.4132653666722,7.422132512069254,-17.9042783419344,-25.326410854003655
2019,D4H2C,D,HC,0.304354289143079,2.003995338771432,8.422132512069254,6.418137173297822
2017,OHC,O,HC,0.231354295856894,-11.693815548526715,37.821042117529544,49.51485766605626
2018,D7H2C,D,HC,0.263456177266414,-18.178957882470456,22.003995338771432,40.18295322124189
2020,JLC,J,LC,0.0623294037536772,0.42213251206925406,8.0957216580656,7.6735891459963455
2017,MHC,M,HC,0.224971390259014,-21.693815548526715,-1.1789578824704563,20.51485766605626
2017,GLM,G,LM,0.27869142844228,6.306184451473285,3.8210421175295437,-2.4851423339437417
2017,GHM,G,HM,0.18635356262949,7.306184451473285,-8.178957882470456,-15.485142333943742
2019,ALM,A,LM,0.371598046646707,14.003995338771432,-11.577867487930746,-25.581862826702178
2019,D8H2C,D,HC,0.197405969248162,21.003995338771432,43.422132512069254,22.418137173297822
2017,BLM,B,LM,0.311033069474277,-13.693815548526715,0.8210421175295437,14.514857666056258
