plot,years,condition,outbreak,herbi,shift,shift_herbi
HHM,2020-2021,HM,0.0,0.144022597679701,-0.0660658183124261,-0.0467616973362784
NLC,2017-2018,LC,0.0,-0.000683525416858677,0.016591184470989,0.506117005121296
JLC,2017-2018,LC,0.0,0.261093368068898,-0.179265045779654,-0.015791613876068
SHM,2020-2021,HM,0.0,0.214479444975842,-0.48843922349709,0.354512438482523
DHC,2018-2019,HC,1.0,0.230339811063755,0.307931240697091,0.163888887917809
BHM,2018-2019,HM,0.0,0.218386332506586,0.356426585526502,0.019537914030594
HLM,2018-2019,LM,0.0,0.18069174007795,0.00510226791433999,-0.060781292902717
GLM,2017-2018,LM,0.0,0.288970957930425,-0.165749035657853,0.131104984603348
NLM,2020-2021,LM,0.0,0.0717047336328351,-0.355368992585234,0.52091576005834
NHM,2017-2018,HM,0.0,0.15800239616926,0.233357339184948,-0.17077087894815
ALM,2020-2021,LM,0.0,0.145728137195307,0.25005296243457,-0.017616575964787
NLC,2020-2021,LC,0.0,0.132516172906293,0.16590008904925,0.23744714737224
SLM,2019-2020,LM,0.0,0.279014818958938,0.144444064275967,-0.1661766097843
OHM,2017-2018,HM,0.0,0.295552091452502,0.0355795716529002,-0.081974733876186
D1,2019-2020,HC,1.0,0.276665329173102,-0.455116610990348,0.020449335945336
FLM,2019-2020,LM,0.0,0.32051519624713,-0.0409381262140061,-0.15639666443276
BLC,2017-2018,LC,0.0,0.0790877057552801,0.41329854604308,0.36230476334423
BLM,2017-2018,LM,0.0,0.187899122588091,-0.050815244969341,-0.205065391176571
OHC,2017-2018,HC,1.0,0.576742601600675,-0.20986252434335,-0.33094206678855
HHM,2018-2019,HM,0.0,0.542576907907154,-0.17106285478472,-0.474818264468227
JLM,2018-2019,LM,0.0,-0.00705423081785361,0.0522786241633,0.26823042592601
OLC,2019-2020,LC,0.0,-0.0115525218393118,0.411167384282308,0.280988390370675
D8,2019-2020,HC,1.0,0.230035215716236,-0.177005941416238,-0.18174875950864
JLC,2017-2018,LC,0.0,0.343609846029294,0.0504653446279941,0.142511889196296
GLC,2019-2020,LC,0.0,0.293504333618817,0.25402692024496,-0.099036818023371
THM,2017-2018,HM,0.0,0.300115008887077,-0.3279773917228,0.050574079915309
OLC,2020-2021,LC,0.0,0.294963493928315,0.301400916280918,0.162100720730066
JLM,2020-2021,LM,0.0,0.355611029541791,-0.166298746768666,-0.306370234922628
FHC,2020-2021,HC,1.0,0.288427295610918,-0.325013207433778,-0.195991202122942
SLM,2019-2020,LM,0.0,0.26819007453559,-0.307224762349651,-0.06211930624121
THC,2018-2019,HC,1.0,0.291415924403631,0.12245363173708,0.00383493969660698
HHM,2018-2019,HM,0.0,0.215908909836719,0.285138689881865,0.026366434223314
BLM,2019-2020,LM,0.0,0.215958521032313,0.20719320913278,0.2915622989654
D1,2019-2020,HC,1.0,0.155586146818893,0.28863327204012,0.155232653176682
FHM,2018-2019,HM,0.0,0.613058884959156,-0.0531353485668702,-0.408463098432662
D6,2020-2021,HC,1.0,0.477451252349171,-0.21062217724865,-0.335827897392174
HHC,2017-2018,HC,1.0,0.0640642879388944,0.0737202694755689,0.370398575746575
GHC,2020-2021,HC,1.0,0.373362652396164,-0.451212973494662,-0.277747068891442
F1,2020-2021,HC,1.0,0.136458634856901,-0.263610572402897,-0.027550784625808
MLC,2017-2018,LC,0.0,0.187452569409585,0.340153527122306,0.113931524745008
FHM,2020-2021,HM,0.0,0.154608256395357,0.00517427309238006,0.090773521099104
FLC,2019-2020,LC,0.0,0.277808052044029,0.153958247537343,-0.28235114984871
GHC,2018-2019,HC,1.0,0.300656621058322,0.01828389996659,-0.31079209224747
FHM,2018-2019,HM,0.0,0.0282195390026809,0.395875953989604,0.155232755756935
MHM,2017-2018,HM,0.0,0.248349651099166,-0.617627091655919,0.044583888429412
HHC,2018-2019,HC,1.0,0.415158072812273,-0.01768359150949,0.108512216258775
GHM,2020-2021,HM,0.0,0.367177692738348,-0.29115184338602,-0.176992134776755
SLM,2018-2019,LM,0.0,-0.00912315434005939,0.603679895761568,-0.0281281915654907
NHM,2017-2018,HM,0.0,0.0565147313957854,-0.056027153557245,0.310118273194718
OHC,2017-2018,HC,1.0,0.429982172355936,0.145453427076616,0.037643473990663
D1,2018-2019,HC,1.0,0.263807488270391,-0.357886643030706,0.00614945656689497
NHC,2017-2018,HC,1.0,0.386710654569073,0.640653701044577,-0.097843508534768
MHC,2018-2019,HC,1.0,0.272892242035606,-0.115452395674633,0.103041537429757
GHM,2018-2019,HM,0.0,0.23518807479198,-0.14411011533974,-0.083234732262515
D8,2019-2020,HC,1.0,0.538736166853237,-0.469949628564668,-0.324990881630802
DLC,2018-2019,LC,0.0,0.0747925922310881,0.0977765420759459,0.204575828637124
D5,2020-2021,HC,1.0,0.142361451800325,0.10518179475791,-0.0798938049631611
AHM,2017-2018,HM,0.0,0.111572206358767,0.21708686995564,0.122093608064281
NHM,2020-2021,HM,0.0,0.0473375941616918,-0.196958355498764,-0.0228241185665245
AHC,2019-2020,HC,1.0,0.3697200123222,-0.09399117052813,-0.308951724890311
SHC,2019-2020,HC,1.0,0.581959050119803,-0.0987423562888698,-0.336262805603737
SLM,2017-2018,LM,0.0,-0.00426478557137266,0.064545092366766,0.166393984216093
D1,2018-2019,HC,1.0,0.422855577813799,-0.0331144372096399,-0.100374226101308
OLM,2017-2018,LM,0.0,0.0844739716603513,0.07168871535985,0.134845898048387
GHM,2019-2020,HM,0.0,-0.0148367397745293,-0.188850801015606,0.42486328066575
OLC,2018-2019,LC,0.0,0.105568036932816,0.149457384418716,0.01603256211336
THM,2020-2021,HM,0.0,0.0832638334210836,0.0030422920345099,0.0252222574131844
THC,2019-2020,HC,1.0,0.360188520846981,-0.23287255195832,-0.240541673780064
THM,2019-2020,HM,0.0,0.104298044118143,0.319666678917634,0.501281385740653
MHM,2018-2019,HM,0.0,0.176365878852369,0.295240536300048,-0.069357556089182
MLC,2019-2020,LC,0.0,0.231277794351057,-0.0292050740565499,0.021601048591378
D9,2017-2018,HC,1.0,0.158475325803949,0.067039053896338,-0.026813792754827
OLM,2020-2021,LM,0.0,0.202847067525477,-0.103328374466408,-0.042759529758414
FHC,2017-2018,HC,1.0,0.212794432960798,0.046137308557645,0.09739434012741
AHM,2017-2018,HM,0.0,0.239908499215306,-0.0342958044369099,0.347347407637454
BLC,2020-2021,LC,0.0,0.163283753615173,-0.16297683492505,-0.007305928739512
JHM,2018-2019,HM,0.0,0.197212374966394,-0.15691890592617,-0.03448201379381
GLC,2020-2021,LC,0.0,0.438310316014889,-0.235491583828753,-0.191615221093452
OLM,2018-2019,LM,0.0,0.087532552982037,-0.167167060304348,0.235189839451894
OLM,2017-2018,LM,0.0,0.0885549463874391,0.335191594908337,0.441929963693968
JLM,2018-2019,LM,0.0,0.338266092490669,0.0567026659525149,-0.271713343390726
NHM,2017-2018,HM,0.0,0.54521184870189,-0.00379299021926993,-0.360366094741622
D1,2018-2019,HC,1.0,0.0447182774192143,-0.210066174873672,0.221693377400091
FHM,2018-2019,HM,0.0,0.337297243424948,-0.444106514305537,0.014172479612476
BHM,2019-2020,HM,0.0,0.423928201651948,-0.15890828573556,0.025155644616681
HHC,2020-2021,HC,1.0,0.290051332141238,0.03941577831271,0.052203517684627
TLC,2020-2021,LC,0.0,0.150844996256818,-0.316765810660129,0.044427707829952
MHM,2018-2019,HM,0.0,0.217551010634282,0.05518998668765,0.078953224364482
MLM,2017-2018,LM,0.0,0.310104517135761,0.555510265786789,-0.075849634418577
MLC,2018-2019,LC,0.0,0.148907410183427,0.0975093799642889,0.241700095006976
GLC,2018-2019,LC,0.0,0.361969659624812,0.0994075364709999,-0.066381086014262
THC,2017-2018,HC,1.0,0.409795096326257,-0.0750014371475811,-0.119014424122125
AHC,2020-2021,HC,1.0,0.270466785521301,-0.1007077363386,-0.030297250699592
DLC,2018-2019,LC,0.0,0.271266699637563,0.19033478647608,-0.268121101831319
FHC,2020-2021,HC,1.0,0.198194796723447,-0.197601213024656,-0.020209491564751
DLC,2020-2021,LC,0.0,0.312375487986696,0.0776744220516971,-0.238139164870642
JHM,2020-2021,HM,0.0,0.287365729446356,-0.06711896190868,-0.05006340236611
FHC,2017-2018,HC,1.0,0.113781796241765,-0.086188650915326,0.11984093095359
D8,2019-2020,HC,1.0,0.454926864605076,0.110890114869619,-0.186824741402864
HHC,2020-2021,HC,1.0,0.254897969376305,0.11124300129244,-0.000679225165258979
D2,2017-2018,HC,1.0,0.355408669224383,-0.346763368809395,-0.1836204960065
SHM,2019-2020,HM,0.0,0.198983589385765,-0.12616489641126,0.405738109074733
NHM,2020-2021,HM,0.0,0.212363884823663,-0.0388718013017499,0.082632070923396
BHM,2018-2019,HM,0.0,0.13152292407451,-0.059265344611762,0.061007933275767
MLM,2017-2018,LM,0.0,0.336549220270722,-0.17275158527151,-0.088675196502578
AHC,2019-2020,HC,1.0,0.509470356924272,-0.233871426497312,-0.133930626263288
D1,2018-2019,HC,1.0,0.171777652576346,-0.0615226115327601,0.055949801827296
DLM,2018-2019,LM,0.0,-0.00217413399134525,0.130343109799124,0.396226185000499
HHM,2020-2021,HM,0.0,0.0131260961730357,0.0141613405221921,0.130728384986885
DLM,2020-2021,LM,0.0,0.0431726460868367,0.091001761922028,0.119848048028361
GLM,2019-2020,LM,0.0,0.277097039233965,0.0851155608602601,0.076251730876944
HHM,2018-2019,HM,0.0,0.459092983212867,0.03085856917348,-0.099320740768293
DLC,2020-2021,LC,0.0,0.14872492232522,-0.073162648050937,-0.025657889160802
SHM,2018-2019,HM,0.0,0.253031851459628,0.0158697155246199,0.047820807249145
GLM,2020-2021,LM,0.0,0.410383886986297,0.09589091342629,-0.110000472772143
MHC,2020-2021,HC,1.0,0.39473623606521,-0.07647163683063,-0.164156542974653
DLC,2017-2018,LC,0.0,0.232570814637393,0.15143854103433,0.139393187844088
JLM,2018-2019,LM,0.0,0.214722840490772,-0.16344458255104,0.087604864542936
D9,2020-2021,HC,1.0,0.547957400846548,0.152845789282459,-0.127844584122093
BLC,2017-2018,LC,0.0,0.11366532707588,-0.0179889467498902,0.330659751700511
F1,2020-2021,HC,1.0,0.176351896582349,0.05828265084903,0.084458616541249
NLM,2018-2019,LM,0.0,0.143210914027702,-0.0370161048264102,0.141961520257644
D9,2018-2019,HC,1.0,0.1248440761436,0.299239609324646,0.229746456322446
DLM,2018-2019,LM,0.0,0.743984922514114,0.04602383393709,-0.507857211498896
DHC,2017-2018,HC,1.0,0.420458525793256,0.01780798374306,-0.00252958319610597
FLM,2018-2019,LM,0.0,0.215436337604505,0.0419503530824201,-0.034570365595733
MHC,2019-2020,HC,1.0,0.176960378840184,-0.300943955167141,-0.00388455885221201
OHM,2020-2021,HM,0.0,0.388986146429018,0.13988831184651,-0.297060167343245
NLM,2018-2019,LM,0.0,0.00877161799941861,-0.15991952333582,0.360666658328254
FLC,2018-2019,LC,0.0,0.413433424475217,-0.212682661374963,-0.011220312558
JLC,2020-2021,LC,0.0,0.0939243318561787,0.29369460565792,0.192437334169408
OLM,2019-2020,LM,0.0,0.0214162573649996,0.26250846217313,0.368143782649461
D8,2018-2019,HC,1.0,0.863555684593866,-0.60968184165883,-0.473320857264924
HLM,2020-2021,LM,0.0,0.0392078654825139,0.220510710970833,0.0674273168666861
BHC,2019-2020,HC,1.0,0.211065000165884,-0.105982091871487,0.012950997989702
GLC,2017-2018,LC,0.0,0.16319316995062,-0.256910292454894,-0.177129178255397
DLC,2018-2019,LC,0.0,0.250195195227255,0.137206853490137,-0.218063119918739
GLM,2017-2018,LM,0.0,0.395999116391996,-0.105340636118219,-0.273927335050928
BHC,2018-2019,HC,1.0,0.147005068491657,0.12309657210666,0.223896491053941
SHM,2020-2021,HM,0.0,0.357935621351794,0.13851761228494,-0.200420301763709
GLC,2019-2020,LC,0.0,0.226100058433396,0.145265677511629,0.055475177210466
SHC,2019-2020,HC,1.0,0.479838569158921,-0.235794494835508,-0.107975598611756
ALC,2018-2019,LC,0.0,0.20527959488252,0.453818176696866,-0.061340427926816
SHC,2020-2021,HC,1.0,0.134956662739852,-0.18104498487681,-0.0428048817578055
MLM,2019-2020,LM,0.0,0.373369996085366,0.12310699569773,-0.15134377670941
HHM,2019-2020,HM,0.0,0.270874296107717,0.0801110297277559,-0.218297683357293
MLM,2019-2020,LM,0.0,0.383382485485855,-0.12660895489677,-0.228591621325741
D8,2018-2019,HC,1.0,0.283420285378696,-0.015156040312535,0.043354591691548
MHM,2018-2019,HM,0.0,0.178985799772981,-0.113242340672708,0.097453588827687
HHM,2018-2019,HM,0.0,0.238663533361545,-0.18910247863002,-0.154121569552254
GLM,2017-2018,LM,0.0,0.495734266203113,0.0571430605868121,-0.101917882918358
OHC,2019-2020,HC,1.0,0.192888802021016,0.11005548255409,0.145281406921459
OLM,2019-2020,LM,0.0,0.105387320700755,-0.0757072513299799,0.09846787786658
OHC,2017-2018,HC,1.0,0.551055646221257,-0.196490840767885,-0.200278349345646
SLM,2020-2021,LM,0.0,0.12898982638766399,0.05697938908241,0.175831276791608
ALM,2017-2018,LM,0.0,0.181113647257148,0.0977206340221399,0.071040446596097
NLC,2017-2018,LC,0.0,0.124959888142782,-0.034715893786553,0.108590343702191
MHM,2017-2018,HM,0.0,0.102898247607083,0.159669431811238,0.061955463630371
THC,2019-2020,HC,1.0,0.393911885526724,-0.405153313689741,-0.214282082179413
MLC,2017-2018,LC,0.0,0.68038352661254,0.281221677683171,-0.666466105756901
MLM,2020-2021,LM,0.0,0.290702060685263,0.0746730100939601,-0.263180021566363
ALC,2020-2021,LC,0.0,0.128582875559496,-0.138404658059314,0.070376129373247
FLC,2019-2020,LC,0.0,0.410386007426329,0.37351740754741,0.229496763490499
F1,2019-2020,HC,1.0,0.651870809004526,-0.1402726081394,-0.426754506264168
DHC,2017-2018,HC,1.0,0.281904282556995,-0.25691866808473,0.184973152067616
F1,2018-2019,HC,1.0,0.336500701509206,0.510382516087004,-0.001612355616042
D4,2018-2019,HC,1.0,0.323815644521873,0.320600265342145,-0.260929386147217
F1,2019-2020,HC,1.0,0.596655887824464,0.00252133525709985,-0.220151772154692
ALM,2019-2020,LM,0.0,0.161971676455424,-0.20739553642472,0.024300950770765
NLC,2019-2020,LC,0.0,0.520935942725866,-0.17626518079189,-0.174354652292204
AHC,2018-2019,HC,1.0,0.515031416898714,-0.00942579259682597,-0.36122250356
GHM,2019-2020,HM,0.0,0.242982924727442,-0.185563369201034,0.011049591441797
HLC,2017-2018,LC,0.0,0.186863082704792,0.086534523273825,0.071046607736761
ALC,2020-2021,LC,0.0,-0.0122143634972918,0.31927169976592,0.357005924874306
OHC,2020-2021,HC,1.0,0.360346436175861,0.592387143679268,-0.081759447424463
SHM,2017-2018,HM,0.0,0.243693294602994,0.25545701817427,-0.031468128414335
ALC,2020-2021,LC,0.0,0.217675821306053,-0.0508922579683799,0.04539583834512
SHC,2019-2020,HC,1.0,0.310923445476488,0.02419341460666,-0.201551869075473
SLC,2020-2021,LC,0.0,0.20546503050699,-0.234101064603001,-0.074631160037292
DLC,2018-2019,LC,0.0,-0.0057090563188793,-0.14826790653862,0.27033907851038
GLM,2020-2021,LM,0.0,0.273231585229767,-0.23534103475976,-0.126412625689854
HLC,2020-2021,LC,0.0,0.264732141397182,0.2839811300845,0.051124857226001
GHC,2018-2019,HC,1.0,0.210103447071473,-0.321167139030743,0.031205671923187
SHM,2017-2018,HM,0.0,0.20711774896746,0.122478614503756,0.077430068668236
OLC,2018-2019,LC,0.0,0.265844977004362,-0.40608152021704,-0.042839886954676
JHC,2019-2020,HC,1.0,0.218267198207863,-0.0771121242913521,-0.09404453490921
MLC,2017-2018,LC,0.0,0.263403723725234,-0.381325192813878,-0.11989302414588
BHM,2019-2020,HM,0.0,0.271454202900393,-0.0842326706160101,-0.127005837941666
FLC,2017-2018,LC,0.0,0.398481430186857,0.14509672202421,-0.109723854745239
OHC,2020-2021,HC,1.0,0.469376799522847,0.0826063464087201,-0.40668738039175
OHC,2020-2021,HC,1.0,0.274921094038538,-0.0828023789112899,0.059822161217175
DLC,2018-2019,LC,0.0,0.0480469911576219,0.467261594322786,0.488454734426536
OLC,2019-2020,LC,0.0,0.234782681668914,-0.439080954183687,-0.212861820898506
GHM,2020-2021,HM,0.0,0.322623588774348,0.487388447532918,-0.087398581476513
D5,2017-2018,HC,1.0,0.103922994834394,0.659224519123858,0.265359360662589
OHM,2019-2020,HM,0.0,0.278393684294219,-0.0923623562509901,-0.024508937829184
NLM,2017-2018,LM,0.0,0.229493264910285,-0.37303529306076,-0.207722859548784
TLC,2019-2020,LC,0.0,0.434185474404746,0.563455625889912,-0.186693292427263
OHM,2018-2019,HM,0.0,0.19187653239547,0.635120190571694,0.082402780910645
HHM,2020-2021,HM,0.0,0.434502314816849,-0.19074773389602,-0.442643061615692
OHM,2019-2020,HM,0.0,0.273583479305906,-0.21721666676302,0.019331096067395
D8,2019-2020,HC,1.0,0.52919542803927,-0.10041908724402,-0.370603484025455
THM,2017-2018,HM,0.0,0.272037168481389,-0.0800660259214399,0.097715513965239
MHM,2017-2018,HM,0.0,0.0787523022064114,-0.180319526158378,0.0971547079737606
MLM,2018-2019,LM,0.0,0.164128617798695,0.42440596167264,0.105665544696607
GHM,2020-2021,HM,0.0,0.382535021027721,-0.314120826220986,-0.106668258051695
MLM,2017-2018,LM,0.0,0.36267726964146,-0.146644288003243,-0.216503620846628
SHC,2019-2020,HC,1.0,0.445344949108872,0.45441823507826,-0.214519906655715
MHC,2020-2021,HC,1.0,0.150155595014636,0.45455093900532,0.249074115641533
NLC,2019-2020,LC,0.0,0.298449709436118,-0.0618183937072371,-0.157795983996948
FLM,2017-2018,LM,0.0,0.435101459042282,0.0247424562190499,-0.151626515621863
D6,2019-2020,HC,1.0,0.238400960687087,-0.15990337946982,0.036734746694822
SHM,2018-2019,HM,0.0,0.61171133299678,-0.19691107959441,-0.451839913009815
FHM,2019-2020,HM,0.0,0.240830481953711,0.165184267374889,0.04404267546387
JLC,2017-2018,LC,0.0,0.286288357273424,-0.385450402330425,-0.126165009213204
SHM,2017-2018,HM,0.0,0.254810028464007,0.0982252372669301,-0.259792583738284
MHM,2018-2019,HM,0.0,0.502760454641758,-0.128688919486641,-0.18270245519573
TLM,2020-2021,LM,0.0,0.239585188481766,0.287466271764129,-0.044233362539703
D5,2020-2021,HC,1.0,0.052670046789461,-0.11163484597992,0.359041851037801
NHC,2018-2019,HC,1.0,0.169026036656382,0.45080332359544,0.494010917728625
BLM,2018-2019,LM,0.0,0.365475899571299,0.23992475078211,-0.148933371488631
DLM,2017-2018,LM,0.0,0.129544019470349,0.164318000493727,0.313936223379705
BLC,2018-2019,LC,0.0,0.0636620217025714,-0.029597632872391,0.0790900041168986
MHC,2019-2020,HC,1.0,0.341745697092389,-0.0114048050323989,-0.142696783050564
OLM,2017-2018,LM,0.0,0.10267411023959,0.490889719928224,0.163465430969108
OLC,2017-2018,LC,0.0,0.17389678100368,-0.157498854165468,0.152937306540296
NHM,2020-2021,HM,0.0,0.282148797361921,-0.20075846317831,0.082011686665158
DHC,2019-2020,HC,1.0,0.306952177466908,0.142188536814161,0.090817644191947
D8,2020-2021,HC,1.0,0.120330799364308,0.333722538183629,-0.0696468230937041
FHM,2017-2018,HM,0.0,0.467623525844063,-0.0345237745517899,0.00414334039111997
GHC,2020-2021,HC,1.0,0.083580772096195,-0.11417564503696,0.233254640831569
SHM,2019-2020,HM,0.0,0.036559584284934,0.0966694451737602,0.229560461669541
GLM,2020-2021,LM,0.0,0.171690849836718,-0.045488763940514,-0.105133143523277
SLM,2017-2018,LM,0.0,0.0255775868814381,-0.11262837301707,0.116959137956602
GHC,2017-2018,HC,1.0,0.176271851392905,-0.49832795361313,0.145917396759996
BLC,2020-2021,LC,0.0,0.181845384877284,-0.019532596461717,-0.0825880978945592
DLC,2019-2020,LC,0.0,0.457303216395131,0.33646288631597,-0.010744956471284
GHC,2019-2020,HC,1.0,0.420719872739146,-0.01010527492047,-0.065141727239002
MLM,2017-2018,LM,0.0,0.209836364776776,-0.200508174551721,0.093156018342679
DLC,2018-2019,LC,0.0,0.401152100752818,-0.299720906484229,-0.242063937677895
NLC,2019-2020,LC,0.0,0.371851965986494,-0.322006625283874,-0.093037900967735
D8,2019-2020,HC,1.0,0.130642367646147,-0.102034834359196,0.149350896339245
FLC,2019-2020,LC,0.0,0.0827316060657973,0.194865431848031,0.0296974659783337
FLM,2018-2019,LM,0.0,0.294379314145153,-0.13718948497202,-0.064835233180238
SHC,2019-2020,HC,1.0,0.481049618702878,-0.44190860656018,-0.335097330415789
SLM,2020-2021,LM,0.0,0.178125533249578,0.21299965756287,0.165607256941776
NHM,2020-2021,HM,0.0,0.167556613018675,0.044217982804006,-0.105605904993967
DLM,2020-2021,LM,0.0,0.0668009184578522,-0.128942860827619,0.134580832901152
TLM,2017-2018,LM,0.0,0.310535498138886,0.11127418898667,0.059392839617597
OLC,2020-2021,LC,0.0,0.396162219451394,-0.180928435352447,-0.107068511158294
NHM,2018-2019,HM,0.0,0.458345311906176,0.00766560397058003,-0.354747522942299
D8,2018-2019,HC,1.0,0.249119867329312,0.116720092017157,0.190847702720388
AHC,2020-2021,HC,1.0,0.129752640912161,-0.11849314517725,0.048248042874486
JLM,2020-2021,LM,0.0,0.389664480277042,0.13101193532514,-0.256100406397392
MLM,2018-2019,LM,0.0,0.270195975273424,0.13367835590977,0.106104669204873
JHM,2019-2020,HM,0.0,0.253359829754316,0.17567218384434,0.077764962196362
NHC,2019-2020,HC,1.0,0.237183776702228,-0.271262619784156,-0.167168567844448
BLC,2019-2020,LC,0.0,-0.0163290772391085,0.016812407905654,0.288078000121607
SLC,2017-2018,LC,0.0,0.0074820752658542,0.0810691421388101,0.384569925923062
BHC,2018-2019,HC,1.0,0.548556947946552,-0.0401290374110499,-0.412613814001854
HLM,2018-2019,LM,0.0,0.434295639123246,-0.02024382179231,-0.191269024003476
DHC,2017-2018,HC,1.0,0.257118050252646,0.0505820714251399,0.083596410964956
GHC,2018-2019,HC,1.0,0.481599550855052,-0.15406592471808,-0.19125419909267
JLM,2017-2018,LM,0.0,0.246993112726515,0.259662074987079,-0.169620787870751
D1,2019-2020,HC,1.0,0.372462322462691,0.02348196588256,-0.02650071349416
GHM,2019-2020,HM,0.0,0.150396113646282,0.159707249978996,0.266105202780722
JLM,2018-2019,LM,0.0,0.0911673697780003,0.376961725031192,0.192419935666333
D1,2019-2020,HC,1.0,0.335292980611076,0.38131940608797,0.248866990293856
HHM,2018-2019,HM,0.0,0.274620939486218,0.13523775677396,0.056860593809806
HHC,2017-2018,HC,1.0,0.111234334984896,0.00697636810095703,-0.0321978655724441
FHC,2017-2018,HC,1.0,0.10210915752769,0.0351557749559199,0.318653430029411
OLM,2020-2021,LM,0.0,0.364924293202567,0.28456225416742,-0.119842517214572
FLM,2020-2021,LM,0.0,0.0494402925736432,0.169398725827645,0.150584343724614
DLM,2017-2018,LM,0.0,0.24520004399494,0.02038000065519,0.092583030754475
JLC,2018-2019,LC,0.0,0.180220118198268,0.331012407806844,-0.038722458672004
FHM,2017-2018,HM,0.0,0.483928326981667,0.30746693193089,0.00911529772708203
BLC,2017-2018,LC,0.0,0.0503015735099062,-0.16435810005876,0.151855055421524
SLC,2018-2019,LC,0.0,0.374972140580768,0.09525841615544,-0.139619590517219
FHC,2017-2018,HC,1.0,0.113159421618533,0.17249857358872,0.262139775398767
OHC,2019-2020,HC,1.0,0.419861109482585,-0.00687378934704008,-0.280501971601302
BLM,2018-2019,LM,0.0,0.241152267510019,-0.30633230746447,-0.07988422531667
FHM,2018-2019,HM,0.0,0.369587822884522,0.04503115127903,-0.150826819846211
BHC,2020-2021,HC,1.0,0.167686247256989,0.0989922402057399,0.016253607062851
DHC,2019-2020,HC,1.0,0.479121971535317,-0.02487750426169,-0.291683454348056
FLC,2018-2019,LC,0.0,0.210640569466956,0.368170649212885,-0.167059637831292
SHC,2019-2020,HC,1.0,0.137640411293615,0.375655391000959,0.271586712268792
GHM,2017-2018,HM,0.0,0.269987447730223,0.448039140448684,-0.010279411882324
OHC,2020-2021,HC,1.0,0.264810327697649,0.0565948259545701,-0.160526026140033
MHM,2019-2020,HM,0.0,0.108101456309907,0.111226115999506,0.074145918510185
MLC,2019-2020,LC,0.0,0.255115999140788,-0.0560780453660399,0.045525362633507
ALC,2019-2020,LC,0.0,0.218376668723275,0.0478820250105001,0.108082700883942
BHM,2018-2019,HM,0.0,0.161965261458528,-0.00236222604449998,0.362757217829717
MHM,2020-2021,HM,0.0,0.199309609992368,-0.11816072912349,-0.130752626673941
ALC,2019-2020,LC,0.0,0.0714094698020618,0.00106753019678596,0.369286802610686
D5,2020-2021,HC,1.0,0.524564350974702,0.223573294890212,-0.190397172701193
THM,2018-2019,HM,0.0,0.222575445706874,-0.08645567098174,-0.011080010012042
D9,2017-2018,HC,1.0,0.348691735642708,-0.176821484957736,0.051625533280307
OHC,2017-2018,HC,1.0,0.303675115348409,-0.25029588711795,-0.154702566625711
NHC,2017-2018,HC,1.0,0.315231137680219,-0.198105733446176,0.122548350788019
BLM,2020-2021,LM,0.0,0.23310742283259,0.27766257770502,0.08865665705871
HLC,2019-2020,LC,0.0,0.0140377176777511,0.016723293118889,0.0417173791496108
GLC,2018-2019,LC,0.0,0.470060093476918,-0.17907996036288,-0.103210524101547
FLC,2019-2020,LC,0.0,0.179919683947098,-0.21937562159742,-0.028513213917968
TLM,2018-2019,LM,0.0,0.220096411687367,0.02168324772914,0.220166381387909
ALM,2019-2020,LM,0.0,0.284510508150029,-0.0423256780772399,-0.129243514002791
NHM,2020-2021,HM,0.0,0.188062200458791,-0.107076261927299,0.124952934352723
DLC,2017-2018,LC,0.0,0.236264234723657,-0.694438496842298,-0.183730168999723
AHM,2020-2021,HM,0.0,0.104119590258032,0.17093858810622,0.416961146246696
JLM,2020-2021,LM,0.0,0.507323070653315,0.06435940371994,-0.365024478825204
JHM,2020-2021,HM,0.0,0.290740041150513,-0.050334795548941,-0.101501637273381
NHC,2017-2018,HC,1.0,0.386823726906152,0.07904059931894,-0.208939934980072
DLM,2017-2018,LM,0.0,0.0941414243760191,0.015921444567175,-0.049398293525657
D9,2018-2019,HC,1.0,0.191864704841364,0.07706664290671,0.113823278722453
NHC,2020-2021,HC,1.0,0.174961956354497,0.0664020721967281,-0.107234345025124
GHC,2018-2019,HC,1.0,0.332517639508735,-0.0339204225518002,0.304196946699532
D2,2020-2021,HC,1.0,0.168402475641765,0.2397976873135,0.13220755979594
NLC,2017-2018,LC,0.0,0.241804597216429,-0.074000928100873,-0.082457657672165
BHC,2018-2019,HC,1.0,0.217545069257044,0.00897090942179002,0.112026237523614
D9,2017-2018,HC,1.0,0.103352083816983,-0.034236327180745,0.258901783382108
D9,2017-2018,HC,1.0,0.205964646821095,0.0831237720133919,0.018415179092029
SHC,2019-2020,HC,1.0,0.337662733470717,0.01234500803199,-0.120196927137602
BLM,2019-2020,LM,0.0,0.0906224568764128,0.125729003197782,0.123650412870871
GLM,2017-2018,LM,0.0,0.205408830469291,0.148723672448878,0.244357353629685
FLM,2019-2020,LM,0.0,0.24582948759838,-0.135970107684017,0.103407009715946
D8,2017-2018,HC,1.0,0.311719628448217,0.083069249567781,-0.132204589406787
FHM,2018-2019,HM,0.0,0.285875351999121,0.11831911775918,-0.096234879300197
AHC,2019-2020,HC,1.0,-0.00315237518825739,0.15909415795741,0.206400284061261
AHC,2018-2019,HC,1.0,0.253414209231174,0.0408515407779,-0.153434319942367
OLM,2017-2018,LM,0.0,0.339495480407169,-0.53573112643077,-0.215847635235149
JLM,2019-2020,LM,0.0,0.126117379674851,-0.14142260518925,0.332301081432008
D5,2020-2021,HC,1.0,0.24059221449922,0.00885777435419,0.095214637787913
GHC,2019-2020,HC,1.0,0.200039784091659,-0.0193038074561019,0.010684705168298
NHC,2017-2018,HC,1.0,0.248347487277676,-0.164034674228929,-0.100046509611489
ALC,2017-2018,LC,0.0,0.0166601706662197,0.0483282829787799,0.128700301151113
JLM,2020-2021,LM,0.0,0.0397783187482825,0.060526599625106,0.18318864418966
SLC,2019-2020,LC,0.0,0.047959551228576,0.134087982102294,0.241351430419012
THC,2020-2021,HC,1.0,0.477023996760867,0.05230192151253,-0.055358445476579
HLM,2017-2018,LM,0.0,0.202001193365052,-0.329386909768179,-0.173347948512341
OHC,2017-2018,HC,1.0,0.0148742741328671,0.438466517707517,0.30287090941325
SLM,2020-2021,LM,0.0,0.232901895120646,0.212748525910517,0.061074091658544
JLC,2018-2019,LC,0.0,0.302910958563722,0.347348531081587,-0.235002048617843
B1,2017-2018,HC,1.0,0.113599623744768,0.0360062216000601,-0.02367506993338
D10,2018-2019,HC,1.0,0.244954167085842,0.12724385602423,-7.20294907239905e-05
DHC,2019-2020,HC,1.0,0.0837038704783681,0.063978758091299,0.164086195901888
DHM,2019-2020,HM,0.0,0.275576091283585,0.163444094858746,-0.00738421470456302
FLC,2018-2019,LC,0.0,0.414507140906656,0.22062076624761,-0.115640312799101
D9,2018-2019,HC,1.0,0.153151623963915,0.00657434161260007,0.216413178025195
DLM,2017-2018,LM,0.0,0.0352092896959613,0.13384953642456,0.0562264016129361
MLM,2017-2018,LM,0.0,0.161065204766888,-0.259751904953688,0.047113423748322
D1,2018-2019,HC,1.0,0.250762470133043,-0.101230058022507,0.022799253087413
FLM,2017-2018,LM,0.0,0.226984333133234,-0.384882018463679,0.056425708963149
D7,2018-2019,HC,1.0,0.019984807490762,0.076185147633463,0.47974252068933
DLC,2018-2019,LC,0.0,0.237131604653379,0.25479677954735,-0.158378571804881
MHM,2020-2021,HM,0.0,0.0868946184762671,-0.11337780115136,0.0455613560557019
MHM,2020-2021,HM,0.0,0.202719019936597,0.108964973064551,-0.050595148930064
BHM,2019-2020,HM,0.0,0.288300032054387,-0.202574805858644,0.045135543569817
OLM,2018-2019,LM,0.0,0.246881629345389,0.052959931495899,-0.030518249917052
FLC,2019-2020,LC,0.0,0.144823244816644,0.00326495730496901,0.40096144095544
FHM,2020-2021,HM,0.0,0.0814949984081066,0.26616297055706,0.186037921853895
NHM,2020-2021,HM,0.0,0.145431226702261,0.12950742824015,-0.0956508836548092
MHM,2020-2021,HM,0.0,0.236872369754201,-0.128833510193168,-0.136951219904055
GHM,2019-2020,HM,0.0,0.276019939373799,-0.0312063311370001,-0.017964626582181
BLC,2020-2021,LC,0.0,0.322360678263131,-0.22456127744734,0.04047067540076
OHM,2020-2021,HM,0.0,0.373674563984955,-0.0672187846285099,-0.291846302930547
FHM,2019-2020,HM,0.0,0.16583125218218,-0.100388299808036,0.00804939080227798
MHM,2017-2018,HM,0.0,0.126369251772111,-0.798404560745452,-0.01336191721975
D9,2017-2018,HC,1.0,0.267106815729959,-0.39764608254123,-0.126697468047922
OHM,2018-2019,HM,0.0,0.408550922552323,0.33010381839362,-0.188001730457985
HHM,2018-2019,HM,0.0,0.359586069130682,0.0790745380287399,-0.139547942105819
DLM,2017-2018,LM,0.0,0.206444103528937,-0.167746999147515,-0.107096928397661
MLC,2019-2020,LC,0.0,0.152059365784846,-0.160248349805064,0.00913592092426199
NLM,2020-2021,LM,0.0,-0.0167976737607687,-0.0350648404875601,0.169607196729599
SLC,2019-2020,LC,0.0,0.00518460724018355,-0.1444070938067,0.326989725704573
DHM,2017-2018,HM,0.0,0.317655505005565,-0.12883994643672,0.108541327833113
SHC,2020-2021,HC,1.0,0.342801705797227,-0.359108823180074,-0.149500215225524
NHM,2018-2019,HM,0.0,0.339593274430676,0.10927280704767,-0.079241128603083
DLC,2017-2018,LC,0.0,0.348700154156333,-0.228820255816456,0.00373644376440502
ALC,2017-2018,LC,0.0,0.168388614547918,0.43816348955201,0.283017847205515
MLM,2019-2020,LM,0.0,0.210440204090328,-0.22533311434619,0.0738264328005
DLC,2019-2020,LC,0.0,0.00314559780624402,-0.229303615218639,0.0675958364903888
OLC,2019-2020,LC,0.0,0.117507170005309,0.081635480304915,0.372223448000638
NLC,2019-2020,LC,0.0,0.514281524415745,-0.033002769354704,-0.221095156469472
MLC,2017-2018,LC,0.0,0.25462098798881,-0.056652331083337,0.094600736463259
DLC,2017-2018,LC,0.0,0.375735769446443,0.02906426268303,-0.096155636019627
OHM,2019-2020,HM,0.0,0.389733883999735,-0.07133351367824,-0.20948984831847
OLM,2017-2018,LM,0.0,0.110901131337561,0.205236554896,0.024483343032788
D8,2017-2018,HC,1.0,0.0799661046125859,0.44733071324784,0.78358957998128
FHM,2017-2018,HM,0.0,-0.00574830824755646,0.588448994878016,0.191577770668387
F1,2019-2020,HC,1.0,0.304327695806485,0.22737037746513,-0.016769622191907
FHM,2017-2018,HM,0.0,0.197553820966633,0.315097582438434,0.027459482446245
AHM,2020-2021,HM,0.0,0.274041243243991,-0.060893722542448,0.059332902214702
JLC,2018-2019,LC,0.0,0.0958005902605148,-0.363866321008665,-0.0476553391067045
D9,2018-2019,HC,1.0,0.11885665979282,0.042102553742596,0.109055328612364
SHC,2017-2018,HC,1.0,0.0948644649464945,-0.414122710803461,0.106169262809531
MHC,2019-2020,HC,1.0,0.0644879417854062,0.055023159004623,0.348952701932444
BHM,2018-2019,HM,0.0,0.423793344119416,0.09817260244528,-0.40159693375388
MLC,2019-2020,LC,0.0,0.31792517091434,-0.0655881553573598,-0.177939428744507
F1,2019-2020,HC,1.0,0.284902698424976,-0.303961869152017,-0.27138742214144
AHC,2017-2018,HC,1.0,0.103981691902208,0.246922274487727,0.299515765054991
THM,2019-2020,HM,0.0,0.37091762656929,-0.16498163783733,-0.113507549698173
OLC,2017-2018,LC,0.0,0.357797450780895,-0.453852459880591,-0.192567330285912
THC,2018-2019,HC,1.0,0.424181935011254,0.17165719552131,-0.153924010823341
BLM,2020-2021,LM,0.0,0.200145109780144,0.06840374914833,0.135103032576564
MLM,2019-2020,LM,0.0,0.233482272678784,-0.114974907871562,-0.160220360901136
GLC,2019-2020,LC,0.0,0.211676057232576,-0.211798136889534,0.160954563941615
NHM,2019-2020,HM,0.0,0.18661214902878,-0.306603291619305,0.054425752180806
NLM,2018-2019,LM,0.0,0.077148344121141,0.0896210495627601,0.162094864736915
ALC,2018-2019,LC,0.0,0.208957627659427,0.176163165676072,-0.05997985997288
TLC,2017-2018,LC,0.0,0.0946443941840234,-0.20703460212668,0.224656992334004
AHC,2020-2021,HC,1.0,0.183612102806692,-0.0258529177714801,-0.102742628615798
OHM,2020-2021,HM,0.0,0.197921630915249,-0.432785950678377,-0.004019018798505
NLM,2018-2019,LM,0.0,0.270380774302389,0.17974551562475,0.122425455623796
BLM,2018-2019,LM,0.0,0.247218309525463,0.31679270329597,0.136848380527169
DLC,2018-2019,LC,0.0,0.193750135986903,0.4059101320078,0.092908315623088
D8,2018-2019,HC,1.0,0.157716916743723,-0.273432208108302,0.035697674718868
GHC,2017-2018,HC,1.0,0.106447862987108,0.119289200702532,0.265498803582038
JHC,2020-2021,HC,1.0,0.0804166798913171,0.14205419517851,-0.063550740062615
OHC,2018-2019,HC,1.0,0.336631304041535,-0.00920600388063009,0.056237792401193
BHC,2019-2020,HC,1.0,0.066132343747856,0.308915886776666,0.435477119854517
NLM,2018-2019,LM,0.0,0.254184592906161,-0.00558102043006803,-0.271044237473118
SLC,2020-2021,LC,0.0,0.347376265286662,-0.0214760340890351,-0.16633523473267
FHC,2017-2018,HC,1.0,0.20578921587632,-0.0562575926917499,0.12947521947392
HHM,2017-2018,HM,0.0,0.295442780972637,0.128722546571466,0.119619888709648
BHC,2019-2020,HC,1.0,0.20345135389921,0.370171182053314,0.326880559565006
TLM,2019-2020,LM,0.0,0.324843965833864,-0.10668722379176,-0.103969192475017
GLC,2019-2020,LC,0.0,0.203475424965293,0.307527660443573,0.443173896202971
NHM,2017-2018,HM,0.0,0.162138827872119,-0.11292913760078,0.250580336565064
OLM,2017-2018,LM,0.0,0.14372387991085,-0.083193861638321,0.099472267840027
SHC,2019-2020,HC,1.0,0.195346472330266,0.272399544291816,-0.076921178091856
FLC,2018-2019,LC,0.0,0.214008964800629,0.318377369578692,0.430270352091914
OLC,2019-2020,LC,0.0,0.262924623916389,-0.429727475941353,-0.023642457604762
GHM,2017-2018,HM,0.0,0.172770936616234,0.113173532351819,0.27119455457516
GLM,2018-2019,LM,0.0,0.269267421603779,0.134138469725202,-0.077848101121084
FHM,2017-2018,HM,0.0,0.337728442966236,-0.00458123689247003,0.052246808592002
BHM,2018-2019,HM,0.0,0.384937532979411,-0.25897057125313,0.153302101555944
MLC,2018-2019,LC,0.0,0.252430263955991,0.267701370167266,0.159349516966584
OLM,2018-2019,LM,0.0,0.243639262855077,-0.211654845137878,0.282082091207594
MLC,2017-2018,LC,0.0,0.498521813921325,-0.469908257699547,-0.240601191096231
JHM,2019-2020,HM,0.0,0.222275076827756,0.29246153037393,0.108748343242346
TLC,2020-2021,LC,0.0,0.348748073574197,0.43377558060487,-0.237018072858865
SLC,2019-2020,LC,0.0,0.00486532260414574,-0.13605100463143,0.116168499483593
OLM,2020-2021,LM,0.0,0.52766863396067,0.2539271857947,-0.19406108843729
OHC,2018-2019,HC,1.0,0.229301001927748,0.354942990513171,0.04433897389035
D9,2019-2020,HC,1.0,0.456548471910574,0.075738160948748,-0.329409058261508
D5,2020-2021,HC,1.0,0.157879135157064,0.00965832646985998,0.150550317493848
JLM,2020-2021,LM,0.0,0.37163696602409,0.11945550197951,-0.176411964391378
NLC,2019-2020,LC,0.0,0.220121643997743,0.0881767577398821,-0.022493489641129
HHM,2017-2018,HM,0.0,-0.00469057880460055,0.05414860474362,0.0924749300175783
BHC,2020-2021,HC,1.0,0.4405324924632,-0.18420019193271,-0.324913958679648
D8,2020-2021,HC,1.0,0.0983746863127313,0.372703727790735,0.163424799814302
GHM,2019-2020,HM,0.0,0.342378304205651,-0.43710679638288,0.028099455242612
OHM,2018-2019,HM,0.0,0.198034883882665,-0.24139135033172,0.127424591514072
BHM,2020-2021,HM,0.0,0.251122803120232,-0.337958203326798,-0.229597512593478
NHM,2017-2018,HM,0.0,0.241007426338399,-0.154223490297312,0.124250187748432
GHM,2017-2018,HM,0.0,0.310009263619401,-0.14659813050182,0.213889343423759
DLC,2018-2019,LC,0.0,0.246734575522777,-0.106223547659405,-0.015152963103531
SHM,2017-2018,HM,0.0,0.0757698689643275,0.481056785630083,0.344545714640752
NLM,2017-2018,LM,0.0,0.0783512491977978,-0.28591178122067,0.43261463822973
SHM,2020-2021,HM,0.0,0.260743855553262,-0.136194990376782,0.031526467008045
MHM,2017-2018,HM,0.0,0.213685704308362,0.22593560318915,0.482171840846142
DHM,2018-2019,HM,0.0,0.348277240916789,0.22553801186048,-0.182616559954592
FHC,2018-2019,HC,1.0,0.384838404342444,0.27158719368934,0.273915309061137
D8,2019-2020,HC,1.0,0.559470881416592,-0.06666815641893,-0.348241175635253
FLM,2018-2019,LM,0.0,0.23782333741878,0.142295177436077,0.031588497986568
OHM,2020-2021,HM,0.0,0.259567952019345,-0.361822743723617,-0.067156632418731
GHM,2018-2019,HM,0.0,0.300138003680733,0.239381334708226,-0.3166015308628
TLC,2017-2018,LC,0.0,0.493335397594682,-0.10615328496418,-0.296103833214216
DLM,2020-2021,LM,0.0,0.166937057331975,0.120369725275079,0.165901063874972
FLC,2020-2021,LC,0.0,0.288001090579732,-0.254554088858087,-0.031672246218645
DLC,2018-2019,LC,0.0,0.0525340657239339,0.261976291176278,0.403352391797602
OLC,2019-2020,LC,0.0,0.27151461197262,0.155962004366234,0.211331699909977
FHM,2019-2020,HM,0.0,0.413951874730617,-0.0764210411874999,-0.211106619857869
AHC,2018-2019,HC,1.0,0.311183977679507,0.497209605659588,0.413749221122903
ALC,2017-2018,LC,0.0,0.350317159043344,-0.564556963899143,-0.112796406738863
OHC,2017-2018,HC,1.0,0.229667454130816,-0.463627053082692,-0.024798070971524
FLC,2020-2021,LC,0.0,0.328735906241737,-0.0851830481162399,0.0836805821258
FLC,2019-2020,LC,0.0,0.17580213573035,0.0124061278710599,-0.065258342227857
THM,2020-2021,HM,0.0,0.381724162403895,0.00512403266627004,-0.2431232908682
FHM,2018-2019,HM,0.0,0.243700773606967,-0.28180197245758,0.030382335581693
AHM,2017-2018,HM,0.0,0.23984998826187,0.05387702106151,-0.01485086586033
FLC,2017-2018,LC,0.0,0.217833530875458,-0.169882444729605,0.061804845324727
SLC,2018-2019,LC,0.0,0.231692901671095,0.160396885697778,0.08671206059627
GLC,2020-2021,LC,0.0,0.307955997591666,-0.162127784327726,-0.279752883433468
GHC,2017-2018,HC,1.0,0.551691299271167,0.07205142289815,-0.408664128881808
HHM,2020-2021,HM,0.0,0.196116929525766,0.097127161317408,0.120911856998182
ALC,2018-2019,LC,0.0,0.229185247133998,0.23305228755143,-0.126120074935121
MLM,2017-2018,LM,0.0,0.376865234794479,0.443935442722746,-0.118389920525773
SHM,2020-2021,HM,0.0,0.475118577582259,-0.2622802067177,-0.306244535272248
JLM,2019-2020,LM,0.0,0.289630931840093,0.331312869581617,-0.069220537969682
GHC,2019-2020,HC,1.0,0.432578624596538,-0.447445813285604,-0.369696926626521
OLM,2020-2021,LM,0.0,0.313356556079172,0.17143948626835,-0.038821685295591
HHM,2019-2020,HM,0.0,0.013648081818104,0.281873920124778,0.0576819535863872
GLC,2019-2020,LC,0.0,0.154348038342229,0.16892054256912,-0.036713946446629
HHM,2017-2018,HM,0.0,0.119496314316097,-0.00844116204799006,-0.120000203593125
SHM,2017-2018,HM,0.0,0.227994493336571,-0.00192393276782998,-0.182031606397272
OLM,2017-2018,LM,0.0,0.328917942018188,0.0871667094425601,-0.256218001026733
DHM,2020-2021,HM,0.0,0.498253394369482,-0.110044053696558,-0.192460358890765
MHC,2017-2018,HC,1.0,0.356419650418847,-0.109111966302402,-0.147228234000493
SLM,2019-2020,LM,0.0,0.147053901262245,0.14445331961308,-0.146750265894484
BHM,2017-2018,HM,0.0,0.395676701752211,0.343651126828459,0.100484120683814
TLC,2020-2021,LC,0.0,0.502469324036628,-0.421833781124065,-0.483764104749448
MLC,2018-2019,LC,0.0,0.370688578988497,-0.0901464971482341,-0.277697060074724
MLM,2019-2020,LM,0.0,0.468377743730557,0.025248948250878,-0.136018558091326
GHM,2019-2020,HM,0.0,0.18042409366936,-0.13507499618636,0.053225079545894
MHC,2017-2018,HC,1.0,-0.00118066855797483,0.234101789478826,0.225638614742081
HHM,2019-2020,HM,0.0,0.182789855906849,-0.18980906251245,0.256045131130608
SLM,2017-2018,LM,0.0,-0.00859525473629308,-0.387359410443346,0.195871791316887
AHC,2017-2018,HC,1.0,0.285698813317523,0.263576520717081,-0.148715289146781
NHC,2018-2019,HC,1.0,0.176448779808433,-0.337524302717094,0.092650984806484
MHM,2018-2019,HM,0.0,0.273143624783829,0.012061897939568,-0.106592267118079
B1,2020-2021,HC,1.0,0.864000227496563,-0.47642851354066,-0.235449203180329
AHC,2017-2018,HC,1.0,0.16232137415543,0.261274565324668,0.045774842361308
MHC,2018-2019,HC,1.0,0.0946923293769486,0.44300446085071,0.261816355550311
FLM,2018-2019,LM,0.0,0.105814702129041,0.187469778064567,-0.0823548430483308
ALC,2020-2021,LC,0.0,0.320669893609854,-0.465438980983798,-0.121966713555716
AHC,2018-2019,HC,1.0,0.037106293845001,0.136952995194384,0.118932594342769
BHC,2020-2021,HC,1.0,0.203134258559601,-0.0593379262281499,-0.089405557650646
NHM,2017-2018,HM,0.0,0.219445095440577,-0.673300761183475,-0.1543182991633
GLC,2018-2019,LC,0.0,0.16720647132279,-0.0805840200809159,-0.046888277107099
MHC,2020-2021,HC,1.0,0.248567451552331,0.023608748937511,-0.092686757983696
GLM,2019-2020,LM,0.0,0.259232301079314,0.0497837859738,-0.059531861696227
D10,2018-2019,HC,1.0,0.116336402017171,-0.056713361885222,0.421846081248015
TLM,2019-2020,LM,0.0,0.224342596705619,-0.10838411218037,0.058861637102407
SHC,2020-2021,HC,1.0,0.271854688750166,-0.21992843934178,-0.145160991715112
MHM,2017-2018,HM,0.0,0.432299303891077,0.0507596681385201,-0.014197904888983
JLC,2018-2019,LC,0.0,0.209815414148912,-0.0403118399533801,-0.088746694582152
MLM,2017-2018,LM,0.0,0.197974191651463,0.104671298496333,0.299141088220617
D1,2020-2021,HC,1.0,0.183790331585539,-0.19958324382472,0.01328526209514
D7,2020-2021,HC,1.0,0.315848432439575,-0.380141674387044,-0.311382527625367
D5,2017-2018,HC,1.0,0.138788742734157,0.10873283152096,0.106793117973295
TLM,2018-2019,LM,0.0,0.418093666749188,-0.46908784932186,-0.047164451625027
JLM,2017-2018,LM,0.0,0.386469669385014,-0.060836267906497,-0.318587987555961
D6,2017-2018,HC,1.0,0.505836788911815,-0.01918524872219,-0.202689116073253
NLM,2020-2021,LM,0.0,0.131696417451649,0.028029068306634,0.149417090236086
SLC,2018-2019,LC,0.0,0.250791002986491,0.176886614648386,-0.052559731442373
MHM,2020-2021,HM,0.0,0.169931397235215,-0.061681240719072,-0.031227626075678
TLM,2018-2019,LM,0.0,0.100532777722036,0.221258701264881,0.179575730216078
D4,2020-2021,HC,1.0,0.253757497764016,0.01456831182054,-0.182255267715968
AHC,2020-2021,HC,1.0,0.173059084004124,0.15063902116087,0.17020747061128
NLM,2020-2021,LM,0.0,0.263913577442442,0.24644572122304,0.054799309361854
D7,2020-2021,HC,1.0,0.28964443854987,-0.0261038548767099,-0.131679640061424
BHC,2018-2019,HC,1.0,0.399333194603041,-0.708348905363215,-0.161745016887949
DLC,2018-2019,LC,0.0,0.388014065469217,-0.062248455273863,-0.204139758662173
MLC,2017-2018,LC,0.0,0.0798738311445779,-0.02284142689933,0.0666541418841681
MLC,2020-2021,LC,0.0,0.534272928552651,-0.30567029531945,-0.411294563225907
FHC,2020-2021,HC,1.0,0.416712637603522,-0.147951097609618,-0.276896176594754
NLC,2017-2018,LC,0.0,0.184801439018849,0.060720827950519,0.168500415175037
D4,2018-2019,HC,1.0,0.214793468260692,0.14396165616051,0.070407311130604
BHC,2017-2018,HC,1.0,0.311695326788817,-0.17902909545427,-0.215591274220397
ALC,2019-2020,LC,0.0,0.193514700941059,0.10468832333092,-0.031178436192039
HLC,2018-2019,LC,0.0,0.20539485091643,-0.377521301085499,-0.061047171456906
THM,2017-2018,HM,0.0,0.317349804077669,-0.331181871530686,-0.065611838173905
D8,2020-2021,HC,1.0,0.201554590971393,0.179110911316049,-0.095109342165445
AHC,2019-2020,HC,1.0,0.0669267969971252,0.408975167774769,-0.0080891929549229
GLM,2018-2019,LM,0.0,0.25251774984738,0.48352141013975,0.089910010753668
NHC,2018-2019,HC,1.0,0.154320303939997,0.06962944016411,0.082414101676721
D9,2020-2021,HC,1.0,0.130081748698659,0.0181539958839101,0.233132993121634
MLM,2020-2021,LM,0.0,0.466878692200725,-0.13060698084916,0.084730493589946
JHM,2018-2019,HM,0.0,0.437139637233289,-0.03547119793047,-0.245292470880464
HLC,2018-2019,LC,0.0,0.389085034535988,-0.142919717192389,-0.195068631153793
JLM,2017-2018,LM,0.0,0.15818188710975,-0.08090466352573,0.227048417698663
BLC,2020-2021,LC,0.0,0.267040390137964,-0.34996050472018,-0.189910050031698
D9,2017-2018,HC,1.0,-0.0042643171900183,0.15308507776346,0.233479264752228
D8,2018-2019,HC,1.0,0.231413821941595,0.336688809347755,0.00417637543763902
SHC,2018-2019,HC,1.0,0.150228347304612,0.21648520145432,0.486241075358305
FHM,2018-2019,HM,0.0,0.490468384588817,0.09244913785765,-0.334399317735792
FHM,2017-2018,HM,0.0,0.242777506782811,0.24887250371977,0.362198400871232
GLC,2020-2021,LC,0.0,0.0386791845154089,0.473097984738825,0.0885740668297551
FHM,2018-2019,HM,0.0,0.163400216488377,0.121239627300644,0.312573802523531
GLC,2018-2019,LC,0.0,0.222798636348472,-0.17517496426858,0.15563072062094
HLC,2020-2021,LC,0.0,0.375486861350427,-0.032372705978729,-0.377412174046313
OHC,2019-2020,HC,1.0,0.445366664153762,0.507186555923521,-0.147966749680405
D9,2018-2019,HC,1.0,0.351731074817555,-0.13106621194865,-0.045755226589532
ALC,2020-2021,LC,0.0,0.0633438091387244,0.23087588630987,0.0832979554867796
SHC,2019-2020,HC,1.0,0.572038060058282,-0.15994881158547,-0.44288348683928
SLC,2018-2019,LC,0.0,0.213727355107372,-0.286557760756745,-0.072266121099347
BLM,2017-2018,LM,0.0,0.26227168662573,0.16941636442187,0.02236430854706
SHM,2017-2018,HM,0.0,0.159939913946175,-0.459669345624258,0.315323075032996
ALC,2018-2019,LC,0.0,0.0901457428726191,-0.08606016518268,0.321864156941837
D5,2017-2018,HC,1.0,0.406640012599231,-0.05679236641844,-0.137536571636267
MLM,2019-2020,LM,0.0,0.455871225733667,-0.674884061446282,-0.444596100706041
DLC,2018-2019,LC,0.0,0.536127792432986,-0.219929650040601,-0.222448075747343
BHC,2017-2018,HC,1.0,0.622348383310465,0.03450924527745,-0.01796096366722
NLC,2017-2018,LC,0.0,0.177550662690033,-0.26515718477646,0.162300286540841
D5,2019-2020,HC,1.0,0.249019190488657,0.34603804822708,-0.211212555649106
JHC,2019-2020,HC,1.0,0.207889391726962,-0.27105334988502,-0.136365497791835
GHM,2018-2019,HM,0.0,0.267691044171043,-0.0241633295575301,-0.057801670692766
NHM,2020-2021,HM,0.0,0.294787597785177,-0.0480789975945199,-0.203744857927031
MLC,2020-2021,LC,0.0,0.370153224068294,0.01373901662441,-0.167444853434038
NHM,2018-2019,HM,0.0,0.322753309035258,-0.158064574438801,0.034330018576228
JHM,2019-2020,HM,0.0,0.273662149386778,0.214470737400365,0.095403395057983
D8,2019-2020,HC,1.0,0.201904684921025,-0.362513498105449,-0.081573885556717
OHC,2019-2020,HC,1.0,0.372103839493706,-0.0470555582724799,-0.377769152559853
SHM,2017-2018,HM,0.0,0.200651812039475,-0.08152354067983,-0.085758158263987
F1,2018-2019,HC,1.0,0.473296742636287,-0.13195097667299,-0.223789175475452
MLC,2019-2020,LC,0.0,0.27809421637104,-0.286329120711329,-0.130188609312776
D9,2017-2018,HC,1.0,0.253630667886321,-0.200934459863355,0.071695767605321
AHM,2018-2019,HM,0.0,0.393517476760474,-0.23392378029007,-0.158218522910784
AHM,2017-2018,HM,0.0,0.19626345725969,-0.341905106519843,-0.113214862213246
OLM,2020-2021,LM,0.0,0.0957753448477674,-0.15743281189409,0.247788337722297
JHC,2019-2020,HC,1.0,0.308811879201012,-0.20837820371562,0.036435440624932
FLM,2017-2018,LM,0.0,0.0868982685498432,-0.269588543524036,0.109553202827201
NHM,2019-2020,HM,0.0,-0.00402063596048818,-0.470902201139553,0.11698401488395
D5,2020-2021,HC,1.0,0.326904644542233,-0.00773361861352995,-0.065461896246568
SHC,2019-2020,HC,1.0,0.373315763073923,0.0734051321915801,-0.038875591075215
DLC,2020-2021,LC,0.0,0.160389795847395,-0.396250944089557,0.147552282183843
OHC,2020-2021,HC,1.0,0.100632000146526,0.00485739067120994,0.262928406721124
SHM,2020-2021,HM,0.0,0.333979718113368,-0.0374953687281401,-0.085711711472345
NLC,2020-2021,LC,0.0,0.317293368324902,-0.170558949246591,-0.122516593999778
AHC,2020-2021,HC,1.0,0.349555191864223,0.22310925791848,-0.140221950073497
THM,2017-2018,HM,0.0,0.0389197093921243,-0.0657212990007701,0.172784911763085
MHM,2018-2019,HM,0.0,0.145539490060393,-0.11706614812272,0.385992244378601
HLC,2019-2020,LC,0.0,0.0934801257583955,0.1688906720454,0.0880143277364525
FHC,2017-2018,HC,1.0,0.123376755594385,-0.338953661983994,0.135400086838261
BHM,2020-2021,HM,0.0,0.414645561856764,-0.01690624147807,-0.072847870275579
SLC,2018-2019,LC,0.0,0.432200102585307,0.15814095732932,-0.367284403462328
TLC,2019-2020,LC,0.0,0.00861715402913465,0.134629248352587,0.326152008460845
NLM,2018-2019,LM,0.0,0.0441618858266446,-0.05617618959402,0.0191194626681606
SLM,2017-2018,LM,0.0,0.185373968672502,0.100273264519579,-0.090137866200273
OHC,2020-2021,HC,1.0,0.401774226410638,-0.0715023907988701,-0.120779906596658
OHC,2018-2019,HC,1.0,0.259261226157527,-0.3626140131914,0.013332151627872
OHM,2019-2020,HM,0.0,0.361127057668061,0.16822386941609,-0.064860787497784
NHM,2018-2019,HM,0.0,0.378688976423366,-0.265990345119322,-0.146119371756803
BHC,2020-2021,HC,1.0,0.246165922395274,-0.264929544463146,0.036250868613327
THM,2018-2019,HM,0.0,0.335755551271646,0.399413589808573,-0.213755286070271
SHM,2018-2019,HM,0.0,-0.0165603769091343,0.2384131803849,0.235123148506601
D9,2018-2019,HC,1.0,0.269168185619647,-0.0556340187595961,0.062743137948691
FHM,2020-2021,HM,0.0,0.316609392066451,-0.478228191537753,-0.221115903390386
OLC,2018-2019,LC,0.0,0.156060235932976,-0.129684473436788,0.102517457039928
GHM,2019-2020,HM,0.0,0.185064440846026,-0.16356405808001,0.046570830913677
SLM,2017-2018,LM,0.0,0.0933650764247294,-0.29471735030148,0.0476355848917716
D9,2017-2018,HC,1.0,0.456636804281131,0.311500923312425,-0.051107813982451
FLM,2019-2020,LM,0.0,0.207240602742416,-0.0551680808825699,-0.044073813631024
BHM,2020-2021,HM,0.0,0.31417333371959,0.22922478865179,-0.005942231725929
D1,2018-2019,HC,1.0,0.314238070662955,-0.105344553579946,-0.038247746718815
ALM,2020-2021,LM,0.0,0.29056028860801,-0.11787796854806,-0.143784553304443
SHC,2020-2021,HC,1.0,0.306127911266264,0.11434388652163,-0.116245155623589
D4,2017-2018,HC,1.0,0.391754516829121,0.298201747847892,-0.063049548858478
D9,2019-2020,HC,1.0,0.452174185297648,0.164108215452191,0.098651672672261
MHC,2019-2020,HC,1.0,0.156282159891078,0.0915356800798339,-0.101010008072045
OHC,2018-2019,HC,1.0,0.501314430850706,0.188270380596222,0.064245394439208
D10,2018-2019,HC,1.0,0.625574012543546,0.199195111419616,-0.466048045233667
GHC,2019-2020,HC,1.0,0.411803599759497,-0.15268977048694,-0.304540297930557
TLC,2020-2021,LC,0.0,0.527869133320003,-0.506502472154793,-0.047323344636631
FLM,2017-2018,LM,0.0,0.329639607114762,-0.059519531936113,-0.128374768471339
OHC,2018-2019,HC,1.0,0.176675178739117,0.264316147123757,0.346314424534403
OLM,2018-2019,LM,0.0,0.354500997813281,0.1370086234463,0.117186852887408
FLM,2018-2019,LM,0.0,0.230520663771558,-0.267528961820486,-0.163889903442003
HHM,2019-2020,HM,0.0,0.518137742407811,-0.29195756525406,-0.310589165308583
MLC,2020-2021,LC,0.0,0.0982902325052759,0.00416827339974801,0.178257596500649
MLC,2019-2020,LC,0.0,0.211860101571812,-0.080160672735752,0.09353363855875
D8,2019-2020,HC,1.0,0.140666070996144,-0.132498952386403,0.108656603793786
JLC,2020-2021,LC,0.0,0.360657919928385,-0.242898700210927,-0.161434277767538
SHM,2018-2019,HM,0.0,0.062767637795565,0.02201963019551,0.332628578243964
AHM,2019-2020,HM,0.0,0.123174831363093,0.004340163046057,0.066374396714802
JLM,2019-2020,LM,0.0,0.0785662807662055,-0.0317392632247659,0.120074811130079
JLM,2019-2020,LM,0.0,0.110584343520872,-0.436138390115261,0.106819571999911
AHM,2020-2021,HM,0.0,0.439785706217878,-0.468000124393084,-0.109166937569321
FLC,2018-2019,LC,0.0,0.262901015394728,0.172560692128077,-0.163912793866158
OHC,2019-2020,HC,1.0,0.167986806763886,0.03430109346262,-0.004503637996574
DLC,2019-2020,LC,0.0,0.318386364290409,-0.272036015112052,0.115549298193137
MLM,2020-2021,LM,0.0,0.0728027419078112,0.0994069083265599,0.0288477077932958
B1,2020-2021,HC,1.0,0.366920471521981,0.0645260754287119,0.00127755941739699
NLM,2020-2021,LM,0.0,0.114329404899244,-0.177668681246863,-0.0529162284534204
D1,2017-2018,HC,1.0,0.165391712271802,-0.16554006013226,0.237130251247112
BLM,2020-2021,LM,0.0,0.227776219893745,-0.14061725736917,-0.085159444255054
OLC,2017-2018,LC,0.0,0.206858768061565,-0.0766305815341299,-0.073315391731653
OLM,2018-2019,LM,0.0,0.253802614661956,0.178797873858373,-0.138879571328409
NHC,2019-2020,HC,1.0,0.323635764916674,0.0216664649472579,-0.019556717023736
BHM,2020-2021,HM,0.0,0.352516265452429,0.17697375036333,-0.312268879203349
FLC,2020-2021,LC,0.0,0.294818670769669,-0.236608819804866,-0.113296725119206
THM,2019-2020,HM,0.0,0.298529046267038,-0.30429105689176,0.143170563478253
SLM,2018-2019,LM,0.0,0.183267246525702,0.0438300003202401,0.235678185399509
OHC,2017-2018,HC,1.0,0.0332709512499145,-0.339145844324738,0.320063245333854
D8,2020-2021,HC,1.0,0.401740921078508,-0.06061939928156,-0.194480862357316
SLC,2020-2021,LC,0.0,0.236767195163427,-0.0323362952591649,-0.107078772771502
JLC,2018-2019,LC,0.0,0.457206521195305,0.478599321196532,0.00975103710934899
AHC,2020-2021,HC,1.0,0.260875541837943,0.269083394366301,-0.08233303765558
NHM,2018-2019,HM,0.0,0.331549777961428,0.17403970400654,-0.229201842434873
HLM,2018-2019,LM,0.0,0.184353611083851,0.0553275843132599,-0.00952993446448902
D5,2020-2021,HC,1.0,0.264893264457787,-0.16900388667422,-0.153981757772626
THM,2017-2018,HM,0.0,-0.0063594743891715,0.20623563528211,0.243011546706322
MHC,2017-2018,HC,1.0,0.344145083997747,-0.191363981598591,-0.190956352741209
JLM,2017-2018,LM,0.0,0.0554438647094244,0.05694167404936,0.0481939602737156
AHM,2017-2018,HM,0.0,0.425356825922023,-0.07016139590009,-0.063330575434231
BHM,2018-2019,HM,0.0,0.424045581984642,-0.195339478006897,-0.155374295910645
DLC,2019-2020,LC,0.0,0.14644860570615,0.042228905541011,0.108970388644873
D9,2019-2020,HC,1.0,0.171201060122926,0.0389759294066698,-0.0798833469909139
GLM,2020-2021,LM,0.0,0.401609374149246,-0.208878363408682,-0.381380626759366
FHC,2017-2018,HC,1.0,0.302683120988938,-0.0979164639654799,0.026022093222134
BHM,2019-2020,HM,0.0,0.0461290739788898,-0.120322858114911,0.170058842169944
TLC,2018-2019,LC,0.0,0.413064436184061,0.437287877203679,-0.072887617936836
FLM,2020-2021,LM,0.0,0.267925112538051,0.172244278384868,-0.027695453773956
MLC,2019-2020,LC,0.0,0.345773820471205,0.0911072359241001,0.022716250336251
D9,2017-2018,HC,1.0,0.180505296638506,0.047976657216577,0.10542198518516
OHM,2020-2021,HM,0.0,0.147486592529612,-0.185236878741471,-0.018182548041538
FHM,2020-2021,HM,0.0,0.355703492901971,-0.070646196197712,-0.27365733106573
D4,2018-2019,HC,1.0,0.0995682659636904,-0.109243319736744,0.140913889646395
OLM,2019-2020,LM,0.0,0.199583144702034,0.141301072053074,0.126598010719882
D9,2018-2019,HC,1.0,0.186264246760488,-0.23382134997164,0.259309710835242
BHM,2018-2019,HM,0.0,0.18008977965784,0.200353311654143,0.158311342794595
MHC,2017-2018,HC,1.0,0.476100713158339,-0.0420573196901899,-0.27892973503829
JLC,2020-2021,LC,0.0,0.221219586906924,0.0150426401099999,-0.102796854161038
DLM,2020-2021,LM,0.0,0.226859770145309,-0.072791486113797,-0.016202528326682
HHC,2017-2018,HC,1.0,0.175739032418389,0.0636819999465601,0.072418290841553
SLC,2020-2021,LC,0.0,0.179051067038391,-0.143075095227015,0.094357158262445
GLM,2020-2021,LM,0.0,0.48566306828163,-0.420395978390137,-0.419796261532973
NLM,2017-2018,LM,0.0,0.425783868605616,-0.14221167643841,-0.101599021806677
MHC,2020-2021,HC,1.0,0.136255150847521,0.29685866452691,0.084473878345396
HHC,2019-2020,HC,1.0,0.29923067408023,0.43033857890217,0.018365483302077
HHM,2018-2019,HM,0.0,0.358717924897217,0.00837750825933004,-0.220401773218577
F1,2017-2018,HC,1.0,0.190727539148459,-0.129923226865412,0.0925433217949
F1,2020-2021,HC,1.0,0.202265396404346,0.0328896348807,-0.08168931862589
DHC,2020-2021,HC,1.0,0.0228722286572411,-0.21999345512561,0.0264086961153327
NHC,2019-2020,HC,1.0,0.35384931617081,-0.12226063563464,-0.304164554518678
AHM,2019-2020,HM,0.0,0.0191952985556314,-0.233994747870903,0.118184488658436
ALC,2017-2018,LC,0.0,0.51893472270051,-0.158124064277587,-0.456556650036363
GLM,2019-2020,LM,0.0,0.245767659474643,-0.462626135446075,0.238808052395264
BHC,2018-2019,HC,1.0,0.0881030736996999,-0.043417645822847,0.214904389331136
SLC,2017-2018,LC,0.0,0.454330394518654,0.441444666145833,-0.137634022289991
BHC,2019-2020,HC,1.0,0.125718955761018,0.414977349220731,0.258492200696848
GHM,2017-2018,HM,0.0,0.147878365375171,-0.326001832319126,0.015201574348925
D4,2020-2021,HC,1.0,0.112203571166881,0.123472009380189,0.223792869690097
AHM,2019-2020,HM,0.0,0.224432765575927,-0.085654376822143,-0.051302991811965
BHC,2020-2021,HC,1.0,0.326901595104592,0.0997699196750801,-0.192733383672728
NLC,2019-2020,LC,0.0,0.245057729137841,-0.309968936816575,0.00512595728618401
GLM,2019-2020,LM,0.0,0.20244081338472,-0.11879317700531,0.322606900775496
F1,2019-2020,HC,1.0,0.573399793955017,0.00917519222215901,-0.587514182014002
NLC,2018-2019,LC,0.0,0.19890180917615,0.0451398168781101,-0.060436826462203
SLM,2020-2021,LM,0.0,0.320915652043554,0.15476124057518,-0.220736484114325
JLM,2019-2020,LM,0.0,0.170566537066379,-0.276697248080347,-0.139855520407104
D9,2019-2020,HC,1.0,0.399351969112361,0.103134135966843,-0.304911351217052
D8,2020-2021,HC,1.0,0.442465672343925,-0.36427410150406,-0.374678705260964
OHC,2020-2021,HC,1.0,0.515599073194292,0.14547565830396,-0.508169082390412
OLC,2019-2020,LC,0.0,0.117638806450021,-0.0573724443174299,0.116034261481631
HHC,2019-2020,HC,1.0,0.357813952001821,-0.11995699587667,-0.101891372130811
TLM,2020-2021,LM,0.0,0.17410463282401,0.432018233467261,0.165318800909385
GHC,2019-2020,HC,1.0,0.389115435936711,-0.0398887992033099,-0.210303820941626
JLC,2019-2020,LC,0.0,0.240408124010661,-0.183807030789168,-0.174979065644483
MLC,2017-2018,LC,0.0,0.206886220716994,0.101721790876787,0.323892422490246
SHM,2020-2021,HM,0.0,0.480548396647433,0.0374451810093599,-0.275724323209219
DLC,2019-2020,LC,0.0,0.0785680238618212,-0.00821626299920608,0.00402991934016911
BLC,2019-2020,LC,0.0,0.223915075060605,-0.13404945720765,0.097101465528067
ALM,2018-2019,LM,0.0,0.284028576443408,-0.065133913895984,-0.157898623348354
SLC,2020-2021,LC,0.0,0.27211246820339,0.31623813248423,0.121902531087924
BHC,2018-2019,HC,1.0,0.212317311417582,0.058291832420711,-0.17422341401976
HHM,2020-2021,HM,0.0,0.237008538513765,0.23668865648728,-0.249870646678864
FHM,2018-2019,HM,0.0,0.911704839793875,-0.20059658291645,-0.599764785130149
GLM,2020-2021,LM,0.0,0.206782533295528,0.313056685521358,0.086302217407514
MHC,2020-2021,HC,1.0,0.0761312633748832,-0.0192259770488801,0.196853222654389
NHM,2019-2020,HM,0.0,0.286470145150011,-0.134429794467432,0.10341291587777
DHC,2019-2020,HC,1.0,0.461098522901306,-0.0242324686958599,-0.087250533956409
THC,2019-2020,HC,1.0,0.129713321161111,-0.158227743713752,0.151507122673302
BLM,2018-2019,LM,0.0,0.324362292023279,-0.164488181668,-0.21483810212143
DHC,2018-2019,HC,1.0,0.436139135196309,-0.192702622732548,-0.00355222916410297
JLM,2019-2020,LM,0.0,0.182205880912469,0.202548953070852,0.100544821411054
OLM,2017-2018,LM,0.0,0.369527281269378,-0.35093941843795,-0.374672905116455
OLC,2020-2021,LC,0.0,0.290450637154505,-0.15003085881304,-0.030226429891944
OLM,2018-2019,LM,0.0,0.787331353358233,-0.27905018233004,-0.524280317812659
JLM,2018-2019,LM,0.0,0.251071781327587,0.027922145219069,0.014032686113281
DHM,2018-2019,HM,0.0,0.34795337519586,-0.0849971131060101,-0.096432753969074
SLM,2018-2019,LM,0.0,0.219705944902917,-0.0242907819175699,-0.059021331943624
NLC,2018-2019,LC,0.0,0.00824006214068373,0.0903389329017029,-0.0219069419663584
SLC,2019-2020,LC,0.0,0.269044618537741,-0.16768844534236,-0.115928329051176
OLC,2017-2018,LC,0.0,0.278470404883003,-0.14267974484278,0.013703716137658
GLM,2017-2018,LM,0.0,0.131641369285642,-0.243511050596517,0.15046576236931
MHM,2017-2018,HM,0.0,0.242545563184521,-0.317284851237377,-0.138401735813242
JLM,2018-2019,LM,0.0,0.083742733387385,0.08331388895471,0.164089511240298
D4,2018-2019,HC,1.0,0.0456654204117286,-0.0856377076616139,0.514268562238031
DHC,2020-2021,HC,1.0,0.172336516973678,0.2067297462846,-0.056262978407163
MHM,2017-2018,HM,0.0,0.276804122230433,0.405934235550481,0.167313511709024
OLM,2020-2021,LM,0.0,0.11538967989775,-0.039284624616757,0.072100976589443
FLC,2018-2019,LC,0.0,0.219291567095766,-0.0397202090349679,0.0405746117687
DHC,2017-2018,HC,1.0,0.153078140603059,0.0713389248796501,0.19576459567548
TLC,2018-2019,LC,0.0,0.256936614526088,0.34877693753339,0.154010311897024
THM,2018-2019,HM,0.0,0.165123677929879,-0.12359234508427,-0.155546951183364
SLC,2018-2019,LC,0.0,0.281053054526436,0.24521401983568,-0.092916743463817
SLC,2019-2020,LC,0.0,0.362540990163281,-0.000481880904010135,0.154039515997551
AHM,2019-2020,HM,0.0,0.165998784561677,-0.01951860980828,-0.120958746368484
TLC,2018-2019,LC,0.0,0.216522572405466,0.10903843902328,-0.185254246076594
DHM,2017-2018,HM,0.0,0.271299218077644,-0.217351661384349,-0.052073281877299
THC,2017-2018,HC,1.0,0.161937431425349,-0.129754333782826,0.124399374141729
TLC,2020-2021,LC,0.0,0.213723062035421,0.0272616609429099,0.020569227490197
FLM,2019-2020,LM,0.0,0.325050005602194,0.17690055621593,-0.282489520904793
D6,2018-2019,HC,1.0,0.365335625128744,-0.15533594404929,0.015282018745867
GLM,2020-2021,LM,0.0,0.264999215797579,0.341052898909592,-0.013355905455418
MLM,2019-2020,LM,0.0,0.114994783061134,-0.176675812808221,0.144776503427871
DHC,2020-2021,HC,1.0,0.160323009437253,0.208406578474766,-0.074590928713536
JLM,2017-2018,LM,0.0,0.264116387331005,-0.00165605092679999,-0.246542829730028
GHM,2020-2021,HM,0.0,0.174503183213509,0.0193779104014999,-0.00179676172183799
MLC,2019-2020,LC,0.0,0.457941273840079,0.0941917053033401,-0.110344557220456
D1,2018-2019,HC,1.0,0.284469176016137,-0.124993857097556,-0.016673231304208
DLC,2019-2020,LC,0.0,0.357713186959689,-0.422842855571814,0.071570521406161
HHC,2017-2018,HC,1.0,0.406068148118128,-0.11781490351146,0.00088241863572297
GLC,2018-2019,LC,0.0,0.185181533664227,0.2781990581241,0.014028547086071
OHM,2018-2019,HM,0.0,0.234922549621464,0.0529340368859901,0.140762676882526
SLM,2020-2021,LM,0.0,0.438021563391983,0.093643079481824,-0.116398021230831
D6,2018-2019,HC,1.0,0.160162982723886,0.11339613080595,0.047168474758
TLC,2020-2021,LC,0.0,0.307177843374727,0.05943016432903,0.018121670970658
THC,2018-2019,HC,1.0,0.442151875006558,0.453563623265091,0.26538782126294
SHC,2019-2020,HC,1.0,0.567417139585947,0.08037763335492,-0.310584695241393
SHC,2020-2021,HC,1.0,0.22099547878795,0.0817547391128,-0.159954714846303
NLM,2020-2021,LM,0.0,0.249997774530367,0.3388123275654,-0.172192547399904
SLM,2019-2020,LM,0.0,0.278890322022076,-0.11878991202138,-0.127229391944496
D1,2020-2021,HC,1.0,0.232601522583908,0.11177780424663,-0.048854577291491
D8,2019-2020,HC,1.0,0.511648253073501,0.126558390006743,-0.237964423441816
HHM,2018-2019,HM,0.0,0.223761814607534,0.628568227473261,0.061697307156956
FHM,2019-2020,HM,0.0,0.434644111058708,-0.12867563625424,0.120958576061646
HHM,2018-2019,HM,0.0,0.360899730938435,0.208726864100008,-0.180586792017104
DHC,2018-2019,HC,1.0,0.33277988624233,-0.0512086156496598,0.036648770955433
JHC,2019-2020,HC,1.0,0.297958406232938,-0.193181837852963,0.004439871672683
DHC,2019-2020,HC,1.0,0.118333983968023,0.441638740726556,0.044660357444283
BLM,2017-2018,LM,0.0,0.0430313499464829,-0.217583974037669,0.215387802593078
D5,2018-2019,HC,1.0,0.147956672118222,0.182496701618983,0.119531738762044
SLM,2018-2019,LM,0.0,0.00767932484937983,0.426801583605593,0.339604484869102
BHC,2020-2021,HC,1.0,0.363527182039324,-0.00892260214781015,-0.181532073240536
ALM,2020-2021,LM,0.0,0.378497336873738,-0.097834815651915,-0.11147849347181
D1,2020-2021,HC,1.0,0.207035954088207,0.081457208887067,-0.186525591604734
D9,2018-2019,HC,1.0,0.158762861296995,-0.14529431522421,0.146149696804445
OHC,2020-2021,HC,1.0,0.147875254711862,-0.404193671111784,-0.0716510733986915
MLM,2017-2018,LM,0.0,0.240193360599102,0.0463301433927001,-0.038156048639208
ALM,2019-2020,LM,0.0,0.102410881509745,-0.259202510093659,0.221878556969128
SLM,2017-2018,LM,0.0,0.119727924153456,0.0856604097870329,0.156769915966081
TLM,2019-2020,LM,0.0,0.154767996855647,-0.18262719283816,0.161424438564729
SHM,2019-2020,HM,0.0,0.179352767512798,-0.34350983862751,0.304564306272645
JLC,2017-2018,LC,0.0,0.0352932941162944,-0.14708243551881,0.396889800950853
D8,2018-2019,HC,1.0,0.0661356790436316,-0.131183625493755,0.0875266660714214
D4,2019-2020,HC,1.0,0.0395469799781478,-0.17479780143404,0.104495364343123
GLC,2019-2020,LC,0.0,0.00747922693962777,-0.16178524603005,0.404255356140532
BHM,2020-2021,HM,0.0,0.387503255490136,-0.562557960598961,-0.163795023182214
JLC,2017-2018,LC,0.0,0.0575744057415746,-0.149077825562039,0.309552082811532
OLC,2017-2018,LC,0.0,0.520678461521726,0.27622810345867,-0.251915593064312
HLM,2020-2021,LM,0.0,0.228806280470148,-0.428608792221929,-0.108764474312956
HHM,2019-2020,HM,0.0,0.106286124741611,-0.11069679181609,0.242356331154903
GHM,2017-2018,HM,0.0,0.137543996043623,-0.0427753546094241,-0.00108001031020399
AHC,2019-2020,HC,1.0,0.361324928935075,-0.511001607814892,-0.109742606251754
D7,2017-2018,HC,1.0,0.11942782865732,0.661515070360774,0.369590821412262
ALC,2017-2018,LC,0.0,0.459419335656075,-0.48032441898139,-0.154410893655901
ALC,2018-2019,LC,0.0,0.194760434992848,-0.0328537712308801,0.084647219229521
D1,2018-2019,HC,1.0,0.0814644352675313,0.221938788647945,0.350715691227374
SHC,2018-2019,HC,1.0,0.131651160281804,0.400630759755244,0.374402184298765
FLM,2018-2019,LM,0.0,0.307568108599469,0.171184471371698,-0.08830706607914
BHM,2019-2020,HM,0.0,0.23792424653718,-0.22144751501828,-0.271448338063314
SHC,2018-2019,HC,1.0,0.370431347211417,0.282229505992202,0.105322515277776
SLM,2018-2019,LM,0.0,0.609578906974559,0.0010271070340202,-0.344730500916973
GHC,2020-2021,HC,1.0,0.339320524495936,-0.23319024402646,-0.084178822556648
D1,2018-2019,HC,1.0,0.176717997790955,0.05125828710979,0.370721494049993
FHM,2018-2019,HM,0.0,0.224539262982576,-0.2083379894226,0.063953555155833
SLC,2020-2021,LC,0.0,0.373448777501176,0.22030172426129,-0.272354347310491
TLM,2020-2021,LM,0.0,0.46497770462251,-0.130206009733092,-0.471953661099547
FLM,2019-2020,LM,0.0,0.109932292784608,-0.2582015495014,0.297005512752745
AHC,2018-2019,HC,1.0,0.509177250090308,0.13111818191156,-0.27246337920801
TLC,2020-2021,LC,0.0,0.219452858664009,0.511330783367567,0.193640228725173
OLC,2017-2018,LC,0.0,0.056092413037244,0.0182396985539099,0.199312537545248
ALC,2019-2020,LC,0.0,-0.00285450918797259,-0.333243500578461,0.145460360905758
JLM,2017-2018,LM,0.0,0.249361749157572,-0.306273699092598,-0.04833218316014
SHC,2020-2021,HC,1.0,0.153777603675926,0.1387367520349,0.102749921949639
SHC,2019-2020,HC,1.0,0.25766948816736,0.0828362806590899,0.10706605312284
ALC,2017-2018,LC,0.0,0.414364660810124,-0.18624548956417,-0.104931952818259
GLM,2018-2019,LM,0.0,0.450373840787461,-0.13429541369487,-0.138569784027417
HLM,2018-2019,LM,0.0,0.151629351704407,0.06760443003478,0.097823643603908
JLM,2020-2021,LM,0.0,0.131478826189042,0.16188783299943,0.137528071564351
FHM,2017-2018,HM,0.0,0.145850464563503,-0.040467788267125,0.147712298419708
MHM,2020-2021,HM,0.0,0.186324733261457,-0.03209987898111,0.07936865872806
JLM,2020-2021,LM,0.0,0.114103416487588,-0.102074432537581,-0.038327553489214
AHC,2017-2018,HC,1.0,0.252133596026735,0.0601987079173381,-0.222407972036896
SLM,2020-2021,LM,0.0,0.453101957415911,-0.324485572135494,-0.395538477871293
BLC,2017-2018,LC,0.0,0.2282968286228,0.150167172581398,0.068801127861248
BHC,2018-2019,HC,1.0,0.0880692617015431,0.0415164197725202,0.468228935365754
THM,2017-2018,HM,0.0,0.297905529038131,0.15368005615859,0.109292132722721
THC,2020-2021,HC,1.0,0.174753865255387,-0.20241363265417,-0.038337778171507
JLM,2017-2018,LM,0.0,0.0621453811292474,0.0727408555097491,0.0268718152509582
TLM,2019-2020,LM,0.0,0.137479984356704,-0.600430061374602,0.125248977450073
MHM,2017-2018,HM,0.0,0.284389841196783,0.0360485630729401,-0.09087613475937
BLM,2018-2019,LM,0.0,0.360865707283842,-0.15332036397017,0.041633997905036
SLM,2017-2018,LM,0.0,0.10204547797855,0.235399708823548,0.149197441917029
DLC,2019-2020,LC,0.0,0.312968537011561,0.29505351319272,0.299773758455729
AHC,2020-2021,HC,1.0,0.173119143760206,-0.075386987702891,0.00330289470914799
SHM,2017-2018,HM,0.0,0.309874693794582,-0.41045484545643,-0.101347822959398
GLC,2019-2020,LC,0.0,0.104008068765409,-0.213287373028122,0.2772712926846
HHM,2018-2019,HM,0.0,0.188852664912768,0.034563842448773,0.204927994691811
AHM,2019-2020,HM,0.0,0.137801026629997,0.43236804993164,0.302365366678048
FHC,2020-2021,HC,1.0,0.0989840846513745,0.356337582424582,0.0562861274957745
AHM,2018-2019,HM,0.0,0.244339137287016,0.0675953210770199,0.180461624393655
GLM,2020-2021,LM,0.0,0.624571519172439,-0.367049843936998,-0.469093243452863
MLC,2018-2019,LC,0.0,0.548120469398053,-0.0766427067259401,-0.181267184012691
B1,2017-2018,HC,1.0,0.300671591927441,-0.06161821567562,0.014871023360442
D8,2019-2020,HC,1.0,0.213385735466529,0.246356644668785,0.128755476000418
D8,2019-2020,HC,1.0,0.214104860805998,0.0461452677502601,0.096540064137597
SHC,2020-2021,HC,1.0,0.0583241695401309,0.1118462550582,0.298615703450191
OHM,2020-2021,HM,0.0,0.147990026281695,-0.10184651490629,-0.02565774645557
SHM,2017-2018,HM,0.0,0.287643937201543,0.65896026749759,-0.134292645913341
MHC,2020-2021,HC,1.0,0.180871286857865,-0.00507554104170982,0.033608056082787
D9,2020-2021,HC,1.0,-0.0124563384569469,0.0467235545675702,0.358451977270271
MLM,2017-2018,LM,0.0,0.263701369324793,0.0930654560099009,-0.06107428105337
NHM,2018-2019,HM,0.0,0.102350501832537,-0.0634447521716999,0.06586064641364
MLC,2019-2020,LC,0.0,0.0557590252556148,-0.26734026920088,-9.65966591945991e-05
JLC,2017-2018,LC,0.0,0.286182059237895,0.319784624853102,-0.229621156680977
NHM,2018-2019,HM,0.0,0.356809889813772,-0.1061717628258,-0.278768004401306
MLC,2019-2020,LC,0.0,0.136265771737598,0.160112974585943,0.147678946127861
ALM,2020-2021,LM,0.0,0.29972443415443,0.206686510847055,-0.217742993054377
MLM,2018-2019,LM,0.0,0.219543827383238,0.095982547547983,0.020134114411265
D8,2018-2019,HC,1.0,0.237606553261456,-0.0760783901593011,-0.089928980317785
OLC,2020-2021,LC,0.0,0.326050770388017,-0.00496390655077006,-0.155270037908131
THM,2017-2018,HM,0.0,0.0149281368720819,0.0986344918498501,0.308143728210821
OLM,2017-2018,LM,0.0,0.220750765214158,0.1605284991965,-0.198551155170893
D4,2019-2020,HC,1.0,0.463279981443533,0.0486613195924149,-0.023610595609593
DHM,2020-2021,HM,0.0,0.193556545373601,-0.169732107115693,-0.075061986696063
THC,2019-2020,HC,1.0,0.381608733671199,-0.058441546246168,-0.177706037612119
BHM,2018-2019,HM,0.0,0.20396330769368,-0.0373188040007549,0.176854700784971
NHM,2017-2018,HM,0.0,0.123631704002868,0.22568075808601,0.303643691969862
FHM,2020-2021,HM,0.0,0.288731952766093,-0.21723424658526,-0.172659971012268
GLC,2020-2021,LC,0.0,0.390082057290877,0.27253940657654,0.108610282937719
OHC,2018-2019,HC,1.0,0.2059295138776,-0.137987139824525,0.210447189198677
DLC,2020-2021,LC,0.0,0.390657927544827,-0.039530063725556,-0.385380453160199
D7,2019-2020,HC,1.0,0.35796812435335,0.02262921146164,-0.120625109996293
F1,2020-2021,HC,1.0,0.192967975150865,0.15621012043088,0.00537234084673099
SLC,2017-2018,LC,0.0,0.190283814721897,-0.0206253737839199,-0.007071054993223
B1,2020-2021,HC,1.0,0.540084644121238,-0.496619461206439,-0.412898184284962
MHC,2019-2020,HC,1.0,-0.0193778079589237,0.33500484710476,0.333654639363646
MHM,2020-2021,HM,0.0,0.258767577938129,0.21502558420762,-0.061382449544948
AHC,2017-2018,HC,1.0,0.237414168503199,0.302654379414678,0.081188973592094
GLM,2018-2019,LM,0.0,0.144485841970602,0.064606919647,0.21220504223056
SHM,2019-2020,HM,0.0,0.355162954955191,0.21472480238746,-0.017736768060536
HHM,2019-2020,HM,0.0,0.288474549550546,-0.26887501708695,0.177998722747908
BLC,2020-2021,LC,0.0,0.214859414211588,-0.165865275187098,-0.211150219403881
MLC,2018-2019,LC,0.0,0.425954210376877,0.35993436356518,-0.171229738528962
FHM,2017-2018,HM,0.0,0.23220059649559,0.00724685307974005,0.088056722034596
OLC,2019-2020,LC,0.0,0.0962626511873852,0.2779011248315,0.163345473868479
JHM,2020-2021,HM,0.0,0.0725332416056315,-0.219684681174574,-0.0753443036898245
GHC,2018-2019,HC,1.0,0.323465126991631,-0.29215178020431,-0.148125008366435
HLC,2017-2018,LC,0.0,0.247119713555358,-0.239678835720298,0.19471608459307
FLM,2019-2020,LM,0.0,0.0016408907293799,0.289355674444995,0.445148235265291
D9,2020-2021,HC,1.0,0.370400184637709,0.214255294477886,-0.200453107645012
FHC,2019-2020,HC,1.0,0.441133228628768,0.032680824817055,-0.152137059816288
NLM,2017-2018,LM,0.0,0.313232599588446,0.28797036565156,-0.038762169375089
HLM,2019-2020,LM,0.0,0.15240422067869,-0.12123806396931,0.110556896200858
MHM,2018-2019,HM,0.0,0.203978183716947,0.34487437885007,0.069792329262232
HHC,2020-2021,HC,1.0,0.478962039321694,-0.145425053517316,-0.482620807607985
THM,2020-2021,HM,0.0,0.264446121735986,0.281304700302972,0.168904009058684
AHC,2019-2020,HC,1.0,0.136142576603891,0.605684378469083,0.425422157724553
OLM,2020-2021,LM,0.0,0.122261449157041,-0.03125488391799,0.124898279498886
MHM,2017-2018,HM,0.0,0.280880353316687,-0.221459855910624,-0.283132509999121
JHC,2019-2020,HC,1.0,0.140904858852835,0.0336237120804102,0.037505052437546
F1,2017-2018,HC,1.0,-0.00875903580140913,-0.11715576851012,0.121347088550959
NLM,2020-2021,LM,0.0,0.382539612083805,-0.066405991038769,-0.2317030276112
NHM,2019-2020,HM,0.0,0.257400418114245,0.090296211052224,-0.169721639414371
JLM,2020-2021,LM,0.0,0.0230987063056014,0.437184508358902,0.224565649669723
DLM,2018-2019,LM,0.0,0.426973473102545,-0.28893162862228,-0.320977948625139
D10,2019-2020,HC,1.0,0.288514229070669,0.19607406043771,-0.064097307416718
D5,2020-2021,HC,1.0,0.223045499306378,-0.28231919299869,-0.229553792837973
SHC,2019-2020,HC,1.0,0.332563097493768,-0.0290896829123999,-0.154538431136337
GLC,2020-2021,LC,0.0,0.0638506974983906,0.317793526105861,0.0762061280676864
DHC,2019-2020,HC,1.0,0.448543456236148,0.42040242762983,-0.116268124748475
AHM,2019-2020,HM,0.0,0.0190496795957167,-0.04872575047735,0.494760260173463
JHC,2019-2020,HC,1.0,0.249642763923621,-0.12644969919533,-0.092094920880235
D10,2020-2021,HC,1.0,0.208340084785471,-0.0420500722200601,-0.00488657476867901
NHM,2020-2021,HM,0.0,0.128552035798519,-0.14027993182116,0.031201202744276
D4,2019-2020,HC,1.0,0.549375229447954,-0.10649815468039,-0.328396131931926
DLM,2018-2019,LM,0.0,0.325138009999509,-0.13328033131533,-0.078681554440274
SHM,2018-2019,HM,0.0,0.0401653487323865,0.232798472351119,0.39447327973445
BHM,2018-2019,HM,0.0,0.320840004390563,-0.0703573994787701,-0.256344133256415
TLM,2020-2021,LM,0.0,0.119626015974993,0.234078615454918,0.117063329688904
OHM,2017-2018,HM,0.0,0.376251394705462,-0.413166888554101,-0.272056350363147
FHM,2018-2019,HM,0.0,0.333477447161213,0.122329909804456,-0.24040876045048
BLC,2019-2020,LC,0.0,0.0744877656087781,0.13310400779403,0.173244489512099
BHM,2018-2019,HM,0.0,0.437026112517132,-0.29582295112198,-0.266905736750944
SLC,2020-2021,LC,0.0,0.244179866798227,0.0738139695738631,-0.259637136015812
AHM,2019-2020,HM,0.0,0.267324516164464,0.28340029208047,0.137553093007418
MHC,2019-2020,HC,1.0,0.194180624099684,-0.122411972669758,0.343152247724891
D9,2019-2020,HC,1.0,0.183637596846406,0.468766968486069,0.152037411340651
BHC,2020-2021,HC,1.0,0.321401272141292,0.382351437585744,-0.146116592391519
D1,2018-2019,HC,1.0,0.0635022506546845,-0.0937936814228899,0.545162225314947
SLM,2018-2019,LM,0.0,0.28952735039013,0.27165500654683,-0.082649796400834
BLM,2017-2018,LM,0.0,0.169848229675309,-0.12848342141356,0.112303143100956
OLM,2019-2020,LM,0.0,0.350958460318441,-0.091147698992703,-0.311073919084302
SHM,2018-2019,HM,0.0,0.15757989288002,0.36647887516755,0.123563342004766
D8,2017-2018,HC,1.0,0.142983405102748,-0.263128628736738,0.196252886355871
FHM,2019-2020,HM,0.0,0.122048807459951,-0.01634240686443,0.113514638656767
FLM,2018-2019,LM,0.0,0.187862159485257,-0.13381795298938,0.132653036761873
GLC,2018-2019,LC,0.0,0.0521830992028125,0.1561240149275,0.0098022527075516
D1,2020-2021,HC,1.0,0.266952342547807,0.000405295166199915,0.129309489789945
ALM,2018-2019,LM,0.0,0.231915692644779,0.0889632790743802,0.035288417179975
GHC,2018-2019,HC,1.0,0.138807674479492,0.1421343324376,0.173872664995876
FHC,2018-2019,HC,1.0,0.382415805598267,-0.37256339486387,-0.027712234960258
F1,2019-2020,HC,1.0,0.616160578956287,0.13211917913142,-0.395516980442444
FHC,2020-2021,HC,1.0,0.549101297861125,-0.59615072687596,-0.373826125073074
DHC,2018-2019,HC,1.0,0.249398587655013,-0.123413691465225,0.052817643608851
GHM,2019-2020,HM,0.0,0.129266701956335,-0.15975913393661,0.045236481257174
HHM,2017-2018,HM,0.0,0.178019429071196,0.0939284911442,0.183863168947791
NHC,2019-2020,HC,1.0,0.485996125369001,-0.34797986401141,-0.047783673664221
D9,2017-2018,HC,1.0,0.372477076182039,-0.23225584741346,-0.214045709997813
OLC,2017-2018,LC,0.0,0.0327150207398714,-0.173769012531558,0.0885083425283096
BLC,2018-2019,LC,0.0,0.516445292774755,-0.144081441345001,-0.266473335082654
OHC,2020-2021,HC,1.0,0.341323245247059,-0.0499509171645791,-0.223864442982414
D10,2018-2019,HC,1.0,0.215085859390591,0.105617865937754,0.023725158762941
FHM,2019-2020,HM,0.0,0.116538097328029,-0.319518038024213,0.048750588207453
GHM,2019-2020,HM,0.0,0.380931994612379,-0.11926841333841,-0.105773099796447
GHC,2020-2021,HC,1.0,0.372244151428769,0.20403456492131,-0.189521191183945
BLC,2018-2019,LC,0.0,0.198470372833779,0.0512389954926602,0.00428690564971501
DHM,2020-2021,HM,0.0,0.211997265655488,0.0252248566479271,-0.164106735438174
DLC,2019-2020,LC,0.0,0.146181280055408,0.0778783837986401,0.03533533839995
JHC,2020-2021,HC,1.0,0.18617340302374,0.145144187151437,-0.181707357091603
OLC,2020-2021,LC,0.0,0.296146752930619,-0.09323723601218,-0.168614934289475
FHC,2019-2020,HC,1.0,0.256657959802501,0.14472387281572,0.060140145172028
BLM,2019-2020,LM,0.0,0.0336118700651418,-0.26834687006318,0.441613124063334
MLM,2020-2021,LM,0.0,0.0743896152959334,0.0454420087222001,-0.001837142244979
JHM,2017-2018,HM,0.0,0.131143588402941,0.537942130708579,0.296851060676686
OHC,2017-2018,HC,1.0,0.214120784186207,0.36560521839099,0.402519514554413
OLC,2018-2019,LC,0.0,0.175783988677492,0.308025305183182,0.196152885750187
HLC,2018-2019,LC,0.0,0.341602383322205,-0.0691271806507101,-0.047530367192655
D9,2018-2019,HC,1.0,0.171898748776601,0.211650576622777,-0.111005462032602
DHM,2020-2021,HM,0.0,0.38073178454786,-0.178290162861422,-0.224541241192761
BHM,2018-2019,HM,0.0,0.24150812247451,-0.15098513093015,0.086421202848759
NHC,2018-2019,HC,1.0,0.36515559067476,-0.0995317374162699,0.127088814400485
BHM,2020-2021,HM,0.0,0.243530575779529,-0.243186697038323,0.00423921018130199
MLM,2019-2020,LM,0.0,0.298046443192806,-0.0472023509313659,-0.167188858188752
MLC,2018-2019,LC,0.0,0.130184304523536,0.33613295078932,0.387528338020978
DLC,2019-2020,LC,0.0,0.0801359617878872,0.257128669743512,0.269018111013205
GHM,2019-2020,HM,0.0,0.347865998026745,-0.02830670945947,0.229856546551828
NLC,2019-2020,LC,0.0,0.202143293992692,-0.277550850166698,-0.146028868381386
GHM,2018-2019,HM,0.0,0.00661458809506565,-0.138092081431103,0.00277673419593816
HHC,2019-2020,HC,1.0,0.191479739739469,0.12093177106662,0.139747470374982
SHC,2020-2021,HC,1.0,0.238115406662876,0.110794662999346,0.039376541228923
GHC,2019-2020,HC,1.0,0.388021646569683,-0.00956460885868005,-0.138241980774863
SLC,2018-2019,LC,0.0,0.200034083588839,-0.28117088960907,-0.211121008042496
GLC,2018-2019,LC,0.0,0.118110210446924,0.155755212560444,0.201596588881894
OLM,2020-2021,LM,0.0,0.409344645370309,0.116270625370095,-0.193766322063391
BHM,2019-2020,HM,0.0,0.184091951165662,-0.05724063978928,-0.113030120126124
DHM,2018-2019,HM,0.0,0.161322416763357,-0.45678779353289,-0.058114909803261
NHC,2018-2019,HC,1.0,0.148266732407401,-0.01204059326451,0.208770827928253
AHC,2018-2019,HC,1.0,0.452967477545816,-0.06169232153899,-0.293273809308295
JLM,2018-2019,LM,0.0,0.210761483124535,0.1323445787398,0.07489998479168
SLC,2017-2018,LC,0.0,0.190482657090517,-0.099470291430781,-0.200805913224012
OHC,2020-2021,HC,1.0,0.29409805701085,0.253903681391102,-0.153190151769448
D9,2017-2018,HC,1.0,0.277964310562941,0.00697089099180004,-0.160247835713722
NLM,2018-2019,LM,0.0,0.18073517735176,0.417054443682482,-0.142751470844692
SHC,2017-2018,HC,1.0,0.44456040542296,-0.24983799767068,-0.154971071571297
SHM,2020-2021,HM,0.0,0.40516561216372,-0.19784191427697,-0.33234287422618
SHM,2019-2020,HM,0.0,0.12855620349057,0.0938585517805799,0.229902615297011
GHM,2020-2021,HM,0.0,0.274778547000036,0.20045931955372,-0.127641452763686
DLM,2020-2021,LM,0.0,0.143765359625581,-0.05687137612546,-0.030490017448119
D8,2017-2018,HC,1.0,0.390664205521388,-0.130244768899143,-0.07516330862704
D9,2017-2018,HC,1.0,0.454175837666894,-0.0042743378234702,-0.333473519622399
HHC,2018-2019,HC,1.0,0.374750457312621,0.04727634253952,-0.191278740801169
NLC,2020-2021,LC,0.0,0.369127319165802,-0.06004475334882,-0.219597184091845
DHC,2019-2020,HC,1.0,0.252796544942787,-0.087948126927264,-0.074702356766124
FHM,2018-2019,HM,0.0,0.153480011837389,0.39613721567769,0.407035510196866
NHC,2020-2021,HC,1.0,0.0499169568216311,-0.0975023140395501,0.2015491527177
D1,2019-2020,HC,1.0,0.445287312377663,-0.05761494957807,-0.177423791342335
GHC,2020-2021,HC,1.0,0.170512970063064,-0.0449687470089801,0.00465343998026599
NLM,2019-2020,LM,0.0,0.264960038616181,-0.025805065898978,0.070967737762625
D5,2019-2020,HC,1.0,0.246358855337411,0.28618651295843,0.017778132837276
OLC,2018-2019,LC,0.0,0.424955432009318,-0.00932321373042,-0.440987153954438
NHM,2017-2018,HM,0.0,0.258770038628633,-0.313785107662398,-0.113490266544723
TLM,2020-2021,LM,0.0,0.379111895295551,-0.07146064288428,-0.140826037756107
D9,2017-2018,HC,1.0,0.269998175616711,0.011664502364674,-0.067027616803749
OLC,2018-2019,LC,0.0,0.294945049879292,-0.165743551333451,-0.235519391935197
JHM,2018-2019,HM,0.0,0.131774970106618,0.078707145304671,-0.00410491180037001
MHM,2018-2019,HM,0.0,0.498402391011333,-0.176304480829591,-0.342014260258308
D6,2017-2018,HC,1.0,0.343591550328948,-0.206177721393074,-0.268819240941212
OHC,2018-2019,HC,1.0,0.16735663405201,0.01295169788765,0.110144625842408
HLM,2017-2018,LM,0.0,0.383507026228272,0.10993541599696,-0.146707898717125
OLM,2020-2021,LM,0.0,0.112470884452043,-0.117956742166,0.016742411208008
SLM,2017-2018,LM,0.0,0.278069579235955,-0.27623325286,0.023981105768672
DHC,2018-2019,HC,1.0,0.453272017172637,0.013350140990268,-0.151371601598035
AHM,2017-2018,HM,0.0,0.532065210402227,0.125936536373002,-0.370057537400081
DLC,2017-2018,LC,0.0,0.0637399633507714,0.546655897550498,0.0226996053600252
GHM,2019-2020,HM,0.0,0.108973146315184,-0.123439980512038,0.135875229356481
OLC,2018-2019,LC,0.0,0.329006766216236,-0.0871077322532299,0.078338428297652
FHM,2020-2021,HM,0.0,0.136690577731321,0.13731318694175,0.299010900294148
SLM,2017-2018,LM,0.0,-0.00588223321772552,-0.091877814204923,0.0164540461910121
HHM,2020-2021,HM,0.0,-0.0226473609116793,-0.54823426351091,0.06722916044961
SLC,2020-2021,LC,0.0,0.12970704567416,0.09727197550947,0.373678393411673
FHC,2019-2020,HC,1.0,0.474882803979148,0.00365141708389094,-0.477062160458082
NHM,2017-2018,HM,0.0,-0.00696180782663847,-0.208918933923524,0.218683881797623
HLC,2017-2018,LC,0.0,0.103542149028764,-0.06414403889484,0.037795807363274
MHM,2019-2020,HM,0.0,0.248141312357062,0.24599966288722,-0.042907476456314
OLM,2018-2019,LM,0.0,0.215756055398365,0.367446956788849,0.088691157922388
ALM,2019-2020,LM,0.0,0.21072316086407,-0.488751705557885,-0.204628562172467
DLM,2019-2020,LM,0.0,0.356457770595031,0.601473406446763,-0.050123136912573
JLM,2019-2020,LM,0.0,0.318057895010367,-0.058437895925346,-0.200423685000227
GHC,2018-2019,HC,1.0,0.123040362239851,-0.193976745333844,-0.0534635490723084
D8,2017-2018,HC,1.0,0.230739046596829,-0.029117227076662,-0.077665174971094
ALC,2017-2018,LC,0.0,0.218519775589837,-0.212303479526276,-0.228349658885777
AHC,2018-2019,HC,1.0,0.36851718698438,-0.309063332132086,0.133360078528864
DLM,2019-2020,LM,0.0,0.302466498065263,-0.0160662483560099,0.071248009203973
SHM,2017-2018,HM,0.0,0.158430907402501,0.145571435972527,0.300781440290798
D9,2020-2021,HC,1.0,0.489000133441009,0.224805498371393,-0.221163431259362
DHC,2017-2018,HC,1.0,-0.00334409423975601,0.415797175085567,0.375696617673042
D9,2018-2019,HC,1.0,0.190648113999551,-0.017125076590022,0.184290745174906
FHC,2019-2020,HC,1.0,0.368564043482123,0.02668071730407,-0.040684846433484
OLM,2017-2018,LM,0.0,0.342584226904252,-0.50516259054963,-0.204946561610155
MLC,2019-2020,LC,0.0,0.171707054477173,0.145008202058841,0.055112316296707
FLM,2020-2021,LM,0.0,0.472346398473035,-0.17853943913806,-0.320589796287738
DLC,2020-2021,LC,0.0,0.0346550088431243,-0.150587790381505,0.0883874943831387
DLC,2017-2018,LC,0.0,0.269209030484233,-0.22295208581541,-0.137029260367621
MHM,2017-2018,HM,0.0,0.384792819570288,-0.38487662499404,-0.205157798074676
MHC,2017-2018,HC,1.0,0.266552858863841,-0.407752484351703,-0.207671597446071
D7,2020-2021,HC,1.0,0.365414321782396,-0.138328343073059,-0.220546076893964
GLC,2019-2020,LC,0.0,0.341337638960614,0.00111513237589,-0.212682605856319
OHC,2018-2019,HC,1.0,0.12595577077888,0.32648483137923,0.179621049149292
OLC,2017-2018,LC,0.0,0.289106277136258,0.371124092465741,0.204811123832385
BHC,2018-2019,HC,1.0,0.0113405269606386,0.196725174066631,0.556403107470232
SHC,2017-2018,HC,1.0,0.076723391320858,-0.316969725956,0.073504955983754
GLM,2019-2020,LM,0.0,0.166579028688724,0.0953142206119821,0.119591218655639
GHM,2020-2021,HM,0.0,0.337046577483367,-0.11694338116569,-0.284755486610012
TLC,2018-2019,LC,0.0,0.209304939175233,-0.1608336693746,0.032566802333201
D8,2019-2020,HC,1.0,0.272960265496351,-0.15691429461643,0.096899697361316
F1,2019-2020,HC,1.0,0.413457109342771,-0.01004492807404,-0.164763575530645
MLM,2020-2021,LM,0.0,0.329468783835776,0.032723589216052,0.013258351102935
THM,2019-2020,HM,0.0,0.0298339564303081,0.40376121265224,0.267902468362422
JHC,2018-2019,HC,1.0,0.275709339571928,-0.04763343834596,-0.108554334431593
MHC,2020-2021,HC,1.0,0.362560847255813,-0.07898341335395,-0.104360747694607
NHM,2019-2020,HM,0.0,0.168213052189283,0.234750028053959,0.324575085745313
D1,2018-2019,HC,1.0,0.270657750945091,0.0180991677994889,-0.102561325492354
BLC,2019-2020,LC,0.0,0.156973205897339,0.00637242071189004,-0.022755612038721
JLM,2019-2020,LM,0.0,0.165510344291867,0.177016420290006,-0.154055862259215
OHM,2018-2019,HM,0.0,0.416150820079844,-0.354158063776052,-0.354211844979536
D1,2019-2020,HC,1.0,0.481962412049342,-0.09287097622218,-0.224525501884657
HHM,2019-2020,HM,0.0,0.0507019222916887,-0.31071177940151,0.0408163078338224
NHC,2018-2019,HC,1.0,0.295923144387724,0.11747706612946,-0.115548788561599
MHC,2019-2020,HC,1.0,0.207327986733135,-0.0143162128852211,0.160694235015505
TLM,2019-2020,LM,0.0,0.20943213181816,0.13999664890583,0.131945786436834
DLM,2017-2018,LM,0.0,0.383151361619981,0.3541296400232,-0.107885880130808
D9,2019-2020,HC,1.0,0.313199932698864,-0.09907877954317,-0.107645703998582
NLC,2020-2021,LC,0.0,0.444572793748274,0.117073188321863,-0.115045817265207
NHM,2017-2018,HM,0.0,0.282031815082156,-0.188425557264851,-0.178899927871915
GHM,2020-2021,HM,0.0,0.332240251262923,0.0820211257230399,-0.294943863729284
THC,2017-2018,HC,1.0,0.684815221313575,-0.21921573006684,-0.233818752268537
TLC,2019-2020,LC,0.0,0.234160861869176,-0.120423900265804,0.197259336724581
FLM,2018-2019,LM,0.0,-0.00330786437061747,0.583849873517501,0.237426515618915
DLC,2018-2019,LC,0.0,0.317938222911998,0.296759488962934,-0.282204427715572
BLC,2020-2021,LC,0.0,0.397993625582751,0.265254516266613,-0.375237812929478
OLC,2017-2018,LC,0.0,0.121559695868231,0.380614687003839,0.440889650530562
MLC,2017-2018,LC,0.0,0.223153369214617,-0.00755546443398991,-0.030510137266417
BLM,2018-2019,LM,0.0,0.549348661908954,0.06703428808787,-0.507438307114964
D4,2017-2018,HC,1.0,0.0981337657086976,0.249068709503404,0.298276194558992
GHM,2019-2020,HM,0.0,0.34245578116075,0.13771684149736,-0.209582100609116
OLM,2017-2018,LM,0.0,0.303973707103775,0.14650582697144,0.00614286585595597
MLC,2017-2018,LC,0.0,0.450345872043101,-0.21032655483693,-0.080424505075898
FLC,2017-2018,LC,0.0,0.116804723392481,-0.14246757252803,0.18666764574796
THM,2018-2019,HM,0.0,0.348986671891282,0.0769995635304501,-0.109337619222597
BLC,2019-2020,LC,0.0,0.0870865601666593,-0.030137033554861,-0.0518153590580326
DLM,2020-2021,LM,0.0,0.128104079561908,0.19095093054499,0.347897590669784
D4,2019-2020,HC,1.0,0.395807482488191,0.09699313047535,-0.138709570323003
ALC,2019-2020,LC,0.0,0.310190504700915,-0.733593884080236,-0.221077915911726
OLC,2018-2019,LC,0.0,0.107605608570596,0.463748971607121,-0.0986823447933502
BLC,2017-2018,LC,0.0,-0.00867099592127363,0.0908945095738101,0.600097016417836
JLM,2018-2019,LM,0.0,0.0724617434088768,0.308745346802957,0.249465512905551
OLM,2018-2019,LM,0.0,0.306773135341246,-0.391237207183805,-0.194321973870461
OLM,2020-2021,LM,0.0,0.416061357220743,0.28624266063304,-0.106632052606533
FHC,2018-2019,HC,1.0,0.0944006829052122,0.843583405562845,0.216155421593318
OLM,2020-2021,LM,0.0,0.302904222529361,-0.0441492863450499,-0.258643596641064
BHM,2019-2020,HM,0.0,0.144533766303484,0.235200422966426,0.420303071111221
FHC,2017-2018,HC,1.0,0.218601770058057,0.04045652315059,0.044471394918421
DLM,2020-2021,LM,0.0,0.0409713099019946,-0.07752817274151,0.456448770328763
JLM,2018-2019,LM,0.0,0.373309920503284,0.156634102710065,-0.195131577376881
DLC,2018-2019,LC,0.0,0.148125585681551,-0.046944561364834,-0.016791989279617
MLC,2020-2021,LC,0.0,0.30973455836816,-0.263945317649312,-0.197053235410474
MLM,2020-2021,LM,0.0,0.223796197349079,0.356162066527877,0.044274827301034
TLC,2019-2020,LC,0.0,0.373900535869562,-0.255888545942351,0.048342300061801
D1,2019-2020,HC,1.0,0.358138810955658,0.53634726032998,-0.149882581274242
BLC,2020-2021,LC,0.0,0.209922320160553,0.0416712590461099,-0.212573516413684
D4,2020-2021,HC,1.0,0.299362393605566,0.105295354714251,0.202049207137196
THM,2017-2018,HM,0.0,0.362916733357866,0.118442622727938,0.021030026730728
HHC,2019-2020,HC,1.0,0.352108818354419,0.13355349565883,-0.180847596923436
SHM,2017-2018,HM,0.0,0.317664320919764,-0.225890271992335,-0.171089941199726
SLM,2019-2020,LM,0.0,0.38562204325002,-0.0488323440982499,-0.225299727815912
JHC,2018-2019,HC,1.0,0.164392313286582,0.0270251540368069,-0.009111072113136
JHM,2020-2021,HM,0.0,0.139548854858655,0.210968934993491,0.073249133273559
MHC,2017-2018,HC,1.0,0.262721492989058,-0.333536204920123,0.185564705828198
DLC,2018-2019,LC,0.0,0.272253417603444,0.302776741441296,-0.103590039573999
THM,2020-2021,HM,0.0,0.336279571719988,-0.085411097047041,-0.217460949910948
GLC,2017-2018,LC,0.0,0.150128694652073,0.092598697488785,0.057068999249276
FHC,2017-2018,HC,1.0,0.0383028372050025,-0.20594258248986,0.334974450316905
DLM,2017-2018,LM,0.0,0.144451205472905,0.0995001762410299,0.324732569681981
MLM,2017-2018,LM,0.0,0.300254816817675,-0.305374095580948,-0.170547827101441
MLM,2020-2021,LM,0.0,0.174026023092685,0.28231139099331,0.076553078766782
NHC,2018-2019,HC,1.0,0.0459957422838606,0.2054065141958,0.50178558083105
F1,2019-2020,HC,1.0,0.484620937447663,-0.389879991207486,-0.161380152226319
SHC,2020-2021,HC,1.0,0.396294545151159,-0.574511308509959,-0.236412856039124
D9,2020-2021,HC,1.0,0.204208540901715,-0.260340442277927,0.134497919589702
MHC,2019-2020,HC,1.0,0.267170422645749,-0.03114302501109,-0.129068450183827
OLM,2018-2019,LM,0.0,0.219319869708738,0.02607099932627,-0.127816632056858
JLM,2019-2020,LM,0.0,-0.0210783669523718,0.2841283581011,0.338252840469261
SLM,2017-2018,LM,0.0,0.275492042249989,-0.079390486262338,0.055786005925015
ALM,2019-2020,LM,0.0,0.441872527737818,-0.0937551612960601,0.01218695385022
DLM,2020-2021,LM,0.0,0.367751135301831,0.1313160911702,-0.250860354093645
OHC,2018-2019,HC,1.0,0.0584422561679634,0.240163867415578,0.155813882138251
FHC,2020-2021,HC,1.0,0.150721147899018,0.301889736834833,-0.151398224935469
D9,2018-2019,HC,1.0,0.18711925600844,-0.205085562054821,0.177525192352564
DHM,2018-2019,HM,0.0,0.529554938869775,0.02266929392075,-0.417550074798813
OLC,2019-2020,LC,0.0,0.391548780190295,-0.0585631432375899,-0.178755572856861
SLC,2019-2020,LC,0.0,0.492141423419513,0.13188684250808,-0.017194718351838
OLM,2019-2020,LM,0.0,0.10764188646907,-0.118887044630686,-0.026446119039139
JHM,2019-2020,HM,0.0,0.358063311228809,-0.12374723661287,-0.221964009226533
OLC,2017-2018,LC,0.0,0.226584901553528,-0.0391438036620901,0.095858866585654
D5,2019-2020,HC,1.0,0.286875692627454,0.0692242442292299,-0.091361136986175
AHC,2017-2018,HC,1.0,0.0637318406992895,0.0730372554430819,0.366686828766675
HLC,2019-2020,LC,0.0,0.215952569335679,0.282273910607441,0.413888395858825
NLM,2020-2021,LM,0.0,0.0242260819985838,0.0816568834523499,0.28808111673233
SHM,2018-2019,HM,0.0,0.109319036157187,-0.14831912394327,0.121268506089636
D8,2019-2020,HC,1.0,0.15815284408177,0.16319249940667,0.120667241806908
AHC,2018-2019,HC,1.0,0.433651655956927,-0.01313691925577,-0.108918269584207
JLC,2017-2018,LC,0.0,0.28436103807598,-0.0494537447248999,-0.1200954995076
OHC,2017-2018,HC,1.0,0.136119392533364,0.19756995858889,0.223586932915132
JLC,2018-2019,LC,0.0,-0.00658978546450761,0.06496638371839,0.384820852376968
AHM,2020-2021,HM,0.0,0.361011703803449,-0.06699008211331,-0.203883570416034
TLC,2020-2021,LC,0.0,0.268631385480274,-0.06275180709326,0.044637356975523
MHM,2019-2020,HM,0.0,0.147545864769907,0.03726218984756,0.088218111566613
B1,2019-2020,HC,1.0,0.188954840317788,0.14658723191951,0.065415134869225
JLM,2017-2018,LM,0.0,-0.006559199571889,-0.196043902393289,0.166040685316586
GHM,2020-2021,HM,0.0,0.249577260201492,0.15567160194136,0.1609340262909
AHC,2020-2021,HC,1.0,0.0515151971803895,-0.26401982556581,0.307174139519106
D9,2020-2021,HC,1.0,0.376853564748347,-0.12656679125609,-0.381147027572046
DLM,2018-2019,LM,0.0,0.17275415448867,-0.055731276835988,-0.026296877497986
MLC,2019-2020,LC,0.0,0.264156830087776,0.383083725906676,-0.015385365868439
AHC,2017-2018,HC,1.0,0.32119072851779,0.00902903465438998,0.033341179314573
GHM,2020-2021,HM,0.0,0.180863896437191,0.234343317351506,0.215830726224832
SLM,2020-2021,LM,0.0,0.167718053005179,0.098804127534614,0.043822960185201
F1,2017-2018,HC,1.0,0.396911849136419,-0.10407857312533,0.005144145912585
ALC,2019-2020,LC,0.0,0.188753597938016,0.0625296395253101,-0.070874422929955
NHM,2019-2020,HM,0.0,0.388299786162533,-0.15868852371072,0.024807935746377
JLM,2020-2021,LM,0.0,0.121715189447281,-0.153624739412136,0.055184764837235
JLM,2019-2020,LM,0.0,0.0780559059185624,0.0839757092013,0.232465946936846
FHM,2018-2019,HM,0.0,0.148480424672352,-0.0979248046641881,0.146018289858908
D7,2017-2018,HC,1.0,0.17061267553982,-0.138063201537385,-0.0968327268570039
MLM,2019-2020,LM,0.0,0.247865441610498,-0.037673949048,-0.016340053914742
JHC,2019-2020,HC,1.0,0.238135807424924,-0.391247636610582,-0.032857842485683
HHC,2020-2021,HC,1.0,0.151318368018881,-0.16668297236497,0.026687548106959
D8,2020-2021,HC,1.0,0.32006596341977,0.00929023792011008,-0.157508952723125
FHC,2019-2020,HC,1.0,0.595898346491243,-0.05398509487147,-0.427834073982762
OHC,2017-2018,HC,1.0,0.0313028158334538,-0.08031780855422,0.242455311356098
ALC,2019-2020,LC,0.0,0.0287799583768453,-0.613010983372629,0.252562839759239
GLM,2018-2019,LM,0.0,0.328464685016572,0.10583306116062,-0.044699194203828
THM,2018-2019,HM,0.0,0.0771119269355467,0.109254501185045,0.19716246503965
SLC,2018-2019,LC,0.0,0.261165416310727,0.0501043777267001,-0.300160037952916
NLC,2018-2019,LC,0.0,0.121405601804425,0.15936876542587,0.347824553506981
AHC,2020-2021,HC,1.0,0.226469085904993,0.19592563163352,0.25668209625371
NLM,2017-2018,LM,0.0,0.168937386095666,0.262028235484299,0.190074031400983
MLC,2017-2018,LC,0.0,0.0452471035327344,0.19295916794723,0.0966730631788756
SHC,2018-2019,HC,1.0,0.221383042091421,0.356113633377618,0.024752488001402
TLM,2018-2019,LM,0.0,0.446667375958421,0.154299316559351,-0.382316014583205
DHC,2020-2021,HC,1.0,0.097066070760446,-0.12232097751587,0.234207025701673
OLM,2019-2020,LM,0.0,0.292855480760466,-0.308473521135012,-0.194332612258115
OLM,2018-2019,LM,0.0,0.325706774927996,0.36421693797526,-0.011964220105273
BHM,2020-2021,HM,0.0,0.404959792694963,-0.63530239852718,0.029151607955027
D9,2018-2019,HC,1.0,0.192231769335503,0.015877308495678,0.246754573595402
D8,2020-2021,HC,1.0,0.341927895884693,0.0944285128088831,-0.131306625387026
GHC,2020-2021,HC,1.0,0.260933006314621,-0.00768999167813011,-0.040796276648562
GHC,2019-2020,HC,1.0,0.16856026090596,-0.11633396552305,0.100260610659904
BHC,2017-2018,HC,1.0,0.11188845726954,0.0418972804947499,0.017928887360787
BHM,2019-2020,HM,0.0,0.221112055682563,-0.234543275574714,0.236813576055528
OHM,2017-2018,HM,0.0,0.267130569652835,-0.0788212993303898,-0.025840459938121
NLM,2018-2019,LM,0.0,0.31651036718156,-0.19201425620664,-0.034440108054508
AHC,2018-2019,HC,1.0,0.462531332277984,-0.11869463602047,-0.34667710472296
SHM,2018-2019,HM,0.0,0.118974032455568,0.00516800272284001,0.100478379367435
SHM,2017-2018,HM,0.0,0.291213397326093,0.22222727858557,0.040462334163183
GLC,2020-2021,LC,0.0,0.10027448523893,-0.22741137749666,-0.0584258978878614
D9,2018-2019,HC,1.0,0.0620464441231952,-0.00174787593415004,0.58095977207467
OHC,2019-2020,HC,1.0,0.558910740688895,-0.11820191070318,-0.282854136116555
D9,2020-2021,HC,1.0,0.252655113217629,-0.02360771053987,-0.251033413502579
FLM,2017-2018,LM,0.0,0.526481502221546,-0.27298247237861,-0.299089953486801
BLM,2020-2021,LM,0.0,0.544174847476339,-0.40613080497921,-0.450219394779985
SLC,2019-2020,LC,0.0,0.242131562220157,0.08183390168896,0.04404900847662
AHC,2019-2020,HC,1.0,0.22096310781938,0.276188883465772,0.110412335440638
TLC,2018-2019,LC,0.0,0.515990550107544,-0.18585638968196,-0.036664313654411
DLC,2017-2018,LC,0.0,0.261314025824957,-0.10610416689286,-0.264099472736303
D8,2017-2018,HC,1.0,0.255084062246386,-0.227914450737111,0.16397542740635
NHC,2019-2020,HC,1.0,0.372415320486365,0.216348026751779,-0.172858667951384
MHM,2018-2019,HM,0.0,0.352819573049941,0.0145324908322899,-0.063755364148402
TLM,2019-2020,LM,0.0,0.441240084394197,0.0150376849254401,-0.450313604490622
SLM,2020-2021,LM,0.0,0.0856082830300013,-0.182931601763444,0.0611664294545637
OLM,2019-2020,LM,0.0,0.0264413459181383,0.210190474665629,0.356320618465346
TLC,2019-2020,LC,0.0,0.0562313978229207,-0.346422458167931,0.0327503608381857
JLM,2019-2020,LM,0.0,0.0774586250099263,-0.246601769856648,0.0618239012074307
GHC,2020-2021,HC,1.0,0.708046370645202,0.13721225505027,-0.539818992501969
ALC,2017-2018,LC,0.0,0.426907277966118,0.121964524044713,-0.075199598556041
TLC,2017-2018,LC,0.0,0.0603770869327114,0.0846980665908871,0.278965055499024
DLC,2018-2019,LC,0.0,0.162700804411057,-0.0819899021633499,0.097583892356002
GHC,2019-2020,HC,1.0,0.241373258473793,-0.0198220513949099,-0.07911484466613
GHC,2017-2018,HC,1.0,0.214489407933342,0.282151785834126,0.09475801440134
OLM,2018-2019,LM,0.0,0.35043342804421,0.0647126971670551,-0.096260399417622
JHM,2019-2020,HM,0.0,0.220882148651042,-0.00742597075435003,0.15393133753868
FHM,2020-2021,HM,0.0,0.0729306087159931,-0.0800110089148098,0.48084541945692
DHC,2019-2020,HC,1.0,0.232822972428235,-0.0724760172879301,0.019207198512134
SLC,2017-2018,LC,0.0,0.263205217913055,0.220236567346904,0.128248389931456
BLM,2017-2018,LM,0.0,0.190989532410302,0.09692369172481,0.081670633204197
FLM,2020-2021,LM,0.0,0.0252066076368538,-0.09081951316536,0.069842956922336
D8,2019-2020,HC,1.0,0.0413886334515616,0.0723379159205539,-0.0150600271571224
D1,2020-2021,HC,1.0,0.354829338663088,0.09474567446496,-0.367946197123162
BLM,2018-2019,LM,0.0,0.202744408832344,-0.213235642103267,-0.182683929182896
OLC,2020-2021,LC,0.0,0.218629442368952,-0.0747192478940709,-0.096703804270134
MLC,2017-2018,LC,0.0,0.155806482300233,-0.0520171093890539,-0.0987290881268135
NHM,2018-2019,HM,0.0,0.182517054091064,0.0771608084133699,0.107687414806835
GHC,2019-2020,HC,1.0,0.211993349483663,0.30424961431053,0.149082810456923
HLM,2017-2018,LM,0.0,0.444889383305974,-0.304288871493581,-0.362048454548546
GHM,2019-2020,HM,0.0,0.197730455020022,-0.0347626943168802,0.130469905870186
THM,2018-2019,HM,0.0,0.159656069789996,-0.00483390182199006,0.264387237318907
OHC,2017-2018,HC,1.0,0.118037042133142,0.0480608328204459,0.074359506838042
SHM,2017-2018,HM,0.0,0.448089701877072,-0.267691196559946,-0.22744309947114
AHC,2019-2020,HC,1.0,0.0572888650687295,-0.059718904521159,0.213102739504015
SHC,2017-2018,HC,1.0,-0.00490492889656946,-0.12046080472195,0.149847826508936
JHM,2020-2021,HM,0.0,0.357702824279409,-0.0818229048243602,-0.362851124750721
TLM,2020-2021,LM,0.0,0.073821337345497,0.23381073577855,0.30986392361992
MHM,2017-2018,HM,0.0,0.336403828457562,-0.530070379212136,-0.261595875937081
OLM,2019-2020,LM,0.0,0.138713006576416,-0.00368267237474984,-0.034851847226649
OHM,2020-2021,HM,0.0,0.405571581584772,0.26137385587931,0.023772070091096
OLC,2018-2019,LC,0.0,0.0314523100860604,-0.338761521896601,0.195476468484805
OHM,2019-2020,HM,0.0,0.273896714662359,0.252425150000215,0.084855005417634
OLM,2020-2021,LM,0.0,0.400087369346849,-0.111076993992288,-0.201662844711978
DHC,2018-2019,HC,1.0,0.393452418813701,-0.092037224850233,-0.211702681208241
TLC,2018-2019,LC,0.0,0.324371219222903,-0.136255053381162,0.109814255181843
TLC,2020-2021,LC,0.0,0.304235358666287,0.06531288046952,-0.206888440789911
DHM,2019-2020,HM,0.0,0.103725349234307,-0.215048946176946,0.129767769314183
ALC,2019-2020,LC,0.0,0.29776422971689,0.034088622627887,0.00889685847124599
BHM,2018-2019,HM,0.0,0.504395519136588,-0.62629192654566,-0.411188728359935
BHC,2019-2020,HC,1.0,0.511384810109756,0.0711880870958299,-0.359958737284221
GHC,2019-2020,HC,1.0,0.302335675070128,-0.421188724367143,-0.073239020481916
GLC,2017-2018,LC,0.0,0.330940484460895,0.396282710566366,0.081053432375269
D4,2018-2019,HC,1.0,0.205627241308681,-0.081710876939547,0.295505387102667
D9,2017-2018,HC,1.0,0.0998817415574995,-0.16787728648455,0.166493364557972
D6,2019-2020,HC,1.0,0.397509889053827,0.15573603097064,0.107488045021145
OHM,2019-2020,HM,0.0,0.30709291768353,-0.475040435611559,0.041116159217416
SHC,2020-2021,HC,1.0,0.119068766902274,0.0877462662655799,0.297278893119077
GLM,2017-2018,LM,0.0,0.386379163746212,-0.55180434889284,-0.390002054803829
FHC,2017-2018,HC,1.0,0.157410230837809,0.0267998649163901,0.148829005266473
DHC,2018-2019,HC,1.0,0.320648933935076,-0.01312132027698,-0.021753562098529
GLC,2020-2021,LC,0.0,0.20940727013138,-0.0436643419882921,-0.179569445396848
MLC,2020-2021,LC,0.0,0.149458133829896,0.269583861679105,0.11275339166848
TLC,2018-2019,LC,0.0,0.451640638586103,0.0376506073462499,-0.302039127390768
GHC,2018-2019,HC,1.0,0.0820797171605008,0.030016655017793,0.0170280281739321
MLC,2020-2021,LC,0.0,0.302730756029888,0.121152124102339,0.113434131583911
OHM,2019-2020,HM,0.0,0.0431379605986928,-0.149392650064651,0.322228654936258
DLC,2018-2019,LC,0.0,0.429830872928917,0.13578094814374,-0.072117685969228
D9,2020-2021,HC,1.0,0.0483114615623534,0.31555009948943,0.188018084590561
FLC,2017-2018,LC,0.0,0.286487705423897,-0.308931668831343,-0.00864076258438101
FHC,2018-2019,HC,1.0,0.255321819723154,0.01385624245321,0.277276067147318
NHC,2020-2021,HC,1.0,0.245029768490507,0.15641285317978,0.014929279492772
OHM,2018-2019,HM,0.0,0.209021270961014,-0.1981141384963,0.183918948775236
THC,2020-2021,HC,1.0,0.143856868183785,0.370279939268792,0.209627020106355
B1,2019-2020,HC,1.0,0.297424416032594,0.12525947189522,0.049112034366104
MLC,2019-2020,LC,0.0,0.254909714079867,0.0714964718486081,-0.018325740301049
BLC,2020-2021,LC,0.0,0.111715699734824,0.1270261694874,-0.0786616733302402
FHC,2019-2020,HC,1.0,0.407765335805457,-0.03621594769234,-0.319433120910917
MHC,2017-2018,HC,1.0,0.0904788341515805,0.23873669158024,0.219549683933672
JLC,2019-2020,LC,0.0,0.12106871956676,0.0555953777542201,0.126349048075363
SHC,2019-2020,HC,1.0,0.443136086320389,0.249368368428864,-0.075291175396808
DHC,2019-2020,HC,1.0,0.288269138467498,0.112701918637558,-0.161656082417764
GHM,2018-2019,HM,0.0,0.292175704100101,0.14886718635977,-0.047311547304279
SLC,2018-2019,LC,0.0,0.21628737432604,0.18091766357575,0.327449529124285
GHM,2019-2020,HM,0.0,0.1715103263641,0.10504186033708,0.092895406402876
GHM,2020-2021,HM,0.0,0.245482058108514,0.160447669563194,-0.029050276587786
SLC,2019-2020,LC,0.0,0.203701318432609,-0.32669483474639,-0.038271358698413
B1,2018-2019,HC,1.0,0.500610095659364,-0.22268191314222,-0.325492948052067
BHM,2019-2020,HM,0.0,0.0845114022405018,-0.254840424371277,0.0222167444462642
SHM,2018-2019,HM,0.0,0.27872645550177,0.00976103131370998,0.157795118405025
D8,2017-2018,HC,1.0,0.18161432118021,-0.14055496023569,0.049799500761385
FHM,2020-2021,HM,0.0,0.132553837556842,0.05087136703807,0.093539573196205
BLM,2018-2019,LM,0.0,0.137813682378346,0.089113076932609,-0.0471912255019332
MHM,2019-2020,HM,0.0,0.380663048855928,0.0224135056005099,-0.170804109542797
D4,2018-2019,HC,1.0,0.297840764512111,0.03590316081059,0.006644840409533
JLM,2018-2019,LM,0.0,0.220425020574346,-0.03782920354789,-0.173603686771692
MHC,2020-2021,HC,1.0,0.260568817315007,0.03217051364316,-0.048275916879599
TLM,2018-2019,LM,0.0,0.142225024394343,0.0423917454937399,0.186420767761553
AHM,2017-2018,HM,0.0,0.0262897032213893,-0.370850745614299,0.200763035534083
NLC,2018-2019,LC,0.0,0.3101034760648,0.113412254732921,0.00768405836390501
SHM,2020-2021,HM,0.0,0.376023390773724,-0.29273391666991,-0.129504145979275
OLM,2020-2021,LM,0.0,0.300337127831274,-0.154375767938902,-0.23366193106246
D8,2020-2021,HC,1.0,0.125274266926459,-0.294891827640963,0.029521233366565
D2,2018-2019,HC,1.0,0.33344253997595,-0.17555448102355,0.129355272008013
F1,2018-2019,HC,1.0,0.269815641545598,0.250237372483451,0.326840246278866
BHM,2020-2021,HM,0.0,0.349191475356484,-0.27271578714494,0.239012458714408
MLM,2020-2021,LM,0.0,0.40501721433819,0.105580251957538,-0.326103113013172
D9,2020-2021,HC,1.0,0.141431348548472,-0.061724751450746,-0.0476096156686691
JLM,2020-2021,LM,0.0,0.335353553545246,0.136437727928826,-0.171869028648857
MHM,2017-2018,HM,0.0,0.329732133762784,-0.14275010548454,0.122657485997143
OLM,2019-2020,LM,0.0,0.236435217228105,0.126172866112068,0.193351352408514
BHC,2017-2018,HC,1.0,0.124552485521302,0.097667447427675,-0.0993195997966431
SLM,2017-2018,LM,0.0,0.506987790671076,0.01590240318602,-0.049143435412575
OLC,2019-2020,LC,0.0,0.319989443524605,-0.0741973112904689,-0.040748474554634
D1,2019-2020,HC,1.0,0.168096425452737,0.174906888203454,-0.0962165093705295
SLC,2018-2019,LC,0.0,0.590040968561085,-0.693425719810972,-0.205161680833576
NHM,2017-2018,HM,0.0,0.349064929221135,-0.35417298704685,-0.210862636137027
JLM,2019-2020,LM,0.0,0.0866485974911384,0.0714557927640431,0.157305199130421
NHM,2017-2018,HM,0.0,0.525426143498501,0.13003500010848,-0.392747759073793
NLM,2019-2020,LM,0.0,0.192229936811166,-0.0392079023050498,-0.017646355910915
BHC,2019-2020,HC,1.0,0.458058020270219,-0.138887801653521,-0.367614016822545
JHC,2017-2018,HC,1.0,0.199006633100462,0.468506407140071,0.173488018945141
OHC,2020-2021,HC,1.0,0.134430676297209,-0.01980922110618,0.049942279594985
GLC,2017-2018,LC,0.0,0.25394940184465,0.0372631134832901,0.238509008363347
THM,2018-2019,HM,0.0,0.116844460872294,0.0538019394993879,0.193915182720571
JLC,2020-2021,LC,0.0,0.0977030582502214,0.10229842608988,-0.010764357907415
MHM,2017-2018,HM,0.0,0.0736432742136555,0.0571392955158451,0.0960978396426115
OLM,2017-2018,LM,0.0,0.137678646562645,0.24678496190809,0.158023817499422
ALC,2019-2020,LC,0.0,0.0784169639361165,0.10678713649174,0.305858764632625
MHM,2020-2021,HM,0.0,0.338345267016104,-0.078056049883161,-0.203669507932408
DLC,2018-2019,LC,0.0,0.425397537264944,-0.15462418530501,-0.200769166502526
GHC,2018-2019,HC,1.0,0.263109691931541,0.358806624300447,0.124872860865646
TLC,2019-2020,LC,0.0,0.143942820443098,-0.0439368949427799,-0.026567543212702
DHC,2020-2021,HC,1.0,0.215743398885048,-0.164014388567772,0.031769466424068
D8,2018-2019,HC,1.0,0.147314573033976,0.126247432751373,0.001242306690726
JLM,2020-2021,LM,0.0,0.187900667271345,0.11284521554592,0.069922677295228
OLC,2017-2018,LC,0.0,0.165966818967544,-0.02116886607232,-0.00442897349979002
SHC,2018-2019,HC,1.0,0.32143219970959,-0.12094771304611,-0.157630930438242
AHM,2020-2021,HM,0.0,0.137379787214067,0.303868855434443,0.34348520303468
SHM,2019-2020,HM,0.0,-0.0172345382407371,-0.21837846487342,0.202384395570223
D1,2018-2019,HC,1.0,0.428419183540094,-0.145465799329614,-0.119314419251325
NLM,2018-2019,LM,0.0,0.369594837952409,0.16191656691523,0.114065948757172
THC,2019-2020,HC,1.0,0.375975396153584,0.04385071981612,0.01106738662041
OHM,2020-2021,HM,0.0,0.314439900507077,0.36047428639267,0.043369872531287
GHC,2020-2021,HC,1.0,0.304958416444985,0.20229499671602,0.014656890000904
FHM,2019-2020,HM,0.0,0.271121972472383,0.17243620710235,0.177677664102522
SLC,2019-2020,LC,0.0,0.4523116870566,-0.38793863030112,-0.31105578342772
BHM,2017-2018,HM,0.0,0.624253506666722,0.11451478004594,-0.211166065200294
THM,2019-2020,HM,0.0,0.31229452630952,0.0245164597904649,-0.164985024693302
FHM,2017-2018,HM,0.0,0.210102920567985,-0.174563830920396,-0.190315770831792
JLM,2018-2019,LM,0.0,0.142171044296899,0.0985074436909599,0.047366837857355
FLM,2020-2021,LM,0.0,0.0563709353596402,0.100668958138547,0.210435277055145
DLC,2020-2021,LC,0.0,0.195431214047509,-0.298913845530365,0.07157024413475
OLM,2018-2019,LM,0.0,0.271776568075632,-0.0629575158920401,-0.049206607540014
JHM,2018-2019,HM,0.0,0.151355756825287,0.15251336894438,0.022445456545959
SHC,2020-2021,HC,1.0,-0.0161719214015053,-0.39131474459336,0.271004362650749
OHC,2017-2018,HC,1.0,-0.00558164118669513,-0.02285411766039,0.197939736648042
HLM,2019-2020,LM,0.0,0.202947021910208,-0.16456492805237,0.244289819567545
NHC,2017-2018,HC,1.0,0.283798475683517,0.1081477429705,-0.05093178350235
GHC,2020-2021,HC,1.0,0.147703365813057,-0.149542791876118,0.233987696294643
FLC,2020-2021,LC,0.0,0.297786232913438,-0.0732095961069901,-0.295686917495179
OLM,2020-2021,LM,0.0,0.165954688808881,0.036535449404704,-0.0762017935966832
NHM,2017-2018,HM,0.0,0.247909086176036,0.140802901170902,-0.144300036323552
JLM,2019-2020,LM,0.0,0.284953794268824,-0.268375478550065,-0.096865310849205
B1,2017-2018,HC,1.0,-0.00835068273789497,0.684378229732267,0.347890009913448
DHC,2020-2021,HC,1.0,0.178094188176663,0.121183379372684,0.143663715566373
OHM,2018-2019,HM,0.0,0.0914478608986362,0.20538433143149,0.194028484363554
BLM,2017-2018,LM,0.0,0.314754356711315,0.05355863317722,-0.00920507396780701
AHM,2017-2018,HM,0.0,0.469176550042562,-0.27667027883804,-0.415551838099173
SHM,2018-2019,HM,0.0,0.293918384706713,-0.118136429569538,-0.14128916556023
B1,2020-2021,HC,1.0,0.313283433844035,0.0894518895874901,0.111523578657932
DLC,2017-2018,LC,0.0,0.174174424830307,0.0448593682601999,0.137986290867701
OLC,2018-2019,LC,0.0,0.485691000238523,-0.624301592399796,-0.101730646876772
MHC,2018-2019,HC,1.0,0.560586064973752,-0.28516462033399,-0.441689305746646
MLM,2018-2019,LM,0.0,0.0823257848872936,0.00510360912343,0.103261926265415
HLC,2019-2020,LC,0.0,0.210824887570902,-0.0305080695976101,-0.15164178844864
GLC,2017-2018,LC,0.0,0.0581980792915615,0.024404899763272,0.241393396178707
BHM,2018-2019,HM,0.0,0.221567445000567,0.091335644335307,0.010337040884557
SHM,2019-2020,HM,0.0,0.05083724442591,-0.04136436688928,0.301540727325317
TLM,2018-2019,LM,0.0,0.257115394470682,0.157833439708765,-0.017767473208305
ALC,2020-2021,LC,0.0,0.376567596875859,-0.08813290854416,-0.166555996782004
MLM,2020-2021,LM,0.0,0.2579722279293,0.108981023711691,0.057441160272977
D6,2017-2018,HC,1.0,0.246601378734835,0.405184919285555,0.096912342049203
D1,2017-2018,HC,1.0,0.209577328453081,0.34966930879623,0.151023277324778
F1,2017-2018,HC,1.0,0.389891517096778,0.0474773728862099,0.00409288230926302
OLM,2017-2018,LM,0.0,0.426080856287923,-0.356123309185871,-0.135865294098927
D9,2019-2020,HC,1.0,0.46346454169671,-0.14216479124001,-0.475920880153657
THM,2019-2020,HM,0.0,0.120295145543833,-0.0343410572132199,-0.110059618616235
DLC,2020-2021,LC,0.0,0.132617020782156,0.03424923718977,0.130331038190885
BLC,2018-2019,LC,0.0,0.0821513035618158,-0.0174147368345601,0.0451945963282472
OLM,2019-2020,LM,0.0,0.159228798466467,-0.141709586420576,0.132585795813345
MLM,2019-2020,LM,0.0,0.306580595268848,0.01919757964213,-0.033603841316066
GLC,2017-2018,LC,0.0,0.398536331621598,0.0241634590352301,-0.392836499189078
JLM,2018-2019,LM,0.0,0.291747255715975,0.0627611336106481,-0.302473598090325
AHC,2019-2020,HC,1.0,0.091251758609153,0.00430844156985,0.166763933060221
HHM,2020-2021,HM,0.0,0.234961764802478,-0.49640984255629,-0.105293820195024
AHM,2018-2019,HM,0.0,0.363271739123569,-0.14141236173243,-0.15757344704642
AHC,2019-2020,HC,1.0,0.0905866748159815,0.260476263600395,0.139674092927432
AHM,2018-2019,HM,0.0,0.207087041374319,0.073041138923689,-0.090904043337786
BHC,2020-2021,HC,1.0,0.41111479226231,-0.145582296687613,-0.331693044650689
HHM,2017-2018,HM,0.0,0.441006138602174,-0.308677619559795,-0.074187708848179
F1,2020-2021,HC,1.0,0.315147311646941,0.25529547066509,-0.053413575092869
AHM,2019-2020,HM,0.0,0.400782260249648,0.23382086462957,-0.288108597151488
OLM,2018-2019,LM,0.0,0.288771028613058,-0.11230625757949,-0.195885654436956
ALM,2020-2021,LM,0.0,0.318502354879014,0.00170941167706207,-0.21471115063498
SLM,2019-2020,LM,0.0,0.25635004822806,-0.112377629921729,-0.120434991416018
MLC,2017-2018,LC,0.0,0.551212246389437,-0.324102751177197,-0.327362090249636
OLM,2017-2018,LM,0.0,0.377620771795649,-0.374440211060385,-0.12331273416101
JLM,2019-2020,LM,0.0,0.0950899563313259,0.20598282745192,0.161064575808933
GHM,2018-2019,HM,0.0,0.0841385870430669,0.075685002523381,-0.076216216267983
D1,2019-2020,HC,1.0,0.253317484347002,0.04922158990073,0.057026774524899
OHM,2018-2019,HM,0.0,0.328259671583754,-0.167220349998817,-0.153671574661189
HHM,2020-2021,HM,0.0,0.258534326551328,-0.13202970767672,-0.133011025108986
FLC,2019-2020,LC,0.0,0.256416792835229,-0.03371255054523,0.087404762674688
DLM,2020-2021,LM,0.0,0.430983996782953,0.07105916052211,-0.189313374737465
AHC,2018-2019,HC,1.0,0.105949077657769,0.170148077506912,0.00916904633099201
BHC,2019-2020,HC,1.0,0.377677458649325,-0.16149158861783,-0.397944409928376
OHC,2018-2019,HC,1.0,0.11579777078308,-0.02115316589188,0.128077004571736
THM,2017-2018,HM,0.0,0.190453610660955,0.09009555057066,0.037557816156764
F1,2018-2019,HC,1.0,0.280587088298265,-0.0142052457779379,0.306612226836295
DHC,2019-2020,HC,1.0,0.301010661104932,-0.15108405277588,-0.00963540647448202
NLM,2017-2018,LM,0.0,0.322120355274534,-0.145343471183086,-0.157069649135375
BLM,2018-2019,LM,0.0,0.192290683149804,0.362819175598542,-0.130679081539109
D3,2018-2019,HC,1.0,0.129271079020209,-0.23883783449661,0.280090887791744
MHM,2019-2020,HM,0.0,0.160065096753049,-0.233332927949774,0.110436959106624
MHC,2018-2019,HC,1.0,0.494095916192778,-0.524641538485728,-0.0233574362903
MHM,2019-2020,HM,0.0,0.200096316348706,-0.0594920236474499,-0.000786706356338013
OLC,2018-2019,LC,0.0,0.303393341309052,-0.184118989334794,0.04639242691743
FHC,2020-2021,HC,1.0,0.0261028477142358,0.23089935484113,0.215734694908112
OLC,2018-2019,LC,0.0,0.132921835447807,0.10137310339107,-0.104525769487044
JLM,2017-2018,LM,0.0,0.586680816257561,-0.19429425774252,-0.366316697401692
TLM,2020-2021,LM,0.0,0.283645595119366,0.178452463372167,0.015528360539238
BLM,2020-2021,LM,0.0,0.0862697322214598,-0.05369680475328,0.0284065301451562
D8,2018-2019,HC,1.0,0.311986139841289,-0.11275787729589,0.15571001254508
DHC,2018-2019,HC,1.0,0.215612594700876,0.0761790484293879,0.470891687871493
HHM,2017-2018,HM,0.0,0.362506763249318,-0.239433529790749,-0.221528672269224
DLC,2020-2021,LC,0.0,0.379766125436299,-0.0601282262880201,-0.143689068675808
MHC,2020-2021,HC,1.0,0.195717647978838,-0.0548779142154601,0.027653021909549
SHM,2020-2021,HM,0.0,0.137646755774433,0.0178049666268301,0.085789242916529
ALM,2017-2018,LM,0.0,0.359698075928659,-0.293465359313148,-0.00418376337986098
D8,2019-2020,HC,1.0,0.187736555347385,0.134415311943441,0.021406871283747
SHM,2020-2021,HM,0.0,0.30034465268924,0.0404701943500759,0.03926881719908
OLM,2019-2020,LM,0.0,0.441238291174364,0.0344078762878599,-0.313293628439657
TLC,2020-2021,LC,0.0,0.00115017040566667,0.19995691919329,0.121836910228176
OLM,2018-2019,LM,0.0,0.437992008343508,-0.0130593179606,-0.360675098251194
MHC,2020-2021,HC,1.0,0.314276831404722,-0.32850488671387,-0.179033841330602
D1,2020-2021,HC,1.0,0.370346791324197,0.034897374778623,-0.378160740846788
JLM,2018-2019,LM,0.0,0.390413287039997,0.0340817742199699,-0.262839231029471
D8,2019-2020,HC,1.0,0.45863916646271,0.06392713308129,-0.06145299135304
D4,2020-2021,HC,1.0,0.521484858711182,0.185137821895801,-0.460172865271088
GLC,2018-2019,LC,0.0,0.116413820867721,-0.09538165282084,0.092699603625549
HHM,2018-2019,HM,0.0,0.265185906822661,0.391968416496778,-0.100408282217161
HHC,2020-2021,HC,1.0,0.132919278089823,0.250424210958375,0.079910769881041
D9,2017-2018,HC,1.0,0.263037027783863,-0.290708483281654,0.018419198416374
TLM,2019-2020,LM,0.0,0.392000620215454,-0.06870589045244,-0.274315472732924
AHC,2018-2019,HC,1.0,0.3158518933956,0.07065083180902,0.121180546495042
ALM,2020-2021,LM,0.0,0.445785221289464,-0.316570780317835,-0.378400230276508
SLM,2020-2021,LM,0.0,0.212388076984656,-0.202355276555244,-0.040660048750597
OHC,2020-2021,HC,1.0,0.157804888431528,0.436288499382935,0.3251536311737
GLM,2020-2021,LM,0.0,0.371716689171884,0.0923308014468639,-0.138755636462344
BLM,2020-2021,LM,0.0,0.291723169543191,0.010559690968877,-0.129269537248889
ALC,2020-2021,LC,0.0,0.128693235585555,-0.24655392710317,0.189017124984424
THC,2020-2021,HC,1.0,0.110289623427461,-0.329392674757554,0.260079716361478
GLM,2017-2018,LM,0.0,0.171561049174379,0.33322556483805,-0.0720105121855722
THC,2019-2020,HC,1.0,0.422339100853118,-0.0238189675710299,-0.197427002780062
NHC,2017-2018,HC,1.0,0.190326235843574,-0.08092072713147,0.218583571326855
THC,2019-2020,HC,1.0,0.169878313922249,-0.00773497329808981,0.146162624167405
JHM,2020-2021,HM,0.0,0.286145908705017,0.134685023217385,-0.283737251143587
BHC,2017-2018,HC,1.0,0.224580752578215,-0.480213999640555,0.070191872568284
NHM,2018-2019,HM,0.0,0.175997505505727,0.0270050889981399,-0.0969994556484748
MLC,2020-2021,LC,0.0,0.434428347192546,-0.455893253957002,-0.262062542675224
JLM,2019-2020,LM,0.0,0.199474122941401,-0.1508954932088,0.084135700487271
BHC,2017-2018,HC,1.0,0.156693817044959,-0.345108119715682,0.075420089199032
MLC,2019-2020,LC,0.0,0.271024851407401,0.0918640682433098,-0.092318129222438
MHM,2018-2019,HM,0.0,0.166413071658116,-0.08426202794769,0.029293546750327
NHM,2020-2021,HM,0.0,0.201967818195774,0.164252652251766,0.217343737395021
GHC,2017-2018,HC,1.0,0.14719303234703,0.25533175748006,0.242387979115077
OHC,2017-2018,HC,1.0,0.385594609283626,-0.536613757045117,-0.20814680810639
OLC,2018-2019,LC,0.0,0.131668704738009,-0.0861497607139499,0.070165889062706
SHC,2018-2019,HC,1.0,0.223861292685282,-0.24646633447761,0.025551316648516
SHC,2020-2021,HC,1.0,0.347489755399234,-0.04780072899528,-0.08429329216453
TLC,2018-2019,LC,0.0,0.406432294603895,-0.0183173804629799,0.050531769286653
F1,2017-2018,HC,1.0,0.420814951624526,-0.185110458848517,-0.039585921005822
TLM,2017-2018,LM,0.0,0.199498223905621,-0.461641759282597,0.199780985625516
GHM,2017-2018,HM,0.0,0.132303473035561,0.00188781731877297,0.054717503608995
MLC,2020-2021,LC,0.0,0.187232753777784,-0.359277854915099,0.168701109958872
SHC,2019-2020,HC,1.0,0.461318292485977,-0.11286531554111,-0.232211656146334
MLC,2018-2019,LC,0.0,0.333132609329845,0.317096477359435,-0.130788708380718
NLC,2019-2020,LC,0.0,0.284889852142417,-0.204547413439079,-0.147930569120976
OLC,2019-2020,LC,0.0,0.320530590114063,0.082931822575812,-0.158684290099899
DHM,2018-2019,HM,0.0,0.352125128838178,-0.11544615373296,-0.058740359338011
TLM,2020-2021,LM,0.0,0.283204233808026,-0.11598665365787,0.169271159904755
MLM,2017-2018,LM,0.0,0.463527870398627,0.215294983238451,-0.394553766160414
ALM,2018-2019,LM,0.0,0.0488655423684385,-0.11697006020837,0.0331089292500173
D9,2020-2021,HC,1.0,0.320668971361274,-0.168930366899927,-0.190682429397941
DHM,2019-2020,HM,0.0,0.0585785703765163,0.204025763275577,0.372842826887404
D5,2020-2021,HC,1.0,0.384041860716142,-0.14812458794806,-0.287350070987529
OLC,2018-2019,LC,0.0,0.0480021174954586,-0.21982740920678,0.0998168672302664
SHC,2020-2021,HC,1.0,0.204846572447768,0.152027429216634,-0.05306809591567
GHC,2018-2019,HC,1.0,0.463391148935969,0.58794142094093,-0.114694601791159
F1,2020-2021,HC,1.0,0.21307951921395,0.17248234445721,-0.058548656530424
SHM,2017-2018,HM,0.0,0.0709953145335407,0.181439467441533,0.16343092121316
ALM,2019-2020,LM,0.0,0.348581777639491,-0.0754340025497621,-0.139561850088604
OLM,2017-2018,LM,0.0,0.154895940015286,0.315874513780281,0.075531576304162
GLC,2017-2018,LC,0.0,0.488851228714208,0.421483698866834,-0.275070933472334
SLM,2020-2021,LM,0.0,0.09792098306596,-0.360525270692673,-0.0973134054403591
JHC,2018-2019,HC,1.0,0.183986217205982,0.09514196065595,-0.0886265272510779
AHM,2020-2021,HM,0.0,0.193999854019089,0.502507433695532,0.213267484270895
OHC,2020-2021,HC,1.0,0.328301028467877,-0.0393379642866191,-0.066394596204139
AHM,2020-2021,HM,0.0,0.23019137364209,-0.0102247052314901,-0.073143049258564
D8,2018-2019,HC,1.0,0.346168157220878,0.176264055477877,-0.092948474299385
F1,2020-2021,HC,1.0,0.334879871481191,0.118906713992524,-0.338718190372706
GLM,2019-2020,LM,0.0,0.448930387507973,-0.23663485910686,-0.095806315770237
MLC,2018-2019,LC,0.0,0.449008248512963,0.016276243296639,-0.274992732800917
OHC,2017-2018,HC,1.0,0.277321930126087,0.041359811164140003,0.106602004889122
MLM,2020-2021,LM,0.0,0.289288535870872,0.276383986660981,-0.069374495393768
D8,2018-2019,HC,1.0,0.310768452694453,-0.196243042896308,0.335948351681285
HLM,2017-2018,LM,0.0,0.214344338937782,0.18649509587995,0.129489039875381
DLC,2018-2019,LC,0.0,0.355825153814614,-0.168891796281937,-0.252462557514143
SHC,2019-2020,HC,1.0,0.515128621670968,-0.1455269535727,-0.402152150262098
SLC,2017-2018,LC,0.0,0.309534191101373,0.10931215789625,-0.087068831248783
BHM,2019-2020,HM,0.0,-0.0141990442080036,0.135642191071592,0.110174947866166
MLC,2018-2019,LC,0.0,0.347880729791265,-0.0245194611884798,-0.200351820009199
AHC,2020-2021,HC,1.0,0.36145776896839,0.213791793330881,-0.180790592186385
SHC,2020-2021,HC,1.0,0.223988829133734,0.14354794039203,0.247200888578828
AHC,2020-2021,HC,1.0,0.231194806634484,0.1917964615914,-0.22488407646329
ALC,2018-2019,LC,0.0,0.0794650847440375,0.08050578123702,0.382327492444202
MLM,2019-2020,LM,0.0,0.526919612895826,-0.148848923318479,-0.326219883202161
D2,2018-2019,HC,1.0,0.462411445345623,0.0209947003848401,-0.1145660744847
D9,2020-2021,HC,1.0,-0.00109322967572001,-0.127959883576521,0.25435283538195
HHM,2020-2021,HM,0.0,0.137792708112107,-0.0628485941943,0.285776984041968
MLM,2018-2019,LM,0.0,0.0871472079580398,-0.138469918314533,0.183519509111789
NLC,2017-2018,LC,0.0,0.0120397507625358,0.01489431775339,0.201216300459016
AHM,2020-2021,HM,0.0,0.440166393308045,-0.00279368395361002,-0.309551172124767
JLM,2018-2019,LM,0.0,0.0079230999090576,0.1851692561547,0.29965755302287
ALC,2019-2020,LC,0.0,0.302731908656854,0.07790369807645,-0.147776416539907
JLC,2017-2018,LC,0.0,0.310103518908768,-0.188761994674959,-0.067170462354229
THM,2019-2020,HM,0.0,0.326555873341971,0.00370916961425993,0.071294318334549
GLC,2019-2020,LC,0.0,0.268228670688004,-0.29754716516495,-0.05396071069159
SHC,2018-2019,HC,1.0,0.340663458975188,-0.382441164959931,0.196428111224029
D9,2019-2020,HC,1.0,0.219240820627905,-0.113455671625586,-0.238647463583168
HLC,2018-2019,LC,0.0,0.021299712126797,-0.121101025304843,0.325454802853477
JHM,2020-2021,HM,0.0,0.340038070489068,0.13901795692013,-0.290047740016154
DHC,2017-2018,HC,1.0,0.191963948423596,-0.43845602588105,0.288446780408571
HHC,2020-2021,HC,1.0,0.445751951311192,-0.126363538849369,-0.459310367311507
D9,2020-2021,HC,1.0,0.241163851626595,0.089944956272662,0.250201855951853
AHM,2019-2020,HM,0.0,0.390156701931669,0.346243852881091,-0.064129158692655
FHC,2020-2021,HC,1.0,0.195230265530599,-0.155155159401184,-0.026333694906363
OHC,2018-2019,HC,1.0,0.0902022888288223,0.11374578910867,0.395383349163241
JLM,2020-2021,LM,0.0,0.0179619899918539,0.0368851257396099,0.0271555602802647
THM,2018-2019,HM,0.0,0.0417363191514859,-0.321814848791158,-0.0364591068765532
SHC,2017-2018,HC,1.0,0.47274283905876,-0.305808047909203,-0.344234739344802
GLM,2017-2018,LM,0.0,0.236137061942548,0.099042390226178,-0.050689419827309
AHM,2017-2018,HM,0.0,0.42208933720305,-0.207122671334165,-0.311008413730363
BHC,2017-2018,HC,1.0,0.263823878794536,0.254083167940973,-0.052468750924574
OHC,2018-2019,HC,1.0,0.243871865957761,0.16713496809391,0.005322842456536
FHC,2019-2020,HC,1.0,0.345886941134624,0.36238391364119,-0.033318577503772
SHM,2017-2018,HM,0.0,0.27355731118605,-0.05078733906697,-0.201469494101154
NHC,2017-2018,HC,1.0,0.783231203968555,-0.14360783271956,-0.435907659215518
JLC,2018-2019,LC,0.0,0.0984668118249798,0.25659672978428,0.0906147590339762
SHC,2019-2020,HC,1.0,0.387371280971642,0.05105436622371,-0.094209090400898
GHM,2017-2018,HM,0.0,0.456936647936521,0.0937938825132559,0.079755916348481
D5,2018-2019,HC,1.0,0.235773089613262,-0.181012432505023,-0.070632377982835
BHM,2019-2020,HM,0.0,0.499978010256389,0.19842798870117,-0.344574230559069
MLM,2018-2019,LM,0.0,0.263425820181609,-0.10239551967145,-0.135370686361444
AHC,2020-2021,HC,1.0,0.138247824470088,0.0113267186579629,-0.0931222891012329
SHM,2020-2021,HM,0.0,0.189069104722858,-0.17560465624052,0.06515880626507
FHM,2020-2021,HM,0.0,0.0837442576260512,-0.07195885311209,0.0715520192012278
SLC,2019-2020,LC,0.0,0.49438167146861,0.0556123070888201,-0.346304492438557
THC,2018-2019,HC,1.0,0.477692400102315,-0.0732779575778701,-0.338386630200027
B1,2019-2020,HC,1.0,0.0969931723359047,0.0580289220126119,0.284395457040068
SHM,2020-2021,HM,0.0,0.705090063768403,-0.86587410669622,-0.365516849662531
NHC,2020-2021,HC,1.0,0.282309290397891,-0.030939022518408,-0.05494791166304
MHM,2017-2018,HM,0.0,0.123918929300593,-0.173029147153293,0.095403144963393
TLC,2018-2019,LC,0.0,0.295504596387167,0.0235165077705,-0.183766590476753
JLC,2020-2021,LC,0.0,0.0834020407203031,0.0647124503327149,0.156002405841386
NHC,2017-2018,HC,1.0,0.442768651159117,-0.55111170598914,-0.331120360279285
TLC,2020-2021,LC,0.0,0.205970013032573,0.08731931606983,0.231459535635974
FHC,2019-2020,HC,1.0,0.405929141947628,0.13871833652099,-0.114408029904451
D9,2019-2020,HC,1.0,0.20276709428088,0.30115079116502,0.134553442004868
THM,2018-2019,HM,0.0,0.100640875688373,-0.25535785945514,0.054346644171444
FHC,2018-2019,HC,1.0,0.50636931286675,-0.472474783794337,-0.100487874967913
BHC,2017-2018,HC,1.0,0.219601945383358,-0.457606684263601,0.21307198639772
DLM,2020-2021,LM,0.0,0.307917050936391,-0.148405879416041,0.063486499040082
MLC,2018-2019,LC,0.0,0.188793573206664,-0.227612506991974,0.00888538899465699
HHC,2018-2019,HC,1.0,0.638545465019171,0.4000333601329,-0.179636263106058
JLM,2019-2020,LM,0.0,0.19841162466674,-0.283515881666367,0.160235934522656
JLC,2019-2020,LC,0.0,0.331142160023404,-0.0488559034368301,0.00237153875775298
JLC,2018-2019,LC,0.0,0.200012343625763,0.0414373139219699,0.065956300291192
MHM,2018-2019,HM,0.0,0.0714295822508386,-0.179809141354673,0.358480747353884
NHM,2017-2018,HM,0.0,0.200627340544669,-0.244862699042207,-0.070831321453615
DLC,2020-2021,LC,0.0,0.346791214963546,0.11547102594521,-0.182063875610866
MLC,2018-2019,LC,0.0,0.24006281472566,-0.077058539491338,-0.206795746159988
SLM,2019-2020,LM,0.0,0.178265537575485,0.05217588909352,-0.00794639546270398
JHC,2020-2021,HC,1.0,0.141531798901381,-0.219880333808585,0.093679417488768
MHC,2018-2019,HC,1.0,0.413768912181707,-0.09899023770086,-0.00314014192440304
DLM,2017-2018,LM,0.0,0.331943938563085,-0.043174328032125,-0.26490362894773
D8,2018-2019,HC,1.0,0.278892959099135,-0.307135542325023,-0.057352927199181
DHC,2018-2019,HC,1.0,0.635289978252457,-0.25340153939752,-0.159592142234769
D9,2017-2018,HC,1.0,0.226640921046866,-0.0410932877457999,-0.095443517700138
SLC,2017-2018,LC,0.0,0.443943049826389,-0.16701472106106,-0.162763060449258
D9,2020-2021,HC,1.0,0.106515136890435,0.145842915031194,0.103683078880887
BHM,2019-2020,HM,0.0,0.0140624273839964,-0.09812368043681,0.0902267090155086
OHC,2017-2018,HC,1.0,0.147977894907576,-0.345528386452538,0.136501709110485
BHM,2020-2021,HM,0.0,0.450495447039584,-0.19751752317423,-0.234655174074284
FLM,2018-2019,LM,0.0,0.0895136747851488,-0.03933379836194,0.403734649095781
HLC,2020-2021,LC,0.0,0.157280188886497,-0.13898175281345,-0.0611171292685031
HHM,2020-2021,HM,0.0,0.13258854566877,-0.274890395318368,0.094865080395573
D5,2019-2020,HC,1.0,0.263695423232996,0.41993160838008,0.11931660242076
JLM,2017-2018,LM,0.0,0.186355344454528,-0.0833913023179098,0.00465990063375499
ALC,2017-2018,LC,0.0,0.0680946572261243,-0.170626280118695,0.0165026171661475
MLC,2020-2021,LC,0.0,0.233153553304804,0.241551919413081,0.05460440485198
SLC,2018-2019,LC,0.0,0.252312007752082,0.32474511048756,0.122633047029544
BHM,2018-2019,HM,0.0,0.334687400117634,0.0762362532876899,-0.062098605787455
SLM,2017-2018,LM,0.0,0.0701429699672238,-0.368308096867695,0.0046393402117078
MLC,2020-2021,LC,0.0,0.128107197072674,-0.02417000569449,0.06201339902769
GLC,2019-2020,LC,0.0,0.151649837777212,-0.09640364356693,0.189632089771111
TLC,2017-2018,LC,0.0,0.0444585563554338,-0.01587593026135,0.055032551210088
FHM,2017-2018,HM,0.0,0.191511712006404,-0.00106076213592998,0.290338024608149
TLM,2020-2021,LM,0.0,0.294807264116266,-0.27225867033327,-0.059191366269165
GHM,2020-2021,HM,0.0,0.431134804072808,-0.496044880154661,-0.07172655019703
GHM,2019-2020,HM,0.0,0.00473049882914034,0.128077567904826,0.391383694172579
THC,2017-2018,HC,1.0,0.0707891554603279,-0.21547974100341,0.296143323496882
B1,2019-2020,HC,1.0,0.61370741093691,0.2888305175423,-0.377001871930233
HHC,2018-2019,HC,1.0,0.188814181998744,0.218092421933276,0.267357279142157
D8,2020-2021,HC,1.0,0.0248522585310624,-0.035985936887601,0.156663252830935
JLM,2018-2019,LM,0.0,0.114559388535768,-0.23060513936956,0.095396545979981
SHC,2018-2019,HC,1.0,0.501449058436896,-0.35340486742874,-0.26463175907451
GLC,2020-2021,LC,0.0,0.243936869700752,-0.21437226902208,-0.00549741277105001
MHC,2017-2018,HC,1.0,0.307751814453017,-0.150451662793969,0.119823051276592
MLC,2020-2021,LC,0.0,0.460949333798794,-0.20260105596309,-0.253452444561302
F1,2019-2020,HC,1.0,0.310904227892677,0.0507905826831001,0.071332204000937
FLC,2017-2018,LC,0.0,0.0900782964261875,0.262206998410898,0.0875924454074115
FHM,2018-2019,HM,0.0,0.341282022518906,0.029414793971788,-0.065492780836799
GLC,2017-2018,LC,0.0,0.37644930475291,-0.277103366724814,-0.249922271071767
GHC,2017-2018,HC,1.0,-0.00754546289050495,-0.164622461370799,0.0727052035248286
SLC,2019-2020,LC,0.0,0.176895084888181,-0.48012722857278,-0.10847790783831
AHC,2018-2019,HC,1.0,0.288647460713759,0.10748234682421,-0.181374910237159
D1,2020-2021,HC,1.0,0.217299158359392,-0.13132554704132,0.066653129226428
F1,2017-2018,HC,1.0,0.171802776975348,-0.00100948847955995,-0.0805836130290331
NLC,2017-2018,LC,0.0,0.200853668855359,0.08553171763379,-0.084373384673392
BLC,2020-2021,LC,0.0,0.435832453829977,0.288997625496542,-0.194338329432776
JLC,2017-2018,LC,0.0,0.124610754123569,-0.0737432861933001,0.00951035541191
GHC,2017-2018,HC,1.0,-0.00561555694578919,-0.0670213749108799,0.148733060500789
HLM,2017-2018,LM,0.0,0.290591017267336,-0.339798047345806,-0.297619506004269
MHC,2018-2019,HC,1.0,0.152545388188997,-0.02234424073957,0.199302191752643
MLC,2020-2021,LC,0.0,0.0119444879013864,0.24364377656063,-0.00860969929657567
MLC,2020-2021,LC,0.0,0.586813738655157,0.0553169122941429,-0.237740231856971
BLM,2018-2019,LM,0.0,0.166658972354742,-0.24503007726612,-0.0952901607132887
D1,2019-2020,HC,1.0,0.329738554392351,-0.20131638150869,-0.07653593878002
SHM,2018-2019,HM,0.0,0.209621268499711,0.196428528923339,0.00631519796386601
JHC,2017-2018,HC,1.0,0.219943676043287,0.102633941159774,0.198890910045223
D4,2017-2018,HC,1.0,0.318124651321717,-0.523758619574968,0.027087656078482
DLC,2018-2019,LC,0.0,0.221996229774412,-0.240411610122888,0.0625687712796
ALC,2017-2018,LC,0.0,0.424405189008858,0.0171980007986701,-0.237382371447939
SLM,2017-2018,LM,0.0,0.220858398087735,-0.10850236718056,-0.086178532683307
SHM,2020-2021,HM,0.0,0.16379555805051,0.0414908054794101,0.059452577557928
FLM,2019-2020,LM,0.0,0.255962957821505,0.117527902065008,0.031275559630895
NLM,2019-2020,LM,0.0,0.139440290081343,0.17072629301994,-0.0726762090663045
SHM,2017-2018,HM,0.0,0.140998513535501,-0.22085727113821,0.098019843911121
SHM,2020-2021,HM,0.0,0.412788620646804,0.0640014585600299,-0.185784546258522
DHC,2017-2018,HC,1.0,0.326176340056408,-0.102130133071601,0.005679910974277
DLC,2019-2020,LC,0.0,0.101590625912781,-0.20578577239022,0.074029995511106
BLM,2019-2020,LM,0.0,0.197078907111366,-0.297395084448104,-0.220205008524654
MHC,2020-2021,HC,1.0,0.353613378512885,-0.05575055110762,-0.310143353214709
MHM,2018-2019,HM,0.0,0.237411831395214,-0.078206442908222,-0.154478923411755
OHC,2019-2020,HC,1.0,0.366408532596745,-0.2436535256992,-0.196678824585922
D4,2019-2020,HC,1.0,0.116739671715561,0.63093397043575,-0.0593438833012371
NLC,2017-2018,LC,0.0,0.520375309586163,0.181668279685406,-0.408935520591142
BLC,2019-2020,LC,0.0,0.441996427614711,0.179976906721878,-0.200685817609705
OLC,2019-2020,LC,0.0,0.1777249328827,0.0375280659902991,0.181070549073272
HLC,2018-2019,LC,0.0,0.0702970533931998,0.343178217851846,0.0232271696202483
D9,2019-2020,HC,1.0,0.245916526719646,-0.13037310940148,0.0531002327818
AHC,2017-2018,HC,1.0,0.277642801471314,-0.490991762954758,-0.092982541957289
NHC,2020-2021,HC,1.0,0.095551486907655,0.061651096510887,-0.0246060884691506
MHM,2020-2021,HM,0.0,0.225151830854977,-0.038885964107032,0.019079061768565
BLM,2020-2021,LM,0.0,0.29212059822293,0.19846420892616,-0.00029162239455699
NHM,2019-2020,HM,0.0,0.334606361558298,-0.24331477397956,-0.16788427785663
OHC,2018-2019,HC,1.0,0.33484599487592,0.00267712394072595,0.093856424179212
BHC,2019-2020,HC,1.0,0.513197782076776,0.14213137459078,-0.443772721434807
HLM,2020-2021,LM,0.0,0.318295599755282,0.098878400062853,-0.010447314278143
BLC,2017-2018,LC,0.0,0.0354537847408616,-0.124543990189007,0.0178342622738589
DLM,2017-2018,LM,0.0,0.378206110622216,-0.558443771309701,-0.246515743639454
DLM,2019-2020,LM,0.0,0.0473146183788304,-0.113875177923361,0.440605321667697
D9,2018-2019,HC,1.0,0.209481449829735,-0.02364592903619,0.077536525037172
HHC,2019-2020,HC,1.0,0.387187890924484,0.10424021529374,0.040756262901547
DLC,2020-2021,LC,0.0,0.332968654646077,-0.27339819057473,-0.048058464846143
NLC,2017-2018,LC,0.0,0.0248866282574436,-0.132509347053667,0.224450035741748
FHC,2019-2020,HC,1.0,0.310299130779727,0.154353724104365,0.010487332258078
OLC,2020-2021,LC,0.0,0.531878309578588,-0.408445374713982,-0.149492018257803
JLM,2019-2020,LM,0.0,0.083702488308677,-0.22082673923148,0.014564564080727
OLM,2017-2018,LM,0.0,0.198585625462758,0.018926538887531,0.027123222905166
OLC,2017-2018,LC,0.0,0.113066584764324,0.217581969277534,0.194408459807728
SHM,2018-2019,HM,0.0,0.146059824775342,0.482743245038572,0.162989093877125
D8,2019-2020,HC,1.0,0.413438793771063,-0.14159772199832,-0.05067486857204
MHC,2017-2018,HC,1.0,0.158405110403151,-0.0461889590101598,0.166398019030903
DHC,2017-2018,HC,1.0,0.472718319869797,-0.0925839015958998,-0.061361682501202
SLM,2017-2018,LM,0.0,0.566010655524653,0.04456569015086,-0.357378653114787
DHC,2018-2019,HC,1.0,0.25463734770117,-0.0478374053520699,0.115143533642836
TLC,2019-2020,LC,0.0,0.338580173243202,0.3869213254901,-0.108581979396337
FLC,2020-2021,LC,0.0,0.340989566209524,0.0431332915789702,-0.133234656501877
MLM,2019-2020,LM,0.0,-0.00181183967363641,-0.102420999876986,0.163910979613377
GHC,2019-2020,HC,1.0,0.574668033253833,-0.36479997488337,-0.202423881825064
OLC,2020-2021,LC,0.0,0.255634065892948,-0.276635115947456,-0.00401605551376
SHM,2018-2019,HM,0.0,0.372921100655348,0.134578349231236,-0.019803482220088
D2,2018-2019,HC,1.0,0.295700168213396,0.244727668712457,0.106233383429279
D5,2019-2020,HC,1.0,0.123528801162603,0.119829198541349,0.010007496504375
NLC,2019-2020,LC,0.0,0.352480810157713,-0.264777557682089,-0.153653125152738
OLC,2018-2019,LC,0.0,0.0682666760309898,0.103691171307567,0.255408432632295
BHM,2019-2020,HM,0.0,0.10259100132294,0.402198460009158,0.205672794757561
OLC,2019-2020,LC,0.0,0.124593041154921,-0.0609769565787399,0.365064892048483
D8,2019-2020,HC,1.0,0.46670875091937,-0.12090086559385,-0.253538460450498
HHM,2019-2020,HM,0.0,0.217185777028583,0.264612516683696,-0.026530927776111
NHM,2017-2018,HM,0.0,0.193816818544767,0.363288745497759,0.025069337692018
MLM,2020-2021,LM,0.0,0.0457887147523428,0.10440048204426,0.14327121202333
FHC,2020-2021,HC,1.0,0.317639953776188,-0.29701953761137,-0.036793173799558
SHM,2017-2018,HM,0.0,0.0650156723895363,0.424575435389048,0.340146777907398
JLC,2020-2021,LC,0.0,0.516518310202385,-0.61419844094816,-0.32312094137655
JLM,2020-2021,LM,0.0,0.0945965410101506,0.118067681068385,-0.0072346110254347
GLM,2020-2021,LM,0.0,0.113574417895803,0.01050795500666,-0.0282852254390221
GHC,2019-2020,HC,1.0,0.513239658229527,-0.684991872408822,-0.358936337529061
OHC,2020-2021,HC,1.0,0.145436297033396,-0.0832602780903999,0.035142065564061
HHC,2018-2019,HC,1.0,0.335253857276036,-0.095597874042191,0.094799514964315
HHM,2019-2020,HM,0.0,0.211795344436795,-0.49778124221009,-0.032608363733148
BLC,2019-2020,LC,0.0,0.194030772632652,0.170806580362173,0.123936286866959
JHM,2018-2019,HM,0.0,0.519690571387382,-0.276959235603765,-0.427753561738363
TLC,2018-2019,LC,0.0,0.0748006241521535,0.388208387478,0.449947882933369
GHC,2018-2019,HC,1.0,0.458572960574785,-0.29208376212969,-0.358969961158224
THM,2020-2021,HM,0.0,0.0388549349726108,-0.038857648746679,0.369744467686462
BHM,2019-2020,HM,0.0,0.247738420786571,0.13341577053637,-0.156009092640755
D8,2018-2019,HC,1.0,0.253963488197785,0.463027515395388,0.287257821651923
TLC,2018-2019,LC,0.0,0.360687278856366,-0.19086613248532,0.122105918406676
NHM,2020-2021,HM,0.0,0.582126184253429,-0.735108082879582,-0.26386691450273
OHC,2017-2018,HC,1.0,0.536780816147429,-0.355231429741482,-0.288374125729661
NHM,2018-2019,HM,0.0,0.181461498657394,0.208690029522331,-0.121519348592822
HHC,2019-2020,HC,1.0,0.366439357030236,-0.0825632539580401,-0.321745289126381
NHM,2018-2019,HM,0.0,0.147258787442572,-0.0160072675624898,-0.023840566495876
BHM,2020-2021,HM,0.0,0.137550876517233,0.29281426677661,0.229241886518934
AHM,2018-2019,HM,0.0,0.38608563395881,-0.202350893862134,-0.413314808286679
MLM,2018-2019,LM,0.0,0.31151693695815,-0.23233495632766,0.03778946932055
MHM,2017-2018,HM,0.0,0.135018059264668,0.190801991122972,0.212114247184421
DLC,2020-2021,LC,0.0,0.286894571494603,-0.203798345528006,-0.029908908589838
DLC,2019-2020,LC,0.0,0.103362596300471,0.157388149225787,0.257608679480633
FHM,2017-2018,HM,0.0,0.240845689881702,-0.10413927368374,-0.00076974288009099
OHC,2017-2018,HC,1.0,0.228576972767204,0.334366303605955,0.228560164864336
TLM,2020-2021,LM,0.0,0.248955258000452,-0.092162231324071,-0.064111344669906
OLC,2017-2018,LC,0.0,0.0552181045047959,-0.175429629549453,0.158647059679923
OHC,2017-2018,HC,1.0,0.385453918603266,-0.17354265872945,-0.17484378698799
HLC,2019-2020,LC,0.0,0.332044220623668,0.298957701796219,-0.26080136048103
NHC,2017-2018,HC,1.0,0.139784698559463,0.07555585870559,0.034523652102543
SHM,2020-2021,HM,0.0,0.0688469438540624,0.29066414780175,0.160180518560806
NLC,2020-2021,LC,0.0,0.419248093035195,0.08683969348252,-0.248556151008575
MLM,2018-2019,LM,0.0,0.200158301718454,-0.0990273637268899,-0.076849022576072
D8,2020-2021,HC,1.0,0.144033328899054,0.07371946540323,0.107287387365583
GHC,2017-2018,HC,1.0,0.16309518772978,-0.00974774484528984,0.124821403763786
GLM,2019-2020,LM,0.0,0.306080974310139,-0.282799669761589,-0.014959553784782
DLM,2017-2018,LM,0.0,0.416185418453623,-1.0015538737338,-0.283573085367572
B1,2019-2020,HC,1.0,0.334550442946884,0.35531032222827,0.034067539852451
GLC,2019-2020,LC,0.0,0.286303570831389,-0.00341257862218991,0.038066854837674
GLC,2019-2020,LC,0.0,0.264202888029311,-0.1910653374307,0.129461517794225
SHC,2018-2019,HC,1.0,0.567273858738434,0.519348914835,-0.19082379342679
AHC,2020-2021,HC,1.0,0.763689447945593,-0.54300777560339,-0.55180854411022
SLC,2017-2018,LC,0.0,0.364824302065796,-0.423099821327992,-0.205772828308163
TLM,2018-2019,LM,0.0,0.327218664499462,0.251438207661,0.070588242629944
GLC,2018-2019,LC,0.0,0.227125279983144,-0.0081098117890801,-0.117417123501048
BHM,2020-2021,HM,0.0,0.412527896567636,-0.10399515989101,-0.091010844996681
SLC,2020-2021,LC,0.0,0.281238393475396,0.00681867782778012,-0.250626495781158
FLC,2019-2020,LC,0.0,0.711808084239151,-0.627908210534372,-0.624590083336081
OHC,2020-2021,HC,1.0,0.0937475416877882,-0.079567151257545,0.0503382253881738
ALC,2017-2018,LC,0.0,0.302381931625615,-0.36359500322317,0.023713641778943
D7,2019-2020,HC,1.0,0.194509701646378,-0.0799532075928101,-0.036809249452463
NHM,2018-2019,HM,0.0,0.108527649246571,0.25925168338639,0.2934096897887
GLC,2018-2019,LC,0.0,0.227309305170028,0.22331970032016,0.139243504738914
NHM,2017-2018,HM,0.0,0.226364589219997,0.106669785866223,-0.028286938676526
MLC,2019-2020,LC,0.0,0.240071175663594,-0.016446381404934,0.141153691815789
OHM,2019-2020,HM,0.0,0.519675891669634,0.0376893791283199,-0.21725067132361
FLC,2018-2019,LC,0.0,0.399820710185017,-0.242948434296528,-0.258005995001836
MHM,2017-2018,HM,0.0,0.175111020842311,-0.114450475551225,0.204505359980485
BLM,2020-2021,LM,0.0,0.231121799966443,0.08281920125853,0.054358214203602
DHM,2019-2020,HM,0.0,0.244283090706552,0.22529934197246,-0.065002923360552
HLM,2018-2019,LM,0.0,0.376583716577404,0.0170351796969799,0.227316658962057
NLC,2017-2018,LC,0.0,0.157448807594537,-0.132063795941776,0.065518983231295
GLM,2018-2019,LM,0.0,0.546436556549163,0.0346246764449201,-0.116485598901924
GLM,2019-2020,LM,0.0,0.153465449857509,0.00985323688387996,0.225595515806421
MLC,2018-2019,LC,0.0,0.257920622825094,-0.031349437462913,-0.086056152605362
SHM,2017-2018,HM,0.0,0.521430074842508,-0.30909258304516,-0.40541274090588
GHM,2020-2021,HM,0.0,0.372606790198243,0.0946828934445298,-0.144711316685817
FHM,2018-2019,HM,0.0,0.364922486639687,0.030193800234899,-0.326202204612479
MHM,2019-2020,HM,0.0,0.228000399325021,0.0344374385813999,0.059596351598072
JHC,2018-2019,HC,1.0,0.38598324019125,0.0869051347831061,-0.171340638427542
D5,2020-2021,HC,1.0,0.273744614040074,0.0726072026510151,-0.09204587669446
HHM,2019-2020,HM,0.0,0.138180668004841,-0.1030864285853,0.041018536477783
GLC,2019-2020,LC,0.0,0.266486896731632,0.217254073259468,-0.160751435823672
GLM,2020-2021,LM,0.0,0.293304473101377,-0.0853041142384598,-0.183758924747761
TLM,2019-2020,LM,0.0,0.11222198863497,0.00557561336734902,-0.0302146841585113
D9,2019-2020,HC,1.0,0.262115480372296,-0.293668608873042,-0.252713904493994
AHM,2020-2021,HM,0.0,0.25252608862972,-0.0679804845737502,-0.060920095731952
HLM,2020-2021,LM,0.0,0.0793220089570577,-0.237049064635967,0.179704120691322
GLM,2019-2020,LM,0.0,0.190811860746633,-0.0920990771955931,-0.032905481676373
JLC,2017-2018,LC,0.0,0.301711725103319,0.0959941279725861,-0.139703564425942
D8,2019-2020,HC,1.0,0.530060160432838,0.21357703123931,-0.340155276689376
BLM,2020-2021,LM,0.0,0.406121554065364,-0.0313237946934,-0.118243649102135
THM,2020-2021,HM,0.0,0.249156534993371,0.0111476526768501,-0.102471000934963
DHC,2020-2021,HC,1.0,0.146593660641128,-0.19814803547773,0.140186192651311
DLC,2018-2019,LC,0.0,0.00056846018704948,0.406192857720765,-0.0257419098366993
D7,2017-2018,HC,1.0,0.228738856371417,0.478055598296943,0.111788558101914
DHC,2018-2019,HC,1.0,0.180447408266331,-0.133863115422052,0.271273386925386
OLM,2020-2021,LM,0.0,0.257717441517183,0.29783042784881,-0.003617953315255
GHM,2020-2021,HM,0.0,0.124114562625337,-0.151500538520566,0.104218815416181
NHM,2018-2019,HM,0.0,0.218886156236785,-0.18798659122987,-0.14355079033606
GHC,2018-2019,HC,1.0,0.237912794495248,0.0313572735374299,0.282076999274943
GLC,2018-2019,LC,0.0,0.265707381418226,-0.0185239171418199,0.060746609704526
HHC,2017-2018,HC,1.0,0.319079114369723,0.0465362126089102,0.112401521953076
D7,2017-2018,HC,1.0,0.289314014809594,0.080920656910885,-0.0462431326931
GLC,2017-2018,LC,0.0,0.144977305854151,-0.139451834059449,0.078668720456055
MHC,2019-2020,HC,1.0,0.429222918366517,-0.10488172071902,-0.253095034966369
BLM,2020-2021,LM,0.0,0.111790944974639,0.380669956229089,0.119388912741261
D9,2018-2019,HC,1.0,0.327977457475924,0.130287614789837,0.156581597293882
FHC,2017-2018,HC,1.0,0.176150621678806,0.0288036328763079,0.210945626126678
GLC,2017-2018,LC,0.0,0.162428197671846,0.0905156403068701,0.487809249044152
NLC,2020-2021,LC,0.0,0.202127585258461,-0.213038348486043,-0.162433355945021
FLC,2020-2021,LC,0.0,0.0736917081832786,0.173378495897698,0.0747605950308064
BLC,2017-2018,LC,0.0,0.321096584926275,-0.30501438679472,-0.138064416593001
OHC,2017-2018,HC,1.0,0.220207180941251,-0.28096225080583,-0.140180612075833
SHC,2020-2021,HC,1.0,0.19897684096955,0.12287722054107,0.100317071039786
NLC,2019-2020,LC,0.0,0.462300949189303,-0.0682107029228279,-0.253271611717503
HHC,2018-2019,HC,1.0,0.229954459509115,-0.214417261413842,0.089648212872986
B1,2018-2019,HC,1.0,0.210094358117908,-0.00782263959701002,0.028624197193333
FLM,2019-2020,LM,0.0,-0.0277410011098849,0.13242747347192,0.18563332100879
BHM,2019-2020,HM,0.0,0.508543205729084,0.33474943959581,-0.48611831990615
GHC,2018-2019,HC,1.0,0.294280444421261,-0.016342344080431,-0.141110082743526
MLC,2017-2018,LC,0.0,0.252301807926955,0.229002819776383,-0.100678121350567
MLC,2018-2019,LC,0.0,0.494580100042163,-0.04261739955954,-0.118875233108501
NHM,2018-2019,HM,0.0,0.292183461830463,0.16934224614095,0.149328949445719
OHC,2020-2021,HC,1.0,0.19904436860848,-0.0546741678445499,-0.121144864940074
SHM,2018-2019,HM,0.0,0.171121938593016,0.159761199940605,-0.202651048367454
MHC,2020-2021,HC,1.0,0.362039964564445,-0.15072407546961,-0.29745275563772
MHC,2019-2020,HC,1.0,0.166297961323459,0.26966370778363,0.00546768440776199
F1,2019-2020,HC,1.0,0.500390728295476,0.03634099407818,-0.279074423362719
OLC,2017-2018,LC,0.0,0.130563592585598,-0.185807084715587,0.170542447127567
ALC,2017-2018,LC,0.0,0.335670485221941,-0.12353195822708,-0.223679698264988
MHM,2017-2018,HM,0.0,0.419079324970067,0.0447008721265759,-0.120066103130568
MLC,2017-2018,LC,0.0,0.264939209417668,-0.240776644975167,0.02640330196915
SLM,2020-2021,LM,0.0,0.537654931943348,-0.235599816177727,-0.547159901221414
THM,2019-2020,HM,0.0,0.0604162200514626,-0.06752075743563,0.0364549144832769
ALM,2017-2018,LM,0.0,0.391065016728218,-0.191604530318666,-0.015656847811941
AHM,2020-2021,HM,0.0,0.0945378576903795,0.148298726931843,-0.0275422636111453
OLC,2017-2018,LC,0.0,0.323113094954118,0.133470871200409,0.050428534950682
DHM,2018-2019,HM,0.0,0.689210980656333,0.194357045347034,-0.461740776801138
JLM,2019-2020,LM,0.0,0.18658149647652,-0.156244674026792,0.119429838327341
BLC,2020-2021,LC,0.0,0.147792966491065,0.139615284921396,-0.012245870963452
FLC,2019-2020,LC,0.0,0.163224513768998,-0.0345279048396201,0.151139086393538
DHC,2019-2020,HC,1.0,0.0605776908139297,0.27117757044051,0.226010709720475
D8,2019-2020,HC,1.0,0.463654944510485,-0.380377211070328,-0.1657095098532
TLC,2018-2019,LC,0.0,0.223802426203487,0.113495127150208,-0.054928059918788
DHC,2018-2019,HC,1.0,0.230285045041884,-0.12160121121097,0.328434093708085
HHC,2018-2019,HC,1.0,0.395878096787663,0.0375374576821901,0.105745157696986
SLM,2020-2021,LM,0.0,0.265038985223197,0.302763335259752,0.024972312691636
OHC,2019-2020,HC,1.0,0.300440384979733,-0.21407800115481,0.252402478989438
SHM,2017-2018,HM,0.0,0.270280776672006,-0.0963412011559999,-0.019766472925374
GHM,2018-2019,HM,0.0,0.184278983172882,-0.20491515155148,0.065211052888705
HHM,2019-2020,HM,0.0,0.160396303170899,-0.0699948355609901,0.042561269998895
NLC,2017-2018,LC,0.0,0.382039494312517,-0.244902915882967,-0.370811758562274
OLM,2018-2019,LM,0.0,0.419879696968493,-0.0903304927167601,-0.215678064388207
ALM,2020-2021,LM,0.0,0.449208364006344,0.10919492897598,-0.183318834627135
ALM,2020-2021,LM,0.0,0.494420046689429,-0.000819665292610017,-0.251368361761131
D4,2019-2020,HC,1.0,0.38967950105409,-0.147997186297216,-0.186856611461125
FHM,2019-2020,HM,0.0,0.176578450234149,0.2114465707342,0.148352122440829
NLC,2019-2020,LC,0.0,0.337852183603788,0.204044469745716,0.049226031983522
BHC,2020-2021,HC,1.0,0.128841271654819,0.167954126866128,-0.0497561654688663
NHC,2018-2019,HC,1.0,0.189942609929124,-0.030000144509773,-0.085429434012292
AHM,2017-2018,HM,0.0,0.163844097140679,0.22114617371203,0.422881616280669
HHM,2018-2019,HM,0.0,0.274084901731821,-0.122480319658394,-0.205611627829409
D8,2018-2019,HC,1.0,0.535031273440848,-0.477543881592924,-0.153935037631647
D6,2019-2020,HC,1.0,0.772209636018243,-0.300421261877876,-0.455045893684069
DLC,2017-2018,LC,0.0,0.351444722945778,-0.175107490661394,-0.315489970189212
HHM,2017-2018,HM,0.0,0.0603125508404685,0.018594032662511,0.310176233046523
TLC,2017-2018,LC,0.0,0.267177432797345,0.0463430234928701,-0.196653575468035
OHC,2018-2019,HC,1.0,0.0813458619680139,0.329049066952615,0.421766021777563
FLM,2018-2019,LM,0.0,0.138529787854913,0.0884116837170799,0.241050302186183
GLM,2020-2021,LM,0.0,-0.0175382400732362,-0.533818214499881,0.16134240457156
GLM,2017-2018,LM,0.0,0.00177311300830163,0.22023523242676,0.29145622107574
GHM,2020-2021,HM,0.0,0.391151043125393,0.172369784442941,-0.229165283910286
AHM,2018-2019,HM,0.0,0.200897588766517,0.377882665006698,0.081306850181334
OLM,2018-2019,LM,0.0,0.468874414866965,0.19552063762071,0.096273333259159
SHC,2018-2019,HC,1.0,0.377351294216977,0.24241296574315,0.036189142711706
SHC,2017-2018,HC,1.0,0.348538380455654,-0.025869643307006,-0.170088207185017
HHM,2017-2018,HM,0.0,0.436952283262015,-0.16948544086924,0.098004939346785
OLM,2019-2020,LM,0.0,0.244604604448846,-0.194367589678273,-0.057671339906359
HLC,2019-2020,LC,0.0,0.37677415264703,0.177019120848149,-0.278794469204587
F1,2017-2018,HC,1.0,0.15431966630647,-0.222972410869408,0.024977060460636
GHC,2017-2018,HC,1.0,0.119987828701349,-0.0515006022792799,0.241777084276554
D1,2018-2019,HC,1.0,0.282338472284325,-0.03212085360521,0.301830680664957
SHM,2019-2020,HM,0.0,0.383372472451962,-0.142287971314511,-0.276187919305987
OLM,2020-2021,LM,0.0,0.176887407806614,-0.00891273381624702,-0.024271780738605
OLC,2019-2020,LC,0.0,0.164526447835767,0.137593398850554,-0.0951255497263768
GLM,2019-2020,LM,0.0,0.587548869424517,-0.441446362170424,-0.278965486541503
TLC,2020-2021,LC,0.0,0.412513395873203,-0.13677083904857,-0.350877448552716
BHC,2020-2021,HC,1.0,0.120751324909328,0.1001768026443,0.123241902649539
F1,2020-2021,HC,1.0,0.41659712913175,-0.332197860995106,-0.295700086431438
GLC,2018-2019,LC,0.0,0.483455987355012,-0.10281414465969,-0.361881216787255
FHC,2017-2018,HC,1.0,0.299630708219221,-0.06893101280121,0.117899429109191
D8,2018-2019,HC,1.0,0.292754092344774,-0.23094066155989,-0.196604682667927
SHM,2020-2021,HM,0.0,0.193503309107373,0.219526045707376,0.057544737040221
AHC,2017-2018,HC,1.0,0.257475753225511,0.421732887757773,-0.231621741038805
JHM,2019-2020,HM,0.0,0.0622387119147565,0.0439054851223071,0.0931997151872755
JHM,2017-2018,HM,0.0,0.0941132434933518,0.13062519005932,0.481505622892647
AHC,2019-2020,HC,1.0,0.175021864509052,-0.0167962736631799,0.07058653013937
OLM,2017-2018,LM,0.0,0.234971464523773,0.058869532333237,-0.025069672702073
NHM,2018-2019,HM,0.0,0.179703276588381,0.17628494158855,-0.21323524037554
MLC,2019-2020,LC,0.0,0.375205236575758,0.187135904942586,-0.233978392790979
HHM,2019-2020,HM,0.0,0.38096855396439,-0.284776280266547,0.014633457482368
MHM,2019-2020,HM,0.0,0.165226189528597,-0.10893811189221,0.140347265227526
D9,2018-2019,HC,1.0,0.468047417781223,-0.140210053093102,-0.259991795736797
OLM,2020-2021,LM,0.0,0.130338149838674,0.050489069868681,0.243731183208433
HHM,2020-2021,HM,0.0,0.17056088132684,0.158026027391075,0.14056733416424
THC,2018-2019,HC,1.0,0.0218377458828072,-0.31135846586682,0.344327286352099
OLM,2018-2019,LM,0.0,0.178001569684426,-0.01126275316704,-0.19454818949456
SHM,2017-2018,HM,0.0,0.198473528009876,-0.108773804471613,0.311172484539845
D9,2018-2019,HC,1.0,0.148978757537124,-0.091071589011591,0.048013629034857
JLM,2017-2018,LM,0.0,0.351448820496301,-0.169181052820237,-0.193598755282261
SHM,2018-2019,HM,0.0,0.257542465436003,0.0649799370718902,-0.013778946566425
D4,2017-2018,HC,1.0,0.519058002230504,-0.49464613127292,-0.229171318984388
D4,2020-2021,HC,1.0,0.142746477699182,0.012472765437193,-0.147183635665997
THM,2019-2020,HM,0.0,0.35437979698141,-0.14745772610172,0.084480081026533
AHC,2019-2020,HC,1.0,0.0883834797024208,0.1703867007398,0.326543676604452
TLM,2020-2021,LM,0.0,0.168956321816585,-0.0176872877930979,-0.024488345976182
DLM,2020-2021,LM,0.0,0.231306632662363,-0.11482088540107,-0.011741436518354
MHM,2018-2019,HM,0.0,0.367436309900943,-0.0111830427866391,-0.189260277381732
OHM,2017-2018,HM,0.0,0.168250051341617,-0.347412307451551,0.155763366692986
JHM,2019-2020,HM,0.0,-0.013481972283785299,0.0116487046903899,0.322978251397293
NLM,2017-2018,LM,0.0,0.182431956953194,-0.125973787813794,0.069291367175876
BHC,2018-2019,HC,1.0,0.269776777022865,0.00371464380753994,0.429158437828719
JHC,2019-2020,HC,1.0,0.257317230047392,-0.171850615213471,-0.206321982305107
D1,2019-2020,HC,1.0,0.391856863690537,-0.21955338354915,-0.213623989092789
D9,2018-2019,HC,1.0,0.11704882885953,0.0161885661473431,0.276235298290574
NLM,2019-2020,LM,0.0,0.0679197751914917,-0.0464484967072201,0.327992476529086
OLM,2017-2018,LM,0.0,0.359951019879593,0.112527722020514,-0.123362643019741
D8,2018-2019,HC,1.0,0.397564886164212,0.0134421173320001,-0.118761441689246
NHM,2018-2019,HM,0.0,0.153491207977509,0.173044916512291,0.17662815132657
SHM,2020-2021,HM,0.0,0.338170049104378,-0.1498810158596,-0.183113221437809
GHC,2018-2019,HC,1.0,0.353496382016818,0.217509522216824,-0.174252472272885
HLC,2018-2019,LC,0.0,0.474773087289441,-0.04540151163465,-0.45357845112422
SLC,2018-2019,LC,0.0,0.117717327480453,0.11911088155901,0.082935958466288
MHC,2020-2021,HC,1.0,0.0075739997347275,0.0262613365759751,0.347602909997748
D1,2017-2018,HC,1.0,0.711864694056405,-0.64193310343451,-0.552149734819015
OLM,2017-2018,LM,0.0,0.0767515042924769,0.273079012774078,0.336672023781782
OHC,2019-2020,HC,1.0,0.0967433899798904,0.171493798225779,0.312960393279096
FLC,2020-2021,LC,0.0,0.562162906240833,-0.1700786311496,-0.21434437026271
SHM,2017-2018,HM,0.0,0.335817507144401,-0.45574174099993,-0.169715903872673
NLC,2019-2020,LC,0.0,0.249039351614117,-0.0226945016361699,-0.087089354541571
OHC,2019-2020,HC,1.0,0.31679669504,-0.466845511761497,-0.174324980242591
D9,2017-2018,HC,1.0,0.166383697840003,-0.104216545911069,0.203071693810238
MHC,2020-2021,HC,1.0,0.227002409017506,0.07442898706659,-0.039506533718772
GLM,2018-2019,LM,0.0,0.218914269375506,-0.0815907962920219,0.092800383476603
GLC,2018-2019,LC,0.0,0.114786842433744,-0.12552899470205,0.039561195908485
NHC,2020-2021,HC,1.0,0.0700152088577799,0.243232168099326,-0.0522290027254164
D8,2020-2021,HC,1.0,0.159808825718174,-0.0832199615153238,-0.147977351824725
JHC,2020-2021,HC,1.0,0.245636374174588,-0.179736805087984,-0.181370414654766
D8,2020-2021,HC,1.0,0.206423302420019,-0.0278861115536481,0.047887921726065
MHC,2017-2018,HC,1.0,0.0938423379518001,0.0973996389003939,0.275599598913913
JLC,2018-2019,LC,0.0,0.20396436982003,0.0307209806937802,0.239923010355476
NHM,2017-2018,HM,0.0,0.186346965500666,-0.29695676639838,-0.142641573955977
MHC,2017-2018,HC,1.0,0.354193096882364,-0.051354660315225,-0.08484015401441
AHM,2018-2019,HM,0.0,0.287016974776256,0.2153198452381,-0.058687753363137
THM,2017-2018,HM,0.0,-0.00314946088287416,-0.0722238561915001,0.417258402170221
D4,2017-2018,HC,1.0,0.00272246486816341,0.317597083480128,0.248250409911427
D8,2019-2020,HC,1.0,0.238947743596425,-0.0716149257427798,0.175231365234759
MHM,2017-2018,HM,0.0,0.337061226533717,0.255875831379632,-0.205457319253704
GHC,2020-2021,HC,1.0,0.111146947478728,-0.031472330834945,0.242404161795077
GHC,2020-2021,HC,1.0,0.182143269934081,0.272517559902565,0.057241683198692
JLC,2020-2021,LC,0.0,0.321690667877146,0.206637432322974,0.03766593658387
OLM,2017-2018,LM,0.0,0.34608571640224,0.077326957632272,-0.18031132881326
D5,2017-2018,HC,1.0,0.139536789327081,0.059254299432289,0.177660805144806
GLC,2020-2021,LC,0.0,0.0511453617962547,0.0899220665861,0.10479885809141
THC,2019-2020,HC,1.0,0.371196233743591,-0.2160513110253,-0.177457919128331
OLM,2019-2020,LM,0.0,0.276800952884569,0.01843794401357,0.012281260029648
AHM,2019-2020,HM,0.0,0.191027478755783,-0.320014642377435,-0.081834815761027
SLM,2020-2021,LM,0.0,0.508604577658454,-0.234243315407821,-0.453644492397221
GLC,2019-2020,LC,0.0,0.220939425517051,0.201633190166248,-0.120894681395195
GHC,2020-2021,HC,1.0,0.289456059426073,-0.32962521102496,-0.04935416817154
MLC,2019-2020,LC,0.0,0.0927624682642584,-0.126579451939882,0.0510453417684846
BLM,2019-2020,LM,0.0,0.185329387789864,0.11294018656293,0.199096935944843
ALC,2020-2021,LC,0.0,0.0524781662234387,0.228030613915157,0.0425483334327029
GLC,2019-2020,LC,0.0,0.364731819213725,0.0958833745688101,-0.2413430679351
HLM,2020-2021,LM,0.0,0.054584749336138,0.14312318776246,0.262560252409139
HHC,2020-2021,HC,1.0,0.289756496200813,0.12240371071598,0.0449358923481
TLC,2019-2020,LC,0.0,0.0299210357291779,0.0758118177446501,0.275070612925864
SHM,2018-2019,HM,0.0,0.123089339501196,0.20491197033286,0.071707703569461
THC,2019-2020,HC,1.0,0.213147487298215,0.27772251154502,-0.049453564354667
NLM,2018-2019,LM,0.0,0.360721499488356,-0.598677388921756,-0.118209872820031
MHM,2017-2018,HM,0.0,0.0952099031439815,-0.264723372788053,0.0877837760269435
JLM,2019-2020,LM,0.0,-0.00228775305690898,0.158394045561876,0.578626510544045
FHM,2017-2018,HM,0.0,0.656302672802008,-0.04949496317217,-0.365530002415137
ALM,2019-2020,LM,0.0,0.168476574539695,0.04089114007902,-0.155108097593262
JLM,2019-2020,LM,0.0,0.0300269813658656,-0.00232679994362295,0.30532657217938
FLM,2020-2021,LM,0.0,0.134926052070341,0.2368795092791,0.020196897181473
OHC,2018-2019,HC,1.0,0.128814805185777,0.345414872608944,0.444518477379097
B1,2020-2021,HC,1.0,0.517765863526371,-0.7208345984519,-0.226099637262787
DHC,2018-2019,HC,1.0,0.0984033179043327,0.0326558794321501,0.506482337568323
D3,2019-2020,HC,1.0,0.420733790585553,0.10526249509134,-0.126847001909112
DLC,2017-2018,LC,0.0,0.23573086852869,-0.20741307596217,-0.00479083057454
GLC,2018-2019,LC,0.0,0.183292310432265,0.09906724111602,-0.173685999299539
OHM,2019-2020,HM,0.0,0.222227625373731,0.34856798973751,0.018589877138211
OLM,2017-2018,LM,0.0,0.103203789466228,-0.220313843840054,-0.0393646838092164
NHM,2018-2019,HM,0.0,0.41776723633748,-0.15686335781578,-0.155812050644666
AHC,2019-2020,HC,1.0,0.244356582326115,0.362812937962017,0.053692190109998
BLC,2019-2020,LC,0.0,0.037244923705301,-0.178611245381407,0.194772708299458
BHC,2017-2018,HC,1.0,0.192806057263906,-0.624000747236268,-0.059008773803253
DLC,2017-2018,LC,0.0,0.215031699634518,0.106578419012016,0.133426734126563
MLC,2018-2019,LC,0.0,0.627037926929627,-0.220477006506562,-0.408925597034
TLM,2020-2021,LM,0.0,0.201137645526276,-0.115942865384669,-0.090879361369227
OLM,2018-2019,LM,0.0,0.203112169515023,0.090570682444046,0.150638679220939
OLM,2017-2018,LM,0.0,0.184292107273029,0.14688767520602,-0.037297861089138
JHC,2020-2021,HC,1.0,0.227114753947242,0.03212930204108,-0.045566947204368
OHC,2017-2018,HC,1.0,0.157968881982687,0.24401899301734,0.366945234251431
D9,2019-2020,HC,1.0,0.647970417064342,0.304491820068863,-0.135574344155534
D4,2019-2020,HC,1.0,0.318353417736253,-0.285673965222702,-0.14396234401824
OHM,2019-2020,HM,0.0,0.253110421627949,0.10890030547725,-0.016361973809299
F1,2018-2019,HC,1.0,0.198083334768246,0.0971989110012601,0.075208065949575
AHC,2019-2020,HC,1.0,0.304660634418203,0.024187160297226,0.160715352142434
MLC,2019-2020,LC,0.0,0.205816906525025,0.10678552867763,-0.011250993926434
GHM,2019-2020,HM,0.0,0.169692510915149,-0.07556923609781,0.013885819794276
MLM,2020-2021,LM,0.0,0.0140461263270497,-0.0721086530798001,0.0903833568569653
NLC,2020-2021,LC,0.0,0.508110436979581,-0.309989521189695,-0.416752484063117
AHC,2017-2018,HC,1.0,0.311895022282895,0.102050368658927,-0.06353773107842
BLM,2019-2020,LM,0.0,0.0758414557928475,0.15692356212085,0.449116380792953
D7,2020-2021,HC,1.0,0.25643422982613,0.14698460590532,-0.067029850307264
MHM,2019-2020,HM,0.0,0.178176032519211,0.383789328240859,0.349729542152381
JLM,2020-2021,LM,0.0,0.311629546105535,0.246622311991849,0.016066034638775
D8,2017-2018,HC,1.0,-0.00939154827789213,-0.371067851195199,0.344471793342673
SHM,2018-2019,HM,0.0,0.269935885834634,0.07132726233218,-0.297467022195458
D8,2019-2020,HC,1.0,0.376518364354918,-0.04496198641819,-0.342425724674738
DLC,2019-2020,LC,0.0,0.31162292786164,-0.07395684166393,-0.254472270847908
OLC,2019-2020,LC,0.0,0.362081017430511,0.044864366116044,-0.137545604267718
MHM,2017-2018,HM,0.0,0.16947588398067,-0.11610326090632,-0.0334982153971
DHM,2017-2018,HM,0.0,0.250501805315871,0.0903520161771401,-0.103159660008054
BLC,2019-2020,LC,0.0,0.127435660054789,0.20444042608847,0.088148752754671
NHM,2017-2018,HM,0.0,0.229390094064621,-0.03961475127306,-0.062577786293665
D7,2020-2021,HC,1.0,0.130731882067356,0.257860110490345,0.344880596944525
THC,2020-2021,HC,1.0,0.0839399722770653,0.00148047391900996,0.529534767690285
GHM,2018-2019,HM,0.0,0.14309041055987,0.02237251944935,0.340923955963171
OLC,2020-2021,LC,0.0,0.261370312319629,0.142398286764765,0.076858087828807
OLC,2017-2018,LC,0.0,0.286402938000399,-0.05083712038161,0.021750676701611
OLC,2019-2020,LC,0.0,0.211598510293019,0.35520295953631,-0.073409029229676
JHM,2020-2021,HM,0.0,0.362144095622387,0.39774875850023,-0.089419103321119
D4,2017-2018,HC,1.0,0.19500983294906,-0.0191039495053621,-0.18979272012966
BHC,2017-2018,HC,1.0,0.146077882666326,-0.382405918968376,0.139778325435927
BHC,2018-2019,HC,1.0,0.163789332272183,0.317091891894622,0.196455918902862
OLM,2020-2021,LM,0.0,0.445480006500348,0.22918652925145,-0.139088706514604
JLM,2019-2020,LM,0.0,0.226970044146381,0.10904773081687,0.00758768867315801
NLM,2019-2020,LM,0.0,0.121595543829177,0.0351660269590799,-0.0848162278244763
NHM,2019-2020,HM,0.0,0.0446959337947379,0.18455614452968,0.400320350948368
D9,2019-2020,HC,1.0,0.360918062858439,-0.175716701428312,-0.227616824249297
MLC,2017-2018,LC,0.0,0.304529014917206,0.265893502294142,-0.043222460575338
MHM,2018-2019,HM,0.0,0.195916117974519,0.32342919748799,0.57287234571818
MLM,2018-2019,LM,0.0,0.564174004681719,0.0723932628635799,-0.226824871695
FHC,2018-2019,HC,1.0,0.141136420467271,0.393619360449011,0.435298823459676
D5,2018-2019,HC,1.0,0.148017501616171,0.285716687238343,0.265180082034015
THM,2018-2019,HM,0.0,0.653417696261942,-0.05651694428967,-0.40633581317701
GLC,2020-2021,LC,0.0,0.121027548347502,-0.04959637608336,0.28708832200061
GHC,2018-2019,HC,1.0,0.275316267330464,0.02554698332246,0.096768605646305
ALM,2020-2021,LM,0.0,0.130607717412594,0.026922301738921,-0.028084387111033
D5,2019-2020,HC,1.0,0.349667645073108,-0.40986509740259,-0.141568503055186
ALC,2017-2018,LC,0.0,0.168929276117218,0.41745852775938,-0.008780863939858
MLC,2020-2021,LC,0.0,0.220644571095375,0.024595962882099,-0.137012719531751
FLM,2020-2021,LM,0.0,0.2606126181187,0.160288562831918,-0.207911783696278
JHM,2020-2021,HM,0.0,0.526960314021346,0.34857429120291,-0.196321111789374
SLM,2018-2019,LM,0.0,0.208727638083209,0.397954077460921,0.215427563590278
DHC,2017-2018,HC,1.0,0.284375392405452,-0.16786211227839,0.035573470069772
SHC,2018-2019,HC,1.0,0.201033727756026,0.274883954900911,0.134097295117903
OHC,2017-2018,HC,1.0,0.352013778517997,-0.33481045625041,-0.156912434899581
GLM,2019-2020,LM,0.0,0.293507719864708,-0.141297707108548,0.20398149184727
ALM,2020-2021,LM,0.0,0.29814253485621,0.0831179927624499,-0.169432805464895
F1,2018-2019,HC,1.0,0.239442733385374,0.418067237413468,0.372707654914264
OLM,2018-2019,LM,0.0,0.117083497612812,0.0329943085706002,0.108431618865133
AHC,2018-2019,HC,1.0,0.204304030546339,0.26930133650532,0.155221931480029
OHC,2020-2021,HC,1.0,0.130016882549564,-0.0958192981823099,0.184085028450422
JLC,2020-2021,LC,0.0,0.296811905399821,0.05257351613008,-0.04432464382557
D8,2019-2020,HC,1.0,0.220493479084465,0.432090040936602,-0.00180841736578302
MHC,2017-2018,HC,1.0,0.349584144297123,-0.412398022144281,-0.195730615251809
SLC,2018-2019,LC,0.0,0.0508333099875053,-0.022132303762077,0.0818472731273047
OLC,2017-2018,LC,0.0,0.1427958062118,-0.057666673103609,0.117591244626056
MLM,2019-2020,LM,0.0,0.153535241789559,0.00776985361455196,0.087759258999745
BHM,2020-2021,HM,0.0,0.0997735883846329,0.0855872180591499,-0.108327934106603
GLC,2017-2018,LC,0.0,0.181418445654929,-0.06149541417746,0.015375220664778
GLM,2018-2019,LM,0.0,0.0908613433473909,0.410630300069603,0.103159385163404
NHM,2018-2019,HM,0.0,0.379687573638717,0.201979396908926,-0.294089819353139
FHM,2020-2021,HM,0.0,0.43611150697255,0.37848160150871,-0.29847455855061
BHC,2020-2021,HC,1.0,0.140609336023667,0.22242813989856,0.134769688921329
D8,2018-2019,HC,1.0,0.0928250564815994,0.215354123294193,0.277041016469898
GHC,2017-2018,HC,1.0,0.192205420432534,0.0503464123259509,0.019605077938836
OLM,2020-2021,LM,0.0,0.240619128689905,0.02241371552825,-0.234287180362188
OLC,2017-2018,LC,0.0,0.114643808303258,-0.287322019090701,0.023147629240949
NHM,2018-2019,HM,0.0,0.438505407357074,0.03013288212334,-0.00779795328403998
B1,2018-2019,HC,1.0,0.00163591098828997,-0.0304624157887898,0.379107410672652
HLM,2020-2021,LM,0.0,0.211643297807505,0.04806941409964,-0.116721598742395
MLM,2020-2021,LM,0.0,0.0922076299310468,-0.174083345465703,0.149373769154927
SHC,2018-2019,HC,1.0,0.26371149480377,-0.0925068827337201,0.048781628351363
D8,2020-2021,HC,1.0,0.276460838335322,0.02384557570507,-0.019681349466134
SLM,2017-2018,LM,0.0,0.327392324163183,0.149964586382199,-0.256389537777776
AHC,2020-2021,HC,1.0,0.171304469159961,-0.12134761702028,0.139242543226465
OLM,2020-2021,LM,0.0,0.20085431439164,-0.300308935990706,-0.089292313809525
THM,2020-2021,HM,0.0,0.561325026275849,-0.128827657121898,-0.178083611907807
NLC,2020-2021,LC,0.0,0.358492846639337,-0.577566296783361,-0.35573792584838
DLC,2020-2021,LC,0.0,0.242811645001458,-0.17463150904398,-0.115655056459723
NLM,2019-2020,LM,0.0,0.0528897390296981,-0.07329390837916,0.334569859501425
OHC,2017-2018,HC,1.0,0.498333675015314,-0.383713437081334,-0.199128442487666
JHM,2020-2021,HM,0.0,0.222782879988651,0.29917393185922,-0.182908903562457
AHC,2020-2021,HC,1.0,0.336545736125384,0.336807988452759,-0.270189098731173
FLC,2019-2020,LC,0.0,0.25529163139083,0.06531885873999,0.090629149071386
OHM,2019-2020,HM,0.0,0.120559543353408,0.2511227722631,0.298612530888741
MHM,2018-2019,HM,0.0,0.422799959632325,-0.00471906074209993,-0.238616955129909
JHM,2017-2018,HM,0.0,0.257858693171848,-0.06007646979805,-0.256578299864823
MHM,2018-2019,HM,0.0,0.135101610199557,0.26701656672832,0.143712125747725
NHM,2018-2019,HM,0.0,0.291640452654731,-0.207665251469444,-0.31178628928573
D6,2017-2018,HC,1.0,0.120342719348188,0.382443369914532,0.15163917659408
FLC,2018-2019,LC,0.0,0.478702270615545,0.31857986983798,-0.222699483248664
GHC,2018-2019,HC,1.0,0.215069691669072,-0.14937973930329,0.180681794232142
GLM,2020-2021,LM,0.0,0.428024228486432,-0.12210378130804,-0.389987400109745
FHM,2019-2020,HM,0.0,0.282402142814462,0.347561025317969,-0.194622973641965
D9,2017-2018,HC,1.0,0.325384768052473,0.0163750564382601,-0.032968444064218
JHM,2018-2019,HM,0.0,0.119291841404583,0.0185901722356191,-0.0246818360836796
GLM,2017-2018,LM,0.0,0.260644821442451,0.168224462759332,0.066980798838557
MHM,2017-2018,HM,0.0,0.461171344635585,-0.16922051325734,-0.124101920987946
OLM,2017-2018,LM,0.0,0.162511014687019,0.510953831782915,0.398999117361828
OLC,2018-2019,LC,0.0,0.175188310122023,0.01017875634243,-0.210180969301862
MLC,2020-2021,LC,0.0,0.269144860129274,-0.00294197412461017,-0.188916193038213
NHM,2017-2018,HM,0.0,0.223408284828212,0.128076134931383,-0.166701363072345
OHM,2019-2020,HM,0.0,0.433006070481357,-0.22803064578338,-0.368904448019712
GLC,2020-2021,LC,0.0,0.474776820263815,-0.17180058722085,-0.477469681421287
SLC,2019-2020,LC,0.0,0.293862853376569,0.15280270347601,-0.059511509751648
TLC,2020-2021,LC,0.0,0.336406902773156,-0.10929960614541,-0.216998719075177
NLC,2020-2021,LC,0.0,0.346274266605181,-0.366887531437782,-0.111088837513187
NLM,2019-2020,LM,0.0,0.155339408228942,-0.429096903766149,-0.0794206269419348
BHC,2017-2018,HC,1.0,0.466877828983618,-0.078940671792959,-0.254607335563994
BLC,2020-2021,LC,0.0,0.156953871823226,0.075582921188219,0.025632197330054
SLM,2018-2019,LM,0.0,-0.0176531044870356,-0.0513903422090201,-0.003559614606838
GLM,2020-2021,LM,0.0,0.145861940976322,0.10302064653564,0.090375808862013
THM,2019-2020,HM,0.0,0.119275004511752,-0.0646042021103401,0.184976411118296
GHC,2017-2018,HC,1.0,0.106404148730803,0.12391120905001,0.139190698058933
D5,2019-2020,HC,1.0,0.401878029605653,0.75502920937579,-0.064830508183193
B1,2018-2019,HC,1.0,0.209412646725924,0.16598868278151,0.148943991166193
MHM,2017-2018,HM,0.0,0.466564699284762,0.1844941047406,-0.439573030417684
MLM,2017-2018,LM,0.0,0.08675249723302,-0.0372907493636598,0.262265888531997
D7,2017-2018,HC,1.0,-0.0136746756936184,0.229907236086707,0.228696234925935
TLM,2020-2021,LM,0.0,0.0887545670513062,0.051811775024707,0.0677740225600038
DHC,2020-2021,HC,1.0,0.457969913847311,0.07225886760242,0.037971903066264
GLC,2020-2021,LC,0.0,0.281141824002967,-0.350175487806023,-0.285957203213806
TLC,2019-2020,LC,0.0,0.12053638768737,-0.129954206249776,0.39229257186559
D6,2020-2021,HC,1.0,0.370886417989107,-0.0102290782666501,-0.379785972670125
MLM,2017-2018,LM,0.0,0.122142294889096,0.11805436009985,0.054368842788349
OHC,2020-2021,HC,1.0,0.354380317165179,0.0576969102571798,-0.139768430130472
JHM,2019-2020,HM,0.0,0.546692261047032,-0.350952791865498,-0.557002431869276
AHM,2017-2018,HM,0.0,0.0332144899531199,0.229240870477057,0.269244220338177
TLM,2018-2019,LM,0.0,0.287067529401273,0.332733512095805,-0.211858204826624
MHM,2018-2019,HM,0.0,0.0463397962300627,0.37587274100781,0.241891890045815
AHM,2020-2021,HM,0.0,0.284468488855347,-0.0327946348925701,0.00353857726777002
OHC,2020-2021,HC,1.0,0.308586413892486,-0.261614528333273,0.075060588380824
BLM,2018-2019,LM,0.0,0.252973916448328,-0.0954223408193999,-0.157615939530662
JLM,2019-2020,LM,0.0,0.09841490395748,-0.0648647752571802,0.04048163621161
D9,2019-2020,HC,1.0,0.484559054769806,0.0716423813832201,-0.051827446166549
OLM,2018-2019,LM,0.0,0.495939320814854,-0.320991672123094,-0.281691209295181
SLC,2020-2021,LC,0.0,-0.000533405181848856,0.227630599742546,0.377210953438395
SHC,2020-2021,HC,1.0,0.450276658032434,-0.04711780274676,-0.263299265389107
MHM,2020-2021,HM,0.0,0.179784889664504,0.203287905356194,3.11664628719899e-05
BLM,2019-2020,LM,0.0,0.101455536655601,-0.213947812329025,0.153048813490533
JLM,2018-2019,LM,0.0,0.391298170481216,0.237755340164963,-0.272944679842957
SHM,2019-2020,HM,0.0,0.0995139147951436,0.10597900664979,0.483041218653713
BLM,2018-2019,LM,0.0,0.329972172040266,0.40169847378273,-0.256476247655301
NHM,2018-2019,HM,0.0,0.577330657895687,0.19943562111306,-0.175733846958381
D5,2020-2021,HC,1.0,0.260261006162631,-0.170707472016652,-0.033120735976649
MHM,2020-2021,HM,0.0,0.524971550952252,-0.228805611797688,-0.428131836755887
ALM,2019-2020,LM,0.0,0.243118616986093,-0.225679065684887,0.109711100225896
TLC,2020-2021,LC,0.0,0.247492181977483,-0.4214074341667,-0.259944324236873
D9,2017-2018,HC,1.0,0.258376944904129,0.256141943891404,-0.029555821574841
MLC,2018-2019,LC,0.0,0.164391276467462,0.08879569013116,0.142055247414565
ALM,2020-2021,LM,0.0,0.137226337985839,-0.083050513605975,-0.0611284346074288
MHM,2019-2020,HM,0.0,0.0975909325721082,0.253250528655791,0.260865076994946
JLM,2019-2020,LM,0.0,0.089114099528812,-0.18788266846454,0.057632233561848
AHC,2019-2020,HC,1.0,0.254638548383218,-0.305622322842,0.270311831070299
GLM,2020-2021,LM,0.0,0.499040849362773,0.04156847534536,-0.31072256010645
FHC,2018-2019,HC,1.0,0.336899658854897,-0.48200663786149,0.060232153418142
MHC,2020-2021,HC,1.0,0.165023086782151,0.03606505429976,-2.10196652679906e-05
D4,2018-2019,HC,1.0,0.531738469755708,-0.054596048633665,-0.037900814828529
OLC,2019-2020,LC,0.0,0.211043955289123,0.267779459376597,0.263218042615968
NLC,2019-2020,LC,0.0,0.12538551934638,0.15437395776525,0.145109721372043
THC,2018-2019,HC,1.0,0.0625196712409402,0.195514531837034,0.277175710867346
MLM,2017-2018,LM,0.0,0.131808129745338,-0.160188784998819,0.082597690403508
D8,2020-2021,HC,1.0,0.147690911542682,-0.120014497138711,-0.0999486565502118
THM,2017-2018,HM,0.0,0.293422553225631,0.0376714026303521,-0.037899066182194
D4,2020-2021,HC,1.0,0.025918685290407,0.0959367620276299,0.077464150911807
D8,2019-2020,HC,1.0,0.414611948030156,0.314352401014957,-0.112162169905845
GLM,2017-2018,LM,0.0,0.408033289210218,0.00191753687044005,-0.090400713379927
AHC,2018-2019,HC,1.0,0.343271064320601,-0.06155745870984,-0.247464094065528
ALC,2017-2018,LC,0.0,0.247702713912418,0.0272287193923161,0.38202396978233
HLC,2020-2021,LC,0.0,0.386738708655699,0.17017352763637,-0.00249566196328299
DHM,2019-2020,HM,0.0,0.275382747913006,-0.198881162177121,-0.037870376592417
MLM,2018-2019,LM,0.0,0.243686332105791,-0.451077361933348,-0.139407725334581
GHM,2019-2020,HM,0.0,0.113026005716305,0.295126074483391,0.16821628593508
OLC,2020-2021,LC,0.0,0.307968398402652,-0.117968314735681,-0.176080936682513
NHC,2019-2020,HC,1.0,0.344039125766821,0.0390652144844001,-0.074636048551625
SLM,2017-2018,LM,0.0,0.315937611938631,-0.232195788187665,0.067330247062044
OLM,2018-2019,LM,0.0,0.1849964242525,0.077448495464981,0.416241553052415
OLC,2017-2018,LC,0.0,0.286091696970812,-0.250187549081595,-0.281014737622525
GHM,2020-2021,HM,0.0,0.217250965330236,0.10856348175385,-0.06062813574046
MLC,2017-2018,LC,0.0,0.323444903100287,0.15126645645137,-0.049416675358838
DHC,2018-2019,HC,1.0,0.262753190407856,-0.21157744637808,-0.050254245001253
BLM,2019-2020,LM,0.0,0.00253005158243047,0.231963622566071,0.0913726437920052
OHC,2019-2020,HC,1.0,0.547758940156907,0.0247889908601719,-0.473050413647864
TLM,2020-2021,LM,0.0,0.111357772445402,0.34172879064049,0.039386441435786
JHM,2019-2020,HM,0.0,0.220523457882208,0.0936472356264302,-0.033228784427317
OHC,2017-2018,HC,1.0,0.293921003714998,-0.141864502102106,0.160956111450656
HLC,2018-2019,LC,0.0,0.360257308243472,-0.264337308551845,0.023651744935449
D8,2020-2021,HC,1.0,0.476736090062005,-0.394947026797498,-0.359476756366608
BLC,2019-2020,LC,0.0,0.124507487985446,0.105156672147113,-0.0839364609240492
GLM,2018-2019,LM,0.0,0.185447642115239,0.450066849674701,-0.075376991845882
JLC,2017-2018,LC,0.0,0.252971442990907,-0.02184863060882,-0.088865362824014
TLC,2018-2019,LC,0.0,0.240756056676622,0.138465170372537,-0.147236551970383
ALC,2017-2018,LC,0.0,0.175820050367413,-0.168461538387499,0.052901529489382
D8,2018-2019,HC,1.0,0.448849753821888,0.122335790546148,-0.0284753972176
OLC,2019-2020,LC,0.0,0.166717459832278,-0.00334722189923009,-0.032756724459924
MLM,2018-2019,LM,0.0,0.0903017693667041,0.10499888663106,0.349226309734694
JLC,2018-2019,LC,0.0,0.22008318069653,0.598575256263223,0.063548566936562
F1,2018-2019,HC,1.0,0.216390441125849,0.052416953906934,0.176824638804175
OLC,2017-2018,LC,0.0,0.338303992301706,-0.06163079553466,-0.24738144940062
MLM,2018-2019,LM,0.0,0.0106336682186225,-0.0323307625846501,0.307224779851917
HLM,2018-2019,LM,0.0,0.206786301331991,0.0603345773252502,-0.077776994501695
BLM,2017-2018,LM,0.0,0.220918339764527,0.22174163487027,0.017344581953983
NLC,2018-2019,LC,0.0,0.0172071838012036,0.01607331056132,0.124375925586921
NHM,2017-2018,HM,0.0,0.209701143404183,-0.0459104701753299,-0.0159709971455
THC,2020-2021,HC,1.0,0.289366602762494,0.165127750240172,0.271244936798475
OLC,2020-2021,LC,0.0,0.563207289201385,-0.27957955607144,-0.483455948576646
JLM,2020-2021,LM,0.0,0.268846169301405,0.20119492273693,-0.046212490732499
SLM,2018-2019,LM,0.0,0.16516805179835,0.0343189390049701,-0.0772987126240372
MLM,2020-2021,LM,0.0,0.162011248382721,-0.10970503443021,0.068220154234505
MHC,2017-2018,HC,1.0,0.0654880438151961,0.07938983800884,-0.000545030111005498
GLM,2017-2018,LM,0.0,0.134959528023925,0.272879973098305,0.11083302846978
BHC,2017-2018,HC,1.0,0.218110842851055,-0.0146004637405799,0.442740088582741
OLM,2018-2019,LM,0.0,0.205529808997206,0.0940885423749459,0.075406340572216
TLM,2020-2021,LM,0.0,0.319186265208246,0.250251549045996,-0.127825166069834
ALC,2019-2020,LC,0.0,0.251706213992115,-0.00561829893216004,-0.051501862161787
FHM,2020-2021,HM,0.0,0.473407371603171,-0.451683413656464,-0.186083963265709
TLM,2020-2021,LM,0.0,0.37725296131972,0.227420704600314,0.052179702725059
GLM,2017-2018,LM,0.0,-0.00792554417595936,0.114142119116525,0.361731584198185
GHC,2020-2021,HC,1.0,0.596967934545806,-0.000775311968010062,-0.361470817212194
OLM,2020-2021,LM,0.0,0.232061065843745,0.176250659469444,0.134547051916138
ALM,2019-2020,LM,0.0,0.404264896780896,0.0390978958307411,-0.339939508115491
BLM,2019-2020,LM,0.0,0.242133196103461,0.300992845973475,-0.022807614687765
D9,2019-2020,HC,1.0,0.267083629776299,0.456014803989711,0.255655183137247
HHC,2017-2018,HC,1.0,0.0373961567955714,0.11477994047767,0.30315494620884
OLM,2017-2018,LM,0.0,0.19142814044521,0.112271673799599,0.221163682206785
JLC,2017-2018,LC,0.0,0.180301966865314,-0.03310418286282,0.059495592036538
AHM,2018-2019,HM,0.0,0.595216014996359,0.0750855989667201,-0.269199900326455
HHC,2018-2019,HC,1.0,0.185816777983799,0.525438642816869,0.375306848949611
TLC,2020-2021,LC,0.0,0.26282857521381,-0.17760204981902,0.046192327025288
MHC,2017-2018,HC,1.0,0.217596013242189,0.402393332931848,-0.000914081858699983
GHC,2019-2020,HC,1.0,0.36119198087421,0.10185708220828,0.066805411153998
NHC,2020-2021,HC,1.0,-0.0206913741418799,0.398106576336866,0.408887223184912
D8,2019-2020,HC,1.0,0.125837327050325,0.132575971307113,-0.135502069110999
NLC,2019-2020,LC,0.0,0.221915683069498,0.033527930422724,-0.008926323765264
FLC,2019-2020,LC,0.0,0.303974100261673,-0.14001690021376,0.196291107464712
NLC,2017-2018,LC,0.0,0.637163696765601,0.19645087842026,-0.306266025769529
MHC,2020-2021,HC,1.0,0.145626382778436,0.103884058738066,-0.036993600677068
BLM,2018-2019,LM,0.0,0.128674138791243,-0.141591934199906,-0.0738293331481036
OHC,2018-2019,HC,1.0,0.485769618006689,-0.0604694471170899,-0.112617624298718
SLC,2017-2018,LC,0.0,0.317366911930981,-0.14358534396808,-0.061487006747787
ALM,2017-2018,LM,0.0,0.221722876137828,0.16136678421705,-0.034694915512781
BLM,2018-2019,LM,0.0,0.473299652530961,-0.059521223652095,-0.26234540446598
FLM,2019-2020,LM,0.0,0.0444869870467866,0.25780802391506,0.0815132629849434
MLM,2020-2021,LM,0.0,0.238229802530771,0.098880123518999,0.075347492556257
TLM,2019-2020,LM,0.0,0.182732380824091,-0.056323434861447,0.167835199137518
BHC,2019-2020,HC,1.0,0.412746592433676,0.0323054593533201,-0.077589335336608
DHM,2017-2018,HM,0.0,0.117675102484487,0.072715594705561,0.280076890879325
NLC,2017-2018,LC,0.0,0.0364789436942436,-0.00769207680573003,0.308248137091498
THC,2020-2021,HC,1.0,0.247066170907101,-0.0327362120294301,-0.161584133956958
OLM,2019-2020,LM,0.0,0.0685148319678246,0.00455010168754,0.375804210954898
D5,2019-2020,HC,1.0,0.312462330888993,-0.0762980413952301,0.023844820714022
SHC,2019-2020,HC,1.0,0.163616773062042,-0.22910135463649,0.289073981198412
JHC,2017-2018,HC,1.0,0.019655105600451,-0.04199737098207,0.35700694764354
FLC,2020-2021,LC,0.0,0.371623058646575,-0.2522222468653,-0.384098970778202
NHC,2019-2020,HC,1.0,0.495127753876274,-0.26251895358964,-0.40103470499345
MHM,2019-2020,HM,0.0,0.110166793764475,0.14649569497117,-0.0352909480801948
BLC,2018-2019,LC,0.0,0.272277188029415,0.38988446810318,0.138273158355279
OHM,2020-2021,HM,0.0,0.479591608547771,-0.24494958451174,-0.178530878486318
GLC,2017-2018,LC,0.0,0.323142438987453,0.10250765845492,-0.120862848606539
OLC,2018-2019,LC,0.0,0.33225221828636,-0.17463663365222,-0.221957183566369
HHM,2019-2020,HM,0.0,0.219026236902065,-0.220228421253114,-0.034188207006885
FLM,2017-2018,LM,0.0,0.160181493424476,-0.09081109465565,-0.004055761857087
D9,2019-2020,HC,1.0,0.147290124141154,0.05139824764603,0.178664696554947
GLC,2018-2019,LC,0.0,0.132228281580102,-0.17402832091304,0.063493565157216
BLC,2018-2019,LC,0.0,0.113514944476585,-0.08658127763629,0.204183001879527
MHM,2019-2020,HM,0.0,0.381212430143837,0.313589875512382,-0.220490266894211
THC,2018-2019,HC,1.0,0.55723855264694,-0.18186092559857,-0.16041574825521
D8,2017-2018,HC,1.0,0.365482110367492,-0.432795909121112,-0.100487229824324
BHM,2020-2021,HM,0.0,0.215616420846216,-0.08524696752093,0.07268425929583
BHC,2020-2021,HC,1.0,0.132763189478678,-0.19207207781212,0.021514743500655
NHM,2019-2020,HM,0.0,0.357083327611486,-0.028513512788835,0.231617424621997
MHM,2018-2019,HM,0.0,0.133767258147587,-0.080698172321099,0.071496162376784
FHM,2017-2018,HM,0.0,0.206576386527133,-0.0047705526483901,-0.097075373364863
NLM,2019-2020,LM,0.0,0.149214015688003,-0.178109622892985,0.079500826631845
SLM,2019-2020,LM,0.0,0.0841005519985862,0.214499392400593,0.2432358088919
OHM,2019-2020,HM,0.0,0.303610242941004,0.14530936011648,-0.228506545436883
MLC,2020-2021,LC,0.0,0.476405751098925,-0.20817588522467,-0.388603530324182
OHM,2019-2020,HM,0.0,0.133648874737476,-0.210156007149203,-0.143611444193019
GHM,2019-2020,HM,0.0,0.102085924160984,-0.275914670683737,0.328892644566542
JLM,2017-2018,LM,0.0,0.42552731121696,-0.0891314241807399,-0.246502747450074
D7,2018-2019,HC,1.0,0.0898787713149152,-0.0751825963292991,0.354641368089688
ALC,2019-2020,LC,0.0,0.295795873564162,-0.432940355259189,0.151381432831192
AHM,2017-2018,HM,0.0,0.0920194112498862,-0.05503493136666,-0.10246749656035
HHC,2020-2021,HC,1.0,0.301193430928496,-0.0122792795453899,0.025378277087548
D5,2018-2019,HC,1.0,0.228882344914542,-0.20742396133556,-0.014475837929572
MLM,2018-2019,LM,0.0,0.204769287098188,0.241851284652173,0.029182338431139
AHM,2018-2019,HM,0.0,0.268327169865916,0.296425687429515,0.037089074931572
SHC,2020-2021,HC,1.0,0.121171653461368,-0.356435825709914,0.182347202045729
JHC,2017-2018,HC,1.0,0.199789180328761,-0.0492304699106698,0.244809109763624
MHC,2018-2019,HC,1.0,0.2621025101381,-0.0898990569520499,0.252197566332638
MLC,2020-2021,LC,0.0,0.0308563498319594,0.287672465298484,0.0035196171148666
FHM,2017-2018,HM,0.0,-0.00130505127923697,0.158387340736028,0.470007286355758
GHM,2018-2019,HM,0.0,0.301913607396926,-0.0132445256752001,-0.096039619412484
BLC,2018-2019,LC,0.0,0.129892201274069,0.208201075933988,0.039108797198107
NHM,2020-2021,HM,0.0,0.0940094305383347,0.207386150641215,0.0346559174415293
BLM,2020-2021,LM,0.0,0.170230878986884,0.15612170196237,0.37455722233751
THC,2019-2020,HC,1.0,0.491841625510263,0.0805860326385399,-0.449149901784097
NHM,2017-2018,HM,0.0,0.456038520537458,-0.176508035517378,-0.309447109005972
GLC,2020-2021,LC,0.0,0.130285127540732,0.05915292568283,0.146193812808948
MLM,2019-2020,LM,0.0,0.185137167791338,-0.322484529574284,-0.210349587378233
NLM,2020-2021,LM,0.0,-0.0153818334604938,0.212133736649352,0.454656346606283
SLM,2020-2021,LM,0.0,0.287611766295248,-0.0301440856455529,-0.103463731152298
SLC,2018-2019,LC,0.0,0.363300677249443,0.149736415405623,-0.124739857014315
GHM,2017-2018,HM,0.0,0.108241845117634,-0.110165744660851,0.363363617864613
AHM,2017-2018,HM,0.0,0.0212966365559973,0.231114277447089,0.151449830529514
GLC,2018-2019,LC,0.0,0.26035492863376,0.088497179350149,0.045302972612494
SLM,2019-2020,LM,0.0,0.0812354248714868,-0.400144643084739,0.222468764607193
GHC,2018-2019,HC,1.0,0.28966014016008,0.34041294744575,0.285007893093753
D8,2020-2021,HC,1.0,0.234474456647798,-0.310991594042282,-0.13694955347217
HLM,2020-2021,LM,0.0,0.381267219327614,-0.496363139400913,-0.00274046529442196
F1,2017-2018,HC,1.0,0.122986106479069,0.0728503390247399,0.118211840470288
TLM,2020-2021,LM,0.0,0.121949374736268,-0.0527891211110001,0.092391626346633
MHC,2020-2021,HC,1.0,0.265209411846583,-0.276194021175596,0.070665010900637
DLC,2020-2021,LC,0.0,0.343773079885272,-0.333399177256434,-0.327165644393856
AHM,2019-2020,HM,0.0,0.44553283863153,-0.14899486292651,-0.144112250956633
DHC,2020-2021,HC,1.0,0.220887296987975,-0.504127691883914,0.060200539128257
DLM,2019-2020,LM,0.0,0.281550258633718,0.01016590536119,-0.17872238179869
FLM,2020-2021,LM,0.0,0.16411853181437,0.232346280442266,0.284085375988817
D8,2017-2018,HC,1.0,0.321841856144315,0.177071461912373,-0.107023098787183
D8,2020-2021,HC,1.0,0.206253636345126,0.026966623497132,-0.120095919978823
GHM,2017-2018,HM,0.0,0.216693001145317,0.47902636636367,-0.191176157646949
DHC,2017-2018,HC,1.0,0.637124208177497,-0.455079688448696,-0.445473055198099
OHM,2020-2021,HM,0.0,0.174136559238273,-0.373973509741818,-0.022671729596592
MHC,2020-2021,HC,1.0,0.429533122441411,-0.234856469069899,-0.237404979431603
BHC,2019-2020,HC,1.0,0.125515728197291,0.16687653976649,0.163791435956228
BHC,2017-2018,HC,1.0,-0.00801546249103691,0.03384844206943,0.244732869923372
OLC,2018-2019,LC,0.0,0.0982343381073625,-0.257951230357506,0.159063146340968
TLM,2017-2018,LM,0.0,0.246805755942674,0.10519931983056,0.06386655382598
AHM,2017-2018,HM,0.0,0.332150536600882,-0.11084382261999,0.00370739354650501
MLM,2020-2021,LM,0.0,0.156104405780859,0.118131082946476,0.039778579396626
THM,2017-2018,HM,0.0,0.13206204707805,0.133933091869874,0.109064896770619
AHC,2017-2018,HC,1.0,0.236209710346945,-0.0820415147011302,-0.045155128005749
NLM,2018-2019,LM,0.0,0.185993586956522,-0.251670345662891,0.05434033462874
NHM,2018-2019,HM,0.0,0.171678172350573,0.109472754315455,0.090613129399753
NHC,2019-2020,HC,1.0,0.551589620595807,-0.0118111820228401,-0.436154176049347
D8,2018-2019,HC,1.0,0.0267013530889991,0.409134503133845,0.325913218539369
D8,2020-2021,HC,1.0,0.14080371503792,-0.06236463404463,-0.0745392558111251
SLC,2019-2020,LC,0.0,0.185428635153381,-0.270604594376333,0.067349918430625
DLC,2019-2020,LC,0.0,0.144275266529405,-0.33056290421794,0.111081690213421
AHM,2018-2019,HM,0.0,0.268110019402747,-0.109822400290565,0.069898399321099
BHC,2017-2018,HC,1.0,0.2734282768729,-0.4210991932419,0.051892353279496
SLC,2020-2021,LC,0.0,0.202734809301421,0.0778216062152399,0.200750362992847
JHM,2020-2021,HM,0.0,0.275642932086194,-0.23967410790371,-0.156566653538205
D9,2017-2018,HC,1.0,0.395803874615365,0.011590169064538,0.19254171595889
OLM,2018-2019,LM,0.0,0.041290501220171,0.297842722004268,0.455140092850788
MHC,2018-2019,HC,1.0,0.150471903034814,0.198767116773449,-0.0897407356842918
MHM,2020-2021,HM,0.0,0.454318327046066,-0.42857390306241,-0.04734081061117
ALM,2017-2018,LM,0.0,0.176018439113292,-0.12739387468131,-0.141106431109592
JLC,2020-2021,LC,0.0,0.155423938065505,-0.299375327028184,-0.112303619195908
SLC,2018-2019,LC,0.0,0.158667933396587,0.313069950497006,0.39845316588539
DHC,2018-2019,HC,1.0,0.304617498602401,0.141169408438482,-0.106251335301323
SLM,2017-2018,LM,0.0,0.281849740702802,-0.266481876146199,-0.044425833568707
D1,2020-2021,HC,1.0,0.246187889217117,-0.355099318413125,0.099665348854926
MLC,2018-2019,LC,0.0,0.190165992894751,-0.06188597331349,0.230643584191683
JHM,2019-2020,HM,0.0,0.103412558860247,0.00111222912053988,0.160357778999052
D9,2018-2019,HC,1.0,0.224379825913124,0.00908806934097006,0.105723431032662
SHM,2020-2021,HM,0.0,0.548686304463252,-0.00631877035183992,-0.438834929363822
JLM,2019-2020,LM,0.0,0.0640057077971987,-0.181629018082939,0.204704815400604
F1,2018-2019,HC,1.0,0.139125105316756,0.387718769265292,0.450878982690702
GHC,2018-2019,HC,1.0,0.133548293257921,0.21987535305544,0.270853033103942
D8,2017-2018,HC,1.0,0.0716164644050143,-0.23879243815628,0.0319302961464757
OLM,2019-2020,LM,0.0,0.269695599611101,-0.33475024016955,-0.060611792485277
DHM,2020-2021,HM,0.0,0.199433860732428,-0.201778272928774,-0.022447049035226
OLM,2019-2020,LM,0.0,0.154764652271917,-0.01797936878843,-0.100600023190329
MLC,2018-2019,LC,0.0,0.275673559208303,0.0766921735281801,-0.027941469013007
B1,2020-2021,HC,1.0,0.133826423679783,0.23260940294647,0.158110460414044
NHM,2019-2020,HM,0.0,0.401596810937306,-0.517909538440986,-0.097386601793958
DLC,2018-2019,LC,0.0,0.39658526933169,-0.44343566942279,-0.255056946037313
D3,2020-2021,HC,1.0,0.429851848297909,-0.03894989338903,0.041979262436536
OLC,2017-2018,LC,0.0,0.39511486800699,0.129644108872933,0.078016536043778
NHC,2020-2021,HC,1.0,0.52290730568005,-0.27735562339231,-0.263668254686131
FLC,2019-2020,LC,0.0,0.223889041994346,-0.0509628738794299,-0.028637880435038
OLM,2017-2018,LM,0.0,-0.0127570234129664,0.109122535187083,0.272274589413037
HLC,2019-2020,LC,0.0,0.116794058769847,0.261412727503686,0.065037801583482
D8,2019-2020,HC,1.0,0.301151234218775,-0.108618705283496,0.250067812315342
D9,2020-2021,HC,1.0,0.267113039873285,-0.186866253638028,-0.233566825637066
D7,2017-2018,HC,1.0,0.0423246878422263,0.17081560879229,0.228810537698899
SLM,2019-2020,LM,0.0,0.0825044855303778,-0.32699556040738,0.0799802982094132
OLC,2018-2019,LC,0.0,0.0953593307413347,-0.21924756551851,0.187021810547748
NLC,2018-2019,LC,0.0,0.388749079699403,0.18806905944162,0.088018403587106
NHM,2017-2018,HM,0.0,0.0439493847061987,-0.281389373944681,0.118936529710889
OLM,2017-2018,LM,0.0,0.252985160013811,-0.424219526347214,0.067712310257114
SHC,2018-2019,HC,1.0,0.297484248555437,0.14683077533983,-0.186656422254465
BLC,2020-2021,LC,0.0,0.48934546111582,0.291042078661368,-0.471856160728982
OLC,2018-2019,LC,0.0,0.0635525157409572,-0.028886627605751,-0.0531159771079163
NHC,2018-2019,HC,1.0,0.185627056615372,0.648338411701801,-0.025468042329825
JLC,2019-2020,LC,0.0,0.265968643916955,-0.0752793689078,-0.137282125343755
D8,2019-2020,HC,1.0,0.286155141867399,-0.313833748011793,0.096230088729842
OHM,2020-2021,HM,0.0,0.436136813235847,0.34160045048713,-0.117293740640818
HHC,2019-2020,HC,1.0,0.246477727121559,0.117918666879724,0.019814317276709
B1,2017-2018,HC,1.0,0.265015105935589,0.22155785526686,-0.097120029229692
DLM,2020-2021,LM,0.0,0.191736995522837,-0.0866831043914502,0.035034526922287
JLM,2019-2020,LM,0.0,0.21192411654454,0.0552921405112701,0.178981049655772
GLC,2018-2019,LC,0.0,-0.00873270238092838,0.287860545506766,0.432926231443144
BLM,2019-2020,LM,0.0,0.129026400209892,-0.04055475052269,0.078055797078663
AHC,2017-2018,HC,1.0,0.191847451023089,-0.109568321700586,0.06227300239346
NHC,2020-2021,HC,1.0,0.454877717561432,-0.299739651330179,-0.448559444560174
GLC,2018-2019,LC,0.0,0.0802706797382899,-0.0678379578816,0.229153211757327
D9,2019-2020,HC,1.0,0.285773763973496,0.04194273075197,-0.068847194996201
JHC,2019-2020,HC,1.0,0.22029226262162,-0.116542950347047,0.03847435692631
DHC,2018-2019,HC,1.0,0.468046089101204,0.13736127019916,0.233723388467163
HHM,2020-2021,HM,0.0,0.197184004779956,0.30004513194166,0.115982655939172
MLM,2020-2021,LM,0.0,0.245290697056945,-0.0159971164110402,0.170955229885264
DLC,2017-2018,LC,0.0,0.0070426918653379,0.0235382567303701,0.422788181063579
OLM,2017-2018,LM,0.0,0.202017593268438,-0.0560374784793101,0.067449971410176
AHC,2020-2021,HC,1.0,0.402695709201915,-0.0540904601764,-0.096122367744449
HHM,2020-2021,HM,0.0,0.260842259126112,0.19745958120077,0.108470453713714
D10,2018-2019,HC,1.0,0.0236059665197923,-0.074450660166409,0.296460778052715
MHM,2018-2019,HM,0.0,0.0156278770469716,0.091000092351,0.330179903871348
OHC,2019-2020,HC,1.0,0.299735379765674,-0.059873746041532,0.040493264708221
D3,2020-2021,HC,1.0,0.16451822595746,0.18570801822358,0.244458938096598
SLC,2020-2021,LC,0.0,0.429052031294651,-0.10506655617738,-0.127798162851618
ALC,2020-2021,LC,0.0,0.324124078927201,-0.207478062713975,-0.220272673612885
BLC,2017-2018,LC,0.0,0.0531126499600392,-0.123100535889062,0.0754415188155728
GLC,2017-2018,LC,0.0,-0.00259892828011554,0.262954231805933,0.342551783493157
D8,2019-2020,HC,1.0,0.0506685838454188,-0.484832355887274,0.0699150175975772
ALM,2020-2021,LM,0.0,0.348452815021113,-0.0638329731554002,-0.347932971173366
MHM,2020-2021,HM,0.0,0.336595028757366,-0.0278536496003001,-0.215771780795326
JHM,2019-2020,HM,0.0,0.0306892068800615,0.295934910961995,0.222260732630532
BHM,2017-2018,HM,0.0,0.0819851401192735,-0.414748304882593,0.213318693720387
SLM,2017-2018,LM,0.0,0.1126592731844,0.0687595180107441,0.057682844061562
FHM,2017-2018,HM,0.0,0.353324336024668,-0.00152173204146,-0.00538697869347099
JLC,2018-2019,LC,0.0,0.227725614212216,0.310504292126532,0.068231714737887
MHC,2020-2021,HC,1.0,0.344458834811221,-0.23578310281694,-0.152471943851568
JHC,2020-2021,HC,1.0,0.160476468973033,-0.0309228538691999,-0.00704343754919801
MLC,2018-2019,LC,0.0,0.303074073159644,-0.0617384919683169,-0.313418661647864
MHM,2018-2019,HM,0.0,0.221713532033241,0.1858876084933,0.109929380913122
D4,2018-2019,HC,1.0,0.254906738857847,0.151637082760206,0.251322752268209
MHC,2019-2020,HC,1.0,0.19303031293619,0.0446524384287499,0.26921544945051
BLC,2017-2018,LC,0.0,0.349215675144475,0.092100827458124,0.054683327385726
D8,2019-2020,HC,1.0,0.349265660668781,0.292277570023171,-0.161647990288956
MHM,2017-2018,HM,0.0,0.0679918721869459,0.147851217007333,0.0807532760231341
ALM,2020-2021,LM,0.0,0.0440335195654344,0.07654388333177,0.261647077375858
BLC,2019-2020,LC,0.0,0.271691110696031,-0.0385607586954,0.016231296327342
MLM,2018-2019,LM,0.0,0.361552730296552,-0.0987127473983498,0.050074205466189
MLM,2018-2019,LM,0.0,0.324046941575381,0.0630809575390701,-0.201365604237912
JLM,2019-2020,LM,0.0,0.227826077831924,0.11238107772812,-0.160814013413637
GHM,2020-2021,HM,0.0,0.429150297953809,-0.109018957929321,-0.371408670191124
OLM,2017-2018,LM,0.0,0.41001760740261,-0.36344905936554,-0.238325605104677
MHM,2019-2020,HM,0.0,0.476717344651971,-0.33147398900147,-0.087494740949995
GLM,2017-2018,LM,0.0,0.241972111494409,-0.0446754505528599,-0.211172696476588
NLC,2019-2020,LC,0.0,0.28368697237686,-0.0670401822970002,0.016699026026525
MLC,2018-2019,LC,0.0,0.34408324012106,0.16664540981429,0.015929212321326
D8,2018-2019,HC,1.0,0.241061381052574,0.192877684109281,-0.125217697654494
NLM,2018-2019,LM,0.0,0.253216499303296,0.00795295164686705,-0.00344801228639099
JLM,2020-2021,LM,0.0,0.634818341310616,-0.13040499769505,-0.381271673063026
FHM,2018-2019,HM,0.0,0.464355044294774,0.25613221094306,-0.289878615846851
AHC,2018-2019,HC,1.0,0.227870169665854,-0.05925617047823,0.141849842656346
SHM,2017-2018,HM,0.0,0.244782398082794,0.01852216679746,0.289183011162522
JLC,2017-2018,LC,0.0,0.312426944071377,0.514675586076454,0.376051911358249
NLM,2020-2021,LM,0.0,-0.0228752991444496,0.153083972040915,0.441419581849443
D8,2017-2018,HC,1.0,0.149988536401589,0.161459263204342,-0.145980152117772
OLM,2019-2020,LM,0.0,0.391074801782012,-0.176765384913611,-0.24301044688776
NHC,2019-2020,HC,1.0,0.185398844405262,-0.229954195720744,0.135642349922296
D5,2018-2019,HC,1.0,0.334273122994457,-0.173835417485121,0.033383781290483
GLC,2019-2020,LC,0.0,0.320183592119854,-0.36511384403967,0.046987646265049
SHC,2017-2018,HC,1.0,0.227723396084855,0.165227525995919,0.075145411695141
ALC,2018-2019,LC,0.0,0.283402660066082,-0.318536130714048,0.169665950568317
GLC,2020-2021,LC,0.0,0.0484150347645245,0.0567333602326199,0.377997332713734
ALC,2018-2019,LC,0.0,0.360967053081174,0.05834112975845,-0.125897336829877
OLM,2020-2021,LM,0.0,0.25663300206321,0.229776236729677,0.000511756259125029
JLC,2019-2020,LC,0.0,0.485813013251563,-0.426573748771236,-0.447731833625806
FLC,2018-2019,LC,0.0,0.200807384149864,0.01065773388193,0.02946264647342
D9,2019-2020,HC,1.0,0.244789013353996,0.20455783713468,-0.245056979030922
OLM,2018-2019,LM,0.0,0.182924065996414,0.271510169828441,-0.00300601771630099
DHC,2020-2021,HC,1.0,0.35708710966179,0.220732275239943,0.032760653368577
FHC,2019-2020,HC,1.0,0.385343062228288,0.0805420588177801,-0.127500654286086
THM,2017-2018,HM,0.0,0.00712149099992598,-0.190436826880723,0.142006324913751
SLC,2017-2018,LC,0.0,0.458381646996157,0.058569707935023,-0.367958343521902
GHM,2017-2018,HM,0.0,0.344650285237411,0.161014826690106,0.148084334527176
OLM,2017-2018,LM,0.0,0.342399014719312,-0.254240299316091,-0.137484116922925
BLC,2019-2020,LC,0.0,0.0911023853492323,-0.15487646862014,-0.016490594988485
D4,2017-2018,HC,1.0,0.221312994514274,-0.0695749766345519,0.055277976534075
OLC,2020-2021,LC,0.0,0.209123706849395,0.182810894648185,-0.160018375854314
JLC,2019-2020,LC,0.0,0.0472554992083483,-0.329721207667465,0.0361465415119548
OHM,2017-2018,HM,0.0,0.142229698489549,-0.1090354561728,0.160709025009294
D7,2020-2021,HC,1.0,0.281913867770054,-0.370627412038249,-0.223927520810193
ALC,2020-2021,LC,0.0,0.38564912024218,-0.673366292587458,-0.308917062128078
NLC,2018-2019,LC,0.0,0.241420190633879,-0.679163576628656,0.127981287161858
BHC,2020-2021,HC,1.0,0.190236938469511,0.0786247475610902,0.243052505160904
GLM,2018-2019,LM,0.0,0.58029050248178,0.0712816228094499,-0.328917940984275
OLM,2020-2021,LM,0.0,0.02656638048649,-0.04898884551003,0.256004932134038
DHC,2017-2018,HC,1.0,0.385483023363191,0.506397656741173,-0.15905740247322
GHC,2019-2020,HC,1.0,0.311429450252324,0.328383741553002,-0.153874073301073
SLC,2019-2020,LC,0.0,0.312392857718111,0.0602853995319601,-0.301551006126246
OLC,2018-2019,LC,0.0,0.00706634043891863,0.24758653514094,0.503891751008071
OHC,2018-2019,HC,1.0,0.239434308958638,0.508673625581297,0.12803286157215
MLC,2017-2018,LC,0.0,0.116115152283139,0.069594072898921,0.113742265837132
OLC,2020-2021,LC,0.0,0.212063018483792,-0.00272193064954995,-0.069118597176214
OLM,2020-2021,LM,0.0,0.170467035159199,-0.22506536565358,-0.085268067179294
FHC,2020-2021,HC,1.0,0.30266623757613,0.113778666173211,-0.293413584759935
HHM,2020-2021,HM,0.0,0.260745560991142,0.16800401773927,0.305815391780529
D4,2017-2018,HC,1.0,0.326417071508229,-0.0583622652281,0.147519138884161
MLM,2020-2021,LM,0.0,0.229250372305845,-0.0504053384527998,0.152600639288996
MHM,2018-2019,HM,0.0,0.258651112201306,0.33474222679412,-0.027897738374414
OHM,2019-2020,HM,0.0,0.426698417085575,-0.288258071276063,-0.412690092614539
HLM,2018-2019,LM,0.0,0.389300176408683,0.10946247720247,0.095584800371703
SLC,2017-2018,LC,0.0,0.374188521725843,0.405104394986614,-0.260794445621839
TLM,2017-2018,LM,0.0,0.000840714509680263,0.0278800566327602,0.0903503479976106
MLM,2020-2021,LM,0.0,0.410235705136929,-0.14576394645153,-0.165610965311562
GLM,2017-2018,LM,0.0,0.451114609576969,0.00690038113002989,-0.076492440870643
MLC,2020-2021,LC,0.0,0.270330469379388,-0.0647991391929299,-0.111889759945958
OLM,2019-2020,LM,0.0,0.126394101506083,0.180944847941378,0.078251031534323
JLC,2017-2018,LC,0.0,-0.00499558664472399,-0.08740461476425,0.267762192355791
MHM,2018-2019,HM,0.0,0.396542268435524,0.0125048243213599,-0.237278391565808
GHM,2019-2020,HM,0.0,-0.0256070226553746,0.260443762380094,0.381628297289688
MHM,2019-2020,HM,0.0,0.236501412602068,0.0261543875036498,0.010947162584934
MLC,2018-2019,LC,0.0,0.0673762830816131,-0.00591134333564003,0.0871712604481769
ALM,2019-2020,LM,0.0,0.187784189006027,-0.237131721020341,0.045420619523957
D4,2020-2021,HC,1.0,0.0245515416747659,0.495150010464547,0.0014565044395032
GHC,2019-2020,HC,1.0,0.276400654743685,-0.11484560093338,-0.149414562798089
GHC,2017-2018,HC,1.0,0.173961977593869,-0.42924956703472,0.00212135811134001
D9,2019-2020,HC,1.0,0.33154687768273,0.00837977441159987,-0.155053095758007
OLC,2017-2018,LC,0.0,0.292035447459976,0.392291987493144,-0.04921549646722
DHC,2017-2018,HC,1.0,0.135116351809842,0.43714518089876,0.342914323589764
NHM,2018-2019,HM,0.0,0.322518962617614,0.218456863164668,-0.068737215348395
D8,2018-2019,HC,1.0,0.339108488452921,0.054962784854261,-0.255513174502364
OHM,2020-2021,HM,0.0,0.296266270170277,-0.08928641947004,-0.10439415235542
OHM,2020-2021,HM,0.0,0.0436315107047052,0.35761566143776,0.10641898913398
DLM,2019-2020,LM,0.0,0.197149972595823,0.0632966301621001,0.034580599195043
NLM,2019-2020,LM,0.0,0.00837206763619025,0.131467822828399,0.00765163488307245
TLM,2018-2019,LM,0.0,0.104762455865466,0.45892376464182,0.18126064491116
GLM,2020-2021,LM,0.0,0.1064315052487,-0.16095051069618,-0.114950194753743
THM,2018-2019,HM,0.0,0.0296051436794924,0.435446139757476,0.185658992281642
D9,2020-2021,HC,1.0,0.114811236169779,0.20506288903576,0.343005385599284
MHM,2019-2020,HM,0.0,0.221424185244999,0.304955375360169,-0.055197859118219
OLM,2017-2018,LM,0.0,0.306901909366258,-0.132060669069366,-0.200360729731776
SLM,2017-2018,LM,0.0,0.0785291967401851,-0.2541424465501,-0.0520424744798904
NLM,2018-2019,LM,0.0,0.219849678727494,-0.0382205764441201,0.256856338727887
HLC,2020-2021,LC,0.0,0.0786000524017478,0.130329722688686,-0.0447782138256904
OLM,2017-2018,LM,0.0,0.363122297400593,-0.191816732742804,-0.061620514049058
BLC,2019-2020,LC,0.0,0.259477511113645,-0.33819780566714,0.040423647212048
AHM,2019-2020,HM,0.0,0.264391385140118,-0.156147327932587,-0.012649382933977
ALC,2020-2021,LC,0.0,0.206620502322015,-0.06130983771229,-0.014242951482864
NHC,2019-2020,HC,1.0,0.191489281667126,0.007865506039611,0.0598879587263
GHM,2018-2019,HM,0.0,0.148955632680457,0.16088433305008,0.100972790443187
GHC,2017-2018,HC,1.0,0.121742273906408,0.05255336488426,0.37452756118665
THM,2020-2021,HM,0.0,0.42065909189742,-0.193601041342859,-0.234461056894014
MHM,2020-2021,HM,0.0,0.317331258400253,0.11946813099367,-0.115623298384658
GHC,2019-2020,HC,1.0,0.268726043402581,0.29628726005808,-0.072664114292783
HHM,2020-2021,HM,0.0,0.220844037556214,-0.05373319519942,0.068247952278105
D1,2019-2020,HC,1.0,0.162430713459556,-0.09347694229512,0.057196694592108
D8,2017-2018,HC,1.0,0.341171791426966,0.0138330839355101,-0.179652834017975
GLM,2020-2021,LM,0.0,0.327786431447365,0.127463757661061,0.048437272708947
GHC,2017-2018,HC,1.0,0.326420711687462,-0.466933350659076,-0.205361135809421
HLC,2019-2020,LC,0.0,0.166435647028588,-0.089752174253049,0.244719797553606
OLC,2019-2020,LC,0.0,0.491110592652431,0.073594647740334,-0.116985886739164
DLC,2017-2018,LC,0.0,0.336200074531458,0.079418226610749,0.112108676727986
TLM,2020-2021,LM,0.0,0.0880086070562772,0.345485190900775,0.0937910706996088
SLM,2017-2018,LM,0.0,0.258675429494557,-0.0920518575658,-0.177968811191958
NHC,2019-2020,HC,1.0,0.187460887664975,0.13599724236575,-0.040849652275646
MHM,2017-2018,HM,0.0,0.187244809233923,-0.11171439060477,-0.018279527418048
OHC,2018-2019,HC,1.0,0.224197976245969,0.17617216103645,0.082920567123123
MLM,2017-2018,LM,0.0,0.311738775112546,0.411043308720362,0.145446445626
MLM,2017-2018,LM,0.0,0.188136557471419,-0.02544585306847,0.031374936925347
SHM,2018-2019,HM,0.0,0.26964702797073,0.308046497936104,0.028129690909392
OLM,2020-2021,LM,0.0,0.197045732809943,-0.454338533001517,-0.103315676790272
JHC,2018-2019,HC,1.0,0.200499254389036,0.15841966513828,0.101945955500447
GLM,2018-2019,LM,0.0,0.062436918167039,0.187312515009522,0.203802529063897
NHM,2019-2020,HM,0.0,0.149037624072394,0.15468491209547,0.314232648356182
OLM,2018-2019,LM,0.0,0.167465089141662,0.294186374750283,-0.055188723450308
OLM,2017-2018,LM,0.0,0.305883552809804,-0.196072933197683,0.043816328570743
AHC,2018-2019,HC,1.0,0.897421224839172,-0.654943361727365,-0.672891798488068
D10,2017-2018,HC,1.0,0.234194971267736,-0.00404999106019299,0.142524064771994
HHC,2020-2021,HC,1.0,0.148129731726802,0.118310793569799,0.118207546961546
DHC,2018-2019,HC,1.0,0.195527224331971,-0.015004014331397,0.173286594797512
SLM,2017-2018,LM,0.0,0.185894529443651,0.0128092319108599,0.093234734027932
TLC,2019-2020,LC,0.0,0.378476051656947,0.0342413796705299,-0.13672806861672
D9,2019-2020,HC,1.0,0.410142537322807,0.267623467536264,-0.205933996421092
SHM,2019-2020,HM,0.0,0.142979159338854,0.0617427678145499,0.132689683572022
OHC,2017-2018,HC,1.0,0.215717046012205,0.0370467808388699,0.05081558070804
OLC,2019-2020,LC,0.0,0.0634597280263163,-0.07804766301002,0.0572928182430307
HLC,2020-2021,LC,0.0,0.143217815148189,0.012393639392656,0.404136169681662
D1,2017-2018,HC,1.0,0.51626270786402,0.12759174281064,-0.275623165948436
D4,2019-2020,HC,1.0,0.320481695182595,0.129368284665745,-0.13373984197181
MLM,2019-2020,LM,0.0,0.369989356672061,-0.03291811933262,-0.108531853272846
MHM,2017-2018,HM,0.0,0.326954784478906,0.010819042702405,-0.07351064641572
D2,2017-2018,HC,1.0,0.136753571694539,0.0592228165486801,0.00944974809216401
BLM,2020-2021,LM,0.0,0.254504350146134,-0.060022364188374,0.010649774510089
TLC,2019-2020,LC,0.0,0.382520240647187,0.65344391519122,0.028230246536956
OHC,2020-2021,HC,1.0,0.530376478477072,-0.0762443501963501,-0.444136428659094
D8,2019-2020,HC,1.0,0.461152250548552,0.0306372159620201,-0.31857007370898
GHC,2018-2019,HC,1.0,0.510788420125808,-0.11216468603851,-0.298465210671867
GLC,2019-2020,LC,0.0,0.164399075912936,-0.314974063962089,-0.052615036517092
AHC,2017-2018,HC,1.0,0.158824526704785,0.397567077446821,-0.057013515299973
D9,2020-2021,HC,1.0,0.210923432960219,0.014311935650592,0.162272408997239
BLM,2017-2018,LM,0.0,0.12818544021835,0.33961480872995,0.271303668026075
OLC,2017-2018,LC,0.0,0.17677745990201,0.029416152436119,0.00932085490037601
AHM,2017-2018,HM,0.0,0.173677969854562,-0.07562892479132,0.172618089693505
HLC,2020-2021,LC,0.0,0.420248427550584,-0.178968350962602,-0.140138666648818
GLC,2020-2021,LC,0.0,0.106507119931239,-0.00592328603365,-0.0163084364759136
MLC,2019-2020,LC,0.0,0.38472264676661,-0.22348762194421,0.050625953876163
DLC,2018-2019,LC,0.0,0.344390521942865,0.178317215898285,-0.334348771352928
JLM,2020-2021,LM,0.0,0.369842900152483,-0.2026847631528,-0.308511772338141
FLM,2018-2019,LM,0.0,0.40159424933709,0.0545099448497701,-0.085681912062584
GLM,2020-2021,LM,0.0,0.291056171898456,0.034938933631228,-0.172100352201381
MHM,2019-2020,HM,0.0,0.298456044644262,-0.0488688868212701,-0.132946005218718
THC,2018-2019,HC,1.0,0.311882685427973,0.433611206232925,-0.058786679840634
THM,2019-2020,HM,0.0,0.00527721227493272,0.0584930684935779,0.144546287070868
HHM,2020-2021,HM,0.0,0.629420618948935,-0.28565400751965,-0.516087125543349
BLC,2017-2018,LC,0.0,0.0790358454379774,0.103327381076246,0.157017320021874
OLM,2019-2020,LM,0.0,0.231078002147788,-0.33439014484253,0.133846291054779
THC,2019-2020,HC,1.0,0.393154667640401,-0.32951928384713,-0.194558922724324
SLM,2019-2020,LM,0.0,0.157114923006508,-0.244857054664047,-0.100915525415156
OLM,2018-2019,LM,0.0,0.202556234979632,-0.0962823108322799,-0.138845642425548
HLC,2020-2021,LC,0.0,0.301946644307932,0.0412428060427059,-0.203549028601224
OHC,2018-2019,HC,1.0,0.174713832418663,0.103205912392408,0.203481000439932
DHC,2019-2020,HC,1.0,0.245737833440597,0.0897791897258899,0.025411311092054
BHM,2018-2019,HM,0.0,-0.00918492743717647,-0.0942074047553281,0.248280376836119
F1,2020-2021,HC,1.0,0.09477917588596,0.18610940477655,0.064828032845332
D5,2020-2021,HC,1.0,0.423796081585491,0.250778414764435,-0.145129511914423
DLC,2020-2021,LC,0.0,0.453450038730903,-0.285544192683414,-0.330446961825856
D10,2018-2019,HC,1.0,0.0595316699685773,0.195306262376689,0.205518988102903
OHM,2018-2019,HM,0.0,0.358842384242567,0.18578025231197,-0.18736107573109
BHM,2019-2020,HM,0.0,0.0932067907766529,0.48721246002488,0.183829826525578
FHC,2017-2018,HC,1.0,0.0277602750338757,0.177744348212417,0.323390695255239
DLM,2020-2021,LM,0.0,0.444064353153951,-0.0260553169719799,-0.159590498962095
DLM,2017-2018,LM,0.0,0.409089241726636,-0.399993333999642,-0.130874457828837
MLC,2017-2018,LC,0.0,0.311886420497511,0.00885198311594204,-0.095016466344805
JLM,2019-2020,LM,0.0,0.143781078362802,-0.118304401135042,-0.00054657100305
TLC,2018-2019,LC,0.0,0.374412858570123,0.330350287339412,-0.067764993811507
DHC,2019-2020,HC,1.0,0.257814078394309,0.323529280529235,0.290644431999511
AHM,2019-2020,HM,0.0,0.0926630640290171,0.112572828459627,0.0904400030548169
TLC,2017-2018,LC,0.0,0.446300189014722,0.21925798501781,-0.274251226117532
GHC,2018-2019,HC,1.0,0.0747448341228776,-0.129982972616572,0.236684616129446
GLC,2017-2018,LC,0.0,0.30957522564854,0.113066004474887,-0.269324343011103
NHM,2018-2019,HM,0.0,0.336147267150112,-0.192288297960174,-0.136139471246368
OHM,2020-2021,HM,0.0,0.0843482229829775,-0.02347933339533,0.152161446342022
NLC,2018-2019,LC,0.0,0.248643852401058,0.229428620338769,0.130904911984254
NLM,2020-2021,LM,0.0,0.134702455248481,-0.26442332923316,0.102652883084636
GHM,2018-2019,HM,0.0,0.358937350815416,0.280506003809212,0.021994643796963
D8,2018-2019,HC,1.0,0.293040755369808,-0.0817873804488398,0.082718131918044
GHC,2017-2018,HC,1.0,0.0418574243197418,-0.0360746622380201,0.346450022425123
GHC,2020-2021,HC,1.0,0.00253318027814164,-0.382863548125706,0.348233804372846
MLC,2018-2019,LC,0.0,0.181134581868806,-0.0411502162978601,-0.031810428200346
NHC,2019-2020,HC,1.0,0.232361519935186,0.12698184759604,0.166047298144596
GLC,2019-2020,LC,0.0,0.265570797463723,-0.05145310069034,0.087519225682478
NLM,2017-2018,LM,0.0,0.29801266174757,-0.230172539535878,-0.04277403703809
NLC,2018-2019,LC,0.0,0.172051460664848,0.35433622930232,0.154450868305441
BLC,2018-2019,LC,0.0,0.389089965378477,-0.07365216410615,0.070769591858221
AHM,2019-2020,HM,0.0,0.629281246280587,-0.12099243815253,-0.21288801790394
SLC,2017-2018,LC,0.0,0.270110172811828,-0.128387952899327,-0.14135140751302
DLC,2018-2019,LC,0.0,0.597793383709673,0.163451521134165,-0.456272029910174
BLM,2019-2020,LM,0.0,0.299097572185408,0.12041595743412,-0.00494214628677603
BHC,2018-2019,HC,1.0,0.0825911327070628,0.0911188126950802,0.534186691947421
GLC,2017-2018,LC,0.0,0.130500540803192,-0.067054234999838,-0.0959537212854464
NHC,2017-2018,HC,1.0,0.492111501177665,-0.11383825461745,-0.343844768770264
ALC,2017-2018,LC,0.0,-0.00783649797887209,0.13469075448242,0.329175220034129
OLC,2018-2019,LC,0.0,0.275112311357594,0.0762941017954899,-0.092487834855415
D4,2018-2019,HC,1.0,0.245122151350711,0.022480163457848,0.269880730678794
D9,2019-2020,HC,1.0,0.217614740044742,-0.0565419110073211,0.100518378656107
THC,2018-2019,HC,1.0,0.341884789541088,0.31670931994554,-0.093914246892759
BHC,2018-2019,HC,1.0,0.248693300677243,-0.0400484065891199,0.203481792097949
MLC,2017-2018,LC,0.0,0.201962918831185,-0.151991213292533,-0.047829358867038
D8,2020-2021,HC,1.0,0.19240514575171,-0.14405839345106,-0.13027722679592
SHC,2018-2019,HC,1.0,0.0890700233180772,0.13565042700383,0.328673911425132
MLC,2019-2020,LC,0.0,0.250293188987823,0.0100385310771359,0.244409162571124
OHC,2020-2021,HC,1.0,0.2455112782958,-0.033073804875539,0.036882845863458
NHM,2018-2019,HM,0.0,0.474124927751029,-0.0962761869728399,-0.24147736115965
D9,2017-2018,HC,1.0,0.22196491197581,0.683795017876492,0.226843828980444
MLC,2017-2018,LC,0.0,0.177143955637828,-0.8110306363103,0.161255182826966
OLM,2019-2020,LM,0.0,0.400999594804547,-0.15949668226626,-0.041085831422446
OHC,2019-2020,HC,1.0,0.296490518739743,0.462599311589643,-0.169589646664292
ALM,2019-2020,LM,0.0,0.0546762177889406,0.15643339029369,0.105581436601684
OLM,2019-2020,LM,0.0,0.242147657037694,-0.004589250966333,-0.123572260188274
NHC,2018-2019,HC,1.0,0.334854143365416,-0.012289193757075,0.021274432793446
OLM,2019-2020,LM,0.0,0.371608096762405,0.37384100308194,0.371522110960834
JLM,2017-2018,LM,0.0,0.243995474113546,0.06365529788277,-0.086763411192212
OHC,2017-2018,HC,1.0,0.182331487452685,-0.159362034455807,0.167060675465514
D8,2018-2019,HC,1.0,0.0146623639293915,0.075568710482,0.0847078966107698
OLC,2019-2020,LC,0.0,0.0728610938482026,-0.0273025425153701,0.261741026621495
BHC,2019-2020,HC,1.0,0.105629053369007,0.00544234134142996,0.350346465160969
BLC,2018-2019,LC,0.0,0.263738803974527,-0.0636264380002559,-0.236529467946765
HHC,2018-2019,HC,1.0,0.312924530745119,-0.344633804518523,0.074621972791164
MLM,2019-2020,LM,0.0,0.0291075212247143,0.33655115249723,0.545755887972457
GLC,2018-2019,LC,0.0,0.160897898327995,0.559394075264008,0.559428217938426
ALM,2017-2018,LM,0.0,0.323871773674353,0.15683413443135,0.044232947164191
ALC,2017-2018,LC,0.0,0.297002910895392,0.146347621566745,-0.261466074527698
FHC,2018-2019,HC,1.0,0.202985610812162,0.167609709692483,0.305305967008017
OLM,2019-2020,LM,0.0,0.354450686201125,-0.09475790186641,0.038841549379034
D5,2019-2020,HC,1.0,0.0875534490830954,0.048513091418903,0.0712136960219296
JLM,2020-2021,LM,0.0,0.107493280329405,0.146529749879878,0.323226563495575
AHC,2020-2021,HC,1.0,0.465375986560637,-0.012827614252807,-0.304358806867381
ALC,2019-2020,LC,0.0,0.111443412185428,-0.114306474062246,-0.0419283420278528
OLM,2018-2019,LM,0.0,0.240832244425475,0.063041869420115,0.11274340839541
SHC,2019-2020,HC,1.0,0.419163554876962,0.09476585948338,-0.252622837853608
HHM,2017-2018,HM,0.0,0.277982988324388,-0.32192288042458,0.021784188740097
NLC,2017-2018,LC,0.0,0.166630019319715,-0.037897254156847,-0.0673151395932721
HLC,2019-2020,LC,0.0,0.253564712887165,-0.210684518755065,0.089485210988179
GHM,2017-2018,HM,0.0,0.336287018549579,-0.28754935202995,-0.215769812846483
NHC,2020-2021,HC,1.0,0.361037871114056,0.123755305995742,-0.193444125881681
MLC,2018-2019,LC,0.0,0.253502124453904,0.0151988261083599,-0.2253770888717
GHM,2020-2021,HM,0.0,0.225419227608586,-0.330745679035854,-0.074860917354497
D9,2018-2019,HC,1.0,0.0225704508820281,0.20257969721175,0.14666029736307
MLC,2018-2019,LC,0.0,0.220649664343975,0.023093060335757,-0.078295110368371
AHM,2017-2018,HM,0.0,0.273065283600835,-0.338067927600141,-0.189124593089879
D9,2018-2019,HC,1.0,0.287720965903749,-0.201302338179382,-0.240653034714583
ALC,2017-2018,LC,0.0,-0.00634605999758864,0.04996109705634,0.237009198552418
MHC,2019-2020,HC,1.0,0.248727621153939,-0.480922993137438,-0.116859414738346
GLC,2019-2020,LC,0.0,0.107992375889224,0.0506574741297501,0.340420985869864
D9,2017-2018,HC,1.0,0.277871950521099,-0.068928465043165,-0.207809711343788
MHM,2018-2019,HM,0.0,0.0730685688239332,-0.22079284182982,0.124701280832782
OLM,2018-2019,LM,0.0,0.108902205175048,0.45747966045746,0.062374790827776
OLM,2017-2018,LM,0.0,0.350979815313278,-0.277814157176203,-0.15667489749826
F1,2018-2019,HC,1.0,0.0827409722184667,-0.00404020156144003,0.53341960673782
OLC,2019-2020,LC,0.0,0.558020615653914,0.00516928154355001,-0.069088446686817
BLC,2019-2020,LC,0.0,0.140658137327884,0.196293009452219,0.112862751317694
GHM,2020-2021,HM,0.0,0.28206205897472,0.385056731801093,-0.079742688850148
GHC,2019-2020,HC,1.0,0.0465254130625223,0.233743812587946,0.455276115862759
FHC,2018-2019,HC,1.0,0.431124780611427,-0.0574457439929199,0.135405214363275
D9,2020-2021,HC,1.0,0.494002472824939,-0.134303328887135,-0.352098484904944
TLC,2019-2020,LC,0.0,0.241486205632574,-0.02604234540652,-0.131068852445087
ALC,2020-2021,LC,0.0,0.0181990205361766,0.238700506951399,0.18769597744163
D9,2019-2020,HC,1.0,0.431368532876516,0.112701595631244,-0.226524795276361
SHC,2017-2018,HC,1.0,-0.00991630465972482,0.00105303056822015,0.180857652875883
GHC,2017-2018,HC,1.0,0.207399867871892,-0.09304408634322,0.186838784121327
NHC,2017-2018,HC,1.0,0.051569385280912,0.0790274100063011,0.336505981093454
D8,2018-2019,HC,1.0,0.197089695899766,0.188299501401761,-0.038936851817996
MLM,2018-2019,LM,0.0,0.230321023391926,-0.223093673191283,0.053001349243435
MLM,2020-2021,LM,0.0,0.257418265193854,0.145968120059436,0.107695179294414
GHC,2018-2019,HC,1.0,0.160351468881115,-0.200100694116566,0.147676322949322
GLM,2019-2020,LM,0.0,0.159082169661575,-0.0892308651620399,0.058996394801104
MHM,2018-2019,HM,0.0,0.352369856191136,-0.245161141572656,-0.199845483632325
SLM,2020-2021,LM,0.0,0.347517050119777,0.029407861706097,-0.358460061999099
GLC,2017-2018,LC,0.0,0.0624853106899474,-0.19391351503658,0.0274176805402249
THM,2017-2018,HM,0.0,0.144646459074611,0.292928486780906,0.019957028039715
D8,2019-2020,HC,1.0,0.301189248504984,0.174404090116663,-0.233912545647919
OHM,2019-2020,HM,0.0,0.311747466307846,-0.11430595232217,0.015287010737231
D9,2018-2019,HC,1.0,0.171755193044427,-0.180526276502635,0.140563141806149
OLC,2019-2020,LC,0.0,0.0651075150428353,-0.0437520330677099,0.208021697526737
AHM,2017-2018,HM,0.0,0.467768112701703,-0.27473183643231,-0.417815858017949
BHC,2017-2018,HC,1.0,0.0351117069538878,0.277073633970639,0.0172036072212049
GLM,2017-2018,LM,0.0,0.409499960708181,-0.0368120254414599,-0.369904269987667
OLC,2020-2021,LC,0.0,0.298982207810752,0.35579364527664,0.225788193922539
SLC,2018-2019,LC,0.0,0.311630285629502,0.0395258767534801,-0.265216031429139
F1,2020-2021,HC,1.0,0.219000040968769,-0.275254431365435,-0.158642222975419
DLC,2019-2020,LC,0.0,0.141151714918111,0.237844681558142,0.049760791936698
NHM,2019-2020,HM,0.0,0.0558338794003136,-0.225646129372096,0.235300976730615
BHC,2019-2020,HC,1.0,0.355778959831947,-0.353232450160797,-0.348752412521832
MHC,2017-2018,HC,1.0,0.375556323619233,-0.17905503659064,-0.108089250651175
D8,2019-2020,HC,1.0,0.233673208099041,0.15272631237734,0.066400210150794
NHC,2019-2020,HC,1.0,0.422114924367623,-0.295904150454199,-0.164037435973882
GLM,2017-2018,LM,0.0,0.215453176438417,0.121536559808247,0.09519576221432
SHC,2018-2019,HC,1.0,0.12417940408287,0.2310142854667,0.346997692161292
D9,2019-2020,HC,1.0,0.321724175102373,-0.32665904521348,0.011353330862927
NLC,2018-2019,LC,0.0,0.193965392889701,0.167437692626776,0.16060255378132
D8,2018-2019,HC,1.0,0.169461557707186,0.288710220256263,0.165375762506993
D10,2019-2020,HC,1.0,0.498238417306233,-0.18591258973675,-0.43737619786604
NLC,2020-2021,LC,0.0,0.315463997407122,-0.125104377807745,-0.072197259509758
OHM,2018-2019,HM,0.0,0.262713532825029,0.06638818516622,0.154522820469916
D4,2019-2020,HC,1.0,0.247401615045574,-0.092367907108555,-0.091663221153339
SLM,2018-2019,LM,0.0,-0.000235455251596184,-0.08913518366346,0.456317064075178
OHM,2019-2020,HM,0.0,0.172961642135619,0.23975451987094,0.22605016058948
THM,2020-2021,HM,0.0,0.0523197193814851,0.099385984211058,0.299761821299807
OHC,2019-2020,HC,1.0,0.264410793283283,0.023986452134842,-0.098851566301877
SHM,2019-2020,HM,0.0,0.191893664667144,0.14250535253771,0.109293497908771
FHC,2019-2020,HC,1.0,0.671208761318645,-0.618941140532897,-0.570205733556791
OLM,2020-2021,LM,0.0,0.0290883418291541,-0.402231123175233,0.214775209887016
GLC,2019-2020,LC,0.0,-0.0238026318022018,-0.12480425695175,0.306298756873284
OHC,2018-2019,HC,1.0,0.0931816011660469,-0.032192491547494,0.219716090940308
DLC,2019-2020,LC,0.0,0.313917228931514,-0.0341335996575298,-0.096712551144136
D8,2020-2021,HC,1.0,0.142357922759608,0.070438708105823,0.007626472188666
JHM,2017-2018,HM,0.0,0.121486698756033,0.41951547721091,-0.111116121989824
MLC,2018-2019,LC,0.0,0.280868740841561,-0.15182893103976,-0.256461676839663
SLC,2018-2019,LC,0.0,0.20379732137445,0.06255532530335,0.014006478395871
AHM,2020-2021,HM,0.0,0.451989648580801,-0.127051394084044,-0.317483352701677
NLC,2017-2018,LC,0.0,0.190061646609512,-0.024882414308846,-0.137872123847419
THC,2018-2019,HC,1.0,0.276665430992052,-0.0502821028562409,-0.070436397579392
MLM,2019-2020,LM,0.0,0.103870602668187,-0.144408561222902,0.067660828196719
NHC,2018-2019,HC,1.0,0.260308849307783,0.0849058691509911,-0.134527140334526
B1,2020-2021,HC,1.0,0.162268705768271,-0.16194761832259,0.147833697839336
NHC,2020-2021,HC,1.0,0.24929381951655,0.0980663150134801,-0.057893543125163
DLM,2020-2021,LM,0.0,0.217538115277711,0.33780795327074,0.081801544397674
THC,2019-2020,HC,1.0,0.58963254656953,-0.263934346122979,-0.43589504941185
JLC,2017-2018,LC,0.0,0.342030226330802,-0.343959142841561,-0.00638233640464897
D5,2019-2020,HC,1.0,0.306397499336963,0.115330573901163,0.036563365190468
DLC,2019-2020,LC,0.0,0.143333850195065,0.141617516255325,0.052097363852444
DLC,2018-2019,LC,0.0,0.574150478751869,-0.16456482706913,-0.364522160923868
JLC,2020-2021,LC,0.0,0.369435650351429,-0.472983108581994,-0.30739380823114
MHM,2020-2021,HM,0.0,0.289725490317825,0.072884007360716,-0.144762367823323
MHC,2020-2021,HC,1.0,0.516998333425833,-0.0845151756210001,-0.261710052867175
MLC,2019-2020,LC,0.0,0.266589601744677,-0.0901712750605601,-0.190732827508103
MLC,2019-2020,LC,0.0,0.17593860691615,0.064368749121546,0.125222746803198
JHM,2018-2019,HM,0.0,0.0745673353853521,0.35655684844981,0.198225750382269
OHC,2020-2021,HC,1.0,0.287706578849087,-0.03609558784672,-0.253473122455886
ALC,2017-2018,LC,0.0,0.102187131674965,0.0802593912954401,-0.098073973411984
MLM,2019-2020,LM,0.0,0.537632349871346,-0.30821086233887,-0.505187071815749
DLM,2019-2020,LM,0.0,0.270810756983681,0.053748448516035,-0.106875334917873
D1,2017-2018,HC,1.0,0.209253269771462,0.26988290454882,0.289163191333244
NLM,2019-2020,LM,0.0,0.249005927190499,0.23967219806745,-0.205158172376059
THC,2019-2020,HC,1.0,0.527675693930369,-0.316855673233388,-0.442166675092804
THM,2019-2020,HM,0.0,0.326865032847978,0.11214529431418,-0.120020873188635
GLC,2020-2021,LC,0.0,0.486463333443478,0.138151616741047,-0.336774207170349
D1,2018-2019,HC,1.0,0.47922964396354,-0.53901090243193,-0.148429412437325
MHC,2017-2018,HC,1.0,0.244725737438597,0.176363291094759,0.045585477002621
D9,2020-2021,HC,1.0,0.39736472910667,-0.243068348448033,-0.200485991913984
ALC,2020-2021,LC,0.0,0.392791997600275,-0.592916962334006,-0.390912166404271
BLC,2018-2019,LC,0.0,0.025992092516353,-0.119097325848368,0.416004335098358
BLC,2017-2018,LC,0.0,-0.00136820935716875,-0.12689408581381,0.161993756160779
MHM,2019-2020,HM,0.0,0.157332401754246,0.01937888707998,0.038946859765124
FHC,2020-2021,HC,1.0,0.460259657929872,0.090804681537032,-0.276054149592349
NLC,2017-2018,LC,0.0,0.185754378542268,0.12582354229136,-0.177514316401584
D9,2017-2018,HC,1.0,0.359432096708596,0.0646386366976499,0.090796016685009
JLC,2017-2018,LC,0.0,0.375071625904248,0.13215841058193,-0.177408017135531
JLM,2019-2020,LM,0.0,0.173607333400766,-0.292474909144874,-0.060366483020496
NHM,2018-2019,HM,0.0,0.359791801289156,-0.0870193891113329,-0.324266718758144
THC,2018-2019,HC,1.0,0.229441098997699,0.710356966942551,0.27598674568454
MHM,2017-2018,HM,0.0,0.38108800855504,-0.0593148368326741,-0.258257372114766
TLM,2018-2019,LM,0.0,0.140981675331633,0.32021498166455,0.017481021783275
DHM,2020-2021,HM,0.0,0.268883788685759,0.172128316578077,-0.132151206065403
TLC,2017-2018,LC,0.0,0.314883901361625,-0.0563584852816901,-0.045131304559037
TLM,2018-2019,LM,0.0,0.093695645153453,0.294965092808923,0.134511030541077
OLC,2019-2020,LC,0.0,0.191098626990014,-0.282815730867031,0.054151824217087
GLC,2020-2021,LC,0.0,0.21633839283558,0.26952004318059,0.132838524469887
D9,2019-2020,HC,1.0,0.327655387458627,0.120786324957839,-0.140073008822344
ALC,2019-2020,LC,0.0,0.111080768175088,-0.25939731880278,-0.003435494761776
NLM,2020-2021,LM,0.0,0.0892102523354934,0.296902071323976,0.0498501772310056
NHC,2020-2021,HC,1.0,0.0789760830112272,0.26780372045949,0.0959758587113148
DHM,2017-2018,HM,0.0,0.45303670261379,-0.039663021776502,-0.253907702101104
OLM,2020-2021,LM,0.0,0.242126626074196,0.283078088090833,-0.101251889382893
GLM,2017-2018,LM,0.0,0.630061615033707,0.27755850945286,-0.0523563154471519
NHM,2019-2020,HM,0.0,0.248136596530573,0.00804508235314694,-0.016351409362651
THC,2017-2018,HC,1.0,0.172084388888939,-0.69419644894166,-0.021320934871524
GLC,2019-2020,LC,0.0,0.334836717843585,0.03799540526338,0.095669686592688
SHM,2018-2019,HM,0.0,0.23768651352734,0.12439531795788,-0.158716049351419
BHC,2020-2021,HC,1.0,0.310190903501137,0.40490337236949,-0.034865242936969
DLM,2019-2020,LM,0.0,0.249125927038133,-0.10203995500683,-0.027738056143233
NLM,2019-2020,LM,0.0,0.0908279845281565,0.04151513030422,-0.0005754627459644
B1,2018-2019,HC,1.0,0.324932036560867,0.015553116892988,0.278443028680986
NHM,2018-2019,HM,0.0,0.310082142884389,-0.413037386698132,-0.285602064858924
D4,2017-2018,HC,1.0,0.116161747439747,-0.534791284977223,0.061046655437842
AHC,2019-2020,HC,1.0,0.278163342663466,0.2164868616644,0.102567441841256
SHM,2019-2020,HM,0.0,0.0632288953306281,-0.234188356094567,0.0847702301214649
GHM,2018-2019,HM,0.0,0.468745070951099,-0.16758652703079,-0.425182969156578
SLM,2019-2020,LM,0.0,0.245038146272291,-0.272671149736184,-0.216174714733763
GLC,2018-2019,LC,0.0,0.217952354106262,0.0488876158479201,0.313478307845353
AHM,2020-2021,HM,0.0,0.206436904289655,-0.04599526772706,-0.00960615101607401
GLC,2020-2021,LC,0.0,0.30827274728537,0.0858712125642399,-0.311510901965289
ALC,2020-2021,LC,0.0,0.208261186626503,-0.0504772594882981,0.068282293333062
HLM,2020-2021,LM,0.0,0.523104537463415,-0.048984728105671,-0.342648135380266
D4,2020-2021,HC,1.0,-0.000580774846987042,0.453654885125035,0.122235511128158
DHC,2020-2021,HC,1.0,0.281386186582978,-0.12945939475317,-0.144836759452703
DLC,2018-2019,LC,0.0,0.178285860098755,0.0130043021369601,0.032324668856867
D9,2019-2020,HC,1.0,0.197462580724444,-0.00332012466673004,-0.106314420475219
DHC,2019-2020,HC,1.0,0.411106021789015,-0.3416750511262,0.084055027136047
D9,2017-2018,HC,1.0,0.124934037606434,-0.0551093282461399,0.047261166063799
BHC,2018-2019,HC,1.0,0.28823020153613,0.03184732321031,0.195702998287364
FHM,2018-2019,HM,0.0,0.418503776964004,0.09808569759186,-0.175135707831143
GLM,2019-2020,LM,0.0,0.328618559996026,-0.438511751531024,-0.10222975129955
OHM,2018-2019,HM,0.0,0.259486272607394,0.0658854812226901,-0.074200299731927
JHC,2018-2019,HC,1.0,0.369692751087603,-0.03870612430773,-0.171739899799486
OHM,2018-2019,HM,0.0,0.198130631907142,-0.273102096985808,0.044132299866379
GLC,2020-2021,LC,0.0,0.281575235643862,-0.0766109888236899,-0.08180856887252
OLM,2018-2019,LM,0.0,0.211526123336735,0.190474033691978,0.127595466124463
OLM,2020-2021,LM,0.0,0.0430870335703724,-0.25095012245655,0.105612522101959
THC,2017-2018,HC,1.0,0.153561020182445,0.0397861920801299,0.033554760529277
DLM,2020-2021,LM,0.0,0.112577596603334,-0.268219334433008,-0.0847508050775647
OLM,2020-2021,LM,0.0,0.198937538403636,0.160583788265249,-0.025473634192823
FHM,2019-2020,HM,0.0,0.259386765786623,-0.12963080704429,-0.057307478634263
NLM,2018-2019,LM,0.0,0.266695234055099,0.0470933347115399,-0.218569162279026
DLM,2019-2020,LM,0.0,0.329085276041458,0.13704930904945,-0.097778643379095
GLM,2018-2019,LM,0.0,0.0844460640259681,0.0728836031232261,0.205592326953476
GLC,2019-2020,LC,0.0,0.023113816573749,0.07406929975065,0.127089951742262
MLM,2020-2021,LM,0.0,0.125955255435611,0.324292397038787,0.076575005883903
OHC,2020-2021,HC,1.0,0.158489817531224,-0.00937526119847998,0.115221353653119
DHC,2018-2019,HC,1.0,0.305880923053746,-0.409278957024384,0.175082869746096
OLM,2018-2019,LM,0.0,0.261338557781171,0.387333924368718,0.179171935203436
SLC,2017-2018,LC,0.0,0.420227008108501,0.025450997562709,-0.049299588849582
MHM,2019-2020,HM,0.0,0.362419064667852,-0.2509551777138,-0.200810426559742
ALM,2020-2021,LM,0.0,0.160257654390625,-0.1565009507769,0.062687787131282
SLC,2019-2020,LC,0.0,0.245375866939551,-0.27630301938688,-0.066548291288599
D1,2018-2019,HC,1.0,0.416029965807217,-0.0654099467210589,-0.244100931715844
D8,2018-2019,HC,1.0,0.25359019284138,0.057010317919693,-0.113287688150938
D8,2020-2021,HC,1.0,0.359318440510004,-0.169282536195385,-0.218525725745134
GHM,2018-2019,HM,0.0,0.203983600844569,0.0830542357900589,0.028401938291588
F1,2020-2021,HC,1.0,0.447975710630377,0.3188972006543,-0.196444987574374
MHC,2017-2018,HC,1.0,0.243435530532284,0.071693797226872,-0.090556220629568
OLC,2018-2019,LC,0.0,0.383344653277677,-0.439532907116704,-0.21881820544191
AHC,2017-2018,HC,1.0,0.226232317089221,0.06916951915771,-0.086066372225188
OLC,2020-2021,LC,0.0,0.238501621978544,0.01639296376085,-0.034995732237931
OLM,2017-2018,LM,0.0,0.102602688440321,-0.20357491581317,0.047669932611219
GLM,2018-2019,LM,0.0,0.42109249182406,0.0899925824018801,-0.237580167609411
JLM,2019-2020,LM,0.0,0.107490632109076,-0.297134282105948,0.106558253775803
JLC,2020-2021,LC,0.0,0.207567227464687,-0.0619695711303201,-0.043300965282421
AHM,2018-2019,HM,0.0,0.250987536271986,0.0140251727038099,0.057258115272605
SHC,2020-2021,HC,1.0,0.182906830910344,0.1498771814841,0.027656664970491
DLM,2019-2020,LM,0.0,0.51078522201636,0.19867587903576,-0.234799052500786
FLC,2018-2019,LC,0.0,0.201214953230196,0.16301597710706,-0.017316664127849
TLM,2017-2018,LM,0.0,0.286408464001245,-0.379631261308825,0.045984323852309
THM,2020-2021,HM,0.0,0.144857510291715,0.144845798845582,0.013134709966822
DHM,2018-2019,HM,0.0,0.340383345550301,-0.250542238623912,-0.052529657310636
GLC,2019-2020,LC,0.0,0.149297896162897,-0.09767802166705,0.094856919803096
FHM,2020-2021,HM,0.0,0.0997648019095241,0.0843254333172909,0.0516013476990649
DHM,2018-2019,HM,0.0,0.101297609381221,0.236687278669754,0.166047039653369
GLM,2017-2018,LM,0.0,0.394876111830055,0.10122401508639,-0.413230859337075
NLC,2017-2018,LC,0.0,0.287129930799508,-0.351896370638408,-0.006205959151588
D10,2019-2020,HC,1.0,0.415294424759324,-0.08070506889594,-0.182770508956108
NLC,2020-2021,LC,0.0,0.156570721620464,-0.284045163432055,-0.159744229369372
B1,2019-2020,HC,1.0,0.280318599605794,-0.01450815074384,0.048791956631934
BLM,2018-2019,LM,0.0,0.273175952929476,-0.10367619853905,0.015613127464622
BLC,2018-2019,LC,0.0,0.269806245221091,0.0101708183626901,0.141496238373708
ALC,2017-2018,LC,0.0,0.426568975323612,-0.17107662280934,-0.253452103552613
AHC,2020-2021,HC,1.0,0.793749642799867,-0.40274253820599,-0.550952012583369
NLC,2019-2020,LC,0.0,0.370343604189849,-0.132343323515916,-0.205326717935818
JHC,2018-2019,HC,1.0,0.311301302521957,0.0549400146194101,-0.168908229674385
HHM,2020-2021,HM,0.0,0.189760933424799,0.238880126883058,0.319488842994712
JLM,2018-2019,LM,0.0,0.276232129148048,-0.03121506816707,-0.137538580172817
ALC,2017-2018,LC,0.0,0.256162834000846,0.238831843714603,-0.09260669226612
NHM,2017-2018,HM,0.0,0.204210695623049,-0.36125005032324,-0.062156156748918
TLC,2018-2019,LC,0.0,0.269264893484481,0.23291186773915,0.18599309473852
SLC,2018-2019,LC,0.0,0.327412089789031,0.2344903637895,0.137265936528651
OHM,2020-2021,HM,0.0,0.0296862529299236,-0.109367145680373,-0.0384220992074472
ALC,2019-2020,LC,0.0,0.0838878187789327,-0.04992332652128,-0.0137523281845364
NHM,2017-2018,HM,0.0,0.175462197716503,-0.454574152094105,-0.0874170818558146
ALC,2020-2021,LC,0.0,0.0912039964877065,-0.214229088509207,-0.0598339220533166
GLC,2020-2021,LC,0.0,0.177621453087915,-0.04594463793857,-0.150839054572439
GLM,2017-2018,LM,0.0,0.162725195944067,-0.330142125028994,-0.039626470812334
HHC,2017-2018,HC,1.0,0.140472051513748,0.173130148166551,0.351525641809974
GHC,2019-2020,HC,1.0,0.182886567786827,-0.0954213083732959,0.271034590315769
MLC,2017-2018,LC,0.0,0.291259353348329,-0.288407485165476,-0.153054332986788
THM,2018-2019,HM,0.0,0.189262514596227,0.19737169373111,0.205604385502224
JLM,2020-2021,LM,0.0,0.223848135024936,-0.123991040013389,-0.10388154981437
DLC,2019-2020,LC,0.0,0.388159783874584,-0.000399247475750153,-0.223590376316443
DLM,2019-2020,LM,0.0,0.288423501592153,-0.20963740194034,-0.09295890705373
JLM,2020-2021,LM,0.0,0.252436939495112,0.252454894708521,-0.018854083850912
THM,2017-2018,HM,0.0,0.123274783309608,1.02011097789062,0.117848679219349
SLM,2020-2021,LM,0.0,0.257908299059624,0.379303357495725,-0.094311083455278
OLM,2018-2019,LM,0.0,0.0796671864471716,0.0409667547484129,0.0883459214335244
NLC,2018-2019,LC,0.0,0.228632232478387,0.231961477226715,0.047779037859258
OLM,2018-2019,LM,0.0,0.268302904305608,0.0690664462399859,0.043445747266369
DLM,2017-2018,LM,0.0,0.318214971919253,-0.218432549959291,-0.033858838103169
GLM,2020-2021,LM,0.0,0.292301850933263,0.118008848244333,-0.071757273743269
OHM,2017-2018,HM,0.0,0.227796802187491,0.073517621069754,-0.117335497499307
JLM,2020-2021,LM,0.0,0.198097939831684,-0.264042729906407,-0.200425112755957
MHM,2019-2020,HM,0.0,0.0331050320879653,0.084797270371844,0.248988508541801
JLM,2018-2019,LM,0.0,-0.0153301325850203,0.220924607932286,0.0717670197549637
SHM,2019-2020,HM,0.0,0.20219414735395,-0.13252570258495,0.138599666471754
NLC,2020-2021,LC,0.0,0.0523618951088329,-0.362749370997336,0.1107578019231
OHC,2020-2021,HC,1.0,0.167398864903378,0.13549511856654,0.037143895475505
BHC,2017-2018,HC,1.0,0.153951578970394,0.37972422323182,-0.044010553873577
THC,2018-2019,HC,1.0,0.0546784072547584,0.16267618072176,0.277036334763955
THC,2020-2021,HC,1.0,0.122121188878854,0.356494806523739,0.180645912204875
F1,2017-2018,HC,1.0,0.0820540268664813,0.107258409609485,0.0725761283915567
BHM,2017-2018,HM,0.0,0.336266865346075,-0.0181724043703002,-0.121662394930682
THC,2020-2021,HC,1.0,0.368095495932109,-0.270500525483454,-0.192459847222159
D8,2018-2019,HC,1.0,0.146281371040239,0.519833987502166,0.283337535294795
MLC,2020-2021,LC,0.0,0.332923187408292,-0.03155086469765,0.092974480318119
OLM,2019-2020,LM,0.0,0.141723989733941,-0.0733212359090099,0.332220045861674
D8,2017-2018,HC,1.0,0.0623507423147585,-0.19514217267786,0.0225875622482691
SHC,2020-2021,HC,1.0,0.398938609497606,-0.022636443066427,-0.141022015272991
OLM,2018-2019,LM,0.0,0.179022364247368,-0.141417391751434,0.255121496336467
BHC,2017-2018,HC,1.0,0.117812049810272,0.160585472389077,0.054056938334572
HHM,2017-2018,HM,0.0,0.325329722735383,-0.13745595526315,-0.091355690562242
OHM,2018-2019,HM,0.0,0.359831965179494,-0.13768154860349,-0.123011216074008
MHC,2019-2020,HC,1.0,0.347164645489792,-0.01000666641256,0.133385545028903
D8,2019-2020,HC,1.0,0.214549689970493,-0.31100467063485,-0.056191815918108
NLM,2017-2018,LM,0.0,0.218901577334999,-0.230376752572784,-0.056563457124602
SLM,2018-2019,LM,0.0,0.172966464644956,0.418247947333004,-0.020883189831341
OLM,2018-2019,LM,0.0,0.0653973755338828,-0.144005201006754,0.0263791025750158
BHM,2019-2020,HM,0.0,0.323314777707472,-0.09825263609003,-0.127633823909587
HLC,2020-2021,LC,0.0,0.259024279273967,-0.42347523191189,0.329680019204195
SLC,2019-2020,LC,0.0,0.0473099035904097,0.02409043245447,-0.0306359821926987
NLM,2019-2020,LM,0.0,0.254569452480735,0.00991388864816001,-0.057580248961757
OLM,2019-2020,LM,0.0,0.421133015119682,-0.02052582410301,-0.106138211342447
GHM,2017-2018,HM,0.0,0.137886135223618,0.454710893490231,0.347851023757671
OLC,2019-2020,LC,0.0,0.0531216801903438,0.281571647577319,0.195402516218124
ALM,2019-2020,LM,0.0,0.330828005067643,-0.3519436201033,-0.307214340277231
DHC,2018-2019,HC,1.0,0.436720829472529,-0.00459892028612008,0.150402145774081
D9,2017-2018,HC,1.0,0.104978007339658,-0.0869785053741701,0.086886697501706
D6,2020-2021,HC,1.0,0.231270846566206,0.10231081381279,0.331190834708691
SHM,2017-2018,HM,0.0,0.131332923311829,-0.351421480306505,0.081239484336222
SLC,2018-2019,LC,0.0,0.290107503154855,0.078602951946069,-0.141017018859211
MLM,2017-2018,LM,0.0,0.159149940862692,0.0430805287740651,-0.020111702832805
NHM,2020-2021,HM,0.0,0.332795658801578,-0.00238741317012003,-0.00910239642467303
BHC,2019-2020,HC,1.0,0.0431391451545458,0.02674922630299,0.404669271039497
JHM,2020-2021,HM,0.0,0.0596182263095304,-0.04399107283021,-0.0192064353993571
ALM,2018-2019,LM,0.0,0.0885976497906265,-0.0852886872952401,0.184779668441183
OHM,2020-2021,HM,0.0,0.299282828294772,0.02177742240231,-0.071299331888957
D8,2017-2018,HC,1.0,0.0644864052938574,0.084556957412049,0.175791177563541
HLM,2017-2018,LM,0.0,0.0284323380772391,0.14751220904983,0.307868817736355
NLM,2020-2021,LM,0.0,0.244505996581813,0.423490745257077,0.155339356504607
SLM,2018-2019,LM,0.0,0.516292207915087,-0.0462557445649299,-0.148064111055755
MLM,2020-2021,LM,0.0,0.339712747497738,0.35651965813876,-0.079346512508049
OLC,2018-2019,LC,0.0,0.615482483025926,-0.045868326670514,-0.356498256714751
MHC,2019-2020,HC,1.0,0.468235717792588,0.1921816700855,-0.218054051895679
GHC,2020-2021,HC,1.0,0.324727046814189,0.315944126028554,-0.334999653384341
D9,2017-2018,HC,1.0,0.313543003417265,-0.157807628000646,-0.051259187850141
F1,2017-2018,HC,1.0,0.111394756352784,-0.102047366010655,0.035232033479991
D9,2019-2020,HC,1.0,0.279107056191323,-0.20297039416336,-0.182378743914748
HHM,2020-2021,HM,0.0,0.465924271773795,0.0585042338066,-0.347728621520617
D9,2018-2019,HC,1.0,0.152857675560367,0.204648009182505,0.193335561897966
THM,2020-2021,HM,0.0,0.00276451996086635,-0.20198216727382,0.182992046660902
HHM,2019-2020,HM,0.0,0.0545730755026288,-0.0923031588081902,0.106866670679708
NHC,2019-2020,HC,1.0,0.209988936975904,-0.13546506587659,0.346493587962495
SHC,2018-2019,HC,1.0,0.426606052375923,-0.182283050333202,-0.152251177244895
OHM,2017-2018,HM,0.0,0.210974844139384,0.141026842731548,0.268024097161355
D9,2018-2019,HC,1.0,0.427667950973388,-0.0439933471916419,-0.258909595491009
AHC,2020-2021,HC,1.0,0.64252744604516,0.10718317217896,-0.26772564030429
NHC,2017-2018,HC,1.0,0.0368383833581687,-0.170345472936367,0.285285692955259
D8,2017-2018,HC,1.0,0.0349213080152678,0.20600037209045,0.358091730656453
GLM,2017-2018,LM,0.0,0.130696824435904,-0.044373291994786,-0.0486754535086547
SHM,2018-2019,HM,0.0,0.194058114074653,0.12553965469299,0.1481731366256
BHC,2018-2019,HC,1.0,0.287322343484542,0.0963595238921899,0.115109457483133
HHC,2017-2018,HC,1.0,0.219329321501504,-0.0929705168558401,0.207717932486316
ALC,2018-2019,LC,0.0,0.139127918957712,-0.0331382177972259,-0.124212360569555
D4,2018-2019,HC,1.0,0.299222656677418,-0.148664160201505,0.081690858712517
JLC,2018-2019,LC,0.0,0.693615510315652,-0.741731152848323,-0.708761964011972
JLC,2019-2020,LC,0.0,0.201272389870624,0.0100143335756699,0.194515212450248
SLM,2020-2021,LM,0.0,0.206811990454124,-0.372332438428667,-0.07316057397101
DLC,2018-2019,LC,0.0,0.248336565528648,-0.208260115379786,-0.171104509637482
SHC,2018-2019,HC,1.0,0.0816304369562945,0.142559419091931,0.285314771493501
OHC,2018-2019,HC,1.0,0.120231226553404,-0.0910231823820702,0.224262693099135
MLM,2019-2020,LM,0.0,0.201050691575331,0.26075282335532,0.289131781818075
OHC,2020-2021,HC,1.0,0.22325832082431,0.47840810742671,0.298730484749926
MHM,2019-2020,HM,0.0,0.28434155773193,-0.293455441735699,-0.150024732513851
HLC,2017-2018,LC,0.0,0.259277550071102,0.0421768309764399,0.20511921051921
ALC,2018-2019,LC,0.0,0.172313343175547,0.0900645982467161,0.309353168809249
JLM,2020-2021,LM,0.0,0.348390468560972,0.17961607228522,-0.096351797734571
MHC,2018-2019,HC,1.0,0.311509874167679,-0.73543312039637,0.068378968389698
DHC,2020-2021,HC,1.0,0.28145020867096,-0.47051286846686,-0.226182269136259
JLC,2018-2019,LC,0.0,0.185616955759921,0.17343528713474,0.199094718097356
DHM,2017-2018,HM,0.0,0.423506512531051,0.193523526410261,-0.2279889574525
BHC,2020-2021,HC,1.0,0.377174353658326,-0.0838442462092599,0.013033484641653
SHC,2017-2018,HC,1.0,0.188733801422832,0.11786645391769,0.092381930092439
AHM,2019-2020,HM,0.0,0.44078513264718,0.02885062538171,-0.21210473679616
NHC,2018-2019,HC,1.0,0.229136820090363,0.344283496550757,0.088220388194842
MLC,2017-2018,LC,0.0,0.189531519580843,-0.254103491533076,0.062898744375148
D9,2018-2019,HC,1.0,0.282576300773624,-0.061107239296659,0.03974933440587
DLC,2020-2021,LC,0.0,-0.0363131718879146,-0.100173658437353,0.302151764109237
OLC,2019-2020,LC,0.0,-0.00680586485695112,-0.313952628592082,0.154797305960818
OLM,2020-2021,LM,0.0,0.187158742603397,-0.27757147673292,0.33655487690582
GLM,2020-2021,LM,0.0,0.0705443541048254,0.2322743452724,0.168582855363782
NHM,2018-2019,HM,0.0,0.216934292308687,0.199832544775148,0.123329634588694
DLM,2020-2021,LM,0.0,0.356863100482447,-0.0822453561997459,-0.150907475776061
SHC,2017-2018,HC,1.0,0.204582728404368,0.26742354315413,0.14940631215488
HHM,2020-2021,HM,0.0,0.163577047798858,0.0488093357025499,-0.170005560236878
OLC,2018-2019,LC,0.0,0.256907447389977,0.172602030325474,-0.062810098713706
MLC,2018-2019,LC,0.0,0.294556819635822,0.206511959814119,-0.063279025284765
D9,2019-2020,HC,1.0,0.109452190799445,0.223067187937272,0.314349275015572
HLC,2018-2019,LC,0.0,0.29798095031772,-0.135399054158603,-0.043207987992045
HHM,2018-2019,HM,0.0,0.372324627396389,0.03741233178568,0.004807143511949
GHM,2017-2018,HM,0.0,0.229135170306744,0.0616436603650399,-0.237371928234845
DLM,2019-2020,LM,0.0,0.226457719476514,0.0313411597208801,-0.15568374567205
MHM,2017-2018,HM,0.0,0.187708873956399,0.0493401315104801,-0.06523437087381
BHM,2019-2020,HM,0.0,0.147292108232944,-0.06725699662958,0.189307297180643
SHC,2020-2021,HC,1.0,0.0837238924902417,0.138056758884193,0.0123950365170922
D8,2019-2020,HC,1.0,0.156539203730566,-0.104000854266927,0.037538655818173
MLM,2018-2019,LM,0.0,0.220334537264776,0.0667312996655659,0.053897563364201
TLC,2018-2019,LC,0.0,0.0472833104974928,-0.0074329946026499,0.394971797936396
FHC,2020-2021,HC,1.0,0.190352983150352,0.11238882843746,0.060252966902449
GHC,2019-2020,HC,1.0,0.174562350815013,-0.157131084452878,-0.180769620678857
ALC,2019-2020,LC,0.0,0.176999735598907,0.14881612738607,0.053286340397461
GHC,2020-2021,HC,1.0,0.328653413607455,-0.171785443303551,0.05585679640392
SHC,2019-2020,HC,1.0,0.288496878975849,0.186723853026171,-0.287485670375871
D4,2020-2021,HC,1.0,0.010881432024475,0.213862166656126,0.0512656002530314
BHM,2020-2021,HM,0.0,0.343107846307141,-0.2621590570611,-0.228135422910894
D10,2020-2021,HC,1.0,0.254111477405494,0.11624960962741,0.120104339327945
HHM,2018-2019,HM,0.0,0.375840128651036,-0.03023428455933,-0.299135000149211
GHM,2020-2021,HM,0.0,0.360886353105976,0.104617500956149,-0.164513207516735
BHC,2018-2019,HC,1.0,0.184015911414368,0.13585387682243,0.069492284768433
ALC,2020-2021,LC,0.0,0.00642303583587212,0.110953108060416,0.188798883879988
SLM,2020-2021,LM,0.0,0.232445637738568,0.293413327271553,-0.195231551006524
F1,2019-2020,HC,1.0,0.476565932457003,0.04189362627539,-0.445288969439768
OLC,2017-2018,LC,0.0,0.201364535102767,-0.0845358373104101,0.220056630831745
NLM,2019-2020,LM,0.0,0.170804550901964,0.03586257643888,0.117272058118193
JLC,2019-2020,LC,0.0,0.305247544524479,-0.16908018910936,0.123116910603383
NLC,2019-2020,LC,0.0,0.455378159084655,0.0362420309528899,-0.004841398418238
OLM,2020-2021,LM,0.0,0.298129281218598,0.07532751557075,-0.059504288924864
OLM,2017-2018,LM,0.0,0.189980681108318,0.0146450789525511,-0.00139825448337902
GLC,2019-2020,LC,0.0,0.0553551087881023,0.02099651375536,0.0959827152044377
SHM,2017-2018,HM,0.0,0.075536605026818,0.21008620062442,0.075866227210021
DHM,2017-2018,HM,0.0,0.275833099721201,-0.144437716557116,0.03226584976639
THM,2020-2021,HM,0.0,0.420017069412865,-0.305295729545446,-0.201964169899912
GHC,2019-2020,HC,1.0,0.491069627670317,0.09004009776606,-0.173255986621274
OLC,2019-2020,LC,0.0,0.125313146018672,-0.20351072119654,-0.021672695789455
TLM,2017-2018,LM,0.0,0.292035418410051,0.0908400575750798,-0.013811554530096
MHM,2019-2020,HM,0.0,0.456170584415206,0.0613448663360399,-0.032895991487647
SHC,2019-2020,HC,1.0,0.369207270545895,0.49944587873638,-0.030545034685275
MHC,2017-2018,HC,1.0,0.339826567840014,-0.40828455764902,-0.10847150684513
MLM,2017-2018,LM,0.0,0.356180939466885,-0.239313809739335,-0.309026068445071
NHM,2019-2020,HM,0.0,0.241755208684586,-0.480489726496593,0.165828619063147
SHM,2017-2018,HM,0.0,0.0762320709203737,-0.261637829046062,0.164382194131695
ALC,2020-2021,LC,0.0,-0.0182889426534096,0.320861759539048,0.157701321636847
TLC,2017-2018,LC,0.0,0.202415210529446,0.24185949329792,0.070652865821208
OHM,2020-2021,HM,0.0,0.126653891152884,-0.179826518133797,-0.130554668483946
MLM,2019-2020,LM,0.0,0.484118783043007,-0.415439200465669,-0.296151952837511
FHM,2019-2020,HM,0.0,0.21572740635212,-0.09556790189557,-0.1096440442244
OHC,2017-2018,HC,1.0,0.279129119890866,-0.19501645552949,0.07396661892426
OHC,2019-2020,HC,1.0,0.519408503872621,-0.03023627997994,-0.218554729937916
JLC,2019-2020,LC,0.0,0.413646566380571,-0.453618990863929,-0.261875642132576
D5,2020-2021,HC,1.0,0.296986524832174,-0.04505632632378,-0.296501601340032
DLC,2017-2018,LC,0.0,0.12504543955169,-0.00216858878053983,0.122122249265284
BHM,2019-2020,HM,0.0,0.180878572564197,0.229556446758748,0.107137611298497
GHC,2017-2018,HC,1.0,0.130966455215174,0.186994336972872,0.305375102938423
OHC,2019-2020,HC,1.0,0.625605746299663,-0.43400649066679,-0.466966371129227
TLC,2018-2019,LC,0.0,0.159930238263453,0.381115906648277,-0.064700498556408
BHC,2019-2020,HC,1.0,0.485957296023497,0.13439924415917,-0.287985897578654
GLC,2019-2020,LC,0.0,0.112331203530371,-0.00917920276604001,0.023076359036204
DLM,2017-2018,LM,0.0,0.0923986238354393,0.175836955716627,0.400620825539191
GLM,2019-2020,LM,0.0,0.0125732796928684,0.16982707210895,0.0715738639105563
AHC,2019-2020,HC,1.0,0.0622670170849029,-0.00930595969681991,0.0560687995162141
AHC,2020-2021,HC,1.0,0.260949622808635,0.253984051520703,-0.00510155608400398
D5,2020-2021,HC,1.0,0.478991502899466,-0.0665400518754579,-0.308348029423562
NHC,2018-2019,HC,1.0,0.0919395837984078,0.04597646557794,0.370498505954853
OHC,2020-2021,HC,1.0,0.16365105502148,0.00310613642089996,0.299148655364053
JLM,2017-2018,LM,0.0,0.321583441585026,-0.316649410814929,-0.00376614137044801
D8,2018-2019,HC,1.0,0.21462858076851,-0.179178251644775,0.119874878183625
AHM,2018-2019,HM,0.0,0.0540927166193617,-0.0125105425750069,0.336063985312307
D8,2020-2021,HC,1.0,0.15915035097268,0.152113715360351,0.006974619600425
FLC,2017-2018,LC,0.0,0.333405508515524,-0.715385017796939,-0.2133385818552
HHM,2018-2019,HM,0.0,0.138295379353142,0.691273034043768,0.301599194170327
MLC,2019-2020,LC,0.0,0.192315891288575,0.0279388206327811,0.076828968840699
FHC,2017-2018,HC,1.0,0.170363856843222,0.01801863018756,0.084957962879932
AHM,2017-2018,HM,0.0,0.39109886895275,0.08695513276303,-0.126387793670774
FLC,2019-2020,LC,0.0,0.20673042031697,-0.1197752429574,0.015021883172803
GHM,2018-2019,HM,0.0,0.522570635851753,0.18794456811599,-0.285359433627612
FHC,2020-2021,HC,1.0,0.433198878127451,-0.315252659377035,-0.167384428777046
DHC,2017-2018,HC,1.0,0.119434058343192,-0.0296346128827201,0.15418929627345
SLC,2019-2020,LC,0.0,0.369564151317561,-0.18740809597124,0.173713385873556
DLM,2017-2018,LM,0.0,0.232787795707809,0.126218789278805,0.039025660761176
FHM,2017-2018,HM,0.0,0.449451034359242,-0.33712558818336,-0.155841962277247
ALC,2019-2020,LC,0.0,0.198983162542443,0.229825548212877,-0.078570340864095
BLC,2017-2018,LC,0.0,0.0440132617816558,-0.423406616758458,0.0327876906963727
OLM,2018-2019,LM,0.0,0.418005157921668,-0.05514172638726,-0.065190127102971
THM,2018-2019,HM,0.0,0.0621346896597803,0.22061721051933,-0.0735663356407805
D6,2017-2018,HC,1.0,0.0849463801634531,-0.123925570573978,0.206309162097526
GLM,2020-2021,LM,0.0,0.495609644579294,-0.06839551073984,-0.283870424535991
GHM,2017-2018,HM,0.0,0.20693978365253,-0.171323926192004,0.21048600410384
GLM,2020-2021,LM,0.0,0.174637579258204,0.0764155061398859,-0.070040032736056
HLC,2020-2021,LC,0.0,0.232766093142683,-0.0571914506542,-0.224115655935944
NHM,2020-2021,HM,0.0,0.107958261166591,0.229342773378211,0.099703605192125
JHC,2020-2021,HC,1.0,0.120422703734619,0.195088392710663,-0.000312132577768992
FLM,2019-2020,LM,0.0,0.439063675696669,-0.34347401528057,-0.434633104141595
MLM,2018-2019,LM,0.0,0.457185220738546,-0.36091198144122,-0.085992489295372
D4,2018-2019,HC,1.0,0.360605790483116,0.108247383474796,0.188706002182713
BLM,2019-2020,LM,0.0,0.613532639528949,0.2464508422866,-0.356809097621682
B1,2018-2019,HC,1.0,0.292391144984748,-0.12759820488563,0.127729212357072
MLM,2018-2019,LM,0.0,0.0836299653367765,0.232642432238426,0.21969232782453
OLC,2017-2018,LC,0.0,0.290108117537654,-0.14469329717268,-0.136208440575212
ALC,2020-2021,LC,0.0,0.350212772500475,-0.242087984485251,0.124229968979385
BLC,2020-2021,LC,0.0,-0.0103569490618356,0.258515595722433,0.188692151640432
SHC,2019-2020,HC,1.0,0.501037090901751,-0.37898244637917,-0.270159847960348
GHM,2017-2018,HM,0.0,0.0725386616540549,0.0710371927211602,-0.073413649635419
JLM,2020-2021,LM,0.0,0.204744401709948,0.07303349643624,0.042797065475236
GLM,2018-2019,LM,0.0,0.212383331282748,0.090561560082506,0.273903577417816
SHC,2017-2018,HC,1.0,0.115466039937512,-0.4066140125817,-0.0495871548406552
D5,2017-2018,HC,1.0,0.0832206237988338,0.161050458449778,0.231469836023102
SHC,2019-2020,HC,1.0,0.491432050448409,0.0238779554739499,-0.342404353496987
D8,2018-2019,HC,1.0,0.121126077212207,0.118367388161865,0.157721835967485
NLC,2019-2020,LC,0.0,0.361292144435225,0.43781668646685,-0.120748141505643
SLM,2017-2018,LM,0.0,0.221019068020071,-0.241876433126611,-0.137952321418088
NHC,2020-2021,HC,1.0,0.162129218110391,0.0317770167207001,-0.00922762336649699
HLC,2018-2019,LC,0.0,0.508950003275271,0.0863362991845651,-0.28081366315412
TLC,2020-2021,LC,0.0,0.14703719308384,-0.10412830786084,0.26894855914374
FLC,2017-2018,LC,0.0,0.392919755715186,0.33377021681885,-0.186996724029443
SLM,2020-2021,LM,0.0,0.410477935146554,-0.0219343731923101,-0.254144584162253
JLM,2017-2018,LM,0.0,0.120170103124961,-0.304134528595521,0.137598719656417
OHM,2018-2019,HM,0.0,0.385371850789475,0.18074243201022,-0.110186415930222
AHC,2019-2020,HC,1.0,0.128638319896138,-0.250218452149785,0.162784671313919
AHM,2020-2021,HM,0.0,0.337489818558773,-0.079508934171758,-0.203172901209764
OHM,2020-2021,HM,0.0,0.338426829969703,-0.31922840805984,-0.163349867799728
SLM,2019-2020,LM,0.0,0.118739718625539,-0.13097607166122,0.254015330226207
FLC,2019-2020,LC,0.0,0.261444872038751,-0.0670230753244401,-0.028737030639368
SHM,2019-2020,HM,0.0,0.40107213069559,-0.0639463646224598,-0.304249619714365
D1,2018-2019,HC,1.0,0.468942572039352,0.02493492589641,-0.138340961247041
D9,2020-2021,HC,1.0,0.177761322639936,-0.102934123140189,-0.086489014338089
JLM,2018-2019,LM,0.0,0.353689501313614,0.180739834362473,-0.095490066075987
BHC,2018-2019,HC,1.0,0.274659025217935,-0.27881313448212,0.06158609786088
AHC,2019-2020,HC,1.0,0.358770637732338,-0.25815761388787,-0.081253393600453
GLM,2018-2019,LM,0.0,0.619185656603382,0.10504620550824,-0.369053036552698
MHM,2017-2018,HM,0.0,0.117731774775744,0.000683110352539984,-0.012575437471763
DHC,2018-2019,HC,1.0,0.201165021094207,0.0630089964293798,-0.026191605656343
D8,2017-2018,HC,1.0,0.477191597326179,0.06822473962637,-0.040463404344981
NHC,2020-2021,HC,1.0,0.360114654028616,-0.24842397321308,-0.194270107418055
GHM,2020-2021,HM,0.0,0.0602491946401564,0.034196161824004,0.114857054395157
SHM,2017-2018,HM,0.0,0.477031461228555,-0.422414206422885,-0.410279075759138
BLC,2017-2018,LC,0.0,-0.00606814815292844,0.432333647580965,0.256837411084262
D6,2020-2021,HC,1.0,0.183398783481003,0.239359948610981,0.02854016435477
BLC,2020-2021,LC,0.0,0.38042781650931,-0.11163670512369,-0.158945052841273
THC,2018-2019,HC,1.0,0.966438703325754,-0.28148282119858,-0.607506467822848
D9,2019-2020,HC,1.0,0.266450411361257,0.339992297567726,-0.059036990055932
GLM,2020-2021,LM,0.0,0.143576083273829,0.276690683176235,0.234725281899882
JHC,2017-2018,HC,1.0,0.460445472147766,0.0867792932056899,-0.08960353848586
BLC,2018-2019,LC,0.0,0.127228259823952,0.158302571478403,-0.143745481599318
TLC,2017-2018,LC,0.0,0.235985774259777,-0.223572511643311,0.098595659670773
FHM,2017-2018,HM,0.0,0.173924581325699,0.044401910084781,0.225294628083401
NHM,2017-2018,HM,0.0,0.0449365685632342,0.131572353204489,0.0700575122955988
D4,2019-2020,HC,1.0,0.295311104035186,-0.1884158363687,-0.34786649568586
BHM,2017-2018,HM,0.0,-0.0156775103030431,0.328364927485159,0.280857348868767
JLC,2019-2020,LC,0.0,0.345355073582319,-0.11314892869889,-0.133883427250571
D5,2019-2020,HC,1.0,0.43611533039695,0.130490064523896,-0.167902192365183
AHC,2020-2021,HC,1.0,0.437859245239939,0.0911019161475,-0.147611847882762
OLM,2020-2021,LM,0.0,0.277251766818953,0.040380641314854,-0.100228730812503
ALM,2017-2018,LM,0.0,0.0696623031808634,-0.075918332608221,0.0840470952756676
BHM,2018-2019,HM,0.0,0.300602157541867,-0.0308372113040301,-0.13049148723824
NLC,2020-2021,LC,0.0,0.0151854776294509,0.0273873080348699,0.272196384424652
AHM,2017-2018,HM,0.0,0.109875189635267,0.0769936560392799,0.156418791575829
D9,2018-2019,HC,1.0,0.0804411359118242,-0.398326218994627,0.209017500216876
JLC,2019-2020,LC,0.0,0.173877504507622,-0.069069748703073,-0.018219213480475
JLM,2018-2019,LM,0.0,0.0294209076199337,0.198218155724059,0.219660272850828
SLC,2019-2020,LC,0.0,0.262300125632051,0.13452448658203,-0.056346821103003
SLM,2020-2021,LM,0.0,0.383196021009405,-0.233073082667297,-0.268575021231908
MHC,2020-2021,HC,1.0,0.478030635206452,0.0530268533806699,-0.395080682433427
DLC,2017-2018,LC,0.0,0.183845246482584,0.00724126216903009,0.06203783223791
GLM,2017-2018,LM,0.0,0.23894863712692,-0.202417171102059,0.191866543199206
OLC,2019-2020,LC,0.0,0.103145166968199,-0.045519240388457,0.086966238513598
OLM,2018-2019,LM,0.0,0.53464736675058,0.0738281157192999,-0.289223733736935
JLM,2018-2019,LM,0.0,0.205982134956148,0.0805830646113699,-0.00713112102313201
D8,2020-2021,HC,1.0,0.0274848579106937,-0.288693100328934,0.257531210752948
NHM,2020-2021,HM,0.0,0.135470483061486,-0.1171877729901,-0.0998511154617086
MLC,2019-2020,LC,0.0,0.226677839955486,-0.0305898996487299,-0.040807530357045
NLC,2018-2019,LC,0.0,0.107693657095983,0.098343093864732,0.246822487005418
MLC,2019-2020,LC,0.0,0.396882840928083,0.127937055212397,0.000771778992347982
D5,2019-2020,HC,1.0,0.246539412157458,0.139079645107352,-0.153630837179969
GLC,2020-2021,LC,0.0,0.317930353790796,-0.119779682957247,-0.232117148037987
AHC,2020-2021,HC,1.0,0.300443572575454,-0.00872643657413996,-0.115089874003046
D8,2020-2021,HC,1.0,0.454078081875518,-0.00187997100207404,-0.29358339962467
NLC,2018-2019,LC,0.0,0.344727080785742,-0.16602344604119,0.019397556819958
JLC,2018-2019,LC,0.0,0.323302208272954,-0.0187815980130801,-0.032300479720628
OHC,2018-2019,HC,1.0,0.599898033841589,0.575143333809081,-0.0359121629238081
GLC,2017-2018,LC,0.0,0.00784797044431795,-0.213238340548381,0.210688092974774
BLC,2020-2021,LC,0.0,0.353925658824016,0.09719389560504,-0.033076901908225
NHM,2019-2020,HM,0.0,0.31704022457293,-3.13953067340167e-05,-0.168137853165448
HLC,2018-2019,LC,0.0,0.104787493726641,0.160546151567669,0.381978779580901
TLC,2018-2019,LC,0.0,0.583334520361895,-0.498473567473991,-0.519087040888187
OHC,2018-2019,HC,1.0,0.0336670977521494,0.245012356008136,0.289739682559951
DHC,2018-2019,HC,1.0,0.372352523433286,-0.30836045611138,0.043332231572626
GLM,2019-2020,LM,0.0,0.279748035667841,-0.12528831849278,0.065532173870356
D4,2019-2020,HC,1.0,0.474869438266362,0.0663133511787701,-0.401275811286448
NLM,2020-2021,LM,0.0,0.289296092494459,0.403548443632438,0.073517975460214
F1,2017-2018,HC,1.0,0.0860809053590748,-0.0842135893039999,0.485828599388146
TLC,2019-2020,LC,0.0,0.331685153247241,0.19534880761762,-0.113149975064531
ALM,2020-2021,LM,0.0,0.265043180912149,0.198450931671043,-0.177615813142943
HHM,2019-2020,HM,0.0,0.645313501939823,0.25752450010011,-0.324790595900334
GLM,2019-2020,LM,0.0,0.189305264244152,-0.0569883162593499,0.113932395277711
OLM,2019-2020,LM,0.0,0.529998014239602,0.0250779208400019,-0.306918489891753
AHM,2017-2018,HM,0.0,0.110848674353579,0.679921485668212,0.016475884593839
GHM,2018-2019,HM,0.0,0.239848682816617,0.37347191432879,-0.088009439092801
HLM,2020-2021,LM,0.0,0.378331614938331,0.214533530862283,-0.175379655649983
AHC,2020-2021,HC,1.0,0.564409380994367,-0.0516136092392101,-0.457994959306512
D2,2018-2019,HC,1.0,0.428398014030301,0.2017173673408,0.192156214911348
MLC,2020-2021,LC,0.0,0.0931368082589243,-0.047129016691004,0.205652935236601
NLM,2019-2020,LM,0.0,0.233704078169351,-0.00937274337144989,0.031982303735791
NLC,2018-2019,LC,0.0,0.207256604458069,0.5261567620679,-0.098511796617417
FHM,2020-2021,HM,0.0,-0.00852205058707489,-0.072685373196341,0.204127432166801
TLC,2018-2019,LC,0.0,0.370017619997912,-0.09599964070264,-0.015379536167101
THM,2018-2019,HM,0.0,0.574509517576271,0.1730679324429,-0.055149179524579
MHC,2017-2018,HC,1.0,0.0335819473994492,-0.073910014618237,0.237039541159464
OHC,2018-2019,HC,1.0,0.656486754459012,-0.11181594109693,0.0151524964221871
B1,2018-2019,HC,1.0,0.220914979814151,-0.0577278479880501,-0.158389361995978
D8,2017-2018,HC,1.0,0.000915566821486857,-0.2599637858741,0.0603266425604598
SLM,2020-2021,LM,0.0,0.209393237234203,-0.22305217832316,0.03238653330646
SHC,2019-2020,HC,1.0,0.413540436928683,-0.383178311027213,-0.329816544438441
DLC,2019-2020,LC,0.0,0.206136138068807,0.060975068513493,0.102384877887422
BLC,2018-2019,LC,0.0,0.105599444377597,0.345903230926479,0.087283134397291
JHC,2018-2019,HC,1.0,0.293041346489569,0.161892807295668,-0.031648042655177
OHC,2018-2019,HC,1.0,0.00230663873242554,-0.247936965563411,0.240432308821681
OLM,2020-2021,LM,0.0,0.174548985954917,-0.238935725704797,0.074876285107099
GLC,2017-2018,LC,0.0,0.267318568728578,0.443953380442186,0.270047496928832
F1,2020-2021,HC,1.0,0.18954343285086,0.18078735203817,0.00162934560382999
AHC,2019-2020,HC,1.0,0.160698320954579,-0.3282804400795,0.228129710703765
DLC,2017-2018,LC,0.0,0.711986504025574,-0.124352758718499,-0.525587114100097
GLC,2019-2020,LC,0.0,0.251398653728275,-0.10231179255695,0.105438189365104
TLM,2018-2019,LM,0.0,0.259702642912974,0.134336890121205,0.058416797417503
THC,2018-2019,HC,1.0,0.633946188232624,-0.20213704409507,-0.437593974812295
GLM,2019-2020,LM,0.0,0.112758185886032,0.0360059947960001,-0.0885363897896607
NLC,2019-2020,LC,0.0,0.0748849848066857,-0.281880840241175,0.13101343808942
GHM,2017-2018,HM,0.0,0.141054894932942,-0.281166223776736,0.21906157206219
D5,2018-2019,HC,1.0,0.284856541164698,-0.04580274985059,-0.00257374037816299
BHM,2018-2019,HM,0.0,0.250961593012472,-0.095646362619772,0.165475285551602
AHM,2018-2019,HM,0.0,0.558661967311778,-0.291737605138479,-0.522516262177854
TLM,2017-2018,LM,0.0,0.482610431069205,0.491478253273161,-0.451557893049847
SLC,2018-2019,LC,0.0,0.170702006310249,0.432763010355692,0.065996511040633
JHM,2020-2021,HM,0.0,0.0963138854333256,0.070265208486928,0.167292503276154
OLM,2017-2018,LM,0.0,0.0883308067778394,-0.015227757021133,0.0746818354423916
BLM,2019-2020,LM,0.0,0.423709217569525,0.03690922787171,-0.213746833240728
MLM,2018-2019,LM,0.0,0.131464323100366,0.05587553086262,0.002459745399742
OHC,2017-2018,HC,1.0,0.315589661676069,-0.326296067554293,-0.191422254470636
SHM,2019-2020,HM,0.0,0.402909307899035,0.0354948387657501,-0.03484077443644
D9,2017-2018,HC,1.0,0.055723575684817,0.169263319056986,0.23395886563823
ALC,2017-2018,LC,0.0,0.327269846742914,0.03017234447828,-0.095151481797667
DLM,2018-2019,LM,0.0,-0.00152465748832586,-0.18096108411376,0.247359615147068
B1,2018-2019,HC,1.0,0.215208444590658,0.0735267139218501,-0.047275861218603
AHM,2020-2021,HM,0.0,0.109308141603279,-0.459673510413452,-0.0827262661021901
D8,2019-2020,HC,1.0,0.040147650263027,0.400549473863294,0.255057999956763
D8,2019-2020,HC,1.0,0.388552287386718,0.315027403909847,-0.111587904753691
BHC,2017-2018,HC,1.0,0.26281720810339,-0.31671704987479,0.027541505858865
FHC,2017-2018,HC,1.0,0.103981665037726,0.27865951988563,0.50334933300778
D8,2017-2018,HC,1.0,0.258984164925956,0.077759771558138,0.041243017598908
F1,2020-2021,HC,1.0,0.364024961083431,-0.416019517693708,-0.265408970200855
GHM,2020-2021,HM,0.0,0.273232479978568,0.261451317375517,-0.000718849950644973
D1,2019-2020,HC,1.0,0.224259391272552,0.06811786688777,0.074545400059742
OHC,2020-2021,HC,1.0,0.0882537977257383,0.314199082040481,0.11181996945635
AHC,2020-2021,HC,1.0,0.0991343500721011,0.100855452223901,0.26482052388743
GLM,2019-2020,LM,0.0,0.286246038206538,0.150740438245487,-0.095085941455245
HHC,2018-2019,HC,1.0,0.185521401533055,-0.399743922782263,0.156253884379247
DLM,2019-2020,LM,0.0,0.102042206853164,-0.05016408404324,0.037662036315763
THC,2017-2018,HC,1.0,0.321834708964198,-0.348962944422866,-0.094514527111456
SLC,2018-2019,LC,0.0,0.123637935649349,0.22800534637494,0.137009422770831
OHC,2018-2019,HC,1.0,0.0575121744105822,0.0682162593494591,0.138611021133553
JHC,2017-2018,HC,1.0,0.355660088916095,0.041992149604081,-0.281645528517986
FLM,2018-2019,LM,0.0,0.258776728422411,0.23831583703333,-0.061945903931874
D9,2017-2018,HC,1.0,0.287788667026312,-0.159690372617573,-0.177853583323048
SHM,2020-2021,HM,0.0,0.518071293764977,-0.350774992385464,-0.350819551997435
SHC,2017-2018,HC,1.0,0.191129941201653,-0.0417973556809901,0.15025672319141
SHC,2020-2021,HC,1.0,0.208722892057784,-0.118684796949361,-0.144747713993491
SLM,2020-2021,LM,0.0,0.236896855071048,-0.182435296043516,-0.192011697607882
DLM,2019-2020,LM,0.0,0.223500306010822,0.0202376422152399,-0.132385360568176
BHM,2018-2019,HM,0.0,0.152326084094375,-0.08227012453408,0.27372621138664
DHC,2020-2021,HC,1.0,0.334597326140283,0.235804466288132,-0.188431042154701
D8,2019-2020,HC,1.0,0.50858162188812,-0.00640868740579004,-0.029743016853293
TLC,2017-2018,LC,0.0,0.457955605173654,0.224814962973098,-0.062327237186975
D8,2018-2019,HC,1.0,0.0111720015578793,0.37788868622977,0.401651458361293
BLM,2018-2019,LM,0.0,0.107812954249709,0.189517992673966,0.016277311774383
GHM,2019-2020,HM,0.0,0.320409056332144,0.23497801003009,0.00858977788148801
SHM,2018-2019,HM,0.0,0.325302113783398,0.04176445329715,0.211123307426536
MHC,2020-2021,HC,1.0,0.33714480200014,0.1227799331603,-0.341092771736269
OLM,2018-2019,LM,0.0,0.147993083516628,0.250233624904816,0.328963957881987
D1,2018-2019,HC,1.0,0.300156757517036,-0.382291135608959,-0.018181565010081
AHM,2019-2020,HM,0.0,0.308245651544591,0.19874548032449,-0.122146068349538
SHM,2019-2020,HM,0.0,0.342678439232847,0.427992681333313,0.055328409416974
JLC,2020-2021,LC,0.0,0.147049341635125,-0.10686806588219,0.094786083981983
MHC,2018-2019,HC,1.0,0.17172604739689,-0.04180923411421,0.130628193022982
ALC,2018-2019,LC,0.0,0.461763414027562,0.114701099620237,-0.273483136316229
MHC,2018-2019,HC,1.0,0.118425627676413,0.318177381228632,0.133858308465853
OHC,2019-2020,HC,1.0,0.167500088558654,-0.32914447843229,0.114111335450289
OLM,2019-2020,LM,0.0,0.035391387802967,0.10194764709333,-0.0596812572658085
AHM,2019-2020,HM,0.0,0.0225895191595755,-0.00902436482108493,0.245952155232136
NHC,2017-2018,HC,1.0,0.108799637940906,0.151294417483804,-0.113659319695335
D4,2020-2021,HC,1.0,0.43454751670439,-0.151085263982372,-0.303874517762801
OHC,2020-2021,HC,1.0,0.43169593437198,-0.0476087199772102,-0.149663939878543
GHM,2020-2021,HM,0.0,0.110788403205901,0.0117850499283501,0.111140144024087
NLC,2018-2019,LC,0.0,0.24869563056077,0.28282079844678,0.025055954219981
TLM,2017-2018,LM,0.0,0.609313423043157,-0.638813389236312,-0.371008242902289
MLC,2018-2019,LC,0.0,0.225779365067951,-0.08274599562259,-0.011891086134154
NHM,2018-2019,HM,0.0,0.343248229073723,-0.0386869156070669,-0.18687415254195
TLC,2018-2019,LC,0.0,0.382679902437975,0.00623010485578002,-0.120463527917056
AHM,2017-2018,HM,0.0,0.251237417940841,0.00357983884937896,-0.206130012907478
GLC,2019-2020,LC,0.0,0.190397020558122,0.100260105304865,0.110647030016743
HLC,2018-2019,LC,0.0,0.350310865136918,-0.224803744216289,0.185515246040977
SHM,2020-2021,HM,0.0,0.394025919043917,-0.02881454842945,-0.044879459065887
MHC,2017-2018,HC,1.0,0.226634786102407,-0.0832878213235702,-0.068834506834229
JHC,2017-2018,HC,1.0,0.104983048334537,-0.0864751508889801,0.239091732749078
ALC,2018-2019,LC,0.0,0.148239656686388,0.0995029465702539,-0.03679624450096
GHM,2019-2020,HM,0.0,0.447845515485701,0.103512785038825,-0.230594550155465
MLM,2019-2020,LM,0.0,0.160978198451943,0.00869849598896,0.033558299812475
MLC,2019-2020,LC,0.0,0.254610835713694,0.00079772015843016,-0.021858756487232
OHC,2020-2021,HC,1.0,0.242057843019258,0.07019583103829,0.129912467916783
THC,2018-2019,HC,1.0,0.130354348512662,-0.43122036303226,0.131861962858071
OLC,2018-2019,LC,0.0,0.199618585957324,0.0349436537644201,0.028214125512267
MHM,2017-2018,HM,0.0,0.221876868733815,0.026524457706682,0.078480006324979
D10,2017-2018,HC,1.0,0.33824621705437,-0.0831224765816698,-0.147672797113042
SHC,2018-2019,HC,1.0,0.0445392198939436,0.502243417045372,0.115469648763632
JLM,2018-2019,LM,0.0,0.223862724316652,-0.582307669347175,-0.018537886968511
D1,2018-2019,HC,1.0,0.250752491289921,-0.230354316970633,-0.016120409767477
MHC,2019-2020,HC,1.0,0.557592660780096,0.273720442250851,-0.031183021556925
TLC,2020-2021,LC,0.0,0.14046477661456,-0.11566105412528,-0.0427173656798497
BHM,2018-2019,HM,0.0,-0.00557646700894554,-0.102921410622105,0.259070418041367
OLM,2019-2020,LM,0.0,0.257408755154004,-0.29932649686461,0.166909161572413
GHC,2019-2020,HC,1.0,0.171893613594261,-0.36834639893085,0.168487189358158
JLC,2020-2021,LC,0.0,0.143805429448284,0.08999756392302,0.207559174855759
DLC,2020-2021,LC,0.0,0.169707512577574,-0.249655619307472,-0.182774902028815
SLM,2018-2019,LM,0.0,0.359833195427925,0.161124749782478,0.068410854275697
ALM,2018-2019,LM,0.0,0.120993057258646,-0.262964375101803,0.157762020127248
GHM,2020-2021,HM,0.0,0.108350019868075,0.2467118132264,0.020713274172269
D9,2020-2021,HC,1.0,0.242265997444922,-0.191231625050023,0.07815977116105
FHM,2019-2020,HM,0.0,0.0811601338930987,0.0298859056154199,0.297898194144446
OHC,2020-2021,HC,1.0,0.098831917305195,-0.0595215995782781,0.086986561518604
HLC,2020-2021,LC,0.0,0.13035026391111,-0.09875761190525,0.021785701415784
NLC,2020-2021,LC,0.0,0.404429576883448,0.345663631215646,-0.082945082477768
FHC,2019-2020,HC,1.0,0.497120644325882,0.172077897258003,-0.269702732423962
AHC,2019-2020,HC,1.0,0.118180990442819,-0.207266884568433,-0.007450737282771
D1,2017-2018,HC,1.0,0.231256328990239,-0.157656418082032,0.154847297244373
NHM,2020-2021,HM,0.0,0.319253508663196,0.183153977633891,0.007452195209106
MLM,2020-2021,LM,0.0,0.425481093777503,0.302436890552009,0.347245266820994
GLC,2018-2019,LC,0.0,0.0272279235627946,0.297364813289205,0.343479179286733
D1,2017-2018,HC,1.0,0.418865854926006,0.17496674600887,-0.0445651004252
GLM,2017-2018,LM,0.0,0.11375441503521,0.170896473801304,0.305064425402846
OHC,2020-2021,HC,1.0,0.499931414424195,-0.04756525629219,-0.256093835630568
SLM,2019-2020,LM,0.0,0.108958669896559,-0.10298424743514,0.240451988307684
FHM,2019-2020,HM,0.0,0.211696372210965,0.31432098509059,-0.080888238973458
D8,2017-2018,HC,1.0,0.336462220099815,-0.021984693261362,-0.041135332922672
SLC,2019-2020,LC,0.0,0.169154310378524,-0.0275105378184402,0.276544457737012
HLC,2020-2021,LC,0.0,0.557253399302559,0.00254616625972992,-0.427866599817743
DLM,2017-2018,LM,0.0,0.0830763437475706,-0.123308823585259,0.0140372892804998
NLM,2019-2020,LM,0.0,0.0218975133686694,-0.112400919621196,0.293080140187645
BHM,2017-2018,HM,0.0,0.114412264333679,0.26831196113811,0.354838273121585
THC,2020-2021,HC,1.0,0.15373749715768,0.139963630727661,-0.122951508501349
OLM,2017-2018,LM,0.0,0.20271146741936,0.20606046157811,0.194700850811822
D8,2020-2021,HC,1.0,0.131511470923436,-0.05607148530573,-0.0860772479181824
ALM,2017-2018,LM,0.0,0.0981881819874577,-0.145552877205857,-0.104010484898621
GHM,2020-2021,HM,0.0,0.380110168218023,0.0244571220251799,-0.107922871774378
HHC,2017-2018,HC,1.0,0.257685881602983,0.23379117477519,0.294173277564796
TLM,2018-2019,LM,0.0,0.374646971554105,-0.0840740474574402,-0.181622423149185
GLM,2017-2018,LM,0.0,0.135779557248692,0.2081878275244,0.137540041215385
FLM,2020-2021,LM,0.0,0.171905872687073,0.312090336723653,-0.055980912520482
JLM,2018-2019,LM,0.0,0.0563458674978229,0.407759177938301,0.0312456424689128
FHM,2017-2018,HM,0.0,0.312907655168281,0.343834664161081,-0.081211357338439
OLM,2020-2021,LM,0.0,0.732078042436907,-0.43234439419043,-0.712022034087144
MHM,2017-2018,HM,0.0,0.307560670358245,-0.1820610832034,0.021549694906768
HHM,2017-2018,HM,0.0,0.287024789944197,-0.12589729611844,-0.138892064130666
HHM,2018-2019,HM,0.0,0.557412155381501,0.0119702092765801,-0.233364594507675
OLC,2019-2020,LC,0.0,0.13186603850589,-0.103644810774262,0.29582630420736
BHM,2019-2020,HM,0.0,0.0225067370017835,-0.13037056955546,0.145466609894848
MLM,2018-2019,LM,0.0,0.293327676086332,0.103014616272915,-0.126560341821865
DLM,2017-2018,LM,0.0,0.0700560434705473,0.1080599436496,0.204826693035656
THM,2019-2020,HM,0.0,0.311448866903708,-0.199716918663745,-0.191340475733757
HHM,2020-2021,HM,0.0,0.232925281182332,0.032276459098335,-0.188608199842969
BHC,2020-2021,HC,1.0,0.27969058659029,0.02902227276753,0.040467171036661
D10,2019-2020,HC,1.0,-0.0165824661002698,0.49068441344743,0.412071741894213
DHC,2019-2020,HC,1.0,0.333915013853182,-0.103072654138354,-0.186006353273245
BLM,2020-2021,LM,0.0,0.157480238423162,0.159379730481839,-0.0873226439715809
FHM,2019-2020,HM,0.0,0.0573723081269195,-0.37477706106494,0.000385165460047299
JHC,2017-2018,HC,1.0,0.214537115354948,0.129646651343444,-0.116545728568728
HHC,2017-2018,HC,1.0,0.314890342273113,0.17526733625349,-0.111643740352057
SHM,2019-2020,HM,0.0,0.134990352604308,0.191547441914066,0.019612995822745
TLM,2018-2019,LM,0.0,0.29493287502443,0.355531072357291,-0.084890505949515
HLC,2017-2018,LC,0.0,0.0421627544049499,0.1712215744447,0.526069356611837
JHM,2017-2018,HM,0.0,0.11824325280554,0.03805632556572,0.026556660692733
NLC,2019-2020,LC,0.0,0.326665875137989,0.00968743631442592,0.107779724726722
OHC,2020-2021,HC,1.0,0.367734625607995,-0.34821047375514,-0.165403331512638
DHC,2018-2019,HC,1.0,0.213267292010383,-0.164295237450976,0.245015014734363
SHM,2019-2020,HM,0.0,0.116181966319861,-0.14509161924618,0.194683707825893
OLM,2018-2019,LM,0.0,0.303698667795738,0.03297786904358,0.070802185108061
JHM,2017-2018,HM,0.0,0.099740730939843,0.00480608206406008,0.140748346563148
OLC,2019-2020,LC,0.0,0.31803803291808,0.126595111848118,0.095875480561245
D8,2020-2021,HC,1.0,0.00240743621800421,0.06845531112801,0.21249523308484
FHM,2020-2021,HM,0.0,0.217845906114584,0.29822458923729,-0.022315018260458
AHM,2020-2021,HM,0.0,0.0406202193068599,0.044561358150377,0.0732084843658411
HLC,2019-2020,LC,0.0,0.0832211723934775,0.151311737804801,0.0184002408889295
F1,2020-2021,HC,1.0,0.330414364246427,-0.382351704216791,-0.336530071589783
D5,2017-2018,HC,1.0,0.583197751408093,-0.246550542971104,-0.308374657586323
NLM,2017-2018,LM,0.0,0.241949754037601,-0.17498936774657,0.07900466747663
NHC,2017-2018,HC,1.0,0.310829510123007,0.0571024982855999,-0.053928511309746
NLM,2019-2020,LM,0.0,0.225994588886244,-0.243427921183893,-0.24393054435264
MHC,2017-2018,HC,1.0,0.184651315849562,-0.136428534230682,0.016445031900059
D9,2017-2018,HC,1.0,0.0497057390589053,0.2569479595554,0.346047566662987
THM,2019-2020,HM,0.0,0.207268674094556,0.18804501923184,-0.060801317406668
NLM,2019-2020,LM,0.0,0.327618824053175,0.0670355045381901,-0.130341095861287
AHC,2018-2019,HC,1.0,0.329382252602929,-0.192709887983895,-0.242665858230918
D8,2020-2021,HC,1.0,0.230788022342232,-0.1151927279899,-0.021435915338525
GLC,2018-2019,LC,0.0,0.26345856197487,-0.0458892407013201,-0.191524747200742
DLC,2018-2019,LC,0.0,0.0767659011819046,0.042617570396288,0.0162177520157598
MLM,2020-2021,LM,0.0,0.385903997650562,0.159444840372435,-0.165845858486207
D8,2018-2019,HC,1.0,0.101016196512615,0.11912553344615,0.235189556083652
OLM,2017-2018,LM,0.0,0.403493429851532,-0.52989851819901,-0.331281103052956
MLM,2018-2019,LM,0.0,0.484017649414555,0.0655134950776501,-0.275396267584846
D10,2018-2019,HC,1.0,-0.0064557026580021,0.114086369909368,0.279068770990563
BHC,2019-2020,HC,1.0,0.456731080323335,-0.0841310647382211,-0.084246731293599
GLC,2019-2020,LC,0.0,0.327675288310582,-0.573529622220049,-0.331190401211565
BHC,2018-2019,HC,1.0,0.298941956020969,-0.10553817612939,0.127900044834422
FHM,2020-2021,HM,0.0,0.241906743792232,-0.06631646595466,0.165390285109489
JHC,2018-2019,HC,1.0,0.371239269464973,-0.33001439019667,-0.132605624251097
OHC,2018-2019,HC,1.0,0.107466206701292,-0.1110815543675,0.431997001274316
DLC,2020-2021,LC,0.0,0.148570657274733,0.214905425805344,-0.041029978070059
THM,2020-2021,HM,0.0,0.162549343869887,-0.0616566921475299,0.138433401276017
OLC,2017-2018,LC,0.0,0.366819251256027,0.16001267046498,0.292930648365192
JLM,2020-2021,LM,0.0,0.133442657962182,0.414220953825637,0.338384409254708
JLM,2020-2021,LM,0.0,0.347189230653019,-0.0777591464437102,-0.194597004284335
GHC,2020-2021,HC,1.0,0.351109974733763,-0.217230564711775,-0.123623516606521
BLC,2017-2018,LC,0.0,0.35585587710072,0.230915581196785,-0.035776072900153
OHC,2017-2018,HC,1.0,-0.00455579688987884,0.108152096424029,0.352624598459652
D9,2018-2019,HC,1.0,0.138682541083313,-0.095654905182785,0.201909592052007
D1,2018-2019,HC,1.0,0.269335274304938,0.13631583315862,0.029153864966622
GHM,2019-2020,HM,0.0,0.0586602192254078,0.0528211765973601,0.323874801802313
DLC,2019-2020,LC,0.0,0.265007689020724,-0.330743862187826,0.031576242653341
HHC,2020-2021,HC,1.0,0.393973181161654,0.15212221041967,-0.019387228020327
HHM,2017-2018,HM,0.0,0.218829024966105,0.180826907708234,-0.157533266988666
OLM,2020-2021,LM,0.0,0.23378948014729,0.120692286055077,-0.133050744987802
D2,2017-2018,HC,1.0,-0.00969366802605709,-0.03097242832241,0.0720711280314934
OLC,2017-2018,LC,0.0,0.171794037457706,0.0245649642444101,-0.038530793168644
OLM,2019-2020,LM,0.0,0.213127179576311,-0.26081545793881,-0.124498279360855
HLM,2019-2020,LM,0.0,0.102397678306846,-0.255036363000228,0.297743544605248
JHC,2020-2021,HC,1.0,0.281218770488478,-0.313744232586976,0.048659925384391
MHM,2020-2021,HM,0.0,0.368575943923106,0.06212870206815,-0.37239448633418
SLC,2018-2019,LC,0.0,0.166675997174679,0.1726468495751,0.489060404000156
MHC,2019-2020,HC,1.0,0.217086884067927,-0.23932075973157,0.044691984216839
NHC,2017-2018,HC,1.0,0.145375178963371,0.0678865740226702,0.099983427692266
NLC,2019-2020,LC,0.0,0.0675058344937902,-0.312657075224892,-0.0035246891666576
AHC,2017-2018,HC,1.0,0.245891227015242,0.172771935582601,0.084837741718553
JLM,2018-2019,LM,0.0,0.285688644745758,0.366283912321618,-0.200332858849989
FLM,2018-2019,LM,0.0,0.348333317112716,0.04136196360666,-0.115233951349984
DHM,2020-2021,HM,0.0,0.109956244090826,0.0693278891938098,0.002242433192158
MHC,2019-2020,HC,1.0,0.0607311673505222,-0.0122568199758599,0.188493599190598
DLC,2019-2020,LC,0.0,0.513838237682533,0.18848407932781,-0.143686933848958
DHM,2018-2019,HM,0.0,0.270720210000037,0.0451926203631201,-0.157444006453866
AHM,2017-2018,HM,0.0,0.167622184490856,-0.18945271889918,0.107642519789691
OLM,2017-2018,LM,0.0,0.090294638331166,-0.404860673705034,0.099442656979408
DLC,2020-2021,LC,0.0,0.16223645355243,-0.088515921468227,-0.143536866371553
FHC,2018-2019,HC,1.0,0.148745502131126,0.0994763822602089,0.426736271087192
GLC,2019-2020,LC,0.0,0.208576409612611,-0.095229193885464,0.043661231309221
BLM,2020-2021,LM,0.0,0.30174818018231,0.05008077748755,-0.149851961943937
BHC,2017-2018,HC,1.0,0.440505246067939,0.339101854389116,-0.00666136633514403
D6,2017-2018,HC,1.0,0.358106629687588,-0.193411412696381,-0.221458845958662
NLM,2018-2019,LM,0.0,0.0521990351110504,0.00117996911354989,0.101815793828232
JHC,2017-2018,HC,1.0,0.143666708016748,0.17184946899484,0.056832546372288
B1,2019-2020,HC,1.0,0.40044491090369,-0.0164407346016602,-0.177693785759841
GLC,2017-2018,LC,0.0,0.167203577127926,0.21009335891026,0.056427686095316
SLC,2020-2021,LC,0.0,0.580653375641106,-0.000485935289540107,-0.39349845857178
D9,2020-2021,HC,1.0,0.272471573905763,0.0430887773206869,-0.275714820932407
OLC,2020-2021,LC,0.0,0.474261997905091,-0.02900580191992,-0.348843176187424
D9,2020-2021,HC,1.0,0.449845637958595,0.00425895762750095,-0.376136808673707
D8,2018-2019,HC,1.0,0.190455723152196,-0.0891045823341201,0.183121833653809
OLM,2017-2018,LM,0.0,0.236858776114677,0.362058992548008,0.317156648854604
OHM,2018-2019,HM,0.0,0.373692161645663,0.00891714914825004,0.1636422075223
MLM,2017-2018,LM,0.0,0.0967046167934673,0.57971091314159,0.0910911049104847
GLC,2019-2020,LC,0.0,0.347515996001743,-0.318494565732211,-0.187988164675912
BLC,2018-2019,LC,0.0,0.0951745360554925,0.04774055225865,0.105290057988898
MHC,2019-2020,HC,1.0,0.488001206911639,-0.288462725061599,-0.308386177190853
TLC,2020-2021,LC,0.0,0.18502252877029,-0.04806950790494,0.034907697481878
D6,2018-2019,HC,1.0,0.130650498231113,0.159870408236946,0.231506833198918
ALM,2020-2021,LM,0.0,0.215230794335344,0.195721136848711,0.140633650728127
SLC,2019-2020,LC,0.0,0.0073287989698354,0.061764028499294,0.341181631550033
SLC,2018-2019,LC,0.0,0.185528408764925,-0.170854880257675,-0.049887515055315
D4,2018-2019,HC,1.0,0.385651313225039,-0.296589494957327,-0.028700118901294
SLM,2020-2021,LM,0.0,0.366674818084419,-0.243117490337468,-0.311278995670289
NLC,2020-2021,LC,0.0,0.599065172087619,-0.142305280075995,-0.492211295585178
GLM,2017-2018,LM,0.0,0.0604237626262258,0.055594283742323,0.393247650088628
MLM,2020-2021,LM,0.0,0.255818190843539,0.17379188579647,-0.260454850993602
DLM,2020-2021,LM,0.0,0.516939031788914,-0.229964157982472,-0.524255928460145
OHC,2020-2021,HC,1.0,0.211891143143935,0.106720382552279,0.186202181316007
OLM,2017-2018,LM,0.0,0.222196311465438,-0.481794395062094,0.320120591775556
OLC,2019-2020,LC,0.0,0.402279275423816,-0.131097140882909,-0.228179602605032
SHM,2020-2021,HM,0.0,0.349890158831121,0.100605067252377,0.150089635901035
GHM,2018-2019,HM,0.0,0.591940579897291,-0.0583549321574821,-0.101350683747539
DLC,2017-2018,LC,0.0,0.260826624456987,0.438182093793677,0.055951366807486
NHC,2017-2018,HC,1.0,0.399976692857964,0.275294921518576,-0.024833344737102
JHM,2019-2020,HM,0.0,0.484784958370576,-0.26302858384435,-0.209142026284382
JLM,2018-2019,LM,0.0,0.0716265276500709,-0.203536914750426,0.0685613116156541
THC,2020-2021,HC,1.0,0.158928671045044,0.0963335177450801,0.019655632956661
OLM,2017-2018,LM,0.0,0.0377113780892109,0.203840964618488,0.42782144238906
GHC,2018-2019,HC,1.0,0.438718839052036,-0.048095741646225,0.000853253238888962
D8,2019-2020,HC,1.0,0.25316950720171,-0.036946828208573,-0.144552400431247
GLM,2020-2021,LM,0.0,0.143127004959138,-0.10669864754121,-0.13643674607954
D9,2019-2020,HC,1.0,0.0705318595108593,-0.140401478024159,0.145039347276618
F1,2019-2020,HC,1.0,0.268991480351454,0.35345480191578,0.072846026420511
D8,2018-2019,HC,1.0,0.521668772867146,-0.273555195687596,-0.339506901475248
GLC,2020-2021,LC,0.0,0.0582693490860209,-0.405023127781074,0.250311867687725
SHC,2018-2019,HC,1.0,0.303528511969013,-0.2620091483699,0.163057129589524
BLM,2017-2018,LM,0.0,0.0851982899517973,0.0225166082078859,-0.0959834073105227
FLC,2020-2021,LC,0.0,0.343821555509917,-0.298099762345739,-0.087469703355276
DHC,2018-2019,HC,1.0,0.439695720439865,0.04098564927609,-0.126041145395516
MHM,2020-2021,HM,0.0,0.181062510248697,-0.01593542750649,0.328052340558956
BLC,2019-2020,LC,0.0,0.259695518245476,-0.0837557346967459,-0.025833138990416
FHC,2019-2020,HC,1.0,0.399986391821571,0.157095608713308,-0.124364905812988
JHM,2018-2019,HM,0.0,0.291671595484151,0.3826518641671,0.021618646108731
MHC,2018-2019,HC,1.0,0.248660823175827,0.18039201046881,-0.014415556476766
GHM,2019-2020,HM,0.0,0.194698165026279,-0.228251542874805,0.058388413734435
MLM,2018-2019,LM,0.0,0.141527396731498,0.067015167307343,0.084167930630778
HLC,2019-2020,LC,0.0,0.514511379310075,0.038483214343069,-0.271421171262934
D8,2017-2018,HC,1.0,0.231801652880636,0.102866383230073,0.193691995862928
ALC,2020-2021,LC,0.0,0.400709806998896,-0.026730164268265,-0.083270517683843
B1,2019-2020,HC,1.0,0.409213350847384,-0.07019330671833,-0.126241021641429
BLC,2020-2021,LC,0.0,0.11858005825842,-0.300569265241054,0.25965674936203
D1,2018-2019,HC,1.0,0.235067148390007,-0.320521301914805,0.08507425117069
OLC,2017-2018,LC,0.0,0.438444627678094,0.40106733209204,-0.10430676721747
GLC,2020-2021,LC,0.0,0.480662843170874,-0.1983136278594,-0.232854935508058
THM,2019-2020,HM,0.0,0.242830957742585,0.22158006330283,0.016367679175404
OLC,2018-2019,LC,0.0,0.277208658472716,0.0483104513166099,-0.133483444606904
D1,2020-2021,HC,1.0,0.564495787835964,-0.03391592128833,-0.305774157172451
BHC,2018-2019,HC,1.0,0.451086149121802,-0.00739106663371003,-0.087664125050254
OLC,2020-2021,LC,0.0,0.178394749162729,-0.00475560017804899,0.119881876502884
OLM,2017-2018,LM,0.0,0.369827928356917,-0.0565236707595,0.013316212010235
OLC,2017-2018,LC,0.0,0.177205643024777,-0.219191619785032,-0.078859195346116
DLM,2018-2019,LM,0.0,0.148332156615559,-0.021448400816292,-0.157366950122058
MHM,2017-2018,HM,0.0,0.300143783239975,0.252500023049806,-0.154365002902581
D1,2018-2019,HC,1.0,0.455382244001157,-0.0527119457602561,-0.00567544071569903
OLC,2020-2021,LC,0.0,0.298859313159279,0.12158076554687,-0.058180424609426
MHM,2020-2021,HM,0.0,0.573388481084746,0.204725791613517,-0.260103633484999
FLC,2020-2021,LC,0.0,0.280294541457659,0.290218005186422,-0.027036214326105
MHM,2017-2018,HM,0.0,0.359299669131186,0.01141194716139,-0.209677928402866
NLC,2020-2021,LC,0.0,0.0804396488026389,0.170507202713401,0.0752306064747781
D6,2018-2019,HC,1.0,0.216953588524241,0.347099671902824,0.495542055221398
NLM,2018-2019,LM,0.0,0.253994071943631,-0.04249086919045,0.024920893470768
MHM,2018-2019,HM,0.0,0.351502472626695,0.25769420520117,0.155735933876128
NLM,2017-2018,LM,0.0,0.145924318225613,-0.23862880750236,-0.12240707099735
OHC,2017-2018,HC,1.0,0.0408883690277482,-0.0743794533550901,-0.0499135859614142
HHC,2017-2018,HC,1.0,0.0788334563945641,0.26223237000246,0.374960665069855
NHC,2018-2019,HC,1.0,0.100982091670183,0.084115351103308,0.165877351517027
JLC,2019-2020,LC,0.0,0.16104489628389,0.12925867625026,0.149612066543793
MHC,2018-2019,HC,1.0,0.216652909482806,-0.156206077417013,0.010509889863861
GHC,2020-2021,HC,1.0,0.290110410006574,0.06009027298483,-0.016011248895829
DLM,2018-2019,LM,0.0,0.0398472781275532,0.034743728258967,0.107140384502613
NHM,2017-2018,HM,0.0,0.418494477556106,0.115008167505813,-0.152524184026125
GHM,2017-2018,HM,0.0,0.00957395778752201,0.112140710806064,0.658275667494183
OHM,2017-2018,HM,0.0,0.330772453918104,0.438590206735915,0.172428348279305
D8,2017-2018,HC,1.0,0.0160067899201302,-0.26133125431865,0.187872785008129
HLC,2019-2020,LC,0.0,0.230321164615439,-0.109535668154112,-0.170049951762801
BLM,2019-2020,LM,0.0,0.231178874879146,0.536327239882557,0.177628256469221
GLM,2019-2020,LM,0.0,0.0763107071879923,0.01164159273831,0.414401976390341
GHM,2019-2020,HM,0.0,-0.00942662895205904,0.222952596218279,0.0953652747715356
OHC,2019-2020,HC,1.0,0.196545590023149,0.0334231244225279,-0.094249909865275
THM,2018-2019,HM,0.0,0.23801431619442,0.183499373105665,-0.175389285624005
NHM,2017-2018,HM,0.0,0.341617507419523,-0.46387876866309,0.013744404307088
JLC,2017-2018,LC,0.0,0.215193881860879,0.03965120551999,0.045561152679386
OHM,2017-2018,HM,0.0,0.18774232651635,-0.19748441236678,0.079401705032666
GLC,2018-2019,LC,0.0,0.264545059014419,-0.0160676990755602,-0.063695363190751
GHM,2019-2020,HM,0.0,0.0662264450114118,0.0361255308985899,0.245762489887191
OHC,2017-2018,HC,1.0,0.267382963843195,0.0838660763807899,-0.125204002543245
D5,2019-2020,HC,1.0,0.299677432217765,0.0111256881491901,0.10527499971323
D5,2019-2020,HC,1.0,0.346604439748011,0.00534843730403001,-0.203096842893473
MHM,2020-2021,HM,0.0,0.796946421318424,-0.18761399783678,-0.675995947695328
SHM,2018-2019,HM,0.0,0.696255261227689,-0.0120435246059198,-0.304943376586054
F1,2018-2019,HC,1.0,0.46061771151113,0.414569750942155,0.024003225936533
HLC,2017-2018,LC,0.0,0.0997719716247667,0.134272369157541,0.316576612554796
OLC,2018-2019,LC,0.0,0.119895199644612,-0.41256643895842,0.025228660914438
TLC,2018-2019,LC,0.0,0.155582518234104,0.081613893710797,0.20126335984523
D5,2018-2019,HC,1.0,0.48511541395394,-0.433359261437069,-0.233851329381135
MHC,2020-2021,HC,1.0,0.185086507396123,-0.13310801717318,0.073238868832322
OLC,2017-2018,LC,0.0,0.176684064589748,-0.268974049496551,0.027078623238784
NHC,2020-2021,HC,1.0,0.0622379776316981,-0.155268736350826,0.0922183959802719
GLM,2019-2020,LM,0.0,0.303785013411487,0.299902218445357,-0.00417249927242902
BHM,2018-2019,HM,0.0,0.0664663466109918,-0.0302841722098729,0.364615341009857
MHM,2019-2020,HM,0.0,0.331642912946363,-0.12907109347333,-0.011924478713535
NHM,2019-2020,HM,0.0,0.203324474940955,-0.281431940512044,-0.046108077700542
D1,2017-2018,HC,1.0,0.139621527263044,0.0524574542424401,0.149847901735614
DLC,2020-2021,LC,0.0,0.452472498527508,-0.258761556382875,-0.191555187851934
D1,2018-2019,HC,1.0,0.191587244507349,-0.180090942478884,0.00980383310879998
D1,2017-2018,HC,1.0,0.320967850297031,0.0566269003577781,0.042649689060329
GLM,2017-2018,LM,0.0,0.218289956612618,0.135338133711121,-0.119221862292376
DLM,2018-2019,LM,0.0,0.233196638908935,0.135705576778258,0.02761668790602
OHC,2018-2019,HC,1.0,0.283612762411444,-0.07757948195218,-0.148346963001752
DLM,2018-2019,LM,0.0,0.351178738805983,-0.189583355609943,-0.049486018497585
OLM,2019-2020,LM,0.0,0.312607741350602,0.046697912252958,-0.073689787321354
MHC,2017-2018,HC,1.0,0.387311616038253,-0.16336287728054,-0.076800084931111
DHC,2017-2018,HC,1.0,0.272508847276689,0.188209588819468,-0.043524658125399
B1,2017-2018,HC,1.0,0.0342520153530255,0.19520890666366,0.120146172417546
JHC,2019-2020,HC,1.0,0.197952851288117,0.0149709627872199,0.159242766034404
DHC,2018-2019,HC,1.0,0.399859608624981,-0.18242460062054,-0.350066406188062
FLM,2019-2020,LM,0.0,0.11804253908871,-0.0560389299319,0.095862225434619
OHC,2018-2019,HC,1.0,0.246508898097493,0.13447939388701,0.046412495280508
DHC,2019-2020,HC,1.0,0.269199853271601,0.162819901047959,0.068573681187376
MHM,2020-2021,HM,0.0,0.427792130218712,-0.2514268425857,-0.259751209045534
OLM,2017-2018,LM,0.0,0.359935393903559,0.18040428059546,-0.066757928458737
MHM,2018-2019,HM,0.0,0.100489020271228,0.0846956245976098,0.217461152077404
AHC,2018-2019,HC,1.0,0.116121575473208,0.227970029101834,0.152147377165605
BHC,2018-2019,HC,1.0,0.249251338512994,-0.15335009293402,0.065074385464644
OHC,2020-2021,HC,1.0,0.182256451920745,-0.166266078557026,-0.065382203441594
TLC,2019-2020,LC,0.0,0.230842294055073,0.14275078465198,0.062549728253744
OLM,2019-2020,LM,0.0,0.217632587124047,0.10201580598249,0.227055941119121
D4,2019-2020,HC,1.0,0.260140988100873,0.28179756803982,0.03847124008778
THM,2019-2020,HM,0.0,0.356000409447847,0.22674159407738,-0.233543315149687
D9,2017-2018,HC,1.0,0.342483590132784,0.167046150836668,-0.00448039743292999
BHC,2019-2020,HC,1.0,0.402431800967675,-0.0495838240334598,0.091032084746974
NLM,2017-2018,LM,0.0,0.387433286382762,0.03938267417681,-0.212625730672086
GHM,2017-2018,HM,0.0,0.172842839174697,-0.164589592322738,-0.0746109802622358
OHC,2018-2019,HC,1.0,0.0896428845321355,0.194120467102023,0.56750225750245
HHC,2017-2018,HC,1.0,0.325879337266331,0.150360152975648,-0.218769848200385
D8,2018-2019,HC,1.0,0.268327870689443,-0.29216619603496,-0.273023556884822
SLC,2018-2019,LC,0.0,0.22693589736659,-0.102426512666123,-0.094938579356826
TLM,2019-2020,LM,0.0,0.204374373968805,-0.0573678723168201,0.32771390379362
D1,2018-2019,HC,1.0,0.224671136735175,-0.1909292299287,0.202482098655168
F1,2020-2021,HC,1.0,0.297090356029433,0.298947333437931,-0.146580835741232
SHC,2018-2019,HC,1.0,0.178084151896006,0.0746480425837,0.200833461831213
JLM,2019-2020,LM,0.0,0.190214336493059,-0.447842546243504,0.286236536475908
SLM,2018-2019,LM,0.0,0.357540677013255,-0.12815674409172,-0.294457440949384
HLC,2019-2020,LC,0.0,0.335188899566354,-0.019870851125132,-0.236463710854715
D8,2020-2021,HC,1.0,0.0891860143423227,-0.362484278097601,-0.0609014693409329
D9,2020-2021,HC,1.0,0.282886700325343,-0.116124356770341,0.070159042064502
JLM,2020-2021,LM,0.0,0.363659528407652,-0.0150359836396159,-0.077077635505637
F1,2019-2020,HC,1.0,0.204773760983164,0.0446273504448279,0.166442009838238
GHM,2017-2018,HM,0.0,0.271625185304347,-0.024556145162076,-0.02924653340382
OHC,2018-2019,HC,1.0,0.31097420126207,0.15804641333198,-0.248519367770619
D8,2019-2020,HC,1.0,0.233343731722951,0.220797611177904,0.285892014336372
DHC,2020-2021,HC,1.0,0.245291155852636,-0.142920371435364,-0.206268929218266
TLM,2017-2018,LM,0.0,0.0909058312980955,-0.0675791102117398,0.42183609683384
DLM,2019-2020,LM,0.0,-0.0331491144924276,-0.0159658145329169,0.199553818428
D5,2017-2018,HC,1.0,0.175068615542788,0.0946762671787061,0.052385679753651
D8,2018-2019,HC,1.0,0.375541234983517,0.0880181366448611,-0.153816567832613
NLC,2018-2019,LC,0.0,0.16557161884366,0.278216763023931,0.253234474861775
OLC,2018-2019,LC,0.0,0.583008405004981,0.18863539274935,-0.226383791568761
NLM,2020-2021,LM,0.0,0.302377860002199,0.234897104571565,0.124220342754203
DHC,2020-2021,HC,1.0,0.142326475725147,0.0962484200197999,0.03093118015727
FLC,2020-2021,LC,0.0,0.255778522887606,0.46387275089898,0.141031096787508
FHC,2019-2020,HC,1.0,0.317115624407074,0.23863263235773,-0.094876723153806
MLC,2019-2020,LC,0.0,0.245463699196276,0.17086405938682,0.361172983098037
MHM,2020-2021,HM,0.0,0.370912163033208,0.0410890665285699,-0.176477270666932
BLC,2018-2019,LC,0.0,0.174450799559694,0.175016961680106,0.265990238485134
SHM,2018-2019,HM,0.0,0.255192867374604,0.20951795904597,0.08656589563471
B1,2018-2019,HC,1.0,0.163073832242601,0.204483530224062,0.217910148781732
FHC,2018-2019,HC,1.0,0.202341595180735,-0.399049457156161,0.025442616716985
D8,2020-2021,HC,1.0,0.250923577538309,-0.096803129347794,-0.063971714967131
MLC,2020-2021,LC,0.0,0.21032960485647,0.284269898865378,0.065262748357644
D8,2018-2019,HC,1.0,0.123487735887828,-0.174727155350375,0.174863031549908
MHM,2018-2019,HM,0.0,0.122514381050245,0.0527781962397098,0.034172259568356
SHM,2017-2018,HM,0.0,0.25280851160723,-0.284101088096363,-0.074200989007195
GLC,2019-2020,LC,0.0,0.251916043749136,0.266990372326316,-0.19280503472497
THM,2017-2018,HM,0.0,0.401952266005921,0.088432411982655,-0.195131733058379
D4,2019-2020,HC,1.0,0.429581142400887,0.22738003637785,-0.050097018237268
SLM,2019-2020,LM,0.0,0.274919925369271,0.16710962403222,0.349573958233475
D6,2017-2018,HC,1.0,0.241373214980253,-0.227576051787768,0.157461111714444
GLM,2020-2021,LM,0.0,0.272363399213624,-0.257737174515635,-0.125898944260231
JLC,2017-2018,LC,0.0,0.0456941980841801,-0.215929282832586,0.267711391939692
NHC,2020-2021,HC,1.0,0.0996354426995261,0.0124377172188599,0.252578040567349
AHC,2019-2020,HC,1.0,0.147825268210777,-0.622589789816416,0.143156541073433
OLM,2020-2021,LM,0.0,0.262197734528746,-0.02556382528012,0.017621273356305
THC,2017-2018,HC,1.0,0.41482979960174,0.11044080265769,0.189743685905199
JHM,2019-2020,HM,0.0,0.128794359232401,-0.14306438856993,0.197620620902349
D1,2020-2021,HC,1.0,0.465150480941925,-0.09027678844614,-0.36098744958453
OLC,2018-2019,LC,0.0,0.0489659516460031,0.046773398318498,0.22413659965184
TLM,2020-2021,LM,0.0,0.566794689881251,-0.100130767486062,-0.368112929943889
DHC,2020-2021,HC,1.0,0.464148902536051,0.0845765947578101,-0.028398893030888
FHM,2017-2018,HM,0.0,0.178823158684277,0.0351181004448361,-0.070056481120317
D8,2020-2021,HC,1.0,0.186861527124095,-0.587784437773607,-0.128037573194618
B1,2020-2021,HC,1.0,0.254844747949487,-0.20135066404889,-0.227913425453435
MLM,2020-2021,LM,0.0,0.153757795223743,-0.0794144713916171,-0.0565291828677368
THM,2018-2019,HM,0.0,0.471390601534752,0.10916728576095,-0.214243138257938
AHM,2020-2021,HM,0.0,0.0829090835892745,0.25465496518657,0.154779912617542
GLM,2017-2018,LM,0.0,-0.00274651353589572,-0.24070581382504,0.532863220029023
FLC,2020-2021,LC,0.0,0.0723544851627742,-0.0857545856056401,0.15385001915445
OHC,2018-2019,HC,1.0,0.106330313795924,0.0690032824203299,0.473511851908499
BLC,2018-2019,LC,0.0,0.250769262931334,0.07019628250774,0.136635062261461
AHC,2018-2019,HC,1.0,0.208382300293938,-0.0923575132310499,0.138781828060875
BLM,2020-2021,LM,0.0,0.235589545988252,-0.294160444378223,-0.157182365141596
MHM,2017-2018,HM,0.0,0.296772076366769,-0.349523361302549,-0.154945601350834
OLC,2020-2021,LC,0.0,0.311545755723952,0.197644236517101,-0.143293724132868
FLC,2019-2020,LC,0.0,0.450394353859664,0.11266152626878,-0.155575683089995
MLC,2020-2021,LC,0.0,0.185753063439908,-0.190003409927572,-0.166096944115495
B1,2018-2019,HC,1.0,0.173507098641607,0.09603058610742,0.266681381418984
OLM,2017-2018,LM,0.0,0.0364701621593478,0.201219125902076,0.170737608177582
BLM,2019-2020,LM,0.0,0.115255521803283,0.1530223100811,0.276251102557921
D5,2019-2020,HC,1.0,0.211987078507519,-0.268978967697245,-0.038964731473141
DLM,2019-2020,LM,0.0,0.215732135123959,0.14535886763062,-0.043129351196314
MLM,2019-2020,LM,0.0,0.443488104015761,-0.20745646094126,-0.116728082399565
D9,2018-2019,HC,1.0,0.339071698403908,0.190240289010108,-0.014084062412146
SHM,2019-2020,HM,0.0,0.0526452943908478,0.104288467791611,0.386013694754798
OHM,2019-2020,HM,0.0,0.171384360754159,-0.11794616297903,0.13723727817377
DHM,2020-2021,HM,0.0,0.286990045563868,-0.253659431204917,-0.183156774956697
THC,2018-2019,HC,1.0,0.304914180107059,0.0430578152935881,0.081899261812421
SLM,2019-2020,LM,0.0,-0.0163512145379052,0.08317655109022,0.380213916288527
BHC,2017-2018,HC,1.0,0.206276884399608,0.0314261784009899,-0.069389681926216
MLM,2020-2021,LM,0.0,0.273388892744505,-0.194118226613229,-0.203228516113874
MHC,2018-2019,HC,1.0,0.169722994625498,-0.08602966385915,0.148046019700249
FHC,2020-2021,HC,1.0,0.142217590542324,0.426561513300554,0.125659205995957
D8,2020-2021,HC,1.0,0.200196804619801,-0.263089666876908,-0.015519276857825
SHC,2019-2020,HC,1.0,0.36512315868532,-0.00200928931597999,-0.16297199750062
D4,2019-2020,HC,1.0,0.438631905614934,0.17089497960192,-0.060622533700027
HHM,2020-2021,HM,0.0,0.25234105221964,-0.387361889878186,-0.178692094749863
OLC,2017-2018,LC,0.0,0.272014209665513,-0.598834986936611,-0.137985847403994
NLC,2017-2018,LC,0.0,0.336863063855563,-0.0422045015588659,-0.07606779817255
GLM,2020-2021,LM,0.0,0.157445414198718,-0.00464962506615996,-0.0744502583331163
BHC,2018-2019,HC,1.0,0.128331655538676,0.251340344193432,0.3848661265381
BLM,2020-2021,LM,0.0,0.0285628350532501,0.0681062123248,0.229031190493554
BHM,2020-2021,HM,0.0,0.164588841400637,0.223442567359575,0.137450113033509
GLC,2018-2019,LC,0.0,0.159766411848471,0.0954103180458801,-0.035327928551593
B1,2017-2018,HC,1.0,0.51240938479976,-0.26829396151156,-0.337502529194613
JHM,2020-2021,HM,0.0,0.215422615029013,0.0592646827643399,-0.071117513668376
D9,2019-2020,HC,1.0,0.239851737381831,-0.154382118270473,0.04183231562801
AHM,2017-2018,HM,0.0,0.355463840964244,-0.194429610260144,-0.205872792720019
GLC,2019-2020,LC,0.0,0.401202280330018,-0.0952563446962,0.00645471541527404
JHC,2020-2021,HC,1.0,0.318184695808871,0.337953506577469,-0.231438621817122
ALM,2020-2021,LM,0.0,0.131150391727693,0.09574975824997,-0.02682118190432
JHM,2020-2021,HM,0.0,0.180627697718145,0.11596841991471,-0.137658295235639
D9,2018-2019,HC,1.0,0.131197403346728,-0.0327995729414811,0.172982795150992
SLC,2020-2021,LC,0.0,0.246976962203959,0.10294040949018,-0.00767432380312902
SLC,2018-2019,LC,0.0,0.421666209631915,-0.0192540892687501,-0.050898792985569
HHM,2019-2020,HM,0.0,0.148585532894548,-0.13280799148431,-0.149510520919333
NLM,2017-2018,LM,0.0,0.0796120047789168,0.081290100355506,0.134883609708143
HHM,2017-2018,HM,0.0,0.0873521542520224,0.04969222968,0.319009795077936
ALM,2018-2019,LM,0.0,0.352250030444192,0.0955369061825899,-0.243241701763094
HLC,2018-2019,LC,0.0,0.326064351043301,-0.20213703280783,-0.155234377654381
OHC,2019-2020,HC,1.0,0.205459556739362,-0.540887944229605,0.043493748098212
SHC,2020-2021,HC,1.0,0.363565109571284,-0.01445293256,-0.30439018171217
NHM,2019-2020,HM,0.0,0.0753353659007252,0.17257739035784,0.227948037916751
GLM,2019-2020,LM,0.0,0.201067570797901,-0.107375839891694,-0.145483340227237
MLC,2019-2020,LC,0.0,0.213888278933797,0.20448513233962,-0.042587134677969
DLM,2020-2021,LM,0.0,0.228285213542953,-0.124379357683152,-0.078197740971343
MHM,2019-2020,HM,0.0,0.228719576303287,-0.299543781866315,0.127063148451711
HLC,2018-2019,LC,0.0,0.0401799921178142,0.143455552723739,0.304807776874796
JLC,2019-2020,LC,0.0,-0.00426728094383289,0.25309816482723,0.373702931295262
MLM,2018-2019,LM,0.0,0.166339224316418,-0.012931064314596,0.116530402530267
D7,2018-2019,HC,1.0,0.207644522627115,0.253978232180212,-0.207962286853148
AHC,2019-2020,HC,1.0,0.219775918004922,-0.219644766004522,-0.232086677636687
GLC,2020-2021,LC,0.0,0.340849438669143,0.107340998715541,-0.197250201177527
ALC,2020-2021,LC,0.0,0.251799113161245,0.19066268045143,0.074900888235061
D1,2019-2020,HC,1.0,0.691857310518369,-0.20034152556822,-0.454804268412769
DHM,2020-2021,HM,0.0,0.254794624015109,0.196611730860354,-0.213397655134414
MHM,2017-2018,HM,0.0,-0.00133614097905244,-0.313639358840841,0.0918866360479224
GHM,2018-2019,HM,0.0,0.405131186379057,0.20442714964583,-0.115560408052067
JLM,2017-2018,LM,0.0,0.314371459163165,0.059043832754759,0.128211878064046
DHC,2019-2020,HC,1.0,0.289056507847526,-0.14641721339428,-0.087598807308806
NLM,2017-2018,LM,0.0,0.120430662177598,0.0358597769765601,0.109759426956631
OLC,2018-2019,LC,0.0,0.230158648242577,0.404937280131522,0.015235479371298
TLC,2018-2019,LC,0.0,0.29083088180955,-0.00175222173444989,0.187295569404101
OLC,2017-2018,LC,0.0,0.413966058042434,-0.22488586631271,-0.231533148506701
SHM,2017-2018,HM,0.0,0.237336883281309,-0.17527764240572,0.030381692277265
TLM,2020-2021,LM,0.0,-0.0158237756469257,-0.160639723402661,0.249246208371466
NHM,2020-2021,HM,0.0,0.407583827747733,0.119257121495863,-0.274608182330139
GLC,2017-2018,LC,0.0,0.109909558312683,-0.033884054487177,0.028386625563284
GLM,2018-2019,LM,0.0,0.0502120537031485,0.0311073834155,-0.07842633028684
NHM,2018-2019,HM,0.0,0.157608911409437,0.11642038994698,0.112887761825557
GHM,2018-2019,HM,0.0,0.113844889817384,0.168862651744178,0.070239106432
BHM,2019-2020,HM,0.0,0.211128581234028,-0.22352827438835,-0.077388033874674
MHM,2020-2021,HM,0.0,0.649641951373058,-0.14374200181675,-0.316052258420134
THC,2017-2018,HC,1.0,-0.000549856377268343,0.22461921635351,0.435967973191195
NHM,2019-2020,HM,0.0,0.0707212082914974,-0.212683582933751,0.153518436364051
DHC,2019-2020,HC,1.0,0.184496700416892,0.294852190789314,0.197984684639223
GLM,2018-2019,LM,0.0,0.279359202703904,0.194615325273917,-0.098153289054523
DLC,2019-2020,LC,0.0,0.250453072472894,0.598978559791815,0.23137986047145
NHC,2017-2018,HC,1.0,0.151156178052007,-0.0433642779877399,0.30732277428636
JHM,2019-2020,HM,0.0,0.109831949437079,0.11160256736637,0.170647726807557
OHC,2020-2021,HC,1.0,0.361724374429562,0.677384362465701,-0.367999859236335
FHM,2020-2021,HM,0.0,0.00908029898137297,0.0865768315734599,0.23910945074351
BHC,2019-2020,HC,1.0,0.356832293959958,0.168196370411389,-0.070078749953665
NLC,2018-2019,LC,0.0,0.0821512697476309,-0.070916649889434,0.174884909172654
FHM,2017-2018,HM,0.0,0.510141257000778,-0.370116613627185,-0.278832187223872
OHC,2018-2019,HC,1.0,0.323662214398501,0.50490897730456,0.137879998482639
AHM,2017-2018,HM,0.0,0.266466564165882,0.28183594245204,-0.025639883245786
D7,2020-2021,HC,1.0,0.197734578122986,-0.04176568743484,-0.055796010987206
OLC,2020-2021,LC,0.0,0.262804989781186,-0.179390791915011,-0.084532643705752
SHM,2017-2018,HM,0.0,0.282451789659836,-0.0328215574117301,-0.227528613137069
JLM,2017-2018,LM,0.0,0.149061617683311,-0.0758469896010001,-0.0837690051730799
GHM,2018-2019,HM,0.0,0.187068056386311,0.06901764942424,0.130247572048934
JHM,2020-2021,HM,0.0,0.122759485420858,-0.304158538890763,0.066827299633142
NLC,2017-2018,LC,0.0,0.317914103423331,-0.433780716281204,0.00145491315891799
ALM,2020-2021,LM,0.0,0.35088312476436,0.261567516278157,-0.202439143526033
D1,2020-2021,HC,1.0,0.476631124908819,-0.19408673705227,0.00137512128671402
MLM,2017-2018,LM,0.0,-0.00875145897697471,0.41309546543492,0.391082214625479
NLC,2020-2021,LC,0.0,0.135367340492716,-0.08524994846357,0.164193838077287
BHM,2018-2019,HM,0.0,0.419835087501435,0.23283955075835,-0.148380884601042
NHC,2019-2020,HC,1.0,0.103197404207225,-0.20955080352324,-0.0255647484372394
D4,2017-2018,HC,1.0,0.661395839469363,-0.14301522696486,-0.598676496810874
GHM,2019-2020,HM,0.0,-0.00940502484199124,0.0368621161142899,0.178130583035332
MLC,2017-2018,LC,0.0,0.399075552591856,-0.0387223434755901,-0.03019920755486
SLC,2018-2019,LC,0.0,0.337796874887025,-0.0492985747530701,-0.199939786445279
GLM,2019-2020,LM,0.0,-0.0238949252564657,0.0163348333786302,0.400294730553242
HHC,2019-2020,HC,1.0,0.145516850155457,-0.0390911612863698,0.119069057212685
AHC,2019-2020,HC,1.0,0.273708172831402,0.12335617714546,-0.150706870786369
JLM,2018-2019,LM,0.0,0.307437051613972,0.12004384141017,-0.190824446034195
D1,2020-2021,HC,1.0,0.208489546773746,0.0108938468228641,-0.136477194197651
D9,2018-2019,HC,1.0,0.249399610805684,0.155422656408127,0.108302347610254
FLM,2020-2021,LM,0.0,0.13381635608162,0.0364262331562569,0.103770592102733
D8,2017-2018,HC,1.0,0.187931609627241,-0.073071391564077,-0.000344353439605011
D8,2017-2018,HC,1.0,0.240741204667781,-0.13960625730172,0.047232558449577
HLC,2020-2021,LC,0.0,0.237999708177023,-0.325122290938174,-0.104422143746382
BLM,2020-2021,LM,0.0,0.301009825301092,-0.06590225713878,-0.191613176151649
HLC,2019-2020,LC,0.0,0.187776177143334,0.419718931339238,0.119521645349689
D8,2018-2019,HC,1.0,0.26517488141378,-0.263898918877502,0.103202886382697
BLM,2017-2018,LM,0.0,0.309258407340727,-0.0434771256928599,0.019612159817713
NLC,2020-2021,LC,0.0,0.17126050852363,0.141781814571576,0.04452109877164
D9,2019-2020,HC,1.0,0.0522902933644336,0.386667539886644,0.0580601335820694
THM,2017-2018,HM,0.0,-0.0119099609204127,0.0436517044218498,0.188154730316008
BLM,2019-2020,LM,0.0,0.446673100386404,-0.1500012552174,-0.319525784995001
D4,2019-2020,HC,1.0,0.211395810011803,-0.293080701285087,0.006923886387146
HHM,2019-2020,HM,0.0,0.122363254206719,-0.631025093424132,0.108688262709349
D5,2018-2019,HC,1.0,0.0887207295168029,0.0913805900353899,0.200544235277851
FLC,2017-2018,LC,0.0,0.328106868925733,-0.289650661046142,-0.182911942744493
OLM,2020-2021,LM,0.0,0.320349687606579,-0.238679399667378,-0.23142885439052
HHC,2018-2019,HC,1.0,0.276971093947188,0.34026499629925,0.203099269290069
TLC,2017-2018,LC,0.0,0.348296867924225,0.060117815859382,-0.050419322845222
FHM,2018-2019,HM,0.0,0.197396048122167,0.19720853413434,-0.148604367639319
SLC,2020-2021,LC,0.0,0.2458749677402,0.21115276587121,-0.108945226899296
OLM,2020-2021,LM,0.0,0.499335744688865,0.14596544201682,-0.318560088385861
D5,2020-2021,HC,1.0,0.0667797440222306,0.649215755142288,0.0567004691886084
B1,2020-2021,HC,1.0,0.121145617774929,0.246412473241203,0.483267793419455
DHM,2017-2018,HM,0.0,0.312105637278032,0.160382356040365,0.00540832847641104
NHM,2017-2018,HM,0.0,0.109150012407511,0.352210200764058,-0.117323194214649
D1,2020-2021,HC,1.0,0.2803034766531,-0.389324332930517,-0.103797186914529
SHC,2019-2020,HC,1.0,0.24277803445649,-0.00387011726509301,-0.128414675021478
D8,2017-2018,HC,1.0,0.240398949079614,0.0281514965882301,-0.150580485176967
MLC,2018-2019,LC,0.0,0.182301024101087,-0.0769055521193001,0.00339817309728299
SHM,2018-2019,HM,0.0,0.252740495632493,0.21227666457418,0.059098006516854
THM,2017-2018,HM,0.0,0.431786012828623,-0.493048537185078,-0.174908155751473
BHC,2019-2020,HC,1.0,0.360245251175045,-0.14679957360708,-0.210187132713803
SHM,2017-2018,HM,0.0,0.581965511117755,-0.034500675837524,-0.49983236884375
ALC,2018-2019,LC,0.0,0.3265218739511,-0.29682186958426,0.394723227762308
AHC,2020-2021,HC,1.0,0.156245299076962,-0.07135397312602,0.075714176517163
FHC,2019-2020,HC,1.0,0.441457818683966,-0.371707795994014,-0.278016813512079
NLC,2019-2020,LC,0.0,0.287963001614466,-0.284764824143486,-0.178621487050617
HHM,2020-2021,HM,0.0,0.209330719296933,0.00889400648005001,0.166454433968152
NHM,2018-2019,HM,0.0,0.177938487878061,0.13179096794079,0.064873895538972
D5,2019-2020,HC,1.0,0.168244098285223,0.315045847051656,-0.013066475121944
D5,2018-2019,HC,1.0,0.00752012096270094,-0.07665097169161,0.146484204451453
D9,2019-2020,HC,1.0,0.0687777658265064,0.429294435687019,0.44494865718623
D8,2018-2019,HC,1.0,0.132033500324246,0.364612561408175,0.115587900531478
B1,2019-2020,HC,1.0,0.0789448156216284,0.288575068802494,0.293282181482447
SHM,2017-2018,HM,0.0,0.204361584694378,0.33056403082328,0.253426035455712
GLM,2018-2019,LM,0.0,0.381783179116493,0.493308721026644,-0.244007175686629
GLC,2018-2019,LC,0.0,0.00701548521420547,0.140042709485588,0.320755369034409
THM,2019-2020,HM,0.0,0.357021920922918,0.22584110096838,0.173073381391372
D4,2017-2018,HC,1.0,0.0927804301846475,-0.154106298589449,0.0874790314072165
D8,2020-2021,HC,1.0,0.336020109750947,-0.39364681432471,-0.264470512300973
AHM,2020-2021,HM,0.0,0.251068501569776,-0.0322660265101851,-0.252782775591848
OLM,2020-2021,LM,0.0,0.197295335751144,0.00791040507152996,0.131799623012985
D2,2020-2021,HC,1.0,0.208914499300465,-0.03633405832768,-0.178054706414117
OHM,2018-2019,HM,0.0,0.168642184696968,0.0450944413866501,0.07892831921677
D9,2019-2020,HC,1.0,0.195318792436161,0.12493637519722,0.16022433610932
D1,2019-2020,HC,1.0,0.565032199415699,-0.000471249619339975,-0.138346623178797
OLC,2017-2018,LC,0.0,0.0868500576293207,-0.14950884198805,-0.0056377642710481
AHC,2020-2021,HC,1.0,0.35826915707951,0.141816629944634,-0.116966614203539
GHM,2017-2018,HM,0.0,0.172995508958541,-0.396438742147752,-0.166380920863475
NHM,2018-2019,HM,0.0,0.357599210228818,0.0380508020997901,-0.124438744736868
SHC,2017-2018,HC,1.0,0.225296753226286,0.347847319120988,0.196844172655793
BLM,2018-2019,LM,0.0,0.0994848535619768,0.0443656011501501,0.256183998001064
SHC,2017-2018,HC,1.0,0.259645115445184,-0.15225355322264,0.043652076337176
D8,2017-2018,HC,1.0,0.453376256092002,-0.001717060742643,-0.358258674819903
DHC,2020-2021,HC,1.0,0.303641983697428,0.11392318936657,0.075809572192209
GLC,2017-2018,LC,0.0,0.310002156106963,0.341719794873426,-0.034252164444654
OHC,2019-2020,HC,1.0,0.380919242373526,0.23135715203314,0.149457236103546
D5,2018-2019,HC,1.0,0.369282355496983,-0.28740245521225,-0.00775141572835703
THC,2018-2019,HC,1.0,0.415859735591589,-0.00648925671370004,-0.197274435191636
F1,2019-2020,HC,1.0,0.410935057155475,-0.03872593971301,-0.296693029640771
GLM,2017-2018,LM,0.0,0.156193958867598,-0.142204025424039,0.401027695274375
MHM,2019-2020,HM,0.0,0.204789537439916,-0.16482037240186,0.022483199209591
D4,2018-2019,HC,1.0,0.36169502791591,-0.000370866757740007,0.1083918697121
FLC,2019-2020,LC,0.0,0.110668947762836,0.120024103843904,-0.103712191594319
D8,2017-2018,HC,1.0,0.206416056121255,0.589019573708886,0.27880023828762
HHC,2020-2021,HC,1.0,0.273752647899743,0.1235957840502,0.198878871559537
SHC,2019-2020,HC,1.0,0.553702157763771,0.047328690330515,-0.425177449409731
DHC,2020-2021,HC,1.0,0.259017811788479,-0.298324088876337,-0.164723258985068
JHC,2020-2021,HC,1.0,0.0935155901764066,0.0265130255236798,0.193123395800005
D4,2017-2018,HC,1.0,0.226333882897629,-0.285281596235546,-0.174828419938249
GHM,2019-2020,HM,0.0,0.0577293768499687,0.42798454420832,-0.0332668898717139
B1,2017-2018,HC,1.0,0.106424504771231,0.155917618737287,0.065029357032182
OLM,2018-2019,LM,0.0,0.15027262105154,0.13153624083676,0.303995481717668
GLM,2017-2018,LM,0.0,0.427125472426788,0.0226035258017598,-0.112300988397843
D8,2017-2018,HC,1.0,-0.00602053032614247,0.0641963909364129,0.0259163448207274
NLM,2018-2019,LM,0.0,0.383947132739696,-0.01572286379028,-0.157952543853452
BLC,2019-2020,LC,0.0,0.0274341862101883,0.0045268962717,0.0110144556768026
THM,2019-2020,HM,0.0,0.430027577442331,0.0699454628356221,-0.096366552903336
MHC,2018-2019,HC,1.0,0.144678857673799,0.657267583564256,0.30432885007407
HHM,2017-2018,HM,0.0,0.574570375343827,-0.32697811785962,-0.02885898119579
DHC,2019-2020,HC,1.0,0.364990994776857,-0.023689059677398,-0.189575472774785
GLM,2017-2018,LM,0.0,0.170294054506476,0.233428152517896,0.18973521386895
D9,2017-2018,HC,1.0,0.336258848179271,-0.24916156206058,-0.088473683032434
D4,2018-2019,HC,1.0,0.270068741567986,-0.0216383702813701,0.339773963021782
GLC,2019-2020,LC,0.0,0.187722401881988,0.17688930672613,0.159531421374058
OLC,2019-2020,LC,0.0,0.12084644731943,-0.35358510889856,0.206153431706989
JLM,2020-2021,LM,0.0,0.22682421286105,0.162301122612481,-0.012152149323321
OLM,2019-2020,LM,0.0,0.130180485582664,-0.0919795056290161,0.063612616997978
THM,2018-2019,HM,0.0,0.532029425128835,0.05101155727114,-0.146787582879146
DLC,2020-2021,LC,0.0,0.0806113126089236,-0.436791476760649,0.0184342655786326
TLC,2018-2019,LC,0.0,0.314333587909603,-0.0683200826346801,-0.058134757085199
OLC,2020-2021,LC,0.0,0.230702957425865,0.030503488118086,-0.059096302744374
JLM,2019-2020,LM,0.0,0.176231360262611,0.0784950996970161,0.104267814872319
FHM,2019-2020,HM,0.0,0.336244640991046,-0.10231255406747,-0.347031232141124
B1,2017-2018,HC,1.0,0.165093200262704,0.0665635049200799,0.052474207593565
OLC,2017-2018,LC,0.0,0.317904073924104,-0.301495210520534,0.012706468030799
GLC,2019-2020,LC,0.0,0.241105637212703,0.26073400728323,0.239796108150021
BLC,2017-2018,LC,0.0,0.308436377282335,-0.0939517061698211,-0.181208117458383
B1,2020-2021,HC,1.0,0.265099752881468,0.385601371097787,0.151642873798648
GHC,2020-2021,HC,1.0,0.426110893411535,0.492705436235473,-0.311246188083481
HHM,2018-2019,HM,0.0,0.163009111030128,0.281765710242545,0.122622718077959
OLC,2018-2019,LC,0.0,0.0254337534219271,0.020523869200132,0.263679042501936
BHC,2017-2018,HC,1.0,0.337303712623957,0.10220624836695,0.075417479982854
DHC,2018-2019,HC,1.0,0.450656941827205,0.10950342961453,0.04895265341216
JHC,2018-2019,HC,1.0,0.197612496473181,0.237348979657055,0.141563697615297
SHC,2019-2020,HC,1.0,0.247218299618741,-0.120925098286117,-0.011471784759388
OLM,2018-2019,LM,0.0,0.349699881380547,0.159996955538232,-0.28702103834802
D1,2017-2018,HC,1.0,0.25780593013029,-0.03294264971173,0.011923392901503
MHM,2020-2021,HM,0.0,0.178387567026338,0.180766620169413,0.225613736243687
BHC,2019-2020,HC,1.0,0.33792220788332,-0.227340110595648,-0.209080936228501
MHC,2019-2020,HC,1.0,0.389458444873163,0.0457386363946399,0.067379420822635
SHM,2020-2021,HM,0.0,0.281130301554463,0.10943563285996,-0.207300650571988
GLM,2020-2021,LM,0.0,0.119866844890701,0.27866514628299,0.080715667806856
OLM,2019-2020,LM,0.0,0.462380452978746,0.1720783120692,-0.412044974158079
GHC,2019-2020,HC,1.0,0.201739798483667,-0.14222133257198,0.00733631180848601
OHC,2019-2020,HC,1.0,0.49368292255773,-0.12211855499218,-0.112534837577259
SHM,2017-2018,HM,0.0,0.13818528990681,-0.322197937013302,0.024876307057245
MHM,2019-2020,HM,0.0,0.604001974144465,-0.25202198508166,-0.169871447602549
SHM,2017-2018,HM,0.0,0.337657553339607,-0.12775646940761,-0.148548267310266
DLM,2018-2019,LM,0.0,0.0980691982847768,-0.124432410271541,0.249881888491574
GLC,2020-2021,LC,0.0,0.00141742001627376,0.00525061686966,0.246354196116132
SLC,2019-2020,LC,0.0,0.0521398092877901,0.016143985866357,0.208208279841603
D9,2020-2021,HC,1.0,0.12176184506181,0.185641693352047,0.143714561071303
MLC,2018-2019,LC,0.0,0.1926432319482,0.26187625877443,0.122154619452122
SLC,2019-2020,LC,0.0,0.462219801970574,-0.332813510368874,-0.310060623292501
D9,2020-2021,HC,1.0,0.493969227232075,-0.166322229775283,-0.449007824763866
SLM,2020-2021,LM,0.0,0.131936817782585,-0.087103334548849,0.081586424080149
AHC,2017-2018,HC,1.0,0.304629015062883,-0.325730424685564,0.210402401835831
GHC,2020-2021,HC,1.0,0.281659844984193,0.225086571615628,-0.027738298753121
OHM,2020-2021,HM,0.0,0.280593175799115,0.27159952229149,0.139726140941375
JLM,2019-2020,LM,0.0,0.357613944297757,0.36665957196009,-0.088542283238677
SLM,2019-2020,LM,0.0,0.478452040842086,-0.2081258335094,-0.063865621183198
HHM,2018-2019,HM,0.0,0.155262927320226,0.362801393511922,0.294825785925471
HHC,2019-2020,HC,1.0,0.301715976043096,-0.07708837641895,0.07637598423138
NHM,2017-2018,HM,0.0,0.00473564365123624,-0.07285284214266,0.199948347331936
NLM,2020-2021,LM,0.0,-0.0184661364138841,-0.344712943092727,0.361448032394615
TLM,2020-2021,LM,0.0,0.410699116187063,0.336910562889825,-0.10232067620199
JLM,2020-2021,LM,0.0,0.462014857976971,0.135424421917588,-0.438915247484463
SLC,2020-2021,LC,0.0,0.546956074593923,0.0699124562556921,-0.157038763554733
BHC,2018-2019,HC,1.0,0.151503226932829,0.073323970422267,0.137765239391104
OHM,2018-2019,HM,0.0,0.715283939364155,-0.38018688992095,-0.439996726524247
BLC,2017-2018,LC,0.0,0.269297588054061,0.18907704142125,0.081437800175734
ALC,2018-2019,LC,0.0,0.0645826842603998,-0.191078352775973,0.195318846797906
GLM,2018-2019,LM,0.0,0.0306111502912627,0.000729779433543021,-0.0236499910615175
D8,2020-2021,HC,1.0,0.0391547560001992,-0.200522771031347,-0.0342378551544377
OHM,2017-2018,HM,0.0,0.100471369403947,-0.70312322490369,-0.0118208936800262
JLC,2019-2020,LC,0.0,0.261808963166282,-0.215833059370617,0.016262963553926
SHC,2017-2018,HC,1.0,0.21106783668217,-0.08362934422311,0.097567552812807
MHC,2020-2021,HC,1.0,0.399462097237984,0.19602667251709,-0.273645073732137
D8,2020-2021,HC,1.0,0.264885742638504,0.107626135451697,-0.225894379091987
JLC,2018-2019,LC,0.0,0.212771461822389,0.25386453829115,0.09247608270209
FLM,2018-2019,LM,0.0,0.317768653032028,0.387357348264088,-0.175392396025477
D7,2020-2021,HC,1.0,0.288901633941824,-0.168437586963783,-0.217643375489436
NLC,2020-2021,LC,0.0,0.326807483050846,0.05322732432952,0.018784838304889
D1,2019-2020,HC,1.0,0.0483905273326648,-0.096656286979126,0.146478708782002
DLM,2020-2021,LM,0.0,0.164322351316635,-0.00359799753673506,-0.033229064450373
GLC,2018-2019,LC,0.0,0.260336387812509,0.13823407607986,-0.00204684916834003
OLC,2020-2021,LC,0.0,0.196957010294587,-0.248135935528294,0.11342003371642
D9,2019-2020,HC,1.0,0.438986342930905,0.0474480115325271,-0.131650363592859
FLC,2020-2021,LC,0.0,0.190560790790162,-0.254798632810645,-0.023621798857805
HHM,2019-2020,HM,0.0,0.168809932783173,-0.02876161099906,0.26731318860646
MLM,2017-2018,LM,0.0,0.213831053930777,-0.01967441272517,-0.039075681643119
D10,2019-2020,HC,1.0,0.466316741852498,-0.080542876872413,-0.377694148465618
GLM,2017-2018,LM,0.0,0.262858835210394,-0.0632791391523521,-0.164814151554414
MHM,2020-2021,HM,0.0,0.337613613573708,0.359945574846522,0.030724110444549
THC,2017-2018,HC,1.0,0.164973234281747,-0.381479803545203,0.167378720307079
D8,2020-2021,HC,1.0,0.206412640796542,6.15999619389962e-05,0.00010637850711398
THC,2017-2018,HC,1.0,0.519987238584863,-0.162312412189411,-0.498897848746121
F1,2020-2021,HC,1.0,0.352963461688054,-0.25837088771068,-0.233829044161557
DLM,2017-2018,LM,0.0,0.051210781942888,0.0676290067312719,0.48344691747218
MHC,2019-2020,HC,1.0,0.291019649847773,-0.307261452156386,0.098386639955259
GLC,2018-2019,LC,0.0,0.345629619722399,-0.516266242339787,-0.234311154259062
SHM,2019-2020,HM,0.0,0.523746564128476,-0.07889297381127,-0.247833512993494
FHC,2018-2019,HC,1.0,0.359206376245975,-0.074385545979102,0.062920273544352
D5,2019-2020,HC,1.0,0.321318673252088,0.271881192154991,-0.024623700235946
SHC,2019-2020,HC,1.0,0.239252697789861,0.275281754214128,0.078020333445124
D1,2017-2018,HC,1.0,0.380965632313037,0.23297399483786,-0.131857691565532
SHM,2018-2019,HM,0.0,0.185243785473545,0.130486603638188,0.192128993521452
OLM,2020-2021,LM,0.0,0.205093067155343,-0.132178083343353,-0.113400377224428
OLC,2018-2019,LC,0.0,0.227143963132378,0.0789511376327289,-0.005311350632454
OLM,2018-2019,LM,0.0,0.111036920481913,-0.13168238395564,-0.122973493428885
MHM,2019-2020,HM,0.0,-0.0179555186754961,-0.00336490424864699,0.390698632502186
DLC,2018-2019,LC,0.0,0.248022336781958,-0.138462470928119,-0.051836896678844
OHC,2019-2020,HC,1.0,0.281878004504291,-0.697173734240809,-0.145171953031969
ALC,2020-2021,LC,0.0,0.384275728568741,-0.22650310241313,-0.199065604795256
D8,2020-2021,HC,1.0,0.344592209541698,-0.525903159086951,-0.00175464555892102
NHC,2017-2018,HC,1.0,0.146844545721686,-0.312529743328936,-0.022551955941666
GHM,2017-2018,HM,0.0,0.189217787913224,-0.189336903082837,-0.062704878515642
SLC,2020-2021,LC,0.0,0.352766727963175,-0.418515406960146,0.167639009748169
MLC,2020-2021,LC,0.0,0.442906884195463,-0.536361728249169,-0.0569863060422
TLM,2018-2019,LM,0.0,0.526348798804663,0.17533721359321,-0.332512485401079
DLM,2017-2018,LM,0.0,0.233702852492117,0.164809054818456,-0.052091725263457
FHM,2018-2019,HM,0.0,0.122319047613687,-0.0167625933318001,0.129012956352568
JLC,2020-2021,LC,0.0,0.149390586626877,-0.1911839665172,0.083411440931016
SLM,2017-2018,LM,0.0,0.345417355694369,0.103975465716423,-0.154124489913946
FHC,2020-2021,HC,1.0,0.00810662840288745,-0.06202901144111,0.0220587174006696
GHM,2017-2018,HM,0.0,0.288560714735668,-0.21446561172742,-0.313728614654471
AHC,2018-2019,HC,1.0,0.508336656170559,0.096102136530425,-0.301941688662685
MHC,2017-2018,HC,1.0,0.234430388402656,-0.33290790979316,0.009078660630228
OLC,2020-2021,LC,0.0,0.449155790858769,0.023080789726859,-0.312756955738177
SHM,2018-2019,HM,0.0,0.393058417616124,0.022364216540865,-0.216167623074964
THM,2020-2021,HM,0.0,-0.0133833841445168,0.184211065509837,0.181289261822357
BHC,2018-2019,HC,1.0,0.212270493419624,0.250138084702939,0.145506420140019
GHC,2020-2021,HC,1.0,0.290635399838946,0.2412860957237,-0.059702659506084
AHM,2020-2021,HM,0.0,0.424955237588132,0.16668836720189,-0.243301614383578
D8,2018-2019,HC,1.0,0.103775396027111,0.227131488390269,0.350501996048004
FHC,2019-2020,HC,1.0,0.391929371088491,0.0543462427299402,-0.098810270216713
GLC,2017-2018,LC,0.0,0.0550252682938599,-0.367039365546821,-0.060035761526956
MLC,2019-2020,LC,0.0,0.19951889832714,0.0361454525342702,0.11465858495564
FLC,2020-2021,LC,0.0,0.201148710610893,-0.0274860291500729,0.045402370745192
DLM,2018-2019,LM,0.0,0.128527990334551,0.207745494141653,0.386043100076403
THC,2019-2020,HC,1.0,0.339759745032147,-0.01343792428362,0.149826690253353
TLC,2018-2019,LC,0.0,0.513993012127352,-0.27417660323801,-0.490430789874142
MLM,2018-2019,LM,0.0,0.155475369576336,0.399923720107945,-0.00417039852385201
BLC,2019-2020,LC,0.0,0.124243232135054,-0.145474198174142,0.019309826323124
OLM,2017-2018,LM,0.0,0.103421330485415,0.34221023900409,0.291472493843971
FLC,2020-2021,LC,0.0,0.214358733703083,0.185157584153664,0.142487619751745
MLM,2020-2021,LM,0.0,0.162135663627174,-0.0756532334147829,0.283691481469422
GLM,2020-2021,LM,0.0,0.100565856448564,0.102324457991453,0.076432227515637
OHC,2017-2018,HC,1.0,-0.00130338543949526,-0.13297616273149,0.149943100201116
D9,2018-2019,HC,1.0,0.221808110717956,-0.47397728098023,-0.023950370324166
NHC,2019-2020,HC,1.0,0.291702088735289,-0.00554500786663992,-0.00509758317527803
SLC,2020-2021,LC,0.0,0.269905188478439,-0.01809213523898,-0.078561817124142
FHM,2018-2019,HM,0.0,0.18278138830228,0.217973545887876,0.272187134911421
DHC,2020-2021,HC,1.0,0.238369399479708,0.038689367977025,-0.230433920434533
MLC,2018-2019,LC,0.0,0.378439280128931,-0.11366564836008,-0.404245356030438
BHM,2019-2020,HM,0.0,0.216160373350336,0.0742752066208601,-0.13452776900787
FHM,2019-2020,HM,0.0,0.325582454851405,-0.08876098053954,-0.020847658123182
SHC,2018-2019,HC,1.0,0.221011151572024,-0.16373167165178,0.4492858102209
MLM,2019-2020,LM,0.0,-0.0248231422703542,-0.00519915566731299,0.304787558301378
FLC,2017-2018,LC,0.0,0.201333435549591,-0.233050122519242,0.00367616220386102
GLC,2020-2021,LC,0.0,0.0404127744192428,-0.03180059409316,0.201845979535375
NHM,2020-2021,HM,0.0,0.447913975827926,0.05406661726988,-0.29623054976506
OHC,2017-2018,HC,1.0,0.339304211315062,0.140774894608338,-0.245129931993118
NHM,2020-2021,HM,0.0,0.192196432880454,0.077831762145196,-0.163348336007783
BHC,2019-2020,HC,1.0,0.331049608706852,0.03920731784485,-0.251729020628595
HHC,2020-2021,HC,1.0,0.362110521065311,-0.0622198074609801,-0.21915221497454
BHM,2020-2021,HM,0.0,0.134945074801257,-0.359992902747145,0.214554596217674
FHM,2020-2021,HM,0.0,0.17030331794425,0.275918203417103,-0.061932117583988
MHC,2018-2019,HC,1.0,0.373479962413998,0.15242832961416,0.022034876449841
DHC,2017-2018,HC,1.0,0.22840507806762,-0.329260788260561,0.00280348176550799
B1,2020-2021,HC,1.0,0.282972329205955,-0.20184662961851,-0.290196154742471
SHM,2019-2020,HM,0.0,0.283985318056837,-0.01695054296179,-0.214337759985128
D8,2018-2019,HC,1.0,0.147957369860633,-0.231785692842371,0.132826705766612
HHM,2018-2019,HM,0.0,-0.0147399552389262,0.00843120528052399,0.129580886224474
HHM,2019-2020,HM,0.0,0.273249511314478,-0.546160729161715,0.039784629719041
D9,2020-2021,HC,1.0,0.285356469573576,-0.285076686154517,0.013441547682651
FLM,2018-2019,LM,0.0,0.138069479853333,-0.0146017376701602,0.071818812289189
OLM,2019-2020,LM,0.0,0.170726168558046,-0.00165144143372986,0.027165364700918
DLM,2018-2019,LM,0.0,0.201212979241681,0.150102936167522,0.184717973036856
SHM,2018-2019,HM,0.0,0.495899798134934,0.282864453623308,-0.111565575508041
THM,2020-2021,HM,0.0,0.331695634101399,0.130019617337883,-0.045753859660277
OLM,2018-2019,LM,0.0,0.278214145541646,-0.16305439899551,-0.165964825369608
GHC,2018-2019,HC,1.0,0.397503242304316,-0.462594321716631,-0.165779125185842
SLM,2019-2020,LM,0.0,0.246541356506033,-0.239607139939019,-0.041963707774807
MLC,2019-2020,LC,0.0,0.372346809359195,-0.14185461927014,-0.143344589987528
GHC,2017-2018,HC,1.0,0.255096420523289,-0.45770737195338,0.132869669924243
MHC,2019-2020,HC,1.0,0.402500901677341,-0.168517977140013,-0.290975840149826
DHC,2019-2020,HC,1.0,0.273926309300977,-0.231823063099963,-0.211409071186827
MLC,2020-2021,LC,0.0,0.136124437761245,0.112155102351522,-0.102997607160676
GHM,2018-2019,HM,0.0,0.0883745161366382,0.05368751669995,0.0160488481574058
ALC,2020-2021,LC,0.0,0.339472981896547,0.0371876240595401,-0.197180094657334
GHM,2020-2021,HM,0.0,0.113044965806052,-0.10115788361013,0.06078394693945
ALM,2017-2018,LM,0.0,0.142395139585955,-0.481450790419895,0.335385773489746
AHM,2017-2018,HM,0.0,0.150301763481321,-0.199941038805303,0.014265928307756
NHM,2017-2018,HM,0.0,0.264671387210032,-0.209802736236652,0.029401387101193
TLC,2019-2020,LC,0.0,0.32077347284877,-0.210552669829471,-0.122541756356804
MHM,2020-2021,HM,0.0,0.194330039001344,-0.10826334360185,-0.054450458163111
THC,2020-2021,HC,1.0,0.341082774636742,-0.39073937830831,-0.350215773636993
AHC,2019-2020,HC,1.0,0.23377980411733,-0.092455739477389,-0.193088059352144
JHC,2017-2018,HC,1.0,-1.41289735287042e-05,-0.02027089534491,0.397264967770185
SLM,2017-2018,LM,0.0,0.332008093038462,0.0944769449093331,0.058036392267096
MLC,2017-2018,LC,0.0,0.469559187445431,-0.181658193678995,-0.244999705527772
JLM,2019-2020,LM,0.0,0.321927256314428,-0.0428574936210502,0.065008853223683
BHC,2019-2020,HC,1.0,0.531698746979738,-0.1523264566271,-0.252253821774573
FLM,2017-2018,LM,0.0,0.128683589759645,-0.268963396428763,0.254787250889911
HHM,2019-2020,HM,0.0,0.414082278762002,0.0892345536666099,-0.066507378315211
TLM,2017-2018,LM,0.0,0.448559017038759,-0.19503901143621,-0.245005676050749
DLM,2020-2021,LM,0.0,0.242228579814615,-0.0206253775979899,-0.182720328886408
GHC,2017-2018,HC,1.0,0.480670059343561,-0.0772081215814402,-0.126099660999545
JLM,2020-2021,LM,0.0,0.162108616790079,0.180333094527364,0.079324023020356
OHC,2018-2019,HC,1.0,0.29972155538284,0.211138450135409,0.335558355867956
MLC,2017-2018,LC,0.0,0.206506268849645,0.242933624970781,0.087544381996923
DHC,2018-2019,HC,1.0,0.369013147923731,-0.141573333773453,-0.042201692701597
OHC,2017-2018,HC,1.0,0.223003693105377,-0.21395004028291,0.164197386704955
JLC,2020-2021,LC,0.0,0.320669305748247,-0.350073224569071,-0.037046944106861
MHC,2018-2019,HC,1.0,0.111525094780752,-0.00173697425810992,0.258048116966302
AHC,2018-2019,HC,1.0,0.100415884641642,0.622893344328032,0.519982299470759
OLC,2017-2018,LC,0.0,0.14660026205342,-0.023870960447255,0.032727517706479
MLM,2018-2019,LM,0.0,0.386030694824364,-0.309159395979553,-0.189117319626439
BHM,2020-2021,HM,0.0,-0.0335240915261339,0.21754518788781,0.381106382200701
JLC,2020-2021,LC,0.0,0.0568486783529161,0.0905371902994341,0.204253915029746
MLM,2017-2018,LM,0.0,0.412329731977054,-0.22362350830841,-0.08326351509497
ALC,2017-2018,LC,0.0,0.369024701323666,0.36505819973087,0.034499869220276
D8,2018-2019,HC,1.0,0.298851833223619,-0.392046074464742,0.038524300456826
TLC,2019-2020,LC,0.0,0.449226175825424,0.17456281051725,-0.065085240858475
NHC,2018-2019,HC,1.0,0.410608161120593,-0.350995365551158,-0.110475226275677
NHC,2020-2021,HC,1.0,0.304185348771776,-0.0183600356757689,-0.10244575731974
FHC,2020-2021,HC,1.0,0.153593671057496,-0.10911816145609,0.08439991029052
SLM,2020-2021,LM,0.0,0.0188786801926748,0.09523080642672,0.0017505984833111
JLM,2018-2019,LM,0.0,0.0474713589465738,0.414748499385961,0.501706672192778
HHM,2019-2020,HM,0.0,0.180312938921331,-0.223177832293957,0.058898305777312
JLC,2020-2021,LC,0.0,0.291240723250495,0.504497586515118,-0.189316967528465
OHC,2017-2018,HC,1.0,0.235422846921513,0.185182065129207,-0.07619679743839
OLM,2020-2021,LM,0.0,0.351581500319986,0.40214679153646,-0.121588124722942
NHC,2017-2018,HC,1.0,0.348279554945724,-0.266499555850648,-0.30618339356614
FLM,2017-2018,LM,0.0,0.171812705730489,-0.233517797566062,0.029195136305972
FLC,2018-2019,LC,0.0,0.169704161165244,0.1743565139924,0.075483293792743
DLC,2019-2020,LC,0.0,0.242915741289362,0.1213295436408,0.302115049903697
OLM,2017-2018,LM,0.0,0.180259227590216,0.06161266234689,0.209061343185099
GHM,2017-2018,HM,0.0,0.290538097561577,-0.13666644070162,-0.08134730666877
D4,2019-2020,HC,1.0,0.313916572680842,0.044455397245726,-0.193360159395135
JHC,2018-2019,HC,1.0,0.418418849416649,-0.0108968852758,-0.342023608645295
NHM,2019-2020,HM,0.0,0.216466703156647,-0.136925241601186,-0.174536087207005
ALC,2020-2021,LC,0.0,0.188077844733858,-0.141933333794586,-0.080883358204733
JLC,2019-2020,LC,0.0,0.264875297577477,-0.310879501700521,-0.156967846091232
HHM,2017-2018,HM,0.0,0.366309241984154,-0.342750500408428,-0.120199752532971
HHM,2017-2018,HM,0.0,0.255430371179818,-0.313749747065618,-0.088186837929293
DHC,2020-2021,HC,1.0,0.0720609879283252,-0.649227680582758,0.0710651459385268
GHM,2018-2019,HM,0.0,0.00368536344387094,0.00923675564452309,-0.00844842766682197
D8,2020-2021,HC,1.0,0.0562719031642698,0.26465993644851,0.155828677506385
SLC,2017-2018,LC,0.0,0.165308484619213,-0.158282359382788,-0.157194013943011
FLC,2019-2020,LC,0.0,0.209491194122451,-0.116251547418076,0.092576293291625
DHC,2020-2021,HC,1.0,0.0405441791375094,0.0024543170518101,0.0270375292527461
GHM,2017-2018,HM,0.0,0.082850150509828,0.194172023182575,-0.0773082642894136
DLM,2019-2020,LM,0.0,0.100782125576148,0.201997980641126,0.113622101257939
FHC,2017-2018,HC,1.0,0.296629862347902,-0.49887919867344,-0.088009135345076
JLC,2018-2019,LC,0.0,0.388172185192584,0.02865592421989,-0.030487728627921
D4,2018-2019,HC,1.0,0.188008611031408,0.29644413226267,0.441687630186251
OHM,2017-2018,HM,0.0,0.408766610476601,-0.13836708298748,-0.066720307790472
NHM,2020-2021,HM,0.0,0.232183232352725,-0.189207332672284,-0.027076489670201
F1,2020-2021,HC,1.0,0.296624471574202,-0.014158885981173,-0.074558246323623
NHM,2017-2018,HM,0.0,0.246581464091792,-0.201275488978237,-0.148636106910517
NHM,2017-2018,HM,0.0,0.115623797012543,-0.12724804396194,0.153100628177596
NHM,2018-2019,HM,0.0,0.118509448602187,0.13185048231947,0.000278960262031003
MLC,2018-2019,LC,0.0,0.256136288662362,0.291011465116351,-0.088530229613705
OHM,2018-2019,HM,0.0,0.169738405605897,0.23454223873602,0.135130738841003
GLM,2017-2018,LM,0.0,-0.00649868383380525,0.00685823049993983,0.379938071778937
D4,2018-2019,HC,1.0,0.184381874685714,0.1258288094391,0.387214415308738
GLC,2020-2021,LC,0.0,0.295529897123023,-0.12231973107468,-0.296320712042185
D8,2020-2021,HC,1.0,0.369976087600629,0.0631532335786159,-0.16641795158049
SLC,2020-2021,LC,0.0,0.323341062304465,0.0373611477042199,-0.175968075316132
GHM,2017-2018,HM,0.0,0.2335081313076,-0.296237128394581,0.097180042295203
HLC,2020-2021,LC,0.0,0.0190309784810574,-0.142736294667706,0.238413422608374
ALM,2020-2021,LM,0.0,0.350460166810175,0.130390949354563,-0.12543688470147
GLC,2017-2018,LC,0.0,0.315404979910443,-0.0991288642149871,-0.168898399941206
FHM,2017-2018,HM,0.0,0.353748612629634,-0.117518410316141,-0.038746489929123
NLC,2019-2020,LC,0.0,0.258233343975057,-0.273179803822065,-0.102244367491214
GLC,2019-2020,LC,0.0,0.184252679076373,-0.24634048381801,0.126807319291611
HHM,2017-2018,HM,0.0,0.22076145114367,0.212380847442905,0.297632740271638
D9,2019-2020,HC,1.0,0.25504730300021,-0.00716017401726998,-0.058561790754176
JLM,2020-2021,LM,0.0,0.272276362737862,0.296929272657528,-0.2228122720096
MLM,2017-2018,LM,0.0,0.347924576560532,0.0679526349470301,-0.224095240735256
JLM,2019-2020,LM,0.0,0.124311573676395,0.1387141252546,0.179463687883251
GLC,2018-2019,LC,0.0,0.290483646372116,0.214071811097062,-0.062634869583834
OHC,2020-2021,HC,1.0,0.331438451988148,-0.295113134642509,-0.14288373264048
FLC,2018-2019,LC,0.0,0.288757575441618,-0.350953788056668,0.068029348990131
THC,2019-2020,HC,1.0,0.386048823543545,0.0957633507807201,-0.278139969214754
SHC,2020-2021,HC,1.0,0.228432549659351,0.02854834903924,-0.20578959220088
MHM,2017-2018,HM,0.0,0.231141044815641,0.268911673086444,0.012414227271459
TLM,2018-2019,LM,0.0,0.180795741580281,0.12576956441978,0.035147185490466
D10,2019-2020,HC,1.0,0.186169976528228,0.247929073148879,0.06917924669134
DLC,2020-2021,LC,0.0,0.0959801817177854,-0.112332614035038,0.271112932268459
JLM,2019-2020,LM,0.0,0.0882635125734608,-0.239105409529402,0.340573062131309
HHC,2018-2019,HC,1.0,0.299894707903403,0.03888613486537,0.022455628496505
OHM,2017-2018,HM,0.0,0.120401184202759,-0.596089863712077,0.226522055960049
NHM,2017-2018,HM,0.0,0.327283854767306,-0.00643615076360893,-0.173792646789797
GLM,2017-2018,LM,0.0,0.425904706810861,0.013539866073263,-0.33504336346347
SLC,2020-2021,LC,0.0,0.242626111992278,-0.05277503853405,0.178066120466953
SLC,2017-2018,LC,0.0,0.159685197038324,-0.2395083012699,-0.036047261388975
D1,2019-2020,HC,1.0,0.400848300297797,0.19643449484533,-0.128235361893628
NHM,2020-2021,HM,0.0,0.310656158662629,-0.00606992002201601,-0.208036148082737
D4,2018-2019,HC,1.0,0.150743512673027,0.183735302052702,0.266296841457182
GLC,2018-2019,LC,0.0,0.150835173572494,0.221147567388269,0.154142301798059
HHM,2019-2020,HM,0.0,0.0890125364542516,0.10363967583894,-0.0044650053630413
NLM,2018-2019,LM,0.0,0.292277508920323,0.33541556145543,-0.071533984122247
MLM,2020-2021,LM,0.0,0.247192147733235,0.09944440493513,-0.00872036623240499
GLM,2017-2018,LM,0.0,0.389359451258549,0.131817614079301,-0.115408955293922
BHC,2018-2019,HC,1.0,0.363470683803497,0.346145138176095,-0.151215105651653
FHM,2018-2019,HM,0.0,0.0489995921521365,0.285975093120912,0.299077494470453
JHC,2020-2021,HC,1.0,0.257721091949381,0.10836939637308,0.064724825398109
OLC,2017-2018,LC,0.0,0.0573620686903817,-0.244138149254391,0.0422565371396777
GHM,2019-2020,HM,0.0,0.30470197670819,0.211852919717726,0.101208635417289
D7,2019-2020,HC,1.0,0.296647756211531,-0.12400455161609,-0.124398645655767
D7,2019-2020,HC,1.0,0.232890585429588,0.125064194325918,0.023543644396542
D8,2019-2020,HC,1.0,0.426932343684321,-0.178894956107455,-0.224486790411036
OLM,2018-2019,LM,0.0,0.344735084046251,0.073691552244003,-0.276698879328608
MHC,2020-2021,HC,1.0,0.144711618824426,-0.09819617997662,0.061182063023557
DHM,2020-2021,HM,0.0,0.0590588558931688,-0.3110411827771,0.175067936914938
JLC,2017-2018,LC,0.0,0.179481768833495,-0.189870094784858,0.055491276540986
BLM,2020-2021,LM,0.0,0.180897257633257,-0.26314769794784,0.130408487195269
OHC,2018-2019,HC,1.0,0.333604274987489,0.0918620191566899,0.342101907237156
TLC,2017-2018,LC,0.0,0.561886637911085,-0.06998822383729,-0.400232280958803
NHC,2019-2020,HC,1.0,0.241552099139922,-0.185765743708732,-0.122820532367053
D8,2019-2020,HC,1.0,0.162571082154584,-0.212289152590199,-0.009935247531866
D8,2017-2018,HC,1.0,0.164575786933944,-0.127001299606516,0.066850782642536
SHC,2020-2021,HC,1.0,0.208657301002206,0.29684667118302,0.125605110998276
D8,2018-2019,HC,1.0,0.135944191879813,0.209256861362451,0.180377637096193
OLC,2018-2019,LC,0.0,0.104767078610057,-0.234869514950768,-0.116319600449369
JHM,2020-2021,HM,0.0,0.231307717874065,-0.223306174329992,-0.090049944481626
DLC,2017-2018,LC,0.0,0.40699220838971,-0.38201977443433,-0.113799343258177
MLM,2020-2021,LM,0.0,0.109695087361459,-0.449614982211128,0.10882200163532
BLM,2018-2019,LM,0.0,0.119779436857534,-0.0700538271564499,-0.123668548922601
OLM,2019-2020,LM,0.0,0.286569508306406,0.13128608345816,0.040087702540352
F1,2018-2019,HC,1.0,0.0862079023560196,-0.321921155267978,0.468103019821769
SHM,2017-2018,HM,0.0,0.204748895050014,-0.0136841196844402,-0.020152981184911
BLC,2018-2019,LC,0.0,0.0720769788597377,0.361969932908314,0.0648381803989693
OLM,2019-2020,LM,0.0,0.534379215073462,-0.294358669709146,-0.192027812688119
HHM,2020-2021,HM,0.0,0.169718990121374,-0.11770518066435,-0.179388930849247
D4,2019-2020,HC,1.0,0.464189400004535,-0.334108216977665,-0.396383509438349
FHC,2017-2018,HC,1.0,0.20158842113413,-0.0945837127698799,0.034217938602301
NLC,2019-2020,LC,0.0,0.156304920961138,-0.22412501793311,-0.047264896580134
HLC,2017-2018,LC,0.0,-0.00458235933624129,-0.343103347247074,0.15009621116916
MHM,2018-2019,HM,0.0,0.326148906966159,0.02705004502493,-0.123298084822138
NLM,2018-2019,LM,0.0,0.187441575143089,0.392648246879873,0.293901313745451
GHC,2017-2018,HC,1.0,0.344424844153118,0.00725667415745002,0.228383359538051
D5,2018-2019,HC,1.0,0.592285043432953,-0.184054526793453,-0.337523156488522
THC,2020-2021,HC,1.0,0.14606195774658,0.0728616901675501,0.00161987375352099
MHC,2019-2020,HC,1.0,0.318125254589361,-0.04395443168837,-0.078651844646922
FLM,2019-2020,LM,0.0,-0.00701591163532655,0.0717454001603549,0.278835894248216
MHM,2018-2019,HM,0.0,0.261262444323895,0.283289741797482,-0.223678696166147
SLM,2019-2020,LM,0.0,0.260496157691487,0.00116965806642999,0.040534962325194
ALC,2020-2021,LC,0.0,0.359710276058476,0.181649770090723,-0.27426880900439
D4,2017-2018,HC,1.0,0.371011806940733,-0.43529896562454,0.053197139757868
GHM,2020-2021,HM,0.0,0.457905372229274,-0.26283028492167,-0.284915817285564
ALC,2019-2020,LC,0.0,0.492801706955707,-0.11133639711317,-0.421299414577434
GLC,2020-2021,LC,0.0,0.387633324594987,-0.01449835487071,-0.218968188073782
FHC,2017-2018,HC,1.0,0.0345769161214613,-0.160738593840499,0.0057810481526213
JHM,2017-2018,HM,0.0,0.320517230626925,-0.07008915263555,0.193847172024404
B1,2019-2020,HC,1.0,0.334664966866488,0.0708080464557901,-0.00419914563901602
FHM,2017-2018,HM,0.0,0.063603696283403,-0.104813081890829,0.18251802517959
HLM,2017-2018,LM,0.0,0.282944699628068,-0.022725166806017,-0.202409541826667
ALC,2018-2019,LC,0.0,0.22061495216968,-0.0611314900923599,0.113506745790581
HHC,2018-2019,HC,1.0,0.338948040079088,-0.0458164487124801,0.167698755164292
AHC,2017-2018,HC,1.0,0.0870822949182015,0.09645245696359,0.0366971333810385
DLM,2017-2018,LM,0.0,0.282468208690533,-0.185149795223819,-0.00680962589998702
MLC,2020-2021,LC,0.0,0.14510490305875,-0.01097119038196,-0.151557754076194
D8,2018-2019,HC,1.0,0.150960650558884,-0.140540311942393,0.226344365176827
OLM,2018-2019,LM,0.0,0.06960392432017,-0.20021554385692,0.122906061847911
THC,2019-2020,HC,1.0,0.598016890391601,0.250779036812277,-0.499625804899364
OLC,2020-2021,LC,0.0,0.156652998352265,-0.200327280358263,0.051071631019698
OLC,2019-2020,LC,0.0,0.168475153895351,-0.100867571306067,-0.022981657936935
GLM,2020-2021,LM,0.0,0.331885993478913,-0.318929367735589,-0.038767331603198
TLC,2018-2019,LC,0.0,0.128951183095808,0.223007406674679,-0.028496283970937
FHC,2020-2021,HC,1.0,0.188696115623619,-0.0204785858016998,0.114140791158722
D9,2018-2019,HC,1.0,0.36174043067822,0.151346628581651,-0.276818191635256
HLC,2020-2021,LC,0.0,0.161222802359523,-0.48871184434598,0.018007124598889
SHC,2019-2020,HC,1.0,0.316853394271059,0.20437137031689,-0.004545483040308
SHC,2019-2020,HC,1.0,0.164846775444505,0.132436407226508,0.085467606801182
D10,2019-2020,HC,1.0,0.477439594249641,0.30101988683569,-0.145426820042041
MHM,2017-2018,HM,0.0,0.259642138004687,0.0890310671535499,-0.145010762560569
FHM,2018-2019,HM,0.0,0.415568486896348,0.11502231679606,-0.198057925791751
OLC,2017-2018,LC,0.0,0.313101503447274,-0.236014593092713,0.046114929331279
NHM,2018-2019,HM,0.0,0.468767378589679,0.14324306593246,-0.167715795158571
OHC,2019-2020,HC,1.0,0.279922188619131,-0.0388544753498201,-0.21264841985142
TLM,2017-2018,LM,0.0,0.20240812701895,-0.015105189180729,-0.079484813103597
D5,2020-2021,HC,1.0,0.188414986311087,-0.055027253584425,-0.133823589485571
MHM,2017-2018,HM,0.0,0.182306809045821,0.03669926069504,0.021490273086276
SHC,2019-2020,HC,1.0,0.0947850618837631,-0.319431742099962,0.0945404077177689
SHC,2018-2019,HC,1.0,0.248567273107712,0.14115500288706,0.19096995990774
D7,2018-2019,HC,1.0,0.19886738499154,0.00122672951674008,0.28168418723317
B1,2019-2020,HC,1.0,0.11590669586004,0.316199997132057,0.316873147015881
FLC,2020-2021,LC,0.0,0.143241202204692,-0.164541213730781,0.199764055009722
GHM,2020-2021,HM,0.0,0.385764488866963,0.0231585740179601,-0.038414796998389
TLC,2020-2021,LC,0.0,0.494607902217026,-0.24297338942103,-0.374351710637961
ALC,2020-2021,LC,0.0,0.112604587550508,0.00889852475494002,-0.0315251689806587
HLM,2020-2021,LM,0.0,0.0919069729717823,-0.04223438464491,0.0111245819032387
DHC,2017-2018,HC,1.0,0.191102345012876,0.0435029601872501,0.00585134966448198
NHM,2018-2019,HM,0.0,0.138202293084108,0.16942063212563,0.02804649554175
FHM,2020-2021,HM,0.0,0.135398316353696,0.486368735529981,0.264267920838422
JHM,2019-2020,HM,0.0,0.414831057062628,-0.08745770783062,0.029061083097578
NHM,2020-2021,HM,0.0,0.335434365837304,-0.353231200147021,-0.246548900667404
BLM,2018-2019,LM,0.0,0.296549874064776,-0.14299025986421,0.219183214006139
DLM,2017-2018,LM,0.0,0.257958506128884,0.323570961463736,-0.18829069076799
BHM,2018-2019,HM,0.0,0.158370780467689,-0.363970712838912,-0.0664568558983919
HLM,2019-2020,LM,0.0,0.181989517399143,0.14097343606768,0.196880267690602
SHM,2017-2018,HM,0.0,0.230276762413533,0.177249701938988,-0.033691103280271
BHM,2019-2020,HM,0.0,0.211129590347238,0.003560753535373,-0.022845246577527
D9,2019-2020,HC,1.0,0.444971283213882,-0.341386761177439,-0.345402673656822
D8,2019-2020,HC,1.0,0.482877565547594,-0.13557886801207,-0.24813626349315
DLC,2017-2018,LC,0.0,0.220282729141035,-0.0840440217032798,0.089363293828652
BHC,2020-2021,HC,1.0,0.0695281824354037,0.10572524523553,0.0762335219001793
SHM,2020-2021,HM,0.0,0.302045172548568,-0.0799557805299679,-0.244365832657838
BLM,2020-2021,LM,0.0,0.263183025641719,-0.0347093281920301,-0.107351822471854
NLC,2020-2021,LC,0.0,0.136959283021441,0.276121423397299,-0.0627348643881338
F1,2017-2018,HC,1.0,0.165547210642531,-0.26111874353278,0.186258086953978
SHC,2017-2018,HC,1.0,0.626368525498402,-0.19019594899217,-0.367746353399531
HLC,2017-2018,LC,0.0,-0.0166151859117949,0.06317984433006,0.235764545633003
OLM,2020-2021,LM,0.0,0.47633724334404,0.10759769220212,-0.174140933126818
GLM,2017-2018,LM,0.0,0.257249206824594,-0.093512939293337,-0.042397793791766
FHC,2020-2021,HC,1.0,0.431151494240136,-0.0167994510334999,-0.347036006140884
HLC,2017-2018,LC,0.0,0.223840291436886,-0.128627845409988,-0.066849669356112
MLM,2017-2018,LM,0.0,0.05309503664119,-0.60550680972688,0.385434970045479
OLM,2019-2020,LM,0.0,0.239868554214746,0.484299698974525,-0.017277613162236
GLM,2018-2019,LM,0.0,0.247472713437059,-0.00568271964125011,0.091969171194931
NHM,2019-2020,HM,0.0,0.097554337438172,-0.159700820632516,-0.0021064741495273
NHC,2019-2020,HC,1.0,0.179527138741412,-0.134186608512121,0.025895021212523
MHM,2020-2021,HM,0.0,0.189865021939605,-0.22647605045934,0.081223005031223
D9,2020-2021,HC,1.0,0.221657942530725,-0.19651460116414,-0.039657399916964
OHC,2020-2021,HC,1.0,0.434011144493157,-0.305151623165988,-0.351977885814179
ALM,2018-2019,LM,0.0,0.0730419387889258,0.110149222706365,0.105216377911053
B1,2017-2018,HC,1.0,0.344030426513007,-0.25156326157233,0.028975592501107
MLM,2018-2019,LM,0.0,0.214405820148846,0.042414266255801,0.000175283769269008
SLM,2017-2018,LM,0.0,0.372963904227716,-0.415580982004215,-0.248685882936586
SLC,2020-2021,LC,0.0,0.445083995158527,-0.329796742547518,-0.214424488434176
MHM,2020-2021,HM,0.0,0.447875683508053,0.411897417284043,-0.241168742635882
DLM,2018-2019,LM,0.0,0.269876974776338,0.01018909995116,-0.031828279630554
NHM,2020-2021,HM,0.0,0.255001167307856,0.039395390281537,-0.254379746399405
SHC,2017-2018,HC,1.0,0.111183315610178,0.11774151748571,0.186460361411035
GLC,2020-2021,LC,0.0,0.381409576320081,-0.0273881581469599,-0.186650603314582
BLM,2017-2018,LM,0.0,0.39629079577778,0.254982408727276,-0.209724701587849
SLM,2018-2019,LM,0.0,0.2091249450075,-0.033998132986511,-0.034309515955012
D5,2020-2021,HC,1.0,0.106235009615889,0.33766066468427,0.065708317020298
HHM,2019-2020,HM,0.0,0.20425339700841,-0.14659264897294,0.032005105204953
DHM,2018-2019,HM,0.0,0.409967900903142,-0.19034405909016,-0.301763786426696
NLM,2019-2020,LM,0.0,0.3173252141179,-0.18855695206852,-0.043289393799204
DHC,2017-2018,HC,1.0,-0.00287592096022649,0.182746979019627,0.204621929423178
ALC,2018-2019,LC,0.0,0.223661981839081,0.220748244523833,0.050775995555566
OLC,2020-2021,LC,0.0,0.211665498518508,-0.097299359769124,-0.032568944429515
MLC,2019-2020,LC,0.0,0.144772827481105,-0.1209207805131,0.245723307048533
THC,2019-2020,HC,1.0,0.285385394706713,0.12911017669188,-0.048048274958822
OLM,2017-2018,LM,0.0,0.337021816510883,-0.010352193110993,-0.131492007513677
OLM,2019-2020,LM,0.0,0.113241713433759,0.23498854084066,0.366735134577958
BHM,2019-2020,HM,0.0,0.202638262391265,0.395196767538178,0.260827002975819
OHC,2019-2020,HC,1.0,0.164549805888128,0.34684144202204,-0.0740305092620632
MHC,2018-2019,HC,1.0,0.323838427996229,-0.164693568705426,0.062624998104242
DLC,2017-2018,LC,0.0,0.305285660771367,-0.05851866037378,0.199487822867429
OLM,2019-2020,LM,0.0,0.401208015707617,-0.07355762556314,-0.304977024136225
MHC,2019-2020,HC,1.0,0.733532582392322,-0.0792964007823,-0.450219690562072
B1,2017-2018,HC,1.0,0.506136800684962,-0.298836184617664,-0.351417017597012
MLC,2018-2019,LC,0.0,0.149715839841992,0.440762491420933,0.156854739570054
MLC,2017-2018,LC,0.0,0.281184868457663,-0.261588473906286,-0.118449962869252
AHM,2018-2019,HM,0.0,0.0499522546837545,0.01833326233183,0.181927206044856
NHM,2017-2018,HM,0.0,0.0205785134109302,0.358730643673046,0.17461813893514
MHM,2019-2020,HM,0.0,0.303588261007673,0.15191504276857,-0.180484822920378
AHM,2020-2021,HM,0.0,0.298885847884971,-0.0221691624086701,-0.144548627111727
OHC,2020-2021,HC,1.0,0.422725454114188,0.207877566292785,-0.090254530024302
SHM,2017-2018,HM,0.0,0.113556978842887,-0.24410223713875,0.282959295288327
JHM,2018-2019,HM,0.0,0.52291917886501,0.32637467527121,-0.462473569748139
NLC,2020-2021,LC,0.0,0.141339317472089,0.344735911862721,-0.138863358888086
OHM,2019-2020,HM,0.0,0.196398574217931,0.206995524542441,-0.101743267010806
AHM,2017-2018,HM,0.0,0.233209077148206,-0.12303040191526,-0.167620422681314
HLC,2017-2018,LC,0.0,0.23640117228928,0.32568653417666,0.115533560057337
BHM,2018-2019,HM,0.0,0.106469376905507,0.26870171745318,0.058817138116816
AHM,2017-2018,HM,0.0,0.098369684677599,0.0365084140612,0.336104856478811
ALC,2019-2020,LC,0.0,0.103065172198877,-0.0552780251190699,0.100378802720615
MHM,2018-2019,HM,0.0,0.395628625559086,-0.14003300380083,0.066646870464548
D4,2018-2019,HC,1.0,0.294687218680562,0.400762597810091,0.085638903726329
MHC,2017-2018,HC,1.0,0.330208793547558,-0.0570963530252621,-0.276626761530494
D5,2017-2018,HC,1.0,0.16379729115416,-0.42354362928112,-0.035245193757267
BHM,2017-2018,HM,0.0,0.261111833571248,0.503032874421195,-0.137256679501458
GHM,2019-2020,HM,0.0,0.0297348870764826,-0.028830709701383,0.234714348047957
D4,2020-2021,HC,1.0,0.165208596310086,-0.165623682241662,0.024546995175446
OLC,2020-2021,LC,0.0,0.248524196408468,-0.239001009541495,-0.056795077840041
JLC,2020-2021,LC,0.0,0.360561608228539,0.325120408732516,-0.06140191484301
THC,2018-2019,HC,1.0,0.267039867975621,0.496674567334533,0.064867422978608
HLM,2018-2019,LM,0.0,0.28293078767205,-0.10678449701554,-0.159053265011101
SHM,2018-2019,HM,0.0,0.215821697291442,-0.30446286091344,0.078583728113935
BHC,2018-2019,HC,1.0,-0.00499842492830571,0.112075064886274,0.320360227424472
TLC,2018-2019,LC,0.0,0.726287277081317,0.10797148252517,-0.270432899206615
OHC,2020-2021,HC,1.0,0.450814715751204,0.08425063739701,-0.203140771977592
NLC,2018-2019,LC,0.0,0.195931214686678,-0.06368893734123,-0.166211371517309
DHM,2018-2019,HM,0.0,0.364405335916274,-0.343022069086937,-0.077473630968089
D10,2020-2021,HC,1.0,0.21850190760736,-0.02038972703019,-0.00905402208682299
OLM,2017-2018,LM,0.0,0.148660313062903,-0.298484190454835,0.142379599979926
MHM,2019-2020,HM,0.0,0.254574315973089,-0.105088280153201,0.00731612169767898
MLM,2018-2019,LM,0.0,0.286785102448528,-0.01572892016576,-0.132310336940313
SHC,2017-2018,HC,1.0,0.105870804584634,0.193027140392401,-0.0589909049538256
OLC,2019-2020,LC,0.0,0.339162016183935,0.0823076367265351,-0.157320912709243
AHM,2020-2021,HM,0.0,0.272643382241548,0.17599925537962,-0.156819569556331
ALC,2017-2018,LC,0.0,0.324144275860079,0.193269468363943,-0.1920453651038
D6,2017-2018,HC,1.0,0.173864986085818,-0.176296834656756,-0.043214487854705
HLM,2018-2019,LM,0.0,0.0435984344980682,0.09654395510424,-0.0234804926327821
F1,2020-2021,HC,1.0,0.195537610536377,0.130388417654865,-0.000954195778544997
NHC,2019-2020,HC,1.0,0.14868957657226,0.43648242708984,0.368844790152182
AHM,2017-2018,HM,0.0,0.480390262529919,-0.0580871089584409,-0.032745584362169
D9,2018-2019,HC,1.0,0.301228750283121,-0.214700006240406,0.26766483218348
FHM,2017-2018,HM,0.0,0.21725576044103,0.169114887254988,0.256981753619785
AHM,2019-2020,HM,0.0,0.153936171010283,-0.327875548178519,0.310137372549609
FHC,2018-2019,HC,1.0,0.110235688404456,0.46766455686028,0.444381483575457
GLC,2020-2021,LC,0.0,0.116278486331973,-0.237845443175815,0.077316949870919
NHM,2018-2019,HM,0.0,0.0750351406856139,0.400871135080292,0.346649246696289
SHC,2018-2019,HC,1.0,0.179498025960718,0.0773681262232702,0.223287501323054
OLC,2017-2018,LC,0.0,0.415392767559923,-0.32614352601419,0.084576880190995
GHM,2019-2020,HM,0.0,0.345088228926461,0.0674651838857819,0.054859194363565
BHC,2019-2020,HC,1.0,0.204458719916586,0.209188513753429,0.21341570332152
HHM,2017-2018,HM,0.0,0.190880886655449,0.38342216057258,0.042733357874586
MLC,2018-2019,LC,0.0,0.406743746821396,0.14559953812974,-0.155943923322169
TLM,2017-2018,LM,0.0,0.550164780924932,-0.370259526860927,-0.24186773669699
OLC,2018-2019,LC,0.0,0.212501384012629,-0.072348445809819,-0.231817176519999
GLC,2019-2020,LC,0.0,0.135479816057363,0.0197835656776,0.050056963063593
MHM,2020-2021,HM,0.0,0.370183040926277,0.09177058534131,-0.221922358075187
OHC,2018-2019,HC,1.0,0.316492227125482,0.0693188373179301,0.131787377605919
NLC,2020-2021,LC,0.0,0.383974223592149,-0.156547720341409,-0.188071502583161
TLM,2019-2020,LM,0.0,0.249808431256312,0.0234595765475301,-0.077621112504653
BHC,2018-2019,HC,1.0,0.639175644986458,-0.26965851182535,-0.503336585103024
AHM,2019-2020,HM,0.0,0.212760267434009,-0.0730317475993199,-0.159243422111374
MLC,2018-2019,LC,0.0,0.130828602567373,0.126931475580287,0.10961422806765
D4,2019-2020,HC,1.0,0.451541301553106,-0.322685181925057,-0.306640986001415
OLM,2019-2020,LM,0.0,0.0164414048922328,-0.06708611897402,0.359062826929037
GLC,2020-2021,LC,0.0,0.431496398820732,-0.209995399600549,-0.411725092276472
MHC,2020-2021,HC,1.0,0.0855340974516413,0.16536234257154,0.140598131387735
D9,2017-2018,HC,1.0,0.0889245326269275,-0.171478238003044,0.171729710985144
NHM,2020-2021,HM,0.0,0.128218961148907,-0.0649088281861001,-0.0672570741400779
SLM,2019-2020,LM,0.0,0.205623152244914,-0.17910593495243,0.172146558653045
GHC,2020-2021,HC,1.0,0.516893270786024,-0.23234779080298,-0.221270422625311
B1,2020-2021,HC,1.0,0.294277339145272,0.0266032484918601,0.191227713112858
BHM,2018-2019,HM,0.0,0.378958592779103,0.203507614883251,-0.166573407649132
MHC,2017-2018,HC,1.0,0.567227555724366,0.370795227016225,-0.037871209817304
HHC,2017-2018,HC,1.0,0.174400314800645,0.374638312541726,0.275196430401555
TLM,2018-2019,LM,0.0,0.552636949880634,-0.14187998912782,-0.211388992683623
JLM,2017-2018,LM,0.0,0.00825020848632541,-0.215859823976832,0.195209144197386
SLC,2019-2020,LC,0.0,0.284581909756855,-0.063747182757808,0.088835754736073
GLM,2018-2019,LM,0.0,0.614196695209875,-0.16932850502277,-0.36252773862101
HHC,2020-2021,HC,1.0,0.260583466996505,-0.576019069569601,0.37431203261363
DHC,2020-2021,HC,1.0,0.213372981470917,-0.070884394217615,-0.026853672674475
HHM,2017-2018,HM,0.0,0.654376995825153,-0.26234260770328,-0.0968093048203019
SLM,2018-2019,LM,0.0,0.189171018328147,-0.02138659965389,-0.07418308522307
FLM,2017-2018,LM,0.0,0.217760056283374,0.247264261462139,0.096237877555733
GHC,2020-2021,HC,1.0,0.278195603574126,-0.0546338907257899,0.039845640312263
B1,2018-2019,HC,1.0,0.308639137633662,-0.0215460838611301,0.085040407459179
NLC,2020-2021,LC,0.0,0.0626843811943565,0.0391503796371999,0.209500448596616
NHM,2017-2018,HM,0.0,0.396271683327797,-0.11403602234522,-0.086189540443408
TLC,2017-2018,LC,0.0,0.0366155943651678,-0.099840590959685,0.211844197069423
NLC,2019-2020,LC,0.0,0.230230587436152,0.0662552485165,0.291841206745406
BLM,2018-2019,LM,0.0,0.337512231032623,-0.32064103049891,-0.092953912129957
FLM,2019-2020,LM,0.0,0.329614331970084,0.314754350408996,-0.186018583313939
FHC,2019-2020,HC,1.0,0.542712260842675,-0.0443020181378899,-0.415163558865798
DLM,2017-2018,LM,0.0,0.555688497651421,-0.321328087698622,-0.385350076726631
GLC,2017-2018,LC,0.0,0.53117610187886,-0.18333198507172,-0.353561587924827
OLC,2020-2021,LC,0.0,0.0409016900589194,0.178100709232417,0.0592679143126336
FHC,2018-2019,HC,1.0,0.354566401283969,0.225971487572838,-0.108859408342816
OHC,2017-2018,HC,1.0,0.133759614680559,0.34874348059241,0.100206558473772
AHM,2017-2018,HM,0.0,0.541217457405597,-0.10809683394144,-0.24996740402178
JLM,2018-2019,LM,0.0,0.16805562004663,0.40297731300772,0.221678229499615
NHM,2019-2020,HM,0.0,0.338740759681643,-0.693036044695732,-0.03912377294553
TLM,2018-2019,LM,0.0,0.106477822939374,0.0147756500348399,0.141272789579734
FHC,2020-2021,HC,1.0,0.233518625450817,0.310765144445991,0.128619395421973
MLM,2018-2019,LM,0.0,0.148166940075757,0.28423241982573,0.313206305693174
BHC,2019-2020,HC,1.0,0.329571306780658,0.0551598994479501,0.071232615048758
SHC,2020-2021,HC,1.0,0.320875792311087,-0.0879893629205399,-0.035418789064665
OLC,2017-2018,LC,0.0,0.105439955680069,-0.208706035902737,0.159689854758081
MLM,2019-2020,LM,0.0,0.532128653965406,-0.539589190106228,-0.382383457991942
NHC,2017-2018,HC,1.0,0.0793153477221991,-0.0796488069682899,0.15701650547999
OLC,2019-2020,LC,0.0,0.262747386111207,-0.299858699928351,0.048798369612745
GHM,2017-2018,HM,0.0,0.145904322647569,-0.277102960437374,0.067788994838362
HHM,2020-2021,HM,0.0,0.163315926663241,0.142731039654731,-0.052556485170299
D9,2020-2021,HC,1.0,0.310752515883005,-0.0365788594216501,-0.138496158640845
D8,2018-2019,HC,1.0,0.144627010740723,0.351825168905588,0.297400388022492
OLM,2017-2018,LM,0.0,0.205069704534436,0.15488042991284,0.230194808172728
MHC,2019-2020,HC,1.0,0.188027412150095,-0.05025996411214,-0.139480093871811
JHC,2019-2020,HC,1.0,0.5107987540115,-0.314393289787913,-0.306502080542526
BHC,2020-2021,HC,1.0,0.158567949893512,0.161255707377685,-0.04116083711758
GHC,2017-2018,HC,1.0,0.101452049032427,-0.100641188795068,0.203176425637005
JLC,2018-2019,LC,0.0,0.432183095067147,-0.06240771254108,-0.230807355781114
OLC,2018-2019,LC,0.0,0.421421165934512,0.21990260055409,0.025468987432229
ALC,2018-2019,LC,0.0,0.201676348726259,0.28353284068269,-0.014126185278301
NLM,2018-2019,LM,0.0,-0.0305775640361572,-0.2071692335993,0.3296987861476
D2,2020-2021,HC,1.0,0.377641363996999,0.0320510712253301,-0.347334128084416
FHC,2020-2021,HC,1.0,0.216392341254206,0.02078255449253,0.199869442084038
TLM,2020-2021,LM,0.0,0.265185927223561,0.231706588529508,-0.163868629061237
NLM,2020-2021,LM,0.0,0.138193595873681,0.239505617828492,0.017424698406376
SHC,2018-2019,HC,1.0,0.0222766931032057,0.0745525664976499,0.31820938549827
NLC,2018-2019,LC,0.0,0.314956863399995,0.168955683027573,-0.087988687143942
BHC,2019-2020,HC,1.0,0.442435266362878,-0.03111238864024,-0.178069713280456
DHM,2018-2019,HM,0.0,0.146407466894423,0.08010953551067,-0.017206963545626
JLM,2018-2019,LM,0.0,0.0278609201490547,0.402177355032211,0.210738087912133
OLM,2017-2018,LM,0.0,-0.00361728745311884,-0.07970561195654,0.447962612208945
TLM,2017-2018,LM,0.0,0.345511096303323,-0.59563948807349,-0.010995570994732
GHM,2017-2018,HM,0.0,0.549078285142155,0.23460624923735,-0.207719225847361
MHC,2020-2021,HC,1.0,0.496592928845453,-0.0791671573107899,-0.185774275628341
GLM,2020-2021,LM,0.0,0.296297465517728,0.097219249603705,-0.261723898463591
MLM,2019-2020,LM,0.0,0.140324995696165,-0.124417753646585,0.096228713044739
NLC,2017-2018,LC,0.0,0.00644946549222714,0.02008642253518,0.122246324693933
MHM,2017-2018,HM,0.0,0.22283742073563,0.15793304705996,0.088278088271578
NLM,2017-2018,LM,0.0,0.0551750239608653,0.204963950404237,0.0396774604487672
MLM,2017-2018,LM,0.0,0.0932297831420438,0.00742768564038898,0.0322913010177302
BLM,2019-2020,LM,0.0,0.0983950374576004,0.0259078547603202,0.13593615006882
AHM,2019-2020,HM,0.0,0.424800761680671,-0.472579089458359,-0.316593304268467
NLM,2018-2019,LM,0.0,0.155784993173748,0.23227784590766,-0.0713468900953304
D10,2018-2019,HC,1.0,0.262015349045349,-0.432097250909176,0.027508317499092
SLC,2017-2018,LC,0.0,0.464065572481293,0.0408871028282659,-0.332913711791157
SHM,2019-2020,HM,0.0,0.385334172878516,-0.0656850476456501,-0.070306518986461
MHC,2018-2019,HC,1.0,0.30649555233193,0.0540180720671,-0.187692429174703
GLC,2020-2021,LC,0.0,0.183150633615555,0.10939572421458,0.042790770883951
THC,2017-2018,HC,1.0,0.307839927250431,0.12523165921649,-0.155999185460239
NHC,2018-2019,HC,1.0,0.357968003634542,0.0986925514547001,0.119782599133181
AHM,2019-2020,HM,0.0,0.17623625882579,-0.000559835743929815,0.159264197258526
DLC,2018-2019,LC,0.0,0.0549674955552932,0.173929611427958,0.107386371107961
SHC,2017-2018,HC,1.0,0.424823520917331,0.111400316069232,-0.060311166031312
OHC,2017-2018,HC,1.0,0.213065588750474,-0.10770525896701,-0.060292451680005
MLC,2017-2018,LC,0.0,0.278140431297766,-0.709756888578622,-0.193729561980537
D5,2020-2021,HC,1.0,0.157738358295517,-0.03393890191898,-0.0602474377877096
DLC,2020-2021,LC,0.0,0.175620621423887,0.1754390885238,-0.130606083042762
OHC,2018-2019,HC,1.0,0.126367987705588,0.224553397922168,0.028594494215495
D10,2020-2021,HC,1.0,0.0815663684779526,-0.29211169873743,0.299173971050782
OLM,2020-2021,LM,0.0,0.214071632822912,0.11561079083559,0.329004924146965
FHM,2020-2021,HM,0.0,0.27813406150677,0.285982751547043,0.042736021919246
D8,2019-2020,HC,1.0,0.264132507257779,0.035427147896589,-0.111874573642451
AHC,2017-2018,HC,1.0,0.0763454065986728,0.192951583118397,0.102224160373826
TLC,2020-2021,LC,0.0,0.257147840437837,-0.44958258575279,-0.185582953937281
SHC,2018-2019,HC,1.0,0.0982349856560387,0.307902172359967,0.141630428714287
MHC,2017-2018,HC,1.0,0.307305648053756,-0.22869891749615,-0.163229415891974
OHC,2017-2018,HC,1.0,0.408396856745373,-0.199776468377269,-0.31981229818557
OLC,2020-2021,LC,0.0,0.399714388110785,0.04379040075792,-0.052508989224812
BHC,2018-2019,HC,1.0,0.318916929134274,0.536594327732365,0.05049456110054
MHC,2018-2019,HC,1.0,0.310511531107142,-0.16562544999843,-0.163638860961704
D8,2018-2019,HC,1.0,0.00148991597873338,0.0357914923945502,0.326426843824909
OHC,2019-2020,HC,1.0,0.115787369357839,0.302909257013739,0.173346968583238
ALM,2017-2018,LM,0.0,0.432995789824809,-0.197703538012055,-0.118989844237466
ALM,2020-2021,LM,0.0,0.23112293416262,0.133526471101229,0.10730258814564
OHM,2018-2019,HM,0.0,0.507305535818413,0.0797223406543899,-0.249123319416406
ALC,2018-2019,LC,0.0,0.276718483706798,0.31026460224969,0.281824519335179
D9,2020-2021,HC,1.0,0.260100365923631,0.06012127890283,0.123895324203107
D4,2017-2018,HC,1.0,0.301710104625716,0.2137033357561,-0.173876478263476
BLC,2017-2018,LC,0.0,0.0529788967348392,0.047102792332505,0.0921816476510768
D9,2018-2019,HC,1.0,0.370547170253813,0.085738781475746,-0.299777990542698
BLC,2019-2020,LC,0.0,0.476689314844172,-0.1075371211078,-0.362069773506252
GLM,2019-2020,LM,0.0,0.293100926723415,0.18045113776245,-0.040662571624706
SHC,2020-2021,HC,1.0,0.304221235413247,-0.0196433257772601,-0.127312934970906
GHC,2019-2020,HC,1.0,-0.0164336798782636,0.19111940924311,0.354126752042748
AHC,2018-2019,HC,1.0,0.181882003569569,-0.153212073815091,0.205683523335957
OHC,2017-2018,HC,1.0,0.262294175696747,-0.0226132763443261,0.066136778757178
AHC,2019-2020,HC,1.0,0.155470881515603,0.171819239169699,0.207728859861976
NHM,2017-2018,HM,0.0,0.0945701763496354,-0.0210158621963699,0.363775135556541
D4,2020-2021,HC,1.0,0.118755304063065,0.373788439268518,0.46055403385604
MLM,2020-2021,LM,0.0,0.646603677925301,0.17043038980977,-0.442071370101871
GLM,2017-2018,LM,0.0,0.141539521578017,0.0549899099235389,0.153820808527933
SLC,2017-2018,LC,0.0,0.389178755275082,0.102872877882466,-0.193116292440176
HLC,2017-2018,LC,0.0,0.0838421063739399,-0.0110373939031501,0.0895641340614301
DHM,2017-2018,HM,0.0,0.508562894685081,0.036549559842991,-0.230117688840144
TLM,2020-2021,LM,0.0,0.330945287133814,0.0696730133182699,-0.339924699502762
MHM,2020-2021,HM,0.0,0.340755740434262,0.0838543868991801,-0.026779277466987
HLC,2018-2019,LC,0.0,0.224968953680686,0.02941889622326,0.319997990881027
GHC,2017-2018,HC,1.0,0.105778000929303,-0.169648040134055,0.152848634778114
THM,2017-2018,HM,0.0,0.268228984258989,0.28290532156641,0.080258219609506
D9,2020-2021,HC,1.0,0.215571206787477,0.257523165122039,0.239965429003829
MLM,2018-2019,LM,0.0,0.160646021315166,0.19558462577344,0.419477772616712
DLC,2020-2021,LC,0.0,0.192091129141985,0.133774548974123,0.278735203703742
FLM,2020-2021,LM,0.0,0.411300562583201,0.0988329108101659,-0.186822432242966
JHC,2020-2021,HC,1.0,0.253967332681945,0.21346763026582,0.215701469077314
OLC,2017-2018,LC,0.0,-0.00378238779328743,0.116530182341319,0.480094377067212
MLM,2019-2020,LM,0.0,0.28189661211118,-0.1340074112275,-0.101069675467665
B1,2019-2020,HC,1.0,0.498768949223823,-0.137399276453135,-0.45256182316305
ALM,2018-2019,LM,0.0,0.241943506395827,0.0494220777273,0.044604446395752
D8,2020-2021,HC,1.0,0.110550437723367,-0.217375165036813,0.021852160566743
OLM,2017-2018,LM,0.0,0.404392801209236,0.15190203867328,-0.110341902908689
JLM,2017-2018,LM,0.0,0.362156986616,-0.132126431470782,-0.234145901001303
DHC,2017-2018,HC,1.0,0.356149445748552,0.206279091488121,-0.033075949028905
THM,2017-2018,HM,0.0,0.517267637490048,-0.224791298997807,-0.369734113961214
JHC,2020-2021,HC,1.0,0.407642632863231,0.308435989355169,-0.278832917608249
JLM,2019-2020,LM,0.0,0.184538144195177,-0.349623411426614,-0.044729209965562
D6,2020-2021,HC,1.0,0.441263783317939,-0.0272068356089961,-0.302933541313403
GHC,2017-2018,HC,1.0,0.249045525619208,0.12966421243947,0.17235593729698
OHC,2017-2018,HC,1.0,0.218501990966503,0.059087816181898,-0.047359851166098
THM,2020-2021,HM,0.0,0.39785019167652,0.09784465952909,-0.188379053421836
D6,2020-2021,HC,1.0,0.132982207870293,-0.11796163866211,-0.068033789121276
SLC,2018-2019,LC,0.0,0.311727767092383,-0.07113479528236,-0.072395719285213
AHC,2017-2018,HC,1.0,0.255568790627807,-0.0225780503241699,0.14509577892146
AHC,2019-2020,HC,1.0,0.699229225852172,-0.30744342293276,-0.388802259975697
ALC,2017-2018,LC,0.0,0.430153126878928,-0.01069816319254,-0.278946836456759
D1,2017-2018,HC,1.0,0.289921732937785,-0.08309350777154,-0.22785581966009
MHM,2019-2020,HM,0.0,0.320838612101768,-0.0835063052857701,-0.30155376600913
HLM,2019-2020,LM,0.0,0.0439680023980871,-0.0288339717426009,0.163357946562836
D9,2020-2021,HC,1.0,-0.000267965676926218,-0.457267153232596,0.0970669913576579
OHC,2020-2021,HC,1.0,0.331814250135933,-0.431606077330616,-0.189562864229583
D8,2018-2019,HC,1.0,0.0867610914794525,-0.127109336845813,0.277152979324364
OLM,2019-2020,LM,0.0,0.502686804653014,-0.191691549575268,-0.31178707871304
BLM,2017-2018,LM,0.0,0.109438663720933,0.20177782437055,0.067912511696362
D4,2018-2019,HC,1.0,0.296699178649714,0.0272817323427801,0.017185952515898
DLC,2020-2021,LC,0.0,0.370720473362288,-0.226867067751397,-0.040019231205678
HHC,2019-2020,HC,1.0,0.308710775395304,0.000503781069900011,-0.205696642641159
D4,2017-2018,HC,1.0,0.388486597947049,0.0891952843498198,-0.107557834959552
GLC,2018-2019,LC,0.0,0.0492748365063322,0.316996328454547,0.287899578707788
FLC,2018-2019,LC,0.0,0.156946625095599,-0.415590454300437,-0.024406571771347
D8,2017-2018,HC,1.0,0.259737495213369,0.084010914937387,-0.074668947389924
DHC,2018-2019,HC,1.0,0.260096908764955,0.113648542124642,-0.00404338446754698
FHC,2018-2019,HC,1.0,0.54987207317358,-0.50028817162,-0.171667907785987
JLC,2019-2020,LC,0.0,0.329667999269313,-0.422223197074208,-0.20958127509722
MHC,2017-2018,HC,1.0,-0.00280490312314741,-0.212309459526194,0.141638327761954
BHM,2017-2018,HM,0.0,-0.00199384871394892,0.338551041845215,0.574744523678253
THM,2019-2020,HM,0.0,0.350661014944134,-0.019494711277375,0.010538605612792
THM,2019-2020,HM,0.0,0.378345895998289,0.27637830445028,0.10129692493694
BHM,2018-2019,HM,0.0,0.107616886430535,-0.0369765291600899,-0.0711361793693644
JHM,2020-2021,HM,0.0,0.187294673454891,0.0276373692057699,0.125516769231804
OLM,2019-2020,LM,0.0,0.29933271577271,0.15451925188389,0.211965518700978
TLM,2018-2019,LM,0.0,0.231586564148224,-0.398837903711159,-0.196288291170871
GHC,2019-2020,HC,1.0,0.234215775719719,0.342730174440971,0.101525284518107
DLM,2019-2020,LM,0.0,0.513233289227051,-0.534610927179419,-0.146218243786719
DHM,2017-2018,HM,0.0,0.352292770251197,0.010956610480449,-0.304118765917879
OHM,2017-2018,HM,0.0,0.255702495833616,0.221043530140044,0.209126338475455
FHC,2018-2019,HC,1.0,0.234411722448773,0.090967569262565,0.098162017664706
D4,2018-2019,HC,1.0,0.359069056478778,-0.574544304439605,0.013965801351182
THC,2018-2019,HC,1.0,0.579683527640322,-0.29379521977314,-0.242159901737513
HLM,2020-2021,LM,0.0,0.0922045111288414,-0.358729316403383,0.0060259532721041
B1,2020-2021,HC,1.0,0.33179914979794,-0.00666212263849997,0.197581324167457
NLM,2019-2020,LM,0.0,-0.0128741332327595,0.226914807227198,0.370835147650793
BHC,2018-2019,HC,1.0,0.145613231002077,0.0175840480496299,0.25661867965365
FLM,2020-2021,LM,0.0,0.230396882917239,-0.0483627033015901,0.104030180402752
D4,2020-2021,HC,1.0,0.105891783346448,-0.0465929782588099,0.229097502477288
SLM,2019-2020,LM,0.0,0.0619197835248679,-0.113796618644283,0.308984955983115
MLM,2020-2021,LM,0.0,0.278706071566513,0.25393242979754,0.030631133901987
JLM,2017-2018,LM,0.0,0.215213326904473,-0.16801568492886,-0.219720839508336
D4,2018-2019,HC,1.0,0.507847725022332,0.0874562491717501,-0.308524346031367
MHM,2020-2021,HM,0.0,0.28622261048103,-0.12171221872781,-0.069519800341654
MHC,2018-2019,HC,1.0,0.220007497825411,0.0695308439098811,0.033138377856808
DLM,2019-2020,LM,0.0,0.00704212891853362,-0.15219761533519,0.226506903921118
SLM,2019-2020,LM,0.0,-0.00417056200792221,0.078697159617644,0.24106741707897
MHM,2020-2021,HM,0.0,0.352162079340026,0.121383111754511,-0.144780747259656
DHC,2019-2020,HC,1.0,0.34194295668999,-0.07677746399482,-0.00298103789411897
GHM,2018-2019,HM,0.0,0.344648249520781,0.180406098669516,-0.357534856713592
MHC,2019-2020,HC,1.0,0.514161380861366,-0.07945772567717,0.00789628055018299
OLC,2019-2020,LC,0.0,0.467587809669126,-0.045341896357107,-0.347868765270316
SHM,2018-2019,HM,0.0,0.433801333531362,0.07376104983311,-0.145022184878697
D5,2018-2019,HC,1.0,0.269103440962964,0.01452991863822,0.071729054260901
DLM,2018-2019,LM,0.0,-0.00376016022934023,0.424805372544355,0.284881981957705
D6,2017-2018,HC,1.0,0.22442774760783,-0.091236081332704,-0.007474159083589
JLC,2017-2018,LC,0.0,0.489689959883099,0.0673266512292698,-0.302424211392233
NLC,2018-2019,LC,0.0,0.0358478358467493,-0.15772427909134,0.0706500236941217
D5,2019-2020,HC,1.0,0.555115366052846,-0.00381674688575995,-0.00539347048906391
HHM,2018-2019,HM,0.0,0.34749242758512,0.34558490240193,-0.296790505293431
BLM,2017-2018,LM,0.0,0.138356325882289,0.05706565744821,0.03428517821618
D7,2020-2021,HC,1.0,0.19156305714827,-0.04308116835623,-0.192378611106224
MHC,2020-2021,HC,1.0,0.351266452678107,-0.25089189223013,-0.240740889253458
FHC,2018-2019,HC,1.0,0.395921897270847,-0.434140926263421,-0.206953354656961
DLM,2017-2018,LM,0.0,0.286039494176205,-0.06963510431038,0.039098515823304
D5,2020-2021,HC,1.0,0.266999983900918,0.146037746727684,-0.253043648784501
ALC,2019-2020,LC,0.0,0.115221164409658,0.12628203693776,-0.0392510388486929
NLC,2019-2020,LC,0.0,0.194548902924998,-0.0210381887911499,-0.00235990211269999
MHC,2018-2019,HC,1.0,0.412332565594157,-0.0469546030188499,-0.219302252657967
GLM,2020-2021,LM,0.0,0.141981852678299,-0.123222904838811,-0.0775993842481164
MLM,2019-2020,LM,0.0,0.389597043935447,0.01607265721261,-0.246279130662188
JLM,2018-2019,LM,0.0,0.200756735138581,-0.33058128489321,-0.030190198072202
MLC,2017-2018,LC,0.0,0.245201451546011,-0.0773780556164579,0.086016415348559
NHM,2017-2018,HM,0.0,0.214798935021044,-0.230530338171835,-0.162375167209964
BHC,2018-2019,HC,1.0,0.356370905148676,-0.0425466251462401,-0.225519614981648
BLM,2020-2021,LM,0.0,0.253800943473768,0.10774733325258,0.228940732459728
BLC,2018-2019,LC,0.0,0.264124132452267,0.192601088807952,-0.047990023340353
DLC,2018-2019,LC,0.0,0.247381523335668,-0.10963492734948,-0.054686703925381
SHM,2019-2020,HM,0.0,0.318366510425665,0.04136057179846,-0.078358972207187
D8,2020-2021,HC,1.0,0.19126380020153,-0.015462882460989,-0.002260513431141
MLM,2020-2021,LM,0.0,0.427044074180592,0.397845775298804,-0.306677001107324
NLC,2020-2021,LC,0.0,-0.0156945802383255,-0.0124456825408001,0.283735548076048
DLC,2017-2018,LC,0.0,0.172264665299024,0.326704114239099,0.170079957593335
GHM,2020-2021,HM,0.0,0.0829299569588415,0.216494737651265,0.144684857436917
HHM,2018-2019,HM,0.0,0.450825541568224,-0.0380556961068201,-0.271637125159707
MLC,2019-2020,LC,0.0,0.277796578976873,-0.0166517375467201,-0.113395329330703
D1,2020-2021,HC,1.0,0.298804791332294,-0.10155057337991,-0.050540836753477
D5,2018-2019,HC,1.0,0.294772604527725,-0.0201841296995761,0.031088429416976
GLC,2018-2019,LC,0.0,0.302681639315097,-0.119365641257018,0.115835471182916
THC,2020-2021,HC,1.0,-0.0083738963914195,-0.153915411203692,0.057442390912938
D4,2017-2018,HC,1.0,0.480653008716921,-0.17578092733828,-0.273728548203563
F1,2017-2018,HC,1.0,0.402047948912199,0.14034578704348,-0.269499765777921
JLC,2018-2019,LC,0.0,0.320198153842688,-0.0819240352047099,-0.227183563153702
D4,2019-2020,HC,1.0,0.649982627950149,-0.16849361096222,-0.555968259827142
NLC,2018-2019,LC,0.0,0.296679794884413,0.30005405787935,0.048551801558956
F1,2020-2021,HC,1.0,0.315897389633507,0.121731080718027,-0.227159796617356
NLC,2020-2021,LC,0.0,0.159798550214356,0.186597322115498,-0.16170129889418
FHM,2020-2021,HM,0.0,0.528408491341726,0.0743708272173781,-0.331653985637008
MHC,2018-2019,HC,1.0,0.194101487351251,-0.017273206753783,0.225627017949932
D4,2019-2020,HC,1.0,0.372729520486872,-0.27357384030018,-0.367023738140453
BLM,2017-2018,LM,0.0,0.220112740282197,-0.10342393286284,0.050587917997566
OLM,2020-2021,LM,0.0,0.500249022156842,-0.0392181420155699,-0.297813481601257
FHC,2020-2021,HC,1.0,0.318811872069038,-0.189099654603965,-0.04052040720352
GLC,2018-2019,LC,0.0,0.650237446715998,-0.14237370323217,-0.473091946647827
MHC,2019-2020,HC,1.0,0.130825496632497,-0.0489305579318701,-0.0717661070995767
GLC,2019-2020,LC,0.0,0.0616607145693508,0.109093441089541,0.0980673871223512
GLC,2017-2018,LC,0.0,0.300177505040302,0.087493222794014,-0.275153911513653
GLC,2019-2020,LC,0.0,0.127791356309629,0.011684024182396,0.00807265283668998
THC,2020-2021,HC,1.0,0.207966703607308,0.2037002964858,-0.042066180749143
D7,2020-2021,HC,1.0,0.129409652473375,-0.088567958246269,0.038381891600825
FHC,2019-2020,HC,1.0,0.265010356228596,-0.0991401968911201,-0.132753117050388
SLC,2019-2020,LC,0.0,0.248459948355848,-0.0996369724571802,-0.098515116253376
NHM,2018-2019,HM,0.0,0.266629437184572,0.313276269850854,-0.229635425096702
F1,2017-2018,HC,1.0,-0.00181686406437676,-0.143343049275413,0.233554316141669
FHC,2019-2020,HC,1.0,0.38599013672012,-0.03258194662427,-0.23457605736721
BHC,2017-2018,HC,1.0,0.16407559417708,-0.224885864354604,0.066240805041234
OHC,2017-2018,HC,1.0,0.416671914151786,0.30446967983531,0.114322868251946
JLM,2018-2019,LM,0.0,-0.00992908854089403,0.112978569767875,0.0657486260461934
D8,2019-2020,HC,1.0,0.23106815962142,0.235594657678262,0.053704921560603
HHM,2018-2019,HM,0.0,0.215914048595385,0.258656263027994,-0.109627923853774
JLM,2017-2018,LM,0.0,0.0801068387264048,-0.30789498492728,0.0993865275732562
NLM,2019-2020,LM,0.0,0.301256310339032,-0.0858590188015398,-0.079828018908298
DLM,2019-2020,LM,0.0,0.223153659630644,-0.223990850470083,0.100060969819951
FLM,2017-2018,LM,0.0,0.101035816217608,-0.166309943928737,0.192026600724434
SLC,2018-2019,LC,0.0,0.146890097967193,-0.00776225647931006,0.137691811789662
D9,2019-2020,HC,1.0,0.43240275626479,-0.1932177530154,-0.39364960748862
TLM,2017-2018,LM,0.0,0.232615366463196,-0.0783191068668101,0.010210285845409
D5,2020-2021,HC,1.0,0.276801845301738,-0.160972686215416,-0.177941191508864
GHC,2017-2018,HC,1.0,0.0757015754316197,0.0169434948790109,0.267032196458419
GHC,2018-2019,HC,1.0,0.30083924350326,-0.010669886548343,0.37730016449505
OHM,2020-2021,HM,0.0,0.379239071344281,0.06945394287589,-0.277683664982608
D5,2017-2018,HC,1.0,0.224274052083992,0.213939509882981,0.12990535391054
D4,2020-2021,HC,1.0,0.215292663105654,-0.008226561410966,-0.116865948721059
SHM,2018-2019,HM,0.0,0.404608033501884,0.505459582626815,-0.093733302870445
DLM,2017-2018,LM,0.0,0.306967868871096,-0.279743576929832,-0.032267103251672
JLM,2017-2018,LM,0.0,0.0940474782077767,-0.292356687577934,0.0028844397611263
MHC,2017-2018,HC,1.0,0.4989147683315,-0.228936196548876,-0.229007604791833
B1,2019-2020,HC,1.0,0.282102611553856,0.166838181566548,-0.256222144804972
OLM,2020-2021,LM,0.0,0.326657210846758,-0.16494598606339,0.097459383401783
GLC,2017-2018,LC,0.0,0.0407459211578485,0.143889104373602,0.166263371107687
GLC,2020-2021,LC,0.0,0.391796307291907,-0.34257976794858,-0.139595896211057
NLC,2017-2018,LC,0.0,0.307952352953427,0.06704337847495,0.00575716495231199
NLM,2019-2020,LM,0.0,0.436148356517675,0.13952497403893,-0.151822490795848
MHM,2018-2019,HM,0.0,0.0566302049825642,-0.0188591420107,0.108010325605707
FHC,2017-2018,HC,1.0,0.346782533319686,-0.21998222467223,0.029072391110451
MLM,2018-2019,LM,0.0,0.105940676729291,-0.224296567294126,0.084364604062291
OLM,2020-2021,LM,0.0,0.390877151520195,0.251491225912489,-0.330914057730201
D8,2018-2019,HC,1.0,0.391679481846264,-0.255650831541982,0.070897660619529
B1,2019-2020,HC,1.0,0.457683059126893,-0.040740668626949,-0.254317128434291
NHM,2017-2018,HM,0.0,0.282192142525941,0.320065601855294,0.086944532631601
SLM,2018-2019,LM,0.0,0.27138638233878,0.0900287597229901,-0.031028747610032
SHM,2018-2019,HM,0.0,0.134296589573245,-0.10192026149235,-0.0790305342569798
GLM,2017-2018,LM,0.0,0.105260395950436,-0.0957125717194298,0.370136720223062
NHM,2020-2021,HM,0.0,0.161769667698284,0.285205168921767,-0.0687568782139322
JHM,2019-2020,HM,0.0,0.14445396549015,-0.09598782058729,-0.010174062048081
MLM,2020-2021,LM,0.0,0.234435055924972,-0.263685374339426,-0.001248407780194
HHM,2020-2021,HM,0.0,0.213592965994691,0.102840191962959,0.266571993263275
FHM,2019-2020,HM,0.0,-0.0202943218434362,0.47450866990842,0.481817285069798
JLM,2020-2021,LM,0.0,0.143456047232703,0.2512190716182,-0.145649535445314
NLC,2018-2019,LC,0.0,-0.00276331634018145,0.04663520737425,0.589650292633092
D4,2017-2018,HC,1.0,0.031695697776809,-0.147222565729167,0.341092634536119
OLM,2020-2021,LM,0.0,0.743130207723239,-0.41210792361476,-0.743777256810946
GLC,2019-2020,LC,0.0,0.587007486555462,-0.48988130675458,-0.364050669879243
DHC,2020-2021,HC,1.0,0.336000145781665,-0.04334062388111,-0.343766568340149
D9,2019-2020,HC,1.0,0.342643289472722,-0.225378630898549,-0.207012431434031
MLC,2020-2021,LC,0.0,0.0838182863432075,-0.02055512951301,0.210151145873315
MHC,2018-2019,HC,1.0,0.2495550486278,-0.160911866027609,-0.00463658468265901
HLM,2018-2019,LM,0.0,-0.00686183911305416,0.0526900550157898,0.168768401244165
BHM,2020-2021,HM,0.0,0.193721229686011,-0.09750693786028,0.08352272044633
D1,2019-2020,HC,1.0,0.393389379779377,0.087889509577817,-0.351058775363312
D8,2020-2021,HC,1.0,0.244417711517821,-0.0880506376855898,-0.115463452067306
F1,2017-2018,HC,1.0,0.0740552633701259,0.117417508989536,0.22072972900084
D1,2018-2019,HC,1.0,0.359742896778817,-0.318504492238887,-0.052755546867975
NHC,2018-2019,HC,1.0,0.150058434652948,0.495707040692784,0.335937690716053
NLM,2020-2021,LM,0.0,0.0734245733019637,0.236439041290428,-0.0118101777933882
DLM,2020-2021,LM,0.0,0.191025642281128,-0.041951871090271,0.039274251774063
OLC,2018-2019,LC,0.0,0.131424212178938,0.250318701677706,0.018401922582439
D5,2017-2018,HC,1.0,-0.0117467951864203,0.0013372046499609,0.262744948871028
NHM,2020-2021,HM,0.0,0.166624101195208,0.0842815091597909,0.181260884098622
FLM,2017-2018,LM,0.0,0.290306153105505,-0.23253602217967,-0.179272403623118
FHC,2020-2021,HC,1.0,0.197963501964881,0.07502223079571,0.074023635572947
MHM,2019-2020,HM,0.0,0.193363321724065,-0.0338141273455199,0.025174448179936
D8,2018-2019,HC,1.0,0.0842998997482536,0.436473942344307,0.303605248825758
GLC,2020-2021,LC,0.0,0.633314441712639,-0.153899006732471,-0.453102547693353
MHC,2019-2020,HC,1.0,0.451710779775501,-0.00545365529482988,-0.269773258836444
D8,2017-2018,HC,1.0,0.300732345096191,0.0200882099422202,-0.108113032040883
D8,2019-2020,HC,1.0,0.3115803582564,-0.00932188285996993,-0.142085431199847
NLC,2018-2019,LC,0.0,0.172052961982113,-0.085155032459088,0.055533003532828
D6,2020-2021,HC,1.0,0.217781569909748,0.0426333045183881,-0.041009052252968
D9,2019-2020,HC,1.0,0.209882056372187,-0.110264667956999,-0.141821938244375
HLC,2018-2019,LC,0.0,0.27846029321049,-0.440786175745961,-0.2775279392779
HHM,2020-2021,HM,0.0,0.0734449550817668,0.235489124837555,0.173966882691767
MHC,2019-2020,HC,1.0,0.146872670145438,0.0173443188201819,-0.046761009708463
NLM,2017-2018,LM,0.0,0.310104861946904,-0.0266000651815599,-0.265942976120259
OLM,2019-2020,LM,0.0,0.415750998366305,0.303477048281784,-0.218455662615161
GLM,2017-2018,LM,0.0,0.0664166206402339,0.477957377311192,0.204339268582152
SLC,2018-2019,LC,0.0,0.316696372228663,-0.32419167397111,-0.33167506641053
SHM,2020-2021,HM,0.0,0.371725883771319,-0.1526452563318,-0.000477130036286966
OLM,2017-2018,LM,0.0,0.36756057235463,0.30275689954126,0.025197519831972
BLM,2018-2019,LM,0.0,0.23826292171851,-0.16127932816662,0.064855079917228
GLM,2018-2019,LM,0.0,0.318613442753265,0.39670087252199,0.167594998141575
NLC,2018-2019,LC,0.0,0.168168736483189,-0.144010399282244,0.066537720652446
B1,2017-2018,HC,1.0,0.295006694224655,0.15484166364277,0.307250796681807
HHC,2020-2021,HC,1.0,0.233042876492242,-0.018777820033084,0.032860122916239
OHM,2017-2018,HM,0.0,0.398431962068069,-0.13928668570757,-0.019145240123853
OLM,2020-2021,LM,0.0,0.35868928886415,0.06126201003573,-0.246494423352314
AHC,2020-2021,HC,1.0,0.354556047814523,-0.0401818010963302,-0.148021148223938
HHM,2020-2021,HM,0.0,0.293663737735296,0.298230391361867,0.238786276291862
NHM,2020-2021,HM,0.0,0.296753870515788,0.208153070158789,-0.138461384160889
SLM,2018-2019,LM,0.0,0.266805125095412,-0.02492098217864,-0.108726821798873
JLC,2019-2020,LC,0.0,0.208838409259404,-0.09478860196493,-0.095358299948015
HLC,2017-2018,LC,0.0,0.280844979646081,-0.042381618358189,-0.03317413383571
DLC,2018-2019,LC,0.0,0.179236972582456,0.11541764650807,0.090250829330457
THC,2017-2018,HC,1.0,0.105400466994039,-0.02255003547205,0.212377289607739
AHC,2018-2019,HC,1.0,0.412243539344854,-0.10557491682631,-0.148213947921437
DHC,2020-2021,HC,1.0,0.131893630183351,-0.15247838807542,-0.01072549478415
FHM,2017-2018,HM,0.0,0.131871057692755,0.21531369018483,0.343645616358021
GLM,2018-2019,LM,0.0,0.0828520581224437,0.533674462382395,0.239388927758437
AHM,2018-2019,HM,0.0,0.362528456257351,-0.16913875035244,0.066316115093313
MLC,2020-2021,LC,0.0,0.137317386260272,0.361226905493094,-0.103425023687581
NLC,2017-2018,LC,0.0,0.235886510294005,0.135654619715347,0.110671587553503
OHC,2020-2021,HC,1.0,0.229810232067984,-0.150351395710571,-0.025378028191779
FLM,2017-2018,LM,0.0,0.225745254304114,-0.28061611589783,0.414713889069051
ALM,2017-2018,LM,0.0,0.248896246584241,0.108904742076081,-0.06023191803391
F1,2018-2019,HC,1.0,0.252878918000709,0.535897657792182,0.194163023843554
JHM,2019-2020,HM,0.0,0.35679349933307,-0.31232032720357,-0.068427237989727
NHM,2020-2021,HM,0.0,0.332602235681104,0.08177118701242,-0.021688368046673
FLM,2019-2020,LM,0.0,0.201958736067078,-0.507908594274554,0.351255981385344
TLC,2018-2019,LC,0.0,0.0984565316821697,0.0912344965446119,0.187378763661603
OLM,2019-2020,LM,0.0,0.307659483865323,-0.15550214694122,-0.20343034071493
D1,2018-2019,HC,1.0,0.174848358945444,0.132405127303368,0.157330675230619
GLC,2018-2019,LC,0.0,0.320182615221608,-0.05162260886637,0.268126480741083
SLM,2019-2020,LM,0.0,0.335016822329418,-0.32114512665091,-0.080939987233735
MLM,2018-2019,LM,0.0,0.176511137677445,-0.254918076600629,-0.066392927547989
NHM,2017-2018,HM,0.0,-0.00577932803942005,0.14002439353087,0.223773335660995
THM,2020-2021,HM,0.0,0.698426749027676,-0.144708623738377,-0.518586231182284
DLM,2019-2020,LM,0.0,0.197222494194374,0.333621255066129,0.416335378213698
MLC,2020-2021,LC,0.0,0.139985742169833,0.13469714485264,0.242742381731197
MLC,2019-2020,LC,0.0,0.289276345094276,0.04529167131336,-0.081990039256501
JLM,2020-2021,LM,0.0,0.182463753402819,0.0721815042356602,0.00629463339997799
GHC,2020-2021,HC,1.0,0.175239917446271,0.14883174551011,0.024946275605035
DLM,2020-2021,LM,0.0,0.089914018063445,0.055782457195172,0.021989271212292
JHC,2018-2019,HC,1.0,0.393335311703326,0.14927975243552,-0.131097852089128
BLC,2019-2020,LC,0.0,0.250015495549772,0.2343718061453,-0.102142956120038
OLM,2017-2018,LM,0.0,0.0482385315474914,-0.19554505575313,0.0438494280059451
D1,2020-2021,HC,1.0,0.550052718402058,0.0518827204737299,-0.346990079439218
BHM,2017-2018,HM,0.0,0.279389987110921,-0.112427540325437,-0.224438548986415
OLC,2018-2019,LC,0.0,0.227699532226424,0.301704061252632,-0.026577506380036
JLM,2017-2018,LM,0.0,0.158962794605242,-0.572007838758865,9.28541038439923e-05
NLC,2018-2019,LC,0.0,0.168663281783081,-0.167910779434553,-0.00974595993830898
ALC,2018-2019,LC,0.0,0.551254702328104,-0.13729113189877,-0.332047717188759
NLM,2017-2018,LM,0.0,0.121086211851638,0.02737714613203,0.1925530455504
OLM,2017-2018,LM,0.0,0.0269899325078742,-0.212285578395362,0.322847097234215
GHC,2018-2019,HC,1.0,0.50638126382649,-0.1621041017829,-0.021708524701157
D1,2017-2018,HC,1.0,0.049710371526281,-0.0658692720190399,0.279439610329085
MLM,2018-2019,LM,0.0,0.132711181229565,0.0252784328351501,0.306784980200057
MLC,2017-2018,LC,0.0,0.105724395322953,0.547292514445434,0.171327524299875
NHM,2020-2021,HM,0.0,0.186567943873981,0.16832840339828,-0.031613444256887
OLM,2017-2018,LM,0.0,0.506959015845274,-0.32702640815118,-0.080720284437329
SLM,2019-2020,LM,0.0,0.129056208010271,-0.221848482794275,0.217677141951663
OHC,2017-2018,HC,1.0,0.18101403123272,-0.303130848501391,0.025069978008609
GHC,2018-2019,HC,1.0,0.0895772157090006,0.13929522524224,0.338242180676037
D4,2019-2020,HC,1.0,0.358899286507172,0.14939326320816,0.038816923925636
D9,2019-2020,HC,1.0,0.380816466638675,-0.064593730572726,-0.248253762957193
DHC,2019-2020,HC,1.0,0.615441415563137,-0.21049093509223,-0.460663660325421
OLM,2020-2021,LM,0.0,0.272403605099349,-0.31748151854505,0.169799432447388
BLC,2017-2018,LC,0.0,0.175206851889363,-0.599370832098214,-0.0921455598113537
HLC,2019-2020,LC,0.0,0.363364382838404,-0.12101518779732,-0.107076760076427
JLM,2020-2021,LM,0.0,0.149359381641702,0.324383685551546,0.179819023570335
MLM,2017-2018,LM,0.0,0.358214957735907,0.11113868184246,-0.032785233415181
D8,2019-2020,HC,1.0,0.491691959716117,0.123246494950139,-0.357206430704771
HLM,2019-2020,LM,0.0,0.10639182164831,-0.167341829494208,0.104352425661012
MLC,2017-2018,LC,0.0,0.172165630305551,0.275093928219168,0.133218335789097
DLC,2017-2018,LC,0.0,0.288004013909968,-0.122330876485995,-0.072659181372006
NHM,2017-2018,HM,0.0,0.149771704063115,0.118186538595541,0.16576005044975
SLC,2018-2019,LC,0.0,0.292804065675466,0.321760269020555,0.012717267869154
TLC,2017-2018,LC,0.0,0.116448026902233,0.0716864805061699,0.371795645867777
D9,2017-2018,HC,1.0,0.278878955153816,-0.153423450223098,0.147551726375973
THM,2018-2019,HM,0.0,0.187960046670568,0.0245048096872902,0.194503868170961
GHM,2019-2020,HM,0.0,0.477471568072385,-0.0893597402439399,-0.090208936079393
OHC,2020-2021,HC,1.0,0.251378457494314,-0.21982120644943,0.046450099562852
NHM,2020-2021,HM,0.0,0.362281112877247,-0.366767873974456,-0.132113102706789
SLC,2019-2020,LC,0.0,0.333850199022132,-0.02809148230641,-0.019937160272525
DLC,2018-2019,LC,0.0,0.60231106629199,-0.325837709216049,-0.38614156903705
BLC,2020-2021,LC,0.0,0.196111972801381,0.445106140010049,0.089821187588843
FHC,2018-2019,HC,1.0,0.221627515588358,0.16229663306276,0.19385845069157
OHM,2018-2019,HM,0.0,0.292775105941089,-0.144234099435668,-0.039998298974276
BLM,2018-2019,LM,0.0,0.289455754543814,0.098483850073232,0.08084740749555
NHC,2017-2018,HC,1.0,0.122392556116395,0.074733322007585,0.197577723559703
ALM,2017-2018,LM,0.0,0.201625533900884,0.200544694494349,-0.00564084506718801
D8,2018-2019,HC,1.0,0.235404707160433,-0.079220804775194,0.067866326098489
MHM,2019-2020,HM,0.0,0.206193617204743,-0.154115962293401,-0.026481359791573
GHC,2019-2020,HC,1.0,0.186191935538163,-0.00277440237158988,-0.026937867654004
FHC,2019-2020,HC,1.0,0.442907696011825,-0.026110668508331,-0.101232112934045
MHM,2017-2018,HM,0.0,0.0175779813199963,0.064155943795,0.192438956764841
DLC,2017-2018,LC,0.0,0.153544872370779,-0.03596295585507,-0.0835231118980337
MHM,2018-2019,HM,0.0,0.383221379937471,0.38545061378452,0.017696785216511
FLC,2017-2018,LC,0.0,0.223104566374338,-0.079884180159149,-0.191272549045631
HHM,2019-2020,HM,0.0,0.36884687084585,-0.0360897665220901,-0.144835373366728
OHM,2017-2018,HM,0.0,0.293510308709104,-0.0818823962147999,0.065332075533463
OLC,2018-2019,LC,0.0,0.0875512388806239,0.093468538512792,-0.0226856747534818
D9,2020-2021,HC,1.0,0.261908964012479,-0.139679701780272,0.069195358558701
