x_mpch,y_mpch,z_mpch
274.0421,70.2165,-18.0496
273.0414,17.7005,-14.8336
271.1425,18.3380,-15.1529
278.2732,1.9962,-13.7245
277.6169,1.5313,-13.6638
260.9357,-6.0012,-15.4624
282.2366,-9.6870,-12.8209
255.3885,-8.9888,-16.2067
253.9475,-9.8289,-16.1791
282.2147,54.3215,-15.3721
233.0677,28.3907,-19.6611
223.2947,18.1951,-19.8805
259.7577,8.2747,-15.4394
255.2456,8.1296,-16.3798
258.0658,7.2352,-15.7501
259.1678,6.7095,-15.5098
258.5838,6.7931,-15.9735
264.2906,0.9967,-15.0650
280.4264,-4.0885,-12.8896
273.9039,-28.7019,-13.6018
274.3975,-38.3211,-13.2116
273.0744,-38.6204,-13.4270
282.4651,-44.9925,-12.4639
280.9284,-45.3016,-12.5939
257.3232,-108.9197,-18.4091
255.6135,-111.2691,-18.2569
273.3911,66.2057,-16.5629
285.5456,51.8115,-14.8551
250.8328,58.4297,-18.2440
238.8816,48.1437,-18.5192
269.4656,21.0376,-14.4493
270.9223,19.0771,-14.1296
221.3938,18.8223,-19.3824
266.3445,0.3415,-14.1768
254.9409,-7.9069,-15.1137
261.2334,-14.8362,-14.3939
260.0072,-15.0073,-14.7334
270.3868,-31.6014,-13.1128
266.8930,-32.6358,-13.6763
264.3175,-32.8836,-14.0573
266.5850,-33.5617,-13.8605
286.6878,-50.7652,-11.8582
220.6333,-68.5917,-19.6934
230.5951,48.1091,-19.1500
232.5351,45.8900,-18.3779
231.7392,46.2078,-18.4213
244.8281,28.0117,-16.7039
244.1522,14.8775,-16.0725
249.5891,12.2510,-15.7101
257.0862,8.8055,-14.8419
257.4495,8.6286,-14.4694
282.0379,1.1606,-11.7904
238.0335,12.5062,-16.9318
254.1514,8.2401,-14.8600
230.7972,10.5154,-17.2812
264.3539,0.5387,-13.6017
262.9568,-1.8085,-13.7311
261.3154,-1.5056,-13.9434
265.8729,-2.5303,-13.5894
280.0138,-5.7649,-11.8694
282.7271,-8.7624,-11.4882
257.9539,-7.4878,-14.0257
257.3329,-8.5386,-14.2437
277.1352,-40.1433,-12.3114
254.7560,-111.0326,-16.9380
253.8837,110.4107,-19.7259
261.3742,102.7024,-18.5892
248.0872,96.6041,-19.8093
258.9211,46.2661,-15.6774
235.4999,46.6331,-17.3789
218.1926,54.8714,-19.5652
211.3182,38.7462,-19.5154
232.0647,24.8051,-16.8655
254.2337,12.4560,-14.3530
254.0237,9.9517,-14.3974
248.8899,7.7857,-14.9616
237.0123,8.4945,-16.4098
202.1577,13.0267,-19.6768
202.9064,12.6287,-19.6731
220.5118,6.0299,-18.0959
267.2882,-4.9342,-12.6387
260.6335,-4.1729,-13.2051
220.6847,0.7816,-17.5863
278.8480,-12.7721,-11.2587
230.5457,-11.2502,-16.7222
239.6432,-14.8726,-15.8531
257.4235,-16.3125,-13.9231
272.8308,-27.0343,-12.2236
268.3831,-30.1874,-12.6266
273.7828,-38.0559,-11.7456
281.3463,-40.0277,-11.1671
281.9606,-55.7892,-11.4310
241.2058,-77.5842,-16.4134
248.3360,-98.0198,-16.7109
236.1602,-128.4533,-18.7765
261.3031,-115.9679,-16.0301
269.3377,110.8303,-17.8843
268.6176,111.6265,-18.0137
251.4213,112.9273,-19.5638
228.4841,78.2251,-19.4284
257.9450,45.1402,-14.6601
246.2645,49.6176,-16.3061
244.5068,48.7392,-16.0027
222.1005,55.5905,-18.3772
235.9439,47.5808,-16.9106
235.7118,46.9430,-17.2749
224.8294,51.5287,-17.8957
232.8646,46.6655,-16.9875
232.3619,46.3444,-16.9023
201.3785,30.8146,-19.9025
254.3062,13.4620,-13.9935
224.3885,21.2343,-16.7948
196.2974,25.0286,-19.7673
202.4939,20.4703,-19.1124
290.6068,-3.3764,-10.1453
221.3470,5.6065,-16.6446
268.1353,-5.2109,-12.0791
261.2479,-4.1148,-12.9624
263.2522,-4.5842,-12.6125
260.2613,-4.1346,-12.7752
260.2425,-4.1535,-13.1800
264.3925,-5.0904,-12.4098
262.4672,-5.0195,-12.5320
265.7248,-5.7047,-12.4014
271.2626,-6.8537,-11.9309
285.9122,-9.4609,-10.2004
217.3820,-0.6403,-17.1890
261.5394,-10.5024,-12.7264
256.4424,-12.8194,-12.9937
216.3917,-9.6909,-17.6277
290.2228,-22.4832,-9.6563
274.3070,-37.6372,-11.2751
260.7677,-39.0270,-12.7964
277.4969,-39.1692,-11.2630
277.7123,-41.9037,-11.0553
257.3785,-111.5971,-15.5836
247.1699,-146.7028,-18.9568
243.4830,-155.5804,-19.0738
269.2886,110.5147,-17.6408
270.0114,109.4983,-17.4405
260.2623,108.9282,-17.8086
259.0818,109.2388,-17.6869
254.9645,113.3048,-18.6754
250.6437,115.1684,-19.2602
248.7404,116.3048,-19.3162
249.6135,104.6629,-18.3601
252.9209,50.8731,-14.7244
231.6896,44.7775,-16.3900
243.5985,39.1272,-15.4768
240.8369,34.7843,-15.4334
214.5554,40.5445,-17.8651
199.9584,33.1525,-18.6862
199.5697,30.5066,-19.1508
240.6560,13.4244,-14.8541
196.8873,22.9122,-19.0350
234.5329,9.9101,-15.2985
228.8817,11.0248,-15.2871
227.2805,11.3874,-15.6680
226.1631,11.6337,-15.7796
224.9744,10.8051,-16.2635
255.9973,3.3091,-12.6988
221.3163,10.7306,-16.0644
220.8014,5.9518,-16.2018
220.5597,5.9774,-16.5917
221.7702,5.3737,-16.3031
220.8751,5.3085,-16.4747
258.8551,-3.2709,-12.3122
284.6996,-8.4657,-10.0618
259.1264,-4.0801,-12.2367
255.3358,-4.0264,-12.8208
187.2942,6.1839,-19.7380
217.3887,0.6050,-16.8420
261.4969,-8.0869,-12.2825
261.8620,-8.1784,-12.1692
227.5300,-9.0621,-15.1060
231.3330,-16.6553,-14.7488
270.1228,-28.7068,-11.3503
184.2582,-53.5459,-19.9201
185.9621,-79.1616,-19.8330
221.1302,-70.1650,-16.2110
220.2758,-70.5634,-16.3915
191.6108,-83.9945,-19.3864
189.7088,-84.6827,-19.3747
255.8120,-68.5420,-13.1315
191.0606,-89.6724,-19.9106
270.9420,-64.8935,-11.8877
216.1711,-135.3500,-19.3328
233.7472,-130.1430,-17.6436
236.4753,-129.0193,-17.2013
238.2522,-127.8420,-17.6421
241.5319,-127.3688,-17.0673
241.5782,-128.2389,-16.9697
240.8946,-142.4388,-17.8846
231.1936,-151.8468,-19.2337
234.7300,-148.9935,-18.4500
237.3588,-149.0422,-18.5710
258.4099,112.1837,-17.5306
257.7239,112.7779,-17.1815
249.3603,109.8839,-18.0638
247.2910,107.0697,-18.0754
279.0057,53.6002,-12.5807
255.0215,49.5070,-14.2000
250.4259,50.6569,-14.1232
248.8770,48.2964,-14.4245
198.8318,61.9773,-18.8720
200.6607,58.5905,-19.1027
240.0264,34.5316,-14.5019
268.0060,21.8881,-11.6571
270.1804,20.2354,-11.8077
180.4851,38.5852,-19.7519
206.4357,25.6591,-17.6424
216.2162,22.2610,-16.5587
207.2219,24.7647,-17.3368
208.8317,24.2215,-17.1720
207.4820,18.0433,-16.6320
227.2466,11.4929,-15.2379
225.7808,11.1445,-15.2518
225.3569,11.2265,-15.0772
226.8138,10.8012,-14.8662
226.6159,10.7053,-14.7805
174.0680,22.4832,-19.7349
210.5709,7.8997,-16.4536
212.5235,6.8903,-16.0337
263.3180,-3.7006,-11.5791
262.1962,-6.8141,-11.8327
187.1382,4.0178,-18.8352
231.6352,-3.4626,-14.2222
263.0115,-8.0599,-11.6514
265.4981,-10.4426,-11.2751
178.2879,-5.4903,-19.3066
174.3475,-8.4547,-19.1708
172.9482,-15.2594,-19.5531
268.7063,-28.1984,-10.6894
268.7598,-28.3728,-10.9649
236.8735,-43.5774,-14.1593
182.9840,-55.0182,-19.3261
207.0357,-52.3280,-16.5177
281.7685,-42.4510,-9.9532
172.1093,-65.0301,-19.9622
174.0516,-66.7868,-19.9270
173.1493,-71.5574,-19.7314
219.3948,-70.1799,-15.6373
184.5725,-79.5303,-18.9132
187.3082,-85.1440,-19.5756
196.3438,-82.6574,-18.7117
191.2668,-84.5928,-18.7016
181.6329,-90.6227,-19.6257
189.8588,-93.3109,-19.2736
191.9882,-92.8950,-18.5231
240.5155,-78.2845,-14.1824
269.8925,-76.1835,-11.7549
204.9865,-135.0574,-19.4560
217.5444,-134.9679,-18.3622
271.6224,-101.7873,-12.9205
219.5193,-138.5868,-18.4732
245.0540,-124.6893,-16.0243
259.8678,-115.1977,-14.2834
242.9311,-128.1890,-15.8929
260.2779,-116.0987,-14.5074
239.6228,-131.8140,-16.8780
229.6835,-149.1710,-18.4937
238.2338,-145.8122,-17.4194
238.7672,-145.4044,-17.6012
237.1068,-147.2724,-18.0319
235.4148,-148.7912,-18.0327
239.2487,-149.4898,-18.0995
249.0481,-148.6608,-17.1120
241.8713,-157.2340,-17.6159
262.7334,113.1559,-16.5911
263.4064,112.3905,-16.5095
256.2372,115.7460,-16.9781
254.2219,117.9184,-17.5111
260.3301,110.8461,-16.2091
255.2901,114.9349,-16.5649
256.2747,113.7361,-16.6065
253.9762,116.1164,-16.8731
257.4876,111.6375,-16.7227
259.2967,109.4652,-15.9789
250.0331,101.0601,-16.3326
249.9924,100.1705,-16.0449
206.5002,103.6098,-19.5295
204.3124,104.8246,-19.8526
205.1175,103.6983,-19.7335
205.9065,94.3809,-19.2972
206.0047,92.1689,-18.5480
216.1541,82.8706,-17.4021
251.4402,53.9779,-14.0624
184.7530,83.0048,-19.6618
192.0093,65.8170,-18.4292
181.9540,69.7596,-19.7095
186.6122,67.4594,-19.5449
227.1689,48.0975,-15.3741
227.9757,47.6854,-15.2693
228.7392,46.8863,-15.0969
179.7861,68.4119,-19.6813
229.3150,45.6359,-15.3824
270.6291,22.1085,-10.9870
267.0978,22.1704,-11.3983
209.6579,36.8838,-16.4486
206.1479,36.6491,-16.6413
199.6989,35.7414,-17.0650
248.2592,12.2122,-12.6304
210.8469,20.6434,-16.2547
237.4158,11.6327,-13.5213
173.0534,22.6603,-19.3150
173.9588,22.4520,-19.3964
223.2924,10.3899,-14.4607
184.3082,17.2743,-17.9742
165.3057,19.6963,-19.4358
187.3725,12.4690,-17.5845
275.3884,-6.7728,-9.7030
161.1765,10.3297,-19.5458
216.9830,-0.1626,-15.2757
218.8842,-0.6787,-14.8418
219.0544,-1.1833,-14.6297
234.3952,-3.8523,-13.5045
230.8754,-7.8601,-13.9968
227.8569,-7.7240,-13.8495
225.1583,-7.4346,-13.9935
228.4718,-7.9479,-13.7804
174.8523,-2.8968,-18.9567
274.9388,-13.8809,-9.9324
170.0747,-8.1281,-19.3921
231.0125,-17.1881,-13.7183
170.0878,-19.2213,-19.2888
174.8826,-21.7201,-18.4205
235.1322,-44.8221,-13.2403
278.9004,-43.0395,-9.7341
171.9445,-62.8943,-19.2906
172.3177,-64.6213,-19.4366
175.2046,-65.5020,-18.5791
174.3739,-68.8028,-18.6747
182.6587,-72.5274,-18.4885
192.9059,-91.9653,-18.0986
241.5135,-77.7176,-13.5340
192.3958,-108.3098,-18.3848
184.6063,-131.7803,-19.6632
214.4686,-137.4331,-18.2529
214.8154,-137.4534,-17.5845
218.0803,-138.3168,-17.9889
242.4811,-150.0126,-16.3201
241.7034,-156.3546,-16.8479
237.7055,160.4618,-19.3982
265.1473,113.5275,-15.5680
262.1049,112.8636,-15.7388
261.1965,111.3572,-15.7299
262.1344,109.0247,-15.6311
256.6162,114.1870,-15.7515
253.9302,116.1453,-16.4805
255.5768,113.1963,-15.7461
256.6760,111.2772,-15.6581
252.8758,97.4615,-15.0725
252.4474,97.8354,-15.0970
209.9030,90.3701,-17.2475
257.9786,45.1731,-12.1218
182.5499,82.0322,-19.6736
170.1164,75.0707,-19.6782
226.7227,48.1505,-14.6755
233.2536,44.9469,-14.0376
234.1001,44.4860,-13.7526
226.5757,47.8922,-14.9193
172.5870,72.7309,-19.4446
165.1531,76.0896,-19.8079
228.0710,46.8551,-14.2478
227.6752,47.0185,-14.8429
185.9394,66.0674,-18.8364
174.7928,70.7320,-19.7435
228.8879,45.7638,-14.2627
228.3553,45.2668,-14.6268
164.6313,71.1125,-19.7981
167.5715,67.4167,-19.4538
179.4295,46.0134,-18.3422
234.4008,23.9845,-13.2461
164.8728,42.7800,-19.6203
173.6078,29.8033,-18.1891
155.0209,31.7330,-19.4843
209.9072,16.1621,-15.2805
213.3318,15.2711,-14.8534
150.5135,30.2156,-19.9464
211.4744,15.4475,-14.9684
153.6484,29.0589,-19.7859
220.1485,11.2748,-14.1522
222.7011,10.6173,-13.7837
164.2561,19.9804,-19.2472
216.5329,7.9584,-14.7688
160.6256,17.6415,-18.9670
154.4514,17.4657,-19.4672
277.7863,-5.8655,-9.4300
276.9914,-6.8214,-9.1494
259.6249,-3.8285,-10.7261
278.1202,-7.2216,-9.1817
265.5489,-5.3026,-10.2757
277.9830,-7.5510,-9.1263
157.7190,12.3004,-18.8894
227.3396,0.1176,-13.4791
156.9849,10.6028,-18.9714
157.4729,8.8231,-19.3134
237.3135,-3.3430,-12.4536
152.6823,7.8849,-19.3093
218.9359,-1.8878,-14.3550
183.3570,-0.3274,-17.4632
147.3820,1.3774,-19.6366
163.0579,-1.1734,-18.3840
160.4957,-2.0055,-18.4762
156.2675,-4.7334,-19.3939
223.7492,-12.9404,-13.8812
148.1456,-8.7532,-19.4148
149.4861,-9.3072,-19.6167
203.1034,-14.5885,-14.9791
220.8897,-18.1903,-13.8445
170.8539,-18.3035,-18.1630
278.4762,-42.2079,-9.2590
175.0646,-64.1863,-18.3635
172.0250,-75.5561,-18.5135
185.2862,-77.0532,-17.0431
187.8593,-76.5745,-17.2699
191.1061,-76.0111,-16.6147
184.6601,-77.8533,-17.1198
185.6243,-77.6563,-17.2196
180.8267,-79.0281,-17.6189
186.5218,-77.9105,-17.5045
186.7656,-81.8434,-17.2408
189.9187,-83.5925,-17.3684
188.7117,-87.9788,-17.0935
191.2112,-94.3920,-17.0529
174.4347,-102.4522,-18.7075
187.5996,-98.1569,-17.1619
173.1441,-126.5422,-19.7295
182.9537,-122.9644,-18.8920
183.0757,-133.4474,-19.5520
182.3054,-134.0225,-19.6746
191.3327,-137.0926,-18.4628
194.7787,-135.2608,-18.4613
193.2784,-136.1179,-18.4768
191.8661,-137.2306,-18.6553
182.8512,-150.0924,-19.9890
183.5649,-156.0153,-19.9795
212.3538,-138.0164,-16.8833
216.5703,-136.2259,-16.7609
215.3628,-138.3598,-16.8029
270.4415,-109.0744,-11.6589
228.8722,-151.1607,-16.8686
235.2392,-149.2743,-16.1224
235.3658,-149.3198,-16.2252
250.0055,-150.1319,-15.3114
231.9732,162.6642,-19.4379
262.3165,114.2129,-14.7582
261.5709,113.7996,-14.4799
253.6022,120.8013,-15.9643
256.8811,116.8760,-14.9403
261.2834,109.9157,-14.9050
211.4133,157.1584,-19.5569
257.0497,88.8213,-13.5750
255.2741,89.2930,-13.6463
256.3451,87.6628,-13.5207
204.9823,127.2339,-18.4044
200.3134,130.6546,-19.0923
188.8269,120.0236,-19.8561
276.3182,51.5421,-10.7630
250.4690,68.7813,-12.7686
203.5755,98.4483,-17.3970
175.4347,116.3775,-19.5719
199.8779,98.8667,-17.6976
172.8883,106.5131,-19.9320
169.7511,101.8749,-19.8626
191.8946,88.8151,-17.7426
186.1710,80.0492,-17.7898
185.3910,80.1476,-17.8029
184.5904,80.5189,-18.1225
171.1962,85.4196,-18.8119
208.8807,62.4148,-15.9504
164.0210,83.2117,-19.5356
164.1186,82.7222,-19.6824
225.9502,52.0201,-14.0053
226.2976,50.0485,-13.9647
167.1842,77.9227,-19.4740
183.9232,69.8749,-17.3200
228.3322,48.7924,-13.9753
184.3917,69.4680,-17.2922
191.0685,66.1162,-16.9690
193.0095,65.0952,-17.1340
226.4792,49.2927,-13.6972
232.1360,46.0652,-13.1683
230.2216,46.5589,-13.8283
228.9789,47.0093,-13.9849
232.9161,45.1701,-13.4701
170.8891,73.8150,-18.6726
166.9246,75.0222,-18.6845
167.2437,74.7807,-18.5635
168.1772,73.9506,-18.4223
228.6788,46.2842,-14.0333
229.9949,45.2078,-13.2365
229.5996,45.2127,-13.6745
168.8901,72.6074,-18.7325
227.0090,46.1938,-14.1162
169.4153,71.7311,-18.6463
170.6019,70.2508,-18.5447
173.1462,69.0331,-18.4920
232.9585,42.2944,-13.0116
164.1180,72.8458,-18.6976
167.7375,71.0391,-19.3593
269.3314,22.7286,-9.8909
274.3231,14.0345,-9.2156
233.6979,24.2841,-12.8191
196.4590,36.4089,-15.9688
154.4768,48.4226,-19.2991
225.7755,22.4930,-13.1083
175.0330,27.6466,-17.3053
220.0717,16.1117,-13.6830
175.8922,27.0407,-17.6051
220.7302,13.4913,-13.5964
217.3174,13.5125,-13.9654
220.0411,12.8687,-13.7908
219.9595,11.8219,-13.7647
184.5836,19.0600,-16.7310
217.2742,11.3193,-13.6091
149.6032,25.6183,-19.2985
149.7070,25.2580,-19.0473
152.1766,24.5141,-18.5615
184.8188,15.9332,-15.9205
151.4816,22.8033,-18.8392
188.6711,11.1770,-16.1581
159.1796,16.6001,-18.3442
275.1332,-5.3010,-9.1920
160.1847,16.0586,-17.8970
146.8987,18.3147,-18.8429
155.5057,16.6571,-18.2391
155.8538,16.4499,-18.4849
261.3888,-4.0139,-9.7851
268.6929,-5.4250,-9.3566
138.4974,16.3371,-19.8517
162.2618,11.8092,-18.0906
154.3162,12.9219,-18.4712
241.2359,-2.8044,-11.5369
154.3919,10.6973,-18.0597
159.6751,9.3377,-17.9723
185.6778,1.7164,-15.9607
155.4870,4.7728,-17.8954
226.8330,-5.9657,-12.4095
172.8202,0.3892,-17.4320
148.9092,2.8543,-18.8567
227.3359,-6.7103,-12.7751
153.6792,-14.9473,-18.7968
171.6230,-18.3201,-17.2430
233.1473,-43.4599,-11.8828
206.9120,-52.3739,-14.3820
134.6041,-66.6305,-19.7045
281.3066,-43.8289,-8.2759
204.0543,-62.6805,-14.7222
148.6490,-75.6351,-19.6019
146.3330,-76.3457,-19.7441
176.9059,-71.0971,-17.3119
169.3261,-74.1153,-17.6758
180.5438,-79.6923,-16.4547
248.9567,-64.2940,-11.2744
192.2661,-99.9062,-16.5028
197.5261,-102.9134,-15.9507
193.0378,-105.3416,-16.2750
193.0180,-106.5883,-16.9281
171.0717,-121.6374,-18.5644
174.2756,-137.5277,-19.1999
174.5626,-138.1780,-18.7103
204.1762,-123.5361,-16.4157
191.2077,-136.2186,-18.0142
197.9301,-137.9806,-17.7105
201.2630,-136.2092,-17.3718
209.1488,-131.7827,-15.9902
210.5872,-131.3825,-16.5088
177.9200,-154.2219,-19.2887
178.9454,-160.3729,-19.4473
182.9386,-157.8594,-18.9581
215.3685,-138.8438,-15.7151
216.1188,-139.5477,-16.0200
180.4042,-167.3455,-19.8883
203.5895,-156.2976,-17.4449
202.1348,-157.3492,-18.0674
204.3072,-155.8846,-17.5368
202.8333,-156.9329,-17.5216
231.1737,-151.2231,-15.4749
229.6998,-152.7779,-15.8368
228.2228,-154.0665,-15.9264
186.3061,-188.7471,-19.9493
238.0986,-150.5569,-15.2477
196.9041,-195.7073,-19.7406
240.4714,162.4308,-17.8702
244.9973,154.9476,-16.7763
236.6928,158.2056,-17.5734
236.1172,158.5529,-17.4151
235.4203,157.8142,-17.9387
230.5851,160.4416,-18.4576
228.4388,158.0727,-17.5781
262.8057,113.4834,-14.1494
258.4746,115.2957,-14.2094
255.0120,86.2335,-12.7718
202.1737,129.4027,-17.5386
189.8882,136.9897,-18.5172
225.4697,101.1390,-15.6699
193.9509,121.0751,-18.4983
193.4301,121.4470,-18.4341
278.4819,49.9750,-9.9909
171.1898,122.6372,-19.8587
171.2315,122.4085,-19.7523
169.9451,121.6988,-19.5033
171.1430,120.7816,-19.5657
168.5709,121.1204,-19.3511
167.1402,120.3653,-19.2232
168.7527,116.7032,-19.6463
165.5505,117.5795,-19.3452
165.7023,116.8062,-19.9147
199.5345,89.2410,-16.0648
168.4539,105.5677,-18.9226
184.4187,79.2689,-16.6484
187.3417,77.2953,-17.1340
157.7299,90.8387,-19.1515
158.5234,88.3746,-19.0142
212.9588,60.9063,-14.8530
149.1940,92.2862,-19.2745
152.0471,90.5987,-19.7781
228.3657,49.6187,-12.6800
231.2887,48.0555,-12.5175
183.1126,70.1297,-17.1797
206.8264,58.8411,-14.4774
235.4380,45.1093,-12.5172
232.3427,46.4247,-12.7486
202.8820,60.0715,-15.0912
232.6029,45.7487,-12.5889
166.3853,75.4793,-18.4553
228.4958,46.4787,-12.8236
229.8826,45.8069,-13.0326
228.5805,46.3538,-12.6112
169.1758,72.6394,-17.8067
257.2389,31.7097,-10.7634
230.5847,43.2995,-12.5522
231.8172,42.4432,-12.8281
254.9573,32.1807,-10.4483
232.8916,41.6037,-12.5713
235.2042,40.5452,-12.1603
155.6861,65.3688,-18.9237
220.9937,37.7067,-13.5219
152.2813,60.8733,-18.5640
155.8571,57.8694,-18.2040
251.6768,21.5573,-10.5454
225.4661,23.0139,-12.8572
163.3701,41.3705,-17.0262
246.5535,13.8185,-10.5332
246.3174,13.5463,-10.8990
149.5108,32.9301,-17.7801
220.5814,15.0560,-12.7515
218.7581,15.0395,-12.6158
220.5090,14.3780,-12.6050
225.7221,12.4244,-12.1196
220.3714,13.1494,-12.4496
217.7388,13.4102,-12.7349
221.9328,11.9968,-12.9537
151.1212,25.1762,-17.8806
154.7254,23.1874,-17.5635
152.9392,22.3510,-18.2819
148.1585,21.7289,-18.0269
148.1929,21.4027,-18.1249
144.3556,22.0086,-18.4923
155.3344,17.8993,-17.9662
152.5724,17.0555,-18.1396
156.8631,16.0462,-17.4381
153.3831,14.4501,-18.0319
165.1527,11.5487,-16.7010
155.8581,12.5897,-17.4196
157.9632,11.9850,-17.1577
153.4180,12.7163,-17.2097
154.6782,12.3844,-17.3067
151.8954,12.8035,-17.7902
151.6360,12.8228,-17.6965
155.5131,11.4830,-17.8758
152.7956,11.5518,-17.3337
151.2298,11.5861,-17.6010
149.7128,11.8211,-17.4567
140.7661,13.0989,-18.3158
161.4189,9.7651,-16.9881
155.6140,10.3744,-17.8388
153.1616,10.6811,-17.9698
161.2921,9.0927,-17.2601
156.8216,9.6321,-17.5666
254.6542,-5.7541,-9.8679
186.4324,2.6828,-15.0922
161.2381,6.2562,-17.1548
159.9483,4.6977,-17.2555
134.3535,5.8205,-19.3586
185.6152,-2.1445,-15.2076
156.2990,0.8396,-16.8320
266.7638,-12.3192,-8.9287
153.6207,0.2357,-17.7060
150.0794,-4.1549,-17.9060
129.0639,-2.2436,-19.6620
131.5189,-2.5605,-18.8336
138.4204,-3.2399,-18.7686
133.9025,-3.1646,-19.2988
143.9189,-4.4197,-18.2869
137.0313,-3.8089,-18.8413
142.9536,-4.3500,-18.6664
139.6001,-4.4616,-18.2295
153.7076,-5.9888,-17.1769
138.6371,-4.7795,-18.7378
140.5360,-4.9731,-18.5113
149.3111,-5.7713,-17.5817
139.6718,-5.0514,-18.7350
141.1083,-5.3017,-17.8444
149.4805,-6.3337,-18.1724
145.3887,-6.3633,-18.2920
143.3304,-7.0036,-18.0027
131.5205,-20.3622,-19.0394
153.9651,-21.5834,-17.0193
154.8302,-22.4142,-16.9573
154.5485,-26.4234,-17.0450
177.4150,-30.8044,-15.4330
212.9753,-32.7456,-13.2379
118.3690,-46.9662,-19.4720
133.3288,-58.4585,-18.8707
135.6705,-61.3803,-18.4844
173.1745,-65.7846,-15.7440
191.2341,-95.7472,-15.6620
209.7535,-96.4251,-14.4423
153.8474,-129.2335,-19.1103
153.4227,-131.2277,-18.5119
178.3779,-170.9707,-19.1355
244.3216,-150.8989,-14.3812
196.8265,-196.8138,-19.3894
197.9294,-206.0249,-18.9593
204.0295,-206.1620,-19.2004
228.5557,157.6067,-16.8204
267.6951,111.3794,-12.4792
261.2948,115.8782,-12.8883
209.0519,159.4195,-18.1374
208.0558,142.5033,-17.6645
183.5308,157.4553,-19.6996
184.3466,156.7082,-19.6228
257.3548,86.9577,-11.7864
201.4713,131.0229,-17.4836
254.9231,85.5327,-12.1627
199.7440,131.8973,-17.0610
202.1731,129.0359,-17.0171
229.4607,105.0139,-14.0007
197.1355,127.6818,-16.8308
199.9673,110.7187,-16.1938
184.9356,120.3160,-17.4979
169.2070,121.6699,-18.6287
168.9655,121.7872,-18.6476
163.1807,122.5193,-18.8922
270.7362,50.0629,-9.7340
167.4363,117.4652,-17.7964
211.1268,86.7232,-15.0163
140.8725,131.6149,-19.8708
186.7398,101.2422,-16.6879
206.7834,85.3729,-14.6268
170.3774,106.0258,-18.1132
170.1782,105.5291,-17.6080
217.5890,76.6493,-13.8310
196.6762,81.3219,-15.0878
196.9791,80.5088,-14.7832
143.8390,108.7268,-19.1936
149.2596,100.3643,-19.3043
147.5341,99.6837,-19.1355
151.2158,97.3084,-19.1240
147.9590,97.0632,-18.4618
188.4086,76.0880,-15.2906
152.6028,94.1858,-18.4801
161.0075,89.1990,-17.6676
156.7925,89.2697,-18.3589
156.5420,88.9202,-17.9716
232.5217,49.2213,-12.0601
160.3095,83.9985,-17.2891
228.0481,51.0973,-12.4231
158.6935,84.5780,-17.4262
155.8110,85.9559,-17.6589
155.6976,85.8734,-17.4700
154.6766,86.3348,-17.6800
156.9015,85.0739,-18.1220
225.4564,51.5721,-12.7937
223.9112,52.3140,-12.8316
223.9640,51.7102,-12.4254
234.9823,46.3156,-11.7943
157.1792,83.0363,-17.3112
194.5891,64.9371,-14.8560
230.2257,48.0601,-12.3660
164.9517,78.4135,-17.3152
164.8670,77.1792,-17.2829
165.1551,76.9257,-17.3900
228.8964,46.0345,-12.4451
151.0169,81.3400,-18.0445
228.9981,45.4110,-11.8419
168.4851,71.4317,-16.7526
238.1712,40.2044,-11.6226
205.0112,54.2109,-14.2605
168.2110,70.3773,-16.7748
264.2947,27.6054,-9.2005
231.1703,41.2666,-11.6212
165.8285,66.4890,-17.2234
167.2244,64.9448,-16.8041
262.2969,25.1456,-9.3104
261.3545,25.4867,-9.3662
263.6451,23.9426,-9.1639
234.1588,35.6367,-11.7846
207.2743,45.3071,-13.4786
150.7018,64.4710,-17.8587
147.7127,65.6059,-18.0336
148.0346,65.0530,-17.9813
119.3790,75.3112,-19.5018
134.8314,67.1746,-19.2566
252.6676,22.1448,-10.2540
190.8134,39.9743,-14.4688
119.3271,63.6284,-19.9815
234.2969,23.7241,-11.0601
129.7098,56.0515,-19.1677
125.5803,57.0149,-19.5363
183.3209,34.7478,-15.2119
184.7829,31.9312,-14.3048
244.2266,13.4344,-10.6045
191.4617,24.6527,-13.8124
171.2211,29.3573,-15.1166
144.5469,35.8151,-17.5368
143.5092,35.6860,-17.1030
144.5040,34.5748,-17.0257
141.4144,35.3195,-17.3055
142.7276,34.1188,-17.3814
221.7739,14.0781,-11.8203
217.0027,15.2343,-12.2489
215.2412,15.6019,-12.3713
213.2767,16.0565,-12.1936
142.2894,32.0764,-17.4761
142.1212,31.9607,-17.4517
142.3271,31.8258,-17.1872
220.3971,13.3086,-12.1892
217.2028,13.9452,-11.8440
141.9451,31.4914,-17.8902
142.2471,30.1795,-17.7142
144.4555,28.8789,-17.7865
138.9703,28.9120,-17.6643
282.8779,-4.6424,-7.6169
184.1817,15.3266,-14.6788
279.4637,-4.4246,-7.4663
252.4407,0.7631,-9.7592
150.6326,18.7031,-17.2700
262.7779,-3.0055,-8.8633
104.7597,25.6617,-19.8999
241.2272,0.2869,-10.4181
157.6203,13.0698,-16.6819
188.9313,7.1214,-13.8722
118.5204,16.3434,-18.8692
154.9022,9.6769,-16.1222
155.4522,9.5799,-16.2218
186.9608,3.6044,-13.8967
117.6574,10.1589,-19.1358
227.0525,-5.1520,-11.3685
226.4327,-5.1960,-11.4860
112.3784,9.5245,-19.6271
112.3126,8.7114,-18.8424
120.1590,7.4340,-18.2757
106.7839,7.6219,-19.8617
108.9086,7.2717,-19.6366
214.1422,-5.4346,-11.8579
164.8244,0.3482,-15.8153
156.4877,1.2944,-15.8762
110.3789,6.6619,-18.9274
113.9464,5.9996,-19.6899
111.7094,6.1586,-19.2661
164.7498,-0.3055,-15.1815
160.4620,-0.2956,-15.5784
157.5802,-0.1665,-15.9221
109.0419,4.7821,-18.9831
266.5801,-12.8173,-8.5706
134.8978,-2.0829,-18.2288
133.5123,-2.5450,-18.2325
146.7319,-4.4644,-16.4776
228.2729,-12.1453,-11.2086
146.9443,-5.0092,-17.1830
140.5364,-4.5101,-17.0800
145.8075,-5.2077,-17.4298
172.1325,-8.2545,-14.9359
106.6644,-3.9860,-19.9838
173.3373,-11.9843,-14.6645
128.3734,-14.2121,-18.0245
105.4837,-13.3306,-19.8066
103.3989,-17.7566,-19.9984
271.2596,-24.4515,-8.3440
271.9861,-24.5069,-8.2349
176.6723,-25.4153,-15.0641
176.6342,-26.2348,-15.0810
178.7849,-27.6281,-14.2656
177.8254,-29.1431,-14.3708
252.4456,-29.1164,-9.6047
106.6829,-33.7006,-19.6946
110.9629,-44.7024,-18.8167
135.8828,-57.6015,-17.9960
288.8212,-39.7469,-6.9169
130.9630,-64.9610,-18.3434
141.2290,-65.0277,-17.7961
287.3475,-42.0580,-6.9192
287.1718,-42.5461,-7.2280
133.6088,-74.0944,-17.7424
134.7199,-74.9614,-17.8908
135.5819,-74.8417,-17.9353
98.4272,-87.4299,-19.9848
263.7515,-55.2027,-8.9925
184.2491,-75.2058,-14.3478
216.6978,-70.6690,-12.4654
167.2466,-90.3854,-16.2207
189.2203,-91.5251,-14.3474
117.6094,-121.9822,-19.5009
190.2191,-97.9013,-14.5263
241.4090,-79.2742,-10.8240
195.1116,-105.6764,-14.5063
195.9488,-105.4018,-14.2053
135.1124,-134.5719,-19.6798
122.0122,-142.2526,-19.8531
177.2208,-118.4130,-16.4104
151.1361,-130.9839,-17.6199
152.3492,-130.5240,-17.5639
152.5635,-130.9505,-17.9544
172.8629,-122.7587,-16.7326
154.0315,-135.6058,-18.0325
170.4415,-128.7524,-16.5720
187.2945,-135.7721,-15.4729
194.2009,-138.5990,-15.6844
179.4532,-148.8056,-16.7101
200.2918,-138.1204,-15.2974
179.6253,-151.1637,-17.1911
177.1661,-154.4376,-17.1493
253.3251,-108.3564,-10.6660
181.0740,-156.5347,-16.6056
231.0832,-125.0817,-13.2723
178.4960,-159.8332,-17.5350
178.9454,-161.0422,-17.3549
182.3781,-159.6652,-16.9680
217.0426,-137.3641,-14.4029
178.6657,-166.6139,-17.8572
218.9690,-141.7608,-14.4027
232.6436,-133.1956,-13.3934
231.7301,-134.7375,-13.5734
190.3949,-170.4614,-16.5245
182.2894,-178.3951,-17.2827
227.1395,-154.3696,-14.7335
207.3110,-172.1232,-16.0658
233.5951,-153.0283,-14.1001
191.4701,-188.5601,-17.3993
236.2046,-154.2317,-13.4427
238.6032,-152.4713,-13.5080
194.6419,-190.5349,-17.5559
191.0255,-193.8746,-17.7488
189.6600,-195.2412,-17.7371
192.0397,-193.3507,-17.6471
192.2552,-193.1863,-17.6224
193.6631,-192.0271,-17.5304
187.8433,-197.0402,-18.0398
189.7549,-196.0777,-17.7631
191.2051,-197.1621,-18.2281
189.8564,-198.4568,-18.0348
189.9263,-198.6164,-18.2995
190.2116,-198.3901,-18.1901
193.8345,-198.7837,-17.8205
194.2354,-199.0513,-17.8728
195.0061,-199.3752,-18.4642
197.6581,-201.4773,-17.6224
191.9119,-207.7024,-18.2761
196.5279,-203.4258,-17.9793
197.2736,-205.9311,-17.7167
205.6279,-200.5939,-17.2563
199.0846,-207.3395,-18.6724
229.6874,-179.3073,-15.4185
203.2334,-206.0105,-18.4864
202.8491,202.8055,-19.6070
236.1204,159.9620,-15.7075
267.2304,113.1230,-12.0328
229.4602,156.6271,-15.4702
192.0099,170.3120,-18.5793
203.0161,134.2854,-15.9534
202.4898,126.0522,-15.7273
167.1066,152.0530,-18.7559
198.5493,126.4745,-16.1903
171.8865,141.6457,-17.8065
202.6882,114.2237,-15.5701
165.2288,138.1906,-17.7933
183.7613,121.9964,-16.0293
184.1348,121.5291,-16.3062
198.6318,109.8295,-15.2833
185.2869,119.2923,-16.0916
200.9486,107.0384,-15.1781
132.2600,153.2602,-19.7923
251.7285,68.8546,-10.7780
203.7023,100.1857,-14.1775
250.3369,67.9275,-10.5440
218.8946,88.7603,-13.3521
137.7353,143.6376,-19.4753
172.5022,117.3243,-16.7979
162.3540,122.8109,-17.5953
164.0609,121.3804,-17.9878
168.4528,118.4060,-16.8148
173.9898,114.3985,-16.7968
168.3633,117.7332,-16.6770
163.2820,120.6959,-17.6367
162.1202,119.6244,-17.1836
172.2649,108.0813,-16.1777
168.6765,107.5834,-16.3869
166.4734,108.6373,-16.6475
169.3034,106.8615,-16.4274
199.5871,85.9335,-13.9774
195.5534,85.0593,-14.4350
137.3929,110.6198,-18.5599
135.2942,110.8947,-19.3467
229.9083,56.0993,-11.7621
229.7204,56.0442,-11.5635
146.7418,99.1907,-17.2576
152.1576,96.0608,-17.1640
150.6369,96.7967,-17.0143
191.7060,75.2492,-14.3794
151.8030,95.6876,-17.0854
150.8144,95.8529,-17.5579
153.0087,94.6402,-17.4019
133.6325,103.2158,-18.2029
153.4130,92.1618,-17.1390
154.8895,91.3303,-17.0780
153.1524,91.8555,-17.5029
112.2224,112.4390,-19.5546
150.1527,93.3139,-17.5031
145.6593,94.0429,-17.9964
156.5739,88.5232,-17.0577
229.0338,50.1928,-11.2623
223.9329,52.2860,-11.8415
228.6882,49.3596,-11.6332
155.6987,84.1013,-17.2471
193.2106,65.2842,-14.1662
154.8279,83.1948,-16.5217
157.4123,81.7318,-17.0568
157.1351,81.6266,-16.9005
201.0201,60.7719,-13.3809
230.8562,44.4896,-10.9265
146.8521,81.4825,-17.4229
146.2973,80.8569,-16.9854
125.4465,89.5309,-19.1238
257.4196,30.7313,-9.2467
232.1239,40.8555,-10.8587
267.6739,24.8153,-8.3587
262.8058,26.7729,-9.1161
231.6217,39.7752,-11.0316
272.8200,21.5347,-8.1014
270.6388,22.3055,-8.4734
167.7780,64.0081,-15.7879
265.2761,23.5547,-8.9003
135.7949,75.5317,-17.2902
121.0192,78.9219,-18.8885
119.1509,78.0194,-18.3296
119.1514,76.9491,-18.7754
134.1043,71.0566,-18.2050
120.1953,75.7592,-18.9876
147.4976,65.1587,-17.3256
147.9440,64.8480,-17.1194
116.5566,73.5440,-18.6748
113.0883,74.5111,-19.6584
119.8526,71.6409,-18.1284
114.6824,72.7084,-18.7810
259.2953,19.7817,-9.0543
118.2445,66.8061,-18.7044
131.7024,58.8435,-17.2673
130.5618,58.1707,-18.2541
277.3014,9.5136,-7.5165
162.3974,40.7071,-14.9994
240.2348,17.1623,-10.2822
232.1186,19.2430,-10.6928
166.3918,38.2204,-15.3817
181.6685,33.4122,-14.3697
106.3966,52.3889,-19.6779
91.0426,52.0835,-19.5207
142.2151,38.3214,-16.7459
144.4521,35.2725,-16.4102
92.2577,47.5073,-19.6815
224.5629,13.5926,-10.9923
80.9232,47.7140,-19.9816
81.0441,43.8287,-19.9428
220.5321,11.0329,-10.9032
218.5083,11.4505,-10.9951
98.1989,33.9471,-18.7077
246.5794,2.5939,-9.5745
279.9081,-5.0163,-7.2844
286.9884,-6.5853,-6.6976
280.4449,-5.3321,-7.3285
104.6231,25.7847,-18.8261
277.4060,-6.8446,-7.3451
279.8301,-7.3495,-7.0550
157.2545,13.8313,-15.5980
121.1942,18.9650,-17.3823
125.0798,16.7264,-17.0633
156.0300,10.6105,-15.3511
159.4177,10.0451,-15.0204
290.4345,-11.2179,-6.5099
114.1674,13.7067,-17.6730
123.7404,11.8939,-16.8542
123.4807,11.2965,-16.9414
115.6555,10.9664,-17.9134
116.5205,9.8320,-18.3622
113.1867,10.0528,-18.2040
111.0482,9.8941,-17.9375
114.5075,9.1590,-17.9443
115.9321,8.8117,-18.1832
111.2781,9.1493,-18.7303
111.6927,8.7021,-18.5405
185.8988,-1.0915,-12.9202
111.7916,8.0415,-18.7023
156.0937,1.5261,-15.6043
154.1324,1.6751,-15.8602
159.1012,0.4617,-14.9592
97.5749,7.3152,-19.1646
158.6442,0.2121,-14.6715
158.4538,-1.1721,-15.3781
110.3614,3.1534,-17.8089
110.0451,3.1785,-18.3111
108.9679,3.1089,-17.7477
149.2185,-4.0700,-15.9313
129.9567,-3.0413,-17.2706
130.3023,-3.0816,-17.2207
112.9892,-2.2621,-17.8474
113.0173,-3.6454,-18.1849
110.2407,-3.9506,-17.5975
119.8464,-4.8309,-17.0483
113.5754,-5.1427,-17.5420
173.8061,-10.0787,-13.6499
109.3459,-5.6518,-17.9865
111.0068,-7.9668,-17.7349
174.1081,-13.1979,-14.1850
168.6369,-13.1456,-14.3848
115.3400,-11.8762,-18.3137
264.9269,-20.5690,-7.7476
102.7381,-20.2152,-18.4714
101.2845,-20.2502,-18.6134
246.5227,-25.7390,-9.3935
82.4188,-27.5369,-19.3023
96.6623,-29.6008,-19.2315
97.0094,-29.9186,-19.3780
214.6092,-32.6436,-11.0521
155.3202,-35.1480,-14.7020
109.0695,-39.7852,-17.9246
109.9544,-45.3161,-18.0439
114.4202,-47.1747,-18.3546
93.6742,-49.3731,-19.2907
84.8434,-52.3908,-19.5035
91.2496,-62.1632,-18.8986
243.9529,-44.7504,-9.4540
88.2410,-65.6328,-19.2662
95.8665,-64.7414,-19.0422
93.1651,-65.4311,-19.0534
93.8084,-65.3587,-19.2723
98.0596,-67.4474,-18.6715
123.6101,-66.5797,-17.1475
113.4444,-68.2734,-17.7961
113.2207,-68.4695,-17.5601
127.6527,-66.7379,-17.1606
124.6781,-67.6052,-17.7383
125.3767,-67.6715,-17.8934
113.9136,-70.2696,-17.8086
131.4246,-75.6000,-16.7146
98.7991,-88.1571,-19.5831
99.7337,-87.9674,-19.4846
179.6145,-71.7164,-14.2705
176.3935,-72.4666,-14.5375
144.7244,-80.2968,-15.8456
183.1833,-77.1504,-14.0419
188.1060,-84.5877,-13.4225
187.9274,-84.9160,-13.2072
280.0507,-59.2979,-7.2539
107.1140,-119.3668,-18.8316
213.2457,-84.7467,-11.6860
110.0242,-119.7056,-19.6656
108.1230,-120.5813,-18.8535
107.2525,-121.0206,-19.1739
258.6587,-70.2788,-8.6687
241.7703,-77.4505,-10.1630
117.1398,-122.0346,-19.3422
108.4766,-126.0032,-19.8091
104.5089,-127.4881,-19.6691
96.4198,-131.9409,-19.7883
95.7140,-132.5025,-19.7380
104.1175,-130.0974,-19.4779
206.6139,-95.5510,-12.6543
241.1406,-83.3882,-10.5854
193.8241,-106.3628,-14.0258
243.2698,-88.8289,-10.1301
116.8451,-144.3748,-19.6251
177.3753,-118.6274,-15.2026
153.9145,-129.9950,-17.2618
168.3005,-124.1109,-16.2108
186.3345,-116.0966,-14.4226
170.9345,-123.9033,-15.6237
169.0307,-124.8884,-16.1656
168.4613,-125.7869,-15.7948
167.8380,-126.5750,-15.7506
244.1809,-99.6225,-10.5995
246.0145,-99.6321,-10.4752
190.2373,-138.6511,-15.2380
190.5569,-138.5243,-15.1568
191.0532,-139.5204,-14.8814
137.3334,-170.6538,-18.3945
176.9785,-155.3298,-16.2101
185.1103,-150.5238,-15.2149
177.6377,-155.2791,-15.9972
173.5161,-157.8909,-16.0963
175.8156,-156.5714,-16.4100
179.3393,-154.8400,-15.7974
181.4651,-154.5502,-15.7805
141.9550,-180.4522,-19.3148
181.0340,-156.9420,-16.3668
248.9680,-113.8742,-11.0116
208.6999,-140.1289,-14.3189
210.9415,-138.9035,-13.6255
208.3104,-140.7169,-13.9773
179.7946,-168.1898,-16.1726
180.1010,-168.6198,-16.4369
179.5923,-169.3826,-16.8111
230.7250,-134.8836,-12.5500
182.1244,-169.5703,-16.3717
209.5542,-150.5877,-14.2875
182.1063,-170.8250,-16.8198
231.4611,-136.9756,-12.5442
245.8646,-132.2056,-11.2401
185.0112,-191.6049,-16.9288
226.4376,-159.5413,-14.0179
227.6047,-158.5733,-13.9141
183.0675,-196.9701,-18.0129
186.9234,-193.9973,-16.8877
187.3273,-193.8055,-16.9020
188.6881,-193.0409,-17.1059
184.3096,-199.5233,-17.4977
238.4189,-154.0296,-13.0617
236.0020,-156.3052,-12.7080
196.2531,-195.3885,-16.8283
193.1590,-199.0326,-16.7252
193.8984,-198.4455,-16.6046
198.6804,-194.5587,-16.1994
189.0424,-203.4362,-17.4362
192.0158,-202.9973,-16.9046
168.5884,-225.2383,-18.9990
197.7986,-199.0020,-16.2803
195.6837,-201.2557,-17.0933
190.9670,-205.6301,-17.2936
165.1731,-229.5981,-19.1999
195.0099,-202.8519,-17.2467
193.3122,-204.7320,-17.4536
197.3107,-201.3593,-17.2172
193.0860,-205.3308,-17.7771
206.0018,-193.5347,-16.6907
188.7964,-209.7568,-18.0499
236.3546,-165.8264,-13.5514
202.9793,-197.5076,-16.9762
200.5019,-201.2690,-16.4038
198.0216,-203.8704,-16.6510
204.4187,-199.0386,-16.8056
236.8583,-168.3291,-13.9623
200.6951,-203.0852,-17.1508
199.2320,-206.1545,-16.9696
201.5296,-206.7244,-17.3393
206.4297,-203.5224,-16.3817
207.2764,-203.3826,-16.8721
209.0503,-203.0496,-16.9244
245.1652,157.9803,-14.0665
244.6200,157.6813,-14.2060
240.1588,154.9464,-13.9882
239.2367,156.0823,-14.0774
230.7846,166.2868,-15.3106
243.0098,145.0649,-13.2555
179.5534,213.8519,-19.7842
183.0184,209.2657,-18.9438
182.8761,209.0874,-18.9883
183.1105,206.4329,-19.4029
261.8192,111.7694,-11.7306
171.9909,205.3605,-19.7908
173.0814,202.1570,-19.1422
176.1774,195.0922,-19.1171
208.4975,160.5688,-15.6225
247.5997,119.1019,-12.6242
204.6365,163.4434,-16.4924
178.3397,189.8989,-18.9574
246.7951,118.2391,-12.3406
181.5980,183.2996,-18.2369
219.1184,137.6092,-13.9486
209.7336,143.7485,-15.2124
176.1295,173.0309,-17.5783
205.0481,135.5225,-14.4220
164.2940,163.5714,-17.4055
204.9968,127.7144,-14.1639
203.0501,129.3571,-14.2335
255.5926,82.1572,-10.5146
149.8459,168.8707,-18.5440
147.8349,170.1290,-18.8813
147.5139,169.6880,-19.3642
128.7167,178.7107,-19.8841
171.7690,141.2160,-16.5611
196.5884,121.5621,-14.7967
128.6500,168.6623,-19.5309
132.9875,165.1450,-19.2997
130.4995,166.9205,-19.2865
130.0412,167.2573,-19.0681
128.5629,168.1889,-19.2018
162.9530,139.7388,-16.6475
134.9638,158.2988,-19.5693
132.8514,159.5391,-18.6872
130.5105,160.9529,-18.7527
128.1589,161.3801,-18.8733
130.0573,159.4842,-19.7243
128.3266,160.0711,-19.8618
128.8715,159.2059,-19.5994
182.8346,118.2168,-14.7755
184.2420,116.9089,-15.7015
251.3242,68.7495,-10.4044
252.8648,67.6450,-10.3346
250.1706,67.1024,-10.0736
249.2036,64.9144,-10.4588
203.9492,93.0395,-13.7759
201.1498,88.2918,-13.5309
206.3286,83.5459,-12.8141
201.4787,86.0253,-13.1910
166.2247,106.4275,-15.5107
200.5557,85.1440,-12.8711
201.7370,83.6639,-12.9112
200.9188,83.9227,-12.9716
200.8067,83.4515,-12.8228
144.4729,108.5773,-17.5324
127.7246,116.4716,-18.3055
196.6774,78.4264,-13.0174
153.1854,100.1795,-16.0378
152.1670,99.4339,-16.5637
152.5089,97.5496,-16.4734
147.8005,98.4918,-17.0589
151.4898,96.5472,-16.0733
149.0461,97.5226,-16.7576
100.6201,120.9340,-19.6711
193.1379,73.2876,-13.0992
225.1469,56.3586,-11.0856
154.7259,92.0116,-16.3867
227.4632,54.5634,-10.9342
227.1462,54.6558,-10.9512
222.8261,56.6955,-11.2425
226.2914,54.9117,-10.8937
225.3642,54.7700,-10.6618
221.7274,54.8467,-10.9083
152.3842,85.3489,-16.3423
152.2606,85.1907,-16.1816
139.9326,90.2620,-16.1108
199.1624,62.2312,-12.3234
193.2430,64.8602,-12.9228
192.3211,65.2815,-12.7425
225.1555,47.3571,-10.9565
264.5085,29.2520,-8.3112
260.0088,31.0582,-8.8138
273.1554,24.9357,-7.3889
232.0725,42.6936,-10.2867
172.5983,67.7290,-13.8828
264.4252,27.4118,-8.1942
260.7179,29.0041,-8.4328
232.0296,41.1977,-10.0774
137.0351,80.7911,-16.5443
249.7519,32.5370,-8.8877
113.3475,90.7392,-18.5073
116.6315,89.3065,-18.2457
114.8190,89.9376,-17.8958
135.1335,81.0879,-16.1969
97.9546,95.5509,-19.8660
237.0997,36.6770,-9.6032
136.7628,78.2388,-16.4884
243.3144,33.5217,-9.2086
136.8285,77.6536,-16.3186
136.3706,77.3384,-17.0759
230.7194,38.2827,-10.1153
230.3430,37.9015,-10.1233
136.3930,75.9994,-16.8997
122.2303,79.0712,-17.9207
129.9189,74.9803,-16.7598
135.4887,72.7119,-16.3494
136.6685,71.9527,-16.1344
132.3863,73.5930,-16.5268
136.2841,71.8687,-16.2289
119.1130,78.1596,-18.1345
141.6473,67.5211,-16.4477
141.1292,67.4469,-16.4851
135.3541,69.6226,-16.2804
222.3036,36.3218,-11.0543
257.1358,23.0279,-8.2928
113.6341,77.1414,-17.4617
119.5771,74.8624,-17.4373
140.3291,66.3216,-15.9283
142.6472,65.4499,-15.6636
115.5709,73.8716,-17.5522
115.6598,73.4508,-18.2399
115.8786,73.3020,-18.2546
125.1302,69.6641,-17.6286
135.6729,65.1437,-15.9779
130.5736,66.9260,-16.4986
134.5975,61.1610,-16.5427
87.5089,74.9721,-19.7573
85.7831,70.7872,-18.6971
278.2171,8.8774,-7.0188
232.0434,23.5712,-9.6201
88.2578,69.0505,-19.2375
85.0635,68.6954,-18.6857
278.9924,7.3367,-7.1427
127.5829,53.0312,-16.3033
85.4353,65.1350,-19.8796
85.1208,61.3580,-19.1368
82.7691,61.9306,-19.0035
240.2453,15.6783,-9.0911
142.0214,42.9020,-15.4316
101.3596,52.2296,-18.1383
99.1522,52.6558,-18.0476
84.4945,49.8157,-19.2719
85.4407,48.9146,-18.9985
92.7148,46.6485,-18.3872
82.1775,47.7394,-18.8397
76.8600,46.8858,-18.7929
113.3865,37.9942,-17.2940
74.4718,44.2811,-19.9120
251.4685,3.8970,-8.5930
210.6441,12.5183,-11.0859
239.3363,5.9739,-9.4371
237.3357,6.2766,-9.3300
215.7441,9.4915,-10.5839
108.8423,29.2655,-17.1093
123.8339,22.0481,-16.7533
140.1743,17.7567,-15.8723
139.3771,17.5514,-15.7708
137.7672,17.7313,-15.6275
279.1220,-7.3979,-6.7861
189.4666,6.6589,-12.6235
188.4828,6.3410,-12.6538
189.6393,5.9645,-12.1526
59.4133,25.9681,-19.7727
116.9578,12.5054,-17.1409
115.1166,11.4291,-16.9792
115.1899,10.9155,-17.2861
73.9216,16.3622,-19.6006
157.6316,0.0482,-14.5456
156.3620,0.1929,-14.1825
62.6134,10.7912,-19.4901
62.6086,10.1874,-19.4376
57.2949,10.4416,-19.6329
109.4557,2.9964,-17.6218
110.5968,2.4811,-17.3715
112.3394,2.0241,-17.4598
172.0176,-5.3162,-12.9483
113.0485,0.2193,-16.6787
113.3449,-0.0381,-16.2819
220.9501,-10.6989,-10.5156
114.7230,-1.2161,-17.1513
171.1039,-6.5817,-13.6212
100.0813,-0.2050,-17.8153
94.9939,-0.4228,-18.0246
103.8703,-1.2124,-17.5763
112.3287,-2.1256,-17.2752
101.2412,-1.6769,-17.6090
117.4142,-3.3053,-17.0815
215.0792,-12.0985,-10.4141
174.4648,-11.6940,-13.2942
261.8830,-18.1751,-7.7092
175.0360,-13.1116,-13.2804
175.0493,-13.5379,-13.3475
174.8468,-13.6821,-13.4586
94.6985,-10.0973,-17.3890
196.8568,-17.3386,-11.3562
267.9297,-20.6969,-7.2661
268.2352,-20.7347,-7.4158
266.5058,-20.6700,-7.4407
106.2627,-17.6816,-16.6058
72.6171,-24.2207,-19.2475
74.1491,-24.5322,-18.7207
99.9524,-24.7583,-17.9732
76.8769,-28.9186,-18.5080
80.0121,-29.2049,-18.8674
178.1241,-28.7256,-12.5372
179.1011,-30.3957,-12.9062
183.8129,-36.2824,-12.2074
130.6984,-41.9032,-15.8392
238.9384,-35.7200,-9.0484
185.8567,-39.5585,-12.0813
110.8482,-46.0304,-16.5683
110.1325,-46.3629,-16.6409
67.6476,-58.2082,-19.7047
106.1350,-59.0213,-17.3947
68.0265,-64.5767,-19.3389
90.2380,-62.5456,-18.9068
107.7476,-60.6249,-16.8343
92.1293,-63.9474,-18.7851
94.9710,-65.8348,-18.0821
69.2517,-69.6072,-19.5100
72.2449,-69.3542,-19.9437
100.8857,-66.6360,-17.4880
103.3186,-67.0029,-18.0776
98.4820,-68.0025,-17.8205
110.1502,-67.0109,-16.8433
109.7991,-67.0813,-17.0895
135.1136,-64.1063,-15.9416
111.8556,-68.1720,-17.3681
113.6674,-68.3588,-17.3460
118.2994,-67.6984,-16.5378
120.1190,-68.3226,-16.5163
114.0736,-69.3577,-17.4461
76.0525,-75.5180,-19.4272
109.8960,-72.0694,-17.0726
77.5561,-81.8544,-19.0136
176.6696,-65.0812,-13.3968
95.4795,-80.1260,-17.4952
135.8366,-74.4004,-15.9095
131.5971,-76.8095,-15.4281
131.2810,-76.9429,-15.4744
133.1395,-76.9058,-16.0216
283.7264,-48.3135,-6.4035
145.3372,-78.6541,-14.9492
147.3082,-78.2869,-14.5091
144.1746,-79.8816,-15.5418
145.6376,-79.5952,-15.4502
152.1568,-78.1762,-15.0322
164.3976,-82.6160,-13.9720
101.0592,-99.7373,-18.0039
106.7123,-98.3818,-18.0921
184.9407,-79.5328,-12.6010
79.0957,-109.6219,-19.4730
92.3523,-108.1944,-18.6626
79.4524,-111.8507,-19.7253
106.6971,-108.1381,-17.7707
88.0986,-122.2481,-18.7271
105.9930,-118.1804,-17.8371
112.4744,-116.2206,-17.3404
107.1227,-118.1736,-17.8709
88.8164,-124.4064,-19.7600
109.0845,-119.0116,-18.0634
171.4225,-98.8080,-14.2743
212.2235,-85.2233,-11.6501
117.1427,-118.2125,-17.5600
116.7300,-118.7673,-17.9651
225.9668,-84.3278,-10.1717
122.5199,-129.5798,-17.1343
105.0686,-142.0497,-18.3188
112.6546,-143.8667,-18.1149
197.3278,-108.2286,-12.2763
98.9213,-151.3723,-19.4296
178.7933,-118.5739,-14.1184
172.9405,-122.1296,-14.4167
167.6031,-124.6997,-14.9059
169.9470,-123.7035,-14.5268
164.5858,-126.7092,-15.2847
171.2482,-131.9444,-14.6119
245.0896,-97.4503,-9.4923
98.4884,-190.1960,-19.8456
190.0610,-139.9337,-13.6980
256.5308,-101.5927,-9.0448
189.6801,-140.2892,-13.5892
112.6484,-189.5637,-19.5981
186.6608,-145.8802,-14.3077
186.9338,-146.5162,-14.3298
180.2983,-152.3440,-14.9860
180.5026,-153.0050,-15.3224
150.8116,-171.5786,-17.2753
181.0675,-152.9485,-15.0718
186.5014,-150.4689,-13.9342
185.9942,-150.8874,-13.9637
182.1910,-155.2088,-14.9587
173.8735,-161.7272,-15.1720
208.7513,-140.1877,-13.3217
212.9652,-140.9106,-12.9452
211.3297,-142.6390,-12.8604
214.1445,-140.8137,-12.7386
271.0777,-103.5177,-8.4153
185.7105,-160.5592,-15.1942
167.1954,-183.8061,-16.5842
233.7348,-140.9126,-11.7958
246.2750,-131.5541,-10.5547
245.1634,-132.5601,-11.0528
246.8670,-131.3709,-10.4438
203.2318,-164.6247,-13.8572
235.6977,-141.8495,-11.3731
242.8572,-149.4910,-11.8954
237.0344,-155.5105,-12.5425
240.3653,-153.3042,-11.9700
240.7824,-152.9475,-11.8267
238.8065,-154.8142,-12.1434
192.0774,-198.4647,-15.3632
196.7256,-194.7842,-15.0904
193.4523,-197.9533,-15.8864
183.6408,-206.7862,-17.0521
192.5385,-199.3315,-16.1869
238.3257,-158.6123,-11.7954
191.7392,-200.3622,-16.1753
196.8452,-195.8572,-15.6060
190.5153,-201.5363,-16.4474
184.2560,-207.3816,-16.9545
200.9299,-192.5286,-14.9785
186.4563,-206.1907,-16.1204
184.8307,-207.7446,-16.8983
185.9433,-207.1479,-16.2996
147.6096,-241.7190,-19.4135
193.1753,-200.7597,-16.2318
186.4729,-207.3020,-16.7723
236.4165,-162.8047,-12.3732
146.8980,-244.2539,-19.3552
195.6210,-200.2483,-15.3518
163.3897,-232.1956,-18.5553
162.8887,-233.4053,-18.2703
202.1785,-199.1311,-16.0363
197.5073,-204.6763,-16.4768
199.5090,-206.0744,-16.4267
200.5847,-206.9772,-15.7791
204.4638,-204.1436,-16.1527
206.7054,-202.9949,-15.9626
197.6626,-212.1381,-16.0337
207.8161,-202.4979,-15.2582
199.6932,-210.5189,-15.9644
203.7088,-206.6399,-15.5807
205.4070,-205.2443,-15.8266
205.8643,-204.8608,-15.3084
208.4789,-202.4022,-15.0880
237.7690,158.0972,-13.5391
202.1832,200.6940,-16.6092
238.0174,156.1267,-13.0193
259.7725,122.4449,-11.1400
260.4944,118.2771,-10.8332
267.6032,109.7818,-10.3972
180.1951,205.9628,-18.0235
173.9086,204.0221,-18.0521
172.1211,205.9112,-17.7759
177.8860,199.5496,-17.8653
174.8226,202.8448,-18.2560
218.3010,153.4341,-13.6618
209.0909,162.5932,-14.6312
182.4636,181.3716,-16.5845
132.9506,217.8358,-19.4829
125.0259,217.1261,-19.6502
142.6942,192.2884,-18.2569
171.8887,162.5654,-15.7684
122.1309,196.7922,-19.7247
118.7371,199.4525,-19.8079
202.3797,128.9214,-14.1346
201.8281,128.5970,-13.5529
131.9343,186.0287,-18.9337
132.3065,183.5695,-18.7611
182.9362,141.7586,-14.8635
146.5655,170.5442,-17.4419
145.3101,171.4256,-17.0978
156.0445,161.6472,-16.4822
129.5249,176.9791,-17.9893
126.8517,170.5050,-18.9708
128.1300,169.0710,-18.8769
187.9957,121.6644,-13.7973
186.0795,123.0111,-14.0368
125.7615,167.2154,-19.0511
187.3455,120.4959,-14.3642
135.7305,158.2077,-18.3027
133.6149,158.9596,-18.1827
136.1446,157.0960,-17.9931
134.7971,157.9919,-17.9850
128.6864,162.3725,-18.3748
130.4538,160.9843,-18.1268
187.0160,119.5428,-14.3404
131.9312,159.4385,-18.2246
127.7550,162.1209,-18.1333
135.6881,155.9551,-17.0055
211.4072,99.2211,-12.3180
200.2844,106.8711,-13.4955
134.9065,152.9746,-17.8548
133.7947,152.7471,-16.9343
179.6374,119.7824,-14.0465
177.8850,119.8879,-14.6011
206.7021,96.8140,-12.1112
172.8132,115.9102,-15.0292
163.0240,120.0955,-14.8881
109.7450,153.1419,-18.4837
186.5274,102.3122,-13.8704
107.3216,152.6077,-19.1905
105.0987,152.3847,-19.5758
105.0771,151.0863,-18.6211
247.3707,61.6164,-9.5913
253.3769,57.8347,-9.1624
204.1842,88.0484,-12.2107
167.6784,110.2610,-14.1866
167.6109,110.0799,-14.3262
203.8632,87.1294,-12.0097
203.6121,87.2557,-12.0637
167.6499,108.9891,-14.5678
175.4042,103.9894,-14.4637
202.9569,86.1824,-12.1156
205.7716,82.3110,-11.6297
201.8897,83.7874,-11.7812
201.7899,83.8450,-11.9253
122.6936,127.5231,-17.9216
199.9189,79.5837,-12.2970
144.8812,110.2815,-15.6665
103.6885,131.9902,-18.7902
101.6935,132.8832,-18.2166
104.1669,131.3788,-18.2863
132.9397,110.8071,-15.8165
132.8708,110.7054,-15.9757
120.4216,116.9827,-17.6990
104.8591,123.9483,-18.3335
258.4708,41.4317,-8.2353
145.8389,99.3937,-15.7946
144.2751,99.6798,-15.8089
154.2983,94.1839,-14.3850
140.8227,100.9292,-15.7978
147.5955,97.2642,-15.5826
141.3304,100.3584,-15.8160
143.9365,98.9766,-15.5976
139.0430,101.2448,-15.3141
143.3213,98.8906,-15.5230
193.1699,73.2735,-12.7883
195.7413,71.3681,-11.7909
226.0201,55.9249,-10.5762
72.7611,133.5769,-19.6897
194.5190,71.0508,-12.1433
215.9456,59.6166,-10.5925
147.3923,93.0292,-15.1530
75.5903,127.8159,-19.5697
146.6849,91.4423,-15.1550
148.7994,90.2203,-14.8924
145.2977,91.4855,-15.1820
134.1558,96.8915,-15.5311
151.0449,88.5696,-15.0568
80.3476,122.7172,-18.7147
146.0006,90.3432,-15.3640
153.1877,86.8257,-14.8204
153.4670,86.6380,-14.7048
143.4787,91.0817,-15.7535
209.3178,58.4727,-11.1786
188.0077,68.5916,-12.1129
142.4390,89.9922,-15.2288
141.0330,90.3242,-15.1878
135.9845,91.8056,-15.7871
189.7523,66.3913,-12.6852
190.6895,65.9089,-12.6439
190.5838,65.7240,-12.6250
190.8017,65.1654,-11.8588
194.2519,63.4631,-11.9366
196.3128,62.3626,-11.8909
220.2119,50.2927,-10.4216
66.5768,120.5893,-19.8336
187.6331,64.9440,-12.7238
209.0598,54.7486,-11.2182
189.0540,63.5915,-12.7009
186.9593,64.3607,-12.5459
185.7579,63.3237,-12.5670
229.9623,42.7833,-9.8931
180.4418,62.8679,-12.5651
264.4267,26.6423,-7.6024
269.8184,24.3037,-7.2001
263.2525,26.9023,-7.8484
267.0041,25.2482,-7.2628
140.2760,79.0879,-15.1311
182.0883,61.1658,-12.3627
133.2387,81.9084,-15.7647
141.6326,77.9044,-15.4678
113.1257,89.9797,-17.0406
112.6582,90.0740,-17.2020
114.8659,88.9912,-16.7896
245.4321,33.6494,-8.7063
97.5644,95.7382,-17.5201
229.5273,39.4728,-9.4846
133.2441,79.5367,-16.1894
127.5457,81.7035,-16.5609
233.5301,37.5299,-9.3927
131.6919,79.7380,-16.1643
216.7711,44.3201,-10.1064
241.0752,34.2571,-8.7606
236.7638,36.0296,-9.2845
232.1296,37.9040,-9.2630
233.0294,37.4803,-9.3214
233.2791,37.1965,-9.2811
222.8897,41.0333,-9.8664
222.7984,40.7449,-9.7060
127.7833,78.7428,-16.4281
120.7856,79.9084,-16.3295
165.3718,62.0544,-13.8922
84.1979,93.4997,-18.3274
149.1307,65.5782,-14.2767
258.1486,23.2481,-7.8956
261.0121,22.0938,-7.7130
116.9485,77.1567,-15.9102
192.7391,47.3008,-11.3910
133.8984,68.7914,-15.7085
167.8697,56.0269,-12.9269
191.7666,45.3482,-11.9989
127.9525,66.6664,-15.9778
76.4048,84.0266,-18.5225
134.4753,63.1333,-15.7094
132.2195,63.8217,-15.6612
64.0749,87.7266,-19.0496
65.7436,78.4456,-18.7898
132.0671,56.5545,-15.5204
84.8475,71.4573,-18.6147
84.8726,69.1302,-18.4177
208.5251,29.0534,-10.7682
81.4847,65.8718,-18.3502
83.4896,65.2681,-18.2316
129.5766,51.2445,-14.7875
136.4138,48.2012,-14.2811
59.9065,70.4283,-19.8954
161.6834,40.3208,-13.4000
84.0156,61.3970,-18.5573
125.9412,48.7506,-15.3259
133.1385,45.8954,-14.4680
136.5105,43.2585,-14.3406
134.1782,43.5034,-14.8865
81.0094,57.6733,-18.3328
95.5162,51.5020,-17.2908
96.0387,50.9876,-17.0722
83.3318,54.3016,-17.1721
249.1040,9.9449,-8.1446
84.5110,52.3896,-18.0318
253.9067,6.2442,-7.8200
82.2478,45.3284,-17.3335
86.3344,44.3049,-18.0169
79.1192,45.6306,-18.3839
79.1028,45.4036,-17.5712
83.3553,44.4053,-17.3815
79.7099,45.2504,-17.8143
74.7749,46.3108,-18.1401
75.2536,45.8995,-18.1971
97.1059,40.1472,-17.2849
234.6782,8.1023,-8.8940
211.6471,11.6188,-9.9645
109.3485,29.9673,-15.7979
259.8559,-2.3215,-7.1665
275.5857,-6.2935,-6.5361
60.8414,29.9315,-18.7441
81.0011,26.1937,-18.2272
160.0174,9.8940,-13.1961
114.6080,17.0956,-15.7288
114.8363,16.9890,-15.8040
86.6394,20.6765,-17.6022
84.3011,20.7585,-17.5302
85.6482,20.4088,-17.9394
114.5516,13.6462,-16.0300
80.5544,18.1884,-18.2033
110.6937,13.7312,-15.6376
55.1475,21.1832,-18.5642
54.7479,20.9706,-18.8513
48.2723,19.1044,-18.7312
70.6036,14.9292,-18.6356
71.9324,14.2521,-17.7234
158.6423,1.0350,-13.1712
161.1199,-1.1804,-13.0529
210.6860,-6.6611,-10.3812
221.3476,-10.3765,-9.7536
105.7429,-1.4949,-15.5106
137.1715,-7.5585,-14.0704
37.6099,-0.1750,-19.3922
133.7894,-7.8228,-14.7299
135.2289,-8.6798,-14.2975
132.5472,-8.7148,-14.3499
133.1042,-8.7580,-14.1577
130.6287,-8.6386,-14.9650
170.8596,-12.4968,-12.4774
105.8430,-10.0563,-15.4724
68.2618,-9.1683,-17.7886
35.2581,-12.0597,-19.8284
36.4361,-12.1342,-19.2332
38.8552,-12.3427,-19.2651
47.9786,-12.9487,-19.1710
39.0236,-12.6017,-19.7847
37.2340,-12.5850,-19.8821
183.2255,-23.5669,-11.5121
182.3182,-25.8224,-11.9844
94.9549,-28.3246,-16.5180
77.6769,-29.1573,-17.9638
82.3549,-29.2795,-17.6012
80.0867,-29.6252,-17.3908
32.6137,-32.0105,-19.3967
130.1519,-38.0172,-14.5252
111.3236,-39.9402,-15.3874
130.9460,-40.7066,-15.0188
130.1277,-41.0456,-14.3228
51.6700,-47.8128,-19.6143
110.0161,-45.4368,-16.2147
185.9732,-40.2550,-11.6376
87.6824,-50.8178,-17.3983
71.8704,-54.8694,-17.3631
63.4120,-59.4710,-19.1037
106.9214,-55.3140,-16.5226
91.0027,-58.1023,-17.1875
63.8198,-61.2883,-18.7218
80.7590,-64.7928,-17.4077
70.0797,-68.6219,-17.9524
107.7547,-63.7536,-15.8880
115.2072,-63.7425,-15.6190
106.9502,-66.7185,-16.2685
110.4676,-66.2755,-16.1964
108.3532,-67.2243,-15.7285
120.0332,-66.6024,-15.1996
122.5253,-66.3539,-15.0327
101.1636,-71.6418,-16.8315
74.8045,-78.5452,-17.9681
99.6088,-74.6323,-16.0919
89.2329,-79.7018,-17.1312
96.6110,-78.4547,-17.3753
94.2707,-81.3131,-16.5300
129.9639,-76.0544,-15.1056
108.8128,-81.5983,-16.3148
108.6732,-82.1689,-16.7292
141.6936,-79.4218,-13.8711
77.8581,-93.6988,-18.3349
147.2264,-79.0040,-13.7802
185.3851,-75.1615,-12.0635
161.1394,-81.1753,-12.8979
185.8554,-77.2057,-11.5040
70.5481,-108.4493,-17.8800
185.6078,-79.3602,-11.7634
78.3027,-110.4907,-18.5361
70.6953,-112.6022,-18.4866
70.5976,-112.9392,-19.1693
71.7453,-112.6448,-19.0424
66.6879,-114.3875,-19.2515
76.1427,-112.6309,-18.6175
95.3952,-107.3544,-17.4155
114.3304,-105.0504,-16.2328
59.1798,-121.3206,-19.8252
36.3520,-127.9617,-19.9636
58.3275,-121.6294,-19.6332
59.9656,-121.3209,-19.5513
71.7226,-118.0738,-18.0361
57.6798,-122.3563,-19.5313
57.0879,-125.9198,-19.7166
58.6379,-127.9688,-19.1983
106.5293,-116.3869,-16.4642
85.5355,-125.2414,-17.4169
77.2222,-129.5371,-18.1686
205.0825,-87.1384,-11.0490
213.4163,-84.7254,-10.5892
88.6065,-127.1489,-18.0589
88.9027,-127.5554,-18.4433
186.7513,-98.4291,-12.1340
84.2365,-135.6236,-18.8421
64.1627,-143.7452,-19.9073
94.1997,-134.2288,-17.4649
92.0415,-137.1203,-18.1595
123.0331,-130.9617,-16.5208
93.9713,-144.1334,-18.3523
103.3954,-142.0505,-17.8932
132.0859,-131.9446,-15.5418
108.7704,-143.8223,-16.8504
196.3731,-106.8638,-11.4460
71.7676,-161.4833,-19.4373
109.3450,-145.5758,-16.6367
71.1598,-162.0454,-19.5255
145.6379,-130.0764,-14.9531
71.7250,-161.9988,-19.6798
163.0980,-134.4287,-14.4330
82.1771,-175.6414,-18.9953
83.0695,-178.5918,-19.8526
84.7561,-179.0004,-18.7176
86.7865,-181.7163,-18.8943
86.3977,-183.7775,-19.0087
245.8986,-100.5522,-8.7432
245.4592,-101.1233,-9.2315
93.1058,-185.1861,-19.0083
92.6808,-185.8061,-18.5290
95.4829,-184.7247,-18.1674
165.3215,-147.6384,-14.4756
96.4674,-185.4465,-19.0216
88.2996,-190.5289,-19.6405
89.1024,-190.2660,-19.0917
82.0987,-194.5168,-19.9851
90.3681,-190.8243,-19.9295
128.7062,-169.5808,-16.4455
92.5319,-189.9084,-19.2648
92.3203,-190.0417,-19.6730
87.8057,-194.1587,-19.2080
98.0463,-189.8351,-18.9536
99.4480,-189.1549,-18.7387
132.6781,-172.6001,-16.2671
123.4922,-180.9396,-16.8524
124.8012,-180.3595,-17.0364
114.8593,-190.3240,-18.1921
115.6838,-191.7694,-18.4770
178.3039,-155.6401,-14.0280
184.0667,-154.0749,-13.8985
212.7500,-141.5347,-11.9733
213.5431,-141.2761,-11.5921
210.8502,-143.5637,-11.6858
182.2879,-163.2325,-13.6904
101.0882,-231.6966,-19.3716
100.4805,-233.3353,-19.8436
99.9130,-235.1259,-19.9147
118.5271,-224.1785,-19.5726
119.5416,-223.5857,-18.7683
196.2315,-169.1136,-13.5719
208.0125,-160.7088,-12.9447
103.8062,-241.3012,-19.8652
100.8535,-243.6378,-19.9638
99.2559,-245.7528,-19.7669
106.5592,-240.5637,-19.8005
239.4722,-140.8582,-10.7724
115.3375,-243.7618,-19.8608
221.4474,-160.0784,-12.1682
222.4327,-159.2847,-12.1312
191.4680,-195.4886,-14.7536
192.1476,-195.0220,-14.7285
242.5578,-151.5674,-10.5094
192.4153,-195.1593,-14.8491
244.8755,-149.7222,-10.6748
244.1630,-150.5790,-11.0006
124.9061,-255.0181,-19.1044
237.9605,-157.2479,-11.2807
237.4216,-158.1857,-11.6121
183.0786,-206.8662,-15.5405
190.3771,-201.0949,-15.2553
245.2988,-152.5918,-10.8176
149.7304,-240.3987,-17.4710
148.1785,-242.0288,-18.3353
148.9770,-244.0571,-17.8752
184.2536,-212.4560,-15.7933
183.3496,-213.7073,-15.4515
177.7760,-219.1323,-15.5908
137.3180,-257.5645,-18.9125
152.4766,-248.4952,-17.6636
202.1433,-208.5278,-15.1904
201.5369,-209.3173,-15.1700
162.9150,240.9137,-18.6344
244.9597,137.9251,-11.3680
180.3123,209.5957,-16.9474
180.0926,208.0419,-16.4670
175.5091,202.6533,-16.1743
174.0283,204.2017,-16.3163
174.9981,202.3562,-16.1490
175.5105,199.1290,-16.6929
171.1624,203.3157,-16.7022
171.4891,202.9496,-16.6933
174.8386,198.3396,-16.7152
149.6002,220.4484,-18.6593
201.4507,166.5244,-13.7003
149.3089,220.5999,-18.1935
143.3217,222.8452,-18.1137
148.8221,215.7618,-18.0826
200.3135,163.2366,-14.4018
144.6683,219.5860,-18.2510
150.0043,213.8523,-17.7214
146.3575,216.9056,-17.9076
128.6265,220.4063,-19.3148
131.9198,215.8610,-18.0443
124.5520,221.5450,-18.6066
125.4600,219.0493,-19.5552
122.6374,219.0535,-19.4451
134.6245,206.9110,-17.4180
122.0516,218.1206,-19.6077
121.6273,217.6851,-18.8608
176.6505,166.9163,-14.6121
164.7195,166.6295,-15.8374
202.8539,130.0231,-13.0744
98.5558,214.6574,-19.7905
204.7134,125.0722,-12.9237
135.7122,181.8641,-16.6980
203.3873,124.0603,-11.9786
141.7361,174.0115,-16.0468
131.7317,181.7619,-17.0770
140.1604,174.6504,-16.5262
132.5817,180.7246,-17.2903
130.5908,182.2825,-17.3995
134.9428,178.6829,-17.2862
124.0834,187.3163,-17.8144
128.3223,183.3670,-17.0763
194.9895,127.8261,-13.1368
196.5975,126.4334,-12.8564
130.1924,179.2406,-17.9384
115.3948,190.8943,-17.5808
194.2247,126.1683,-13.0300
191.2631,125.0816,-12.6717
90.4596,202.6520,-19.7146
202.4600,114.1628,-12.3270
132.9781,163.7272,-16.4797
135.9283,161.3886,-15.7437
132.5923,163.1275,-17.1959
126.3183,166.5701,-16.4392
131.6371,161.5789,-16.0314
135.5217,156.2490,-15.7694
134.4914,156.6122,-16.8545
136.1131,155.3877,-16.7730
194.2587,113.2622,-12.2692
162.6497,134.3445,-13.9682
78.6114,187.9414,-19.6189
77.6484,187.3705,-19.8947
79.2931,185.2905,-19.5541
80.4522,183.6545,-19.2052
68.7376,191.6567,-19.4526
77.9624,183.7112,-18.8639
163.7285,121.1509,-13.8946
163.4527,120.8346,-14.1930
167.1480,117.8044,-14.1966
186.0301,104.9877,-12.1059
77.2692,170.9076,-19.6959
75.4156,170.7158,-19.0942
203.1181,85.8532,-11.3816
168.0096,105.0355,-13.8407
199.2825,85.4511,-11.8967
199.4211,85.1143,-11.6874
62.6021,164.6692,-19.3923
202.2509,82.2585,-11.4113
202.1673,81.7786,-11.4212
216.8766,71.9565,-10.5971
95.8867,140.7794,-17.0773
102.3526,132.1151,-16.9559
105.2564,130.2099,-16.5729
99.0744,133.4580,-16.8612
92.7699,136.9287,-17.1109
133.7710,111.0405,-15.3462
134.1304,109.9935,-15.0333
183.1144,81.8113,-11.6317
117.7246,115.2722,-16.3837
117.2222,114.4371,-15.9507
138.1947,102.2520,-14.2302
141.9995,99.2828,-14.8337
215.1582,60.5220,-10.2235
226.2548,54.7602,-9.4989
143.5982,95.4707,-14.3395
143.1103,95.6627,-13.9511
142.6799,95.5993,-13.7800
237.2858,48.4203,-8.9183
157.3539,87.0094,-13.5733
154.8536,88.0126,-13.4734
145.1394,91.9317,-14.5916
61.2211,132.1562,-18.4093
93.5448,116.1634,-17.4538
266.5911,31.5122,-7.0904
147.6596,88.3455,-14.4406
211.0896,57.3942,-10.2846
191.2418,65.6679,-11.1572
136.0308,91.5264,-14.2039
138.3954,90.3703,-14.2977
135.4379,91.7422,-14.7652
189.0624,66.0243,-11.8582
190.3367,65.3905,-11.7631
160.5792,78.5812,-13.3160
147.2061,81.3689,-13.9292
139.6511,83.5114,-13.6146
241.6049,38.1799,-8.5079
136.6260,84.5847,-14.2286
129.1005,87.8256,-14.4883
142.9795,81.6152,-13.4724
151.5082,77.6656,-13.1111
138.0014,83.5582,-13.7977
139.6229,82.6387,-13.8682
138.4534,82.9149,-14.1883
182.0442,63.6015,-12.0905
150.4416,76.9657,-13.2141
150.8667,76.6917,-13.8053
170.9685,67.9354,-12.2422
172.1322,67.1864,-12.2371
267.9872,24.8422,-7.0622
179.4645,62.4993,-12.1959
185.2712,59.9495,-11.7066
180.2288,62.0771,-12.0418
180.3776,61.9198,-11.5849
179.1348,61.1853,-11.4028
181.2458,60.2694,-11.2174
235.6395,37.3556,-8.4931
231.1395,38.8282,-8.8502
225.9050,40.4973,-9.0760
123.6033,81.7362,-14.9127
110.3271,86.8108,-15.6063
233.5484,36.4886,-8.8324
84.9195,93.7102,-17.7333
117.7060,80.2052,-14.8883
233.3314,32.7453,-8.7133
119.6255,74.7925,-15.1984
117.4669,75.4958,-14.5860
232.7967,31.6632,-8.4093
231.4970,32.1085,-8.5293
47.7091,97.5330,-19.6062
47.7309,96.6637,-18.6853
50.0457,94.4226,-19.1176
239.8756,26.5106,-7.9767
137.4305,61.5886,-13.4381
101.1567,72.0435,-15.8365
133.6150,59.5818,-13.5669
133.5202,59.5764,-13.5712
231.3754,24.7988,-8.9177
67.8505,77.6682,-17.5579
134.0922,54.6075,-13.7258
131.1294,55.4460,-13.8963
75.1452,73.0051,-16.4522
80.4574,70.8291,-16.9031
138.7615,51.2327,-13.8390
130.3839,52.0436,-14.1721
129.1675,51.7270,-14.5755
161.6159,40.9262,-12.7802
34.9384,78.2240,-19.6536
236.0423,17.8041,-7.9392
76.7649,64.0128,-16.4767
139.9463,44.2508,-13.0033
82.6358,60.2204,-17.2188
138.3741,42.9609,-14.0324
140.4484,42.2662,-13.8349
136.3955,43.2870,-14.0322
140.6856,42.0370,-13.7373
225.1788,17.2267,-8.6469
160.6305,33.3642,-11.8577
189.6001,25.5139,-10.8868
92.3331,49.6044,-15.9131
80.0105,50.0967,-17.1023
93.2357,45.5751,-16.3551
76.3192,48.9256,-17.4088
250.5555,5.6012,-7.1904
245.6968,6.6510,-7.4978
86.9946,43.0262,-16.6491
244.8084,6.6337,-7.3777
16.1542,54.0356,-19.3080
14.8710,53.5160,-19.4703
18.5146,52.4991,-18.9919
17.3951,52.6691,-19.4383
12.4923,53.7037,-19.4896
28.1742,50.2715,-19.7756
34.4735,48.9227,-19.6134
27.8252,50.2401,-19.3829
32.8893,48.7104,-19.6464
38.0696,47.4575,-19.4684
28.2148,49.4167,-18.6890
21.3300,50.8496,-19.8652
32.7086,48.1098,-18.1836
26.9034,47.7735,-19.1923
54.9053,40.8241,-17.2226
31.3361,40.3009,-19.4796
29.3399,39.7731,-19.6854
30.4491,39.1945,-18.4238
279.8150,-6.9368,-5.8838
28.8114,37.1040,-19.4792
29.0094,37.0635,-18.3287
276.4343,-6.6899,-5.9955
277.5302,-6.9748,-5.6619
160.8169,11.5894,-12.4067
161.5398,11.3143,-12.3035
185.4324,6.7891,-10.5211
160.4860,8.2545,-11.6174
76.8796,17.5264,-16.7553
75.5801,16.9309,-16.1944
109.8474,8.1718,-14.2855
165.1880,0.0120,-11.3553
61.3698,10.4811,-17.1955
61.7947,10.2250,-17.3847
182.6102,-4.4853,-11.1165
108.0808,2.6344,-14.4087
56.4004,5.6854,-16.8028
141.3437,-7.3970,-13.3102
139.5780,-7.3233,-13.4936
123.5892,-6.8194,-13.7950
70.8903,-5.6857,-17.2344
132.0846,-9.6514,-13.9374
131.4916,-10.1343,-13.2199
129.9361,-10.2340,-13.2457
35.3051,-4.9241,-18.0855
37.1399,-7.8627,-18.7425
262.5097,-20.0610,-6.7586
105.1049,-12.6280,-15.2779
102.8459,-14.2868,-14.7666
267.1489,-21.1711,-6.0962
35.1956,-11.7255,-18.4614
102.9379,-14.7803,-14.3554
22.8484,-11.6562,-18.9151
37.7310,-12.9082,-17.7255
36.3164,-13.4165,-18.0999
39.4685,-14.2096,-17.7165
31.5542,-15.1582,-18.1396
36.2416,-16.2010,-18.1655
34.9084,-16.6556,-19.1107
153.4143,-21.8292,-12.4459
42.5627,-20.3987,-18.3075
98.6329,-25.8623,-15.1267
153.1170,-28.3030,-12.3695
32.9620,-29.4660,-18.3064
32.8001,-31.0173,-18.7408
154.8561,-29.3291,-11.6642
13.9866,-32.9169,-19.2509
106.2765,-31.2797,-14.3107
105.2040,-31.6241,-14.2195
157.1722,-31.8724,-12.3353
155.6174,-31.9849,-12.0296
152.5919,-32.1305,-12.2103
106.9422,-34.7535,-14.8750
177.9846,-34.7166,-10.8501
23.5526,-49.5131,-18.6958
49.3724,-48.1296,-18.2129
44.9017,-51.5779,-18.1270
61.4934,-55.5599,-17.2013
62.0235,-55.5681,-17.1077
57.8055,-56.2900,-16.7626
220.6845,-41.4925,-8.8846
62.7151,-56.7496,-16.5687
65.4992,-56.9367,-16.8556
65.9655,-57.4434,-17.4658
20.0900,-62.5309,-18.8495
59.1121,-59.1922,-17.1443
87.4434,-57.1851,-15.5803
85.0239,-61.3113,-16.2315
88.6575,-61.1604,-16.0424
24.1126,-69.9679,-18.7957
32.9861,-70.1584,-19.3992
31.5036,-70.3569,-19.5163
68.9069,-66.0758,-16.6312
33.5760,-70.6975,-18.9538
34.7118,-70.9249,-18.3954
109.0753,-61.9302,-15.2911
-2.7954,-78.4448,-19.9425
79.5379,-69.9824,-16.7945
126.4446,-63.6041,-13.2954
19.6274,-80.1635,-18.8411
172.8715,-58.2744,-11.1167
19.0878,-82.7287,-19.6476
174.6573,-59.0484,-11.4101
10.2891,-89.6323,-19.4343
8.5711,-90.5477,-19.9238
10.9018,-90.2044,-19.7708
75.3560,-79.4483,-16.5943
98.6418,-75.8006,-15.8417
105.6977,-74.7628,-14.4719
15.9332,-94.1872,-19.6687
13.5754,-94.8597,-19.7196
10.9877,-95.9222,-19.8636
176.1322,-65.8189,-10.7890
181.9563,-65.0028,-10.5262
284.9568,-46.1636,-5.4603
12.5742,-101.3609,-19.4021
7.1524,-102.6769,-19.6135
19.7394,-100.9038,-18.8914
19.0664,-101.3741,-19.2950
76.7330,-94.4347,-16.1605
141.5166,-80.2473,-13.0604
12.4353,-112.6135,-19.8984
3.8298,-114.8388,-19.9026
20.2202,-114.9073,-19.7341
182.1148,-75.9959,-10.7075
15.9556,-116.7427,-19.6659
22.5419,-115.7733,-19.9024
183.2868,-77.0705,-10.9651
24.3007,-117.0519,-19.9865
160.7701,-83.1434,-11.8985
73.4473,-107.7446,-17.5570
32.2662,-118.5928,-19.3934
113.8783,-97.9678,-14.1861
186.3442,-79.4080,-10.5091
27.1430,-122.9173,-19.4524
24.2812,-124.9962,-19.0329
19.2693,-127.5261,-19.4160
23.0004,-126.6947,-19.3735
19.1210,-127.8637,-19.2961
23.3534,-127.1423,-19.7558
24.2764,-126.9517,-19.3527
17.9176,-128.9025,-19.4384
14.8028,-130.1892,-19.6705
102.6265,-105.7436,-15.4166
96.7961,-107.4637,-15.5899
94.7734,-108.0521,-15.6912
19.4249,-129.6835,-19.3220
43.1180,-123.8679,-18.1832
42.2353,-124.1326,-18.1170
99.3901,-107.9159,-15.6872
24.9246,-129.2268,-19.1032
46.9936,-123.4668,-19.2095
101.7837,-107.8397,-15.3108
31.2394,-128.4694,-19.9126
38.0103,-126.5655,-18.9864
31.7409,-128.6491,-19.5872
37.2463,-127.1184,-19.3585
30.6519,-129.1930,-19.5657
33.8415,-128.3255,-19.6453
37.6875,-127.4481,-19.7815
21.9650,-132.4791,-19.1911
28.7486,-130.5505,-18.8708
56.3985,-124.9992,-18.5026
55.1099,-125.3970,-18.5549
56.6340,-125.2817,-18.4464
30.8239,-135.3067,-18.9056
27.4694,-137.7137,-19.0111
30.3619,-137.9195,-19.1505
104.4066,-114.8329,-15.9432
107.2565,-114.0444,-15.8124
107.5429,-114.3269,-15.8026
85.2789,-125.0523,-17.2076
25.6932,-150.3451,-19.2859
88.1135,-129.9223,-16.9980
64.5873,-138.1223,-17.4221
68.6145,-136.9519,-17.6545
25.9041,-153.1453,-19.4115
187.0109,-98.0735,-10.7828
54.0722,-149.9293,-19.0457
93.9014,-135.3403,-16.7035
92.0777,-136.3125,-16.4815
243.8151,-79.8227,-8.2512
93.6821,-136.1574,-15.8123
91.5770,-136.9631,-16.0981
48.3777,-156.0877,-19.1090
49.5210,-155.6968,-18.8086
54.7158,-153.7631,-18.4581
29.7454,-166.0428,-19.3311
31.9012,-165.2221,-19.2610
28.9974,-169.4928,-19.5930
28.1213,-178.2967,-19.6180
142.3902,-129.8885,-13.6457
104.6629,-147.0159,-15.4962
192.1987,-109.7282,-11.2081
197.1198,-107.6373,-10.9304
171.2262,-121.2946,-12.4013
75.4813,-164.0358,-17.8967
170.7599,-122.0462,-12.8364
181.6271,-118.1501,-11.9785
103.9943,-162.2344,-17.0048
105.4430,-162.0247,-17.0111
202.1347,-116.8229,-11.1584
81.9434,-176.0947,-17.3684
107.0386,-166.0001,-16.7588
81.3768,-179.2564,-17.3952
42.5428,-199.7430,-19.9813
83.7708,-180.4721,-17.5779
79.0928,-183.2980,-17.4433
85.4980,-182.5425,-17.2104
84.8665,-184.3750,-17.1728
84.4968,-184.7551,-17.6730
87.7220,-183.1417,-17.5327
178.7828,-136.8451,-12.3492
88.6421,-185.4622,-18.2766
91.8172,-184.8090,-18.0271
85.9280,-190.2621,-18.4029
79.9803,-201.5542,-18.3323
97.0585,-192.4772,-17.5788
156.8442,-159.8326,-13.8898
124.7903,-180.3422,-16.2663
160.6274,-159.4761,-14.0748
161.7137,-158.8893,-14.0666
196.9974,-140.6521,-11.5934
115.0140,-190.7181,-16.0203
179.5516,-152.3063,-12.6567
137.4649,-178.3850,-15.0817
179.0632,-154.0676,-12.9815
137.4119,-180.4308,-14.9017
184.8596,-151.5292,-12.7239
73.7946,-222.1878,-19.3287
165.1334,-165.1995,-13.6137
98.7994,-209.8781,-17.7942
103.3239,-211.7974,-18.4961
216.3892,-139.7276,-10.7287
223.5457,-138.6916,-10.8230
111.8919,-219.1544,-17.3908
182.7873,-172.0814,-13.2278
259.5424,-117.8342,-8.2734
100.8413,-232.1182,-18.9440
200.2995,-162.0020,-11.8788
115.1169,-224.4305,-16.9763
116.9446,-223.1089,-16.8935
97.9656,-237.6112,-19.4614
201.4880,-162.1227,-12.3257
90.8487,-244.1913,-18.8874
119.3477,-224.7454,-16.7489
118.9746,-225.2685,-16.7979
91.8318,-245.6741,-18.5293
195.3041,-169.6180,-12.3387
94.0551,-245.4968,-18.6973
92.4337,-247.6756,-19.0004
93.1157,-247.1912,-18.9843
92.4782,-248.3568,-18.9052
92.5908,-248.3155,-19.0092
103.1338,-243.3130,-19.2297
96.9075,-250.0827,-19.4736
96.1866,-253.2506,-19.6209
99.2971,-250.8311,-19.0367
100.0543,-250.9701,-19.1281
98.0171,-252.7789,-19.9112
212.9131,-163.6454,-11.2839
238.2054,-144.4915,-10.1767
237.9304,-144.7109,-10.1862
114.6187,-244.2501,-18.7418
96.9039,-261.1358,-18.7922
96.0931,-262.1192,-19.2361
97.3923,-261.1786,-19.8900
102.6760,-257.2176,-19.5409
117.4242,-246.0308,-17.4841
99.9396,-263.8856,-18.7293
123.6345,-253.1015,-18.0972
124.0839,-253.1718,-17.4953
124.8502,-252.5365,-17.5629
107.3091,-270.1372,-19.2933
246.9963,-151.4587,-9.5872
153.2765,-248.4844,-16.4259
232.7786,-173.1438,-11.1063
205.1008,-204.5625,-13.7300
245.6061,155.3538,-11.5349
243.0000,155.1201,-10.8910
240.7949,157.8353,-10.7772
240.9843,157.0253,-11.0446
259.8060,127.0889,-9.1495
244.7395,143.9217,-11.0281
245.3629,143.1697,-11.0137
172.2791,229.5142,-15.3629
242.1061,140.0494,-10.5694
170.1440,222.2090,-16.3966
150.3796,240.0995,-17.3681
145.5958,243.8852,-17.4830
149.4839,237.7231,-16.8701
146.9120,231.8658,-16.2206
205.0802,163.4547,-12.9080
176.0967,193.5643,-15.0421
98.8371,262.0542,-19.6188
97.9871,262.4822,-19.2220
136.6158,221.6342,-17.1191
124.5968,221.2998,-17.3213
84.5829,254.2629,-19.7259
133.7403,206.3269,-16.8957
134.0728,205.5007,-16.3342
206.9559,133.8009,-11.2111
84.3270,238.5935,-18.8949
154.4232,172.6954,-14.8983
205.6561,128.5199,-11.0695
98.0112,214.7244,-18.7661
97.2578,215.2909,-18.6746
165.2206,158.0774,-14.1906
133.1118,184.0699,-16.1536
75.4727,229.4264,-19.7847
146.0825,170.6624,-14.8934
130.8764,182.7994,-16.3640
147.1049,169.2918,-15.1138
145.8137,169.9455,-15.4571
72.1296,228.9627,-18.8408
118.2368,191.4667,-17.1079
94.9350,205.3296,-17.8522
102.3961,195.6504,-17.3023
65.5152,221.2133,-19.9299
154.4739,150.8651,-13.8070
64.7204,218.9191,-19.7098
191.1891,122.7565,-11.2976
192.1105,121.6850,-11.9579
191.4688,121.6734,-11.6018
57.8959,221.1904,-19.4889
215.7008,101.1364,-10.7061
133.5189,161.9434,-15.8010
139.9221,157.0658,-14.3738
123.1469,169.2789,-16.1859
132.6878,162.1376,-14.9999
126.4276,166.3492,-15.3776
129.7870,163.8429,-16.0353
130.3919,163.3594,-15.5912
116.1625,173.8476,-16.1878
150.0250,148.6569,-14.1507
130.1904,163.2644,-15.9325
129.8547,163.3256,-14.8454
129.2607,163.6292,-15.7787
136.6651,157.7266,-15.2223
135.8342,157.2666,-14.3478
181.7290,121.8666,-11.8359
163.1831,134.4795,-13.7494
192.0871,112.0581,-11.6561
190.1658,110.4144,-11.5964
68.1362,194.4472,-19.1980
167.9437,124.4178,-12.3944
82.6826,181.9028,-18.2802
117.0219,158.2095,-15.8538
78.9784,184.1045,-17.7298
80.6365,182.8519,-17.5257
77.0760,185.2524,-17.8518
76.4446,185.6746,-18.5329
64.8905,193.4942,-18.5125
71.2319,189.1145,-18.3641
65.6617,192.8807,-18.0649
74.1050,187.0201,-18.2458
82.7231,181.0526,-17.7616
85.1867,179.2101,-17.1141
77.8393,184.1287,-17.9900
90.5300,175.4620,-17.0645
85.2149,178.8355,-17.2012
76.4960,184.4851,-17.2035
73.0842,186.5803,-18.1014
204.4873,97.4705,-10.4736
71.7949,187.0230,-17.8600
73.6049,185.7898,-17.6371
73.5829,185.5751,-17.7043
72.4653,186.0860,-18.0603
206.3199,95.7476,-10.0218
208.2729,94.3989,-9.8841
37.3265,209.0437,-19.5096
36.9972,209.0251,-19.5870
273.0913,49.8408,-6.4704
157.1331,124.9522,-13.7564
141.7156,133.7385,-14.0088
169.9024,114.9010,-12.6620
137.2328,135.7966,-14.7447
225.6427,78.4670,-9.0346
33.1724,202.6254,-19.8751
46.8120,193.5926,-19.6966
45.0334,194.3774,-19.9127
106.3428,152.4448,-16.6136
142.3352,128.9624,-14.4707
40.5438,192.7530,-18.9234
37.4358,194.6742,-19.0469
142.7494,127.2332,-14.3684
199.8967,89.7462,-10.6337
97.5182,152.6723,-15.7314
63.9218,170.6307,-18.6653
17.8308,193.5781,-19.8832
41.8683,175.1873,-18.4653
95.5731,141.8029,-16.7651
12.6970,187.7867,-19.9781
11.7232,187.4364,-19.8821
76.1623,149.6788,-17.6984
202.5369,76.2278,-10.2401
151.4784,104.2207,-12.9499
146.6503,106.7781,-13.7003
241.7560,52.4676,-8.2462
202.5541,72.6260,-10.0606
200.6100,73.6476,-10.0725
33.3966,162.5038,-18.7162
199.6786,72.8086,-10.3094
140.2052,103.0574,-12.9904
150.3358,97.7174,-12.2841
138.6939,103.4301,-13.0040
243.5319,48.6249,-8.0575
143.7831,100.1823,-13.6144
143.0232,100.1537,-13.4725
111.7020,115.4353,-14.8706
112.8081,114.3564,-14.4269
242.1504,47.9040,-7.7615
67.9964,136.5895,-17.1713
241.7945,47.7382,-7.5690
217.9111,59.5221,-9.2720
217.0527,59.8857,-9.4280
219.9704,58.2995,-8.6173
215.7185,60.4092,-9.0108
213.6705,61.4288,-9.3151
147.8098,94.5783,-12.9551
216.7516,59.6961,-8.8622
223.1111,56.4426,-8.5242
146.6148,94.9511,-13.4114
71.3595,132.5315,-16.7438
137.0605,99.4824,-13.1286
26.0123,154.9481,-19.9696
146.2072,94.5806,-12.8651
189.3113,72.7275,-10.8522
146.1891,94.2416,-12.5377
71.8175,130.8534,-17.3318
239.4974,47.2811,-8.0777
140.3334,96.1452,-12.6529
143.9677,94.3321,-13.0060
150.2796,90.7173,-12.2480
61.7745,133.6100,-17.1391
198.5705,66.1812,-9.9884
158.4082,85.5718,-11.7676
182.2834,73.8502,-10.7209
61.5307,132.7907,-17.4642
143.3885,90.4857,-13.2405
197.6804,64.3260,-10.4993
188.7759,68.5277,-10.7780
138.0560,91.7475,-12.6565
137.0375,91.5504,-12.8902
4.5954,153.2172,-19.4584
139.1100,89.6331,-13.3322
136.0060,91.0706,-13.0016
125.9043,95.4423,-13.5643
126.1905,95.2666,-13.1909
151.1287,83.1394,-12.0250
188.0602,65.5421,-10.2163
212.6611,54.0013,-9.4692
138.2584,88.1656,-12.6134
139.7261,87.3768,-13.1245
140.5417,86.8734,-12.5112
12.0860,145.4984,-19.5168
136.0372,88.5150,-13.4294
174.1931,70.4875,-10.8241
5.8213,146.0542,-19.5908
147.1858,81.9356,-12.9925
135.6377,86.6146,-12.9005
143.9740,82.5995,-12.5314
147.6401,80.6091,-12.7706
132.0832,87.1897,-13.6905
131.2096,87.5107,-13.7693
115.6211,94.2092,-13.8060
139.6105,83.2891,-13.1269
128.2919,88.2428,-13.7996
137.3778,84.2196,-13.0439
128.1760,88.1116,-13.6908
181.8754,63.8802,-10.3417
152.3034,76.3336,-12.5253
158.2535,73.3974,-12.1840
152.7689,75.6140,-12.3798
152.2352,75.5026,-12.5874
155.5255,73.7647,-12.4475
124.0933,86.7788,-13.1801
158.4890,70.3240,-11.9561
179.0340,60.6795,-11.2945
123.1363,82.5411,-13.1426
267.7609,22.9727,-6.3347
266.1592,23.4663,-6.2851
179.3403,58.9763,-11.0547
231.7259,36.7921,-7.9004
265.9028,22.9254,-6.1902
109.2727,85.9430,-14.1826
227.8287,37.8880,-8.2556
262.4510,23.8506,-6.3020
106.5520,86.1749,-14.2070
46.8724,109.1349,-18.1758
121.3611,78.3959,-13.4620
116.3412,80.3015,-13.6836
115.4713,80.6123,-13.9815
118.2433,79.0945,-13.2494
227.0876,34.0784,-8.1907
37.2710,105.4655,-18.2747
231.2391,32.3777,-8.1936
47.5944,96.3916,-17.6847
3.9412,111.6743,-19.2045
85.6243,82.0489,-15.1135
87.4789,81.3222,-15.1348
135.1111,63.3441,-13.2626
144.2045,60.0387,-12.2050
127.5672,64.4007,-13.1144
131.5114,63.0195,-12.9122
133.2643,61.9117,-12.6997
88.0019,76.2488,-15.8475
128.8267,61.7838,-13.3967
132.2680,60.3870,-13.4135
236.5675,23.6309,-7.2940
232.2607,24.0417,-7.6211
73.1310,75.1021,-15.9647
71.9816,75.2327,-16.3627
232.5571,23.4662,-7.5752
74.2054,74.2347,-15.8838
69.8735,75.3528,-16.6472
79.7690,72.0271,-15.4844
131.6747,54.9112,-13.1608
78.1499,71.8339,-16.0648
75.1740,72.6824,-16.1005
74.1241,72.8442,-15.6318
25.8370,87.8186,-18.8306
61.5909,72.8686,-16.8835
236.3864,17.7851,-7.8226
149.6692,42.9747,-11.5548
160.9091,39.6284,-11.1714
166.2674,37.8220,-11.2899
68.8312,65.8219,-16.4365
144.3016,43.5210,-11.8695
161.6342,37.0556,-10.7792
32.9165,71.0100,-17.0650
80.5577,57.8753,-15.6279
160.5295,35.8111,-11.0706
221.0112,19.2536,-8.3827
79.7550,57.0119,-14.7533
235.1210,14.7295,-7.3011
182.9671,28.4104,-10.5987
160.0929,34.1033,-11.7247
188.9736,26.0797,-9.5377
80.0681,54.5511,-14.7209
26.2988,66.5920,-18.6274
82.6824,49.9960,-15.5173
-2.0120,71.1188,-18.3881
3.5058,69.7026,-18.2449
3.6418,68.9584,-19.1151
2.3215,69.2121,-19.3148
92.7637,44.8681,-14.8079
234.1223,10.7458,-7.6214
-13.8872,69.7335,-19.8458
-5.6302,67.3233,-19.3633
-14.1855,69.3015,-19.6102
0.9233,65.6314,-18.3457
-19.0647,70.1908,-19.4054
-9.2037,67.8513,-19.3423
6.4880,64.1068,-18.6768
-22.7810,71.0139,-19.5106
-19.7339,70.2639,-19.2688
-4.8432,66.7154,-18.8562
85.3712,44.9254,-14.5893
78.3923,45.7458,-14.9119
95.5658,39.9540,-14.8450
267.7083,-0.0610,-5.8326
12.3032,54.9534,-17.8010
213.3620,9.6428,-8.4791
24.9270,47.7817,-18.4504
23.3701,47.9738,-17.3730
26.8603,46.1964,-16.8932
33.6689,39.6234,-17.0373
102.2640,26.7393,-13.9701
164.1247,14.6022,-10.5852
278.8647,-6.9968,-5.0513
278.7650,-7.0167,-5.3555
104.0855,22.4226,-13.7778
111.5983,21.1227,-13.4000
62.1689,28.5774,-15.3251
279.0277,-8.0255,-5.1262
129.2275,16.1607,-12.9343
58.5654,27.7389,-15.3424
59.7444,27.3990,-16.2727
61.9976,26.8863,-16.4082
66.2759,13.8029,-15.9888
163.6062,0.3758,-10.5468
157.8634,0.6202,-11.0325
40.4095,12.7071,-16.2139
201.7997,-6.2693,-8.8128
28.7926,11.9148,-17.3901
108.8836,3.1622,-12.9355
189.6607,-5.5700,-9.9488
188.4079,-5.5171,-9.9310
190.4439,-5.7780,-9.7497
189.1906,-6.2014,-9.7127
81.3131,4.4657,-14.9680
189.0282,-6.3427,-9.4999
187.2444,-8.0095,-9.6683
198.1052,-9.5792,-8.9396
33.5973,3.7204,-16.9419
150.1078,-6.4600,-11.3899
261.3816,-15.7400,-6.2086
143.6980,-6.6440,-12.1894
144.2965,-6.7386,-11.6585
138.3866,-6.4204,-12.1312
146.1099,-7.3155,-11.8706
39.4747,0.5153,-16.5051
222.7816,-14.6800,-8.1011
39.7898,-3.4258,-17.4131
67.5641,-7.0969,-15.4448
120.3761,-12.8002,-12.3877
3.4677,-7.3757,-17.9830
25.8905,-8.5642,-18.1075
-8.1378,-8.1356,-19.6912
-22.7821,-7.6432,-19.5470
-7.5985,-8.3956,-19.1485
-25.0873,-7.9492,-19.8421
269.9983,-21.1757,-5.7506
38.2120,-11.6753,-16.5614
103.7255,-14.4542,-13.4048
-34.4801,-8.7958,-19.4466
40.4614,-12.2326,-17.1967
-33.9315,-9.3066,-19.9292
3.8895,-10.8666,-17.9077
4.4643,-11.3954,-17.6612
38.9876,-12.9647,-17.2016
32.6069,-13.2928,-16.8126
43.2013,-13.7512,-16.6405
40.4320,-13.9271,-16.8008
35.5314,-14.2200,-17.0214
37.2414,-14.4928,-16.9392
101.8973,-16.7358,-13.1758
34.3811,-14.6242,-16.7104
33.4592,-14.6294,-16.7740
37.1477,-14.9437,-16.9610
-11.1135,-13.6450,-18.8541
-12.7807,-13.7676,-19.4825
-10.7007,-13.8794,-19.4758
-22.2379,-13.8784,-19.2784
-13.3571,-16.3049,-19.9758
131.0295,-20.3757,-11.7511
17.5294,-21.8850,-18.4462
16.9990,-22.5916,-17.3338
7.6204,-22.7256,-17.6774
20.3571,-23.2125,-18.0900
29.0164,-23.4154,-16.4714
15.5636,-23.7688,-17.0803
8.0476,-24.8765,-17.7029
-6.0551,-26.6953,-18.7256
233.5388,-26.7518,-7.3896
-21.6194,-28.1104,-19.0858
15.3578,-28.6369,-18.5559
13.5713,-28.6509,-18.7532
15.0777,-29.4445,-18.6255
-23.6124,-30.1685,-19.3938
13.1556,-32.7932,-17.6187
-19.5637,-33.5936,-18.7691
-14.4893,-33.5478,-18.6651
-13.1050,-33.6044,-18.7621
-14.7958,-33.7170,-18.7912
-17.1941,-33.8039,-18.6848
10.4327,-33.5016,-17.3100
16.1606,-36.8248,-17.1751
84.5963,-39.1881,-15.1936
-17.4988,-45.0071,-19.7213
107.8811,-39.5172,-13.5607
-29.3428,-46.3739,-19.9213
221.1565,-35.2764,-7.8952
219.5870,-35.4732,-7.9801
-18.2683,-48.9102,-18.7754
48.6900,-48.7001,-16.0481
25.5606,-51.5270,-17.7787
79.0533,-49.4272,-14.6134
79.9054,-50.7335,-14.2131
23.6615,-56.8900,-17.8320
61.1763,-55.5892,-15.7901
21.0984,-59.6515,-17.6171
70.0536,-55.3279,-15.8976
19.4055,-60.3350,-17.2272
64.6605,-56.1483,-16.0723
23.2068,-60.3964,-18.0934
107.4025,-53.9777,-13.1617
109.4574,-53.9434,-13.0042
84.3985,-57.5450,-14.4443
86.7278,-59.7663,-14.9650
279.0552,-39.0693,-5.2263
104.3681,-63.1498,-13.1601
10.4091,-75.4687,-18.5607
-29.9472,-81.0076,-19.6471
31.9945,-73.4154,-17.0505
31.3413,-73.9450,-17.8464
-29.0736,-82.2358,-19.5977
27.3273,-78.6051,-17.5870
119.6194,-65.2326,-13.2676
-0.5932,-83.3184,-18.0005
21.6329,-80.8135,-18.2551
-26.9229,-91.6555,-19.7138
120.7912,-68.9510,-13.4552
12.3366,-89.5641,-19.0717
10.2332,-90.6596,-17.9611
106.6039,-74.5311,-14.2164
177.6211,-62.5198,-10.4955
178.2427,-62.5329,-10.1655
11.0350,-93.0156,-18.9027
12.6071,-92.9100,-18.6943
11.6317,-93.1461,-19.0819
11.9386,-93.5436,-18.8247
-13.7514,-101.8406,-19.4431
124.3192,-76.0500,-12.4380
174.3967,-66.6178,-10.4430
92.0260,-82.7466,-14.8667
126.5912,-77.8059,-13.2567
126.1362,-78.3398,-12.4934
-9.3962,-105.7305,-19.2569
26.2098,-98.6970,-18.4325
13.1670,-101.3863,-18.5690
16.5728,-101.2391,-18.9436
20.4571,-100.7663,-18.6443
21.5441,-100.7305,-17.6846
11.1684,-103.0391,-19.1799
115.3065,-82.7713,-13.1474
-4.4680,-109.9739,-18.5121
-17.7014,-112.8098,-19.1467
-14.3390,-114.3812,-19.8263
74.3391,-95.2084,-15.2249
-2.2345,-112.3172,-19.0017
182.9335,-72.0137,-10.3234
77.1234,-96.3298,-15.2362
185.5943,-73.2361,-9.8848
13.5089,-113.8832,-19.0418
5.9157,-117.3883,-18.1718
185.1281,-74.7518,-10.3706
70.8646,-104.1906,-15.5728
20.8462,-117.9450,-17.7166
73.7828,-104.7385,-15.7294
76.5834,-104.3767,-15.7243
75.0185,-105.3811,-15.0441
33.6753,-116.4426,-18.0435
29.7825,-117.6124,-18.0298
27.2079,-119.8232,-17.3404
26.3616,-120.3619,-18.2222
27.4745,-120.4971,-17.9804
26.6201,-120.8222,-18.5337
23.6527,-121.7716,-17.8469
185.9908,-79.0347,-9.5432
25.7449,-121.3664,-17.8519
27.4863,-121.2611,-18.1327
22.3307,-125.2052,-18.7076
21.8801,-125.3587,-17.6412
24.0298,-125.1561,-18.5559
22.9054,-125.7393,-18.4797
29.2279,-124.0192,-17.1223
23.8649,-125.5114,-18.5278
24.9274,-125.2249,-18.7374
16.8804,-127.6522,-18.6495
23.8726,-125.8832,-18.2238
22.8464,-126.5677,-17.9969
35.2178,-123.1803,-16.7352
18.5677,-127.8961,-19.1114
20.4919,-127.4659,-18.5201
20.7293,-127.4765,-17.7240
27.1624,-125.8928,-17.5927
32.7127,-124.5029,-17.7544
44.5790,-121.2969,-16.6617
97.3634,-106.7344,-14.3410
31.8584,-125.1581,-17.3772
27.2471,-126.5710,-17.3872
38.6392,-123.5147,-17.7964
29.9950,-126.0283,-18.2913
27.0850,-127.0116,-17.4832
45.3314,-121.9034,-16.8879
5.5143,-133.1504,-19.6271
26.8099,-127.2123,-17.6998
28.6388,-126.7253,-18.3531
24.8092,-127.8731,-17.3938
-1.3292,-135.3435,-18.6304
25.1621,-128.3943,-17.7860
67.6167,-116.4020,-16.5553
69.7652,-115.8216,-16.4406
-0.0186,-135.9317,-18.4450
22.7977,-129.6097,-18.6510
25.2865,-128.9181,-17.9675
31.2651,-127.5788,-17.8586
50.4398,-122.1355,-16.3098
28.2800,-128.6102,-17.5261
19.1904,-131.2555,-18.6531
110.0104,-105.6329,-13.8946
10.0580,-135.2734,-19.2698
33.7782,-128.6798,-17.7970
37.0995,-128.5872,-17.1608
33.5319,-129.7965,-18.2856
23.9492,-132.7399,-17.4675
103.9761,-109.5685,-14.6397
31.0665,-131.1304,-18.3776
4.6983,-139.0857,-18.8263
5.9145,-138.8633,-19.6713
5.0541,-139.2157,-19.3598
20.1853,-134.7905,-17.8451
18.4326,-135.4198,-18.5667
16.0017,-136.2952,-18.1510
53.0345,-126.5103,-16.2030
62.8707,-123.7079,-15.5929
33.1305,-132.9410,-17.5225
33.8099,-132.9347,-17.7587
33.5217,-133.3238,-18.0267
32.4715,-133.8369,-18.2535
34.1084,-133.3508,-17.6546
32.7012,-133.8395,-18.0656
35.9570,-134.3983,-16.9698
29.3959,-136.8707,-17.5770
29.1573,-137.1227,-18.2648
25.7672,-138.5215,-17.6338
31.5363,-136.7317,-17.4432
25.3307,-138.7330,-17.7155
58.5494,-130.8152,-16.2736
82.3260,-124.3709,-15.1352
186.5917,-91.3367,-9.8742
20.1829,-147.0070,-18.2791
274.5692,-64.5202,-5.5532
256.9861,-70.7277,-6.6476
63.0733,-137.3252,-16.9162
29.2673,-151.9421,-18.2967
63.7647,-140.0151,-16.7737
21.1309,-156.2163,-19.3880
21.8456,-156.1020,-18.6680
20.9928,-163.2873,-17.9233
-1.1540,-173.0684,-19.6646
17.8432,-167.5305,-18.9888
29.8479,-167.1750,-18.6365
20.7293,-172.2855,-19.6054
17.9231,-173.6501,-18.3812
23.5376,-171.4101,-18.0649
25.3428,-170.9601,-17.9222
16.4496,-174.5813,-18.5041
17.6181,-174.1708,-19.4904
16.0124,-174.8939,-19.9277
26.6383,-170.8439,-19.0819
116.2887,-134.8543,-14.1322
25.3913,-171.4797,-18.7555
21.2368,-173.4347,-18.2798
21.8357,-173.3743,-18.0892
59.6515,-158.1786,-17.2565
205.1585,-99.5029,-9.5158
138.4836,-129.4274,-13.1231
26.6840,-177.6482,-18.3371
139.5898,-130.3504,-13.4273
32.3990,-175.7732,-19.2209
21.1346,-181.1431,-19.6915
35.9945,-174.8607,-18.0537
23.9553,-179.9647,-19.7824
36.6655,-174.6761,-19.0281
25.7409,-179.3448,-19.6556
19.9327,-182.3929,-19.1144
32.1017,-177.3317,-18.3920
33.8849,-176.6451,-18.7432
33.2678,-178.4910,-18.1857
69.9543,-162.8241,-16.4891
74.6884,-161.9828,-16.4665
35.7101,-179.9798,-18.7263
197.1264,-110.4046,-9.9600
20.6512,-190.0730,-18.5203
21.6226,-192.4293,-19.5720
83.9297,-165.5266,-15.6462
3.6356,-204.0815,-19.7713
-2.4307,-207.3948,-19.8619
5.2934,-203.9755,-19.8507
233.7294,-98.6391,-8.0486
103.2332,-160.9662,-14.6894
102.6676,-162.1991,-15.2550
237.7470,-97.5850,-8.0306
10.5960,-207.4373,-19.8786
90.0475,-169.9679,-15.6938
12.7275,-207.5072,-19.9018
80.8233,-176.4349,-16.4070
81.9100,-177.0131,-15.8836
77.4813,-179.5875,-17.0483
25.9074,-206.5965,-19.7729
19.0695,-210.9368,-19.5661
39.3951,-202.9591,-18.4590
82.4973,-181.4959,-17.0102
83.3614,-181.1085,-17.0455
85.1572,-180.4207,-15.7114
80.1295,-183.0311,-17.2394
59.9591,-199.5403,-17.5386
64.6797,-197.9734,-17.7103
62.2556,-199.2693,-17.8379
79.8509,-190.0403,-16.6321
61.4124,-200.0448,-17.8008
78.7773,-190.8480,-16.1974
94.4483,-182.4883,-15.9570
87.7192,-186.5471,-15.7531
78.8510,-191.4509,-16.0583
87.0464,-187.2701,-16.0188
84.7507,-188.5596,-16.1162
88.1146,-186.8496,-15.7086
94.3480,-183.8003,-16.2011
89.4573,-187.3296,-15.6250
95.4936,-184.2019,-15.6573
16.3827,-230.6280,-19.7139
16.7396,-230.4493,-19.6953
248.3664,-103.6575,-7.6951
192.6433,-137.1924,-10.2661
127.2975,-174.7534,-14.9037
122.3493,-180.1863,-14.5281
188.4119,-142.8641,-11.0482
126.6036,-180.1125,-14.5094
178.7632,-150.0092,-11.5204
117.3790,-188.6841,-15.3361
115.6757,-189.9739,-15.2999
174.5885,-157.8664,-11.9056
176.6594,-156.6310,-11.8350
100.9038,-209.8115,-15.6522
209.8921,-142.7804,-10.4713
183.2562,-160.3289,-12.1881
102.4688,-214.3196,-16.1343
37.0080,-260.4390,-19.8200
36.9930,-261.5278,-19.5599
160.5650,-178.6157,-12.6767
182.9018,-165.6599,-12.4073
182.8035,-165.7502,-12.1963
221.3798,-139.5432,-9.5612
56.1976,-256.4529,-19.9034
94.2648,-232.6612,-17.1188
76.4331,-246.0730,-18.5557
86.8469,-241.8368,-18.0295
184.5611,-173.7686,-12.4158
91.4493,-242.2584,-18.3574
93.1321,-241.2818,-16.8880
90.6273,-244.5847,-17.1431
90.0328,-246.7707,-17.3438
89.6394,-248.1467,-17.1225
93.4048,-245.9313,-18.3291
85.4138,-252.7892,-17.5227
92.5886,-248.2641,-18.1042
180.4088,-182.9777,-12.2074
179.8553,-183.5345,-12.3572
178.9271,-184.3843,-12.4617
180.9482,-183.4792,-12.2075
178.3498,-185.8956,-12.3327
93.2592,-251.6722,-17.1680
93.9686,-251.4752,-16.9977
92.2057,-252.9464,-17.1571
97.4616,-249.9792,-17.2486
98.8507,-249.2715,-17.2283
110.5636,-243.0297,-17.4094
106.2583,-248.6311,-16.6448
187.3178,-185.2990,-11.9712
95.3311,-260.0178,-17.2458
116.0523,-245.5395,-17.2765
96.7213,-261.2999,-18.6279
115.5044,-247.5761,-16.1425
89.3685,-269.3281,-17.8335
89.8804,-270.9259,-18.7555
91.0632,-270.2401,-19.0029
91.4254,-270.2950,-19.0525
91.2781,-270.8925,-19.0970
96.3390,-266.8475,-18.8730
98.0956,-265.4042,-18.8198
98.4993,-266.2420,-18.4937
99.0511,-266.7623,-18.3310
122.0436,-251.6909,-16.0273
123.0432,-252.5004,-16.0489
188.1343,-197.9175,-12.6421
125.0824,-253.6190,-16.0537
128.2865,-251.0514,-15.9141
188.6987,-198.6729,-13.0741
243.2545,-151.8854,-9.4187
192.2113,-197.5497,-12.6308
194.0208,-196.1441,-12.2367
148.1388,-243.9589,-15.8295
148.7178,-243.7539,-16.1017
148.0781,-244.5761,-16.2151
232.3935,-167.8816,-10.2874
148.8412,-245.9199,-15.2294
161.9316,-236.8295,-14.3153
164.3949,-234.8432,-15.1669
203.5915,-203.5810,-11.9053
205.4865,-201.7599,-11.8151
232.8757,-175.5248,-10.1745
243.4135,157.6150,-10.5592
242.1322,155.4977,-9.6862
240.5275,147.5084,-9.7172
243.7193,143.3302,-9.7419
171.3493,225.7518,-14.0910
168.8540,228.0413,-14.6574
169.2773,226.7033,-15.0934
176.1816,207.4667,-14.2591
245.3117,130.3313,-9.3080
172.6427,205.5949,-13.9888
265.2273,104.3697,-7.6412
139.8618,236.1684,-16.1766
144.7201,228.8593,-14.5926
168.7642,202.8564,-13.1921
171.0193,200.2960,-13.0068
166.5720,203.6035,-13.2669
102.6341,269.2607,-18.0082
134.6921,234.6695,-15.5716
100.4806,264.3506,-17.5276
183.9295,175.9341,-11.9354
78.8858,279.9056,-19.4493
133.9971,221.4446,-15.8002
73.1101,279.6425,-19.5150
72.5861,279.3251,-19.4272
71.6110,280.1611,-19.9417
68.7104,282.2649,-19.9680
70.0710,280.9405,-19.9526
72.5435,277.7009,-18.3579
69.1310,280.8454,-18.6417
71.9696,277.7652,-18.2283
64.3695,284.7038,-19.3078
88.1639,257.6405,-17.6535
58.7986,285.1471,-19.4907
87.1128,255.7301,-18.4755
85.2553,255.6325,-18.8268
85.9368,254.9923,-18.7898
82.4124,257.3271,-18.1063
81.6513,257.0996,-17.8529
85.1124,252.2220,-17.8961
82.6038,251.1205,-18.2368
65.5294,265.4047,-18.5247
257.7409,91.0559,-7.2514
64.7007,264.9373,-18.6628
135.0636,198.4896,-15.2675
82.3868,243.1334,-18.1662
134.8588,196.4259,-15.0737
206.3653,131.8937,-10.3714
135.7295,192.8539,-14.7784
199.1592,134.9729,-10.6798
204.5683,129.7668,-10.8991
142.1934,178.9727,-13.8926
136.4844,183.5646,-14.6600
63.6431,240.7746,-18.3511
147.6709,169.8800,-13.3886
122.7572,190.2768,-15.0114
148.2724,168.7347,-12.9539
97.6550,209.7753,-16.2614
147.7842,168.8254,-13.2376
139.0253,175.9417,-13.3741
142.6611,172.9635,-14.0717
144.4220,171.4684,-13.3668
142.4276,173.0688,-13.6085
152.2520,165.0629,-12.8819
142.1318,173.2086,-13.8037
145.7377,170.1891,-13.2235
96.8410,209.6255,-16.3283
141.2060,173.4852,-13.4463
140.0236,172.5511,-13.7098
71.1638,227.6858,-17.5056
190.1048,128.3190,-10.5352
83.8075,211.4375,-17.2087
137.8547,167.7231,-13.4073
171.8328,140.8933,-12.3836
122.4159,178.5008,-13.9977
111.6994,185.5239,-14.6145
65.7526,220.2980,-17.0541
187.1448,126.8130,-11.4076
218.0114,102.7144,-9.5821
53.0699,228.0565,-18.7765
61.3012,219.5437,-17.0986
136.5496,161.4208,-14.0852
187.2944,123.1580,-10.5469
194.0293,117.6593,-10.0397
134.7967,161.2386,-14.1312
136.5570,159.2434,-14.1951
131.6529,162.0596,-14.1816
130.9271,162.3818,-14.3108
181.7086,121.9992,-10.8226
123.8717,161.8697,-14.5116
65.7148,201.4535,-16.8390
30.5290,223.6625,-18.9938
37.6956,216.0882,-18.9595
38.8770,215.2493,-18.8897
100.3566,171.4660,-15.5788
71.2609,190.6300,-16.8943
73.5438,188.7473,-16.7899
76.1431,186.9333,-16.5877
75.9573,186.7791,-17.1906
72.5190,189.0620,-17.0236
71.6892,189.6087,-17.3782
77.8333,185.3553,-17.0873
37.1441,212.8466,-17.8001
67.9018,191.5882,-17.5844
208.2358,95.8513,-9.5750
37.8995,211.5012,-18.5187
74.3672,185.7451,-17.1052
37.7370,210.3741,-17.7162
73.8216,184.9945,-16.9554
204.3244,96.5589,-10.0241
49.0266,196.5186,-17.8013
69.2253,181.3411,-16.4433
206.9421,90.9931,-9.5275
32.5488,204.1713,-18.2659
131.3089,138.7772,-12.9218
42.9888,194.4982,-18.4688
43.3039,194.1358,-18.4934
69.2242,177.3514,-15.9364
209.7544,87.1376,-9.1951
68.7680,176.8961,-17.2887
27.5300,203.1877,-17.7664
247.7486,61.1022,-6.8305
245.7981,61.7363,-7.0022
248.6915,59.8772,-6.9599
200.5562,89.6502,-10.0213
33.8999,190.9403,-17.4680
34.0376,190.4711,-17.6029
32.6174,191.3350,-17.5406
33.9787,190.2913,-17.3194
28.1113,190.7330,-18.8991
34.3845,186.2816,-17.9484
27.4170,190.4368,-18.5184
35.2774,185.6057,-18.3032
30.9085,188.0114,-18.3491
16.8926,195.7868,-18.8842
20.6079,192.7466,-19.2040
15.1738,195.9884,-19.5100
19.5162,193.1563,-18.3221
19.5829,192.9071,-19.4471
160.2681,108.9154,-11.2148
20.7157,191.9458,-18.9938
156.8906,110.6712,-11.9231
164.3442,106.0663,-11.5274
204.7776,81.9620,-8.9399
16.9166,192.9266,-18.8173
60.1358,167.3318,-16.7939
61.5571,166.2718,-16.2775
60.2615,165.8410,-16.2772
85.4322,151.0123,-14.7739
11.1475,193.6444,-19.0972
7.5758,195.5348,-18.7060
13.5624,191.9831,-18.7980
12.3002,192.3261,-19.4352
16.4816,188.9787,-18.6258
205.6842,78.7609,-9.3257
206.0376,78.4499,-9.3231
9.5925,191.1330,-19.4379
6.3312,192.0640,-19.0872
9.1388,189.8434,-18.5709
146.5994,111.2782,-12.3322
4.7199,191.7959,-19.2297
6.5591,190.3558,-18.4610
7.5566,189.1585,-19.8695
5.3988,189.9167,-19.9838
10.9164,186.3269,-18.1092
5.8599,188.9245,-19.2187
145.7345,109.7739,-12.4856
39.7915,169.2740,-17.5479
0.4984,188.4101,-19.2704
7.2389,184.5150,-18.5480
3.3644,186.5909,-18.5841
11.0373,181.9941,-17.8882
3.3094,182.3860,-18.7133
139.6609,108.1975,-11.7668
-3.5891,183.2757,-18.6777
129.5281,111.6481,-13.1401
-3.5827,182.1974,-18.8205
-1.9018,180.9631,-18.9278
-2.0652,181.0453,-18.6372
-4.4892,182.1398,-19.0734
27.9504,164.0697,-18.0999
28.4958,163.3396,-17.5696
29.7310,162.2830,-18.0705
12.0172,170.8854,-18.1891
146.9712,99.4591,-11.6151
151.6899,96.9746,-11.6207
-9.1572,180.7908,-19.2011
144.6737,100.2747,-11.6919
146.4838,99.2815,-11.9081
149.9976,97.4070,-11.9749
145.8894,99.5429,-12.0922
143.8518,100.4852,-12.1622
221.9004,59.7115,-8.3352
-10.6845,180.4898,-19.3685
141.9021,101.2060,-12.3285
67.2294,139.6085,-15.9649
241.7618,48.9542,-6.9457
141.4609,100.7504,-12.6366
143.8436,99.3783,-12.1977
-9.1519,178.0418,-19.5841
64.1783,139.1994,-16.1088
217.3784,60.6180,-8.6908
63.2832,139.3985,-15.6872
24.9049,158.6341,-17.8635
226.1381,55.9031,-7.8670
219.7420,58.9374,-8.3589
240.8847,48.1663,-7.3818
-13.4829,177.2753,-19.4369
221.6660,56.9744,-8.1803
217.9992,58.8013,-8.5075
242.2382,46.4865,-7.1679
71.9592,130.5797,-14.6109
138.1363,96.7552,-12.0417
140.4686,95.5413,-11.4788
214.1291,58.9147,-8.1009
60.8196,131.9377,-15.3507
160.8943,83.2071,-10.5181
198.4759,64.4994,-8.9983
191.5239,67.5376,-9.1821
188.1051,69.1650,-9.2793
207.2372,59.9323,-8.6253
199.3617,63.3129,-9.2990
205.0441,60.3957,-9.0282
208.0649,58.9504,-8.6622
195.4812,64.3953,-9.4509
140.7479,90.0842,-12.0463
141.6275,89.1343,-12.3898
141.1142,89.0998,-11.8058
194.4297,64.0563,-9.5562
137.1066,90.8324,-12.1190
7.5290,151.0507,-18.1793
143.2939,87.5684,-12.1025
139.8474,89.0114,-11.8447
142.0762,87.9130,-12.3065
3.6939,152.2366,-17.7630
143.8275,86.9798,-12.0521
126.9231,94.7149,-12.8776
130.1583,93.0832,-12.3715
150.1633,83.6623,-11.2752
9.9984,148.6186,-18.5229
123.6968,95.8673,-12.6403
160.0160,79.0368,-10.6491
154.1234,81.7462,-11.7436
141.2443,87.6454,-11.4238
145.2252,85.6994,-11.6282
141.1065,87.4733,-11.5660
136.6700,89.3643,-11.8958
142.5169,86.4665,-11.7064
135.3703,89.7065,-12.3430
144.6798,85.2281,-11.4228
141.1317,86.8508,-12.0540
132.8003,89.4874,-12.0811
175.8511,69.7216,-10.4795
117.6540,96.1005,-13.1249
-41.3353,166.0631,-19.9746
-1.7410,147.7769,-18.5546
-42.6658,165.9801,-19.7548
131.1334,88.1592,-12.3858
-51.2493,168.3075,-19.9117
11.8133,139.3716,-17.9771
-50.4393,166.7407,-19.9712
243.1416,37.2074,-6.9932
-7.8239,147.6372,-18.6509
12.3495,137.6258,-18.2102
-4.7297,144.5065,-18.2022
-6.0032,144.9046,-18.2339
95.7495,100.1851,-13.4932
152.3114,74.9458,-11.5229
118.4338,89.0053,-12.2569
65.9526,111.4343,-14.5164
154.8353,72.5530,-10.6638
152.4831,73.3800,-11.1627
152.5335,73.3583,-11.1771
264.7257,25.0201,-5.8179
118.6679,85.7232,-13.0345
178.8990,57.1177,-10.1769
234.5350,34.7543,-6.9716
-35.7431,142.1258,-19.0113
-29.2426,139.4505,-18.7896
-19.1931,132.1905,-18.6459
42.8090,107.2776,-16.2930
-19.8393,130.2274,-18.6169
-20.9628,128.3107,-19.8924
-19.4126,127.6547,-19.7827
234.7260,31.3996,-6.7525
90.9541,85.2910,-14.0086
90.5789,83.5040,-14.0571
235.2270,29.8863,-7.1651
229.6443,30.9231,-7.0314
228.7421,31.1448,-7.1566
229.8116,30.6297,-7.1603
134.9291,64.3621,-12.1619
48.5319,95.2286,-15.2929
137.8156,63.1912,-11.5025
-12.4796,116.5953,-17.9163
-15.4768,117.1231,-18.0718
-20.1375,117.9761,-18.9928
47.9635,92.8548,-15.6553
-26.2634,116.4251,-19.6664
234.0323,26.4580,-7.1898
53.1685,85.3221,-15.2516
230.6819,25.8280,-7.3526
237.2619,23.0829,-6.7389
-25.4510,108.8265,-19.5333
67.0279,78.0665,-14.4460
-37.4506,111.7654,-18.9646
67.6882,77.1933,-15.3593
-26.6192,107.6021,-18.2373
-45.7772,111.7423,-19.0423
70.2516,72.1537,-14.3727
18.9260,87.9310,-16.9903
22.9408,85.9282,-16.6198
233.8467,20.5915,-6.7387
67.8621,69.4107,-15.2134
-52.1911,100.8820,-19.4401
146.3519,43.4055,-10.8103
147.3696,43.0394,-11.0229
89.7904,59.2993,-13.8379
-49.1545,99.0772,-19.6311
-55.8690,100.9032,-19.2124
69.8444,64.0397,-14.2570
-46.3176,96.6002,-18.9621
-47.1357,96.7756,-19.0058
-48.8953,96.5852,-19.0540
235.5615,15.5515,-7.0176
233.9692,15.9092,-7.2006
-47.8019,92.1836,-19.9541
83.6035,55.1924,-14.3535
80.2990,56.0536,-14.3537
85.0892,53.9168,-14.2676
188.7747,26.0960,-8.5809
90.3373,51.9718,-13.5762
81.3886,54.2777,-13.8654
83.0804,53.7827,-13.9833
81.2304,54.1289,-14.3675
81.3091,54.0334,-14.3049
183.8868,27.0450,-8.8206
74.5814,52.8852,-14.7462
2.4147,71.1188,-17.4679
78.1316,51.8708,-14.5632
9.1144,68.2485,-16.5623
58.7045,55.7655,-14.1620
-37.8406,78.3224,-18.5383
-35.8888,77.8254,-18.3206
-63.5499,84.1670,-19.8735
-10.9360,69.4005,-17.6154
-11.9627,68.9834,-17.2678
-17.1896,70.1910,-18.8266
-12.1543,68.6282,-18.6763
-63.9255,80.7908,-19.9547
-9.3019,67.6590,-17.5070
-12.4573,68.3625,-17.6865
265.0216,2.4278,-5.5722
105.7653,39.1097,-12.9646
-10.8539,65.6705,-18.6300
3.5609,62.2917,-16.6485
11.0549,59.4490,-17.0996
17.2640,57.4132,-16.6050
11.3533,58.5593,-17.4544
94.9059,39.4774,-13.2561
-66.2370,70.1801,-19.4114
215.3073,10.2333,-7.3493
22.6080,50.1214,-15.8747
212.0555,9.8958,-7.7716
-58.7773,65.4830,-19.1099
-59.1611,65.5398,-19.2230
268.5615,-1.8388,-5.5091
-58.7748,65.1063,-19.3685
210.7823,9.8176,-7.7720
21.2449,46.3215,-16.6935
28.4164,43.8414,-16.0011
95.4990,30.4820,-12.6020
-72.1530,63.0148,-19.6733
35.2148,40.8581,-14.9432
35.8817,39.0544,-14.9972
153.5706,16.4804,-10.1049
101.7508,25.0195,-12.6626
109.7095,22.7070,-12.3338
110.8975,22.4015,-12.3400
59.4860,31.2682,-14.8290
129.0059,16.3319,-11.7196
57.0396,23.5058,-14.4212
58.3352,21.4475,-15.0791
-3.5042,29.8838,-17.6916
-67.8373,36.8109,-19.3349
-56.8912,34.8350,-19.5550
-60.7519,34.8583,-19.0781
-58.7658,34.4848,-19.1206
-63.0891,34.7026,-19.0192
-44.7722,31.4718,-18.2297
219.0255,-3.8662,-7.6165
-63.8518,31.0891,-19.8989
-61.4602,29.2388,-19.9500
61.7202,11.0322,-14.9736
214.0428,-6.6994,-7.6886
170.4975,-3.1205,-9.4536
-72.6320,22.4588,-19.4068
198.1757,-6.4116,-8.3823
201.2310,-7.1579,-8.3508
203.3407,-8.3427,-8.3811
55.6643,5.5955,-14.4307
120.4016,-3.5431,-12.1005
154.0897,-6.8630,-10.3973
147.9909,-6.6583,-10.8627
152.6683,-7.0663,-10.2498
150.5678,-6.9204,-10.3430
92.0411,-2.3949,-12.6909
150.8204,-8.0811,-10.3697
-73.0457,6.2173,-19.9937
181.4123,-12.1968,-9.1782
179.3268,-12.4282,-9.4911
193.1579,-13.6801,-8.7616
186.3512,-14.2887,-8.9653
-50.8629,-1.0175,-19.7489
-90.0598,-0.0799,-19.8567
125.5104,-11.9713,-11.2014
40.0035,-7.4971,-15.5567
-4.6720,-6.0030,-17.6493
-3.9025,-6.4152,-17.5821
-80.0198,-2.7244,-19.9542
-1.8506,-6.6964,-16.7352
2.3175,-7.0826,-16.3108
2.3406,-7.1141,-16.6933
-18.1842,-6.3466,-16.8357
1.6618,-7.3240,-17.0406
-36.0511,-5.5554,-18.6241
119.6676,-13.2049,-11.8342
-9.2001,-7.0742,-17.0142
-4.3034,-7.4825,-16.6004
-25.6767,-6.7949,-18.4339
-27.1799,-6.7695,-18.6284
118.8824,-13.7793,-11.3150
-14.5508,-7.7834,-17.4120
-13.9137,-8.3107,-17.8592
-36.7875,-8.0383,-18.2885
-34.9556,-8.6711,-19.3226
-2.4368,-10.5789,-17.2630
-2.0707,-12.5098,-16.7313
19.7486,-15.0239,-15.3583
13.5949,-15.2761,-16.0677
32.0673,-15.8815,-15.1396
32.3171,-16.0811,-15.1425
74.1076,-18.5288,-13.9209
18.0698,-17.2142,-15.9869
-23.6655,-17.1200,-17.3474
40.3085,-19.1467,-14.8835
-23.2729,-18.4906,-17.3790
-80.2593,-18.0648,-19.4371
-79.8426,-18.6778,-19.8504
10.8108,-21.3640,-17.1887
18.8419,-21.4672,-16.7219
-15.6974,-21.2211,-16.9520
-15.6334,-21.4016,-17.7005
-15.6242,-21.4524,-16.9036
-12.6395,-21.5327,-16.7408
17.0166,-22.1849,-16.2010
25.1587,-22.6038,-16.3694
11.4823,-22.6739,-16.7759
20.1699,-22.8661,-16.6284
27.4201,-23.3699,-16.3856
33.8972,-23.6799,-15.8613
22.1826,-23.6393,-16.7239
-88.0934,-23.4482,-19.8687
3.7592,-23.9786,-17.3471
25.2860,-25.4183,-15.3419
-2.5739,-27.4149,-17.3633
-23.8953,-29.6190,-17.3160
-24.5971,-29.8726,-18.5573
102.1384,-28.9160,-12.5472
-59.2714,-32.2610,-18.9135
-61.7026,-32.3234,-19.0756
9.1170,-32.2633,-16.3887
72.8730,-32.3306,-13.5794
74.2873,-32.7092,-13.7641
-54.6893,-39.7039,-18.7258
-49.5032,-39.6260,-18.5801
-47.9344,-39.8670,-18.5314
-53.5642,-40.9918,-19.7071
1.8131,-39.6274,-16.3758
277.0441,-30.4160,-4.6188
-56.6615,-44.0595,-19.6073
223.9844,-33.0176,-7.1353
-54.5420,-47.6474,-18.5912
35.1855,-43.4699,-16.0812
214.8817,-35.0315,-7.4473
-25.2808,-48.3002,-18.6647
42.7947,-47.5083,-15.6979
-21.0488,-51.6775,-17.4811
80.2627,-46.0679,-13.0339
-23.5706,-53.7938,-17.1463
-18.6580,-53.5162,-17.2516
-18.0673,-53.6170,-16.9664
-18.0381,-53.8603,-16.9944
-19.0044,-54.4273,-17.0576
51.9533,-49.5788,-14.5745
-16.7538,-55.1581,-17.2833
-18.1346,-56.2948,-17.2570
76.9650,-49.3585,-13.7166
-39.0534,-59.5173,-18.3967
-36.7597,-59.7808,-17.6399
22.4860,-55.0755,-15.5869
22.7831,-55.1832,-16.6267
-37.0888,-63.1849,-19.4098
-36.5269,-64.9813,-19.4790
83.9543,-54.2644,-13.3400
-36.1207,-65.9852,-19.4003
65.2388,-56.4398,-14.7419
18.4797,-62.2053,-16.1123
-35.6137,-68.4407,-18.3824
-36.6936,-69.6386,-19.1391
86.1996,-57.1521,-13.2846
15.0056,-67.2589,-15.6430
11.3726,-68.7153,-17.2549
-74.2786,-80.5552,-19.9158
75.0207,-63.2030,-13.3627
103.6456,-62.9785,-12.8407
1.3523,-76.5605,-16.7169
10.5127,-76.0013,-17.1713
-36.8488,-83.0499,-19.5332
125.5964,-62.6212,-11.2846
126.7948,-62.6495,-11.4399
125.8013,-63.0111,-11.0662
0.7098,-81.5087,-16.7544
2.3419,-81.3161,-16.7128
121.8129,-65.0610,-11.3758
-0.8280,-83.0748,-17.7278
121.3704,-65.1605,-11.9814
10.5489,-81.6500,-16.2858
25.9449,-80.1866,-16.1533
11.8723,-82.8368,-16.1139
23.2360,-82.6675,-16.0111
23.8952,-82.7311,-15.9442
9.6408,-85.5990,-15.9096
288.3107,-41.7044,-4.1634
24.0113,-83.7425,-16.1832
9.6970,-87.7607,-17.1846
8.9577,-88.3095,-16.7959
-13.4317,-92.7052,-17.7315
10.6354,-89.2431,-17.3562
14.5831,-88.8092,-15.8896
11.2853,-89.5810,-17.1963
13.2818,-89.4852,-16.3641
8.7034,-90.9620,-17.2760
287.1924,-43.3085,-4.4369
6.8098,-91.9567,-16.4391
6.6886,-93.3407,-16.0608
12.5218,-93.7708,-17.2279
11.6547,-94.0550,-17.2868
12.1797,-94.2716,-16.1788
12.4855,-94.4368,-17.3685
177.9133,-64.8125,-9.3800
16.7447,-94.8010,-15.9231
8.3129,-96.5485,-16.5753
17.8369,-95.8079,-15.8289
20.2154,-95.4247,-16.3458
19.8103,-95.7914,-16.0126
178.3020,-65.9267,-9.2802
124.2052,-77.0508,-11.1076
14.4654,-98.4290,-16.4326
91.3128,-84.0699,-13.5065
19.6091,-98.1648,-16.2340
17.1891,-99.0396,-16.9659
-4.7474,-103.6181,-17.0494
15.8092,-100.2583,-15.8681
14.6472,-101.6143,-16.6241
13.0147,-102.2342,-17.3434
8.4609,-103.3751,-16.4020
21.9619,-100.6469,-17.0323
15.0488,-102.3606,-16.6976
15.0639,-102.4757,-16.5569
15.8609,-102.3897,-16.6610
174.7927,-69.8543,-9.5021
22.7693,-102.0306,-16.8332
-3.2054,-108.2985,-17.6620
-17.9959,-111.8193,-17.3221
-51.9843,-119.3381,-19.1143
-50.8644,-120.0601,-19.5834
-14.9423,-112.9102,-17.1012
-15.1973,-113.2929,-17.0960
-52.3595,-121.4768,-18.8716
-12.9029,-112.9939,-18.3999
-13.4439,-113.6228,-18.2145
74.8274,-94.4483,-14.2937
-2.4877,-112.5776,-17.7673
-17.9676,-116.0771,-17.7417
1.5103,-112.1042,-16.5705
-19.1075,-116.7124,-17.9424
-1.6831,-112.8500,-17.9206
73.9900,-96.8117,-13.8619
142.1070,-81.7664,-10.6299
-38.4868,-122.8798,-18.7355
-41.0405,-123.6782,-18.2433
-39.7912,-124.6520,-18.5031
75.9844,-98.3268,-14.0926
21.5820,-111.7551,-16.4544
2.7742,-116.3194,-17.7354
184.2931,-73.7094,-9.0947
3.6074,-116.2187,-17.7640
16.4019,-113.2437,-16.7350
21.6585,-112.1125,-16.2498
4.8750,-116.7765,-16.6001
4.9540,-117.8806,-17.0294
4.7134,-118.1410,-17.0477
74.2635,-102.1444,-14.1499
22.0329,-115.5918,-15.9662
22.2233,-116.1772,-16.7892
7.4847,-120.7692,-17.5675
28.0847,-120.8307,-16.9378
11.9786,-126.7708,-17.5822
24.7397,-124.4815,-16.1851
25.1006,-124.9144,-17.0124
36.6294,-121.8699,-15.4750
28.7785,-124.3841,-16.9952
11.1698,-129.3354,-16.2549
37.0577,-122.4816,-16.5162
27.5011,-125.3140,-16.4538
40.4066,-121.7897,-15.2770
35.1495,-123.2569,-15.7574
34.9837,-123.4199,-16.3835
30.7140,-124.9057,-15.6485
21.9055,-127.4344,-17.2207
40.5553,-122.4461,-15.0130
6.8982,-131.8428,-17.1932
17.0230,-129.0447,-16.9432
43.4673,-121.6983,-15.2122
44.9280,-121.2939,-15.2004
43.6032,-121.7532,-15.0223
36.6869,-123.7052,-16.0255
15.8235,-129.5901,-17.0021
24.1479,-127.3319,-16.9769
37.9708,-123.4947,-15.8323
29.3866,-125.9107,-16.9325
-1.8971,-134.8076,-17.8881
18.2323,-129.2484,-16.5717
17.9530,-129.3550,-17.2153
10.0324,-131.6860,-17.8137
34.8131,-124.7571,-16.4550
10.5354,-131.6534,-16.5328
22.0475,-128.5073,-16.8544
20.0193,-129.1305,-17.1060
0.8503,-134.6025,-17.9489
26.5126,-127.4145,-15.5928
11.4218,-131.7235,-17.6770
24.0586,-128.3334,-15.8808
20.1631,-129.4722,-16.5854
20.5478,-129.4791,-15.9348
-2.6501,-136.0724,-17.3692
12.9277,-131.6892,-16.4400
16.5146,-130.7382,-17.1823
11.6055,-132.2093,-17.6655
9.1878,-132.9425,-16.5359
17.8764,-130.6827,-16.2130
40.7653,-124.4094,-15.4960
16.6028,-131.3016,-17.3694
28.9784,-127.9014,-16.3727
16.9973,-131.7766,-17.1316
25.6101,-130.1877,-16.9954
24.4023,-131.6084,-16.1756
110.1722,-106.7698,-12.1274
24.9289,-131.7099,-15.7206
-39.4998,-150.5674,-19.7904
19.1326,-133.5109,-16.4591
23.0712,-132.4165,-15.8571
1.2206,-138.8690,-18.1662
3.6896,-138.1929,-17.6223
5.8057,-137.5758,-18.0438
8.1970,-137.5651,-17.8401
16.9661,-135.2227,-17.5652
66.1312,-121.5796,-14.1571
68.0600,-121.0431,-13.9237
5.7506,-140.5965,-18.1695
63.1189,-123.8215,-14.2716
16.7989,-142.6881,-17.5291
28.3827,-140.5547,-16.1428
29.8621,-140.1050,-16.8718
81.3925,-124.3130,-14.5262
40.0298,-138.7983,-15.4614
-28.0275,-161.0287,-19.0162
-26.4965,-160.5965,-18.8979
258.7579,-68.0569,-5.7898
61.3567,-133.8657,-15.6404
17.5704,-151.3876,-16.2123
25.0840,-150.8786,-17.5065
24.0565,-151.8317,-17.3940
32.2832,-149.7481,-16.0002
-33.7864,-177.8937,-18.9568
-28.1272,-179.6719,-18.7635
-26.6694,-179.2274,-19.2648
-45.5817,-188.5440,-19.2342
-1.2628,-173.0959,-17.7654
-0.2943,-172.7821,-17.9819
6.6061,-170.2581,-17.8621
-0.1462,-172.8504,-17.9057
-5.5066,-174.9390,-18.7827
1.3507,-172.7027,-17.8735
-1.4429,-173.7758,-18.7072
44.9452,-156.7142,-15.2465
-45.8859,-191.9289,-19.8243
47.5723,-156.7354,-15.7610
14.0504,-172.4280,-18.2134
55.8548,-157.3685,-15.6403
33.9912,-166.7319,-17.1057
114.3165,-135.2313,-12.8110
25.1246,-171.0638,-17.8304
112.7420,-136.0976,-13.1969
29.6452,-169.4838,-17.6436
29.0769,-169.7602,-17.2746
95.8110,-143.0183,-14.2362
27.5515,-170.5280,-17.5258
91.8383,-145.1406,-13.3674
6.7759,-180.5527,-17.4682
135.5229,-128.4430,-12.0332
29.4391,-174.2125,-16.6396
8.2482,-183.3229,-17.3567
14.5041,-182.2321,-16.8422
76.7337,-156.7923,-14.6212
41.4094,-172.6908,-15.6541
196.3754,-109.3336,-9.2770
-2.1131,-197.7284,-17.9588
-2.5607,-197.9376,-18.5513
103.6171,-152.0930,-13.7545
103.9332,-152.1236,-13.4289
-2.5804,-200.2386,-18.9303
197.9178,-110.8011,-8.6176
5.2760,-203.1846,-18.8760
8.1218,-202.0522,-18.3494
8.5224,-202.0909,-19.0827
-4.3978,-208.2180,-19.2761
9.9347,-201.8778,-17.9817
2.8909,-205.2355,-18.7260
0.2713,-206.5351,-19.0230
2.0948,-205.7402,-18.8247
-9.0703,-211.1922,-18.5674
237.5892,-96.8453,-7.3331
24.1448,-200.8168,-16.9284
34.6359,-198.8118,-16.4860
17.3232,-208.3385,-18.5297
39.5041,-198.8809,-16.4514
22.2272,-208.4291,-18.6334
22.2165,-208.4402,-18.6492
32.3999,-203.3565,-18.0989
22.2748,-208.4821,-16.9505
26.0029,-207.2353,-18.2887
25.5088,-209.7744,-16.8900
81.1574,-181.7853,-14.8763
202.0814,-121.5622,-8.8300
176.7073,-134.8477,-10.8405
84.1879,-183.5811,-15.6379
53.0611,-200.1652,-15.7346
80.1542,-186.9064,-15.8637
203.5220,-122.3716,-9.0723
171.6033,-139.3181,-10.1359
88.0103,-183.6444,-15.1163
55.5623,-201.3383,-16.6256
88.4572,-184.4220,-15.3937
79.7843,-189.0322,-14.7353
-26.4387,-246.4782,-19.5356
85.2518,-187.0943,-14.7843
86.7619,-186.3812,-14.7120
83.0450,-188.6951,-15.3894
91.7626,-184.0478,-15.1724
168.6723,-142.9541,-10.7638
-8.8954,-238.2197,-19.2653
93.3165,-183.5460,-14.0190
92.1061,-184.2109,-15.0621
76.9452,-192.3652,-15.8812
87.7679,-186.6652,-15.4712
86.6521,-187.2831,-15.5625
91.5552,-184.6691,-15.0536
85.0741,-188.2966,-14.4754
76.2360,-193.3655,-16.0878
89.2859,-186.6392,-15.2864
85.3574,-188.9971,-15.0793
60.7873,-202.5839,-15.7639
59.1106,-203.4973,-15.9589
60.0396,-202.9968,-16.5105
186.2528,-135.0395,-10.0920
14.7517,-228.9940,-18.6109
76.2729,-196.0286,-15.5156
248.3211,-102.1782,-7.0878
19.6234,-229.0297,-18.9294
81.6971,-195.5357,-15.9605
188.3141,-137.5079,-9.5275
80.4447,-198.9225,-16.0559
81.0152,-199.4418,-15.8371
97.7626,-192.6353,-14.1212
72.9002,-209.9568,-16.4018
193.5550,-139.6561,-9.5312
189.8917,-141.8806,-9.7513
176.8484,-149.7830,-10.5923
12.7944,-247.1328,-18.8011
99.9009,-197.9668,-15.1306
120.5946,-186.1732,-13.5163
116.1508,-189.9634,-14.2271
134.6679,-181.0076,-13.5723
171.1937,-159.8144,-11.4437
59.9844,-234.4968,-16.2339
21.4839,-266.4098,-18.2613
246.7266,-118.5931,-7.2714
98.6617,-217.4982,-15.2176
183.8552,-161.5747,-10.7206
102.1163,-217.2546,-15.0014
73.2019,-236.6969,-15.7677
39.7685,-259.1966,-17.9904
271.6773,-104.2747,-5.8765
35.0641,-264.9054,-19.2354
171.8645,-172.6726,-11.6578
185.4787,-163.5888,-10.9728
85.9713,-231.5856,-15.7968
85.7163,-232.3617,-16.7335
99.2210,-223.1505,-15.5410
4.2912,-289.9535,-19.7794
10.0013,-286.1948,-19.2900
11.7384,-285.2473,-19.5888
185.8799,-165.4278,-10.2281
183.1507,-168.7647,-11.0539
97.3643,-229.1358,-15.2261
11.0101,-291.4144,-19.2741
191.7897,-166.4084,-10.8206
187.3299,-171.6927,-10.4408
89.3076,-243.4985,-16.7886
89.2782,-245.9554,-15.8556
88.5322,-246.5372,-15.7522
91.1636,-244.6381,-16.3229
90.0745,-245.6327,-16.7502
87.6917,-247.5262,-16.2177
117.8822,-225.4817,-14.3531
84.6126,-251.4212,-17.0683
194.5767,-169.7816,-10.0526
185.5682,-176.6476,-10.5440
88.0025,-249.8809,-16.8508
199.7132,-166.8753,-9.7614
198.9654,-167.6724,-10.6298
203.3604,-164.4585,-9.8087
199.7978,-167.1741,-10.3966
201.4304,-166.0117,-10.1054
204.4635,-163.7516,-10.0504
197.9316,-168.8616,-10.4268
201.9548,-165.9977,-10.3266
183.8609,-179.6817,-10.9540
183.2987,-180.6674,-10.9775
100.7768,-246.1679,-15.4121
93.2359,-253.8168,-16.4909
124.4081,-229.7806,-15.2200
107.8582,-247.3297,-16.2114
189.3533,-183.1043,-10.7133
211.8300,-165.9787,-9.9054
110.7021,-247.9688,-15.5196
189.0784,-186.1641,-11.1872
115.5718,-247.0891,-15.5343
114.9946,-248.2573,-15.9791
191.8305,-186.4722,-11.2458
189.8886,-188.7237,-11.4381
248.7151,-141.6323,-7.6175
236.7732,-153.1570,-8.8833
241.3636,-152.3313,-8.0690
191.8368,-198.3520,-10.9611
244.0199,-153.1695,-8.4638
244.9756,-154.6168,-8.5823
148.1114,-243.0412,-13.4419
147.2029,-243.8835,-13.4588
241.6799,-158.3139,-8.4335
248.7364,-152.1707,-8.0948
191.0186,-205.5093,-11.5070
156.1615,-240.7259,-13.8757
179.6031,-219.3609,-11.8034
174.8186,-225.0014,-12.6971
162.9796,-242.3279,-13.8416
203.6681,-205.0018,-11.6708
204.0710,-204.7333,-10.6771
240.3802,155.0284,-8.9690
240.8297,154.3049,-9.1434
245.4168,137.6437,-8.1323
137.0970,253.4173,-15.4722
244.0221,133.7268,-8.0035
175.3404,207.2963,-12.7531
174.4628,196.7475,-11.5725
264.2525,101.8949,-7.0241
260.5947,105.4894,-6.9946
205.4389,162.6877,-10.3859
203.8674,164.3128,-10.1438
239.0369,125.6675,-7.9539
263.8955,100.0590,-7.2254
200.2675,163.7255,-10.6245
98.3854,262.1546,-16.4450
64.2387,281.5548,-17.7412
144.4203,203.8318,-12.5351
88.1150,255.5712,-16.3496
207.6214,139.2341,-9.6358
207.4337,139.0883,-9.6854
51.9225,279.6372,-17.2658
133.6631,199.1128,-12.6840
30.9161,288.7388,-18.2736
30.1620,288.4948,-18.1947
79.1292,243.9458,-16.4998
29.4256,285.5465,-18.5209
207.6073,130.1827,-9.5657
203.1112,133.1861,-9.7075
200.3720,135.5102,-10.2222
76.6542,237.7267,-16.5906
163.4716,163.3594,-11.6626
203.5320,129.0360,-9.1869
205.3613,127.4840,-9.0938
18.9531,284.2454,-18.7580
42.2052,263.9213,-16.8396
149.2394,173.5316,-11.8748
137.6512,181.4830,-13.0468
135.7464,182.8939,-13.0641
137.3285,181.5342,-12.9466
141.2425,177.9093,-12.7024
186.6947,140.0947,-10.4874
99.0256,211.3350,-14.7134
99.7529,210.2287,-14.9290
76.5825,228.5607,-15.9600
150.2041,167.6151,-12.1827
66.2411,235.8645,-17.1393
19.5404,273.3608,-17.5945
137.1701,177.1941,-13.0494
122.5855,188.4496,-12.8941
123.4044,187.7359,-12.8951
137.7764,175.7762,-13.0693
65.4213,233.4520,-16.5299
70.0109,228.3411,-15.7867
25.1011,263.0263,-17.6283
195.1580,126.8893,-10.0233
143.2728,166.8338,-11.5785
26.7969,259.0110,-18.6150
26.1311,259.4832,-18.3359
195.5731,124.9768,-9.3228
25.3524,258.9389,-17.8236
23.4321,259.8671,-17.8249
23.0766,260.1178,-17.8183
67.1465,223.7282,-15.9800
65.8066,223.5399,-15.8241
64.7527,222.0782,-15.2426
8.6060,263.1354,-19.2439
106.0514,188.6144,-14.5121
64.4438,219.7685,-16.0461
64.4964,219.6865,-16.0400
104.3412,189.2884,-13.6490
9.0724,261.4977,-17.6736
61.3899,221.2900,-15.7954
61.8289,220.5712,-15.8275
61.2102,219.7415,-16.1906
2.4374,263.7426,-19.0030
5.2411,261.6053,-18.9122
-7.9375,271.1564,-18.9958
-2.1211,265.8427,-19.0384
56.8472,218.0027,-15.6687
55.2757,219.1069,-15.4740
57.7772,217.2012,-15.8655
51.8782,220.1657,-17.1440
2.7872,255.2718,-18.8008
58.9951,213.9161,-16.0217
53.8536,217.4181,-16.3241
56.1227,215.5714,-16.3253
54.6157,216.6454,-16.5794
59.2046,212.9985,-15.7284
49.7369,219.6630,-16.8109
49.7895,219.6150,-15.6538
50.0475,218.6112,-16.9793
137.6977,154.9012,-11.7858
135.6470,156.0869,-11.7484
54.0010,214.2232,-15.5950
51.4511,215.5965,-16.6313
48.1275,217.5040,-16.8908
59.7609,209.0786,-15.5523
54.8414,212.5275,-15.7388
50.7235,215.3756,-15.8449
51.9560,214.3049,-16.1950
57.8234,210.0017,-15.0636
56.4395,210.8101,-15.9917
55.7430,211.1991,-15.2437
30.0465,224.0731,-16.8396
57.7317,202.9672,-14.9293
65.1606,197.0449,-14.8081
134.3870,148.5219,-11.4124
38.8101,212.2588,-16.8233
38.4851,212.3469,-16.8772
38.6685,211.9939,-17.1441
38.0593,212.2699,-16.5772
75.3760,185.8921,-14.4790
74.5735,186.4255,-15.6518
93.6333,172.1836,-13.4173
41.0702,207.0886,-16.4815
40.3870,207.5465,-16.4924
115.0746,156.0997,-12.7055
36.2938,208.5632,-16.8868
63.5956,190.1202,-14.7902
151.6632,128.8369,-11.2892
272.4182,48.5832,-5.3392
45.4429,195.9758,-16.0405
166.5954,115.6477,-10.1446
206.5462,89.6500,-8.8170
39.6843,196.2519,-16.7325
29.7545,202.2492,-17.0060
32.3695,200.2649,-16.7618
165.2355,114.7551,-10.5441
67.7861,175.7850,-14.6136
67.8286,170.9699,-14.5604
65.9755,169.3579,-15.5648
28.1388,190.4300,-16.8638
61.2881,170.4207,-14.2103
28.2976,189.7552,-16.2947
-73.1578,249.4132,-19.9860
28.1619,188.4064,-17.2055
19.9021,192.5720,-16.2228
-0.5755,204.6084,-18.6054
-62.2211,241.0552,-19.9015
60.9440,167.4101,-15.2661
24.6441,188.6063,-16.7266
7.2864,196.1615,-16.4071
3.8454,198.0417,-17.8760
21.7893,187.3937,-15.9172
42.9069,175.0476,-16.0341
42.7636,175.0543,-15.6964
21.0382,187.4519,-16.1459
17.7315,189.0415,-16.1088
17.2503,188.9559,-16.6033
24.3494,184.6880,-16.9889
13.5398,190.8532,-17.3430
25.1482,184.0196,-15.9924
41.0602,174.4530,-15.3305
15.9792,187.9928,-16.9032
26.3298,181.6160,-15.5429
7.6723,190.3068,-16.6534
8.0490,189.3407,-17.7978
6.2148,190.2000,-17.8873
11.8203,186.8335,-16.3931
11.2152,185.9852,-17.7965
13.0798,184.2565,-16.4602
8.1177,186.8509,-16.7542
4.4354,188.3680,-16.8493
11.6640,184.0321,-17.3939
-3.9545,192.1657,-17.4703
7.1597,185.9219,-17.4110
14.1645,181.8062,-16.3414
9.9063,183.9925,-16.3593
13.8907,181.7021,-17.3730
14.3658,181.3665,-16.6878
6.4914,185.5418,-16.2325
-8.2688,193.7030,-17.8178
9.2755,183.8377,-16.3936
17.7224,178.9807,-15.7495
-4.9258,191.2989,-17.3302
204.8545,74.8731,-8.6035
5.0963,185.4920,-16.4993
16.2711,179.1924,-15.9063
5.2763,185.1209,-16.2677
-7.9454,192.1227,-16.7505
-20.0270,198.7622,-17.2982
4.3687,185.2023,-16.7299
8.7494,178.9311,-16.8127
260.2295,42.0131,-5.3478
130.2920,110.4659,-11.9174
9.1378,174.3897,-17.3209
126.9196,111.7943,-11.2297
128.2493,111.0830,-11.2238
30.1480,163.0020,-15.3663
129.8833,110.1175,-11.6055
136.8907,106.4000,-10.6601
126.8494,111.6211,-11.4668
30.4515,162.6260,-15.0440
30.8731,162.3791,-15.0161
138.6363,105.2332,-11.0608
134.4129,107.4044,-10.6986
128.6617,110.3917,-11.2227
130.8126,109.1644,-10.9930
-6.2204,180.2350,-17.1997
145.0348,100.4087,-10.3624
-6.8871,179.5841,-17.0064
28.5629,161.0296,-15.9241
151.1350,97.0324,-10.4444
143.5392,100.8465,-10.4950
29.3376,160.1067,-15.7976
105.4289,120.2048,-13.0516
71.7477,137.1729,-14.5160
68.9467,138.5834,-13.5999
240.3020,49.7073,-6.8236
65.6308,139.9181,-14.4753
64.7696,140.2993,-14.4493
59.1843,142.8086,-14.9512
71.0364,136.4587,-13.8094
69.3997,137.2434,-14.2742
70.4901,136.5515,-14.5889
76.1186,133.5504,-13.8374
135.3406,102.8163,-10.5472
201.2016,68.3206,-8.5090
213.3825,60.6748,-7.4835
210.3925,62.1331,-7.5376
203.5273,64.6035,-7.8495
142.1080,92.6601,-11.2346
181.9623,72.8651,-9.0784
201.7366,63.2830,-8.5319
198.3581,64.8315,-8.3634
194.8775,66.2215,-8.6715
135.6173,94.6588,-10.5348
205.2841,60.9271,-7.7219
201.3389,62.7937,-7.8761
204.2845,61.2920,-8.3823
202.1410,62.3043,-8.4896
196.8277,64.7244,-8.6724
202.3412,61.8608,-7.7237
187.8497,68.7018,-9.1042
135.4982,93.5842,-10.6417
144.1536,89.3934,-10.4523
200.1478,62.6912,-7.8241
143.2802,89.5530,-10.7514
258.1450,34.4113,-5.7223
148.7309,85.4140,-10.2896
136.9821,90.8048,-11.4433
-16.5660,162.2460,-16.8615
144.3169,86.4844,-10.8111
9.8659,148.7615,-16.3504
141.3373,87.1908,-10.6844
141.7194,86.7815,-10.9678
140.7323,87.1395,-11.0595
143.1016,85.8410,-10.5736
185.6593,66.2970,-9.1168
-74.7554,184.6949,-18.9588
-38.3581,167.3897,-17.6556
-72.3390,181.2870,-19.9619
177.3788,68.0381,-9.1544
178.0137,67.5135,-8.6698
-43.1306,165.4300,-18.8101
-56.2899,167.8771,-19.9027
67.1014,113.5941,-13.6795
96.3843,100.3870,-12.8658
-62.0049,165.9368,-19.3657
-19.4337,147.0993,-18.0134
-62.5897,165.3414,-19.1156
-63.1165,165.1928,-18.9012
265.7068,23.9778,-5.3569
112.2600,84.9439,-11.2574
-32.0209,143.0296,-17.7017
-35.4186,141.6517,-18.8482
-35.6289,141.6152,-18.3347
232.5701,34.9787,-6.5713
-40.8998,143.1216,-18.7689
36.3386,110.9187,-15.1954
76.3171,95.1980,-12.5492
118.8963,78.5053,-11.9114
140.2370,68.1303,-10.1718
-26.6476,131.8146,-17.0170
-21.8995,128.9440,-18.0085
44.5979,103.1985,-14.4837
90.7398,83.8628,-12.8573
76.9355,86.9762,-12.8719
236.6875,28.5708,-6.2532
230.6337,30.3527,-6.6314
225.9148,31.8478,-6.8728
235.0610,28.2649,-6.4940
-107.1776,149.4757,-19.8961
-106.1278,149.0862,-19.8596
132.9676,63.7275,-10.8201
73.8268,84.6246,-13.5827
132.8753,63.3986,-10.5044
48.9839,92.6097,-14.1956
47.5628,93.0661,-14.2711
-106.9316,147.1557,-19.5117
8.4240,106.4942,-16.0309
-99.0729,144.0149,-19.2542
87.0102,77.2491,-13.0908
238.1899,23.6505,-6.1710
236.8023,23.8861,-6.3225
239.4664,22.9503,-6.2805
237.6966,23.0774,-6.4219
81.1039,74.4748,-12.9967
233.8306,24.2482,-6.5691
-86.5521,128.9431,-19.6964
232.2175,24.5483,-6.2239
-81.6642,127.0991,-19.9480
-80.6674,126.5997,-19.8743
-26.2591,107.9640,-17.6871
-26.8715,107.8625,-16.8439
-32.6565,109.7114,-18.0644
-25.7509,106.6268,-17.7271
230.2949,23.6059,-6.1075
-89.5355,124.6096,-18.8932
-94.8090,126.1674,-18.8144
-87.4399,123.1972,-18.7418
79.7692,70.0918,-12.3330
-66.6908,115.8502,-19.2807
16.9300,89.3318,-14.9112
-66.6893,115.0415,-18.5564
14.7008,89.4141,-16.0141
17.0726,88.5092,-15.8958
231.6270,21.0771,-6.2353
-43.1355,104.4595,-17.8706
231.4309,20.8046,-6.5803
159.5649,42.3011,-9.1373
161.5727,40.3845,-9.0716
-21.5711,91.2621,-16.1693
-58.3699,101.3737,-18.3708
-49.5114,98.6032,-18.5368
-80.5508,107.1248,-19.8610
-65.6593,102.8399,-18.8204
-51.7446,98.6981,-18.5247
-21.6004,89.5485,-17.2594
227.3913,18.5956,-6.7362
-65.2928,100.1333,-18.7273
-61.3654,98.9458,-18.5459
-61.9800,98.8236,-18.2665
224.2186,19.1578,-6.6438
-65.0368,99.2859,-18.4906
-48.9830,94.5001,-17.3665
-62.6449,98.2531,-18.2681
227.6442,17.7499,-6.3061
23.3625,73.5644,-14.5498
-110.5799,109.2758,-19.8900
-63.3226,96.2795,-18.8501
-62.4857,95.4107,-17.6031
-65.4214,95.7584,-18.4627
-66.9106,95.5405,-17.7688
-63.9206,94.6759,-18.2670
-63.0551,94.3527,-18.3873
-54.1754,90.1574,-18.2288
-100.6857,101.4953,-19.2349
190.4090,25.2898,-8.3215
233.6836,13.9477,-6.1287
-90.3186,96.9294,-19.0147
78.2433,53.3247,-11.8893
0.7664,72.9342,-14.8686
6.1293,71.0122,-15.4538
79.7320,51.0316,-11.9376
69.9013,52.2524,-12.6300
-64.6472,82.7699,-17.9994
-65.4363,82.9057,-17.8471
-3.7392,67.9757,-16.5030
-4.3428,68.1139,-14.9588
-2.9876,67.6671,-15.0359
-72.9003,84.1641,-17.6486
-70.8819,83.5132,-17.4810
-74.6488,84.0056,-19.4882
-64.0773,80.6882,-17.3358
-0.4360,64.5551,-15.3903
185.3794,20.6732,-8.0734
-93.9533,85.0031,-19.1713
-132.6370,93.8239,-19.9545
-86.3700,83.0119,-19.2012
56.5388,49.4945,-12.6518
21.2823,56.9766,-14.8045
20.5203,56.9033,-14.0920
23.1903,56.0943,-15.2447
-67.2684,75.6989,-18.7782
54.5416,47.5062,-14.1230
-129.1525,87.8724,-19.7726
-89.1699,77.9595,-18.3878
55.4524,45.5683,-12.6943
-111.8782,80.6442,-19.3421
-14.2943,59.2516,-16.1830
-26.4410,58.6518,-16.6904
-137.1016,79.2391,-19.9840
-92.4213,69.2883,-18.3810
66.5147,37.2643,-12.6769
65.5395,36.9481,-12.7302
35.0223,42.3673,-13.5923
208.1252,8.5927,-6.9658
34.5583,39.0270,-14.4593
273.6297,-5.4606,-4.3021
-99.3874,61.2953,-18.5283
-120.3364,64.5611,-19.9248
-81.2353,56.7274,-19.0051
-106.3046,58.4437,-19.1419
163.5579,11.8727,-8.9079
61.8059,27.4678,-13.1363
61.1510,27.5745,-12.5960
-98.4100,51.9172,-18.4973
191.2306,4.4807,-7.4123
186.3299,4.4641,-7.8531
188.9976,3.9453,-7.8069
57.3671,23.0231,-13.1759
-49.2787,38.3118,-18.0831
-47.3349,37.9567,-17.9049
-49.6892,38.2881,-17.4860
-61.0899,37.8410,-16.9262
-54.6467,36.7551,-17.5501
-57.6817,37.0390,-18.1560
-56.6080,36.7174,-18.0366
-58.5435,36.8775,-17.4782
-57.4467,36.3009,-17.9303
-86.7037,37.5948,-18.7982
-96.7710,33.2197,-18.3389
209.3257,-4.5307,-6.9769
208.3340,-4.4272,-6.6893
208.5644,-4.5400,-6.7927
207.4051,-4.4464,-6.7305
-115.4308,34.0458,-19.1056
204.2428,-4.2520,-7.0703
211.2034,-5.7477,-6.9708
-97.4595,27.5940,-19.3877
30.5309,13.3544,-14.2075
-95.9318,27.2004,-19.2627
205.7869,-6.4171,-7.2998
-125.7231,29.3669,-19.9408
204.1107,-6.3626,-7.3459
171.6935,-3.0544,-8.5899
172.1787,-3.3954,-8.9560
-70.5092,21.5967,-17.9096
-121.4251,26.8546,-19.4538
-122.9790,26.8923,-19.7917
-97.8390,23.3639,-19.7152
-99.7995,19.1455,-19.5081
102.7665,-2.0300,-11.1271
175.6625,-8.2328,-8.5261
-106.9964,15.2911,-18.5429
-109.6523,15.1194,-19.1730
169.4816,-8.3827,-8.8434
174.3881,-8.8797,-8.3843
171.9731,-8.7461,-8.7548
146.7062,-6.9510,-9.4023
-106.2150,11.8223,-19.8486
-104.3326,11.5611,-18.5132
177.4713,-10.0927,-8.2624
-105.9473,11.4764,-19.8275
-105.5588,10.5157,-18.9733
121.8439,-6.4281,-10.2824
-104.1261,10.3169,-18.6420
120.8943,-6.5202,-10.2033
-24.2005,3.9515,-16.0245
-64.0396,5.5183,-18.0143
-61.5119,4.0156,-17.1482
46.5618,-3.5257,-12.6930
44.3318,-3.4769,-13.2335
29.0186,-3.2405,-14.1165
34.1657,-3.6304,-13.4072
25.4533,-3.0799,-14.3330
26.3665,-3.2612,-13.6960
123.2440,-9.3995,-10.6123
104.0198,-8.2767,-10.8466
-79.5933,2.9352,-17.4377
29.6134,-3.8820,-13.7468
-49.6717,1.0171,-16.8539
26.2347,-3.7298,-13.8011
32.9500,-4.1920,-13.3244
-50.7429,0.6909,-17.0820
24.0238,-4.1239,-13.6195
29.0692,-4.6381,-13.8770
156.9190,-12.9164,-9.1567
-69.6467,-0.3152,-18.2547
124.5042,-11.4112,-9.9809
-142.8088,3.4165,-19.7573
-69.8503,-1.2685,-18.3146
-45.7601,-2.6518,-16.6900
-43.7129,-4.1051,-16.7224
-6.0252,-6.2955,-16.0918
-80.2483,-2.6338,-19.3108
10.2935,-7.4800,-15.0444
-33.0002,-5.8095,-16.4967
-30.1756,-6.1422,-17.2231
-17.7507,-6.9439,-16.3311
-14.2464,-7.1345,-16.6363
-18.8513,-6.9192,-16.4537
-79.4708,-4.0614,-18.4613
-20.3660,-6.8956,-16.6060
-15.1462,-7.1718,-16.3265
-11.7005,-7.5084,-16.0998
-5.1958,-7.9613,-16.1604
-12.4062,-7.7708,-16.3824
-41.5762,-6.6407,-16.3240
-144.5173,-3.0900,-19.8091
-15.2750,-8.7105,-15.5705
-105.6064,-5.3620,-19.5016
34.5491,-11.3036,-13.8257
117.5834,-14.8690,-10.2264
-106.1947,-7.8317,-19.9214
-43.4031,-12.4867,-16.2246
35.4757,-15.3708,-13.4500
36.2381,-15.7018,-14.1411
14.9602,-15.3606,-14.2447
18.8724,-16.2438,-15.0115
-80.8652,-16.1605,-18.8211
-15.8119,-17.5804,-16.4527
-81.4241,-16.3180,-19.0011
41.8188,-19.0960,-12.9103
35.9200,-19.4139,-13.5734
35.9667,-19.4359,-13.6733
-15.7728,-18.9693,-15.0885
-20.5814,-19.0490,-15.9431
13.2320,-20.1211,-14.8059
16.6761,-21.0761,-15.1382
12.6791,-21.0499,-14.1606
19.1559,-21.3901,-14.6133
20.7146,-21.5555,-14.8584
24.8577,-21.6461,-15.0033
9.0730,-22.3724,-14.1717
8.8068,-22.5492,-15.4621
0.7552,-22.7317,-14.7978
20.9870,-23.1835,-13.8396
12.2652,-23.4004,-14.1538
-14.1958,-23.7087,-16.0190
-87.2564,-24.3088,-19.4950
-110.1626,-24.5702,-18.5104
-6.5122,-26.7671,-16.2696
-5.8176,-27.3252,-16.2414
-111.6102,-27.9963,-19.1639
72.1157,-28.8028,-12.7693
70.9063,-29.9516,-11.8996
-65.7213,-31.7811,-17.0499
-10.6139,-31.9387,-15.1219
13.3217,-32.1858,-14.9430
-65.1823,-33.5358,-16.8425
12.0808,-32.3123,-15.2660
-56.4774,-34.3626,-17.6210
-69.8964,-35.3212,-17.3135
-53.6982,-35.5990,-16.9336
-72.1235,-36.1428,-17.4904
71.4457,-33.1494,-12.1783
-67.7874,-36.6373,-17.8108
-70.4015,-37.9442,-18.4996
147.5514,-32.9145,-9.0562
-64.5980,-39.0987,-18.0842
-64.4182,-39.9356,-17.9997
155.2185,-33.2833,-9.1535
-69.9712,-40.3320,-18.9273
-66.4385,-40.7831,-17.9773
-117.5404,-42.8388,-19.5321
71.1017,-36.7953,-11.8114
-75.3228,-41.8078,-18.6075
-69.8842,-41.7508,-18.7835
-70.9548,-41.9468,-18.3256
-68.0084,-42.0881,-18.3454
-68.0497,-42.0980,-18.2623
-66.3723,-42.1793,-18.2273
-68.8174,-42.3142,-18.3497
-73.7518,-42.9795,-18.6247
106.9620,-36.4495,-11.4620
-99.9147,-46.6361,-18.9546
-100.6960,-46.7509,-19.0975
-66.1087,-45.5753,-18.5633
-28.2645,-44.6297,-16.4944
0.3598,-44.2882,-15.1203
-69.5203,-48.5499,-18.7819
34.3420,-44.1974,-14.3213
31.9605,-44.4165,-13.6991
32.5118,-44.4282,-13.8432
-124.0327,-52.8224,-19.1720
-125.3985,-54.9241,-19.8774
24.5013,-46.6349,-14.1949
-123.7871,-55.8239,-19.6244
-122.0329,-56.0557,-19.1478
-122.4090,-56.3222,-19.6508
-75.7371,-57.0454,-17.7732
76.8527,-46.9375,-11.6629
-74.2735,-57.4904,-18.6910
25.8517,-51.4574,-14.6102
-74.9338,-58.6595,-18.0995
-16.6384,-55.3371,-15.2913
-39.6000,-58.6600,-16.1205
-35.9203,-59.3571,-17.3259
68.4629,-52.7547,-12.5785
22.0867,-57.0915,-14.1170
-11.7249,-60.2280,-14.8907
18.5476,-58.1871,-14.5219
82.4643,-53.8756,-11.4048
79.9713,-54.1253,-12.6892
82.9293,-53.8742,-11.4969
-85.2727,-69.5139,-17.8799
62.7875,-56.4424,-12.2386
81.2808,-54.8736,-12.2390
-136.9863,-75.9544,-19.5407
-130.9748,-78.5583,-19.5516
70.3922,-60.8935,-13.0529
111.4986,-56.6853,-11.1916
4.6701,-69.1079,-14.5749
102.1255,-58.5402,-11.1316
257.0650,-41.0226,-5.3921
-35.0887,-75.9348,-16.8023
14.4378,-70.5954,-14.2911
-35.7767,-77.0723,-16.0451
17.9012,-70.6988,-14.1033
11.4032,-71.6216,-14.7663
13.7076,-71.5559,-14.9055
17.5469,-71.2303,-14.3930
17.5189,-71.5398,-13.9749
17.4030,-71.5907,-14.8347
-122.6944,-90.8619,-19.6091
127.7523,-59.1269,-10.3830
6.3526,-74.6847,-15.0814
3.9901,-74.9956,-15.4864
7.7037,-74.6801,-14.8792
-0.5183,-75.7874,-15.2276
-36.2289,-81.5830,-16.3946
66.1393,-68.3575,-12.2900
-35.7224,-81.8081,-17.0067
-29.1786,-81.1666,-16.4340
-0.5597,-77.6778,-15.7712
127.8130,-61.3234,-10.6898
-80.5540,-89.8923,-18.2174
125.7535,-61.7545,-10.7921
9.1906,-77.8601,-14.7687
-55.9148,-86.8653,-16.6431
11.3580,-77.7289,-14.3723
18.4917,-76.9513,-14.0100
21.2906,-77.2048,-13.8437
-35.3452,-86.6796,-16.8657
11.3856,-80.3299,-14.8763
10.2372,-80.5397,-15.4894
10.7908,-83.3973,-15.4285
25.6106,-81.4228,-14.7928
26.7349,-81.4315,-13.8773
284.0865,-42.1841,-4.2332
8.9138,-85.5977,-15.4077
-118.5237,-106.1117,-19.2961
-120.3094,-106.7507,-19.6496
-118.0905,-106.5710,-19.2722
-24.7447,-95.0226,-15.7025
-99.4691,-109.7641,-19.8636
15.7402,-91.4051,-15.2625
-2.3267,-94.9525,-16.0022
-1.7455,-95.6174,-16.2073
0.3255,-95.2799,-16.1054
-2.6768,-95.8508,-15.8845
-9.8040,-97.2674,-15.0357
1.2494,-95.7821,-15.8465
-131.2777,-119.8959,-19.8311
-5.5021,-97.2229,-16.0502
-7.4192,-97.6125,-15.4598
-10.1395,-98.1149,-15.1122
-9.3924,-98.1476,-15.2348
16.2639,-93.8020,-15.5951
14.0400,-94.3461,-15.0259
6.4039,-96.2544,-15.7072
13.3049,-95.2075,-14.5558
17.0283,-94.5907,-14.0504
0.4235,-97.7450,-14.8637
10.9971,-95.8471,-15.1883
-130.0302,-122.1197,-19.6166
28.6190,-92.8220,-13.7376
-86.3000,-114.4412,-19.6809
14.0581,-95.7843,-15.2172
20.9971,-94.6032,-15.3751
16.2733,-95.5091,-15.3592
19.2346,-95.1030,-14.3110
7.9715,-97.2889,-15.6130
4.9938,-98.0465,-15.1938
12.8642,-97.0755,-15.7703
9.5643,-97.7993,-14.3818
17.7867,-96.3579,-14.6053
18.1194,-96.7486,-15.4137
14.8401,-97.4217,-15.3252
14.9021,-100.3285,-14.6637
13.2079,-100.8219,-14.4428
-120.2881,-127.5317,-19.3087
-65.8831,-117.2200,-17.7576
16.7412,-100.7383,-15.6203
-120.0185,-128.3191,-19.7103
176.1776,-68.7135,-8.0179
-120.0068,-128.8631,-19.7662
175.3332,-69.1541,-8.8195
-116.5179,-128.8267,-19.3670
124.8938,-79.8939,-10.8008
10.9099,-103.9705,-15.3836
26.0204,-100.9292,-14.8012
27.0595,-100.7700,-14.2699
20.5053,-102.2383,-14.3816
27.3968,-100.9160,-13.9981
23.9084,-102.0835,-15.1214
-72.2497,-122.5268,-19.0816
5.0695,-106.7252,-15.1718
-50.6504,-119.5813,-18.3428
-7.1173,-111.3790,-15.0005
-48.4057,-120.6987,-18.3437
-15.4113,-113.7073,-16.5546
-50.2582,-121.2952,-18.4950
-52.0070,-121.7840,-18.4382
-48.8020,-121.4823,-18.3701
-19.3219,-115.7860,-16.5394
-2.3414,-112.0884,-15.6328
-50.4783,-123.0557,-17.8903
-47.8781,-122.5095,-17.5456
1.6558,-112.8598,-15.6286
2.9039,-112.8227,-15.1981
3.4565,-112.7681,-15.3072
142.0498,-81.6604,-10.2078
-39.7720,-124.4311,-18.0361
-121.6559,-143.5996,-19.9736
12.8449,-113.5297,-14.8426
4.8079,-115.6356,-14.5835
74.7980,-99.4298,-12.3445
81.8352,-97.7911,-11.9381
74.6120,-99.5061,-12.1947
76.9072,-99.0087,-12.2592
77.7792,-98.8074,-12.0054
5.6489,-115.7835,-15.6255
181.7684,-74.8483,-8.3153
185.3863,-74.0154,-8.0300
8.1116,-116.1629,-14.4524
76.8299,-99.9214,-12.8601
-43.4441,-128.5458,-17.9244
182.4023,-74.8374,-8.2208
-98.3564,-141.8521,-19.2183
14.5234,-115.0044,-14.8141
-94.9996,-141.3993,-19.3782
-90.7074,-142.2222,-19.7352
26.7247,-113.8011,-13.9036
34.7298,-114.4728,-13.8695
18.1682,-118.7237,-14.8815
5.9930,-123.3885,-14.9755
6.1474,-124.7448,-15.4740
21.6863,-121.4920,-15.2752
20.4684,-121.9329,-15.4130
26.4991,-120.5651,-14.8758
22.9209,-122.0915,-15.0771
-49.9024,-141.5428,-17.0099
186.4556,-79.1418,-8.5534
19.0192,-123.6684,-14.5111
183.5939,-80.0730,-8.2631
25.8123,-122.1862,-15.1102
26.4936,-122.5119,-14.3181
9.4462,-127.6825,-14.8677
13.1951,-126.7014,-14.6542
12.9212,-127.0379,-15.2908
6.0415,-128.8975,-15.3415
-1.1612,-130.8915,-15.4493
20.4989,-125.0534,-14.9326
12.3538,-127.4999,-14.4636
10.8537,-127.9957,-14.6992
20.4488,-125.4059,-15.6453
11.1218,-128.1744,-15.2131
10.6093,-128.4731,-14.9307
3.1901,-130.5469,-16.0734
15.7971,-127.2689,-14.9430
33.1550,-122.5966,-13.6167
19.4959,-126.4135,-14.1840
18.9536,-127.0065,-14.9297
23.6978,-126.6344,-14.3683
153.0529,-90.8921,-9.1879
32.5887,-124.4591,-15.0355
19.0436,-128.2313,-15.2711
104.4691,-104.5385,-11.2594
-83.9059,-156.8522,-19.2297
20.0242,-128.0151,-14.6355
-50.2606,-147.8901,-17.8936
21.2131,-128.3426,-14.9669
16.9934,-129.6149,-15.4151
11.5752,-131.3561,-16.0688
6.8449,-132.6840,-16.1617
32.6670,-125.5086,-14.1743
26.9319,-127.1638,-15.0458
30.2919,-126.2498,-15.1991
15.5039,-130.6562,-15.9448
30.1132,-126.6555,-15.1404
6.8263,-133.5550,-16.3193
0.7535,-135.2753,-15.9653
15.4913,-131.1456,-15.9328
31.7735,-126.6078,-14.9990
2.0776,-135.2288,-15.8192
-48.5291,-149.5919,-17.7130
18.5857,-130.9070,-14.9383
21.7413,-130.4650,-14.6796
19.5755,-131.1841,-15.1446
-125.2112,-173.5877,-19.8586
-88.3288,-162.9995,-18.8607
11.9814,-134.1514,-15.7856
19.3926,-132.5742,-14.6437
36.0316,-127.9964,-13.7079
-15.1752,-142.9720,-15.6872
-97.4988,-167.1197,-19.2434
9.4688,-135.9898,-15.9098
-96.2496,-167.0736,-18.9025
3.6912,-138.2269,-15.5602
31.6173,-130.1105,-15.1767
19.7038,-133.7524,-15.7178
4.5743,-138.2076,-14.8379
30.4434,-130.6478,-14.9445
4.4010,-138.2889,-14.9485
4.2797,-138.3658,-15.1085
7.6808,-137.5273,-15.1517
3.4485,-138.9372,-15.2992
2.6872,-139.1687,-15.3104
2.1518,-139.5162,-15.3615
26.7793,-132.3279,-14.5659
23.0711,-133.9825,-14.4905
-88.2153,-167.4140,-19.4154
21.8054,-134.9707,-15.3123
-88.9960,-168.0828,-19.5291
18.4832,-136.3037,-14.6818
33.8193,-132.5826,-15.1076
11.9412,-139.5777,-15.1786
12.2126,-139.5423,-14.9803
50.8977,-128.3389,-14.4687
54.3462,-128.2894,-13.9263
53.7092,-128.6837,-13.9607
39.7155,-134.7887,-14.2522
54.4919,-130.7183,-14.2428
-20.6670,-154.6184,-16.1888
-98.0334,-179.7768,-19.1672
42.3009,-136.1948,-13.6974
18.1536,-144.0581,-15.9534
-115.0772,-186.8922,-19.5844
-45.4496,-164.6195,-18.7781
34.7667,-139.3259,-14.6543
-45.6728,-165.8783,-18.0285
27.2536,-142.5271,-15.1666
25.5475,-143.1442,-14.8214
114.9228,-114.9409,-10.9041
-25.9704,-161.3990,-17.9051
25.5063,-145.1598,-14.2864
20.4907,-147.0624,-14.7518
24.4161,-145.8418,-14.5200
-92.7633,-184.8083,-19.0653
271.3241,-65.0763,-4.5424
60.7551,-136.8852,-13.8343
32.1252,-148.5055,-14.1127
41.8811,-145.8478,-13.9710
40.5306,-146.9367,-13.7049
-79.6196,-188.9589,-18.7983
-107.9142,-201.2185,-19.6353
22.4137,-156.4996,-15.5910
26.1910,-157.4206,-14.7091
-17.1351,-175.1477,-16.8309
85.2727,-137.4414,-12.8486
244.3838,-79.0875,-5.7002
-41.2051,-185.4554,-17.6757
84.9480,-138.9962,-12.0744
84.3725,-139.3587,-12.5437
-38.5697,-185.5891,-17.2576
-41.4254,-186.7340,-18.7697
-41.4299,-186.9089,-18.8784
-43.7147,-187.9939,-19.0734
-0.0351,-171.8892,-16.6839
1.4050,-171.3486,-16.6146
64.6229,-147.7985,-13.0536
-48.4643,-190.5856,-18.7574
-47.8678,-190.3957,-19.0601
1.3137,-172.0084,-16.8643
24.1225,-163.4607,-15.2775
-67.7385,-198.3573,-18.7747
-73.2175,-200.7027,-19.5978
243.3657,-80.7413,-5.7725
-65.3906,-198.4655,-18.7340
45.4196,-156.3733,-14.8932
23.4490,-165.7924,-15.1621
27.0344,-164.5689,-15.4832
-45.1386,-192.7245,-18.1665
-42.3779,-191.6788,-18.1110
162.6861,-113.2980,-9.6325
-62.7045,-202.3311,-19.7473
65.5720,-152.0753,-13.4547
63.5324,-152.8925,-13.5505
22.3121,-171.3272,-15.2308
20.8018,-172.2093,-14.8024
18.8910,-173.3862,-15.2213
18.4409,-173.8071,-15.3871
230.3072,-89.1426,-6.5285
14.2438,-177.0542,-15.7905
29.3663,-171.1333,-14.5473
6.0885,-180.6825,-16.2895
29.5589,-171.4913,-14.6277
192.6270,-105.1946,-8.1193
12.0791,-178.6978,-16.6868
26.5537,-172.8918,-15.0124
14.2848,-178.0278,-15.0838
107.3733,-140.0976,-11.5703
16.9322,-176.9675,-15.2350
15.5376,-177.6400,-15.7869
12.7737,-178.8206,-16.0539
7.4768,-181.1324,-16.1526
29.8463,-172.2187,-14.6508
16.8906,-177.6386,-16.4471
-88.3124,-220.7944,-19.2830
22.4787,-175.4456,-14.8174
26.2158,-174.0230,-14.9155
2.9821,-183.6845,-16.4597
24.0756,-175.0457,-15.0385
31.8342,-171.8814,-15.6272
23.9801,-175.1637,-16.0993
23.5511,-175.4295,-15.2210
31.8909,-172.0224,-15.1405
32.2590,-172.4189,-15.7371
19.6943,-177.7301,-15.1834
26.3699,-175.0291,-15.6761
18.1924,-178.6012,-16.0684
26.3804,-175.3221,-14.7952
38.6558,-170.5348,-14.6520
33.1206,-173.1206,-15.1702
29.8390,-174.5448,-14.9430
31.7371,-174.0211,-15.0256
27.7815,-175.7461,-14.4760
19.0436,-179.8829,-15.2964
31.4674,-174.9249,-14.6701
102.4360,-145.6331,-11.8181
26.4671,-178.0863,-15.0172
19.9165,-181.1946,-15.2281
100.8699,-147.2779,-12.2995
6.9536,-187.8024,-16.5350
-59.0599,-216.6621,-18.4012
-50.1966,-213.2354,-18.7116
-48.6756,-212.6258,-19.2723
-46.2419,-211.7796,-18.4777
-47.6584,-212.5827,-18.8474
-66.3209,-220.8027,-19.4328
-43.5445,-211.6255,-18.6275
-71.0700,-223.7109,-19.6103
48.4935,-172.2619,-14.5754
-63.3378,-220.8277,-19.8819
0.8288,-194.6328,-16.0197
195.6485,-110.3098,-8.0728
195.8772,-110.9254,-8.2320
168.4761,-124.2120,-9.8237
-50.8168,-226.8731,-18.8016
-50.6892,-226.8962,-19.0495
14.6431,-196.9827,-15.4361
-52.2354,-228.0699,-18.8153
-53.6985,-228.8766,-18.9705
-52.9278,-228.5558,-18.9655
-49.5330,-227.1751,-18.5794
-56.8256,-230.5848,-19.2008
5.0000,-203.1782,-17.0303
10.1584,-200.8025,-17.0067
12.1810,-199.8844,-16.6017
9.7530,-201.0782,-16.6608
18.3514,-197.1475,-16.2250
15.3629,-198.5820,-16.4701
14.3942,-199.0573,-15.4614
23.1539,-195.1185,-15.7669
-48.8745,-228.6983,-18.3648
12.3872,-200.3895,-16.6035
9.4912,-201.8958,-16.8632
11.0909,-201.2870,-16.7388
9.7039,-202.0647,-16.7911
-53.2960,-231.4777,-18.6348
23.9099,-195.5464,-16.2149
23.7665,-195.7442,-15.2421
-25.1973,-219.0988,-17.2309
-16.9102,-215.8899,-18.1770
-47.8172,-232.9057,-19.1788
-46.4603,-232.4741,-18.8657
-47.0495,-232.8952,-18.7481
-46.9486,-232.9173,-18.5492
-46.7685,-232.8570,-19.1322
-46.7620,-233.0456,-19.2389
47.8366,-188.5727,-14.6178
48.8038,-188.2757,-14.7995
167.6676,-131.2993,-9.0399
20.6980,-203.1912,-16.8259
-43.6143,-236.7823,-18.3023
-43.3749,-237.2807,-19.2374
-92.5196,-261.5348,-19.9658
-44.6604,-240.0917,-19.7735
40.2629,-198.8526,-14.9236
82.8263,-177.7025,-13.8795
22.5920,-207.8053,-16.1707
22.5018,-207.9334,-16.3665
83.7503,-177.5510,-13.3767
-46.8314,-245.5329,-18.6318
26.0298,-212.1928,-15.1312
54.8680,-197.6268,-14.9710
-50.3416,-254.0626,-18.3201
86.2042,-183.8605,-13.5009
-54.1714,-257.9901,-19.8466
84.7303,-185.8224,-13.9816
87.8108,-184.2219,-12.8780
18.9141,-221.2677,-16.8256
89.1893,-184.0151,-13.8555
-67.2730,-267.6015,-19.5341
-52.1469,-259.5799,-19.8342
92.0469,-183.5767,-13.3832
-26.0098,-249.2592,-19.2176
204.7828,-125.5770,-8.4238
16.8988,-230.3757,-16.5202
-33.0333,-258.0315,-18.0528
89.2904,-191.2570,-12.6606
-30.1824,-258.7532,-18.2328
187.7295,-137.8989,-9.4592
94.5531,-191.3115,-12.9569
95.5626,-190.9925,-12.7545
-11.9925,-251.9694,-17.3333
13.4393,-237.6838,-16.6645
-30.4959,-263.7119,-19.1225
-28.3479,-262.6161,-17.7852
97.4172,-191.5335,-12.8299
11.9821,-241.5570,-17.2489
273.8419,-91.6899,-5.2897
101.5933,-193.9598,-12.7299
38.3103,-231.5636,-15.8218
71.8704,-212.0002,-15.0489
191.9324,-141.9305,-8.9133
119.7523,-186.3895,-12.6314
127.7801,-182.4817,-12.5410
128.8225,-182.3029,-12.2120
175.6240,-156.3807,-9.8521
-15.1343,-274.3711,-19.2316
181.4508,-153.2498,-9.6520
182.3514,-154.9003,-9.1743
71.8178,-226.1126,-14.9407
72.0477,-226.1183,-14.8791
184.1715,-155.5258,-9.9209
101.4956,-210.0069,-14.0629
108.3861,-207.6952,-12.3577
6.3032,-275.4455,-18.6793
206.5210,-144.8120,-8.4167
102.2255,-216.8333,-13.7566
13.5247,-276.8297,-17.3100
40.1090,-259.7416,-16.8640
39.9749,-259.8343,-16.9148
184.6348,-162.7293,-9.5985
84.9573,-230.2683,-13.9093
91.1712,-227.5698,-13.9144
167.9350,-175.4039,-10.6604
15.1131,-280.1011,-18.1847
36.0248,-267.8882,-17.0754
38.2153,-267.6558,-16.9316
29.5627,-276.5436,-16.3588
45.7976,-265.2397,-16.4463
63.8240,-253.6281,-15.3856
184.6936,-169.6475,-9.7220
104.3956,-228.3053,-13.4143
187.0688,-170.6293,-9.4238
186.9690,-171.1724,-9.7007
82.3670,-247.8860,-14.4519
88.3235,-246.1221,-14.7824
216.4883,-151.8794,-8.0227
194.1882,-168.5716,-9.7715
84.7542,-249.6429,-14.7892
86.2347,-250.9419,-14.5838
184.8494,-178.1201,-9.9891
196.2264,-171.3054,-9.0800
196.7045,-170.9895,-9.0312
99.1792,-245.9453,-13.5559
95.1559,-256.2616,-14.8352
188.1250,-183.6131,-9.5072
114.7312,-249.5740,-14.1868
77.2019,-280.8636,-14.9916
246.9954,-142.7131,-7.0460
188.5370,-191.5167,-10.3358
83.0295,-279.4834,-16.3929
190.3782,-191.3384,-10.1799
100.2827,-269.2569,-14.5066
102.0156,-267.8639,-15.4016
98.1153,-271.3480,-14.7732
191.9654,-192.4700,-10.5162
129.8021,-252.7851,-13.9153
144.9136,-240.0998,-12.2893
242.7491,-154.8081,-7.7937
146.0581,-241.4051,-12.1076
247.4800,-152.9476,-7.6031
243.7033,-156.6120,-7.8081
246.6372,-154.4762,-7.0913
133.4743,-258.4187,-13.5330
149.6459,-243.6914,-13.1320
200.6836,-198.9097,-9.8054
148.5284,-249.6449,-12.3709
203.3727,-198.7783,-10.3454
175.2811,-225.5648,-11.8731
234.7312,171.9479,-8.4955
241.2592,154.9272,-7.8620
243.9121,148.7958,-7.8454
238.3175,155.5625,-8.0738
261.0747,122.7378,-6.8437
243.8838,137.2643,-7.3143
264.2895,111.4771,-6.2622
245.4475,131.8441,-7.3928
139.0570,248.2995,-12.5943
172.9243,205.7759,-11.3036
148.9555,229.2285,-12.3194
145.8783,227.6328,-12.1236
262.8510,103.9195,-6.5375
167.7973,201.5409,-11.5858
264.1150,101.2641,-5.8684
202.2850,163.5662,-8.9555
96.3758,262.1391,-13.4270
95.0753,262.9180,-15.1163
232.4216,124.9521,-7.2231
67.7782,279.6697,-15.4099
132.3100,216.1705,-12.3696
89.8183,254.0977,-14.8637
90.8757,248.9048,-13.8867
90.9510,248.7095,-13.9479
238.5504,109.9246,-6.7387
51.6430,280.8946,-15.3751
153.1567,187.3423,-11.0498
153.2934,187.2135,-11.0470
205.3903,137.4114,-8.1966
150.6452,186.0868,-11.6085
151.3612,185.0893,-11.0675
155.3002,181.4611,-10.9407
256.4967,90.3492,-5.7988
32.1731,290.2750,-15.6006
31.2910,288.6031,-16.0682
84.8706,241.1744,-13.3795
83.0750,242.7324,-13.5044
134.0577,196.9104,-11.0791
29.2909,287.0092,-16.2597
207.6714,130.1171,-8.0153
26.6857,287.5119,-16.7544
205.6831,131.4160,-8.4261
29.2423,284.4242,-17.5042
204.1150,132.2332,-8.5309
27.4777,285.1376,-16.5580
201.1017,134.5249,-8.3288
204.2794,131.7443,-8.2266
27.0290,284.6178,-15.6936
195.4876,139.1445,-8.5991
28.6094,282.8535,-17.4608
206.5165,128.7549,-8.6427
106.7977,212.5205,-12.6646
23.6846,282.9364,-15.6588
20.5943,283.6977,-17.7733
47.6433,260.3407,-15.0367
24.1764,279.5907,-15.6600
47.8480,259.3956,-15.1230
74.4714,236.2416,-13.7105
20.1846,277.6076,-15.7630
71.8893,234.4485,-15.0040
36.6532,260.1520,-15.5248
35.5890,259.3714,-15.2432
254.4236,81.2545,-6.1449
193.2212,130.2528,-9.2349
27.0747,262.9529,-15.3839
36.4412,254.9407,-15.4429
19.0956,266.9414,-17.0669
38.9030,250.9734,-15.8507
17.6960,265.3756,-17.0944
167.7094,146.5004,-9.1719
66.0858,225.4166,-13.7532
172.0089,141.9645,-10.0307
171.4240,142.0902,-9.7496
190.2897,126.8408,-9.2417
135.8532,169.0730,-10.5725
100.1673,191.2951,-12.5515
62.4429,219.3264,-14.3964
252.8228,75.3474,-6.1530
131.2740,166.8908,-11.6569
62.1692,218.4028,-14.7850
92.6959,193.7251,-12.0590
58.6948,217.7684,-13.7935
60.2776,215.3440,-13.7665
58.5505,216.5163,-13.8502
55.4891,218.7277,-15.1577
59.1233,215.9392,-14.6126
59.2685,215.1184,-13.9331
60.4059,214.0680,-13.8091
38.7708,228.8629,-15.1145
60.8064,212.2419,-13.5833
55.2815,216.2431,-13.8925
59.8049,212.6692,-13.6661
55.0673,215.9437,-13.7958
59.3684,212.5927,-13.9223
57.0396,213.9488,-14.7796
60.2331,210.8739,-13.6716
45.6835,216.8454,-15.2972
45.6020,216.6000,-15.1507
51.4456,212.1371,-13.8753
51.1997,211.6154,-14.5574
43.2321,215.4973,-15.1391
50.3669,209.4639,-14.4852
50.1434,209.5322,-14.1400
63.6425,198.8244,-13.6887
10.2198,235.5190,-16.7443
0.4402,241.6331,-16.4778
71.6883,188.3116,-13.1571
-42.5327,265.2758,-18.4009
160.0031,127.8555,-9.3883
28.2603,216.3400,-15.5255
70.3216,187.5448,-13.0733
74.0739,184.8566,-12.4536
-34.9248,257.0452,-17.5651
37.5195,207.5044,-15.5279
68.9667,185.1980,-13.3723
37.0198,206.3707,-13.9282
69.3521,184.6777,-14.0114
30.6173,209.9333,-14.3899
67.8652,183.5210,-13.5132
66.2562,183.5963,-13.9137
67.7885,181.3710,-13.6924
65.4363,182.6416,-12.5900
40.3435,198.7166,-14.3997
211.3339,87.3367,-6.9429
162.0603,119.0586,-9.3455
65.9661,180.7876,-13.1312
66.4961,179.4707,-12.7500
9.4365,212.9244,-15.5893
154.1515,121.0976,-9.9157
27.8528,198.6925,-15.3718
37.9216,191.9274,-13.9421
172.1744,107.6348,-8.5782
172.6995,107.2885,-8.3508
173.5518,106.1767,-8.6438
66.9681,172.1435,-13.7329
37.3194,190.4255,-14.3421
32.6827,193.2720,-14.5266
36.9117,190.3586,-14.4965
-64.9282,253.2945,-19.0748
-68.5776,253.3927,-18.9031
246.5081,59.3464,-5.6148
-89.1011,262.9861,-19.2139
-23.5188,221.3957,-16.3135
220.2999,74.3083,-7.0324
61.3034,170.0591,-14.0247
-53.8104,239.2040,-18.2196
-70.7765,249.2894,-18.3013
242.5500,60.6569,-5.8604
-63.2262,243.3086,-17.3916
-64.5351,243.6759,-18.0309
-71.5703,247.8779,-18.8391
57.5803,170.3563,-14.1820
-94.5544,260.3987,-18.6190
-69.9789,245.4835,-17.9009
-104.8239,265.5017,-18.9846
4.7041,198.9360,-15.4001
-12.7809,209.2256,-16.7967
22.4586,188.4154,-15.2394
58.4967,166.4756,-12.5616
11.2311,193.7190,-15.6723
11.4197,193.6061,-16.0209
-71.1084,239.8694,-17.7771
19.9503,186.9608,-15.7021
10.8655,191.2112,-14.2815
7.8730,192.3144,-15.6506
-70.0646,236.3591,-19.2754
9.0606,190.9040,-15.2151
-72.5126,237.6093,-17.6620
-97.2962,250.2252,-19.9151
205.8084,77.0182,-7.6704
5.7140,187.2471,-16.1717
-97.2603,244.7818,-19.4999
-2.1629,189.9720,-16.1506
3.3020,186.9327,-14.8364
-5.5736,191.0127,-15.8837
-7.8090,192.2100,-16.3471
-0.5944,188.1598,-15.8999
0.6216,187.3528,-16.1772
0.7594,187.2530,-16.1793
5.8780,184.3269,-15.1413
-7.3314,191.6114,-16.3580
1.5557,186.4286,-14.7556
-81.3080,232.0570,-18.6485
-4.4504,189.4440,-16.2779
-94.2424,235.1456,-18.7113
128.4119,113.5771,-10.2429
29.5122,163.8186,-13.7014
24.6768,166.3085,-14.1903
100.9516,125.7596,-11.4300
58.9649,147.8106,-12.5457
132.5903,108.4545,-10.5091
22.0098,166.6009,-14.2754
33.4794,159.9333,-13.3413
-5.1985,180.1804,-15.3033
-3.3128,178.9070,-15.1806
249.9938,45.8066,-5.7350
29.2912,161.6205,-13.5651
64.1803,142.7059,-13.1683
132.3244,106.7926,-9.4232
142.8733,100.4440,-9.0605
20.7432,163.6970,-14.0187
136.1569,103.8466,-9.7940
129.0682,107.5138,-9.9775
245.3937,47.1045,-5.6913
132.8813,103.9223,-9.3838
65.4457,138.1839,-12.3340
210.6080,63.9844,-6.7499
-106.0626,225.6443,-18.3795
-105.3778,225.2677,-18.1665
-104.6919,224.6823,-18.2940
-105.4156,225.0109,-18.3438
191.0214,73.8024,-7.6763
205.4597,66.4336,-6.9440
-110.9248,227.2574,-18.9299
107.6304,115.7723,-10.9490
64.7185,136.8779,-12.4351
221.0855,57.7558,-6.6648
16.1979,160.7614,-13.7118
210.0700,61.9490,-6.5715
206.1257,63.8361,-7.4379
203.6787,64.7025,-7.3110
137.9403,96.5940,-9.6659
147.0924,89.6913,-9.1713
91.0258,116.6926,-10.7752
136.2485,94.8604,-10.2136
146.2823,90.0078,-9.5223
136.0809,94.8051,-10.0962
203.2982,62.1628,-6.7899
200.1154,62.7690,-7.6362
5.0542,154.6350,-14.0096
1.6413,156.0460,-14.1671
4.9912,154.4506,-13.8623
-15.5253,162.7388,-14.8873
209.3461,56.3337,-6.8232
208.5909,56.5788,-7.0134
-142.4219,219.2099,-19.9435
-67.1380,182.5897,-17.5534
-67.7685,182.7465,-18.1839
161.6627,76.9939,-8.6676
-75.3453,184.8897,-18.6882
-153.1049,219.4137,-19.6063
173.8245,70.7781,-8.5513
-75.1581,183.9027,-16.7557
-88.9397,190.0487,-17.6445
-89.3148,190.2147,-18.1776
137.6105,86.0823,-9.7120
193.9812,60.4804,-7.4628
174.7500,69.0007,-8.1898
-50.9722,170.1103,-16.6374
173.2554,69.4175,-8.4985
177.4869,67.4696,-8.1768
-4.5147,148.3803,-14.5939
-3.6471,146.3241,-14.5532
95.5948,101.9681,-10.8518
-6.7412,146.4334,-14.1992
135.9008,83.8504,-9.8984
-10.6581,147.8200,-15.0539
-14.1168,149.2114,-15.1437
-10.7701,147.4943,-14.8080
213.6648,49.1485,-6.6099
-96.5117,183.7554,-19.0315
173.4170,66.5111,-7.6886
151.4987,75.6113,-8.9212
217.3959,46.2281,-6.7916
-64.1151,165.0731,-17.8511
-61.3650,163.8264,-17.7599
238.9419,36.2664,-5.4813
131.0291,81.5681,-9.3140
260.4877,26.7917,-4.8339
-66.1563,162.8735,-16.6677
-66.5433,162.2624,-18.0024
227.3387,40.0130,-5.7082
219.7489,42.8500,-6.0041
267.1678,23.1192,-4.2649
-124.8309,182.2524,-19.5886
-125.5229,182.4619,-19.3550
-35.2338,144.8557,-16.8593
112.7539,84.4148,-10.6044
179.8459,56.9422,-8.2456
179.7524,56.6683,-7.4782
235.0438,34.4806,-5.9575
-163.8422,193.4216,-19.9514
116.2217,79.9206,-10.4962
-104.5962,165.8800,-18.1532
-22.6307,130.7564,-15.1201
116.6122,77.3276,-10.5697
-173.1956,186.7784,-19.8017
-23.4705,129.2980,-15.2253
226.0499,34.6849,-6.3625
-105.1082,158.3465,-18.8768
-103.9938,157.7914,-18.2511
237.5582,28.0781,-5.8648
135.7264,63.4077,-9.7082
132.1623,64.5479,-9.1224
-32.2998,122.4358,-15.4100
-105.9257,147.4433,-19.2478
-80.3309,138.0243,-16.8748
-120.8747,152.1821,-17.8202
-77.9058,136.9700,-16.8276
-77.4409,136.5409,-16.3122
-82.2060,138.1808,-17.2924
-97.3272,142.7734,-17.2520
-31.1580,118.7395,-14.6141
231.3578,27.7512,-5.9091
48.8954,90.7906,-11.8745
9.4281,104.1703,-13.8092
-83.5490,135.7652,-18.0065
-109.3873,144.5740,-18.0818
-82.1548,133.5423,-17.2757
-178.7040,161.9920,-19.9717
-130.4215,143.2034,-19.5500
-28.6565,109.6977,-15.5865
-76.3418,125.1818,-17.5302
230.0231,24.8392,-5.5543
77.9813,73.8085,-11.8934
-23.6214,106.3430,-15.7387
-32.3222,107.0665,-14.8201
230.8606,23.1728,-5.3774
-87.8331,123.6806,-16.5395
-78.9647,120.2462,-16.9344
-90.3007,123.7523,-17.4169
-70.8367,113.4507,-16.5617
160.4841,42.8082,-8.5654
159.2700,42.5625,-8.4238
279.0385,6.4401,-3.7164
230.4009,21.0394,-5.5402
-71.2271,109.9485,-16.5160
-70.3157,109.3616,-16.4073
-110.9955,119.2746,-17.5006
233.1679,18.7540,-5.3085
-72.0498,107.6908,-16.3545
146.7242,43.7633,-8.5174
-89.5538,112.2130,-16.8367
176.3709,35.0269,-7.5886
-70.3124,106.4926,-16.3341
-77.0763,108.4453,-16.4635
-71.8109,105.7632,-16.2278
-44.2843,96.4122,-14.8723
-84.7344,107.6470,-16.7300
-85.2233,107.1508,-16.9554
169.0314,35.3540,-7.9430
226.1736,19.2125,-5.6440
224.0364,19.7754,-5.8569
-85.7235,106.9382,-17.3215
224.8261,19.4535,-5.8171
-148.3635,123.1765,-18.6900
91.2458,56.3017,-10.1379
-45.6008,93.7475,-15.4459
-67.7765,99.8719,-16.3195
-44.8068,93.2906,-14.7050
-166.5620,126.9054,-19.3746
-48.3619,94.2285,-15.1040
-47.9926,92.7927,-15.8595
-67.0375,97.9018,-16.4999
19.1069,72.4136,-13.0367
-104.1508,105.0226,-18.0604
190.2868,26.0521,-6.7007
-64.2212,93.2002,-15.9622
187.6377,26.4470,-7.2650
-52.2733,89.4867,-16.7526
-90.8338,98.8974,-17.9549
8.9514,72.6514,-13.0070
6.6244,72.8256,-14.5343
4.8028,73.1376,-14.5071
2.0916,73.7207,-14.4457
10.1714,71.6156,-14.1414
-92.0561,97.9374,-16.3043
-162.3091,115.8889,-18.9574
-90.5304,96.9530,-16.4836
80.5918,52.3521,-11.0640
92.4943,48.5836,-10.4993
-38.6644,81.7098,-15.5936
-98.7195,96.6656,-18.1241
-39.7029,81.6191,-15.0713
5.4009,69.8415,-13.5628
92.3479,47.2283,-10.3318
-133.7949,103.4905,-19.5308
-65.5258,84.1658,-15.4736
77.9535,49.1468,-11.5722
59.0318,53.2533,-11.8636
-17.0911,71.5664,-13.8664
77.2115,48.6799,-11.4489
-115.7103,95.0933,-18.0979
-69.7757,83.9431,-16.0568
77.9398,48.3428,-11.5813
-138.9724,100.2621,-18.5558
-132.0919,98.2628,-17.6014
-89.6303,87.5978,-17.9292
-63.3212,81.2397,-16.2612
-63.8800,80.9292,-15.3161
252.2838,5.8311,-5.0324
77.7329,46.9220,-10.9091
-7.9676,66.9521,-14.5787
-8.6399,66.9318,-13.8132
-88.9502,85.7229,-18.0914
-9.5995,66.7860,-14.0059
92.9136,42.7449,-10.2897
-12.0176,67.1568,-13.8172
253.4898,5.0908,-4.5515
27.3705,57.2476,-12.2994
-93.7516,85.1399,-16.5795
-185.2358,106.2738,-19.7300
-77.8910,81.2720,-17.0406
7.1276,61.5618,-13.7446
-88.7839,83.6232,-16.7959
-87.7325,83.3658,-16.7044
-89.8688,83.4428,-17.6916
11.8821,59.6655,-14.2476
18.8984,57.3840,-12.3914
-94.8874,82.6308,-16.4705
-93.2174,82.1868,-16.5748
-96.2816,82.7026,-16.5277
-92.4998,81.4821,-16.2417
-63.6952,74.9262,-17.0040
-129.9998,89.6355,-19.3311
93.4558,39.2543,-10.7236
-96.1334,80.8818,-16.9814
-63.5938,72.3977,-16.4400
-65.1021,71.7676,-15.1653
-55.3712,68.5824,-15.6549
-96.6220,77.1948,-17.4407
-104.3881,78.7985,-17.5701
-138.8562,86.0383,-19.1585
-112.4936,80.1013,-18.4320
-117.4806,80.9624,-17.8672
-56.2963,67.9365,-15.8561
21.6598,50.2369,-13.1927
67.0947,39.5238,-11.1523
-131.6616,80.0617,-17.4692
-100.8949,72.9910,-17.2195
-98.5420,72.3227,-16.2938
-96.3517,71.5922,-17.1258
-94.8967,71.2722,-16.1200
-97.2028,71.5987,-18.2879
-97.9555,71.7500,-16.4108
-98.3407,71.6182,-16.5080
-98.9022,71.6925,-16.3949
257.9931,-0.3129,-4.8780
-97.7998,70.7840,-16.3636
-97.2519,70.5688,-16.2366
-95.6225,70.1132,-16.5835
-97.6469,70.4140,-16.6609
-97.3198,70.3248,-16.4642
-91.5401,69.0905,-16.5098
-98.3072,70.3965,-16.6479
-65.5611,63.8643,-15.8092
-67.6238,64.1872,-15.8943
-97.0358,70.0077,-17.0317
20.8305,46.5563,-12.3433
-100.2935,70.5109,-17.1030
32.6702,43.8194,-12.7026
-93.5678,67.9231,-16.9681
-97.0206,68.4011,-16.6549
-90.4316,67.0306,-16.6901
-98.4569,68.3429,-16.9878
-70.9969,62.4108,-17.1144
-165.8025,78.0529,-19.6318
273.7302,-5.4110,-4.2473
-167.0869,74.9593,-19.0011
-63.9581,55.8879,-15.7394
-166.6195,74.3030,-19.9512
-63.7005,55.3318,-16.6601
34.7892,36.4630,-13.0025
-63.1614,53.3189,-15.2220
-63.3787,53.3219,-16.9301
61.3011,31.1657,-12.1061
-65.4414,53.0933,-15.7696
-85.1213,56.3396,-17.2948
-68.4218,53.0333,-15.9997
164.8532,12.1365,-7.6890
-105.7094,58.5386,-18.1324
-103.8829,57.9471,-17.6912
64.6497,27.8926,-11.7729
58.9712,28.6682,-11.9071
-104.4502,55.4900,-16.3758
-107.3448,55.9579,-16.4754
-54.8058,46.6181,-16.2461
-135.5271,59.2173,-18.0314
-91.5640,50.8741,-17.7557
-166.4091,62.7751,-19.8800
-152.1682,60.3647,-18.4197
-169.3388,62.3065,-19.3156
-122.2017,54.5372,-18.6436
-150.9867,58.4236,-19.9075
125.5970,14.3699,-9.1131
-123.1602,51.9513,-17.8190
108.2198,16.4747,-10.2237
107.7103,16.1274,-10.1942
-53.7087,40.3287,-15.4696
-168.3551,57.2520,-18.4133
-160.0458,55.9900,-18.8555
-166.6310,56.6632,-18.3571
-166.7756,56.6074,-18.3579
-165.7259,56.2150,-19.3904
-160.8137,55.4299,-19.2347
-164.5910,55.9672,-19.0373
-160.3203,54.9652,-19.2643
-170.2099,56.2781,-19.1899
214.5328,-0.6640,-5.7165
-61.0125,39.8543,-15.5561
-59.5312,39.5988,-14.8815
-60.9051,39.7945,-15.3826
-169.5508,54.5470,-19.2640
-173.5096,54.4669,-19.3504
-44.9296,35.4525,-15.2357
-168.7578,52.7824,-19.9777
-163.5264,51.9001,-18.8729
-162.0816,51.6953,-18.3235
-173.1070,53.1794,-19.9932
-177.8250,53.7927,-18.7046
-161.1005,51.3360,-18.5630
-167.8042,52.1153,-19.0561
-163.2207,51.4622,-18.5867
-86.7945,40.5241,-16.8927
-168.7301,51.8062,-18.4164
-170.3730,51.9752,-18.4937
-172.5423,52.0079,-18.7450
-168.3533,51.2676,-19.0389
-159.0131,49.5955,-19.7602
-124.8224,44.7582,-17.8352
-151.9648,47.6824,-19.9697
-159.2125,48.0973,-19.1932
-162.8030,48.3005,-18.2057
-149.5801,45.6828,-18.7449
-170.2864,47.7067,-18.4514
-43.5541,30.5337,-15.4046
-173.0730,46.0095,-19.4104
-169.7942,45.1443,-19.2112
-167.9862,44.2952,-19.7615
-94.4924,34.1270,-16.2576
-167.6896,43.0276,-19.4027
209.0775,-3.9869,-5.9646
-165.1491,42.3072,-19.4698
-111.6184,35.4824,-18.1380
-94.8844,33.0040,-17.9295
-95.7340,32.8798,-17.8810
-165.3714,40.7174,-18.8505
-166.5661,40.4974,-18.7363
114.1427,6.6128,-9.6301
-93.4078,30.6318,-16.8856
-143.0069,35.3320,-17.9487
-144.8230,34.3890,-19.4643
-128.6260,31.8903,-18.4864
57.6920,10.4614,-10.9639
-196.2352,38.1487,-19.3187
57.8798,9.9785,-11.2301
-33.6871,18.6617,-13.8849
57.0347,8.9091,-11.7809
60.1743,8.3439,-11.4468
58.3795,8.1956,-11.5499
56.7476,6.9392,-12.2281
31.4753,9.0504,-13.0847
30.6901,8.8538,-12.8582
-122.0299,21.5072,-17.2351
-97.0311,18.8241,-17.7457
-100.1138,18.9618,-16.1083
-95.5520,18.4472,-17.6813
-97.9314,17.5623,-17.0274
-95.5123,17.2768,-16.1553
128.4167,-3.2256,-8.4999
-103.4498,16.9097,-17.7236
-98.9517,16.4199,-16.6999
131.1499,-3.8489,-9.0488
-28.9779,9.1705,-14.9527
-109.0710,15.3106,-17.1814
-164.7143,19.3110,-19.4217
146.4292,-6.3282,-8.2707
-106.4555,14.4187,-17.0167
-110.2082,14.1641,-17.9776
-107.7239,13.2953,-17.7356
-109.7777,13.0503,-17.8980
-25.8750,5.5037,-15.1587
-68.5795,8.6153,-15.2309
-179.3619,16.8260,-18.6265
-167.4027,15.8583,-18.2176
-95.7269,10.3030,-16.9359
-165.1103,15.4112,-18.3535
-113.3557,10.5205,-16.9467
-100.0308,9.5404,-16.3434
-198.7229,16.0886,-19.9449
-167.8237,13.8398,-19.6666
174.5713,-10.8832,-7.3447
-163.6576,13.1764,-18.4472
-116.1034,9.7094,-16.8122
-109.1762,8.5886,-16.3119
-161.4406,12.0667,-19.2182
81.6300,-4.8633,-10.9080
54.4335,-3.1234,-11.4187
33.7143,-1.8637,-12.2041
52.1978,-3.2486,-11.6428
40.0644,-2.5701,-11.4353
-162.3154,11.0730,-19.3431
40.3626,-2.6885,-11.9969
26.9688,-1.7839,-12.2304
-174.3433,11.6461,-18.6538
122.6956,-8.4933,-9.6986
-160.9331,10.1877,-19.3574
-116.7841,7.0800,-17.2302
-111.9320,6.1629,-16.8128
32.8939,-3.2581,-13.0165
19.4335,-2.5839,-13.0542
269.1219,-18.5755,-3.8708
33.3123,-3.5541,-12.9301
28.6173,-3.4238,-12.6387
34.4273,-3.8647,-12.4586
25.0259,-3.2953,-12.8451
-108.4150,4.9806,-16.4993
-105.8134,4.8074,-17.0414
25.7852,-3.4515,-12.7087
30.3686,-3.8319,-12.6728
33.9994,-4.1438,-12.0635
34.7477,-4.2011,-12.8337
25.3346,-3.6575,-12.5783
-128.7025,5.1379,-17.2069
38.1788,-4.9917,-12.4161
-180.8691,7.7313,-19.0702
-180.6809,7.4574,-18.8547
-102.2924,2.7285,-17.0708
-183.3237,7.4686,-19.1985
-101.6029,2.5740,-16.8603
-98.2164,2.2931,-17.6731
263.9734,-18.9410,-4.2946
-101.6252,2.3016,-16.0268
267.1363,-19.1654,-3.9723
-45.6750,-1.0876,-14.9056
55.2097,-6.9759,-10.9262
-68.3164,-0.0575,-14.9390
-48.6241,-1.2848,-14.3647
-92.9557,1.1317,-17.3179
31.5460,-6.0939,-12.2686
-50.7986,-1.6403,-14.5287
-139.9567,3.2171,-18.7060
-144.1256,3.2188,-18.5957
-143.7689,2.9293,-19.2054
-85.0295,-0.3428,-16.7685
-150.9062,3.0025,-18.8832
-144.2254,2.3082,-18.1366
-151.0206,2.4321,-18.2037
-86.2172,-1.5417,-16.2170
-89.0215,-1.6307,-16.6457
-84.0833,-1.9026,-16.3437
-87.9110,-1.7634,-16.9165
-88.3012,-1.7801,-16.5854
-92.7174,-1.6928,-16.3071
-191.4599,3.2150,-19.0960
-44.2931,-4.3375,-15.6513
-88.6633,-2.3245,-16.6750
-146.9013,0.3199,-19.1764
-87.2509,-2.8070,-17.2360
-43.7029,-5.0534,-14.1876
-88.5778,-2.9860,-16.1998
-191.3590,1.6859,-19.6959
-190.1347,1.0790,-19.7862
-147.0553,-1.3425,-18.4816
-142.0934,-1.6432,-19.5968
4.4840,-8.4514,-13.5206
10.2808,-8.7256,-12.7308
12.7665,-9.2908,-13.3257
-140.4089,-2.5257,-18.9166
5.7571,-9.0826,-13.6585
2.3760,-8.9395,-13.4817
6.3322,-9.1452,-13.1535
-142.0138,-2.8725,-19.3252
6.8849,-9.8736,-13.0994
117.1432,-15.6598,-9.6059
-159.3777,-5.3549,-19.8518
10.6260,-13.9938,-12.7318
-4.5086,-13.5394,-13.4342
-1.3440,-13.6464,-13.3107
-83.5128,-12.2850,-16.5329
43.2644,-16.9125,-11.8577
-82.4215,-13.6143,-16.9721
-82.7787,-14.5134,-16.6661
-108.1719,-14.8237,-17.3138
36.4741,-18.4570,-12.4714
-55.0787,-17.0504,-15.8147
-90.1477,-16.7197,-16.3935
-14.6998,-19.7136,-14.4477
-107.8612,-18.2873,-16.8577
-109.3732,-18.2656,-16.9406
36.1059,-20.5700,-12.2330
-107.6432,-18.3515,-16.9441
-19.2124,-19.9563,-13.3712
-108.8133,-20.3817,-17.6566
20.8209,-22.1948,-13.5596
-75.5524,-23.3250,-16.6824
-110.2773,-26.4265,-17.8244
-30.4577,-26.4414,-15.1698
155.0363,-27.6254,-8.2692
154.9040,-27.7427,-8.1925
-7.7448,-29.2929,-13.1281
13.2229,-29.3967,-12.6156
69.5239,-30.2951,-10.6108
-70.8607,-32.2172,-16.7757
-70.4702,-32.3028,-16.2092
70.0613,-30.6917,-11.1336
-74.2757,-34.1018,-16.9307
-69.2871,-34.0474,-16.7949
-56.8681,-34.0298,-15.3439
-155.9367,-37.5099,-18.5763
12.9839,-34.2997,-12.9619
11.7806,-34.3545,-13.6633
16.5857,-34.6159,-13.5222
20.4791,-34.9922,-12.7007
19.2608,-35.3497,-12.3262
-153.8022,-39.9797,-17.7355
-111.7705,-39.0263,-16.8573
-112.1639,-39.0935,-16.9007
18.9118,-35.9364,-12.1760
-75.7819,-41.1200,-16.2172
67.6231,-37.2286,-10.6347
70.9989,-38.7685,-10.5340
-149.9344,-47.9676,-18.9225
-71.9206,-44.9531,-15.0592
-63.7243,-45.5050,-16.4001
-70.6735,-46.6198,-15.4474
238.7734,-32.7571,-5.1637
-65.8457,-46.4554,-15.3549
-71.9543,-47.2974,-15.9672
-122.6843,-49.7876,-17.8394
237.9360,-33.2876,-4.8987
-127.0603,-53.4982,-17.7608
-123.9936,-53.9351,-17.4439
213.2934,-35.7478,-6.1480
-124.0462,-54.8222,-18.3464
41.0107,-46.0643,-12.5981
81.4746,-44.0302,-10.6840
-122.8407,-56.2033,-18.7539
-121.6678,-56.1818,-17.4019
-120.9887,-56.7539,-18.3841
-122.0094,-56.9558,-18.0865
29.2791,-48.3806,-13.0282
28.7004,-48.6812,-12.8889
-78.2190,-55.5775,-15.6031
-50.2937,-53.9225,-14.5059
-50.6804,-54.2177,-14.8461
-51.5898,-54.3226,-15.3708
-79.4887,-56.5950,-16.0897
27.7681,-49.7272,-12.2960
-75.2623,-56.6046,-16.1950
77.6275,-47.4125,-11.1656
-185.8495,-66.1795,-18.9657
-12.2206,-56.5747,-13.4215
-151.0246,-73.0848,-19.9752
23.3285,-58.1248,-12.8327
83.9092,-53.7349,-11.0860
-143.0417,-74.4969,-18.3169
83.8484,-53.7849,-11.0871
-168.9838,-77.5000,-19.6622
108.0763,-52.0622,-9.7959
20.2633,-60.5115,-12.6173
15.2285,-60.9856,-12.7733
65.4180,-57.3926,-10.7841
-140.0136,-77.9406,-18.6938
95.1347,-56.3018,-10.2333
-138.1869,-80.7266,-17.7351
-138.6429,-81.8013,-17.3302
-178.0891,-88.3867,-19.8551
-177.9713,-93.3382,-18.9000
-140.6683,-91.2917,-19.1459
-126.8723,-89.9462,-17.4632
-134.0888,-91.1158,-18.5893
-34.4444,-78.7383,-15.4916
-144.6189,-93.5671,-18.2996
11.8743,-74.1724,-13.6200
12.4425,-74.3609,-12.8359
-177.7604,-98.8891,-18.7588
11.1423,-74.6238,-12.7776
14.5579,-74.4041,-13.4258
67.6397,-67.6700,-11.4574
129.5004,-59.9114,-9.4368
14.8985,-75.2980,-13.7214
13.9749,-75.5735,-13.9043
-124.3170,-94.1360,-17.9281
-125.4923,-94.5965,-17.0162
-50.3702,-84.9965,-14.4593
-33.8629,-82.8094,-15.6895
-49.8917,-86.0246,-14.6861
12.5923,-77.7178,-14.0142
-33.9310,-84.5512,-14.0214
-43.4768,-86.2424,-15.2470
24.0997,-76.9550,-13.4194
-41.8505,-86.2752,-15.3014
-39.8098,-86.0814,-15.4421
-36.4351,-86.5130,-15.6526
-115.9908,-101.5703,-16.9346
-115.4268,-104.0254,-16.9981
-23.4025,-92.8082,-14.4044
-115.6523,-107.8468,-18.6454
-24.8106,-93.0904,-13.6740
-123.3535,-109.2543,-18.8939
-119.5517,-108.8828,-18.8374
-20.3931,-92.7595,-14.4034
-22.6780,-93.4906,-14.4994
-106.6243,-107.6655,-18.0112
-121.4697,-110.9980,-17.3123
-24.7220,-95.3657,-14.5133
-22.4358,-94.9879,-14.4225
-122.8734,-113.8467,-17.0823
-120.0735,-113.4399,-17.0037
-121.4845,-114.0364,-17.0510
26.5309,-88.7834,-12.3664
24.9290,-90.3123,-12.9052
22.3019,-90.7822,-12.9914
-10.1888,-97.0148,-14.7877
-13.7865,-98.2274,-15.0237
-11.2472,-97.9544,-14.6982
-11.1312,-98.3587,-13.9849
-206.0745,-133.9976,-19.8650
6.2053,-95.9471,-13.5465
19.5042,-93.7719,-13.0216
14.4790,-94.8568,-13.6463
-186.0135,-131.8960,-19.4948
12.3943,-95.4011,-13.5180
15.7399,-94.8239,-13.2798
24.4124,-93.3440,-13.0968
12.0609,-95.8244,-13.5709
177.3200,-65.1103,-7.2408
31.0322,-92.3659,-13.3725
11.8058,-96.0341,-13.8215
5.2834,-97.4024,-13.9726
6.2874,-97.3041,-13.2229
-2.1034,-98.9391,-14.1603
14.8130,-96.1035,-12.6075
178.7451,-65.3146,-7.5479
19.4222,-95.4086,-13.7756
-68.8652,-112.0556,-15.4216
-84.6930,-115.0963,-17.3338
9.8043,-97.3198,-14.0108
18.7569,-95.7242,-13.8178
-84.3802,-115.2323,-16.8864
-159.8405,-129.8831,-18.9268
177.4010,-65.9666,-7.6033
-2.3530,-100.2656,-13.7689
-156.4119,-129.6990,-18.3615
65.6746,-87.4176,-11.4421
0.1730,-100.0346,-13.6558
-98.9749,-119.1570,-16.7361
17.0684,-97.0240,-13.6345
0.1666,-100.6461,-13.2830
2.6444,-100.1974,-13.9819
0.0300,-100.7030,-14.1127
-8.2217,-102.3886,-14.2159
-1.0205,-101.0350,-13.4124
0.4675,-100.7717,-13.4058
20.8392,-97.1133,-13.2295
-146.1783,-129.7436,-19.1351
-148.6332,-130.2935,-19.2976
-118.6418,-124.4942,-18.0255
-121.8766,-125.1642,-18.2103
-141.8531,-129.3017,-19.1668
-121.0246,-125.2436,-18.0063
-142.5441,-129.6554,-19.3656
-142.6307,-129.8350,-18.8914
-141.7139,-129.9776,-17.9082
-148.6959,-131.4246,-17.8917
71.5363,-88.1721,-11.4118
-142.4701,-130.2829,-17.8767
72.5504,-88.0691,-11.6073
-142.3751,-130.5451,-19.9575
-141.6631,-130.4098,-19.9322
-146.1062,-131.3498,-19.8069
-155.7705,-133.2851,-18.1767
17.8948,-99.0031,-13.5280
-143.0158,-130.9107,-18.8397
-142.1864,-130.8256,-18.1247
-143.4698,-131.0995,-18.0997
-140.3388,-130.5892,-19.2187
-144.5880,-131.5061,-19.0856
12.1308,-100.5936,-13.3022
17.8905,-99.6879,-13.6174
-145.2309,-132.2120,-18.9498
12.8565,-100.7934,-13.1554
13.0653,-100.8374,-13.0655
-144.7382,-132.3810,-18.5910
86.8439,-86.1589,-10.7650
22.7786,-98.9875,-12.6798
-119.7468,-127.7382,-18.8373
66.9825,-90.6247,-12.0761
16.6849,-100.9690,-13.1217
87.0141,-86.8153,-10.5398
8.8355,-102.6376,-13.8106
-185.3192,-142.4033,-19.3514
44.5598,-95.7090,-12.0291
7.0691,-103.4543,-13.1302
-180.7520,-141.7187,-19.2895
42.9407,-96.2359,-12.0023
6.4038,-103.8136,-13.0844
-21.4308,-109.7209,-15.4192
-20.0983,-109.4826,-15.3411
9.3727,-103.5903,-13.0664
62.2698,-92.7794,-11.9703
20.9578,-101.2614,-13.7681
10.5226,-103.5888,-13.4993
19.2732,-101.8028,-12.9677
13.3706,-103.0429,-13.3626
18.4104,-102.0892,-13.3740
6.9445,-104.6491,-12.8838
-15.6963,-109.3796,-13.5689
-181.2584,-143.9239,-19.5025
123.7589,-81.0252,-9.1929
54.8593,-95.6190,-12.1355
7.1550,-105.6192,-13.4118
-11.1723,-109.6875,-13.4870
56.2547,-95.6089,-11.5013
15.2235,-104.3685,-13.6327
-136.3808,-136.6408,-19.1302
24.3599,-103.0382,-13.1551
-135.7301,-137.0972,-19.2719
-14.4502,-111.4104,-15.1200
-154.5489,-141.2823,-18.8407
-173.5423,-145.7293,-19.6335
7.6694,-107.6914,-12.9330
-3.4566,-110.3140,-13.6217
3.3974,-109.2008,-13.3753
4.5813,-108.9601,-13.3971
-1.6073,-110.4193,-13.8190
-1.4334,-110.4222,-13.9002
0.3617,-110.0392,-13.5998
-2.2250,-110.6101,-13.4932
4.1885,-109.4086,-13.8796
-2.0519,-110.7857,-13.6326
-47.7224,-121.0040,-15.5043
-49.7106,-121.5993,-15.6800
-4.2306,-111.8009,-13.5334
-128.8129,-140.2898,-19.5909
25.9282,-107.6842,-12.4900
3.3049,-112.8627,-14.1917
24.7594,-108.0629,-12.4397
-44.9743,-123.9077,-16.3498
24.8955,-108.2241,-12.8306
20.4068,-109.5536,-12.8228
25.8485,-108.6930,-12.1994
-116.6394,-141.5000,-18.7685
-110.7470,-140.9697,-18.5390
-108.0899,-140.3949,-18.6937
-106.7734,-140.9786,-17.2817
76.6974,-98.3108,-11.6363
-105.6475,-140.7727,-17.8894
-103.3212,-140.2523,-17.2238
3.9390,-115.5012,-13.0880
-101.7317,-140.6704,-16.7602
-102.5011,-141.0946,-18.3657
22.3581,-112.3109,-12.4315
9.1350,-115.7071,-14.2236
-102.1137,-142.3240,-18.5741
21.6346,-113.1824,-12.3774
-101.9472,-143.0224,-16.6299
79.8987,-100.1116,-10.4107
30.1166,-112.1939,-13.0057
-156.9519,-157.3746,-18.3574
29.8846,-112.6691,-12.8523
-154.7196,-157.5629,-19.3381
-49.6081,-132.2917,-15.9230
-34.7578,-128.7409,-15.7779
28.1590,-113.5281,-13.2468
15.6070,-116.8119,-13.8756
31.5156,-113.0521,-13.1292
53.1459,-108.1907,-12.2414
10.2912,-119.0689,-13.1383
11.2853,-120.0382,-13.3689
16.9092,-119.7017,-12.8452
-180.6947,-172.2407,-19.2488
-3.5696,-126.9986,-13.3038
-2.4796,-126.8625,-14.4131
16.7213,-121.9940,-14.1814
27.3143,-119.3437,-12.8805
13.3380,-123.0083,-13.0724
19.4783,-121.4687,-13.1333
4.8101,-125.3378,-13.8635
23.0383,-120.7723,-13.3987
5.9273,-125.3110,-14.0154
20.5655,-121.5540,-12.4104
7.9628,-125.0280,-13.2948
-46.2760,-139.3383,-15.4400
32.9650,-118.6358,-12.7856
34.5026,-118.2860,-12.6823
13.8557,-124.3336,-13.0139
21.3512,-122.3931,-13.4583
23.2998,-122.0188,-12.3373
22.0407,-122.4604,-13.6031
-6.1687,-129.9616,-14.3539
14.8210,-124.4958,-12.6876
37.9277,-118.4182,-13.0946
20.1739,-123.2397,-12.6628
16.9036,-124.1328,-13.8039
16.8143,-124.2027,-13.4592
-0.8450,-129.0535,-13.7505
0.6487,-128.8143,-13.6008
12.0822,-125.9629,-13.0679
24.1077,-122.7714,-13.8440
20.5023,-123.7939,-13.9989
19.2996,-124.6243,-13.4460
11.3871,-126.8184,-14.2786
29.8524,-122.2800,-13.4495
14.4932,-126.5887,-13.8391
11.8354,-127.3647,-13.8650
13.3556,-127.1852,-12.7883
4.4652,-129.5906,-14.0441
10.2089,-128.5435,-12.9301
20.4439,-125.7970,-13.8048
35.6939,-121.8036,-13.4032
11.4092,-128.6883,-13.1498
44.1180,-120.1640,-12.2263
-45.0926,-144.7130,-15.0887
13.7167,-128.6415,-13.8507
34.5915,-123.0520,-12.5803
8.8126,-130.1980,-13.8934
43.3742,-120.7139,-12.2800
16.3653,-128.8690,-13.7435
14.6788,-129.4822,-13.8206
12.6655,-130.2504,-13.6047
13.8063,-130.0536,-13.7969
-83.3692,-157.1225,-17.6765
16.6875,-129.3854,-13.7019
-125.9725,-169.4420,-18.2275
17.9230,-129.2435,-13.4424
14.7191,-130.2242,-13.9436
18.0012,-129.7285,-13.1384
18.6031,-130.4521,-12.8573
24.7863,-129.6835,-12.7412
-132.1215,-175.0873,-18.4671
21.4469,-131.0501,-12.7735
23.3613,-131.2802,-12.6789
36.6760,-127.7005,-13.4798
21.8344,-132.1259,-14.0439
-125.5236,-175.0604,-19.1993
-149.3331,-182.8899,-18.3962
-14.0815,-143.4608,-14.7412
-96.2064,-167.7369,-17.3480
-97.4688,-168.2487,-18.2882
17.0358,-134.8034,-13.0403
12.2190,-136.2830,-13.0819
-150.0222,-184.1098,-18.4015
8.3636,-137.5898,-13.8808
8.6524,-137.5189,-13.8887
-12.5521,-143.9102,-13.6564
1.2076,-140.1714,-14.3636
21.9126,-134.7211,-13.4174
-90.4515,-169.1953,-17.8531
-119.7931,-178.4571,-18.3157
24.5106,-135.3117,-13.0292
-15.7715,-148.6419,-14.2841
15.0033,-139.3692,-13.6627
-130.5864,-183.8784,-18.6184
-168.1335,-195.3652,-19.4120
20.0276,-138.2324,-13.1814
23.9392,-137.0509,-13.1285
-128.3709,-184.1217,-18.9661
15.6481,-140.2178,-13.0717
-117.9872,-182.1957,-18.2459
15.4455,-140.9887,-13.9280
-114.0174,-181.1142,-18.7561
-117.1764,-182.3995,-18.4465
33.3411,-135.8564,-12.1876
34.4254,-135.6109,-12.2798
20.3811,-140.3194,-13.3291
-111.5734,-181.4573,-19.0687
-112.0923,-181.7806,-18.9757
35.7232,-135.7672,-12.6427
-111.5269,-182.2365,-17.1583
22.1472,-140.4811,-12.7072
-111.2685,-182.5705,-17.6759
-86.9011,-175.9902,-16.5886
-115.6232,-185.4274,-17.3839
-39.1100,-161.3962,-16.1399
65.0463,-128.3358,-12.2147
31.9744,-139.0991,-13.1469
-111.5695,-184.8220,-18.9654
-38.1644,-161.5170,-15.2561
-112.3387,-185.1805,-19.0804
-39.2464,-161.9179,-15.3148
36.0645,-137.9646,-12.3273
35.6528,-138.0958,-12.6546
35.6320,-138.4909,-12.5512
55.7652,-132.1281,-12.2253
-96.2442,-181.0763,-17.3123
33.8764,-139.3575,-13.0091
32.2092,-140.8293,-13.4961
22.3517,-144.3468,-12.8757
-112.7687,-189.4818,-19.4232
24.8226,-145.2558,-12.6456
-113.8409,-192.4523,-19.2125
-114.2453,-192.9889,-19.1275
15.9036,-150.6097,-14.0355
-110.1251,-192.9181,-19.3963
-114.5733,-194.5892,-19.1701
-114.5223,-194.8051,-19.0631
33.9829,-145.3375,-12.7344
35.3473,-144.9587,-12.7163
135.4241,-111.1477,-9.5502
-151.2745,-208.4669,-19.0468
-150.7708,-208.4373,-18.9758
-151.6219,-208.9444,-18.6902
-126.6842,-200.7694,-18.0054
-105.5181,-196.3588,-18.0719
-114.4550,-199.7803,-19.3702
36.4372,-148.2229,-12.5285
187.6176,-95.7962,-7.0740
-133.1079,-208.2531,-19.4589
-80.6977,-190.1853,-17.0094
-126.9787,-206.5144,-18.9802
-78.1234,-189.4208,-16.8289
37.1281,-149.5579,-12.4536
42.6123,-147.6368,-13.0882
-36.0055,-175.4708,-16.4419
-112.8861,-202.7593,-19.4356
-113.5425,-203.2830,-19.2186
-115.6496,-205.1480,-19.1300
-117.3116,-205.8038,-18.8467
23.1712,-156.4180,-13.3309
-23.2790,-173.8972,-14.5511
-32.0883,-177.4332,-14.7848
-57.3184,-186.9921,-15.9224
22.4517,-158.7529,-12.9743
82.1933,-137.3606,-11.3216
-32.1343,-179.4904,-15.7246
20.2062,-160.6847,-13.3635
-111.6080,-209.7320,-18.4778
-116.0751,-211.7476,-19.5571
-109.3322,-209.5462,-19.2714
-122.5999,-214.6180,-19.5637
-111.5311,-210.5447,-17.4863
-113.3417,-211.5905,-19.3708
3.5149,-169.1821,-13.4199
-45.1606,-187.3762,-15.9699
17.7097,-164.3097,-13.2013
18.4724,-164.4110,-13.3136
-81.5478,-202.1497,-16.9512
-124.7802,-219.1904,-18.9877
25.8617,-162.3876,-13.2033
-88.1483,-205.6722,-17.1457
6.0835,-170.1440,-14.6195
8.0991,-169.4726,-14.1000
-94.4660,-208.6310,-17.2196
25.9035,-163.0196,-12.6468
63.6561,-148.8124,-12.3114
21.5369,-165.1227,-12.8909
23.8210,-164.2762,-13.6188
29.3658,-162.4108,-13.1257
27.9990,-163.2256,-13.2234
22.3960,-165.6752,-13.1598
25.9917,-164.6190,-13.0887
-135.7350,-227.9278,-19.5991
-135.3639,-229.2142,-18.4345
41.3210,-161.2472,-12.8993
-59.3031,-200.6196,-15.8850
25.2892,-167.6623,-13.0324
24.0660,-168.3324,-14.0570
18.6020,-170.7794,-13.8922
29.2817,-166.6992,-13.4178
27.2457,-167.5164,-13.8431
162.3972,-114.4104,-8.2630
66.9963,-151.9766,-12.6743
19.9150,-170.8189,-13.0649
25.3591,-168.9195,-12.9870
6.0033,-176.6583,-13.5796
65.0038,-153.4383,-11.4348
20.0216,-172.1349,-13.2833
39.6001,-164.5539,-12.4176
-74.3940,-211.3003,-16.4171
85.0801,-147.4145,-10.6789
162.3520,-116.8366,-8.1430
15.9661,-176.2692,-13.1869
40.6920,-166.3265,-12.8155
-98.6139,-223.0820,-18.7308
32.0180,-170.2632,-13.0265
31.1247,-170.6357,-13.0233
16.5921,-176.6542,-13.2001
29.9070,-171.5138,-12.7908
8.1336,-180.5418,-14.9916
24.7748,-173.8940,-13.3271
10.4567,-179.8596,-14.9266
24.4932,-174.7730,-13.1375
17.6218,-177.6436,-14.7098
10.7446,-180.7664,-13.3416
19.8514,-177.1578,-14.0354
-75.7956,-216.5914,-18.0788
30.8978,-172.8704,-13.3971
18.9305,-177.8646,-14.6699
22.4773,-176.5301,-13.6152
23.5670,-176.1402,-14.5892
23.2844,-176.3464,-13.4076
6.6683,-183.2160,-13.9696
42.9944,-168.3714,-12.9113
37.2160,-170.8134,-13.7057
193.3443,-106.2934,-7.3725
-87.5294,-222.6908,-17.9785
25.6621,-175.8290,-13.8048
-75.1741,-217.7041,-16.8134
-2.0177,-187.4858,-14.7818
21.8776,-177.6744,-14.5308
16.0032,-180.1622,-14.8661
19.5026,-178.7960,-14.6369
17.9473,-179.4657,-13.6923
9.2661,-183.1004,-14.7899
22.8001,-177.4874,-14.5555
-87.3339,-223.3062,-17.3169
23.4313,-177.2808,-13.8393
19.2897,-179.0162,-14.6714
13.8450,-181.4293,-14.5589
17.1167,-180.3354,-13.8729
11.2519,-182.8309,-13.7330
28.1462,-175.8688,-13.7158
21.5586,-178.6355,-13.0277
-4.6232,-189.7682,-14.8032
18.0634,-180.3224,-13.4320
44.4872,-169.2877,-12.9067
6.7600,-185.1924,-13.6453
2.2069,-187.1112,-13.8292
34.1080,-173.8230,-13.9842
20.6010,-179.5977,-14.1136
32.6202,-174.8780,-12.8245
34.3407,-174.3455,-13.3756
13.0216,-183.4139,-13.7775
23.6529,-178.9816,-13.7156
17.8132,-181.6245,-13.9198
4.3896,-187.3020,-14.2307
244.2774,-86.2453,-5.4804
31.8197,-175.9543,-14.1226
1.8213,-188.6229,-14.4955
242.9150,-86.9259,-5.5122
40.5743,-172.3286,-12.8523
22.9776,-179.8935,-13.8624
18.9316,-181.6361,-14.8038
-69.8330,-219.4905,-17.1756
-71.1887,-220.1812,-16.3937
18.4388,-182.2713,-14.2393
28.7538,-177.9248,-13.9922
7.4167,-186.9821,-13.9302
17.8657,-182.5932,-14.2162
22.4825,-180.6598,-14.3650
35.9332,-175.1114,-12.6961
34.1526,-176.0130,-13.4326
6.0788,-188.1042,-14.3715
40.7828,-173.3502,-12.3746
11.5441,-185.7908,-13.6343
32.9204,-176.7395,-13.3353
30.1584,-178.0357,-13.4083
24.0968,-180.6477,-12.9840
54.5189,-167.9863,-11.9574
-54.3639,-214.7513,-17.7201
16.6756,-184.4453,-14.9201
-55.3895,-215.3344,-17.6629
32.0078,-177.9753,-13.5830
-67.2054,-220.4796,-17.8848
-66.8128,-220.3831,-17.8306
100.7463,-148.7763,-11.5525
20.2874,-183.5662,-14.2661
7.4460,-189.7862,-14.0018
100.1543,-150.3356,-10.5294
4.3030,-192.2117,-14.0708
4.3899,-192.1747,-14.0722
7.1222,-191.2481,-14.1351
100.1798,-151.0859,-10.7660
186.2379,-113.6689,-7.9302
7.8559,-192.2758,-14.4564
8.6766,-192.9925,-14.3422
167.3319,-123.0296,-8.6811
99.9687,-152.8491,-10.7122
18.1129,-189.4057,-13.8237
18.5973,-191.4897,-14.5968
168.5873,-124.2321,-8.5386
16.3682,-194.8378,-14.5675
99.3413,-157.3904,-10.4526
-94.5940,-246.0712,-19.2670
20.5903,-193.6356,-13.5414
21.1701,-193.5687,-13.4133
-111.2275,-254.7055,-19.7662
-107.2970,-252.9697,-18.3832
-100.2673,-250.0401,-19.7655
22.7726,-193.7271,-13.2430
26.5867,-192.2373,-13.1365
22.8836,-193.9506,-13.1753
13.1691,-199.3027,-13.6383
15.0614,-198.4463,-14.0814
13.5454,-199.1740,-13.5082
25.7504,-193.6167,-13.7194
8.3286,-201.7787,-15.0204
18.0976,-197.2582,-13.8043
21.0226,-196.4513,-14.1061
23.1740,-195.4583,-14.1752
-49.2098,-230.0431,-17.6407
-29.3062,-221.7689,-16.6824
-47.2042,-230.5400,-17.4425
-9.0657,-213.0057,-16.0295
-48.1686,-231.5258,-16.5988
-47.8609,-231.4177,-16.6718
52.1641,-186.5648,-13.2267
-42.3628,-231.8976,-15.7240
29.4006,-197.8251,-14.5635
86.0014,-173.0727,-12.0727
24.0072,-203.4621,-14.1417
-90.9438,-261.7605,-17.6178
22.8570,-205.7426,-14.0484
80.0413,-177.5916,-11.5237
-36.0579,-238.1771,-16.9586
77.9932,-182.4804,-11.9215
29.0365,-208.1507,-13.3995
85.0302,-181.1693,-11.3720
30.1597,-209.7118,-14.7644
96.5491,-175.5623,-11.9297
29.8776,-210.0684,-14.4345
14.4867,-218.0089,-13.8533
28.3941,-211.3495,-14.9372
27.8729,-211.6538,-14.9934
84.9331,-183.2582,-11.8372
86.8088,-182.5696,-11.9637
30.6221,-212.1530,-14.4200
171.8193,-138.7186,-8.9198
-54.0232,-257.0378,-18.4664
-49.6970,-257.5416,-16.6221
-56.6641,-262.4311,-17.6601
-53.4470,-260.7370,-17.5540
-24.6850,-247.0998,-16.2973
-26.2260,-247.9659,-16.3646
85.3291,-189.5343,-11.2322
34.5644,-217.2835,-13.4331
87.2541,-189.5240,-11.8734
248.0639,-102.3816,-5.4308
-26.0859,-252.9735,-17.2742
88.7960,-190.8361,-12.3680
90.0202,-190.3865,-12.2346
-27.3327,-256.7508,-16.7087
-13.2247,-249.5734,-16.1823
-13.1413,-249.7249,-16.4819
121.1852,-175.2472,-11.2889
13.0760,-236.8194,-14.7796
13.4118,-236.6804,-15.7710
-11.8580,-251.1870,-16.9928
274.8573,-90.0546,-4.3905
-30.0534,-264.0374,-17.6508
-28.5968,-263.4270,-17.5744
104.1431,-188.6623,-10.9996
94.4789,-194.3667,-11.2876
96.4515,-193.2834,-11.1085
37.2095,-227.7595,-14.9100
-24.5289,-267.9278,-16.5714
97.5281,-196.9441,-11.3504
190.9139,-142.5157,-8.2968
99.5484,-197.0623,-11.0257
180.7235,-149.1060,-7.9972
116.3241,-187.8598,-11.4298
101.1858,-196.9696,-11.7188
70.9393,-217.2224,-12.4714
178.8451,-154.1290,-8.7026
255.7255,-106.9821,-5.3008
-18.0444,-275.6553,-16.1038
-18.7327,-276.1359,-16.1097
-18.3277,-276.0854,-16.1875
-17.4184,-276.5290,-16.2192
-16.6228,-276.2764,-15.7080
173.5293,-158.9317,-8.6528
179.5599,-155.5002,-8.4842
67.3910,-226.3146,-13.0769
65.3745,-227.9158,-13.3816
33.9089,-250.9245,-13.8748
107.8442,-208.5399,-11.8908
17.4263,-269.9009,-16.4029
19.7033,-268.5752,-16.2988
211.0210,-143.9268,-7.0203
84.2137,-229.2908,-13.3280
84.2339,-229.5035,-12.4538
210.7154,-144.5797,-7.3480
85.6327,-229.2664,-12.5440
212.1203,-144.0240,-7.7034
99.7939,-225.9043,-11.9655
38.9777,-270.7656,-14.8894
187.3269,-167.2119,-8.0386
85.1292,-245.7568,-13.3230
84.4334,-248.6339,-13.2579
58.7516,-267.5682,-13.4037
84.5348,-248.8010,-13.0447
87.6678,-246.8486,-13.4567
118.9777,-224.1338,-11.4438
85.9138,-250.0968,-13.8169
184.7637,-176.6315,-9.1236
194.3463,-170.5787,-8.7637
193.1079,-171.5563,-8.8569
195.3053,-170.7903,-8.1422
195.0176,-171.0681,-8.8186
192.8682,-172.7521,-8.4219
89.2171,-252.3474,-13.5914
175.9811,-186.6801,-9.0238
124.2485,-226.4883,-11.7740
195.1059,-173.3996,-8.0385
196.2578,-172.8165,-8.1188
199.6578,-171.1881,-8.3810
127.8753,-228.6261,-11.3533
189.1906,-180.7964,-8.6836
188.9867,-181.0806,-9.0932
189.3834,-181.5401,-9.1703
190.3843,-180.8007,-9.1953
210.2408,-166.3225,-8.0885
198.9439,-177.3347,-8.2532
211.9792,-166.8969,-8.1717
201.9994,-175.2204,-8.6196
198.3384,-179.2116,-8.5564
199.7757,-178.0573,-8.4534
199.7133,-178.6583,-8.5320
197.4460,-180.7107,-8.2486
199.2663,-179.3723,-7.9638
191.6395,-186.7393,-9.1750
189.6007,-189.9469,-8.5866
250.3264,-139.8851,-6.5700
108.0944,-258.9261,-12.5486
107.3392,-259.6123,-12.6602
194.6582,-186.7469,-8.8103
206.0215,-178.4010,-8.3396
242.2979,-153.6488,-7.0323
144.1898,-240.2978,-11.9924
119.0852,-263.9738,-11.9073
245.2883,-152.3925,-6.4916
196.1177,-196.2729,-9.4488
127.6390,-257.5381,-11.6088
194.7691,-198.7906,-8.6022
196.0132,-197.7571,-8.5008
148.8431,-242.1836,-11.8285
246.1731,-154.7432,-6.5645
244.8791,-156.1115,-6.4262
151.3424,-243.7847,-11.0673
137.5829,-257.5555,-12.2863
163.5050,-236.7772,-11.1802
164.6475,-237.7389,-10.9888
172.9867,-229.9048,-9.7664
234.5256,159.6160,-7.1148
238.8986,154.2087,-6.8231
245.0120,138.4665,-6.6002
245.1188,138.0902,-6.6514
244.2143,138.7430,-6.9627
140.7094,255.3847,-10.6643
244.7043,136.5199,-6.7413
226.9254,149.6893,-7.2914
241.8093,132.1969,-7.0232
145.7688,230.7286,-11.2372
239.2115,131.0227,-6.4162
242.7440,126.9155,-6.0530
242.8361,126.4520,-6.2299
145.4875,228.6619,-10.6494
145.1172,228.3807,-10.9385
201.3599,165.6401,-7.6201
157.1093,191.3400,-9.0177
126.4595,216.9760,-10.3372
257.8893,94.1988,-5.4880
126.0509,216.9622,-10.4455
258.5633,93.4646,-5.5214
87.5358,245.5760,-11.8465
80.6570,248.9800,-13.3153
151.9660,183.0544,-9.9698
155.1180,180.0868,-9.0163
83.9725,243.2730,-13.0787
151.2730,180.3947,-9.4399
144.3835,185.4028,-9.1948
200.3972,135.8397,-7.9107
201.4911,134.5277,-7.9351
135.0412,191.3728,-9.6270
204.8309,130.9974,-7.0351
26.5777,281.4377,-14.2885
24.5375,282.2322,-15.0153
47.9189,260.2241,-14.4908
136.2777,185.5857,-10.6930
74.3711,237.7715,-12.0133
31.2025,273.9954,-13.6805
47.3311,259.5286,-14.2725
19.8381,281.8927,-14.4461
20.6587,281.1632,-14.4260
22.6864,277.9219,-13.9937
21.5861,278.8340,-13.8499
36.8339,265.2326,-14.7900
22.0775,277.3584,-14.2943
22.5272,276.2792,-14.9504
76.7645,227.6839,-12.4334
140.0400,174.9220,-9.4112
69.6088,230.2845,-13.2059
195.1582,128.8455,-7.6847
137.8322,174.2006,-9.3721
132.8051,175.0952,-9.3396
135.9814,172.5604,-9.4674
133.5320,171.6576,-9.8860
182.6100,132.6938,-8.4010
254.2300,77.0446,-5.0863
130.9672,172.3722,-10.0869
84.4748,208.0120,-11.8230
61.8400,223.9987,-12.9902
177.7112,132.5162,-7.8760
179.2130,131.1434,-7.7290
177.1828,131.7025,-7.9924
10.9778,254.0190,-13.3607
173.1241,131.1214,-7.6979
27.2231,235.5969,-13.2096
50.0841,218.4679,-13.2661
84.6129,192.4371,-11.6131
36.3600,226.6274,-13.0132
60.7660,208.3454,-12.3264
177.2830,124.4910,-8.3855
174.9555,126.0309,-8.3447
171.8559,126.6396,-7.6346
59.6821,205.7142,-12.1098
62.4457,203.6816,-12.0830
61.0277,204.4110,-12.0788
61.6117,202.5784,-12.2041
49.2327,210.5920,-13.3950
48.3730,211.1569,-13.3896
12.7678,234.9376,-13.0727
11.4046,234.7513,-13.3180
46.3061,208.5745,-13.0823
50.8066,203.4384,-12.6296
50.7533,202.7328,-13.1383
72.7873,186.1851,-12.2734
70.3969,187.6891,-11.8239
139.9641,140.6682,-8.8285
-44.7356,265.0860,-16.0123
-47.2562,266.3523,-16.9507
72.6677,185.4373,-11.8023
69.4695,187.4173,-11.6976
140.9589,138.0464,-9.2709
140.5668,138.2943,-9.4195
38.7165,205.5538,-13.3271
27.9734,212.4679,-12.5196
-46.0266,260.0369,-14.9957
32.4199,205.8911,-13.2303
105.6144,156.8867,-9.7207
203.8176,92.9967,-6.2676
32.3962,203.2915,-13.2761
136.4320,135.8063,-8.7420
209.6332,87.8575,-6.5792
161.5801,118.5610,-7.8421
209.7188,87.3849,-6.6046
60.0247,183.1944,-11.3908
63.7509,180.7822,-11.2899
63.4647,178.7952,-11.1090
29.4889,199.1211,-12.1819
39.4545,191.7656,-13.0432
29.2169,198.1575,-12.2062
151.2285,121.2444,-8.3948
26.9360,198.2773,-12.3031
-76.2599,260.1791,-15.6444
-73.9415,257.2173,-16.9136
66.4785,170.7075,-11.4095
92.5089,154.3516,-11.1399
63.2022,172.2915,-11.0261
69.8910,168.1124,-10.7410
71.8274,166.8722,-10.6468
-29.5538,227.4224,-15.8189
245.9609,59.1069,-5.3709
241.9583,61.3186,-5.3909
-36.0685,228.6456,-16.0648
-98.9545,266.4669,-16.8818
246.5486,58.4510,-5.3521
-22.4328,220.2814,-15.0663
243.9345,59.9264,-5.4114
-22.8458,220.1482,-14.5647
245.5560,58.8657,-5.2587
-94.8575,263.3499,-16.4726
-65.9710,245.9364,-15.0371
19.3003,193.5757,-12.8147
-102.9590,266.6034,-17.7289
59.6069,169.3827,-11.0184
-19.4499,216.5723,-15.1707
56.2163,171.2604,-11.3122
58.3623,169.9238,-11.5055
58.0385,170.0662,-11.0133
-62.5029,241.7066,-15.9875
-61.0548,240.6199,-15.0225
18.1260,193.2757,-12.6219
15.8558,194.0555,-13.0450
21.8280,190.4739,-13.1809
-66.0345,242.4752,-16.4158
-105.7108,265.5297,-17.5745
-67.9988,242.8824,-16.4036
206.5958,80.5245,-6.7888
-104.8859,264.5588,-17.6613
19.6538,190.8077,-13.6260
-79.4191,248.6972,-17.3558
-79.8466,248.9046,-17.4661
-102.5978,262.1763,-18.0574
-71.6017,243.4277,-17.2220
206.8353,79.7086,-6.0725
-62.4583,237.7220,-15.8855
-109.7354,264.6874,-18.8392
-76.0969,244.0459,-16.3742
75.2644,155.6472,-10.5470
-100.3279,257.6489,-17.5529
-99.0775,255.9370,-16.1703
-111.3722,263.0479,-17.3675
17.8006,188.0918,-12.7180
11.5968,191.0685,-14.0999
10.0495,191.1184,-13.4181
-104.7862,257.2344,-16.1265
18.4133,185.9878,-12.9630
13.0972,188.4627,-13.1715
-110.9040,259.2958,-17.3201
12.4971,188.5219,-13.4133
246.0223,54.6617,-4.8176
12.3542,188.4089,-12.5690
210.2250,73.2604,-6.3512
126.0943,119.8650,-8.5157
94.4791,137.4405,-10.6302
-97.7694,244.7243,-18.1062
207.3013,74.2408,-6.3437
207.5335,73.8874,-6.4296
-0.5842,189.3256,-14.4736
1.3337,187.9085,-14.0941
-0.8816,189.1198,-14.4708
-95.6304,240.9653,-17.4886
2.5437,186.4088,-14.0669
6.1542,183.9018,-14.0738
2.6479,185.8086,-13.8726
2.7577,185.6757,-13.7903
-2.7216,188.4365,-13.3442
-95.7225,239.0283,-16.6675
-3.2418,188.0507,-14.4116
5.0916,183.3034,-12.9991
258.8926,43.6521,-4.3449
6.9836,180.5680,-14.1346
-13.6562,190.6957,-13.8854
256.9400,44.2727,-4.6767
96.4662,129.7089,-10.3604
56.1191,150.9336,-11.4285
59.3972,148.8859,-12.1439
31.0017,163.0403,-13.1073
26.1780,164.7565,-13.2780
102.3597,123.9360,-9.2352
219.7147,62.0008,-6.1783
-2.2943,178.7588,-12.8918
36.2260,158.3507,-12.7112
58.6584,146.0444,-11.0453
124.4180,111.2038,-8.6806
67.1338,140.6568,-10.5057
66.0202,140.5873,-11.4555
22.9933,162.7688,-11.6500
-39.3893,194.6746,-14.3455
22.4725,162.2155,-12.8135
23.4237,161.5915,-11.9401
15.8931,165.3946,-12.8885
24.7622,160.4987,-13.1763
22.8130,161.0689,-11.6685
-99.1272,223.5057,-17.2983
-98.4297,222.9455,-15.9146
132.8851,103.8148,-9.1968
38.2271,151.8802,-11.7329
131.9220,103.6158,-9.2405
124.5534,107.1456,-9.6261
120.2741,109.1876,-8.4864
-92.3217,217.0116,-16.1141
210.8045,63.2287,-6.2653
-105.9890,223.4603,-16.4372
13.2787,162.3801,-12.8276
17.7784,159.8523,-13.2307
191.5943,71.9097,-6.8610
151.4715,91.4265,-8.5130
148.4078,92.9466,-8.5917
-86.8056,209.8154,-15.8155
-20.0300,175.5125,-14.1062
141.3551,95.3723,-7.8424
5.0752,162.6744,-12.6036
5.9333,161.7159,-13.1018
138.7189,96.0902,-8.1188
136.2330,96.9169,-8.3236
187.8355,71.1669,-6.8322
77.7733,124.7131,-10.2454
-163.7922,239.9089,-19.5405
65.3394,128.7606,-10.8721
-79.1114,197.5259,-16.2479
133.6585,95.0880,-8.5730
-13.7948,164.3234,-12.5907
135.7480,93.2646,-8.5294
-161.1240,233.6462,-17.3158
208.8827,58.2195,-6.4303
-164.3610,234.4871,-19.9333
7.8125,153.0366,-13.1251
2.8872,155.1909,-13.6806
198.6631,62.6281,-6.5601
136.3212,91.0025,-8.6122
161.1161,78.5466,-7.6027
-33.3071,168.1924,-14.5713
160.6717,78.4942,-7.6881
-67.1901,183.1447,-14.5731
-66.3127,182.4232,-15.6353
1.1065,150.9292,-13.4385
136.9869,88.3124,-8.2849
-149.8433,217.9085,-18.9089
-146.7002,216.0512,-18.6339
-174.9197,228.0955,-19.6988
-177.0320,229.0390,-19.2264
65.0503,119.1962,-11.0941
-176.8843,227.8445,-18.8704
-176.8675,227.7030,-18.8052
-16.2126,154.4085,-13.6822
-13.4774,152.0702,-13.0077
-15.6621,152.9036,-13.4477
-11.9182,150.5258,-13.0575
-11.5478,150.3053,-13.1052
-152.3355,212.2724,-16.9457
-9.3499,149.0176,-12.7021
-10.8174,149.5066,-13.2428
-13.9341,150.5956,-12.8626
-184.5113,225.4355,-18.3963
-6.6506,147.1014,-14.0222
-2.8855,145.1246,-13.7036
60.8031,116.8334,-10.2653
-138.6806,203.8869,-16.6665
-154.0294,209.5965,-16.7487
-186.3166,222.9281,-19.5948
-72.4727,171.7498,-15.0451
173.2574,65.6720,-7.3517
173.4991,65.5378,-7.3786
-188.2846,219.8097,-19.3405
-9.9681,142.5712,-13.0730
-31.6120,151.5168,-14.0307
-10.7199,142.2882,-12.5215
-64.6678,164.7604,-14.3052
-190.6032,217.4192,-19.5302
262.4329,25.8649,-3.9630
-110.0941,181.0558,-15.4231
101.0846,93.0470,-9.9623
-66.3599,162.8023,-15.5322
152.5686,71.5327,-7.9746
150.5832,72.2101,-8.3474
263.1972,25.3395,-3.8476
-66.5900,161.8950,-15.2646
257.3943,27.4711,-4.0840
-137.2604,190.3435,-17.5594
-138.7750,190.6457,-16.7671
89.9563,96.2559,-10.3161
-106.9329,175.7960,-17.1384
-68.5367,159.5541,-14.9869
-161.5015,197.1025,-17.9841
-106.5960,174.1858,-16.5616
-106.6567,173.2138,-17.2713
104.4395,87.7313,-8.9084
-178.9782,200.1954,-17.3752
-165.1728,192.6617,-19.3930
116.3376,80.8335,-9.2614
-104.6473,166.6721,-15.6367
-105.5038,166.8639,-16.4114
-177.6380,193.7568,-19.6189
-181.0747,192.7119,-18.9144
-171.2996,186.9083,-19.1810
-171.1203,186.8304,-18.9148
166.2021,58.0659,-6.8674
273.8749,16.8472,-3.4817
-105.5895,160.3390,-15.1468
-106.8369,160.7057,-15.6370
-110.0765,161.9216,-16.0113
-110.0472,161.8499,-15.7670
-106.6838,160.5052,-15.8756
-81.3677,150.0448,-14.3628
-185.1532,188.4799,-18.4503
-88.5006,152.1782,-15.0008
-183.9033,187.7428,-19.4609
-212.9900,198.6110,-19.7926
-97.2092,155.1968,-16.0177
-184.6588,187.2521,-18.5235
-82.2349,148.5270,-14.6258
-80.8309,147.9437,-14.5554
-107.5916,157.7015,-17.0815
-179.4559,183.9627,-19.7713
-185.7989,186.3051,-19.9233
-184.1365,185.2025,-19.6884
-186.4306,185.1674,-17.6339
-100.3720,152.5354,-16.9665
-186.8931,183.9872,-18.4767
-209.1979,189.0424,-19.0828
-202.6917,185.6959,-17.9243
-130.0202,159.3518,-17.9068
-104.1754,149.6445,-16.3731
134.6043,64.1869,-7.8939
-201.4863,184.2408,-18.2035
-32.1907,123.4508,-14.0946
-199.9952,182.9360,-19.8304
-122.9819,155.0046,-16.6955
-122.9923,154.7180,-16.8183
-203.6897,182.7252,-18.0182
-109.7855,149.2760,-16.8416
-108.4715,148.6804,-16.6932
-35.8433,122.9853,-13.7193
-107.2638,148.1084,-16.7663
-32.4125,121.6469,-13.4768
-33.7114,122.0408,-14.3393
-33.1299,121.7467,-14.3661
-36.3313,122.6692,-13.5901
-31.5788,120.7413,-13.0822
-199.8706,179.7658,-19.0195
-28.9528,119.6985,-13.1931
-81.7081,138.1151,-16.0312
-88.1932,140.3696,-16.4280
-196.2685,178.2092,-19.8886
-203.3312,180.4930,-18.2847
-170.2951,168.5948,-17.8176
-25.5962,117.7860,-13.7944
-23.1567,116.8123,-12.5666
-107.4670,145.4821,-15.1655
-19.2591,114.7902,-13.5669
85.8075,78.3197,-10.0327
-110.2101,146.0112,-15.5764
-186.4030,172.1654,-18.5805
-30.8292,117.9325,-13.9345
55.5174,88.1409,-10.3386
72.0855,82.3510,-10.8821
-184.8596,170.8027,-17.6019
-25.4608,115.6821,-13.7700
-110.8238,144.9308,-16.9892
-75.8206,132.8542,-14.2456
-187.6383,171.2014,-18.7258
-25.3310,115.4007,-14.2124
-188.6537,171.4279,-17.7032
-80.2354,132.9535,-15.6214
-29.4356,115.6338,-14.2376
-29.5042,115.6557,-13.5136
-185.2493,168.6376,-19.6824
-80.7335,132.7973,-15.7199
-198.9669,171.7721,-18.8350
-33.5330,115.0929,-14.3502
73.4580,78.8100,-10.1107
-200.7598,170.2752,-18.7326
164.3635,48.1077,-7.0484
-28.5289,112.1401,-14.0280
131.0422,58.9365,-7.7725
-177.8008,161.0718,-18.4606
-129.0995,143.8269,-16.6385
-126.3168,142.8302,-16.8494
-127.8753,143.3337,-16.8992
-88.3705,129.4521,-16.0726
-218.0871,171.6406,-18.0872
-79.4735,126.0944,-15.8813
-75.2256,124.6615,-15.7708
-125.5071,140.6742,-16.7086
-125.6110,140.1069,-16.6287
-26.9014,107.9386,-13.3563
-219.7993,170.3639,-18.5790
-27.3645,107.6591,-13.3558
-199.4220,163.1618,-17.7218
-221.7619,170.3275,-18.2187
-28.0243,107.7149,-12.8787
-22.6493,105.9362,-13.0505
-29.1837,107.9577,-13.2478
-28.0428,107.4373,-13.1582
-200.7322,162.6386,-18.4083
-92.2081,127.6754,-14.9341
-29.6623,107.3794,-12.8134
-35.3427,108.9571,-12.6235
162.1951,45.7778,-7.2455
228.9759,23.9496,-5.1657
-34.8654,107.4585,-13.0427
230.2977,23.2810,-5.3574
-88.8674,123.6748,-14.5629
227.5928,24.0024,-5.0943
72.5604,72.4928,-9.4135
-97.8300,125.4497,-16.3293
-91.6147,123.4569,-16.2438
-65.1770,114.6882,-14.5587
-87.8573,121.7223,-14.1858
-90.1531,122.1799,-14.8415
-182.7718,150.4430,-19.2477
-67.3566,114.6334,-13.7770
-184.0091,149.1871,-16.9585
-80.5054,117.3162,-15.7265
71.7176,70.5538,-9.8604
-221.9431,160.1958,-19.3914
-183.4403,146.5127,-17.1200
55.4283,73.6519,-10.5413
-229.4553,159.2832,-19.7338
-69.4451,110.1651,-14.0774
-77.7146,111.8509,-14.4839
-111.8635,120.4953,-15.0653
-82.0931,108.6602,-14.0484
-131.8360,122.8618,-16.1624
222.7606,20.9924,-4.9751
-82.9648,108.6055,-15.9378
-132.7377,122.5147,-16.2650
-202.2055,142.0514,-19.6880
-162.4576,129.1464,-18.2106
-130.8396,119.3898,-16.0032
-131.9316,117.9923,-17.0137
-209.8844,138.6174,-18.8466
-207.2721,137.8948,-18.7475
-205.9338,137.1790,-18.2423
-208.3408,137.8394,-18.3001
-217.3517,138.0450,-18.3002
-60.5918,95.4320,-14.1960
16.8842,74.2643,-11.3862
-159.0020,121.9257,-17.2427
-221.7851,137.8080,-19.6999
-161.8372,120.8146,-17.8316
-225.0899,136.8532,-18.1523
-150.7159,116.9250,-16.9456
12.5958,73.4839,-12.1089
18.1979,71.7844,-11.5655
-91.1157,99.8316,-14.8942
12.4111,72.5395,-12.5248
-94.1639,100.5419,-15.4516
8.1352,73.2856,-12.1122
-92.1593,98.9598,-15.8342
-22.7446,79.7632,-12.3601
-64.6692,89.6248,-15.1291
-68.3992,89.7599,-13.6754
-222.8540,128.1842,-18.9890
-39.9137,81.8676,-14.0376
-19.2326,74.8534,-12.7022
-254.2249,133.2309,-18.7990
-64.4654,85.8441,-13.8520
-211.1442,121.5365,-17.8651
16.5966,65.0597,-11.9527
-76.0361,87.5732,-13.7465
-194.4780,116.5813,-18.5529
-65.5363,84.5176,-15.0952
15.4960,64.5263,-10.9785
-53.7685,81.3138,-13.2059
18.8804,63.5692,-10.9074
-69.1449,84.8060,-13.7129
-65.4513,83.8885,-15.0527
-17.3354,72.1349,-13.4321
-62.9149,82.9533,-15.0740
67.3586,51.2973,-10.5742
1.5414,66.5733,-11.5437
-192.1496,112.5059,-19.3246
-193.3061,111.2038,-19.1378
-92.8760,87.2204,-16.0079
-8.4352,67.0805,-13.2631
-218.2160,115.9140,-18.6137
-3.3060,65.1676,-11.7180
-184.7952,107.4015,-18.8427
-180.2026,105.4537,-17.0734
76.4955,45.9115,-9.7040
-125.7438,92.1130,-15.1795
-111.6814,88.0927,-14.6749
-122.7797,90.6207,-15.2730
-20.7928,67.1175,-12.3941
-125.2876,90.8299,-16.0030
64.2858,47.4016,-9.7864
-90.2062,82.4598,-15.5294
-93.2814,82.9150,-15.1507
-89.2103,81.8180,-15.5381
-20.3816,66.1884,-12.5097
-85.4297,80.7543,-15.3331
-17.8179,65.2896,-12.2890
-64.5077,74.9535,-14.3689
-135.8420,90.8116,-15.7974
-135.1058,89.9378,-17.3103
-127.4445,87.7907,-15.7736
-62.1324,72.2482,-13.9706
-64.2892,72.6629,-13.9046
216.2026,11.2319,-4.9939
-112.6221,82.8474,-14.8572
-241.8393,110.7797,-18.3703
-250.0621,112.2041,-19.8059
-65.6017,71.8358,-13.7310
-112.7600,81.8563,-16.4100
-75.3984,73.6916,-13.5130
-107.1414,80.5195,-14.4767
-111.9058,81.5190,-15.6682
-112.2376,81.5588,-15.8357
-107.2827,80.2775,-15.3347
-94.1977,77.4544,-15.7140
-115.1009,81.6534,-16.4808
-112.9049,81.1689,-16.5728
-93.4636,76.9014,-14.4943
22.2790,51.4416,-12.1605
-92.9063,74.5610,-15.5761
-109.9836,77.9314,-15.7065
69.4404,39.8718,-9.3363
100.9854,33.1367,-9.1230
-168.9400,88.5334,-18.1008
-104.5133,75.1739,-16.2475
-210.7706,96.8770,-18.1541
-249.6856,103.8013,-18.9877
-100.3605,73.2094,-16.1312
-210.5880,93.4607,-17.7858
-253.4454,101.8619,-18.7070
-210.0328,92.9221,-18.4322
259.1686,-0.8773,-4.1347
35.4859,42.8339,-11.2075
-129.4972,75.1891,-16.9847
-171.8348,83.3780,-18.1070
-172.7023,83.4683,-18.0576
-173.8010,83.6223,-18.2040
101.5972,29.6022,-8.7478
39.4171,41.5971,-10.1094
109.4718,27.7429,-8.9557
150.3383,19.7812,-7.0307
-127.9707,73.7321,-16.7062
151.3478,19.5162,-6.9696
-97.5160,67.6429,-14.8464
113.0393,26.6736,-8.0304
-215.6337,89.6032,-19.1646
-213.7869,88.5682,-18.0751
108.1565,27.0031,-8.3352
-121.4886,70.5798,-14.7429
-126.7814,71.4680,-14.9834
149.2908,19.0329,-7.2727
-98.3586,65.8402,-16.0360
-98.6377,65.7769,-15.5527
-217.7703,88.3162,-17.6373
-167.7913,78.8258,-17.9357
-218.3306,86.9734,-19.3325
-97.6773,64.3841,-14.4027
-220.7273,86.9930,-17.5901
-208.4470,84.3015,-17.5941
-100.2730,64.1006,-15.5655
60.5489,33.3712,-10.1474
38.6979,37.2559,-10.3618
-186.1193,77.9178,-16.9062
-222.9148,84.4530,-19.4834
-184.8700,77.3955,-16.9091
61.1939,32.7892,-10.3498
-185.7986,77.4360,-16.9820
155.2225,15.6945,-6.7280
-113.6540,64.1421,-16.4173
-235.5327,86.0323,-18.7574
-124.5094,65.9378,-15.2306
-100.9195,61.4975,-15.9352
-236.0855,85.0171,-19.3011
39.7832,35.7140,-10.6603
-181.3658,75.0368,-16.8413
-183.6996,75.2575,-16.7823
278.7963,-7.0409,-3.2322
-101.3529,59.7289,-15.9635
-184.3368,74.1245,-17.1932
-99.3745,57.7607,-14.2813
-100.1114,56.9666,-15.2846
198.6090,6.0026,-5.7838
-168.3399,68.1194,-18.4336
-167.6691,67.6654,-18.3963
-130.8076,60.7593,-16.9244
-98.2358,54.7665,-15.9363
107.5358,19.8775,-8.3541
-122.9696,57.4446,-15.0502
-231.0731,72.4665,-18.3181
-62.4306,45.1820,-13.7030
-94.3286,48.0525,-15.1743
-55.0132,41.5507,-14.0919
-64.5868,41.8410,-13.9077
-166.5338,56.9835,-18.1992
56.8844,23.3809,-9.9144
190.3476,3.1899,-6.3655
185.9702,3.4403,-5.8047
184.3258,3.6813,-6.0525
186.5275,3.3516,-5.8764
183.5138,3.6884,-6.0818
-232.0262,64.4185,-19.9270
-231.5777,64.1733,-17.9313
191.9576,2.2762,-6.1414
183.1872,3.4406,-5.9932
-49.0671,37.0432,-12.9970
-169.0151,53.9461,-18.2158
-49.0295,36.2462,-12.5708
112.3283,12.6791,-8.7230
-64.4167,37.2011,-13.9008
-159.6813,50.5262,-17.7844
-160.4758,50.6115,-17.7282
-166.9337,51.4595,-18.2651
-158.7334,50.2692,-15.7535
-164.0498,50.8537,-17.3129
-160.3180,50.2908,-17.9814
-164.1163,50.6781,-17.9767
-149.6631,48.6439,-17.7301
166.4891,4.5227,-7.0299
-92.4458,40.0640,-15.2264
200.7322,-0.4055,-5.3497
-88.1719,39.2821,-13.8379
189.4219,0.6386,-5.9585
-154.3274,46.9618,-17.1960
-177.9819,50.1004,-18.4193
198.9926,-0.7710,-5.6572
107.8306,11.4554,-8.9106
-42.9357,31.7067,-13.3998
198.4009,-0.8222,-5.8039
-180.3755,49.6764,-18.1048
-172.3017,48.5343,-17.9049
-174.6610,48.8304,-18.4820
-177.2736,49.0700,-17.9771
-164.4494,47.0274,-17.3597
-42.7598,30.7332,-12.8543
-43.4454,30.2256,-13.0596
-95.7002,36.5736,-15.1995
-240.8095,53.3877,-18.1368
-94.3131,34.6744,-15.8428
197.5061,-2.4027,-6.1441
-171.0162,42.7616,-16.9086
-165.7762,41.8584,-16.7126
-169.5599,40.0489,-16.5223
-269.8753,51.4745,-19.8509
-245.9909,48.5566,-19.6883
-136.8350,35.6367,-15.6439
-62.3581,26.6119,-13.0608
-246.3589,47.8601,-18.9325
-168.7877,38.4990,-16.4442
33.3113,14.7049,-10.5261
-63.4524,25.1139,-14.7135
-167.2714,36.4566,-16.6782
-63.8284,24.2228,-13.3533
163.7130,-1.2187,-7.2221
-63.0812,23.7972,-12.8642
-166.7995,35.2737,-16.8037
-167.6884,34.1657,-17.8010
180.6633,-3.9458,-6.6217
-70.5249,21.8124,-13.4760
177.0701,-4.4967,-6.3950
-278.0075,41.9307,-19.3753
-277.3570,41.5667,-19.0313
178.5939,-5.0545,-6.3969
-65.3243,19.2718,-14.8444
179.2576,-5.5783,-6.5146
37.1875,7.9107,-10.8554
-248.3848,34.9782,-19.8343
34.8604,7.5263,-10.6660
40.1929,6.9999,-10.4356
-244.4597,33.2605,-18.7012
-247.3327,33.4387,-18.2472
39.4982,6.4628,-10.2441
-165.4838,25.3151,-17.4291
-103.7643,19.3608,-15.2349
-102.3854,19.2308,-15.8720
-101.3264,18.8831,-15.1980
-109.7119,19.5217,-15.7055
-103.7818,18.8153,-15.5495
-112.5640,19.3179,-16.0309
-261.1652,32.8189,-18.8867
101.7833,-0.6699,-8.7431
-262.7968,31.4864,-19.7391
-103.8301,17.0292,-16.0023
-99.9699,16.1931,-14.4663
-262.5131,29.7703,-18.8992
-158.1922,20.4740,-15.6476
-234.7720,25.3403,-19.9842
-167.7964,18.6532,-16.1087
-36.8892,8.0737,-12.4249
-200.2253,20.6346,-18.9201
-106.6919,12.9019,-15.6944
-171.6371,16.9025,-17.6198
-169.3222,16.5338,-17.4965
-158.3828,15.5991,-17.6526
-0.6273,3.2347,-11.2969
-97.5304,10.4585,-14.6251
-105.2623,10.8470,-15.8907
-172.1783,15.8604,-18.2069
-96.6834,9.7164,-15.6683
-96.4139,9.6303,-14.0788
-93.4359,9.1250,-14.0988
188.1387,-11.5786,-5.7237
-85.2843,8.3905,-14.5356
-89.1247,8.5580,-14.5271
-119.0185,10.6973,-15.9588
-113.7743,10.2849,-14.9573
-83.6823,8.0182,-13.9961
-100.8155,9.2235,-14.8749
-93.4586,8.6871,-14.3630
-105.7438,9.5382,-15.1343
-82.2544,7.8352,-14.6223
190.7203,-11.9440,-5.7315
-101.6581,9.1460,-14.8977
-113.5641,9.8121,-15.4666
-96.2707,8.5633,-14.8493
196.8633,-12.4861,-5.4526
-111.3969,9.5315,-15.1456
-193.0200,15.3554,-18.5157
197.4880,-12.5648,-5.4632
-120.9776,10.1873,-15.2729
-96.6992,8.3621,-15.1102
-99.9122,8.5810,-14.8543
-118.0925,9.8761,-15.0800
-196.0112,15.3578,-19.0940
-206.9646,16.1164,-18.1465
-167.7943,13.2966,-16.1559
-168.3053,13.3214,-17.4486
-97.7269,8.1759,-14.5444
-201.2670,15.4357,-18.6576
-104.7134,8.5821,-15.5572
-119.3633,9.5570,-15.4861
-111.2461,8.9315,-15.0897
-106.3249,8.5449,-14.5615
26.1852,-0.8389,-11.2188
-109.5140,8.6320,-14.8725
-125.5021,9.4180,-15.6161
-100.6372,7.6587,-15.6029
-104.1164,7.7808,-15.8151
-110.4294,8.1117,-14.5893
-100.3158,7.4128,-15.8499
-106.7029,7.8399,-16.0903
-105.8564,7.7089,-14.8308
-165.1263,11.7342,-17.4666
-95.8868,6.9031,-15.6595
-96.2303,6.9116,-15.3487
-112.0740,7.9388,-16.1692
-106.1680,7.3492,-15.8400
-100.1564,6.8658,-15.9147
-97.0360,6.6381,-15.4766
-106.5158,7.1943,-15.0682
-111.7526,7.5474,-15.4009
-115.7054,7.6342,-15.5504
-163.4209,10.3902,-15.9278
62.8664,-4.6192,-9.9324
-102.1169,6.2524,-15.4761
-108.6807,6.6583,-15.2120
-97.6297,5.8467,-14.0773
-122.6311,7.2225,-16.3499
-153.0948,9.1273,-16.4671
3.7065,-1.1145,-11.1410
266.2121,-18.2481,-3.5277
-104.6713,5.7685,-15.0931
268.8224,-18.4484,-3.6447
-103.1682,5.6471,-14.9353
-100.4668,5.3090,-14.5902
-164.5471,9.2583,-16.2075
-177.0652,9.9178,-18.3994
-117.9279,5.9342,-16.3284
-105.7353,4.7470,-15.6556
-104.0583,4.5630,-15.9604
-109.3588,4.8470,-16.1715
-110.0605,4.8527,-16.2794
-105.0713,4.3050,-15.4371
-237.6119,12.4527,-19.7949
-239.7160,12.5437,-19.7751
-170.8167,8.1283,-16.5784
102.6627,-8.8004,-8.8729
6.9377,-3.0582,-11.7591
-179.2763,8.2267,-17.7824
-6.3859,-2.3110,-11.6939
-102.9486,3.2071,-15.3393
-103.3122,3.1722,-14.0229
-178.1846,7.4869,-18.1545
-152.1613,5.6892,-17.3362
-178.9083,7.1461,-18.0659
-6.0360,-3.0287,-11.8884
-154.3073,5.5618,-15.3887
-180.0584,6.8858,-18.1244
-102.5855,2.3096,-14.6341
-180.2896,6.8162,-17.7192
-97.2239,1.7218,-15.2656
-140.6649,3.7636,-15.3440
-107.5321,1.7320,-15.1410
-53.5362,-1.5251,-14.2775
-47.5914,-1.8896,-13.9674
-40.5164,-2.3979,-12.8583
-34.3118,-2.8304,-12.5444
-142.8712,3.0853,-16.2729
-254.5619,8.6421,-19.6379
-33.9897,-3.3463,-13.6326
1.1921,-5.2819,-11.8890
-87.0015,-0.7199,-15.3694
-182.2853,4.2675,-16.6532
9.8484,-6.0825,-11.3943
-49.4961,-3.2549,-13.4640
-254.5592,7.4599,-19.2041
-38.4743,-3.9125,-13.8423
-47.1571,-3.4608,-12.6549
-37.5867,-4.0093,-13.9032
-47.5164,-3.5016,-12.8227
-43.6348,-3.7266,-12.7134
-42.7847,-3.8060,-12.8954
-85.3672,-2.0798,-15.2518
-186.4975,2.9065,-16.5106
-96.1370,-1.7001,-13.7366
-75.2688,-3.0368,-14.2383
-43.8201,-4.6154,-13.8464
-184.0966,2.1362,-17.1234
-184.5173,2.0387,-17.3110
-150.9891,0.3005,-17.4205
-90.9156,-2.8234,-14.1069
-183.6609,1.6857,-16.7969
-207.4111,2.7923,-19.1285
-186.3336,1.2177,-17.7982
-77.3364,-4.0378,-13.7357
-205.1527,2.0229,-18.5816
-240.6750,3.5230,-17.9052
-186.2481,0.8342,-16.4909
-196.8458,1.1307,-18.9946
-253.9071,3.7448,-19.6645
-87.0553,-4.1385,-14.8256
-202.6094,1.1810,-18.4986
-153.0784,-1.2411,-17.1609
-85.2704,-4.5575,-14.8991
-239.3453,2.3743,-18.5205
6.3159,-9.1689,-11.2777
9.0931,-9.4548,-10.8544
5.6181,-9.3369,-11.1612
-199.4094,-0.4392,-17.1316
-198.1060,-0.5225,-18.2851
-254.4184,1.7418,-18.3848
-156.9931,-3.0520,-16.9243
-250.1416,0.1039,-19.5672
-248.2549,-0.0758,-19.4919
-249.8935,-0.1578,-19.3734
-232.7771,-0.8619,-18.4151
-160.3442,-4.2546,-16.3887
-85.7204,-8.6671,-14.1497
2.0964,-12.5201,-11.9429
-216.9886,-5.1440,-17.7150
0.5292,-12.8755,-12.3039
-127.9990,-8.6056,-14.7521
10.7210,-13.9891,-12.1649
-257.0259,-5.6096,-19.5145
22.0206,-14.5627,-10.7342
-247.4086,-6.1820,-19.2535
-259.5682,-5.9649,-19.3841
-243.6257,-7.3969,-18.9312
-246.0211,-7.3576,-19.0761
-231.3209,-7.8392,-19.2363
10.5420,-15.0000,-11.2717
-237.0104,-7.7656,-19.5040
-221.2547,-8.3675,-19.1410
-254.8116,-7.4135,-19.3924
-236.0764,-8.2364,-18.5328
-243.9975,-8.0223,-19.6848
-246.0699,-8.0686,-18.7891
-243.7338,-8.1421,-19.1922
-203.4179,-9.3993,-18.0760
-253.5793,-8.0015,-18.2685
-257.8030,-7.9436,-19.5745
-255.1069,-8.3606,-18.8045
-255.7108,-8.3578,-18.8960
-7.9967,-15.2026,-11.7529
-91.7534,-12.9481,-14.9316
-261.4051,-8.3347,-18.4513
-251.2062,-8.6360,-19.6429
-205.4857,-10.1493,-19.2997
-261.0096,-8.6644,-19.5102
-47.0517,-14.6549,-14.0807
-256.2340,-9.3822,-19.1341
-256.5622,-9.4025,-19.0477
-244.3454,-10.3758,-19.4134
-107.8857,-14.0066,-14.9953
-259.2162,-10.4135,-19.2166
-257.4603,-11.1300,-19.9966
-257.2217,-11.2173,-19.8205
33.0964,-18.1216,-10.4339
16.6487,-19.2838,-11.2193
-105.3986,-17.2439,-14.2720
-10.6703,-19.4357,-11.3397
-12.2516,-19.5472,-12.8485
-226.3796,-18.2448,-19.7015
-230.0219,-18.1984,-19.6074
-226.0057,-18.2746,-19.1101
-209.8098,-19.7937,-18.0672
-111.8736,-21.0622,-16.2637
-57.9524,-21.8022,-12.8212
-75.5248,-23.1524,-14.0900
-15.0870,-23.9293,-12.6791
-174.1247,-23.1168,-16.1642
-109.1256,-23.9189,-14.2121
-109.7935,-24.3477,-14.8320
-12.5807,-24.8688,-12.7022
-61.2123,-24.8727,-13.7792
-108.4709,-25.0797,-15.0913
-61.8336,-26.3384,-13.9279
-111.7177,-27.0202,-16.1966
-112.3362,-27.1514,-16.2227
-156.5408,-27.5456,-17.0994
-226.7222,-27.9119,-17.4889
-106.2045,-28.8482,-14.1630
18.1886,-29.6027,-11.5366
-231.4232,-32.0573,-18.0890
-70.5556,-31.9609,-14.8541
-211.1439,-33.7861,-17.6840
-231.0137,-34.2279,-19.2979
67.6636,-30.6708,-9.3110
-112.5878,-33.8192,-15.8395
-237.7591,-35.7937,-18.1373
-63.8786,-33.8923,-12.9177
-52.3191,-33.8479,-13.3747
-156.8471,-35.7820,-17.0292
-47.0703,-33.9922,-13.3460
20.1846,-32.8003,-11.7712
19.4481,-32.8443,-11.6433
-49.1476,-34.2693,-13.2116
-129.7819,-36.2811,-16.3366
-45.0949,-34.7643,-14.0086
-114.1906,-36.2823,-15.8720
-225.5666,-38.8474,-19.6164
-128.1216,-37.1000,-16.2799
-244.4331,-40.2714,-19.9823
-54.2739,-36.5294,-12.9076
-133.0053,-38.6501,-16.6511
-149.5910,-40.1608,-15.8023
-153.2257,-40.2576,-15.9585
-153.3637,-40.3936,-15.9203
-158.8476,-41.1401,-15.6427
156.9237,-32.7894,-7.0922
-121.9294,-40.8905,-15.9021
-108.7569,-41.7421,-14.3445
-108.8126,-41.7718,-15.4884
-108.6706,-41.9296,-15.5761
13.4231,-38.1832,-11.9754
-148.6250,-43.6292,-15.9588
-232.0885,-49.3688,-19.5463
-123.0933,-47.9808,-16.6764
-224.8252,-53.4889,-17.9075
-126.3393,-51.1377,-14.7935
-85.8464,-51.2144,-13.9283
-86.8114,-51.4375,-13.8253
-130.5900,-53.9666,-15.9880
-131.4357,-54.6645,-15.0171
39.7111,-45.2563,-10.5406
-66.6747,-51.4076,-13.8959
-128.4600,-55.3653,-15.8603
-260.9148,-63.6050,-19.5494
-77.2021,-53.7743,-13.9294
-72.7380,-53.7966,-14.0942
-73.8843,-53.8892,-13.9210
-72.1893,-54.1493,-13.8052
-51.1708,-53.3423,-14.0568
-119.0396,-57.8674,-14.5907
-119.5165,-58.5773,-14.4161
-117.4337,-58.4902,-14.3580
-168.8258,-62.0633,-15.8650
-207.9554,-65.1456,-18.9075
-75.5526,-57.2820,-13.8503
-191.6101,-66.4960,-16.6318
-180.2732,-65.8039,-16.1957
-188.2960,-66.5071,-18.4624
-188.9538,-66.5673,-18.5200
-184.1082,-66.6775,-17.2453
-127.0403,-63.9303,-16.0064
-14.1962,-56.6498,-12.2007
-9.5657,-56.3689,-11.4431
-11.4409,-56.7673,-12.1166
-10.1456,-56.7795,-12.2113
-87.3757,-64.1370,-14.0439
-268.5268,-79.0203,-18.9786
35.0694,-55.0287,-11.1981
-87.3422,-65.1593,-13.9085
-88.1936,-65.7989,-13.9563
-86.1148,-65.7228,-14.9900
-85.9761,-65.7181,-14.9819
-89.1272,-66.0558,-15.1603
-90.5783,-66.4528,-15.5036
22.1919,-58.3567,-11.1083
-105.4468,-70.0416,-14.0660
-237.9511,-82.5246,-18.0740
-169.3710,-76.7737,-16.7466
72.5879,-54.9085,-10.1395
-150.4691,-75.5387,-15.6048
-149.0019,-75.9583,-15.5164
63.3132,-56.3334,-10.0326
-267.8815,-91.2538,-18.7373
-276.1088,-92.3608,-19.7879
-274.7957,-92.2487,-19.6854
-265.4955,-92.2076,-18.7956
-176.0648,-84.4358,-16.1641
-177.1763,-84.8902,-16.4868
-177.4092,-85.7890,-17.3824
-145.5140,-84.3063,-16.0865
97.3747,-57.9827,-8.9991
-136.3292,-84.7695,-16.4786
38.7898,-65.9012,-11.2116
13.9812,-71.8089,-11.2006
244.7584,-43.6307,-4.1491
-167.2088,-94.8617,-16.9828
-270.5054,-109.0076,-18.8800
-126.7713,-91.1883,-16.3696
11.7791,-74.7570,-11.3333
66.9018,-68.2028,-9.5688
-51.2767,-83.7653,-12.6668
-125.0637,-93.5940,-14.7326
-35.8306,-82.2400,-13.7905
-36.9157,-82.4466,-13.9710
-29.8031,-81.5630,-13.7219
-121.9563,-93.9913,-16.2498
66.9136,-68.8034,-9.1647
-51.4122,-84.7798,-14.0694
12.0529,-76.5080,-12.3229
-122.4555,-95.0029,-15.7760
17.1518,-77.5429,-11.1916
-39.4243,-85.6278,-12.9905
-32.7429,-86.8181,-12.7820
-114.8902,-100.6877,-16.0610
23.3213,-80.5517,-11.6407
-29.6846,-88.7933,-12.5515
-207.2593,-115.9646,-19.0127
-28.4149,-88.9377,-13.3796
-211.7316,-116.7203,-17.7292
-233.1032,-122.0658,-19.6340
288.3050,-41.7044,-3.2345
-223.4410,-123.2565,-18.6802
-93.2155,-102.5864,-14.0700
16.9547,-85.1639,-11.7723
-92.5620,-104.2021,-14.8003
-120.6369,-109.0143,-15.9881
20.5302,-85.9974,-11.3835
22.3623,-85.7124,-10.7140
20.2827,-86.3930,-11.1813
29.5392,-85.0483,-11.4763
24.3931,-86.0021,-11.1003
-246.4349,-131.4278,-18.4477
-242.5478,-130.8703,-18.8024
-246.7599,-131.6382,-18.9631
-236.7080,-130.5439,-19.8870
-75.6343,-104.5305,-13.4455
-244.9342,-133.4450,-19.8937
-247.0227,-134.2855,-18.7717
-123.6035,-113.9523,-14.8582
-164.0645,-122.3926,-16.8768
-122.0751,-115.7867,-14.8373
-128.6914,-117.1245,-16.6315
-161.8621,-123.0745,-16.4425
-121.4462,-115.9533,-15.0626
28.4725,-89.6686,-11.7959
-120.0428,-116.0402,-14.6557
-236.2558,-136.7473,-18.3986
-160.4077,-123.6619,-16.0171
-239.5743,-138.1805,-18.5515
-160.9372,-124.1558,-17.1289
-235.2541,-137.7288,-18.9650
-67.3265,-107.8842,-14.7746
-231.0749,-137.3868,-18.9425
-237.9674,-138.6664,-19.0604
-159.4719,-125.1339,-16.4986
73.3947,-82.9726,-10.3643
-230.4922,-138.1923,-18.0799
-229.0591,-138.0278,-18.0541
-121.9435,-119.4986,-15.8917
-217.9313,-137.5117,-18.3101
8.2871,-95.9334,-12.5283
-208.4376,-135.9629,-18.6716
-102.8601,-116.5624,-14.4482
71.1327,-84.5051,-9.3043
-205.7414,-136.5124,-19.0711
72.5195,-85.0503,-9.8067
61.9189,-87.1479,-10.0866
-67.2326,-111.7447,-15.0394
70.9012,-85.9041,-10.1900
-84.0703,-115.3273,-14.5541
-123.9764,-122.9743,-16.2245
-118.3339,-121.9516,-15.8161
-122.4327,-122.7782,-16.2141
-115.1231,-121.4083,-16.0134
-82.9557,-115.6938,-14.3889
-86.7267,-116.8177,-14.5786
26.9833,-95.2065,-11.8206
-70.6673,-114.0029,-14.1928
187.3069,-64.5486,-6.4037
1.4477,-100.4147,-12.8458
-1.5840,-101.5045,-12.6760
177.0016,-66.8751,-6.6106
178.4545,-66.6581,-6.0714
-145.8492,-129.7561,-16.0761
-189.5710,-138.3590,-17.0550
179.9201,-66.4287,-6.3444
11.2822,-99.5035,-12.5103
182.8643,-66.0100,-6.3222
3.9513,-101.0249,-12.5990
-1.9999,-102.2063,-12.3124
4.8045,-100.8767,-12.4631
8.7264,-100.2260,-12.0080
5.1964,-101.0430,-12.2960
179.5575,-66.8722,-6.0334
-152.5278,-132.3273,-17.7570
177.7383,-67.6052,-6.5553
-100.1361,-122.8022,-14.2902
10.0592,-101.4432,-12.1922
183.2481,-66.8797,-6.1563
-183.0911,-141.0889,-18.4489
176.0730,-68.9030,-6.3137
18.0856,-101.0111,-12.2115
-86.4469,-122.7644,-14.9065
-183.6993,-142.7172,-16.6270
-181.8664,-142.4563,-16.6585
41.4100,-96.8701,-10.5065
43.0185,-96.5600,-10.4496
-181.0286,-142.7860,-17.8599
7.0062,-104.1816,-12.3005
66.0709,-92.1533,-10.4953
-11.7698,-108.2598,-12.1288
175.8468,-69.7848,-6.6427
-80.1084,-122.9074,-13.6113
-182.0835,-144.8224,-17.0374
10.9250,-105.0101,-11.0699
-10.6743,-109.7133,-12.0027
11.0242,-105.3701,-11.2113
-195.1109,-149.1061,-17.7834
9.8587,-105.8903,-11.3314
123.4477,-81.9292,-8.3833
-7.4136,-109.9676,-11.9639
-0.7872,-108.6446,-11.4028
-1.7913,-108.9184,-12.6918
5.2697,-107.4606,-11.9826
-159.8733,-142.7407,-16.5546
0.5617,-108.5532,-12.0521
1.6786,-108.3253,-11.2957
-0.8569,-108.9148,-11.4843
3.1371,-108.1562,-12.3997
-5.3961,-110.0444,-12.8052
-4.3455,-109.8237,-11.4203
-8.0180,-110.7613,-11.5773
-11.9497,-112.0777,-12.6623
-4.3148,-110.5116,-12.9728
9.8853,-107.5402,-12.1079
-5.9622,-110.9913,-12.2805
-3.1800,-110.5069,-11.7218
-1.6328,-110.3214,-11.6655
-4.6978,-110.9976,-12.2205
-191.7003,-151.5865,-19.2891
-0.6615,-110.2438,-12.9357
-3.1012,-110.8074,-11.9201
11.6598,-107.6396,-12.3326
10.4398,-107.9335,-12.0148
-5.3139,-111.4305,-12.3664
8.7893,-108.3870,-11.4050
-3.5483,-111.1211,-12.0545
-3.7738,-111.1919,-12.4959
2.2401,-109.8881,-12.6316
13.3397,-107.4986,-12.1271
5.7201,-109.2461,-12.0153
8.7127,-108.6883,-11.4522
-46.7964,-120.8192,-13.8908
-1.7151,-111.1775,-12.0128
-4.4999,-111.9497,-12.1320
18.4811,-107.0418,-11.5911
-8.2024,-112.9383,-11.5093
13.8641,-108.1483,-11.1636
-20.0659,-115.6466,-13.0541
-6.8861,-113.0244,-12.3341
5.7602,-110.2529,-11.2723
5.7268,-110.3839,-12.5571
23.9795,-106.4264,-11.1741
-217.4548,-161.3477,-18.3080
-203.7818,-158.4970,-19.4092
25.6728,-107.1097,-10.9631
-201.8081,-158.3085,-18.8403
23.0612,-108.0071,-10.9242
21.8108,-108.5277,-11.9843
29.6420,-106.8401,-10.8813
8.5112,-111.7780,-12.1596
-202.7260,-160.2833,-17.1788
9.6959,-112.1428,-11.0903
10.2240,-112.1551,-12.3045
1.9768,-114.0627,-12.2427
24.1795,-109.0349,-11.9469
8.0636,-112.7576,-11.3866
17.7595,-110.5497,-12.1088
27.3903,-108.6965,-11.7402
1.7880,-114.6348,-12.4238
18.9593,-110.8537,-11.8292
-105.1341,-139.6409,-15.3570
21.7687,-110.6700,-11.9898
27.6493,-109.3429,-10.5787
5.4004,-114.5434,-12.7186
5.4074,-114.5995,-12.6577
7.1651,-114.3614,-12.5359
76.4017,-98.3264,-9.8891
4.0756,-115.4649,-12.4393
15.5003,-112.9138,-11.7433
25.0410,-110.7835,-11.0792
-160.1601,-154.6465,-17.5193
-103.4327,-141.7546,-15.0956
-102.0003,-141.5056,-15.0295
-188.6045,-162.0266,-17.2243
-198.3478,-165.2577,-19.0559
-159.6964,-156.1927,-18.3303
-159.7885,-156.7874,-17.4007
8.3885,-117.2940,-12.3567
-101.7946,-144.1893,-14.7767
78.2690,-100.8631,-9.2451
-47.3846,-131.6237,-13.2283
4.9313,-119.3720,-12.4511
-101.1746,-145.5536,-14.4867
-164.2380,-161.1831,-16.9011
-200.1601,-170.2265,-18.5869
-162.7751,-161.1109,-16.1269
-179.2863,-165.3169,-17.0162
-166.5857,-163.4513,-17.9877
-160.8463,-162.1216,-17.6296
-164.6131,-163.0634,-17.9178
20.7092,-117.0645,-10.7417
-162.8444,-162.7453,-16.2637
-149.7620,-159.5008,-16.5839
-151.6335,-160.0374,-17.7065
-155.8149,-161.2445,-17.2137
-165.2453,-163.8538,-17.5725
6.7543,-120.9879,-11.4699
-150.2669,-160.1792,-17.7699
-156.9473,-161.9446,-16.9271
-148.2858,-159.9614,-17.1508
-155.7836,-162.0213,-16.9405
7.0449,-121.3384,-11.5219
-154.5880,-162.5822,-16.8710
25.4843,-117.2653,-12.0606
18.6863,-119.1570,-11.2215
-158.0611,-163.9401,-16.7190
141.7484,-88.2888,-8.0008
14.0463,-120.8742,-12.4967
-152.7203,-163.7887,-16.0817
7.6957,-123.3024,-11.3439
-4.6633,-126.5293,-11.5805
15.4749,-121.7465,-11.5003
29.0559,-118.3373,-11.8381
13.8965,-122.3952,-12.5024
45.1336,-114.4005,-10.5313
22.4432,-120.2683,-11.4243
-43.3809,-137.2797,-13.3909
-2.1753,-126.6867,-12.4225
13.4646,-122.8689,-12.1715
12.6137,-123.1123,-11.5465
11.0286,-123.6236,-11.3754
15.4327,-122.5788,-10.9897
-215.1838,-182.5876,-17.9024
17.4507,-122.4766,-11.9846
-3.8152,-128.1728,-13.0287
16.5919,-122.9636,-11.6850
9.9585,-124.7172,-12.2837
7.4375,-125.4750,-11.8540
29.8239,-119.6512,-10.6999
15.9031,-123.3757,-12.2984
14.5300,-123.7551,-12.6017
-0.6104,-127.7420,-12.6252
11.7436,-124.5436,-11.6153
15.6307,-123.5756,-12.3358
-155.8296,-168.5787,-16.8353
12.7342,-124.3499,-12.0810
26.6119,-120.7333,-12.0553
33.1090,-119.0810,-11.4766
23.9072,-121.5193,-12.1499
13.4634,-124.3379,-12.3963
19.0873,-122.9596,-11.8147
-158.9619,-169.9211,-16.0527
32.7390,-119.4467,-10.8896
5.3081,-126.7158,-11.5057
12.8360,-124.7387,-11.5631
15.4642,-124.0533,-11.3642
21.7093,-122.5206,-11.7942
15.1171,-124.5312,-11.4282
15.7699,-124.4823,-11.1232
15.2157,-124.6687,-12.1630
18.4418,-123.8463,-11.7852
18.4877,-124.3908,-11.8311
-0.1120,-129.4638,-11.4159
14.9342,-125.4860,-11.7565
36.9198,-119.8964,-11.3213
-155.9928,-173.2527,-16.9925
145.2811,-91.8321,-7.2365
17.0156,-127.1393,-12.5180
-155.1169,-174.4927,-17.7813
-149.6159,-174.3671,-16.4676
21.3040,-127.4320,-11.2575
-48.5406,-147.8663,-14.6056
-39.8950,-145.6833,-13.6082
24.0702,-128.5118,-10.7909
-41.6940,-147.0773,-13.5172
-42.0670,-148.5681,-13.0287
16.4222,-132.2008,-11.8554
-149.5882,-179.9799,-17.2864
22.9843,-130.7472,-11.3389
-94.7824,-165.1602,-14.9403
-134.4215,-176.7817,-17.3078
-39.4494,-149.8347,-13.8413
-97.1073,-167.4441,-15.5406
-141.5177,-181.6304,-17.5033
-148.3916,-183.7467,-18.0978
-138.2806,-181.1555,-16.8610
-10.0494,-143.4587,-12.9649
-4.7463,-141.9388,-12.5111
-101.1728,-170.5626,-15.9625
-139.1387,-182.3482,-15.8332
-11.9789,-144.6163,-13.4415
-118.6377,-176.3375,-16.4890
21.3706,-135.7221,-12.2456
-135.7703,-182.8566,-17.3505
40.5727,-130.9740,-10.3176
33.1143,-134.2226,-11.1481
-168.7155,-195.9399,-18.8882
27.9743,-136.1401,-11.2957
22.6442,-138.0923,-11.4798
21.2820,-138.5431,-12.2913
23.1708,-138.3070,-11.0120
22.5030,-138.5645,-11.6475
36.8637,-134.4617,-10.7459
15.2402,-141.3143,-11.4265
29.9595,-137.3113,-11.2666
26.1460,-138.6811,-10.8956
9.7782,-144.0630,-11.2531
22.0637,-140.3221,-12.2340
31.0954,-137.9057,-10.8335
66.0007,-127.4022,-10.8596
-117.7921,-185.6333,-16.5954
-109.8869,-183.6339,-16.2116
32.4851,-138.8586,-11.0474
23.6259,-143.1630,-10.8848
115.1975,-113.8315,-8.9958
-91.0983,-180.6191,-16.1722
113.5829,-114.4750,-9.0794
76.7792,-127.2102,-9.7975
34.8700,-141.0701,-11.9906
39.0415,-139.9697,-10.6634
35.2332,-142.8002,-11.8625
36.2557,-142.4683,-11.8508
17.6415,-149.0382,-11.1025
30.6151,-145.9259,-10.8446
34.8530,-145.5466,-11.5874
-147.0127,-207.6864,-16.6581
-144.7811,-207.8904,-17.1628
-146.1461,-208.5315,-17.7970
-131.3400,-204.0684,-17.5036
-130.9102,-203.9255,-16.0282
-129.6346,-205.7768,-15.8257
-137.2041,-209.4597,-17.3981
-130.9813,-207.6414,-17.7225
-137.5749,-210.3439,-17.4682
-127.5024,-206.8781,-17.1472
-121.3641,-204.7381,-17.0896
-130.2205,-207.9103,-15.8793
-137.0091,-210.6245,-16.4507
-138.0007,-210.9859,-16.3928
-127.9428,-207.5156,-17.0925
-131.6546,-208.9065,-17.9024
188.0358,-96.3890,-6.8454
189.3817,-95.9476,-6.8189
-129.7243,-208.7372,-15.6496
-130.6083,-209.7011,-17.5921
39.4677,-149.4828,-10.9660
-108.2380,-202.0052,-16.2326
-131.0802,-210.6752,-16.8859
-82.3755,-193.9401,-16.2023
20.0987,-157.3435,-11.7543
35.2428,-152.2946,-11.9880
20.8008,-158.2548,-11.0975
-119.7683,-209.9955,-15.8297
31.7091,-155.6644,-10.9875
-10.4265,-171.1061,-13.3319
-35.7500,-180.6872,-14.1223
34.8668,-155.0880,-11.3182
-95.4626,-202.9002,-15.8002
-41.4879,-183.2409,-13.3336
-3.2743,-169.2809,-13.1979
41.6828,-152.8701,-10.5523
-117.3993,-211.4658,-17.3096
35.1040,-155.4592,-11.2219
-117.0739,-211.4488,-16.1967
-42.0131,-183.9028,-13.4917
-119.4477,-212.4643,-17.0337
-116.2543,-211.3287,-17.0939
-92.1153,-202.5339,-14.8008
-122.5419,-213.8909,-17.4715
-91.2425,-202.8381,-16.1211
16.8825,-163.0076,-12.7889
-109.5361,-209.7748,-16.9138
-79.6946,-199.5074,-14.8677
-108.3820,-210.3704,-15.8863
-86.4620,-202.4955,-14.5871
-42.8291,-186.3492,-14.1399
-82.6226,-201.2565,-16.2879
-86.3081,-202.8938,-15.9924
-83.5755,-201.9636,-16.4244
-92.1636,-205.2322,-14.7847
-80.9598,-201.1817,-14.5141
-79.0785,-200.5142,-14.6017
-80.7739,-201.2710,-14.5974
-43.1742,-187.3102,-13.7800
-74.5791,-199.2618,-15.9058
21.0217,-163.4290,-11.5469
-77.6320,-200.5326,-16.0174
-43.8255,-188.0113,-13.4974
27.4741,-161.2427,-12.1598
-43.9978,-188.1575,-13.3443
-43.0389,-187.9364,-13.2815
7.2759,-169.0441,-11.9211
20.2944,-164.1850,-12.0283
30.5460,-160.3340,-11.3983
40.8507,-156.6140,-11.8647
12.7484,-167.2090,-12.3255
26.5930,-162.0366,-11.0179
32.8884,-159.6676,-11.5628
23.2818,-163.3851,-11.7733
14.0992,-167.0481,-11.5891
20.5781,-164.6208,-11.2666
20.5256,-164.8857,-11.2539
44.0418,-155.9952,-10.8439
63.7867,-148.5929,-10.8880
60.0483,-150.0104,-10.8785
63.5417,-148.6998,-10.7047
23.9822,-163.7127,-11.5998
62.8374,-149.0983,-10.5633
23.1416,-164.1610,-11.5892
10.2837,-169.1039,-11.9642
-53.1510,-193.5495,-13.5461
29.7582,-162.4600,-11.6335
-74.7724,-202.4473,-15.3028
48.3878,-155.5199,-11.0680
34.1260,-161.2459,-11.1934
89.3226,-140.3953,-9.4870
46.8114,-156.7748,-11.8892
30.8215,-163.3588,-11.9458
28.0285,-165.1294,-11.3170
29.0950,-165.6512,-11.5292
17.3919,-170.4426,-12.4228
-134.1181,-230.1901,-17.8660
16.3492,-171.5000,-12.7831
21.0145,-170.9073,-11.5880
85.2174,-147.7189,-10.3020
85.7897,-147.4888,-10.3177
89.6001,-146.1485,-10.1731
28.9893,-170.8788,-11.4717
15.3107,-177.1246,-12.5635
41.6782,-167.3508,-11.7481
15.4768,-178.6386,-12.9500
-62.1339,-211.3720,-15.5319
12.2978,-180.8395,-12.1105
-83.4456,-221.4946,-15.8699
18.0934,-179.9392,-12.5140
45.2174,-168.7089,-11.7544
17.4313,-180.3249,-11.9605
34.8639,-173.0555,-11.2806
240.5352,-87.4279,-4.9312
18.5177,-180.4502,-11.8576
42.0531,-170.6315,-12.1341
17.7716,-180.8924,-11.6987
42.0389,-170.9096,-10.6743
37.0317,-173.0356,-12.2520
27.7981,-177.0607,-11.1144
194.1864,-107.1411,-6.5523
45.4189,-169.8587,-11.5967
44.9851,-170.1046,-11.4063
-49.8898,-210.1149,-14.6954
39.9823,-172.2891,-11.3108
17.7279,-181.6871,-12.4168
72.7374,-158.5256,-10.2765
11.2069,-184.5099,-11.6117
7.6747,-186.0425,-11.7202
33.6300,-175.1393,-11.2854
31.8922,-176.5691,-11.2087
39.9767,-173.1464,-11.1013
21.1244,-181.2451,-11.9929
72.8676,-159.3691,-10.8787
10.1878,-186.2992,-11.9429
8.8822,-186.9566,-12.3721
14.9218,-184.4986,-12.4369
42.5663,-172.7725,-12.0424
71.5562,-160.5985,-10.1596
34.4958,-176.4275,-12.0141
50.2462,-169.7992,-11.3893
10.3377,-187.3069,-12.3467
6.5571,-189.3409,-13.0947
46.3306,-172.5382,-10.7859
97.9049,-150.4368,-9.9324
40.8330,-175.7585,-11.7301
19.3734,-185.4188,-11.5060
30.7263,-180.6193,-12.3498
3.9334,-192.2740,-13.4210
96.8102,-152.8232,-9.0466
34.6190,-180.4525,-11.2154
-87.0006,-233.9357,-15.1267
-86.3678,-234.0925,-15.1947
8.9937,-192.5250,-12.4859
163.1840,-124.7047,-7.1423
31.3056,-183.0100,-11.2691
-117.2698,-249.6599,-15.9419
53.2389,-174.4270,-10.4708
35.0958,-182.6474,-11.7630
152.8444,-132.4417,-7.5225
155.5067,-131.5696,-7.3861
-108.1219,-252.2407,-17.3630
23.0709,-192.6241,-11.8649
-103.6184,-251.4230,-17.1366
-105.0653,-252.2895,-17.5775
16.0396,-196.7119,-12.5141
-106.2801,-253.0146,-17.7310
-101.2750,-250.9692,-17.5617
-93.4618,-247.5032,-16.2210
-101.7511,-251.6524,-15.5977
104.3243,-156.5874,-9.2257
-52.3217,-228.8980,-14.8074
-51.8040,-228.6616,-15.5404
-49.0671,-227.4829,-15.7109
-54.3006,-229.9207,-15.6808
29.9968,-191.1621,-12.0485
-53.6789,-229.8478,-15.8316
16.4376,-197.5136,-13.1655
98.6797,-159.5290,-9.8685
9.6911,-200.7113,-13.0436
23.5657,-194.3639,-12.4942
16.0684,-197.8697,-12.4095
99.8809,-159.1119,-9.3475
19.0011,-196.7397,-12.8285
7.3548,-202.2382,-13.4913
14.2388,-199.0484,-13.2650
18.9116,-197.0214,-12.8328
99.2815,-159.7996,-10.0732
24.5888,-194.6152,-13.0091
11.9127,-200.5229,-13.5358
-53.4651,-230.9474,-14.2726
18.2509,-200.0204,-13.2809
-26.5798,-222.3253,-13.9486
106.8543,-159.5054,-10.0739
20.1082,-201.5304,-12.3144
99.2647,-163.9165,-9.2799
102.5595,-162.5774,-9.2069
57.1108,-184.5412,-11.0345
-40.9715,-232.7727,-15.2493
68.4775,-182.1968,-11.0977
-42.3581,-237.2771,-14.3417
25.1856,-204.2986,-13.1022
26.3990,-203.8468,-12.6234
78.1765,-178.5101,-9.8326
78.6221,-178.4499,-10.3029
17.6924,-208.6126,-11.7559
24.5269,-205.6070,-12.2352
200.5555,-118.5199,-6.2527
25.9157,-205.1398,-11.6265
27.0876,-204.5785,-11.6950
24.8394,-205.7185,-12.4146
23.6968,-206.5232,-11.5211
94.1529,-171.9202,-10.3921
-34.6572,-236.2631,-14.2047
23.7664,-207.9953,-12.0691
24.1572,-208.2178,-12.1831
24.6977,-207.9905,-12.9955
24.2778,-208.4761,-12.4426
26.1263,-207.7052,-12.2370
42.0191,-199.8130,-11.3041
41.6852,-200.0414,-11.3719
79.4811,-182.3146,-9.9201
-36.9669,-241.6344,-14.3657
84.7338,-180.2769,-10.4621
170.6453,-137.0366,-7.8368
23.9942,-212.4529,-12.1196
22.2233,-216.7929,-11.9042
-45.2940,-252.7649,-15.7481
20.3262,-220.1873,-12.0153
-54.9531,-260.5423,-16.2416
55.5923,-203.0593,-11.1010
-48.2536,-258.5765,-16.0471
-53.3380,-261.5143,-15.4877
19.2287,-223.3972,-12.7324
21.3015,-222.2972,-12.7400
88.9271,-186.2818,-10.8713
84.1335,-188.9871,-10.6638
-46.3190,-262.3514,-14.1352
35.1280,-222.4389,-12.4704
204.5720,-128.3627,-6.2404
-32.4236,-263.6479,-14.7228
93.3093,-192.5830,-10.6807
-47.4882,-272.5925,-16.0255
205.5153,-129.2928,-6.1528
91.5060,-194.3209,-10.1274
94.6603,-192.8224,-10.8711
91.6144,-195.4176,-9.7131
67.1921,-209.4728,-11.1301
100.7715,-191.0436,-10.2693
99.1055,-192.3753,-10.4663
95.1865,-194.8157,-10.3525
101.5479,-191.6575,-10.6968
-23.9439,-265.6668,-14.0143
-26.4116,-268.7728,-13.7727
-24.2343,-267.6465,-13.7542
101.2838,-195.8915,-10.5286
102.9801,-194.8861,-10.4682
-28.2361,-274.8843,-15.1119
-28.8108,-275.4294,-14.6445
127.6459,-181.6525,-9.3477
-22.5626,-271.8503,-14.2604
-20.1062,-270.6648,-14.9157
183.3433,-148.5192,-6.9213
193.6345,-142.3460,-6.6201
188.5255,-145.6712,-6.6338
-27.7621,-276.0668,-14.2720
183.6562,-148.7015,-7.1136
-28.3507,-276.6814,-13.9849
181.1950,-150.9470,-7.7293
181.0942,-151.3951,-7.2014
-38.8654,-286.3015,-15.0805
-38.2726,-286.0330,-15.0882
-16.8471,-275.5420,-13.6376
118.6470,-191.9867,-9.5302
117.6924,-192.6244,-9.5436
120.2085,-191.3318,-9.4954
180.3730,-155.0232,-7.0292
68.6506,-231.1368,-11.5619
98.4045,-212.6592,-10.5421
-6.1577,-286.9747,-14.5414
110.5070,-210.2007,-9.6091
-8.2608,-290.5585,-13.6642
210.2359,-144.3894,-6.7255
210.0494,-144.5389,-6.4475
210.9998,-143.9215,-6.0465
208.4910,-145.7017,-6.4540
24.2618,-270.0501,-13.2241
13.8824,-277.1132,-13.8767
23.4174,-271.3995,-14.1477
15.7062,-276.8184,-13.8652
91.0260,-226.2120,-11.1377
85.4406,-231.1254,-11.9155
186.3324,-163.8432,-7.4240
11.7780,-286.2041,-14.9089
9.4646,-288.4411,-13.4602
183.8055,-167.5767,-7.6997
83.0640,-242.9286,-11.4341
48.2262,-269.4605,-13.5768
45.3891,-272.9153,-12.6783
47.5266,-271.3870,-12.3694
47.1421,-272.1461,-12.5577
43.7833,-276.1084,-12.0626
184.7398,-173.6141,-7.7139
78.9132,-250.8904,-12.0045
81.9357,-248.7083,-12.0217
181.1060,-176.4034,-7.2470
188.8673,-170.9066,-6.9933
49.7124,-272.8044,-11.9763
43.3280,-278.2169,-12.3024
189.6039,-171.0783,-7.7128
58.8150,-267.3853,-11.8685
59.5993,-268.0499,-12.9024
118.7926,-224.9053,-10.7282
86.4372,-249.5978,-11.0572
85.9333,-249.9731,-11.1347
184.1677,-177.0870,-7.2560
86.3402,-250.1287,-12.1738
194.4355,-170.3249,-7.0500
60.8767,-270.6371,-11.5886
191.0455,-173.1682,-7.3178
194.9649,-170.4332,-7.3637
198.5057,-167.9700,-7.1883
194.6501,-171.1139,-7.7869
193.6546,-171.9155,-7.7449
196.4398,-170.1485,-7.5602
123.7041,-225.8339,-9.7906
80.2727,-259.7418,-12.0365
190.4362,-177.1135,-7.9567
193.7088,-174.7293,-7.3247
189.0747,-178.3690,-7.6603
188.5278,-178.8455,-7.8169
187.4230,-179.8224,-7.7713
186.4878,-180.7942,-7.3710
200.6710,-170.2953,-7.2063
51.7887,-285.5703,-12.2928
193.2374,-176.1387,-7.8007
193.0842,-176.3068,-7.3538
192.2708,-177.3502,-7.5374
53.3130,-285.3412,-12.7048
52.9793,-285.6005,-12.2866
51.3732,-287.1478,-13.6189
205.3566,-167.6807,-7.3447
52.5909,-287.0483,-13.5444
206.0394,-167.3732,-7.1297
198.5197,-174.4373,-7.0914
198.1762,-175.8256,-7.8055
188.9617,-183.8206,-7.5339
131.8548,-229.6565,-9.8950
209.1772,-168.2825,-7.1079
206.6941,-170.7924,-7.1100
70.8149,-281.1192,-12.4967
191.6370,-185.9768,-7.4122
188.4907,-188.6172,-8.2658
108.0956,-258.2622,-11.7211
108.6437,-259.0312,-11.3581
108.7957,-258.9532,-11.4046
117.7416,-253.7143,-11.4217
119.0513,-253.7651,-10.5099
99.5370,-273.1396,-12.3113
141.4244,-239.9424,-9.6350
141.3504,-240.6828,-10.3499
142.5794,-240.3913,-10.6328
113.5654,-268.4668,-11.5758
127.9313,-257.9884,-11.3141
246.7099,-151.8526,-5.3742
245.8346,-152.7280,-5.4483
128.2830,-258.3877,-10.6195
131.9543,-257.2753,-10.3342
205.8765,-198.4079,-7.2953
174.3884,-228.3997,-9.3326
243.4350,148.6783,-5.4892
236.3635,156.7536,-6.7105
239.6147,152.0387,-6.4837
168.4233,237.4785,-8.6476
245.1591,143.9088,-5.3584
246.5144,142.2564,-5.3195
245.1934,143.7020,-5.8444
246.9032,141.6276,-5.3764
250.2076,137.2054,-5.5052
242.1755,145.2721,-6.2098
142.5223,253.3613,-10.2399
151.8165,235.3653,-8.5073
149.6237,233.4674,-8.8782
149.1886,233.6301,-8.8184
119.9739,264.9944,-9.4921
173.7657,203.1332,-8.4998
142.9942,233.4077,-8.7219
175.3660,196.1475,-8.3435
200.7692,164.9568,-6.8381
201.2407,163.7573,-6.4603
96.1534,262.4473,-10.5165
239.1246,118.0714,-5.7055
260.4930,96.5915,-4.2472
103.7993,248.0552,-10.9258
103.1145,248.5709,-9.6646
69.2210,278.2104,-11.8410
68.6133,278.0896,-12.2557
260.7632,93.7445,-4.6513
70.2651,274.5586,-10.7873
71.2043,273.5485,-11.8194
157.8295,190.9771,-8.8354
96.7776,248.3164,-9.9063
95.4771,249.5229,-9.8527
131.8165,215.0240,-9.0592
157.8267,189.1025,-8.0986
234.7265,115.4214,-5.8487
211.9569,135.8231,-5.7929
89.3171,246.0567,-10.6278
152.9010,187.2609,-8.3210
78.3581,249.4341,-11.4175
80.0078,247.4552,-11.2569
231.9527,111.4440,-5.2353
125.0865,205.0380,-8.4832
145.6864,185.6415,-8.5461
203.4320,134.8051,-6.2039
204.4958,133.6546,-6.3721
200.6895,136.7966,-6.5198
201.5324,136.0590,-6.1220
152.8648,178.1174,-8.1543
132.9713,195.4116,-8.3178
198.9445,137.7378,-6.8250
146.0775,183.6350,-8.5460
142.8798,186.2877,-8.7121
148.4823,179.9961,-8.8299
25.9032,282.8662,-12.4404
134.3006,189.8866,-8.4745
80.6536,235.0719,-11.3268
52.3781,258.4838,-10.7420
199.4846,132.7860,-6.9512
144.7962,178.1118,-8.0892
146.6816,176.4896,-8.3773
144.7926,177.9736,-8.4563
144.7879,177.8102,-7.7292
256.8807,82.9921,-4.3503
48.4436,257.5328,-11.5701
24.4338,277.3104,-11.3847
18.3723,280.6073,-13.0913
22.3247,275.9467,-12.0232
154.1405,165.9548,-7.6537
198.4954,128.4310,-6.3119
152.8953,165.5077,-8.3058
197.9603,127.8754,-6.6741
165.4139,154.1585,-7.5084
165.1555,154.3666,-7.4244
75.9318,225.9623,-10.4290
129.4386,179.0164,-8.1092
135.3127,172.7442,-8.9157
135.8892,169.5405,-8.9715
134.8221,168.8235,-7.8379
136.6832,167.0708,-7.9535
134.3884,168.1992,-8.1594
22.4833,252.6068,-11.8915
133.9627,166.9242,-7.9389
136.5658,164.3563,-8.9147
137.0638,161.0229,-7.6857
59.8973,216.8217,-11.4097
136.0170,159.9077,-7.7259
56.5706,218.0343,-10.8705
140.4933,154.5088,-8.2141
136.8623,157.0707,-8.1237
137.8246,156.3406,-7.9695
264.4723,62.4688,-3.7017
128.1599,160.0274,-8.4374
138.2692,151.7957,-7.3645
35.9475,224.9369,-12.0209
61.7169,203.8346,-11.2681
-56.4783,285.7542,-14.3265
-56.5914,285.8337,-14.2879
-57.5743,285.4140,-14.4770
57.9882,203.5437,-10.3551
47.4474,208.8212,-11.3116
47.4881,208.7301,-11.4830
11.7853,232.0691,-12.0351
46.1333,207.7494,-11.7004
-53.0438,270.9553,-12.7944
-56.1974,272.8748,-13.0054
-52.0782,270.0732,-14.5241
205.1210,95.9368,-6.1325
205.9433,94.7732,-5.4580
-49.5591,264.0903,-14.1682
40.1110,204.1970,-11.6362
134.5119,140.9260,-7.6836
40.8329,202.8776,-10.7510
142.4406,134.8721,-7.0818
67.7192,183.1708,-9.8838
142.4253,133.9826,-8.1218
190.4166,102.4664,-6.4926
82.9219,172.7322,-8.8312
133.7824,138.9242,-7.7088
26.2528,208.8971,-11.3306
-79.3765,275.0847,-15.5470
-36.7835,247.2681,-14.2222
162.1537,118.5160,-7.2106
-57.9747,258.4397,-14.9694
11.1402,213.9700,-11.3754
-58.6256,258.5200,-14.2684
-60.3085,259.3456,-14.1357
-38.0183,244.7108,-13.3604
-59.8570,258.4552,-13.9386
-38.0833,244.3268,-13.4338
-59.7859,257.9730,-14.1518
-59.0786,255.8192,-14.7060
57.7841,181.3587,-9.6245
28.6732,199.6349,-11.0297
151.9443,121.5501,-7.5036
20.5449,203.9978,-10.6351
63.5225,176.7214,-10.3046
61.7894,177.6689,-10.3081
38.6206,189.9692,-9.8890
37.6072,190.4347,-11.3735
-36.6129,234.7129,-12.7496
60.5141,174.6636,-9.3672
75.1288,165.4506,-9.1052
-32.7080,230.7847,-13.8069
-31.5686,228.9012,-12.7525
64.1475,170.5711,-10.3823
27.8710,192.3930,-11.8922
27.0769,192.4816,-11.7818
-64.6112,246.3360,-14.0786
17.6670,195.5739,-11.5454
25.8017,190.3602,-10.4322
-86.0734,256.6418,-14.5909
19.5948,193.1532,-11.7889
65.0720,165.9621,-10.5256
21.8713,191.4479,-10.3642
27.7855,187.5633,-11.7842
25.4534,188.6842,-11.8359
-78.3430,250.3026,-14.1817
-24.6697,217.2810,-11.4827
-76.1597,246.5337,-13.1145
25.7040,185.1140,-10.8966
208.0487,78.2278,-5.6191
-10.3819,204.5837,-11.2822
-10.5770,204.5479,-11.2200
-7.2862,201.9545,-12.2362
16.5133,187.8478,-11.7483
-113.9619,261.7322,-14.3957
-113.9962,261.7241,-14.2804
3.7501,192.7796,-12.0577
6.7181,191.0484,-11.8926
-47.4883,221.9527,-13.8574
2.5395,191.2405,-11.1684
207.5609,73.9207,-5.5434
210.3231,71.6332,-5.2541
46.6032,160.5860,-9.8428
41.6159,163.3050,-10.4467
54.7935,155.9508,-10.0306
53.6622,156.2387,-9.4873
58.0346,153.7959,-9.9000
261.0409,42.3918,-3.9376
41.1255,161.9335,-9.6088
1.8596,182.8436,-12.1089
263.2665,40.8390,-3.4279
31.8499,164.8788,-10.5873
-1.8485,182.2803,-11.8848
-12.3003,186.3180,-12.1264
-86.1576,224.0775,-14.6081
-4.4811,180.5531,-12.3158
-14.2981,185.4451,-11.1778
-90.8777,225.6147,-14.2348
-69.8735,214.2635,-13.2586
-8.7845,181.6514,-11.2927
71.7179,139.0004,-9.7448
-6.4162,179.6410,-11.2457
-2.9753,177.5863,-11.4408
207.2735,67.4752,-5.0092
-86.2099,219.0360,-15.0279
-95.7767,221.3850,-13.8747
190.0720,74.5697,-5.6515
209.5837,64.3127,-4.9747
212.6339,62.6059,-4.8456
135.9298,100.6856,-7.7914
131.3928,102.9687,-7.8584
20.6598,158.5688,-9.9962
14.6022,160.9069,-11.6861
203.1878,66.0664,-5.2048
12.8888,161.2988,-11.1823
-153.1617,243.4479,-16.9887
-153.2096,242.9642,-16.2146
6.5085,163.3160,-10.2766
138.0602,97.7641,-7.0798
154.4953,89.4887,-7.3562
206.5816,63.4910,-5.5473
-18.6453,175.2439,-11.7172
13.5257,159.2287,-11.4689
13.1095,159.0958,-11.3891
263.7649,34.7791,-3.3270
-84.2752,205.6312,-12.8883
155.4123,87.7144,-6.4735
4.7779,161.3814,-10.6407
4.7751,161.1600,-10.5714
8.9725,157.5911,-11.1198
79.3222,123.0470,-9.2972
131.1211,97.4829,-6.8698
135.1720,94.7507,-7.5271
184.3190,70.8832,-5.4938
-0.3993,159.2479,-10.7845
200.1523,63.2282,-5.4190
182.2982,71.6840,-5.4855
182.9615,71.3550,-5.7917
184.3225,70.6569,-5.4164
183.1583,71.2087,-5.6426
186.3229,69.4341,-5.6460
187.4304,68.7553,-5.3195
188.8911,67.8771,-5.4200
196.4360,63.2906,-5.2020
-28.9053,168.7844,-11.8585
-45.6445,174.8139,-12.0064
-59.0083,180.4327,-12.9954
-6.7346,156.0136,-10.7653
-60.5396,180.6982,-13.6193
-46.2794,173.7634,-11.8413
-146.8912,218.4832,-14.5208
168.6328,73.8523,-6.2081
4.3843,148.7248,-10.4190
-3.1069,151.8291,-10.7509
166.8930,74.2284,-6.0098
-46.3929,171.1487,-11.7765
66.9476,119.4409,-8.7025
-0.7422,149.9531,-10.2702
-153.2416,218.9366,-14.7644
-150.2328,217.5497,-14.6894
-47.7515,170.7929,-12.8850
-14.5234,155.1014,-11.1868
4.6958,146.0694,-10.8953
-2.0272,148.9772,-11.6288
-115.2554,199.7234,-13.9825
5.0044,145.6439,-11.0352
-48.1042,169.4989,-13.0995
50.5506,124.7781,-9.0195
-3.9804,148.9085,-11.1398
-7.4933,150.2362,-10.6788
-9.5458,150.2315,-11.6319
-183.0236,226.8765,-17.5447
-183.9876,226.7885,-16.6880
-9.7586,149.4051,-11.1863
-13.4812,150.9761,-11.8037
174.3831,67.2616,-6.3227
-80.5327,178.7880,-13.3038
-50.5853,165.2045,-12.9488
-27.4471,152.7107,-10.9218
178.3493,63.1541,-5.8923
-188.2301,219.3654,-16.1845
177.1247,63.1529,-6.1325
-64.5619,165.4276,-13.2757
-10.7535,142.5705,-11.5240
-189.4427,217.2030,-16.4703
-108.0654,182.1648,-13.8484
-68.3029,165.3461,-12.9497
154.8720,70.9072,-6.4271
155.5650,70.4975,-6.0864
-65.5052,162.7530,-13.7243
-110.2531,180.1719,-13.2195
-109.7104,179.8386,-14.1054
-188.3255,209.4721,-15.0834
113.7177,84.5845,-7.5430
-107.2657,173.3207,-13.3000
-104.2460,172.0239,-13.2127
231.1198,36.7262,-4.6255
227.8385,38.0287,-4.4740
225.4672,38.9841,-4.6246
261.4260,24.4524,-3.6718
-67.8434,156.5406,-13.1433
-72.9938,158.5958,-13.3331
179.0014,56.2830,-6.2755
96.3422,89.0088,-8.6627
-108.7610,170.0444,-13.7838
-110.3394,170.6067,-13.8244
-94.2968,160.6563,-13.0913
-92.9674,159.8892,-13.3832
-30.9578,135.0931,-12.3163
94.4918,86.5226,-8.5511
-21.1706,130.6473,-11.6962
-95.1125,158.3028,-14.3872
237.1494,31.0016,-4.1430
-150.5417,177.2818,-15.3913
-180.9107,188.1904,-15.0518
-182.7376,188.1063,-16.1466
174.6161,53.6906,-6.3880
-182.2290,187.6957,-16.6925
-182.7745,187.6423,-16.9790
-184.0978,186.3460,-15.5612
-183.1951,185.4703,-17.2268
-186.5332,185.7310,-17.1363
-80.7146,146.6310,-12.9911
-82.1073,145.2696,-13.6855
-156.8739,172.1756,-15.1025
-26.6180,124.0760,-11.0516
-208.3517,188.6098,-15.8504
-202.7812,185.2705,-16.5357
-104.2558,149.6365,-14.6364
171.8896,50.8228,-5.5915
-206.1498,185.9231,-16.4478
-21.9028,119.8451,-10.6685
-97.5504,146.4603,-13.2968
-112.0280,150.3958,-12.9999
-21.3630,118.3191,-11.9096
-118.2200,152.4598,-13.1991
-27.6928,120.3065,-10.7898
-200.1224,180.9228,-15.7351
-29.7252,120.6610,-11.4630
-29.6010,120.4347,-11.4197
-33.7833,121.8369,-11.0332
-22.0045,117.2888,-10.7108
-34.6641,121.1884,-11.7795
-67.5657,132.3524,-12.7970
-25.1762,117.3779,-11.6144
-29.2256,118.7194,-11.9079
-96.1732,141.8085,-12.6804
-170.9682,167.6426,-16.0423
-26.2773,117.3947,-11.6787
-96.2579,141.6872,-13.3175
-20.3884,115.2607,-12.1077
-172.9149,167.9994,-14.4201
-27.8354,117.6786,-11.7912
-23.8370,116.1358,-12.1992
-23.5777,115.9253,-11.7673
-213.2292,181.4901,-16.8797
-171.8836,166.5903,-15.6032
-73.2318,132.5294,-13.7475
-31.7706,117.7496,-12.4085
-105.7733,142.6463,-14.3779
-106.1171,142.6933,-13.8196
-173.8479,165.4164,-15.8587
50.7783,88.6397,-9.0446
-203.6525,174.7011,-16.4263
-175.2852,161.8348,-14.9669
10.6584,99.6408,-10.1775
228.3385,25.8230,-4.3501
-225.5263,174.1126,-18.2111
219.5812,28.6104,-4.7195
162.7442,47.0873,-5.9137
-221.0990,172.2513,-17.3529
-200.5375,164.7166,-17.3436
-122.9918,138.9361,-14.1999
-180.2758,156.8895,-15.8499
-200.2747,159.6105,-16.1919
73.5569,72.9098,-9.0406
74.2237,72.6431,-9.1347
-27.9613,104.0302,-11.7448
-29.1741,104.3339,-11.7828
-177.3121,150.1419,-16.7529
-84.9965,121.2811,-12.5640
-89.3037,122.5634,-13.9603
-235.6127,168.1018,-16.5576
-90.0712,122.6894,-13.1253
-91.6506,123.1684,-12.5593
-92.8393,123.4974,-12.5999
-211.6519,159.0129,-16.6658
-88.5825,119.9148,-13.9450
-93.5670,121.2515,-13.5207
-92.9293,121.0075,-12.1916
-182.9400,148.5600,-16.1493
-212.2214,157.2544,-15.2820
70.2408,70.7883,-8.7987
-97.3140,121.6921,-12.6070
-189.4378,149.0324,-16.6397
-90.4101,117.8876,-13.4533
-192.7758,147.1870,-14.8768
-193.3537,147.2842,-14.7865
-86.5192,115.3362,-12.8693
-129.8145,128.2326,-14.1357
56.8148,72.2069,-9.0759
-81.9614,112.8779,-12.9703
-84.9700,113.0264,-12.7692
-72.7615,108.3654,-12.8940
-93.6694,114.0392,-12.3460
225.5054,20.8760,-4.4964
226.9830,20.3976,-4.3367
-139.9802,126.8845,-15.4025
-80.7587,108.6893,-12.0450
-201.5453,143.1957,-17.2107
-71.3728,104.0288,-13.4292
-162.3063,128.0770,-15.8309
-215.1442,142.4815,-15.9124
-41.2617,92.7868,-11.1569
-112.1614,112.3403,-12.8672
-90.9558,106.3920,-12.7730
-92.1591,106.5842,-12.4467
-214.5615,140.2486,-15.2343
-211.8972,139.4439,-15.2478
-206.6918,137.7088,-17.4005
15.5658,76.0035,-9.2838
-90.1402,104.8161,-12.4782
-93.2929,105.6519,-12.5551
17.7803,75.1498,-9.3504
-179.1755,129.0468,-14.1121
-223.7689,140.6001,-17.2523
-69.1429,96.8198,-11.6862
89.6443,53.5782,-7.6316
-91.6385,102.0585,-13.7641
-219.9721,135.3493,-15.7841
-70.5001,95.1447,-12.4067
-224.4763,135.4501,-17.0399
-224.2031,135.3727,-17.2637
-224.0855,135.3010,-16.8774
-65.2278,92.9663,-12.0263
-226.0390,134.6732,-16.3194
-226.6786,134.3888,-16.6071
-230.2902,132.9246,-17.4346
-231.9148,132.8995,-17.1264
-232.0515,131.6677,-15.7798
232.5539,13.1186,-4.3042
-250.3146,135.3403,-17.1873
63.6782,55.5215,-8.4060
231.4583,13.1207,-4.2950
230.5153,13.3088,-4.3394
232.3753,12.7380,-3.8737
-185.4530,116.8519,-14.7709
-183.1596,116.1863,-14.7177
62.6966,54.8174,-8.1515
-181.4478,115.6773,-14.7181
-64.8432,85.7111,-11.7905
-33.7524,77.4919,-11.0016
17.7097,64.6394,-9.6066
-69.3190,85.9523,-12.8677
-57.8166,83.0419,-12.3033
-62.5818,84.1256,-12.9819
-143.3137,103.3172,-15.1788
-64.2709,84.0114,-12.0449
-74.4854,86.4131,-13.4417
-70.7905,85.4985,-12.8375
16.8832,64.0484,-10.7292
-64.2149,83.7018,-12.6495
-30.3732,75.4260,-12.1852
-124.6877,97.8708,-12.8828
78.3847,48.4730,-8.4715
-66.5871,83.3927,-11.2075
-161.2900,106.1187,-14.0712
-58.7162,80.7145,-11.2571
-67.9584,82.6423,-12.3254
-161.6288,104.7687,-15.7409
-57.2850,79.8503,-11.2922
-161.2178,104.5203,-15.6603
-183.0630,109.4489,-15.7546
14.9832,62.1329,-9.9364
-185.1947,108.9241,-15.1151
253.8359,5.2939,-3.4564
18.1870,60.8601,-10.1171
-9.9205,67.2755,-9.8799
-8.6407,66.8317,-10.8842
-8.6539,66.8309,-11.0434
-67.9298,80.5772,-12.2900
7.1713,62.5523,-10.8128
92.4571,42.2242,-8.2502
-124.8851,92.3532,-13.9921
-106.2121,87.1105,-13.0052
-118.5520,89.8490,-13.7644
74.2423,45.1304,-8.7621
-97.4100,83.9872,-12.7058
-93.5084,82.8254,-13.7290
-90.7253,81.9199,-13.8579
-20.9014,65.8428,-10.7917
-124.4053,89.1503,-13.7610
-97.1273,82.8603,-13.4852
-109.9305,85.4750,-12.7408
92.9579,39.8860,-8.4662
-100.6356,83.0844,-12.3851
-101.1995,82.9687,-12.1181
-252.0432,115.9792,-18.2757
-119.4921,86.3748,-12.6795
-102.0470,82.4528,-12.8193
82.1010,41.4754,-7.8812
-19.3616,63.9530,-10.1637
-239.4537,112.6177,-17.5116
-107.3177,83.2466,-12.1911
-107.7836,83.0480,-12.7079
-106.6855,82.7351,-12.4603
-115.1182,84.0406,-13.1942
92.0252,38.4869,-7.8339
91.5882,38.4846,-7.6629
47.5837,47.8540,-9.3904
-16.2022,61.5290,-11.3658
-247.5166,107.9431,-18.1118
-250.5761,108.2585,-16.3458
-200.4135,96.6192,-16.1313
107.6033,30.7599,-7.4633
30.8885,46.1774,-9.0339
-256.2863,103.9103,-15.8611
-98.0009,71.3916,-11.8766
-255.4409,102.8069,-16.2838
-247.9025,101.2434,-18.2556
105.2732,30.3941,-7.0656
-208.2608,93.2593,-16.2160
-65.6951,64.5627,-11.9273
-245.9147,100.2293,-16.7996
106.0314,29.8931,-7.2313
-209.2797,92.7057,-16.8204
-209.3968,92.6935,-16.7527
-246.1779,99.6860,-16.4642
-178.0867,85.5369,-14.9210
107.2550,29.0430,-7.6057
-255.7946,100.5463,-18.0330
181.8907,14.1090,-5.4580
56.4603,38.5850,-8.4223
111.4509,27.4317,-7.4124
33.4588,42.5396,-9.0928
106.1269,28.4233,-8.0150
38.2209,41.5381,-8.6639
37.2819,41.6399,-8.6322
51.7291,38.7814,-8.6479
-69.7357,62.0934,-12.7691
-214.2585,89.7837,-15.4225
-210.4538,88.5968,-17.2440
-171.8875,81.1741,-14.9241
-217.9579,89.8007,-15.1315
-216.8087,89.2184,-15.2262
-214.6470,88.6453,-14.9811
62.9888,35.6435,-8.1100
103.9105,27.7564,-7.0201
-172.9843,80.2435,-14.1972
-217.4107,88.2985,-16.5812
-95.0060,64.8195,-12.1732
35.6097,39.8204,-9.4931
-215.0487,85.7031,-17.0859
-136.9103,71.1825,-14.4850
-217.3675,85.9881,-17.3407
-218.3833,85.8554,-16.3961
89.2579,28.4651,-8.2652
97.2270,26.9557,-7.3964
-221.0034,83.9087,-15.4084
-123.6834,66.1104,-13.4701
-123.6215,65.8679,-13.6059
-185.9607,76.3079,-14.4677
-124.1483,64.7460,-13.7331
-169.8437,72.6790,-15.7186
280.0746,-7.2236,-2.8060
37.4745,35.4453,-9.4666
45.3628,33.6723,-8.5628
39.1926,34.5998,-8.5261
44.6741,33.6191,-8.4195
-83.2919,55.7020,-11.7865
-86.0522,56.1587,-12.0107
49.7961,32.4782,-8.7158
-83.1341,55.5529,-11.9526
279.4187,-7.4256,-2.8456
284.2547,-8.2793,-2.7002
-102.0809,58.7248,-12.1778
-125.8838,62.5650,-13.2561
-100.8664,58.2353,-13.9916
-99.3476,57.8645,-12.1900
-105.2380,58.8651,-12.2851
-98.0253,57.4554,-12.0939
-102.4217,58.2107,-13.1835
278.9718,-7.5577,-2.8333
282.5856,-8.1837,-2.6666
-63.8458,51.0503,-12.5235
-88.8266,55.2898,-12.9702
-270.0691,85.5692,-18.8231
-278.7296,86.6660,-18.3047
-108.4308,57.3975,-13.0328
108.1957,20.5765,-7.7343
-56.8359,47.6798,-12.0025
61.8079,27.8273,-8.4734
59.0998,28.1665,-8.7693
-214.5084,73.2141,-15.6049
-212.1120,71.1538,-15.6703
-134.3736,58.3422,-14.4356
-62.9689,46.4415,-12.6443
106.6377,18.6631,-7.9389
-62.5908,44.8224,-11.4524
-55.4242,42.5996,-11.5696
184.2159,4.4622,-5.5617
105.4361,16.3033,-7.6048
107.4276,15.9202,-7.6614
185.9259,4.0213,-5.6217
181.1085,4.3494,-5.8804
55.5220,22.4622,-8.5574
-133.2474,50.0039,-12.7282
-233.2089,64.3233,-16.8924
48.5568,23.2254,-8.6232
-93.5989,43.1996,-12.0411
-90.5946,42.5788,-13.6240
57.7220,20.9363,-9.2739
-152.4609,50.4593,-15.1500
-97.5252,41.6769,-13.0846
-164.3928,51.0015,-14.1023
-92.7854,40.8784,-13.0307
-165.7479,51.0210,-13.7163
-91.3014,40.4790,-12.7688
-93.1241,40.2150,-12.5603
-97.6876,40.8439,-12.7130
-259.6185,62.2031,-16.8725
-92.3054,39.1014,-13.5401
-259.8485,61.3757,-15.9637
-144.3588,45.2899,-13.4732
-116.3994,41.4135,-12.2983
-91.1691,37.9866,-13.4128
-148.3542,45.5633,-14.6285
-93.7841,38.0653,-13.3211
44.6999,19.4500,-9.4902
-267.3083,60.8888,-17.4820
-174.5143,47.9221,-14.1463
-167.6604,47.0095,-14.0618
-116.0185,40.1504,-13.1861
-167.0382,46.4405,-14.4633
-162.9393,45.8644,-14.0200
-184.7492,48.7113,-14.5130
-179.1193,47.6102,-14.1467
-169.2493,46.2573,-13.5666
-169.0195,46.1987,-14.2675
-173.5592,46.7402,-14.8015
187.2688,-0.3396,-5.4534
-42.7664,29.2072,-12.1919
-174.7872,46.1740,-13.6399
-173.8247,45.9515,-15.2970
61.0973,15.5278,-8.5702
61.2746,15.4420,-8.0359
-142.9865,40.2828,-14.4114
-276.1652,56.7098,-18.3024
180.7396,-0.5000,-5.0576
-99.7780,34.1340,-13.1939
-274.8010,55.2670,-18.2437
165.7847,1.0764,-5.7384
-170.6569,42.1320,-15.7106
-98.2476,33.2098,-13.2423
-92.6330,32.5122,-13.0624
-94.9102,32.6975,-13.3316
-169.4725,41.7022,-13.6271
-144.6345,38.4459,-13.3690
32.0040,16.9166,-10.0751
-242.1506,49.9671,-15.5411
178.1813,-0.9571,-5.0723
-62.5907,27.8066,-12.0954
-64.8358,28.0464,-12.1430
-241.8108,49.0075,-15.3067
-140.4921,36.8180,-14.7206
-268.6348,51.9248,-17.3044
185.4489,-2.2861,-4.9576
-267.0780,51.1615,-17.6871
174.4006,-1.0828,-6.0023
-93.0330,30.3953,-12.9469
-93.1181,30.3493,-12.5593
-245.8696,47.6773,-17.6335
-145.6395,35.9107,-14.1524
-91.9939,29.4964,-13.3322
-268.2512,49.4748,-18.1629
181.1769,-2.4493,-5.0329
289.3481,-15.0491,-2.7371
-148.7199,33.5876,-14.9521
32.4615,13.3820,-9.7717
-150.0571,33.5428,-15.1829
-153.6249,31.2630,-13.2738
-231.3143,39.0251,-17.1173
-274.5625,42.5124,-16.9212
-280.2387,41.9385,-17.2769
-284.3119,42.1211,-16.4028
-278.8972,41.4826,-17.2049
-244.3086,37.7072,-16.5036
-285.5479,41.6890,-16.4336
-285.2858,41.4688,-16.6524
-285.0857,40.4294,-16.6185
-287.0617,40.4680,-16.9765
-68.2152,18.5416,-11.2555
-285.5299,39.7508,-16.9460
-271.6528,37.8533,-17.2944
-102.9478,21.1725,-12.0104
41.8261,6.9618,-8.9378
32.8299,7.6333,-9.9508
-238.1425,33.3863,-15.9471
-105.1921,20.6168,-13.1064
-244.8845,33.7412,-17.5610
45.6878,5.8478,-9.6990
40.2190,6.2811,-9.3468
-249.4827,33.2607,-17.1847
35.6557,6.6052,-9.4908
28.3845,7.1255,-9.0711
30.0503,6.9540,-9.1254
42.9883,5.7362,-9.6100
-254.4581,32.6326,-17.1937
-238.2039,30.7843,-16.6546
-99.6310,17.9252,-13.6915
-60.5587,14.2583,-10.8588
-157.4976,22.8885,-15.0770
37.2960,5.0271,-8.7531
31.3278,5.5152,-8.7749
36.4074,4.7179,-9.4629
180.4332,-8.2420,-5.6034
-121.2632,17.8441,-14.0601
55.0712,2.5800,-8.8763
-225.8942,26.1202,-14.9510
-219.1834,24.7241,-14.7966
-262.2039,28.3274,-17.7941
-218.1000,24.5079,-15.0673
-224.5211,24.8178,-14.8735
-225.1907,24.8644,-15.9954
-137.6680,17.3344,-13.7775
-107.5140,14.6943,-13.9651
-32.8530,7.1732,-10.6911
-38.2464,7.5370,-10.8419
-36.8562,7.1927,-10.6899
-110.5065,12.7402,-12.0797
33.4681,1.3045,-9.1542
-252.1761,23.2365,-17.0460
-253.4785,22.7745,-16.9479
-111.7166,11.8519,-12.9835
56.1353,-0.9337,-8.9456
-98.8551,10.1763,-12.9357
-100.4603,9.5541,-12.3856
37.1923,-0.5739,-9.4693
193.4848,-12.1217,-5.4148
-194.2484,15.8491,-14.9442
-93.5761,8.3815,-13.4126
-189.7220,15.0586,-14.5451
-195.2113,15.4015,-15.0499
33.8170,-1.0031,-9.2468
56.1337,-2.7425,-9.3433
-220.3966,16.6877,-17.1025
-193.1586,14.6680,-14.9158
-168.1149,12.7802,-15.6087
-116.7909,8.8447,-12.2175
-189.2390,13.8432,-15.0420
-99.9667,7.6150,-12.0382
-109.2063,7.9584,-13.8042
-278.5215,18.4778,-18.0665
263.2070,-17.9087,-3.4687
-54.9880,3.0364,-11.5939
-164.9631,10.1883,-14.9483
-167.6698,10.0054,-14.0765
-101.2902,5.6695,-12.9286
-190.8978,11.0318,-15.1292
-85.7612,4.2664,-11.8213
-159.3973,8.8725,-13.6798
-291.3543,17.2265,-17.6001
-280.0437,16.4718,-16.3342
-160.3547,8.7893,-13.8610
-290.0183,16.7892,-17.6282
-55.4742,1.3494,-11.5085
-187.9024,9.1431,-15.2189
-265.7072,13.7684,-17.3777
-261.6299,13.1063,-17.2981
-264.6704,13.1537,-17.3469
-65.6260,1.1487,-11.0490
-155.2051,6.4305,-13.2272
-160.9561,6.6446,-13.8460
-99.2017,2.8836,-13.0452
-220.1830,9.6582,-15.1545
-155.4534,5.5489,-13.9653
-154.8263,5.3205,-14.2443
-284.7654,12.6613,-16.5544
-30.9008,-2.1243,-10.8521
-156.6125,4.8021,-14.4069
-172.8443,5.4750,-13.5183
-289.6984,12.0646,-17.3043
-140.5254,3.3320,-14.6527
-49.9074,-1.7272,-11.1057
36.1516,-6.6112,-9.1201
-254.0911,8.8510,-16.5371
-45.3174,-3.1490,-12.2430
-105.4146,-0.3177,-12.7874
-48.3695,-3.4840,-11.8722
10.1163,-6.5240,-10.5288
-48.3775,-3.5903,-12.0636
20.6173,-7.4740,-9.5669
23.6934,-7.6342,-9.4864
-248.5494,5.2664,-17.3213
-187.7211,2.2239,-14.2919
-240.8955,4.7490,-16.7070
-253.4738,4.7507,-17.0892
22.9549,-8.7098,-10.2360
-189.7359,1.2629,-14.3650
17.7255,-8.6949,-10.0656
12.7088,-8.5820,-10.0507
-188.1183,0.8021,-14.8110
-183.6927,0.5657,-14.5890
-188.8929,0.8016,-14.6787
-262.3761,4.2208,-17.0294
18.6535,-8.9951,-9.7309
13.3009,-8.7753,-9.8503
-252.2783,3.4788,-16.0161
-262.5046,3.8656,-16.0100
-205.5411,1.1354,-14.9036
-262.8673,3.7527,-15.9230
21.0027,-9.3072,-8.8374
-260.1289,3.4495,-16.3444
-251.7533,3.0172,-16.1078
-189.6086,-0.1782,-15.4630
10.5567,-9.2708,-10.1962
24.2422,-9.9689,-8.7925
3.5129,-9.2042,-10.8470
-176.2647,-1.3519,-15.7723
22.9036,-10.2210,-9.3105
-253.0518,1.3461,-16.5458
-89.2510,-5.7159,-11.9639
-95.3648,-5.7114,-13.0595
-195.4183,-1.4834,-15.0789
-242.1448,0.4873,-17.4345
-199.1351,-1.3322,-15.1450
-197.1430,-1.7705,-14.6719
21.9344,-11.2792,-9.2809
-236.8027,-0.9458,-16.0879
-256.7445,-0.4386,-17.0683
-256.1033,-0.8683,-15.8913
-246.8636,-2.1520,-16.7897
-233.7276,-3.5807,-17.1495
-88.2593,-9.3467,-11.9652
-248.6194,-3.7809,-17.2870
-86.0734,-9.9211,-13.1928
6.5710,-13.3121,-9.5277
-260.7858,-6.5629,-17.6607
-261.6003,-6.7143,-16.2040
-257.0648,-7.0019,-17.5357
-267.8002,-7.0690,-18.3938
-109.2864,-11.7200,-12.5040
-252.3296,-7.7333,-16.7334
-236.6758,-8.3559,-16.8260
-236.6526,-8.4887,-15.3730
-260.9069,-7.8539,-18.1550
-269.1243,-7.6840,-18.0978
-260.8000,-8.0865,-17.9166
-264.6772,-8.0354,-18.0876
-241.3550,-8.7268,-16.6796
-243.3455,-8.7079,-16.2805
-50.2693,-14.2850,-11.8582
38.7096,-16.8720,-8.9210
-208.8518,-10.7426,-15.7218
-208.1520,-11.0718,-15.2744
-265.4266,-9.8605,-16.6333
-208.1229,-11.4571,-16.4366
38.0241,-17.6423,-8.8891
-204.8656,-11.8093,-16.4165
13.3778,-17.1565,-10.0291
-200.3598,-12.4602,-15.1254
-201.2622,-12.4707,-15.1617
-109.9817,-14.7325,-13.7181
-131.2187,-14.7599,-13.6907
19.1515,-19.3520,-9.9700
98.6836,-20.9698,-8.0719
-209.4681,-16.0344,-14.9242
-16.8473,-21.3480,-10.9983
-272.6247,-20.9213,-16.5498
-54.7146,-22.6541,-11.1229
16.2061,-23.4547,-9.4409
-274.5372,-21.5001,-18.6958
-54.7977,-23.2049,-10.7898
21.6148,-23.9178,-9.1881
6.1084,-23.8354,-9.2127
155.8889,-25.0344,-5.7713
155.7570,-25.2682,-6.2736
153.6827,-25.8800,-6.4845
230.8240,-26.0041,-3.7677
154.7858,-26.1563,-6.5466
-106.9996,-27.5349,-12.2254
-113.5804,-28.3677,-12.6717
-112.6407,-28.5794,-14.0444
-114.1193,-28.5879,-14.0386
-229.6424,-29.3342,-15.9631
-29.6953,-28.5653,-10.7827
-111.0691,-29.3617,-14.0421
-200.6108,-29.9719,-14.4956
-219.9586,-30.1936,-16.0977
-221.5613,-30.3157,-16.1268
65.0584,-28.4610,-8.6449
-223.0297,-31.0474,-16.9551
-113.5581,-30.3830,-12.3441
-207.0387,-31.5393,-14.9140
-110.2613,-30.8012,-13.7059
-68.1780,-30.4293,-11.0063
-12.2771,-29.9617,-9.6515
-69.8346,-31.7657,-12.5059
13.4105,-31.2205,-9.7189
13.8922,-31.2552,-9.9693
12.2083,-31.3460,-9.7394
14.1096,-31.3547,-9.8870
-51.7002,-33.2821,-11.6598
12.9694,-32.2290,-9.0147
10.4110,-32.2908,-9.2539
-52.0402,-33.4507,-12.4440
-115.9546,-34.7223,-12.4509
-114.3089,-34.7020,-12.4352
-122.7678,-37.2610,-14.4588
-53.7195,-35.8529,-11.4873
-54.6762,-35.8942,-10.6178
-53.1562,-36.0879,-12.4621
-57.7930,-36.4167,-10.9069
68.1187,-33.5273,-8.3578
10.6999,-34.9240,-10.5331
-123.6106,-39.7899,-12.4444
-122.8919,-39.7892,-12.3883
-122.7129,-40.8996,-14.1765
48.5693,-36.7549,-9.1819
159.1600,-33.6743,-6.1853
20.7256,-38.4548,-10.3387
-3.7450,-40.2363,-9.8470
-269.7585,-50.7759,-17.7412
106.1624,-37.4718,-7.9575
-129.9618,-48.0134,-13.4200
-128.7200,-48.0352,-13.2658
-73.9292,-45.8538,-11.9461
-128.6416,-48.2128,-13.4399
-128.5231,-48.2161,-13.2568
-224.9334,-52.4941,-15.3530
14.0239,-42.6140,-10.2306
-73.9908,-47.2815,-12.1351
-140.2041,-50.3765,-14.8129
-82.1983,-48.5791,-11.9100
-76.9875,-48.4457,-11.5039
-78.5537,-48.5865,-12.5755
-116.1906,-50.4830,-13.9731
-126.6814,-51.0327,-14.4279
17.6622,-44.4355,-9.5779
-90.4848,-50.4455,-12.3087
12.5238,-45.5006,-10.1726
12.1750,-45.6321,-10.2537
-91.4177,-51.5785,-11.9560
-93.6540,-52.7870,-11.8033
-105.1292,-53.7156,-12.9661
-106.4686,-54.5486,-12.7847
-212.1705,-61.3033,-15.4662
-215.3519,-62.6974,-17.0082
-211.1429,-62.5700,-16.6870
-170.3675,-61.0401,-14.6295
-118.7023,-58.0830,-14.2961
-189.1835,-62.9160,-14.1063
-170.2733,-62.4293,-13.4810
78.5399,-46.6395,-8.7398
-184.0880,-64.4741,-14.1384
-111.0783,-59.5823,-12.3642
-188.7156,-64.9903,-15.6378
-181.7520,-64.5980,-14.2755
-187.6630,-65.5585,-15.8531
-179.5870,-65.3952,-14.8068
-185.1738,-65.8642,-15.5387
-188.5188,-66.1851,-14.4377
19.3637,-51.7102,-9.1640
-4.6958,-53.7578,-10.3322
-24.6878,-55.7514,-9.9342
-39.6935,-57.0725,-10.3317
-41.6774,-57.2300,-10.6340
-27.9997,-56.4833,-11.7576
25.0413,-53.1138,-8.7457
20.9914,-53.4859,-9.0713
50.5838,-51.8895,-9.0957
-103.5377,-64.6765,-12.7555
49.3360,-52.6674,-9.2746
-105.2426,-64.8418,-12.9433
-87.9139,-63.6107,-13.2333
75.6455,-50.8166,-8.3320
-103.0704,-65.3113,-13.0964
74.8897,-51.2110,-8.2572
-101.9349,-65.5508,-12.2512
71.7624,-51.5717,-8.2034
21.5885,-55.7481,-10.0594
26.9231,-55.3654,-10.0825
76.6679,-51.3682,-8.2451
-102.3899,-65.9636,-12.7558
78.7395,-51.3032,-8.0744
-229.0638,-77.8505,-17.4012
-162.6834,-72.7862,-14.0905
-229.6119,-78.5481,-17.3158
-10.1425,-59.9157,-10.6648
-169.0043,-73.5905,-13.4852
-163.2642,-73.1969,-14.7974
-13.1500,-60.6448,-10.9209
-12.2084,-60.6170,-10.2283
-171.5932,-74.7314,-13.9557
-170.3656,-74.7090,-14.5303
-168.5024,-74.6133,-14.0240
-265.2897,-83.1260,-18.4229
-165.5485,-74.6079,-15.6406
81.8039,-53.0021,-8.6815
76.5481,-53.4987,-8.8213
-263.2814,-83.6711,-16.4594
80.1475,-53.4796,-8.1621
77.8779,-53.7323,-8.7282
-166.3001,-75.6118,-14.0866
-190.3467,-77.9059,-14.2689
-266.3100,-85.0107,-17.0608
-266.1837,-85.3431,-15.8569
-268.3425,-85.9054,-15.8200
-263.6981,-85.5055,-15.6845
-266.5056,-85.7750,-15.9938
-265.1329,-85.7460,-18.2479
-156.9057,-75.9086,-13.3373
-40.4166,-65.3315,-10.6153
-153.9548,-75.8570,-13.8744
-152.4264,-76.0040,-14.3492
-40.6043,-65.9604,-11.0056
-239.8576,-84.7990,-16.3949
-267.5240,-87.9409,-16.8315
-182.4695,-80.2420,-14.4345
-267.7818,-88.6902,-16.9156
-268.9497,-89.2552,-17.6741
-269.6103,-91.5574,-18.6522
-173.4053,-83.9201,-14.6001
-176.5520,-84.5655,-15.6127
96.1077,-57.4429,-8.2545
-100.2695,-84.3175,-12.7841
-134.6119,-91.9672,-14.7828
62.4977,-67.3092,-9.2771
-124.8734,-91.4338,-14.1401
-122.7188,-91.3156,-14.4448
-127.8965,-92.4466,-14.5514
14.9596,-74.4470,-9.1520
-129.2553,-93.2239,-13.4562
-126.6722,-93.8319,-13.3787
-30.0042,-81.3932,-11.3342
18.5754,-75.2063,-10.4140
19.3389,-75.2132,-9.7406
62.6876,-69.4666,-8.1782
-71.4446,-87.4880,-12.9174
62.0642,-69.7394,-8.6882
18.5921,-75.6895,-9.7016
-32.5959,-83.2015,-11.8265
-204.1322,-107.5451,-15.3185
-266.1450,-116.1948,-18.7044
-32.8931,-84.0262,-11.3986
122.6066,-62.5938,-6.6077
-201.7658,-107.4875,-15.1306
-266.0546,-116.4254,-17.9608
-258.4136,-115.4044,-17.4787
-265.7307,-116.6806,-18.3619
-122.4975,-96.9285,-13.1920
-257.9651,-116.0062,-15.7793
-252.0261,-117.3317,-16.4129
-249.2734,-117.1357,-16.1636
-25.4132,-85.8746,-10.7108
17.2511,-79.7797,-10.0484
22.7028,-79.0398,-9.8831
20.1506,-79.6116,-8.9993
-29.1533,-86.8028,-11.7936
-28.4410,-86.8102,-11.8287
-28.7184,-87.3400,-10.4072
-28.9113,-87.5905,-10.5170
-29.8981,-87.9382,-10.5258
27.4572,-79.8373,-9.7017
-119.0519,-101.8417,-14.4947
27.3777,-80.0322,-8.9719
-25.5079,-88.0993,-10.9988
-148.5594,-108.4429,-14.8817
25.5727,-82.8555,-9.9141
-235.8716,-124.5319,-16.7486
-148.7631,-110.9204,-14.8829
-226.2739,-123.2616,-17.3481
-229.1738,-124.1484,-15.9938
30.1968,-83.7344,-10.1832
-122.0718,-108.9078,-14.1374
21.5729,-85.9392,-10.4807
-238.4312,-129.0409,-17.8726
-22.8674,-93.5847,-10.4944
-252.5588,-131.7157,-16.7729
-252.3495,-132.0186,-17.2231
-255.4406,-132.7243,-16.6370
-247.7360,-131.5141,-16.5903
-247.6704,-131.5809,-16.9178
-244.9424,-131.1684,-17.0559
-249.5786,-131.9782,-16.8879
-240.2071,-130.4498,-16.0858
-244.2309,-131.2676,-16.6854
-249.3246,-132.1333,-16.9618
-247.6480,-131.8670,-16.4859
-246.7789,-131.8446,-17.1266
-250.9760,-132.6430,-17.4078
24.1415,-86.7114,-9.4794
-108.9674,-109.1987,-12.7107
-109.5339,-109.3279,-12.3171
-237.9962,-131.3278,-15.8087
-244.1921,-132.5432,-16.2989
-128.3017,-113.2921,-12.8841
-113.7403,-110.8448,-12.7622
-240.8075,-132.6610,-15.8431
-120.6880,-112.2949,-14.2798
-243.0993,-133.3042,-15.8304
-159.8114,-119.1364,-15.1417
-238.9267,-133.0707,-16.6978
-111.1347,-111.5018,-13.0702
-117.8661,-113.4436,-13.9268
-117.0894,-113.3229,-13.9102
-114.4264,-112.9112,-13.3894
-122.5266,-114.9009,-14.6281
-119.5191,-114.7043,-14.4997
-118.4956,-114.8513,-14.3634
-237.2455,-136.7034,-17.0243
-234.9775,-137.1180,-16.4381
-16.4266,-98.1833,-11.1418
-125.9743,-118.0024,-12.8890
7.2387,-97.5788,-10.1236
-123.8825,-122.3380,-14.3978
4.6863,-98.1488,-9.9383
-200.1825,-137.0263,-14.9292
-194.0934,-136.2326,-16.0714
-130.0137,-124.6306,-12.9831
184.6009,-66.0304,-5.8209
179.1133,-67.1854,-5.5435
-6.1190,-103.9857,-11.2384
176.3716,-68.2550,-5.1756
-150.7962,-133.8296,-13.3909
-9.3920,-106.4828,-10.6105
-9.3670,-106.5719,-9.8687
-69.7687,-119.3656,-11.4650
-10.7498,-107.3432,-11.0014
-9.6708,-107.1434,-10.9512
-9.8019,-107.9790,-10.7513
-183.0030,-143.9765,-14.8840
-200.5594,-148.0364,-16.0693
-181.7698,-144.6284,-14.9438
-179.1896,-144.3683,-16.3502
-12.8786,-109.8530,-11.5791
-232.6272,-156.0382,-17.1727
1.7086,-107.0937,-10.5550
-8.9714,-109.4825,-10.5181
-11.4808,-110.1476,-9.9063
-3.2502,-108.4199,-10.3107
-86.9186,-126.2094,-12.4107
-16.3291,-111.3061,-11.5667
-3.4465,-108.8201,-11.2192
-170.8187,-144.6732,-15.2929
13.5826,-105.8259,-10.6287
36.2652,-100.9914,-8.9439
15.1726,-105.8191,-9.1454
122.6686,-82.8385,-7.0053
28.5412,-103.7567,-10.2782
0.2004,-110.0421,-10.9121
-8.9462,-112.1378,-9.9308
-12.8178,-112.9828,-9.9160
9.3846,-108.1632,-10.8808
-0.3026,-110.2724,-11.0035
41.8551,-101.1726,-9.4953
27.5528,-104.4095,-8.8805
-10.3122,-112.7445,-11.1416
7.0429,-109.1886,-9.8059
24.6994,-105.5476,-9.6269
9.4416,-109.1566,-10.3249
29.6520,-104.7456,-10.0993
26.6506,-105.5400,-9.6663
12.4220,-108.7832,-10.5152
-3.3444,-112.5007,-10.9554
-7.2573,-113.4117,-9.9657
6.0813,-110.5332,-9.4226
2.1811,-111.4221,-11.0472
31.3240,-105.0450,-9.9391
-8.8105,-113.9967,-9.8877
7.0222,-110.5456,-10.4416
14.6262,-108.9322,-10.1728
9.2104,-110.1465,-10.4708
19.6766,-107.8886,-9.4563
23.1597,-107.1843,-9.4259
11.3365,-109.8343,-10.4478
24.5430,-106.9237,-10.4863
29.9036,-105.7767,-9.9803
-30.3775,-119.2774,-10.4947
16.9616,-108.7119,-9.9114
-97.1481,-134.7406,-12.5627
1.7471,-112.9127,-10.9328
-1.0079,-113.6281,-11.0558
180.8657,-72.6835,-5.4965
-218.0581,-163.0127,-14.9084
177.5306,-73.6461,-5.4372
-204.3974,-160.6591,-16.7795
-208.0998,-161.5698,-16.0949
17.1697,-110.6354,-10.3388
75.6426,-97.7185,-8.3900
-195.2878,-160.5901,-15.5375
20.9799,-110.8648,-10.2586
-100.7120,-139.2187,-12.4491
-101.4405,-139.9596,-14.1456
-192.4743,-161.3852,-14.4732
73.4295,-99.4143,-9.0590
-160.5507,-154.3066,-14.9287
-188.6939,-161.8200,-14.3153
-100.8028,-141.7466,-12.2848
-189.7446,-162.8357,-14.6030
27.6534,-111.4108,-9.1198
-188.1632,-162.9043,-14.8785
27.2077,-111.9707,-9.7193
13.0050,-115.4481,-9.5166
-160.5533,-156.9609,-13.9833
-182.8054,-162.9306,-15.8911
-186.6413,-163.8571,-16.1035
-161.0342,-158.1104,-15.0309
-159.9877,-157.9501,-15.0378
-169.8820,-160.3761,-15.3987
-166.3266,-159.5997,-16.1441
6.5895,-118.1012,-10.4272
28.0136,-113.0015,-9.9346
6.5556,-118.6219,-9.4113
14.3064,-116.8566,-9.9014
8.8344,-118.3279,-11.0164
5.3224,-119.2652,-10.8740
12.7022,-117.5761,-10.4855
-162.0686,-161.0645,-13.7160
1.9206,-120.7865,-10.8088
-158.8786,-160.6018,-14.6215
-159.4786,-160.9139,-15.0787
10.4723,-119.0498,-10.1592
11.0123,-118.9468,-9.9086
18.5459,-117.2128,-10.4281
-152.4426,-159.8414,-14.4209
-152.0084,-159.7563,-14.8086
-153.5344,-160.4477,-14.7316
-151.4664,-160.0460,-14.8161
11.8332,-119.4531,-9.3635
46.5877,-111.4597,-9.7406
179.8377,-78.0953,-5.8499
-99.0482,-148.6355,-13.5551
10.9558,-121.0544,-9.8107
-99.2255,-148.9742,-12.7546
10.3804,-121.3422,-10.1875
10.3884,-121.3648,-9.7802
5.0006,-122.8576,-10.6231
-180.3992,-170.2272,-15.3726
-182.1612,-170.8384,-15.5469
179.1631,-79.0224,-5.3095
9.1846,-122.4236,-9.5318
-216.3828,-179.9603,-15.7249
-4.9273,-126.1551,-11.2731
-161.3096,-166.1031,-15.7158
12.8461,-121.7100,-10.7660
24.8459,-119.1404,-9.7782
22.6149,-119.8064,-10.2008
-158.4778,-166.4740,-13.9596
-43.1369,-136.8081,-12.1355
22.1359,-120.1291,-10.0210
3.9246,-124.8989,-10.6139
-159.2565,-167.4877,-14.6359
-6.4598,-128.0449,-10.1415
24.2723,-120.1177,-9.5888
28.5571,-119.0627,-10.4211
-2.5338,-127.3426,-10.8896
27.3293,-119.6524,-9.5961
3.2904,-126.0623,-10.7643
21.7168,-121.3064,-10.6720
25.8950,-120.3791,-9.8668
16.4264,-122.8681,-10.6950
-153.4628,-167.2694,-15.7692
9.4201,-124.7413,-10.6044
7.0570,-125.5011,-10.7977
10.0293,-124.9288,-10.1506
12.2507,-124.4502,-10.9359
4.7362,-126.5546,-10.9826
-151.0650,-167.6506,-15.6461
13.4194,-124.4297,-10.5209
-157.8482,-169.5952,-15.3575
7.2907,-126.1169,-10.9637
-45.6774,-140.3152,-11.2481
21.9321,-122.6384,-10.6511
25.7902,-121.6950,-10.4398
42.9113,-117.4177,-10.0901
13.5801,-125.3937,-9.6053
-152.3304,-169.8152,-13.9821
-154.2677,-170.4687,-14.0983
4.7663,-128.5767,-10.2061
-3.3606,-131.0793,-10.1880
26.7951,-123.2592,-9.2816
-149.4539,-171.1153,-13.6224
-145.5739,-172.4665,-13.6676
5.7454,-132.4267,-10.0139
102.4528,-105.6327,-7.3260
25.8328,-128.1246,-10.0377
-92.7754,-161.9329,-12.3957
-2.7019,-137.8697,-10.5459
-95.7390,-165.4318,-13.6575
-40.0100,-149.7914,-12.2799
-93.3987,-165.3930,-12.6413
-92.3514,-165.1054,-12.7141
-95.5961,-166.0944,-12.2048
-90.7423,-164.7407,-13.0650
-39.8930,-150.4598,-11.8950
-93.1644,-166.0077,-12.3484
-32.7837,-149.1033,-11.7312
-4.7233,-142.0999,-11.2477
-7.2473,-143.0634,-11.0517
-136.8152,-181.7562,-15.4746
14.1342,-137.1538,-10.8141
-100.5432,-171.9127,-14.3736
13.0369,-138.0523,-10.5523
-137.1787,-183.2975,-14.3844
15.7612,-137.4362,-10.3355
22.9823,-135.3383,-10.0942
-108.9645,-175.0801,-14.1922
-9.7184,-145.3795,-9.9532
39.7423,-130.5183,-9.3469
19.9822,-136.7142,-9.8492
111.6906,-109.2401,-7.0489
39.0908,-131.3013,-9.3107
37.9731,-131.7258,-9.1374
36.5179,-132.1683,-9.1599
-116.5639,-178.7440,-13.8882
-138.2577,-185.4948,-13.5008
23.8135,-136.4307,-10.3894
15.2172,-139.4206,-9.5753
32.1429,-134.5013,-9.4883
37.6542,-133.5319,-9.8297
26.8437,-136.9754,-9.0880
25.6035,-137.8135,-9.3868
-107.6930,-179.1551,-13.6957
16.3373,-140.9063,-10.6235
24.5813,-138.6163,-9.3080
27.2083,-137.8817,-9.5921
22.3678,-139.5634,-10.6386
16.9806,-141.3165,-10.4066
28.5722,-137.8158,-10.5523
31.7761,-136.8797,-10.2385
16.9906,-141.5241,-10.9285
21.7549,-140.3237,-10.3393
27.4579,-138.6607,-9.8744
20.5290,-140.8479,-10.5685
19.1215,-141.3157,-10.6373
26.7235,-139.2554,-10.5632
34.0404,-137.0122,-9.8408
19.0301,-141.7459,-9.7727
15.8668,-143.9370,-10.0655
-114.4383,-185.4957,-13.2913
-114.4913,-185.7622,-12.6380
-114.3155,-186.1002,-12.6678
-113.2385,-186.1327,-13.5201
-110.5585,-185.3561,-12.7893
-122.5401,-189.5620,-13.5452
-114.3220,-187.0973,-13.3388
-112.2378,-186.4646,-14.0973
-108.1265,-185.2747,-13.8896
-101.5647,-183.3313,-13.2397
32.3448,-140.3698,-9.8923
114.7670,-113.9086,-7.9801
28.0204,-142.3774,-10.6121
-117.5681,-189.6505,-13.0105
19.1356,-145.3870,-9.7885
19.9071,-145.3815,-10.5237
-103.5156,-185.5922,-12.7622
15.5379,-146.9096,-10.7703
-100.9044,-184.8179,-12.6689
17.7948,-146.2133,-10.9763
31.7061,-141.7755,-9.1141
-112.2196,-188.6967,-13.2369
32.3130,-141.6486,-9.1591
32.7752,-141.8631,-9.2639
31.5914,-142.5933,-10.2620
-102.9449,-187.4584,-13.3242
-37.5061,-166.7964,-12.5287
-42.5509,-168.5806,-11.0581
-132.2790,-200.2401,-13.4151
-29.7036,-167.3769,-11.8342
-140.2762,-205.3211,-13.7512
-141.5331,-205.9178,-14.2689
-139.3766,-205.5631,-13.6109
-142.9461,-206.8092,-15.3360
-138.5503,-205.4918,-13.4484
-27.5831,-167.8955,-11.6693
-26.2510,-167.4456,-11.6274
34.6689,-146.9840,-9.3343
-135.7844,-205.5631,-14.7769
-132.6709,-204.5336,-15.0346
-26.5389,-168.4369,-12.2044
187.6493,-94.7920,-5.7296
254.4471,-71.9067,-3.6435
-133.0611,-205.9753,-14.0197
-89.8084,-191.1663,-12.9015
-134.5424,-206.8175,-14.9574
-134.4469,-207.9582,-14.9562
-89.8123,-192.4534,-13.1884
27.2571,-151.8692,-10.3545
35.0586,-149.2333,-10.2173
39.9126,-147.6464,-9.0065
-106.2667,-198.9911,-13.7481
28.4924,-151.9318,-10.7469
17.6938,-155.7858,-9.8861
27.7496,-152.2624,-10.7220
19.5238,-155.1889,-9.8241
35.4058,-149.6983,-9.8208
-26.7947,-171.5877,-11.9755
33.7754,-150.4073,-10.2311
44.0914,-146.8779,-10.2977
46.0022,-146.2071,-8.8025
34.9727,-150.1192,-10.3079
-136.8828,-211.0058,-15.6951
37.9334,-149.3813,-10.1760
-88.0038,-194.5197,-13.6741
-87.3204,-194.3202,-12.2526
-129.2363,-209.4409,-15.0058
18.5945,-157.3053,-9.6394
-143.0942,-215.0756,-13.7195
17.0817,-158.5518,-9.7604
24.5148,-156.0565,-9.2986
-87.9767,-196.7808,-12.2998
-86.0145,-196.1456,-13.8243
-107.0193,-203.9940,-13.7090
-40.2544,-180.1923,-12.2094
-106.5274,-204.9512,-13.0407
-43.6836,-182.6363,-12.4727
-38.9973,-180.9450,-12.3379
38.7977,-152.8909,-9.7025
-75.3059,-194.4702,-13.8726
34.2772,-154.6434,-9.6111
-99.0441,-203.5154,-12.4493
-135.9210,-217.3403,-14.2573
36.8977,-154.3523,-9.5524
58.4500,-146.5094,-9.5646
238.6736,-80.6304,-4.0029
22.7106,-160.6088,-9.8686
-106.3653,-208.3417,-14.1552
-90.2720,-202.8899,-13.6539
44.4698,-152.9897,-9.7867
-78.8035,-198.8633,-12.5261
-43.2527,-185.7447,-12.3182
-50.4522,-188.5709,-12.1897
-44.2534,-186.9152,-12.2947
24.5099,-161.2811,-10.5313
-40.1638,-185.5070,-11.4402
-44.0755,-186.9867,-11.4932
-46.3869,-187.8768,-12.3508
-45.9685,-187.7708,-11.4515
-48.5208,-188.7744,-12.3720
-75.3578,-198.9204,-13.0550
28.8265,-160.2522,-9.2858
30.4890,-159.8344,-10.3035
-39.7718,-186.4518,-12.5107
20.5534,-164.0291,-10.3018
16.7754,-165.6472,-10.7836
21.9782,-163.6976,-10.2316
-82.1168,-202.9941,-13.2169
20.3192,-164.5749,-10.5812
25.4299,-162.7007,-9.7327
20.5119,-164.7364,-10.3628
31.9713,-160.4267,-10.7322
-45.4882,-189.8315,-12.1351
29.8171,-161.3978,-10.4838
22.9176,-164.2979,-10.5695
22.5620,-164.4468,-10.3348
-52.1493,-192.8122,-11.5644
-53.2874,-193.2452,-11.6234
-52.1581,-192.9663,-11.7679
-47.0803,-191.0419,-11.7970
34.3292,-160.1305,-9.5730
-48.3818,-191.5907,-11.3133
-48.8227,-191.7836,-11.6243
-53.6811,-193.6572,-11.3985
-45.8000,-190.7849,-11.3979
32.1053,-161.2343,-10.5448
-49.5967,-192.3853,-11.7794
-55.3021,-194.5701,-11.5278
-48.1625,-191.9408,-11.4838
63.7373,-149.3359,-9.6189
30.0672,-162.2539,-9.8487
22.6800,-165.1673,-10.9868
-46.9624,-191.8348,-11.4856
23.4401,-164.9966,-10.5368
28.4013,-163.2132,-10.6908
59.9817,-151.1923,-8.7977
158.5462,-113.5188,-6.2448
-94.2003,-210.3040,-13.4732
38.8936,-159.4715,-9.6683
47.0368,-157.4244,-9.2512
33.7605,-162.7755,-9.5568
28.4807,-164.9698,-10.4885
37.0356,-161.8003,-9.3569
18.1154,-169.5770,-9.6594
35.2307,-163.0793,-9.1944
-66.9882,-202.9448,-12.0430
22.6179,-168.2290,-9.6984
18.3567,-170.0647,-10.0147
30.1059,-165.5233,-10.0709
-62.6177,-202.2352,-11.8883
32.1270,-165.3948,-10.5753
-126.8534,-228.2118,-14.6359
24.8077,-168.5816,-9.4193
28.2773,-167.5645,-9.8340
32.2942,-166.2797,-9.4485
-61.1892,-203.6380,-13.0005
-58.1025,-202.7456,-12.3497
66.9661,-153.8214,-8.7271
22.0191,-171.8647,-11.0845
106.2313,-138.3583,-8.0334
18.3605,-173.5091,-10.1315
-130.6875,-235.0048,-13.6764
-54.8428,-204.8884,-11.6619
22.0821,-173.7939,-10.0573
17.6151,-175.8126,-10.0735
25.6260,-172.8483,-9.7463
32.0420,-171.3851,-9.5496
35.1067,-170.2335,-9.9411
41.6469,-168.4543,-9.8434
21.0213,-177.4371,-10.4869
10.2320,-182.5978,-11.4022
3.9222,-185.2891,-10.9993
-49.2309,-208.5710,-12.1877
24.3706,-177.8053,-10.2221
-50.4311,-209.2656,-12.1577
40.1781,-171.6577,-10.4553
5.3531,-186.6058,-11.3531
44.7501,-170.0770,-9.8763
30.9450,-176.0164,-10.2240
0.0008,-189.0443,-10.0996
72.9517,-159.2728,-8.6148
30.3496,-178.4197,-9.4808
22.4238,-181.9487,-11.1373
35.8743,-176.9954,-10.7725
21.9223,-183.2422,-9.9327
69.6709,-162.8734,-8.8645
19.4473,-185.8866,-10.6841
16.5426,-187.5617,-10.5765
186.2446,-113.7195,-5.4511
19.8590,-186.8776,-9.8005
70.6670,-164.7173,-8.5045
28.5810,-183.3286,-10.6149
25.9365,-184.4904,-10.2978
98.6661,-152.6245,-8.3168
19.6574,-187.5297,-10.7982
25.2564,-185.0773,-10.6511
26.4497,-184.5936,-9.9695
32.4320,-182.1033,-9.4676
34.2914,-181.2860,-9.6694
35.6989,-180.7541,-10.7649
33.7540,-181.9016,-10.8736
34.9879,-181.4157,-10.8251
36.5114,-180.8098,-10.7808
31.3362,-183.1931,-10.0597
30.8690,-183.4509,-9.7870
36.2412,-181.2693,-10.6584
33.5239,-182.6178,-9.4151
33.7606,-183.0480,-10.8903
18.4597,-190.0040,-10.2652
27.0227,-186.2309,-9.5014
31.7414,-184.1692,-9.3922
-89.1534,-238.1386,-14.4532
53.4157,-174.7292,-10.0724
-104.2039,-245.3368,-13.8620
184.4110,-116.6453,-6.0906
157.6975,-128.9063,-6.6472
26.6779,-189.6434,-9.8068
56.2838,-176.5952,-9.2547
-92.8820,-246.2799,-14.6781
173.0039,-124.3153,-5.9648
-99.9585,-250.4908,-14.2334
-53.0367,-231.3487,-11.6548
-53.7611,-231.7369,-11.7825
-51.0937,-230.5915,-11.9394
59.0667,-180.0388,-9.3030
-88.2923,-249.6088,-12.9383
98.6578,-162.0831,-7.7197
21.2468,-198.7378,-11.2291
21.7943,-199.8650,-9.8663
-35.4603,-227.3438,-13.0294
-16.6894,-218.5503,-12.3139
23.2170,-199.5793,-9.7682
-92.0164,-256.5584,-13.7904
-81.2300,-253.8521,-13.7535
-89.6463,-258.5895,-13.8318
-91.8744,-261.8548,-13.9543
-93.8766,-262.8492,-14.0701
78.3501,-178.2711,-8.9893
77.4692,-178.7114,-9.0054
-37.5016,-237.9598,-12.9625
-34.2539,-236.6421,-12.8678
-34.4438,-236.8046,-12.8732
79.5779,-180.3403,-9.3355
24.5341,-208.1825,-11.3550
29.8487,-205.6445,-9.9076
29.7810,-205.7749,-10.4983
90.5824,-175.7367,-9.0769
91.6057,-175.4402,-9.2343
79.2974,-183.1820,-8.4622
82.1017,-182.2940,-9.1525
174.7764,-135.3639,-6.4327
30.0022,-215.9489,-9.9327
31.4533,-216.2969,-9.8867
18.5334,-224.2390,-10.8073
18.8843,-224.1391,-11.2651
-44.5873,-258.5986,-12.9753
-47.6848,-261.1290,-13.5057
249.2842,-101.1022,-4.2267
97.2708,-187.6063,-8.2431
14.5643,-236.5579,-11.2393
97.9541,-189.6378,-8.0636
36.5312,-226.6571,-10.4921
116.6971,-180.9494,-7.9970
37.2866,-226.6263,-10.7085
-36.1939,-269.8483,-12.3114
-38.3058,-272.6221,-12.2011
-44.3465,-276.6855,-13.2508
154.7666,-161.6242,-6.8635
-24.9457,-267.1869,-13.1729
-42.0013,-277.6600,-13.8050
-30.0748,-271.1591,-12.0854
-23.7272,-268.9976,-12.8747
-25.3005,-270.0389,-13.0998
47.3519,-227.5177,-10.2099
-23.0303,-269.2866,-12.9684
-22.3813,-269.0696,-12.2429
-23.6032,-270.1073,-12.0820
-28.9883,-275.4768,-13.4308
128.2436,-181.2356,-8.5533
39.9528,-234.6415,-10.0241
93.7082,-204.0373,-9.2074
185.1796,-149.5900,-5.7169
117.0638,-191.5718,-8.4984
180.1811,-156.1614,-6.2644
181.7723,-155.1705,-6.3232
108.7963,-201.5333,-8.4921
42.8938,-243.1083,-9.8493
35.0933,-249.8092,-11.8271
34.7670,-251.8533,-10.7971
97.4205,-212.4919,-8.7319
97.0637,-213.7774,-9.7535
122.0867,-199.1963,-7.9534
95.7913,-216.9440,-8.8262
250.8291,-116.9638,-4.5644
249.6738,-117.9623,-4.4906
97.1084,-223.2238,-8.4659
27.1668,-271.6252,-11.9852
30.2553,-269.5702,-11.9045
97.8878,-223.4686,-9.7123
72.3939,-243.7281,-9.3537
60.5298,-254.9059,-11.1107
81.4559,-241.2282,-9.2205
186.7857,-167.7914,-5.9622
30.6978,-278.2760,-11.9813
75.3462,-247.2135,-10.0361
83.5375,-241.4891,-9.2910
16.7319,-289.5763,-12.8662
76.6310,-247.1061,-9.2580
77.4938,-246.7235,-9.2932
33.8978,-278.0075,-11.0550
33.2401,-279.1218,-10.9911
187.8388,-169.5368,-6.1659
185.2485,-173.0957,-6.9037
49.5766,-272.3950,-11.7169
81.7769,-249.2241,-9.8338
180.9526,-176.8170,-6.9985
45.7719,-275.7789,-11.8034
117.9139,-223.9362,-8.9021
187.5228,-173.1562,-5.9535
187.3902,-173.7110,-6.3771
190.0474,-171.8722,-6.0391
190.6969,-171.4816,-6.5628
189.9134,-172.3276,-6.5779
46.6209,-279.3875,-11.2398
46.1608,-280.6198,-11.2623
97.9860,-242.7263,-8.9421
186.5595,-177.6896,-6.7417
59.5103,-274.0090,-11.2137
188.5892,-176.5667,-6.8179
187.1275,-177.7819,-6.9290
59.8629,-274.5774,-11.0727
90.2986,-252.8450,-9.8490
56.1204,-283.2942,-10.7732
59.3293,-281.1026,-10.7441
57.9933,-282.1584,-10.8417
93.7958,-254.7724,-10.1399
58.2362,-282.5480,-10.8971
58.2425,-282.7285,-10.7431
94.5107,-254.7140,-8.9845
94.5251,-254.8054,-9.1621
187.5537,-182.5955,-6.8695
94.4983,-255.8078,-9.3309
203.9763,-169.9191,-6.2179
131.6752,-229.3690,-9.1748
69.9682,-280.3271,-10.2164
73.6575,-280.2637,-10.5840
194.3007,-182.5551,-6.0098
87.9701,-269.7307,-9.6518
85.5299,-271.8673,-9.8513
213.8328,-167.5521,-5.4588
87.6421,-271.7914,-10.2257
193.6483,-185.0313,-6.9945
214.2497,-169.2395,-5.7118
108.7738,-259.6725,-9.6952
219.8596,-170.7790,-6.1028
125.5738,-253.8200,-8.8239
196.4318,-195.1435,-6.9950
211.7395,-187.3870,-6.2821
245.7255,-156.1967,-4.9798
248.0826,-154.0398,-4.8979
238.6085,153.8202,-5.3316
238.1432,153.7740,-4.8611
243.5786,147.1520,-5.0499
222.5003,165.7272,-5.0799
233.4461,150.7447,-5.1813
220.9012,164.5030,-5.2519
178.7340,207.8036,-7.1337
216.6346,160.5644,-5.9381
205.4511,166.9664,-5.7348
141.9802,233.2489,-7.2931
201.7717,169.7078,-5.8187
174.8861,196.5075,-6.9031
170.2822,198.8365,-6.2362
165.4144,202.0257,-7.2047
219.7809,143.8706,-5.6474
197.0378,165.3665,-6.0664
258.2058,98.6950,-3.5382
159.4205,192.9525,-7.1516
62.7088,283.9638,-8.9935
67.1421,279.6801,-9.1303
64.9480,281.6996,-9.3426
208.3591,144.4424,-4.9571
65.3385,280.4845,-9.8236
71.5299,271.6513,-8.6406
212.8922,136.8107,-4.9550
93.6849,248.1839,-8.5133
132.0687,211.1734,-8.1613
73.5225,264.5524,-8.8748
90.8170,246.8693,-9.2083
89.3723,245.3670,-8.2831
152.4473,181.9188,-6.1691
201.3855,137.6930,-5.2450
202.7317,134.7937,-5.5499
197.1410,139.6660,-6.0300
203.2021,134.1503,-5.7347
204.1305,133.0550,-5.2252
75.3785,242.4120,-8.2877
74.0977,240.2854,-9.5771
25.0857,276.9237,-11.3116
23.9231,274.1384,-10.7971
198.8110,129.1780,-5.7531
76.8979,227.5436,-9.4010
142.9242,173.2373,-6.9433
129.2437,183.6002,-6.7756
222.1543,106.4486,-4.6960
125.9343,183.0315,-7.3470
127.7943,181.2579,-7.1690
164.9390,149.8129,-6.5318
167.9279,147.1057,-6.1789
5.8196,274.7315,-10.0438
165.2700,148.4586,-6.0356
150.7814,159.0508,-6.2746
150.4416,159.0392,-6.1797
164.5839,147.6395,-6.1388
151.8199,156.5546,-6.3608
114.1055,185.7884,-7.5069
134.1745,169.5052,-7.3537
131.7126,171.1428,-6.7448
134.2958,168.9763,-7.0380
134.6012,168.5320,-7.4532
140.8612,163.6404,-7.3379
132.9664,169.6311,-7.6657
140.7165,163.5716,-7.2538
285.0664,52.3593,-2.6336
67.7692,218.6023,-8.1226
132.2005,168.9351,-7.4944
135.4347,163.1992,-7.2229
57.5347,220.6759,-8.6740
5.0938,252.0162,-9.8357
22.2333,238.8281,-9.9562
45.9740,218.8591,-9.6323
44.3679,219.8579,-9.8997
22.7964,235.0082,-9.2644
22.2122,234.5200,-9.6422
77.1250,193.3758,-7.5863
59.1903,205.9806,-9.3815
55.3603,203.1087,-8.8240
46.6536,209.1133,-8.9449
139.1764,145.0257,-6.5681
-61.0442,280.4254,-11.0076
-56.7908,275.7336,-12.4747
-19.4103,246.0995,-11.3874
-14.4926,242.8029,-11.2672
39.6847,206.0718,-9.8688
41.1479,205.0057,-9.5028
42.3593,204.1748,-9.4764
47.4744,200.1324,-8.4103
14.6075,221.4147,-9.4024
32.3745,208.3481,-9.3184
40.2193,201.4779,-8.9263
134.1374,137.6602,-6.4723
-61.3828,261.7401,-10.8917
62.2755,181.6285,-8.7586
150.0033,125.4401,-5.7616
-56.1993,254.5454,-11.9244
-56.9676,254.7106,-11.8293
-36.3507,240.7765,-11.2875
-78.6586,267.4257,-11.9544
147.8650,123.8679,-5.7670
-94.8066,275.6125,-12.1400
-94.2132,275.2330,-12.2563
210.5018,84.2399,-4.5740
-37.2707,238.6852,-10.9806
65.2175,174.7124,-7.5667
-96.2961,273.6298,-12.0896
38.7555,188.7197,-8.1874
62.6624,173.6180,-8.9227
37.6557,188.9685,-8.6411
21.9572,198.0053,-8.4739
-39.5432,235.0688,-11.2956
27.2719,193.5094,-9.5730
-98.4576,270.2365,-13.2113
20.3025,196.9357,-9.8607
-38.3128,230.4337,-10.6793
-27.9479,224.0287,-11.1561
-32.4156,226.4241,-10.3708
28.4121,189.7653,-9.3662
-36.1524,227.9293,-11.4510
22.5713,191.3675,-9.4802
-27.6556,220.7036,-10.5644
225.2181,70.1056,-4.0802
95.1847,147.3131,-7.8156
-24.2879,217.1093,-11.4014
57.8718,168.3153,-8.9510
223.7698,70.0245,-4.3837
-113.6934,268.0148,-13.1843
-16.4492,210.0490,-9.5294
-10.9121,204.8215,-10.8962
209.0998,77.1021,-4.7651
234.4328,61.9916,-3.8713
-14.0425,205.1944,-10.6584
-109.3010,259.4365,-12.9706
-108.8355,258.5997,-12.9617
-111.4574,259.6891,-11.9050
-109.4120,258.3260,-12.2985
-107.2133,256.9739,-11.9715
129.3289,121.4340,-6.8624
-116.5204,262.1104,-12.8166
-84.6758,242.3042,-12.3147
127.9641,120.8170,-6.1486
-84.4079,241.0807,-11.6346
168.0657,97.2926,-5.3937
223.6212,64.1745,-3.6963
206.9450,72.5077,-4.0720
220.4304,64.5159,-4.2483
46.4036,159.1415,-8.4254
4.0091,181.3655,-9.2838
5.0834,180.0590,-8.8831
-0.1182,181.6073,-10.1741
210.8788,66.2864,-3.9377
-94.0581,226.1825,-11.4074
-96.4572,224.7565,-12.0778
128.1491,107.1400,-5.8594
126.0283,108.0094,-6.0780
15.6264,164.6203,-9.0750
127.9979,106.3178,-6.4491
111.1787,114.6580,-7.0467
126.8147,106.3555,-6.4996
-98.0878,219.9692,-12.3192
102.9485,117.8413,-7.1267
-15.9188,177.2869,-8.9862
54.7418,141.4441,-8.5593
-111.7227,223.9641,-11.9067
4.5067,164.8632,-9.8664
-151.0233,241.2960,-12.9040
153.4536,89.7250,-5.6026
145.7558,93.1393,-5.9416
150.8376,90.5767,-5.9914
139.2846,96.1146,-6.1723
136.4252,97.3704,-6.2020
206.5897,62.6293,-4.5045
138.8810,95.4878,-6.3987
138.2223,94.9706,-6.6178
136.6122,95.3677,-6.5111
3.3478,159.7376,-9.4775
-4.4174,163.2324,-8.7851
138.1133,94.0398,-6.4786
-1.5396,160.5648,-9.3828
3.6361,157.3552,-9.5164
-5.1621,161.3125,-9.5155
197.5518,63.9308,-4.2867
185.7385,69.4779,-5.3191
133.1832,94.2728,-5.5278
-6.6955,160.1992,-9.4682
-11.7247,162.3978,-9.5381
208.4442,58.2453,-4.2640
-5.3308,158.9579,-8.6000
138.1492,91.1301,-6.4633
2.8659,154.8491,-9.6967
197.7183,63.0087,-4.5324
193.5808,64.7915,-4.8062
-43.2262,175.6163,-11.0924
-0.2428,155.3120,-9.0472
1.7631,153.4020,-9.4659
-8.4334,157.9628,-9.0242
-46.0927,175.4048,-11.3119
-48.6604,176.5913,-11.3943
-2.5943,154.8915,-9.7029
-165.2733,229.9015,-13.0495
133.2881,90.9023,-6.4173
15.4917,145.1652,-8.5269
-145.8122,218.6154,-11.8064
-154.5324,222.4292,-12.1660
-7.4510,154.9132,-9.0796
-145.3089,217.4904,-11.9090
-14.0099,157.4034,-8.7548
8.1458,147.2326,-9.6653
11.0215,145.6089,-9.3436
209.3995,54.9900,-4.5011
-155.5399,221.6021,-13.1633
-41.9652,169.7129,-9.8450
0.2005,150.4617,-9.6786
-45.6342,171.0665,-11.1926
-43.0267,169.8607,-9.3499
-2.8267,151.4711,-9.3332
-5.4694,152.4064,-9.7156
-155.3037,220.4010,-13.7623
-12.5466,155.2877,-9.8133
-2.6862,150.7690,-10.1438
2.6565,148.3153,-9.7201
2.0066,148.4936,-10.0252
134.0370,88.5456,-6.5989
51.0537,126.0241,-8.4386
20.0313,139.7539,-9.0365
133.3133,88.2408,-5.7207
134.6714,87.5496,-5.7140
49.6504,125.0854,-8.8664
53.3763,123.2051,-7.8779
-3.2772,148.4295,-9.7583
136.1860,85.3982,-5.5046
72.6569,113.1395,-7.6143
-6.1120,146.9456,-8.7029
-82.4544,177.4690,-11.8535
-82.7639,177.2755,-11.8093
-7.8953,144.8029,-9.5905
-157.1955,209.2529,-11.9271
-26.5719,152.7346,-9.2921
-27.1438,152.6310,-10.2859
-185.6519,220.7355,-14.6877
-82.8954,176.1166,-11.0263
-83.6429,175.7709,-11.9154
-185.6289,218.8872,-14.7520
244.2185,34.8573,-3.5908
-73.4207,169.9382,-11.6095
-184.8556,216.9754,-13.2818
242.4883,35.1222,-3.7249
-159.1050,204.8356,-14.1695
-157.4138,204.1098,-14.1256
175.2251,63.4313,-5.0794
173.2785,64.1905,-4.9593
-10.0021,141.3459,-8.7936
176.3389,62.5962,-4.5732
175.2687,62.9320,-4.5458
154.7157,70.2573,-5.9143
23.3687,123.9756,-9.0317
-133.4182,188.1039,-12.1076
27.4037,121.1057,-8.1850
152.2368,69.8166,-5.0691
113.5650,84.4181,-6.7725
146.1188,69.5318,-5.2071
115.1324,80.8519,-6.5568
-108.3574,168.7133,-10.9836
-178.3519,191.2515,-12.4017
-179.7720,191.5963,-12.4969
-179.0007,191.2835,-12.4496
-173.0490,188.9079,-12.3058
-82.1316,153.5545,-11.9172
236.7253,31.1550,-3.5417
-107.7283,162.3221,-10.4151
-108.3542,162.2581,-10.7722
-108.7341,162.3572,-10.9320
-179.7728,189.0513,-14.4778
-107.6769,161.6048,-10.8679
119.5846,74.6338,-6.4034
-105.4265,158.6795,-12.5733
-179.5156,185.7735,-13.8022
-107.4592,158.6792,-11.4960
12.1584,113.6280,-9.5977
-214.2941,197.9267,-14.5708
-27.5758,128.1267,-9.9748
-80.4800,147.7402,-9.8516
227.0008,33.2120,-4.0593
-215.0284,197.0287,-13.7100
226.5828,33.3367,-3.5966
-159.9675,176.2350,-13.2133
-161.3358,176.6916,-11.6646
-160.5126,176.3412,-12.7454
67.1567,91.3194,-6.7801
-186.1687,184.2970,-13.7603
-29.2381,126.6202,-9.4036
-25.6402,125.1118,-9.2167
-150.7960,169.5972,-13.0849
-105.1061,152.3005,-11.0938
-210.2375,189.2122,-13.4304
-210.3439,189.0201,-13.8911
-203.5765,186.3525,-14.0303
-212.5935,189.5591,-14.2000
-26.0197,122.2623,-10.1107
-213.8810,189.2813,-13.1418
-207.4463,186.9306,-12.8928
-211.2784,188.1567,-14.2019
-206.6864,186.3133,-14.0276
-96.8360,146.9021,-10.7715
-212.3867,188.2153,-14.3113
-208.2615,186.6677,-13.8972
-210.5085,187.4246,-14.1330
-204.7341,185.1855,-13.3157
-102.8769,148.5681,-11.5522
-105.7112,149.5778,-11.5623
-203.7781,184.5392,-13.5897
-200.3650,183.3181,-12.8031
-199.7091,182.9981,-12.8304
-103.2304,148.4116,-11.4809
45.2666,95.4930,-8.4386
-200.6799,182.9465,-13.3882
44.1943,95.7948,-8.3996
-105.0725,148.8175,-10.5208
-22.1328,119.1319,-10.2058
-109.0933,149.6703,-12.5707
-22.2699,118.7931,-10.0808
-115.1805,151.3618,-11.5410
-35.1010,122.9250,-10.0256
-27.8465,120.2454,-10.0775
-27.4580,120.1036,-10.3658
-196.8911,179.6556,-13.2122
-97.1686,144.1666,-10.2310
-80.8741,138.0735,-10.5334
-80.9565,137.9702,-10.5594
-216.9591,185.3202,-14.0290
-158.1457,164.0326,-12.7810
-96.2786,142.0702,-11.8416
-106.6790,145.6498,-12.1437
-221.0579,184.6140,-12.7824
-194.8038,175.3793,-13.7880
-105.6746,144.0090,-11.8721
-185.6784,171.2821,-13.9911
-80.5581,134.4541,-9.9452
-222.8107,182.0723,-13.8236
-79.9862,132.5371,-9.8706
56.5386,85.7840,-7.8034
224.3321,28.9270,-3.8067
224.3558,28.7903,-3.7822
15.5784,99.1655,-8.1937
52.9041,86.2140,-7.4873
10.6087,100.1944,-8.4732
-217.1573,176.2708,-13.6327
10.7890,99.8795,-8.3539
-226.8185,178.9394,-14.3600
77.6868,77.1991,-6.5113
-227.0090,178.5843,-14.1047
-225.9277,177.7477,-14.8751
-51.5852,119.3503,-10.1238
98.2895,69.2815,-6.4002
-223.4723,175.1436,-14.5907
-221.9768,174.3216,-14.6727
-176.1285,158.7523,-12.6984
11.7994,96.5103,-8.3200
13.2761,96.0257,-8.1340
-226.3158,173.8255,-14.9894
12.5010,95.5666,-8.4733
-28.7898,108.6786,-8.8571
-182.0071,157.9592,-13.1050
148.4770,50.8352,-5.1702
-229.7898,171.7881,-14.0844
-226.6960,167.9342,-13.0188
-82.9006,121.2510,-10.3661
-235.2334,168.2550,-13.4441
-83.7232,120.8782,-10.3808
-232.7540,167.3122,-14.0975
-88.7663,122.2901,-10.2586
-236.5116,167.5046,-14.3652
-88.3361,121.4276,-10.7012
-226.4832,164.0957,-12.9037
-111.8950,127.6864,-10.6055
-32.4933,103.1007,-10.4609
-177.0111,147.6058,-13.7904
-96.5417,122.7462,-11.0109
-96.0878,122.5301,-11.9905
-93.1769,121.6028,-11.4943
226.4279,23.2620,-3.3026
-32.8965,102.7282,-10.3198
-213.0883,157.9230,-12.4006
-179.4826,147.5566,-12.0614
-211.1601,157.0391,-12.3401
-180.9175,147.0407,-13.9461
-182.4023,147.3537,-12.9977
-179.5807,146.3298,-12.3150
-180.3208,146.5201,-12.3605
-177.0950,145.3671,-12.5592
-71.2878,113.0974,-10.7845
-183.7354,147.2300,-11.9460
69.6570,70.1874,-7.8941
-128.9290,130.3433,-12.1646
-103.7707,122.3113,-11.2370
-90.5947,118.1845,-10.7243
-111.1014,124.1176,-12.0084
-88.7735,116.9757,-10.7157
-72.5427,111.9041,-10.1103
179.8137,35.3677,-4.3010
-194.5664,146.2784,-12.2507
17.4269,83.2051,-8.1386
162.0579,40.3744,-5.3506
-197.9315,146.2523,-12.1079
-198.8195,146.2756,-12.3267
-89.7807,114.1615,-10.4006
-192.7527,144.3750,-12.4108
16.5774,82.7180,-8.6316
-36.6854,98.2287,-8.9118
-35.5383,97.7150,-9.3050
-194.9647,144.2789,-14.4237
-194.6685,143.8191,-12.2418
163.8624,38.8998,-4.6336
16.4545,81.6813,-8.6972
-45.7392,98.8951,-9.7992
-94.3407,112.7424,-10.8798
-245.4635,156.0234,-15.4633
-90.7396,110.6633,-10.8096
170.6896,35.7027,-5.0715
-48.7916,98.0875,-10.4132
16.1887,79.2906,-8.9801
-49.1823,97.8655,-10.3428
-212.7424,144.0902,-14.8946
-200.6378,140.6162,-13.5111
-40.1366,94.7871,-9.3243
-89.2626,108.6611,-11.1221
-95.9196,109.9124,-11.0754
-177.4401,132.7189,-12.1686
112.1235,51.0812,-6.3166
-77.1154,104.2091,-10.4145
-177.0225,131.9695,-12.1717
171.4164,34.2700,-5.3094
-112.1781,113.3801,-11.7156
-99.4459,109.8087,-10.4147
-92.1875,107.5078,-10.1144
18.8632,76.4935,-8.6953
62.7079,63.8628,-7.2389
-161.2640,125.4088,-13.0678
-99.2733,107.4535,-11.9289
15.6751,73.4720,-8.6822
-223.9439,137.6246,-13.7390
-69.7373,95.7973,-10.5499
17.2399,72.5063,-7.9783
16.5252,72.5582,-7.8006
62.3208,60.3572,-6.6006
-66.8055,94.6801,-10.7093
62.4755,59.6113,-6.9083
85.8996,52.8019,-6.7582
64.5655,58.2319,-6.6339
-230.0695,135.2106,-13.5542
70.0538,56.7349,-6.4807
-229.8338,135.0638,-14.1254
-227.2281,134.0346,-13.5324
-228.2758,134.2816,-13.4164
-224.3543,133.0449,-12.8412
15.9712,70.3507,-8.1768
-148.3597,112.7160,-11.5522
-224.6493,130.0770,-13.3658
-37.9115,81.8485,-9.7570
8.8774,69.6932,-7.7173
-254.2881,136.3651,-14.8342
17.5176,67.3631,-8.6875
-69.8235,89.3745,-10.5892
-181.9292,117.1590,-12.2101
25.1453,64.9781,-8.0780
-34.4916,79.9549,-9.6744
-182.1746,116.6677,-12.3156
-100.3762,96.0138,-10.6610
-69.6264,87.9036,-11.2686
-34.9531,78.7218,-10.1320
-184.1980,114.4926,-12.4183
-181.7739,113.6186,-12.5589
-183.0183,113.5338,-12.0557
-183.6867,113.6913,-11.8442
-63.7031,83.3285,-9.8238
-75.8012,85.8094,-11.0577
21.7190,62.0221,-7.7872
-61.2268,81.9607,-10.0455
-72.9621,84.6826,-11.2127
180.2101,23.6879,-4.9760
-69.2932,83.4863,-11.1108
-185.1189,111.2318,-12.3185
-68.5852,82.9338,-9.6079
-125.5725,96.5523,-11.5913
-124.1281,96.1982,-11.5577
-113.5534,93.6614,-11.7908
-73.2761,84.0194,-11.2995
-67.7979,82.5761,-10.0691
-67.8966,82.3780,-11.1104
-78.8314,84.9278,-11.3170
41.3400,55.9961,-8.2875
-60.6216,80.1334,-10.2177
-61.6999,80.2053,-10.9976
14.5258,62.1369,-8.7481
0.6600,65.3041,-8.4212
3.3798,64.6436,-7.7462
-71.7582,82.3356,-10.1675
-69.2259,81.6814,-10.2813
1.8986,64.8320,-9.3292
-163.3667,103.7958,-12.7381
-163.7495,103.8250,-12.2242
-67.1803,80.8896,-11.1332
-70.5823,81.6517,-10.2331
-58.8171,78.8360,-9.3630
-191.7204,110.0113,-13.4354
1.7807,64.4361,-7.8490
-39.9835,74.2319,-10.1277
-40.5010,74.2836,-10.1362
-124.6668,93.5962,-11.9024
-69.9758,80.5380,-9.2746
-101.0193,87.3903,-11.0923
-245.8092,120.4112,-13.0207
-244.6667,119.5274,-13.2202
-72.7754,79.6339,-11.2705
-67.3168,77.7679,-10.6155
-66.5204,76.7500,-9.7399
-65.9057,76.5807,-9.3361
-21.3950,65.4680,-9.9420
-25.6779,66.3535,-10.0968
-22.2956,65.5109,-9.7567
-238.7215,113.9378,-14.4530
103.0225,37.4237,-6.1416
-117.5288,86.4862,-11.7222
-140.3244,91.5677,-12.3211
-114.3188,85.2059,-10.9415
-108.8425,83.8159,-11.8377
-108.2384,83.6780,-11.7814
-106.2079,83.2183,-11.7506
-143.3992,91.1708,-10.9088
-106.1274,82.6457,-10.7815
-114.0394,83.9806,-12.2039
-106.1629,82.2364,-10.4525
-62.1800,72.0799,-10.3862
-198.5532,100.7232,-12.8820
-67.0150,70.8655,-9.7639
90.7291,37.1151,-6.4912
-251.4901,107.4830,-15.6262
-250.8752,107.3100,-15.0918
28.9459,48.6148,-7.9949
43.7770,45.5132,-6.9763
-202.6237,96.1484,-13.1819
-175.1243,89.9340,-11.3234
-174.3729,89.7200,-11.3723
-205.0100,95.9992,-13.4826
109.7382,30.8812,-6.0256
-252.0914,105.2379,-14.8894
182.3819,15.6319,-4.7608
106.5548,31.0619,-6.1798
-205.6857,94.6953,-14.2406
19.8322,48.5183,-8.6420
107.1622,30.7497,-6.3071
19.3378,48.5147,-7.6602
149.5343,22.0853,-5.5048
41.0655,44.0400,-7.1824
102.7967,31.5122,-6.3010
15.0915,48.8474,-8.6552
-99.2211,71.6266,-11.8654
-254.6672,102.8008,-15.4217
111.0439,29.1329,-6.6256
-258.0398,102.3370,-15.6529
-150.3674,80.6822,-11.0725
39.8554,42.6843,-7.6187
40.5790,42.2218,-8.2496
111.3719,28.2171,-6.6374
101.3340,30.1526,-6.7136
-65.5237,62.9333,-9.1832
-260.3533,101.0287,-15.6123
54.7047,38.8017,-7.0150
106.7098,27.5775,-6.7839
45.3627,38.7597,-6.8366
-100.2500,65.5522,-9.7790
102.2040,27.4311,-6.1817
39.9480,39.1319,-8.2172
270.9937,-4.4276,-2.6847
101.5855,26.9359,-6.7215
-209.1074,84.1770,-12.7732
-221.4595,86.2511,-14.7126
64.0457,33.4394,-6.5787
-95.2284,62.1249,-11.0079
63.7882,32.9703,-6.5143
-94.9118,61.3547,-10.0624
156.4225,15.7077,-5.5064
-98.0281,61.5300,-11.4914
-219.0591,83.2824,-14.2300
92.2236,26.6235,-5.9366
-218.5164,81.5228,-12.8372
167.0729,12.7972,-5.2770
165.9325,12.9891,-5.3000
39.9707,35.0965,-7.1219
165.7984,12.7731,-5.2892
-89.6915,57.5384,-10.7869
35.1598,35.6236,-8.3277
32.5275,35.4325,-8.3789
35.1424,34.6508,-8.0561
45.0967,32.8478,-7.4447
37.9821,34.0090,-8.3976
-87.6283,54.5971,-10.9113
40.0900,32.8281,-7.2295
-98.5596,55.9762,-9.9817
40.6871,32.2707,-7.3477
40.5176,32.0416,-8.3814
43.2980,31.2769,-7.2074
-63.5304,49.0270,-10.4370
-219.9868,74.8184,-12.5311
-62.0053,48.4294,-10.4716
-61.5332,48.3076,-9.4537
-53.5579,46.6512,-10.0930
-132.1063,59.4414,-11.5624
-215.5096,71.8884,-13.8200
106.0330,19.3707,-5.8739
44.2731,29.2994,-8.0780
43.3621,29.0944,-7.6375
181.0833,6.8965,-4.4573
-214.4528,70.2589,-13.5404
42.5979,28.8094,-7.7582
-66.1001,46.0584,-10.2104
-132.3694,56.2592,-10.7475
37.9119,29.2279,-7.0575
39.8868,28.8741,-7.0710
42.6122,28.2568,-7.2278
260.1329,-6.0956,-2.5958
-131.8041,53.8347,-11.3110
-134.5676,54.1057,-11.6211
-118.7324,51.3957,-10.2664
-135.3043,53.0871,-11.8362
-42.7806,38.8172,-9.2637
-131.7597,52.1885,-10.8038
204.5848,1.2844,-3.8648
55.2826,23.5074,-6.7235
-91.9443,45.4113,-10.6662
52.9655,23.5936,-7.6899
-88.1475,43.7789,-10.0449
-90.2404,43.8642,-11.1387
-92.2119,44.0110,-10.9184
110.9284,14.2739,-6.3868
-88.7877,43.2156,-10.7413
-90.3308,43.4335,-11.1311
109.2169,14.2366,-6.4104
-130.3720,48.8485,-11.8920
-250.5182,65.3705,-13.0619
-95.1304,42.6787,-10.9558
-260.8169,66.1616,-13.6643
-142.5449,48.8729,-10.8398
202.8746,-0.1537,-3.9776
199.2883,0.3075,-4.0080
-144.8181,48.5184,-11.2572
-136.7852,46.8788,-11.5249
211.5369,-1.8113,-4.0978
-140.0273,46.5477,-11.2809
-166.5157,49.7193,-13.2039
-168.5519,49.9918,-12.5100
-164.8243,49.4803,-13.1593
-145.3578,45.4132,-11.4144
103.6767,11.6929,-6.4800
-177.1408,48.2470,-11.6857
-167.9340,46.8933,-11.5676
-170.9257,47.1343,-11.5561
-175.4130,47.7089,-12.7586
-171.8149,46.9443,-13.4910
-175.8875,46.8501,-13.5324
-269.7268,58.8081,-13.7536
-175.0442,46.3913,-11.4777
-265.2320,57.7730,-14.0585
-264.8777,57.7216,-13.4057
-261.4202,56.8226,-15.2092
175.4061,0.8427,-4.2729
175.2646,0.5818,-4.4942
-139.7669,39.2043,-11.8455
-144.4389,39.4653,-11.6701
-171.1614,42.6127,-13.1113
-146.4954,39.4294,-12.5369
-171.9675,42.4970,-12.0125
-138.9601,38.3902,-12.4330
-146.4041,39.2371,-12.5521
45.8149,15.6722,-7.2247
-141.4380,38.5870,-12.4970
-140.4196,38.4232,-11.8676
-143.1928,38.6154,-12.6049
-92.2137,32.2232,-10.4204
191.1662,-2.9578,-4.7086
183.3953,-2.0967,-4.9017
-245.9072,46.8556,-12.6423
-238.7438,45.8793,-12.4865
-37.5757,21.6674,-10.0168
-239.3887,44.0236,-12.3846
-284.2427,48.5866,-13.3400
-242.6066,43.1784,-14.2559
-152.4567,32.9604,-10.7414
89.0126,6.0357,-6.5042
-95.9735,25.0310,-10.9537
-155.2633,30.4444,-10.7448
-277.5634,42.9108,-14.6148
-281.1691,43.2463,-14.6856
-153.8041,29.9189,-12.8790
-242.0065,39.0319,-12.4189
116.2177,1.7452,-6.3145
-282.0916,42.4307,-15.1979
-281.6074,42.3564,-15.3613
-280.7416,41.8572,-15.9313
-229.5613,36.1927,-13.3215
-102.5993,23.2258,-10.6710
-99.1867,22.8361,-10.5675
-239.3602,35.2404,-13.8684
-287.6352,39.8602,-15.9859
37.3592,7.9200,-8.0180
-240.1857,33.8694,-14.7819
-240.1775,33.1639,-13.6966
-288.9855,36.1679,-14.4516
-226.8438,30.2087,-12.3150
38.1788,5.8645,-8.3761
-226.7029,29.7841,-12.4807
181.7841,-7.5370,-4.8145
34.9092,5.4869,-7.0342
-240.4693,30.1399,-14.3100
-180.2772,24.6958,-12.8723
38.9864,4.9251,-7.6805
35.4269,5.2293,-7.0786
34.1739,5.1664,-7.0347
39.6681,4.6260,-8.3307
24.6777,5.7883,-7.2194
-222.4227,27.4324,-12.5435
-224.0625,27.5560,-12.6120
-225.4055,27.6412,-13.3163
-238.5179,28.4168,-13.4805
-225.3771,27.0787,-13.1834
-221.8688,26.6469,-13.1284
38.9078,4.0308,-8.2134
-204.9356,24.8615,-14.2119
37.4643,3.8889,-8.2094
151.3476,-5.8976,-5.5379
185.5851,-9.0445,-4.7690
30.7262,3.9457,-7.0305
188.7222,-9.5004,-4.5789
33.2249,3.4340,-7.6054
117.7606,-3.9061,-5.9649
34.8924,2.7788,-7.3083
36.2305,2.1609,-7.3879
26.3685,2.8506,-7.9858
35.1726,2.1167,-7.1388
33.1844,2.2240,-7.4825
-221.6819,22.6019,-14.2356
40.4070,1.6021,-7.3244
35.2811,1.7950,-7.4711
-110.2629,13.0787,-10.6774
-241.0879,23.1355,-13.9888
-112.2006,12.7770,-11.8345
39.2345,0.7179,-7.4101
-99.5549,10.7737,-9.8769
-111.4208,11.1257,-10.7542
-58.9373,7.1164,-9.0811
-241.7413,20.2033,-14.9265
-103.2330,8.8684,-10.8429
40.7155,-1.7617,-7.6434
-59.7023,4.8121,-10.1656
-89.5248,6.3513,-10.2118
32.8459,-1.9990,-7.0315
-121.1084,8.4623,-10.4546
30.8422,-2.0900,-7.0979
36.3427,-2.6363,-7.0805
35.4510,-2.7690,-7.1252
-253.8127,15.7986,-13.2093
32.5903,-2.9690,-7.9892
-253.1756,15.6706,-14.6436
-103.0322,5.6205,-11.4483
74.2451,-6.6365,-6.4552
-159.7561,7.8381,-12.2941
-274.9984,14.9486,-15.4364
-36.5838,0.0797,-9.8499
-54.5904,1.0226,-10.4208
-151.4101,6.9656,-11.3157
-56.5871,1.0909,-10.2996
-161.8177,7.5145,-11.9361
-162.8770,7.5623,-11.9742
-53.1652,0.7739,-9.5291
-161.8089,7.3292,-11.5090
-51.9097,0.6227,-10.1166
-156.8411,7.0032,-10.7468
-172.0402,7.9074,-11.7655
-154.3320,6.7055,-11.0812
-34.5684,-0.6058,-9.9278
-164.5539,7.1734,-11.4823
-271.0277,13.2292,-14.1990
-157.4393,6.4171,-10.8527
-166.7050,6.8944,-11.4502
-164.4650,6.7251,-11.1394
-271.5137,12.9547,-13.7780
-159.8259,6.1930,-11.0452
17.0585,-4.2754,-8.6180
-280.2130,12.9947,-14.6789
-38.9527,-1.1824,-9.4829
-38.1768,-1.2446,-10.0729
-287.6985,13.1744,-15.5575
-269.3352,12.0080,-12.9417
-290.4574,13.1907,-15.4427
-101.0331,2.1921,-10.0926
-264.7061,10.9800,-13.3628
12.9477,-4.8409,-8.7786
-99.3570,1.3896,-11.2242
-98.8546,1.3525,-11.2087
-99.5505,1.1643,-11.1160
-139.9746,2.7269,-10.9158
22.5708,-6.3825,-7.8614
-109.7669,0.7000,-11.7757
-231.1178,7.0150,-14.3398
-109.4317,0.1088,-11.8489
-271.2652,8.3861,-13.2772
-181.3884,2.3944,-12.9955
-181.1485,2.3667,-11.8573
-183.2180,2.4036,-12.9476
-99.5716,-1.8008,-10.4178
122.2250,-12.9388,-6.2281
-186.1455,2.2919,-11.3936
-97.9436,-2.1517,-10.5009
-250.6493,5.2834,-14.2541
-186.1884,2.0983,-11.4325
-249.7767,5.1802,-14.2864
-254.0942,5.2883,-15.0031
-115.6227,-1.5067,-10.3757
-101.5266,-2.2746,-9.9859
-107.0784,-2.0176,-10.2162
-181.9048,1.4558,-12.1726
-180.7366,1.3535,-12.5719
-97.9214,-2.8445,-9.5989
19.0341,-8.6359,-8.7880
21.5353,-8.9202,-7.7852
22.3697,-9.0718,-8.5969
8.4960,-8.9293,-7.4833
-189.0453,-0.1098,-13.1612
16.3084,-9.4109,-8.6212
-194.8304,-0.9133,-12.7244
19.7470,-10.3240,-7.5143
-236.0809,0.2544,-14.6202
-252.5539,0.5755,-12.7351
-255.0364,0.6582,-12.7880
-254.7318,0.6453,-12.8775
-226.4328,-0.5703,-13.5561
-252.6081,0.2091,-15.0400
-252.4953,-0.6925,-12.7535
12.3576,-11.4220,-8.9187
-257.7097,-2.6193,-14.3865
-263.1368,-2.8970,-12.8246
-99.9720,-8.7673,-9.9687
-247.8351,-4.2126,-14.6071
-249.7503,-4.2266,-14.2363
-247.9332,-4.7483,-14.4513
-200.8671,-6.4284,-14.0574
-247.8998,-4.9117,-14.3258
116.1259,-17.1536,-5.9967
-246.5180,-5.1673,-15.0175
36.3658,-14.5877,-7.0166
-255.6852,-5.1234,-14.6823
38.3794,-14.8016,-7.4274
-202.4650,-7.5099,-14.1352
-257.0328,-6.1066,-14.8992
-248.7575,-7.2335,-15.2646
-247.3973,-7.2919,-12.5649
-245.2697,-7.4568,-13.5055
-241.4417,-7.5993,-12.8144
-242.7237,-7.9775,-12.8277
20.2864,-15.6238,-7.2730
-206.2681,-9.2003,-12.4630
17.1931,-15.7268,-7.3044
-248.0635,-8.5855,-13.2272
7.9887,-16.2409,-8.4683
-254.2449,-9.4700,-14.9604
-268.6788,-9.6892,-15.0848
36.9557,-18.0592,-7.4020
-277.6077,-10.8782,-13.8893
-204.8524,-12.6317,-11.9477
-276.0546,-11.0827,-13.6395
-270.8693,-11.2298,-12.9990
-207.2676,-12.7340,-11.9694
-204.4543,-13.1098,-12.2296
-271.5703,-11.9034,-13.2062
-208.7154,-13.3118,-12.6151
-128.4321,-15.0669,-10.2511
-274.0682,-12.0813,-12.9866
-198.8789,-14.7844,-12.6060
13.6688,-18.8929,-8.8296
-203.9421,-14.6877,-12.6801
-206.3956,-14.6661,-12.2106
-282.7329,-13.9895,-15.3416
-179.2852,-15.9716,-11.5360
13.2529,-20.2061,-8.2666
-220.7083,-17.0548,-12.9501
-206.7810,-18.2026,-12.6974
-225.1382,-18.0978,-12.0272
-147.0469,-19.3805,-12.4232
-208.5973,-18.6277,-13.1398
-178.1214,-20.2394,-11.2471
35.9550,-22.5566,-8.0391
-227.2454,-20.2559,-13.8953
-227.2732,-20.8759,-12.4982
-227.9248,-21.9345,-12.2415
-175.9619,-22.3889,-11.4627
-274.4745,-21.9913,-15.2377
-223.5838,-22.3294,-12.2012
-271.5437,-22.0539,-15.0978
-235.8037,-22.4098,-12.4807
-275.8696,-22.2626,-15.5189
-107.8661,-23.3010,-11.2312
49.8416,-24.1969,-7.7346
-109.5062,-23.3613,-11.4174
-179.4382,-23.1671,-12.4105
15.0300,-24.3354,-8.0304
18.2210,-24.5595,-8.4532
20.9817,-24.6486,-8.5977
-45.9877,-24.3894,-9.5844
-229.2806,-23.8132,-12.7942
18.0785,-24.8207,-8.3781
13.5724,-24.8613,-8.4658
-138.9950,-24.4880,-11.5165
-141.1177,-24.6627,-11.6086
40.2814,-25.3886,-6.9391
-173.1272,-25.1850,-12.8960
-218.1371,-25.1336,-13.2111
-221.9360,-25.7441,-14.0278
-232.0552,-25.7953,-12.6973
-201.2467,-25.8337,-11.8431
-143.1214,-26.2211,-12.0832
-218.5960,-26.2521,-12.5617
-145.6803,-26.3340,-12.3325
-169.4197,-26.5223,-11.2235
-166.2941,-27.1199,-11.9870
-229.1193,-27.3310,-13.6000
-282.6319,-27.5103,-15.3882
56.2797,-26.8214,-7.4666
-168.5206,-27.4587,-11.0223
-139.5250,-27.4832,-10.8697
-215.4606,-27.7532,-12.9299
-146.6574,-27.6142,-10.8542
-169.2843,-27.7301,-11.1361
-166.3537,-27.8221,-11.9047
-220.1440,-27.9901,-13.3581
-281.9708,-28.1837,-13.2447
-223.2314,-28.0259,-13.4706
-114.3909,-27.8698,-10.3998
-200.4007,-29.1069,-13.2567
-167.4587,-29.0054,-12.2178
-169.7305,-29.0236,-12.4487
-149.2654,-28.9369,-10.5567
-199.0200,-29.2445,-13.5721
-155.1624,-29.4798,-11.3041
-162.1473,-29.7489,-11.0735
-200.0568,-30.2355,-12.1065
-166.1221,-30.2077,-12.0175
-159.1709,-30.4206,-11.3000
-165.9874,-30.4766,-12.4184
-154.5060,-30.4008,-10.7201
-49.0003,-29.6300,-9.0903
-34.3928,-30.6077,-9.2929
-69.7158,-31.0066,-10.8834
-35.8193,-30.6537,-8.3595
-225.2962,-33.2320,-12.6959
-46.2796,-31.6091,-9.7200
-48.8248,-31.8582,-10.1847
-239.5875,-34.9260,-15.0014
-241.7249,-34.9695,-14.9797
-276.8369,-37.0702,-13.5286
-49.9652,-33.9740,-10.1516
-157.7391,-36.3250,-12.3809
8.6152,-33.2332,-9.0069
6.0949,-33.3719,-9.0954
-226.4407,-38.6517,-14.6821
-53.4651,-35.5114,-9.6269
-55.3325,-36.1266,-9.1003
-52.5642,-36.1292,-9.4242
-55.1575,-36.2433,-9.4153
-223.7741,-41.9051,-13.9098
-108.6539,-40.9324,-10.1730
-80.5066,-40.4449,-9.4178
222.8486,-31.2392,-3.5912
-17.5622,-39.0452,-9.3608
-107.8095,-42.2920,-11.3503
-130.4336,-44.5460,-11.3739
-107.5918,-43.9972,-11.7201
159.9851,-34.4085,-4.9495
-145.1966,-46.6994,-10.5757
105.5731,-37.3672,-6.5075
-131.6238,-47.2038,-11.2778
-131.2013,-47.2881,-10.7658
-132.7953,-47.9969,-12.3918
-135.1386,-48.3643,-10.9300
-220.3560,-52.3580,-13.9458
117.9888,-37.8868,-5.8979
120.7294,-37.7760,-5.6885
-81.1370,-47.0060,-9.4087
-75.4660,-47.4971,-9.3628
-132.4199,-50.1633,-12.0892
-210.1658,-55.1454,-13.3599
103.5635,-40.8160,-6.0422
-212.7144,-57.8652,-13.1009
-211.7436,-57.8862,-12.5555
-209.4366,-57.7771,-12.7915
-212.8086,-58.3465,-12.7147
-259.4808,-61.9909,-13.7610
-175.0589,-57.8192,-12.2554
-95.5066,-54.1807,-11.5963
-93.9752,-54.2365,-11.1918
-94.3228,-54.5216,-11.4380
-94.7072,-54.6176,-11.1591
-91.3664,-54.4770,-11.0692
-191.7467,-60.4713,-11.8294
68.8147,-45.7174,-6.4774
-72.8586,-54.5536,-9.3772
71.0355,-45.7289,-6.9824
-70.8134,-54.6473,-9.0949
-188.6656,-62.5706,-13.3311
48.9758,-48.1418,-8.0772
-188.0931,-64.4610,-12.9410
-186.9198,-65.1208,-12.8599
-185.3257,-65.0188,-11.7735
45.6214,-49.3945,-7.0123
27.4870,-51.0567,-7.5741
-1.5093,-53.0960,-9.2636
-0.6608,-53.1249,-8.9148
-131.8089,-62.8254,-10.7099
-41.3395,-56.5604,-8.6463
-20.5760,-55.1255,-8.2930
-115.0734,-61.9489,-11.0428
-113.2067,-61.8713,-10.9753
-129.7563,-63.5051,-11.5030
-184.7851,-67.5927,-11.4146
-184.7781,-67.9912,-12.0539
-134.2363,-64.7259,-11.9684
-91.6153,-62.4495,-10.1093
34.8745,-53.1309,-7.3554
72.2248,-50.5553,-6.6095
-162.3204,-70.4203,-10.8641
-276.8827,-79.9861,-15.7071
-161.9203,-70.9486,-11.1527
23.2682,-55.8335,-8.3008
23.1121,-55.8518,-8.0063
-163.8638,-71.2513,-11.1632
107.2432,-49.0795,-6.5095
73.6047,-51.9103,-6.7902
54.0091,-53.8353,-7.8730
-101.2248,-67.1178,-11.6550
1.2307,-59.4826,-8.1108
-255.2118,-81.8415,-13.6482
-258.5195,-82.4965,-14.8644
-161.0232,-74.3292,-10.8864
-0.0671,-60.2251,-9.0862
-161.8131,-74.7892,-12.3660
-271.6010,-84.6180,-14.1660
-170.2638,-75.6814,-11.0939
-166.5584,-75.4058,-11.2862
-163.9834,-75.2726,-10.9642
-170.1582,-75.9528,-11.5202
-268.8758,-85.2943,-15.1025
-157.3440,-75.3895,-11.9859
-159.4954,-75.6939,-12.4799
-241.5237,-83.5182,-12.4444
58.2635,-56.1927,-7.3422
21.9177,-62.0464,-7.3270
168.8770,-47.6336,-4.6300
89.6278,-55.7223,-5.9317
-177.6689,-82.6735,-13.1425
212.5163,-44.2537,-3.9984
-184.9425,-89.5220,-11.3215
202.4498,-47.2744,-3.7500
108.4739,-58.8091,-6.4380
62.8110,-64.3951,-6.8388
62.2427,-64.6188,-6.8893
259.6823,-41.2523,-3.0312
-141.1927,-91.7367,-10.4769
-141.9280,-91.8415,-11.6581
-143.4864,-92.0494,-12.5507
-141.9978,-91.9556,-11.3806
61.4119,-66.7306,-6.4658
-46.6257,-80.8058,-10.4702
-145.1807,-93.4701,-10.9165
-72.4642,-84.5849,-10.7010
-143.9402,-93.7995,-10.7496
-146.1035,-94.1888,-10.5565
-129.7820,-92.5465,-10.2381
-148.9930,-96.1285,-12.0123
24.2121,-73.8378,-7.7306
20.3729,-74.3751,-7.7960
-147.5431,-96.5222,-12.2550
65.8887,-68.5392,-6.5228
67.3438,-68.3747,-6.5275
-126.4075,-94.1205,-11.3533
65.6868,-68.7237,-6.3777
-126.2254,-94.4469,-11.7915
19.5364,-75.1210,-8.4961
-137.8677,-98.1969,-10.4666
-77.7652,-90.0147,-10.0988
118.5556,-63.2544,-6.4254
-255.1050,-116.4265,-13.1943
-236.7837,-114.7535,-13.3350
-30.3237,-86.2166,-8.5447
24.3150,-78.3738,-8.4120
-250.1951,-118.0084,-13.6379
22.7065,-78.7697,-8.6283
-25.3394,-87.8646,-9.4816
-31.4793,-89.6865,-9.0248
-116.4975,-102.8638,-11.4223
-122.0899,-105.7486,-12.0667
-122.3503,-105.8978,-12.0167
-114.3573,-105.5729,-10.6556
-246.4781,-126.8951,-15.0664
-122.6468,-107.7827,-10.6021
-111.0841,-105.9630,-10.4477
-112.5903,-106.4120,-11.0616
-113.9520,-106.7791,-10.8581
-123.7786,-108.6749,-11.2407
-160.0534,-114.7630,-12.5283
-159.1275,-114.7122,-12.8228
-123.1536,-109.1889,-10.5045
-252.0666,-130.3605,-14.2989
-155.6392,-114.9598,-13.1338
-250.8736,-131.0885,-14.5820
-255.0080,-131.8585,-15.4257
-242.5537,-130.0299,-13.5743
-251.9398,-131.8085,-14.2860
-243.9928,-130.7286,-14.1412
-241.9211,-130.6925,-13.7798
-242.4875,-130.7936,-13.7554
-245.8019,-131.3951,-14.0435
-244.1492,-131.1857,-13.7764
104.9358,-73.1359,-6.3075
-246.6287,-131.8056,-15.1719
-168.7952,-119.0873,-12.8056
-246.4173,-132.1433,-15.3389
-248.3197,-132.5429,-15.4172
-246.3265,-132.2282,-13.3987
-123.6367,-112.1221,-12.0184
-121.4165,-111.8162,-12.0606
-126.6776,-112.7351,-12.4299
-244.8952,-132.8024,-13.7290
-120.0024,-111.7713,-11.8790
-111.7489,-110.8271,-11.5749
-77.3034,-105.2907,-11.2349
-21.0708,-95.7462,-8.5945
23.5689,-88.1927,-8.0418
-256.6556,-136.7653,-14.2459
-256.2662,-136.9283,-14.9924
-18.4452,-98.6674,-9.2323
-150.1483,-122.3215,-11.1350
-143.8309,-121.5939,-11.8134
105.5716,-77.0721,-6.4153
99.9885,-78.0900,-6.5483
11.5006,-96.4096,-8.2979
-71.2298,-111.9531,-9.8205
-196.3922,-135.9363,-13.7633
-199.3300,-136.8601,-13.8860
-205.9252,-138.3077,-14.2028
-207.0431,-138.6882,-14.1420
-193.3280,-136.1610,-13.6308
285.1256,-45.4762,-2.3223
-213.8334,-140.9069,-13.9678
13.7139,-97.4319,-7.8625
86.8544,-83.7348,-6.5917
-192.1259,-137.7778,-12.2514
-207.7824,-142.4551,-12.7977
-60.1250,-114.0856,-10.5264
-236.8067,-150.4007,-13.5661
175.7568,-68.3382,-5.0154
-206.2167,-144.7925,-13.3693
21.3852,-99.4880,-8.0578
36.2129,-97.2882,-7.7268
-230.1587,-151.5952,-14.0312
19.3989,-101.2414,-8.6397
-231.2732,-152.8234,-13.9788
-230.3133,-152.9103,-14.0565
-184.4447,-143.6543,-12.1830
-228.5875,-152.8339,-14.6547
-233.3241,-153.9855,-14.2550
-228.4028,-153.0380,-13.8484
-12.9353,-108.6422,-8.8564
-12.0998,-108.5642,-8.7858
-12.2724,-108.6824,-8.3707
-185.5536,-144.9786,-13.2206
-179.6284,-143.7547,-13.0451
-180.6847,-143.9932,-13.1228
-235.4264,-155.3724,-14.0266
-109.5395,-129.4058,-10.7818
-10.5319,-108.9013,-9.2715
-110.0331,-129.6621,-10.7660
-12.6832,-109.5362,-8.5946
-46.9278,-116.7808,-10.2947
-232.1823,-155.6491,-12.4744
-169.9567,-143.4848,-11.2429
286.9121,-47.3331,-2.1180
15.8473,-105.3477,-9.0126
-239.7127,-160.3885,-13.1008
-0.6408,-109.4539,-8.7058
17.7574,-105.8414,-7.9380
35.6234,-102.3612,-8.3048
-10.6505,-112.4478,-8.2385
35.8535,-102.4638,-8.3231
16.4242,-106.7000,-8.9145
-239.0948,-162.3149,-12.6453
-98.0336,-131.6450,-9.7758
-12.8450,-113.2766,-9.6982
22.7753,-105.5937,-8.8448
1.6022,-110.2724,-8.7589
-43.1337,-120.4829,-10.0274
2.8605,-110.6130,-8.5051
-3.3145,-112.1032,-8.6185
184.0406,-70.8957,-4.3093
-2.3450,-112.2786,-9.4451
17.3529,-108.2081,-8.8285
69.2590,-96.7925,-7.5567
8.2652,-110.6303,-8.1800
-96.9668,-134.5322,-11.7626
-29.3874,-119.7125,-10.1427
-238.8553,-166.8073,-14.8790
-218.3748,-162.6259,-13.1887
36.4990,-105.3910,-7.2482
-31.0061,-121.1079,-8.9912
-220.0072,-164.5719,-13.2332
-221.4149,-164.9871,-12.6410
-214.9356,-163.5269,-12.5655
-162.0889,-152.3381,-12.4129
23.9904,-110.6979,-7.3396
-192.7244,-162.0533,-14.0052
24.6331,-111.2309,-8.2871
-156.7181,-154.1935,-11.3549
-101.3426,-142.0239,-9.8842
-217.0821,-170.1361,-13.0888
184.2527,-74.9298,-4.5781
16.2593,-115.4667,-8.5269
-160.8256,-158.3946,-11.6681
7.9834,-117.7533,-8.1678
37.7862,-110.9838,-7.4651
-169.6299,-161.6188,-13.6761
-196.8787,-169.7492,-13.4043
-161.9902,-161.4847,-12.5199
-160.5923,-161.6955,-12.1751
-157.3831,-161.3084,-11.5630
-156.8452,-161.2754,-11.7118
-164.6082,-163.2330,-11.7986
-161.4475,-162.4500,-13.5176
-161.4507,-163.3255,-11.6426
-220.7582,-178.9011,-13.1399
25.9432,-116.9661,-8.5990
-222.4706,-180.0265,-12.7897
-216.1043,-178.5676,-12.9222
38.1589,-114.4477,-8.0029
24.6133,-118.0384,-8.9306
24.4523,-118.1531,-7.7241
-217.6584,-179.8617,-13.5433
70.2242,-106.7672,-7.4127
-43.3437,-135.9945,-8.8429
184.7766,-77.7656,-4.8185
-43.2714,-136.0534,-8.9192
10.5471,-122.4056,-9.1651
12.4574,-122.0758,-9.0875
22.7017,-119.5562,-8.1185
16.2657,-121.4093,-8.8077
-216.2182,-181.1826,-14.6130
-160.1043,-166.7786,-11.4083
-42.5039,-136.7390,-9.1415
-40.6189,-136.2545,-9.3180
24.4306,-119.8554,-8.3593
25.7826,-119.9572,-7.7880
30.3752,-119.0952,-8.5745
11.4048,-124.8260,-9.2404
-3.5118,-128.9005,-9.2221
-6.3014,-129.7337,-9.4422
21.6904,-122.3937,-8.0691
20.4179,-122.8992,-8.8128
22.2511,-122.7989,-8.8821
17.6804,-124.1656,-9.1506
10.5096,-126.4197,-9.2876
0.1636,-129.4815,-8.3262
-163.0119,-173.1919,-11.4180
23.4317,-123.4862,-7.7007
-3.0361,-131.0834,-8.6720
-2.0075,-130.8544,-8.4526
19.9832,-126.6149,-8.3369
3.3138,-131.4072,-9.3024
-64.0682,-150.6368,-10.8324
-92.7693,-160.2446,-11.9535
29.4121,-126.1623,-8.2619
-91.7278,-160.2634,-11.8966
-137.9948,-174.3141,-12.1003
-92.9468,-162.1713,-10.3893
28.2226,-128.1303,-7.7216
8.2403,-133.8996,-8.1153
-93.7022,-163.5802,-11.0862
9.1596,-134.2837,-8.4894
24.9809,-130.4852,-8.8307
27.4847,-130.6476,-8.5332
11.5652,-135.6111,-8.0463
113.2784,-106.1228,-6.8033
34.9172,-129.1883,-8.5136
-125.3593,-176.1928,-11.5235
-129.1497,-177.3663,-11.6558
-94.7261,-168.3854,-11.9181
-36.2030,-151.1764,-10.0106
-35.2095,-150.8916,-10.1281
34.9475,-131.9632,-8.5563
-129.2294,-182.2138,-11.6704
28.1835,-134.7088,-8.4874
14.3890,-139.0833,-8.0254
-117.3184,-179.1080,-11.3584
11.7455,-140.2134,-8.6875
-106.3964,-176.3232,-12.1471
-97.1197,-173.5242,-11.9230
14.6819,-139.6410,-8.6206
16.6932,-139.6654,-8.4289
18.5071,-139.3152,-8.5396
-143.5753,-189.2081,-11.7996
-137.4807,-187.3494,-11.6745
-37.3169,-156.6341,-9.7633
7.0903,-143.0123,-9.4385
11.8157,-141.7119,-8.8179
14.6300,-140.9794,-9.0235
36.2852,-134.3641,-8.3944
-114.9271,-181.0529,-11.4875
-114.8476,-181.0860,-11.2530
-122.5224,-183.5068,-11.0862
-113.5109,-180.7509,-11.7733
-107.4980,-178.9226,-10.9943
21.7440,-139.1531,-8.6720
-115.0443,-181.5222,-11.7822
-84.7040,-172.2750,-10.2660
17.6230,-140.6846,-8.7946
15.1438,-141.6320,-9.2341
-112.2295,-181.6373,-12.1974
33.1289,-136.3968,-7.4729
14.3802,-142.2462,-8.3738
34.7932,-136.0195,-7.4172
-115.6965,-183.0843,-12.2863
-139.6796,-190.5897,-11.5909
14.4704,-142.8272,-7.9308
-139.5000,-192.3674,-11.2612
-94.5243,-178.2492,-11.0032
25.3517,-140.4726,-8.3523
17.3137,-143.0658,-8.0790
-118.2999,-186.2334,-12.0637
26.0719,-140.5105,-8.7492
23.7206,-141.4042,-8.7717
14.6633,-144.4573,-9.2415
19.9074,-142.8262,-8.1649
-112.0047,-185.8216,-12.0798
114.2660,-113.5212,-6.2078
27.0338,-141.5309,-7.8418
-92.7006,-180.3215,-10.0102
27.6257,-141.6745,-7.9347
30.9671,-140.6069,-8.5594
22.8814,-143.4544,-8.4213
23.0870,-144.1431,-8.0332
-43.4583,-165.7363,-9.6540
6.6050,-149.6974,-7.9248
32.1472,-141.4154,-8.2554
-39.2833,-164.6919,-9.9482
21.2321,-145.0265,-7.6907
-110.5387,-188.2373,-12.0526
6.7019,-150.3678,-8.4244
48.4818,-136.7476,-7.8048
20.1689,-146.0308,-7.6773
-108.9425,-188.4262,-11.6173
15.7813,-147.7019,-7.8473
-107.9890,-188.2481,-12.4792
19.9218,-146.3517,-8.3729
-111.6682,-189.5088,-11.6025
-91.0459,-182.8375,-9.9923
17.6569,-147.2194,-8.1253
-108.4061,-188.6636,-11.9072
20.9826,-146.3163,-7.5679
22.1321,-145.9881,-8.0492
-117.8048,-192.0453,-12.2802
-112.4476,-190.4645,-12.6188
-137.8603,-199.5178,-11.6259
-95.5734,-185.6829,-10.8219
-112.0605,-191.5559,-11.2324
22.8658,-146.9431,-7.5424
-26.5360,-163.3697,-9.8833
-93.6015,-185.6946,-10.7068
19.1226,-148.4118,-7.7196
33.1353,-144.1722,-7.3351
-95.2628,-187.1034,-11.7105
-107.7127,-191.2786,-11.3215
-133.1413,-200.0552,-12.9093
30.8367,-145.2680,-7.9631
-92.4249,-186.5319,-10.9431
-64.3851,-179.1870,-10.8887
-138.7308,-204.7837,-11.9213
-136.1782,-203.9520,-13.0720
15.6686,-152.3654,-8.5651
-138.7837,-204.9692,-11.2075
24.2340,-149.6181,-8.8874
-139.8233,-205.4750,-11.5212
43.3267,-143.2300,-8.5865
12.1038,-153.9162,-8.8648
-136.3911,-204.6308,-11.8188
19.3484,-151.7172,-8.8671
17.7422,-152.3071,-8.7761
18.8236,-152.1046,-8.9229
28.9841,-148.8904,-8.7400
-36.6960,-172.4463,-10.1575
-83.4623,-190.7607,-10.1155
16.6974,-156.2196,-8.5803
37.5918,-149.1413,-8.1428
42.5560,-147.4043,-8.5896
-102.2309,-199.7687,-12.4319
15.4374,-158.1250,-8.3523
-61.3007,-186.3015,-10.5669
-103.7045,-201.6233,-10.8538
-96.5717,-199.3014,-11.0907
31.4633,-153.4993,-8.4152
37.7770,-151.3065,-7.8476
19.1900,-158.2231,-7.8057
12.4951,-160.7569,-8.9560
24.8016,-156.5278,-8.1925
19.2264,-158.5469,-8.6280
38.5264,-151.6144,-8.0632
20.0393,-158.3135,-8.7342
33.3390,-153.7087,-7.4838
19.4125,-159.4875,-9.3694
76.4206,-139.0571,-6.6567
46.0905,-150.0886,-8.6504
76.7302,-138.9995,-7.0656
-120.8667,-211.2107,-11.8804
-100.1880,-203.7632,-10.7618
138.5807,-116.7209,-6.1504
27.8971,-157.2617,-7.6472
-88.3835,-200.2607,-11.0100
-84.0933,-198.7702,-11.7141
-87.2255,-199.9517,-10.5950
43.6795,-152.2302,-7.7088
107.0844,-128.9552,-7.0236
-83.9577,-199.1519,-11.6655
60.2433,-146.2495,-8.1376
21.2648,-160.6432,-8.5425
-116.8525,-211.6181,-11.1791
-95.7319,-203.8966,-12.2966
-78.4458,-197.7268,-11.0873
-82.6311,-199.2743,-11.1753
17.6782,-162.4738,-8.3156
-90.7689,-202.5643,-11.6964
-98.5476,-205.5069,-11.5522
-94.3903,-204.1051,-11.9378
-101.6088,-207.1011,-11.7099
-83.5869,-200.4358,-10.5159
198.9028,-95.8213,-3.9647
-89.5463,-202.8638,-11.3114
-80.8339,-199.6804,-9.8174
-90.5568,-203.3271,-11.4267
-93.2977,-204.3993,-11.2578
-93.1461,-204.3759,-11.3976
-84.8245,-201.3962,-10.8001
-88.2679,-202.7962,-11.9153
20.7736,-162.3596,-9.2863
-73.6646,-197.5095,-10.6997
-84.9853,-201.8335,-10.3045
-81.7497,-200.8789,-9.9635
-62.0349,-193.7581,-9.5358
-90.4643,-204.4980,-11.8911
31.7921,-159.0046,-8.8500
-45.5881,-188.1442,-10.4623
22.3077,-162.8427,-8.5321
-51.2096,-190.5900,-10.6946
-44.9593,-188.2534,-9.9677
-81.1910,-202.0730,-11.0866
-53.8254,-191.8243,-10.4601
23.1278,-163.0035,-7.6831
-63.0338,-196.4743,-10.1267
-45.8592,-190.1219,-10.5859
23.7944,-163.7915,-8.0455
-53.1868,-193.3175,-11.1823
22.8357,-164.7414,-8.9888
23.5792,-164.8027,-8.5828
-47.3140,-191.9044,-10.7591
35.5660,-160.3600,-7.9866
36.0377,-160.3784,-8.1287
34.3065,-161.7342,-7.6938
-66.3265,-200.7534,-10.3727
37.8789,-160.9600,-8.6360
-55.3697,-197.6132,-9.3996
21.2494,-168.2359,-9.0676
-133.8742,-228.6013,-12.2305
31.9155,-164.7339,-9.0033
25.9143,-167.1527,-7.7155
33.7967,-164.1025,-8.6792
-68.5622,-204.1659,-11.5327
31.6161,-165.0748,-9.1398
34.1393,-164.0945,-9.0584
35.5600,-163.6949,-7.9598
39.1326,-162.6151,-8.8713
-7.7567,-181.0526,-9.4456
26.1809,-167.9423,-8.9432
30.6482,-166.2012,-8.8381
26.5244,-168.1424,-8.5877
160.6791,-115.3674,-5.3243
31.2498,-166.9002,-9.0246
23.5438,-170.2996,-7.7921
22.5540,-170.8145,-8.8127
26.1312,-169.4799,-8.6989
-71.8114,-209.3914,-10.6219
106.1511,-138.5087,-6.0881
-134.1162,-235.0712,-11.9004
-49.5112,-202.2817,-10.7319
-53.6380,-204.2488,-11.0902
-51.5333,-203.6565,-10.8406
-126.9445,-234.2988,-12.2892
19.0674,-175.7301,-8.8919
14.4035,-178.0702,-9.3575
30.3402,-172.0746,-8.3187
-91.9020,-222.1714,-10.3585
30.4173,-172.4256,-8.4302
-121.4843,-235.0402,-11.0450
37.2964,-169.9007,-7.9567
-74.5096,-216.3132,-11.3483
-88.1965,-223.1184,-12.1779
-120.1474,-236.5366,-11.1200
20.2930,-178.6187,-7.9190
30.7426,-174.2930,-7.9314
-87.0607,-224.2829,-10.3870
-85.7789,-223.7755,-10.8739
22.4634,-178.8708,-7.9520
22.6504,-178.9227,-8.7340
22.8438,-178.8795,-9.3406
25.7685,-181.5999,-9.0382
42.1195,-174.7344,-9.0030
38.6022,-176.7318,-8.9069
194.9346,-109.4798,-4.5059
-92.6874,-234.4980,-12.0539
40.5656,-176.6200,-8.4139
43.9715,-175.3473,-8.2192
31.9031,-180.6614,-8.7575
-32.7877,-209.0287,-9.7356
37.9606,-178.2565,-7.6372
29.9354,-182.5379,-7.6931
38.5022,-180.4841,-8.5613
30.4358,-184.6440,-8.5307
33.3640,-184.2124,-8.5946
-95.0522,-241.9197,-10.5656
99.2492,-155.0872,-7.0254
28.8005,-186.9753,-9.1360
36.2974,-183.8241,-8.8868
34.2378,-184.9486,-8.4424
20.3557,-191.6249,-8.6975
18.7392,-192.4307,-8.5307
150.1084,-133.2260,-5.8802
56.2332,-175.6825,-7.9884
55.8651,-176.2414,-7.8681
31.4583,-187.4332,-7.8994
-97.3910,-246.8774,-11.1726
-84.6868,-243.4390,-10.4716
-98.1625,-250.7002,-11.5723
-75.3680,-240.2236,-10.7780
23.0542,-197.3157,-9.3107
-88.3597,-250.2243,-11.4922
-54.8581,-234.8491,-11.2667
25.3962,-197.4782,-8.2070
20.3893,-200.4336,-8.9127
29.9764,-196.0803,-8.8652
-29.8434,-224.8326,-10.3460
25.7601,-198.3476,-9.0676
22.3832,-200.0583,-7.9865
24.9538,-199.1216,-8.0463
25.4370,-198.9261,-8.0320
23.5552,-200.3076,-9.6249
-92.9740,-256.3271,-12.7738
25.1013,-199.7036,-8.9478
-56.8007,-239.4198,-9.6811
-56.8631,-240.5285,-10.4836
68.3987,-180.2974,-7.3245
23.5578,-202.0278,-7.9495
-90.4050,-257.2480,-10.7898
21.4660,-204.7941,-8.8138
25.3231,-203.0338,-8.2398
20.8944,-205.4430,-8.7857
42.0910,-195.2112,-8.3372
95.8710,-169.1096,-7.1573
76.2275,-179.2785,-6.9179
97.8617,-168.8109,-7.1084
97.3722,-169.1890,-7.1264
22.6832,-206.5126,-8.0492
-90.3705,-262.7001,-12.6357
78.0221,-179.4380,-7.8410
-81.7353,-259.0998,-12.3476
23.5504,-206.8212,-9.5713
-92.1395,-264.9079,-12.7358
38.9734,-199.6343,-9.0607
21.6137,-208.5770,-9.6436
23.1458,-208.1863,-9.2049
31.1148,-204.3352,-8.9719
23.1634,-208.4036,-9.1252
33.2386,-203.6310,-9.1766
22.8536,-208.9468,-9.6538
20.7460,-210.4564,-9.5204
23.3494,-209.1899,-9.3169
21.5315,-210.2568,-9.1059
-89.3159,-267.2747,-10.8735
43.5848,-201.5505,-8.5312
99.0812,-173.3999,-7.5407
43.8696,-202.5361,-8.0550
75.7417,-186.4855,-7.6060
75.4533,-187.2719,-8.0611
-76.1017,-266.4427,-10.6823
-75.1685,-266.5363,-12.2105
-72.3063,-265.0574,-12.1316
-76.1871,-268.1611,-11.5416
72.0584,-190.7821,-7.4256
54.4539,-200.7158,-8.2992
55.9150,-200.1438,-8.1320
28.1628,-216.1752,-9.0883
7.4693,-227.4094,-8.9545
30.9381,-215.5462,-9.4743
30.9963,-216.7813,-8.6293
96.3333,-182.5580,-7.0352
-43.6551,-260.3630,-11.5651
-46.3279,-263.6954,-10.3573
-50.9011,-267.4755,-10.8778
34.2838,-223.8620,-8.8968
14.1742,-237.4256,-9.5201
14.3644,-241.9158,-10.2471
-38.2341,-273.8690,-9.9842
98.9906,-194.2252,-6.6463
-34.1689,-273.0760,-9.7467
-0.9202,-254.2436,-9.1482
-31.9690,-272.5304,-10.9156
-32.9199,-273.1009,-10.1586
120.9318,-182.6642,-6.1931
93.1705,-200.1319,-7.5796
93.3707,-200.0183,-7.5618
181.2560,-148.1418,-4.7783
92.1671,-201.0059,-7.1821
122.0341,-183.5080,-6.7518
-41.7497,-281.0686,-11.6976
-41.4863,-281.5629,-11.7008
-31.5388,-275.7097,-10.7830
-40.7399,-282.2165,-11.5060
38.7887,-235.4147,-9.7376
82.5655,-209.4254,-7.2717
182.8363,-149.3391,-5.3070
-40.4515,-285.1388,-11.6731
180.8465,-151.8593,-5.7644
177.9498,-154.0833,-5.3301
180.5302,-152.5081,-5.0902
184.3223,-150.5569,-5.0980
39.4514,-239.5806,-8.5461
162.1255,-164.7033,-5.6248
180.4499,-154.2356,-5.0718
232.5504,-123.8863,-4.0433
66.9099,-228.7511,-7.8824
183.2682,-156.9124,-4.8367
36.4782,-251.5249,-8.2561
36.3177,-252.9607,-8.5402
185.6734,-157.0326,-5.5622
96.9547,-216.3919,-8.2233
-10.5962,-291.0298,-10.9485
97.5118,-219.9237,-6.8630
201.8478,-151.2237,-4.9481
206.5196,-149.0138,-4.8670
59.2171,-252.3751,-8.1936
79.5613,-238.9536,-7.4237
79.4121,-239.0900,-7.7193
78.5561,-240.8212,-8.3135
60.6332,-254.4418,-8.2808
109.2651,-222.0365,-6.7982
28.2297,-280.4820,-9.7886
76.8031,-247.0226,-8.8975
82.8743,-248.8017,-8.3124
76.6984,-254.2163,-7.6051
83.5863,-250.7631,-8.0546
187.8443,-173.6824,-5.2022
188.8002,-173.0849,-5.1258
83.1878,-251.9214,-7.6580
83.2580,-252.3167,-9.0132
189.0998,-174.6995,-5.9300
71.3519,-264.9023,-8.8215
40.5688,-289.1601,-10.3162
99.0317,-246.1804,-7.3782
52.5819,-286.4546,-9.5906
52.4630,-286.6749,-9.6244
194.7518,-175.9242,-5.0460
260.7595,-124.5027,-3.4614
194.7369,-176.4035,-4.9743
94.6333,-257.1817,-8.1486
95.3705,-257.8276,-7.8821
69.6570,-279.0144,-8.2399
69.2945,-279.5874,-8.6955
221.6548,-158.7002,-4.2073
190.9303,-183.3503,-5.5794
134.6463,-230.0148,-7.3854
192.9417,-183.1271,-5.5707
134.0284,-233.9061,-7.5218
138.4987,-236.3107,-6.9727
139.5717,-236.4506,-7.1580
249.7492,-147.0546,-3.6910
249.4144,-148.7714,-3.6902
127.3077,-257.7708,-7.8535
130.6286,-260.3384,-7.8124
246.1933,-155.6164,-3.9896
247.9026,-154.0458,-3.8733
165.6122,-234.5818,-7.0682
222.1225,173.9653,-4.2648
238.2678,152.8191,-4.3419
237.5948,151.4395,-4.5195
239.9387,147.8319,-3.5920
247.6373,137.8732,-4.1671
180.0993,208.7280,-5.9143
150.9307,240.4841,-6.6537
152.7843,237.2007,-5.9413
268.3174,107.0655,-3.3880
176.7828,208.1783,-5.2421
170.7604,212.6994,-6.2220
121.3334,264.7800,-7.2960
120.5493,264.1255,-6.1484
171.8740,198.7746,-5.7336
144.7549,223.5240,-5.9636
266.1495,97.5851,-2.9438
164.3494,201.5711,-5.3620
165.2677,199.8849,-4.9689
199.7877,164.6535,-5.1958
163.3185,201.7219,-4.8914
97.7963,260.5376,-6.6002
102.1102,248.8429,-7.1409
62.2672,284.3463,-8.1430
60.9737,285.1313,-7.9242
62.7300,283.3341,-7.9965
64.0347,282.0733,-7.7218
71.0983,271.5481,-7.7193
155.3192,191.5570,-5.8671
129.5081,214.0247,-5.3984
92.0033,247.0120,-7.5931
92.0983,246.8778,-7.2783
89.8778,248.6716,-7.5730
90.6543,247.6850,-7.0039
92.4960,245.7211,-7.0504
131.7446,200.8574,-6.5196
150.9830,183.6392,-6.0221
28.4966,287.9075,-7.6891
24.9476,290.5269,-9.0051
30.3542,285.5456,-9.2135
27.5397,287.8535,-8.6033
146.4986,179.6946,-5.4474
50.1969,256.7065,-7.6616
197.6339,129.6332,-4.4947
196.8163,130.2988,-4.4718
20.0589,270.0521,-8.2983
14.2436,271.1829,-7.6544
110.4649,190.6375,-6.5911
8.7261,267.6924,-8.6606
137.0567,166.9803,-5.7491
140.4126,163.8189,-4.8959
130.1321,171.6921,-5.0202
133.6812,168.7981,-5.9885
64.5281,221.3873,-7.4989
-21.5886,287.3652,-9.7094
-21.4790,287.0971,-9.2983
-21.3179,286.8975,-9.2890
134.8369,166.8188,-4.9316
60.2224,220.6852,-6.7264
-29.6829,288.4658,-9.0172
60.2851,220.5258,-6.2937
52.4780,225.6330,-6.5383
84.3654,200.5806,-5.9215
5.6337,258.8466,-9.1188
83.2958,199.9184,-5.9448
85.5464,196.9196,-6.9949
181.9223,125.3777,-5.0029
82.8509,198.2157,-5.7834
23.8742,240.2195,-7.3018
47.2993,221.0753,-7.0486
78.7076,193.3915,-6.2222
77.3163,194.2210,-6.3427
141.1280,144.4217,-5.7554
14.3190,231.7441,-7.4468
121.9493,157.0828,-6.0773
13.4860,231.8458,-8.5654
54.0626,202.8970,-7.4304
15.3182,228.8531,-6.9401
13.9858,229.4771,-7.0461
42.9817,207.4296,-7.2502
44.6514,206.1030,-7.9527
154.5341,131.3452,-5.3796
140.9591,139.2717,-5.2172
-55.1806,269.5036,-10.3919
44.7234,202.6538,-7.7508
278.5343,45.8526,-2.2211
12.6252,221.0752,-8.4947
142.4419,135.3302,-4.8964
159.8484,123.8320,-5.0401
-82.3364,277.8769,-8.5826
32.7374,202.4080,-7.0116
38.1599,198.3842,-7.2598
34.9224,198.9907,-6.4703
70.7906,175.4509,-6.3830
33.1958,199.3509,-6.4673
76.6256,171.6606,-5.6554
75.9971,172.0271,-6.5488
134.3650,134.0980,-4.7771
28.5311,199.2261,-7.4783
30.0794,197.5517,-7.0359
28.9251,197.9500,-6.9998
203.7193,87.3349,-3.6620
63.4721,173.8701,-7.0437
62.1974,174.0531,-7.0696
64.1789,172.6153,-6.2297
60.5384,174.7661,-6.2096
-43.9140,238.6721,-9.8160
-49.3623,242.0084,-9.1762
37.4880,188.5835,-7.6630
-46.6747,240.1736,-9.1799
62.1302,173.0013,-6.9956
34.6861,189.7227,-6.4349
33.4518,190.3503,-6.4713
39.7501,186.1513,-6.7817
37.3583,187.6081,-6.6958
56.4145,173.5941,-6.6833
-44.2408,233.1995,-9.6951
-39.6127,230.1342,-8.2998
56.1847,172.4242,-6.4361
-40.1128,230.0540,-8.9896
24.5625,189.6092,-6.5044
262.6548,47.7483,-2.7543
51.9872,172.5663,-6.8212
-26.4607,216.7626,-7.5770
-15.0161,207.8825,-8.3489
-29.2160,215.5621,-8.2409
209.7943,76.1679,-3.7939
-83.7662,244.8164,-10.3995
119.4676,126.3811,-5.4431
10.3647,186.1676,-6.8916
27.4513,173.4050,-6.8146
-57.9925,218.9458,-8.8316
128.4842,115.8999,-4.7629
-94.0179,233.7479,-10.0202
2.4905,181.1622,-7.7549
-0.7811,182.7442,-6.9374
13.2911,174.6052,-7.3858
-4.5342,181.8705,-7.6623
-2.9489,181.0035,-8.2657
31.9925,157.9422,-6.7325
-92.9747,222.6089,-9.8901
212.4533,64.0977,-3.5025
33.3020,155.9685,-6.1639
-94.4712,220.7816,-9.1298
-95.7822,221.3257,-9.0831
-51.2701,198.0153,-7.8376
-96.1255,220.8032,-9.0241
44.8905,148.5872,-7.1258
-11.0954,176.4933,-8.5105
-94.8343,217.9332,-8.7814
-14.6063,177.0398,-8.6133
-14.3518,176.9056,-8.6141
102.5082,117.7267,-5.0771
-118.3380,228.8604,-9.0147
207.2254,64.4689,-3.1518
186.6635,74.3242,-3.9510
208.0831,63.5721,-3.3081
226.3891,54.3858,-3.1322
193.1806,70.8567,-3.4891
202.9692,65.8776,-3.4171
-112.1546,223.1223,-8.6426
201.3532,66.5669,-3.1752
224.0357,55.2114,-2.8174
209.1707,62.6131,-3.8733
46.5066,143.7416,-6.9324
-111.6909,222.3668,-10.6085
-114.6344,223.6074,-10.7825
198.9406,67.4971,-3.2945
145.3594,93.9901,-4.5347
5.2783,163.5048,-7.4059
-18.6010,175.1152,-8.1459
-17.7252,174.6124,-7.1397
147.2033,92.5755,-4.6409
205.4511,63.5768,-3.9684
-17.9247,173.4736,-7.8588
-16.6268,172.7918,-7.8338
45.7165,141.4754,-6.6578
44.7459,141.5778,-6.6627
102.4006,112.9159,-5.3857
-84.8793,204.1096,-9.2913
207.2806,61.1816,-3.7437
133.8331,96.8278,-4.7467
138.6476,94.3869,-5.2932
132.6807,97.2654,-4.4254
4.6290,159.2290,-7.0064
129.7285,98.3025,-5.2921
-0.1339,160.9049,-8.0360
97.5011,113.6039,-4.9117
2.6487,159.2360,-7.4112
130.2564,97.6840,-4.4325
39.6476,139.5865,-6.0150
0.9576,157.2794,-7.7413
-10.7638,162.7329,-7.8799
133.5185,94.2043,-5.5004
188.9353,67.7936,-3.7969
-4.4696,159.0435,-8.0765
-12.2821,162.7345,-7.9373
2.9623,155.4478,-7.5384
-5.5585,159.3569,-7.7130
-24.1890,168.1023,-8.0847
-6.1828,159.5977,-7.4579
-149.2362,227.1121,-9.3540
-6.4473,159.6043,-8.2649
-152.7306,228.6303,-11.4092
-3.1883,158.0310,-7.1657
-58.2009,183.9621,-7.8575
-150.3219,227.4247,-10.3574
-5.5113,159.0055,-7.8639
-7.4366,159.7934,-7.8902
-6.9808,159.4057,-7.8262
-57.2408,182.9696,-7.9564
-9.5127,160.3303,-8.5775
-108.1831,206.7032,-8.6257
-156.2209,227.7689,-9.4696
212.8011,55.2903,-3.4324
-158.7746,228.3292,-10.1205
-147.0197,222.4535,-10.4146
-161.4998,228.6462,-10.2928
-165.1289,230.2945,-10.2207
-161.7161,228.6974,-10.1449
-154.2170,225.0470,-9.1556
129.7592,93.1847,-4.6075
-147.1931,221.4426,-9.2240
174.8953,72.1570,-4.4445
174.9307,71.9673,-4.1478
39.4279,134.6048,-6.5493
71.8590,119.5220,-5.8287
40.6809,133.8285,-6.6381
-36.0304,168.9682,-7.3139
-146.9051,219.9311,-11.1795
-35.4383,168.3060,-8.1101
-3.7703,153.6215,-7.6910
-130.7722,211.7386,-9.0272
-37.4159,168.7260,-8.5985
56.4400,125.6032,-6.2729
-69.4139,183.3077,-9.3717
93.5904,108.4865,-5.7002
173.2740,71.9285,-3.6013
-38.8987,169.1237,-8.5231
-68.8865,182.6200,-7.9296
-147.7372,218.5749,-11.4782
0.9808,149.9471,-8.0921
167.3766,74.0174,-4.0209
22.8202,139.7496,-7.6070
127.2171,91.7386,-5.1007
127.9025,91.1760,-5.1814
2.6588,147.4326,-7.4683
136.4539,86.8464,-4.5906
28.1941,135.4365,-6.7646
-151.9924,214.8852,-11.4366
135.0737,86.1618,-4.3192
135.5193,85.8739,-4.3145
-180.3553,224.9392,-11.5172
-182.5991,225.9306,-11.5589
241.8542,37.9727,-2.4382
-179.6303,223.3736,-11.4871
-46.9216,161.3434,-7.4708
-28.1475,152.5875,-7.4728
-85.0422,172.5484,-8.0099
-74.2110,167.8542,-8.0129
-182.5209,212.4945,-10.4612
173.8043,63.0612,-4.2131
17.3046,128.3721,-6.2184
17.4834,127.6441,-6.8031
16.0455,127.1441,-6.6248
-107.0201,177.9538,-9.0500
-128.3005,185.9441,-9.9716
178.8075,59.2940,-3.6296
-125.3010,183.4458,-10.1581
-92.8903,169.6448,-8.1282
153.4973,68.4713,-4.2685
-105.2362,172.4258,-8.2077
21.0772,121.4772,-6.4556
20.8282,121.1235,-6.4646
-111.0255,174.0796,-9.5123
-106.6347,172.2211,-9.4698
-108.0280,172.6570,-9.4504
-106.5250,172.0174,-8.2285
-109.4378,173.0900,-9.3915
119.4278,80.9884,-5.0112
40.6253,112.4925,-6.9763
-106.7109,171.4047,-8.6590
-110.1955,172.6223,-8.5206
-71.6051,155.9260,-8.5589
-113.2792,171.7866,-8.6738
-109.3355,170.1311,-8.5059
41.0176,110.3425,-6.5947
-179.4298,192.3202,-11.6611
-108.2351,163.3676,-9.3007
-26.3436,130.5143,-7.6491
-201.3635,195.6335,-10.6137
-187.2065,188.1991,-9.4720
-107.7036,158.4330,-9.8486
-78.3715,147.1688,-8.8348
12.8889,112.8037,-6.4121
-26.6357,127.4749,-7.6592
-27.1105,127.2429,-7.9165
-186.1111,185.9461,-10.6292
66.2285,92.3954,-5.6208
-27.3124,125.3667,-7.7436
-200.9063,186.8950,-11.9264
-210.5224,190.3142,-11.4082
42.4851,98.6503,-6.7965
-108.9955,153.0887,-9.0710
225.0256,32.3869,-2.7339
-203.9151,187.0402,-12.2925
220.9318,33.6383,-2.8406
-208.4196,188.0472,-12.1037
-94.8170,147.1207,-9.0775
12.7787,108.2803,-6.6479
-179.6788,177.3669,-10.1013
-213.6189,189.3854,-12.0164
-206.9992,186.9595,-11.6681
-210.7058,188.2783,-11.6641
-178.0993,176.5215,-9.6952
-39.9063,126.8607,-8.5614
-214.1552,189.0679,-11.7825
-210.5786,187.7317,-10.4719
-209.7664,187.3999,-12.4314
-203.1032,185.0151,-9.7086
-201.3169,184.2817,-11.0708
-199.8963,183.5357,-11.2552
65.0455,88.7509,-6.1161
-202.0679,183.8787,-9.5795
-106.7846,149.8979,-8.9827
-210.8724,186.9635,-11.4399
-185.9569,176.9670,-10.8304
-199.2141,181.4174,-10.2985
-199.0775,181.1665,-10.8915
-96.3770,144.6151,-9.0917
43.4777,94.7776,-6.5423
-199.3852,179.4289,-10.5546
228.6433,29.2448,-3.1321
-106.4007,146.3266,-8.6470
-184.2538,172.7853,-11.2274
-184.2142,172.7695,-11.8295
227.7619,29.3142,-3.2004
-218.1234,184.4391,-12.0534
-183.7053,171.9415,-10.7728
-175.5870,168.9320,-9.2706
-224.8412,185.9046,-12.6927
-173.6537,168.1303,-9.6357
225.4504,29.8526,-2.7882
-220.0598,183.9942,-10.6385
221.2693,31.2013,-2.8216
-19.2951,113.4654,-8.2969
11.8093,102.2950,-7.4045
-217.8607,179.7793,-11.6273
-123.1341,147.2879,-8.7634
9.2910,101.3564,-6.8421
-125.6750,145.8399,-10.4195
14.3419,98.6768,-6.0316
-175.4300,162.1039,-10.6658
232.7101,25.4756,-3.1076
-127.7847,145.0267,-10.4362
-90.7148,132.4786,-8.6142
-224.5148,176.4671,-12.2946
-174.4127,158.6646,-10.7424
-202.1314,167.2779,-10.5730
-201.9094,165.9366,-10.2474
-23.7643,107.2197,-8.1750
-181.2618,158.0019,-11.6824
-97.8112,130.9075,-9.4987
-183.6261,158.5883,-11.4702
12.8789,93.9354,-7.4338
148.0875,50.2138,-4.6065
227.2265,24.9168,-2.6600
-181.6624,153.7076,-10.9449
-84.2990,122.0988,-8.3363
-236.9760,170.0939,-10.8164
-73.4991,118.6723,-8.4436
116.6195,58.3565,-4.5641
-126.8471,134.2985,-10.2573
-43.6669,108.1358,-8.7103
-126.9160,133.9913,-9.1209
-124.8853,133.2718,-8.9881
226.8863,23.7152,-2.6444
-126.2411,133.4761,-9.1088
131.1749,53.2018,-4.4659
30.4016,84.3505,-6.1452
-125.9670,132.1609,-10.3815
229.6217,22.3493,-2.8831
18.2925,87.3234,-6.3413
225.5715,23.5541,-3.2075
-181.6537,148.7024,-9.8558
-191.0190,151.3736,-9.2413
28.7730,83.7953,-6.0176
-189.8161,150.3228,-9.6801
-189.7223,149.8214,-10.1605
-179.3612,146.6563,-10.8909
-180.7627,146.8702,-9.8707
178.4070,37.4203,-3.6369
19.6360,85.1542,-6.1456
17.5041,85.6086,-6.2421
-179.2345,144.2580,-10.5818
-91.4183,117.0456,-8.4689
-177.6399,142.4602,-10.0761
-180.6955,143.2947,-9.9290
-178.6849,142.6627,-9.8717
63.4357,70.0613,-5.4818
-32.7168,98.5054,-7.2934
-194.0973,146.4042,-10.2879
-195.4438,146.4612,-11.8671
-80.1921,111.9315,-9.0385
67.0994,67.8923,-5.8051
60.1883,69.5873,-5.2015
60.6253,69.2626,-5.7959
52.0096,71.4480,-6.6830
65.7997,67.4123,-6.4011
-11.2293,89.7981,-7.8017
63.3220,67.9153,-6.4033
165.6095,38.1468,-3.7348
62.4044,67.9871,-5.5652
67.1646,66.0974,-5.2184
66.0286,65.9302,-5.5652
67.5269,65.4187,-5.1895
58.5481,67.5185,-5.2998
149.3889,41.3442,-4.2696
64.1800,65.5092,-6.2336
67.5022,64.3626,-5.0914
65.6224,64.5096,-6.2826
60.0879,65.9331,-5.4212
-185.7662,134.8473,-11.1932
57.8644,66.3124,-5.8514
-89.1218,107.2351,-9.6820
-13.6631,86.0494,-6.3919
-97.3775,108.5871,-8.9682
-214.7852,140.0142,-11.6424
-41.5686,92.1222,-7.9850
-38.1320,90.5029,-8.5962
-39.7423,90.9035,-7.6241
-10.8769,82.8637,-7.6597
-20.5679,84.4098,-7.0998
-224.6060,138.5324,-9.7425
108.1057,48.3121,-4.8762
-68.9461,95.3537,-8.1639
-230.2708,135.9866,-9.8223
-226.2929,134.8911,-9.7372
-224.9445,134.3677,-10.1892
-227.9971,134.7714,-10.6430
61.1424,59.1008,-6.4593
-181.5911,122.1989,-9.0470
-184.7447,122.9484,-9.1222
62.7098,58.4241,-6.4228
-38.3453,84.5488,-7.0305
-38.6117,84.5598,-7.1753
63.3653,58.0035,-5.7983
-37.6829,83.5397,-7.4515
12.7733,70.4303,-6.8855
64.3521,57.0050,-6.4726
11.2972,70.6464,-7.4725
-251.3594,137.7478,-11.2625
12.4973,69.9174,-6.6294
15.0063,69.2688,-6.4957
12.0219,69.9688,-6.7284
-57.5863,87.6048,-8.5443
63.9081,56.4533,-5.7426
244.5188,10.1038,-2.4691
-253.9702,136.3615,-12.4057
62.6586,55.9927,-5.5697
61.5865,56.2155,-5.5990
3.4939,70.0858,-6.5397
-237.7333,128.9341,-12.6051
-67.9550,85.9462,-7.3469
-239.7043,127.9660,-11.7481
121.9912,38.7784,-5.2657
-21.0608,73.7042,-7.4617
64.0656,52.8579,-5.2877
-114.5380,95.8091,-8.4448
-238.3669,125.6766,-10.0906
-113.8044,95.4389,-8.6206
-183.4598,112.0708,-9.7925
-17.4514,71.7801,-6.8894
78.6642,48.1094,-5.7511
-115.6068,94.8058,-8.7800
-69.4512,83.5470,-7.8935
-16.0000,70.5047,-7.1449
-246.2552,125.3303,-12.2600
-154.6534,103.2888,-9.3401
-15.2231,69.8448,-7.3381
-116.0513,93.4897,-8.7014
1.3328,65.4467,-6.6997
-120.4111,93.9592,-9.7322
-123.5111,94.6800,-8.8981
222.7456,12.7279,-2.7228
-10.8833,67.6480,-7.8277
0.4134,64.8803,-7.2174
-68.3913,80.4928,-8.5915
-190.8614,108.9532,-11.1647
-117.3281,91.1607,-8.9580
-66.7733,78.9518,-8.1498
219.7937,12.2621,-2.9509
-102.2725,86.0611,-9.2400
-65.7970,76.9468,-9.0985
-243.4645,117.1614,-11.7917
-116.6765,88.0669,-8.7717
-243.0632,116.5299,-11.7926
-128.2434,90.4281,-8.6519
-117.6007,87.9446,-8.2752
263.5958,1.6768,-2.0490
-121.3779,88.3008,-8.4700
101.3457,37.7421,-4.4969
-142.1975,92.1756,-10.4108
-111.5283,85.1346,-9.2723
-70.4080,75.6271,-7.7018
-119.0658,86.3222,-9.0943
72.2164,43.7748,-6.2532
-115.3576,85.3525,-8.7272
-116.1015,85.3429,-8.7258
-105.0851,82.8707,-8.8470
-108.3412,83.4708,-9.0437
-117.8763,85.3266,-8.7340
-105.5487,82.5144,-9.7290
-116.3184,84.8368,-8.3571
-15.9228,61.7688,-7.4846
-108.4134,81.8681,-8.9925
-101.0688,80.2253,-9.5891
-166.4188,94.2396,-10.1919
-17.9673,61.8014,-6.4596
-107.0351,79.0494,-8.7870
-255.3487,108.8454,-12.7781
80.3949,38.3068,-4.9184
43.9581,45.9534,-6.8521
106.3253,32.7915,-5.5590
-256.6612,107.4605,-11.9728
-174.9557,90.2050,-10.1583
-173.6056,89.9123,-10.0805
42.7263,45.1133,-6.0194
85.7817,36.1273,-5.6054
-173.8571,88.9943,-9.8377
56.8256,41.1094,-5.2226
-257.8394,104.8604,-11.8220
33.5406,45.6302,-6.3640
-106.5732,72.5318,-7.7166
-259.9699,103.0910,-11.6384
-160.7585,83.0746,-9.8761
-103.9329,71.0360,-8.0861
-138.6849,77.9105,-9.7430
-262.2116,102.2556,-12.4910
-88.9374,67.9500,-8.7263
-66.3273,63.1608,-8.7522
-88.0266,67.3174,-7.7854
53.5250,38.2734,-5.3663
56.3743,37.6668,-5.5141
48.9071,38.9796,-5.4262
58.3312,37.1254,-5.5844
-177.7712,82.5422,-9.0323
55.4689,37.6085,-5.5283
-176.7117,82.2277,-8.9884
48.0525,39.0199,-5.4894
56.6197,37.2639,-6.0368
50.2655,38.4480,-5.4535
60.8934,36.3455,-6.1919
-177.5488,81.7152,-9.4521
48.0170,38.5161,-6.2547
49.4519,38.1718,-5.6710
-221.5592,89.7512,-9.6716
58.0051,36.4115,-5.8485
-221.6419,89.4349,-9.4859
53.8262,37.1214,-6.0145
-273.7585,98.3540,-12.6166
-118.3027,68.1856,-9.7441
-267.5478,95.7133,-12.5497
-267.7240,95.4182,-12.6179
58.6959,34.2601,-6.4944
95.5755,27.0212,-5.6723
-210.4209,82.5179,-11.3232
180.4444,11.2140,-3.5874
-94.3054,60.7469,-7.7322
58.7084,33.0784,-6.2153
-94.5365,60.6421,-9.2880
-97.4325,61.1594,-9.5180
-96.1208,60.8566,-8.6629
-92.9309,60.2499,-8.2372
-223.9090,83.5483,-10.0238
43.0452,35.5262,-5.7951
-91.9714,59.7030,-8.9406
-101.9859,61.4941,-9.2380
-269.0904,91.3697,-13.0090
-222.3660,82.9278,-10.6894
-95.7589,60.2603,-9.2022
84.5576,27.9475,-5.6899
-215.4467,81.2567,-11.0426
-100.0154,60.4249,-7.9786
59.0990,32.0916,-6.0234
-213.4014,80.3814,-10.2710
-213.3951,80.0257,-10.0079
40.0288,35.1841,-6.4563
39.2887,34.8994,-6.5565
-90.1983,57.4499,-8.7340
-207.5507,77.4792,-9.2471
40.0221,33.4805,-6.6995
53.8685,30.8219,-5.3426
56.6423,30.3138,-5.2856
212.5798,3.5756,-2.8107
-131.1000,61.7189,-8.4205
-198.4914,72.9128,-10.6088
41.7314,32.2713,-6.7605
-171.2111,68.2462,-9.5798
54.5882,30.0412,-5.2360
59.8359,28.5446,-5.8569
-60.7154,48.4415,-7.0700
56.0218,27.1128,-5.8427
-124.7510,54.9718,-8.4884
-89.3732,49.3308,-9.1176
-124.8315,54.3967,-8.8787
-120.5026,53.5901,-9.1443
276.5277,-8.9157,-1.9359
211.9423,0.7443,-3.2070
-44.2767,39.6289,-7.7127
-42.5059,39.2231,-7.2867
-44.1373,39.4396,-8.2166
-56.6949,41.1757,-8.3653
-177.2291,59.0606,-10.3547
207.8177,0.7765,-2.9179
-70.4917,41.8222,-9.0062
-73.3096,42.0804,-7.2677
-92.2917,44.8227,-9.1799
40.3841,25.1242,-6.4492
-227.8080,64.6623,-11.7802
-229.0011,63.4675,-11.3724
-259.3992,67.5758,-12.4282
39.3499,24.0771,-5.9916
-260.7907,65.3326,-11.9893
276.2492,-10.5788,-1.9105
-229.4559,59.8169,-12.0047
0.4702,27.6908,-7.5372
112.8098,11.7202,-4.3614
-61.8648,34.2627,-7.2237
39.5456,20.6036,-6.3385
-277.4793,62.8869,-10.9269
-168.6578,48.2786,-10.5820
103.1814,11.7400,-4.4201
-145.0581,44.7375,-9.7184
-179.7700,49.1649,-8.7844
-276.2684,61.9321,-12.0777
-170.7035,47.8016,-9.4427
-147.5887,44.4535,-9.9712
-174.1238,47.9382,-10.0411
-144.5572,43.8496,-8.7522
-142.5091,43.5507,-9.5287
-140.9672,43.3242,-9.3174
-178.1664,48.1597,-10.3647
-175.3360,47.7508,-10.3905
166.7856,2.7732,-3.4585
-177.2303,47.7734,-10.4473
39.0110,19.3797,-5.9366
-171.2235,46.8268,-10.4962
-182.6581,48.1497,-10.1278
49.1608,17.9223,-5.8237
-271.4581,59.6610,-13.0249
-144.2959,42.8284,-10.4679
176.0471,1.2553,-3.8356
175.0432,1.3350,-4.0952
39.1576,18.9202,-6.7048
-148.0513,42.7469,-9.0522
175.6592,0.9143,-4.1197
-165.4808,44.3836,-10.7947
-170.1763,44.5253,-9.2781
-92.2739,34.5332,-8.1084
102.6066,9.7025,-4.8768
-90.7570,33.7448,-7.6838
-91.2489,33.7980,-7.6988
273.3898,-12.2360,-1.8833
-40.2340,25.8928,-7.4178
-213.3669,45.9281,-10.1299
-237.0647,46.9651,-9.8664
-238.4456,47.1012,-10.0216
-235.0122,45.9320,-11.7236
-237.1853,46.0353,-10.8066
-284.6367,51.1064,-10.7664
-236.2727,41.7165,-9.8452
-234.3121,41.2624,-10.0655
-239.2154,41.7723,-10.7451
-278.3064,45.9128,-11.4000
-229.2339,40.5137,-10.9797
-236.6989,41.2092,-11.1821
40.8896,11.2422,-6.0718
-234.8839,40.8747,-11.1872
-244.5083,41.8596,-11.5961
-97.8492,25.6027,-8.0152
-99.6536,25.2805,-7.7861
-97.4888,24.8080,-7.7803
-98.2404,24.8531,-8.3759
52.3849,8.8505,-6.2785
-100.7465,24.7033,-8.3085
182.5452,-4.8936,-3.1918
36.6267,10.1385,-5.9246
39.9676,9.7178,-6.0373
-163.5538,30.6437,-9.4683
-100.9198,23.8805,-8.8213
-284.6173,41.4205,-12.4067
37.9921,8.5237,-6.3096
165.3696,-4.1936,-3.7470
-102.0954,21.2272,-8.5153
-226.0673,32.6161,-9.5697
-225.0482,32.4987,-9.6056
36.3021,7.4360,-6.4644
-163.8465,25.6355,-10.1308
-102.2214,19.7404,-7.5209
-275.6890,35.6059,-11.7193
27.7266,6.8520,-6.9812
182.5905,-7.5035,-3.4330
-286.4762,34.9963,-13.1602
-239.2996,30.4905,-11.1344
39.6817,5.1613,-5.9676
109.4629,-1.1373,-4.4770
28.6136,5.9793,-6.9169
38.9800,4.9544,-6.0445
31.0779,5.6264,-6.7816
34.1874,5.1714,-6.3655
41.8063,4.4080,-6.5259
35.9570,4.9020,-6.8211
262.1060,-15.2385,-1.9727
-273.7063,31.0901,-10.5639
30.8377,4.6044,-6.7610
34.8452,4.1293,-6.4827
-142.3952,18.5438,-8.2805
-100.9745,12.1307,-8.1113
-227.0478,21.5459,-11.1634
-194.3938,18.9033,-11.1158
-228.8420,21.0986,-10.1664
-226.5944,20.8310,-10.1278
-115.7546,12.1740,-9.1520
-103.0231,11.0833,-8.5332
165.3557,-9.3559,-3.7121
27.9155,-0.6401,-6.5294
-62.1116,5.2663,-7.0175
-60.0815,4.7966,-6.9109
-107.4252,7.8571,-8.0382
-107.8644,7.6686,-8.1182
31.1486,-2.0463,-6.1488
17.2528,-1.1159,-6.8975
-101.4803,6.8693,-9.6042
77.3222,-5.3246,-5.7824
25.4746,-1.9101,-6.0306
-97.9382,6.2336,-7.9501
-195.9072,11.2663,-11.0723
-60.3031,2.4868,-8.1501
-96.8789,4.3961,-8.0991
-154.2469,7.7282,-10.1871
-162.2378,8.1712,-10.2628
21.7062,-3.3503,-6.6136
-153.2862,7.0881,-9.1829
-167.2524,7.7075,-10.5946
-164.7299,7.5276,-9.5004
-160.3459,7.1919,-9.5207
-135.9728,5.6251,-8.6664
-151.1394,6.5304,-10.2931
-161.5987,7.1559,-10.7702
-161.8778,7.0807,-10.3362
-155.8683,6.6774,-10.0382
-154.6590,6.5944,-10.3717
-159.1547,6.7746,-10.4091
-163.3887,6.9085,-9.2758
-147.2826,5.9317,-9.6449
-162.9852,6.8462,-10.5162
-166.3670,7.0423,-9.2994
-164.8312,6.8568,-9.1542
-162.1190,6.6168,-10.1169
-170.5074,6.8238,-9.9541
-161.3884,6.2260,-9.3697
25.9182,-4.8481,-6.9757
25.9464,-4.8859,-6.7877
-158.8286,5.9657,-9.7134
-157.7387,5.7311,-9.6342
22.9135,-5.0234,-6.9143
-171.5318,6.1543,-10.0507
-161.6398,5.5749,-10.3231
-172.6692,6.1929,-9.1509
-79.2799,0.7177,-8.4857
-268.6722,11.5879,-12.4396
-157.2254,5.1055,-9.2972
-167.5139,5.5921,-9.1867
175.5580,-14.0885,-4.0450
-155.0508,4.5156,-8.8127
-160.4160,4.7777,-9.4449
-144.6556,3.8685,-9.4448
-156.9069,4.5283,-9.7883
-166.3526,5.0311,-9.4685
-166.4129,4.9430,-8.8495
-152.4225,3.9094,-8.9496
-172.2195,4.9660,-9.0739
-167.7697,4.3262,-8.9271
-166.2842,4.2242,-9.5080
-265.1983,9.5796,-12.0177
-172.4169,3.9704,-8.9756
35.1146,-7.5094,-6.5974
33.4002,-7.4513,-6.6593
-48.9816,-3.2457,-8.4595
-44.5030,-3.5016,-7.0652
-183.9570,2.8161,-10.6446
21.2504,-7.7107,-6.3951
-98.1030,-2.4369,-9.2077
-250.8702,4.1936,-12.0387
-260.3466,2.8353,-10.9429
-259.0707,2.2822,-11.9700
-257.8071,1.5448,-11.2409
-108.3490,-4.8900,-8.2821
-221.8317,-0.2631,-10.9003
-99.1262,-5.5758,-8.0987
-102.4286,-5.7276,-8.5417
20.8575,-10.9275,-7.1279
-206.7218,-1.7901,-10.0952
158.5303,-16.7694,-3.5554
12.7498,-11.2879,-5.9931
-243.8367,-1.5873,-11.9503
-254.9460,-1.2216,-12.0330
-266.1497,-0.7914,-10.8916
-246.0208,-1.5747,-11.8633
-254.4435,-1.4560,-12.2042
-97.1618,-7.5443,-8.8969
-108.4323,-7.1727,-8.4878
-97.1556,-7.6059,-7.7450
-104.7724,-7.4026,-8.1599
-96.0710,-7.7900,-8.1211
-94.9934,-7.8436,-9.4145
-267.6164,-1.3479,-10.3806
-101.5005,-7.6658,-8.2813
-258.8268,-1.7804,-11.1284
-263.1353,-1.6468,-10.7200
-253.1392,-2.9268,-10.3166
18.7336,-12.9379,-6.0336
-211.8615,-5.3112,-10.3999
-248.1856,-4.2808,-11.4264
-258.1186,-5.5178,-10.0849
-263.9302,-6.1961,-10.7939
-204.5048,-8.2380,-9.4953
-263.1097,-6.7324,-10.4701
-246.0395,-7.2986,-12.4174
-205.2209,-8.5442,-10.6405
-258.5160,-7.4009,-10.8589
-240.8477,-8.2068,-11.0422
-241.8971,-8.2477,-11.1551
-241.4170,-8.4620,-11.5930
-242.5445,-8.4606,-11.6075
-247.0811,-8.3549,-12.2399
-269.3442,-8.3265,-11.4663
-237.5670,-9.2000,-10.9114
-235.0120,-9.3527,-9.9648
-237.4462,-9.3966,-11.0094
-182.4957,-11.5986,-8.7312
-246.8149,-10.2377,-12.4429
-237.6553,-10.7849,-11.4911
-246.2933,-10.6264,-12.3372
-113.6711,-14.0562,-9.6246
-236.4004,-11.1767,-10.2654
-250.5305,-10.8538,-12.3999
-249.5365,-11.2014,-11.5388
-230.6496,-11.7381,-9.5883
-246.1973,-11.4398,-11.3280
-265.9790,-11.0195,-12.3344
-207.4915,-12.3803,-9.6978
-208.3027,-12.4542,-9.8491
18.3078,-17.9197,-7.1472
-272.0915,-11.8307,-12.8435
-273.9887,-12.3526,-12.1746
-269.4757,-12.8274,-12.7367
-178.9148,-14.9125,-8.7374
-179.5466,-15.1319,-9.1244
42.2252,-19.6170,-5.3209
-113.8891,-16.6823,-8.0874
38.6492,-19.5678,-5.3923
-272.9531,-13.9835,-10.6365
-277.9657,-13.9810,-11.3643
-230.4420,-14.9908,-11.7215
-229.7591,-15.1409,-11.1024
226.5829,-23.3002,-2.8015
-177.0692,-16.3225,-9.1737
-171.8430,-16.6423,-9.2621
-198.1977,-16.3298,-11.1539
-175.3934,-16.8322,-9.6706
-278.5836,-15.2061,-10.2142
-122.3025,-17.7866,-8.9598
-121.6613,-17.8694,-8.6583
-118.0838,-17.9581,-7.8147
-206.2308,-16.6271,-10.5794
-217.8600,-16.6118,-11.5382
-204.5196,-16.8692,-10.6973
-198.8786,-17.0003,-10.4918
-192.0954,-17.3480,-10.1282
-4.1989,-20.2648,-7.3440
-106.8298,-18.8726,-8.6065
-209.2812,-17.4340,-10.2743
-198.7757,-17.8465,-9.4378
-210.5653,-17.8688,-9.2690
-171.7338,-18.5621,-9.7571
-203.3687,-18.1723,-10.1425
-178.9494,-19.0061,-10.7438
-178.6413,-19.3547,-10.7581
-174.3289,-19.4465,-10.7301
-178.7188,-19.6196,-10.4361
-217.0938,-19.3891,-11.3458
-181.9762,-19.9709,-10.3175
-179.5837,-20.0770,-9.7738
-235.0079,-19.9146,-9.5046
-236.3667,-19.9288,-9.7019
-177.4942,-20.5288,-10.4172
-223.6003,-20.1428,-9.6950
-217.9310,-20.2877,-11.8192
-173.0777,-20.7200,-10.0499
-221.5734,-21.0040,-11.0660
-180.8098,-21.4402,-10.6311
-179.8273,-21.5268,-10.6040
-175.5394,-21.6181,-10.2501
-177.4942,-21.7245,-10.3155
-179.8920,-21.7512,-9.6794
-171.6223,-21.8660,-10.0805
-180.2731,-21.8398,-10.1733
-226.5795,-21.5857,-10.2431
-225.5032,-21.7118,-11.4764
-176.4561,-22.1361,-9.6333
-206.6456,-22.0859,-10.5543
-222.6187,-22.0199,-11.6121
-231.2682,-22.1059,-11.3187
-223.7174,-22.2842,-11.1895
-174.0108,-22.6568,-10.7719
-184.1435,-22.6566,-10.1140
-215.6384,-22.5728,-11.2626
-200.8415,-22.6632,-10.8428
-233.7523,-22.5125,-10.4627
-229.7691,-22.5640,-11.4848
-254.5024,-22.7375,-11.8110
-232.8926,-23.1393,-11.4773
-213.3056,-23.8734,-11.4339
-212.2696,-23.9543,-10.7170
117.0089,-25.2570,-5.2240
-172.7084,-24.4247,-10.2496
-173.3209,-24.5941,-10.0745
-227.9674,-24.4567,-11.5741
-214.2788,-24.5237,-11.8025
-221.7675,-24.7305,-9.8385
-221.5589,-24.7922,-11.0664
49.6285,-25.4308,-5.8659
-175.2504,-25.0316,-10.3123
48.8816,-25.5278,-5.6549
-233.8496,-25.2244,-11.9251
-218.0081,-25.5189,-10.5578
178.5282,-26.1168,-3.7408
-223.7181,-26.2409,-9.6957
-245.5477,-26.2494,-10.5962
50.6734,-26.2121,-6.5044
-131.0052,-26.3215,-8.2975
-44.1153,-26.3774,-6.6926
178.5165,-26.2674,-4.0094
53.4634,-26.3796,-6.5043
-195.4488,-27.1296,-10.5515
-199.1673,-27.2706,-10.8123
-164.9314,-27.8043,-10.4305
-165.4892,-27.8823,-10.6749
-164.4840,-27.9485,-10.6768
-168.8506,-28.0996,-10.8692
-198.2067,-28.2504,-10.1291
-109.0321,-28.0108,-7.9674
-115.9360,-28.0537,-8.0894
-148.2135,-28.4141,-10.2217
-144.8103,-28.4000,-10.2296
-167.5790,-28.6474,-9.5469
-158.3325,-28.7585,-10.6335
-262.8199,-29.2661,-11.4335
-160.3678,-29.2257,-10.5571
-161.9445,-29.4128,-10.3984
-154.2832,-29.4258,-10.6201
-152.3659,-29.8322,-10.3460
-152.3835,-30.2099,-9.7773
-154.6406,-30.6612,-10.2050
-167.9268,-30.9174,-8.5444
-166.1859,-31.3301,-9.3680
-149.3231,-31.2698,-9.6588
-148.3981,-31.3694,-9.1490
-146.3989,-31.4259,-9.7629
-32.5854,-30.4861,-7.3571
-36.5284,-30.9372,-7.8862
-67.9975,-31.7501,-7.4655
-38.0157,-31.6584,-6.7467
63.0674,-30.9887,-5.0921
-246.2622,-35.7242,-12.3354
-148.4846,-34.3681,-9.3081
-43.2291,-33.6066,-7.8481
-43.8403,-33.7925,-7.6563
-222.5118,-37.1398,-11.6528
-224.4816,-37.6955,-10.3503
-43.1801,-34.3686,-6.7403
-45.6344,-34.5535,-6.7129
18.7183,-33.7358,-5.9593
9.6731,-34.0147,-6.3167
13.0600,-33.9577,-6.2815
14.6294,-34.0385,-6.4201
8.3681,-34.4418,-6.5708
-147.4569,-38.1345,-9.0605
-53.5660,-36.6810,-8.3222
-225.1352,-41.0639,-10.9220
-224.8272,-41.7703,-10.7362
6.7183,-35.8723,-6.0476
-273.7830,-44.7024,-11.2186
30.0374,-36.2345,-5.9718
12.7020,-37.0044,-7.3429
-224.0351,-43.9606,-10.6234
-221.3977,-43.9375,-10.5243
13.8264,-37.7302,-5.7458
14.2187,-38.6704,-5.9064
-127.4958,-43.7067,-9.2146
-217.4176,-46.9154,-10.3562
-128.9131,-43.9414,-9.0292
-188.4637,-46.2312,-9.9930
-58.5295,-42.0570,-7.6176
-179.7158,-46.9831,-9.7979
-135.7119,-45.7191,-9.4503
-142.0585,-46.0090,-8.8476
-134.3193,-45.9520,-8.5775
160.2738,-34.8081,-4.1114
-121.0594,-45.7648,-8.3188
-124.6634,-46.0874,-8.6001
-142.6738,-46.9594,-8.7977
-137.1539,-46.8823,-8.8061
-143.6916,-47.1602,-8.4038
14.4706,-40.9503,-6.3142
-126.1421,-46.6013,-8.5292
-145.9856,-47.4600,-9.3904
-132.1433,-46.9337,-9.1891
-223.2946,-50.8180,-9.7032
-138.6119,-47.4628,-8.7884
-228.3321,-51.4052,-10.4814
-223.4028,-51.2142,-10.2823
118.8910,-37.3321,-4.2741
-73.9756,-45.4679,-8.8642
-78.2925,-45.8482,-8.0490
28.4957,-41.6177,-5.7511
120.6267,-37.6347,-4.8398
14.7193,-42.3203,-6.5468
26.9882,-41.8124,-5.6419
-182.1401,-52.6365,-8.7513
-74.8894,-47.6552,-8.6118
-181.4555,-53.0836,-9.4009
-213.9317,-55.0397,-11.0564
-181.0634,-54.1802,-9.4960
16.0763,-44.4734,-6.9104
-214.3045,-56.1690,-10.1001
14.9799,-44.9895,-6.7933
34.2362,-44.1361,-6.7353
63.7029,-42.6966,-5.7001
-212.1497,-57.0827,-11.5506
-214.6308,-57.3620,-9.7351
-214.3294,-57.5351,-9.4496
-211.3584,-57.4161,-9.5161
-141.5401,-54.0669,-8.4718
-141.3725,-54.0698,-9.9037
-142.4238,-54.2142,-9.9746
-141.7968,-54.7340,-9.4775
-207.0659,-58.9204,-9.2902
-69.0407,-51.4600,-7.2392
-206.4659,-59.6398,-9.8290
47.2826,-45.4160,-5.5748
15.7442,-47.7074,-6.1367
-108.7127,-55.1805,-9.1032
-72.7203,-53.1836,-7.7513
-70.8549,-53.2647,-7.7688
-175.6837,-60.2806,-9.3658
17.0521,-48.8702,-5.7846
10.2103,-49.3410,-6.1864
15.7544,-49.1538,-6.4194
-74.5863,-54.8917,-7.7112
9.4528,-49.6694,-7.2081
-179.3470,-61.5985,-8.8780
-178.3097,-61.6977,-9.7722
15.6324,-49.5199,-6.1559
-181.1431,-62.0937,-10.2309
8.5367,-50.1781,-6.8016
-152.9367,-60.4540,-9.6213
-151.0988,-60.5995,-9.3257
10.6512,-50.3227,-6.8621
-95.6827,-57.2471,-7.7613
-154.1633,-61.5225,-9.4648
-93.8389,-57.6597,-7.7253
9.2111,-50.9292,-6.8528
-94.5777,-57.8008,-7.7107
-173.2479,-63.4797,-10.0439
47.8746,-48.7419,-5.2702
-157.2298,-63.4006,-8.8041
-154.3817,-63.3560,-9.5002
-42.8865,-55.7347,-7.3069
-132.8717,-62.2663,-8.6481
-176.5552,-65.3060,-9.3930
-156.7735,-64.0366,-10.1505
-174.1299,-66.4238,-9.0556
210.7502,-38.9052,-2.9489
65.6229,-49.7485,-5.1793
64.8372,-49.8554,-5.8457
-91.3534,-61.8868,-9.1990
-172.4176,-68.1180,-8.8266
-170.4886,-67.9827,-8.7475
-162.7148,-67.6297,-8.4962
21.5459,-53.7492,-5.9611
-113.0543,-64.1426,-8.3798
-171.2416,-68.9177,-9.0228
-174.1008,-69.3293,-9.4992
-174.1228,-69.5923,-9.0817
-170.2557,-69.5924,-9.2847
-179.9592,-70.3685,-9.2391
-169.6486,-69.5875,-8.8203
-160.2111,-69.4227,-8.8927
-168.2628,-70.4649,-10.1680
-171.8542,-70.9800,-10.1736
-169.6209,-70.9098,-10.8866
-164.9799,-70.5449,-8.9802
-174.1747,-71.4530,-10.0625
23.8640,-55.4536,-5.8425
-170.3673,-71.2785,-9.5708
-170.9423,-71.5200,-10.1402
-170.9933,-71.8339,-9.0731
-171.6799,-71.9171,-9.1349
-160.3870,-71.1283,-9.6602
-185.3314,-73.1904,-10.5342
-170.5800,-72.0004,-10.0949
-149.6741,-70.3088,-9.8535
-185.2408,-73.2528,-10.0087
-167.2876,-71.8970,-9.5741
-186.8002,-73.6390,-10.4600
-172.2677,-72.5946,-10.9219
-168.0310,-72.2453,-10.7346
-175.7116,-73.0221,-9.8521
-166.4241,-72.5316,-9.4901
-182.1638,-73.8687,-10.9049
-174.5374,-73.4780,-11.0579
-233.7034,-78.5516,-11.8310
68.1216,-53.0610,-6.2721
-170.5294,-73.3868,-10.5375
-235.5553,-79.2048,-9.7165
-42.9521,-63.1147,-7.9850
-279.4868,-83.6476,-11.7117
212.7033,-41.2097,-2.6736
-276.3858,-83.6210,-11.9250
-165.6774,-74.1029,-10.5471
-164.4591,-74.8195,-10.1941
-163.5457,-74.7851,-10.5362
-165.5566,-75.0689,-10.8252
-158.4942,-74.6046,-10.4700
-108.0178,-70.9040,-7.9942
-160.4202,-75.9336,-9.3641
-241.8989,-83.4966,-12.3282
-238.0448,-83.2101,-12.1755
-108.1079,-71.4132,-8.8831
-236.9485,-83.4802,-12.0060
-113.2392,-72.5261,-9.7791
-182.8512,-80.1425,-9.8115
-156.1658,-79.4776,-9.7249
-13.2033,-68.5744,-6.2269
-78.6585,-78.0009,-9.1008
-88.9285,-79.6855,-8.7875
-77.4969,-82.5664,-8.5532
-78.9805,-82.7568,-8.5619
25.0549,-71.1061,-6.7968
24.3881,-72.6806,-6.7778
-140.5641,-93.9043,-10.2262
-141.8897,-94.8144,-10.0562
20.2003,-74.0214,-6.5795
-142.6843,-96.2214,-9.7526
-124.2022,-94.0688,-9.3138
-127.7249,-94.5812,-9.0172
-122.6248,-94.2311,-9.5433
-125.4942,-95.3011,-8.5608
-126.2580,-95.4186,-10.0474
-266.6960,-115.0166,-10.3405
-125.2602,-96.5621,-8.0664
-130.4695,-97.5458,-8.5279
-121.5180,-96.4589,-8.0270
-119.9831,-96.5778,-8.3509
65.8777,-70.8596,-5.6899
63.5752,-71.1936,-5.7609
-124.0478,-99.5948,-8.0946
65.1173,-72.5550,-6.0201
-249.2266,-117.9328,-11.1363
-25.7936,-85.9088,-7.5308
-154.5818,-105.1658,-9.5316
-122.9636,-101.4289,-8.5075
-126.4707,-101.9491,-8.5789
-110.9870,-99.7229,-7.9811
-120.4568,-101.6292,-9.0980
-261.5926,-123.3239,-12.0194
-101.1615,-99.5345,-9.6078
-155.8250,-107.8807,-10.1541
-24.6757,-88.7016,-8.0991
-120.2640,-103.2380,-7.9052
-105.7693,-101.2091,-8.0649
26.8412,-81.0611,-6.4211
-26.8798,-89.4782,-7.8686
26.0372,-81.4169,-7.0945
-118.0975,-103.5530,-8.4737
-117.5141,-103.6569,-9.1556
-141.8686,-107.6261,-8.3216
-121.9782,-104.6670,-8.2158
-111.3071,-103.1763,-8.9031
-105.6287,-102.9959,-7.6622
-122.5452,-106.8858,-9.3101
-112.5467,-105.7537,-8.0631
65.1083,-78.6231,-5.3647
-109.2965,-107.3809,-8.0636
-238.2188,-128.8348,-11.6718
-247.1746,-130.7161,-10.2820
-247.4191,-130.9247,-12.1865
-241.2302,-130.4192,-10.9276
-18.7337,-93.4899,-7.3848
60.5177,-80.3500,-5.0955
-21.5549,-94.8580,-7.2203
-32.9299,-97.0562,-7.8041
175.2869,-61.9159,-3.6235
175.8667,-61.8633,-3.5286
-17.7422,-95.2117,-7.2975
24.3124,-88.3203,-6.6868
-129.6013,-115.3084,-8.2085
-14.3466,-96.1839,-7.0225
176.7420,-63.2434,-3.2791
69.1016,-82.7685,-6.2998
67.2714,-83.2361,-5.7367
-76.4512,-109.4339,-7.4465
66.4844,-85.0747,-5.2064
75.5245,-83.5088,-6.0817
15.0611,-95.7333,-5.9759
21.0954,-95.8989,-5.8239
-73.7731,-114.2223,-8.9861
-205.7009,-139.8019,-11.6579
84.8683,-85.0058,-5.6574
-245.4438,-150.1476,-9.8515
-188.4709,-140.2367,-11.0512
-13.8690,-105.7278,-7.6560
-248.4756,-152.4758,-10.8467
-42.1922,-112.8073,-8.5841
180.7244,-68.1007,-3.9436
-16.8892,-108.6538,-6.3082
-9.1496,-107.1152,-6.3168
-6.5550,-106.7449,-6.7308
-79.6463,-121.7504,-9.0317
-184.0394,-145.5038,-10.9764
-184.1624,-145.5587,-10.9049
-88.3207,-126.0308,-8.5901
14.1427,-105.6104,-7.3079
14.7636,-105.6633,-7.0767
10.0967,-106.6835,-7.1370
15.9426,-105.4442,-6.4003
-160.8367,-143.6641,-9.6594
-0.1539,-109.2445,-6.4580
12.9210,-106.4552,-7.1198
12.0954,-106.6761,-6.9455
22.8785,-104.4151,-6.7462
14.5243,-106.3536,-7.3421
-98.0576,-130.7048,-9.0408
19.5130,-105.4967,-7.0272
-241.8458,-162.3707,-12.5841
-242.0981,-162.9064,-12.3598
-233.3079,-162.8768,-11.6130
15.2051,-108.3173,-7.1105
-172.2304,-150.9485,-10.4600
-174.5943,-151.5375,-10.3986
-38.8168,-121.3372,-7.9919
-239.3909,-166.5734,-12.5945
15.6234,-110.3213,-7.4049
-4.0698,-114.9515,-6.7632
-97.9550,-136.3131,-8.4694
17.8595,-110.2222,-5.9873
35.8411,-106.1741,-6.9926
-33.9145,-122.2299,-7.9142
-31.8825,-121.9309,-7.5243
-162.4920,-151.9484,-10.6313
-35.2806,-123.0868,-8.0452
22.6613,-109.8428,-6.1307
-31.9283,-122.4263,-7.6038
21.9470,-110.0818,-5.8721
-34.1727,-123.1419,-8.0289
-36.4334,-123.7418,-7.5725
-34.6427,-123.4822,-7.3385
-1.4473,-116.0033,-7.3767
76.7738,-98.2032,-5.4480
73.9866,-98.9054,-5.6466
73.5026,-99.1189,-5.1988
79.6981,-97.7632,-5.4948
-36.0814,-125.5032,-7.7323
-214.7726,-167.7853,-11.5738
-36.8235,-126.3086,-6.7092
-218.9843,-169.9351,-11.4489
-99.9177,-141.8656,-8.8508
15.8025,-114.8206,-6.1075
136.9981,-86.5201,-4.8295
7.9326,-118.0070,-6.9054
-171.2199,-161.4871,-9.2342
24.2350,-114.2888,-5.8494
77.0604,-101.4626,-6.0312
33.2547,-112.2448,-6.3633
-220.6813,-174.2574,-11.1214
-172.6208,-162.7440,-9.8669
-180.6706,-164.9037,-10.0108
5.3080,-119.5898,-7.1079
-174.6721,-163.9513,-11.0224
-167.5945,-162.4587,-10.6270
79.0061,-101.9420,-5.3134
-164.1433,-162.7468,-9.8677
-219.2583,-176.5947,-11.0554
-218.2381,-176.4691,-10.7479
179.9639,-77.6464,-3.7208
-176.3123,-166.4360,-10.9924
-216.4927,-176.6799,-10.4739
-175.7305,-166.7378,-8.9202
-177.2045,-167.1076,-8.8864
-42.3131,-133.6145,-7.4720
179.6269,-78.1122,-3.8521
-42.8089,-135.4514,-6.9165
-43.5702,-135.7297,-8.5503
24.4464,-118.8105,-6.9109
-159.8740,-166.6996,-10.3826
187.3375,-78.7631,-3.2887
32.8052,-119.5360,-6.9762
30.8653,-121.0459,-5.8475
28.4534,-121.7003,-6.3139
30.7009,-121.3175,-5.7132
40.8897,-118.6281,-5.5276
-164.6663,-174.5924,-10.5866
-110.7879,-160.1946,-8.0491
-165.4972,-175.1542,-9.0725
-167.5493,-175.8565,-9.4110
-166.9544,-175.7685,-9.2864
19.6036,-125.3955,-7.3363
-200.8261,-186.4486,-11.3617
46.3916,-119.3285,-5.4958
12.6166,-129.4448,-6.1185
-91.9310,-159.4380,-8.6988
213.9568,-74.2934,-3.2193
2.8717,-133.1825,-6.4177
-160.7057,-178.8478,-10.2705
30.8208,-125.9557,-6.9249
-92.7466,-160.9645,-9.4941
6.2710,-133.3396,-6.4777
7.3627,-133.0746,-6.7857
25.5867,-128.8640,-6.1859
19.1770,-130.9362,-6.7125
-5.8838,-138.4142,-6.8903
32.8001,-128.0142,-5.6588
18.6971,-132.5465,-6.6926
-129.2753,-175.6799,-9.9793
-101.1435,-167.8249,-8.0764
105.2959,-109.5456,-4.7737
-10.3887,-143.9786,-7.4115
-151.0326,-187.5863,-9.2332
26.6039,-134.3845,-6.7851
32.7002,-132.6056,-6.6313
11.2831,-139.1160,-6.9638
-7.0018,-144.7726,-6.3720
30.8596,-133.3815,-7.1613
10.9122,-139.5589,-7.4024
10.5967,-139.9487,-7.0398
11.8831,-139.5984,-7.5592
15.5424,-138.7710,-7.1436
0.3095,-143.9484,-7.5159
0.4129,-143.9632,-7.3906
-113.0368,-180.7041,-9.0631
14.6744,-141.4268,-7.0882
-114.2574,-181.5332,-9.4034
-111.1663,-180.6680,-8.5338
-115.6041,-182.6131,-9.6469
62.3791,-127.5519,-6.3281
66.8096,-126.1713,-5.4775
64.5004,-126.9101,-5.4215
64.3165,-127.0178,-6.2642
-85.7873,-174.1587,-9.0242
285.2659,-58.0359,-1.9512
60.0906,-129.1397,-6.0339
-111.9646,-183.6616,-8.0503
-194.5377,-209.7958,-11.6407
-111.2738,-183.8413,-8.0210
-36.1630,-160.1290,-8.4472
33.5813,-138.0856,-6.2876
-139.2075,-193.6737,-10.6982
-137.8393,-193.5510,-10.6787
16.4639,-144.4086,-6.8513
17.4801,-144.2338,-7.4604
-138.9154,-194.3544,-10.3961
37.7726,-138.0640,-5.6506
38.1139,-138.4473,-6.1558
3.9074,-149.7903,-6.1592
18.8130,-145.0301,-7.3643
24.1025,-143.3440,-6.1381
9.9962,-147.9252,-6.6359
114.3079,-114.2370,-5.2911
114.9305,-114.1173,-5.3010
117.3880,-113.3714,-4.7002
25.0217,-143.4810,-6.2948
40.3246,-138.6326,-6.6230
12.1501,-147.8129,-7.1734
1.3993,-151.5768,-6.4894
28.1734,-142.9338,-6.6428
24.9712,-143.9798,-6.6185
6.4938,-150.0229,-6.8028
-100.9048,-185.0174,-9.9846
36.3015,-140.4136,-6.2536
16.6120,-146.8413,-6.3702
14.7312,-147.4654,-6.6082
20.0343,-145.7395,-6.6693
33.6421,-141.3104,-6.9247
33.0929,-141.5465,-6.0465
13.8174,-147.8722,-7.6725
39.9559,-139.4034,-6.3578
28.2119,-143.2841,-6.9421
23.5924,-144.8518,-6.2952
-93.4854,-183.3504,-9.4342
19.9172,-146.2775,-6.3679
18.6435,-146.7996,-7.3879
14.0924,-148.3785,-7.1238
29.2950,-143.6084,-5.9087
16.4874,-147.9212,-6.2197
22.7793,-146.0611,-6.3709
-109.2833,-189.5644,-9.1074
7.9340,-151.1171,-7.1423
-104.8531,-188.4923,-8.8812
23.8651,-146.0497,-5.9949
21.5336,-146.8586,-6.2525
76.0244,-129.7981,-5.8378
26.3892,-146.4557,-7.3310
-94.5880,-186.9241,-8.5296
-94.9050,-187.2048,-7.8130
-99.9537,-189.4662,-9.8358
-86.5366,-185.3162,-8.8812
11.7376,-152.7791,-7.6629
-107.3357,-193.7201,-9.2323
-109.1873,-194.5824,-9.4075
-85.5463,-186.7818,-7.8812
-101.9715,-192.4296,-9.4991
-113.1177,-196.4106,-9.5638
-83.1731,-186.2330,-7.7182
-87.9920,-188.0766,-7.9172
-105.5288,-194.4179,-9.8523
-97.0913,-192.5011,-9.8775
-108.6699,-197.1848,-8.4210
-101.3717,-194.8129,-8.2300
7.6688,-157.3283,-6.6337
6.7660,-158.0269,-6.3219
230.1349,-80.6290,-2.8030
187.0061,-95.6885,-3.5391
26.8981,-151.6376,-6.6285
-97.9759,-197.3350,-8.6444
29.1098,-152.5235,-5.9318
-24.7213,-171.6009,-7.1065
21.4996,-156.1622,-7.3821
-92.6030,-196.8419,-7.8790
38.4071,-150.4173,-6.8716
-93.3811,-197.4143,-9.0871
-89.8944,-196.2515,-9.0079
25.9935,-154.9637,-6.4401
34.6527,-152.1082,-6.1047
-25.5899,-173.6617,-8.1680
37.1201,-151.4054,-5.7908
-99.9362,-200.6883,-9.6916
-103.2348,-202.0428,-9.2246
-106.5666,-203.2957,-9.2776
-82.2457,-194.6157,-7.6551
-85.0479,-195.6276,-7.7489
-106.1611,-203.2232,-9.5440
26.6174,-155.5629,-6.9228
23.7095,-156.7728,-7.5356
9.4563,-161.9021,-6.4688
33.6882,-153.2463,-6.8387
-104.8209,-203.0891,-9.0336
-107.7131,-204.1804,-9.0085
-100.4541,-201.6905,-8.6544
33.4403,-153.4783,-5.9011
29.4990,-155.0432,-6.2855
36.7341,-152.4371,-5.7193
31.9013,-154.1876,-7.0831
51.7378,-147.0723,-5.7421
23.4121,-157.3180,-6.1807
30.9343,-154.6312,-7.4030
34.4113,-153.4006,-6.0117
25.4240,-156.6982,-6.9613
54.2991,-146.4909,-5.6802
44.0223,-150.2148,-6.9879
38.3302,-152.2789,-7.0478
37.7453,-152.5511,-6.2566
40.6120,-151.5785,-6.2889
34.4360,-153.8942,-6.6587
39.7721,-152.0052,-5.7384
36.6438,-153.1989,-6.3308
34.9296,-153.8903,-6.2219
26.2130,-157.3220,-6.6226
44.0079,-150.8749,-5.9795
-100.8456,-204.4971,-8.5628
-18.1865,-174.3320,-6.7735
-101.0229,-204.7325,-9.0761
-106.7139,-207.0724,-9.0805
-100.5367,-204.9641,-8.7181
-104.8460,-206.5700,-9.4142
-115.6396,-210.7168,-10.2980
24.2310,-159.4658,-6.0568
-118.2686,-211.8591,-10.3159
-117.4471,-211.9287,-8.4534
187.7157,-99.5456,-3.4892
-111.6607,-209.9190,-8.3549
186.4198,-100.0866,-3.3434
-113.7554,-210.8927,-8.9538
-117.9504,-212.4623,-8.3207
-114.0548,-211.0270,-8.2790
-103.0488,-207.1655,-8.1541
29.5935,-158.2915,-6.5794
-74.3946,-196.9743,-9.0246
40.5128,-154.4558,-6.8984
27.6340,-159.5280,-6.4040
-81.8131,-200.2133,-8.0276
27.7227,-159.5623,-6.8644
17.5179,-163.4905,-6.5338
-79.6277,-199.6769,-8.0165
107.6715,-130.0678,-5.8527
-72.7126,-197.2462,-9.4920
-69.7353,-196.3014,-7.8902
-77.1590,-199.1399,-9.5466
35.7017,-157.2388,-6.2167
27.6041,-160.3108,-6.8918
29.9709,-159.4384,-6.7967
53.7781,-150.7161,-5.4758
-65.2785,-195.9716,-9.3026
33.0577,-159.3317,-7.3180
29.9723,-160.5391,-7.4885
56.1825,-150.7414,-5.9945
36.7571,-158.7438,-6.5358
62.6227,-149.4767,-5.5411
-76.0675,-203.0195,-8.9847
2.4806,-173.2184,-6.4928
37.4325,-160.1535,-7.1050
25.9325,-164.8243,-5.9197
6.8550,-172.3671,-7.3248
9.4129,-171.8652,-7.8372
-42.1287,-191.8607,-7.7055
39.4647,-160.3645,-7.0992
-9.8070,-179.7384,-7.9378
37.8250,-161.3142,-7.1109
-11.8988,-180.5686,-7.9291
34.5444,-162.7149,-6.6021
33.3627,-163.2516,-6.2259
-72.5681,-204.5114,-8.9073
46.9305,-158.2026,-6.4816
32.0854,-164.0357,-6.6991
-71.0128,-204.2394,-9.4436
25.2651,-167.0014,-6.5057
26.4547,-166.9139,-6.7822
21.7386,-168.8547,-6.8795
24.8548,-167.8248,-6.8600
-73.1960,-206.7291,-7.9098
80.7957,-146.9706,-5.0571
52.8350,-158.2193,-5.7668
27.0378,-169.0321,-7.3822
105.4830,-138.0889,-5.7433
-154.5687,-241.8830,-9.3340
106.4552,-137.9835,-5.2017
76.4675,-150.3035,-5.4169
75.5389,-150.8148,-5.1317
77.4669,-150.0949,-5.8275
83.3116,-147.7953,-5.6262
21.6373,-172.7493,-7.2257
77.4454,-150.4926,-5.8786
-75.3224,-212.9989,-7.8865
-74.2900,-212.7137,-7.7552
82.9729,-149.7579,-5.4799
160.2089,-118.3689,-3.9893
-120.9287,-234.0121,-10.6986
82.4202,-151.7950,-5.5385
18.4997,-178.2206,-6.2986
235.4515,-89.4496,-3.0981
22.7314,-178.9262,-6.8453
-49.4995,-210.5747,-8.4409
29.8675,-177.0453,-6.8738
32.5519,-175.9995,-7.3233
27.2083,-179.1640,-6.8101
75.9898,-158.7550,-5.5489
27.4075,-182.2551,-6.3101
27.2237,-182.3877,-6.3419
69.0347,-164.3543,-6.6003
160.3954,-124.6994,-4.4083
29.8024,-181.6182,-7.1463
25.4190,-183.6717,-7.5863
33.0894,-180.9328,-6.2098
68.9081,-165.4417,-6.4340
36.0703,-179.9796,-6.0961
33.6553,-181.0451,-6.9291
30.0894,-182.6512,-6.1106
29.5405,-183.3909,-6.2267
90.3072,-156.7478,-5.2146
32.8111,-182.3357,-7.1133
89.0179,-157.9850,-5.3178
90.6950,-157.4902,-5.2054
143.0983,-134.9673,-4.8098
142.4594,-135.2912,-4.8532
33.1757,-184.9881,-6.8919
197.5174,-111.3646,-3.9736
95.6194,-157.6442,-6.1031
95.3161,-158.1070,-6.0731
94.7301,-158.7728,-6.1733
-96.7485,-245.7377,-9.0665
28.0327,-190.3963,-7.1501
29.7775,-189.6055,-7.1134
-93.4561,-246.2259,-10.2041
97.4552,-158.7955,-6.1872
18.4767,-195.3183,-7.5982
-90.6755,-246.4143,-9.3958
25.9857,-192.6196,-6.4031
29.9574,-190.9721,-6.2154
96.9088,-160.3441,-5.9351
97.7461,-160.0087,-6.2217
25.3878,-193.5241,-6.5706
-90.2874,-247.0784,-8.5793
97.1993,-160.3302,-6.1668
-97.6351,-250.7812,-9.2796
32.5706,-190.4828,-7.2162
32.5413,-190.5712,-6.1946
-91.0951,-247.9505,-8.8931
30.5354,-191.6030,-6.1903
19.5460,-196.8605,-6.2435
24.1251,-195.3866,-6.7282
22.9648,-196.9925,-6.9790
-52.4419,-233.2118,-8.1116
-92.6729,-252.9486,-9.0042
20.5235,-200.3706,-7.5234
17.9199,-202.3108,-7.4311
20.3545,-201.3617,-7.3295
19.0919,-202.0176,-7.3697
22.4314,-200.5949,-6.3111
25.0769,-199.3752,-7.2368
25.9865,-199.0230,-7.3058
24.1156,-199.9307,-7.5723
22.1350,-200.8799,-7.4196
-32.1136,-226.8745,-7.5187
-35.4322,-228.5584,-7.8325
-33.4124,-227.6367,-7.5494
-34.1402,-228.0330,-8.2439
-31.6924,-227.0467,-7.3628
25.9675,-199.4177,-7.3114
23.6884,-200.7904,-7.5653
95.7692,-166.2459,-5.0554
20.4852,-202.6503,-7.0339
21.5518,-202.1425,-7.0282
108.3146,-160.4502,-5.8891
74.5198,-176.8538,-5.9680
29.4963,-198.7139,-6.8169
24.3183,-202.2045,-6.5433
72.7636,-179.5034,-6.8580
23.1605,-203.8457,-7.5902
24.6209,-203.4025,-6.4667
-83.6396,-256.6791,-10.1845
78.3845,-178.7082,-5.5729
73.2838,-181.3624,-5.7039
76.9129,-179.6775,-5.5713
19.9436,-208.1790,-7.2723
22.3956,-207.0506,-7.3641
77.4317,-180.6580,-6.5300
78.3970,-180.6313,-6.3852
-61.3308,-250.9977,-9.1790
78.0093,-182.6598,-5.4188
41.1824,-202.3329,-6.3090
-89.7432,-269.2879,-9.9669
19.8319,-217.5796,-7.9334
-86.0616,-274.2769,-8.4512
9.0692,-225.2914,-7.5699
-81.2769,-273.6520,-9.2066
10.5097,-226.2062,-6.9329
-56.1939,-265.9503,-8.7117
20.8697,-227.7168,-7.6555
-29.1111,-256.4622,-8.3994
-29.0326,-257.7764,-8.8237
32.3853,-224.4550,-7.2345
41.1946,-219.9384,-6.5522
-35.3574,-265.8777,-9.0711
-40.1785,-271.0137,-8.2313
-38.0466,-272.3366,-7.9276
20.3929,-239.5423,-7.2572
-45.2884,-278.0995,-8.5807
80.0895,-206.3552,-6.8570
179.7303,-148.8473,-4.0698
-33.7865,-275.2983,-9.0238
-36.2451,-277.0086,-7.9552
-30.1572,-274.4397,-7.4497
-32.7281,-276.3150,-9.0734
18.3958,-245.9776,-8.3840
-48.5197,-287.2317,-7.9347
-27.7714,-275.2964,-9.1288
18.6349,-247.6014,-7.7167
101.3103,-199.6943,-6.0767
16.0074,-252.6988,-6.9994
116.9768,-191.7679,-5.6838
117.3459,-191.6028,-5.7267
116.9162,-191.9416,-5.3412
64.8341,-225.2213,-6.1307
185.7689,-150.8671,-3.6313
194.7788,-145.3096,-3.9996
184.4242,-151.7348,-4.0562
191.8448,-147.1902,-3.7110
178.0819,-155.8629,-4.7069
47.4067,-237.6856,-7.2987
82.0298,-216.2603,-6.3641
188.3495,-150.0171,-3.8061
190.5516,-148.6856,-3.8413
179.7234,-155.4818,-3.9033
50.7089,-236.2307,-6.8691
47.7382,-238.3950,-6.6728
48.0217,-238.6810,-7.5104
67.3189,-227.0797,-6.0686
67.0843,-227.6272,-5.9322
67.9542,-227.1705,-5.9874
67.2820,-228.6971,-6.6908
38.5859,-247.4940,-6.4583
40.8426,-246.2141,-7.9341
183.3948,-155.8656,-4.6689
184.3069,-155.9490,-4.1529
52.6124,-241.7618,-6.6659
183.4342,-158.0088,-3.8286
94.3465,-216.4144,-6.1239
186.5695,-157.0489,-4.2299
108.8352,-208.5681,-5.3539
122.2506,-200.2448,-5.6795
124.4519,-198.9218,-6.0611
15.6154,-274.3692,-8.4417
82.1526,-230.3453,-6.3550
51.0006,-252.3653,-6.6464
208.3591,-146.7266,-3.5208
62.8047,-246.0344,-6.0366
50.9892,-254.2017,-7.8602
56.6964,-251.2951,-7.6106
64.1190,-247.0740,-6.2917
60.8583,-249.4329,-7.4972
77.4871,-238.6521,-6.6679
79.7179,-238.4870,-6.8680
210.5577,-148.0847,-3.3337
69.3935,-246.2181,-6.2130
81.7038,-240.5823,-6.4670
64.2733,-253.1416,-6.2576
72.0446,-249.5018,-5.8987
76.2830,-246.6778,-7.0524
80.0910,-245.1911,-6.9400
188.0774,-169.8732,-4.4388
187.2744,-172.8719,-4.7569
188.8887,-172.0325,-4.5793
189.1265,-171.9417,-4.7799
188.7077,-172.2997,-4.3261
76.6897,-257.4104,-6.2556
195.4897,-169.4940,-3.8471
122.1924,-225.8730,-6.3734
98.7137,-243.7262,-6.6588
99.3237,-244.8364,-6.7247
171.3659,-190.4654,-4.4207
67.9340,-270.2828,-7.0359
126.0226,-226.7910,-6.1991
89.2839,-255.9803,-6.0815
99.0596,-254.2794,-7.1947
97.2308,-255.8332,-7.0088
255.4262,-132.3152,-3.0385
67.4655,-284.1517,-7.3102
74.5931,-279.0217,-7.8523
73.7361,-280.2740,-6.5554
134.3601,-232.4639,-6.0744
136.3279,-233.7410,-5.5241
135.8708,-234.1750,-5.6499
136.6586,-233.7929,-5.7008
136.8868,-234.5573,-5.2634
192.5871,-190.4031,-4.3014
103.3846,-271.9771,-7.0705
127.9229,-258.0597,-6.0801
245.1446,-155.7597,-3.5485
247.7040,-154.0721,-3.6464
246.9839,155.6027,-3.0747
246.2232,156.5269,-3.1260
243.0724,156.1903,-2.7216
240.8815,154.3594,-3.0659
242.8761,147.7373,-3.3636
241.9979,148.6195,-2.7787
162.1979,241.5202,-3.8284
222.3670,167.4269,-3.6735
174.9669,207.0912,-4.7347
148.1833,231.9743,-5.1586
244.9253,126.2460,-3.1810
158.2175,206.7712,-4.9709
161.9720,202.7492,-3.9562
60.6256,285.6148,-6.6947
196.8905,152.2442,-3.9553
70.9915,265.1805,-5.3009
207.8907,138.3345,-2.7666
204.6806,138.6768,-3.7112
152.0359,186.1333,-3.9516
152.1439,185.5683,-4.6363
111.3827,220.6697,-5.6157
206.1392,132.3645,-3.0154
29.6676,286.6188,-7.0273
29.9177,286.3759,-7.0346
211.9181,125.8760,-2.7876
257.2865,86.4575,-2.0969
25.8579,287.2726,-6.3972
132.3165,194.7716,-4.6025
161.9640,165.6651,-3.8247
131.6802,190.3698,-4.5813
230.8061,105.9806,-2.8128
192.9752,137.8997,-3.7157
144.5703,176.8796,-4.0007
49.5277,256.3393,-5.7078
154.0479,168.4578,-4.3827
195.9144,132.9980,-3.3330
143.7417,176.3882,-3.6887
195.1488,129.3966,-2.9426
96.4168,208.7543,-4.4488
76.4952,224.6918,-4.3655
16.3166,268.3143,-7.1832
13.3356,269.7221,-6.7496
14.4426,268.7049,-6.6520
15.2186,266.6724,-6.2354
144.5767,163.7204,-4.2133
10.1809,268.8769,-5.6624
150.8491,158.6784,-3.7588
10.1120,268.2028,-5.3861
132.0375,172.1343,-4.5906
84.0140,208.1634,-5.6357
29.1830,250.4446,-5.9298
134.6183,167.7009,-3.5680
133.7206,167.9968,-3.5425
32.1863,244.9460,-5.6558
131.1890,169.1864,-3.6360
68.0535,215.2979,-5.1474
53.9571,225.7992,-5.4795
58.6799,221.7605,-4.9197
55.8501,223.0930,-5.9554
113.1823,179.8455,-4.1449
59.3546,220.2201,-4.6089
24.6439,242.5674,-5.3389
82.7245,199.2485,-5.7334
27.8290,239.8910,-5.2471
85.8003,196.4866,-5.6001
25.2164,240.7971,-5.1310
82.0882,197.5909,-5.5739
90.2117,191.1433,-4.0205
4.3792,252.9545,-6.8149
162.4684,128.2880,-3.8380
135.7137,145.4356,-4.6059
43.5705,208.1606,-4.9651
119.8847,156.0511,-4.2193
12.7054,228.7071,-5.9543
134.8700,145.5049,-4.3329
134.6937,145.2262,-4.5070
135.3504,143.1312,-3.6046
134.3372,143.7210,-4.2145
-57.2316,268.5050,-6.6379
143.8259,134.7734,-4.3047
143.3008,134.6325,-3.8742
144.3652,133.7126,-3.8802
-78.4630,278.4049,-8.4379
13.2090,216.9794,-5.9098
-74.2698,272.5946,-8.1379
-73.0136,271.7657,-8.0351
134.6079,137.3159,-4.5822
132.2510,137.9343,-4.5772
76.6664,172.1490,-5.4000
81.0983,169.2962,-5.4949
76.4420,172.1804,-5.0461
133.1892,135.7528,-4.2473
29.4739,201.4623,-6.2840
170.2641,110.3986,-3.4845
133.6726,131.7752,-3.6720
-31.8544,233.5936,-6.0309
37.7806,190.1086,-4.6989
40.9134,188.0440,-5.4998
39.3470,188.8904,-5.5890
35.0805,191.5068,-6.1875
-35.1211,234.9058,-7.3327
-34.5527,232.9234,-7.1845
38.8808,187.6099,-5.6750
-34.4378,232.5026,-7.1218
-37.3172,233.8106,-6.6971
25.1853,194.6826,-5.9353
23.5714,195.1791,-6.1071
19.8415,192.2569,-4.9101
16.6955,192.4965,-5.2227
105.4344,140.0189,-4.4454
19.0977,189.3593,-6.0460
-31.2370,218.8168,-7.0805
-30.1792,216.7573,-7.2415
88.7196,146.1161,-5.2255
142.5008,113.0359,-3.4194
-113.7326,257.8096,-7.1694
5.8765,183.8992,-6.5502
0.8339,186.0068,-5.2069
40.9210,163.2351,-5.5594
215.9557,66.6989,-2.7658
9.4642,175.2289,-5.5296
34.1293,162.0205,-4.4347
5.5245,176.0249,-5.4758
-2.8339,180.3838,-6.2085
118.7095,115.8183,-3.9004
-93.3537,227.7350,-7.3646
8.3744,173.6450,-5.7946
8.0302,173.7610,-5.9212
-94.3346,227.3747,-8.0212
-97.7154,228.1995,-6.1471
119.0114,112.8901,-3.6590
118.1654,112.8610,-3.8491
123.7294,109.5269,-4.1556
112.0119,114.8280,-3.5280
34.6773,153.1713,-5.0091
101.1577,117.9651,-4.7462
-127.3070,232.7905,-6.8130
-127.0102,232.6141,-6.8174
255.8768,39.8154,-1.9935
34.5944,151.0308,-4.7391
192.2195,71.7482,-3.1685
219.5405,57.9101,-2.5563
-112.9842,223.6889,-7.7384
106.1390,113.9806,-3.9584
199.1977,67.4015,-3.2019
-26.4571,179.2876,-6.2591
-15.6330,173.7355,-6.8577
195.0709,69.1411,-3.2609
-14.0499,172.4651,-6.3959
207.7643,62.6140,-2.5305
195.3604,68.5038,-2.9640
135.5977,97.4389,-3.1777
-114.0637,219.9523,-7.8599
135.0327,97.4074,-3.7121
135.1188,97.3409,-3.6594
-35.4511,180.8984,-5.7156
-148.4451,235.7020,-7.3227
211.3528,59.6734,-2.6249
-20.0556,172.2154,-5.3111
103.8780,111.5938,-4.1598
-20.2340,170.7172,-6.7014
-23.2527,171.9788,-6.6607
186.7666,70.4079,-2.4518
97.0320,112.8158,-4.8562
209.5686,58.8827,-2.6781
34.4716,142.5138,-4.9954
130.5880,96.4309,-4.1138
-143.7152,224.8902,-7.5693
-141.8225,223.3371,-6.4991
-149.4579,226.8516,-8.5497
-148.7440,225.9162,-6.7827
-147.5576,225.2150,-6.9040
-154.0241,228.2181,-7.5558
0.3181,155.6451,-6.4565
131.5705,93.9014,-3.8739
-146.3511,224.4230,-6.6557
4.0991,153.6520,-5.1592
-144.9621,223.4928,-6.4449
-146.9535,224.3419,-7.6033
0.2731,155.0206,-5.6992
-6.8544,158.2677,-5.1078
-150.5176,225.2029,-7.9052
12.2123,149.0903,-4.6903
-147.7711,223.8033,-7.5344
-163.1070,230.7832,-7.5227
-0.6146,154.7859,-5.1172
-0.4895,154.6686,-5.0315
3.8551,152.5477,-4.8985
-153.1398,225.6739,-8.2077
-152.2301,225.1571,-8.2355
161.1674,79.0414,-3.4675
133.1274,92.0753,-3.3955
-14.2313,160.6021,-5.0376
-153.8437,225.5057,-8.0817
139.7766,88.9005,-3.2679
36.0421,137.0089,-5.7438
-32.5940,168.8811,-6.0340
75.0798,118.7759,-4.1864
37.8650,135.9713,-5.7906
34.9479,137.3167,-5.6425
3.7709,151.7706,-4.6441
-31.6634,168.1839,-6.4033
-4.4639,155.4636,-4.9680
8.2643,148.9734,-5.0241
62.1275,124.0362,-4.2352
-151.1374,221.9794,-8.9503
172.3371,72.7989,-3.2127
-168.4676,229.3738,-8.7717
7.2879,148.3012,-5.3407
93.0668,108.8735,-3.9615
-7.4556,154.6126,-6.1616
-166.8710,227.3308,-7.1660
-13.4667,156.9450,-5.1660
-69.7830,182.6126,-6.4178
-144.2062,215.2633,-8.1665
215.4611,51.8049,-2.7890
-139.9959,211.3337,-7.1350
62.6236,119.9959,-4.9641
-8.5128,151.8884,-5.2825
-151.0554,214.5191,-8.2726
-57.0170,171.8717,-6.2294
-133.0665,204.5904,-6.8382
218.0379,48.8130,-2.5075
36.5377,128.9922,-4.2063
247.7930,35.4186,-2.3076
61.2426,117.2979,-5.1540
-8.6169,148.0310,-5.0695
-88.8661,180.0629,-6.0472
-92.5930,179.5068,-6.2990
-83.9861,175.7910,-6.2261
-8.9764,143.5550,-6.0759
-3.3202,141.0673,-5.4680
-83.3978,174.9586,-6.3308
-158.4012,206.9862,-8.8200
-3.9524,140.6714,-5.6110
-98.7219,179.9579,-7.3222
127.0411,84.0480,-4.2078
-50.2668,158.6454,-5.4044
-97.9374,178.7509,-7.5665
-75.8188,168.1470,-6.4126
-0.3591,135.2008,-6.1262
-107.5163,178.4499,-7.8368
-101.5679,175.9697,-6.9101
-95.1371,173.2316,-7.6717
-103.7937,176.7618,-7.5363
-108.1077,178.4562,-7.8882
-107.2793,178.1004,-7.8732
156.4166,68.2215,-2.7292
-110.2246,177.1898,-7.9536
-119.8791,181.0210,-7.3608
24.8217,121.5766,-4.3009
-117.9338,179.7823,-6.8397
-119.4565,179.9930,-6.8109
193.8156,51.9732,-2.8291
158.5370,66.0357,-2.7605
-96.8518,168.7334,-7.2278
161.8155,64.4372,-2.8030
29.8952,117.4301,-5.7340
77.4735,98.0105,-4.4243
-202.4161,209.4749,-7.1017
20.9234,120.1760,-5.0738
-125.5398,177.9102,-6.9228
25.1486,117.6659,-4.7237
-112.2675,171.6550,-7.6740
-112.4065,170.9848,-7.6524
-112.8289,171.0778,-6.7205
-113.5806,171.2986,-6.5919
-110.5338,169.9225,-6.6939
75.1711,96.7460,-3.9375
-110.6217,169.4062,-6.5324
76.4874,95.2121,-4.9618
-154.2185,183.4806,-8.1923
-118.5736,169.1509,-6.8111
-107.7591,164.6891,-7.1834
-105.9455,163.8723,-6.9485
-114.9288,167.2871,-7.0673
-116.6101,167.7566,-7.3652
-113.7782,165.8514,-6.1201
9.3206,118.0857,-5.8574
-203.4234,198.4176,-7.4038
-24.3736,130.1881,-5.2413
-27.8534,131.4444,-5.6277
120.3212,75.1551,-3.1443
36.4886,106.7486,-4.2187
35.6335,106.8475,-4.6476
73.4560,92.4044,-4.0381
-23.8304,129.0909,-6.0271
-25.4263,129.6613,-5.1098
-16.2390,126.1854,-5.3314
-210.0407,199.3232,-7.6374
-24.5373,129.0529,-5.2198
34.6382,106.6649,-4.6299
33.7881,106.9578,-4.5973
-41.4281,135.1945,-5.5322
-42.1880,135.4339,-5.4393
-25.9931,129.0792,-5.2452
-27.3474,129.5759,-5.9581
-22.2364,127.4674,-4.9950
-20.2797,126.6266,-5.0544
-27.3691,129.2582,-5.0724
-35.6536,131.9238,-5.3764
-163.6876,179.1867,-8.3039
-162.4398,178.7189,-8.1413
-20.9993,125.8979,-5.3914
-169.9727,181.1148,-8.3724
-186.2169,187.1340,-7.9985
65.6693,93.0705,-4.5715
-108.5615,157.3874,-7.4747
-12.6321,121.4258,-6.1967
-20.4009,124.2303,-6.0341
-101.9637,154.2350,-7.8007
-31.8955,128.3427,-5.8341
-22.7237,124.9259,-6.2560
64.8700,92.6300,-4.8580
-22.6960,124.7235,-6.0030
59.2480,94.3839,-3.9906
-19.4698,123.3176,-6.0447
-163.3971,176.2235,-7.7185
-79.3634,145.1236,-6.8381
-24.3119,124.8557,-6.5789
-27.7753,126.0076,-6.5618
16.1183,109.8188,-5.3810
-190.3754,185.4042,-6.7241
-21.1007,123.3280,-6.3233
-27.9237,125.8231,-4.9703
-29.0369,126.0346,-5.5068
-3.7732,116.3331,-6.2122
-28.1124,125.1990,-6.3384
-30.7286,125.7622,-5.5320
-210.8134,191.1580,-8.5876
-201.1108,187.6094,-7.5275
-26.9557,123.9172,-5.2931
-206.1959,188.2433,-8.6348
-213.3552,190.6789,-7.6908
-198.7805,185.1974,-7.9419
-210.3345,189.2474,-7.0966
-213.7576,190.4195,-7.4474
-210.4214,189.1105,-9.2602
-191.3310,182.2004,-8.1346
-218.0677,191.7584,-7.9275
-213.1081,189.8982,-7.9667
-210.9915,188.8987,-7.9765
-210.2285,188.5567,-8.0907
-216.1486,190.5642,-7.9137
-191.5659,181.7056,-8.1150
-201.6834,185.2645,-9.0353
-201.7607,185.2443,-8.8668
-211.0700,188.5240,-8.5822
-201.7176,185.1317,-8.0328
-200.3300,184.5582,-7.9218
-208.8316,187.5889,-8.0218
-219.0169,191.1790,-8.0695
-206.0616,186.4919,-8.1858
-216.6208,190.0194,-8.3093
-216.9938,190.1465,-8.4223
-203.5932,185.3457,-8.2980
-216.1137,189.5002,-8.7409
-213.6348,188.5833,-9.0304
-205.8150,185.7472,-7.2849
-214.5331,188.8462,-7.3613
-218.3847,190.1834,-7.9144
-205.3848,185.2187,-7.1291
-217.0036,189.3129,-7.0892
-202.4230,183.9661,-9.2143
-143.8581,163.0628,-8.0730
-217.6710,189.3118,-7.3735
-217.8342,189.1730,-7.2071
-123.7930,155.6114,-6.1258
-217.1279,188.7493,-7.6368
-189.9285,179.0661,-7.1446
-218.4277,189.0807,-7.4811
-213.2183,187.2267,-7.4011
-213.6217,187.3386,-7.6560
-200.6851,182.6261,-6.9839
-211.8942,186.5142,-9.6031
-203.8240,183.6465,-9.3018
-216.7288,188.1669,-8.1677
-193.2430,179.6012,-7.2581
-28.1949,120.9642,-6.4615
-200.8535,182.0162,-8.1415
-214.5146,186.5463,-7.9986
-190.5355,177.7984,-7.9851
-158.6620,166.5365,-7.3627
-218.1312,187.4865,-8.6919
-215.8372,186.3911,-8.8452
-218.6893,187.2877,-9.0313
-211.8927,184.7692,-8.0558
-222.9189,188.4176,-8.9074
-219.4004,187.0959,-8.0251
178.4900,47.1805,-2.6987
-28.2696,119.7770,-5.8341
-192.5060,177.4144,-9.0953
177.1021,47.5766,-2.6636
-215.7504,185.1805,-7.9534
-80.9540,137.4510,-6.2919
-80.7182,137.2883,-6.2885
-116.9715,149.4712,-6.7677
-111.7241,147.3791,-6.2769
-103.3271,144.4316,-6.2913
-116.8646,149.0497,-7.6067
-27.3475,117.6648,-6.1158
-173.2714,168.2113,-8.7318
-195.0104,175.2268,-8.7561
-193.3658,174.0577,-8.1737
127.8397,62.9505,-3.9224
-103.1074,141.9724,-7.6602
222.9488,30.1386,-1.9549
-103.0386,141.3387,-7.7391
-224.1301,182.4971,-8.1131
-27.9559,114.5494,-6.3219
-224.7933,179.3288,-9.0288
-91.4502,134.0406,-7.3520
-131.0431,145.6859,-7.1041
76.8121,76.3492,-4.4931
-222.4178,174.4557,-8.7263
-26.0767,109.5498,-6.0248
-222.0544,173.7668,-8.8826
-186.9969,161.5178,-8.0262
-131.8117,142.2887,-6.3607
17.9031,93.1890,-5.2897
47.0795,83.1870,-5.0732
57.8440,79.5492,-4.0606
-73.7048,121.6934,-6.4529
225.1272,25.6484,-1.9838
30.7400,87.3544,-4.1517
-86.2781,124.0396,-5.8409
228.2323,24.1360,-2.4387
96.5376,65.7861,-3.4635
116.7897,59.1121,-3.2371
-85.8193,122.9484,-7.1873
-82.6555,121.7600,-7.4084
-126.8840,135.6740,-7.1710
-87.4154,122.6914,-7.5839
-191.9310,155.2990,-7.6356
228.7867,23.3833,-2.3084
-191.5349,154.1871,-8.1132
228.6708,23.1040,-2.3094
-191.2659,153.3779,-8.2911
-114.8462,128.8891,-5.8482
-113.9211,128.2259,-6.3108
-114.5769,128.3328,-6.7394
-179.6966,148.0232,-7.6997
-195.6530,152.7106,-7.1855
-191.4038,150.9264,-8.3873
-88.6790,119.3847,-6.2877
-210.6779,156.6676,-7.9496
-120.3466,128.8585,-6.1680
-179.0782,146.5414,-6.6208
-27.8841,100.4264,-4.9844
67.0843,71.2747,-4.8732
-180.4120,146.5883,-8.0098
-180.2456,146.3567,-6.8537
21.6388,84.9663,-5.6232
-181.4028,146.4045,-8.6505
59.6554,73.1723,-3.9813
-119.3946,127.2763,-6.6108
-212.8466,155.2912,-6.9917
-182.2551,145.8526,-8.3021
-180.9221,145.1831,-7.5610
-28.0959,99.0098,-5.8467
58.2548,72.7555,-4.1065
-184.1457,145.6336,-7.8557
-190.8992,147.5949,-7.6079
-191.5273,147.7032,-7.7273
-29.2123,98.6850,-6.4536
212.6114,26.0884,-2.1818
59.2066,71.9574,-4.5134
-119.7622,125.1437,-7.1850
111.6734,55.6203,-4.1394
-92.1259,116.0525,-7.1348
69.7091,68.0328,-3.6886
-213.9052,151.2603,-7.8011
167.1747,38.7352,-2.7633
64.3218,68.9756,-4.9791
23.0028,80.8126,-5.5883
-210.7743,149.3538,-7.4574
23.0612,80.2987,-5.2780
-208.5623,148.0180,-6.9864
-155.4353,131.3912,-8.1587
-35.3086,96.4789,-5.4309
67.5351,66.5729,-4.3267
56.4230,68.4521,-4.6692
-23.6525,91.3196,-4.8820
58.0812,67.4270,-5.0650
57.0534,67.6921,-5.0552
-73.8299,104.4223,-7.0846
-99.5823,108.3535,-5.9395
-38.7514,91.1729,-5.5950
61.1770,63.3474,-5.1317
-67.7742,98.7086,-5.7798
56.3997,64.2942,-4.7143
60.0668,63.2507,-4.7731
-102.6414,106.8500,-6.8558
65.7997,61.0959,-4.0249
-156.3990,121.4004,-7.8440
-225.6826,136.2531,-8.4978
197.2114,23.4592,-2.4594
105.2673,47.2705,-3.3882
-219.9153,130.8107,-7.9723
89.1495,50.8125,-3.4078
-149.0804,110.2318,-7.2741
-70.6907,89.6286,-5.3912
19.5392,66.2279,-4.2378
20.9242,65.7765,-4.2680
-124.5590,101.8371,-5.8760
194.2940,22.0149,-2.4740
17.5002,66.1102,-5.1303
-63.8540,85.4324,-6.6628
-251.2521,131.6948,-9.4090
6.5288,67.8521,-5.6362
-65.2892,85.1792,-6.9414
18.8012,64.2495,-4.5162
244.1595,8.7447,-2.0456
-121.8784,97.6847,-5.7984
-243.7419,126.8331,-7.3845
-2.2242,68.2697,-5.2152
-184.3833,111.5749,-7.8469
-2.6902,67.6706,-5.3546
-240.1870,124.6810,-9.3037
-67.7539,81.9704,-5.7427
-118.8321,93.8396,-6.8626
-123.6235,94.9667,-6.9468
68.1171,49.4306,-4.5797
-122.0158,94.4388,-7.0045
-242.8154,122.8152,-8.5469
-243.6909,122.4250,-8.3688
-121.7613,93.5972,-7.8316
-239.9490,121.2111,-8.2775
-244.5147,122.1597,-8.3741
-241.3805,121.3909,-8.3130
-5.4801,65.9897,-4.9363
-0.9590,64.8601,-4.7241
-245.0463,121.8371,-9.0908
-101.0586,88.1076,-6.1200
59.3776,50.5229,-3.6998
-12.0255,66.9881,-5.8605
-243.0255,120.8184,-9.0751
-11.3241,66.6551,-5.9624
-10.5823,66.4573,-5.9324
-10.3253,66.2196,-6.1877
-12.2452,66.4153,-5.3902
-100.9643,86.8073,-7.3624
68.0384,47.6333,-3.6846
-148.2743,97.5372,-8.0515
-189.9476,105.7899,-6.8551
-192.0079,106.2086,-7.3192
-114.6664,88.3109,-7.6720
-119.9388,89.3669,-6.1244
-191.6153,105.6520,-7.8237
219.0744,11.9031,-2.2906
219.4911,11.7742,-2.4484
-125.8848,89.3237,-7.8240
185.2595,19.2319,-3.0811
-40.0122,69.4581,-5.8085
99.1165,38.2559,-4.2825
70.5725,44.6076,-4.9344
-143.8885,91.6435,-7.4178
-114.6852,85.0782,-7.7819
-143.1415,91.3733,-6.1592
-240.4087,112.9221,-7.8901
-115.8355,85.1000,-7.7164
-116.0006,84.7178,-6.7855
108.1805,35.0826,-3.5718
104.2254,35.8951,-3.5695
107.4883,35.1301,-3.7150
-115.6001,83.6455,-7.5420
-63.0438,72.1405,-6.5101
107.3042,34.9324,-3.5197
-66.3671,72.7125,-6.1175
-113.7874,82.7238,-7.3822
-114.2207,82.4972,-7.1396
107.7058,34.3201,-3.8350
-117.4924,82.9682,-7.0780
115.2771,32.5524,-4.2170
106.0932,34.5224,-4.1343
105.0698,34.3580,-4.3671
-114.9397,81.0885,-6.7669
97.1275,35.7659,-4.5114
-113.6615,80.0004,-6.9873
-116.7919,80.5983,-6.7387
-113.9347,79.9266,-6.6568
88.7906,36.7260,-4.6453
89.2026,36.5044,-4.1003
-129.7217,82.2778,-8.0583
-257.9523,108.9568,-9.1458
32.1519,47.8688,-4.3576
-8.0758,56.2077,-5.1709
-6.0471,55.7807,-5.2488
-258.6153,107.7185,-7.2681
-62.8170,67.1193,-6.1919
-112.1139,77.1026,-6.5112
-6.7127,54.8022,-4.9898
79.6900,36.9589,-4.4664
76.5090,37.5304,-4.2787
-261.9281,106.5529,-8.4997
-200.1990,93.9185,-8.8793
177.8365,16.6311,-2.6118
178.3883,16.3610,-2.7509
180.9817,15.8107,-2.7044
45.2063,43.0159,-4.5790
36.6703,44.6763,-4.4527
40.3881,43.9007,-4.1883
80.9149,35.3780,-4.7098
-176.0716,86.6210,-7.6701
-175.5721,86.3938,-8.4883
-83.3668,67.6435,-6.4668
-104.0906,71.6734,-7.0929
-65.6098,63.9079,-6.8829
-162.1984,83.0517,-6.7108
56.9081,39.4687,-4.2464
42.1372,42.3725,-5.0573
43.0460,42.1129,-5.0434
-109.5786,71.9630,-5.8919
-175.9888,84.0890,-7.9032
-177.8441,83.0749,-8.3816
-215.8800,90.4204,-9.1818
-217.4313,90.4135,-9.1487
-218.8775,90.6890,-9.1763
52.4285,37.9729,-5.1912
61.5970,35.7392,-4.1162
-244.4122,93.2080,-8.7969
-221.3336,88.4024,-7.8564
-168.9493,78.1925,-7.8960
-100.9306,65.1672,-6.3895
-218.2184,86.7176,-6.7231
44.5867,37.5353,-3.9154
-201.6742,82.5221,-7.3875
-220.4426,85.4944,-7.0683
-220.9989,85.5609,-8.6322
-169.7695,76.0275,-7.2337
129.9921,20.6796,-3.6033
46.4783,35.8698,-4.6723
-214.4153,83.0538,-8.5704
60.1187,32.2736,-4.2986
58.9854,32.3717,-3.7088
-222.2819,82.5074,-8.9386
-99.9016,60.5612,-7.4591
-79.1341,56.5779,-6.0802
-94.0598,59.1622,-7.3152
-221.1200,81.5538,-8.7606
-217.8623,80.7681,-6.8800
-87.1939,57.3019,-6.0037
-217.1218,80.1023,-8.6607
89.8223,25.8197,-4.3682
85.8436,26.4610,-4.2688
-222.8338,80.2858,-7.1438
-211.8692,78.3541,-9.1348
84.5747,26.6174,-4.3112
-118.3730,61.0144,-5.8896
88.5295,25.0498,-3.6911
-89.1826,55.4166,-6.2264
-225.7181,78.7382,-7.6868
42.2384,32.1770,-4.8619
-89.0616,54.3434,-7.2860
43.5844,30.9491,-5.2267
281.5551,-8.7153,-1.5693
105.4647,20.2026,-3.4414
-241.4961,76.7986,-8.9894
-128.9327,58.2721,-6.9752
-54.3765,45.8577,-6.0516
-57.4615,46.3297,-5.8110
-85.4214,50.5939,-6.2295
209.1840,2.4935,-2.2433
-225.3787,71.9159,-9.2157
-223.2587,71.2407,-7.5176
57.0955,25.5553,-4.0835
-234.2623,70.4493,-8.4360
277.7331,-9.5752,-1.4820
-90.7046,45.9016,-5.6968
-90.3322,45.8235,-5.2946
-89.4965,45.0469,-7.3344
-181.5442,58.3585,-6.6620
-87.6253,44.3542,-5.4458
-226.3755,64.8989,-7.1735
-42.5051,36.5553,-5.0753
102.9829,14.7749,-3.8377
39.9530,23.8124,-5.2954
-229.5718,61.9236,-8.9671
-230.6782,61.4425,-8.8846
39.9648,22.8991,-5.2696
39.7239,22.3963,-5.1250
-89.4876,39.9347,-7.1156
-63.2777,36.1525,-6.3220
101.7209,13.0404,-4.1086
-175.2374,49.1930,-7.2537
57.7927,17.8315,-4.6040
-42.5309,31.1217,-4.8621
-173.6092,48.5701,-7.4770
-178.4952,49.0113,-7.8344
-179.4740,48.9332,-7.5779
173.3436,2.0544,-2.5071
58.2196,17.0494,-4.2255
-179.6596,48.1475,-8.7068
-177.5758,47.8134,-6.2254
46.2951,18.0980,-5.0218
-93.9426,36.2844,-7.0504
-94.7909,36.1575,-6.2442
-89.6897,35.2820,-7.0608
-92.4007,35.5985,-6.9914
-94.0222,35.6987,-6.9206
-92.5166,35.4271,-6.7660
-86.3150,34.6270,-7.1126
-222.7372,51.7679,-9.3856
-143.4104,41.6185,-6.9205
40.8188,17.6609,-4.6482
77.4900,12.8127,-4.4548
-40.5799,26.4772,-5.3807
-252.7640,52.4257,-7.3971
-89.7577,32.1965,-6.2495
-174.9821,42.4549,-6.3298
-92.2564,32.1710,-7.1063
-147.0549,38.5351,-7.9911
-146.7519,38.4858,-7.8188
-243.1607,49.5604,-8.5540
38.1539,15.4366,-4.4119
-283.3719,50.7602,-8.0769
-276.0534,48.5610,-7.6102
-236.6204,43.0889,-7.8362
-238.1241,43.1762,-7.9308
43.4956,11.9144,-4.3764
-237.0571,42.6794,-9.4727
-283.6372,47.6673,-10.1351
-243.2222,42.9728,-9.5990
-226.7320,40.9257,-6.8341
-282.8684,46.8135,-10.0334
-283.8505,46.2972,-9.0960
41.4467,11.1255,-4.8684
61.0123,8.9472,-4.2139
95.5430,4.7466,-3.3552
41.6866,10.1643,-3.8992
-95.5496,24.4121,-6.4312
-97.4889,24.5933,-6.5990
41.7588,9.4745,-5.1671
25.8823,11.0018,-4.3124
-227.0882,36.9733,-7.4830
-226.2836,36.8176,-7.6040
-228.1212,36.9150,-7.6069
-226.3580,36.3533,-7.2338
43.8427,7.9765,-4.0839
182.0749,-5.8869,-3.0430
191.9118,-7.0260,-2.7888
-226.4354,33.6559,-9.2504
-239.8826,34.6070,-8.8403
-219.3641,32.0541,-7.4372
-265.2941,36.1754,-7.2151
-101.6849,19.7026,-6.5053
-221.4667,29.8591,-9.0543
153.7355,-5.4891,-3.4497
117.1106,-2.3697,-3.9184
-103.9975,16.3410,-7.4928
-193.0974,23.4624,-7.5626
-67.8688,12.5711,-5.7024
78.1669,-0.9251,-4.4037
164.7691,-8.3691,-2.6773
-39.7696,7.8714,-5.7889
-60.8954,9.4464,-6.5088
-193.5586,19.7477,-8.3297
-121.7074,13.6131,-5.8877
-120.3092,13.1912,-7.4045
-227.8731,21.4324,-8.1688
25.7915,0.2608,-4.6846
24.0330,0.3705,-4.6887
35.6633,-0.8932,-3.8822
-195.2490,15.4133,-7.5555
-61.1950,5.1507,-6.6798
-141.5297,10.3492,-7.7082
-107.8581,7.0723,-6.7496
-102.8387,5.9337,-6.7576
-159.6993,9.6003,-6.0584
-103.3456,5.7656,-5.7934
-112.8253,6.2853,-7.6081
-159.4298,9.0380,-6.2159
-197.5343,11.3712,-8.6729
-103.6862,5.2379,-6.9870
-122.9816,5.8744,-6.9338
-154.6398,7.8213,-7.4260
-95.5369,3.8806,-5.3445
-271.6074,14.6114,-9.3888
-159.2349,4.2163,-8.1545
-159.3616,4.1873,-6.9947
-183.8010,5.5257,-6.7950
-148.7236,3.4853,-7.4450
30.2501,-6.6208,-5.0921
-178.3773,4.2323,-6.2152
-155.1434,2.8025,-7.6503
35.9399,-7.5903,-5.1677
-152.8850,2.2463,-6.8146
-76.1182,-2.1596,-5.0795
6.2714,-6.7026,-5.7905
31.0322,-8.0186,-4.2051
25.3991,-7.8342,-4.0494
-159.1705,1.3390,-6.3636
-203.7541,3.5044,-7.3860
7.5836,-7.9291,-5.3377
-174.3335,-0.0838,-7.2440
-174.1062,-0.1149,-6.9935
7.0696,-8.5287,-5.7833
20.6166,-9.2471,-5.1290
20.5280,-9.3047,-5.1128
-156.3654,-1.2668,-7.0817
-181.4379,-0.2197,-6.6962
-105.2757,-3.9113,-7.2961
121.3131,-14.1387,-3.9516
-182.1446,-0.5361,-6.5724
-176.7011,-0.8094,-7.3864
-107.1514,-4.0101,-7.0409
-70.9436,-5.6364,-6.4531
-176.0957,-1.2007,-7.5421
-252.3424,2.0935,-9.1368
-264.0631,2.3492,-8.6774
-184.6925,-1.1669,-7.2532
38.3902,-10.9590,-5.0330
-247.0467,1.2413,-7.8984
-178.9958,-1.6951,-6.7220
-240.8865,0.8302,-6.9249
-249.8314,1.0494,-7.6502
-243.4237,0.7132,-7.3698
-268.3915,1.6092,-7.2026
-255.2234,0.9442,-7.2516
-263.8314,1.1433,-8.0278
-261.3331,0.6343,-8.3015
-253.5707,0.2473,-7.3728
-254.1956,0.2053,-9.1802
-277.1825,1.0190,-7.6497
-242.2466,-0.4362,-8.0014
-261.5030,0.2445,-8.6795
-265.3686,0.3938,-8.3201
-175.8818,-3.3580,-7.6162
-265.7730,0.2748,-9.0662
-182.1532,-3.1172,-6.4074
-177.0912,-3.3742,-6.9446
-255.5298,-0.2448,-8.4051
-254.7173,-0.4903,-7.7228
-251.8991,-0.6782,-9.6696
-178.8453,-3.6095,-7.7689
-265.6548,-0.1877,-9.4719
-265.9070,-0.2296,-9.5593
-265.5938,-0.2955,-9.7533
-186.5637,-3.5301,-7.5140
-183.3973,-3.6856,-7.0922
-257.0312,-0.8203,-8.0408
-109.7517,-6.6035,-6.8802
-247.1248,-1.2151,-7.2236
-247.9531,-1.2289,-7.5994
-267.5689,-0.5824,-9.4867
-267.6844,-0.6049,-9.6246
-173.1945,-4.3026,-7.1451
14.1767,-11.6505,-5.0215
-266.7815,-1.0158,-9.4688
-187.1498,-4.1887,-7.1490
20.7924,-12.1714,-5.4480
-101.3281,-7.9325,-6.4600
-114.5634,-7.4951,-6.1112
38.4707,-13.2112,-3.8922
-252.9979,-2.6848,-8.6248
-176.6207,-5.5854,-6.2284
-248.5571,-3.0591,-8.6686
-175.7420,-5.7437,-7.0396
-249.8947,-3.1160,-7.4694
-114.2041,-8.2234,-6.2267
-111.2206,-8.4000,-6.4692
-102.7671,-8.7389,-6.2502
-98.8527,-8.9408,-6.1825
-285.9837,-2.5402,-9.1460
-211.4137,-5.7386,-8.8059
-97.5483,-9.6661,-5.7379
-171.7976,-7.5285,-7.4013
-177.7443,-7.3385,-6.6116
-264.1521,-4.9974,-8.0535
-101.1350,-10.3823,-6.3573
-167.9487,-8.5279,-7.1029
-252.0081,-6.4767,-9.0511
-111.2744,-11.5900,-5.7328
-180.9677,-9.5998,-6.5517
-171.1522,-9.9397,-6.7460
-204.4526,-9.6834,-6.4799
-182.2434,-10.9279,-8.4197
-235.3185,-9.5928,-8.6240
-235.3437,-10.2592,-8.5271
-179.1832,-12.1447,-7.9845
-231.8902,-10.9651,-7.0807
-231.5946,-11.2515,-7.1850
-231.0177,-11.5446,-8.9675
-231.3671,-12.0142,-8.3712
-243.0411,-11.9463,-7.1820
99.9083,-20.0717,-4.1891
-216.8074,-14.1918,-6.8780
96.9948,-20.5828,-3.9016
-256.6201,-14.1260,-7.5088
-238.2914,-14.8109,-6.9922
-226.7713,-15.0318,-8.1689
-98.4283,-17.4012,-6.0407
-239.1823,-14.9399,-7.0015
-220.0304,-15.8493,-8.7222
-104.3655,-17.8457,-6.1823
-97.1851,-18.0756,-5.6039
-99.9327,-18.1130,-5.6256
-105.2119,-18.0694,-6.3884
75.5998,-21.1518,-3.8374
-225.3091,-16.4941,-8.6397
-106.4320,-18.3744,-7.5218
-119.6510,-18.4326,-7.7112
-278.1490,-16.2751,-8.9437
-202.9507,-17.7897,-8.9934
-283.5873,-16.7753,-9.5570
-203.1071,-18.6948,-8.2635
-230.9448,-18.4521,-9.2340
-228.6663,-18.5211,-6.7545
4.0214,-21.5711,-4.8687
-232.5607,-19.1302,-8.3523
-203.9877,-19.6763,-7.7334
-230.8781,-19.4530,-9.3548
-235.9921,-19.6818,-9.4116
-232.4767,-20.0255,-9.3998
-224.3515,-20.1753,-6.7767
-201.0278,-20.6339,-7.0760
-230.5390,-20.6300,-8.1321
-284.4169,-20.3594,-7.9869
-220.5312,-20.9208,-8.4135
-182.6623,-21.8001,-6.5057
-177.5361,-21.9067,-6.2490
-195.5199,-22.1824,-7.8532
-190.0689,-22.3284,-7.6778
-194.1798,-22.5426,-7.4957
-188.7149,-22.9135,-8.5919
45.0737,-24.4343,-4.4975
-182.8588,-23.8622,-8.3682
-289.1109,-23.4989,-8.8642
-221.9124,-24.0373,-8.7676
-288.6874,-23.8716,-8.8419
19.7957,-24.9717,-4.7037
-184.1078,-24.3757,-6.8921
-226.4401,-24.4395,-9.0344
-177.9702,-24.9980,-6.3610
-46.8155,-25.3923,-6.3562
23.7953,-26.0057,-4.3302
-114.5051,-26.2056,-6.7560
178.3666,-26.1745,-2.7661
-50.2285,-26.3480,-6.4989
-189.0752,-26.8049,-6.6998
-280.0798,-29.0926,-9.1184
39.5266,-27.6751,-4.1039
-280.3996,-29.2517,-9.1752
-276.6994,-29.2430,-9.0612
-174.1761,-29.5342,-7.3889
-193.8390,-30.1178,-7.3161
-114.9442,-29.9436,-6.3990
35.6415,-29.0198,-4.4577
-66.8206,-31.0397,-5.2831
-116.9788,-31.7330,-7.1597
-63.8110,-31.1538,-5.3286
-67.1355,-31.3015,-5.5862
-68.3890,-31.4855,-6.4062
-139.7980,-32.4462,-7.6831
-65.3034,-31.7309,-6.3490
-144.2917,-33.0448,-8.0229
-37.5649,-31.6702,-6.2122
-146.2473,-33.3332,-7.5258
-143.3680,-33.3111,-7.4868
-123.0966,-33.6270,-6.1429
-120.8811,-33.6553,-5.7342
-37.6953,-33.2515,-5.5352
-119.1986,-35.1365,-6.6909
35.0117,-32.8167,-4.4204
-265.8782,-38.9823,-9.1679
-121.8445,-36.4655,-7.5527
18.1637,-33.6273,-4.8117
-154.2033,-37.6948,-7.7434
9.7278,-34.7593,-4.9420
-225.3284,-40.5075,-8.5804
-225.3152,-41.0106,-8.3925
-225.4840,-41.1368,-7.3496
33.6876,-35.9961,-4.2166
36.8195,-35.9195,-4.3900
31.5569,-36.1187,-4.4050
-222.9670,-43.7432,-8.5559
-135.9198,-41.4835,-6.0357
-104.0294,-40.7650,-5.4382
-207.0313,-44.7258,-8.1885
-226.6205,-45.3827,-8.4201
38.2971,-37.1734,-5.2711
-140.3134,-43.0085,-6.5955
-136.3338,-44.0505,-7.4644
-138.9874,-44.5925,-6.9053
-139.4960,-44.6544,-6.2911
-139.5877,-44.8256,-6.9972
-130.6045,-44.6400,-7.0126
-132.8577,-44.9905,-6.0011
-143.2117,-45.5921,-6.6583
-123.8073,-45.0476,-6.1391
-137.4970,-46.0936,-7.6275
-137.7776,-46.1410,-7.3749
-84.8902,-44.9315,-6.8238
-216.2366,-50.7499,-9.2185
-105.5766,-47.3319,-6.7587
-215.9435,-52.6148,-8.4088
-216.5755,-53.8241,-7.4041
74.7032,-40.4619,-3.9650
-180.5520,-52.2785,-8.2598
-218.4186,-54.0760,-7.2437
-70.9242,-47.6404,-5.3583
48.8156,-42.0529,-4.3275
-92.7927,-49.0778,-5.5440
28.6072,-43.5569,-4.4989
27.1385,-43.6913,-4.5937
63.0784,-43.1030,-4.3458
61.5609,-43.2740,-3.7192
-181.0756,-56.4605,-6.7561
-218.4776,-58.4948,-8.3402
-50.0764,-49.9078,-4.9649
-145.3690,-55.1250,-7.6496
-205.0576,-58.5269,-8.8309
-67.5220,-51.3161,-5.4998
-69.7030,-51.6729,-5.3137
-207.7717,-59.4154,-8.1107
233.3054,-34.7325,-2.2491
-71.5643,-52.2832,-6.7417
31.2110,-46.5869,-4.9828
-70.0659,-52.5362,-6.5796
34.0499,-46.7917,-3.8961
20.2283,-48.4584,-5.5521
23.2691,-48.4212,-5.3591
-95.0594,-55.8671,-6.4888
-177.3527,-61.0488,-6.3418
278.7341,-32.8215,-1.5747
-73.9857,-55.2411,-6.8002
14.6866,-50.3081,-5.4288
-190.1750,-63.8786,-6.9690
-193.4815,-64.4227,-7.3120
-179.4333,-64.1646,-7.5403
-180.6269,-65.0115,-6.2872
-168.9109,-64.5239,-6.6166
-182.1770,-65.6985,-6.3587
-174.9712,-65.3640,-6.1647
-168.1375,-65.1621,-6.8343
-172.8800,-65.4984,-6.3695
-171.8180,-65.5293,-6.1424
-231.7758,-70.1850,-7.9407
-168.9066,-65.8948,-7.1571
-182.7630,-67.0659,-6.4090
-160.1729,-65.5152,-7.1907
-155.8963,-65.3057,-8.0588
-16.0988,-55.2276,-5.7015
75.9377,-48.5863,-4.2493
-87.6874,-60.4652,-6.3030
-162.9049,-65.9559,-6.9932
63.0455,-49.7729,-4.5161
-162.9565,-66.2832,-6.6782
-14.8438,-55.5157,-4.5114
68.1545,-49.5506,-4.1395
69.9331,-49.5944,-4.7280
79.4962,-48.9711,-4.0322
-266.3776,-74.9591,-9.8318
-174.3581,-68.1255,-7.9682
-165.9440,-67.7450,-7.1424
70.8321,-49.9982,-4.8271
-165.6447,-67.9902,-7.4692
66.7266,-50.4000,-4.5332
-164.9767,-68.1414,-7.5032
-169.7112,-68.5246,-6.8540
-164.6607,-68.2824,-6.6150
70.3579,-50.3632,-4.4876
-168.3214,-68.8203,-8.1834
-168.8808,-69.1549,-7.9709
6.1049,-55.6198,-5.7911
5.7387,-56.3800,-4.9907
4.2899,-56.6260,-5.0763
-237.2705,-76.3064,-8.5978
-279.7579,-81.7686,-8.3323
-279.0231,-81.8207,-8.7523
-234.8154,-78.2711,-8.8790
-278.9343,-81.9725,-9.4987
74.1857,-52.5520,-3.8343
77.5397,-52.3280,-3.4571
-277.6076,-82.5050,-9.8230
79.4081,-52.2171,-4.6122
84.1287,-52.0969,-4.2262
-236.2261,-79.7118,-8.9844
210.7418,-41.5036,-2.6437
-235.9846,-80.6991,-8.8437
-237.6261,-82.0102,-8.4977
-239.7208,-82.2008,-8.4867
59.6788,-55.4411,-3.9475
-174.9070,-76.7401,-6.5649
62.8547,-55.4258,-3.9389
-8.5059,-62.0814,-5.3977
-180.7759,-78.2136,-8.3586
33.8775,-58.5417,-4.0294
109.8596,-51.5976,-3.9568
-186.3673,-79.2141,-7.0525
-109.4008,-72.2118,-7.1796
209.9064,-42.7948,-2.6479
58.7845,-58.1286,-4.1098
-239.0886,-88.3388,-7.8578
-239.4543,-88.4365,-7.0693
-240.8706,-88.6017,-7.2628
-108.7541,-76.1333,-6.7455
-187.6474,-86.0935,-6.3094
277.3394,-37.8280,-1.3342
-88.2738,-79.6296,-6.1330
-86.8874,-80.2247,-5.8852
-200.9073,-94.3325,-7.5225
-144.3529,-90.8519,-6.4274
60.7247,-66.4477,-3.6497
65.1501,-66.3804,-4.5994
58.7819,-67.2873,-5.0459
-233.6755,-106.7866,-9.3557
-235.2215,-106.9934,-9.3714
-236.5376,-107.3938,-7.7090
-153.4967,-98.2779,-6.3837
-266.7976,-114.4415,-8.9759
117.9256,-62.8665,-3.3486
-131.0895,-97.1672,-7.9628
118.1964,-63.0607,-4.0199
-119.1428,-96.4925,-7.5794
8.4618,-79.6835,-4.9095
-30.4289,-85.3840,-6.2955
-29.4036,-85.2869,-6.2877
-121.3698,-98.7030,-7.7638
22.1737,-78.4522,-4.9436
-240.6896,-116.4997,-7.4046
-131.4032,-101.3028,-6.7726
-129.9165,-101.2583,-6.9132
-133.1819,-102.0184,-7.3383
64.0410,-73.6449,-4.3579
66.6171,-73.3295,-3.9120
-243.9419,-119.7719,-8.5733
-118.8053,-102.0925,-6.5841
-256.7799,-123.0320,-8.7201
-254.7592,-122.7838,-8.7744
38.4144,-79.0254,-4.7088
-125.4195,-104.0066,-7.1393
65.5613,-75.0470,-3.6562
-247.8187,-122.9878,-7.2008
-112.3404,-102.4805,-7.4109
-123.9063,-104.6669,-6.6976
-108.5256,-102.4606,-6.6111
-113.1253,-103.2953,-6.2824
-127.9420,-105.9458,-7.4368
-108.3320,-103.3260,-6.9278
-26.1319,-91.0578,-5.4057
-245.2023,-126.5255,-8.7480
-27.3576,-92.5570,-5.1847
-249.0498,-128.8778,-8.8725
-233.2774,-126.4804,-8.7781
-254.7655,-130.9693,-7.5101
-253.0548,-131.4501,-7.8549
-253.8486,-131.7084,-8.2088
64.5325,-79.5861,-4.6928
-256.2420,-132.9922,-7.3388
-258.3072,-133.3909,-7.7169
-249.9690,-132.0078,-7.4680
-248.7432,-132.0178,-7.5314
-249.1518,-132.4807,-8.7635
-244.7095,-131.8564,-8.3374
-22.8334,-94.7693,-5.1670
-258.3140,-134.6636,-9.1605
5.2050,-90.4115,-4.4563
-258.5838,-135.0875,-8.0727
47.3136,-83.5210,-5.0003
49.9125,-83.1654,-4.8381
-245.1470,-133.2179,-9.7308
-244.6397,-133.6740,-9.7111
-245.7641,-134.3231,-8.3167
-256.0408,-136.7231,-7.4084
65.9597,-82.1325,-4.2026
66.9162,-82.1366,-3.6517
-238.3539,-135.7855,-9.1565
-240.1052,-136.6004,-9.3683
67.6009,-82.9661,-3.9137
-234.4539,-137.0382,-8.1981
-239.3435,-138.3363,-8.8565
-233.9073,-139.0341,-7.1716
-234.8393,-139.5893,-8.4163
-68.9843,-110.2160,-7.0531
-233.3338,-140.6317,-8.0149
-233.3694,-141.9812,-7.9753
-233.7236,-142.2178,-7.8098
179.4266,-65.1484,-2.7447
32.5858,-93.1949,-4.4015
30.7747,-93.5847,-4.5130
-221.1333,-141.3608,-9.1350
-210.4269,-140.6311,-9.0606
-144.7728,-128.1490,-8.0728
-75.1618,-115.3416,-6.3655
-217.5144,-143.1369,-7.7955
20.5120,-97.5174,-5.3341
-13.3577,-104.8137,-5.8498
-229.4925,-147.3602,-8.5652
-11.2855,-104.5482,-5.8113
-10.6270,-104.4968,-4.7008
-243.7841,-151.4406,-8.4558
-83.9752,-120.2555,-5.7204
-222.4620,-148.1559,-8.7974
-236.7865,-151.0576,-9.3698
-227.7510,-149.3838,-8.9496
30.3438,-98.0310,-4.5440
-13.1112,-106.9404,-4.6425
30.8850,-98.0631,-5.5445
13.2642,-102.7027,-5.4921
19.4402,-101.7870,-4.2154
21.0069,-101.7729,-4.6340
177.0409,-69.6368,-2.7623
-183.2625,-144.3430,-8.3022
29.8217,-100.5427,-4.0116
19.7778,-102.8516,-5.6086
15.4149,-104.2933,-5.7530
-103.3088,-129.6525,-6.5640
-96.2230,-128.1780,-6.5027
-42.6819,-117.0369,-5.4970
-75.0264,-124.1770,-5.5954
14.4483,-105.2233,-5.2957
12.1447,-105.9190,-5.1703
1.2490,-108.3783,-4.6572
10.2720,-106.4781,-5.2293
12.1673,-106.1218,-4.9934
15.5022,-105.5538,-5.6904
12.5532,-106.2330,-4.6597
16.1271,-105.4938,-4.7092
26.4509,-103.3650,-4.7038
23.4787,-104.0470,-4.7453
6.9084,-107.6068,-5.7475
-2.1699,-110.0145,-6.0162
-5.1175,-110.7169,-6.0733
19.0390,-106.2151,-5.4066
-221.9906,-159.6004,-7.2868
-224.7987,-161.0735,-8.0989
24.2438,-106.7812,-4.2410
-227.0403,-163.7922,-9.0825
-229.3271,-164.4350,-9.2345
-38.5289,-121.9032,-4.9021
-32.5375,-120.9255,-5.2287
-97.8373,-136.0270,-5.9857
16.1351,-110.4011,-5.6448
21.2203,-109.3906,-4.6104
17.6532,-110.2321,-5.1905
17.5001,-110.5062,-4.5518
17.4656,-110.6010,-4.4416
74.6972,-98.1700,-4.8075
19.3187,-111.0469,-4.1505
22.4234,-110.6874,-4.5865
72.8427,-99.5065,-4.8875
15.8796,-112.9549,-4.3568
73.6649,-99.7438,-3.8809
10.6907,-114.6895,-4.3984
-31.7106,-125.0319,-6.1630
-36.0805,-126.1121,-6.4763
-36.0374,-126.1349,-6.3798
21.3385,-113.6500,-5.1930
75.1680,-100.8220,-4.4045
11.5652,-116.3331,-4.8207
21.1729,-114.1206,-4.7988
-174.6184,-161.5461,-8.7491
-187.3885,-165.0500,-7.8362
-40.5149,-129.7388,-5.2403
-38.9432,-129.3860,-4.8938
-86.8791,-141.0664,-6.5973
-223.9581,-175.8033,-8.0178
58.6420,-106.8873,-3.8767
25.0618,-115.3071,-5.4083
182.6797,-77.2927,-2.3675
-178.8126,-168.4685,-7.5993
-177.5173,-168.1692,-7.7968
-160.9467,-165.0729,-8.3664
-220.9634,-180.4356,-9.0226
-43.4046,-136.1619,-4.8890
-163.7436,-168.0188,-7.3210
85.5459,-103.9506,-3.5441
29.2770,-119.1947,-5.4483
6.0128,-126.0717,-5.9342
185.2615,-79.1254,-2.6300
34.0703,-119.6029,-4.0750
33.2911,-119.8640,-4.3602
-171.3531,-175.5191,-6.9774
-86.4804,-153.5176,-6.1770
0.9696,-130.0225,-5.8402
119.1925,-99.1229,-3.5224
-170.6768,-178.2369,-6.4185
-90.2581,-156.3406,-6.7916
-168.4326,-177.7057,-7.8896
5.4282,-130.5040,-5.5192
15.9495,-128.6525,-5.3501
6.4329,-131.5252,-5.9092
9.1360,-130.9712,-5.7866
13.4615,-129.8322,-5.7610
15.7204,-129.2597,-5.6528
13.9506,-130.0899,-5.7294
18.1370,-129.2720,-4.7746
-99.5706,-162.7728,-7.6624
26.3633,-128.4369,-5.0425
-98.7540,-164.8816,-6.5908
-97.6225,-164.8153,-6.7088
24.3415,-129.9566,-5.1362
15.6280,-132.5649,-5.0621
-94.9810,-164.4625,-7.6509
20.8301,-131.3639,-4.4798
-99.4456,-166.8995,-7.3881
32.2551,-129.2025,-4.3244
27.7074,-131.4125,-5.4897
25.9597,-131.9754,-5.4667
19.5366,-134.8337,-5.0261
20.8309,-134.9590,-4.4284
21.8828,-134.7435,-5.6341
19.3572,-135.8003,-5.3979
35.5085,-131.7282,-5.4011
-164.6633,-193.0477,-8.0484
4.8927,-142.0667,-5.3800
0.6130,-143.3978,-4.4111
-29.7110,-152.8266,-6.3550
-13.3824,-148.0667,-5.7666
26.4704,-136.1487,-4.6882
-203.0244,-206.4818,-8.7323
25.3811,-137.0206,-5.3212
-32.3641,-154.7749,-4.8430
-77.6159,-169.0692,-5.5574
-78.0039,-169.2084,-5.5898
-115.6053,-181.9692,-7.6102
30.1489,-136.7864,-4.5565
-115.0480,-181.9878,-7.9904
31.0634,-137.1754,-4.3876
-114.4845,-182.7246,-7.0313
33.8538,-136.6121,-4.4220
36.1915,-135.8908,-4.1357
-141.9225,-192.1457,-7.9611
-201.0134,-210.8039,-9.1676
-80.9847,-173.7351,-7.0019
-142.2899,-193.6222,-7.7396
20.5638,-142.1724,-4.5203
14.7319,-144.1081,-5.4093
11.8039,-145.1310,-4.6600
11.6605,-145.5412,-4.5248
11.1151,-145.7780,-4.5224
15.7484,-144.4083,-4.5534
58.5388,-130.7887,-3.9986
37.8105,-137.4033,-4.2652
40.0879,-137.2661,-5.0105
14.7519,-145.5018,-4.9475
17.7795,-145.2528,-4.8351
19.7952,-144.6300,-5.1464
13.1970,-147.0149,-4.5465
30.4105,-141.7458,-4.1775
-80.2680,-177.6785,-6.0196
20.7532,-145.0983,-5.0893
14.9494,-147.1007,-5.0440
-78.8571,-177.8205,-6.1529
21.0097,-145.3295,-5.1539
-109.2855,-188.0200,-6.2287
19.8947,-145.8974,-5.3641
29.3045,-142.9478,-5.2721
26.8188,-143.8375,-4.8804
30.4418,-142.9892,-5.1787
1.8425,-152.3946,-5.1947
23.5507,-145.3575,-4.9822
0.9170,-152.8194,-5.7165
34.8811,-142.5315,-4.7449
24.8823,-146.3017,-5.0567
-134.8798,-200.0880,-7.2320
-107.9795,-191.2925,-7.2175
-132.9969,-200.8550,-7.3685
-152.0114,-207.5926,-8.4197
-133.1251,-202.0351,-7.3647
-138.2638,-203.8620,-6.1891
-139.7642,-204.5493,-6.1130
-132.4725,-202.0965,-6.1546
-134.2070,-202.7156,-6.1473
-130.9972,-201.7231,-6.5681
15.9131,-152.7796,-5.4718
-100.6502,-193.7614,-7.7908
-106.3959,-196.0304,-7.5704
-101.4576,-194.6506,-7.6133
-100.4299,-194.3595,-6.7638
74.5009,-134.0325,-3.8968
18.0844,-153.5580,-4.3408
-19.1284,-166.8593,-5.0950
-111.6295,-199.0725,-7.9789
35.5666,-148.0362,-5.2877
28.4781,-150.7712,-5.6892
-103.7735,-196.8225,-6.6176
18.4910,-154.3001,-4.7274
28.6635,-150.9884,-5.0801
-99.3596,-195.9639,-7.1556
-98.2769,-195.6031,-6.5031
35.6613,-148.8477,-4.8324
-83.8798,-190.9572,-6.6357
18.8030,-155.1568,-5.1338
-94.2953,-195.8482,-7.0113
-101.4943,-198.7279,-6.0479
-95.2053,-196.7900,-5.8422
42.4965,-148.1469,-4.5557
-85.1690,-193.3907,-6.5511
-98.4119,-198.1115,-5.8813
-104.9099,-200.4141,-6.9521
-102.6064,-199.7359,-5.8807
-90.5068,-195.6012,-6.8891
26.7607,-154.0316,-5.4553
-94.4514,-197.1332,-5.7777
-104.8074,-200.8321,-6.6376
-90.1490,-195.8333,-5.6971
-88.4517,-195.2568,-6.5889
-107.7960,-202.1667,-7.7810
-98.3683,-198.8635,-6.0181
-109.3912,-202.8055,-6.9302
28.3412,-153.7999,-5.3673
-96.6356,-198.3090,-6.8803
-103.4622,-200.7399,-6.0262
36.7604,-150.8594,-4.8485
40.8477,-149.4177,-4.5585
-107.2289,-202.3074,-7.0005
14.9435,-158.8019,-5.3211
7.3971,-161.4978,-5.5394
-107.0870,-202.4987,-6.5377
-103.8220,-201.3597,-6.7657
39.6606,-150.1718,-4.5544
-103.7321,-201.3963,-6.4760
189.5420,-96.6959,-3.0121
23.2595,-156.1809,-5.3421
-108.2582,-203.2294,-6.9716
-98.2401,-199.6589,-6.4165
13.7204,-159.6469,-5.0666
18.1186,-158.0938,-5.0182
18.1533,-158.1338,-5.1957
14.6203,-159.4945,-5.1846
6.0257,-162.6139,-6.1467
-114.5641,-205.8368,-5.8663
43.7396,-149.3172,-4.0009
-116.8879,-207.0102,-6.6152
37.4652,-151.6095,-5.3981
24.1250,-156.4568,-4.4566
9.2646,-161.9617,-4.9358
8.7150,-162.3199,-5.9824
-100.9087,-201.8703,-5.9772
19.9986,-158.3212,-5.1269
-16.5296,-171.5589,-5.6340
49.2598,-147.8827,-4.7095
35.3890,-152.9535,-5.5952
25.0482,-156.8415,-4.9081
-91.5726,-199.2093,-6.7441
34.3116,-153.7533,-5.2086
-106.9257,-205.0831,-6.6214
26.9178,-156.5864,-4.8351
-101.7199,-203.2354,-5.8804
-103.3065,-203.9940,-6.2572
21.6087,-158.7461,-5.3529
-100.5497,-203.2468,-6.6311
33.6666,-154.7886,-5.3025
247.3926,-76.9767,-1.9218
25.5357,-158.1205,-5.0572
35.1524,-154.7218,-5.5800
-105.3722,-206.2084,-6.9856
26.2041,-158.2292,-4.9756
21.1815,-160.1301,-5.4873
-87.7053,-200.0662,-7.0520
25.2103,-158.9935,-5.7251
26.4831,-158.7326,-5.6733
14.9100,-163.1615,-4.9460
-87.5934,-201.2061,-6.4978
-76.0596,-196.9668,-6.4413
-83.8567,-200.0284,-6.3534
-70.2108,-194.9977,-6.4651
-78.2211,-198.1708,-6.2253
-92.8042,-203.6147,-6.1105
-77.1318,-197.8242,-5.9098
28.3235,-158.8265,-4.3085
-86.1344,-201.3635,-6.8482
-71.3438,-195.9002,-6.3026
-90.7905,-203.2127,-6.3258
-74.8190,-197.3980,-6.5235
-82.9471,-200.4816,-6.5094
-76.0783,-197.9588,-5.9277
-103.6198,-208.2072,-7.0880
-59.2700,-191.7909,-5.5246
-74.3350,-197.3908,-6.9167
-76.4869,-198.1982,-5.9315
-69.0134,-195.5021,-5.9374
31.6880,-158.1548,-5.1654
-83.6564,-201.0838,-5.5151
-89.8182,-203.6267,-7.3284
-87.4213,-202.7694,-7.1759
-90.2179,-203.8246,-7.3940
-115.4633,-213.2725,-7.2470
-126.9765,-217.6225,-7.5725
-79.3624,-200.1073,-7.0905
-72.9423,-197.8609,-6.0314
-83.7723,-201.9641,-5.6021
52.9361,-151.1236,-5.1150
-116.3384,-214.4823,-6.5541
54.7384,-150.4812,-5.1868
-75.8476,-199.4929,-5.6393
57.1550,-149.7060,-4.7578
17.3757,-164.7467,-5.1993
-11.5904,-175.8505,-5.9562
198.4104,-97.1705,-2.3910
-12.9878,-177.1423,-5.3602
-20.6458,-181.0567,-6.5409
-15.9471,-179.3497,-6.0983
-16.0509,-179.4927,-6.4303
-19.5287,-181.1165,-5.7356
-17.7255,-180.5205,-5.8875
-15.5280,-179.7207,-5.8759
-16.4793,-180.2787,-6.1904
-16.5703,-180.3293,-5.6794
67.2025,-148.5842,-4.3230
-9.8240,-178.1872,-5.1484
-5.8464,-177.1461,-5.0855
-3.0389,-176.4246,-5.4811
123.0067,-127.9486,-3.2074
29.0831,-164.2101,-4.9409
-36.6758,-189.7870,-6.6822
-123.8885,-223.5099,-6.8405
-73.0450,-204.5024,-6.7359
-37.1592,-191.0259,-5.7627
22.1208,-168.0041,-5.4241
23.1870,-167.7065,-4.5791
26.1348,-166.6819,-4.3257
38.0273,-162.2410,-4.6724
-74.5915,-206.4455,-5.6479
-71.7768,-205.7186,-7.2056
-89.6005,-213.1504,-7.6348
160.6630,-114.9763,-2.7460
158.0087,-116.0731,-3.0351
-96.8047,-216.3013,-7.3090
159.1507,-115.7092,-2.9018
22.7352,-169.6913,-5.1359
209.9704,-96.1816,-2.7138
-90.3232,-215.9468,-6.1545
33.0300,-167.1135,-4.4603
36.8650,-165.7816,-4.1330
76.8987,-150.0055,-5.0070
71.7094,-154.5688,-4.4431
72.9224,-154.2880,-4.0848
71.6550,-155.7436,-3.9837
188.2515,-108.4602,-3.1269
-50.7440,-207.9538,-5.3605
30.6123,-174.6319,-4.3915
-50.2922,-208.4298,-6.0715
20.1856,-179.1696,-4.8679
-50.9702,-210.4626,-6.8452
25.0015,-178.9210,-4.7623
-95.2636,-231.4255,-7.0307
-50.9028,-212.7218,-5.2218
-87.4297,-228.5253,-5.8197
-50.3672,-212.8605,-6.2403
77.1816,-160.0971,-4.5787
32.7772,-180.4886,-5.6397
22.4532,-185.8939,-5.6445
34.0515,-181.0655,-5.2882
46.3096,-176.0578,-5.6292
31.3958,-182.8514,-5.4860
27.3104,-184.7706,-5.8594
31.7211,-182.9662,-5.8472
27.1755,-185.0356,-5.7530
20.8615,-188.0622,-4.3829
88.6097,-158.2239,-4.8009
34.1152,-182.3893,-5.8073
48.0463,-177.4818,-4.3615
-95.2360,-244.6151,-6.3270
-96.5283,-245.6316,-7.5936
-98.4279,-246.5790,-7.3182
-95.2589,-245.5074,-6.4971
92.9363,-160.9215,-3.9613
29.1234,-190.9618,-5.5159
-94.8055,-248.1988,-7.4696
139.9185,-140.0184,-3.7154
-90.9077,-247.4702,-6.2465
-98.9790,-251.8847,-6.2120
-98.7363,-251.8488,-6.2254
24.2116,-194.8931,-5.3041
18.5676,-197.6277,-5.1729
16.7012,-199.3626,-4.8711
12.8282,-201.2462,-4.8915
23.3275,-196.3916,-5.1486
-90.0734,-250.1456,-5.7658
29.0737,-194.5077,-4.6232
-90.0040,-250.7901,-6.4225
25.5719,-196.4104,-4.6179
30.0855,-194.3364,-4.5036
-95.7182,-253.6489,-7.9571
23.6397,-197.4191,-6.0162
-90.1099,-251.2047,-6.5591
21.5676,-198.7455,-5.2544
-35.3482,-226.4199,-6.2830
31.5936,-196.5009,-4.5213
97.9549,-164.9149,-3.5169
100.0616,-164.4684,-4.2560
97.1066,-165.9935,-3.7655
103.3656,-162.9904,-4.0792
28.4092,-199.5144,-5.7917
22.0709,-202.5858,-5.5670
24.6839,-201.5422,-6.0977
-56.0025,-241.3876,-7.1655
26.9682,-201.4875,-5.1578
27.7408,-201.2271,-5.6700
31.6819,-199.7585,-5.2553
17.4126,-207.3523,-6.0654
-87.1716,-260.1044,-7.8946
24.8932,-205.6336,-5.6318
26.6565,-204.7882,-5.4877
75.4187,-181.9013,-5.3118
25.2361,-207.0890,-5.6593
91.0119,-174.2217,-4.8490
75.2372,-182.1709,-5.3222
198.6922,-121.2630,-2.4724
-31.4064,-239.2892,-6.9932
-88.1224,-268.9594,-7.4519
9.9568,-222.3029,-5.9592
53.6298,-201.0573,-5.1520
18.0948,-219.8349,-5.9042
71.2189,-192.9943,-5.3418
-83.0664,-276.7513,-7.8431
27.3029,-218.1868,-5.7121
16.9248,-225.7053,-4.7814
-56.2044,-266.5208,-7.3519
241.6660,-105.6654,-1.9494
35.0389,-219.1113,-4.6243
-20.5350,-252.2827,-6.6531
73.5040,-200.5390,-4.1097
-34.6519,-262.3773,-6.9591
114.6029,-178.7646,-4.4403
-40.9746,-266.0935,-6.9090
111.1924,-180.8202,-3.5554
113.9435,-180.5204,-3.6514
-41.4582,-270.4445,-5.8563
-38.5481,-269.0565,-5.7982
-38.2312,-270.5763,-6.2365
-28.6745,-266.7461,-5.7790
-50.0076,-279.4210,-5.5989
-34.3712,-276.9527,-7.1030
-30.7362,-275.5779,-7.2196
-33.2964,-277.1871,-6.8648
-36.6214,-279.4661,-6.5661
-35.4602,-278.8660,-7.0553
-34.9613,-278.8067,-6.7489
-38.9887,-281.2194,-6.6407
16.0024,-248.3903,-6.4236
60.5047,-222.1770,-5.1815
34.4728,-238.3921,-5.0693
-33.3706,-279.6899,-6.5886
180.8126,-150.6400,-3.1795
-34.1613,-280.8739,-6.7708
60.5876,-223.7309,-5.4563
-35.4439,-282.2830,-6.8759
-27.2957,-277.9757,-7.0572
60.2904,-224.8093,-5.6793
-33.1517,-281.6397,-7.1194
100.3850,-200.4397,-3.7569
200.2561,-139.8851,-3.0265
200.8127,-139.5663,-3.0879
160.8354,-164.5730,-3.4504
66.0922,-223.3201,-5.6729
67.4013,-222.6021,-5.1681
-22.9319,-281.3190,-6.4450
190.8444,-148.8154,-3.3168
119.0962,-193.7419,-4.5634
188.8344,-150.3305,-2.6465
81.5010,-217.7219,-4.6970
176.2062,-158.4604,-3.6558
113.4455,-199.3668,-4.9421
115.2567,-198.2965,-4.8842
68.6266,-228.1229,-5.3966
85.4110,-219.1666,-4.3911
68.6413,-230.0048,-5.3283
69.5686,-231.0665,-5.5584
10.3945,-270.4565,-6.2693
10.9814,-272.0871,-5.2971
72.1654,-232.8788,-4.7270
122.0344,-200.1861,-4.1627
117.7052,-205.1897,-3.6150
245.6809,-120.5530,-2.3645
247.8125,-119.2449,-2.2890
72.0597,-238.8763,-4.1951
68.3822,-243.0570,-4.2641
204.2824,-151.8861,-3.0399
26.8327,-274.4662,-5.6904
203.1997,-153.0644,-3.3409
75.5246,-244.7974,-4.3389
76.7538,-244.1367,-5.4224
188.2492,-166.6284,-3.6625
74.0999,-248.2539,-5.3418
75.6423,-247.3558,-4.2779
187.1187,-168.4672,-3.3301
120.2897,-216.1626,-3.8378
204.0215,-156.5667,-2.7492
187.5085,-168.5432,-2.8635
187.5392,-169.0856,-2.8071
75.4787,-250.4256,-4.4488
197.9320,-163.2045,-2.7071
198.6913,-162.9715,-3.1433
205.4875,-158.2163,-2.6604
120.5279,-221.7503,-3.7965
118.2950,-223.7036,-4.4757
82.0763,-252.2933,-5.7845
123.1767,-222.9124,-4.2194
123.2311,-222.9583,-4.0343
125.6099,-223.4178,-4.1281
99.3935,-244.1097,-5.2326
217.2122,-155.6715,-3.0852
86.4266,-255.9033,-4.2329
88.3182,-255.2027,-4.9109
90.0751,-255.0294,-5.3848
75.5716,-266.7847,-4.4222
91.8326,-254.9734,-5.4146
51.7057,-286.2369,-5.2315
69.3395,-276.4706,-5.2485
68.4672,-277.7757,-4.4615
191.3128,-181.0824,-3.6215
191.5038,-181.2193,-3.4867
99.1573,-257.3307,-4.8979
101.2454,-258.7832,-4.5023
212.5903,-169.2555,-3.3113
102.0352,-260.7332,-4.3323
135.4334,-234.2704,-3.8665
137.7965,-234.5224,-4.3680
108.1611,-260.8036,-4.8845
110.3484,-261.0495,-4.8121
110.1801,-261.3011,-4.7671
249.8021,-148.1161,-2.7227
200.5770,-194.5029,-3.5412
248.0518,-152.3502,-2.1225
246.5483,-154.0047,-2.3584
247.8883,-153.9195,-2.1438
171.5370,-235.1120,-4.4667
243.1531,155.6071,-2.0449
251.2019,144.2458,-1.5061
242.2914,147.4597,-2.4200
243.0740,146.4739,-2.4008
163.2971,240.7328,-2.8043
233.4693,150.3572,-1.7253
218.8393,166.8177,-2.3168
164.1602,227.7467,-3.5744
153.2169,240.1371,-3.3843
221.9688,160.5842,-2.6000
236.5505,143.2130,-2.3258
236.2415,141.6390,-1.4996
165.6268,215.0793,-3.2454
163.5124,200.6441,-2.2015
219.2847,139.4996,-1.7212
218.7953,139.4471,-1.6393
157.2058,195.6593,-2.5781
157.8321,190.1143,-2.2754
154.8175,191.3061,-2.2774
130.1419,214.3046,-2.9197
93.9092,246.9752,-3.2840
93.0771,246.9079,-4.2370
127.3762,214.4033,-2.9177
72.7489,264.1723,-3.8413
70.4020,265.9819,-3.2337
154.5564,187.4937,-2.5689
229.4240,118.4531,-1.8837
90.4166,243.6777,-3.8581
89.2656,243.4111,-2.9838
132.7356,203.5809,-3.0978
209.8314,130.3337,-1.8421
29.2672,289.3542,-4.3363
209.5944,129.8547,-2.5718
149.7335,182.3697,-2.6433
204.3764,134.3422,-2.5250
206.3049,132.6223,-2.4875
204.5121,134.1165,-2.4006
26.9734,283.2032,-3.4084
91.3619,225.3275,-3.6302
50.9674,258.2330,-3.8124
195.3280,135.3058,-1.9765
193.4893,133.4654,-2.6112
204.3822,123.7888,-1.6955
195.4600,130.9920,-1.6943
184.7145,139.6896,-1.7680
195.0813,131.0871,-1.6345
191.8246,133.2285,-2.6257
39.3340,257.2062,-4.3181
191.9262,132.8583,-2.4969
201.7413,124.7351,-1.6825
201.7374,124.2637,-2.3750
192.4465,131.8026,-2.2654
76.4013,223.6847,-3.7723
135.3359,173.0340,-2.4331
9.9658,270.4270,-3.8855
137.7396,168.9923,-2.6243
136.7204,169.5536,-2.3592
135.4460,170.2586,-2.4740
9.2425,267.9956,-4.8849
196.2153,120.6042,-2.5549
136.3003,165.8420,-3.3898
115.4521,181.7271,-2.3786
114.8308,181.6477,-2.9731
132.6489,167.8819,-2.9357
57.9742,224.3296,-3.2005
111.7410,182.8530,-2.4839
65.2297,217.6151,-3.6403
-27.4820,285.9530,-4.1986
163.6483,141.8840,-3.0340
127.1655,169.2837,-3.0366
-32.1892,288.3583,-4.6053
124.7079,168.9442,-3.0048
25.1593,240.4716,-4.8411
166.4961,136.2203,-2.6084
31.0493,235.3578,-3.9999
49.4667,219.9002,-4.2796
48.8086,220.3712,-3.9292
25.3066,237.3041,-4.8534
4.6336,250.6115,-3.6940
255.6289,68.6345,-1.0969
20.0112,235.2938,-3.7691
18.8089,233.8148,-4.0878
142.9984,145.1514,-2.4373
278.4629,50.0166,-1.2994
11.1437,237.1603,-4.5250
157.7667,133.4136,-2.3512
49.3475,207.3373,-4.1361
119.3746,155.2682,-3.4352
134.8520,142.5548,-1.9904
150.5922,131.6807,-2.0189
191.8317,103.6591,-1.5811
45.8466,198.5943,-3.3201
-12.7182,236.4085,-4.4676
254.8599,60.5270,-1.1269
-13.1289,235.6605,-3.3642
142.0804,133.7765,-2.3693
69.8024,180.9278,-3.2185
67.2510,182.4726,-3.2965
67.0762,182.5207,-3.4177
175.5632,111.7253,-1.8202
177.4207,110.1879,-2.3784
43.4723,195.6115,-3.6620
-68.4694,267.7631,-4.4360
47.9724,192.5256,-3.3218
45.2168,194.2976,-3.4398
39.8934,197.7060,-3.5598
-4.4214,225.4374,-4.3820
-68.1731,265.1875,-3.6075
57.7394,182.2088,-3.3315
75.1817,170.2123,-3.0948
75.0817,170.0953,-2.8394
41.0411,190.3596,-3.5625
-6.9912,219.9418,-4.7579
-33.1464,235.3799,-3.9927
191.3426,95.5644,-1.6804
38.1211,187.8732,-3.8879
-51.5185,242.5067,-4.6048
42.9617,184.1949,-2.7051
-49.0794,238.1693,-5.0349
265.8404,47.0434,-1.1543
39.6171,182.0534,-3.9231
52.8184,173.4242,-3.4508
42.6084,178.7616,-2.7299
80.7028,155.4576,-2.5409
32.3846,183.4360,-2.7565
32.5657,183.0920,-3.1108
36.9142,180.2982,-2.8176
69.1466,160.7075,-2.4884
67.8826,160.5872,-2.7517
67.2965,160.9208,-2.8933
-25.5421,214.1520,-4.2541
-22.7082,211.8880,-3.9378
-33.5771,217.8078,-3.7152
42.2526,172.1536,-3.0892
40.6493,172.0225,-3.5413
10.5127,188.9162,-4.1040
11.6575,187.3578,-4.1121
211.6498,73.3556,-2.1245
-98.5459,248.7650,-4.3873
1.1653,184.5039,-4.5898
-94.8822,236.9297,-5.3537
-114.7565,247.0232,-3.8027
1.6872,183.3821,-4.5922
48.2476,156.9735,-3.6989
-68.0211,219.5104,-4.5587
-23.3935,194.4731,-3.5830
8.7715,176.4231,-4.0418
0.9953,180.1700,-3.9771
31.9054,163.6056,-3.9246
34.5471,161.7785,-4.3324
-1.5019,179.0159,-3.0979
-84.4100,221.2283,-3.8096
110.3117,119.0062,-2.4564
10.0240,171.2777,-4.3837
4.8470,173.4601,-4.0984
-2.6990,177.0770,-2.9902
3.1406,174.0297,-4.1306
4.8192,173.1111,-3.1452
108.7849,118.1569,-2.0586
202.5203,68.7423,-1.4462
-57.1732,200.8013,-3.3699
-126.4398,233.9289,-4.8860
-128.2356,233.9186,-6.1230
136.7277,100.1179,-2.2746
63.3097,137.0553,-2.7151
-122.4166,230.1153,-4.1533
-123.9383,230.6116,-5.0980
201.3968,66.8386,-2.2597
-132.1810,227.8679,-4.7344
100.3215,113.9079,-2.2468
108.3600,109.8150,-2.1672
46.9387,139.7489,-2.8220
-4.5637,164.4680,-3.0688
-61.4552,191.9747,-4.3158
-62.1905,191.2235,-5.0159
-19.0366,169.9555,-3.7096
131.6535,97.0023,-1.9507
-0.2054,159.9595,-4.5043
252.7952,38.1695,-1.1768
-1.4039,159.8879,-2.9987
253.1321,37.8219,-1.5921
-64.9432,189.3761,-3.7093
-162.0837,235.6093,-4.6200
-0.7244,158.5238,-4.0745
-160.7439,234.6203,-4.0937
-161.9995,235.2155,-4.8808
-4.1549,159.0015,-3.2282
249.6115,38.8596,-1.2146
1.8926,155.6123,-2.9644
-8.0101,159.9506,-4.4757
197.9851,62.7273,-1.4831
-150.1702,226.2169,-4.4249
-151.0313,226.0516,-5.3244
-141.3992,221.4845,-6.1385
-2.3311,156.2554,-4.1215
2.6605,153.5723,-4.3478
-151.3798,224.9220,-6.0776
-9.2213,158.3759,-4.5095
-147.6199,222.1798,-4.7594
8.1788,149.0945,-4.5340
173.2590,72.2932,-2.2978
171.7187,72.7949,-2.3354
136.0618,89.0873,-2.2470
77.3845,115.6112,-2.3535
-170.0600,227.1318,-5.4970
-167.5011,225.8365,-5.3907
-24.9306,160.1785,-3.5101
62.5468,120.3589,-3.8560
-14.9738,155.1840,-4.1516
-3.4696,149.8736,-3.2901
-90.4032,188.4918,-4.2908
-10.1818,152.1674,-3.2620
-91.3299,188.5560,-4.4111
-92.7701,189.0763,-4.6805
77.7822,111.8778,-3.3918
-174.7827,221.3088,-4.9835
-84.4562,180.8052,-4.6211
-51.7886,166.2555,-3.5371
-84.4195,180.3868,-3.9692
-14.9087,149.6227,-3.5033
-84.7117,178.1679,-5.5877
-108.0375,181.9638,-5.6044
-105.8879,181.0376,-5.2601
-75.4104,168.1710,-4.4626
-72.1492,165.6072,-4.0675
-74.1090,166.3013,-3.9139
-82.9275,169.7349,-4.0791
123.4677,83.6979,-2.3556
-69.4831,164.0097,-3.7651
-75.5205,166.4869,-4.1650
-73.7872,165.3837,-3.5513
8.7072,130.6130,-2.7005
12.1352,128.9979,-3.4190
27.5237,122.4335,-3.1155
-14.0745,138.4663,-2.9045
-17.7195,139.8816,-2.9000
-122.0367,182.4844,-5.0044
-18.5275,140.0445,-3.0388
-119.0600,180.0173,-5.6856
-120.0251,180.2109,-5.3341
-118.5493,179.0370,-5.4290
-177.3425,202.8642,-6.5220
27.2443,119.8528,-3.0733
-117.2637,178.4742,-5.5314
-128.7805,183.1143,-5.4448
-116.1474,177.8076,-5.2515
-117.2260,178.1372,-5.2384
-119.5796,178.9269,-4.2447
-122.9399,180.2398,-5.7435
-118.6412,178.0286,-4.1392
-121.2212,179.0671,-5.2464
-117.6633,176.1963,-5.5160
-118.0133,176.0794,-4.5969
-124.1460,177.9423,-3.9747
158.1251,65.1936,-1.6363
-119.8533,175.5653,-4.3557
-120.0018,175.5921,-4.4402
27.7284,116.8184,-2.6865
-201.9334,207.8807,-4.5773
178.5537,56.7087,-2.3553
-121.8383,175.9709,-4.3579
-122.8404,176.2409,-3.8894
-115.1953,172.8892,-3.9441
259.0279,24.3975,-1.3481
-18.5416,133.8919,-3.0671
114.7044,80.9474,-2.1951
-113.7645,170.6795,-4.3306
119.1872,78.6832,-2.5362
-7.3931,127.9093,-3.1016
-177.3530,193.8221,-5.2527
-112.4596,168.1703,-5.5451
30.7661,111.9447,-3.1552
23.9457,114.4387,-2.8365
34.1371,110.4581,-2.8667
-115.1930,168.0122,-5.1701
27.3398,112.9080,-2.8594
28.0404,112.6152,-2.6853
32.4510,110.5753,-2.7496
-22.4611,131.4349,-4.6280
-25.2371,131.9757,-3.4420
239.7181,30.3621,-1.4286
-26.1081,132.1963,-4.4946
-19.9887,129.6547,-4.4426
-21.1973,128.8204,-4.6095
-33.3263,132.6301,-4.1372
-29.9255,131.0815,-3.3920
-107.8195,160.4285,-4.7392
-30.6480,130.9980,-3.8997
-109.9891,160.6539,-4.8471
-17.9875,125.9148,-4.1989
-21.0828,126.0957,-4.7127
-27.4659,128.4281,-4.1978
-30.2075,129.0162,-3.0507
-194.3257,189.9947,-4.8303
-29.0845,128.5393,-3.2165
-109.3121,157.8082,-4.7945
-203.2115,192.1840,-5.7162
-205.4629,192.8368,-5.6617
-25.4159,126.2649,-4.4379
-203.6895,192.0988,-5.5399
-155.5953,173.4956,-5.3995
-96.4060,151.6325,-5.5624
-106.7561,155.2354,-3.7923
-109.4030,156.1451,-3.8033
-111.8043,156.9496,-4.9547
-205.8951,190.6152,-5.6689
-94.9033,149.3443,-4.5238
-94.6721,149.1509,-4.3132
-27.1842,124.4686,-4.7257
-201.0988,187.5470,-4.6047
69.4988,89.2351,-3.5378
-24.7047,123.3119,-3.7441
13.8900,108.8157,-4.2808
-209.7747,188.8733,-4.7331
-210.0188,188.8785,-5.0146
-219.4410,192.0114,-6.5820
-209.2404,188.2992,-6.7405
-204.1568,186.4033,-4.7500
-213.4390,189.6238,-5.9811
-27.2290,122.5525,-2.8991
-209.9524,187.8829,-6.6656
-100.8796,148.7381,-4.0554
-214.9029,189.5025,-6.9205
-212.0602,188.3110,-6.7259
-219.0333,190.5591,-5.7067
-200.5660,183.8412,-4.1094
-183.6226,177.4937,-4.8396
-181.7809,176.7370,-4.8408
-220.7992,190.4239,-4.4685
-23.9602,120.2540,-3.1493
235.9734,27.5433,-1.6801
-195.6667,180.8640,-6.5106
-217.6755,188.6058,-6.0585
-202.6697,183.2493,-6.3546
-200.5167,182.4775,-6.2980
-217.6247,188.2692,-5.7311
-190.5705,178.2226,-5.9786
-220.4700,188.7785,-6.7071
-188.6464,177.2587,-6.1642
-177.4659,172.7935,-4.3956
-186.4554,175.2510,-6.4639
-107.9988,147.6597,-4.2512
-187.3006,175.4577,-5.5600
-107.6651,147.1536,-5.7018
17.2052,103.3842,-3.0461
-181.0448,172.5948,-4.1949
-221.3241,186.4255,-6.9027
-9.6288,112.3776,-3.3544
-80.4162,136.9452,-4.9721
-115.1855,148.8510,-4.8664
-200.1628,177.7070,-6.3945
-176.6946,169.5106,-4.4021
65.5651,85.4314,-2.3207
-112.2541,147.0921,-4.2442
-112.7770,147.1747,-4.7850
223.7986,30.2861,-1.2756
-177.2306,168.3431,-5.6394
134.6253,60.8367,-2.3645
130.4980,62.2283,-2.7859
132.2896,61.6096,-2.2054
130.8605,61.7792,-2.7755
131.0339,61.7094,-2.2889
-121.2529,148.1556,-5.8171
21.5093,98.7259,-2.9297
18.8137,99.4920,-2.9499
-123.7070,148.0149,-4.7424
-122.7564,147.6609,-4.7552
-122.4885,147.2977,-5.0696
19.9922,98.1320,-2.6278
-98.2797,137.3008,-4.6088
-192.0255,168.7541,-4.9835
20.4375,97.0948,-3.5048
19.8729,97.2385,-4.0101
-75.1598,128.3511,-5.0215
59.8509,82.7311,-3.3157
-118.6288,142.0902,-3.7010
-65.5268,122.6206,-4.8981
224.8771,26.7713,-1.1231
-126.5600,140.6454,-3.8785
56.7607,81.0832,-3.4932
36.0353,86.6089,-3.4216
97.4784,66.7691,-2.5424
-80.0608,123.4615,-3.8168
59.2688,78.7414,-2.6331
31.4817,87.3205,-3.3153
30.7361,87.5489,-3.3430
117.6077,59.8003,-2.0368
-85.2394,124.2002,-3.7972
225.0102,25.4248,-1.2755
-92.0700,125.9689,-5.3875
-198.4006,159.0833,-5.2993
226.8662,24.4688,-1.1519
72.7278,72.8157,-3.0455
-235.1591,169.4495,-4.4215
-192.1481,155.5295,-5.7168
74.4573,71.6415,-3.4857
-121.8312,132.1644,-5.7178
63.3945,73.3648,-3.4313
62.6431,73.5338,-2.5617
73.0696,70.2448,-2.5103
-193.8105,152.1493,-6.5326
182.8544,36.3722,-1.5558
180.7931,36.9505,-1.5713
-156.0922,139.6774,-4.2607
-193.6850,150.8504,-6.5169
-197.9019,152.0362,-6.5981
73.7075,69.0681,-2.8605
70.1236,69.8913,-2.9883
-214.1634,155.9355,-5.6952
-214.4727,155.8459,-6.0194
-198.9115,150.9545,-6.3554
-176.0026,144.0170,-5.0645
-202.7178,151.4944,-6.0797
74.2965,67.7093,-2.8493
-175.8285,142.7256,-4.6759
-30.8947,98.6465,-4.5862
-29.6499,97.3682,-3.1034
73.5678,66.7605,-2.7155
76.8289,65.7911,-2.6894
77.0831,65.7042,-2.7055
-202.4399,148.0685,-5.4407
-29.2088,96.8663,-3.3303
-201.1253,146.1746,-4.7893
-206.7913,147.0925,-6.0976
-96.1014,114.5697,-3.4239
64.2227,67.7071,-2.3901
108.6814,54.6210,-2.8095
-206.6915,146.0054,-4.8548
-205.3190,145.2890,-5.5025
-95.6972,113.3047,-4.9934
-197.6700,141.8118,-5.0688
-96.3910,110.4413,-3.6542
-99.0198,111.0943,-3.3268
-96.2138,110.0007,-3.6845
-222.2024,144.9205,-6.3067
170.6676,34.6174,-2.4081
-99.1897,110.3506,-4.1247
-223.1934,140.4271,-4.7662
21.1245,73.2122,-2.8092
-235.3055,140.9048,-6.0298
-68.3893,95.3042,-4.9726
-178.5164,124.4389,-4.9357
20.1845,71.1161,-2.7442
-253.6261,143.2699,-6.1132
199.7628,23.3826,-1.3420
18.5215,69.8011,-2.7246
22.4357,68.6011,-2.6372
23.8543,67.8656,-3.4480
-183.2896,121.3432,-4.1557
81.9499,52.6024,-2.3980
23.3161,67.3466,-3.1247
9.7712,70.8075,-3.2264
20.1871,68.1010,-3.1102
25.6621,66.6463,-2.7300
23.2234,67.1881,-2.9177
103.3390,46.6000,-2.0453
-123.9579,103.9646,-4.6959
15.3666,67.5645,-3.9274
-61.5444,86.8445,-3.4700
15.7794,67.3260,-3.9331
17.0089,66.9018,-4.0924
15.7776,67.2076,-3.9964
-60.0281,85.9890,-3.5558
-58.8259,85.6805,-3.6281
21.5436,65.3658,-3.9212
19.6354,65.7689,-3.9767
-68.0117,87.3519,-3.6229
-22.9397,75.5778,-4.2897
15.6236,65.9539,-2.5419
103.2820,44.0638,-2.6135
199.2351,20.2541,-1.5819
-122.2784,97.0986,-4.0079
-120.5447,96.5388,-4.5078
-240.4071,124.5273,-5.8210
22.4178,59.8446,-2.8640
179.1043,22.6262,-1.9236
-122.3934,93.0990,-3.7604
-119.7356,92.4623,-3.6954
-123.4742,93.2334,-4.8684
-3.0386,64.4378,-3.8272
61.3994,49.1356,-3.2482
-125.2407,92.2416,-3.7486
-12.5869,65.6317,-2.9367
-190.8605,105.7150,-4.8016
-122.4359,88.8165,-5.1194
-156.2095,96.3430,-4.8678
-161.3138,97.2889,-3.8865
-123.3702,88.6611,-4.3402
99.0353,38.6097,-2.2684
-164.6339,97.7672,-3.7209
101.1723,37.9049,-3.1229
-130.4068,89.0918,-3.6286
-128.6724,88.6955,-3.6098
5.2757,58.8326,-3.5527
104.0437,36.6918,-2.9051
108.1921,35.7597,-2.0530
-165.2217,96.3795,-4.1164
-119.7750,86.1529,-3.9678
-47.8528,69.8559,-4.5540
-63.3777,73.0096,-5.0256
-116.5320,84.6669,-5.1396
-116.0003,84.5157,-5.0989
105.2482,35.7185,-2.8198
-15.2317,62.0408,-4.1888
-162.2403,93.9163,-5.3327
-70.9351,73.3363,-4.7233
-115.6873,82.8425,-3.9737
-67.3342,71.8125,-3.8299
-103.2907,78.8381,-5.0867
-128.8758,84.1230,-4.0948
15.7795,53.1578,-3.9074
-68.6062,71.0986,-3.2965
-66.8964,70.6948,-3.2533
-260.4415,111.6856,-5.0165
-174.3836,93.3448,-3.8182
-169.6615,91.6811,-6.0368
-129.3374,82.0167,-3.8613
-107.1425,77.1612,-3.3776
-69.3692,68.8785,-4.4998
56.5101,42.2600,-2.7961
-73.7252,68.8663,-3.8219
148.2631,23.0656,-2.2714
-63.9506,66.6673,-3.1215
-53.6394,64.4510,-3.4962
-63.8819,66.4270,-3.8605
-60.8773,65.7474,-4.0409
-59.1281,65.2488,-4.7594
66.8347,39.4174,-3.4279
-61.7228,65.6690,-3.3659
66.4776,39.3702,-3.5256
-64.6508,66.0744,-4.0740
-67.3296,66.4574,-3.1718
71.5928,38.0738,-2.8811
-103.9460,73.7799,-4.1946
-80.2012,68.8354,-3.2448
-67.6852,66.1358,-3.1073
-60.4371,64.6256,-3.6094
66.4690,38.6686,-2.6514
-101.8881,72.6218,-4.0448
36.2866,44.5057,-2.7531
18.6927,48.0136,-2.7261
179.0707,15.7024,-2.1262
-60.3011,63.7885,-3.5881
-164.4702,84.6233,-5.4792
-176.8389,87.0475,-6.2104
-165.8831,84.4990,-5.6252
-107.1070,72.5926,-5.2532
38.9250,43.2489,-3.8159
47.1897,41.4383,-3.2988
-9.7310,52.6448,-3.6909
-116.0330,73.6480,-4.7631
46.9675,41.1460,-2.3668
-135.9335,77.1990,-4.4616
-132.0358,76.3170,-5.4864
-103.7578,70.4722,-3.8510
-105.4748,70.8087,-4.3332
-107.6239,71.2138,-4.0766
-110.3315,71.6492,-4.7061
-113.0743,72.1367,-4.2893
-78.1437,64.7893,-4.1620
-267.2309,101.6342,-7.0729
-102.8009,69.4807,-3.3340
-166.7389,81.8197,-4.1721
-108.0903,69.6285,-4.5464
-109.8989,69.9733,-5.0925
-107.2065,69.3481,-4.8130
26.1643,43.3409,-2.8697
21.4807,43.9584,-3.6066
-77.1998,62.6178,-3.4316
-220.7339,86.8682,-6.3338
-241.3326,90.4987,-5.3928
-111.8691,65.8601,-3.3866
-107.9728,65.1010,-3.3601
-67.3494,57.1302,-4.4519
-66.3845,56.9533,-4.4311
129.4438,20.1401,-1.7692
-82.9926,58.2181,-3.3301
-87.7964,58.9121,-4.8501
-62.9614,54.4108,-3.8520
-109.0185,62.4056,-4.9968
-109.3475,61.7908,-5.0653
-62.1340,53.0913,-4.5084
-81.4866,56.0828,-3.7102
-67.6175,53.1396,-4.2674
-222.1471,79.6863,-6.3257
-84.8397,55.7664,-4.8248
-7.5083,42.2289,-4.2903
-70.7889,52.6002,-3.0778
-78.0536,53.8217,-3.4034
-221.8659,77.5587,-4.8354
83.3836,25.5537,-2.4013
-17.9972,42.7893,-3.6259
-61.2322,49.9862,-3.0188
91.1573,24.0330,-2.1118
90.6386,24.0979,-2.0828
-230.2949,78.4589,-5.7655
-229.3861,78.1342,-6.1754
-218.7261,75.8904,-4.5261
-229.6709,77.6017,-4.9624
-8.0939,39.8358,-2.7495
-58.7437,48.2184,-3.8573
-68.4915,49.5051,-4.3310
212.3441,2.8653,-1.9190
-209.3638,71.5834,-5.5339
-238.4553,75.8002,-6.7871
-226.6037,72.7068,-4.7195
-230.8853,73.3855,-4.1665
-48.3219,43.7078,-4.3421
-210.5536,69.5601,-4.0764
-83.4213,49.0497,-3.8873
174.7176,7.1144,-1.7208
173.2208,7.3351,-1.6129
-88.4519,46.3845,-3.7627
-229.2738,67.0684,-5.5084
-86.5466,45.2054,-3.2900
-84.7835,44.2975,-3.3361
61.6645,20.3650,-2.5990
111.3959,12.7213,-2.2957
-229.7961,60.2550,-5.8084
-92.3365,40.8715,-4.1637
-91.6454,40.7404,-4.1863
-89.7514,38.7540,-3.9026
172.8037,2.8844,-1.5257
52.2779,18.7378,-2.5078
-177.6831,49.5198,-4.6842
49.1013,19.1247,-3.2957
-89.7147,37.3209,-4.8413
-184.4378,49.3076,-5.4586
-91.5652,36.9319,-3.5293
-91.7691,36.8062,-3.5805
48.4991,18.2786,-3.1059
-91.4584,36.1016,-4.1915
-177.9333,46.9924,-4.2314
41.7242,17.6502,-2.3426
-231.5092,50.1729,-5.0891
-233.0396,50.3262,-4.5680
47.3301,15.6035,-3.5757
-151.8380,39.9560,-5.1348
-148.6570,39.5544,-5.0385
-164.6307,41.3364,-4.0226
-231.2927,48.6687,-5.4172
-233.3501,48.8378,-5.1476
-230.7888,48.3829,-5.9088
-153.1763,38.9670,-4.3197
-153.3518,38.9724,-4.1502
-153.8266,38.8614,-3.9861
-230.4075,48.0101,-5.6955
-96.6583,31.9016,-4.6657
-147.2272,37.4930,-5.6901
-146.6053,37.2181,-4.7215
-232.1209,46.6002,-4.9168
-94.8103,30.4743,-3.8569
-230.7223,45.8267,-4.9059
-93.7490,29.8632,-4.9621
-232.7087,45.6913,-5.0031
-97.8001,29.5296,-3.5668
-282.1344,50.4414,-5.3281
-231.4399,43.7566,-6.6061
165.3348,-1.0751,-1.9529
-63.3077,23.9031,-3.5380
-154.6224,33.9953,-5.2899
-95.8265,27.1631,-4.5873
-271.4681,46.2949,-5.4120
-267.6398,45.8380,-5.5727
-272.4873,46.3237,-5.2861
-238.8031,42.6102,-6.0237
42.7895,11.6871,-2.8258
-270.9408,46.1279,-5.2414
-244.6393,43.1478,-4.3623
-244.6078,43.1049,-5.4867
-243.9134,42.9304,-6.1031
-236.4614,41.6549,-5.7485
-159.0688,33.1754,-4.9708
-166.3153,33.9100,-5.1956
-95.4906,25.7518,-4.7007
-239.0002,41.0848,-5.0904
-155.5588,31.9945,-4.3615
-232.3966,40.1948,-6.3662
-225.6682,38.8057,-5.3213
-240.0616,40.2622,-4.9156
-202.5505,36.1246,-4.2755
-201.4068,35.9525,-4.3481
-159.1010,31.1310,-5.2038
-239.4114,38.9940,-5.8498
-277.7332,42.7844,-4.5061
-163.6749,30.3536,-3.8114
-207.9063,34.8704,-5.0994
-279.6604,41.8852,-4.9362
-274.0695,41.2094,-4.9535
-159.4739,29.2643,-5.6817
-163.6660,29.5654,-4.3989
-57.0024,16.9129,-4.5810
-159.1095,26.7023,-5.2651
-161.4561,26.5074,-5.1792
-159.2654,25.8870,-5.0856
-61.9920,16.4586,-4.3715
-227.1502,31.5322,-5.0573
-53.3597,14.4612,-4.5301
-240.4084,30.9056,-4.8383
-241.9625,30.4232,-4.3879
33.0112,5.4559,-3.4704
-191.5416,24.8718,-4.9894
39.8759,4.4131,-2.9084
-67.6966,13.6891,-4.0096
46.4570,3.5139,-2.7795
-193.3001,24.3559,-5.1950
46.5601,3.4626,-2.3129
-193.7520,24.0885,-5.0672
-100.3507,15.7019,-5.3264
-39.6327,10.4375,-3.7549
-179.1225,22.0208,-5.0912
54.4652,1.8832,-3.5314
-105.5965,15.1384,-5.1347
-173.6114,20.5177,-5.7056
-108.9940,15.0551,-3.4740
-124.4880,15.6721,-3.4768
-96.7413,12.9569,-3.8681
36.8086,2.0931,-3.6773
-105.5335,13.2681,-3.9428
-105.3332,13.1452,-3.9889
-103.8280,12.9970,-4.4523
-103.5868,12.8029,-4.5054
-114.8081,13.1702,-3.9517
-45.1355,7.5815,-3.1667
21.5555,1.8588,-3.6235
-103.9461,9.9815,-3.5085
116.3555,-6.3693,-2.6307
-267.2410,21.4893,-6.6444
-268.7739,21.4874,-6.3700
-142.9554,11.7406,-5.4572
-143.3963,11.1908,-4.1636
-142.3338,11.0240,-4.1124
-156.5340,10.8565,-4.7853
-156.4800,9.5790,-5.6382
-172.0213,9.7555,-3.9438
-36.7354,0.8418,-3.3587
-101.6494,4.8768,-3.9211
-161.5117,8.6326,-5.9170
-156.9827,8.3287,-5.8796
-161.9163,8.6385,-5.9112
-80.0761,3.4525,-4.1509
-39.2575,0.5369,-3.1139
-105.8335,3.8128,-3.7116
-103.1755,2.5498,-4.6111
-264.8974,11.0173,-4.6881
-178.7017,5.8499,-4.5007
-175.0422,5.6341,-5.5897
-172.8363,5.4934,-5.7890
-102.0846,1.3179,-3.3026
-173.4697,4.8146,-5.9075
-140.8003,2.9197,-4.4295
-200.9729,4.5402,-3.9898
-202.6293,4.4410,-4.2002
28.5724,-7.8392,-3.5247
26.4674,-7.9112,-3.5931
-204.1286,2.6052,-6.1694
-147.7737,-0.2150,-4.1282
6.6881,-7.9696,-2.5853
-149.3972,-0.6001,-5.5125
-99.1583,-3.0280,-3.4103
176.6832,-16.2034,-2.0745
10.7121,-8.6129,-2.5286
-245.7578,2.5376,-4.8206
4.7759,-8.9765,-2.8433
-259.1493,2.6737,-6.4806
-233.8767,1.3747,-4.2994
-238.6806,1.5111,-6.2613
-143.5783,-2.8090,-4.0680
-261.8857,2.2771,-5.3597
5.9181,-9.5034,-3.0998
-249.1025,1.6045,-5.4693
-268.2291,2.3571,-6.7976
-248.0527,1.4385,-4.8289
-275.7312,2.5407,-7.2272
-237.4497,0.8041,-5.5518
-234.7536,0.6622,-5.6333
-275.8665,2.3996,-6.9044
-254.8275,1.4417,-4.9340
-235.2857,0.5817,-6.0519
-251.1404,1.1798,-5.2043
-253.9510,1.1703,-6.4365
-262.5217,1.5026,-4.6428
-233.3357,0.2358,-6.2633
-142.8623,-3.6082,-3.6684
-253.7842,0.9991,-5.9600
-245.2832,0.5428,-5.7784
-273.6783,1.6833,-6.7162
-268.2695,1.3790,-6.8152
-256.4711,0.8753,-5.3238
-234.6712,-0.1226,-6.1611
-237.6288,-0.3386,-5.6314
-252.2130,0.2572,-6.2700
-260.1304,0.5398,-7.0590
-269.2840,0.7530,-6.7565
-259.1053,0.2847,-6.6512
-268.2109,0.6012,-5.6050
-248.5637,-0.2829,-5.3093
-238.5961,-0.9033,-5.7384
-263.7199,0.0534,-4.2863
-259.5520,-0.1169,-6.4981
-182.7645,-3.2887,-6.1952
-188.3095,-3.2271,-6.1973
-190.4487,-3.5070,-4.7924
-195.4943,-3.4131,-6.2171
-190.6211,-3.9504,-5.9783
16.2116,-11.9624,-2.8506
-264.4480,-1.6660,-4.7958
-189.0908,-4.9540,-5.5722
-93.1155,-8.9469,-4.7820
38.3288,-13.9641,-2.8640
-48.4251,-11.1420,-3.3182
-265.1003,-4.6016,-7.0282
-212.3235,-6.3517,-6.3277
-210.2774,-6.4294,-5.8655
-215.2430,-6.3508,-4.5158
-210.8338,-6.7379,-4.4970
-213.1422,-6.7755,-4.2706
-195.2433,-7.6151,-5.3902
-195.7213,-7.8526,-3.8658
-266.0926,-5.8924,-6.0066
20.2820,-14.9858,-2.8681
20.2029,-15.1674,-2.5557
-223.8605,-7.9104,-4.3957
-226.9320,-7.8828,-5.4228
-224.9493,-8.1020,-4.5506
-225.4716,-8.1857,-4.6168
17.7285,-15.5899,-2.7413
-182.9173,-10.0910,-5.4411
-213.8138,-9.3643,-6.1840
-203.1127,-9.6840,-6.1917
-110.7152,-12.3800,-3.7350
-97.8944,-12.9746,-4.4774
-222.8458,-9.6451,-6.3722
-184.7191,-11.3393,-4.7251
158.1145,-20.5465,-1.8864
-239.0759,-11.0410,-4.5437
-226.3323,-11.3601,-6.4583
-109.5234,-14.2891,-3.5411
-113.6559,-14.3199,-3.6371
-234.5617,-11.7633,-6.2818
-198.3361,-12.7095,-5.0941
-232.6259,-12.0707,-6.2751
-230.5046,-12.3470,-4.7483
-236.6205,-12.3839,-6.7374
62.7355,-18.9876,-2.2196
-245.0778,-12.5033,-6.7983
-213.9260,-13.2075,-6.1867
-213.8426,-13.2533,-4.8286
-230.3283,-12.9240,-6.2749
-212.0297,-13.3330,-5.0513
-230.8755,-13.2481,-5.4232
-238.0977,-13.1902,-6.0693
-228.6042,-13.6866,-4.6279
-235.3323,-13.6170,-4.4466
-252.9115,-13.3168,-5.6827
-240.2175,-13.5734,-5.9335
-240.8917,-13.6484,-5.8721
-242.8616,-13.7574,-4.9071
-229.6670,-14.0636,-4.5634
-225.4481,-14.2813,-5.5211
-219.8973,-14.8397,-6.0702
-222.0252,-14.9669,-6.2838
-209.2646,-15.2313,-4.4021
-218.5299,-15.0855,-5.8853
-207.8983,-15.3439,-4.4123
-183.3807,-15.8933,-5.4712
-215.1555,-15.3429,-6.0542
97.6166,-21.0584,-2.9101
-103.1219,-17.7403,-4.3875
-107.3275,-17.7049,-4.4490
-106.9018,-17.8169,-5.0962
-101.3174,-17.9635,-5.1247
-241.6868,-15.8698,-5.8961
-269.0217,-15.7206,-5.0883
-206.4745,-17.1461,-4.7262
-199.4943,-17.5435,-5.3924
-228.0622,-17.4967,-4.6643
-225.2269,-17.6433,-4.4799
-231.2364,-17.5934,-4.8280
-209.0792,-17.9488,-5.5872
-232.2959,-18.0020,-6.3295
-223.9833,-18.1193,-6.3454
-209.5291,-18.5634,-4.7250
-227.7794,-18.4491,-6.5774
8.1051,-21.4422,-3.4096
-226.1768,-18.6430,-5.2998
-193.5479,-19.1797,-4.4561
-223.5576,-18.9838,-4.5036
-223.6832,-19.0242,-5.9602
-196.3187,-19.4217,-5.4207
-202.7088,-19.6105,-5.2525
-195.2601,-19.7586,-4.2013
-285.5364,-18.8996,-5.7231
-102.9551,-20.8670,-3.5222
-226.6400,-19.5659,-5.4045
-196.8414,-20.5529,-4.0587
-226.7964,-20.6515,-6.0687
-198.9970,-20.9723,-4.8973
-45.2517,-22.3517,-3.7561
-227.4685,-20.9101,-4.9900
2.5911,-23.0195,-3.9945
-201.1540,-21.6117,-5.6140
-236.6684,-21.3622,-5.0867
-197.4586,-21.8525,-4.4333
-197.4337,-21.8589,-5.4795
5.5150,-23.8273,-3.1308
-202.2285,-22.6022,-5.9361
-48.0846,-23.7500,-3.4507
37.8409,-24.6116,-3.3242
-194.9475,-23.8784,-5.5862
4.9123,-24.7657,-2.8402
16.3802,-25.0771,-3.3136
177.2310,-25.5662,-1.5047
9.8709,-25.1833,-2.8442
-229.6345,-24.6547,-6.6429
21.1817,-26.0996,-2.9638
22.0438,-26.2400,-2.7454
21.1952,-26.2589,-3.1627
-222.3975,-26.4590,-5.9516
43.5892,-26.3597,-2.4889
9.1242,-26.4929,-2.7978
-227.6421,-26.8421,-4.3442
-227.4722,-26.9978,-5.3685
12.1280,-26.9108,-3.6147
11.3422,-27.0165,-3.8786
4.7792,-27.0687,-3.6851
9.8952,-27.0977,-3.4681
14.7611,-27.1678,-3.2147
-276.1441,-31.6575,-6.9271
-36.5717,-29.7480,-2.8080
-43.7519,-29.8203,-2.9128
-173.6898,-31.1265,-4.1492
-44.0872,-30.2024,-4.4313
-227.2805,-31.9426,-5.5992
-225.6320,-32.0827,-5.4241
-222.8736,-32.0944,-5.2377
-174.7573,-31.7855,-5.2903
-273.9949,-32.8043,-6.9060
-228.4128,-32.4995,-5.1109
-67.2575,-31.1456,-4.7813
-171.3118,-32.5153,-5.9101
10.5229,-30.5915,-3.0624
-175.8590,-32.9755,-4.8593
11.6283,-30.7358,-2.7846
-137.8403,-33.0091,-5.0208
-255.4626,-34.7062,-5.3084
-151.1682,-38.2004,-4.3270
-214.0865,-39.6853,-4.3153
14.4059,-34.5627,-2.6645
-127.6225,-38.1193,-4.4756
-126.8904,-38.1978,-4.6033
-213.3088,-40.7756,-4.1374
-224.6961,-41.4773,-4.9790
33.8606,-35.1129,-3.1657
-130.4024,-39.6300,-3.8326
-145.2399,-40.0473,-3.8670
26.3549,-35.5819,-2.3964
-133.3554,-40.1196,-4.7008
9.8459,-36.3580,-3.7749
-143.8694,-40.7009,-3.8016
103.5690,-33.9439,-2.1280
-222.8931,-43.2454,-6.6042
-49.4965,-38.4746,-4.2509
-143.3032,-41.3530,-3.8339
-52.0259,-38.8298,-3.3158
-207.6843,-43.5774,-6.3369
-45.6177,-38.9885,-2.8638
-139.5713,-42.6256,-3.4596
104.3750,-35.0708,-2.5561
9.5324,-38.3033,-2.8674
11.8476,-38.2691,-2.7037
-148.8112,-44.6228,-4.2771
-225.5409,-47.3075,-6.5779
12.7603,-39.2382,-2.8551
105.0997,-36.3043,-2.2749
31.1257,-39.0609,-3.7270
106.5456,-36.8066,-2.6492
-224.2520,-49.6612,-5.5109
-224.0746,-49.9967,-4.5843
-72.5174,-44.1110,-4.8374
-217.6331,-50.0608,-4.9488
103.4300,-37.3505,-2.8146
-145.0620,-47.2097,-4.4941
-228.7821,-50.7112,-5.6079
-218.6462,-50.3186,-4.0167
-219.0111,-50.5809,-4.2798
-229.0822,-51.0908,-4.5173
-228.4286,-51.0986,-4.6456
108.4429,-37.4967,-2.8425
28.9080,-40.9875,-2.7312
-143.1108,-48.8675,-4.8084
13.6166,-42.7909,-2.8480
234.3184,-32.9750,-1.3816
13.0899,-43.1554,-3.2490
30.3104,-42.8939,-2.6120
-283.8191,-57.8574,-4.5179
-50.6260,-46.9152,-3.1720
-213.5693,-55.0511,-6.3444
-277.3772,-58.2861,-5.9320
-154.0083,-52.6363,-3.8621
-209.0152,-55.4547,-4.5463
-275.0012,-58.8379,-4.7668
-151.0415,-52.7159,-4.0220
-155.0399,-53.1598,-3.9813
-56.1852,-48.4009,-3.7806
-179.9232,-54.6310,-4.1462
-284.4920,-60.1311,-6.1401
-282.8061,-60.7721,-7.2134
232.8045,-34.2275,-1.6355
-168.7791,-55.7677,-3.8902
-55.6683,-49.9924,-3.8493
-108.2442,-53.7362,-5.3904
48.7802,-45.2090,-3.5466
-150.6179,-57.1755,-5.7040
-218.6663,-61.1428,-6.0915
14.7065,-48.4488,-3.2576
52.3915,-46.7490,-3.5115
-183.2222,-62.2813,-3.7752
-189.9168,-62.8961,-5.6709
-200.5745,-63.8807,-5.7040
-83.9226,-56.8878,-3.3219
48.2310,-48.2653,-2.7033
18.6311,-50.7402,-3.5690
46.5715,-48.9471,-3.1057
-173.1607,-63.8662,-6.0666
17.6630,-51.0218,-3.5965
-49.3097,-56.0536,-3.9126
-170.3958,-64.5468,-5.1531
-178.9702,-65.3004,-3.9032
44.8627,-49.8548,-2.5495
-167.1930,-64.5911,-5.8374
45.1492,-49.8519,-3.5142
-48.7861,-56.9093,-4.1366
-176.4053,-66.2561,-6.0135
68.9046,-49.5725,-3.3458
-134.1822,-65.1652,-4.4390
70.8470,-49.8824,-3.4461
-14.9576,-56.3769,-3.9832
43.6589,-52.2050,-3.3863
-181.7048,-69.5187,-5.4408
-189.1223,-70.2917,-4.6429
-13.9632,-57.1819,-3.8540
26.0830,-54.2090,-3.1214
28.4335,-54.2185,-3.4198
22.1121,-55.0986,-3.5102
-237.1884,-75.7382,-6.7143
-162.2054,-70.0400,-4.8965
21.7783,-55.3407,-3.6661
29.4330,-54.7542,-2.4029
-280.2481,-79.8194,-4.6372
25.8518,-55.3075,-3.9286
-111.5364,-66.5782,-3.5955
75.8677,-52.1625,-3.2635
-185.4799,-74.3909,-5.3087
-272.3565,-81.7423,-4.8895
-183.5190,-74.5816,-4.6435
-187.7118,-75.0145,-4.7034
-273.7527,-82.3690,-5.0708
-181.7148,-74.8097,-5.5973
-181.5494,-74.9989,-4.9335
61.7431,-54.3278,-2.2326
-185.4136,-75.8538,-4.2942
-184.4776,-76.8386,-5.2807
213.4889,-41.5402,-1.5939
-219.5231,-81.6338,-5.4555
-190.1371,-79.0350,-4.5045
-189.9652,-79.0928,-4.7494
-140.1553,-74.7580,-3.5897
-185.0777,-79.2478,-4.4942
-187.2824,-79.7455,-4.3889
-238.4107,-84.8096,-6.4399
-182.9088,-79.7058,-6.2218
-193.0489,-81.5341,-4.1985
-197.5480,-82.6255,-4.8496
-195.5962,-83.6364,-4.0927
-183.3430,-83.6137,-5.7820
-181.5408,-83.4973,-5.0257
276.1004,-37.5833,-0.9199
-188.8940,-85.7557,-4.7099
-189.3685,-86.6534,-5.5689
-200.8791,-88.6427,-4.0202
-93.1607,-79.8399,-3.5725
-142.8133,-86.0851,-3.8184
-150.9063,-88.8762,-4.7255
-150.0515,-88.8395,-5.7696
-146.1351,-89.3911,-3.8036
-139.1732,-89.0811,-3.7824
-138.4924,-89.0261,-3.7683
-144.1961,-89.8972,-4.8450
-143.1558,-89.8055,-3.6176
-151.7733,-90.8958,-3.7172
-155.0097,-91.4728,-4.0753
-146.1828,-90.6745,-3.6000
-145.2302,-90.5898,-3.6322
-139.4882,-89.9468,-4.3088
-141.4906,-90.2125,-3.8082
-150.1988,-91.3035,-4.3271
-140.0623,-90.1579,-3.6474
-138.4729,-90.0775,-4.9378
-152.1860,-91.7830,-5.3599
-146.3885,-91.1518,-4.5980
-144.5482,-90.9863,-3.5918
-136.9649,-90.1680,-5.2937
-243.1587,-104.8896,-6.0720
-149.5932,-93.4125,-5.6595
-146.6955,-93.4535,-4.9786
-26.4980,-79.2172,-2.9488
-243.5750,-107.1005,-5.0822
-143.3049,-94.9048,-5.2066
-123.0164,-92.8301,-4.4843
-144.1422,-96.7751,-5.2821
194.6615,-51.7771,-1.4100
-138.6049,-96.4946,-5.1257
-257.3883,-112.7748,-5.4577
-136.5715,-99.2237,-4.4985
-30.9497,-84.4843,-3.4692
-29.9880,-84.9891,-4.3355
-121.0205,-98.4262,-4.6276
-136.2848,-101.4576,-4.7152
-120.8099,-99.4692,-4.8668
-121.2113,-101.1321,-4.9595
-242.4985,-121.6010,-4.4485
-241.9568,-121.9807,-4.6236
-256.8868,-125.6250,-7.0960
-241.0878,-124.3471,-6.7989
-258.3361,-127.2082,-6.3229
-247.9796,-125.6182,-6.3514
-25.7894,-92.1042,-4.3847
25.2040,-84.1429,-3.9236
-115.3145,-106.9876,-4.6277
-117.9268,-107.5997,-4.4650
-245.5136,-128.6963,-5.1973
103.9950,-72.0686,-2.0831
-107.0419,-106.3770,-3.3417
-243.7840,-128.6443,-6.2678
-240.2711,-128.1804,-5.9823
-245.9720,-129.2694,-5.4851
-112.9164,-107.5979,-3.3259
-25.8386,-93.5196,-3.8605
-105.5768,-107.4820,-3.7507
-110.5394,-108.3269,-4.7345
4.9682,-89.3074,-3.7515
-248.2128,-131.2679,-6.6037
-110.5763,-108.5803,-4.8285
-248.0248,-131.4655,-6.9418
-258.8186,-134.3240,-4.3527
-130.4739,-113.2201,-3.9263
21.9159,-88.1320,-3.5669
-106.8737,-110.3553,-4.4829
65.9273,-81.1705,-2.6625
-106.1341,-110.9948,-4.2304
-226.9605,-132.6033,-4.5115
21.1264,-89.6176,-3.9428
65.8408,-82.0792,-2.2404
-254.8620,-138.3191,-4.4845
-130.4127,-116.8635,-5.4181
-226.2420,-134.0105,-5.1935
-255.3719,-140.3039,-4.8114
-108.9568,-114.3757,-4.5893
23.8890,-90.7999,-2.4203
24.4902,-91.0060,-3.1417
-226.2780,-137.1775,-5.8311
-68.1624,-108.8050,-4.0716
-226.4245,-138.7559,-6.4182
104.4591,-77.9958,-2.1567
-232.8548,-140.2865,-5.9389
-145.2141,-125.4229,-4.1126
-142.1561,-124.8835,-4.9513
-235.7763,-142.6670,-6.7382
-150.4228,-127.6020,-4.1931
180.5284,-65.2194,-1.8274
181.0869,-65.3065,-1.6023
-14.7318,-103.1473,-3.0042
-210.4171,-140.9499,-4.9210
-13.4075,-103.1172,-3.6522
27.4986,-95.4386,-3.1013
-164.5618,-132.6674,-3.7132
-205.4133,-140.6274,-6.3486
-152.2246,-130.3590,-3.9495
-220.6091,-143.6824,-6.4547
-149.1459,-129.9226,-5.1312
-77.9778,-116.5777,-3.2134
-222.2261,-144.8196,-5.9883
-13.4190,-104.4834,-3.4266
286.5111,-45.8637,-0.8096
18.9676,-98.6148,-2.5571
-150.6485,-132.5728,-5.6317
-155.2564,-134.0640,-4.1018
-227.0819,-148.5180,-6.2058
-225.9765,-148.8705,-4.7373
-101.8306,-124.1732,-4.0444
-84.5838,-120.8324,-3.2350
-14.1948,-107.0071,-4.2526
19.6649,-100.3044,-3.7969
-14.5494,-107.4252,-4.3646
-224.4158,-150.1888,-4.4007
26.1386,-100.1574,-3.3140
20.1489,-101.6008,-2.4962
18.5199,-101.9593,-2.5039
-187.9825,-144.9702,-4.1639
23.1215,-101.4933,-4.0375
-224.0701,-154.8451,-5.2176
-224.9370,-155.0634,-5.2297
-184.8956,-146.6453,-4.5763
0.0040,-107.9843,-3.3758
17.6156,-104.4000,-4.1080
16.0865,-105.1838,-3.0779
1.9369,-109.2276,-3.1506
5.6129,-108.5104,-2.9855
-225.0596,-158.8895,-6.3566
23.7251,-105.4911,-3.5842
24.0533,-105.6137,-3.9068
-224.6322,-160.7162,-4.7942
-221.7004,-160.4669,-6.6648
-238.0056,-164.7097,-6.8072
-235.8357,-164.3237,-5.0085
22.1707,-107.1712,-2.9621
24.6650,-106.7287,-2.5950
12.8666,-109.6019,-2.6869
118.8210,-85.9915,-2.9312
-30.7375,-119.4504,-4.1549
-225.5544,-163.0546,-4.9532
-222.2902,-163.8291,-5.6468
-109.1179,-138.5943,-5.4335
18.2698,-110.0302,-3.3589
-30.0722,-121.1023,-3.8797
21.4535,-109.3783,-3.5572
19.7480,-109.8025,-3.6837
-221.8829,-165.1175,-5.2617
-220.6418,-164.8986,-5.1985
17.5029,-110.6206,-3.5248
75.4249,-97.4794,-2.2457
17.2504,-111.3741,-3.9523
21.1744,-110.5434,-4.0344
73.3387,-98.6826,-2.8687
-44.2468,-126.0749,-3.8633
-45.2260,-126.3843,-3.9062
-101.0750,-140.6982,-4.4040
-225.0702,-170.3062,-6.4805
-225.5154,-170.8994,-5.4686
-45.2863,-128.9889,-4.3720
182.2955,-74.9844,-2.0809
-179.3007,-161.4923,-4.8402
-219.4566,-171.5502,-6.2706
-165.1073,-158.9748,-5.8696
-221.1827,-172.4933,-6.5785
64.6222,-104.1650,-3.0148
-224.3057,-174.3577,-5.7896
30.5207,-112.7169,-2.6197
-43.4868,-130.7183,-3.5641
-189.2512,-166.1633,-5.1806
-39.0722,-129.7300,-3.4184
-43.1991,-130.7502,-3.0297
-163.4226,-162.2820,-5.6132
183.7223,-76.4522,-2.1591
-151.6714,-159.5519,-5.0855
-89.9377,-144.3623,-3.4197
-222.8018,-177.4046,-4.2880
-225.0658,-178.6662,-5.9833
-223.9098,-178.9977,-6.0261
-218.4492,-178.3365,-4.2351
-223.2091,-179.8571,-6.7648
32.3879,-116.6408,-2.9417
-41.8743,-135.6599,-4.5589
-162.6289,-167.5084,-4.9602
-163.1595,-168.4324,-5.6307
-163.8058,-168.6059,-5.7749
-176.0062,-172.3550,-5.6959
-174.8129,-175.7563,-5.2626
-88.7117,-152.8416,-5.1759
-87.1941,-152.4715,-5.0139
12.1040,-127.0476,-3.8283
21.5176,-124.7148,-3.1328
11.3728,-127.6149,-3.9500
16.8940,-127.3377,-3.0954
-93.4988,-157.5983,-3.3475
14.0470,-128.3058,-3.1283
212.2018,-74.3369,-1.6842
-168.5678,-180.8007,-5.7954
24.7364,-127.4115,-4.0122
24.5137,-128.3531,-3.1644
7.5758,-133.2309,-3.6152
37.8063,-125.3418,-3.3834
16.0087,-131.5825,-2.9913
16.8842,-131.4548,-3.3974
-2.5630,-137.1583,-3.3100
103.4664,-107.0368,-2.4247
-95.5087,-163.9865,-3.3602
37.7438,-126.3284,-3.1914
14.9549,-132.9908,-3.8192
-196.7178,-194.0859,-4.5894
-200.7217,-195.3024,-4.6299
26.5972,-130.0830,-3.4806
-168.6034,-186.6096,-4.6128
-51.3439,-153.2004,-3.1702
-198.9850,-196.2672,-4.0304
-196.9158,-195.7406,-4.0269
15.8255,-133.9812,-2.5695
-198.9373,-196.5774,-4.1041
7.9948,-136.5024,-3.8301
76.9494,-116.4514,-2.1471
34.2888,-129.1403,-2.7096
-169.1359,-188.9440,-6.0227
-198.7435,-197.7270,-4.2237
11.5717,-136.1466,-3.1433
34.1334,-129.6544,-2.7183
-199.2434,-198.1719,-4.3821
-198.5299,-198.0017,-4.4796
-196.4006,-198.0867,-5.1719
-187.3285,-195.5468,-4.9923
-95.0934,-168.6493,-4.4186
-0.8788,-141.0756,-2.9714
-187.6856,-197.9230,-5.5395
14.8306,-137.4784,-3.0754
11.4211,-138.5151,-2.9793
14.1913,-137.8289,-3.0290
-188.8590,-199.0527,-5.8138
-7.9570,-144.9385,-2.7859
-0.8386,-144.0434,-3.4836
1.2335,-143.5708,-3.7440
-2.9540,-145.2320,-4.0512
-199.1980,-205.5681,-4.7497
-35.2003,-155.3743,-4.6400
25.0068,-137.4022,-3.6466
114.4023,-110.0335,-2.7891
26.8318,-137.0066,-3.0049
18.6297,-140.7673,-4.1303
19.5712,-140.4917,-4.1244
-35.2951,-158.1414,-3.6902
-148.7941,-193.6538,-5.3769
113.8453,-111.7068,-2.9566
-182.0796,-205.1414,-5.2802
-6.0655,-149.9060,-3.5513
-180.0144,-204.7176,-5.3264
-166.8594,-200.8320,-4.5410
35.4116,-137.2302,-2.8786
28.5551,-139.5046,-2.8234
-38.8034,-161.2888,-3.2583
-7.1740,-151.4050,-3.2415
114.4308,-112.7921,-2.5143
29.2635,-139.8763,-2.9073
39.3768,-136.7981,-3.5753
40.9442,-136.6843,-3.4603
-3.2190,-150.8677,-3.7572
-10.0476,-153.5588,-2.9475
-4.4893,-152.2502,-3.8959
-141.8149,-196.5236,-5.9227
1.1791,-150.4699,-3.4090
21.0060,-144.1166,-3.6894
-6.8605,-153.2171,-3.6246
210.9681,-82.9216,-1.9661
-7.4243,-153.6468,-3.1401
-12.8270,-155.7031,-3.8208
-109.4727,-187.4303,-4.7828
-3.5756,-153.0452,-3.1301
18.5734,-145.8519,-4.0943
18.2518,-145.9680,-2.8196
19.1688,-145.9063,-4.1481
9.9599,-149.0354,-3.0386
11.4081,-149.0298,-3.2547
-9.9229,-156.4305,-3.7950
23.0614,-145.6131,-3.8384
218.9827,-81.5941,-1.8369
-139.2553,-200.1126,-4.6214
-144.0541,-203.5003,-4.0629
222.3618,-81.3152,-1.3371
-8.3630,-158.9255,-4.0995
31.7433,-145.8718,-3.0224
-24.6055,-165.1891,-3.3799
-16.6439,-162.6648,-3.7774
224.4121,-81.2889,-1.6278
16.7146,-152.3238,-4.1490
-24.6769,-166.5815,-3.5754
-25.4647,-166.8905,-3.6311
-179.9029,-219.8690,-5.4951
15.5478,-153.2282,-3.2716
16.1570,-153.0283,-3.2652
-39.3239,-172.6031,-3.6061
-35.0644,-171.1496,-3.5248
17.9243,-152.9966,-4.0392
73.1946,-134.2974,-3.6152
-124.0457,-202.7214,-4.1174
-120.7389,-201.6308,-4.0569
26.8352,-150.7438,-3.9648
26.1729,-151.5566,-3.3476
-24.4106,-169.5283,-4.5105
17.4515,-155.1422,-3.9282
-84.5740,-191.3484,-3.9070
-102.1555,-197.6767,-4.6434
-99.3845,-197.0311,-4.3670
-98.2209,-197.6560,-5.4108
-99.6759,-198.2927,-4.3597
-96.8206,-197.3120,-5.5889
-98.4106,-197.9383,-3.8250
-115.0124,-204.0100,-4.1643
-106.9735,-201.1718,-5.0722
-103.8170,-200.0555,-5.2581
-106.8555,-201.1807,-4.9325
-106.6278,-201.1543,-5.3179
-110.3933,-202.5167,-4.4770
-95.1763,-197.1418,-4.6678
-80.8339,-192.1167,-4.2568
-85.3827,-193.8937,-4.8446
-105.8200,-201.1561,-3.6375
-100.9574,-199.5088,-3.4434
-76.5998,-190.8554,-4.3446
-91.0024,-195.9966,-4.0083
-96.8281,-198.1355,-4.9469
-127.0215,-208.8846,-5.4727
-97.6934,-198.4569,-5.2954
-110.6867,-203.1245,-4.0641
-102.2617,-200.1337,-4.3123
-95.8895,-197.9282,-5.1758
-98.8445,-198.9808,-4.5510
-101.8728,-200.1754,-4.7960
-108.0253,-202.4408,-5.3611
-113.1886,-204.3435,-4.8374
-98.2360,-199.0540,-5.5441
-91.5865,-196.8093,-5.5307
-84.3379,-194.3844,-5.1317
-97.7294,-199.2951,-5.5068
38.7428,-150.5884,-2.4734
-106.4718,-202.5096,-4.5874
-111.8055,-204.4603,-4.2010
-102.3295,-201.1578,-3.5755
37.2105,-151.3042,-2.8749
34.4801,-152.3792,-2.6932
-95.7378,-199.0690,-5.0432
-98.9300,-200.6055,-3.6394
-107.9826,-203.9323,-3.4912
-93.7550,-198.8242,-4.4124
-91.4914,-198.7219,-5.2197
30.5216,-154.7870,-3.8036
-102.2397,-202.7359,-4.7545
-105.3292,-204.4532,-5.4631
-90.2347,-200.6686,-3.6206
-89.6898,-201.2134,-3.4524
25.3836,-159.2859,-3.9327
48.4827,-150.8815,-2.6959
-92.3081,-203.7170,-4.5556
27.0465,-159.6178,-3.6333
31.9763,-157.9689,-2.8496
-71.3540,-196.4069,-5.2145
32.2039,-158.1318,-3.3933
-89.3810,-203.3760,-4.9639
-96.9636,-206.4698,-4.5676
21.7860,-162.2997,-3.8098
-76.6106,-199.5001,-3.9988
31.1900,-159.4890,-2.8484
33.2754,-158.9309,-3.1713
66.6337,-147.1462,-2.3924
24.8810,-162.9502,-3.3371
71.6675,-145.4405,-2.7112
41.0156,-158.3203,-2.4714
-75.4947,-203.2373,-5.3180
173.6573,-107.9687,-1.9982
122.6914,-127.6140,-3.0692
-41.8480,-190.8422,-4.4523
68.5691,-148.4772,-2.8525
72.7084,-147.1291,-2.9824
31.9490,-162.8950,-3.0981
45.4453,-157.9709,-2.5550
-7.5602,-178.7871,-4.6071
-77.7021,-205.9808,-4.0971
33.7133,-162.8912,-3.3941
-7.8777,-179.3275,-3.6571
-123.1653,-224.3551,-3.7639
68.4776,-150.0404,-2.2576
107.1019,-135.2770,-3.0036
-37.2474,-192.0491,-4.3494
70.9382,-150.4712,-2.4424
54.5025,-158.5318,-2.7095
71.3125,-152.1835,-2.9343
36.1245,-167.3994,-3.4212
31.9500,-169.4335,-2.6030
158.1438,-118.8530,-1.7038
-85.1589,-220.0743,-3.8898
229.7571,-91.5094,-1.3266
-86.8458,-223.4017,-5.1300
164.0334,-119.0783,-2.5459
29.9786,-175.3971,-3.2609
-11.6855,-193.4150,-2.8920
-9.9300,-193.0839,-3.9530
24.8845,-180.1772,-3.8208
48.3371,-171.2458,-3.9132
22.6174,-182.4966,-3.7589
24.2315,-182.1563,-2.8058
24.3903,-182.1007,-2.7959
27.4601,-184.7950,-3.2206
48.5094,-177.2684,-2.7001
-95.3608,-245.6896,-5.1634
136.5748,-140.8075,-1.9836
-89.4032,-247.5834,-4.7543
136.9613,-142.5458,-2.9431
26.3804,-194.1606,-3.4749
17.9793,-199.5783,-4.2936
14.5376,-201.9225,-2.8078
29.9192,-194.9018,-3.8062
98.0283,-163.0090,-2.3404
13.9633,-202.9165,-2.9710
93.7715,-165.2237,-2.1535
92.7124,-165.7677,-2.3305
171.6674,-128.3952,-1.7969
-64.4400,-240.6681,-4.7155
27.1523,-197.1494,-3.7253
-50.5559,-234.2082,-3.2500
18.1205,-201.9235,-2.7621
29.0819,-196.8153,-4.0102
26.7271,-198.0892,-4.0208
22.8185,-199.9553,-2.9002
67.8932,-178.4604,-3.0412
107.4928,-160.8789,-2.5341
-33.9411,-229.0715,-4.9633
-98.7188,-262.7467,-4.9427
-32.8739,-231.1211,-4.3955
-34.2897,-231.8706,-3.8927
-97.6167,-263.3024,-4.3939
29.8265,-201.0001,-3.0387
-92.6939,-261.1264,-5.7213
77.2496,-178.1860,-3.3726
-87.1859,-260.1191,-4.3487
72.5014,-181.5398,-3.8055
-83.9571,-258.9813,-3.6813
-82.0108,-258.1812,-4.5652
75.8966,-180.1182,-2.8064
12.7629,-211.4587,-3.6140
75.3595,-180.6639,-3.5763
89.9310,-173.7459,-3.6057
-1.1621,-219.3189,-4.5916
75.6671,-181.2849,-2.7814
76.8376,-180.7668,-2.9717
2.7911,-217.7952,-4.1169
76.6023,-181.7617,-2.7999
-31.6518,-236.1909,-4.6497
18.1227,-211.3983,-3.1881
20.9046,-210.2924,-2.8000
24.3564,-209.6363,-3.2419
71.6248,-186.2335,-2.8435
-20.1965,-233.1009,-4.5040
39.9419,-203.2542,-3.0666
39.7887,-203.6036,-3.2596
9.9913,-219.8018,-3.3015
41.5128,-203.9819,-3.0709
-30.3367,-241.0286,-3.9235
-31.4101,-241.6586,-4.6063
-90.0115,-273.0198,-4.8374
-38.3066,-247.1368,-3.9219
45.0238,-204.8456,-4.0233
-87.7645,-275.2964,-5.2917
138.9651,-156.4206,-2.5349
86.6595,-184.7708,-3.2660
-51.5427,-260.7659,-4.1587
-51.2216,-260.8032,-3.3693
-49.2928,-261.2566,-5.0187
27.3778,-220.2105,-4.2684
-63.9427,-270.0935,-3.6824
15.9385,-227.2262,-3.9928
-42.7354,-262.4158,-4.7014
-42.5695,-262.3261,-3.8498
29.5877,-223.1032,-3.7027
28.9853,-224.6793,-3.8126
271.5596,-90.5117,-0.9740
71.6582,-202.0530,-3.5182
111.5906,-180.2667,-2.1013
30.1888,-226.5031,-3.1705
-37.4382,-265.4475,-3.8653
40.1929,-222.4368,-3.0871
274.2938,-89.9585,-0.8874
-33.7102,-264.4339,-3.9404
-38.8436,-267.3957,-4.7130
68.1877,-207.7464,-2.7502
-49.0270,-274.8921,-4.3235
77.5974,-204.5589,-3.4142
16.0502,-241.9197,-4.6682
-30.9592,-273.7472,-3.3412
159.0282,-161.9890,-1.7868
-31.1410,-276.6257,-3.5254
-30.5222,-276.3388,-3.8347
114.4907,-189.9361,-2.5507
-32.8886,-278.6897,-4.5393
36.7660,-237.4730,-4.3630
36.9893,-237.5187,-4.3807
-28.6760,-278.2155,-4.2027
115.3904,-190.9263,-2.8461
-32.8896,-281.1973,-4.9540
116.2284,-190.8085,-2.6944
116.5717,-191.1151,-3.4015
-27.8467,-280.1756,-3.7784
36.2878,-242.3116,-3.4757
79.0442,-217.0364,-2.3872
189.5685,-149.9067,-2.4050
188.0510,-150.9346,-2.4152
67.4956,-228.0815,-2.7200
69.4074,-226.9451,-2.4865
-19.9801,-283.7385,-3.1989
68.1210,-228.2912,-3.5833
67.3293,-229.1181,-3.4305
182.5169,-156.0569,-1.8962
72.5169,-226.4414,-2.4562
12.5262,-264.9877,-3.0756
-9.4752,-281.6525,-3.6445
-17.1842,-287.0078,-4.0328
10.5024,-270.2259,-3.7624
10.4542,-272.1128,-3.4256
13.0222,-270.5060,-3.4250
17.6263,-267.9965,-2.9192
69.5029,-234.1115,-2.8959
70.7552,-233.7159,-2.9274
11.5588,-273.5832,-3.4849
72.8121,-233.8224,-3.5931
70.1383,-236.7942,-4.0303
69.4552,-237.2687,-4.1534
67.1266,-241.1672,-3.0118
95.5032,-223.2534,-2.6213
95.9040,-223.0671,-2.6442
98.6934,-221.1821,-2.8148
69.3436,-243.4293,-3.3490
72.7490,-241.1000,-3.3630
78.3933,-237.2951,-3.1652
75.2011,-239.5568,-3.3215
70.6400,-242.7252,-3.2403
78.7259,-237.5338,-3.2911
255.2210,-116.9196,-1.0581
67.8254,-246.1672,-4.2004
67.6416,-246.6147,-3.5356
199.6761,-155.4950,-1.9277
71.7380,-245.9971,-3.9734
18.8729,-283.7162,-3.3103
193.8240,-162.8252,-1.5609
197.2082,-161.3969,-2.2643
202.1443,-157.9543,-2.3396
77.3791,-248.0822,-3.9590
117.4250,-220.8220,-3.5985
74.0218,-252.3656,-2.8480
121.2916,-220.0983,-3.0733
77.9019,-251.8839,-2.8736
96.6916,-238.2585,-3.0609
97.9529,-237.9316,-2.3522
120.6722,-222.3990,-3.1743
121.2108,-222.7679,-3.4513
121.4358,-223.4711,-3.2934
122.2189,-224.8021,-3.5090
198.8630,-167.3554,-1.6713
62.9955,-270.0463,-3.4796
100.3462,-241.9641,-3.5232
98.8594,-243.0957,-3.5360
73.2881,-264.8636,-3.7884
86.7746,-255.3348,-3.8328
76.7362,-263.5196,-3.6141
126.5920,-227.0833,-2.6495
51.3936,-286.3099,-3.1517
50.6182,-286.9608,-3.2240
50.7793,-286.8831,-3.1656
50.2364,-287.4927,-4.3703
52.5884,-286.6382,-3.2861
51.5589,-287.4563,-3.6006
70.1822,-275.1994,-2.9160
68.2063,-277.7569,-4.1058
89.4870,-266.2492,-2.8563
101.0353,-258.0550,-3.8481
94.6952,-263.8970,-3.7497
98.1669,-261.2692,-3.4415
256.7314,-132.4027,-1.8257
102.4019,-258.4958,-2.9472
190.8390,-187.2889,-2.5867
131.6513,-237.5998,-3.4690
105.8439,-262.1725,-3.3981
104.5858,-263.3730,-3.6420
94.5643,-272.9858,-3.9055
111.4228,-261.6695,-3.0601
137.3304,-243.0486,-2.3576
193.6638,-196.4719,-2.4514
247.2577,-155.3529,-1.7513
246.1235,-156.5810,-1.5313
241.9760,151.2332,-0.7483
242.4617,149.4906,-1.0404
239.2709,151.7681,-1.3470
241.9097,147.7299,-0.8253
237.7124,152.2646,-1.3681
163.0003,240.8498,-1.9201
183.6490,208.6442,-0.8749
241.2326,141.9838,-0.8241
154.2996,236.0427,-2.2741
173.5954,205.6864,-1.3903
117.6066,265.3990,-1.5854
158.5045,220.0719,-1.7874
162.3419,200.2256,-0.9374
215.7560,140.6623,-0.8361
189.8961,164.2415,-1.5936
158.0994,194.1075,-0.8011
65.8909,279.3544,-2.7946
136.2277,212.3895,-1.1674
62.3093,282.5349,-2.2154
259.1245,95.1614,-0.8009
73.5976,268.9955,-0.9750
130.4362,214.4037,-1.5952
71.3006,262.2860,-1.6176
170.1107,170.0903,-1.3502
116.9386,217.5459,-1.2324
32.6540,289.7687,-1.8861
56.1649,268.3062,-1.4006
149.9337,184.4385,-1.3982
83.7526,236.4920,-0.8756
85.8758,234.4859,-1.1146
199.0025,133.5780,-1.3603
193.4353,138.0694,-0.7705
197.0457,134.7299,-0.9403
202.1338,129.6550,-1.2654
199.6359,131.5601,-1.5569
177.0006,148.3447,-1.1009
146.2438,172.4614,-1.4208
192.3289,133.0909,-1.5273
65.0438,236.3972,-1.2923
74.5938,222.0766,-1.1545
29.9048,256.8757,-2.5072
63.5484,228.9298,-2.1629
135.4001,171.9716,-1.1822
27.0367,252.7181,-2.9348
131.5238,170.7655,-1.8517
135.3816,167.4576,-1.6872
131.7674,169.4978,-1.8370
219.8625,100.6193,-1.2614
215.7680,103.6222,-1.3228
-27.2829,286.2609,-3.3898
-29.0416,287.4761,-3.2130
125.8723,170.4349,-1.7457
55.6871,222.0797,-1.1234
56.9603,221.0951,-1.0850
56.4304,221.3159,-1.3153
57.7106,220.1446,-1.1057
108.2796,181.8576,-1.3858
107.1384,181.4541,-1.2278
206.5437,107.2561,-0.9211
161.2161,140.3775,-1.2995
162.6615,139.2553,-1.2413
49.9129,220.4429,-1.1878
68.8594,206.0304,-1.0227
162.0158,137.9051,-0.6716
203.6836,105.2838,-1.1394
147.3589,141.8821,-1.8778
196.8263,105.4798,-1.0207
14.8520,229.4813,-2.1868
42.6615,209.6874,-1.4728
42.5652,209.7030,-1.5066
46.1883,206.9852,-0.9299
13.9950,226.5132,-2.6442
16.1084,225.0509,-2.7392
14.6752,225.9247,-2.8905
152.5014,132.1055,-0.6707
45.4162,203.3851,-2.0500
193.3149,102.8159,-1.3513
-50.4672,263.8954,-2.5720
-43.8695,257.0804,-2.6377
152.9465,127.3151,-0.8217
153.4564,126.6548,-0.9258
151.1327,128.0915,-1.6600
45.1064,194.5837,-2.5799
64.5264,181.5528,-1.9625
31.6600,200.4689,-1.2154
251.4239,60.3194,-0.6493
146.2947,127.3006,-1.5761
145.5082,126.8830,-1.3804
31.9297,198.1514,-2.6639
189.1855,98.7775,-1.2985
29.9980,198.4803,-1.2281
83.2308,164.7856,-2.3108
58.9085,179.7121,-1.4551
82.2455,165.0442,-1.9952
140.5478,127.4343,-0.6459
137.1810,129.1807,-1.7577
69.8153,170.2642,-1.7696
122.4148,136.5793,-1.0506
122.6044,135.3837,-1.8147
74.9259,162.6567,-1.2004
-49.4113,237.7859,-2.3379
47.0855,177.7407,-2.0971
57.4813,171.2282,-2.0123
37.8069,182.5182,-2.3440
43.1770,178.6651,-2.2288
40.9276,179.3840,-1.1202
39.9552,179.8662,-2.1873
42.0925,178.1288,-2.1345
42.3610,177.8982,-2.2295
37.9454,180.2286,-2.6349
41.5067,178.0374,-2.1765
262.4376,47.3977,-0.5325
44.1897,176.1278,-1.6667
145.3078,114.8236,-1.5983
25.2347,182.7094,-1.7185
-9.9171,202.0107,-2.1956
29.1612,179.5235,-0.9298
13.9662,187.2561,-2.6274
-115.1713,250.8146,-1.5577
-1.5339,183.7459,-1.8641
-0.9125,182.4240,-2.8416
4.8242,178.5337,-2.3302
2.7223,178.7650,-1.6881
24.4185,166.0239,-1.8392
-66.9466,214.1671,-2.0297
-94.0843,227.7829,-3.1819
-67.7033,213.5442,-1.8161
110.4114,119.4350,-1.4489
102.7658,122.8702,-1.8139
110.1125,119.0099,-1.6056
-3.7914,178.6764,-2.8863
0.0410,176.5825,-0.9892
120.3273,113.3929,-1.5530
118.2290,114.4407,-1.4106
115.2760,115.7639,-1.9848
109.8664,117.3385,-1.6811
-57.7532,203.1594,-2.6651
106.6613,117.7297,-0.9276
-10.6878,177.0386,-1.5559
103.5702,118.3318,-1.2388
-11.6385,176.7184,-1.5711
-6.5332,173.9465,-2.1381
5.0606,167.6006,-1.6769
-14.4415,175.0066,-1.1563
-15.4753,174.4884,-1.9460
-12.6454,173.0532,-2.3163
-4.0357,168.6832,-2.5556
-12.8764,173.0302,-2.5353
-9.2212,171.1321,-2.0698
-6.9682,169.8805,-1.6028
-6.7011,168.9083,-1.1905
254.7299,39.2934,-0.8741
-7.8621,168.7399,-2.3972
0.9838,164.2774,-1.4687
-0.3169,163.7550,-1.7095
39.6911,143.7815,-1.7065
105.6241,111.2587,-1.8292
-8.2366,166.6590,-1.9637
42.1489,141.5498,-1.6505
99.6084,113.3847,-1.3549
98.3215,113.9430,-1.5111
-137.3690,227.5587,-2.0348
-14.7405,167.4113,-2.7356
-18.5533,169.0381,-2.0333
132.1143,96.3719,-0.7408
-138.3873,226.1229,-1.2905
124.5264,99.7485,-1.4896
0.7394,159.0817,-2.0354
-89.8382,202.3333,-2.1326
-140.5236,226.5782,-2.6675
125.0315,99.3742,-1.0226
124.4887,99.4828,-1.5560
-143.6024,226.9808,-3.8001
127.5825,97.3594,-0.7495
0.4380,157.2186,-0.9881
-147.1518,227.0610,-3.0503
-133.5894,219.7822,-1.7691
4.9079,154.1077,-1.3458
-49.0009,179.2753,-2.9988
-6.7778,157.2788,-1.8875
-141.6960,219.9625,-1.7924
-145.9845,221.4710,-2.5062
-146.8665,221.7976,-2.1795
170.6067,73.7187,-1.5573
160.2637,78.4316,-0.7675
-145.7377,219.0968,-1.4256
1.1840,150.0655,-1.2534
-87.7941,190.1040,-1.8079
61.8018,121.8641,-1.8954
-88.2701,189.1457,-1.5550
-4.6674,151.1950,-1.5478
-92.6514,190.9208,-2.8200
-89.8162,189.5058,-3.0723
-3.0205,150.0318,-2.2730
-90.5278,188.8105,-1.9327
-0.6499,148.3132,-1.4902
-6.5335,150.9082,-1.1269
-13.8486,154.1418,-2.2205
-24.3831,158.7701,-1.6842
-2.3420,148.4416,-1.2333
-17.5436,155.0423,-1.6688
-170.0011,223.0959,-1.4379
-12.8079,152.7542,-1.6936
-5.7324,149.4344,-1.6889
-5.3460,149.1394,-1.7088
-125.7589,202.9057,-1.7385
-14.2216,152.9927,-2.3193
-21.9819,156.4093,-1.8876
-9.8368,150.9647,-1.2966
-6.1278,149.2821,-1.9068
-9.7476,150.8366,-1.3277
-83.8366,182.7448,-2.8851
-82.3668,181.8749,-2.9672
2.3858,144.2266,-1.4263
-92.8440,186.3837,-3.3582
121.6798,91.1662,-1.0826
-18.2188,152.6505,-2.1146
76.7304,110.4938,-2.1635
-6.0836,146.9093,-1.2168
130.4007,86.4322,-1.3029
-56.1726,167.0621,-2.0516
-55.9311,166.3829,-2.1525
-4.6945,143.5850,-1.2870
-9.4178,145.5371,-2.3297
-16.4033,148.2459,-1.9289
-18.1008,147.7301,-1.4373
-82.7102,175.3338,-1.6350
-104.9158,184.7403,-2.8375
-104.2608,184.1770,-2.7777
-7.4844,141.9545,-1.4325
-28.7331,150.6942,-2.3946
-192.0776,219.6961,-3.9398
-82.9554,172.8221,-1.2740
-51.9645,159.1051,-2.5100
-13.5205,142.3201,-2.8206
88.1392,99.2811,-0.7371
-113.1032,183.6981,-1.6021
-113.9118,183.4328,-1.6145
-15.6546,142.1428,-1.0187
-113.4564,182.4945,-2.3984
-120.6430,184.8934,-1.2700
244.8467,32.8662,-0.4684
77.8787,101.7517,-1.0287
-27.9106,145.3864,-2.5414
-6.9339,136.2542,-0.9737
-74.3985,163.5017,-2.7662
-72.4217,162.6521,-2.6911
-179.9610,206.4188,-2.4953
-14.9711,138.0844,-1.4976
-15.8133,138.2588,-1.4434
270.7502,21.1488,-0.7133
-13.7768,136.1141,-1.5447
116.8387,83.1984,-1.7123
118.5833,82.3322,-1.8279
-15.1397,136.2972,-1.4569
1.4618,129.5538,-1.4944
155.5731,67.0586,-1.4340
-16.7053,136.2877,-1.3343
-74.6546,158.5954,-1.3694
248.1944,29.4174,-0.5343
-15.1177,134.4291,-1.1245
248.4346,29.1988,-0.6064
-75.1872,158.1863,-1.4986
-14.8019,133.5333,-2.1883
-119.1314,174.5580,-3.1019
-16.8452,133.9735,-1.9414
-117.6789,173.7982,-3.5254
-117.9317,172.1555,-2.3875
-17.2606,132.3414,-1.6252
-120.1574,172.4368,-2.2733
-24.3447,133.2500,-2.6079
266.8491,20.2726,-0.7970
26.2776,113.0049,-1.7148
26.6027,112.4364,-2.2112
81.6903,91.1155,-1.1766
274.1086,17.0952,-0.3355
-196.9366,196.6757,-2.5199
-197.0207,196.1674,-3.7137
-33.2280,133.6180,-1.4555
-22.4504,129.3947,-1.9676
-27.3917,130.6204,-2.1798
-27.6583,129.9466,-1.5637
-27.5740,129.5997,-1.3952
-184.9481,188.6229,-3.1214
-19.6235,125.5939,-1.6719
-19.9730,125.6659,-1.6966
-155.5071,175.6302,-1.9205
-12.6756,122.5035,-2.2305
-187.2576,187.1179,-4.0062
-196.6685,190.4692,-3.4982
-189.4021,187.7024,-3.1770
-21.7157,125.0714,-1.3291
-92.3643,150.9426,-1.6736
-21.6167,123.4154,-1.1179
-110.7122,154.3994,-1.8915
37.7254,100.4383,-1.0562
-107.2911,152.8496,-2.1082
-114.6748,155.2749,-1.5379
-106.5155,152.3132,-2.1328
-208.0135,188.8866,-3.7007
-203.2684,187.1700,-3.2063
-201.5018,186.2835,-3.2161
-211.5003,189.8616,-1.9168
-198.9627,185.2845,-3.9223
-201.8199,186.2806,-3.3526
-211.0401,189.5878,-3.4584
-211.2688,189.6253,-3.0192
-206.8303,187.8974,-3.6373
-204.0938,186.8512,-3.5844
-202.2134,186.1475,-1.4439
-204.8764,186.9754,-3.5740
-101.0187,149.0798,-3.3653
-209.7730,188.0379,-3.4525
-203.3502,185.6726,-4.0750
-212.7198,187.8433,-3.4789
-24.5043,120.1938,-1.4474
70.9371,86.2519,-1.9642
-99.4649,146.3526,-1.5179
70.1121,86.1302,-1.7474
-112.5231,150.7060,-2.6168
-113.3529,150.9040,-1.7778
-185.6902,176.2847,-3.7305
-115.7202,151.5047,-2.8298
-185.6606,176.2110,-3.1509
-115.8803,151.4460,-1.2740
-174.1394,172.0141,-1.4052
-198.3612,180.5541,-3.2842
-112.1391,150.0533,-3.0577
-218.6017,187.5259,-2.2647
-179.3808,173.5603,-3.5723
-220.7910,188.0369,-2.4956
-220.8417,187.9738,-2.9246
-220.7730,187.7866,-2.9892
-178.1722,172.7442,-2.0403
-176.1598,171.9005,-3.1427
-181.5842,173.6455,-2.2380
-163.8969,167.2732,-1.8012
-178.5287,172.2913,-1.6680
-166.6246,167.6930,-2.4690
-179.5595,171.9921,-2.7829
-12.8197,113.2010,-2.1976
128.0333,63.7387,-1.1678
-176.0056,169.1825,-3.5689
-174.7777,168.7436,-3.5618
67.3403,84.6560,-1.5942
68.1208,84.3674,-2.0860
-146.6292,158.6262,-1.8236
129.0983,63.1593,-1.6028
-152.2797,159.7246,-3.1703
-125.3326,149.8991,-1.3282
65.0271,84.4143,-1.4932
27.5303,96.6048,-0.8336
20.3122,98.9437,-2.2246
-54.2497,123.8879,-1.2042
62.3014,84.1201,-1.3392
-11.4566,109.1391,-1.9463
-179.0905,165.8078,-1.6777
-80.2021,131.9827,-2.0606
-178.5676,164.9907,-1.3457
21.0556,97.4750,-2.2027
223.8842,28.8617,-0.7750
-85.8601,132.4484,-1.5336
-180.9271,163.4600,-1.6689
57.1075,83.8959,-1.8723
-228.1727,178.3399,-3.9414
-26.2495,111.1294,-1.7529
-187.8347,164.6749,-3.8208
53.2508,83.9054,-1.8314
169.4552,45.5554,-0.9824
-186.3558,162.2044,-2.7152
-187.1576,161.6206,-1.4194
-226.7872,174.5472,-3.8742
-188.7870,161.8916,-1.5500
-185.1820,160.6461,-2.0251
-228.5714,174.7639,-3.9042
-185.7544,160.7474,-1.9506
-181.2982,159.2929,-2.3155
35.2881,88.5418,-2.3753
-125.5963,140.8067,-2.6144
19.3810,92.9300,-0.9946
-95.3610,130.0220,-3.2339
-85.7272,126.4204,-1.6401
-229.8561,172.7102,-3.7048
-227.3584,171.8006,-3.0566
-119.0361,136.8368,-1.5248
-176.1815,154.6104,-1.5063
-173.5116,153.7463,-1.4616
-95.0396,128.4443,-1.4391
96.5812,66.9494,-1.4890
-94.2646,127.6148,-1.4324
-121.7300,135.8735,-1.4493
98.0904,65.5616,-1.9428
58.9065,77.9831,-1.8976
-31.8202,105.9354,-2.6062
71.6602,73.2161,-1.4828
58.6969,77.2984,-1.3363
-149.4090,142.7229,-1.5691
-34.4327,106.4646,-2.2886
74.4304,72.1134,-1.1526
-29.7175,104.6519,-2.7057
59.3339,76.6648,-0.8895
-27.9625,103.9147,-1.5113
-229.4331,167.0021,-2.7866
-20.5333,101.5571,-2.5055
-124.5089,133.9141,-2.1127
-23.1274,101.7949,-1.4943
-95.3693,122.8680,-2.4468
146.5364,47.9380,-1.2300
-228.2107,163.2266,-1.9850
-9.5361,95.8491,-1.2063
66.5972,71.9336,-1.0616
-102.9644,123.0253,-1.8255
-216.7122,156.5143,-3.1336
-180.6847,145.3138,-3.2910
60.7119,72.0076,-1.9796
-179.5183,144.1374,-3.2032
-177.0195,143.3609,-3.5621
-177.2191,143.3788,-3.7911
-175.3924,142.7734,-1.5297
-226.3079,158.0607,-1.8838
59.5521,71.9333,-1.9557
-152.4277,135.3749,-2.4335
62.0895,71.0134,-1.4255
-179.5584,142.5319,-2.6148
-19.6718,94.7054,-2.6671
-154.8484,134.2376,-3.2084
-218.6991,152.8964,-3.5193
213.1646,25.0805,-1.1544
-99.0964,116.4815,-2.5308
-96.0491,115.1812,-1.2474
-99.2453,115.9754,-2.1613
-96.2100,115.0849,-1.3585
-94.2279,114.4851,-1.3791
-91.1951,113.4869,-1.1537
-92.5849,113.7852,-1.1740
70.1267,66.2990,-2.1277
-95.6032,114.5301,-1.6075
-199.8781,143.7589,-3.7294
74.0309,64.3936,-2.0607
-197.9673,143.0110,-3.7013
108.6765,54.0819,-1.5851
-198.4040,142.5173,-2.9592
-180.5417,137.1821,-1.7168
-199.8289,142.5368,-2.3656
-198.0225,140.9436,-3.2857
-198.2481,140.2859,-2.6278
23.1119,76.2117,-0.9496
19.7520,76.8648,-1.5477
-163.3508,127.6828,-2.8677
22.1113,75.5874,-2.2271
17.0194,76.8995,-2.2044
70.5680,61.7102,-1.6946
166.9063,34.2048,-1.0406
-225.0228,141.2627,-2.1493
-126.0363,114.1686,-1.5942
-58.0356,95.5522,-2.5460
-225.9514,140.9502,-3.8398
-124.3493,111.9073,-2.3433
-122.9409,107.9872,-2.0853
-126.4283,108.7840,-2.0496
-66.7534,90.5803,-1.9184
224.8541,15.4909,-0.4884
18.1519,68.4387,-2.2119
-122.1520,104.2759,-1.9650
-68.4892,90.4437,-1.9856
-123.3760,104.1939,-1.9233
-69.4343,90.1856,-1.3388
-65.5155,88.6011,-2.3277
-68.4977,89.3177,-2.8110
-68.0091,89.1687,-2.4847
-68.4331,89.2755,-2.3877
-62.7710,87.6626,-2.6821
-66.6550,88.6349,-2.7517
-61.6863,86.8670,-2.4387
-64.1164,87.4056,-2.9800
17.9989,66.5950,-1.7581
16.5569,66.7252,-1.5982
7.1216,68.5168,-1.0737
12.3128,67.1222,-2.3440
8.5829,67.9033,-1.1275
16.9647,65.6924,-1.3503
7.6983,67.8758,-2.3723
-187.5940,115.4829,-2.4921
7.4819,66.9061,-1.6782
226.4270,12.7490,-0.4700
250.8805,6.8034,-0.5315
253.4356,6.0967,-0.3289
74.2046,48.6100,-1.0220
-166.2874,106.0324,-3.2804
-166.7067,105.9902,-3.1489
-67.0788,81.7476,-2.8076
-190.7107,110.1762,-3.1095
-6.0374,65.6729,-2.0386
-167.1089,103.0001,-2.0405
91.5038,42.4559,-1.0021
-167.1855,102.3478,-2.1411
-189.8501,107.5134,-1.9051
96.5530,40.5917,-1.3830
-192.6064,106.4702,-1.5707
89.1397,42.0175,-0.9645
-191.9226,106.1738,-1.3134
-192.4091,106.2657,-2.2853
-128.1574,91.3258,-1.5760
70.7104,45.9270,-1.0677
-15.5418,65.0774,-0.9289
-120.2150,88.7668,-3.2194
72.8946,44.9804,-0.7562
-256.4442,119.4530,-1.8235
-254.5979,118.9399,-1.8215
-254.4541,118.8484,-1.6264
71.9210,44.9715,-0.8927
-128.5311,90.0615,-2.1953
-126.9051,89.6280,-1.6019
-132.1115,90.5973,-2.0715
-257.1359,118.6972,-2.4174
-21.2841,65.4480,-0.9369
-127.9913,88.6233,-2.6162
-129.4747,88.7269,-2.9305
-132.1113,89.2853,-3.4764
-132.0475,89.0109,-1.8986
57.5982,46.9051,-1.1509
-25.8143,65.2486,-1.4213
-26.5363,65.3853,-1.1977
-138.8732,89.9093,-1.9504
-139.4330,89.9995,-1.9392
-137.7693,89.4553,-2.2723
175.3908,20.4888,-0.5405
10.4293,56.7964,-1.3153
-132.9257,88.2639,-1.1806
-141.6143,90.1040,-1.7884
57.3672,46.3166,-1.6391
209.3960,12.0874,-0.9169
-264.2002,113.0345,-2.9126
-260.8307,112.0055,-2.6319
-259.8199,111.7664,-3.0346
-264.0601,112.6570,-3.0304
280.5964,-3.5112,-0.3320
-177.2463,93.6336,-2.9399
-178.7534,93.4942,-2.5975
-174.9148,92.6823,-2.5889
-181.3909,94.0487,-2.9743
-182.7177,94.3152,-3.2800
-181.7061,94.0074,-2.6654
-179.6855,93.3906,-2.5817
-183.7515,94.1829,-2.7435
-183.2755,93.6279,-1.2853
-180.7855,93.0836,-1.9074
-177.1462,92.2604,-3.7575
89.5872,36.1805,-0.7924
-186.0738,93.8663,-2.0794
-181.9727,92.7567,-2.1083
-185.8937,93.3929,-1.9477
-181.7601,92.5192,-1.9470
-180.1279,92.0938,-1.9725
-53.7680,65.4789,-1.2676
213.5135,9.7794,-0.5658
-68.0189,67.8222,-2.5339
-66.5612,66.9131,-1.4995
-71.0529,67.8274,-1.3356
-103.5624,74.4760,-1.3203
-60.9047,65.6918,-2.6712
-58.7725,65.1611,-2.1344
-55.7492,64.5283,-2.9502
-71.7569,67.5576,-2.9562
-182.7716,90.1931,-2.1877
-182.0978,90.0309,-2.6636
-184.1476,90.4382,-2.2622
-106.2146,74.5263,-1.3874
-183.4805,90.1893,-1.6204
-185.5132,90.6027,-2.7068
-75.6146,67.9752,-2.6422
-178.4183,88.8160,-2.2300
-67.1817,66.1992,-2.6909
-78.3109,68.4425,-2.2762
-65.8217,65.7415,-2.4834
-66.6025,65.8446,-1.0979
-67.2841,65.9770,-1.0982
-45.5521,61.5073,-2.3468
-58.3605,64.0517,-2.1809
-60.5937,64.3981,-1.7753
-107.4108,73.4414,-2.0045
-51.9501,62.2528,-2.8951
-72.1054,66.3032,-2.2640
-63.8645,64.6031,-1.5240
-65.2323,64.7426,-2.3387
-60.7098,63.6987,-2.7205
-178.2153,87.2489,-3.5179
-105.5341,72.2707,-1.3356
-56.8922,62.2670,-2.3445
-105.4407,71.9005,-3.0812
-67.6769,64.3752,-1.1278
-54.6862,61.7401,-2.2318
-63.6883,63.4992,-2.2569
-132.9520,77.0775,-2.4240
-47.9562,60.0881,-2.0201
-69.3472,64.1554,-2.8113
67.8698,36.9856,-1.6404
-66.4714,63.2502,-1.5016
49.3281,40.3775,-0.9700
267.5198,-2.5827,-0.5429
-272.0942,103.6284,-4.2823
-63.5046,62.5406,-2.4939
46.9001,40.6811,-1.4657
-266.8742,102.2885,-2.2831
-59.3675,61.4480,-1.7039
-62.0086,61.6881,-2.4696
-208.5996,90.2984,-2.3316
-258.2923,99.9401,-2.9511
-78.5554,64.5757,-2.7119
276.0435,-4.5353,-0.6901
-124.2089,72.7762,-3.2618
-68.8196,62.0546,-1.0975
-105.6963,68.9203,-2.3220
-189.6353,84.4514,-2.5790
63.9231,35.7101,-1.2117
216.0226,6.5685,-0.6482
-190.6274,84.0491,-2.4745
-197.7983,85.3257,-2.2497
-103.9691,67.2891,-2.3193
-78.3647,62.4022,-2.9251
-107.9708,67.9778,-2.3323
-107.2802,67.5518,-2.5287
-67.8075,59.8473,-2.1146
-111.2689,67.3659,-2.1025
211.9648,6.6904,-0.5831
-79.2043,60.9353,-1.5789
-79.9239,61.0593,-1.9784
-109.1351,66.4875,-2.6046
-245.8200,91.9467,-3.3792
-79.7037,60.8315,-1.7778
-79.6683,60.3789,-1.3902
-115.3514,66.6505,-2.9192
-112.1856,65.9238,-2.9917
-80.5791,59.9502,-2.2006
-55.7942,54.8748,-1.1946
210.7955,5.9809,-1.1306
-255.4015,90.8358,-1.7455
-221.5792,84.4093,-3.8083
-55.6469,53.8085,-1.6277
-223.4470,83.9758,-3.4246
-54.3557,53.4243,-1.6734
81.3216,28.7876,-1.9698
-92.7096,59.8814,-2.5831
57.1405,32.9428,-1.2458
-109.8155,62.3968,-2.1841
142.2476,17.4649,-1.1127
-79.8499,56.2478,-1.9395
-64.4490,52.6160,-2.5074
-76.2739,54.6350,-2.5958
-63.9740,52.4354,-2.7384
-72.1484,53.3305,-1.0276
-227.7060,80.0073,-2.5668
-74.7254,53.5297,-1.5172
-95.3774,56.8980,-2.2558
-75.5085,53.1802,-1.6996
-89.5534,55.5573,-2.6221
-71.0330,52.3119,-1.7621
-58.5796,50.0715,-2.3187
-66.4125,51.1904,-2.5020
-63.5235,50.6947,-2.2473
-72.5863,52.1787,-1.8105
-74.4490,52.4908,-1.2127
-82.5428,53.7750,-1.9887
-69.2174,51.3549,-2.4137
-72.2388,51.7910,-1.2944
-73.2256,51.8564,-1.9543
-69.2695,51.1136,-2.4402
-221.0244,75.4165,-1.9665
-224.5491,75.8241,-2.2752
80.7624,24.8978,-1.2519
-220.4330,74.9053,-2.5214
-223.3429,75.3231,-2.4205
85.2340,23.9579,-0.7723
-40.4606,44.7991,-0.9504
-224.4964,75.2011,-2.9607
-229.3369,75.8551,-3.3831
-225.4069,75.1372,-2.8469
60.7300,27.7930,-1.5338
61.6063,27.4185,-1.6753
-222.2479,73.7005,-2.2926
-228.3764,74.6864,-2.7727
-49.7442,45.2460,-1.4506
-18.0276,40.0103,-1.4485
-223.6435,73.2310,-2.4703
-223.4386,71.3586,-2.1930
-48.0280,42.9587,-1.2677
-78.5227,47.6995,-2.2973
-223.1379,68.7528,-3.0708
-214.4702,66.6190,-2.1892
-230.9321,68.5588,-2.0866
-218.8137,66.4671,-2.6590
-89.0229,46.2696,-1.4651
-187.1673,59.6157,-3.2581
-224.5308,64.8089,-3.9819
-26.9280,34.9922,-2.0806
-186.6844,58.2303,-2.8077
115.5078,12.7228,-1.4831
114.4115,12.2971,-1.4499
-226.0955,59.4070,-3.0173
-87.6199,40.0033,-3.0446
-87.9044,39.5566,-2.3127
98.1380,13.7235,-0.9414
168.4476,3.7811,-0.6624
173.1077,3.1294,-1.2271
-184.7287,49.9785,-2.8365
-253.1245,58.9818,-4.0163
79.8201,14.3864,-1.2006
79.5018,14.2136,-1.4176
-184.6752,48.7401,-2.0339
-228.0634,52.8976,-1.9063
-228.1513,52.0336,-2.7905
-227.9319,51.7823,-1.8392
80.4660,12.7090,-0.7309
-167.1860,43.7650,-3.2772
-228.2159,51.3964,-2.1147
-230.4779,51.4861,-2.4660
-229.0094,51.2136,-2.5469
-233.2050,51.7327,-2.5938
-235.4687,51.1840,-3.8769
-233.2302,50.7644,-3.9513
-228.2794,49.6491,-2.0520
-146.1811,38.9523,-1.8805
-156.1976,39.0512,-2.7159
-269.9498,52.5395,-1.6971
-276.8169,52.8122,-1.6118
-250.8413,49.5844,-3.7752
-177.2291,40.5329,-1.5291
-279.2244,52.4973,-3.1372
-178.5426,40.4335,-1.8163
-255.9576,49.3599,-2.9408
-248.6990,48.0210,-3.7365
-177.1552,39.3715,-2.9104
-279.9686,51.0750,-2.7737
-175.2280,38.9505,-2.8683
-175.7045,38.9438,-3.5146
-146.5502,34.9316,-1.2948
-201.8582,41.1233,-2.2418
-175.1708,37.5115,-3.2478
-217.5145,40.9517,-2.4677
41.7070,12.0725,-1.9031
-238.0577,42.1437,-2.6003
-218.7630,39.7497,-2.2744
-245.5209,41.2134,-3.2805
95.1278,4.6240,-1.3996
-206.8535,35.7143,-3.5888
-250.0792,39.4831,-3.7550
39.4418,8.9528,-1.3261
-250.9186,38.0995,-3.0895
46.4917,7.6718,-0.9077
41.8103,8.0560,-0.7920
42.5195,7.6751,-1.2021
26.1392,9.2415,-1.6878
-182.8494,29.1433,-2.0200
42.8099,7.0925,-1.8180
-58.2657,16.7287,-2.0278
-183.4869,28.4436,-1.7068
42.1356,6.8518,-1.7987
-195.8154,29.1674,-1.7598
-194.8391,28.8746,-1.9332
-102.5437,19.9913,-2.7149
-232.1932,31.8908,-2.1011
-179.5916,26.8812,-3.1447
64.0921,4.0401,-0.8209
42.0837,5.9007,-1.7011
-193.7950,26.9731,-2.9561
-138.5238,21.8450,-1.5480
-247.6631,31.7592,-2.9927
-253.4077,32.2823,-2.3078
-186.1665,26.0663,-1.8334
-254.4717,31.8821,-2.6884
44.2572,3.5908,-0.7703
45.3438,3.3904,-1.0049
-195.0489,24.0758,-2.6721
-192.1219,23.7980,-2.3518
-135.0817,18.5937,-1.4693
-132.4882,17.8348,-2.7845
-129.4209,16.9197,-2.7165
-65.5812,11.3860,-1.0950
-229.5709,24.2015,-3.6139
-194.1896,21.1099,-3.1798
-105.4185,13.3754,-2.9836
-104.3753,12.9495,-2.1717
-159.1805,17.2189,-2.1981
114.7935,-4.5421,-0.9206
-160.3436,17.0316,-1.2170
-43.3740,7.3384,-1.0497
-280.4037,25.0974,-1.6597
-156.7069,14.9818,-2.2630
-178.0060,16.4219,-3.1110
-157.3010,14.3717,-2.7466
135.6619,-7.7615,-0.7989
-148.6161,12.9324,-2.6043
-148.0281,11.6576,-3.2833
-166.7749,12.5486,-1.6479
-258.8266,18.7538,-4.1455
-262.4936,19.0068,-4.1767
0.0000,0.0000,-2.1214
-40.4079,2.0729,-2.3017
-176.5078,10.3726,-1.5349
-278.1912,16.7761,-4.0414
-39.6635,1.3578,-1.4837
-42.9592,1.5513,-1.3774
-42.3896,1.4901,-1.0944
-38.7497,1.1601,-1.4734
-171.5099,9.5516,-2.7045
-100.7882,4.3314,-1.4509
-99.8514,2.5219,-1.5368
-181.2622,7.0124,-2.2605
-183.0180,5.8863,-2.4955
-256.0149,9.7696,-3.6702
-178.4969,4.9759,-2.5126
-175.4316,4.5796,-2.9610
-156.7706,3.0281,-2.4420
-156.4857,2.8243,-2.2892
-134.4333,1.4222,-2.2767
-258.8872,7.7817,-2.1141
-259.6230,7.7140,-2.2565
-103.7171,-1.1094,-2.0566
-204.7636,4.0129,-2.6650
-47.9620,-4.0685,-1.4271
-256.9595,6.2478,-1.7132
-47.0175,-4.4814,-1.1237
175.4008,-15.6001,-0.8656
177.3187,-15.7311,-0.9745
177.5098,-15.7475,-1.0478
177.8136,-15.7900,-1.0190
-74.9742,-3.7524,-1.6578
7.8450,-8.1318,-1.3445
-99.6874,-3.3379,-2.6646
10.6862,-8.5564,-1.3578
28.5487,-9.5357,-1.8207
-227.5659,2.2056,-3.8948
-103.7327,-3.6839,-1.2968
3.4647,-8.6412,-2.5066
0.2444,-8.6214,-2.3841
28.3588,-10.0678,-1.6840
-103.5313,-4.4628,-2.7189
-261.7881,2.4589,-3.7681
-232.6176,0.8285,-3.2811
-256.5702,1.3999,-3.0466
-267.5090,1.6305,-3.3240
-255.4907,1.1015,-3.2414
-69.0724,-7.1567,-2.7863
-68.3836,-7.5184,-2.5457
-196.9451,-2.7486,-2.2818
-197.5813,-2.7614,-2.3288
-93.4689,-6.9277,-1.5366
198.9889,-18.6991,-1.2085
-265.2439,-0.4812,-2.4751
16.6177,-11.9661,-1.1330
-199.2698,-3.9681,-3.3118
-135.4504,-6.5836,-2.3774
120.0449,-16.1799,-1.0002
123.3423,-16.3848,-0.7195
-132.8348,-7.2203,-1.4804
121.9924,-16.5080,-0.9924
-198.6313,-4.9405,-3.4978
-213.9728,-5.1046,-2.0458
-213.4271,-5.9320,-2.8430
121.6353,-17.2182,-0.8641
-217.6120,-6.1225,-2.4182
-214.9065,-6.2459,-1.8615
-211.0804,-6.4752,-1.4420
-209.1838,-6.8388,-2.2227
-50.6251,-12.0525,-2.7295
-245.1924,-5.9880,-3.8053
-220.2386,-6.8886,-3.0334
11.1046,-14.3235,-1.7345
-204.5597,-7.9400,-2.3571
-203.0359,-8.0841,-3.7644
-245.2570,-7.8036,-3.4697
-241.0910,-8.3632,-2.1616
-230.5272,-8.7944,-3.9129
-232.2185,-8.8701,-2.8727
-198.1300,-11.1709,-2.0357
-269.1760,-9.9598,-3.6742
-231.2629,-11.9919,-3.4249
26.1383,-18.1647,-0.9404
-223.6823,-13.2938,-2.1063
-223.6437,-13.3290,-2.7641
-240.5433,-13.5789,-3.7815
-224.4926,-14.6737,-2.7265
-209.8768,-14.9516,-3.6261
-114.2841,-16.8010,-1.7414
-111.0902,-16.9994,-1.4019
-117.9945,-17.0403,-1.6621
-235.8097,-14.9535,-3.9714
-106.5958,-17.2995,-1.8625
-211.0167,-15.5697,-2.5691
-48.8885,-18.5254,-1.5869
-135.5001,-17.0466,-2.2383
-124.8094,-17.2694,-1.9535
-234.8281,-15.4123,-1.3658
-117.7579,-17.4958,-1.8780
-129.6778,-17.3085,-1.8083
-236.1989,-15.9284,-2.0523
-241.3996,-15.8794,-2.7582
-240.6461,-15.9383,-1.5909
-118.6045,-17.9995,-1.8102
-102.8898,-18.3939,-1.6890
-266.8118,-15.8783,-4.0977
-106.8402,-18.4936,-1.2875
-124.5629,-18.3091,-1.9497
-107.9599,-18.6424,-1.8257
-111.8410,-18.6251,-3.1070
-234.4654,-16.9767,-2.2938
-270.6935,-16.4927,-3.9695
-228.6559,-17.5490,-3.8317
-98.4472,-19.4030,-1.3758
-212.2886,-17.8353,-3.3775
-210.6267,-18.0135,-2.5369
-211.6439,-18.5310,-1.7326
-224.5272,-18.3908,-3.3131
-225.2096,-18.9177,-1.7585
-226.0027,-19.0402,-2.1704
-211.0402,-19.4168,-1.5166
35.7194,-22.2053,-2.2213
-107.1690,-20.6249,-1.7113
-231.3724,-19.4937,-2.0487
-276.8482,-19.1394,-2.8361
-112.6580,-21.0455,-1.2466
-117.4666,-21.0441,-2.2198
-103.6243,-21.3329,-3.0202
-101.8870,-21.4030,-1.4434
-109.4644,-21.4027,-1.1761
-103.1938,-21.7459,-1.8626
-109.6787,-21.7960,-1.7853
-196.7582,-21.0605,-1.9804
-99.9643,-21.9120,-1.8004
-232.9259,-20.9485,-2.4568
-291.2328,-21.0950,-1.9403
-114.2093,-22.5098,-1.5966
-101.2907,-23.1459,-1.1676
-47.2588,-23.6485,-1.6235
-104.3178,-23.4414,-1.9954
-65.0944,-23.8915,-1.7477
-106.9524,-24.0160,-1.1308
-46.9197,-24.8193,-2.1580
44.4084,-25.7660,-0.7944
7.3557,-26.0006,-2.1411
-92.5595,-26.0760,-2.1742
-44.3990,-26.0971,-2.1907
-47.6174,-26.3515,-2.2446
-129.0364,-26.4064,-3.0350
23.6267,-26.4215,-2.1666
16.5037,-26.5931,-1.3961
-224.1734,-26.9695,-2.4553
-224.5396,-27.0050,-3.2469
-220.1383,-27.0231,-2.9066
-192.9828,-27.0307,-2.5872
-228.0445,-27.1184,-3.0361
13.1969,-26.8683,-1.0239
18.9109,-27.0084,-1.2428
-228.5050,-27.7120,-1.7135
24.3385,-27.1631,-0.8506
20.7994,-27.2391,-1.4773
-190.1565,-28.0673,-3.3676
-188.3048,-29.7728,-2.7800
-169.2181,-30.0196,-3.6281
-43.7949,-29.6029,-2.1623
-182.9569,-31.2315,-3.5071
-37.2784,-30.0730,-1.7545
-170.3377,-31.6768,-3.0261
-44.3678,-30.4443,-2.3290
-168.1957,-31.8090,-1.5407
-46.4580,-30.6350,-2.4137
-167.5925,-32.1449,-3.2815
-71.0014,-31.1851,-1.1137
-161.1868,-32.1924,-3.0540
-222.4374,-32.9577,-1.4299
-222.8679,-32.9674,-1.4379
-44.1346,-31.3219,-1.8604
-175.6841,-33.2032,-2.4265
-40.6987,-31.6434,-1.4615
208.7628,-28.4560,-0.9063
-122.5521,-33.2758,-1.4474
-126.8404,-33.4102,-1.6925
-124.1155,-33.7754,-1.3932
-119.3842,-34.0386,-1.4738
-120.6785,-34.0812,-1.3918
-117.9115,-34.1191,-1.5638
-171.8309,-34.9830,-3.4411
-224.5063,-35.9346,-3.4792
-124.1714,-34.5638,-2.4653
-120.7562,-34.7086,-1.6786
-43.0733,-33.4210,-2.1129
-170.6957,-35.8512,-1.6192
-165.1216,-35.8787,-2.5074
-117.1768,-35.0870,-2.5815
-41.2932,-33.7899,-1.2318
10.5454,-32.9237,-1.3558
10.8389,-32.9650,-1.4122
-165.2715,-36.2938,-2.2627
-169.7446,-36.3879,-3.3824
-123.9756,-35.9315,-3.0860
-47.9247,-34.4847,-2.7934
11.8594,-33.4291,-1.4242
-102.2493,-35.7381,-1.2264
-225.0788,-38.5104,-1.7470
-42.6103,-34.8789,-2.0006
-170.2110,-37.8818,-1.9446
-170.2315,-37.8993,-1.9487
-44.9095,-35.3996,-1.6555
-124.4885,-37.5217,-2.9789
-126.8498,-37.6505,-2.7990
-212.6776,-39.7017,-2.1651
-156.2757,-38.4558,-3.3987
-212.0808,-39.7395,-2.3714
-150.4981,-38.7101,-2.3334
110.8345,-33.1410,-0.8894
-222.2204,-41.9496,-3.7415
-38.4368,-37.5839,-2.2809
-149.6839,-40.6842,-1.7295
-132.2689,-40.2946,-3.1435
-281.9032,-45.6156,-3.9056
-38.3668,-38.5802,-1.5142
-44.1026,-38.7766,-1.5377
-29.7378,-38.6456,-1.4246
-94.1571,-41.1679,-2.7323
-220.8825,-45.1770,-2.4684
-219.5310,-45.1885,-2.5453
-7.2377,-39.0035,-1.3970
-124.5219,-43.0006,-1.8473
-125.7428,-43.0845,-2.3636
-92.4276,-42.3415,-1.9694
-206.9987,-46.7003,-1.4401
-183.6300,-47.7859,-2.5270
-216.6841,-49.1462,-2.8219
-227.5989,-49.5830,-1.7066
-221.0524,-49.6240,-1.6696
-220.5447,-49.7716,-1.3333
-227.5919,-50.1851,-2.0500
-92.4323,-44.9619,-2.3421
-226.6779,-51.1693,-3.3016
-179.1370,-49.4463,-1.7506
-155.9003,-49.1805,-1.4551
-230.0580,-53.3157,-2.0219
-92.7615,-47.3594,-2.7939
-179.2198,-51.3054,-3.0768
-70.6503,-46.8192,-2.6343
-160.7112,-51.1342,-1.9890
-155.2067,-51.0549,-1.5495
-156.6371,-51.1233,-1.4580
-155.1522,-51.0842,-2.0183
162.8936,-36.4758,-0.6717
-154.0108,-51.2628,-1.2901
-151.0339,-51.3171,-1.9075
-154.5071,-51.4830,-1.2487
-147.1317,-51.2097,-1.7876
-207.2227,-54.5322,-3.2055
-214.4686,-54.9895,-2.8702
-208.5815,-54.7283,-3.4344
-215.9792,-55.0967,-3.6452
-207.2461,-54.6984,-2.1234
-222.3465,-55.5571,-3.5038
-214.2721,-55.7896,-3.1415
-205.1948,-55.3752,-3.7466
-158.0198,-53.5037,-3.1622
-156.9015,-53.7140,-2.9475
-179.0239,-55.1763,-2.9381
-222.6823,-58.0322,-3.8655
-154.2746,-54.7286,-2.6411
-110.0399,-52.9107,-1.4991
-159.5035,-55.7976,-3.2610
-156.4151,-55.9100,-2.8171
-198.7691,-58.3121,-2.5771
-156.9934,-56.1229,-2.9231
-109.1712,-53.6792,-3.0407
52.3138,-44.7410,-2.1503
-155.0012,-56.4871,-2.2964
-199.4106,-60.2650,-1.6357
-202.4412,-60.6602,-1.3624
-202.6298,-60.6949,-1.5015
-159.8044,-58.3350,-3.0093
-197.2577,-60.6348,-2.4060
-162.9837,-58.7112,-2.7648
-166.6709,-59.1003,-3.2017
-194.4934,-60.9133,-2.6512
-202.3211,-61.4220,-2.3094
-198.3598,-61.3369,-2.6552
14.3332,-48.6425,-1.5630
-164.7632,-59.5661,-2.5679
-90.1698,-55.0601,-2.3378
-193.4327,-61.5898,-1.7017
-203.3719,-62.2559,-3.0006
-200.8456,-62.5757,-3.2430
-175.3277,-63.5784,-1.9593
-178.5041,-63.8410,-2.4404
-180.0071,-64.5216,-2.1616
-81.0275,-58.0908,-2.9828
-153.7627,-64.0737,-1.8266
43.7628,-50.2286,-1.9428
-191.8218,-67.7425,-1.4562
65.4858,-49.3936,-1.1334
-196.0547,-68.4675,-2.5384
-173.6643,-66.9757,-3.1599
-192.1798,-68.9160,-2.6513
63.3823,-50.1239,-1.2565
66.0950,-49.9237,-1.2581
-167.2408,-67.9965,-1.3928
-171.9577,-68.7181,-1.3849
-188.5079,-70.0379,-2.8572
209.3476,-39.9936,-1.1263
29.7900,-54.1685,-2.1539
-162.2830,-69.3267,-1.4748
-163.3583,-69.5670,-1.5971
218.1667,-39.5327,-0.4839
29.1687,-54.6767,-2.2857
20.4017,-55.4527,-0.9755
-160.1006,-70.5385,-2.5250
-280.1528,-80.4134,-2.9989
26.9230,-55.5093,-1.6171
25.0095,-55.7207,-1.8336
-276.7549,-81.0401,-3.9519
-87.0073,-65.3463,-3.0968
-85.4639,-65.3124,-3.0516
-10.9760,-59.4739,-1.3047
-275.1091,-81.9260,-4.3097
61.3822,-53.9182,-1.4421
-158.0740,-72.9090,-3.1088
-157.1390,-73.3109,-2.5905
-187.6765,-76.3928,-3.7178
-108.4095,-70.4320,-1.6235
-185.3583,-77.4485,-2.5347
-184.9866,-77.6111,-1.4428
-188.2138,-77.9551,-1.4393
-187.9595,-77.9484,-1.3298
32.8428,-58.2082,-1.8001
-106.8641,-73.8541,-3.0772
-196.1232,-82.9539,-2.6620
-151.7034,-79.1562,-3.1894
-182.1480,-82.6302,-1.6821
-186.0105,-83.2624,-2.3127
-106.4318,-75.5310,-2.6593
-183.2093,-83.2324,-1.9347
-201.3713,-86.4491,-3.7491
-200.0892,-86.7020,-3.7127
-204.5270,-87.6408,-2.5755
-202.4391,-87.6190,-2.4348
-199.0793,-87.7264,-2.1895
-145.8121,-85.5896,-1.7217
28.9429,-67.0105,-1.9750
-144.0396,-88.5961,-2.3417
-138.9694,-88.4142,-2.5495
-149.5568,-89.7272,-3.0526
-140.8617,-89.2402,-3.1366
-145.9075,-90.0029,-3.2578
-150.6229,-90.6638,-2.6906
-148.7086,-90.8912,-3.2500
-144.7172,-90.6173,-1.5894
-149.6245,-91.5058,-1.9247
-235.5526,-102.7379,-3.4444
-130.4517,-90.3198,-1.6264
-127.2319,-93.1637,-2.6227
-126.3880,-93.2608,-3.1926
-146.8436,-96.1666,-1.4389
-243.5319,-108.9382,-3.0567
-123.3779,-93.5206,-3.0312
-257.6148,-111.3470,-1.6608
-259.9200,-111.8535,-1.7751
-257.5235,-111.6096,-2.0781
-255.4063,-111.3545,-1.8793
60.3901,-69.8364,-1.4501
-36.4536,-82.9097,-0.9984
-129.6519,-95.6307,-1.9575
-34.5887,-83.3164,-0.9452
-106.1370,-93.0623,-2.9361
29.1723,-75.8173,-0.9599
-118.6267,-97.9751,-2.5259
24.8358,-77.6514,-1.0260
32.6913,-76.5533,-0.9842
-125.7744,-99.4414,-1.5769
-136.9569,-101.8852,-3.1346
64.7013,-73.3230,-0.9554
-245.3822,-119.2578,-2.4893
-250.5398,-120.5947,-1.6318
-244.6929,-119.9655,-1.7621
-250.7708,-120.9194,-1.8422
-250.0266,-120.8752,-1.5494
-255.5766,-121.7413,-2.7153
-247.5435,-120.6597,-1.6547
-138.6671,-104.7424,-1.5400
63.2169,-75.8238,-1.7531
60.6487,-76.7721,-1.5312
287.4096,-41.7538,-0.3781
-250.8027,-126.9153,-3.3471
6.4179,-86.2966,-1.7348
-246.4194,-126.6459,-2.2902
-244.1398,-126.5578,-2.6238
103.5961,-71.2480,-1.0499
-248.2838,-127.3940,-2.4948
-112.5823,-105.7639,-3.2883
-110.1497,-105.7119,-1.6789
-114.1218,-106.4007,-2.9243
-245.8575,-127.7253,-2.8623
64.3429,-77.9776,-1.7805
-246.8471,-129.0785,-3.5963
-254.2330,-131.7803,-3.1928
-255.1878,-132.7025,-2.1236
-236.5425,-129.7764,-3.2125
-109.3309,-108.6523,-1.8323
-259.3122,-133.7548,-1.8036
-254.5727,-133.1366,-3.6514
-252.2371,-132.8333,-2.7355
-223.6898,-128.0896,-1.7832
-174.8297,-120.0863,-3.2719
-259.1795,-134.3400,-2.0056
-255.4831,-133.8332,-2.0837
-250.5376,-133.3128,-2.8293
-254.7798,-134.1378,-2.8124
-105.2872,-109.2339,-1.4547
-176.3080,-121.4475,-3.2182
45.5354,-84.3481,-2.0036
-255.7342,-135.8989,-2.0424
66.1135,-82.0079,-1.1162
-105.9158,-112.4001,-1.9883
-134.9302,-117.8588,-2.7650
22.3617,-90.5875,-1.5173
-27.7300,-99.4630,-2.4100
23.2913,-90.6512,-1.4529
-68.5781,-107.4171,-2.0668
106.3268,-77.1437,-1.8658
-147.9833,-124.4353,-1.7192
-148.8428,-124.6294,-2.6355
-147.2813,-126.0609,-2.4080
-200.3131,-136.1476,-1.3966
-75.0573,-113.2327,-2.9484
-103.9300,-120.2395,-2.2314
-14.3234,-103.1675,-1.4748
-14.6519,-103.7373,-2.5312
175.3593,-67.0436,-0.8875
-153.4188,-133.5087,-2.6112
-153.9534,-133.6690,-2.8193
177.4740,-67.9318,-0.7944
28.8992,-98.6719,-1.7779
-11.9339,-107.2219,-2.1221
-193.0688,-144.4718,-2.4318
-195.3498,-145.3646,-2.9324
22.0658,-100.9357,-2.3747
-192.6918,-145.1332,-1.9452
-224.1682,-151.9943,-3.4649
-187.3278,-144.7003,-2.7542
-220.9951,-151.9104,-2.4010
-190.1054,-145.7119,-2.4795
-223.8138,-152.9964,-1.9003
-235.5581,-155.6693,-2.1516
17.6923,-103.1991,-1.3819
18.5894,-103.1075,-2.2942
-191.1435,-147.0243,-3.7007
-14.4309,-110.1878,-2.0196
-88.0318,-125.6779,-2.1300
-16.9026,-111.2322,-2.3973
-22.2911,-112.4456,-0.9579
-19.8238,-112.0437,-1.0179
-13.3755,-110.7089,-1.0856
-30.0208,-114.2557,-1.5377
-17.2460,-111.5593,-1.3074
-16.2036,-111.4331,-1.9075
-16.7451,-111.5562,-0.9257
-13.6244,-110.9491,-1.3961
16.3884,-104.6868,-1.4882
-16.7280,-111.7509,-1.3418
-15.6479,-111.5382,-1.9315
-9.1481,-110.1786,-2.2266
-14.8512,-111.3963,-2.3263
-20.1655,-112.7659,-1.3685
-76.1676,-124.8843,-2.5668
-12.6618,-111.4236,-1.6856
8.8988,-106.8689,-1.5513
-10.8025,-111.1835,-1.8535
-76.0289,-125.5451,-1.5437
-5.7248,-110.9810,-2.5090
-17.9648,-113.7675,-1.2499
-2.6484,-110.4537,-2.6090
22.6985,-105.2075,-2.0973
-4.1609,-111.4188,-2.3172
21.0911,-106.6021,-1.2003
-107.5829,-135.1947,-3.1086
-105.9397,-135.1218,-2.7159
22.8642,-107.0497,-1.8056
-237.8310,-165.0292,-3.2718
-237.7509,-165.0673,-2.8449
14.2944,-109.0806,-2.1761
-237.4322,-165.4774,-1.4159
-151.5314,-146.6301,-1.3651
15.2815,-109.4540,-2.0886
23.0104,-108.1381,-1.5643
-151.3630,-147.8181,-2.0391
20.8330,-108.9357,-2.4358
-10.2612,-116.6275,-1.4428
-234.6781,-167.9006,-2.2412
22.2959,-109.9416,-1.7007
-223.4650,-167.1298,-3.6923
19.4401,-111.6307,-2.4362
72.4306,-99.3788,-1.3233
-12.0677,-119.3120,-1.5041
13.0198,-114.2502,-1.8135
-165.5114,-156.3760,-1.9910
-45.3570,-128.6016,-1.9367
-44.0758,-128.4578,-2.0288
-189.1503,-163.5510,-3.6115
-180.2096,-161.6744,-3.3991
177.9795,-76.2558,-0.8523
20.4943,-114.4741,-1.0778
-42.8033,-130.0943,-2.4369
-190.0103,-166.1993,-3.8452
24.9898,-114.0139,-1.1895
6.5752,-118.8020,-0.9093
4.7380,-119.2985,-1.1186
19.3901,-115.8894,-1.2082
-163.4732,-161.6109,-2.5750
-187.4150,-167.6221,-2.8425
-190.2959,-168.3430,-3.6656
-193.7374,-169.2828,-3.5197
-41.4169,-131.7364,-1.0464
-187.9986,-168.1604,-3.3373
-187.6322,-168.4089,-3.1896
-216.6129,-177.6837,-2.4309
-222.4323,-179.6817,-2.4326
-213.8868,-177.5398,-2.5449
-34.0774,-132.2748,-2.1114
-228.6365,-181.4340,-2.4862
-189.1258,-171.5251,-1.7200
19.0864,-119.0150,-1.2489
-219.5895,-179.4158,-2.5418
-32.4193,-132.7991,-1.9261
31.0021,-116.9122,-2.1134
131.1290,-91.5297,-1.2085
-175.4315,-172.7573,-1.2997
-44.6980,-139.6457,-2.5760
26.9840,-120.9115,-0.9608
-192.8810,-181.0767,-1.5951
186.0136,-80.0261,-1.3474
24.1008,-123.5698,-0.8385
-96.0253,-157.0508,-1.8708
-93.6974,-156.4284,-1.8645
67.6186,-112.7462,-1.1167
-94.1330,-157.1121,-2.0490
-94.9980,-162.0940,-2.8911
29.6441,-127.0264,-1.2845
-183.1947,-188.1468,-3.3775
-204.3104,-197.2169,-2.6398
-204.1179,-197.5784,-2.8882
76.3809,-116.4490,-1.8678
-170.1319,-188.8148,-1.6428
-166.7508,-187.9119,-1.5279
-198.6885,-197.8384,-3.6372
-202.6500,-199.6052,-2.2234
33.9034,-130.5720,-1.3296
-7.3846,-143.3034,-0.9816
34.8194,-130.9223,-1.1677
-203.7123,-203.4038,-1.4003
-9.1337,-146.4546,-1.0466
15.7025,-139.0737,-1.7055
-198.8895,-204.9143,-2.8911
24.6395,-137.9115,-1.9711
21.4421,-139.1563,-2.0946
-118.3855,-182.7293,-2.0203
-32.5718,-156.4172,-2.4944
-27.5199,-155.7690,-2.3238
-29.3244,-156.3419,-2.6623
-28.4397,-156.4757,-1.4580
21.2899,-140.9007,-1.8982
-35.9151,-158.8579,-1.7475
-31.0300,-157.3648,-1.7191
-29.9383,-157.0529,-1.3816
-29.4302,-157.0329,-1.5098
-29.3100,-157.0146,-1.4732
-30.9254,-157.5436,-2.2010
-34.1572,-158.7087,-2.2562
-151.1111,-195.6359,-2.8752
-30.8978,-157.8026,-2.0235
-31.4772,-158.2888,-1.2399
113.1746,-112.7442,-1.3323
8.2533,-146.0543,-2.5140
-182.7662,-206.8334,-3.2019
-65.4264,-169.7529,-1.9338
-182.5795,-207.0693,-3.0924
113.7875,-113.1178,-0.6286
33.0454,-139.0687,-1.2679
-186.9326,-209.8913,-2.3930
-10.8191,-153.8441,-2.2078
-7.8339,-153.2108,-2.2203
-13.7924,-155.2546,-2.3425
42.3267,-137.1968,-1.3175
-184.6605,-211.0054,-1.4447
36.4427,-139.4989,-1.5858
15.4361,-146.4800,-2.2581
13.5911,-147.1850,-2.4367
-109.3990,-187.1467,-3.1267
30.1626,-142.1836,-2.1861
-27.7915,-161.4377,-1.0509
21.3674,-145.8665,-1.9530
-149.1103,-205.0994,-2.1632
-26.5026,-164.2832,-2.5106
-146.4270,-204.4430,-2.9498
-148.4617,-205.2881,-3.4558
31.0427,-146.1736,-1.6843
-181.7669,-220.9452,-3.3506
32.0730,-149.5641,-2.4246
-97.1288,-195.9284,-1.1569
-84.0328,-191.4352,-1.6933
-169.5147,-221.4550,-2.6156
-85.0990,-191.9774,-1.1235
-103.7989,-198.9892,-1.2530
182.9011,-98.6132,-0.5602
-94.7208,-197.3761,-3.3229
-180.6756,-228.0509,-2.2048
-90.7315,-196.0562,-2.5833
-106.3141,-202.0601,-2.8014
-90.9265,-196.6219,-1.5357
187.4713,-97.3842,-0.8392
38.5087,-150.6363,-2.2188
36.3353,-151.4594,-2.4356
184.4654,-98.5184,-0.6523
187.8880,-97.3239,-0.6604
-99.0552,-200.4292,-1.6151
32.6392,-153.3571,-2.4500
-97.4568,-200.3464,-1.3090
-100.5013,-201.5134,-1.4488
-25.3144,-175.1306,-2.6153
-93.0241,-201.4847,-2.7564
-101.7042,-204.9764,-2.4595
-91.6314,-202.2583,-1.2239
-92.9762,-202.8489,-1.1538
36.4617,-155.5673,-1.6048
34.4186,-156.5108,-1.5943
-101.1170,-207.6070,-1.5483
35.2536,-156.9076,-1.4297
65.5620,-146.1120,-1.7890
72.8329,-143.4508,-1.8359
32.0085,-158.7813,-1.2207
71.6266,-144.0736,-1.7864
-83.3283,-202.0567,-3.1639
66.0957,-146.2427,-1.5377
29.9857,-160.5062,-0.8430
37.4793,-157.8614,-0.9165
-92.4360,-207.2280,-1.6573
39.4375,-157.4364,-1.5004
37.2811,-158.3137,-1.7351
51.2749,-153.4006,-1.1610
38.3784,-158.3320,-1.8538
-102.6052,-211.8490,-1.4235
-45.8202,-190.4276,-1.4021
38.5708,-158.5382,-1.4376
172.6937,-107.9268,-0.5246
39.4341,-158.8424,-2.1690
-79.2145,-204.3622,-1.3432
-91.8675,-209.2346,-2.6351
158.5604,-113.7195,-1.5459
-79.0069,-205.0943,-2.7359
38.7701,-160.7905,-1.4497
68.2037,-149.5723,-1.4007
43.4662,-159.3107,-1.9055
70.6547,-148.8636,-1.4729
68.3586,-149.8744,-1.1600
107.9287,-134.5500,-0.7007
-8.0849,-179.9129,-2.5265
34.1448,-164.7942,-1.9191
-79.0761,-209.7811,-1.8575
32.8013,-165.8814,-2.0676
48.7506,-159.7262,-1.1449
-140.5715,-234.7323,-2.0369
51.4555,-158.9614,-1.5175
42.9139,-163.0441,-2.0749
42.2331,-163.3426,-1.4681
59.7192,-156.7100,-0.9564
-88.0911,-216.0723,-2.8984
-89.1022,-217.3097,-1.1241
157.4533,-119.0939,-1.6040
197.8530,-103.3920,-1.1505
-86.9324,-221.3565,-2.8866
-88.6529,-223.0815,-2.8382
155.1535,-122.1792,-0.5629
-86.6635,-222.5003,-2.5995
-53.7008,-209.2527,-2.9662
155.9635,-123.7713,-1.4788
-35.6260,-206.0300,-2.1800
23.7210,-185.4080,-1.0075
64.7898,-167.7751,-1.0703
64.6448,-167.8411,-1.8796
27.2653,-184.5435,-2.1025
-49.3850,-218.5753,-2.3734
80.5106,-161.3230,-0.9523
-87.8684,-236.1610,-2.1138
-0.9913,-198.4943,-1.4910
73.3938,-165.4563,-1.2992
25.4244,-187.0892,-0.9025
71.9872,-166.4519,-1.5203
-99.5107,-243.7676,-3.2649
-46.5174,-221.2397,-2.9037
-83.8833,-244.2555,-1.7723
45.9080,-184.6193,-1.0917
-88.3588,-247.5192,-1.3255
25.2451,-197.4065,-2.0391
25.0305,-197.7495,-2.5349
20.1247,-200.1885,-1.4464
28.2557,-196.4643,-2.4694
32.0080,-194.7269,-2.2346
21.1590,-199.8830,-1.5813
33.8448,-193.9314,-2.1468
22.3930,-199.4738,-2.0178
15.8959,-202.6256,-1.2353
25.4817,-198.4229,-2.5103
-51.7626,-235.3211,-2.4307
21.5618,-200.5674,-2.1321
20.8600,-200.9247,-1.6103
17.2299,-202.6992,-2.2669
-97.4058,-257.6880,-2.6298
32.7029,-195.4923,-2.0139
18.0335,-202.8712,-1.6660
14.2379,-204.8534,-2.1211
18.2101,-202.9880,-2.2323
26.2484,-199.4659,-2.0848
21.2863,-201.8915,-2.1157
18.7357,-203.1834,-2.1763
21.9596,-201.7030,-1.2285
20.8013,-202.3128,-1.2022
25.9939,-200.4598,-1.4099
-113.7329,-268.5907,-2.5613
72.7980,-178.4391,-1.8352
26.4976,-201.0375,-2.4794
71.9860,-179.0385,-1.5506
75.5336,-177.4903,-1.8758
28.7430,-200.2921,-1.2913
24.4527,-202.4302,-2.1158
74.9735,-177.9256,-0.9854
98.9646,-167.0263,-1.3693
30.3974,-200.7106,-0.9875
25.0837,-203.5424,-1.1722
24.7190,-204.3632,-1.8089
27.8184,-203.0361,-1.2982
-32.9996,-233.0873,-2.8432
31.4081,-201.6914,-1.6694
29.8251,-202.5476,-1.2522
23.6490,-205.6613,-0.9359
19.7947,-207.5684,-2.2399
-33.0925,-233.7030,-2.5875
30.6981,-202.3260,-0.9845
26.2353,-204.6365,-0.8806
74.8289,-181.0172,-1.3113
33.0626,-201.7724,-1.9661
78.8712,-179.1964,-0.9813
74.1119,-181.6663,-1.6720
-95.7843,-266.1393,-1.8877
-32.7020,-235.0651,-1.9825
21.7831,-208.1399,-2.0736
72.6305,-183.0631,-0.8923
21.0230,-210.5166,-2.5298
-30.7256,-238.5146,-2.1965
98.4182,-173.6156,-0.9478
11.2367,-218.2778,-2.7247
50.3896,-199.9704,-2.2125
-89.7109,-272.4190,-1.6561
-30.2862,-243.2915,-1.5530
-34.5591,-245.5288,-1.0794
-31.4090,-243.9010,-1.1045
-31.7400,-244.2751,-1.4082
-27.9165,-242.3103,-1.4745
-53.4616,-260.2162,-1.6379
-35.2274,-251.7121,-1.6229
-36.4232,-253.3558,-1.7363
-51.8632,-262.2060,-1.6571
-36.7784,-254.8496,-1.2965
-36.9327,-254.9464,-1.2703
-37.3946,-258.7866,-2.5295
102.1833,-183.1523,-0.9687
-36.9672,-260.1195,-3.0916
-38.6402,-261.2922,-2.0854
-39.4001,-261.7266,-2.1071
114.1369,-177.8790,-1.5523
271.8665,-90.2360,-0.6625
112.7012,-178.8852,-2.0449
-47.6507,-268.9178,-1.2849
-46.8633,-268.5179,-1.2876
-37.9665,-263.7210,-2.8281
-47.2456,-268.9525,-1.8809
-40.4195,-265.1354,-2.8319
-35.4327,-262.5469,-2.9554
-47.1835,-269.1574,-2.0633
73.9662,-201.3593,-1.7583
-36.6954,-263.3616,-2.9032
74.8090,-202.3496,-2.2821
-49.5207,-278.8473,-3.1439
65.6471,-213.2556,-1.2147
-52.0045,-285.9591,-2.9999
65.6683,-216.6905,-1.2416
-50.2052,-285.6156,-2.7072
158.0873,-162.3598,-1.5602
204.1924,-135.5527,-0.5201
57.2659,-224.8209,-1.1681
206.2149,-135.2086,-1.3127
80.0570,-211.4514,-1.7327
115.3049,-190.3902,-0.9772
80.0026,-211.8452,-1.8509
117.6818,-189.4134,-2.0242
-27.2997,-280.9441,-1.8989
-35.4097,-286.6619,-1.5309
-26.8936,-282.0730,-3.1796
66.3828,-225.1325,-1.0359
186.1800,-151.4678,-1.3404
66.1196,-227.0629,-1.9143
15.2630,-259.6391,-1.7895
66.0334,-227.9845,-2.3054
28.2186,-253.0905,-1.2261
27.5164,-253.8213,-1.4848
25.4158,-255.3590,-1.1775
118.3982,-196.5174,-1.6148
70.2596,-227.7780,-1.9328
-16.2258,-283.2798,-3.0577
181.8940,-158.0826,-1.4155
72.0662,-229.4825,-1.7864
18.4524,-265.3037,-1.8418
79.9122,-226.2101,-1.0088
94.9426,-220.3470,-0.9320
97.4199,-221.3450,-2.0996
-6.5200,-291.7995,-1.2749
96.9190,-222.7993,-1.7936
227.0331,-135.1120,-0.8527
98.5205,-225.1744,-0.9620
70.1183,-246.4799,-0.9800
198.2651,-158.3666,-1.2662
200.6748,-156.7365,-1.0973
72.9099,-246.5279,-1.6088
153.6382,-190.3537,-1.2374
193.7178,-162.9617,-1.5406
198.1591,-160.2167,-0.8618
198.4866,-160.1966,-1.4778
198.5252,-160.1742,-1.3633
77.4913,-248.2305,-0.8344
187.7654,-169.5498,-1.0909
117.9257,-221.1131,-1.2819
75.2785,-252.2139,-1.6691
77.0737,-251.8851,-1.3671
97.7560,-238.1111,-2.3466
99.8509,-239.4394,-1.6584
98.1628,-241.3118,-1.2290
198.5829,-167.5640,-1.1413
266.6105,-117.8273,-0.6276
128.2646,-226.9146,-0.9062
70.6627,-271.9945,-0.9915
84.9124,-261.1962,-1.4028
51.6105,-287.3000,-1.2967
69.4955,-273.8171,-1.5531
69.4880,-274.3929,-1.2238
86.4328,-261.5072,-1.4631
192.3395,-178.7080,-0.9786
85.3980,-262.5596,-1.5209
70.5211,-274.3253,-2.4824
88.7244,-263.9456,-2.0898
189.1150,-185.9569,-1.3004
261.5514,-129.7840,-0.9936
93.3549,-271.2284,-2.0731
93.4376,-271.9733,-2.4661
138.8452,-235.8551,-1.0706
111.1556,-259.7492,-1.1939
111.4306,-260.4731,-1.8092
192.1892,-195.6694,-1.2723
114.9320,-267.2284,-1.5128
116.1167,-267.5381,-1.2223
134.3813,-254.9398,-1.2713
246.3393,-156.4412,-1.2459
243.2274,-160.5810,-0.7759
172.5497,-229.4628,-1.6316
162.7858,-239.0669,-1.8596
240.0994,160.5126,0.3333
240.9669,153.4343,-0.3484
239.5327,153.9198,-0.3489
245.7833,143.6783,0.2400
237.5113,145.7050,-0.4110
236.4246,146.6498,-0.1969
154.7527,238.2093,0.2962
155.3028,235.7949,-0.4030
235.6553,144.3554,0.1113
109.0392,261.8207,0.5594
162.0747,202.1674,0.5838
220.9204,140.2988,-0.0230
217.1628,143.6145,0.3338
220.9884,138.8111,0.2905
217.0151,141.0528,-0.0748
216.8045,140.0549,0.5136
68.8871,283.4135,-0.2776
80.7635,266.1502,0.6185
74.5609,267.2541,-0.4215
73.3701,268.2712,0.4121
72.1612,269.3646,0.7917
72.7473,268.8048,-0.4303
69.3947,271.7791,0.8237
95.7837,246.0267,0.4031
70.9504,268.2247,0.0508
71.2087,267.9395,-0.6815
126.6107,214.4445,0.3842
135.5651,205.9226,0.0479
132.4475,208.6592,0.2012
153.4598,188.5180,-0.5984
71.5688,260.0109,-0.5450
165.1368,170.0734,-0.6428
83.7159,235.4587,0.4395
191.2754,141.1542,-0.4554
72.9538,240.9288,-0.2805
198.7743,133.8197,0.2581
70.9315,241.9678,-0.0059
81.6642,228.4556,-0.1581
78.4914,229.5332,-0.4345
4.2188,289.2319,0.4679
197.9319,128.4772,-0.2643
139.5904,174.4914,-0.1016
141.3342,173.0626,-0.1240
23.4814,266.8998,0.9028
195.9854,127.6581,-0.0576
22.7514,266.3033,0.8569
74.1844,222.3251,-0.4501
8.6046,270.7800,-0.9742
131.8086,169.4457,-0.0021
129.4270,171.1333,-0.4204
193.8974,121.4843,0.2683
194.0992,121.3197,-0.0676
125.9351,173.2761,-0.2527
128.9197,170.4849,-0.1046
4.8944,264.7432,0.5447
-0.2116,268.2340,0.6462
12.5370,257.0693,-0.3908
22.8139,248.8273,-0.4806
57.0739,222.1322,-0.8303
123.5531,170.7149,-0.4175
56.3784,220.6975,-0.7547
56.3885,217.2107,-0.8039
56.4392,217.1437,-0.8095
53.4025,219.0916,0.5363
59.4062,214.3729,-0.0644
55.5483,217.1248,0.6410
84.7699,195.3134,-0.1237
67.5941,207.6140,-0.1085
51.3283,219.2844,0.7809
57.3754,214.8367,0.7533
51.4038,219.1639,-0.4848
47.2968,222.1075,0.9048
55.4539,216.0979,-0.5589
85.8761,193.8490,-0.0420
56.3219,214.8457,-0.6129
52.1796,216.7060,-0.0888
54.1345,214.7622,0.2278
162.1110,135.6960,0.2367
139.3859,152.0207,0.3699
51.2910,214.8683,0.2808
48.3831,215.6084,0.1572
48.8740,214.7615,0.4764
50.0583,213.3993,0.7346
49.5893,213.3773,0.6045
94.8589,181.1356,-0.2768
47.8459,212.7920,0.4416
158.0594,134.7954,0.0800
45.9787,212.6540,0.5476
157.3660,134.5543,-0.3841
156.7024,134.9896,-0.4282
47.5695,211.2209,-0.2276
77.0573,190.5863,-0.2295
45.4875,212.5364,0.8332
48.2516,210.4921,-0.2462
46.0041,210.7579,-0.6388
44.0488,210.9766,-0.1232
44.1508,210.1761,0.3604
46.1159,208.6594,-0.8861
43.7725,209.8038,0.0789
153.2880,133.7909,0.1712
154.9794,131.9068,-0.3742
41.9131,207.7386,-0.3652
252.5759,64.3729,-0.2744
39.0355,207.1716,-0.1640
151.5693,131.7100,-0.3174
151.9465,131.2925,-0.1918
274.6110,48.8527,-0.2829
64.3552,181.4459,-0.2391
207.1463,89.2312,0.1078
27.5899,203.8472,0.6716
124.6451,141.6461,0.6054
28.6208,202.7464,0.3476
62.4110,180.6690,0.7129
77.0497,169.4717,0.7411
79.4647,167.8668,0.6589
79.1233,167.9595,0.3439
-1.1949,216.3562,-0.3616
68.4861,171.0727,0.7710
-20.8153,221.9271,0.3498
68.7397,167.0840,0.8087
43.7358,181.4367,-0.5510
41.4716,180.4618,0.5877
98.3534,145.8364,0.5801
116.2794,135.0561,-0.4073
-42.6188,227.4193,0.4981
23.0027,186.3847,0.8736
102.4567,139.6889,0.0013
28.5699,181.1206,-0.6280
43.1084,170.2228,0.5871
21.3595,180.0538,0.4901
122.3675,121.8999,0.2390
124.1970,120.2109,0.3990
4.2760,183.6675,0.6310
-115.6819,247.9064,-0.3852
-117.2117,248.3036,0.1988
-115.7185,246.8647,0.7256
-1.5015,177.9554,-0.4831
106.9054,115.2443,0.6733
-3.1727,169.9314,-0.6187
9.2364,163.6018,-0.0068
-6.6414,171.4543,-0.8696
-13.7940,175.0115,-0.7560
-10.4875,173.0011,-0.4013
-13.0337,174.2428,-0.8627
-1.7537,168.2279,-0.0019
-7.2151,170.8530,-0.3252
11.1980,161.2705,-0.6636
-13.1156,173.2346,-0.4709
5.4405,163.8668,-0.3798
-38.4751,185.4144,0.6227
6.3195,162.9770,0.4437
-135.2619,232.7368,0.5100
-9.5326,170.2102,-0.1905
15.8030,157.4084,0.4811
53.3630,138.4442,0.5505
2.8364,163.0337,0.8847
-18.2507,173.2351,0.6692
43.5246,142.1632,0.0883
105.0907,111.5945,0.5402
145.5864,91.6277,-0.5284
0.4595,162.3918,0.3327
5.1434,160.0718,0.1156
-0.8765,163.0013,0.6009
5.0208,159.9712,0.1650
-0.1894,162.4850,0.3504
-135.3087,227.5998,-0.1459
-4.2560,163.9048,-0.6108
-4.1658,163.7189,-0.9162
-48.6885,185.2768,-0.2213
93.7820,115.5180,0.2532
94.0999,115.3363,0.4303
97.7266,113.3682,0.3246
-141.5926,228.1439,-1.1327
126.3466,98.9138,-0.5091
121.4322,101.2110,-0.3759
139.3518,92.6111,-0.1402
-9.6568,163.9745,0.6829
-9.4952,163.7668,-0.2683
131.1413,96.4161,-0.6063
134.6794,94.7160,-0.2160
103.3111,109.7275,0.1898
3.1655,157.6189,0.3188
134.2081,94.8531,-0.3334
125.2541,99.0404,-0.2761
129.7767,96.8463,-0.1530
-47.6073,181.4821,-0.3595
99.3271,111.0588,0.1906
191.8474,66.8626,0.3769
139.5775,91.7213,-0.4026
101.5936,109.8039,0.0912
129.4362,96.4306,0.3273
128.1349,96.8088,0.4342
120.1482,100.5018,-0.3644
135.1059,93.3514,0.4122
-9.1011,161.1259,-0.9199
2.8186,155.3261,-0.7621
130.8159,94.7154,0.3345
-91.0392,199.1619,0.7846
95.0428,111.3630,0.5224
-5.3713,158.5372,0.9092
-75.6969,188.6889,0.8821
171.1504,73.7959,0.0095
-144.9931,218.7016,-1.2271
167.9464,74.6680,0.1287
-83.8049,189.2534,0.5909
62.3585,122.3757,-0.0476
-84.3721,189.0957,0.4077
61.8727,122.1743,-0.4461
-87.2971,189.8481,0.6309
-147.7301,217.2402,-0.7278
95.0815,106.7379,-0.3417
95.8904,106.3639,-0.3556
91.6726,108.2243,-0.3136
-87.9887,189.8163,0.9154
-88.8529,190.1418,-0.2485
131.4647,89.3791,0.4512
131.2341,89.4394,-0.0152
131.0605,89.3941,-0.0827
-81.6592,184.8703,0.0627
-11.1555,152.7501,0.5623
-29.1597,160.7610,0.8229
-12.5140,152.8881,0.6766
0.0827,147.0890,0.4752
-9.1283,150.9430,-0.4657
-4.5421,148.8215,0.7493
-152.2464,213.9131,0.1108
-169.4468,221.4030,0.3773
-9.1040,150.0128,0.5857
-152.2723,213.6394,0.3180
-107.3712,193.0320,-0.1307
-17.1965,152.7705,0.4537
-7.6540,148.2909,0.9173
-153.2274,212.4138,0.3380
-171.2342,219.9374,-1.1566
-18.1244,152.3191,-0.7442
-17.7374,151.6933,-0.5805
-17.9456,151.4279,0.2407
-172.2858,218.6115,0.9957
-57.2142,166.5142,-0.2841
-86.7129,179.2415,-0.2380
-59.8742,167.6004,0.8913
-26.4352,153.0136,0.5531
-81.7744,176.2977,-0.2921
-15.8930,147.5876,0.3329
-36.4503,156.3237,0.1234
-32.3520,154.2560,0.7121
-25.2699,151.2011,0.4439
-23.8935,150.3797,-0.1323
-28.1130,152.0533,-0.4405
-24.8291,150.4103,-0.6813
-24.0664,150.0594,-0.8570
-22.9429,149.4761,-0.3153
-29.3327,152.1953,0.1020
-86.3844,176.1638,-1.0387
-13.3848,143.0841,-0.5105
-160.9531,204.5295,0.6799
-15.0927,142.7429,0.8499
13.9771,130.5168,0.0537
-10.2564,140.6789,-0.2810
-72.0061,166.3806,-0.1516
-19.9104,144.0416,-0.8306
-121.5417,186.0594,-1.1217
-121.6825,185.0015,-0.7980
-192.5295,214.3025,-1.2637
-82.7657,168.0386,0.0930
-87.4330,169.9667,0.1270
-9.6712,137.7416,-0.9181
-123.0801,184.1671,-0.6716
-191.9090,211.6107,0.9925
-16.0060,138.8819,-0.7190
-10.3692,136.5300,-0.6938
-14.0432,137.8650,-0.6740
19.2111,122.9782,-0.1269
115.1452,83.0123,-0.5450
84.3763,94.6966,0.2279
25.9758,116.8979,0.5963
-174.2811,195.3191,-0.6829
-121.3136,174.0352,0.3689
115.5708,80.6426,-0.2453
115.6565,80.5830,0.0048
-120.5741,172.8736,-0.8728
35.9747,110.2033,-0.1994
-27.9169,134.8095,0.1780
35.8607,109.3512,-0.2180
-22.1445,131.6929,0.6201
111.6892,80.0582,0.2873
35.2599,109.4843,-0.5852
-30.8027,134.6662,-0.0137
-20.5312,130.5517,0.8484
-21.1253,130.7246,0.9518
-30.3133,134.1539,0.3576
-10.5719,126.5398,0.6075
-19.9463,130.0921,0.7096
-28.5086,133.1938,0.7913
-27.6423,132.5033,0.6061
-22.8184,130.4883,0.8159
-28.3591,131.9470,0.3417
-128.9423,170.1439,-0.0539
-195.3981,195.4096,-0.6045
-195.3083,194.2537,0.1813
33.4713,107.3351,0.4760
-191.7291,191.1615,-0.2422
35.3392,105.9137,0.6018
-193.2239,190.9223,0.6258
117.5141,73.9464,-0.3259
-198.1383,189.5687,-0.3373
-21.7732,124.5544,0.7449
-88.2850,148.7676,0.4850
-201.4845,190.3945,-0.5763
-23.4872,124.7756,0.7717
-22.4234,124.2837,0.6856
-199.6386,188.9554,-1.0124
-211.3734,192.5468,0.5935
-203.0632,189.4691,0.5711
-207.7947,190.8981,-0.2955
-205.7039,190.0901,-0.2414
-198.6209,187.5053,0.9595
-206.9947,190.3593,-0.3639
-204.5121,189.3647,0.4602
51.7520,95.9947,-0.2504
-204.7533,188.6180,-1.1642
-208.4416,189.9265,-0.4698
-209.6220,190.2131,-0.1852
-208.5441,189.1797,-0.5348
-199.9213,185.6660,-1.3089
-204.7338,187.1152,0.3700
-206.2372,187.1704,0.0419
-19.7511,118.4973,-0.3840
-106.2148,148.9265,0.3746
-108.6551,149.5880,-0.0320
-107.0097,148.9553,-0.0664
-108.1062,149.2593,-0.7062
-213.6765,186.5364,-1.1005
54.0450,91.5766,-0.1592
-111.7246,150.1396,-1.0227
-19.1488,117.2108,0.0664
-175.4506,172.3330,1.0785
-197.7596,179.7577,-0.2562
-175.3126,171.7903,1.2687
-23.1019,117.9846,-0.2813
-174.5154,170.9769,-0.4862
-223.3700,188.0716,-0.7882
-174.2400,170.6474,0.4324
-174.9346,170.8786,-0.0372
-177.4323,171.7075,0.4048
-199.6687,178.9098,0.9770
-179.9258,171.8981,-0.5823
-174.0813,169.4967,0.2191
-171.0665,168.3115,0.3331
-168.3573,167.3488,-0.1560
-171.0973,168.1005,0.2395
-171.6205,168.2643,0.0217
-165.8789,166.1664,1.0196
-166.9825,166.5367,0.9703
-178.7696,170.4177,1.0860
-175.6473,169.2977,0.5769
-114.6263,147.9701,-1.0332
-184.5999,172.2340,0.7342
-175.0918,168.7459,1.2153
-81.6286,136.1846,0.2585
-179.6787,169.7005,0.3294
-179.1688,169.5084,0.7426
-175.2135,168.0695,-0.8411
-170.6078,166.3501,-0.8007
-80.3676,135.1348,0.8971
-175.7477,167.8912,-1.2397
-124.6127,149.9762,-0.7721
-18.5603,113.1698,-0.0552
28.7304,96.8629,-0.0969
-190.2868,171.7069,-1.0291
-18.2289,112.6040,0.1300
-178.6195,167.3789,-0.9315
-19.9586,113.0468,-0.1893
-178.4813,165.9368,-1.0878
33.9896,93.6598,-0.0630
224.3546,29.0469,0.3142
-177.2211,163.8218,-1.2756
-180.4753,164.8806,-0.8087
-210.5463,173.8500,0.9605
-174.1656,161.6309,0.1577
191.1336,39.1948,0.1810
-210.8334,173.0258,-0.1818
-171.6195,159.5492,1.0222
-119.0496,141.7894,0.7455
-124.7311,143.5338,0.6804
58.6351,82.7035,-0.2750
61.3204,81.7202,0.1396
219.1431,29.3582,-0.3349
-119.9939,141.3585,0.4555
-120.4935,141.1378,0.1881
-183.4300,161.8748,-1.1032
218.6599,29.2422,-0.2205
-169.6815,156.8644,0.7720
-109.2582,136.5745,0.2878
-189.6156,162.4339,-1.1090
-120.3358,139.6442,0.7813
-119.7717,139.1709,-0.4830
-184.5828,159.8296,-0.6698
-187.0785,160.5136,-0.7732
-120.2972,138.7694,0.3493
-212.2920,168.5662,0.2027
-184.5629,159.3556,-0.2742
-184.9868,159.3990,-0.5246
224.3137,26.4947,-0.0656
-82.8222,124.5260,0.0894
-128.6540,138.4476,-0.4694
59.6713,78.2898,-0.4541
57.3786,78.9645,-0.3421
59.5248,78.1632,-0.3471
-215.7233,164.8129,0.7477
-172.0877,149.3197,0.0682
97.2979,64.7881,-0.1293
-22.4687,101.7206,0.0781
-218.2051,162.7852,0.8220
-28.7626,101.8328,0.9101
-26.5905,100.9332,0.8454
-101.3770,123.7206,0.7465
-25.7987,99.9938,-0.4564
-177.6980,146.2240,1.0958
-150.6187,137.9131,1.1213
-101.7692,122.5070,-0.7762
-100.9509,121.1675,-0.2921
224.4571,22.7844,-0.2753
-97.4983,118.8289,-0.5687
-88.1592,115.8871,1.0510
-219.4512,154.6328,-0.4753
-53.2187,104.1233,-0.3213
-224.2502,154.6568,-0.4928
-176.1847,140.1554,-0.3210
-87.5718,113.9507,0.2322
-222.6868,153.3243,0.3810
-179.1745,140.4666,0.7051
-177.0450,139.7389,0.0392
-223.1957,152.7198,0.3727
-94.8315,114.9403,0.3497
-221.4959,151.8763,-1.1899
-94.8707,113.3900,0.1302
-224.9184,150.3243,0.5020
223.6157,20.8475,-0.2861
-92.7326,111.2493,-0.3383
-125.6470,119.8504,-0.7517
-200.5936,141.1176,-1.0975
224.2524,20.0634,0.2215
23.9522,76.8758,-0.3596
20.8430,77.3830,-0.8104
-125.9702,118.3318,-0.9306
-200.4245,139.2723,0.4551
-179.3162,132.8292,-0.4851
-200.0368,137.1887,-0.7030
-125.8167,116.0429,-1.0774
-212.7675,139.9682,0.4183
22.5175,73.7095,-0.3968
18.5039,74.6096,0.0372
-95.9352,105.4511,1.0594
-98.0977,106.0161,1.0277
52.4482,64.9002,-0.3813
-163.1228,122.3548,0.2013
-161.4890,121.8002,0.2054
-227.9987,138.7878,-1.0612
21.2094,70.9049,0.0594
223.6163,17.2136,-0.0367
-164.3148,119.9312,0.1864
-204.6120,130.0595,0.0621
102.0855,49.1000,0.2970
-106.2809,103.2697,-0.3221
62.2365,58.8975,0.3344
-63.1837,91.4714,0.4033
-107.2406,102.3431,-0.6262
99.3528,48.6424,0.6188
-43.0250,85.1869,-0.3656
-38.3252,83.8410,-0.1632
-42.1617,84.5168,-0.2265
-108.3676,101.5615,-1.0712
101.1597,46.7505,0.0428
8.3204,69.9088,-0.0744
-168.2363,114.4181,0.7468
-168.9984,112.5167,0.8495
-38.8386,79.1318,0.6796
94.6539,43.6787,-0.5742
-194.9161,112.1564,0.1232
-237.5530,120.6526,0.1998
-249.8071,123.3705,-0.8911
119.4048,36.5543,0.5445
96.5152,41.4744,-0.2815
93.3204,42.2037,-0.1435
-253.8975,122.6743,0.3146
-128.4027,93.4667,-0.0543
-7.5899,65.4107,0.5079
87.9979,43.2113,0.1378
90.1929,42.6869,-0.6241
91.8127,42.2967,0.1657
-119.8041,91.1635,-1.1039
91.5444,42.1354,0.4776
-5.9980,64.5402,-0.1663
-119.4678,90.6306,0.0847
-119.8635,90.6223,-0.0687
92.3235,41.6798,-0.4391
25.8233,56.8926,0.4139
-54.7783,74.7553,0.7209
-237.3971,115.9198,-0.3730
-256.2344,119.6761,0.2851
-253.8076,119.0359,0.2861
-18.9830,65.7365,-0.6815
70.5358,45.4691,-0.5933
-118.6128,88.2262,0.8230
-53.9312,73.5211,0.4569
71.4048,44.8202,-0.6516
-29.7539,66.4118,0.0842
-25.7903,65.2288,0.1339
-29.0625,65.8634,-0.4737
-25.9655,65.1367,-0.3714
-29.7671,65.9682,-0.3270
-185.0447,100.1896,0.9108
177.5609,19.9964,-0.4578
-48.4309,69.7018,0.0985
-183.8093,98.9186,0.6381
-181.3558,98.2748,0.0570
-117.3602,84.2592,-0.7872
-177.5316,97.4173,0.3305
-171.8585,96.1689,1.0725
-181.6415,98.2951,0.4725
70.6871,43.0913,-0.2403
-172.2358,95.2338,0.0457
-188.2050,98.6283,1.1747
-174.7881,95.7079,0.5440
-174.1288,95.5133,0.7781
-41.0944,66.5048,0.5389
-176.2636,95.5591,1.0581
-175.5652,95.2778,-1.2121
-177.6281,95.6113,-0.3083
-175.9655,95.1778,-1.1087
-41.9536,65.6242,0.0053
-114.3807,80.9742,0.0442
-60.9389,69.4882,0.8913
-183.4028,94.6529,-1.2063
-184.6218,94.6467,-0.9289
-45.6253,65.0609,0.9059
66.9931,40.7561,-0.4252
-63.6498,67.7261,-0.0530
34.2276,47.3237,0.7492
65.8776,39.1742,-0.0400
-19.5779,56.4485,0.5653
63.1979,39.6329,0.0533
63.6925,39.4905,-0.0498
37.4313,44.8035,0.1122
64.6843,39.0959,0.2713
34.9353,45.1099,-0.3655
31.8117,45.6974,-0.4754
-40.1733,59.8810,-0.4661
-184.5049,88.5452,0.1632
-270.7956,105.7067,0.5920
-71.0790,65.0660,0.2427
-74.0206,65.4980,-0.7700
-136.4152,77.3903,1.0871
-206.6364,91.1042,-0.9292
-209.3845,91.6402,-0.9672
42.6897,41.8659,-0.6853
-74.2407,64.7773,-0.4374
-72.4095,64.2228,0.5286
-188.8342,86.7859,1.2650
49.3620,39.9962,-0.3602
-106.3676,70.4453,-0.2387
217.2389,6.9932,-0.2319
50.4681,39.0825,0.6791
-160.8149,79.6546,-1.0219
-63.0340,60.6389,-0.5936
-61.4826,60.2702,-0.2830
65.0182,35.8371,-0.2205
-70.2857,61.8309,0.4278
-65.9406,60.9565,0.4740
-56.8583,59.1052,0.4180
-68.9571,61.3991,0.8722
-54.1723,58.4341,0.5496
-52.9788,58.1001,0.6470
216.3507,6.4582,-0.3038
-101.4249,65.8659,-0.6280
-101.6701,65.8874,-1.0022
-64.0141,58.7654,0.1703
-80.1057,61.7711,-0.6325
-102.2277,65.9245,-1.0623
-77.5133,60.8987,-0.4607
-77.7285,60.7896,-0.6447
-102.5990,65.3794,-0.0232
-58.6792,56.8025,-0.6298
-65.7275,58.0948,0.3973
-80.2638,60.4683,0.7678
-57.1613,56.1541,-0.5985
41.7102,37.7019,0.1120
42.9511,37.4351,0.0851
-248.2783,91.0459,1.2119
-103.2361,64.2092,-0.9298
-252.0030,91.3437,1.2051
41.0764,37.4584,-0.5318
-251.6783,91.1390,0.6530
-247.9275,90.4313,0.6625
61.8397,33.5723,-0.1016
-251.4979,90.9958,1.3247
-80.7236,59.3070,-0.7610
129.2674,20.6183,0.1053
-223.9208,84.5979,0.1265
-48.5869,52.3351,-0.4345
-114.3094,63.9234,1.0015
-82.7348,57.9310,0.6321
-78.8895,57.1114,-0.7373
-80.6282,57.3364,-0.8666
-189.1712,75.9735,-0.5534
-86.3480,57.6721,0.7279
19.9126,38.8480,0.3811
63.3441,31.1597,0.2732
-73.5484,54.2649,-0.7520
-229.8596,81.3066,0.4305
-73.9510,53.4272,-0.1989
-73.7050,53.3146,-0.1098
-58.1861,50.6177,-0.9850
-50.7407,49.2220,0.8434
-77.6092,53.4822,1.0039
-61.7611,50.6346,0.7932
-64.8689,51.1452,-0.7554
-78.0629,53.3658,0.0005
-77.4453,53.0788,0.5653
-76.0984,52.7902,-0.0102
-42.1006,46.9035,-0.9395
-76.6466,52.6558,0.7340
-72.5064,51.7486,-0.5405
80.5699,25.7777,-0.1616
-60.1444,49.3502,-0.1056
-235.3338,78.3815,1.2208
-42.1861,45.4849,-0.6902
-51.0278,46.6773,0.3413
-36.1704,44.1826,-0.4510
-62.5173,48.1292,-0.8666
209.5792,3.1679,-0.0539
59.7694,27.5667,-0.5441
-220.4179,73.2903,-0.4638
105.1991,20.0045,0.6207
-188.4656,67.6812,0.2626
84.9054,22.9886,0.3167
-226.5357,72.9460,-1.2871
-224.7264,72.4133,-0.2914
175.2770,7.8201,-0.3374
-220.5740,70.8802,1.2876
85.1724,21.9926,0.4981
74.3370,23.6409,0.4345
-224.7424,70.9677,0.0550
99.8154,19.4003,-0.0342
-224.3962,70.7515,-1.2299
-189.9261,64.9490,0.3382
-219.5196,69.1838,-1.1333
-190.1823,64.4378,0.7415
-70.8055,45.6898,-0.4536
-224.3259,68.8061,-0.8538
-92.7032,48.0867,0.6219
-222.4923,68.1286,-0.4724
-214.9473,65.5728,-0.1289
-191.2009,61.7232,1.2361
211.7266,0.3480,-0.2067
-80.0662,43.7568,-0.7771
-94.9569,45.9165,-0.8395
-144.5554,53.1236,0.5137
-85.4613,44.2651,-0.2588
-186.3358,58.8641,-0.6817
7.4250,29.8917,-0.0785
-223.3859,63.8304,0.5100
-64.1742,40.0076,-0.2452
-188.1712,58.1254,-0.9708
-221.0540,62.8416,-0.8338
-219.4655,62.3007,0.6889
-227.6831,62.9777,0.7406
-218.4921,61.3992,1.3257
-231.4610,63.0726,1.1221
-221.7320,61.6455,1.3229
-227.5027,62.2087,1.2331
-216.2177,60.4698,1.2413
-229.0215,62.0131,1.3153
-221.4142,60.6696,0.7098
-212.1864,59.2875,1.0671
212.1652,-1.2634,-0.1407
-202.5266,57.4381,0.8410
114.2337,12.5220,-0.5831
-234.7259,61.8997,-0.4623
-232.2472,61.5092,0.4918
-235.6312,61.9012,1.2143
-230.9104,61.1569,1.2454
-234.8056,60.3756,1.3614
-227.5026,58.8116,-0.2615
-223.3449,57.3149,0.5707
-217.8984,56.5471,0.9802
-225.9884,56.7607,0.5568
79.4863,15.1367,-0.0478
74.0528,15.8436,-0.0337
-229.7465,56.4838,0.6653
-186.7773,50.3626,0.7061
-186.3420,50.0372,-0.4162
-188.3758,49.9021,-0.7526
-189.7364,49.7918,0.6268
-141.9629,43.2586,-1.1282
-186.1915,49.0314,-0.4947
-141.8768,43.1862,-1.0953
-188.3251,49.1858,0.8554
-227.9507,53.8638,-0.7732
-227.6032,53.5377,-1.3201
-226.1608,53.0972,-0.8634
53.7600,16.7216,0.5601
-187.0377,46.8572,0.6220
-152.4495,41.5928,-0.9170
-228.4003,51.0488,-0.5789
-152.3695,41.4245,0.5182
211.0283,-4.0832,-0.3031
-227.1563,50.4675,0.2661
212.6451,-4.6822,-0.1543
-161.1866,41.1546,0.0482
-269.2840,54.2680,0.1937
-250.5645,51.7624,1.1189
-217.0841,46.6300,1.1001
-277.5891,53.7721,1.1943
-223.3751,47.0246,0.2623
-268.7239,52.2406,-1.1365
-220.9442,45.5424,0.9690
-261.0336,49.9372,-0.1615
-257.7182,49.3301,1.0089
-220.6982,44.8360,0.3549
-279.7095,51.5132,-1.2047
-203.3259,42.4218,-0.7904
-94.8170,28.1985,0.1280
-100.3714,28.7271,-0.0193
-200.3812,39.5082,0.5331
262.3692,-12.2677,0.2731
-278.3705,47.2085,1.3266
-201.4828,38.0751,-1.2246
259.7234,-12.3872,0.2024
-236.0673,40.8902,0.5468
-199.9435,36.5040,0.1178
45.7061,10.0173,0.0916
-164.3006,31.6438,0.9288
-162.9991,31.3322,0.9305
-229.8747,37.7098,1.0975
-238.6499,38.4155,0.9041
-236.2939,38.0931,0.7963
-58.6228,19.6310,0.1882
-196.8749,33.5660,-0.0113
-165.5454,29.9778,0.3176
24.9639,10.1288,-0.4026
-246.9337,35.9622,-0.7734
-62.1231,17.6152,-0.3479
-248.9061,35.6204,0.6559
-58.9092,16.7129,-0.2522
-183.1565,28.4905,-1.0833
-100.5724,20.2499,0.0160
-251.8130,34.4594,0.6997
-264.1372,35.1641,-0.3875
-163.1318,25.5143,-0.5347
-162.3541,24.2138,-0.3285
40.6623,5.5862,0.3692
-281.7217,34.7474,-1.3356
-280.9435,34.3472,-1.1092
-163.5562,22.7665,1.0193
-48.0467,11.8119,0.7415
-49.0443,11.2944,0.7732
-161.5476,20.8296,0.1286
-66.5818,12.6985,0.9086
54.5333,2.2009,0.6436
-50.1136,10.9002,0.4141
-105.4485,15.5382,0.3303
-279.7407,30.1929,-0.3036
-49.8067,10.6214,0.3648
-51.1041,10.6980,0.3981
-161.1121,19.6484,0.1938
-162.0857,19.6950,-0.3519
-159.3695,19.4050,-0.0770
-103.2788,14.7323,-0.1214
-158.1898,18.5387,-0.7250
-163.5137,18.9287,-0.8340
48.3524,1.3868,0.1333
-152.1510,17.3983,-0.4005
-159.3386,17.8250,-0.7287
-156.2147,17.5429,-0.9098
-156.7697,16.6985,-1.0365
-151.0562,15.9444,-1.1218
-22.1909,5.5978,0.8513
-34.7945,6.4120,0.8629
-146.2208,14.4592,-0.5134
-109.6418,10.8513,0.4566
-274.1823,21.6949,-0.2220
-250.2950,19.9520,1.0342
-1.9391,1.4921,0.4946
-272.3502,20.4890,-0.1469
-36.9249,3.0949,-0.0614
-271.5614,18.5877,-0.1065
-61.0032,3.6371,0.4619
-263.3794,16.9498,1.1964
-43.7988,1.9081,0.6845
126.8188,-9.7319,0.0867
-266.6254,14.8890,0.4045
14.0485,-3.1186,-0.7916
-260.3582,13.7852,0.6378
-199.6882,9.8519,-0.6262
-264.5971,13.6350,0.3166
-266.2977,13.6524,0.2895
-261.5739,13.3150,1.1999
-94.0983,2.5457,0.6977
-156.6330,6.2399,-0.4012
-184.4215,7.5300,-0.2071
-125.5713,2.5431,0.9861
-130.2217,1.7840,0.2699
-102.8270,-0.1962,0.0551
-258.1449,7.5823,-1.0790
-152.1027,1.8111,-0.9263
-103.3848,-0.9208,0.6574
-188.0144,2.6163,-0.6931
-49.0454,-4.5180,0.2205
-51.4112,-4.8203,0.8257
-49.4735,-6.6013,-0.4350
-291.1761,4.1692,-0.2159
-235.5497,1.5854,0.8044
-251.6731,1.9149,-1.0083
-257.1897,1.9008,-1.0400
-259.9867,1.8651,-0.2596
-261.2581,1.7639,0.1510
-256.5588,1.4151,1.2254
-256.2608,1.2087,-0.4669
-259.3630,1.3130,-0.7588
-267.7396,1.0634,0.2418
-200.9923,-1.8214,0.3593
-252.6693,-0.2585,0.3082
-257.5497,-0.5037,-0.3596
179.3243,-18.1028,0.4152
-233.9383,-2.1859,1.0416
30.7672,-12.5470,0.4089
177.0657,-18.2069,0.4302
175.5239,-18.2770,-0.2873
176.8367,-18.3333,-0.1873
118.6910,-16.4452,0.5125
-209.5886,-5.1796,-0.5686
-251.3036,-3.7394,-1.1426
-207.1504,-5.3430,0.1092
125.1938,-17.0515,0.3703
-131.3920,-8.2176,-0.6416
38.5623,-14.2681,-0.6944
-216.8881,-5.9268,-0.2791
-217.6787,-6.1645,-1.1450
-213.1524,-6.6143,-1.0326
-210.9151,-6.7824,-1.0170
-216.4843,-6.8404,-0.7555
-227.5121,-7.1375,-1.0280
-207.4717,-7.8368,-0.5952
-104.8058,-11.4184,-1.0520
-126.5972,-10.8180,-0.5603
-206.7303,-9.4875,-0.8800
-64.2109,-14.2010,0.8610
-185.2457,-11.0323,0.9372
-66.2783,-14.2363,0.9713
-239.4161,-9.7853,-0.4554
-103.8617,-14.9718,0.2721
-106.7452,-14.9254,0.8892
-213.8258,-12.8846,-0.4448
-236.6901,-12.5731,1.1909
-235.4698,-12.8005,-1.1702
-107.3594,-15.7224,0.7417
-229.3755,-13.2060,-0.7479
-232.1138,-13.8380,-0.3417
-118.4963,-16.4612,0.3638
-109.1396,-16.7941,-0.1593
-117.4796,-16.9255,0.2525
-119.1285,-16.9367,0.1959
-109.2558,-17.3792,-0.5844
96.0527,-21.0390,-0.5268
-103.6555,-17.5730,0.0317
-106.4628,-17.7464,-0.2025
-219.1297,-15.9824,1.2037
-122.4024,-17.6252,0.2168
94.9399,-21.3745,0.2839
-115.0876,-18.1427,-0.7930
97.2356,-21.6516,0.3230
-106.1916,-18.6060,0.5041
-102.2028,-18.6945,0.0055
-237.2698,-16.8417,-0.7732
-119.1230,-18.6723,-0.7720
-219.8401,-17.3670,0.0813
-212.5866,-17.4734,-1.0783
-121.8237,-18.7923,-0.3357
-220.3788,-17.4524,-0.0200
-120.6920,-18.9017,-0.6352
-228.4659,-17.5274,-0.4349
-218.3489,-17.8514,1.0269
-233.3552,-17.6783,-1.1659
-229.0850,-17.8701,-0.8584
-217.8916,-18.0443,-0.9163
-222.7289,-17.9939,-0.6430
-264.4382,-17.6383,1.0559
-234.3113,-18.1229,0.9405
-233.7884,-18.2267,0.2710
-230.7106,-18.3857,0.5077
-275.1554,-18.5700,-1.3361
-226.2238,-19.1873,-0.8031
-212.4698,-19.3565,0.7729
-209.1376,-19.5013,1.0047
-207.0390,-19.5275,0.8597
-219.7140,-19.4058,-0.5536
-108.6790,-20.7036,-0.4571
-216.9651,-19.6337,-0.2736
18.9973,-22.2957,-0.3723
-207.0740,-19.9664,-1.0591
-210.9677,-20.0735,-0.1439
-209.9863,-20.1055,0.0901
-223.3766,-19.9737,0.2596
-215.9037,-20.1234,0.2471
-113.1530,-21.2051,0.9926
-105.5075,-21.3264,-0.6935
-101.9982,-21.4645,-0.6774
-205.8015,-20.4861,0.3578
-215.4561,-20.5017,0.1256
-271.3316,-20.1677,0.5873
-273.4263,-20.1643,0.3661
38.9744,-23.0433,0.5993
-271.3933,-20.3659,0.8690
-205.4989,-21.0190,0.4631
-116.2227,-22.0128,-0.2884
-273.5997,-20.8504,0.9424
-99.8092,-22.2608,0.7297
-272.2134,-20.9378,0.9751
36.6966,-23.6162,-0.1684
-198.8512,-22.0152,0.2731
-104.7401,-22.7867,-0.1415
37.3457,-23.9598,-0.3748
-110.9069,-23.1829,-0.7580
-94.1073,-23.4284,-0.9023
-199.7758,-22.9267,0.3154
176.8788,-25.3410,0.0068
-61.1601,-25.2531,-0.2081
-111.7072,-25.7642,0.0320
-112.8819,-26.0971,-0.1412
16.9990,-26.2530,-0.4834
-111.1193,-26.8551,0.3361
-225.9891,-27.6041,0.2759
-41.2662,-27.2896,-0.1930
-225.7772,-27.9943,-0.3661
-113.3354,-28.0015,-0.6168
25.4196,-27.8139,0.5040
-228.3718,-30.4798,0.9105
24.7850,-29.0572,-0.5959
-115.7064,-30.3305,-0.5287
-74.1748,-30.3045,0.3197
-120.2357,-30.7608,-0.1203
-119.6958,-30.9709,-0.4611
15.4997,-29.7100,0.1209
29.6127,-29.6533,0.6502
-185.5231,-32.8201,-1.2290
-3.2877,-30.7736,0.7969
24.8938,-30.8037,0.1911
-42.5413,-31.7095,-0.5679
-184.8567,-33.7799,-1.2409
46.3707,-30.7671,-0.4003
14.3786,-31.7566,0.3912
-168.1065,-34.6633,-0.7905
2.6639,-32.2833,0.0593
55.9197,-32.2646,0.6773
-42.6543,-34.4448,0.1941
-171.0180,-36.9389,-1.2118
-100.8770,-35.7853,-1.0592
-89.4568,-35.7067,1.0127
-226.4340,-39.0488,-0.8964
-93.6290,-36.3718,0.1770
-164.6192,-38.0690,-0.2603
-165.5204,-38.3328,0.4943
-165.3311,-38.7921,0.0657
-162.5458,-39.0184,-0.3029
-225.3161,-40.5875,-1.2544
-225.7168,-40.7080,-1.1734
-225.3633,-40.8429,-1.0766
-230.2414,-41.0230,-1.3340
-163.5507,-39.4427,1.0448
-224.4439,-40.9316,-1.2880
-226.9969,-41.0866,-0.8771
-160.8009,-39.9447,-0.0311
-222.9272,-41.6945,-1.2625
-92.7935,-38.7416,-0.1992
-92.4987,-38.7945,-0.1685
30.0630,-35.5927,0.3669
113.5282,-33.4011,0.4234
-95.7149,-39.0138,-0.3804
-93.0249,-38.9896,-0.8719
-160.9548,-40.8459,0.8096
-176.4328,-41.5395,0.0713
-158.8745,-41.0838,-0.7208
-225.4665,-43.1901,0.9199
-161.9217,-41.4338,0.9765
-151.6393,-41.5877,-0.2946
-154.6137,-41.7240,0.7364
-226.8158,-43.8532,1.2915
-154.9990,-41.8931,-0.3889
-150.0973,-42.1362,0.5260
-138.5990,-43.1384,-1.0057
-228.2863,-46.3144,0.9376
-210.4820,-45.7695,-0.7359
-207.1593,-45.8149,-0.6227
-207.5263,-46.1446,0.2749
-74.9074,-41.6851,-0.4436
-226.7125,-47.6883,0.8762
-71.0176,-42.4946,0.5088
-70.5990,-42.4902,0.5188
-150.6564,-45.6765,-0.3334
206.9136,-32.7072,0.3469
-77.1899,-43.1483,0.7299
-76.3439,-43.1338,0.7455
-66.9880,-43.0697,-0.4501
-71.7926,-43.6985,0.4618
-225.8160,-49.6306,0.8657
-73.0626,-43.8370,-0.2764
-72.3350,-43.9060,-0.2041
30.4520,-39.9828,0.3974
-228.1119,-50.5459,-0.8283
-156.3420,-48.3577,-1.1847
-217.3638,-50.9725,0.9818
-155.0787,-48.8036,0.3916
-214.7663,-51.5603,-0.8748
-70.8918,-45.6600,-0.0651
-155.6842,-49.3229,-0.1021
232.5961,-32.7737,-0.0432
-69.9259,-45.8584,0.0900
-217.8507,-52.7695,0.6099
-153.7532,-49.9932,-0.4293
-214.5784,-53.2895,0.3157
-157.2664,-50.7157,-0.8965
-152.4590,-50.7484,-0.7268
31.5844,-42.3647,0.3734
-172.6129,-51.9611,0.8280
-212.9974,-54.0198,1.2631
-223.5815,-54.7314,0.8000
-170.9633,-52.4229,0.8023
-45.5734,-46.7158,0.1504
-207.0054,-55.0147,-1.1679
-166.4570,-53.2808,-0.1469
31.3611,-43.6799,0.2482
32.2921,-43.6957,0.3232
33.0962,-43.7690,0.1422
-177.3422,-54.6866,-0.4815
30.8526,-44.7251,-0.7648
-50.1505,-49.6431,-0.5829
-186.6838,-56.9977,1.0318
-202.4265,-58.2438,1.1106
-179.6582,-57.0141,-0.2421
-111.0765,-54.8928,-0.0753
-180.0635,-58.9376,-0.9582
-184.7972,-59.3644,0.7214
-197.3592,-60.6777,-1.2599
-201.6556,-61.3513,0.3207
14.5041,-48.7400,0.0348
-184.6657,-63.1019,0.4107
-17.5364,-52.5341,-0.3299
-149.3731,-61.1537,-0.8857
47.6099,-48.2869,-0.4379
50.2736,-48.1449,-0.4512
-72.7084,-56.4983,0.2767
-73.7084,-57.1288,-0.4672
-73.3412,-57.2057,0.1546
-162.5717,-64.0139,-0.6152
-194.5486,-66.9211,-0.2773
-175.0640,-66.1766,0.9589
-195.7064,-67.7517,-1.2721
62.5819,-49.8747,0.5649
-107.0693,-62.5797,0.3062
-152.8963,-66.4947,-0.7832
66.4588,-50.1350,-0.1496
46.3549,-51.6478,0.3383
40.9634,-52.0555,0.4463
-154.9606,-67.9534,-0.2227
-152.6329,-68.3395,0.0718
-159.2801,-69.7794,-0.5666
-156.9415,-69.7500,0.2849
-168.2480,-70.7805,0.1361
59.4822,-52.5418,-0.0159
-229.5891,-76.5553,-0.1891
-133.5812,-68.8814,0.5347
-156.1865,-70.8884,-0.8067
-154.3664,-70.7870,-0.8189
-161.0834,-71.4849,0.4975
-157.4711,-71.2172,0.3113
-154.3823,-70.9892,0.0957
-157.3902,-71.2528,0.4005
81.5081,-51.5760,0.4331
-158.1541,-71.6701,0.2616
-176.5662,-73.3620,-0.2150
-173.4353,-73.2129,-0.2435
-155.2519,-71.8012,1.0531
-244.3042,-79.3420,-0.7789
-153.5315,-71.8715,0.8871
-155.1193,-72.2521,0.4265
-160.1439,-73.7456,-0.3353
-106.5701,-69.3554,-0.0192
-162.5347,-74.4530,0.9176
-232.3662,-82.1535,0.7686
-184.0772,-77.8381,-0.1509
-152.5268,-75.7020,0.7244
-107.3675,-71.5543,0.7147
10.7317,-60.7354,-0.2819
-187.2132,-78.9576,1.1664
-106.2326,-71.5848,0.7316
-107.8715,-72.7098,0.7540
-186.7415,-80.5983,-0.3446
-111.9840,-73.7263,-0.0577
-116.0711,-74.1228,-0.0697
57.5325,-58.3939,0.7151
-148.5683,-79.0590,0.1280
-149.7209,-79.3209,-0.0667
-148.1386,-79.3332,-0.2869
-152.4505,-80.3222,0.9805
-147.4291,-79.9114,-0.1142
-236.4119,-88.9365,-0.9159
-233.0732,-88.6309,-0.7442
-148.3858,-80.2243,-0.8432
-154.8914,-80.8894,-0.8379
-147.5915,-80.5246,-0.2705
-154.5503,-81.4902,1.0014
-151.5906,-81.4385,-0.6702
-179.7835,-84.3548,-0.5573
-151.2144,-81.5171,-0.5425
-86.0006,-75.4067,0.5604
-209.1386,-88.3126,1.0950
-153.5036,-82.5427,0.7234
-235.6899,-91.3222,-0.9877
-210.9205,-88.7373,0.7102
-98.6738,-77.3016,-0.2577
-152.4690,-83.6308,-0.4730
-151.0466,-83.9973,-0.4772
-150.3126,-85.0453,-0.9178
-170.6274,-87.3895,-0.5649
-167.8818,-87.6920,0.4186
-229.2112,-94.8197,-0.3117
-172.1763,-88.4872,0.5610
-130.2679,-85.3293,1.0283
-131.5712,-88.0802,1.0218
-144.2889,-89.8692,-0.2363
59.0618,-65.5949,-0.5420
-147.6447,-90.8116,0.0734
-129.8400,-88.7287,-0.8026
-150.2677,-91.2150,0.5869
-151.7284,-91.4784,0.6552
-149.3878,-91.2211,0.6788
-133.1862,-89.6324,0.4179
-158.4342,-92.7693,-1.0584
-128.9990,-90.8215,-0.9989
-123.5003,-90.7667,1.1226
-122.4520,-92.2204,-0.8169
-118.5954,-91.7639,-0.7954
-255.3502,-109.8809,-1.2470
28.9779,-73.8932,0.5873
-159.5530,-99.3302,1.0979
29.1205,-74.2586,-0.0934
-241.4560,-110.9776,0.4348
-247.5588,-111.8393,-0.4330
-245.4203,-111.7343,0.6621
29.4895,-74.7638,0.3322
205.1905,-50.8966,0.1568
-31.4707,-83.2740,-0.2689
-128.9538,-96.7408,-1.0507
-115.0548,-94.8966,-0.3997
-32.9015,-83.7538,-0.7997
-251.7786,-114.0923,1.2558
-241.5452,-113.0764,0.4499
-118.1058,-97.1817,-0.9262
-241.7842,-114.7218,0.1276
-131.5117,-99.1861,-0.4452
193.0152,-53.6941,0.0401
21.6331,-78.0826,0.2054
-26.3015,-85.1443,0.4896
22.4530,-78.1922,-0.3857
6.9448,-81.2313,0.0135
3.0993,-81.9558,-0.0734
-78.4163,-93.8283,0.0442
49.2887,-75.3519,0.4864
-142.1716,-103.2695,0.4073
8.4738,-81.3897,0.2372
-23.9067,-86.1923,-0.7727
-29.7656,-87.3469,0.0988
-255.1040,-121.1820,-1.0344
-237.3841,-118.5752,0.1253
-27.6374,-87.5258,-0.0662
-239.7045,-119.5518,-1.3195
-31.4461,-88.6588,0.6346
-244.7341,-120.7217,-0.8521
-238.6443,-119.8626,0.9360
26.2499,-81.4805,-0.7012
-240.3846,-122.7954,-0.6464
26.4883,-81.6999,0.6902
-134.7866,-107.8914,-0.7526
-104.6417,-103.7534,0.6887
-102.8115,-103.4686,0.6854
-247.4260,-127.0012,-1.2334
-246.9008,-126.9435,-1.1481
-261.4462,-129.7955,0.6916
-260.9188,-130.6082,1.2271
-25.5179,-93.0263,0.5400
-22.6784,-92.5684,0.4310
-22.4678,-92.7604,-0.5916
-97.5577,-105.8621,0.5732
-223.1555,-126.5934,-0.3391
-257.9307,-132.6891,0.8021
-259.5209,-133.1201,0.4297
-257.5835,-132.9856,0.6277
-257.1192,-133.6523,-0.1388
-256.1946,-133.7124,-1.2586
-147.3765,-115.6702,0.7777
-146.9286,-115.7127,0.6443
-256.1225,-135.0281,-0.8438
-149.5128,-117.9588,-1.0756
64.2729,-81.5739,0.3988
-24.7508,-96.8940,0.0612
-110.8114,-112.5441,-0.1715
-108.7830,-112.2611,-0.4554
-150.2242,-121.5009,0.6823
-153.0347,-122.3862,0.6469
-102.0786,-114.6102,0.4575
-152.7137,-127.8655,0.2500
-104.8008,-118.8626,-0.2382
-152.4604,-127.8923,0.9978
176.7584,-65.8629,0.0904
18.1750,-96.0880,-0.6770
-196.1869,-137.6210,-0.2675
20.1050,-96.8765,-0.5552
32.0563,-94.9035,0.4762
-154.2323,-131.2221,1.0161
19.5792,-97.6993,0.2285
20.8870,-97.6780,0.7130
170.3241,-68.8910,-0.3451
-222.0149,-147.1876,0.7961
-157.5043,-136.3457,-0.5358
-157.4384,-136.3498,-0.8349
-15.3054,-108.5838,0.7796
18.7608,-101.8565,0.4936
-14.4330,-108.7846,-0.6531
-15.9052,-109.6281,0.1882
-21.3385,-111.1382,-0.5470
1.3836,-106.7711,-0.4841
-190.9748,-147.0773,-0.5132
-177.7156,-144.4154,0.8344
-189.0989,-147.4032,-0.0956
-30.5353,-114.1629,0.4281
-13.1921,-110.8437,-0.7159
-34.5037,-115.4627,0.0939
18.8040,-104.2116,-0.4641
27.8564,-102.3157,0.3836
20.3586,-104.1529,0.6854
-186.8334,-148.2664,0.3434
-16.0785,-112.1860,-0.3916
70.7005,-93.7734,0.3682
73.7482,-93.3373,0.2332
-223.6320,-157.7679,-0.8355
-6.3692,-110.9320,-0.0947
-11.7029,-112.8891,-0.4219
-15.3391,-113.7680,-0.4854
-164.6730,-147.8632,0.9021
-101.4342,-133.9196,0.5302
-45.0394,-122.3113,0.0107
-44.0464,-122.5001,0.8679
15.0363,-109.4194,0.7154
-98.6141,-134.9025,0.9697
-97.9971,-134.8173,0.9898
-33.7495,-120.4473,-0.1774
-99.6377,-135.2308,1.0838
77.9060,-96.0729,-0.1870
74.4762,-97.5412,0.0169
15.1441,-112.0225,0.4563
-47.6508,-127.2676,0.9503
15.2028,-112.8047,0.5870
-224.4306,-171.0600,-0.8061
14.3717,-114.5071,0.0745
-221.6246,-171.8844,-0.4434
-186.2512,-163.5230,0.8225
-187.1025,-164.0356,0.7370
-168.3632,-159.9666,0.0676
25.3909,-113.4915,-0.7534
-185.3055,-165.0685,0.6851
78.3429,-101.1025,-0.3025
-168.2484,-161.4336,-0.1314
-221.1505,-174.3410,0.8386
-8.4027,-122.5826,-0.1149
21.9986,-115.2037,0.4468
-8.6508,-122.8316,0.3922
-219.5342,-175.2148,0.7887
-167.2193,-164.0568,0.0929
-221.0762,-178.0109,-0.1955
24.4153,-117.0212,-0.6127
-185.6821,-169.9827,0.8875
-189.9164,-173.1186,0.3616
-190.7919,-173.4677,0.6544
17.4080,-120.7558,-0.2567
-220.9621,-182.0879,-0.9548
-191.4272,-174.6629,1.1155
-218.9676,-182.1239,1.1989
-190.6849,-175.2639,0.1483
20.7654,-121.8721,0.3514
-216.6474,-185.6244,-0.4282
-6.1631,-130.4065,-0.0821
-194.1711,-181.1534,-0.7981
27.5191,-123.0868,-0.3419
-164.5350,-176.3310,0.5259
5.4831,-130.0282,-0.5331
-194.9900,-186.2341,0.8071
-185.4306,-184.4221,1.0352
-189.6974,-186.4235,-0.1658
18.1564,-130.3709,-0.3692
30.7708,-126.9110,-0.6768
29.3845,-127.9848,-0.5885
-22.9038,-142.9372,-0.3231
-20.6201,-142.8373,-0.4953
-19.4537,-142.5169,-0.5150
-95.6310,-165.7220,0.3212
16.6038,-133.3539,-0.3668
-208.0830,-198.8915,0.8301
-93.5447,-166.0230,0.1974
19.4479,-134.0783,-0.1240
-166.8980,-189.1778,-0.0962
19.8225,-134.8264,0.3999
-44.8252,-154.6137,-0.1999
-135.7443,-182.0872,-0.1240
-8.0332,-144.3667,-0.6533
28.0580,-134.2008,0.5151
38.7901,-130.9799,0.3598
-70.1742,-163.8180,-0.2169
27.5478,-134.4318,-0.2566
27.8305,-134.4106,-0.2531
29.8422,-133.9392,-0.1608
-27.0158,-151.1418,-0.6127
-10.1396,-146.0876,-0.0596
32.4066,-133.3489,0.2376
32.8108,-134.0819,0.5615
31.5620,-134.5787,0.7683
18.4984,-138.9586,0.6371
-52.7642,-160.8468,-0.0322
17.9708,-139.2978,-0.6009
-54.1469,-161.4573,-0.0780
33.0925,-135.3112,-0.2470
32.9728,-135.3583,0.2407
32.4762,-135.6220,0.6625
-56.0665,-163.0894,-0.2595
34.4240,-135.1667,-0.1727
58.9737,-127.5883,0.1323
-36.4581,-157.2060,-0.9636
33.7134,-135.5229,0.3040
34.8020,-135.5675,-0.3446
31.9626,-136.5883,0.1151
-158.0192,-196.0238,0.2854
34.7428,-136.1483,0.0787
-28.9607,-156.6420,0.0785
-157.9385,-197.1788,0.2824
37.2124,-136.7012,0.4266
-17.0197,-153.9232,0.2963
-30.1768,-158.2357,-0.9463
-31.2361,-158.6896,0.6219
-14.6014,-153.8104,-0.7616
-28.7974,-158.4379,-0.5831
214.2382,-81.2031,0.1015
-35.9329,-161.3108,0.4958
-27.6489,-158.8973,0.7888
-29.8113,-159.6534,0.3342
-31.2862,-160.1438,-0.6677
-37.2304,-162.0525,-0.3042
113.5315,-114.0689,0.1877
-185.1550,-210.1828,-0.9827
76.6889,-125.9667,0.3510
-184.9894,-210.6736,-0.9006
-110.2620,-186.7619,0.4509
-110.3528,-186.8596,0.4092
22.6678,-144.0296,0.1017
36.7714,-139.7043,0.1917
32.3634,-142.8121,0.4800
-157.3988,-206.3069,0.9550
35.7652,-142.6419,-0.4875
-106.5087,-190.6761,0.9805
222.4981,-80.9909,-0.1380
-152.2761,-206.9451,0.2468
-105.6900,-192.6592,0.8306
33.2437,-147.0294,-0.7935
36.5182,-146.1763,0.1551
-41.0722,-173.4564,0.8032
35.9482,-147.9905,-0.0887
15.8907,-154.9909,-0.1421
-44.2149,-178.4794,-0.2274
-100.1609,-198.9416,0.1189
33.3236,-151.8698,-0.6300
-94.8454,-197.9440,0.8147
185.9754,-97.8736,-0.2649
-100.2043,-201.3406,-0.0077
-100.0564,-201.5424,-0.6454
34.6046,-153.0773,-0.3686
-98.3930,-201.3722,-0.3588
-96.5372,-200.9779,0.9752
-92.7038,-199.6001,-0.6590
-97.4730,-201.3389,-0.2019
-91.1997,-199.1068,-0.6155
-95.3154,-200.6018,-0.0336
40.5083,-151.5354,-0.3164
-106.4514,-204.7340,-0.8171
-97.5235,-201.6180,1.0046
-96.4666,-201.2492,-0.8150
-93.6393,-200.4016,-0.6982
-91.2701,-199.7792,0.6356
-99.1053,-202.8452,-0.7803
-101.8631,-204.0059,0.5927
-94.7851,-201.4736,0.8417
72.8330,-140.7183,0.2610
-27.5756,-178.3674,-0.7404
23.6873,-160.8455,0.5288
-81.4082,-200.6665,-0.6753
-83.4222,-201.4296,-0.7144
-85.8234,-202.3480,-0.2733
42.5102,-154.8412,-0.6113
-94.8743,-206.3729,0.1889
-82.4751,-203.0819,0.8394
-73.9528,-200.0728,0.2214
-83.3476,-203.7723,0.7341
-78.7299,-202.2301,-0.6750
-96.5349,-209.1713,0.9958
-95.4845,-208.8522,0.7764
-79.6294,-203.2201,1.0607
40.5173,-157.7412,-0.1030
-49.0840,-192.0283,0.2868
-91.9796,-208.4678,0.4508
40.5399,-158.2523,-0.1749
120.8511,-127.6309,-0.3744
54.6994,-152.8971,0.4458
57.4388,-152.0047,-0.2711
-80.6129,-205.7961,0.2529
59.0337,-152.1546,0.4100
106.4901,-134.2699,-0.1542
106.2134,-134.5116,-0.3379
44.9073,-159.0449,-0.5656
108.9995,-134.2070,-0.3658
39.8142,-161.1140,-0.5063
108.0580,-134.5934,-0.5226
24.9536,-167.3271,-0.8165
88.9041,-142.4658,0.2169
42.4006,-160.6254,-0.6287
49.8119,-157.7464,0.0725
39.8973,-161.8377,-0.5234
-69.6739,-204.7043,0.6700
30.9914,-165.6642,0.0167
-120.6872,-225.1334,-1.0049
-21.3726,-186.7228,-0.3030
38.7728,-163.1385,0.4929
-22.1728,-187.1769,-0.1979
41.6694,-162.4439,0.5543
33.8377,-165.9553,0.2414
33.1764,-166.4689,0.0946
-36.7550,-196.7616,-0.5703
42.7096,-165.1961,-0.3889
36.3135,-167.9956,0.4576
-30.6271,-195.2327,0.9739
187.9979,-106.7121,0.1996
36.7231,-167.9900,0.4101
53.9745,-161.4566,-0.6600
55.8675,-160.9260,-0.5354
-29.4142,-195.6484,0.7792
54.8261,-161.5910,-0.6047
-31.0403,-196.7858,0.4792
-43.0122,-201.6905,-0.5298
-21.7262,-193.6532,0.6065
29.0890,-173.9768,0.0034
35.9925,-171.3807,0.7883
61.3585,-163.2870,-0.6976
31.1871,-177.0142,-0.2204
61.1351,-164.4805,-0.1155
-105.6934,-237.0687,-0.1929
-25.1472,-202.8629,0.4999
-96.5260,-234.5898,0.9359
28.6203,-180.7503,0.3208
-40.4942,-211.3847,0.3146
-20.9273,-204.2011,-0.7708
64.5996,-167.7422,-0.3113
30.4549,-182.7759,0.1848
-3.0877,-198.9872,-0.9137
-130.9298,-255.8799,0.4511
26.4169,-186.3564,-0.4515
74.9752,-164.9973,0.3472
64.3423,-169.7679,0.2514
227.7145,-97.3797,-0.3715
24.2565,-188.6955,-0.1213
-89.1371,-240.4001,-0.7820
75.1390,-167.9290,-0.5977
48.2829,-180.9397,0.4258
39.6831,-186.0787,0.6999
-94.3202,-248.0087,-0.8837
45.2853,-183.6597,0.7445
26.1763,-192.5419,0.1363
40.3254,-187.1763,0.2680
-34.7383,-222.5257,0.3922
-37.6739,-224.0852,0.6389
-36.2717,-223.4762,0.5409
27.8027,-194.7349,-0.7155
-103.8701,-257.1926,0.4559
-30.9153,-223.4648,-0.2226
-105.1530,-258.6510,-0.6139
-35.4494,-227.2619,0.0127
-38.0912,-229.1876,-0.3632
-66.2998,-243.6054,0.9705
75.5236,-175.8840,0.6601
-64.6285,-243.5288,0.0088
24.7743,-200.7294,0.3961
26.8833,-199.9830,-0.7746
96.8956,-167.8141,0.0955
23.2971,-204.2741,-0.3078
-102.9770,-266.2611,0.6730
22.4408,-205.2090,0.2855
16.9425,-208.1474,0.5152
15.8288,-208.7113,0.6434
28.9870,-202.4382,0.6197
73.8964,-180.5017,-0.2388
77.4072,-178.8034,0.5874
197.1271,-119.9367,0.4407
17.3103,-208.8428,0.7782
20.8965,-207.0781,-0.8591
26.2589,-204.5054,0.2820
24.9946,-205.1375,0.5770
24.3400,-205.5261,-0.3675
28.6337,-203.4550,-0.6777
26.4852,-204.6106,0.2036
27.6397,-204.4564,-0.6265
28.8467,-203.8992,-0.0430
75.0962,-181.1153,0.3478
14.7594,-211.1751,-0.4107
14.9498,-211.3541,-0.1540
16.6258,-210.9365,0.3617
26.6735,-206.1928,-0.7859
25.4742,-207.7917,0.1309
25.2820,-207.9919,0.1671
202.9890,-118.9498,-0.3638
23.0558,-210.2882,-0.5568
30.3945,-207.5488,-0.8078
97.4970,-173.8581,-0.5119
41.3940,-203.4106,-0.7911
42.8630,-204.1457,-0.5324
-30.3202,-243.7759,-0.2262
42.6029,-205.8120,-0.5029
52.4244,-201.2015,0.5067
-27.4235,-243.6977,-0.6466
-33.0218,-249.6549,-0.9604
-73.4798,-274.1078,0.2905
-82.9626,-279.4252,-0.3188
-78.3058,-277.5974,-0.0294
-81.3383,-279.3004,-0.6073
271.7429,-88.5087,0.1392
-81.7353,-279.9086,1.0944
-37.6159,-257.3356,-0.9332
56.5768,-206.4278,-0.2987
55.2465,-207.3360,-0.4852
272.1860,-88.9382,0.2630
114.5486,-175.8962,0.5448
112.2404,-177.3917,0.2036
115.5384,-175.6037,0.4684
69.9793,-202.9001,-0.0977
71.4185,-202.4416,0.2438
-47.2740,-269.7844,-0.1199
-32.3246,-269.8874,-0.4792
52.9082,-220.5508,-0.2573
67.4672,-212.4039,0.7517
62.9628,-215.0636,0.7430
52.9559,-221.2086,0.0099
65.5579,-216.1568,-0.3301
66.4434,-216.7947,0.2549
68.5731,-215.8580,0.2359
55.2178,-225.2020,0.8066
-29.5977,-279.2827,-0.2772
-28.6005,-280.2576,0.1656
-29.7107,-282.9041,-0.1910
-28.7763,-283.4526,-0.8857
-27.5895,-283.0464,-0.3162
56.9441,-232.3102,0.1657
56.2148,-232.9211,0.3358
58.5401,-233.0244,0.4984
68.5372,-227.2040,0.7127
-24.5714,-286.9107,0.6149
181.9788,-156.4365,0.2641
24.4510,-256.5821,0.4145
181.0059,-157.1751,-0.3537
68.8808,-228.5673,-0.5733
185.5053,-156.8330,-0.2124
188.4311,-154.9421,-0.1413
17.9880,-265.9086,-0.1543
18.7855,-265.5533,-0.2121
184.2554,-158.3725,0.4078
94.9039,-220.8781,-0.4382
211.4282,-143.1934,-0.0135
211.8149,-142.9415,-0.0115
70.7852,-239.1997,0.2116
192.4144,-158.7658,-0.0627
197.2052,-155.6157,-0.1083
193.5705,-158.2037,0.3866
192.8648,-158.6953,0.2092
189.5723,-161.0076,0.0989
17.0531,-280.0174,-0.4607
7.0799,-288.4689,0.8952
255.8420,-116.9084,-0.1776
195.1050,-159.0343,-0.3822
20.4656,-280.2241,0.7332
20.1478,-281.1150,0.0127
21.4438,-280.4422,0.4490
150.4339,-190.8001,-0.4044
21.9799,-280.2462,0.1791
186.0457,-166.9556,-0.3779
195.1165,-160.7834,-0.3248
97.0395,-232.7628,0.1955
96.9008,-234.9677,0.2776
146.5581,-201.2567,-0.1996
190.8580,-170.5681,-0.0975
188.7978,-173.5959,0.1807
78.3024,-257.3325,0.6718
79.9585,-257.6659,0.3736
198.3222,-168.6518,0.0098
193.3099,-174.3886,0.3461
76.1481,-264.2914,-0.8005
158.5114,-201.6193,-0.2904
191.0559,-176.9695,0.5256
70.5012,-270.6189,-0.2634
70.5182,-271.7909,-0.1375
189.3413,-182.4848,0.0391
190.7692,-183.3835,0.3846
189.7848,-185.8422,-0.4892
100.1935,-261.5621,0.3941
98.7690,-262.9328,0.4962
86.8362,-275.2970,-0.2660
211.1368,-173.1934,0.4924
112.4585,-259.2718,0.1833
136.3138,-244.1804,0.3138
199.5394,-194.2946,-0.5366
245.6504,-156.7995,0.2556
245.5312,-157.1286,-0.2049
241.7840,-163.5818,0.1050
161.7899,-239.5972,0.2586
242.4678,151.3592,0.6758
161.5065,242.4994,2.2442
153.6813,246.0991,1.5989
157.5557,241.1270,1.3333
156.6041,242.1548,1.4028
156.5264,242.1538,1.1032
155.6815,242.7458,1.0078
240.1550,142.9937,1.3777
158.2821,235.4714,0.9246
212.8089,166.5140,0.7746
232.8226,144.0310,0.6752
228.3798,148.8976,1.2016
232.6019,142.3596,0.9004
226.0611,148.7263,1.3233
229.6080,144.3998,1.5119
228.8617,144.6162,1.2337
227.8989,145.1027,1.1143
183.4379,192.8305,1.8187
183.4555,190.9742,0.6550
232.8772,136.6367,0.8393
144.2380,230.1347,2.0482
231.0304,138.3461,0.8531
165.8356,207.0655,1.4155
108.3262,260.5733,1.8336
221.7374,142.1390,0.7046
220.2532,143.5970,0.7109
220.9006,142.7795,0.6045
219.6156,143.7755,0.6501
162.4040,201.1490,1.5153
218.0282,140.0802,1.0151
206.9575,150.8872,1.2522
216.1530,138.9586,0.9317
137.0173,215.0163,1.1020
69.0020,279.8507,2.8253
73.3699,272.4957,2.3908
69.3883,272.6622,1.6397
66.3569,274.8694,2.5522
219.8929,130.5637,0.9873
156.7113,189.5187,1.8246
219.1434,129.7396,0.8222
194.3224,152.5100,0.8986
69.7216,267.0479,2.5785
153.5897,188.9220,1.8508
154.3562,187.7898,1.7439
152.2505,186.8559,1.7231
207.3775,135.6363,1.4302
89.4806,240.7874,2.4183
207.7979,134.6126,1.2761
208.3053,133.7343,1.4239
86.7511,239.1311,2.5606
85.9904,239.2420,2.5426
148.1655,182.1219,1.0264
147.9360,181.8882,1.3202
195.9494,139.7554,1.3095
70.7404,248.3804,1.9668
68.6731,249.9324,1.4666
69.3226,249.2885,1.5258
68.6312,248.4784,1.4044
68.3458,248.6913,1.4328
196.5343,138.1043,1.2552
81.7938,236.8507,1.9644
204.1250,130.9678,1.3547
149.6970,177.5543,0.8304
201.0640,133.2868,1.3900
27.9344,280.9067,2.9604
68.8381,245.7386,1.5801
70.1412,244.2885,1.4049
68.6452,244.3376,2.5341
70.7264,241.6218,2.3269
148.3396,175.5140,0.7602
71.0120,239.6441,2.6857
80.5931,231.1440,1.6706
80.9274,230.7824,1.8857
5.8107,289.7194,1.1406
141.0945,173.0962,1.6720
139.8689,174.0621,1.5011
81.4883,221.3053,2.0450
127.2079,181.9521,1.3984
72.9012,222.0874,0.8798
62.2176,228.5916,1.2562
126.6686,177.9956,1.7623
127.0483,177.4079,1.6039
122.2881,180.9124,0.8813
134.9182,170.5700,1.2551
122.2714,180.3670,2.1425
72.1128,219.0700,2.2857
119.7511,181.9098,1.7290
70.8437,219.6876,2.0414
121.8835,179.7687,1.9369
187.8548,128.2600,1.5963
120.5124,179.5334,2.1599
-3.9077,269.7817,2.2068
125.0186,171.9507,1.3833
125.1786,171.8281,1.6784
56.7167,223.4922,2.1511
-22.0580,281.2707,3.0379
-21.8040,280.9154,2.0797
25.3604,241.5819,2.7812
62.2980,209.4264,1.9044
51.6683,216.2826,0.9220
15.7622,233.8881,2.0334
159.0821,133.2270,1.0684
47.5192,210.7811,0.9669
91.2503,180.0919,0.8464
18.2360,230.9357,2.4629
47.9714,209.5833,1.2174
76.0134,189.8888,0.9718
46.3736,210.2415,0.9719
157.9232,132.8426,1.2994
148.1388,139.3643,1.7575
157.5501,132.5992,0.8548
45.1493,209.7776,2.5786
-55.0950,277.0444,2.9410
219.6006,88.5448,1.0957
150.2149,128.3284,1.0729
-42.0679,251.0593,2.3572
123.6910,140.3982,0.7097
79.6168,168.0050,0.8620
80.1895,167.6233,1.0865
78.1923,168.8170,1.0180
102.8797,152.9614,1.3265
55.1421,182.5162,2.3798
57.0821,180.8929,1.7380
60.7202,178.2129,2.2205
97.0766,155.4198,1.7327
-45.4532,240.4771,2.2017
38.1862,186.6528,1.8154
19.9224,196.5631,2.3616
48.9800,178.6459,2.2880
47.0057,179.7154,1.9429
78.6076,158.0720,1.0813
48.2194,175.4053,1.3392
24.0373,189.4258,2.5762
132.8339,124.7692,1.0249
62.3744,166.5714,0.8894
61.4112,166.8801,1.2129
205.8188,79.7381,0.5913
38.0177,174.8171,1.9370
19.5512,184.1803,1.9321
20.7826,183.0709,2.2532
262.7220,44.7887,0.5636
20.7264,182.4901,1.1555
14.6822,183.1034,1.3773
-9.5685,195.9766,1.2606
12.8284,179.8634,2.4488
-3.4010,188.3894,1.0033
-127.4019,255.1414,2.8165
3.6110,183.4793,1.2960
-3.1877,186.6782,2.7437
-117.6043,248.3217,2.2098
-117.8746,248.2912,2.9828
-117.2556,246.4587,2.0398
-3.2686,184.2640,2.6726
-4.5527,183.5348,2.6268
-6.7458,184.6604,2.1959
-0.8825,181.4046,1.4307
11.1236,174.4714,1.3802
-117.0095,241.8795,2.6371
1.9513,178.1106,2.2906
265.5089,38.2615,0.6014
6.1876,175.3987,1.7085
62.8544,145.1757,2.3127
-0.2331,178.4750,1.6968
-130.2635,245.5194,3.7675
-105.4417,222.1617,1.6631
-7.1627,172.4904,2.6961
-2.1471,169.8139,2.2448
-5.7193,171.5448,2.7710
104.8306,115.7189,0.9881
-134.0249,234.4097,3.7364
45.5063,144.1001,2.4107
131.1376,101.3306,0.9104
98.4409,116.7947,1.9194
2.5008,164.1901,1.5361
-137.9712,233.1847,1.4963
134.7996,98.1779,1.7280
-134.6839,230.3928,2.7452
1.4087,162.7007,0.9641
48.8764,139.4171,1.4979
205.6514,62.5830,0.9737
-3.7468,163.8131,2.2122
-99.8473,210.3747,3.2449
4.3901,158.7130,2.5461
-10.8139,165.8792,1.9364
101.1907,111.7481,1.7183
-14.3027,166.9540,2.8480
-3.6653,161.6462,1.4239
-100.1015,207.5941,3.1837
-6.4101,162.3568,1.0699
-16.5097,167.0857,2.3723
-3.6493,160.8989,1.3906
-5.2504,161.5373,2.2399
-125.7611,218.9870,3.6833
-16.5387,166.7642,2.0981
-11.6730,164.3322,2.6835
-18.5238,167.4581,1.8869
-5.1200,160.6331,2.2513
-100.3140,205.9493,2.3141
-97.1475,204.4153,2.2666
-13.6850,164.6555,2.4389
-3.6345,159.7914,1.6694
-11.9595,163.7048,2.7234
-9.1201,162.3527,2.6544
-9.7480,162.4550,2.8044
-104.3192,207.2246,1.8664
200.3632,62.4785,0.9757
-96.3019,203.2614,1.4804
-14.9572,164.4726,2.3659
-8.9307,161.4786,2.0964
127.0751,97.0404,0.8770
99.2507,110.2209,1.1377
-9.7700,161.8167,2.2721
130.8003,94.9324,1.0068
-7.7759,159.5343,1.8522
-139.5147,221.4194,2.2945
-8.3580,159.6992,2.3331
-92.8330,199.2318,1.4728
-7.2631,158.7756,1.5460
-9.6970,159.8611,2.2632
-10.3648,159.9667,2.5435
89.0040,113.3995,1.1758
-8.4525,159.0013,2.5360
-10.6184,159.8351,2.4893
-2.3492,155.6104,2.7431
-15.6408,161.6893,2.8164
-17.3347,162.4607,2.5024
-15.2491,161.4273,2.4787
-89.3103,195.9549,2.4971
-85.3732,193.8700,2.1659
-9.8626,158.5785,1.9378
-8.6169,157.8509,1.4163
-90.5483,195.5553,2.7933
-90.8201,195.3469,3.0177
-10.1770,157.2309,2.7332
95.0610,108.6190,0.8432
-92.4411,195.0558,1.6302
-86.9773,192.3985,1.1914
-89.9320,193.6946,1.3268
-88.0633,192.6580,1.3415
-7.6104,155.0781,2.4740
-10.0554,155.9367,2.5769
157.2928,79.1992,0.6843
63.2199,122.0538,0.8328
-83.9482,189.3880,2.9349
157.9896,78.5447,0.9262
92.9641,107.9410,1.2746
-73.7985,183.5814,1.4860
93.3161,107.4324,1.3212
-80.4067,186.2791,3.1560
-73.6464,183.0561,2.9834
-73.5857,182.9835,3.0069
-82.0430,186.4972,2.5545
-83.0256,186.8058,2.3210
-5.7843,151.7244,2.3844
-7.6905,152.0148,2.2324
-8.6403,152.3293,1.8886
-2.2524,149.2690,2.3990
-7.6203,151.3139,1.8840
-11.8235,153.0467,1.1998
-6.5490,150.6055,1.6699
-6.7318,150.5363,1.4777
-12.5905,153.1398,1.5224
-5.0601,149.7557,1.3057
-77.9333,182.3368,2.3290
-9.3987,151.4529,1.7916
-15.7818,154.3098,1.6138
-8.3225,150.9029,2.0629
-16.7855,154.6610,2.6960
6.4624,144.2108,1.3750
-19.0162,155.3753,1.0294
-19.4444,155.3306,1.4079
-16.2238,153.7322,1.5530
-19.7570,155.0740,2.7050
-6.7603,149.2253,2.3532
-22.3686,155.9678,1.1924
-13.4605,151.9448,2.3893
-23.3442,156.0341,2.4595
-24.4713,156.3697,1.9700
-82.9071,180.4238,3.1258
17.5263,136.1189,1.4873
-16.7944,150.0873,2.3783
-109.5172,190.4530,2.8320
-172.3126,217.1267,2.7385
-26.5440,153.3269,2.4704
-51.7094,163.7849,2.2491
-101.1415,185.1573,2.4262
-23.6287,151.4618,1.6012
-100.5510,184.4486,2.1350
-23.7853,151.2635,1.4987
-82.2267,176.4824,3.2531
-32.4488,154.9339,1.0818
-14.6863,147.2141,2.0608
-29.5101,153.5353,1.1603
-23.3614,150.7293,1.2767
156.9705,72.8994,0.9231
-58.7195,165.3496,1.2548
8.3458,135.3080,1.2620
-14.8651,144.7933,1.3388
-192.1996,219.1641,1.8523
-192.6199,219.0998,1.9021
-71.6187,166.7107,1.4025
-70.5995,166.2342,1.1284
-192.2177,217.1505,2.8296
-192.9609,216.2368,2.1127
-117.8926,184.7520,2.1217
-10.5284,139.7705,1.5799
86.8034,98.4767,1.7205
119.9252,84.0151,1.6871
-21.0121,141.6607,2.1427
-191.6043,210.3046,2.4176
-71.1432,160.6095,2.3115
-181.2332,204.9762,2.6610
-29.7868,143.3371,2.7328
113.9956,84.5913,1.4919
117.1937,83.2814,1.3007
-25.1248,140.9735,2.3317
-23.9541,140.4689,1.6479
114.4104,84.0137,1.3362
-172.1272,198.5078,2.4511
-128.6764,180.7495,3.4036
113.8457,83.1979,0.7845
-25.5342,138.4129,2.4565
84.9143,93.8925,2.0992
-24.3454,137.1966,1.2211
-173.9562,196.5370,3.1072
15.9153,120.6867,1.3863
-25.1475,136.5074,1.9294
-141.3351,182.1257,2.4432
-121.9890,173.5661,3.5025
111.7281,81.5900,1.7149
-27.3384,135.6892,2.7526
116.2399,79.5520,0.8265
117.0675,79.1443,1.5258
109.8524,81.7678,1.8574
-74.9332,152.8345,2.9045
-29.0459,134.8602,1.6226
-44.4179,140.6502,2.3366
-46.3316,141.3574,2.3873
-19.1435,129.8233,1.4826
-19.2828,129.4819,1.0544
-101.6142,160.9661,2.3903
-21.9502,130.1042,1.3223
-19.2970,128.9141,1.2224
-22.3539,129.2115,2.3457
267.5104,19.1916,0.5125
36.1932,106.8087,0.9971
-23.3464,129.1762,1.7482
179.0257,51.5469,0.8014
-152.5930,174.1017,2.3443
-83.0436,147.9357,3.2262
40.7367,101.9958,2.2388
-162.4028,176.8735,2.3747
-162.1507,176.7145,2.3968
37.3588,102.9351,1.6256
34.4581,103.9075,1.7334
36.5455,101.7716,2.0126
-196.2507,186.0007,1.3907
-188.3659,182.6794,2.5267
-200.6988,187.1099,3.1576
-190.3109,183.3200,2.5258
-206.9157,188.9653,1.6801
-185.0563,180.8876,2.7177
-189.8777,182.5215,2.6285
-203.1505,187.2411,3.5900
-185.4813,180.8135,3.5104
-191.7168,183.0139,3.5517
-188.3775,181.6448,3.3427
-182.6254,179.5560,3.8767
-204.7573,187.3379,2.3371
-183.0533,179.4282,2.4446
-180.4874,178.2133,3.0796
-105.4939,150.5030,1.1953
-182.7497,178.0816,2.5695
-174.9375,175.1940,3.8894
-185.9415,179.0373,2.1554
-182.4487,177.7618,2.4121
-180.9871,176.3408,1.7547
-182.1515,176.6206,3.4329
-179.8411,175.6770,3.4238
-116.0500,152.8248,1.2604
-178.4675,174.9805,2.7688
-113.0883,151.7281,1.6623
-116.3561,152.7693,1.4474
133.7892,63.7751,1.4698
-178.7776,174.6747,2.7267
30.1652,100.1127,0.9005
-179.9468,174.4302,1.4805
-170.1522,170.7013,2.9482
-175.0936,172.1029,1.8549
-180.5556,174.0275,2.0178
-161.2271,167.2004,1.4089
-172.1525,170.8658,1.3290
-174.8105,171.4322,1.8522
-37.6370,123.0128,1.7770
36.6876,96.7064,2.4219
-177.7601,171.5615,1.3331
-116.3543,149.8758,1.6243
-176.8222,170.7350,2.2012
-37.4190,121.7707,2.4626
-37.8893,121.9292,2.4672
-32.9422,120.1267,2.2578
-117.6460,149.5187,1.8602
-201.4390,178.6269,3.9897
-175.0849,169.3844,1.3765
-120.2727,149.9682,3.4929
-134.0999,154.7216,2.5698
-160.6755,163.9205,2.2967
-198.3088,176.8912,2.1291
-119.0059,149.3336,2.6264
-202.7678,178.1781,3.2093
32.6449,96.5913,2.3807
-205.1435,178.9136,3.6414
38.6108,94.5027,1.7248
-119.3216,149.0674,2.5524
-115.0127,147.5051,1.9971
-201.4156,177.2489,2.9300
-117.9531,148.3627,2.5376
-174.9536,168.0150,2.1149
-165.2901,164.6530,3.4016
37.3561,94.6031,2.2110
37.8295,94.3855,1.4474
-79.8052,134.1600,1.3080
49.1592,89.8018,1.1585
-119.8257,147.6824,1.6931
-166.0592,163.3362,1.3715
50.9101,88.7106,1.2168
-200.5983,174.5430,1.8063
-164.0435,161.8550,2.7133
-201.4767,174.4224,2.3080
-23.9624,113.8676,1.2858
37.2172,92.9286,1.2464
19.3293,98.9632,1.3826
-164.8236,161.3353,2.3284
-173.3606,164.1185,3.2899
-173.4167,164.0780,3.1385
-168.3631,162.1989,1.6283
-117.2171,144.1664,3.3430
116.5961,64.9662,1.4540
-170.1393,161.3127,3.0171
-119.1882,143.9921,2.9036
-54.8785,122.3266,2.6556
-119.6253,143.9323,3.3759
-55.7183,122.4086,2.9862
-21.9626,110.5980,1.5917
-119.6607,143.1874,3.2511
-122.4150,144.0180,1.9540
-118.9641,142.7868,3.0107
-122.5153,143.8020,2.8354
-122.0760,143.6515,2.8980
-117.1305,141.9788,2.8247
55.5362,84.1008,1.4057
57.6861,83.3716,1.1212
176.9289,43.6878,1.2931
57.1080,83.0847,1.8511
-25.1038,110.2615,2.5179
-229.4563,177.6902,2.0639
-230.1278,177.8182,2.1521
179.2923,42.4146,0.6717
-23.0954,108.8149,1.8682
-215.6296,171.7725,1.7761
-171.2175,156.7747,2.2835
58.5885,81.4704,1.7041
-170.9430,156.3248,3.6804
-12.4959,103.9295,1.5838
-84.7685,127.2114,2.5553
75.5567,75.0639,0.9853
221.9876,27.4106,0.5060
-81.4141,125.7652,2.7767
-194.9447,162.2576,3.2106
-195.2164,162.1827,3.8443
-232.6372,173.9751,3.6822
-80.0427,124.5746,1.3052
221.7528,27.2073,1.0183
-171.6355,153.6758,3.5814
-22.9961,105.8086,2.4717
-84.2071,125.2898,3.1129
-81.9342,124.4761,1.1498
-79.8547,123.6240,3.1054
-25.4638,105.5226,1.5422
-173.5132,152.5548,2.3635
-172.9216,152.2546,2.4108
219.8140,27.0840,0.7105
-102.2483,129.5109,1.2638
-181.3610,154.3792,2.9955
19.9935,90.4326,1.7232
224.1946,25.4718,1.0824
-179.6717,153.3709,2.3061
-181.5521,153.8179,2.4285
-174.6610,151.5686,1.7233
-147.8755,143.0754,2.3471
-178.2632,152.6745,2.8016
222.5336,25.7652,0.9702
228.6566,23.8271,1.0237
-167.7103,148.7936,3.1356
-176.0794,151.4066,2.0507
-169.3978,149.1535,3.2414
216.9229,27.4353,1.0372
174.4272,40.7493,0.5352
-179.9369,152.1966,2.0397
-175.1061,150.6683,2.1749
216.3166,27.5535,0.9585
-168.1816,148.4173,2.3747
220.9460,25.9483,0.7180
-149.9204,142.1436,2.9262
-172.1552,149.0639,2.5992
-28.6634,103.0497,2.1357
-30.2039,102.8439,1.9233
217.4226,26.2425,0.8131
-37.9735,104.8326,2.3312
-25.2396,100.8043,2.6060
-171.9600,145.9632,1.3211
-37.5045,104.2880,1.7882
-182.3407,148.6141,3.6178
-87.8574,118.7665,2.7824
-179.0533,145.4510,2.1755
-99.8286,121.4263,1.2382
-173.7408,143.2216,2.2612
-172.6964,142.8803,3.3086
138.8901,48.8010,0.8469
-175.6856,143.5568,3.0501
-178.1857,144.0376,2.7659
-172.5047,142.2603,1.8319
-180.6841,144.7136,2.1248
-99.0209,119.9970,1.2642
-100.7849,120.5170,1.2697
-184.5632,145.6512,2.7437
-174.0017,142.4516,2.7057
-167.0660,140.2755,2.4014
-188.8333,146.7659,3.0147
-180.9456,144.3405,2.7598
-184.4947,145.3565,2.7547
-89.4193,116.4378,2.7796
24.7098,82.1168,1.7305
-86.9055,115.3506,1.4543
-173.5333,141.1232,3.0580
-92.2908,116.6088,1.3172
-99.8970,118.7919,1.4412
-32.2495,98.4313,2.2533
-96.3108,117.2984,1.9523
183.7321,33.9721,1.3356
-84.0375,112.3171,2.8308
53.5412,71.7537,2.0845
-69.5838,107.2016,1.2817
-71.8773,107.5524,1.1351
-71.2694,107.3497,1.1821
77.1101,63.2636,1.9937
-224.2364,149.8254,1.7854
42.3413,72.9305,1.8621
-223.6459,149.3423,1.8731
-222.5274,147.9771,2.3213
-227.3569,149.2554,2.4852
-223.9139,148.1819,2.4097
-140.1972,123.7444,2.8908
42.6297,71.0447,2.3390
-201.2659,139.1305,2.0062
26.8900,74.3217,2.2138
-201.3206,137.3495,2.6844
36.8941,70.6744,1.0515
-227.6938,142.4267,4.0623
-69.8668,99.1476,1.7090
-225.0831,141.3490,3.9737
-228.2778,142.0294,4.0381
-229.2820,142.2932,3.3532
-110.9788,108.7875,1.8090
-112.5326,107.4423,2.1549
-165.7624,120.9794,1.6253
-100.3271,103.3250,2.7748
-97.0529,101.8943,2.8848
-114.7085,106.3544,2.1688
8.2249,73.1749,2.1860
172.5184,29.4440,0.7530
-120.5099,104.7577,2.0235
-117.6189,103.8315,2.4993
-118.5308,103.8514,2.5908
-39.5331,83.0842,1.5454
-115.7554,102.5297,2.5576
-117.3563,102.3078,2.7752
-121.3546,102.5162,2.7146
60.0479,55.2147,1.1529
60.6114,54.3561,2.0325
-198.4762,118.1360,2.5016
-68.3206,85.9578,1.6005
-69.2028,85.8599,1.3760
-131.8048,100.5332,3.0962
-127.5575,99.4958,3.1618
-170.9558,110.0713,1.5050
-142.3561,103.0730,3.1017
-129.5724,99.2867,3.0703
-131.7477,99.5351,2.2306
-41.5317,77.5150,2.0582
92.8019,44.8312,1.2671
-47.8843,78.6350,1.8844
-131.7322,98.7478,1.9534
-231.8945,121.8189,2.1032
-140.9014,99.6506,2.5484
-233.1982,121.3774,1.6797
204.6231,17.2115,0.9162
-129.6897,96.4524,1.3590
205.9384,16.7177,0.8336
-170.3386,105.6745,1.9907
-193.0270,110.4664,2.8465
-118.6899,92.5753,2.4244
-162.4311,102.2158,2.8118
91.4706,42.8917,0.8743
89.5123,43.2710,0.9913
-159.7796,101.0241,3.2315
91.9704,42.4436,0.6745
-192.4731,106.4570,2.5784
-170.8350,101.1906,3.1081
-48.7232,73.2087,2.6718
280.7351,-1.8960,0.5409
26.7059,55.9381,1.2463
-189.1612,105.0630,3.0624
114.0790,35.9736,1.2532
-7.6155,63.5951,2.3799
-234.8320,114.3028,1.8186
-236.6221,114.6697,2.1228
-50.3569,72.3603,1.1233
26.9371,54.6514,1.5735
-173.6755,99.5578,3.6764
-118.3807,86.8368,1.1447
-182.9463,101.2660,2.4448
-182.7348,101.1987,2.5092
-179.8478,100.4510,2.9020
-191.4523,102.2970,3.1266
-118.7712,86.1097,1.6690
-180.7817,99.5330,2.1741
-183.1322,99.7481,3.7890
-94.5198,79.8865,2.4590
-142.8143,90.4201,2.8911
-177.5913,98.0667,1.9047
-92.8650,79.4010,2.3559
-32.5487,66.0661,2.3222
-173.3193,96.9655,1.7596
-172.7047,96.8217,1.5246
-48.8242,69.3047,1.5047
-118.8104,84.4175,2.5539
-147.4788,90.1800,3.1672
-93.2115,78.2335,1.7551
-92.7615,78.0283,1.4790
-156.6851,91.4198,2.7030
-42.5312,66.7374,1.2909
104.9093,34.3843,1.3236
-168.3181,92.3887,1.5957
-62.4371,69.4617,1.6304
214.4476,10.5080,0.8251
144.6089,25.0081,1.3510
-190.5881,95.6851,1.5562
174.5823,18.6631,0.5960
218.6693,8.9532,0.4965
-181.7634,91.7171,2.8872
173.3289,18.0496,1.1298
-49.7698,63.6178,2.6263
-49.4570,63.3732,2.5052
37.1222,45.3458,0.7858
-53.6407,63.2147,2.8318
38.0443,44.3368,2.0110
-58.8483,63.7748,1.8009
-62.6385,64.4520,2.2303
-64.1337,64.1651,2.7599
-266.2946,104.5615,3.1829
-49.9787,61.2010,1.6638
-126.5532,75.9740,2.0735
-129.3401,76.5122,2.1338
-124.4941,75.4551,2.4530
-195.8141,89.5092,2.1312
-58.8920,62.3175,1.6207
-123.5775,75.1290,2.3882
-264.5492,103.0570,2.5060
-268.1524,103.7521,2.5034
-269.4531,103.8536,2.7176
-210.4591,92.1569,1.9396
49.0992,40.5442,2.0638
-209.9827,91.5478,2.3179
42.6685,41.2565,1.5706
-127.0478,74.0043,2.3859
38.7740,41.5032,0.9552
-191.4435,86.1060,1.4701
46.7978,39.8546,1.3235
-259.1924,98.8217,3.3112
-259.3719,97.7955,3.7044
39.5149,40.2735,2.0424
43.4571,39.3946,1.6999
40.4972,39.9528,1.7320
-193.4865,82.7577,1.8168
-194.8869,82.9744,2.1782
-100.8345,65.3224,2.2908
154.0946,17.4864,1.0335
-101.6688,65.2628,2.5446
-65.3433,58.3675,1.6962
-68.4828,58.5428,1.0446
-65.8943,58.0469,1.9256
-67.5781,58.0933,2.4808
-102.1045,64.1881,2.1043
-222.9794,86.0342,3.7957
-69.8159,57.7351,1.9252
-80.2860,59.2279,2.0797
-65.0247,56.1956,1.0640
-249.8626,89.6000,1.8456
-111.7470,64.4553,1.3786
66.2080,31.9596,1.3835
-256.0506,90.0400,3.7852
-253.8859,89.4233,4.0312
-64.3019,55.2097,2.6542
-64.2891,54.2693,2.6706
-198.6255,77.9594,3.2016
-33.4666,48.5443,1.7745
-84.6210,57.5787,1.9131
65.3977,30.7547,2.1151
-237.4722,84.2020,2.3388
62.5127,31.0834,1.6376
56.1097,32.0717,1.7748
64.6199,30.5216,1.2773
68.9029,29.7483,1.8037
-95.2818,57.7974,2.0593
-76.2313,54.3118,1.1707
-67.7847,52.7443,1.5553
-232.6949,81.0602,3.1646
-258.2803,85.1953,3.9687
-79.9957,54.3052,1.3247
-77.3574,53.7784,1.0374
-79.5179,53.8193,1.7344
-83.7474,54.5006,1.7658
-79.5427,53.6530,1.5839
-85.3531,54.5894,2.1059
-94.0720,56.0511,2.5638
-90.9397,55.3268,1.8863
-98.6473,56.5012,2.4854
-70.4872,51.6519,2.1439
-86.4096,54.2452,2.2296
-65.4409,50.5529,2.7302
-65.4222,50.3274,2.4091
-90.1641,54.3071,2.7530
-75.9006,51.2744,2.4987
64.3729,27.7907,0.7669
-78.9024,51.4726,3.0435
-69.4185,49.0453,1.1997
-58.3666,47.0473,2.0763
-56.6748,46.7672,2.0799
-217.8019,72.9342,1.8256
-73.7028,49.1610,2.9995
83.0837,23.5369,0.6854
83.3492,23.3316,1.2113
-82.4892,50.2633,2.6977
-70.0514,48.0511,1.6934
168.3968,8.9023,1.2633
-83.5621,48.9497,1.0834
-220.3436,70.7011,1.4450
-91.3160,49.9917,2.8990
-24.3074,39.2429,1.2002
-58.4071,44.3890,2.6308
94.3843,20.1678,0.8968
-223.7772,70.3833,3.0493
91.9378,20.3316,1.2901
-280.2419,78.5495,4.0400
-91.0351,48.8678,1.3764
-88.7671,48.1516,1.1481
86.0917,20.7980,1.4141
3.6895,33.5342,1.9180
-66.6029,44.0629,2.6984
80.1947,21.3402,1.8105
-219.9044,67.6541,2.1286
-220.2682,67.4101,2.2431
-181.8251,60.9509,3.0123
98.9590,17.9574,0.7620
211.5929,0.6562,1.0854
-220.0378,66.0567,3.9319
-224.7289,66.6175,1.9059
-191.4671,61.3582,1.4738
-65.5345,42.1609,1.9852
-184.9260,59.6798,2.3766
-195.1583,60.4112,3.7800
-193.0334,59.3671,3.0400
-224.1197,63.6672,2.4854
-190.3632,58.2343,1.7989
4.5439,29.6046,1.7130
-189.8094,57.8796,1.9735
78.0912,18.8407,1.4890
-218.7229,61.5198,2.4858
-212.8497,60.5462,1.3677
-227.2142,62.5989,2.6887
-214.9543,60.6111,1.4208
-198.7576,58.1786,3.6445
-229.3705,62.2280,1.5524
-216.8280,60.2242,2.5043
-195.8538,57.2192,2.1810
-233.1122,62.5045,1.5975
-198.4868,57.4063,2.8963
-215.8049,59.7648,1.4458
-211.2888,59.0768,1.8088
-214.1126,59.1297,1.4040
-239.6673,62.6474,2.9182
-223.2178,60.1041,2.3024
-220.5222,59.6559,1.8514
-234.2612,61.5460,1.5053
-7.2427,29.4131,1.9787
-232.3378,61.0873,2.1972
166.2474,4.9643,0.6091
169.5153,4.4676,0.6480
168.8209,4.4594,0.5084
-189.8617,54.2657,2.4167
-231.8849,60.0302,2.0557
166.4697,4.4020,0.5607
-224.6270,58.1813,1.8256
-231.9715,59.1152,2.7851
-268.4219,63.7718,4.2548
-232.8350,58.5257,3.5074
-218.5457,56.3567,1.4439
-230.4875,57.9174,2.5778
-222.2362,56.6239,3.4976
-238.2229,58.7510,2.9193
-222.7795,56.6093,4.0228
-228.4803,57.3711,3.0506
-227.5437,57.0755,1.9072
-230.1610,57.0391,2.8830
-228.3402,56.5176,2.1965
-192.3759,51.1642,2.3253
-199.7534,52.1105,2.3777
-195.1550,51.4947,2.5053
-195.9245,51.5276,2.6157
-89.0353,37.0499,2.0317
-89.2993,36.8256,1.9741
-230.3649,55.1998,2.0647
-194.3472,50.4489,1.9807
-189.0901,49.5092,1.8487
-194.1049,50.0418,3.3834
-91.1895,36.3608,2.7893
-215.6458,52.0791,3.6339
-267.5803,58.7937,3.4220
99.9766,10.8512,1.4820
-222.4348,51.8214,2.0760
-269.0079,57.7511,1.7741
-281.2951,58.7148,4.0314
115.0786,8.2774,1.1557
-149.8164,41.6726,2.3996
-217.4090,50.1261,3.4449
-151.1851,41.7001,2.4802
-269.0339,56.4646,1.8828
-219.2391,50.0071,1.8875
-152.3499,41.6055,1.6910
-142.5663,40.3531,2.4618
-218.1664,49.7265,2.3556
-208.6641,48.4700,3.3230
-219.4697,49.3400,2.8664
-231.3525,50.7840,2.3821
-231.3062,50.7402,2.3386
-208.0877,47.0453,2.0922
-214.5280,47.7872,2.0612
-219.2996,48.3680,3.6641
-258.3569,52.6581,1.8546
-239.0131,49.9003,3.2007
-279.6677,54.7834,4.2971
-183.6003,43.1109,3.1512
-216.9102,46.9449,1.4035
-196.2151,44.1633,2.6988
-278.8494,53.8043,3.3001
-250.4774,50.1866,3.1339
-248.6460,49.7981,3.0931
-276.1866,53.0346,4.2405
-249.6244,49.8304,2.8578
-223.7683,46.5698,2.2108
-215.9951,45.6322,2.7072
-218.4433,45.8764,1.5432
-216.9486,45.4152,1.9911
-216.6625,45.3378,1.3338
45.3437,14.2295,1.5650
-219.0385,45.2903,2.1510
-143.2195,36.0286,2.1537
-155.7992,37.3231,3.4389
-140.4588,35.2800,2.2757
-143.0618,35.3104,1.8947
-142.0647,35.1925,2.2894
-145.7366,35.5971,2.2961
210.7947,-5.7133,1.1571
-199.4321,41.7613,1.6578
-199.5586,41.6476,1.7198
-148.8553,35.5601,3.3523
-144.7431,35.0452,3.1820
-148.0151,35.2295,2.8812
-277.7715,49.6931,1.7923
259.9706,-11.8269,0.7044
-65.1488,24.2072,2.8419
-95.1305,27.5349,3.1681
-69.3312,24.6079,2.8252
-154.2155,33.7658,3.1662
-165.2833,34.9861,2.1738
261.4317,-12.2373,0.5186
-96.7458,26.4856,1.2904
-163.0615,33.4560,1.2411
-159.9770,32.5255,2.0761
48.4824,10.0822,1.3559
91.7653,5.0694,0.9498
-235.9632,39.6378,4.0396
-65.2566,21.5532,1.9617
-235.6923,39.3584,2.4993
-237.3459,39.3740,2.4836
-163.0029,31.4423,1.9202
-233.9108,38.6930,3.1930
-239.4985,39.1063,3.8144
-157.4512,30.3195,2.3002
46.2710,9.1758,1.2197
-99.1967,24.1731,2.9417
-147.9062,29.0212,1.9735
-231.1700,37.4174,2.9252
62.4374,7.1922,1.3284
-158.0168,29.3778,1.7936
-235.3386,36.6470,2.3486
-80.3349,20.7243,2.5448
-40.1940,15.7307,1.0201
-239.8301,34.2163,3.3234
-57.8341,16.2735,2.7516
-60.7851,16.2550,2.8285
-138.2303,23.2687,1.8637
46.0253,5.9152,1.1600
-95.1540,19.0572,3.0804
-103.1698,18.6188,2.5517
-193.9470,24.6121,2.7326
-165.8130,21.6776,2.4280
-155.9265,20.7787,1.7535
-108.6771,16.3499,3.0877
-106.6092,16.0092,2.3490
-104.0239,15.6431,2.5033
-100.7869,15.3198,2.4015
-102.1804,15.4131,2.6300
201.5231,-10.4017,0.4915
-106.2005,15.5660,1.5597
-66.9569,12.0730,1.8626
-213.3540,24.3611,3.1829
-163.2952,19.6100,1.6697
-140.6237,16.5464,3.3333
-145.8505,16.8317,3.4605
-34.5733,7.7336,2.0166
-103.2213,13.2186,1.8365
-32.4143,7.1700,1.9968
-33.2275,7.1484,1.7362
41.3550,1.2210,1.1657
-24.9126,5.9917,1.0403
-167.2000,16.9557,1.8982
-249.7379,22.7796,2.5005
-196.0528,18.5416,2.9480
-110.3726,11.2690,1.7789
-103.3921,10.3252,3.1745
-156.6595,13.3901,3.2641
42.1787,-2.1712,1.9439
-41.8575,2.8431,2.5765
-260.8554,16.8277,3.0419
-269.9137,17.1221,1.8397
-35.1410,1.5430,2.2893
-238.7057,14.7716,3.5730
-268.4495,16.3866,3.6928
-269.4693,15.9604,2.0360
-97.3100,4.8432,2.8076
-275.8261,16.0898,1.5386
-262.2905,15.2266,1.7511
-265.4528,15.2512,1.5743
-268.5383,15.3512,1.8399
-261.7849,14.8757,1.9502
-100.1874,4.5854,1.2986
-166.0236,8.4299,1.4654
-258.4645,14.1728,2.1266
-118.8703,5.2903,2.3672
-262.7371,13.7835,2.4343
-121.9275,4.0344,2.0527
-267.8619,11.9770,3.0546
-187.7948,6.8132,2.3354
-98.6080,1.3677,2.9211
-97.3098,1.0039,2.0491
-268.9817,8.8519,3.2838
-270.0455,8.6276,4.0613
-1.8655,-5.8968,2.3449
-269.3718,7.3270,4.0568
-266.0906,7.1101,3.9918
-0.7292,-6.5665,1.1829
178.0282,-15.6540,0.8432
-101.1632,-1.7407,2.7311
-102.6767,-1.6907,2.7434
-134.3969,-0.5978,2.4239
-206.5172,2.6866,3.4647
-94.9798,-3.3830,2.1694
-253.3285,3.9359,2.5275
33.0622,-10.3442,0.8188
-248.7533,2.1394,3.9116
-209.6613,0.2655,3.8773
-266.2813,2.4496,3.7061
-261.2314,2.2115,3.7488
-261.8004,2.1999,2.8308
-260.8436,2.1379,1.8039
-260.1274,2.0590,2.4281
-251.0695,1.3279,2.0653
-269.3235,2.0594,2.6058
-267.7156,1.9119,3.0799
-209.8679,-1.0749,1.5036
-204.0805,-1.4113,2.8109
5.2987,-10.3913,1.8377
-210.0618,-2.3973,3.3095
-253.8440,-1.1197,2.7050
178.1864,-17.9744,0.9058
40.7318,-12.6995,1.9556
-213.9707,-2.8825,3.7755
-212.0101,-3.0152,3.8871
-206.3998,-3.2709,2.9403
-210.9872,-4.2857,1.9027
-254.0476,-2.7187,3.9651
-213.0537,-4.2661,3.4300
-48.9248,-10.4993,2.5271
-209.3919,-4.8991,2.7323
-208.9186,-5.1359,2.6110
-219.2058,-4.8961,2.5824
38.6044,-13.9381,1.0256
18.3813,-13.2468,1.6604
10.6002,-13.0311,1.2345
-211.6824,-5.4482,2.6594
-92.0140,-9.8316,1.6829
-212.5143,-6.6257,2.6076
31.4776,-14.6033,2.2303
-247.9431,-6.0284,2.5987
-113.3077,-10.3664,2.3061
-109.4299,-11.2321,3.1992
-214.2712,-9.2118,3.4500
-112.8258,-12.2494,2.0017
175.2712,-20.3534,1.2186
-110.4188,-13.5373,2.1251
-121.2264,-13.5756,1.2803
-112.5854,-14.1640,1.5027
-109.5979,-14.2485,1.5176
-108.9774,-14.7205,2.8004
-108.2604,-15.0557,1.2567
-216.0697,-12.7281,2.0462
-111.4448,-15.4021,3.2200
19.6446,-18.3954,2.1845
-109.6836,-15.9171,2.7434
-108.8389,-16.5390,1.5054
-111.0078,-16.6834,2.1913
93.9735,-20.5655,1.8919
27.8913,-19.7358,1.3761
31.8705,-19.9397,1.3051
36.3042,-20.0996,1.2203
35.4278,-20.2613,1.3301
-232.8331,-15.9263,3.9639
-48.0481,-19.1980,1.2479
-113.5822,-18.8230,1.1407
9.0307,-20.6949,2.4533
-221.9300,-17.4729,1.4913
-50.2022,-20.0814,1.2492
-217.8125,-17.9408,2.6391
-233.5894,-17.9623,3.0577
-208.5221,-18.4160,2.5905
-219.9081,-18.4024,3.0193
-224.8920,-18.4613,3.0323
-228.6503,-18.4572,3.4056
-230.3150,-18.4481,2.8742
-224.6102,-18.5884,1.8527
-223.5739,-18.6200,1.8648
-234.8403,-18.5709,1.9718
-225.7194,-18.7040,1.4243
-234.1168,-18.6481,1.4240
-216.2442,-18.8673,1.5708
-224.5821,-18.8345,3.0147
-221.0293,-18.9193,3.1046
-231.8310,-19.1142,1.9450
-213.7182,-19.4349,1.4614
-230.7924,-19.4449,2.9033
-108.5667,-20.7953,1.1384
-231.6584,-19.4875,2.8746
-231.5192,-19.5073,2.9012
-110.1573,-20.9296,1.0904
-110.7536,-20.9529,1.0903
-232.3220,-19.9195,2.8941
-112.6568,-21.2659,2.5948
-109.0863,-21.3338,1.8090
-224.6931,-20.2331,2.8847
-240.8997,-20.1501,2.9917
-113.2340,-21.3821,2.5907
-114.1038,-21.6204,1.8000
39.8369,-23.0769,0.8793
-239.0377,-20.6743,2.5093
-115.5025,-21.9830,3.0904
-237.8330,-21.0618,2.2332
-112.7547,-22.0990,2.3223
-102.9898,-22.2341,1.9526
-238.7618,-21.1945,3.7060
-8.4865,-23.2503,2.4238
-223.9663,-21.9017,2.9104
-271.3135,-21.7581,4.1446
-231.9369,-22.2472,3.3334
-272.4064,-22.0810,3.9435
-272.1151,-22.3812,3.5479
-200.7892,-22.8382,2.5152
-201.1854,-23.2027,2.6833
-198.9595,-23.4213,1.7656
-115.0185,-23.8422,2.5816
-106.4207,-24.2552,1.4729
-200.0769,-23.9060,2.5764
-234.1541,-24.3280,2.3591
-199.7756,-24.4818,2.3164
-112.9609,-25.1999,2.9958
42.4827,-25.7983,1.9682
-8.6868,-26.6633,0.9254
19.6514,-26.8035,1.9212
-115.2375,-27.5951,2.0122
39.5822,-27.2522,1.4025
-282.0455,-28.6419,3.8277
-73.1449,-28.5974,1.6683
-75.0746,-28.6131,1.6787
-98.4831,-29.2833,2.9771
-99.7546,-29.3656,3.0347
216.7228,-27.2792,1.0327
-95.0688,-29.7369,1.5408
-99.5275,-29.9631,3.1318
-225.0194,-31.1586,2.8883
-97.4338,-30.1577,1.8551
-224.1544,-31.4440,3.5551
-230.0925,-31.9229,2.9247
-228.9084,-32.3460,1.7549
-228.4778,-32.3477,2.2951
-95.5792,-31.0555,1.2168
-71.3665,-31.5694,2.9127
35.2104,-30.3697,2.2576
-72.8087,-31.9211,2.7331
30.0180,-30.7314,0.8805
-7.2270,-31.5548,2.1969
9.1290,-32.4643,2.0190
11.0516,-32.5669,2.1916
-226.4324,-36.6581,2.0211
16.1468,-32.5053,2.1496
-92.2372,-34.7021,1.9748
-40.4507,-34.2850,2.3517
-77.4659,-35.5670,2.7214
-73.9738,-35.9908,2.5040
-82.8736,-36.4222,2.9811
-38.6397,-35.4709,2.3111
-90.0652,-36.6058,1.3543
-94.4938,-36.7251,1.5059
-86.0444,-36.5594,2.6043
14.8691,-34.4671,2.3683
-201.3261,-39.4554,2.4491
-75.7730,-36.8005,2.4994
-97.4116,-37.4233,2.7826
-127.7194,-38.3242,1.9505
-223.2033,-40.6176,3.1501
-37.4217,-36.3302,1.1911
-81.8338,-37.5692,2.2128
-89.3513,-37.9638,1.1480
-84.2836,-38.4695,1.5803
-228.3948,-43.3376,3.3172
-86.2772,-40.7031,1.3430
-86.6362,-40.8274,1.0402
-136.5779,-42.4103,1.4309
-158.8496,-43.1895,3.2842
-204.2117,-45.0547,1.8057
-199.2046,-46.0584,1.8366
-205.3155,-47.2412,1.9513
-152.2382,-45.5814,2.9999
-169.1933,-46.3802,1.8193
-173.6056,-46.9544,2.5488
233.7258,-31.8118,0.3654
-60.4703,-43.0348,1.6542
-50.9975,-42.8349,1.5758
-170.1323,-47.3872,1.9860
-173.3131,-47.5178,2.5665
-51.1208,-43.6634,2.2356
-74.8976,-45.5579,2.5195
-72.5447,-45.5432,1.6191
-75.6315,-45.7024,1.6381
-170.8300,-50.0378,1.8413
-172.9471,-50.1358,1.8345
-211.3045,-52.1719,1.3113
-51.5026,-45.4831,1.6676
-200.5713,-52.1869,3.4615
-74.4726,-46.7770,2.1715
-198.2116,-52.5890,3.1401
-63.3960,-46.9611,1.6744
-66.8807,-47.1768,1.6784
-213.6189,-54.0903,2.2239
-68.0807,-47.3936,1.8747
29.1933,-42.8772,2.3154
34.8886,-42.6505,0.9648
-213.6502,-54.4132,3.9045
24.6387,-43.3072,1.4710
11.1530,-44.1834,1.6240
102.8790,-40.0493,0.9184
41.3694,-43.1268,1.3848
-205.0293,-55.6462,2.7477
-205.3418,-55.8909,3.0684
34.9111,-43.8296,1.4079
25.7982,-44.3043,0.8322
-208.8905,-56.2484,3.6036
12.8167,-45.1710,1.7737
26.6258,-44.7419,1.5070
12.7776,-45.9229,1.4255
-202.3799,-57.4028,1.8175
-22.8457,-48.3746,1.0466
12.8372,-46.4587,1.0799
14.0636,-46.4235,1.0300
11.3496,-46.6362,1.8655
12.7532,-46.7288,1.2680
-138.3691,-55.6051,3.3922
-276.0653,-63.4066,2.9031
-50.4285,-50.9953,1.9724
-202.0513,-60.2667,2.2324
-51.0871,-51.6848,1.8756
-185.1678,-59.6423,2.0961
12.9547,-48.1000,1.9091
14.7287,-47.9972,1.9131
12.3318,-48.2205,1.8398
49.7950,-46.2755,1.1587
-140.0705,-58.0061,2.9892
-191.5711,-61.6539,3.3856
-273.4732,-66.9135,3.3195
-189.1539,-62.0062,2.0966
-188.6362,-62.1077,2.2771
-186.9914,-63.0294,1.2667
-223.5306,-65.6754,2.1817
-41.2380,-54.0477,2.7750
-201.3545,-64.8414,3.7380
-40.9869,-54.3700,2.5525
-195.5421,-64.6807,3.7611
-279.1237,-72.0465,1.7674
-234.9426,-69.3140,3.4017
-235.3059,-69.8468,3.0160
60.2768,-49.4052,1.8466
10.1477,-53.9079,1.4254
-34.3666,-58.1391,2.5748
-112.2799,-64.2577,2.3900
59.2238,-51.2212,1.0004
-281.2552,-77.6860,1.5211
45.4241,-52.5052,1.2840
-158.8050,-69.8684,2.4463
-168.3802,-70.7357,1.6285
-167.1742,-71.5876,1.7921
-155.0906,-71.4661,1.3386
-175.2335,-73.9982,2.8037
-155.9953,-72.5098,2.1312
-153.1297,-72.3046,2.1549
-170.4942,-73.8300,2.9944
12.6354,-58.4084,2.4477
-109.3190,-69.2454,1.1133
-190.2844,-76.4263,3.4228
-132.6310,-71.4649,2.6032
-158.2239,-73.8139,1.4153
-162.0352,-74.2636,1.3437
-109.0578,-69.6618,1.5034
-161.2448,-74.2675,1.8322
12.8883,-59.0306,1.8882
-109.8192,-70.7320,3.0339
-88.6759,-68.9151,2.2460
-191.8162,-79.0809,1.7593
-188.9360,-78.8548,1.7351
-86.9542,-70.4156,2.2780
-191.0219,-81.4289,1.3488
-102.0578,-73.0707,1.4004
27.5484,-61.5120,1.9798
-150.6398,-79.5660,2.8080
-151.0354,-80.7264,2.6440
-149.9464,-81.0306,2.4816
-203.8248,-86.6193,2.3785
-102.0433,-76.2649,1.1437
-226.1386,-89.1489,3.0828
-234.2152,-90.1794,1.4021
-150.4158,-82.6164,1.5045
29.8528,-63.8980,1.0318
-149.2333,-83.1652,1.5601
58.3028,-61.2669,1.6111
276.2040,-37.9784,0.2974
8.2532,-67.1522,2.1867
-130.7670,-84.2606,2.5668
-134.5015,-85.3329,1.8505
-132.4318,-85.2298,1.9883
-95.5068,-81.5826,2.2889
-100.2655,-82.2239,2.2480
24.7068,-68.2757,2.0085
-135.4380,-86.9497,1.2875
-148.3331,-90.0470,2.2505
-260.0469,-103.6223,4.1197
-260.6689,-104.0525,3.6014
-82.2756,-83.2685,2.1049
-163.9104,-93.3536,3.3193
-99.2035,-85.5307,2.7614
-82.3061,-83.5523,1.7609
-151.8979,-92.3244,2.9594
-162.5385,-93.6459,1.5680
-81.1587,-83.7062,2.7255
-165.7922,-94.2912,3.0377
-118.6654,-88.7449,1.6611
-100.3359,-86.5379,2.7831
-123.0955,-89.4629,2.0555
-126.0090,-90.2455,1.5283
-122.4578,-89.8911,1.6092
-120.9222,-89.8485,1.7814
-123.7638,-90.4178,1.2205
-121.7771,-90.3708,1.5064
-118.9647,-90.5629,1.7809
-161.4346,-96.1731,1.6415
-117.5247,-90.6944,3.0222
-239.9309,-106.8884,1.5276
-29.8663,-79.8340,2.7308
-117.9402,-91.1968,2.7257
-241.3830,-107.6679,2.7003
-118.5282,-91.9095,2.5702
-31.9281,-80.7217,1.0338
-112.6240,-91.5102,2.9844
-245.9383,-109.1988,3.5708
27.0688,-73.9526,0.9824
-115.3288,-92.9216,1.6921
-245.4805,-110.2465,2.7043
-238.4656,-109.7351,3.5756
-236.8288,-110.9445,2.0242
197.0282,-51.9508,0.8805
-238.7093,-111.3449,2.7739
-238.2452,-111.4548,1.7683
-238.3116,-111.5126,1.9279
-36.4355,-83.9682,2.1905
-238.7661,-111.6255,2.5684
-106.9132,-93.9549,2.6781
-233.6788,-111.4877,1.7709
-141.8244,-98.8585,2.5460
-148.8761,-99.9706,3.3272
-235.8710,-111.9870,1.6267
-230.8988,-111.3829,1.4938
-226.0153,-110.7678,1.4300
-240.9828,-113.0351,1.7244
-242.8408,-113.2969,1.6888
-235.8140,-112.3430,2.2637
-237.5931,-112.5956,1.8590
-243.2991,-113.8040,1.5382
-243.0472,-113.9612,1.5294
-137.8312,-99.4211,1.5832
-235.4194,-113.1977,1.7864
-105.0918,-96.1031,2.9673
-170.3584,-105.5309,3.0223
-170.9484,-106.1070,3.0052
31.2078,-77.3334,1.4894
-26.2928,-86.3580,2.5601
48.9036,-76.7210,1.6267
-125.5356,-103.8364,3.3707
-250.4672,-122.7953,2.9120
-258.8941,-126.5452,1.6757
-260.0121,-128.7499,1.9463
-243.6643,-126.6113,3.3105
-109.4288,-108.2930,1.3186
-17.7189,-93.8497,0.9900
-143.4045,-116.4146,2.2696
287.8031,-43.1650,0.6423
-151.2932,-118.9912,3.3378
-104.0536,-113.5700,2.1436
-105.3937,-113.8456,1.3309
-105.0278,-113.7845,1.3886
-147.5065,-121.3893,3.3583
-105.7577,-114.2766,2.1626
70.8688,-83.4614,1.7898
-103.4166,-115.2753,2.2806
-151.5268,-124.4346,1.9214
-144.9888,-126.2427,1.2762
-144.6257,-126.4389,1.8359
-11.3573,-101.5576,1.8705
-15.6183,-102.3706,1.8166
-153.3784,-129.2433,1.7680
-147.3379,-128.1071,1.7863
-141.8182,-127.1148,2.9158
-17.2164,-103.4154,2.5877
-139.2806,-126.9541,2.9537
-139.8812,-127.1072,3.1288
-148.9817,-130.8679,1.4347
-151.2623,-131.4219,1.3195
24.2834,-98.7247,1.5668
169.6668,-69.8963,1.1153
-221.0736,-149.2333,3.9026
-161.5829,-137.3072,2.4090
-165.7679,-138.7783,1.4016
20.3699,-100.9120,1.1461
25.1237,-100.2926,1.5794
-152.0157,-136.8994,2.4743
-175.2249,-141.9079,2.2174
68.3594,-91.7728,0.7318
-154.5815,-138.0725,2.6996
-12.2705,-108.9870,2.1973
-22.9538,-111.3504,1.0860
3.4986,-105.8598,1.8369
-160.1241,-140.0229,2.5580
-10.7823,-108.9461,1.0796
-11.3823,-109.1684,2.2524
1.5975,-106.5104,2.2949
-0.9839,-107.1312,1.5102
-201.2850,-148.9676,1.9503
-155.6954,-139.4741,2.3560
-216.4215,-152.3839,3.2696
-214.2389,-152.1931,2.7748
-18.8640,-111.3079,2.3916
-9.4637,-109.3582,1.2848
-0.0975,-107.6706,0.8897
-170.6107,-143.7463,2.6382
-237.1033,-159.0914,3.4471
21.0043,-105.1265,2.0240
-229.2700,-159.2192,2.2401
-165.9529,-146.1219,3.0100
-235.4781,-161.5148,3.4381
26.4078,-104.8555,1.8575
-99.7830,-133.2787,2.0507
-94.9353,-132.3105,1.9856
-185.4787,-152.6563,2.4614
176.8739,-72.6040,1.3079
-83.3319,-130.2321,2.2401
27.8269,-105.8877,1.5352
28.9058,-105.6715,1.9603
-238.5962,-165.2086,2.9974
-240.0635,-166.0400,3.0596
26.5674,-106.5426,1.2640
-34.9058,-120.3032,1.6775
28.4869,-106.1817,1.3583
-186.1644,-154.1703,3.5107
-167.1226,-149.9603,1.8842
-37.8518,-121.1370,2.5223
184.2826,-71.4778,0.8315
-37.9901,-121.3065,2.0094
16.4984,-109.1411,1.0651
-183.6862,-154.6542,3.3420
-237.2304,-167.1542,1.9616
-98.9039,-136.7937,1.6073
15.3004,-111.9543,1.8479
11.9781,-113.1448,1.8414
-39.0887,-125.6063,2.3559
75.9475,-98.7632,1.2890
-84.9167,-136.4110,2.8326
74.9527,-99.2758,1.3214
22.8605,-111.8375,1.7061
74.1871,-99.8961,1.4896
-185.0489,-162.3629,3.4161
-184.9161,-163.1938,2.4141
27.1227,-112.4952,1.3112
-183.9094,-164.4340,1.5705
-185.7225,-165.0609,2.0320
-185.1580,-165.7373,1.3532
-185.7215,-166.2549,1.4417
182.1871,-76.2606,0.9557
184.4832,-75.7819,1.0677
181.6799,-76.6162,0.9112
-221.7204,-176.3349,1.5569
-166.8354,-163.0881,1.2480
-83.9218,-142.7882,1.4803
-218.2225,-176.8181,3.0283
-6.7073,-124.2424,0.9880
-218.2357,-177.0991,2.9408
-42.3813,-133.6488,2.1836
116.8957,-94.3971,0.9154
-194.2077,-175.9085,2.9502
27.6433,-119.1223,1.9726
87.2870,-104.4932,1.1697
-194.9797,-178.3214,3.5831
-189.8523,-178.6244,2.5566
-220.1622,-187.1194,3.6450
22.0127,-123.1823,1.3663
-183.7290,-178.2474,3.8033
-188.0426,-179.6956,2.3807
-183.5952,-178.5184,2.3620
-183.1779,-180.5119,2.3507
-183.9787,-180.7974,2.7418
-186.7575,-181.6755,2.6853
-176.0376,-178.8076,1.7373
-217.0818,-190.1354,2.6835
21.3568,-125.8942,1.6932
-213.9472,-190.1637,2.9328
-215.5932,-190.7142,3.4349
-216.1535,-190.9595,3.4833
-84.0459,-154.9939,2.1912
-218.4093,-192.0889,4.0906
-94.4183,-158.3277,1.0940
-180.8800,-182.2968,2.7256
-166.9780,-178.7567,1.7427
-179.5291,-183.3249,3.4102
-183.6426,-184.5659,3.4662
-187.8798,-186.0718,3.3029
89.8757,-108.9202,1.5551
92.5494,-108.2289,1.5531
91.1780,-108.6491,1.3104
90.0907,-108.9758,1.3209
91.9204,-108.6961,1.8460
33.3828,-125.1150,2.3743
89.0000,-109.6642,1.9297
31.6357,-127.5052,1.7363
-209.8720,-196.6664,1.4642
20.1718,-131.6675,1.8936
-209.0314,-197.9745,2.1017
-17.1657,-143.4628,1.7129
21.9997,-133.1235,1.9182
19.6653,-133.8251,1.8380
14.8484,-136.0622,2.3574
-6.5848,-142.5054,2.4881
-6.5566,-142.6568,1.5668
-5.5642,-142.5202,2.4803
16.8011,-136.2327,1.1558
18.2203,-136.0557,0.8978
-10.8772,-144.7859,2.2990
-8.7009,-144.1399,1.9946
-9.7916,-144.4697,2.2897
-15.5861,-146.2895,2.4049
-11.1161,-145.2580,1.2670
-3.9928,-143.7706,2.0419
26.9926,-135.3598,0.9368
-24.4562,-151.2904,2.3637
-162.8574,-193.5646,1.7939
35.7231,-133.7427,1.4390
36.3951,-133.7137,1.2623
-163.9265,-195.9762,3.3873
36.8266,-134.2251,1.4251
31.5676,-135.9254,1.1866
23.0594,-138.6820,1.2882
24.1982,-138.6551,1.5872
34.4864,-135.5185,1.9979
-34.8254,-157.1612,2.8424
-36.4793,-157.7775,2.6941
25.9719,-139.2081,2.0790
26.1002,-139.2087,2.0570
25.2055,-139.6345,1.9765
39.5142,-135.2566,1.9745
118.6323,-111.4384,1.4941
-29.4577,-159.0242,1.4980
-194.1850,-211.7377,1.8218
-27.1516,-158.4668,1.3733
28.6867,-140.6245,0.8360
-28.7407,-159.0451,1.1596
-21.7352,-156.9342,0.9510
-24.6456,-157.8673,2.5655
-27.3715,-159.3321,2.0451
114.4198,-114.0222,0.7466
35.6198,-139.9962,1.1962
29.3334,-142.8385,1.8374
23.2419,-145.6369,1.2678
-160.4136,-206.2254,2.3605
76.5386,-128.8093,0.7822
-40.8210,-168.1716,0.9915
33.4211,-143.9028,0.9412
114.9392,-116.8477,1.6019
39.4078,-142.2902,1.6643
35.7164,-144.1485,2.0221
34.5241,-144.6618,2.1059
35.7285,-144.6355,1.9463
102.8676,-122.5253,0.8037
-102.2180,-192.6825,2.1249
33.1522,-147.7672,1.0250
35.7743,-147.5101,2.0019
-100.6878,-194.9984,2.5687
38.5096,-147.2282,1.3978
38.2003,-147.3663,2.0023
-42.5353,-175.5486,1.7231
34.1605,-148.9265,2.1194
-99.8114,-195.6263,2.5561
-85.3014,-191.0447,1.8151
-76.5958,-188.4970,2.0480
184.0017,-97.8395,1.3151
35.4104,-150.8407,2.3064
10.1317,-159.9326,1.0085
35.8063,-150.9329,2.1249
36.9984,-150.5200,2.1246
74.0307,-137.4934,2.0232
53.7913,-144.7947,2.2697
-167.6571,-224.5728,1.5320
-77.8670,-192.8866,3.0953
-98.0461,-200.6952,3.2753
57.1626,-144.9664,1.8789
34.9517,-153.1170,1.0898
36.8845,-152.4476,1.0969
35.9334,-153.1640,1.7498
161.3381,-107.8096,0.7611
-96.3721,-201.2709,1.2339
-97.1936,-201.8010,2.2270
-92.7459,-200.1958,1.1516
-96.5340,-201.9587,2.4581
-93.9636,-201.5217,1.2868
-94.8382,-202.3510,1.7221
-116.5214,-210.4056,2.5680
-104.3575,-206.1800,1.8015
-95.0064,-203.3029,3.0224
34.6399,-157.2752,1.3175
-93.1147,-204.9368,3.2592
246.7258,-78.4031,0.5625
244.3619,-79.3483,0.3704
-74.0199,-198.6815,1.4040
-80.7159,-201.9110,2.1670
-76.7630,-200.6013,1.8560
-77.0714,-200.8707,1.3111
-83.9495,-203.7239,1.9188
-75.9046,-200.7157,1.3499
-77.7813,-201.5250,1.4953
-99.6686,-209.7992,1.3895
109.9406,-130.7834,1.2170
-73.6663,-200.1607,1.3342
-72.1310,-199.6540,2.6684
-80.7859,-202.9679,1.8295
-79.2202,-202.5003,1.7093
-85.2334,-204.8383,2.0778
-77.4633,-201.9477,1.2072
-85.4661,-205.0932,2.0421
-90.9835,-207.1915,1.5095
-82.1960,-203.9130,3.0389
-80.2295,-203.6108,2.2825
-96.4242,-210.3173,2.6356
-32.2253,-185.9116,2.3336
-78.8617,-204.3718,3.2496
134.2838,-123.1263,1.5882
-86.4349,-208.3798,2.6943
-74.3598,-203.8737,2.1273
-80.1515,-206.3537,2.8156
-90.6466,-210.7450,1.1926
54.7984,-154.5421,2.1869
-90.0617,-210.5588,3.0694
-71.5609,-203.4961,3.1854
-93.2280,-211.9001,2.9414
-78.7772,-206.3790,2.5640
-79.0274,-206.5167,3.2293
-79.6718,-206.8037,3.2416
-89.8806,-210.9922,2.0591
129.2294,-126.4728,0.8495
33.3190,-164.6250,2.0302
34.9156,-164.3247,1.1951
25.4407,-168.3256,1.5600
-87.8317,-213.0193,2.3270
38.8064,-163.4931,1.1775
47.9059,-159.9739,1.2444
53.6553,-157.7564,0.8953
34.0626,-165.6238,1.3926
19.8711,-171.3305,1.9217
13.9280,-173.7097,1.8847
-28.1397,-190.4615,2.7708
44.8251,-161.5830,1.1699
-55.4648,-201.4435,2.4250
39.8316,-163.7430,1.3514
38.1272,-164.4622,1.0979
32.3934,-166.7781,2.1712
22.5014,-170.7305,1.0731
38.6120,-164.4112,1.7232
41.9033,-163.1874,2.0369
39.5325,-164.2607,2.1554
36.6537,-165.6719,1.5446
-86.2815,-214.6580,3.2989
30.4510,-168.3244,2.4186
33.9764,-167.4101,2.2067
-62.3905,-207.3986,1.2917
-62.4938,-207.5848,1.9798
34.3184,-168.5208,2.1623
40.8997,-166.1499,1.9298
-91.3143,-220.1221,3.0845
-91.6399,-220.3412,2.4866
-87.5011,-218.7623,2.8817
-86.3618,-218.3063,2.8792
-80.0382,-215.8792,2.5482
-86.1625,-218.4311,2.9329
-91.4449,-220.6798,3.3055
42.1187,-166.5042,2.0935
-90.7856,-221.6257,1.4600
-53.7218,-206.6986,1.6816
-58.1625,-209.4675,1.5190
32.8418,-173.7593,1.4490
-16.6841,-194.6683,2.4382
-15.2772,-194.5481,2.3719
-96.6045,-229.4245,2.4363
39.7175,-173.7637,2.3885
-102.7602,-234.4448,2.6713
-96.9685,-233.0213,2.5559
73.0321,-160.3470,2.0022
72.1088,-160.9885,2.0337
-25.8421,-203.0450,1.0330
-27.7177,-203.8776,2.7430
-29.0708,-204.7031,2.7271
42.2558,-174.8244,2.3214
192.8645,-110.6097,0.8021
64.1178,-167.3449,1.1477
65.5353,-166.9486,1.3263
67.3233,-166.1795,1.0904
-109.1333,-244.1114,2.0770
25.3517,-185.5490,1.7886
29.1430,-183.9126,1.4146
18.3058,-188.8069,2.1066
42.9164,-177.9778,2.4151
28.8260,-184.3154,1.8948
33.0753,-182.5118,2.0785
27.4090,-185.1583,1.7573
-16.3188,-204.5581,2.3156
66.5675,-168.0250,0.7646
-15.0537,-204.3632,2.2897
28.4206,-185.2619,2.5664
-21.6231,-207.5405,2.6243
134.8874,-138.3975,1.2639
-45.6844,-220.2483,1.5987
-6.4882,-203.2939,1.4352
65.0157,-171.2092,2.2189
194.9648,-112.7291,1.3531
24.4750,-190.1511,1.5838
45.5388,-180.9968,1.8525
27.4654,-191.2718,2.1232
40.1503,-185.4952,1.1600
27.3758,-191.9082,2.4328
-88.1778,-247.6690,2.7460
82.8401,-168.4743,1.8007
80.6927,-169.5589,1.3977
-29.6561,-222.9614,2.7380
-29.5061,-222.9428,2.8354
73.0790,-174.9474,1.8985
73.3120,-175.1381,1.9277
70.7076,-176.4242,1.7281
96.1877,-167.1511,1.0977
19.9135,-204.3669,0.8943
19.4668,-205.7680,2.2463
96.7941,-168.0785,2.0740
23.9122,-203.8317,1.4010
22.7982,-204.5872,2.3838
73.6394,-179.7355,1.4743
18.0316,-207.1343,0.9036
19.1084,-206.9150,2.1851
12.0987,-210.4750,1.2807
22.9342,-205.3310,1.4604
20.5537,-206.5262,1.1768
21.1751,-206.4607,1.5755
-49.0422,-241.2122,2.9408
18.1906,-208.0846,2.1270
21.2577,-206.8027,1.5410
-97.2373,-265.4839,2.5758
25.7999,-204.7242,2.2428
22.1866,-206.5264,1.8203
22.5985,-206.4273,1.5560
25.8562,-204.9004,1.0405
22.3342,-206.8321,2.4200
22.6953,-206.7729,2.4368
24.1811,-206.1689,1.7033
22.1390,-207.3928,2.4817
18.7354,-209.1333,1.0058
13.5052,-212.0067,2.4415
25.2706,-207.3709,1.6793
26.3779,-207.6767,1.1419
22.6640,-209.6408,2.2517
23.3918,-209.5378,2.6610
30.0359,-206.4775,1.9705
-96.3443,-270.5605,3.4620
29.4261,-207.0066,2.5414
102.0846,-170.6542,1.8193
34.4985,-205.4228,2.1891
103.5703,-171.8038,1.9623
39.2580,-205.1081,1.7439
-66.5228,-261.4561,2.9649
-2.3149,-231.0319,1.3261
-85.9613,-276.7575,1.8028
-81.2851,-275.4476,3.2285
-84.0449,-277.8311,3.1060
-71.5887,-273.3374,1.6560
-79.8378,-277.8029,1.3830
-82.4692,-280.1864,2.5745
105.3483,-180.1176,1.5206
108.8129,-178.9607,0.9024
110.1124,-178.2523,0.7929
-33.9502,-260.6170,2.5291
260.2944,-98.3286,0.8135
253.5474,-102.2444,0.8711
262.4626,-97.3132,0.6040
29.1121,-230.7833,2.2357
262.1340,-97.7496,0.5191
218.1619,-123.1577,0.9087
63.8268,-214.4755,0.8921
55.0170,-223.8903,1.5329
205.1757,-135.5006,0.5333
209.6067,-133.5373,0.5287
206.4761,-136.2980,0.6829
182.3402,-151.5920,1.3969
183.4344,-150.9297,1.4304
65.9449,-224.6663,1.3114
-25.2974,-284.8040,2.9854
184.8991,-153.7598,0.7880
183.2522,-155.2833,0.6049
-25.9278,-289.8890,2.7042
188.9050,-154.2388,0.6843
73.4459,-235.1790,1.9207
97.1863,-220.5004,1.5092
16.1200,-275.2489,1.1824
67.8357,-241.7746,1.1909
12.7140,-279.4603,2.5229
68.0993,-242.0296,1.9728
97.6160,-223.6210,1.3498
189.8802,-160.9755,1.4612
18.8084,-278.1691,1.6260
186.7601,-163.2051,0.6739
199.7126,-154.3822,1.3038
189.7512,-161.3020,0.7925
191.6825,-160.3472,1.1062
115.1864,-213.1444,1.7916
194.2174,-158.9026,1.0544
191.5413,-161.0024,0.7023
7.6895,-288.1456,2.5114
192.4079,-160.5970,0.6510
191.8266,-161.4588,1.5156
72.9120,-245.0483,1.0973
70.4882,-247.8586,1.5877
70.8718,-248.7882,2.4366
21.6005,-286.3989,1.7324
162.7506,-188.2571,1.1275
76.6322,-254.8838,2.2375
76.3406,-255.5112,1.0031
79.7596,-253.4638,1.5470
192.2585,-170.6130,0.6532
79.7687,-258.5481,2.1031
77.3285,-261.2825,1.2742
69.6567,-267.5891,2.2256
190.9116,-175.7755,1.0928
188.9845,-177.5264,1.4571
189.3248,-177.3579,1.5917
186.7478,-179.4346,1.1139
63.4167,-273.8757,1.1267
192.6736,-174.9229,1.2898
189.4052,-177.4700,1.2290
188.3937,-178.3086,1.5238
74.7249,-265.4743,2.3789
188.4265,-178.3783,0.7379
52.6073,-282.5733,2.1924
190.7638,-176.6872,0.8649
188.7314,-178.2656,0.9039
72.6294,-268.3805,1.1955
189.3990,-178.4050,1.3344
193.3995,-175.6383,1.0795
265.6437,-119.8996,0.5714
195.0513,-175.3517,1.0826
67.4260,-276.5402,1.7028
131.3397,-226.9069,1.9173
204.0336,-170.4802,1.4411
107.0087,-247.8521,1.8216
138.0459,-234.8815,1.0914
88.7500,-276.9900,1.2420
202.1378,-194.4539,1.3565
169.8737,-233.3069,1.0143
168.9291,-234.4561,1.4496
169.4879,-234.0286,1.8601
185.7066,222.0381,2.4005
267.4683,114.9311,1.8590
240.0498,146.8684,2.1005
240.7445,146.0221,2.4394
158.0128,242.7516,3.3979
238.9992,144.7412,2.3506
179.3709,211.4888,2.5299
178.0579,210.0080,2.7943
212.8634,168.0046,2.5574
212.0424,168.3562,2.5874
117.9240,267.0576,4.3222
182.6589,196.2595,2.9844
191.3386,186.3682,2.4827
231.9438,140.6369,2.2752
209.5705,160.8366,2.5146
223.4680,145.3649,2.0060
99.7670,260.5362,3.2216
219.1865,139.2526,2.3964
220.6496,137.4329,1.6494
159.3113,197.3791,3.3166
104.6271,249.8752,2.7331
133.7684,216.1906,3.2333
155.3856,194.6806,3.2668
213.1770,137.4414,2.2612
212.7056,136.7435,2.3943
66.9177,272.3627,3.4191
211.7437,137.1909,2.3972
66.3514,272.5536,4.1355
129.1263,214.0295,3.0275
67.1462,271.3171,4.1622
69.7145,267.8959,4.1485
70.0615,266.6347,3.5421
71.6513,264.9546,3.7535
71.4834,264.1885,3.0451
210.1975,136.0691,1.7793
69.4866,264.2071,4.2087
210.9473,129.2216,1.5772
70.0646,246.6759,2.8830
68.1985,246.2065,4.4761
71.9489,238.8464,3.1299
90.4708,221.8561,3.5367
79.1923,231.1811,3.3946
78.8243,230.8992,3.6453
131.3298,186.1271,2.4768
177.4376,146.4620,1.8907
107.6782,203.5150,2.4064
77.0779,226.4377,3.9177
14.7280,277.0292,3.7492
18.0329,271.1919,3.9241
18.1437,270.9635,4.3678
139.8767,172.7366,3.0998
15.6203,269.1455,3.6120
-10.3602,289.3782,4.3090
139.3339,170.3621,2.6077
193.7161,127.1830,1.9696
12.7414,269.5062,3.1251
187.5546,130.9898,2.3067
137.2484,170.5158,3.3261
119.9234,182.3396,2.3983
14.8420,264.2659,4.7481
122.6521,178.8845,2.5565
184.9187,128.9264,1.7603
-3.0600,272.2808,4.0563
58.1513,224.2294,3.5940
181.6403,129.9416,2.3892
-19.5473,282.7677,3.3482
127.2939,171.1999,2.5974
128.0019,170.2863,3.2063
66.9025,216.4389,2.8296
122.5757,173.9346,2.9390
129.0111,169.0270,3.2701
119.9472,175.8401,3.4350
126.7956,170.4892,3.3787
-9.4560,272.5083,3.9376
127.2004,169.5012,2.5766
-3.3733,267.6931,3.2770
55.9776,222.9404,3.3450
127.6084,168.7437,2.8684
-14.8657,275.4146,4.9860
-4.5279,267.0928,3.5337
-21.8703,279.7647,4.7068
51.7784,221.4543,3.9577
61.9739,210.8020,4.0705
50.3351,218.9820,3.6870
51.7795,217.8224,3.7070
48.6727,214.2842,3.2349
49.9945,213.0711,3.5530
11.3477,236.5440,3.0151
16.5757,231.1545,3.2338
15.2913,231.1685,3.9713
15.2982,230.8856,4.2757
16.6125,229.9730,4.3016
74.6668,189.8257,4.1278
153.9860,132.5724,2.5987
154.0397,132.1351,2.4013
276.7534,48.4067,1.0807
85.1960,177.0765,2.7948
148.0048,128.8715,2.6132
152.0796,125.7985,2.1490
57.6295,186.7541,3.4531
-43.2606,250.6274,3.4308
107.0282,153.8753,2.7054
-41.5420,249.0808,3.3898
102.7881,154.9452,3.1844
26.8232,203.2586,4.0810
26.5964,203.2796,4.0177
77.8383,170.5593,3.8220
27.8996,202.2104,4.0080
113.4351,147.7577,3.0070
23.4917,204.1018,3.7956
92.1059,160.1608,3.6668
-42.8707,244.3823,4.3186
77.0876,168.5644,3.2069
-72.1813,261.2439,4.8123
-72.9079,261.6737,3.9070
93.2608,157.4631,2.7467
-74.6119,261.8324,4.3142
92.1913,157.6232,3.3202
92.1921,156.8142,3.2534
-86.0610,267.3411,5.7310
81.0179,163.3301,3.4518
23.8946,195.8076,4.3100
15.2808,199.7249,2.9515
133.7663,120.7688,2.9939
42.6665,172.6689,3.6937
40.5906,173.6795,3.5608
40.8575,173.2404,3.4869
-41.0842,220.0041,4.2928
263.0279,45.0919,1.3699
13.5164,188.2596,3.1699
17.9008,185.2598,4.4214
15.4097,185.5507,4.1192
-6.5102,197.3200,3.6543
-117.3370,259.3707,5.6001
216.4847,70.0011,1.9085
213.1938,71.4688,1.8456
204.5646,75.9412,1.9984
214.5477,69.8237,1.3466
16.2849,179.7527,2.8331
207.4837,73.1596,1.8191
210.3545,71.4770,1.6788
14.7666,179.2133,4.1043
127.3760,116.9566,2.8027
-12.5921,192.9216,4.6397
260.9651,42.8777,1.1912
-1.6329,185.7415,3.0609
-8.0291,187.7998,4.1212
0.4478,182.1431,3.0106
3.0159,179.9027,4.6927
5.9173,178.2991,4.3974
62.9405,147.5548,3.3276
-8.6424,185.5927,4.3103
-17.0075,189.8618,3.1850
-5.1411,183.5011,3.6597
-5.0632,183.3611,4.6099
-16.5388,189.4912,3.1683
-11.1383,186.3591,3.0020
139.4520,105.9491,2.1903
-7.1544,184.0072,4.7892
0.8850,179.6073,3.9108
-7.8180,184.1538,4.0452
-4.8240,182.2184,3.2632
-4.8435,182.2124,4.6691
-21.1532,190.7871,4.5280
-6.2046,182.6889,3.4591
4.5276,176.9476,3.8170
0.7765,178.6371,4.3782
-142.9871,253.9141,4.6171
-4.4219,180.6630,4.6321
-142.6352,253.4826,4.5895
-142.0630,252.8129,5.8074
-4.0276,179.4801,4.1764
50.7847,145.8615,2.9267
-12.1852,178.0168,4.3017
160.6474,89.5929,2.6141
-21.6887,181.4189,3.7186
-132.7311,236.2400,4.1882
-110.0818,224.0675,4.2262
-7.2331,171.3594,3.1351
-63.4906,199.5177,4.0489
-35.1427,185.0233,4.6347
-14.7446,174.7202,3.5961
-10.3426,171.4512,4.5367
-5.5778,168.0662,3.9614
-11.8237,170.6551,3.8573
100.8957,114.5321,3.3723
60.3228,134.3207,3.4890
62.2470,133.3588,2.4412
101.2440,114.0222,3.2288
-14.9864,170.9596,4.2384
-10.9737,168.6147,4.1185
-3.1219,164.6315,3.4104
-6.6183,166.1392,4.2980
-16.9545,171.1760,4.1723
146.2098,91.4758,1.9837
64.6407,131.0286,3.6306
-12.7898,168.5744,3.2437
-3.8240,163.4505,3.7512
-127.5771,223.0982,5.1686
-129.3690,223.8648,4.6875
-123.1503,220.8502,4.6084
-99.3462,209.2103,3.8658
-129.4349,223.5443,4.2657
-123.9787,220.7804,4.3735
-97.8952,208.0311,4.6265
-102.9634,210.2821,4.6879
-14.6836,167.2306,3.7762
-14.1394,166.9385,3.6532
-120.9610,218.1840,6.0464
-4.9438,162.1762,3.4151
-5.0634,162.2143,3.5448
-99.2660,207.4226,5.8409
-6.6393,162.9360,3.6216
-19.4585,169.0550,3.9387
-32.9532,175.2913,4.4136
-5.4913,161.8038,2.9702
-58.4696,187.0256,3.7974
-22.4922,168.5481,4.4538
-8.4652,161.8416,3.0629
-120.1297,214.8487,4.9740
-97.9926,204.0138,5.6691
-92.3737,201.0113,3.8506
-7.5291,160.7833,4.1020
98.4076,110.3062,2.1214
-8.9225,160.9415,3.2072
-9.6768,161.1693,3.3284
-19.9273,165.8489,3.0917
-18.0110,164.7659,3.6706
98.5340,109.8290,2.3567
-19.0436,165.2092,3.5914
101.9452,108.1012,2.6903
-137.1289,219.8271,4.4008
-138.6150,220.4643,4.3212
96.9483,109.7407,3.2776
0.0874,154.9608,3.3565
-0.2847,154.8339,3.0669
-8.2106,158.4700,3.5786
-9.3979,158.9020,4.1645
-9.5551,158.8952,4.0334
-10.9572,159.5252,3.6771
-11.9585,159.5325,3.3278
-16.1783,161.3975,4.0795
-15.1717,160.7053,3.5034
-13.4979,159.4540,4.2323
-13.9076,159.4877,3.0463
-13.4381,159.2569,4.8134
-16.1464,160.3637,2.9518
-11.6127,158.2518,4.5779
-18.5513,161.0675,3.9984
-146.9658,218.1393,5.0809
-16.1372,158.2059,3.4639
-77.1199,185.6326,3.6788
-21.9385,160.3846,3.3601
-12.7148,156.1604,3.3333
-9.3347,154.3819,3.5726
93.2201,107.6704,2.7046
89.3933,109.2912,2.2191
-16.5994,157.5110,3.4979
-10.6676,154.7982,3.5239
-19.7075,158.5905,4.0078
-76.3776,184.2231,4.2058
-80.0108,185.4516,3.6886
-16.3649,156.3675,3.4134
92.2646,107.1625,2.1175
93.6810,106.2417,3.2380
-17.5401,156.1557,3.4831
-28.8442,160.6357,4.9648
-7.5781,150.9388,2.8983
-14.5789,154.0790,3.0732
-17.1069,155.0825,3.4343
-4.3172,149.1441,3.1600
-7.1146,148.8157,3.2584
-12.7759,151.1463,3.9923
-21.7084,155.0744,3.6319
-12.4256,150.7713,3.5387
-72.4801,176.8153,4.3529
-14.0418,150.7660,4.1165
-15.1456,151.2429,4.5561
-25.6144,155.5179,3.5327
-171.3435,218.2713,4.3214
-27.8464,154.9978,4.1692
-20.8605,151.6530,4.2920
-20.9706,151.3730,3.9476
-24.8803,152.8715,4.1048
-31.3193,155.4810,4.7202
13.3552,135.9057,3.5844
-15.0813,148.0961,4.6634
-22.3897,151.0981,3.5477
-35.6590,156.8396,4.4116
-25.5414,152.4344,4.1366
-24.0743,151.7021,3.6017
-23.7376,151.5205,4.1728
-20.1825,149.9309,3.2551
-26.2870,152.1766,3.2253
-65.6832,169.1642,4.9590
-13.8350,146.7808,4.0968
-28.5113,153.0825,4.9272
-65.1368,167.6169,4.9272
-28.5095,151.7679,3.1882
8.1003,135.9807,3.8796
-115.3605,188.3678,5.9188
83.6241,103.3545,3.1029
-68.6900,168.1138,4.1198
-19.5136,146.9732,4.0935
-71.0448,168.0601,3.3667
-68.6320,166.9904,3.5065
-69.6493,167.1970,3.3488
-18.4879,145.4849,4.0213
-69.3302,166.8401,4.0918
-68.7967,166.3125,4.0141
-68.4653,165.4691,4.5086
-12.9755,141.8691,3.4618
-17.8392,143.7802,3.3958
-15.6874,142.1083,4.1095
-19.8088,143.3807,3.9465
-30.0420,147.6149,4.7478
177.4402,61.1370,1.8294
-18.4508,142.2217,3.7121
-22.1859,143.6779,3.8710
-119.4617,183.6072,5.2755
-72.1529,163.6738,4.8809
-191.5225,211.3749,4.3221
-24.8584,142.8641,3.9873
-117.6328,180.8671,3.7382
-120.7208,182.1003,3.8597
-70.6844,161.2211,3.9264
-13.9423,137.9125,4.3495
-119.8495,181.1493,4.1715
-119.3367,180.8782,4.5500
-24.9046,142.0441,3.7959
-26.9652,142.6919,3.6576
-119.6565,180.4162,4.9741
22.0651,122.4800,2.9417
270.8021,21.0866,1.0406
271.8645,20.5522,0.8414
-120.2614,178.7488,5.6343
-121.1555,178.9444,5.7290
-189.6789,206.5246,6.3895
-26.4140,140.5053,3.0048
-68.1662,157.2441,4.1633
-130.1992,182.1910,5.3926
-29.1021,141.3690,4.8018
-130.0953,181.9882,5.3619
-171.9794,198.4403,5.2677
-29.4180,140.9618,4.1615
-29.9669,141.1534,4.5711
-29.3214,139.2987,3.2540
176.1312,57.5616,2.1222
82.8546,93.9107,2.3679
83.2104,93.7594,2.2950
-70.6375,154.2138,5.2419
-80.8760,157.8401,5.3670
-79.1463,156.9618,5.3210
-68.4748,152.6881,5.1548
110.2540,81.5008,3.0794
113.7314,80.0670,2.8731
114.1771,79.3391,2.4906
112.2920,79.8411,2.5043
-83.0987,155.0712,5.1324
-83.0691,154.8159,5.1439
-85.6268,155.7733,5.1577
-19.0726,128.7212,2.8772
-192.9599,193.9261,5.6051
140.7587,66.6452,2.2452
-26.0760,129.1722,3.2480
-24.3585,128.3156,3.2178
-191.4911,190.3189,5.9414
-191.6534,189.9513,4.7518
-148.8318,173.1699,6.0148
-151.9012,174.3109,4.9602
-86.3192,149.2843,3.3566
-32.5536,127.8841,4.4114
-36.1202,129.0112,4.8129
-193.2711,186.5262,6.2316
-193.0356,186.3382,6.1479
-34.2887,127.9790,4.0163
-40.5279,130.1017,4.0660
-30.5421,126.2960,3.7638
-188.5470,183.5652,6.6186
-154.1490,170.9319,4.4142
28.0062,104.5078,3.5114
-206.0043,189.6365,5.5753
-188.3075,183.0123,5.2855
-196.9314,186.0869,4.8049
-202.5869,188.0232,6.3437
-178.4681,179.1589,5.0153
-194.9246,184.3177,5.6514
38.5903,99.8291,2.4339
-180.9025,178.8889,4.6974
38.1366,99.7872,3.0409
-185.3448,180.3593,5.7650
-109.8582,152.4075,4.9146
-174.1906,175.4545,6.4470
-188.3152,180.4503,4.1915
-172.7767,174.4701,5.8255
-176.5133,175.7758,5.9354
-156.1253,168.4181,4.6243
-178.6427,176.2481,4.4956
133.1742,64.6800,2.1908
-172.9659,174.1240,4.4889
-172.7297,173.8252,5.5742
-175.8886,174.6635,6.1442
38.4904,98.1906,2.7097
-173.0410,173.6231,5.3817
42.5841,96.5161,2.7388
-82.3383,140.5952,3.5110
108.4924,72.7003,2.0696
-169.9332,171.0065,5.7813
-168.0322,169.9037,3.8974
-163.8499,168.3233,6.1668
-160.6279,167.0083,4.0343
-158.9549,166.4147,6.1198
-159.7610,166.5066,5.0546
-156.1712,164.9051,5.6830
-46.5795,126.3498,4.6393
-204.7265,180.9821,4.2552
-168.2407,168.2048,6.1137
-79.9252,137.1579,5.1009
-159.7897,164.5039,5.2805
-152.6720,161.9995,4.9663
-162.8999,165.3067,5.8644
-177.1454,170.1717,5.8373
-47.4851,125.0357,4.6490
-165.1609,165.9173,5.8842
-161.6273,164.5679,5.2650
-160.2881,164.0819,6.2420
-155.6734,162.2744,5.4474
-155.3645,162.0272,5.2802
-161.1860,164.0462,4.9425
-161.4809,164.1410,5.2158
-164.0234,164.7814,4.7233
-141.0145,156.7381,5.7791
33.5759,96.2492,2.5477
-158.7897,162.7023,6.2356
-155.8535,161.6773,5.6075
-173.5965,167.7695,5.2280
31.9723,96.6581,3.0728
-155.0801,161.2927,4.5148
-168.6499,165.9761,5.7951
-167.4110,165.3610,6.1071
42.1399,92.9582,3.5502
-166.4075,164.9041,5.1488
39.9911,93.6324,3.8237
-43.7243,122.4965,3.1942
-49.3840,124.3690,3.7142
-48.1588,123.8963,3.2793
-48.4271,123.9721,3.8183
-79.9536,133.9404,4.8660
-115.4549,145.6783,5.0028
-113.3899,144.9280,4.1049
115.7664,66.4464,2.9635
-52.2736,123.6969,3.4716
77.5548,79.1534,2.6980
-120.7211,146.3805,4.4474
49.8841,88.4177,2.8331
51.5437,87.8525,2.8143
-80.7521,132.7561,4.1879
-125.6448,147.9154,4.6615
55.9024,86.2511,3.6714
75.9475,79.4052,3.0832
278.3347,10.7494,0.8702
-79.7240,131.9462,3.9839
-79.7883,131.9600,3.9918
-15.6348,110.1843,3.4816
-27.5496,113.8466,4.4388
55.8257,84.9661,2.8022
58.9117,83.8553,3.1666
80.0294,76.7454,3.4040
57.5253,84.0621,2.4161
54.6999,84.8141,2.5675
-25.8911,111.6875,3.8159
-23.6577,110.8730,3.8771
-169.4231,159.2878,4.4333
74.8889,77.3101,2.2294
56.1606,83.4341,2.2849
54.4787,83.7174,3.4002
-24.3196,109.7329,3.4843
77.0118,76.1734,2.3009
-24.5591,109.6630,3.6144
-27.1470,110.5048,3.4731
-12.3035,104.8509,3.3927
-28.1661,109.8611,4.6210
-132.5630,143.3680,5.0631
-74.8123,124.5078,4.9325
-79.1389,125.6452,4.0913
-23.9807,107.6647,4.3705
192.6208,37.0014,2.0224
60.0165,79.9266,2.2831
-32.7678,109.8216,4.1499
59.1213,79.7204,3.3396
-107.7193,133.3652,5.3437
-105.7404,132.2715,5.5432
-16.7206,103.5917,3.1243
-80.7598,124.0923,4.2080
-76.6616,122.7757,5.2335
-106.5981,132.2187,5.1757
-183.7640,156.9328,6.1395
-23.8727,105.5760,4.4651
-105.4275,131.1538,5.3455
217.5265,27.9902,1.1771
-107.7288,131.7276,4.7219
-103.0819,129.5782,5.0002
-10.9415,100.2039,3.8001
-102.4699,129.2429,5.0892
-4.8254,98.1399,2.8863
-9.5865,99.5706,3.1771
-11.1122,100.0316,3.2626
-12.3550,100.2683,3.2219
-15.8671,101.2550,3.0855
-34.3419,106.8047,4.2038
-12.8467,99.9182,3.4567
-10.1887,98.9123,3.8145
-81.2535,120.9618,4.4590
-8.1983,97.8108,3.6947
171.7380,40.9649,2.4050
-27.8474,103.0378,2.8995
221.9092,25.2618,1.7784
-83.4990,120.1032,4.5109
-27.4826,102.6307,2.9484
-5.6201,95.2962,3.4147
-176.5935,147.6296,4.0365
-29.6647,100.5473,2.9957
-182.6306,146.4593,4.8035
-178.2801,144.5915,5.0803
220.8559,23.9266,1.6404
-175.5448,141.4188,4.3688
-184.5440,143.8165,5.8743
-176.3463,141.3002,5.8085
-80.1795,112.5328,5.2445
-176.2065,140.9215,5.9697
29.3268,79.8366,3.3366
-173.1008,139.7839,5.7445
-1.1119,88.6379,3.1480
-186.0507,143.2175,6.5088
39.2136,76.4279,2.4757
-178.3608,139.3510,4.9829
-63.2201,105.5558,4.1369
93.2761,59.5605,2.4160
30.9021,77.5101,3.9536
-176.1189,137.1326,5.2580
-176.9339,137.2325,5.6087
-177.4317,136.6223,5.6327
-225.1288,149.7452,5.0732
-225.0864,149.7214,5.0802
-50.7114,98.4790,4.2229
225.1227,19.9160,1.6418
20.7048,77.6033,2.9030
-51.7596,98.1065,4.1034
-144.1176,123.8337,4.2162
-35.0584,92.6382,3.1333
-34.5850,91.8046,3.5318
-234.7309,147.6929,6.1889
51.2308,67.3875,2.4971
103.3706,52.8680,2.3613
-202.5860,137.8984,4.0430
-145.8213,122.0445,4.8740
103.2398,52.7286,2.5119
-201.6436,137.2829,4.7761
51.2570,66.8841,2.4118
277.5851,4.1858,0.8168
-200.6898,136.4441,4.9848
12.8522,76.8764,3.8951
-33.6380,89.4866,3.9176
14.9200,75.2962,4.0698
15.1998,74.8252,3.5541
13.5784,74.7562,3.3096
-71.1423,97.2637,4.8999
-70.8014,96.9764,4.3441
-71.8644,97.1597,4.8837
-78.3318,98.6236,4.1555
-72.9640,97.0658,4.9761
-68.5191,95.7340,4.7802
-71.3539,96.0131,4.1795
-232.6675,138.8931,5.3665
12.6529,73.5679,3.0077
-237.4518,139.5680,6.7078
11.9135,73.1968,3.1290
6.2430,74.5889,3.0638
9.7970,73.5162,2.7198
4.5387,74.8492,2.7634
-95.7695,99.3039,4.6258
-96.0602,97.8488,3.5021
21.4873,67.3249,3.1144
22.2223,67.1333,2.9207
-117.2909,102.0323,5.5303
-201.3430,122.5600,6.4836
-41.3781,81.6608,3.2070
-171.3507,113.5503,6.0703
-43.0565,81.3599,2.9526
28.1370,62.9405,3.9732
-171.7699,111.6673,5.3791
62.4442,53.6755,3.5067
60.1499,54.0897,3.2531
-147.3740,104.7276,5.0607
-148.0659,104.8473,4.5369
-145.4891,104.1549,4.2344
-146.1551,104.2596,4.3993
-130.1888,99.9543,3.5177
-150.1435,104.6017,5.0103
-197.7345,116.1264,5.2313
-197.8435,116.1163,6.3304
-150.5033,104.5250,4.8496
4.9525,66.5140,3.6658
-237.1456,124.8161,6.2706
-149.3863,102.6795,4.8868
-168.5142,106.6553,5.1075
-151.7522,102.3629,5.2651
-153.3362,102.7300,5.2562
-172.6769,107.3237,6.2760
95.0356,43.4878,1.9763
-172.9628,107.0865,4.9635
-171.0177,106.5135,5.1046
-170.1950,105.8366,4.8489
-49.0581,76.7398,4.0501
-194.3616,110.9898,4.5190
-204.7817,113.0119,6.6078
-69.2024,81.0479,3.1348
-196.0037,110.7663,6.1857
-257.4910,124.5305,6.7939
-195.9516,109.3150,5.4406
98.5186,40.8936,2.2520
-69.7589,79.4727,3.1489
118.6669,35.8383,2.2555
-234.5847,117.2834,6.9418
-193.2615,107.5400,5.0218
-234.3998,116.7662,5.5188
-185.6690,105.3383,5.3930
-184.1973,103.9949,5.7687
-169.6926,100.4280,5.1647
-168.6772,99.9704,5.3452
-171.0895,100.4496,4.6528
-13.5049,64.6866,3.3609
-12.4934,64.3978,3.2128
-234.8343,114.6371,4.7789
-172.6473,100.4777,4.0801
-172.5394,100.2983,4.1124
-170.9627,98.9003,3.7842
-171.2792,98.8052,4.1347
-169.2639,98.0743,4.2366
-174.0244,98.9712,3.7937
-178.6461,99.6627,3.8446
-184.5320,100.3904,4.5574
-146.3793,91.7825,4.4822
-262.1182,116.3029,6.4993
-264.1554,116.6983,6.4591
-39.8808,67.4236,4.2541
-36.5496,66.5090,3.2236
-116.3846,82.9296,4.2737
-145.9431,89.0520,5.1951
-143.8330,88.5069,5.4335
-116.2933,82.5447,4.5754
-117.7176,82.8384,4.5965
104.6784,34.7372,2.0644
-49.3410,67.8763,3.4652
-50.3953,67.6659,4.1307
-47.1897,66.9721,3.7627
66.2117,42.1827,2.3488
-144.1178,86.7835,5.4097
-200.3628,98.6571,4.9254
-93.5850,75.8818,4.3256
-93.5067,75.8433,4.2960
-94.8352,76.0588,4.3686
-54.3826,67.2896,4.8930
-107.7198,76.4378,3.4098
-189.6942,91.7472,4.0059
-271.1008,108.2084,6.6864
-51.7888,63.3122,3.9459
197.6825,12.4251,2.0608
-270.5234,107.5378,4.6518
-202.9681,93.6489,4.4196
-56.8394,63.9354,3.8716
-108.0256,72.9725,3.3361
-107.9897,72.9398,3.6130
172.7038,16.5520,1.8675
-269.1202,104.0350,6.4723
39.5245,42.6767,3.6484
42.5768,42.0667,3.6333
-107.9495,71.3016,4.1325
41.8898,41.0046,2.7761
262.6881,-2.0311,1.2677
-100.4319,65.1858,5.1051
-105.8016,65.9527,5.2084
-100.3431,64.8324,5.1833
-101.8049,64.8812,3.2611
-62.2360,57.3993,3.7168
-99.4823,64.0139,4.2574
279.3093,-6.4382,0.8021
-103.7110,63.4202,5.3695
277.9469,-6.3017,1.1981
-95.3105,61.0186,3.9551
-108.5938,63.2871,5.1083
-63.8944,54.9023,3.4420
65.8213,31.5856,3.1035
-159.3891,71.9993,5.2347
55.8153,32.3935,2.7989
-157.5034,69.8958,4.4380
62.0484,30.9561,2.9637
-119.1454,61.6418,5.5611
-71.6551,53.1786,4.2271
282.9745,-8.1281,0.8672
211.6004,4.1835,1.8039
282.0664,-8.0745,0.9930
-68.4501,52.1225,4.4861
-79.5000,53.2993,5.0274
-77.0671,52.8109,4.9893
-225.5228,78.0213,4.6780
-230.5231,78.4334,4.6329
-61.2063,49.4611,3.1777
-227.6666,77.4070,4.3493
-66.8376,50.3186,3.9140
71.3264,26.8449,3.1422
-251.4249,80.6160,4.5875
-76.3816,51.3397,3.2943
-90.0445,53.6062,4.1009
-70.8712,50.3368,3.6767
-78.2498,51.5642,3.1461
-76.7539,51.0345,3.9599
-82.3165,51.8690,3.9467
-79.7710,51.4374,4.1206
-90.8158,53.1711,4.9438
-85.2236,52.1593,4.0403
-201.9379,71.4962,3.9384
-82.2159,51.5385,3.3190
-92.0093,53.0089,3.6379
-71.0793,49.5227,3.5227
-73.8143,49.9732,3.3496
-69.4796,49.2130,4.0620
-79.7996,50.9047,3.8626
-76.4661,50.3520,3.9886
-79.5651,50.8155,4.0092
-84.1453,51.5167,4.6837
-83.0842,51.3300,4.2604
-87.5548,52.0309,3.5476
-70.8611,49.1813,3.7741
-84.8517,51.4721,3.3705
-69.1483,48.8218,3.5800
-86.9303,51.7109,4.2629
-73.5296,49.5084,3.5557
-94.4804,52.9327,3.7068
-82.4937,50.9160,4.5027
-68.4849,48.5985,4.9100
-70.1720,48.8641,3.7378
74.5548,25.0684,2.7222
-78.9999,50.1556,4.3337
-79.7904,50.2706,4.9067
-77.0036,49.6741,3.1808
-67.2080,48.0492,3.6588
-89.1062,51.3824,3.6970
-87.6327,50.6315,3.8851
-222.8380,70.2545,5.2761
214.1723,1.0720,1.2791
-212.1692,67.9571,6.2355
-280.6564,78.6956,6.4246
-68.4042,45.3090,3.4897
-126.7415,53.5024,5.1507
-64.5328,43.3675,4.1835
63.7679,23.4527,2.3603
-54.8445,41.4345,3.5664
-63.9337,42.7292,4.0578
-194.6390,61.9941,4.5135
79.1585,20.2390,2.1691
-263.1191,68.8249,5.4015
-65.5664,39.9383,4.9578
-65.1825,38.5072,4.8600
170.3964,4.7078,1.5092
-224.6371,60.8127,4.4819
-191.7926,55.9592,5.1445
-181.4666,54.1742,5.2483
-232.2876,61.0263,4.7254
-187.5118,54.7071,5.0536
-187.9660,54.2573,4.8967
-197.0590,55.4620,4.7193
-194.4576,55.0029,4.7159
-221.2259,58.2113,5.2110
-194.8773,54.1246,6.2943
-192.1063,53.5272,6.1447
-202.9364,54.8636,4.3196
-189.3497,52.7924,4.8954
-213.0225,55.9443,6.0823
-208.0128,55.2073,5.9850
-200.0778,54.0272,5.6877
-232.2669,58.3415,4.9520
-186.0180,51.8138,5.8648
-194.4904,52.9556,4.7805
-180.5831,50.9820,6.0167
-190.7704,52.3315,5.5795
-197.6362,53.2202,6.3108
-197.3451,53.0710,6.2830
-220.0678,56.0749,4.9356
-196.0560,52.6017,5.8289
-195.3257,52.4442,4.1855
-200.3202,53.0553,6.4031
-214.7378,54.7073,6.2614
-202.8677,52.7249,6.2238
-206.0347,52.9759,6.4827
-211.5991,53.6275,6.1290
-202.4274,52.2793,5.9652
-199.7395,51.7082,5.9601
-222.9641,54.3078,5.9244
-204.8834,51.4479,4.6623
-206.0859,51.5011,5.6597
-210.9583,51.6646,5.5029
-205.1906,50.8847,5.9131
-196.0806,49.4663,4.6471
-222.7011,52.8482,4.5256
260.7933,-9.7664,1.0981
-216.2091,51.5968,5.4061
-220.1590,52.0005,6.2504
-216.0829,51.1770,5.1756
-158.7913,43.6818,5.0214
-212.7111,50.4768,4.5048
-158.8598,43.5117,5.0184
-159.9595,43.1597,4.6563
-196.3495,47.7129,4.1722
-187.6574,46.6009,4.3964
-222.3340,50.8436,4.3060
-214.7295,49.5358,4.5896
-210.9953,48.9547,4.8745
-222.1834,50.1858,4.4835
-92.4964,33.9388,4.3211
-212.7202,48.9696,4.0556
-162.3212,42.3017,5.2809
-222.4997,49.1512,6.3069
-230.7006,49.9002,5.1878
-159.8465,41.1772,3.8801
-221.9744,48.5000,5.6743
-159.2559,40.6898,4.6732
-148.5870,39.3592,3.7929
-163.3516,41.1622,4.0142
-187.0612,43.6890,5.6688
46.0194,15.2497,2.2612
-216.9286,46.7208,4.2255
-231.6565,48.3266,6.2415
-184.4894,42.4709,5.5038
-207.1784,44.6424,4.3504
-278.9891,53.0836,5.4211
-279.2903,53.0789,5.2671
-275.9556,52.5977,6.2185
-277.6371,52.7939,6.2135
-274.7668,52.3735,5.3178
88.4490,9.1695,2.9357
-280.8680,52.2109,5.3988
-154.1101,37.0476,4.1770
-154.9296,37.0527,4.1778
-138.4929,34.9870,5.2819
-143.4734,35.1660,5.0079
-144.7036,35.2963,4.9901
-170.5261,37.1012,5.7642
-145.3768,34.1768,5.0060
-122.2408,30.8756,5.0491
-194.8922,38.9665,3.9734
-90.3105,26.8973,5.0606
-96.4217,27.4808,3.8105
89.9859,6.5133,3.2160
-198.6733,37.0853,5.3956
-41.4353,19.4148,4.0821
-146.8940,30.3092,3.8697
-147.4083,29.4039,3.9571
90.3306,3.5546,2.3762
42.9183,8.2414,2.8145
-166.9968,28.7691,3.8759
-240.3843,35.0838,6.1370
-39.8103,15.3776,3.1825
-101.8019,21.3140,4.5487
-102.8981,21.1516,4.8727
-102.5706,17.8954,5.1335
-150.2053,22.0483,3.6804
-101.7744,16.8149,3.9386
-101.8992,16.4851,3.4454
-106.5668,16.8553,3.5959
-106.9020,16.5676,3.7006
-42.9853,10.9416,3.2651
90.6709,-0.8438,2.8670
-236.1057,26.3092,6.0576
-33.2362,9.1513,4.5816
-249.1564,26.6774,6.8047
-143.2927,17.7901,4.8828
-287.1812,29.4016,7.3423
49.8281,1.6357,3.3638
-286.8271,28.5960,6.0992
-274.3046,25.3276,7.0687
-102.9168,11.4968,3.4041
-101.7271,11.3893,3.5002
-100.6376,10.6758,3.9811
-168.8385,14.8200,4.3689
-165.9192,14.5087,4.6281
-197.6439,16.0890,6.1138
44.2174,-1.3909,3.5039
-179.1297,14.1880,5.0650
-107.8197,8.8630,4.3945
-267.9254,18.7781,4.9345
-102.1353,7.4125,4.9098
-272.1696,18.5677,4.9684
-96.3865,5.9807,3.7372
-237.9984,15.3796,5.5764
-234.2592,12.0444,5.1065
-10.3172,-3.1173,4.2270
-116.3126,2.6389,4.8276
-196.3619,6.8986,4.7812
-135.5950,3.3323,4.3541
-43.7234,-2.3501,4.5653
-279.1878,9.9956,5.4797
-189.6688,5.0519,4.4881
-2.9119,-5.2387,2.5962
-278.7844,9.0743,4.9404
-96.1249,-1.2546,5.0837
-3.0417,-6.1500,3.4714
40.4730,-8.4233,3.5925
-281.3801,7.8757,4.6714
-51.6318,-3.9722,3.9157
-236.3467,5.1186,6.7864
-92.9928,-2.1113,3.9628
-277.7445,6.6615,4.9941
-101.1147,-2.0977,3.6394
-102.4538,-2.0988,3.8719
-277.8757,6.4341,5.4195
-273.4557,5.9862,5.6299
-237.7279,4.1716,5.6187
-101.2769,-2.4648,3.6884
-78.5351,-3.6511,4.0152
-95.2810,-2.8651,3.1955
-274.4034,5.7373,5.2513
-276.9048,5.8038,5.2508
-284.1310,5.8813,4.6625
-267.8576,4.6075,4.9387
-104.5420,-3.8812,3.2223
-247.6671,2.3276,5.2361
-247.8707,1.9791,5.1450
-270.5483,2.6890,5.9907
-88.4263,-5.2943,4.4612
-271.6077,2.2699,5.9279
-274.8918,2.0964,6.1266
-263.2594,1.5038,6.8973
-267.3192,1.0991,6.3879
-105.4641,-5.8423,5.1661
-267.2298,0.7565,5.2315
-209.5235,-1.8703,6.3637
-248.9606,-0.8065,4.7214
-245.7005,-1.1925,4.6737
-264.2207,-1.9443,7.0478
28.0554,-13.4919,2.4022
26.9899,-13.6005,2.7077
-106.1640,-11.0679,3.3538
12.4945,-15.9247,2.8030
-184.4906,-10.7817,3.9171
-105.9254,-13.3378,3.8699
28.5396,-16.8433,3.3474
30.4698,-16.9312,3.3995
-240.1122,-10.6753,5.6310
-237.6908,-12.1613,5.4176
32.1911,-18.2495,3.6478
28.6895,-18.3541,3.5827
-240.5621,-12.5283,5.9348
-106.1963,-15.9351,3.2868
-187.3514,-14.6749,5.2857
114.8178,-20.7848,2.0381
-109.1832,-16.6072,3.7787
115.5338,-20.9825,2.4430
41.0277,-19.8159,3.1128
-108.7217,-17.3192,4.7877
31.5927,-20.0820,2.5060
-224.0163,-16.9900,4.1127
-224.1626,-17.2093,6.0964
114.0255,-22.3106,2.1255
-226.1606,-17.8013,5.7888
-225.0216,-17.9517,5.0886
-231.0069,-17.9539,4.5136
-51.3879,-20.5141,4.2613
-225.7364,-18.6565,6.6386
-213.8282,-19.0222,6.5208
-50.6539,-20.9622,4.0516
-227.7785,-18.9147,5.9348
177.2977,-23.7155,1.7835
-49.9049,-21.2075,4.0559
-224.5304,-19.2858,4.8671
33.6344,-22.2164,3.4298
177.5190,-23.8243,2.2033
-230.4753,-19.4423,4.0670
-230.3547,-19.5697,4.3381
-267.1916,-19.3594,7.0628
-219.1026,-19.8756,5.4288
-220.5355,-19.9566,5.4264
-265.4824,-19.5620,4.3752
-104.6627,-21.5403,5.0647
-266.2866,-20.5255,6.6169
-235.8686,-21.7133,6.5235
38.7778,-23.6590,2.4770
19.0227,-23.5228,3.2181
40.9472,-23.6782,3.3336
-220.7168,-21.9007,5.1333
-232.9754,-21.8896,4.9086
-227.9592,-21.9979,6.2819
-269.3897,-21.7798,5.1361
-49.0261,-23.2764,4.5263
-229.3889,-22.3079,6.3846
-274.6755,-22.0491,4.4034
-277.5720,-22.1133,5.2153
-272.3067,-22.2852,4.4758
-52.1029,-23.5802,4.6711
-51.0004,-23.6259,4.1090
-8.4426,-23.8750,2.7224
-45.8077,-23.6723,4.5008
-47.5725,-23.6909,4.1901
-222.0886,-22.7648,5.7754
-274.7821,-22.7371,4.9552
-235.5595,-22.9751,6.4488
40.8319,-24.5360,2.5714
-199.5465,-23.5610,3.9956
-88.1835,-25.2119,5.1797
76.0258,-25.6185,2.6339
74.9472,-25.6508,2.1336
-225.9566,-25.4734,5.2364
-99.9266,-25.6108,4.9212
-98.8530,-25.9029,5.2258
-282.6656,-25.9040,5.8802
-4.1846,-26.1095,2.8328
-7.9908,-26.4492,2.7418
-99.9196,-26.5388,4.5203
-200.4604,-27.0534,5.7322
274.9944,-26.3043,0.9593
-74.6889,-26.9273,4.7663
-200.9953,-27.1568,5.4669
-195.2301,-27.2692,5.7326
17.6181,-27.2015,2.5667
-197.2910,-27.8820,6.2513
-122.7609,-27.7356,5.5253
-119.6032,-27.8168,5.4182
-124.1957,-27.9524,5.3758
-3.1542,-27.5267,3.8891
-287.5350,-28.6376,6.0953
1.5232,-27.9012,2.5260
1.8267,-28.2289,3.3473
38.0631,-28.0988,3.2893
-288.7446,-30.2923,6.4322
34.1182,-28.3054,3.3590
-279.9303,-30.4153,4.6557
-222.8602,-30.1787,6.6494
-225.0917,-30.2007,5.6051
45.8824,-28.9750,3.5162
30.6657,-29.1611,3.8150
32.7904,-29.2166,3.6041
-221.3520,-31.4950,5.6397
96.9790,-28.7748,2.9090
33.7641,-29.4927,3.4442
34.3694,-29.7034,3.7216
-121.0460,-31.3325,5.4906
-227.2134,-33.1129,6.3360
-230.0132,-33.1813,6.3533
-231.0002,-33.1984,6.3945
-71.4343,-31.3733,3.7816
31.6307,-30.6510,2.4763
-84.3297,-33.8345,4.3555
-87.1856,-34.1183,4.3856
-85.3004,-34.0960,4.3671
-84.2498,-34.3939,3.6277
-86.0122,-34.9877,3.9936
-84.2530,-35.0161,3.2176
-231.0540,-38.5475,5.4800
-48.7073,-35.0265,4.0398
34.1005,-33.3365,3.5668
-10.0693,-34.3690,4.2440
-20.2081,-35.1519,4.3768
38.5512,-34.9165,3.6276
167.3039,-31.6918,2.0723
-50.1169,-37.6226,4.7336
-223.0339,-42.4937,5.5541
-35.6233,-38.0518,4.1211
-130.4662,-41.3134,5.6347
-159.6684,-42.2137,4.2285
-164.0165,-42.5384,4.7250
-155.2243,-42.9023,4.0928
-160.9512,-43.1090,4.1969
-153.3182,-43.0530,4.7791
-226.8285,-45.9130,5.4163
-145.6456,-43.4230,3.9738
-224.3578,-46.4054,4.4212
-171.6474,-44.8558,5.3146
-32.4507,-40.2173,3.8006
-171.4518,-44.9971,3.7329
207.7518,-32.4197,1.1859
-52.5084,-41.5916,4.2493
-51.2487,-41.5552,4.3237
-215.2696,-48.2403,4.1351
-179.5716,-48.8801,4.4433
-180.1839,-49.0563,4.6915
-179.8352,-49.2188,4.1966
-61.2447,-44.8442,3.8647
-214.2824,-51.7144,5.9753
-181.9110,-50.3655,5.5816
-181.9663,-50.5764,6.1528
-57.3947,-45.3366,3.7251
-224.3841,-53.0244,5.5888
-212.9415,-52.5643,4.6596
-220.5418,-52.9065,4.7054
225.6987,-33.2991,1.0831
-61.2685,-46.8378,3.6965
-60.9925,-47.0643,3.4653
-225.5409,-55.4384,4.4676
33.9897,-43.0153,3.7255
-58.2514,-47.7345,3.1596
-59.8856,-47.8381,3.2094
-209.6913,-55.2029,4.9216
-224.4389,-56.6637,5.0186
-210.0103,-56.0488,4.4734
-198.3202,-55.5618,6.1181
31.0261,-44.4736,3.8242
-9.0944,-47.0750,3.8112
-207.3425,-57.6677,4.0573
-198.6262,-57.6020,5.6666
-267.9536,-61.3714,6.6815
-238.4689,-59.8595,4.8016
-201.1410,-57.9563,6.0507
18.1294,-46.3653,3.3798
-41.3069,-50.0608,3.9679
-270.3063,-63.6259,4.9874
49.4059,-46.8721,2.6352
-201.2010,-64.3142,4.1158
-191.6127,-64.1103,4.0237
49.7687,-48.3012,2.5853
-202.8206,-65.1320,4.1531
-195.1526,-64.9665,4.9830
43.0548,-49.3135,3.1672
-41.1870,-55.4533,3.5281
66.3215,-48.2437,3.1617
-230.0122,-69.1774,6.3652
55.3423,-49.4724,3.4494
-18.5105,-54.8331,2.7235
13.0763,-52.8247,2.8187
-156.7756,-65.0176,5.2639
58.6141,-49.9124,2.5547
31.5619,-51.9576,3.3905
33.5148,-52.1398,3.7536
-35.3335,-58.6048,2.9324
13.1923,-55.1787,3.9104
-72.1256,-61.9979,3.9062
-71.7140,-62.0618,3.5331
-157.2503,-69.4649,5.1252
-111.5274,-67.1260,4.1840
-69.8670,-64.0998,4.6132
78.5465,-51.9539,2.3453
54.3439,-54.0631,3.5250
5.9607,-58.4340,3.7526
-118.5716,-69.6031,4.1428
-33.6492,-62.5737,4.2618
-121.3686,-70.2819,3.8845
-110.5302,-70.0274,4.0879
-188.2533,-78.1053,4.0484
-82.9141,-69.0734,5.0132
56.8597,-58.0839,2.6828
-143.4297,-78.5857,5.4583
-143.8748,-78.7269,4.8801
-108.3761,-75.8808,5.2040
-31.5563,-68.6091,4.2954
-31.7403,-68.6431,4.1729
-203.4445,-86.1496,4.3846
-129.1852,-79.4501,5.5016
-132.2407,-79.8793,5.5076
-178.9980,-84.9502,4.8439
51.9618,-61.2106,3.6631
-31.1555,-70.5510,3.9367
-31.7074,-70.6486,3.9104
-86.0605,-77.0291,4.1083
-134.5694,-83.6560,3.4645
-129.8959,-85.0777,4.4788
-126.5801,-84.7518,4.5923
-259.2375,-101.3709,6.6613
-109.8010,-84.0169,4.8712
-154.3888,-89.7545,3.7755
-260.2632,-102.4575,5.1514
34.2494,-67.7425,3.0399
-169.1964,-91.8679,4.1125
-119.3375,-85.9970,5.3638
-259.1046,-102.9699,4.8781
-257.6346,-102.8806,4.7736
-124.2208,-87.2000,3.7326
-116.6127,-86.6641,4.7397
-152.2920,-92.6836,3.9876
-109.9426,-87.6289,5.3908
-77.2150,-83.6634,3.6899
-77.8381,-84.1939,3.7070
-118.3309,-89.5920,3.4854
286.6172,-38.9328,1.0266
-153.5880,-95.2993,3.5976
-110.6205,-90.1600,3.7384
-108.8809,-91.1470,4.2996
-237.8919,-109.0691,5.7886
-102.1794,-91.3316,4.8277
-250.3583,-111.6311,6.5499
-101.9432,-92.0641,3.8841
286.9800,-39.7852,1.0815
286.8814,-39.8185,1.0694
-102.0174,-93.3108,4.8489
112.2389,-63.9775,2.5971
-96.6265,-93.0550,5.2064
-151.0565,-100.6467,5.9020
-93.2207,-92.6954,5.1131
-152.1043,-101.7427,5.6567
-141.6943,-100.4707,5.0432
-143.3203,-101.0862,5.0470
-141.7330,-101.4807,5.1725
-137.1007,-101.0685,5.1535
-138.7827,-101.6299,4.9833
-256.4681,-120.0847,7.0508
-259.8368,-120.6077,7.1013
-255.8711,-120.2491,6.8884
4.6639,-82.3845,4.0237
-256.4629,-122.0108,6.7694
-247.1891,-120.7281,5.6269
-131.3279,-103.6207,3.7277
-256.5136,-123.1170,5.9777
-250.7211,-122.3852,5.5349
-258.0401,-123.8701,6.4264
-257.5016,-124.0690,4.8904
-31.2609,-89.7792,3.8578
-256.9142,-124.2316,4.7892
-102.1418,-100.7188,3.2733
-32.9413,-91.1311,3.7595
-258.7702,-126.5590,4.9493
61.3458,-77.1373,3.1899
60.5863,-77.3026,3.0695
-23.9949,-91.1028,3.7167
46.1736,-81.3665,3.7330
-242.6977,-128.3038,6.1803
-223.2590,-127.6994,5.7732
-221.2826,-128.3799,5.1871
-149.7947,-119.1587,4.3089
-148.6479,-119.4488,4.9994
-151.3249,-120.2032,4.2425
-241.6372,-138.6637,6.1108
-106.4468,-116.3746,3.5025
-106.5390,-117.1272,4.0820
-21.6903,-101.8734,4.0481
-236.4288,-142.1868,4.1756
-19.0991,-102.0283,4.1361
31.5693,-92.6295,2.7027
29.9162,-93.3507,3.6129
35.7371,-92.3901,3.1573
31.4267,-93.2799,3.6344
28.8410,-93.8099,3.8458
25.4743,-94.6442,3.5229
187.4945,-63.9472,1.7625
-100.9779,-119.3417,3.8363
23.3151,-96.0925,2.8169
-139.6382,-127.6768,3.6339
-12.2665,-103.2953,4.4286
73.8442,-86.9132,3.0154
-16.5125,-105.0887,4.4106
17.0820,-98.5577,3.8181
-201.9341,-142.3570,6.4252
31.6837,-96.5598,2.4595
-130.6025,-129.0820,5.5905
-18.5560,-107.5603,3.1483
-13.6655,-107.5204,4.4178
12.3330,-102.2815,3.2082
7.6733,-103.4206,2.8941
9.5202,-103.4771,3.9028
-2.4334,-105.9341,3.0187
-8.4461,-107.3416,3.6999
180.2572,-68.5892,1.9252
-9.4642,-107.8643,4.3738
-10.2299,-108.6205,4.2112
-3.0431,-107.2244,3.3734
184.4713,-68.2897,1.3812
-10.0815,-109.0412,3.1476
-205.4748,-150.0764,5.1207
67.4669,-93.0398,3.0398
182.2049,-69.0094,1.4785
-184.5967,-146.4051,5.5904
23.8415,-102.5862,3.5279
-167.6975,-143.4950,3.8605
18.8755,-104.1705,3.3142
13.0288,-105.6841,3.1638
-236.8609,-159.0950,6.3934
16.7568,-105.0941,3.3962
13.7830,-105.8244,2.9206
-202.3949,-152.0180,6.4771
-183.5696,-148.1073,4.1496
19.1829,-104.7597,3.2465
11.0955,-106.5836,2.7996
-164.9356,-144.3541,3.8773
-98.0087,-130.3649,5.3459
39.0791,-100.9489,2.6258
-96.0538,-130.3238,4.2623
-102.7313,-132.1638,4.3980
-236.8253,-161.3876,4.6808
-237.4166,-161.5781,4.3339
80.7913,-92.5748,3.0039
77.9509,-93.5879,3.4120
134.2087,-81.6738,2.1725
15.6693,-108.1931,3.2779
-96.3761,-133.9008,3.8033
-168.7698,-150.1418,5.8739
-96.6351,-134.5520,3.5584
-83.8477,-131.7414,3.6551
-45.0189,-123.1194,3.3900
-97.9167,-135.7763,5.3112
-236.4663,-168.0523,5.3303
-169.5348,-153.7742,4.4613
-168.5308,-153.5478,4.4464
-50.2353,-126.6273,3.1390
52.9828,-102.9546,3.3591
78.3056,-97.4455,2.5933
-184.4356,-158.8472,4.4159
-40.8990,-125.6794,3.2577
22.2091,-111.4103,3.0304
-100.3801,-140.1590,4.8547
77.4824,-98.6696,2.4913
24.2288,-111.3792,3.1176
26.6114,-111.0515,3.1631
-183.6159,-160.9162,5.0321
-184.8616,-161.2107,4.8945
78.8953,-98.9919,2.9026
30.0008,-110.5583,2.8389
29.6135,-110.7210,2.7903
-183.0282,-161.1681,4.8247
-84.0974,-137.7302,5.0707
30.6952,-110.6734,2.9476
20.4794,-113.1046,3.4931
20.2198,-113.2107,3.1424
-183.8314,-161.7350,4.1880
76.5566,-99.8794,2.9777
49.7244,-106.5896,3.0738
28.5116,-112.0762,3.2709
178.3729,-76.8111,1.5357
80.7929,-101.1080,3.0989
-167.5330,-162.9020,3.9214
44.9429,-110.9507,3.0202
-83.3003,-143.0487,5.1774
40.6952,-113.2356,3.2271
-215.2275,-178.0284,4.6090
118.6006,-93.8551,2.4346
84.8161,-102.5643,2.6324
-44.2775,-135.6822,4.5255
124.6160,-93.4616,1.8413
-10.4673,-128.6373,3.0666
42.1249,-115.1916,3.1371
-90.7118,-150.5339,3.8119
-196.5037,-178.8129,4.4523
-181.8138,-175.6260,5.0579
-204.0582,-181.5155,6.3185
-202.8518,-181.2618,5.6742
53.6260,-113.8209,2.6826
-202.9143,-181.5279,6.5141
-56.0498,-143.0765,3.0341
-93.2582,-152.9512,4.9192
-217.7488,-187.3735,5.3760
20.8854,-124.5933,3.1289
57.6631,-114.7791,3.6001
40.6916,-119.7008,3.7499
90.7266,-106.2048,2.5723
22.6380,-124.9082,3.6943
40.9535,-120.4899,3.8249
41.6271,-120.3822,3.5831
43.2697,-120.4404,2.9776
-179.9249,-181.8229,4.3277
35.4058,-122.9356,3.8403
31.4411,-124.1755,3.0680
-217.1795,-192.8470,4.7070
-215.9049,-192.5306,4.8657
32.3938,-124.1572,2.6244
-99.4241,-160.6080,3.3131
35.2218,-123.9081,3.1118
40.2462,-122.6397,3.2644
93.5192,-108.0677,2.5356
-50.1501,-148.3190,4.1557
92.2870,-108.5551,2.7547
89.3969,-109.4393,2.9943
96.4256,-107.5554,2.0720
94.5701,-108.2517,2.5968
25.0921,-127.9490,2.9990
27.5177,-127.4313,3.0553
24.8400,-128.3477,3.8116
19.1420,-130.1118,3.5771
-178.3801,-186.5812,4.6219
39.5923,-124.9166,2.4627
19.6598,-130.5903,3.1102
19.5922,-130.9718,2.5395
19.9719,-130.9520,3.5793
-176.7269,-187.6250,5.4204
18.5934,-132.1385,3.5278
-178.4490,-189.1424,5.6756
-171.4945,-187.2897,5.9925
-178.5838,-189.3358,5.8033
-183.9796,-190.9003,6.0502
-178.5094,-189.3837,5.6969
-169.3289,-187.2157,5.9006
-45.1235,-151.2733,4.5242
-179.3150,-190.4102,5.5380
20.9013,-132.7687,3.1848
24.0058,-132.3525,3.0947
-175.9393,-191.7082,6.3634
-4.0717,-141.5136,2.9882
-38.7531,-152.7530,3.6432
-69.3680,-162.7525,4.7289
98.2753,-112.6614,2.6218
-166.5667,-193.0980,5.5298
-166.8562,-194.0288,4.9252
-162.7452,-194.7926,4.1314
-115.2858,-180.9826,4.6763
-31.7141,-155.5275,3.2850
72.5370,-123.4946,3.5103
-34.1240,-156.5728,3.1192
-161.4711,-196.5280,4.2238
36.0456,-136.1836,3.8762
-24.6507,-155.4252,4.0057
-24.4731,-155.4474,3.7293
-34.0108,-159.0615,4.5216
118.1280,-111.3353,2.5497
-164.3428,-201.0906,5.4918
30.7283,-139.6576,3.2343
-29.6153,-159.5947,4.5591
28.8225,-141.0625,2.8850
-165.2719,-203.4578,5.6225
-163.1791,-203.6237,6.2330
32.9267,-140.3767,2.4930
-152.5537,-201.3091,5.5560
-154.5992,-202.3314,5.3557
-152.2743,-201.6422,5.2824
185.4205,-91.8591,2.2155
114.6833,-115.1770,2.0517
35.5940,-142.5272,3.7586
33.9280,-143.7725,3.6329
37.3427,-143.2979,3.6427
38.1804,-144.0909,2.5574
-118.3283,-197.6606,5.0333
188.7595,-93.4410,1.6547
49.3753,-141.5851,2.5383
36.9444,-146.0717,3.6753
38.4496,-147.2952,3.7945
38.7456,-147.7007,3.4678
37.7567,-148.5423,3.0361
114.5996,-121.8202,2.1083
51.1503,-144.6557,3.3404
67.2245,-139.4178,3.6571
65.6230,-140.1942,3.4413
-95.0000,-198.0963,5.1855
-98.6031,-199.5501,5.1135
-97.5546,-199.6346,4.8403
-62.0617,-187.4329,4.6410
39.9194,-150.8690,3.3447
-107.5071,-204.1180,3.6542
-116.4111,-207.9196,3.5517
68.2395,-141.5851,2.4814
37.0399,-153.7802,3.2615
56.7977,-146.5856,2.7086
-91.9644,-201.7313,3.6058
-95.2977,-203.5436,3.8381
-92.0577,-202.3990,3.8659
54.9315,-148.5542,3.5420
-94.6602,-203.7942,5.3932
-62.3715,-191.9835,4.9480
-82.9915,-199.8082,5.1761
116.4518,-126.2575,2.5555
-83.7805,-201.0184,5.2180
71.1628,-143.7858,2.6055
-83.1730,-202.0800,3.4006
-92.0808,-205.4598,3.7326
-87.6744,-204.1908,4.7092
-81.9348,-203.1990,3.4877
-83.9570,-204.6621,5.1273
-79.5992,-203.5784,3.7792
54.0071,-152.8164,3.3816
-88.0959,-207.0168,3.9153
58.3597,-151.2658,2.7952
-86.3749,-206.4290,4.6397
38.8350,-158.9588,2.4571
-85.3784,-206.4953,3.8240
161.3944,-112.4275,1.9528
160.5739,-112.7783,1.9800
-61.0094,-197.6199,4.1088
-77.9971,-204.1388,3.3166
-53.7177,-195.3218,3.4128
-93.0040,-210.8765,3.4768
-68.6904,-201.5196,4.9823
-93.3072,-211.2253,3.7875
-84.3098,-207.7964,4.0072
-95.0040,-212.1599,3.7839
-93.9120,-211.9027,3.6953
-92.5560,-211.9300,3.8954
-79.2434,-206.7722,4.5408
-71.0334,-203.6732,4.0117
135.4137,-123.8295,2.3327
47.3134,-158.1240,2.6958
-70.6783,-204.4002,4.1162
61.8721,-153.3652,2.7726
-94.0971,-214.8463,5.5378
69.9452,-150.5048,2.8518
-58.4788,-201.0151,4.5107
-57.8078,-200.8219,4.5168
45.3548,-160.6162,2.9384
32.5369,-165.7507,3.7138
40.6222,-162.6306,2.7144
-28.1829,-189.8114,4.0239
-84.9627,-212.3101,5.3161
31.9817,-166.4259,2.6800
-24.6229,-188.9014,3.9886
-28.4764,-190.7635,4.0624
-30.4866,-191.6713,4.3229
24.5997,-169.8487,3.1767
23.9094,-170.3502,4.1104
36.6290,-165.3070,2.9888
43.5354,-162.5832,3.2013
41.5470,-163.6007,3.7132
32.7569,-167.3063,2.5893
36.8608,-166.7220,2.7950
67.9920,-154.2755,2.5571
69.2454,-153.8577,2.3092
237.9109,-86.0745,1.2581
68.7480,-154.1115,2.8289
68.7171,-154.2719,2.3671
45.2443,-163.8055,2.8573
-86.7325,-217.0553,5.2411
-88.1272,-217.6592,5.5258
-120.3881,-231.3637,3.6922
23.6127,-173.1998,3.4790
71.0856,-154.1354,2.8143
-89.3300,-219.6300,4.5820
-91.4178,-220.4836,4.7882
-88.7202,-219.5814,4.8865
-96.6920,-223.1798,4.0215
-84.3145,-218.5133,5.2307
-56.3464,-207.2067,4.6474
50.5181,-163.9060,3.8609
-57.0710,-207.9947,4.2154
-121.9125,-234.5959,5.0666
-56.2023,-207.6839,3.5677
-58.1826,-209.0669,3.6626
-63.1496,-211.4496,4.2029
-62.2764,-211.1137,3.9343
-59.6890,-210.1957,4.1334
-58.9026,-209.9205,3.8459
-67.9830,-213.7027,4.2466
-94.3981,-225.2247,5.5497
-61.0903,-211.5630,3.2889
-66.9675,-214.1537,4.9872
72.5540,-156.5495,3.1581
-45.0006,-205.9240,4.0045
-44.0267,-206.1692,4.1422
65.8354,-160.7485,3.6104
-56.1325,-212.4283,4.7806
75.3214,-158.0683,3.2924
-33.9281,-204.7101,3.1997
-33.8114,-204.7040,3.2442
193.2634,-108.4629,1.9009
74.9343,-158.9926,3.3835
57.5534,-166.5600,3.6087
-53.3108,-214.5141,3.4532
74.6531,-160.3350,2.3217
40.6072,-175.5702,2.7585
40.0067,-175.9149,2.7439
-95.4111,-235.8618,3.9469
-53.8277,-218.1522,4.4050
136.5544,-135.4591,2.9674
40.9036,-177.4584,4.0849
47.3888,-175.0005,3.4148
22.6207,-186.6283,3.2923
25.1331,-185.5888,3.2560
26.3772,-185.8631,2.8958
131.8881,-139.4799,2.4408
-51.8288,-221.3545,3.4899
-91.4443,-239.0767,5.0660
-89.4913,-238.2308,5.0491
135.5689,-138.1769,1.8132
78.5331,-163.8157,2.9220
7.0240,-196.1306,3.2035
47.5920,-177.9902,3.0771
5.1215,-197.3418,3.3897
82.3566,-163.2990,2.5840
190.2007,-114.8897,1.4178
193.1564,-113.5706,1.6783
63.5570,-173.1506,2.5681
64.8885,-172.9929,2.9975
12.3419,-197.6000,2.9688
85.8346,-164.7513,2.4261
25.9837,-193.8540,3.1916
-48.2244,-229.3229,4.5338
71.6488,-174.5734,3.1528
84.0575,-169.7036,2.5188
83.8194,-170.5839,2.7027
195.6738,-117.3560,2.2254
49.1280,-187.5246,2.6536
87.9428,-169.1456,2.7306
75.5093,-175.6579,2.5838
196.2631,-118.3705,2.2468
-71.0634,-248.2184,3.8795
-33.2444,-230.2366,4.7688
94.5409,-168.3748,2.6489
73.4323,-179.1784,2.5881
72.1686,-180.7301,3.4374
25.0560,-204.2631,3.7884
20.4795,-207.7462,2.9163
22.3260,-207.7196,2.9232
27.5630,-205.6231,3.0023
19.6846,-210.9878,2.8356
17.7408,-212.4104,2.8876
28.4676,-207.2096,2.8260
28.8556,-207.0716,3.3509
17.7543,-212.7285,2.8834
27.2165,-208.0020,2.7219
-92.8660,-269.6707,3.6655
24.7564,-209.9902,4.2089
29.4642,-207.7449,2.8824
28.5019,-208.2545,2.6792
38.2928,-203.3057,2.6818
23.5035,-213.0628,2.8985
-26.8686,-239.6081,4.2445
-20.5119,-237.5339,4.5969
-18.0922,-236.5143,4.4552
139.0476,-154.9121,2.3897
198.0926,-124.7997,2.0389
270.4177,-87.5181,1.0630
271.1476,-87.2587,0.8801
198.4220,-126.3112,2.0497
198.2512,-126.4114,2.0561
-27.7468,-247.8440,3.4301
-27.4410,-248.3407,4.4098
-29.5248,-249.6288,4.6978
-27.5918,-250.4619,5.1128
-33.1070,-259.5739,3.6022
67.0799,-208.7954,3.0935
68.9745,-208.0075,3.0178
65.8736,-215.6215,3.5182
-28.2202,-280.3503,3.9162
90.6008,-208.1357,2.7912
-28.9340,-281.7206,3.2838
65.8132,-225.2590,3.4315
-27.3970,-283.5196,4.0499
-26.5602,-283.5069,3.3408
-32.2396,-287.5456,3.4842
-31.5238,-287.2914,4.0246
92.4885,-209.9307,2.7375
57.8492,-231.6416,2.8102
-27.0574,-290.8091,4.9972
18.7776,-261.6063,4.7061
188.2237,-153.2900,1.8291
-20.6905,-288.7291,4.3812
188.4584,-154.1586,2.0181
182.7817,-158.5333,2.1806
183.1296,-158.3983,2.1116
181.9160,-159.2082,1.9909
182.0424,-159.3419,2.0709
188.3754,-155.4274,2.1642
186.1815,-156.9800,2.2193
193.8455,-157.6660,1.9460
95.8792,-224.5092,3.6542
9.7458,-283.2924,3.1016
97.2663,-223.7866,3.2647
97.9912,-223.3009,3.2678
210.5790,-146.6195,1.5044
202.0833,-152.4634,1.8478
203.4489,-151.6399,1.8738
186.2041,-163.9954,1.9617
5.5122,-289.9846,3.7500
192.0357,-161.1312,2.0550
194.1549,-159.6713,1.9449
191.1102,-162.0107,2.3447
5.2252,-291.2498,4.8894
144.9852,-195.5846,2.8913
21.8064,-285.1051,4.6901
71.1941,-250.3502,3.2357
147.6106,-197.1713,2.9409
187.4011,-173.7388,2.6560
76.3310,-260.0031,3.8662
77.7156,-259.9979,2.8124
196.2058,-171.5570,2.3675
71.9577,-266.4905,3.0469
186.4834,-179.1998,1.7507
71.8018,-266.8022,2.6078
189.4168,-177.2537,1.6401
71.9763,-267.3384,3.3062
194.5880,-173.4676,1.7942
73.2414,-266.4809,3.6031
73.7795,-266.0771,3.9140
74.3295,-265.9648,3.4483
71.1989,-270.6337,4.2982
70.4957,-271.5633,2.9493
202.8543,-170.1703,1.6777
265.4203,-121.3400,1.0237
109.6425,-245.6343,3.1300
107.8872,-247.2410,3.1996
104.6254,-250.2377,2.6416
188.6881,-186.6639,1.7860
134.0961,-231.9244,2.4637
111.2760,-251.5325,2.3830
100.2538,-267.1184,4.0413
201.9520,-191.0566,2.0276
201.1671,-192.0794,2.0833
135.8069,-251.0291,3.5998
134.3911,-254.4163,2.2315
177.3556,-220.3039,2.2320
239.2771,-166.2622,1.5137
228.5208,176.1274,3.0944
226.2936,177.3070,2.8702
219.3509,183.7611,3.6852
224.2867,177.1478,3.4885
224.2002,177.1669,3.4332
226.4706,173.9531,3.4912
222.9600,178.2868,3.3916
245.2469,144.8405,3.1885
215.7947,178.6180,3.5555
157.4924,244.3596,4.2395
157.1437,244.1841,5.3399
156.5376,244.4213,4.2338
166.0888,233.1264,4.9509
158.1788,242.3074,5.0443
154.8896,246.0812,5.0564
158.0725,241.8317,5.2662
163.8837,234.8459,4.7197
213.3665,167.0824,2.9638
258.4125,115.1902,2.8406
189.0718,190.6951,4.3375
194.6592,184.2193,4.1644
259.4910,112.8033,2.1618
115.4646,268.2279,4.7881
116.3265,266.6039,4.5420
262.6836,105.3358,2.3244
262.1203,105.8963,2.4047
262.8496,104.6459,2.6853
259.8236,105.8344,2.5406
258.8685,106.7744,2.6780
224.0849,142.7466,3.4937
224.6338,141.1461,3.1673
160.2265,205.0698,4.3985
223.2618,139.8316,2.5925
160.4875,203.3848,3.7519
221.0378,140.1057,3.3100
160.5750,199.2144,4.2384
160.0859,199.6742,4.2351
99.1334,260.3146,4.8907
85.4057,272.5429,6.2298
161.2353,194.8286,4.3186
159.8541,191.3189,4.7711
158.2593,191.8815,4.5579
214.5126,137.7294,2.7787
216.0608,133.4115,3.4049
67.2791,269.5951,5.9760
212.2059,135.5025,2.6343
259.3827,91.6715,2.5324
211.0487,136.0643,3.0856
54.1550,278.9058,4.9682
66.9644,266.8114,6.6164
258.5863,89.3899,2.3662
33.2056,287.2219,5.5928
202.9238,136.4880,3.5076
260.0584,84.0263,2.0553
200.1066,135.7519,3.7632
50.7548,263.8244,4.9258
260.1076,83.2359,2.4679
28.8845,281.4187,6.0974
63.2339,250.7753,6.0252
83.6074,232.1951,4.3678
84.3249,231.5727,4.4342
83.7470,231.9206,5.9046
82.1169,232.7671,5.3628
194.1252,137.3998,2.8235
79.5929,233.9594,5.2776
75.8791,235.2478,5.9139
26.2362,276.8965,5.6464
193.9852,135.9563,2.8210
79.1061,231.6855,4.4321
78.7603,229.8455,5.7164
96.1169,214.7075,4.9629
78.4056,229.3485,5.2282
191.0518,133.1239,3.2979
75.7281,225.9587,6.0816
140.0635,173.3380,4.0995
108.4510,192.4866,4.9556
113.4832,188.4645,5.0255
72.0286,220.4942,6.0643
40.4831,245.1880,6.6114
121.6712,179.8770,4.0677
118.7771,181.7275,3.8269
119.8374,180.6093,3.7046
14.0081,260.9761,5.7260
134.3100,165.1770,3.5612
224.6868,96.7285,2.4265
130.1625,168.2435,3.7183
-20.9556,278.5958,5.8280
204.8432,109.3169,2.6115
-4.8597,263.4843,5.4514
129.5512,164.1102,4.6212
63.5858,212.0805,4.8155
62.5665,211.3699,4.7870
50.2102,217.8445,6.0755
75.2923,191.0844,5.4855
215.1943,93.1735,2.7840
90.8634,178.9835,5.0403
199.0840,103.3245,3.2923
201.4182,101.7037,3.2093
15.5583,228.8571,6.2832
12.0287,231.2124,6.3143
76.5874,184.3156,5.4292
11.7704,227.6453,5.3385
254.2032,63.5732,2.3242
248.1031,67.6114,2.3049
255.4658,62.5952,1.8803
258.5697,60.4705,1.9379
254.6305,63.1123,2.0439
58.4047,193.1282,5.0571
152.1871,127.2481,3.3632
153.7316,125.2589,3.6619
6.8087,219.7916,6.4669
-11.8771,229.7907,6.9516
6.4749,218.0108,5.6988
147.7665,126.7622,4.2400
8.1038,215.2805,5.0566
272.2215,46.9828,1.7078
-72.5732,266.5101,6.9939
26.1824,202.9596,5.4937
40.7694,193.4591,5.3460
76.9672,170.3272,4.9978
53.0798,185.2300,4.6024
26.7287,201.6315,5.4667
25.2250,202.3466,5.7484
-42.4379,244.1174,6.1493
7.5867,208.9857,6.8009
19.0459,200.6332,5.0911
15.5427,202.3939,5.7481
8.2740,206.6208,5.1713
257.5195,53.1666,1.7241
36.2213,188.4188,5.9356
206.7304,83.9312,3.0366
140.6697,122.9708,4.3900
16.1311,198.3142,5.1754
37.0010,185.3637,5.3433
71.2260,158.6672,4.6995
71.9930,157.7591,5.1747
-6.3116,203.4110,6.0250
41.4469,174.2687,4.9232
20.6085,186.1824,4.8194
-117.5617,265.4132,8.4987
146.1229,112.6701,3.7567
24.1936,182.5835,6.2631
41.2753,170.8921,4.8443
209.0907,75.1444,2.9772
10.0459,187.3285,5.1711
47.7906,165.9448,4.2855
43.3861,168.4165,5.4137
142.5365,112.2354,3.5069
212.6363,72.4788,2.4038
17.4326,181.7937,6.3607
23.9349,177.8319,5.7626
-127.2570,261.8524,7.7767
209.4895,73.1320,2.2851
-8.4218,194.5782,5.2014
-7.2983,193.8599,6.6235
-3.4944,191.3972,6.6109
206.2633,74.1050,2.6574
207.1040,73.6165,2.8972
142.9999,108.8304,3.9541
210.0089,71.5046,2.4306
127.2013,116.9865,4.2937
-6.7220,190.2058,6.7610
-7.7094,190.2994,5.8395
-9.7959,191.1555,6.5994
0.1307,184.7079,6.5623
-0.4160,181.1520,6.1532
-3.5792,182.7470,5.6124
2.8632,179.1076,5.9782
4.1146,177.8521,5.8830
7.2941,175.5082,4.8062
3.5195,177.2994,5.3293
-19.6589,189.5220,7.0009
-6.9310,182.7342,5.0786
-118.7205,240.5405,6.3138
-131.1092,246.4774,8.1831
119.7289,114.4515,4.6005
-9.7423,182.3954,5.4318
-126.6541,243.2928,7.7851
-133.1065,245.8918,8.3723
-12.0735,181.3972,6.5610
-123.8024,235.4303,6.8435
144.5146,97.1870,3.3045
-119.5903,230.2812,8.2791
31.7665,153.6546,5.5114
-116.3178,227.7708,6.7662
-118.2266,227.9603,7.9945
-111.1240,223.9341,6.1097
-117.8024,224.2598,8.5886
-32.8561,181.9809,5.6062
-130.7321,229.9067,6.8897
-131.2503,229.2694,6.4863
-73.4020,200.1797,7.8333
100.1445,114.6914,3.9283
-17.7346,171.6663,5.5452
-18.3453,171.8476,5.7774
63.1365,131.7367,4.4552
63.4514,131.1255,4.0933
-79.2219,198.1458,7.3657
-100.8546,208.1241,7.2792
-9.3642,163.6891,6.6205
-116.6755,213.7799,7.2464
-116.5159,213.6922,7.2197
-115.9733,213.3225,6.5319
-134.1517,221.3682,8.3586
73.4952,122.7032,3.8509
-98.4908,204.1358,7.2124
-34.1217,173.2361,5.7492
-96.8251,201.8239,6.7997
-22.2358,165.2757,5.0200
-26.2350,166.5947,5.6155
-23.7734,165.2804,5.2228
-93.3043,197.2056,6.8687
-13.0310,158.9382,5.0424
96.0438,108.3278,4.4312
-19.1394,161.4046,5.0295
167.5960,74.9518,2.8773
162.6909,77.1522,2.9421
-89.7855,193.3739,5.8812
169.4582,74.0221,2.6786
-90.8641,193.7616,6.0155
-91.3959,193.9863,6.0425
-14.2975,158.2178,5.5677
63.8843,122.2047,5.2227
-13.9361,157.6483,5.2952
148.5795,83.1471,3.8259
-147.2935,217.6838,7.3797
-25.0287,161.5320,5.0012
-79.3209,186.2208,7.2818
-34.2835,165.6236,5.9856
-113.2758,200.9145,7.2311
-104.9386,197.0960,7.0225
251.8865,35.0986,1.7944
-17.9526,156.9723,6.0090
-164.8618,223.1048,8.4446
82.6617,111.3006,4.4986
-150.4411,216.0585,8.6766
85.4396,109.5327,4.2934
-29.3640,161.1177,5.2376
-150.5608,214.7059,7.0997
-5.6606,149.1810,6.3468
93.0812,104.9844,4.7485
-22.1510,156.1613,6.3395
-26.9336,158.2540,6.4301
-151.3150,213.2870,8.8925
-3.7432,146.6070,6.1399
-9.5247,148.7279,6.5553
-78.9392,178.9874,5.7983
-30.5031,157.1055,6.3935
-26.2401,155.1781,5.8918
-28.6817,156.1112,6.0159
-23.9040,152.9853,5.1756
-16.7109,149.6729,4.9633
-112.9754,191.1437,6.0944
-31.7541,155.4486,5.0928
-63.6711,169.2719,6.7726
-22.2470,151.0533,4.9774
-62.6031,168.4478,6.7421
156.5772,73.5651,3.8010
-63.9308,168.7928,6.1188
-24.8458,151.7614,6.8352
-70.9879,171.5994,6.2158
85.9874,103.3634,3.6154
-62.2772,166.7805,5.9729
7.8788,136.4825,5.6567
-172.8853,213.2332,7.9811
-172.0833,212.8401,7.8991
-61.5516,165.3965,5.6498
-114.4312,187.4793,8.3075
-174.3679,211.6455,8.1845
9.5653,133.6420,5.8024
-105.1938,180.0003,7.3103
-174.5370,208.4547,8.8273
176.6242,61.4897,3.2035
-122.2344,185.6257,7.5118
-68.3931,163.0984,5.7619
-20.2047,142.9085,4.8911
-36.1646,149.3004,6.0686
-162.9290,201.7858,8.3308
-32.4138,147.3984,4.9597
-164.9513,201.6950,8.9747
-71.9632,162.7868,6.3252
-162.9091,200.1083,8.7686
-72.0259,162.7156,5.8346
-197.4237,213.7078,7.6735
-73.5000,162.7735,6.3965
-36.0074,147.0603,5.9596
-34.6676,146.3288,6.1014
-136.9983,187.8018,8.6320
-75.5578,162.1100,6.5411
-19.5294,139.2707,5.8868
-187.9039,206.7154,7.3183
-36.5801,144.9384,6.6756
-40.0745,146.2471,6.7283
-40.2306,146.1032,5.7467
-35.6387,144.2323,5.3827
-37.9161,145.0811,5.6718
-137.1261,184.8558,7.9392
-184.3088,202.9097,8.9412
-122.2721,176.9740,6.0333
-123.5049,177.3919,8.0155
-33.3249,140.9816,5.3817
-37.5637,142.4803,5.2029
-185.8365,201.0382,8.4838
-188.2537,200.8516,7.9260
-179.2522,197.2781,7.8056
-188.9682,201.0210,8.0772
-190.9015,201.4627,8.3284
-20.6650,134.2712,5.5059
-49.7504,144.9540,5.4897
-52.4075,145.8871,5.4062
-146.4438,182.6906,6.2512
255.8469,25.0011,1.6619
154.4925,64.2386,2.8184
94.6809,87.0729,3.9287
23.5055,114.6062,5.3549
-71.0796,151.1835,6.8957
-72.6071,151.7679,6.8231
-70.3255,150.8835,6.9451
-126.4738,172.3063,8.3051
-187.8450,195.3311,9.3052
-186.6206,194.7714,9.2755
-147.2701,179.3973,7.1121
-187.0156,193.8137,9.1004
-91.4853,155.4821,5.9903
-23.5737,129.4975,5.9191
-23.4498,129.4307,5.9353
-146.3963,175.0356,8.2657
-64.0679,143.4719,5.4910
-147.3853,174.3122,7.5876
-145.7012,173.6697,7.2592
-146.1783,173.7052,8.6475
-145.0812,172.8243,7.9928
-148.6856,174.0185,6.9801
-149.2556,173.9520,6.2593
109.2639,77.3468,3.4648
109.3141,77.2498,3.4448
174.2231,53.0592,3.2490
-144.6766,171.3601,8.6269
-115.6335,160.5459,7.5948
-149.2493,172.4485,7.5165
-191.3635,187.0836,8.8275
-193.7423,187.8599,7.6747
-196.8032,188.7881,7.6409
45.0279,99.4846,4.0527
-201.5140,189.9863,7.7757
-141.0393,167.7167,6.5874
44.8780,99.4081,4.2066
-190.1674,185.4870,9.1492
-200.3152,189.0644,8.9698
-126.2033,161.2967,7.6719
45.4329,98.5739,4.5522
-136.1549,164.5024,6.4883
-173.3747,177.9883,7.8785
172.8897,51.8116,2.7509
-206.2184,189.7100,8.8392
-206.8255,189.8949,8.5611
-200.6397,187.5452,8.3456
-203.5871,188.5896,8.3100
-103.2228,151.6895,5.8328
100.7583,77.7074,4.5099
-199.0064,186.1939,8.6447
-206.9393,188.8086,9.2283
-205.8154,188.3321,8.0089
-203.1265,187.2138,7.9571
-34.4330,126.1556,4.8883
-206.6920,187.8337,7.3751
-173.6613,175.4820,7.6395
-173.0915,175.0469,7.1691
-20.3609,120.1789,5.1216
111.2717,72.8332,4.2379
1.7169,112.1289,4.5835
-22.9848,120.9288,5.3204
-22.0256,120.4090,5.0691
136.0791,63.3272,3.6885
-155.4542,166.7745,7.9710
-20.6623,118.7306,5.3890
-122.2894,154.5332,7.9750
-155.1616,166.0656,8.3994
-24.3915,119.4702,5.3235
-25.7962,119.7909,5.3623
-22.7531,118.7153,5.1770
-45.5937,126.7397,6.3548
-164.8329,168.6762,8.1755
-23.6809,118.8092,5.0640
-123.9918,154.1282,7.7022
-149.8627,163.1701,7.6539
-125.2102,154.3691,7.6791
-167.0598,168.5903,6.6734
-160.7108,166.1512,8.8172
-170.4727,169.5665,6.9370
-79.1365,137.3740,5.4716
-164.4464,167.2711,6.6575
-22.2332,117.4006,5.1482
-24.4973,118.1933,5.1857
-157.2233,164.6538,8.6091
114.5164,69.2390,4.3603
-170.8085,168.8034,6.5782
-164.4505,166.2966,7.7016
-168.6418,167.7138,8.2459
-154.0735,162.5082,6.7387
-153.6159,162.0871,6.5018
114.3422,68.8035,3.6749
-160.0417,164.2866,8.5891
-174.1895,169.1628,7.1230
-161.2387,164.6509,8.5028
-157.7970,163.4345,8.5570
-164.6238,165.7953,8.1401
-160.8819,164.4539,8.6303
-162.6472,165.0195,7.9364
-170.7214,167.7325,6.7650
-169.1048,167.0912,6.4530
-183.9671,171.8787,6.6075
-20.2824,114.9502,5.1015
-120.0706,149.4253,6.0260
-160.4018,163.2223,8.6076
-164.3749,164.5683,8.0728
-126.2564,151.3781,7.1630
-154.9871,161.1348,7.9746
-130.7084,152.6165,8.2727
-160.0923,162.6133,6.5025
-124.4875,150.2804,7.9794
-132.7884,152.7922,8.0720
78.0684,80.2112,3.8361
36.9190,94.3158,4.6842
-176.2411,167.6322,7.1139
-124.3981,149.3571,7.6627
-123.0497,148.4245,7.9785
-119.6793,146.3798,6.5803
136.8643,58.8221,3.7438
77.5113,78.5185,3.6906
73.9743,79.7049,3.8630
79.5289,77.6797,3.7075
-120.9588,145.3078,7.7079
-23.8208,111.9924,4.7772
102.1665,69.4801,3.9564
-118.8395,143.5664,6.3592
-130.1553,146.2818,6.4846
-115.5310,141.3199,6.9717
-80.5184,129.5213,7.0363
-116.0411,140.8776,6.6405
-72.5415,124.8322,7.2404
107.4259,65.6511,3.9523
108.2871,65.3549,3.5706
168.0172,45.6762,3.3684
-110.6075,136.7402,6.6997
-75.2505,124.8673,5.3283
-70.6353,123.0770,7.0951
-233.0885,175.9493,9.6416
-69.3782,121.7344,6.6697
-84.3333,126.4391,7.2193
-75.5848,123.3239,7.2340
-74.8278,123.0174,7.1661
25.2650,90.5948,4.3839
-74.9160,122.4947,5.9919
26.4034,89.8583,5.5721
-106.3009,132.4824,5.7354
-106.9270,132.4834,6.2817
225.2762,25.7582,2.5293
-34.5640,108.6729,6.0483
-80.3425,122.6027,6.0138
-79.7813,122.1338,6.3520
-8.5347,99.2348,4.5686
-184.5574,154.9891,7.8157
-7.9829,99.0379,4.5603
-34.8020,107.5160,5.0425
-2.3271,97.1648,6.1699
-33.7029,107.0140,5.1129
220.0137,26.5755,2.1419
-19.8426,102.1452,6.4052
-221.5040,165.3368,7.6078
-9.6960,98.3049,4.6441
173.5969,40.8137,2.7695
-36.6294,106.6905,6.0456
106.5736,61.7907,3.2263
-35.2880,105.9822,5.8739
-35.0232,105.8526,5.8141
-39.1754,106.9982,5.1080
-41.0959,106.2276,6.2488
-83.5035,119.2000,6.8322
-86.4143,119.6797,7.3924
-172.0894,145.3140,6.5097
-74.4210,114.6467,7.1731
-52.6169,107.7785,6.2848
-54.8253,107.2875,6.0793
-79.5216,114.4908,6.2474
-54.5351,106.7806,6.1941
-173.6511,141.3802,8.3905
-176.5994,141.9055,7.7887
-75.9733,111.6292,5.3345
-177.2650,141.3916,7.8854
-78.7766,111.7151,7.1048
206.1909,27.2780,2.2528
-76.1171,108.8362,7.3560
-76.9622,108.8474,7.0928
93.0246,59.1882,4.6674
-179.3813,137.9738,7.3836
-175.0208,136.4655,6.6195
-191.2237,141.0761,8.7249
-80.2508,108.2382,5.4568
-226.1483,149.3014,8.8234
-170.3188,133.2399,6.6088
-218.8955,146.5352,7.4312
-218.3653,145.8862,7.3860
-86.5682,108.3988,7.4740
-22.8427,90.2628,5.3144
-74.6992,104.5241,6.6481
-24.8434,90.3909,5.6615
-22.9997,89.6741,5.7015
-71.3037,103.1616,6.0538
-230.0219,147.8064,9.5677
219.1632,21.0551,1.9432
-230.1778,147.2477,9.7279
-71.5375,102.5321,6.1905
-74.1798,103.2603,6.5481
-73.4436,102.9736,6.9267
13.6511,78.4608,5.2905
13.8538,78.2434,4.7755
14.7002,77.9842,5.4065
16.1487,77.4882,4.7673
-182.9913,132.9054,6.8988
-181.6286,131.5972,7.7978
-37.3483,91.3217,5.3006
49.8884,67.1352,4.6714
-238.9584,146.6907,8.6666
-64.9242,98.5623,6.6414
-67.9154,98.8301,6.0454
-66.4361,98.0532,5.8018
-70.0008,98.8318,6.2269
219.0093,19.7867,2.0662
-70.9136,98.7400,6.7799
-73.0151,99.2542,7.0701
-71.3874,98.7627,7.1123
-67.0286,97.4695,5.3816
-68.6438,97.9068,5.4855
-73.9368,99.2891,7.1148
-36.7155,88.7517,5.1147
-65.1285,96.4225,5.2657
217.6637,19.7807,2.4735
-167.5924,123.8415,8.3298
-187.9667,128.9359,8.5494
-150.7005,117.7155,7.7588
-153.7812,118.1735,7.7909
-153.3987,118.0285,7.5891
-154.5179,118.3219,7.6054
4.9843,75.7370,5.4653
-73.6363,96.5254,5.5402
-236.1381,139.7214,8.0621
3.9988,75.4591,5.9582
-151.1865,116.3343,8.2817
-238.0119,138.8689,8.1045
-155.0481,116.9506,8.1520
-155.2274,116.9258,7.7759
-154.3964,116.6909,8.0492
3.4797,74.8870,5.7126
-94.7000,99.7231,5.7969
-171.6752,118.9233,7.5821
59.3550,58.7672,4.5450
0.5352,73.8632,4.5889
-96.2915,98.8815,6.0078
-163.1410,115.6912,7.9427
-35.2479,81.9021,5.2758
-42.1379,83.3737,5.1076
-40.3949,82.6906,5.2121
-201.0459,123.4031,6.7694
-172.5677,115.7824,7.4003
-171.6362,115.4902,7.4036
-38.2603,81.5424,5.2029
-41.4850,82.1521,5.2384
-39.5139,81.0208,5.9089
-149.8240,107.2266,7.1754
-148.6784,106.3496,6.3663
-196.5418,117.8051,8.2150
-238.9520,128.2430,9.3915
-151.4582,106.3893,6.1404
-209.3772,120.6184,8.3850
73.7436,50.5080,4.6006
-170.4538,109.6696,8.6798
-52.5773,80.8643,6.6952
-164.7609,107.9159,8.5843
-236.6800,125.1831,7.5457
87.3478,46.5697,4.3768
90.4597,45.7976,4.3260
-236.7384,124.6309,7.1570
-172.0550,108.8167,8.4720
-170.4499,108.2917,8.4597
-170.6815,108.2527,8.0509
-159.0991,104.7245,8.1781
-165.6115,104.5607,8.1945
-152.8991,100.7490,7.0634
-193.8958,110.3689,6.9636
-166.7556,103.9877,7.9471
-157.2124,101.7210,7.1482
91.7645,43.1511,4.4819
-184.0859,107.7246,8.6402
89.3207,43.6127,4.6064
94.4034,42.2789,4.2919
-200.7035,111.0901,6.9168
-71.0014,80.7472,5.1635
-195.7861,109.7693,7.5365
217.2843,13.4445,2.3822
-187.0880,106.5473,8.8940
-184.1089,105.8397,8.8316
-182.8853,105.2926,8.5421
-5.1630,63.7794,5.7777
-3.5498,63.0975,5.0704
-262.3676,121.9695,9.1091
91.6893,41.1032,4.1852
-187.0266,104.2586,8.1106
-195.7261,105.9982,7.8020
24.2687,56.0709,4.5494
-262.5913,119.6928,8.7198
142.2181,28.7421,2.9533
-85.3951,79.5505,7.0322
-86.3898,79.4499,7.1927
111.4246,35.2759,4.0101
10.3502,56.7563,4.7820
11.0799,56.5937,4.7631
-227.1099,108.9470,8.7372
-43.2083,67.7390,6.5167
-29.9555,64.4666,6.1609
-188.4748,98.6241,8.5985
-54.1174,69.1121,6.5762
-195.6172,99.6381,7.9139
-265.1878,114.6424,7.3805
-188.1067,97.8359,7.7086
-267.4469,114.5330,10.1512
-57.5332,69.1673,6.3271
-116.6901,81.7412,6.8972
-268.4236,113.7655,10.1592
-115.6516,81.0766,7.5591
-47.6692,66.2359,6.7059
-143.8810,86.5964,6.8027
-146.1358,87.0630,7.2076
64.8706,42.1877,3.7581
-142.2323,86.0817,6.8189
108.5542,32.8798,3.1234
-143.9487,86.2276,7.6096
-52.5480,66.6129,5.5799
-54.1770,66.9298,4.9857
-267.5479,111.6037,9.9759
-60.8033,67.7867,5.9419
-192.3848,95.3301,8.0104
-53.3117,66.0839,6.0707
-268.5583,111.0459,9.9629
-60.8341,67.3399,6.5502
-53.8595,65.8029,6.4190
-51.1909,65.2417,5.9237
-47.6755,64.4945,6.7620
-50.8090,65.0978,6.8183
-49.4370,64.7943,5.6478
-193.0467,94.5633,8.2285
-192.3459,94.3651,8.3037
-41.3448,62.7997,5.2893
-46.7425,63.6599,5.3576
-190.6784,93.4039,6.7930
-189.6025,92.4614,7.2666
-50.6586,63.2779,5.3132
53.3799,41.4413,3.9129
-55.0028,62.4801,6.6220
50.8892,40.7455,4.2232
107.4145,29.3878,3.4055
-268.2347,103.8128,7.8642
49.9537,40.5738,3.8044
43.7915,41.5154,5.2812
45.7075,41.1139,3.8581
-270.0611,103.0789,9.0012
-100.0518,69.4981,6.4945
39.7931,41.9525,5.0590
-76.1986,64.6195,6.9569
-268.5780,102.2773,9.4360
-130.4820,75.0476,6.3775
-100.1160,69.0854,6.3532
-268.0832,101.5552,8.9606
-267.2787,101.3734,9.2250
-125.8382,73.6691,6.6598
81.5345,33.3177,4.4012
-134.6993,74.8280,7.2874
19.9452,44.7860,5.1533
-256.2470,97.9786,7.2562
-273.9444,101.2723,9.1022
187.1359,12.3671,2.7778
-254.9412,94.6396,7.4528
20.3312,42.4881,4.6827
-256.2966,94.1139,9.3835
-256.9526,93.5641,9.6644
72.9021,30.7874,3.8616
-158.3655,72.6181,8.1316
-160.3937,72.0223,6.4311
106.8379,24.1037,4.1546
-230.7074,84.4757,7.0670
74.5630,29.6523,4.0730
76.3166,29.3025,3.9954
-79.0985,57.0128,7.1058
-91.2039,59.1624,5.3787
-229.4446,83.8114,7.4635
77.1745,29.1235,4.0547
78.5274,28.5363,4.0638
-74.4888,55.5934,6.8682
59.8796,31.2384,3.9943
-72.3793,53.9150,5.3893
-77.1044,54.6071,6.8296
-70.3812,52.8642,5.1789
74.0393,27.5702,4.0902
73.6371,27.6221,4.3337
-32.4646,45.7430,5.2802
-233.1362,80.0444,6.8809
-118.6530,60.2993,7.0539
-118.3600,60.1768,7.1069
-119.4015,60.3149,7.4808
59.9430,29.6922,4.0821
-78.1074,53.1963,5.1891
-72.8778,52.2824,5.1519
72.4384,27.4667,4.3300
-76.8157,52.8745,5.8722
-33.3539,45.4454,5.6568
-236.7684,80.0040,7.7589
-75.9095,52.6250,5.3657
-88.8959,54.4713,6.3163
-121.0141,59.8346,7.7666
-98.4349,55.5910,6.7158
-73.0930,51.2514,5.3107
-88.4497,53.7932,6.6336
-98.5274,55.3873,6.4396
-73.9437,51.2425,5.6993
-102.0619,55.9601,6.5613
-87.5107,53.1937,6.4425
-86.5924,52.8723,7.1742
-67.0100,49.5495,6.6469
-234.5587,77.4578,7.7887
-66.7800,49.4776,5.3002
58.1563,28.6529,3.9394
-75.0860,50.8356,5.7567
-99.2895,54.8354,6.9315
-71.5137,50.1473,5.1928
-83.0811,52.0254,7.2231
61.2048,28.0215,4.4133
-83.0136,51.9196,7.0274
-75.1488,50.4620,5.6481
-88.7456,52.6529,6.6498
-97.2757,54.0490,7.3051
-279.1802,84.0534,9.1149
-79.5146,50.9742,6.7777
75.4658,25.2676,4.0764
-94.4388,53.2839,7.2577
-235.0783,76.4707,7.1651
-85.3591,51.7761,5.5673
-79.7314,50.8480,5.6371
-95.3989,53.4123,6.2888
70.2799,25.9124,3.6514
-83.4162,51.1322,5.2995
-86.8112,51.6691,5.8840
68.2497,26.1826,4.2629
68.7382,26.0503,4.6207
103.0958,20.4101,3.5305
66.0508,26.4655,4.4406
60.1699,27.2430,4.7654
51.7504,28.4150,5.1678
66.9531,25.8856,4.8724
-87.4383,50.6474,5.4057
86.1535,22.5248,3.6156
-87.6885,50.3581,5.7302
-70.2065,47.4428,5.1603
62.3998,26.0274,4.1825
63.9228,25.6873,4.4455
-69.1824,47.0016,5.1015
-76.0072,47.3449,5.6079
-67.9665,45.3206,5.9837
273.1213,-8.2293,1.2954
-77.9935,46.8321,6.9628
57.2970,25.4136,4.8789
-81.3582,46.8166,7.1235
57.9151,25.1131,4.1447
-212.6364,66.5614,6.7915
211.1049,0.9770,2.6864
-268.5673,73.9255,8.7867
-78.5745,44.8132,6.8357
-81.1751,45.1580,6.6578
-64.5915,42.0656,5.4713
171.0933,6.4092,3.1732
-57.9110,40.8029,5.5436
-268.8076,72.3419,7.2619
125.1373,13.1588,3.7940
-55.9630,39.8304,5.1094
-263.1856,70.6169,7.3634
-210.9756,62.5401,9.1368
-83.1528,43.5208,6.5282
-228.4261,64.8720,8.8169
-215.9730,62.6511,6.6629
-205.7722,61.0718,7.4963
-226.1293,64.0010,9.0651
-52.4129,38.2644,5.6916
-217.4717,62.2618,9.0543
-54.6653,38.4510,5.7466
-188.6581,57.9807,8.7752
-208.6517,60.8901,8.8868
-77.4722,41.5955,6.0361
-210.2292,60.9361,7.9932
-213.9088,61.4289,9.2122
-218.0194,62.0136,8.9803
-19.4308,32.9550,4.8727
-57.1270,38.3790,6.6627
-215.8947,61.3025,9.2550
-214.4356,60.7701,7.4518
-215.4147,60.7822,7.4518
-209.4906,59.8133,7.7400
-4.2725,29.9107,5.0110
-66.0326,38.7485,6.4005
-147.5302,50.1530,8.1602
-9.9831,30.4133,5.5507
-209.3855,58.4415,7.4715
-201.8260,57.3516,6.9597
-205.4644,57.8374,7.0945
-203.7523,56.2577,7.1705
-252.6259,63.0451,8.3670
-145.0593,47.8233,7.3787
-209.7389,56.7963,7.8692
-198.0327,55.0130,6.9569
-144.9725,47.6423,7.6119
-86.2600,39.3185,6.1867
-188.1801,52.8056,6.9207
-226.4339,57.7624,8.3716
-184.8974,52.0631,7.0678
113.8291,11.1532,3.5675
-194.1679,53.1416,6.6245
-214.1737,55.6494,6.6287
-217.0649,55.8120,9.1793
-192.6661,52.4921,6.4963
-198.9341,52.9911,6.6303
-199.6562,52.9826,6.7215
-197.0911,52.5995,7.3205
-226.7344,56.5622,8.4369
-226.0391,55.7470,7.9261
-201.4202,52.3119,7.0958
-182.6827,49.5691,7.3861
-239.9188,56.8855,8.3499
-241.6710,56.2103,8.0489
-189.7691,49.2487,8.4340
-213.5366,52.2673,7.2764
-243.8030,56.0889,9.3998
-192.3166,49.1908,8.3965
83.1373,12.9288,4.4895
-231.0063,53.2837,9.3882
63.1972,15.4869,3.8775
54.9949,16.5352,4.1010
-229.2155,52.2355,7.8656
-205.2088,49.0634,8.3060
82.1136,12.2231,4.3023
-242.1559,52.9234,9.2660
-241.9221,52.5421,8.9675
-231.2372,51.0310,8.5510
-242.5547,52.0920,7.9817
-235.5455,51.1910,6.8800
77.1280,12.1825,3.6730
-187.5484,44.8651,7.4216
-193.0921,45.4649,7.7829
-90.9285,32.2502,5.7264
-47.9664,26.9500,6.5326
-43.3555,26.3038,6.4856
-241.9228,50.1879,8.7924
85.4282,9.9754,4.0098
-91.0040,30.8959,5.3322
-232.4924,47.5527,7.9906
-233.4652,47.6598,8.6234
-4.4778,20.3074,5.8400
-171.0284,40.0483,8.3829
-234.0858,47.1513,8.1834
-96.4216,30.6719,6.9710
-130.5181,33.9113,7.5941
-233.5353,45.7079,8.5003
88.9938,8.3645,3.3222
-128.0618,33.2088,6.5647
-154.8661,36.2355,6.4281
-229.3495,44.7371,8.6847
-233.8835,45.2252,8.5216
-237.5210,45.5298,9.3774
-234.1679,45.1432,9.1320
-141.0160,34.3750,6.0671
-137.2829,33.6908,7.4700
-148.6724,34.9503,8.1999
-132.0128,33.0458,7.0438
-130.6855,32.7982,6.8782
-138.7868,33.6198,7.5818
-154.8429,35.3959,8.1693
-150.1790,34.5999,7.3386
-132.7255,32.6097,7.3445
-145.4447,33.9844,6.9593
-148.5025,34.0583,7.7635
-98.2765,28.3547,5.7999
166.9825,-1.4691,2.9164
-137.1931,32.4070,7.0252
-134.2960,32.0705,7.6080
-137.5708,32.2321,7.2017
-158.9712,34.5534,8.3347
-234.5982,42.5372,7.8081
165.1508,-1.6181,3.0235
-165.2026,34.4385,8.3710
-197.3724,37.8760,6.9258
-198.6463,37.8372,8.1685
58.0697,9.3374,4.9938
50.5998,10.1194,3.7191
51.0591,10.0313,4.6986
-93.2865,22.8835,7.3585
59.9822,7.1958,4.0681
-140.0964,26.6836,6.5289
52.6407,7.2486,4.6335
51.4988,7.3464,4.6513
-103.4704,22.5415,7.1970
-58.3539,17.5900,6.4109
47.9082,6.9050,3.9383
-102.4856,21.4956,5.6900
-105.0622,21.7354,5.7308
-58.5278,16.5863,5.8253
-181.0770,28.0657,7.2679
-71.3195,17.1316,5.1530
-94.8602,19.2134,6.1835
-101.6511,19.7976,7.0383
-101.6391,19.7528,7.2477
-96.4858,19.2002,6.2440
-240.9566,32.5862,7.2984
-140.3801,23.0763,6.6872
-239.9556,31.7172,6.9028
-240.1892,30.2749,7.7856
-175.6703,23.1956,8.3852
-49.9912,11.8919,5.9992
-111.6096,17.1395,7.2425
50.8219,3.0118,4.4234
42.3998,3.1355,5.1583
54.4358,2.0952,4.8045
-132.3942,17.5134,7.3351
48.5616,2.3001,4.2716
-101.7727,14.6606,6.7437
-132.3211,17.0515,7.0091
-131.4509,16.6274,7.4618
-235.4685,24.9544,7.0728
-250.4649,26.0630,8.0875
-245.5797,25.4621,8.3283
-240.9732,24.4119,9.6175
-245.6553,24.4623,7.3186
-126.0897,14.0097,7.2960
-24.6798,4.9808,5.7052
48.0956,-0.6994,4.9379
-186.9464,16.7881,8.5012
-264.3320,21.8226,8.4603
-161.9984,14.0399,6.2153
45.2821,-1.1841,4.4727
-238.2462,19.2314,7.6868
-236.3184,18.9235,7.6572
-197.8405,14.6068,7.7996
-183.4115,13.5236,7.0647
-198.6223,14.1753,8.8477
-237.4386,15.8729,7.4321
-39.5653,2.4922,5.5934
-37.5741,2.1966,4.8759
-111.2671,4.9714,5.8729
-238.1046,12.7549,8.7181
-88.9579,0.7410,5.3877
-8.4931,-3.8245,4.3953
-199.9413,6.9222,8.2744
-202.2558,5.4896,6.7666
124.7782,-12.0668,3.9652
-204.6552,5.0903,6.8398
-197.6569,4.5313,7.0582
-93.9593,-1.4160,6.9907
-95.1618,-1.4430,6.6743
-89.4669,-1.9524,5.2927
-205.8509,3.6216,7.3224
-205.8022,3.4718,8.3231
-203.0897,3.2471,8.0572
-204.1556,3.2690,8.0716
-202.1640,3.0629,8.5378
-211.8507,3.1766,8.1028
-200.9924,2.0667,8.0236
-82.5035,-3.9473,5.6774
-201.9225,1.2868,7.7149
-203.8188,0.3411,8.1564
-202.9101,-0.8484,8.1767
-274.4973,1.9357,9.9809
-240.5324,0.0886,8.9869
-268.2040,1.2229,7.9796
-272.9908,1.3979,7.5284
-274.7473,1.4553,7.7240
-270.7724,1.1463,7.7460
-237.3094,-0.4088,7.8603
-273.1586,0.8281,7.6901
-275.8369,0.8412,9.9672
-274.0445,0.4746,9.9692
-277.8300,0.5519,9.6440
-273.2576,0.3037,8.6690
18.6619,-11.7109,4.3306
-238.2891,-1.7584,8.2166
-116.0776,-6.7294,7.1947
-216.2935,-3.2737,8.0097
-214.2539,-3.5128,7.7005
-108.2864,-7.6629,6.3041
-106.5503,-7.8365,6.0376
-105.0378,-8.6909,6.4514
-263.8662,-3.1537,8.2584
31.7406,-14.9632,4.1066
41.5982,-15.5061,3.9090
-103.1852,-11.7439,5.6745
-102.9936,-11.8971,6.6986
-182.2734,-9.9503,7.7820
-183.1099,-10.4231,7.2080
156.6493,-20.1137,3.1584
-237.8498,-11.6684,8.9294
-92.4980,-15.1793,5.7839
-235.9591,-12.1299,9.2321
-265.8199,-12.2374,7.3509
-238.0668,-13.4342,7.7619
-236.9089,-13.7524,7.6107
-238.9696,-14.2803,8.8008
-88.7143,-17.4234,5.3571
-239.0857,-15.1388,8.4064
91.8538,-20.9699,4.3324
-88.8709,-18.0461,5.8674
33.0442,-21.0935,4.5864
40.3480,-21.5185,4.3066
-238.7607,-17.8662,7.3980
-52.1581,-20.4110,5.7608
-216.1642,-18.5580,7.0508
-120.1011,-19.8022,7.6951
-266.9012,-18.1292,8.4874
-233.9466,-18.5340,8.7030
-233.8241,-18.6034,9.0887
-224.7945,-18.8126,7.7866
-188.3009,-19.3762,8.0594
-227.7082,-18.9645,6.9064
-224.3824,-19.3058,8.1982
-230.2841,-19.3892,7.9841
108.4531,-23.1003,3.9733
-226.2479,-19.6902,7.4096
-265.7641,-19.4512,9.6630
-189.3708,-20.6158,7.5488
93.9820,-23.3425,4.2135
-102.0887,-21.5661,7.3249
-267.6745,-20.5583,7.5547
33.1006,-23.4650,4.7400
-268.9412,-21.6042,9.7674
-225.9336,-22.2547,6.9153
-6.8425,-23.6804,5.2769
-227.3195,-22.3824,6.9021
-229.3321,-23.5327,9.1741
-232.2046,-23.5721,7.9885
-95.1485,-24.2341,6.3465
-237.0619,-23.7347,8.0924
-270.8553,-23.6318,9.9003
108.6841,-25.1513,3.4318
-284.9886,-23.9377,9.7083
-225.8716,-24.2071,8.0199
37.9087,-25.0465,5.2023
-286.2522,-24.0981,9.7862
-3.1963,-25.2764,4.4114
-87.1750,-25.5694,5.2586
-92.9429,-25.8530,5.3812
-104.2443,-25.9002,5.7944
-99.8586,-26.0337,6.5814
-101.2368,-26.4535,6.1056
-7.8707,-26.4016,4.8739
-4.3843,-26.5609,4.2935
-273.9352,-27.2032,9.1698
-201.4280,-27.2180,8.9694
18.6293,-26.9622,4.9872
-275.0100,-27.7503,8.5769
-42.2751,-27.5476,5.0075
-278.7379,-28.6666,8.7205
-5.6777,-27.8485,5.9106
0.0147,-27.9748,5.4000
-197.1020,-28.9424,6.4302
-233.1847,-29.2317,6.9702
-286.5137,-29.5675,7.5967
-278.2577,-29.5730,8.2072
31.6747,-28.0469,4.8305
31.8236,-28.0920,4.0191
-199.2938,-29.9236,6.8278
-69.0510,-29.1179,5.5557
-126.2151,-29.8474,7.7109
-125.6433,-29.8463,7.7645
-72.5454,-29.6050,5.1339
-198.8590,-30.7207,7.0959
-129.1641,-30.4683,7.4794
31.2667,-29.3594,4.1069
-58.7566,-31.2291,6.7610
-122.1828,-32.0033,7.1649
-227.7317,-33.5457,7.3924
14.3738,-30.6862,4.4978
-47.8472,-31.6292,6.3130
30.7031,-30.7643,5.3781
6.5789,-31.3038,4.5618
30.7728,-31.1251,4.8107
33.3080,-31.1050,5.2320
-87.2757,-32.9755,5.4324
-240.2641,-35.4437,7.2496
34.8905,-31.5150,5.2752
32.1350,-31.5632,5.2714
-96.9139,-33.7557,5.9529
167.2071,-29.7603,3.2628
-121.3926,-34.9808,6.6297
30.6050,-32.3712,3.8954
12.6529,-33.1723,4.8929
-57.5765,-34.5395,5.8526
-33.0045,-34.1158,5.0261
-131.0233,-36.9129,7.2446
-125.9358,-36.8285,7.0094
33.5797,-34.2085,4.1932
-228.4397,-40.7844,7.9943
15.1324,-36.1540,4.4827
-35.7692,-37.8290,6.1022
-105.9905,-40.0499,5.9074
-104.9697,-40.3476,5.9956
-131.1973,-41.1780,5.9056
-17.3868,-37.9209,4.9318
-130.4099,-41.3390,6.3971
-25.8346,-38.2677,5.0548
-131.6803,-41.5111,5.7323
-218.9521,-44.2836,9.1613
-142.5930,-42.1572,6.2708
-20.6927,-38.5338,4.5277
-104.6070,-41.1227,6.5784
-169.5242,-43.4346,6.5165
-170.4640,-43.5025,6.9085
-226.3819,-45.4603,7.5920
-105.9245,-42.4176,7.4343
-47.9264,-40.5589,6.0523
31.2857,-39.0700,4.8025
-187.6456,-47.0921,6.9205
-276.9223,-52.0493,7.3949
-214.7326,-50.2832,7.8276
-216.9426,-50.3907,7.7797
-210.3389,-52.4862,7.9292
-187.5957,-52.2659,7.2280
-189.3489,-52.5118,8.4448
-207.2588,-55.5987,8.4957
-200.1191,-56.1572,7.8998
-203.1413,-56.3386,7.9248
-200.6185,-56.4257,7.5569
-199.3737,-56.4922,8.7426
-192.9707,-56.7520,8.0517
-189.2445,-56.8432,6.4133
-118.0090,-56.1044,7.5665
-52.2339,-52.3302,5.8617
-70.4254,-54.5141,5.9907
-200.9367,-62.7377,6.5544
-68.4353,-54.5051,5.7504
-72.0107,-54.7683,5.8819
50.2285,-47.2592,4.7514
-229.7973,-65.0235,9.3607
-72.3113,-56.3936,6.2541
-70.6719,-56.4807,6.5666
49.9164,-48.9771,3.7888
-234.2736,-68.3344,8.9648
29.0249,-51.0397,4.2026
57.0050,-49.3672,3.7897
-232.6613,-69.9530,9.0873
-221.9964,-69.5447,8.4681
-178.1205,-66.9011,7.3535
-175.4992,-66.7202,7.3047
-176.5172,-67.0904,7.8552
-62.4832,-59.2800,5.9810
13.8071,-54.9108,4.2712
12.0304,-55.1156,4.5311
13.4926,-55.2300,4.0985
54.6878,-52.0317,4.6663
32.0490,-53.9024,4.3085
-115.8980,-65.7709,7.5015
12.6023,-56.0097,4.8210
-117.3045,-66.6395,7.2599
35.5466,-54.4016,4.1018
-116.4201,-67.5559,6.0611
-66.0181,-63.5034,6.7221
-19.2543,-59.7910,5.7821
-68.7554,-64.6270,5.5635
-67.4732,-64.8535,5.7648
-69.4563,-65.2404,5.9606
-75.7654,-65.8792,6.0890
-126.0995,-70.6247,6.7915
47.1906,-56.2484,4.5953
-125.4082,-71.6088,6.9292
-124.7997,-71.7233,7.6685
-172.3598,-76.2585,7.3205
-190.4019,-77.8984,7.2258
-65.9663,-67.1659,6.8024
-85.0020,-69.1057,5.2200
-66.4984,-68.2623,6.7654
-188.8147,-82.1468,7.0287
202.3807,-44.2180,2.3183
-63.9007,-70.4137,6.6270
-136.8471,-78.1668,6.7047
105.9081,-54.0572,3.4441
-135.0699,-78.1068,7.5412
-135.5835,-78.2764,6.8536
-153.0207,-80.1724,7.0291
-153.7247,-80.4789,6.8480
-187.2564,-84.7626,8.7991
-131.7964,-79.7783,6.1458
59.6455,-60.0483,4.1885
-132.7130,-80.2868,5.9460
-84.5400,-77.9176,5.6606
-130.4826,-84.8035,6.1403
10.6482,-69.0588,5.1427
-118.6405,-84.6223,7.3739
-242.7711,-100.8028,8.7756
-158.5865,-91.4268,6.7588
-236.2374,-100.7312,7.7687
-235.5501,-100.7285,7.5639
-96.6827,-84.4795,5.9300
-159.4624,-92.2895,8.1876
-110.1477,-87.0157,5.7490
-159.2059,-93.5123,8.1871
-200.0088,-98.6004,6.5242
-117.8660,-90.0669,6.1249
-29.0814,-79.0991,6.2248
31.3257,-71.6963,5.1180
-29.7791,-80.4741,4.7820
-29.2098,-80.7683,5.9711
-115.9506,-92.6552,7.0336
-154.7468,-100.0200,7.8758
-104.4860,-94.4547,5.6116
-100.4673,-94.1582,6.3026
-148.0011,-101.2051,7.3278
-255.2005,-116.2615,7.8152
-97.2292,-94.3712,5.5531
-101.2180,-94.9387,5.6596
-100.8359,-95.0011,5.4590
-37.5192,-86.4609,5.1452
-154.4211,-103.2113,7.0802
38.8714,-76.0291,5.0359
-101.2136,-96.4410,6.4503
-254.4767,-118.7600,7.3953
-151.4771,-105.1325,7.2664
-154.6723,-105.6837,7.3411
-246.6906,-119.3119,8.6094
-255.0228,-121.8708,7.4233
-255.9255,-122.3842,8.5911
-100.7206,-99.6685,5.7487
-257.9339,-123.6273,7.5782
-27.4173,-89.4376,5.6146
-247.7045,-123.9843,7.5485
-132.6492,-106.2900,7.4018
-228.1153,-121.0213,6.9260
-245.2109,-123.6880,7.4653
-245.2308,-125.5359,8.3639
-25.1220,-91.2753,5.2339
-242.6728,-125.9068,7.5320
-77.1065,-99.6894,6.9392
-244.4574,-126.5774,9.2056
-120.2432,-107.0917,6.8329
-97.4513,-103.6428,7.1372
-119.9905,-107.3990,6.7223
46.9870,-80.7219,4.1521
276.5406,-45.3980,1.4716
184.4679,-62.0088,2.4976
-156.9612,-123.5670,7.7971
-250.2239,-140.6985,9.2235
-154.7498,-123.6266,6.8192
-19.3867,-99.8281,5.2850
-158.8364,-125.1566,7.3490
-15.5183,-99.1566,6.1646
-104.1530,-115.2775,5.7940
23.2984,-92.2239,5.3758
-15.1253,-99.4544,5.2065
62.0875,-85.6789,4.3232
22.4729,-94.1668,5.6138
-180.7181,-135.7547,8.7717
20.7713,-97.3148,4.2768
19.5627,-97.6423,5.0510
13.8961,-98.8107,4.8126
15.8947,-98.7187,5.3767
7.0255,-100.6609,5.4480
15.1374,-99.0782,4.1581
104.4983,-81.6991,4.3016
-15.0888,-105.7043,6.1695
-17.7699,-106.4020,5.6772
-11.4168,-105.2499,4.5186
25.4768,-98.1774,5.3547
-103.7909,-124.4275,6.7554
13.1000,-101.0437,5.6044
-187.6274,-141.3534,7.0321
-10.0732,-106.1721,5.4898
-3.1030,-105.0467,5.1948
20.3716,-100.3881,4.4614
-216.3318,-148.3907,9.3356
-191.2483,-143.3101,8.0517
-188.6124,-142.7834,7.9785
17.2964,-101.1117,4.4180
39.4316,-96.6229,5.1712
-13.1303,-107.5615,5.1662
-191.0925,-144.0207,7.0560
-11.9753,-107.5175,5.0838
-10.2089,-107.2077,4.9971
-12.4223,-108.1993,5.0096
11.4606,-103.3056,5.2082
-13.9939,-108.6743,6.1560
68.2590,-92.1031,3.6997
-206.1041,-149.1973,7.5037
-97.9404,-126.8264,6.9767
109.4895,-83.7823,3.1754
-214.7884,-151.2481,9.0310
-98.3017,-127.0804,7.3363
-165.1705,-141.0669,8.4314
-213.0944,-151.3794,7.9631
-184.0995,-145.5809,6.7861
-96.6318,-127.4204,7.4166
-158.5538,-140.7445,6.6634
18.6498,-103.6550,4.1305
-236.4660,-158.2654,9.2158
-165.6376,-144.2377,7.4307
-236.4932,-160.5769,7.1455
-164.6590,-145.5080,7.3983
-21.8091,-115.0782,4.8912
-98.2837,-131.7310,5.8474
75.5115,-94.2447,3.7036
-196.9853,-154.2374,6.9176
-179.1417,-150.4612,6.6103
-173.0088,-149.4359,8.0212
-166.2238,-147.9764,7.9914
-46.9322,-122.5912,5.6176
-46.6651,-122.7077,5.4170
-43.1614,-121.9355,4.9822
-49.8436,-123.7588,5.9554
-50.2727,-124.0842,5.7650
-46.5723,-123.4035,5.6068
77.9597,-95.9131,4.1538
-180.3651,-154.6872,6.3466
80.0007,-95.7001,4.0102
-174.0412,-153.7304,6.8395
80.0602,-95.9373,3.9319
-169.8663,-152.9129,7.4862
-172.5312,-154.2265,7.9248
-236.1304,-168.9289,9.3539
-97.8835,-137.5734,6.2610
-169.4662,-154.0453,7.9401
-190.8004,-159.1230,7.2601
-187.9871,-158.4835,7.0834
-234.9252,-169.4342,7.8027
-234.8835,-169.4700,8.2251
-180.1817,-157.2407,6.9729
-236.5445,-170.5951,9.2846
-190.2468,-160.0138,8.9601
27.1162,-109.8078,4.3202
-181.7214,-158.8120,7.0619
-100.6937,-140.0413,6.1156
-55.2849,-130.2642,6.5480
-178.4294,-159.3456,7.8608
-233.3581,-172.5267,7.9041
-177.6413,-159.4821,8.4652
-84.3638,-137.4748,6.4145
-85.1255,-137.7998,5.6410
-86.3353,-138.1133,5.8477
-174.5894,-159.1731,8.6536
-84.2582,-137.8300,5.5414
-54.8415,-130.8736,6.0957
22.0935,-112.6482,5.5037
-83.5541,-137.7440,5.4627
-183.8952,-161.6708,7.1926
-83.0273,-137.9933,5.6515
-183.4426,-162.7772,7.1789
22.8232,-113.4034,4.5927
27.4369,-113.4157,4.1103
-222.1101,-174.5593,7.2343
-46.5533,-131.8160,5.4433
-42.7894,-131.1529,6.5208
-46.0805,-132.5707,5.9381
31.6342,-114.1559,5.1414
-173.0345,-165.8611,8.2119
-172.1325,-165.6992,8.1063
-170.9635,-165.5304,8.4933
-169.9623,-165.3526,8.6295
-54.7877,-136.9312,6.6998
-7.3767,-125.7613,5.4658
-179.0211,-169.7097,7.7994
-171.3618,-168.2474,8.4694
-219.3506,-181.6189,7.0716
-219.9563,-181.8238,7.8101
-83.8231,-147.0690,6.8101
-216.2111,-181.2772,7.6269
-217.9601,-181.7762,7.6459
-215.0727,-181.8848,8.5095
-83.1383,-148.2470,6.5782
24.2567,-123.1274,4.9189
-216.2488,-187.5090,7.4577
32.5555,-121.5275,4.9661
24.8750,-124.2518,5.2555
36.3123,-121.4261,5.2858
29.9092,-123.2041,4.7031
27.4094,-124.1067,5.4517
26.4569,-124.4214,5.1611
24.7714,-125.0021,4.9896
30.1243,-123.6026,4.5403
-77.3993,-152.9927,5.4108
20.8351,-126.4352,5.2685
27.9081,-124.6514,5.3942
28.2098,-125.1419,5.5851
-70.0748,-153.7444,6.4245
-214.5785,-194.9641,7.7548
89.7468,-109.5533,4.3825
213.6884,-74.7677,2.0858
91.5571,-109.3780,3.8558
-214.6216,-196.1641,8.3685
-72.3645,-156.9356,7.0700
-177.2202,-187.2844,7.2804
-46.4475,-150.0646,5.0462
13.3629,-133.6480,5.4317
-177.8970,-188.6965,6.4672
-212.9141,-198.9504,7.4319
-57.4830,-154.3460,5.6730
25.2205,-130.9144,4.8106
-179.0113,-190.5649,6.7417
-69.3574,-159.4389,6.7381
-12.3801,-144.0086,5.0038
-10.1298,-143.3823,4.9563
-11.9768,-144.0376,5.3227
30.2796,-131.5615,4.8803
-13.4833,-144.5912,4.6088
-4.6551,-142.1934,4.6808
-67.3844,-161.0381,6.0073
-11.0362,-144.9203,6.0742
-194.6198,-199.8727,8.7337
31.8220,-132.5550,4.5022
-11.2568,-145.4993,5.2190
30.2030,-133.1436,4.4791
31.0659,-133.0099,4.4794
-12.5090,-146.5244,5.3598
-38.7098,-154.4631,6.7427
18.1821,-137.3185,4.4041
-36.4100,-153.9069,5.5585
-37.9576,-154.7825,5.7487
-35.5327,-154.0955,5.7296
-115.3145,-180.1813,7.2175
-17.6863,-150.6086,5.6004
-19.5193,-151.4127,5.4377
-19.7101,-151.5287,6.4797
32.4387,-135.6904,4.4451
32.0650,-135.9137,5.0370
33.6990,-135.6100,5.0636
-23.5099,-153.5937,5.3809
27.9627,-138.1349,4.8948
-26.6236,-155.3550,5.5284
-24.3306,-154.7049,5.5290
-27.3657,-155.6608,5.5215
-26.5299,-155.4465,5.2986
-23.9547,-154.6631,4.9818
-192.7386,-207.5961,8.1430
36.9199,-137.2257,4.3552
-29.7265,-159.1835,5.1515
-166.1536,-203.1309,7.6094
-150.8367,-198.8930,8.0876
-152.4440,-199.6819,6.9992
-30.4466,-160.7356,5.5279
-150.7143,-200.0980,8.3467
118.6441,-113.1045,3.3828
-162.8331,-204.8497,6.6415
77.9158,-126.8048,4.7550
42.0987,-139.0965,5.3780
42.6374,-139.4436,4.7220
-69.8389,-177.5759,5.6138
42.6336,-140.5439,4.2264
43.5217,-141.7839,4.4267
43.3285,-142.3171,5.0765
-164.6182,-213.8892,8.1696
-170.3488,-216.2819,7.1142
40.0143,-144.6092,5.2395
37.6632,-145.6077,5.2309
44.8377,-144.4705,5.2928
40.6223,-146.0054,5.4269
40.6692,-146.0387,4.9274
49.1642,-143.1035,5.3648
44.8504,-144.6079,5.1689
44.4736,-144.9629,5.5073
47.1380,-144.0753,5.3019
77.0754,-133.7318,4.3384
51.1108,-142.7483,5.3982
37.8000,-147.7612,4.2985
47.1714,-144.5477,4.8264
43.8796,-146.0120,4.5348
184.9818,-96.7237,2.5231
-98.5405,-196.0111,7.7345
75.2427,-135.6820,3.9535
-92.8350,-195.7078,7.2064
67.2167,-139.9490,3.8513
39.9843,-150.9036,4.1137
-53.9561,-185.0565,6.4273
-107.7377,-204.5194,7.6660
-105.3127,-204.1693,6.0408
-103.9568,-203.8129,6.0079
-57.2302,-187.3966,5.6559
-90.1792,-201.1378,5.6896
-92.8654,-202.4545,6.5138
-88.9403,-201.9992,6.4876
-86.1652,-202.0037,5.5135
53.6773,-150.7426,5.3869
187.4025,-100.7881,2.4298
-79.0566,-201.1154,7.5784
38.3661,-157.9424,4.8684
-96.9629,-209.4757,6.8199
-88.1774,-206.5694,6.5158
-99.7131,-210.9830,7.4507
-96.5268,-209.8571,7.2156
-94.1807,-209.1497,6.5648
53.6326,-153.0090,5.2909
27.2479,-163.0834,4.6953
-83.4741,-205.7269,6.3090
-87.0426,-207.1647,6.3270
-86.2796,-206.9869,6.2919
27.0709,-163.7386,4.6653
-77.2856,-203.8094,6.2545
-101.4774,-213.2225,6.7208
-83.3772,-206.4000,6.8184
-90.2946,-209.2351,7.3823
-77.6449,-204.4893,6.9523
-88.4137,-208.8149,7.0858
-71.3187,-202.2769,7.3419
-74.1553,-203.5185,7.2575
-68.3682,-201.3829,6.5817
-60.2015,-198.2472,6.6326
-79.0477,-205.5355,7.0358
-81.2703,-206.4249,6.9025
-80.3152,-206.1338,7.0659
-74.1901,-204.0045,6.7488
150.7941,-117.4102,3.4714
-87.3598,-209.7199,7.2543
-81.2047,-207.3786,7.0173
-81.1389,-207.4521,6.7746
31.2814,-163.9111,4.1945
28.4609,-165.0116,4.2308
-78.4060,-206.7797,5.5803
-62.4271,-200.6020,6.7834
54.0436,-155.6284,5.2782
29.7527,-165.2755,4.4786
-55.0800,-198.3479,6.7031
21.5684,-169.3367,5.5050
-83.6622,-211.0526,7.4553
39.1627,-162.8063,5.0976
-28.3476,-189.8092,5.0860
32.9158,-165.8492,4.5138
-92.7424,-215.7790,5.7014
34.9087,-165.5461,4.7109
-85.4614,-213.5447,6.9422
-94.0006,-217.0700,6.9611
-31.0522,-192.1415,5.5202
-39.3351,-195.9683,6.8543
-93.8410,-217.7159,6.5942
42.8616,-163.2828,4.5092
-53.1385,-201.5795,5.2086
-85.7140,-214.8912,7.5555
-96.7469,-219.4338,6.8390
-87.5012,-215.7686,6.7641
28.4600,-169.5125,4.6341
-93.7462,-218.6566,7.8204
-51.1998,-201.6588,6.8557
41.5518,-164.6102,4.5332
55.0058,-159.4620,4.9673
-89.7722,-218.2671,5.9678
-50.9569,-202.8511,5.6056
-50.8468,-203.2284,5.1830
-83.2608,-216.3419,6.4695
-117.8071,-230.4183,7.0099
45.1587,-164.4892,5.5545
-59.0147,-206.7859,5.4858
-114.4115,-229.8531,7.4213
-87.8174,-219.2574,7.6242
59.1127,-160.0641,4.9226
40.0721,-167.8502,5.5078
191.7029,-105.9555,2.6623
60.7414,-159.9450,4.9178
58.9984,-160.7863,4.7281
52.5493,-163.5184,4.4563
54.4172,-162.7733,4.7052
50.1288,-164.6747,4.6673
63.9997,-158.9694,4.3669
69.2946,-157.0683,3.7750
47.3168,-166.2448,4.7589
30.2928,-173.7573,5.3289
51.6388,-164.9466,5.2103
73.3626,-157.1218,3.7967
56.3169,-164.2855,5.2175
57.6738,-163.7919,5.1966
29.2525,-175.8526,5.3136
-95.0601,-229.0314,6.3085
32.3231,-176.8983,5.3867
-100.0495,-233.3818,6.2179
60.3211,-165.7811,4.5904
60.5878,-165.6699,4.5721
29.2712,-179.1070,5.6806
247.8564,-85.6420,2.2996
56.6107,-167.5866,4.2843
-95.9650,-233.9562,5.9676
56.6326,-168.3626,4.7606
56.2374,-168.9256,5.1928
194.9740,-109.7184,2.7180
141.1989,-133.3645,3.3168
40.6866,-177.6923,4.8662
89.8250,-156.3816,4.3279
33.4718,-181.8360,4.8120
27.6397,-184.8787,4.3471
26.0324,-186.1061,4.6489
-90.0221,-237.8094,7.4174
106.1689,-152.5993,4.2604
66.9004,-171.7298,4.9118
227.9323,-99.3537,2.3089
103.9701,-156.5482,4.0798
66.2844,-174.1485,3.9703
30.3235,-191.5465,4.7693
101.0654,-159.3457,4.7982
-87.8587,-248.2708,7.9081
87.2177,-166.4216,4.5290
28.7852,-196.3297,6.0262
29.6023,-196.1148,5.9759
69.3005,-177.4236,4.4071
26.4616,-198.3728,6.0723
72.0057,-176.6921,5.0189
78.6720,-173.7181,5.0919
82.1539,-172.1044,4.3241
84.5457,-171.0850,4.0756
88.4947,-169.5097,3.9587
87.4623,-170.0279,4.0719
88.6632,-169.5711,4.4241
75.8257,-175.7644,4.4157
-74.2596,-248.5885,6.5477
73.7733,-177.2177,4.7869
29.0962,-199.3806,5.2020
-72.0858,-248.7664,6.6000
197.2003,-119.4793,2.4245
-75.4871,-258.0783,5.8926
25.8810,-207.5795,4.5673
29.2047,-206.2863,4.6330
23.1716,-209.5584,5.3802
20.5637,-212.1881,5.6958
-93.4046,-270.3714,6.4603
18.7846,-213.4217,5.7239
25.1796,-210.6830,5.8298
23.3161,-211.6447,5.5524
17.6566,-214.8492,6.1323
19.5570,-215.3929,4.9673
12.2604,-221.2971,5.4865
-4.6341,-233.0762,6.1616
33.2741,-213.0629,5.3074
-3.9826,-232.7805,6.1562
87.3959,-185.2512,4.1445
35.1754,-213.7457,5.9661
-83.7739,-279.2432,5.9820
-81.6698,-278.3107,5.8945
197.6300,-128.0861,3.0850
-81.8865,-279.5064,7.2013
102.8310,-179.8033,4.0093
-27.5389,-250.7210,5.8203
140.7042,-159.6286,4.1339
71.6463,-197.1120,4.6091
-28.5532,-252.0538,5.6280
-30.2004,-252.9723,6.3793
-50.9267,-267.8420,7.2957
103.4224,-182.9246,3.9120
41.4929,-217.2303,5.6019
198.5739,-131.7550,2.8640
77.6225,-205.5294,5.2436
222.0920,-122.0399,2.3156
62.4669,-215.0873,5.3779
223.8344,-123.6377,2.4329
71.7988,-215.0541,4.9245
71.8580,-215.3278,4.2153
71.8676,-215.6596,4.3577
268.5787,-97.6941,2.0562
119.1457,-188.6589,4.6403
-26.7026,-277.6321,5.5736
213.0454,-133.5994,3.0403
206.9433,-137.3903,3.1410
-26.3929,-283.3206,7.0911
92.0718,-210.5845,4.5495
-19.8241,-286.4568,5.4970
-23.4663,-288.9687,5.4153
-24.4703,-289.8402,5.6214
-24.7564,-290.2135,7.3800
18.2980,-263.4217,5.1142
87.5315,-219.2899,4.4677
14.6741,-271.5323,6.0213
95.8931,-220.6404,3.9457
97.1992,-223.6818,4.1537
95.9267,-224.7855,4.7006
202.0425,-152.5982,2.4817
96.8090,-224.6752,4.7360
141.3694,-194.8031,3.7351
74.1161,-245.9730,4.8264
72.2170,-247.5735,5.1839
71.5392,-249.4353,5.7318
110.0728,-222.2157,4.8829
189.3095,-167.1386,2.7548
258.2227,-118.0185,2.3808
33.6039,-280.0900,5.7901
192.4715,-166.1732,2.9598
191.2881,-167.0314,3.3439
192.1535,-166.5126,3.3983
189.5099,-168.4663,3.2694
69.6788,-255.2978,4.5671
71.4968,-254.4140,4.9721
36.1164,-280.0583,6.1540
22.2072,-290.3868,6.0280
35.0680,-282.2995,5.5065
78.9827,-257.5550,5.2116
77.8026,-258.9315,4.8328
185.2400,-179.1931,3.1448
205.3538,-164.0260,2.4899
194.1963,-173.0076,3.5981
197.0023,-171.6851,2.7777
197.1148,-172.0042,2.9405
133.0751,-224.9665,4.3192
134.2555,-224.5080,4.3223
108.5860,-246.2650,4.1175
109.8602,-245.5141,4.7663
140.3259,-221.6533,4.6441
107.9791,-247.9430,4.0614
132.6602,-229.3714,3.9349
86.9037,-266.9886,5.7669
111.2202,-248.1737,5.2014
193.2911,-183.7521,2.9484
133.3345,-232.6395,4.6728
190.9424,-185.9294,3.1412
192.6089,-184.5816,3.1083
109.0142,-253.5037,4.5877
114.6224,-249.0073,5.1692
113.7895,-250.0343,4.8514
96.9109,-265.3695,5.0014
97.5428,-265.7726,5.2042
99.5798,-266.1878,4.5080
217.0202,-169.4570,2.4724
115.1263,-258.6761,4.8002
217.9689,-172.7591,2.8041
137.8835,-246.7968,5.0214
149.7642,-239.4421,3.9040
135.0492,-254.6992,4.2536
158.3793,-237.5508,3.7126
174.9620,-223.1170,3.5015
243.3554,148.7484,4.2388
173.7808,233.2783,5.8779
242.3855,149.4238,4.2576
242.2095,146.1140,3.7549
158.5268,243.9635,5.9896
255.9381,127.8340,3.9408
213.8006,177.3153,4.5428
159.7747,239.9853,6.2135
162.9131,236.2464,6.1333
159.4269,239.8684,6.6302
161.2138,237.5414,5.7052
158.8084,240.2617,6.4236
178.7380,216.3176,5.4379
156.8110,241.4885,5.4729
178.8518,215.3559,5.4633
159.1460,238.0715,5.8629
260.1722,120.1374,3.6467
170.4602,223.3400,5.3408
177.6989,208.4905,5.8917
204.8929,176.0311,4.9029
184.5660,196.3153,5.8323
173.5183,208.4442,5.4554
183.4721,197.3877,4.8371
187.7002,192.5473,4.6448
173.1749,207.8120,5.5950
211.2715,165.8582,4.1769
170.0343,208.5815,5.8951
229.9552,141.0125,4.1353
205.9059,166.0866,4.2696
207.9575,161.3903,4.9597
110.4817,260.3466,6.8021
106.3641,263.2121,7.6221
107.1729,261.8930,7.2713
165.9508,199.4773,5.5274
162.3370,202.5599,5.6442
168.7148,195.7511,5.5204
160.3409,203.6400,6.0494
157.6036,206.3325,5.9056
155.0731,208.6685,6.4761
152.1960,211.3101,5.3279
161.7438,200.4124,4.8853
160.8288,196.7230,5.8278
216.5391,140.2178,4.2430
153.5609,194.7104,5.6325
158.6346,189.3754,4.8007
70.4857,268.9329,7.3977
72.5805,262.4080,7.3625
207.3604,135.2619,3.9299
53.0067,271.0324,7.3634
52.3681,269.4324,7.5678
202.4196,136.8416,3.7781
54.7924,264.0141,6.8624
212.0515,124.7910,3.8972
55.5670,259.3570,8.4652
66.2828,247.1813,8.0521
58.3525,253.3709,8.4263
84.6313,230.8374,6.1612
85.1302,230.2791,7.3071
81.4573,233.1095,6.5039
82.3704,232.1827,7.1009
82.0172,232.0552,7.7604
82.4200,231.1249,7.2116
91.1707,223.3192,6.3267
83.0793,230.1043,7.0476
76.2392,234.6799,6.8445
78.1404,232.8853,6.2129
86.5381,225.7042,7.5220
78.5180,232.1969,7.3780
81.6699,228.9832,7.1035
77.8583,224.6492,6.8565
75.6136,226.4246,6.8366
190.0351,130.7969,4.6092
-12.1976,291.4519,7.9584
141.7481,168.7418,5.5947
72.0398,222.1479,6.8605
72.6309,221.6266,6.8248
74.0009,219.8695,7.0783
190.4636,127.9176,3.8248
62.3516,228.2495,8.0649
49.0196,237.8868,7.2790
71.4535,219.7255,7.4406
125.6033,172.5608,6.1184
-18.4830,281.6021,9.6702
123.4294,173.4758,5.5457
55.0285,222.9807,6.5462
206.3923,109.1368,4.4132
205.1942,109.9533,4.4241
206.1517,109.2203,3.8844
205.6159,109.6098,4.3973
27.7704,242.1526,8.6363
174.0415,132.9122,4.8331
54.4905,221.4148,7.7837
173.9421,132.4925,4.4079
177.3731,129.8485,4.8644
174.1753,132.1451,4.9132
176.0838,130.5915,4.4193
174.1546,131.7844,4.5346
214.7203,100.8874,3.8112
-24.7619,276.7752,8.7613
104.1114,181.0794,6.7612
105.0874,179.9578,6.7003
166.8822,133.9888,4.1615
202.7365,106.7162,4.4542
162.3411,135.6919,5.0097
204.3463,105.3695,4.3036
187.1602,117.6448,4.6997
162.5865,135.0327,5.0138
163.6288,134.1508,4.7941
158.7629,137.3909,4.9016
46.6402,217.2706,6.7428
48.6680,215.7498,6.8927
160.4389,135.5602,4.6300
161.5585,133.3141,4.8322
167.4655,128.7995,5.0362
164.8062,129.4794,5.2380
166.6223,128.1785,5.1635
164.7093,129.2112,5.3031
52.9676,204.8043,7.7098
53.5035,204.4119,7.6246
72.0460,189.9994,6.2631
51.0544,202.2887,7.0924
198.6845,101.4329,4.4379
189.8636,107.4016,4.2738
60.8727,187.5732,7.3143
-10.2480,228.2725,7.9735
-9.5274,227.4988,8.6626
4.8933,217.7809,8.5327
257.8538,56.3102,2.9220
25.1358,204.3300,8.2421
-71.2495,261.8519,8.8057
22.0857,202.7124,7.7591
152.2524,120.6524,5.3201
46.4092,186.7779,6.5651
46.4363,186.4114,6.8191
16.0753,202.1815,7.0219
1.6813,210.9364,7.9971
-54.3935,242.3246,9.7323
33.6927,188.6736,7.2873
-51.5879,239.7839,8.6795
-54.7448,241.6645,9.8554
-47.9813,237.3849,9.0878
70.4100,159.5986,7.0731
76.1629,155.5046,6.7948
78.4467,153.3947,5.9954
66.1179,159.7937,7.1178
207.9440,77.2965,3.8078
43.3410,171.9954,6.5299
6.4660,191.4181,8.4943
13.0964,187.4989,7.4131
-117.3456,261.6988,11.0723
14.5717,186.1771,7.7956
15.2462,185.6918,6.8135
12.1424,187.4366,7.2988
14.6007,185.9362,7.0516
15.4266,185.3778,7.5229
16.4532,184.7562,7.7317
18.8399,183.1849,7.2276
-120.8525,259.7208,9.2467
-5.7803,194.3182,8.1443
-6.8679,193.5030,8.0975
-5.7543,192.5759,7.2179
-1.7917,190.0995,7.3552
210.5974,71.8127,3.8574
144.8793,107.4007,4.2925
-117.0282,250.8959,10.4710
213.4415,67.4885,3.1253
-12.7414,189.1423,7.4322
-114.8799,241.2301,8.7469
-116.1579,241.4855,9.1478
-128.5836,246.1540,9.4770
-115.5454,239.2146,10.7842
136.5916,105.9882,4.9430
-64.9978,211.3290,9.5351
-137.9943,248.6518,10.2047
-1.3248,175.6156,7.0936
-30.5356,190.1349,9.1622
-35.6447,189.9131,8.9154
-109.3853,226.9731,10.6512
-126.6201,235.5001,8.8653
-122.8712,227.6712,9.6769
-51.3159,191.7085,9.3822
97.6171,116.4048,5.5089
-122.9336,223.4248,8.7218
-16.8731,170.5411,7.0435
-101.1290,210.0327,10.1268
-102.1443,210.3960,9.8675
192.8433,67.6345,3.3362
68.0375,127.6908,6.8058
-158.5535,236.6438,11.6136
68.0208,127.2415,6.8933
-157.9326,235.4772,10.9382
-97.5527,203.0513,9.3988
-65.0667,187.6623,8.5249
82.8533,117.5934,6.0842
-66.0377,187.2420,8.3851
-20.3268,165.6018,7.3412
-2.7154,156.9173,7.3867
120.7122,98.8090,5.4559
-15.5463,162.0010,8.1638
123.5160,95.8451,4.9987
-32.9625,167.6187,7.6865
-4.7774,154.5391,6.7437
-37.6196,169.5518,8.9541
-91.4597,194.2687,8.6183
-79.3633,188.0138,9.0745
-75.0236,185.7377,9.4411
-78.0301,187.0756,9.2574
-74.9903,185.6503,9.5237
-77.2551,186.5613,9.8358
-79.8003,187.1536,8.7054
-5.6418,152.4276,6.5958
-17.1447,157.6003,7.9276
-34.5357,165.1869,8.0593
-153.9436,219.2330,10.5107
-160.6921,221.8415,11.0765
-160.9585,221.8703,11.0497
-4.9453,150.5016,6.8376
-96.2726,190.8226,9.0426
135.8103,86.4912,4.5916
-65.7458,176.1270,9.6876
-32.1029,160.9148,8.0749
-66.1251,176.0876,9.6211
-32.4253,160.9681,7.8678
-34.9703,161.6704,8.9031
-28.9260,158.9715,7.4905
-65.2261,174.6941,9.5901
-153.6341,213.6893,11.5633
-97.5062,188.1952,9.9895
-3.6285,146.5466,6.7775
-5.6417,147.3443,6.6963
-7.6613,147.8614,7.2411
-65.7985,173.4737,8.8684
-6.4256,147.2210,6.6640
-154.2249,210.9770,10.9894
-26.5982,154.1904,8.4930
-24.8072,153.3681,7.8953
-59.6561,168.4559,8.5409
-59.9023,168.3512,8.3812
-100.6843,186.0126,8.9658
-61.5875,168.9788,8.4047
-100.7730,185.7539,8.8664
216.7472,47.1535,3.0080
-23.8537,150.3758,8.3685
-40.0757,157.2393,8.2333
247.6811,33.6538,2.5553
-39.8517,156.9444,7.7854
-66.0294,167.0915,7.8969
-66.5051,166.3408,8.3147
12.6857,130.3951,7.0047
10.0017,131.3957,6.9465
12.9557,130.1325,6.8833
12.4697,130.2855,7.0109
-70.9603,164.8203,7.6257
13.0272,129.1061,6.9787
11.5363,129.4845,7.7691
-174.9890,206.1501,9.3231
-57.2746,157.1083,8.7170
11.6839,128.6125,6.8665
-182.5501,208.3590,10.1929
-70.4561,162.1958,9.2968
-180.4980,207.0749,10.8915
-181.4176,207.4070,10.9474
-137.6061,189.1442,9.0442
9.9469,128.1099,7.2201
9.4692,128.2029,6.8650
-112.8225,177.9013,8.7607
9.8520,127.8069,7.5684
-182.4767,206.0014,10.3924
-26.6996,141.4292,8.7491
-167.8164,198.5660,10.7565
-20.2452,138.1612,7.4638
-168.8845,198.0923,10.4597
-23.3631,139.1575,7.6162
-23.5817,139.1843,7.6246
-20.7143,137.8045,7.6184
-45.8461,147.7059,9.1261
-63.0642,154.4579,9.1453
-199.8601,209.1390,11.4841
-181.6419,200.5941,11.0849
-181.8360,200.5706,10.6476
-178.9304,199.1335,10.2907
-22.3167,136.7152,7.9998
-179.6625,199.3028,10.1505
-66.7700,154.2131,9.0224
-179.4032,198.8898,10.5947
-25.3212,137.6518,8.1577
271.4513,19.7520,2.2235
112.2051,82.7602,5.7264
84.3425,93.2944,5.2705
-181.7638,198.2303,11.9269
-182.3182,198.0375,10.1128
-120.3181,173.5934,8.6971
-118.6483,172.7489,8.4737
-188.2108,199.9718,10.8508
-119.4501,172.5935,8.7772
-70.9149,153.0240,8.9886
-119.4185,171.6481,8.9181
-192.1568,200.0168,10.9125
-187.7507,198.2697,10.8767
-71.6970,152.7242,8.1390
23.2666,115.5009,6.7414
-119.3902,170.6706,8.8148
-130.0372,174.0980,10.7262
-161.0230,185.6910,10.0042
-121.9959,170.5564,9.6145
-121.8733,170.3940,9.7203
-156.1495,182.7451,9.2176
-116.3942,166.8194,10.5643
-118.6687,167.5440,9.7081
-122.6793,169.0684,10.0874
-119.7921,167.9148,10.4527
-133.6380,173.1224,9.5380
-125.8198,170.0890,10.1852
-141.1317,175.8469,10.2885
-140.9206,175.5554,10.2397
-125.7305,169.7066,9.9116
-131.5845,171.7966,9.9777
-187.1466,192.8728,10.2697
-188.0848,193.2299,10.2878
-137.6531,173.7352,8.9536
-163.8880,183.6201,9.4982
-145.4380,176.5621,9.7157
-123.4173,168.0458,9.8275
-135.9790,172.6123,8.8764
-127.2677,169.1312,9.0067
-123.3528,167.4709,10.4278
-128.3831,169.3777,9.9067
-125.5712,168.2939,10.4554
-124.6820,167.9235,9.1009
-131.4416,170.1528,8.8441
-121.3359,166.3206,8.8586
-128.4566,168.8517,10.1547
-145.8647,175.1342,11.0361
-125.1315,167.2058,9.8667
-113.0194,162.4627,10.4060
136.2638,68.3779,5.2076
-135.0706,170.3531,10.4366
-140.8849,172.4991,9.2873
-84.1761,151.1150,8.5012
-146.4456,174.4123,9.8624
-135.4848,170.2572,9.3523
-122.9517,165.5099,10.0151
-22.0862,127.5567,6.9951
-137.0405,170.6977,10.2555
-136.1407,170.1688,10.3042
-85.5854,151.1789,8.9150
-138.2495,170.6475,9.9721
-131.7182,168.1050,10.2891
-117.9564,162.9292,8.9843
-143.2951,172.0081,10.5620
-73.1027,145.7154,7.8322
140.1447,65.9732,4.5407
-149.6296,173.9914,10.0377
139.1878,66.2958,4.8059
-189.3792,188.7046,10.0052
-190.4793,189.0561,10.8653
-141.6216,170.7175,9.7005
-198.9526,191.8362,12.0287
139.4099,65.9530,5.1366
-74.2118,145.2150,7.9610
-188.3099,187.5057,10.8169
-108.3680,157.7422,9.7070
-52.5789,136.7989,9.0617
-78.1431,146.2146,9.2403
-192.9796,188.5555,10.6710
-193.2762,188.6252,10.6932
-143.3918,170.1590,8.8649
-91.6880,150.9761,9.0812
-191.2008,187.5325,10.3765
-109.8415,157.3242,9.4772
-193.1963,188.0531,10.2010
-69.5539,142.2919,7.8720
-195.4912,188.4712,10.2325
-191.4790,186.9032,9.8431
-190.5689,186.5416,10.1898
-75.8925,144.0367,8.1785
-122.1545,160.9143,9.4499
-113.8991,157.8331,9.7544
-101.7869,153.3645,9.3391
-119.8080,159.8798,9.5477
-99.8588,152.5414,9.8396
-105.9661,154.7667,9.2387
-102.0650,153.3255,9.2262
-107.2733,155.2192,10.0023
-93.2898,150.0849,8.6978
-115.0682,158.0683,10.0284
-117.3539,158.8454,9.2976
-111.4533,156.6228,8.9264
-77.6726,144.2064,8.1247
-73.2476,142.4615,7.7054
-120.6693,159.8082,9.9480
-192.7732,186.1945,9.7628
-74.8556,142.9641,7.7980
-143.2709,168.0048,11.0086
-103.6039,153.3653,9.8089
171.8546,52.4773,3.8210
-118.9052,158.6694,9.9671
-193.7625,185.9557,10.2357
175.2000,51.2305,3.7235
-119.9514,158.8879,9.4417
-197.0348,186.9879,9.5083
-72.2907,141.4207,8.1696
-202.5702,188.8989,10.9023
103.7519,77.1306,5.1687
108.4696,75.4030,4.9795
103.6801,77.1262,5.0055
-73.5786,141.6147,7.8644
-121.0266,158.7890,9.6629
-78.7772,142.6231,8.1500
-200.6910,186.6058,11.2575
-113.5557,154.9946,9.4496
-202.2836,186.8377,11.2946
-207.8190,188.7768,10.4063
-204.8455,187.5045,10.1808
-206.4248,188.0448,10.1611
-202.7589,186.5421,10.2041
-112.1568,153.7601,8.4854
-74.7374,139.9869,9.3956
-67.5477,137.1548,9.0090
-209.7492,187.9804,12.2072
-120.9990,156.0008,9.0029
-112.5520,152.7751,9.4295
78.8821,84.0023,6.0550
113.7564,71.3821,4.7836
77.0774,84.4141,5.4159
-108.2720,150.2096,8.9237
-109.7617,150.5635,8.9483
-117.5731,152.9648,9.5423
174.5170,49.1501,3.7944
113.5219,70.5949,4.5495
-115.9374,151.5782,9.2482
-148.9184,162.9391,8.9175
-26.8822,119.7111,7.6144
-123.2791,153.5813,8.7863
-144.3321,160.7429,9.6854
-121.1424,152.5850,9.7780
-118.0470,151.3717,8.7202
-120.6181,152.2270,8.8006
-121.1550,152.3211,9.6550
-41.8929,124.2889,8.6840
-20.8567,116.8903,6.7718
-142.9440,159.6171,10.3016
-160.0427,165.5896,9.5338
-163.2308,166.4654,9.1063
-133.5231,156.0481,9.2048
-174.5771,170.2167,10.1890
-151.5333,162.0193,9.2608
-118.6007,150.4783,9.4422
73.5868,83.3476,6.1574
-121.8890,151.5199,8.9685
-168.4598,167.7533,9.2943
-77.9071,136.1088,7.7101
-174.7177,169.7543,10.4871
83.8439,79.5289,5.4681
-165.4673,166.3491,11.1172
-127.9639,152.9501,10.0397
79.6847,80.6443,5.5433
-153.2532,161.5459,9.4359
-167.7840,166.5499,10.4331
-124.9698,151.6818,9.7660
-128.6472,152.7473,9.9026
-133.2403,154.3358,10.0051
-125.9016,151.7786,9.9219
79.1670,80.5694,5.7957
-135.1829,154.8336,10.6398
-134.1764,154.3448,10.6966
-134.4424,154.3817,8.7904
-126.9548,151.7661,10.5602
-32.9690,119.1745,7.7055
-158.0079,162.3309,9.3832
-135.4087,154.4383,10.4104
-124.1422,150.5102,9.6952
-126.6808,151.3697,10.3429
-133.1152,153.4380,9.0828
-114.9179,147.0763,10.2718
-118.8046,148.3932,9.2266
-143.0293,156.7231,10.1277
-125.1239,150.5096,9.5318
-134.8501,153.8262,9.5221
-132.7191,153.0349,10.2051
-154.2891,160.4612,8.9163
40.0590,93.4547,6.3528
-138.7734,155.0597,9.7075
-131.3607,152.4763,10.5750
-137.6597,154.6300,9.0477
-154.8944,160.5316,10.3070
-115.4105,146.8722,9.6786
-126.8447,150.8077,10.0266
-122.8414,149.3459,9.9969
-130.2670,151.8087,9.4036
-123.9286,149.4651,9.5870
-138.4993,154.2890,10.3184
-130.6790,151.4493,10.3310
-124.4118,149.2228,9.5609
-120.7096,147.9306,10.4790
-125.5471,149.5887,9.3703
-118.3408,146.8882,8.4984
63.4696,84.5839,5.3513
-137.8223,153.3857,10.4863
-122.4696,148.0490,10.5309
-118.5602,146.4096,8.2048
-113.9664,144.5951,8.3252
-116.7903,145.1420,8.8490
-120.4205,146.3423,8.8757
-119.8682,145.7352,9.4856
-117.6207,144.8769,10.4280
-63.9110,126.5207,7.7968
-221.8494,179.7152,11.9478
-219.4455,178.8799,11.9228
-66.6758,126.9894,9.3232
-112.7625,142.2161,9.6363
-110.6669,140.5613,10.1671
-116.2445,141.7657,8.5187
-20.9601,109.4658,6.9458
-115.4229,140.5992,8.3126
-223.9182,176.5281,10.6971
-71.4041,125.3515,7.6070
-73.3272,125.6521,7.8475
-78.3377,127.0839,8.4663
-103.0149,134.9674,9.2723
-225.1324,174.9680,11.8990
-4.9290,102.5652,7.2891
-114.8663,138.3521,8.3952
-71.6617,123.8841,9.2092
-224.5117,173.5040,12.6227
-3.5404,101.3038,7.8517
58.4131,80.9403,6.7391
-74.9947,124.0290,8.5193
-80.3568,125.3767,8.1872
-81.0630,125.3451,8.6754
-165.7562,152.5926,11.0379
-75.9292,123.1188,7.6727
-77.8091,123.6855,7.6215
-234.1615,174.0386,11.4900
-74.6525,122.1001,7.7284
-77.9575,123.0228,7.6766
-94.3900,127.7610,8.6446
-88.1273,125.5760,8.4481
-59.3597,116.2166,7.4217
-93.5511,127.1060,8.4030
-67.2777,118.6729,7.4100
-71.2410,119.9057,8.8963
-69.3693,119.2128,7.6805
-86.3845,124.5842,8.5430
-72.1704,120.0382,7.5881
-69.7766,119.1803,7.6772
-74.9639,120.7869,7.9201
-63.9017,117.0985,8.4394
-72.9270,119.9388,8.5857
-37.0456,108.3259,8.4270
-38.5225,108.7938,8.6092
-72.7100,119.5340,8.8516
-77.5328,121.0478,8.3707
-45.7994,110.9220,8.6102
-72.8006,119.4248,8.3417
-75.0245,120.1006,8.9779
-67.0941,117.5169,8.6000
174.1777,40.9661,3.7422
-73.7486,118.8010,8.1639
-20.1091,101.7288,7.1350
-42.1520,108.6194,8.6389
-23.4313,102.5169,7.1332
-38.7655,106.8578,7.1704
-38.7819,106.8174,8.1215
-39.8624,106.9115,8.3400
-39.2639,106.6930,8.1818
-14.8096,98.5541,7.2538
-169.4288,146.3018,9.2293
-171.0682,146.6628,9.5809
-228.7103,164.1676,10.4573
-20.6510,99.7230,6.7437
-10.9987,96.5487,7.8955
-72.4502,114.4135,7.4873
-41.0679,102.4174,7.1463
229.5556,21.0402,3.0200
-77.7986,112.6684,7.9707
-172.8847,139.9438,8.9495
-43.1157,100.4188,8.3256
-75.7882,109.2339,8.0821
53.0025,71.4067,6.3823
-170.9024,135.9833,10.5766
-171.3061,135.7429,10.6040
154.7034,41.1414,4.6254
-124.7606,121.7475,9.0209
-5.8389,87.2152,6.5649
217.4875,22.6513,3.1196
-155.0402,129.3557,10.9568
-73.8475,105.8373,8.2368
14.1326,80.1729,5.9393
-158.0674,129.1373,11.0919
-168.9883,132.1946,11.1614
-120.4353,118.2099,10.0737
219.5052,21.5269,3.0027
215.3068,22.4930,2.8732
-170.3689,130.4284,10.4126
17.4675,77.5388,5.9106
-231.6025,146.9109,11.2831
-70.2782,101.3156,9.1741
-65.8025,99.9807,7.2801
-197.4410,135.7357,10.5977
-78.9675,102.3658,8.8695
215.8553,20.9329,2.8028
-172.3623,125.8352,9.9141
-173.0326,125.8815,10.2351
-69.4865,97.4248,9.2811
-170.6338,124.5873,10.5033
-207.5826,134.1838,9.6432
-44.7880,90.0360,8.6218
-173.1064,124.3123,9.9607
172.2667,31.5368,4.2538
220.6171,18.4619,3.3444
-173.0674,123.6867,10.6667
-172.7791,121.9531,9.4197
-90.4993,99.9523,8.0034
-152.3779,115.3525,8.6942
-194.1228,126.1816,10.1949
-152.2785,114.9647,8.9642
-153.8171,115.1488,9.0336
-153.0161,114.6388,9.0049
-169.9926,117.6606,9.2745
-69.3018,91.2957,7.9528
219.6365,16.7762,2.6454
-158.2953,113.5820,10.2660
-119.7427,103.4366,9.6375
-120.0971,103.4868,9.4104
-242.2228,134.4145,11.8860
-159.7127,111.9083,10.1840
-113.2344,100.1481,9.1670
-92.1594,94.7794,8.0282
-205.0446,123.1875,10.7884
-162.4861,111.4712,10.6887
-160.7330,110.9816,10.8197
-161.1585,110.3347,10.5376
-170.3853,112.5805,10.3570
-199.0573,119.5312,9.9548
-200.2902,119.7524,9.3666
-159.3084,109.3313,10.5914
-161.9590,109.6474,9.0915
-169.4553,111.4497,11.0568
-170.2352,111.5493,10.8281
-166.2688,110.1721,11.0249
-42.6479,79.5825,6.7606
-172.0868,111.3113,11.0716
-111.9732,96.4841,8.8642
-171.8070,110.8852,10.1752
199.7084,19.7574,3.4950
-174.1434,111.3021,10.2499
-187.7339,114.2108,10.4379
-188.0025,114.0261,9.7690
-172.7668,110.1898,10.3843
-51.3267,80.5435,7.0176
-196.1445,115.7731,10.6130
-162.4352,107.4847,9.3040
-41.9978,78.1852,6.8440
-43.4449,78.3986,6.8615
-172.4122,109.5877,9.6366
-167.0125,108.2637,10.5062
-47.5948,79.2684,7.0024
-177.3562,110.5989,10.0336
-180.4077,111.3010,9.6791
-193.8157,114.5441,10.3836
-202.4532,116.6026,9.9826
76.4879,49.0136,4.8954
-203.5302,116.6176,10.2480
-177.0501,110.1147,9.2407
-173.0630,108.8902,10.2711
-166.1612,107.1443,10.5573
-173.7500,108.6916,9.4966
-195.9969,113.7119,10.7157
-233.4951,122.6876,12.3230
-172.5808,108.0688,8.8350
-198.7081,114.2043,10.2375
-193.1158,112.8310,10.2256
-184.7765,110.5104,10.4008
-204.6164,115.1659,10.8993
-193.7858,112.5178,9.9018
-197.0073,113.2720,10.7072
-190.2753,111.3466,10.3054
-205.6229,114.9782,10.3990
-197.7729,113.0673,10.2564
-192.0585,111.7023,11.4148
-78.4598,84.4640,7.8530
-194.9063,112.0846,10.1495
-186.6812,110.0900,10.5739
92.4643,43.2843,5.9187
-195.6655,110.0971,10.5019
91.9124,42.7362,5.7506
-186.0391,107.3389,9.2628
-201.1624,110.3899,10.3275
119.2965,35.9311,4.4333
119.3508,35.9068,4.4235
-198.1767,109.4108,11.3781
-188.8306,107.1465,9.6498
-199.9058,109.3172,10.3400
-246.7398,118.3882,11.5248
-201.4198,107.7468,10.7694
-196.5968,106.6250,9.6472
-198.1667,106.8804,11.3262
-187.3373,103.2136,11.1881
-165.4011,97.9436,9.8962
24.7509,54.6239,6.8655
-48.8285,70.7703,6.8730
-264.8142,118.3216,12.5957
-255.9755,116.3142,12.3843
-53.0345,70.9038,8.7239
-195.6157,102.2405,9.2021
-164.4685,95.0242,9.2663
-46.0634,68.9053,8.6633
-257.5687,114.9405,10.1987
-42.9149,67.8601,8.3639
-151.3784,91.4444,9.1833
-43.4856,67.7704,7.4909
-52.4821,69.5399,7.7098
-263.5522,115.0889,10.8214
-63.5657,71.5768,8.7749
-29.9179,64.2184,7.5465
-61.5081,70.9798,8.2880
-49.1159,68.1425,8.6432
-164.0786,92.8349,10.4463
-261.4153,113.7477,10.4594
-49.2931,67.9828,8.4711
-263.9027,114.2483,10.5726
-195.3132,99.4317,9.7870
-44.6667,66.8962,7.3181
-40.2495,65.8768,8.0116
-52.4635,68.4703,8.3560
-52.0741,68.2408,6.9579
-49.8128,67.6082,8.4296
-47.8450,67.1212,8.1270
-56.5994,68.7976,7.7427
-54.2096,68.2130,6.9752
-54.6633,68.2055,7.8188
-54.4110,67.9690,7.7230
-44.8111,65.8346,7.9237
-199.0811,98.3502,9.5841
-116.8232,80.8390,8.9264
60.2264,42.9199,6.3158
-226.0651,103.3349,9.8872
61.0744,42.6468,6.0809
142.9244,25.2978,4.4086
59.7912,42.7154,5.3391
-112.2600,78.4138,8.2351
-56.4598,65.8844,7.2498
-48.4349,63.9665,8.4085
-191.0091,93.0307,9.8068
36.2876,45.1649,5.9403
-267.6579,104.9844,11.5325
-133.9513,77.2325,8.8336
19.6759,46.3987,6.3232
107.6752,28.7695,4.3966
43.4552,40.8745,6.5166
-133.9933,75.2785,9.1640
-132.5734,74.9806,9.1913
-250.6396,97.1198,10.5345
107.5723,27.5115,4.6110
-138.7229,74.7694,9.4304
-136.7586,74.3774,9.4623
-216.9374,88.8736,11.8509
-132.2189,72.6062,10.0572
-134.4300,72.9610,9.1532
-133.5190,72.7030,9.9536
-264.4480,97.0731,10.5907
-265.5684,96.6214,12.7431
-53.6541,56.4129,7.3218
-255.7791,93.5707,10.0890
19.9148,41.9729,6.0803
-75.4572,59.1979,8.2564
-79.1830,59.7096,8.5045
105.8529,25.4016,5.3219
104.8880,25.5507,5.5003
112.8258,24.0067,4.9220
104.9294,25.4465,5.4294
107.9457,24.8619,5.2558
107.4559,24.9462,5.1141
23.0675,40.2789,6.8509
-255.3278,90.7922,11.9106
105.8311,25.0266,4.7289
-80.7745,58.9619,8.2808
-96.0675,61.4674,7.9534
106.9152,24.3792,4.5363
-168.4530,73.9413,9.4025
-256.3647,89.6783,11.2793
213.5133,4.9149,2.9783
-93.9039,59.6695,9.2413
-170.1795,73.2324,9.5038
-265.8513,89.2728,10.7795
59.1018,30.5916,5.1886
-81.6206,54.7376,8.8176
-79.6256,54.0463,7.7289
-118.8623,60.3531,8.3350
-69.5089,51.8344,8.9001
-278.1380,87.3251,12.1423
-276.3883,87.0080,12.0991
-277.9162,87.1509,12.4310
56.9175,30.0949,6.0835
62.8442,28.9537,5.7834
-68.1830,50.8367,7.1010
-69.9767,51.1203,7.3033
-82.9574,53.2115,7.9445
-233.3169,78.5808,11.4836
-71.1255,51.1669,8.7915
-71.3529,51.1944,8.6924
-239.7432,79.5125,12.3988
-76.3664,51.9388,8.0870
-80.0706,52.4042,8.0626
-69.6843,50.5620,8.7994
64.9747,27.7637,5.1221
61.6791,28.2559,6.2248
63.1582,27.9924,5.4335
49.8278,30.0644,6.0908
-86.5856,52.7667,8.0989
-90.8877,53.4615,7.9578
-73.3350,50.3581,7.8109
46.4423,30.3601,6.3880
65.2869,27.2211,6.3907
54.4215,28.7869,6.2724
-82.9828,51.4563,8.6165
48.6894,29.5319,6.3428
41.6206,30.6214,6.6326
59.0222,27.6945,5.1308
169.4738,9.5188,3.9865
32.5129,31.9391,7.0191
60.9275,27.2546,6.4146
62.2595,27.0118,5.9689
37.9228,30.9865,5.8729
-118.8905,56.5750,9.6399
54.7110,28.1959,5.7797
-81.2248,50.2651,9.1632
55.5047,27.9373,6.1317
-63.4583,47.3313,7.9096
58.9591,27.3567,6.2085
-120.3922,56.5475,9.6241
72.6828,25.0195,5.7572
52.8691,28.1760,5.2549
52.0416,28.2485,6.4825
-68.6464,47.6904,7.6536
72.9308,24.7581,6.0690
-68.7936,47.5563,7.6265
60.9546,26.5763,6.4375
60.0803,26.6398,5.3491
43.6669,29.2859,6.8194
54.1750,27.5824,6.0246
-69.4952,47.4998,7.7393
-71.7268,47.8331,7.5167
-59.0921,45.7754,7.5942
-67.8889,47.0706,8.2756
44.5928,28.8899,6.2738
-279.6598,80.9203,11.0174
-279.3297,80.7851,10.9156
58.2465,26.5541,6.3212
-69.2580,46.9737,7.9374
47.6370,28.0673,5.9142
-278.8910,80.0843,11.6856
53.8645,26.8024,5.7996
-68.7091,46.1746,7.7261
-82.3988,48.3245,8.6939
-79.5609,47.8280,7.6590
-67.8383,45.7786,7.3687
49.2916,27.2651,5.9409
-66.6803,45.5709,7.9488
-72.8534,46.4849,8.1868
-72.2002,46.3586,8.1459
57.2930,25.7379,5.9103
-67.0863,45.2316,7.9699
-72.1385,45.9962,8.5166
-72.7039,46.0829,7.9610
-69.9627,45.6108,8.1832
-72.2511,45.8379,7.7527
57.7036,25.3318,6.2183
-275.4972,77.2875,11.0802
-276.3268,77.4158,10.5965
58.4409,25.1385,6.1090
-74.9641,45.8639,8.5095
61.2883,24.5277,5.7299
-69.1378,44.7140,8.5170
-66.0441,44.1824,8.1597
-68.3453,44.5383,8.3556
-273.0959,76.0217,10.4455
-262.2884,74.0529,10.4943
-73.6505,44.7817,7.7522
-72.6797,44.1490,8.3303
-269.1402,74.1489,12.9551
-274.7372,74.9497,10.3326
-215.3345,65.1565,9.3721
-147.7757,54.8086,10.5292
-270.8024,73.0422,11.1276
-211.4724,63.9539,11.3139
-269.3185,72.6198,11.5547
-272.9703,73.0955,10.5704
-268.0513,72.3111,10.6136
-215.1680,63.8883,10.0773
66.7629,21.7346,6.1190
-204.4763,62.1216,9.2557
-209.7250,62.8185,9.2776
-267.0122,71.1809,11.6145
-269.3492,71.5171,10.8437
-148.4264,53.3725,9.6307
-210.9523,62.5685,10.9895
-263.6643,70.0480,12.1482
-213.9045,62.4059,9.3410
-148.5776,52.7801,9.2903
-214.2838,62.2622,9.6095
-222.2983,62.6769,9.5914
-197.5867,58.9973,9.3368
-226.3935,63.1750,9.5589
-224.7329,62.8740,9.6980
-214.2703,61.3345,10.1467
-226.8618,63.0125,9.5879
-59.0230,38.4290,8.6024
-59.2606,38.3821,8.7347
-57.4307,38.0875,8.6734
-219.7391,61.4085,9.5313
-258.1755,66.8227,10.3907
-213.2484,60.1953,9.3413
-74.7670,39.2173,8.9744
-82.6091,40.1446,8.4421
-69.5683,38.0840,7.0575
-68.4434,37.3788,8.0927
-68.6649,37.3923,8.5628
212.7086,-1.8246,2.7380
-84.7804,39.5580,8.1727
-232.3861,58.8430,10.5767
60.2050,18.5737,5.2888
-87.8737,38.5739,8.3537
113.7184,11.0310,4.3966
-135.4983,44.6586,8.7862
-134.7237,44.5443,8.7080
-235.2824,58.0493,11.6315
-233.3865,56.8422,11.0869
-223.9048,55.1898,11.0911
-197.8531,51.5354,10.9114
-219.5988,54.1218,10.4962
-227.3691,55.0451,10.9758
-199.6553,51.3821,9.8779
-227.0092,54.9460,10.8253
-222.8879,54.3481,10.9848
-223.3375,54.0584,10.7144
-229.5104,54.6847,9.9503
-200.6177,50.7872,10.3018
-218.9478,53.0651,10.6686
-226.7569,54.0536,11.1718
-227.5274,54.1239,11.3628
-201.5195,50.7214,10.0791
-228.9293,54.1072,10.3466
-232.3582,54.4509,10.6086
-198.6047,50.0475,11.3826
-89.1750,35.8126,7.4886
-89.6176,35.8453,8.9265
-240.8529,55.4655,10.4533
-194.5910,49.3984,9.4631
-236.4500,54.7653,11.0063
-228.7936,53.6886,11.1476
-228.7517,53.6634,10.6840
-241.3424,54.8548,9.8703
-200.0378,49.4213,10.7098
58.4780,16.1007,6.2137
-91.7544,35.1563,7.5512
-202.3131,49.1480,9.1374
-197.0574,48.4095,9.4120
-249.1991,54.9435,11.8758
-247.3771,54.6247,11.3728
-87.3198,34.0918,7.7741
-244.1347,53.7548,12.0947
-244.7943,53.7403,12.3721
-233.2936,51.9754,9.9418
-240.1745,52.8046,9.8067
-227.7770,50.9443,11.9426
-233.9771,51.4709,10.1558
-233.1422,51.3562,10.0002
-233.1007,51.2120,10.0270
-230.0181,50.8012,12.0049
46.9777,15.2964,5.2823
-179.8154,42.5002,9.3166
-231.8399,48.6816,11.2784
-195.0763,44.1795,9.6708
-173.0199,41.2097,10.7912
-184.8048,42.2174,11.1463
-170.3694,40.4242,9.6541
-168.3653,40.1377,10.9506
-188.9387,42.5421,10.8335
-178.5987,41.2625,9.3841
-272.6877,52.4657,12.2016
-93.2638,31.0934,8.0628
-173.9561,40.3374,9.1161
-178.3530,40.7714,10.1408
-186.5649,41.7332,11.3338
-42.3435,23.9686,8.4789
-5.5053,19.5805,7.1605
-134.9556,34.4642,9.4650
-136.9988,34.2556,8.0788
-234.9283,45.1185,10.8875
-133.6963,33.2545,8.7661
-149.5377,34.9455,8.4178
-235.1488,44.6176,12.1368
-83.1604,27.2617,9.1843
-134.0173,32.7950,9.6917
-93.1060,27.8187,8.6155
-210.3576,40.4062,9.6121
-232.9468,42.7671,12.2274
-234.9924,42.9031,12.2156
-238.0572,42.6724,10.6257
-237.8869,42.3990,10.2083
-198.7619,37.9392,9.7740
-231.6721,41.3380,10.0260
-233.2407,41.4143,9.6787
-235.2085,41.5569,12.1437
-104.5028,27.3314,8.9640
-237.0748,41.4864,11.7407
-104.4171,27.0354,8.2269
56.1324,9.4316,5.5630
59.0859,9.0978,5.4837
-128.7191,29.2441,9.3588
-237.2006,40.3987,11.3060
-212.3318,37.5613,10.6675
-133.8982,29.1859,8.4449
-216.1104,37.7733,11.5057
-233.0222,39.2740,11.5948
-233.7652,39.2699,11.8754
-187.9033,34.4113,9.6449
-104.5980,25.6330,9.0904
-242.5567,39.8890,10.9309
-104.0052,25.3643,8.7077
-72.8022,22.0283,8.5981
-236.6481,39.0209,12.0451
-105.9665,25.3617,8.5522
-72.1029,21.7434,8.6248
-235.6527,38.5079,10.6468
-239.3181,38.3208,11.4207
-237.4053,38.0697,11.7374
-242.0347,37.1310,11.9073
-238.1817,36.4784,10.3600
-239.2486,35.7930,10.2811
-74.5160,19.3421,7.9003
-65.6219,17.9982,7.3459
-71.4896,18.5240,7.9644
-70.0769,18.2859,7.6752
-235.2611,34.2833,9.9183
-39.5854,15.0661,6.6878
-59.3600,16.8618,7.1865
-240.4991,34.0726,12.0560
-45.5869,15.1545,7.8923
51.8241,5.3002,6.5347
-127.4310,20.3789,9.1952
-236.7092,29.3810,11.9944
-109.7947,18.0741,8.8044
-275.2471,32.5827,11.0025
-113.4780,18.2254,8.5883
-111.4608,18.0245,8.7904
-33.8012,11.0650,7.4154
-274.8189,31.9579,12.6048
-175.2584,23.0708,8.9618
-223.8310,27.2930,9.9462
-68.9923,13.4095,8.6252
-129.4063,18.4282,8.9365
47.7008,2.9552,6.0771
50.8241,2.6120,5.9274
-221.6549,25.5533,10.5103
-278.6993,30.3031,11.0338
48.8611,2.3314,6.5192
-201.5162,22.2749,11.2008
-238.5612,24.9511,12.0005
-254.1317,24.5554,12.2141
-254.2588,24.0074,11.6736
-265.5300,24.8743,12.3876
-123.0980,13.6038,7.9749
175.8475,-10.0819,4.1506
-183.0260,16.6300,10.2478
-99.0490,9.8508,9.2568
-183.0334,15.9718,10.1870
-178.1314,15.5432,10.1475
-183.3963,15.7109,10.3807
44.8613,-1.9997,6.4175
-103.5082,8.3740,8.9206
-239.5169,17.9268,11.6986
-100.2358,8.1310,8.8296
-241.1045,17.9629,11.8581
-36.7071,3.3439,7.5418
-37.8510,3.2680,7.6934
-97.9366,6.9517,9.2901
-101.2256,6.7722,9.2066
-237.9015,15.9753,10.0390
-24.7063,1.4428,7.4212
-26.2778,1.2752,7.4130
264.4057,-18.0112,2.0152
-108.6668,4.7913,9.5631
-110.0592,4.1076,8.9530
-110.3037,3.7590,7.8876
43.1613,-6.4092,6.2914
-7.3263,-3.9865,6.9248
-200.6774,6.7379,9.8762
-112.9739,1.8019,9.2529
-110.5518,1.6216,9.0717
-234.4231,8.4994,10.6084
-93.4518,-0.0713,8.9422
-94.5269,-0.6570,7.5573
-221.4240,4.1628,11.5635
177.8332,-15.9549,3.8630
-204.9939,2.5709,11.3682
-236.9970,3.1970,10.6067
-237.2432,1.0382,11.4068
-107.4612,-4.8594,9.2823
-102.4848,-5.6279,8.7969
-238.8826,-0.1619,11.3839
-236.6459,-0.2841,12.0660
-240.3770,-0.1699,9.7508
-240.7753,-0.1827,10.0950
31.7651,-11.4460,6.0867
-239.4712,-0.4124,10.7115
-108.8655,-6.1913,8.4260
0.5793,-10.6209,7.3648
-239.3124,-1.0569,11.3880
-107.0834,-6.4998,8.1499
-108.3765,-6.4985,8.1477
-268.5388,-0.1768,10.7759
-271.1121,-0.2160,11.3293
-275.6549,-0.1794,12.3044
-266.5153,-0.5521,11.7012
-268.1506,-0.5878,11.3825
-103.3374,-7.1367,9.6019
-96.7620,-7.3939,9.4983
-261.3522,-1.2747,11.6872
-101.1777,-7.6793,9.1537
-217.6371,-4.2480,11.3951
-179.5255,-6.2634,10.2008
176.6446,-18.7936,3.4619
37.7426,-14.3591,6.0533
176.4866,-19.3205,3.3647
-240.5202,-5.8875,11.0559
-261.9891,-5.2559,12.0810
-280.1231,-5.3938,12.0891
-262.7129,-6.1964,12.2914
-258.2477,-6.5385,12.1405
-262.5843,-6.6555,12.7336
-238.6134,-11.9124,10.7281
-104.4979,-15.4598,9.5216
-118.7982,-16.3796,9.2298
-77.6985,-17.9248,7.7538
-106.1536,-17.9262,8.4862
-215.3705,-17.1516,11.8017
-14.7933,-20.1883,7.8335
34.4927,-21.7582,6.4587
-229.2303,-19.5738,10.2036
-228.0601,-19.6744,10.7542
-232.0838,-19.7996,10.7618
-227.7231,-20.3546,11.4828
-224.7247,-20.5184,9.7554
98.8953,-23.6584,5.4850
-259.1904,-21.6224,11.8215
98.0145,-24.3217,5.4896
-200.0606,-23.0483,9.6086
38.2935,-24.5621,5.3813
-231.3343,-23.5246,11.7817
-267.1209,-23.6896,10.3271
-232.7287,-23.8819,11.2881
-83.2682,-24.5392,8.3142
31.7137,-24.9501,6.4285
-82.5515,-24.7560,8.4665
-90.0272,-24.8021,9.0055
-92.0802,-24.9519,7.6221
17.4178,-25.3361,5.9247
-78.1478,-25.5968,7.6422
-75.0312,-25.9562,7.1384
-274.0572,-26.2751,11.7789
-234.6850,-27.1951,10.8815
-284.0927,-27.4786,11.7708
-275.5392,-28.1109,12.1749
-159.9147,-27.8301,10.4415
-200.5540,-27.9922,9.5540
-277.9613,-28.3677,12.3796
-157.9837,-28.1357,10.4144
-270.5697,-29.3901,12.5044
-86.0558,-28.6527,8.3888
-1.7071,-28.2228,6.3768
-2.4466,-28.2561,6.0990
28.7699,-28.1512,6.9058
13.7400,-28.6075,6.2498
-227.1546,-30.3503,9.7996
-128.3812,-29.8065,7.9113
-194.7879,-30.3291,10.8252
5.5566,-29.0349,7.1165
-0.0059,-29.4408,7.3470
15.5155,-29.4539,7.2571
-287.1144,-32.2378,10.9331
-285.9456,-32.5641,12.3336
-97.5709,-30.9429,7.7194
-58.3332,-30.7125,7.2647
-289.4731,-33.1756,10.8491
-57.1398,-31.2321,6.8410
12.8052,-30.6031,6.5037
11.9921,-30.7433,7.0400
-53.0276,-31.5935,7.7054
-289.1748,-34.9865,13.0203
31.7407,-30.7857,5.6514
7.8736,-31.1215,5.9480
-288.2864,-35.1466,13.1187
26.0612,-30.9644,6.3433
-271.1912,-35.4647,12.1151
30.6942,-31.2407,5.7219
28.8654,-31.4384,6.5405
31.2061,-31.6184,6.2303
-131.6882,-34.1732,10.1808
-130.4380,-34.1904,9.9868
-30.9671,-33.7032,6.9846
-30.8753,-33.8931,6.4997
-11.3925,-33.6028,6.2156
12.9202,-33.5230,6.5399
30.6052,-33.6567,5.5310
-279.0850,-40.6391,11.7468
-272.4904,-40.5360,11.0047
37.5017,-33.8104,5.8526
-279.0821,-40.8682,12.6038
37.4462,-34.3834,6.6602
-136.1562,-38.5641,10.2672
-5.0732,-35.5462,6.9022
-4.9167,-35.5922,6.6868
34.1294,-34.6926,6.3433
32.7721,-34.7497,6.6738
-5.3857,-35.9217,7.3923
37.7077,-34.8705,6.3229
-136.6662,-39.3762,10.1493
36.5778,-35.1097,6.4525
-134.3601,-39.6329,10.1844
-138.3835,-40.5451,8.5379
-135.0313,-40.4563,8.8203
-273.2534,-44.8610,11.5695
-134.2814,-41.0403,8.1132
-281.2203,-45.5121,12.1705
26.7491,-36.6365,6.2716
-140.0209,-41.5865,8.9612
-134.9001,-41.5774,9.2343
-127.2009,-41.4286,8.0038
27.6542,-36.8350,5.8167
-130.5864,-41.5644,8.1397
-126.1615,-41.4890,8.1865
-132.5465,-41.6992,8.8280
-127.6174,-41.5605,8.9024
-134.0032,-42.7288,10.0403
-24.8285,-39.3550,6.6771
-182.3837,-44.7730,9.5692
-236.0355,-46.8779,11.8856
-128.9142,-44.1798,10.0844
18.4571,-39.1983,6.6890
-241.2391,-48.8349,10.2597
18.8254,-39.6138,7.2295
28.6653,-39.6079,6.3299
-126.3852,-46.4253,9.4971
-215.5807,-50.4419,10.0773
36.8474,-41.1515,5.4023
-214.9319,-52.2881,9.6841
-212.6568,-52.2060,9.6358
35.9944,-41.4070,5.9999
36.8020,-42.1675,5.7687
-190.7228,-52.7016,9.3033
35.0474,-42.5397,5.4573
-195.8591,-54.7667,10.3278
-199.8996,-55.9158,11.2081
-231.4907,-57.9761,11.7987
-199.8881,-56.5088,9.4112
-197.5708,-56.5988,10.7569
-196.1372,-56.5551,9.0216
-238.2413,-59.6254,10.1794
-237.2815,-59.6181,10.1106
12.6839,-46.6129,6.1150
-194.5643,-58.2944,9.1894
-197.3505,-58.5093,11.4260
-192.4798,-59.7478,9.7133
-232.8996,-62.3334,10.4487
-231.6564,-62.2774,10.3782
-195.0384,-60.3969,9.9456
-117.5267,-55.9238,9.6988
98.1226,-43.3479,4.9388
-232.9453,-63.6689,9.7949
-206.8529,-62.1482,10.5962
-198.7511,-61.9794,10.3465
-190.8684,-62.0299,9.6654
-202.2442,-62.9594,9.9191
-198.5420,-63.0127,8.9771
-204.1278,-63.4362,10.1760
-52.6145,-53.9024,7.7989
-199.5674,-63.1995,10.0867
-199.0783,-63.2281,9.9502
-204.4967,-63.6329,11.2312
-201.0939,-63.5759,10.2721
-198.2655,-63.4445,9.1413
-52.7721,-54.1721,8.2800
-200.5886,-63.8060,10.7581
-208.2054,-64.4472,10.2621
-189.9406,-63.3456,8.9997
-116.6227,-59.3232,8.8714
-118.1445,-59.6155,7.8358
-231.8887,-67.9589,10.2244
-233.7986,-68.1481,9.7513
48.1996,-49.3798,6.6023
174.4794,-41.0244,3.6871
-202.4380,-67.6674,10.6910
-118.6782,-63.4272,9.4975
-115.5418,-63.2691,8.1641
-174.5052,-68.2585,9.3438
-176.0775,-68.3883,10.4639
-208.3198,-71.0733,9.7465
-175.4771,-68.8893,9.0496
-117.0086,-65.0334,8.3211
-115.8309,-64.9611,8.2986
-130.1101,-66.3548,9.0265
-127.2772,-66.2872,8.0349
-115.2625,-65.4615,7.9852
-117.6584,-65.7349,8.0392
-129.6447,-66.6884,9.4163
-196.1155,-72.2887,10.2654
-158.0376,-69.3817,9.2577
-159.6895,-70.1405,9.1845
-233.9869,-76.1714,10.2347
-155.7696,-69.8671,9.9056
-157.1458,-70.0418,9.9458
53.9378,-53.2029,5.2132
104.3466,-49.2140,4.5381
-165.3231,-71.4490,8.9850
-165.4292,-71.8081,10.2365
-164.2485,-71.7629,9.4545
28.7709,-57.3183,6.4839
38.8376,-56.6442,5.3834
30.1043,-57.7674,6.2214
1.0032,-60.5152,6.5615
-66.2250,-66.8941,7.5016
-64.4702,-67.0160,7.3879
-132.9838,-73.2355,10.0901
-67.0391,-67.4105,7.7097
-130.9344,-73.3562,9.8704
-67.9141,-67.7357,7.2228
-67.2265,-68.1683,8.2215
-66.9235,-68.1449,7.0818
-130.7124,-74.5382,9.9657
-64.8876,-69.2181,6.9757
-135.0057,-76.3532,8.8873
-131.5675,-76.2435,8.6852
-141.0606,-77.1894,10.1260
53.7142,-58.3935,6.0738
-139.1852,-77.5874,9.0850
-132.7232,-77.0652,8.9867
-137.7678,-77.5892,8.5180
-188.1878,-82.5562,9.2834
-125.4386,-76.4910,8.8563
-61.6886,-70.2405,6.9330
52.5455,-59.0161,6.2012
-131.7462,-77.1906,8.5717
36.9468,-60.6145,6.2333
-128.9039,-77.0266,8.6237
-186.9427,-82.8094,10.9699
41.3686,-60.2658,6.1912
-137.3755,-78.0858,8.6602
-132.2078,-77.7594,8.5809
-134.7937,-78.1201,8.4250
-230.9118,-87.7964,9.6381
52.5777,-59.5820,6.0613
54.4270,-59.4218,6.0369
-136.5914,-78.5695,10.0217
-136.9762,-78.9454,8.5913
-232.0100,-88.5447,11.7167
-210.1420,-86.5464,11.2189
-208.1026,-86.3525,10.0710
-29.6027,-68.3576,8.1154
-17.7402,-67.4314,7.5676
-140.6440,-80.5748,9.5030
-91.1943,-75.6781,8.5044
23.7183,-63.8825,6.8763
-140.8495,-81.3275,9.9482
110.1421,-55.1676,4.2649
38.4006,-63.4903,6.6717
-227.2442,-92.2596,11.4397
-56.1476,-75.3165,7.6561
-143.9259,-85.0967,8.5650
-233.5557,-95.1482,10.8535
-235.9736,-95.6361,11.4912
-55.1784,-75.6509,7.2907
-114.1919,-83.4534,9.1454
-235.3630,-97.4144,10.2070
-119.2576,-84.4557,7.9019
-112.1911,-84.1431,8.4805
-111.0088,-84.0103,8.6299
25.0769,-68.7896,6.1356
-51.1738,-78.6385,7.3627
-89.8507,-83.2904,9.1216
-236.7308,-101.0051,12.3094
-234.9358,-100.8539,12.2436
-260.3703,-105.5090,12.4242
-118.8813,-88.2680,9.8863
-158.0010,-93.6076,8.4414
-118.1192,-89.0434,9.8366
-235.7383,-104.0712,11.5505
-233.7185,-104.4646,9.8167
-117.9905,-90.0991,9.2348
-236.7017,-105.7048,9.7826
-158.0752,-95.9122,10.7447
286.7463,-39.0252,1.8652
-258.9391,-109.5377,11.8345
-45.7520,-82.1206,8.0400
35.2029,-71.7055,6.8271
4.6930,-75.7993,6.7302
29.2126,-72.8132,6.6775
-159.7505,-97.8097,10.3955
-44.8456,-84.9090,8.5159
-97.6951,-92.6993,9.1583
-160.1573,-101.5927,10.6880
-163.0628,-103.3551,10.9053
-38.9116,-86.1098,7.2929
33.3518,-75.9523,6.2678
32.6249,-76.0794,6.1774
-38.1043,-86.0946,8.3411
-124.2157,-98.7712,8.0507
-229.7630,-114.3594,11.2715
-233.0833,-114.8878,11.6658
-265.0648,-119.8359,10.6980
-39.5933,-87.4807,6.7709
-40.4726,-87.8357,6.6011
-98.0842,-96.2751,9.3716
-113.7013,-98.6059,8.0594
-234.2708,-116.7945,10.7337
-98.3198,-97.1109,9.0287
-35.1698,-87.8824,7.6108
-114.1405,-99.5348,8.7012
-32.5847,-89.1691,7.4840
-33.5003,-89.4237,8.3094
-231.8764,-119.9492,9.9635
-261.1896,-124.8907,10.3726
-234.4151,-121.1656,10.8218
-140.8724,-106.9096,9.5451
-233.7115,-121.2490,11.4723
-144.0058,-108.0188,9.6537
-243.8745,-125.0997,10.1359
-225.5785,-123.8352,11.4917
-98.0642,-104.6821,7.7286
-221.1975,-124.9016,11.6167
44.8949,-81.8669,5.5490
58.5708,-79.7726,5.5229
-218.8967,-125.1476,10.5026
26.7872,-85.0339,5.7436
-221.4038,-125.6827,10.8884
-15.7992,-92.7071,6.7135
58.5057,-80.4685,5.8648
37.0864,-84.2640,6.9501
60.0836,-82.3894,5.6234
-158.8675,-123.4809,9.3651
-158.9543,-123.6281,10.6073
-17.2612,-98.8887,7.0382
-171.9796,-127.2029,8.6865
21.0974,-94.1546,5.9477
-15.9875,-101.0702,7.6197
-14.3507,-100.8382,6.3841
-195.1361,-135.5999,11.0377
28.5144,-94.2814,5.6292
17.3762,-97.1784,6.9219
-13.6703,-104.2881,7.6657
18.7828,-98.2567,6.4944
-26.4849,-107.8018,7.8935
-26.1438,-108.0144,8.0181
-17.5045,-106.3082,7.4698
-16.0655,-106.0507,6.4144
-186.1284,-139.9587,10.3623
-18.3629,-107.0136,8.0256
97.9892,-83.8200,5.5704
21.0696,-99.3687,7.0931
24.0206,-98.8554,6.1048
15.1752,-100.6533,6.3131
21.8554,-99.4654,6.3497
-18.1533,-107.5265,7.2308
-14.4901,-106.9322,6.4458
-98.3108,-124.4025,9.4107
47.1098,-95.1241,6.2793
68.0347,-91.3836,5.0741
-16.4498,-108.8679,7.8783
-16.7533,-109.3003,6.6606
10.9502,-103.6434,6.7377
9.8067,-103.9400,6.5663
-97.3801,-126.4476,8.2929
-171.7154,-142.1706,11.0454
-96.0955,-126.6067,8.0445
-97.5662,-126.9485,8.1376
-214.5432,-151.5908,9.6705
-165.7213,-141.6531,9.2768
-208.8372,-150.7038,10.2670
47.4174,-97.3315,6.6610
-206.6292,-150.6148,10.9122
-164.6671,-141.9843,10.2103
-163.3805,-141.7524,8.7696
-213.1895,-153.3975,10.7727
-21.5589,-113.4285,7.3362
21.9882,-104.1986,6.8644
-149.5228,-141.2677,10.0239
-115.9892,-134.2412,9.9769
-150.0426,-141.9528,9.5880
-23.5474,-115.8811,7.4399
-48.2542,-121.8382,8.3827
-48.1176,-122.6025,7.5866
-49.4461,-123.1561,7.1504
-47.8553,-123.0693,7.5974
29.8627,-106.0388,5.7785
-64.9613,-127.4881,8.7913
-77.4516,-130.2917,8.2301
-61.1571,-126.7289,7.9730
-55.7173,-126.4432,7.1955
-34.2673,-121.8736,7.5029
-57.5127,-127.1994,7.3287
-100.9988,-138.9861,9.2324
-95.1118,-139.2154,8.6150
-83.2249,-136.6054,9.2237
-177.2205,-158.8983,8.9172
-177.5419,-159.4624,9.2440
-170.1617,-158.2413,10.1309
-185.4537,-161.9874,9.1558
-171.1920,-159.0915,10.7658
-57.7561,-132.3099,8.1504
-176.9889,-160.7955,9.6571
-175.0169,-160.4030,9.5965
-179.4668,-161.6875,9.0975
-225.5122,-172.7570,11.4573
-171.3597,-159.9396,10.8246
-39.6046,-128.5078,7.1429
-55.6203,-132.7752,8.2238
-176.4156,-162.0045,10.6525
-57.3250,-133.3979,8.3100
-169.0499,-162.1749,9.9590
-53.1851,-134.2749,7.6559
-42.4397,-131.8569,6.9239
-175.0711,-164.6369,11.3339
-169.8796,-163.3581,9.3036
-176.2973,-165.0276,9.8253
-177.0024,-165.3229,9.8609
35.0752,-113.6429,6.0714
-176.3782,-166.6468,10.3545
-46.5845,-134.9795,7.0048
-177.6777,-167.9173,9.3974
37.0986,-114.1075,6.4927
-84.3993,-144.7911,9.1387
-171.7021,-167.1007,10.4859
-53.0760,-137.2449,7.1282
-176.5228,-169.0959,9.4796
-173.8378,-168.7177,11.0281
29.1475,-117.1072,7.1576
-51.0598,-138.5096,8.4292
-170.4312,-171.9002,9.9246
-45.5087,-139.8132,7.2507
-94.6582,-152.7556,8.5277
31.0102,-121.0124,6.6120
-216.1220,-187.0255,11.2389
-214.9717,-186.7714,9.8052
-214.1372,-186.6127,11.2865
-214.3341,-186.7248,9.9839
-211.6098,-186.0635,11.1651
-216.2310,-187.4160,11.5186
-209.8915,-185.9126,11.2078
-211.7270,-186.9705,9.9852
-211.3141,-187.1378,10.0649
93.5195,-105.4459,5.5538
130.6439,-95.4221,4.4219
95.6501,-105.0523,5.3343
30.2470,-122.8289,6.8050
43.9321,-119.1196,6.4957
29.9325,-122.9171,6.9039
37.8870,-120.8121,6.9553
24.4743,-124.5019,6.9628
27.4975,-123.8052,6.6227
26.9016,-123.9963,6.1588
10.8771,-128.4724,6.9142
29.1938,-123.5445,6.7450
29.5888,-123.5671,5.7066
24.3021,-125.0885,6.3761
28.7783,-123.9129,6.9646
22.5044,-125.6492,6.4167
29.8077,-123.7197,6.6824
30.7659,-123.7586,5.7924
47.9430,-119.1596,6.8239
27.1028,-124.9675,7.2313
42.3540,-120.9920,5.6126
22.0068,-126.7523,7.3981
-212.8713,-191.7928,10.8675
66.1753,-114.8018,5.1799
32.0641,-124.2521,7.0772
-211.1651,-191.7195,11.2377
-213.6049,-192.9416,11.7908
89.0147,-110.2928,5.1653
89.4675,-110.8282,5.6898
-74.4928,-158.0089,7.4795
35.0505,-126.7416,6.9612
85.5349,-112.7248,6.1038
28.0149,-129.6366,6.3173
-43.7705,-151.0754,8.1891
-164.9631,-187.3631,10.9990
-76.3033,-161.6763,8.3668
-201.7898,-198.8884,10.7582
-170.8137,-190.6819,10.1682
-160.9515,-188.6706,10.8650
-14.8431,-145.5228,7.4932
-157.9489,-188.3413,10.6950
-164.8688,-190.4386,10.7739
-40.3184,-153.6783,7.5056
-163.4099,-190.4566,10.5749
-161.5216,-189.9893,10.7468
-163.8291,-190.7321,10.6314
34.2398,-132.1283,7.0477
-155.9652,-189.9978,10.3759
-36.9743,-154.5993,7.4628
33.7310,-133.8601,6.6734
-33.5520,-154.6481,7.1845
-182.3134,-200.2230,10.3433
20.5990,-138.4888,7.0349
-35.1140,-155.7110,8.2106
38.4079,-133.8250,6.5376
37.0858,-134.7081,5.8041
101.9077,-114.9332,5.3702
-49.3741,-162.1395,7.5287
-148.5952,-194.1536,8.5778
-194.6454,-209.1158,9.6780
-48.3496,-163.8953,7.5264
-32.8103,-159.0299,8.6229
-151.1783,-196.9695,10.6082
-151.7226,-197.1480,10.6251
80.1889,-123.8055,6.0759
-32.4250,-159.7999,6.8550
-37.1080,-161.3039,7.2756
36.3072,-139.9131,6.1383
79.7801,-126.0190,5.7591
73.8860,-128.5110,5.6606
85.7209,-124.8688,5.6002
74.2392,-128.6589,5.2536
67.1604,-131.0388,6.2339
67.6565,-130.9730,6.1744
67.9498,-131.0922,5.8735
81.9099,-126.5138,6.2103
-34.7958,-164.9458,7.3815
83.9028,-125.9015,5.7258
74.8764,-128.9112,5.7992
62.8488,-132.9999,5.9407
75.1746,-128.9573,5.6394
68.4546,-131.2026,5.6133
78.8822,-127.8024,5.5520
77.9850,-128.1034,5.6971
72.3279,-130.0536,5.6854
128.7051,-111.6306,4.7100
76.2843,-129.1435,5.6708
76.2754,-129.1617,5.6038
82.5488,-127.0877,5.3666
-130.7289,-198.0591,8.5405
83.4222,-127.2034,5.1011
41.1183,-142.5855,5.7903
40.9513,-143.5102,5.9148
36.3143,-145.4047,6.1104
-164.7922,-214.3793,9.7848
-102.2414,-194.0160,9.5408
-94.3805,-191.3257,9.9259
38.7781,-145.9718,6.4838
30.0174,-149.0243,6.2063
41.9084,-145.5460,5.8816
53.0722,-141.6871,5.4647
46.9257,-143.9249,5.9116
48.8833,-143.2530,5.5380
39.8299,-146.5962,6.7920
42.4076,-145.7370,6.0775
37.3950,-147.6387,6.9673
43.4273,-145.5976,6.0368
-93.9989,-193.7651,9.8627
42.1371,-146.4338,6.5677
36.8305,-148.3296,6.2842
37.3020,-148.2445,5.9835
-94.6428,-194.5281,9.4712
49.6452,-144.1064,6.1281
38.8892,-148.8724,7.1427
49.4524,-145.2400,6.6539
-91.8402,-195.1188,9.3958
-96.9072,-197.4557,8.4529
-101.4748,-199.1158,10.0054
41.6041,-148.4911,7.1263
-95.4429,-197.2179,8.1395
-99.3466,-198.7316,8.1019
-96.0869,-197.5820,8.8201
-93.8602,-196.8495,9.1463
-97.0966,-198.0359,8.1981
-91.0981,-195.9547,9.3661
-105.2591,-201.2119,8.7754
161.2868,-106.4900,3.9711
158.8566,-107.3791,3.8183
-92.0415,-197.4318,7.7777
160.1748,-107.5690,4.1932
-96.4181,-199.8484,8.8980
-56.3046,-185.5994,9.1299
39.2500,-151.8389,6.7103
36.8365,-152.7119,6.7486
-107.3612,-204.8978,8.5694
-90.6342,-199.5958,8.2215
38.4200,-152.7535,6.5695
-91.6711,-200.1460,9.0655
36.6160,-153.5647,6.7884
39.2085,-152.6820,6.1513
-91.2524,-200.4072,9.6912
37.1982,-154.8991,6.4898
-92.7332,-202.7625,8.6891
103.2155,-130.8487,5.1038
85.4018,-138.0359,5.0826
43.6416,-154.7529,6.5005
51.9349,-151.6487,6.8984
-82.4453,-203.2432,8.6858
9.6467,-168.6721,7.1919
48.3547,-154.1076,5.6770
-96.0883,-208.8639,9.5584
49.1458,-154.0457,5.7007
-93.9199,-208.3505,9.2816
-70.0880,-199.8939,8.5893
54.2217,-152.6417,6.0099
-99.0275,-210.9114,9.7657
-78.8678,-203.2532,9.1801
-59.4959,-196.0713,8.6474
-100.4204,-211.6664,8.3937
-101.5561,-212.1246,8.3982
-86.9891,-206.7294,8.7209
-87.7280,-207.2002,8.6798
-88.8092,-207.6425,9.0128
-85.9489,-206.6552,8.3259
-91.2524,-208.7275,9.0895
-80.1249,-204.6129,8.8814
-107.4732,-215.0862,8.7294
-108.5402,-215.7209,9.6948
-70.6797,-201.2365,8.9142
-84.5406,-206.5745,8.7826
-81.4287,-205.4156,7.8184
-64.5511,-199.0130,9.3480
-84.3987,-206.6176,9.8108
-79.9500,-204.9251,9.0971
-73.8113,-202.6213,8.6593
-80.6607,-205.2625,9.8114
-87.5214,-207.9812,9.1951
-82.3335,-206.1149,9.5187
-35.3346,-188.0908,8.8524
-106.8558,-215.5222,10.0818
-100.0011,-212.9454,9.3113
-79.9471,-205.6391,9.2868
-70.2747,-202.1158,7.6932
-88.6291,-209.3927,9.6216
55.9618,-153.9252,6.2516
53.2645,-155.4710,6.1623
54.8614,-154.9983,5.7282
-85.6941,-209.5774,8.8435
50.8887,-156.8666,5.7496
58.2931,-154.0162,6.7961
-88.5891,-211.3272,9.6570
191.3248,-102.3312,3.3572
-79.9551,-208.5747,8.4557
-88.8089,-212.3157,9.5253
-87.7650,-212.1450,9.9133
-79.4338,-208.9908,8.5237
-54.0956,-199.0765,8.8954
-92.8126,-214.5598,9.2009
234.3436,-86.1534,3.0224
50.7397,-158.3809,6.9888
-87.9732,-213.2327,8.6475
-84.7861,-212.0287,9.1620
-94.3544,-215.8591,9.7030
-85.8187,-213.6722,7.8648
-82.5966,-212.5550,8.0362
-87.0133,-214.4207,7.9961
-84.7663,-213.7782,8.0262
-45.3617,-198.2363,8.5463
-85.7684,-214.3637,8.3600
-84.0435,-213.7580,8.1733
-51.1959,-200.8214,7.8610
32.9463,-167.2879,7.4226
35.6123,-166.7359,6.4544
54.8196,-159.1078,5.4881
36.2685,-167.1079,6.3411
35.8778,-167.6461,6.5354
37.4316,-167.0410,6.3556
54.1175,-160.9358,7.0288
-91.6275,-220.6234,9.5523
-94.9347,-222.2384,9.6829
-92.7950,-221.3969,9.4779
-121.5938,-233.8523,10.0296
-90.8510,-221.6841,8.4394
-123.3102,-235.1514,9.7805
-89.3070,-221.2261,8.6376
-86.6815,-220.3861,9.4138
-80.2245,-217.8130,8.6033
-85.8024,-220.1303,8.7537
-90.9046,-222.2913,8.8846
-86.7953,-220.7974,8.8641
62.0857,-159.7315,6.6019
48.5924,-165.5166,6.5303
46.8113,-166.2702,7.0184
39.5918,-169.3847,6.0452
55.6073,-163.0634,6.3711
-104.0318,-229.2215,9.1678
44.1680,-168.1109,7.0279
28.5772,-174.6564,6.1497
42.4666,-169.1939,7.1798
40.3513,-170.2433,6.8401
52.8409,-165.3728,6.1338
108.3200,-142.2577,4.7010
-61.9261,-213.8743,8.7127
48.1352,-168.3094,5.7764
-85.6140,-226.4313,9.9392
47.8412,-170.6974,7.0888
61.7341,-164.9482,6.7423
35.3283,-176.3290,6.7716
31.4476,-178.0294,7.1975
64.1308,-164.2644,5.7778
52.5710,-169.8187,6.8147
91.8939,-153.2801,6.1772
9.5989,-189.8542,6.8363
-96.2595,-235.9663,8.1439
61.1276,-167.9352,6.4776
63.6304,-166.9833,6.5357
-84.6754,-232.5847,10.0826
33.4917,-180.8643,7.1419
34.2984,-180.6042,7.1583
28.1450,-183.9434,7.2141
87.8764,-159.3093,5.9338
26.7516,-186.8172,6.3195
28.7119,-186.4346,7.3227
-87.9161,-240.3157,8.4143
82.3321,-164.1557,6.4774
100.4064,-157.0724,5.9393
33.6485,-188.7254,7.4046
64.7989,-174.6774,5.4764
33.5515,-189.3496,6.9898
101.6873,-158.8495,4.9298
28.6733,-196.1761,6.9954
29.6836,-196.0332,6.1683
29.8107,-196.0366,6.1579
74.3210,-175.4088,5.6533
32.1071,-195.6627,6.2009
73.8484,-177.2051,6.2534
96.8795,-166.6355,5.9885
94.1727,-167.9565,6.2009
90.5673,-169.7666,6.2789
70.6296,-180.1962,6.4259
69.9785,-181.0071,5.6981
67.7751,-182.1126,6.1214
68.6324,-181.7529,6.0522
-75.8511,-256.2812,9.0322
120.9317,-159.0084,5.5742
24.4323,-208.8572,7.6296
24.9191,-208.6923,6.5975
24.8598,-209.6745,7.2375
98.8117,-172.8512,5.9176
22.4451,-211.8778,6.8012
29.2985,-209.6726,7.0841
102.1192,-172.3625,5.9069
25.5506,-211.8713,7.1267
27.5179,-211.0356,7.0406
30.1619,-212.2404,7.5331
23.7710,-216.0207,7.1512
-88.4183,-277.0697,10.4887
-15.4076,-238.8300,8.0011
100.3562,-178.3619,6.1132
102.6104,-178.3745,6.2082
138.1012,-160.0272,5.4873
-76.1482,-277.1254,9.7074
-77.9647,-278.3051,9.6305
108.7903,-178.0168,4.8978
-28.9444,-254.3351,7.9297
-29.8635,-259.6946,9.1057
-31.0692,-260.3851,9.1522
50.5023,-217.7008,6.3617
200.1326,-133.6914,4.1794
198.4828,-134.7011,4.0856
64.5066,-215.4436,6.6578
115.6361,-188.8576,5.0122
224.1929,-124.0003,2.9727
39.0793,-235.4308,7.7959
110.5978,-195.7222,5.1933
206.9318,-136.9152,3.2952
205.2000,-138.5558,3.7767
63.4713,-226.9959,6.8962
169.0941,-164.0850,4.6270
17.9749,-260.2883,7.5871
-25.7112,-289.5032,9.3916
-22.2841,-289.3945,7.9489
28.1701,-258.5604,7.3232
22.3708,-262.7379,8.4274
23.8449,-261.9197,8.3367
190.3147,-155.0519,4.1632
188.7996,-156.0473,3.8108
187.6007,-156.9255,4.0844
66.7537,-236.2542,6.4492
93.3031,-220.8941,6.6165
127.5209,-200.0416,5.1335
69.9052,-241.3674,6.3019
70.2689,-241.1585,6.1304
70.4850,-241.2177,6.0883
181.7058,-166.6106,3.8334
190.1486,-160.9963,3.8329
94.5042,-227.2710,5.6201
191.2882,-160.9773,4.0920
99.3339,-230.7051,6.3063
101.7614,-229.0798,6.3154
98.1971,-231.8599,6.3459
149.6587,-195.7344,5.5972
243.5720,-129.6041,3.0203
245.1667,-128.6651,3.3673
35.0558,-280.7675,7.8223
35.4779,-280.5139,7.4187
243.5715,-129.9469,3.1144
115.2555,-223.2653,5.8857
187.7939,-171.3309,3.8237
25.4361,-290.3216,8.4439
32.1119,-285.7548,7.3471
190.4065,-171.1041,4.3178
71.5562,-266.8726,7.0121
73.1618,-265.7410,7.2352
106.1501,-243.9403,6.7889
107.0540,-244.5285,6.6744
96.9385,-253.0913,6.1195
106.5939,-245.9835,6.2687
107.4784,-249.3606,6.7459
110.9663,-247.0710,5.6401
110.6852,-251.9527,5.5671
112.9423,-250.2325,5.4898
111.8410,-252.0787,5.7141
98.1004,-265.9071,7.3142
99.0240,-266.4464,6.6530
100.1899,-265.6040,6.6364
100.2861,-267.0872,7.0986
220.6516,-169.3850,4.2178
148.0958,-236.9134,5.6861
138.5683,-246.8927,6.4060
177.8010,-219.7324,4.4029
246.1942,-156.8271,3.0443
158.8079,-239.7372,5.2299
171.9257,-227.7448,5.4401
165.5115,-237.6115,5.6398
222.5242,178.1423,5.8142
223.5769,176.6698,5.9666
247.0774,141.2841,4.7653
248.5058,138.9506,4.8976
159.8633,242.3682,7.5286
158.6128,243.6239,7.1504
159.6403,241.0848,7.4737
158.3913,241.7773,8.2265
161.8750,237.4441,7.2779
156.1090,243.6208,7.8608
158.2848,239.7499,8.2728
159.3604,237.9177,8.1340
157.1261,240.4836,7.0589
178.5374,210.4671,7.1614
252.6900,123.2021,4.7781
182.8714,200.3332,7.2271
191.0222,189.5670,6.0094
259.2253,112.4705,4.4446
260.7442,110.7795,4.2782
271.2856,99.0203,4.0670
118.1547,264.4948,8.2087
170.1880,205.6860,6.7274
252.5799,115.4302,4.0611
206.8099,163.0127,5.4580
206.0942,163.7569,5.5029
107.8889,260.2089,9.3079
164.6313,201.8507,7.5119
166.6081,199.5159,7.5091
163.5973,202.4027,6.5559
166.7381,199.1053,6.2995
161.9305,203.4593,6.5537
164.0407,201.2886,7.6375
167.5665,197.3699,7.2143
161.9346,203.0310,6.7248
165.2438,199.5917,6.4854
87.7060,278.4331,8.5150
161.6498,203.0553,6.4730
164.0640,200.5832,6.4666
162.9233,201.6794,7.2899
160.6622,203.7869,7.7313
155.8425,207.8874,6.6965
222.5839,139.8426,4.6696
159.0395,203.8052,7.0999
162.4195,197.5506,6.7153
158.2018,201.7396,7.2560
159.6432,200.1492,7.6403
159.8329,199.9422,7.3618
156.3705,202.4959,7.7812
160.6472,197.1319,6.4212
205.4227,152.0912,5.4448
80.9468,273.0545,9.8633
82.5425,271.4854,9.6613
218.8868,137.5578,4.6515
80.9139,271.5007,9.6870
66.8086,284.2954,9.5495
136.6780,215.6399,7.8268
79.4182,270.4972,9.6342
69.2223,278.6423,10.1356
218.6460,133.8611,4.5831
134.1081,213.9505,7.4401
130.0390,211.3564,7.8416
64.5552,265.4569,9.3490
64.9897,263.0361,9.0168
200.5058,138.1068,5.3668
32.7635,282.7263,11.1881
32.5341,282.8562,11.1011
128.1291,199.1372,7.4305
198.8793,135.3818,5.5760
77.9789,237.2053,9.2617
109.4510,210.1591,7.7201
85.7086,230.1694,7.7999
84.4660,230.9676,7.8532
81.8836,232.7843,8.2407
77.1001,236.6793,8.6519
82.0760,232.3503,8.6720
82.7032,231.6445,8.7365
75.7280,237.2498,8.3942
80.5162,231.0441,8.8557
79.1141,229.9762,8.4408
86.8194,214.9640,9.0542
5.1332,279.3436,11.0765
141.9756,169.3269,7.0292
49.6443,234.9146,8.6770
184.2949,130.7132,5.7592
48.9802,235.3913,9.0572
70.7388,218.3872,8.3748
146.3323,159.5596,6.2940
205.5183,112.1939,4.7223
-28.4584,289.9566,11.5377
179.1371,130.9754,5.2993
202.0802,112.5680,4.7191
202.1726,112.3097,4.7943
64.7859,214.5212,9.4310
122.7304,171.0973,7.4345
63.9190,213.8269,8.9590
65.8759,212.1354,8.9960
63.1988,212.3984,9.4892
63.8580,211.1390,8.7577
62.9448,211.6393,9.5448
65.0800,209.9897,8.9570
163.0000,137.8578,6.5490
128.5998,162.7959,6.5338
29.0402,235.3299,9.6403
21.5797,240.7489,9.2463
214.5687,99.5362,4.5806
161.9882,137.3646,6.3938
173.1649,128.2565,6.1601
43.5093,219.5850,10.0863
42.4248,216.3871,9.9874
45.5361,213.6647,8.2785
43.0153,215.4157,9.4357
43.6300,214.8562,8.4529
43.0142,215.0546,8.3029
156.4010,131.1233,5.6875
157.7425,129.4063,5.8202
68.8865,186.7457,9.0137
-74.3446,282.2493,11.1130
-72.0150,279.7783,12.7767
-70.6374,278.7433,13.0615
59.8062,189.0107,7.7210
60.2673,184.8289,8.5929
45.2079,190.2617,9.0877
44.4832,190.6904,9.0073
153.7937,121.2725,5.5295
2.9127,215.9305,10.2652
45.4780,188.7362,7.9750
152.0684,121.3125,5.5138
111.7023,146.5618,7.4896
154.2280,119.7037,5.8017
46.5804,187.0817,9.1632
141.7816,127.3847,5.7712
-0.1944,215.2576,9.6228
146.2338,123.5312,6.6574
-2.1815,214.1978,10.1318
-2.2224,214.1062,9.3999
17.6950,201.4387,9.9909
13.9629,203.6016,10.4397
-62.0059,250.1036,11.9870
20.2675,198.7654,8.7903
-65.8686,251.1405,10.8687
-72.3150,249.9208,11.9756
1.5481,205.4240,10.6441
-46.5780,234.0296,11.0649
-46.2486,233.7769,10.5132
148.3154,116.9423,5.8876
141.2409,120.9497,6.5418
129.2494,127.9638,6.5536
-47.9325,233.5188,10.9213
142.4409,119.7741,6.4555
-37.8936,222.1906,10.3597
168.8376,101.2994,5.1251
77.4189,154.3287,7.1707
66.0878,160.5846,7.3718
-10.6048,205.0899,10.8484
-6.3602,202.5543,9.7102
11.8332,191.9194,9.8301
-5.9398,202.1924,10.4275
-12.0971,205.6567,10.9641
-3.5195,200.6591,9.4529
0.9861,197.8272,10.4715
60.5745,162.6178,8.5798
-0.5725,197.7283,9.2898
-2.4913,198.4670,9.4531
209.5116,75.7660,4.4385
-117.2982,262.2477,12.2192
20.7435,182.9654,8.9332
20.8105,182.1079,8.3073
-118.2818,260.3667,11.5720
-117.0079,257.9225,13.1330
59.8407,158.0088,7.5381
-119.3209,257.4480,11.4770
7.8478,185.6517,9.6865
-8.8414,194.0923,8.9294
-120.0689,253.5473,12.8612
-118.6130,252.5903,12.5562
59.3680,154.1881,7.8306
-114.0715,248.9489,13.3284
-116.1935,248.3697,13.7010
-4.6277,185.9322,9.8675
-116.9424,246.2633,13.4638
-119.1049,247.1748,12.0113
260.8945,41.8433,2.8252
-122.4542,246.4324,11.9705
-2.8775,181.2293,9.3490
120.0161,115.2242,7.1092
139.1236,104.1365,5.9662
-114.7852,237.4784,11.6098
-26.4975,190.1791,9.2638
108.0291,119.7037,6.9566
-26.5532,188.9818,10.3378
210.6866,65.5873,4.2356
59.0889,144.3061,8.5660
-112.8214,232.4391,13.1969
-17.7544,183.1372,10.0418
-119.0912,233.1875,12.4302
-120.8074,233.2617,11.7799
-32.3906,187.8653,11.0845
-30.0587,186.4827,11.0733
98.8929,120.6229,6.8159
1.6364,169.4305,8.6165
-44.6797,192.2205,10.0838
-46.9686,192.9630,10.5799
-52.7321,193.5639,9.9522
-49.0812,191.1118,9.9561
-119.3567,226.0787,12.9759
-119.9395,226.3256,12.2025
-34.8762,183.3037,9.5737
-56.6655,190.9597,10.5615
-0.9932,163.6831,9.3136
-54.5023,189.6208,10.8525
-55.9832,190.2834,10.8120
-56.0299,190.2750,11.0015
-33.6258,177.0640,10.6660
93.0601,115.2764,7.7635
96.2687,113.5044,7.3145
99.4311,111.7684,7.1962
-127.1879,219.5327,12.9049
172.7802,76.1287,5.3544
-150.3611,229.8400,14.1911
65.9878,126.6427,7.5686
79.3475,119.2160,8.0988
84.3947,116.1287,6.6691
65.0143,123.7052,7.1619
118.3311,98.7808,6.2274
116.1538,99.4665,5.8722
96.2709,108.0332,6.9088
-35.8261,168.9127,9.6428
-38.3331,169.6001,9.2218
-86.7748,191.5122,10.4338
-2.4994,152.3337,8.8950
-22.6436,161.4627,10.5331
61.0987,122.8956,7.7644
-94.4106,193.3959,11.7883
-1.8355,151.0483,9.8721
62.6203,121.5955,7.9799
-135.3185,211.3549,13.2073
-96.1071,193.4414,10.9336
-100.0625,195.0750,11.1731
-15.4461,156.6105,9.5458
-96.9170,193.5515,10.5168
84.8181,110.3828,7.0257
-18.5531,156.5495,10.1418
1.5807,146.5709,10.0589
-21.6316,156.4762,9.9174
-135.0797,206.9655,13.4490
-25.1543,157.4386,10.6095
-23.1790,156.5299,10.6032
-52.5351,169.5867,10.1998
-29.3290,159.2035,10.1273
90.0011,106.0663,7.5712
-28.3636,158.7141,10.3290
-21.3537,155.3232,9.7689
-40.1952,163.5010,10.0872
-150.7051,212.5105,11.6125
-27.4164,157.4949,10.1518
-23.2516,155.5928,9.9435
-168.0467,219.5435,13.8806
-168.7300,219.7877,13.8944
-35.3548,160.4549,9.8872
-25.1064,155.7590,9.8879
-47.9001,165.3228,10.1105
-41.8538,162.4180,10.4905
-44.9744,163.7459,9.8891
-48.1385,164.8506,10.3903
-21.6541,153.1987,10.2099
-18.7321,151.9012,10.2366
-47.8322,164.1627,9.8597
-60.2873,169.3913,9.8638
-50.7394,165.1995,9.6186
-19.5281,151.3689,10.3555
-6.8967,145.7238,8.6662
-161.2219,212.9957,13.1656
-25.4033,153.7561,9.5627
-16.4131,149.8047,9.0208
-46.9113,162.9595,11.0050
-17.5688,150.0874,9.1712
-5.7069,144.9062,8.9168
-21.4792,151.7418,9.1656
-26.7296,153.9874,10.2724
-114.8515,192.2328,13.0402
-21.9316,151.7924,9.1710
-157.2632,210.4781,13.7157
-154.7762,209.3961,13.6738
-19.8535,150.5178,9.2126
-45.6645,160.9792,11.0619
-156.7610,208.9710,12.5256
-43.1409,159.4966,10.4708
-46.9932,160.9443,9.4063
88.2366,102.1287,7.7155
-125.3960,191.1120,12.8541
-130.8873,193.4279,12.9448
-127.9434,191.4011,12.9771
8.1640,132.3747,9.5730
-124.0224,187.4370,11.4230
-25.1576,145.8967,9.0666
89.0531,98.2181,7.6698
14.3696,128.3745,7.9628
-24.8545,144.2707,10.2119
84.9760,98.7922,7.5831
-24.2165,143.5181,10.6774
-25.2267,143.1288,9.8628
-26.9399,143.7887,9.7363
-168.6053,201.0124,12.3128
-157.3298,196.2152,12.9622
-26.3905,142.5397,9.6059
-25.8820,140.5119,9.0171
16.9335,123.1876,9.0902
17.4980,122.9596,8.7361
-166.6126,196.9428,12.7984
-170.6721,198.2920,12.7052
-71.2862,156.7265,11.2765
17.3086,121.1184,8.9628
-171.0218,194.4935,14.1891
-171.4868,194.4638,12.9333
-172.6176,194.7750,12.3682
-172.4852,194.6839,12.3225
-71.8198,154.8338,11.2814
-19.3867,134.1011,8.6088
-73.0238,154.9794,11.1064
-70.1638,153.2406,11.3950
-179.7938,195.5732,13.9292
-165.1405,189.3263,11.7752
-73.1306,152.3012,10.2345
-74.2377,152.7045,10.7032
-131.7312,174.5835,12.9426
-25.7931,133.0257,8.8475
-22.3114,131.2604,10.0231
-29.2065,133.8858,9.3078
-27.5223,133.2355,9.7174
91.5102,87.4251,6.3917
-25.0770,132.1034,9.2163
-183.1046,192.6942,13.7689
-175.5453,189.7184,14.1397
-147.5181,178.8580,12.5171
-146.1211,178.2631,13.4073
-30.5031,133.6304,10.1604
-29.6244,133.1318,10.1287
-79.6461,152.2102,10.1840
-146.6370,177.5587,12.6095
-23.4601,130.4723,10.0762
-25.1010,130.8619,10.3363
-130.2046,170.8773,11.0632
-124.8097,168.6702,10.9649
-118.1737,166.1172,11.3352
-80.4918,151.6217,10.3245
-145.7905,176.1284,12.3849
-171.0954,185.2757,13.1337
-185.6941,190.6262,13.5271
-113.3863,163.2241,12.5384
-111.9332,162.5113,12.5735
-186.8816,190.7841,13.2135
-82.6684,150.9090,9.8653
-27.1607,129.8694,9.9364
151.9153,62.3943,5.3717
-190.2262,191.1235,13.3726
-194.5445,192.5885,13.8706
153.3323,61.6698,5.7076
150.9629,62.5089,5.8640
-115.4203,162.1299,10.5843
-179.1912,185.8233,13.2219
-180.5030,186.1180,13.3088
-198.0555,192.5185,14.9091
-188.1655,188.6883,12.1319
-195.9648,191.4535,13.7587
-196.7965,191.7181,13.2823
-182.5947,186.3899,12.4836
-75.6648,146.4590,9.8339
-196.8556,191.6561,12.6255
-182.8781,186.4295,12.6569
-76.9818,146.9307,10.9785
-189.3687,188.7515,13.9800
-197.0413,191.6067,13.1600
-201.6698,193.2383,14.9224
-189.8164,188.7157,13.7007
-191.9735,189.0673,13.4594
-210.0087,195.6670,14.3077
-202.5320,192.7914,13.8238
-203.9085,193.2674,14.6423
-175.5112,182.7249,13.5611
-183.4931,185.6502,13.8080
-195.7922,190.1966,14.1383
-176.9859,183.0498,13.6184
-89.7619,150.6606,11.1496
-209.4015,194.9481,14.7774
-74.5468,144.8575,10.9515
-183.8522,185.2988,14.1178
-200.1934,191.2793,14.1037
-204.9085,192.9997,13.9367
-194.0813,188.9283,14.3528
-83.2195,147.8709,10.7723
-201.5033,191.4956,13.3098
-197.0315,189.7607,14.1773
-181.2002,183.8367,13.3856
-202.0912,191.4746,14.9342
-207.8604,193.5218,14.9511
-199.1271,190.2694,12.3765
-212.6009,195.2142,14.8979
-79.5960,145.9986,11.2157
-195.2480,188.5728,14.0489
-204.5057,191.8535,14.9931
-194.4829,188.0719,14.4562
-113.9127,158.3463,11.1455
-181.6517,183.1950,13.7436
-77.1625,144.7319,11.1555
-144.0143,169.2863,12.5787
-193.2808,187.3695,14.3631
-145.6380,169.8262,12.1544
-145.0136,169.5628,13.0694
-83.7407,147.0207,11.0168
-190.7450,185.9674,14.5320
-139.8344,167.1574,11.9013
-141.7150,167.8270,11.8218
-143.2263,168.3755,11.6562
-202.4663,189.6706,14.9946
-108.3949,155.2182,10.8119
-69.1117,140.8302,10.4530
-106.0733,154.3477,10.6805
-145.4998,168.7420,12.6083
-144.1905,167.7631,11.7888
-147.5240,168.8135,11.5196
-116.0347,157.3204,10.6172
-144.6045,167.5583,11.7875
-142.5218,166.7221,11.5902
-149.5730,169.2667,11.3733
-145.5522,167.7311,11.7162
-183.5025,181.2156,13.2644
-21.8088,122.3479,9.9810
-203.0509,187.5134,14.2121
-140.3605,164.5498,12.9408
29.7604,103.0261,7.4720
-142.8102,165.2754,11.9502
-9.4651,116.4927,8.3085
108.3875,74.0766,5.9754
80.1058,83.9259,7.7784
-50.0180,130.4933,10.2949
116.4056,70.8040,6.0481
76.8314,84.9424,7.8057
-91.4473,145.1369,12.0348
-50.3392,130.3170,10.4040
-193.8454,181.5957,13.4885
-78.7049,140.2770,11.5818
-76.0605,139.3094,9.6926
80.2879,83.4486,7.6681
-23.6048,120.4086,8.6708
-101.4836,147.9515,10.6971
114.5241,70.8236,6.5768
73.3621,85.4542,7.5013
74.0333,85.0272,7.7877
116.9335,69.7574,6.1879
78.2318,83.4825,7.4599
82.7250,81.7895,6.6564
-50.4579,128.8642,10.6320
84.3654,80.9849,7.2953
-211.1072,185.2611,13.7325
83.5423,80.7906,6.3260
72.3478,84.7310,7.2002
115.8662,69.3330,6.1310
78.3259,82.4656,7.7313
116.6620,68.9444,6.1346
-78.2482,137.2745,10.7168
-146.9313,161.3116,12.5587
-140.1869,158.2214,12.9312
40.6046,94.9974,8.1136
-163.0445,166.1563,12.3988
77.9594,81.6877,7.1047
-134.9232,155.6053,11.1703
80.2120,80.6214,6.8628
-36.4078,120.8707,10.0882
-126.3400,152.0274,11.5388
-129.9670,153.2421,11.6516
-79.5044,135.5449,10.5792
-136.4103,155.1921,11.0032
-142.7028,157.2878,13.3054
-44.0517,123.1296,10.1043
-41.7139,122.2535,10.1301
-136.5045,155.0514,11.0946
-33.4156,119.2925,10.1404
78.3643,80.6121,6.4714
-35.2605,119.7085,10.2427
39.0843,93.9274,8.3027
-122.9456,149.8236,11.3573
-130.0869,152.2684,12.8725
-134.7745,153.7292,11.1386
-129.1171,151.7433,10.8657
-129.1380,151.7499,10.7587
-134.7072,153.1082,13.0344
-130.2683,151.5729,11.1464
124.8781,63.8327,6.4771
-120.6564,147.9183,10.5527
-136.0123,153.1732,10.9453
-132.1701,151.5694,11.4048
-112.8900,144.8964,10.6110
-117.2570,146.3782,10.7191
-122.8207,148.1705,10.6854
-125.5033,148.7349,10.8271
-132.9835,151.2300,13.0020
54.6329,86.9484,7.1087
-162.3817,160.4685,13.1458
127.1759,61.7810,6.1842
124.7914,62.4859,6.3125
-72.1937,128.9161,11.5371
15.4228,99.0059,8.8722
60.6616,83.5446,7.8374
15.6639,98.3267,8.8628
-66.2924,125.7437,11.2187
100.5449,69.6009,6.3440
-69.5893,126.2077,10.1541
-66.0114,125.0063,10.5269
-41.1750,116.4698,10.2430
-3.1169,103.7816,8.7427
-74.3520,127.0327,11.3247
-78.2170,128.2371,11.4110
-68.0317,124.6879,9.5870
-75.5070,127.0229,11.5206
-79.5648,128.2951,10.7949
40.0542,88.6568,8.6305
-71.6133,124.9760,10.1115
-75.1939,126.0723,10.3264
-38.9987,112.6615,9.5031
76.2280,73.5457,7.8294
-42.0549,110.3626,10.5173
-116.2895,133.7018,11.2593
223.5004,25.5728,3.6059
-39.6068,108.4913,8.9712
-235.0128,169.7429,13.5349
-33.1458,106.0527,9.1657
97.2947,64.9785,6.8659
-39.9102,107.4746,9.5514
-165.8306,146.2010,13.2177
224.5722,24.4301,3.4503
-42.8036,107.5572,10.0323
37.5896,81.4439,7.2036
-152.6299,139.7538,13.4691
-156.9427,139.9241,12.0094
-165.4532,142.2145,11.6047
-45.9590,105.7723,10.4655
-56.4935,108.7720,10.2047
-74.0327,113.5803,10.7808
-4.0920,92.2900,8.9837
-175.3827,142.9351,13.6916
-167.4158,139.3738,13.0748
-176.9184,141.9737,13.0384
-164.9168,138.2341,13.1990
-215.4105,152.9140,12.8717
-215.2019,152.6801,13.5136
-73.0463,110.3160,10.4253
-0.6253,88.8253,8.9642
-176.5062,139.7575,12.6834
-167.8429,137.1315,13.1322
7.0528,85.5561,9.4652
-0.5926,87.4912,9.5275
-162.7491,134.9585,13.6375
-163.2571,134.8907,13.4806
-120.9226,121.7464,11.2700
-3.5667,87.5413,9.5279
37.9483,75.3993,8.0890
0.3995,86.0982,9.4026
111.1501,53.7865,5.6589
5.2770,84.4101,9.3267
-1.4973,86.1568,9.6069
-74.0693,106.5915,10.3969
-121.3939,119.8055,10.4215
-180.1831,136.3575,12.9610
229.6451,18.8744,3.7300
-72.6709,105.0717,10.6999
-71.2505,104.5958,10.5691
-46.4249,96.1196,9.8080
49.4953,68.9931,8.1973
218.9331,21.0621,3.8304
-170.1529,129.2660,11.7379
217.8137,20.5790,3.4980
-45.6453,93.2047,10.1209
-154.9225,123.1092,13.4743
-169.5158,126.7027,12.7948
-171.2461,127.0826,12.8994
87.4300,56.0485,7.1720
-246.6328,146.6598,13.3565
221.1068,19.0455,3.5475
-169.8991,125.3396,13.3200
218.1169,19.7009,3.5235
-151.2777,119.1354,13.3324
-71.4083,96.6090,10.1712
-199.9145,129.6293,13.2932
-197.4719,128.9762,13.5107
-154.0191,117.1675,11.3418
-79.7583,97.4675,10.8507
-133.5253,111.4725,12.2629
-209.1970,131.3022,13.9498
-210.9274,131.7451,14.2619
-214.6577,132.6162,14.4128
-200.7603,128.4265,13.4784
101.4036,48.8478,6.9903
104.9995,47.8852,6.8671
-203.6550,128.6577,13.5449
-80.2289,95.9147,11.5436
-202.5303,126.9489,13.7332
-171.3898,118.4344,11.7221
-173.9379,119.0377,11.8147
-120.6199,105.1590,10.7191
-160.8222,115.4945,13.0510
-199.5160,124.6863,13.8966
-71.2753,91.0100,10.4562
-170.0345,116.1599,11.3802
-243.4605,134.6009,15.3270
-201.9914,123.4564,14.4263
-193.1898,120.7330,14.1044
-113.2623,100.4351,10.2779
-157.7175,111.4666,11.1980
82.1916,50.7074,6.9467
-200.3577,121.8635,14.3986
-198.9483,121.4157,14.0070
82.4314,50.5235,7.1521
-209.9419,123.9403,13.8462
-206.0000,122.9140,14.1667
-164.8524,112.5277,13.5552
-243.2187,132.0333,12.9308
-214.9724,124.7308,13.9971
-189.2582,118.2765,13.6152
-94.5426,94.4700,10.2232
76.9245,51.5265,6.9800
-206.7854,122.5221,13.5718
-187.8108,117.7481,13.9793
-171.6370,113.6343,12.0657
-164.1812,111.7077,11.3936
-209.9954,122.9995,14.2935
-219.2381,125.1790,14.3246
-204.5231,121.1610,14.2224
-211.6374,122.9153,14.1629
-239.4816,129.5899,15.3953
-251.5439,132.5403,15.4800
-243.5543,130.4429,13.7550
-246.5974,131.1977,13.8082
-246.2583,131.0944,15.2777
36.4515,60.8790,8.6447
-202.3288,120.1213,13.7747
-206.1035,120.8823,14.3257
-187.5032,116.2191,13.7657
-215.7634,123.1921,13.5831
-165.3933,110.6310,12.9628
78.8839,50.0681,6.6488
-258.9909,133.3166,15.2308
-169.0844,110.8118,11.3253
-162.0458,108.8494,11.6073
-162.3770,108.5375,11.6493
-196.8247,115.5636,13.3572
-194.1327,114.6483,13.1483
-195.4909,114.4218,12.6314
90.9983,44.7952,6.0732
-85.7642,86.9490,10.9813
-43.3420,76.6502,9.1452
73.1358,48.6760,7.6838
-193.8274,112.1248,12.5226
-16.6803,69.8271,9.7209
-227.9350,119.5888,14.8577
94.0490,42.7523,7.0410
-41.9907,74.6966,10.1358
15.2370,60.8176,9.0308
-56.1806,77.3233,9.3260
-43.5091,74.1646,10.5949
-256.8417,123.2501,15.4701
-261.2461,124.1266,15.6036
-194.1847,108.5188,12.8425
59.2026,49.7537,7.2127
-252.4950,121.7909,13.6674
-251.8141,121.3466,13.7437
55.8664,50.1945,7.7698
-205.9893,108.9004,14.4582
14.4769,58.3095,8.7160
103.0954,37.6428,5.8431
-180.0658,101.2204,13.0066
-8.0434,62.4106,8.2975
102.5525,37.4984,6.0646
-187.4827,101.7869,12.5695
-202.3426,104.7537,14.3988
-42.8805,69.2526,9.1869
-182.1585,100.1313,13.5901
101.2770,37.2228,6.5546
-50.3028,70.6111,10.1342
-197.0667,102.9774,13.7143
15.1751,55.9963,9.0276
-40.1610,68.1989,9.3498
-53.3464,71.0885,10.0942
-190.8175,101.4236,12.6149
-59.8392,72.4718,10.2612
-18.3555,63.2132,9.2503
13.5593,56.1718,8.8112
-37.6542,67.3902,10.0545
-58.3293,71.7961,10.1043
-50.0831,69.4413,9.1702
-46.0542,68.4989,9.1307
-16.1077,61.8547,8.9589
-49.3300,69.0836,9.6991
223.8405,9.4414,3.5240
-45.7060,67.9362,10.0524
-48.5899,68.4674,8.7681
-44.0263,67.4622,9.0105
-38.2470,66.0940,9.2715
-25.1890,63.2619,8.5842
-201.6528,101.4966,13.0924
-58.8206,70.3185,9.3556
-60.2578,70.5540,9.3324
-20.6670,61.9909,9.2215
14.0492,54.3868,7.6867
-200.3076,100.4219,13.0204
-22.4422,62.0487,8.4244
-58.2585,69.7351,9.6294
-201.2414,99.8227,14.0778
58.4882,43.6890,8.0108
-191.8980,96.8826,12.3841
63.6867,42.3934,7.6720
58.0348,43.5838,7.7873
-20.3272,59.8638,8.6078
-44.0026,64.8170,9.1920
-19.6330,59.5016,8.7013
-105.8456,76.9260,11.7617
-46.2838,64.4079,10.5128
-194.7924,95.3974,12.3010
-131.1943,81.7068,11.7214
-106.8280,76.2977,12.0907
-265.4994,108.9676,14.9708
-263.7826,108.4042,15.0837
-270.1148,109.6084,14.8061
196.7844,13.1533,4.5541
-107.4857,75.7620,10.7291
-131.9317,80.6618,11.8453
-194.9477,93.3413,13.2372
-107.2820,75.1354,9.9599
-198.0335,93.3879,11.8670
38.0181,45.0863,8.0778
32.8250,45.7362,7.8717
-142.5455,81.0298,12.3974
-129.2387,78.1842,12.4646
-195.6174,91.5483,13.5998
-194.4031,91.2595,13.4982
-194.9084,90.9715,14.2270
-197.6748,91.4622,14.2068
-81.1032,67.8914,11.4554
-196.2889,90.8219,14.1194
-135.8704,78.2174,12.7437
-127.3240,75.5312,12.1564
-78.9868,65.3508,11.1833
-134.1734,75.1099,10.9956
187.8788,12.4167,4.3848
-138.6058,75.4279,11.3912
-133.2042,74.3340,11.2424
-266.8403,99.7726,15.7714
-210.6973,88.1102,13.1590
-266.9996,98.5083,13.2722
-269.0069,98.6309,13.5201
156.5674,17.6756,4.6366
-209.5606,86.9184,12.4704
-194.8016,83.3606,13.8356
-227.8535,89.5043,13.7210
-134.0503,71.7535,10.5177
-76.9393,60.9806,10.3119
-78.2868,60.7520,10.1757
-217.7501,86.4082,12.3633
-181.0102,79.0527,11.7165
-122.3533,67.7333,12.3669
182.6778,11.4560,4.5675
-125.2852,67.9972,12.2359
-193.9357,80.5243,13.8462
19.5477,40.8850,7.4565
-156.1795,72.7667,12.8869
-79.0326,58.0551,10.7094
-87.3583,59.3898,11.4650
-171.3244,74.4382,12.5094
-108.5221,62.8077,10.0533
-108.6745,62.5611,11.1820
-107.5650,62.3087,10.9356
-251.7431,87.8546,14.7692
-129.5999,65.8265,12.2299
-135.2818,66.7172,12.1517
212.7172,4.7935,3.9839
-215.9498,80.7914,13.7236
-136.3855,66.4594,12.1466
-52.6208,51.5840,9.2162
133.0899,18.6220,5.1494
-252.7209,86.5694,14.6173
-126.7006,64.2676,12.2361
-89.1301,57.5635,10.7374
-252.8287,85.9755,14.9010
79.4247,27.6593,6.2827
-90.7675,57.2315,10.0193
-135.2137,64.7507,12.5094
-249.0207,84.1251,14.6499
-251.7868,84.4579,14.7856
-70.2681,52.5818,9.4496
-128.8280,62.3412,12.2552
-247.8177,82.7292,14.1562
-242.8033,81.4209,14.1846
-172.6594,69.3279,13.5175
62.2120,29.0729,7.0159
-177.6405,69.6004,13.2121
-246.4664,81.2401,14.7539
-246.4780,81.2109,15.0204
48.0009,30.9169,7.2471
-278.1267,85.7314,16.0092
-245.7814,79.9940,14.5830
128.9818,16.8885,5.8847
51.2008,29.7137,7.1568
169.4157,9.7884,5.0055
62.5439,27.4160,6.9302
-79.9109,50.6678,9.4013
52.4114,28.7841,7.7428
52.9472,28.6329,7.6745
-73.7898,49.3802,10.3917
-83.0510,50.7335,9.9671
62.7345,26.8366,7.1842
69.4936,25.7280,6.6233
54.3049,27.9736,7.0682
54.7357,27.8622,7.3329
-219.3009,72.2928,13.0332
51.0263,28.2653,7.4032
61.7461,26.5133,6.6849
58.2989,26.9390,7.0673
50.3079,28.2210,7.9679
49.7769,28.0670,7.5242
49.4959,28.0051,7.5365
65.2075,25.4841,6.4089
-148.6098,59.4580,12.6768
39.6770,29.3341,7.7432
66.7963,24.9918,6.8496
40.3999,29.1950,7.3535
-278.4061,79.6880,15.2690
-149.3822,59.1519,12.5986
-118.2343,53.8431,10.6769
126.5855,14.9630,6.0561
-217.5131,68.7181,13.8963
-147.7676,57.5939,11.8975
50.9612,26.4165,7.5621
-65.7172,44.5127,10.8680
55.1349,25.6539,7.9823
-215.5200,67.4707,12.9126
60.2636,24.4145,7.6253
-67.2535,43.7785,10.0769
-211.7612,65.9225,14.0256
-190.8518,62.6903,13.8299
-153.7896,56.9128,12.8628
126.7714,13.7813,5.8141
-133.7517,53.1382,10.7106
-152.5081,55.6061,11.6847
-270.3618,72.5635,14.8436
-69.0253,42.0029,9.5771
-242.7175,67.8653,14.6671
-214.0163,63.5732,12.5526
-159.6603,55.3322,11.5261
-67.5427,41.5676,9.3431
-219.1700,64.0450,14.2495
-192.9076,59.9589,13.8597
-67.4745,41.2676,10.5158
-193.5226,59.8285,13.5997
-209.0006,61.8867,13.4248
-209.5407,61.8968,14.0426
-206.8347,61.0881,12.3033
-257.0724,68.2288,12.8998
-257.2406,68.1976,12.8071
-59.5394,38.9780,9.7873
-255.9683,67.3577,13.0331
-210.2255,60.4302,12.5511
-207.7132,59.7553,13.0334
-65.1961,39.1445,9.9902
-208.5080,59.7101,13.6571
-61.3153,38.4363,10.6510
-89.6931,42.4720,10.8897
54.0866,21.7826,7.7936
-213.8163,60.2125,13.2624
-268.6455,68.0218,14.5149
-208.4863,59.3305,12.7840
-169.4159,53.6025,11.1760
-269.8784,67.7039,14.4864
-241.2808,63.3596,14.8892
-243.0029,63.5739,15.0793
-245.5880,63.9270,15.0068
-210.2441,58.7990,12.5990
64.2374,19.7453,7.6416
-63.1751,37.7050,9.8626
60.0517,20.1252,7.6390
-246.7379,63.3661,15.0415
-245.7690,63.2082,15.1795
-239.7348,62.0862,14.2397
-163.0752,51.1570,12.3884
59.6041,19.8666,7.9141
-244.0679,62.2844,14.0294
-215.1214,57.6989,12.6581
-211.9680,57.2332,12.8777
17.7856,25.2534,7.9435
-216.5727,57.5839,12.6070
58.8088,19.2063,7.8643
-237.7064,59.0337,13.7452
-65.9904,35.2124,10.2729
-65.7279,35.0011,10.1362
-244.2894,58.6702,13.5603
-243.5146,57.8862,12.5180
-70.6672,34.7174,9.2328
-195.5094,49.8908,12.2163
-195.6575,49.7604,12.2010
-211.3689,51.4644,14.4240
-196.8394,49.5621,12.2263
46.9929,17.9082,6.9977
52.0386,16.9908,7.6664
-195.3748,48.6343,11.8651
-191.3085,47.2723,12.2100
-186.8529,46.5987,12.3982
-247.4040,54.1326,14.0418
-195.8939,47.4355,13.0767
-197.7203,47.5939,14.0322
48.9435,16.4147,7.7794
-194.7509,46.9349,13.3701
-88.9899,33.6489,9.5040
-198.9416,47.1719,12.3402
-247.3032,53.1620,15.2465
-132.6757,37.8748,12.4794
98.0686,9.4387,6.4785
45.3346,15.8903,7.2864
21.3725,18.5806,8.0982
-46.7087,26.7302,10.1674
-231.1218,48.7662,12.5625
-195.5205,44.3742,12.8744
-194.7082,44.2518,13.1078
56.9830,13.7111,7.3780
-274.6414,53.6714,15.0135
-207.0040,44.6921,12.5779
-208.1987,44.8149,12.9909
-133.1848,35.7970,11.6819
-205.7664,44.3934,13.6296
-196.4628,42.8066,13.6023
-208.7530,44.1251,12.9237
-206.4033,43.4344,13.8406
-43.3290,23.4890,9.3728
51.1645,12.5195,7.8236
51.3558,12.3290,8.0385
-130.0773,32.9611,10.2789
-232.5459,44.1833,12.6471
41.2244,13.1061,8.1329
49.7189,12.0326,7.9189
43.4838,12.6617,7.8155
-176.3136,37.4042,11.9540
-135.0388,32.4840,10.5509
-237.4044,43.5661,12.5279
-107.0770,27.9323,10.7725
-107.7344,27.9925,10.3243
56.3740,9.9684,7.0361
-107.9086,27.7886,10.1349
-70.8918,23.4367,9.0919
-136.6001,30.3555,11.6430
-71.4667,23.0668,9.3020
42.9764,10.4951,8.0118
-70.8872,21.6973,10.1410
54.3389,8.4313,7.5662
-59.5322,20.1136,10.1361
-74.4180,21.5891,10.3974
51.4781,8.4638,7.6928
53.4736,8.0369,7.9130
44.6417,8.8193,7.6499
50.7206,8.1387,7.6795
54.0426,7.7932,7.5307
52.1085,7.8527,6.6739
-122.8068,25.5215,11.2715
-233.1443,36.0113,12.7389
-123.1789,24.8256,11.8444
-239.0622,35.2018,13.0384
-244.2803,35.6307,15.1910
-244.1543,35.5722,15.1624
-249.1248,36.0091,15.2454
-129.7017,24.0709,11.5823
-125.5966,23.6304,10.7577
-114.8211,22.5285,10.5751
-121.7760,23.1967,11.3931
-125.6285,23.5610,10.9858
-70.5104,18.1572,10.8248
-237.1270,34.2344,14.1032
-131.3467,23.8767,11.5291
-242.2900,34.4651,14.9932
-235.5494,33.7722,14.1963
-240.7784,34.2116,14.8629
-252.6613,35.2908,14.9079
-241.0415,34.1141,13.6760
-247.9056,34.6828,14.4330
-237.1798,33.2080,13.0824
-244.4479,33.6743,13.6214
-128.5819,22.6460,12.2451
-241.9205,33.2245,13.4214
-201.0986,28.9388,12.4149
53.6364,5.0787,6.6567
42.1478,6.0975,7.6469
-242.6721,32.6024,13.0208
-240.3043,32.1117,12.4440
-241.2025,32.1840,13.6552
-242.2449,32.0863,13.4878
-239.2359,31.1921,13.7204
-236.4550,30.9253,13.8110
-224.5402,29.8172,13.7547
-92.6234,17.5250,9.7988
-26.4604,11.4628,8.9395
-239.9286,30.7555,13.8391
-233.3322,29.9968,12.9812
44.1373,4.7502,7.4530
-237.7304,29.8654,14.6439
46.6382,4.1369,7.9896
44.1490,4.2765,8.0196
-93.4084,16.2635,10.0591
47.1838,3.7150,7.0193
45.3472,3.3868,6.8636
-68.0121,13.0579,9.8793
-69.2218,13.0222,10.5856
-117.8357,17.1717,10.5527
-238.2064,27.4529,14.6670
-68.5581,12.8852,10.4226
-200.9049,23.4312,11.7282
-198.0835,23.0197,12.5532
-270.6610,29.1014,13.7375
-109.9224,15.3533,9.8327
-238.6248,25.5069,13.0782
-250.9322,26.4145,15.3635
-105.6940,14.0952,10.6668
-73.3900,10.8562,10.7958
-74.2934,10.6990,9.8860
-73.2782,10.5341,9.5835
-22.7321,6.3276,8.9156
48.8580,-0.3595,7.4110
49.5436,-0.5065,7.2475
-98.3659,10.6736,9.8298
-237.8404,20.9772,14.5645
-178.3618,16.2091,13.1525
-187.2580,16.8216,13.5807
-168.0226,14.0737,12.9686
-237.4050,18.9794,14.3738
-42.6968,4.8595,8.9479
-237.7035,18.5498,14.1507
-236.6735,17.3917,13.6531
-235.9799,17.2205,14.8252
-186.4534,13.6273,12.5577
-238.5722,17.1290,14.9857
-185.6019,13.4668,12.3667
-236.4901,16.8568,14.1945
-233.0846,16.5880,14.0782
-236.7755,16.7033,13.5174
-25.8030,1.5230,9.3378
-236.4561,15.5489,14.0245
-87.1842,5.0889,10.4550
-238.7560,14.4789,14.9781
-240.2025,12.8429,14.9781
-238.1852,12.2184,14.9834
-287.9146,14.9086,16.0155
-234.7096,11.4249,14.7628
-239.0759,11.1729,14.7142
-230.1389,10.0387,14.4341
-234.8759,10.2624,14.4723
-202.3137,6.8736,12.4378
-42.9491,-3.3163,9.0799
-42.6101,-4.1628,9.8322
-216.9686,3.0462,12.6173
-202.3377,2.2127,11.9981
-236.3679,3.6934,14.0181
-236.3696,3.2902,14.2126
-104.6770,-3.0830,11.6305
-43.3683,-5.9908,9.3221
-103.7416,-4.4369,9.9896
-110.4730,-4.5469,11.4463
-43.6332,-8.4965,10.1097
33.9342,-11.8082,8.1269
34.3147,-11.8693,7.1077
-236.0100,-1.2974,12.5874
-99.6431,-6.9309,9.8327
-261.6405,-1.0971,15.2162
-217.5024,-2.8407,12.6779
-122.2388,-6.5789,11.5992
-275.7003,-1.5801,13.9689
-284.9524,-1.3067,13.9033
36.8520,-14.3452,7.7038
25.7441,-14.4365,7.5668
34.1982,-14.9723,7.3620
-253.9549,-5.9768,12.9285
21.7774,-14.6683,7.7961
-45.6160,-12.6553,9.4641
-57.7860,-12.3522,9.1883
19.6071,-14.8308,8.2633
30.4343,-15.3780,7.4712
-260.4556,-6.7493,12.8066
32.2963,-15.6825,7.5028
-47.3454,-13.6092,9.2246
33.8582,-15.9753,7.4181
-269.6148,-7.2912,15.7234
-215.2342,-8.8799,12.4670
69.2345,-17.4812,6.6223
35.0017,-17.2189,8.3854
-258.6978,-10.7957,14.6185
-256.6439,-10.9178,15.4350
-20.9245,-16.5794,9.4904
-22.6976,-16.8376,9.4113
36.8857,-18.3310,8.3920
-18.1525,-18.5872,8.5925
-229.0648,-16.1901,14.1552
-40.4863,-19.4975,9.1094
-103.3787,-18.6215,11.1310
-214.6399,-17.2248,12.6595
213.0248,-23.9072,3.4185
-227.7269,-18.3626,14.1135
-253.2554,-18.2941,15.2556
26.9823,-21.7388,7.4673
-188.9760,-19.3407,12.8986
-253.3879,-18.8614,14.3253
-189.7921,-20.0519,12.0957
227.6585,-24.4478,3.1734
-230.2962,-19.9235,13.5778
30.4289,-22.5593,7.0566
-250.2320,-19.7884,13.3340
-252.2086,-19.9471,13.7201
-234.0651,-20.1328,14.0769
-230.2747,-20.1811,12.9239
-246.2304,-20.0831,13.9135
29.9823,-22.8471,8.5269
169.6794,-24.1291,4.8449
-240.8114,-20.4823,14.6055
35.9253,-23.2611,8.3997
-267.4742,-20.8108,13.1714
33.5349,-23.3960,8.3647
-50.8798,-22.7990,9.2947
171.4419,-24.7528,5.1556
-200.2906,-23.0242,13.4920
-230.5421,-23.2608,13.9146
-69.1564,-24.6730,10.2105
-126.8339,-25.0208,12.1990
-88.9320,-25.1610,10.2287
34.8653,-25.7137,7.9696
37.5782,-25.7737,8.1358
31.9700,-26.0019,7.1914
38.9791,-26.0244,7.9626
-51.9643,-26.0086,9.8726
39.5476,-26.0750,7.8763
-268.6135,-26.6971,15.6876
-270.3670,-26.7781,13.3354
-51.8332,-27.0822,10.0506
-269.2485,-27.7098,14.4797
-204.3200,-27.5663,12.6431
169.7859,-26.6748,4.5741
33.6764,-27.0683,7.0747
-269.4516,-27.9856,14.5523
-270.7819,-28.0427,14.5602
-265.9072,-28.0804,13.9907
27.6605,-27.2476,7.4156
-272.5520,-28.2150,14.5625
-274.2265,-28.4770,12.9994
30.4850,-27.4181,7.2046
-198.1286,-28.2863,11.7010
-197.1157,-28.3101,11.5839
-271.4464,-28.7026,15.0987
0.4373,-27.8714,9.1609
-96.9762,-28.7881,11.5654
-281.7174,-29.8400,14.4140
-275.1131,-29.8042,14.0438
-273.2737,-29.8447,14.8888
-98.4736,-29.0760,10.6699
-271.7610,-30.2998,15.6053
32.7766,-28.4377,7.3839
13.5446,-28.5649,7.9129
14.8721,-28.7575,7.7822
14.8925,-28.7705,7.6824
14.8517,-29.1342,7.5587
-275.9617,-31.7363,14.8407
14.2396,-29.2924,8.0626
-285.3916,-32.4887,15.6311
1.2935,-29.8094,7.8108
-130.4345,-31.1502,10.9369
-282.2128,-32.6529,15.4867
-281.9818,-32.6746,15.1585
-283.7889,-32.7822,15.1513
-285.6180,-33.3658,14.0351
-28.5819,-30.6828,9.8463
-288.2368,-33.6422,13.6280
11.6358,-30.3456,8.5574
36.5715,-30.6892,7.7717
-278.9796,-35.3437,14.3599
-113.0622,-33.1059,10.7495
9.3187,-31.9640,8.9689
37.3009,-31.6438,7.3612
33.5091,-31.7603,7.4341
8.8209,-32.2976,8.4502
11.9468,-32.4181,7.4013
8.5466,-32.4847,8.5573
-105.2941,-34.5327,11.7523
-25.8587,-33.3853,9.4923
11.9072,-32.7536,8.9959
-231.2319,-37.8723,13.0336
-229.4197,-38.2540,13.8156
34.1557,-33.0804,6.9595
-231.7945,-38.6517,13.5542
-230.1037,-38.6748,13.6759
32.1546,-33.7142,7.6462
-2.3022,-34.8262,9.3146
-137.1549,-38.2720,10.7387
-186.4418,-39.5386,13.0581
-133.2834,-39.0231,10.7238
-137.3280,-39.3514,10.3199
36.5572,-35.1623,7.1750
-183.0701,-41.0376,11.7879
-222.8230,-42.2907,13.7870
-237.6866,-42.9202,14.3928
-132.7294,-40.3633,10.7363
205.2153,-31.4949,4.0831
-234.5241,-44.6653,14.0968
38.9791,-37.0429,7.2578
-233.8993,-45.9390,13.9003
-181.5275,-44.3050,11.5870
-188.9878,-44.5679,11.4903
-184.1977,-44.5320,11.4692
-247.9010,-46.6742,14.4636
-181.5534,-44.6228,12.6341
-183.3317,-44.6881,11.6261
-184.1465,-44.8654,12.6069
39.0273,-37.5920,7.1014
40.3222,-37.6810,8.0577
-190.8527,-46.7131,13.0706
-109.6975,-43.8300,11.3465
38.1188,-39.2889,8.0289
223.4734,-32.4119,3.4047
-214.8228,-49.3988,13.0617
-218.5519,-50.0559,12.9829
-192.1855,-49.4236,11.7683
-190.8285,-49.4694,11.8025
11.6244,-41.5074,8.1510
28.2537,-40.8624,7.3715
40.5009,-40.6122,6.8478
22.2690,-41.5536,7.4712
-197.7103,-51.2209,13.9212
-116.3100,-48.3238,10.9106
-231.6519,-54.1683,14.4976
-205.1509,-53.1386,13.1587
-195.4172,-55.5320,11.7773
-205.4127,-56.4180,13.9976
-196.8231,-56.0345,13.3128
-200.6138,-56.2745,13.7485
-205.5782,-56.6532,14.0982
-201.5370,-56.5179,13.1969
30.5331,-44.5341,7.4688
-197.5269,-56.6422,11.6651
-196.4381,-56.6170,12.7296
-197.8372,-57.3166,13.4812
29.1825,-45.3586,7.9410
-31.2577,-48.9607,8.5040
-203.0829,-59.6408,13.3409
-116.3127,-55.2141,10.0057
75.1648,-44.3648,6.3988
-201.0812,-61.1306,13.7284
-203.6795,-61.3146,13.3339
-205.8119,-61.5392,13.2992
-203.3535,-61.5583,13.7593
-63.2535,-53.8644,10.2374
47.8727,-47.1050,7.5738
13.1499,-49.4955,8.3396
-191.4384,-63.5520,11.8212
-203.4606,-64.4835,14.1050
-117.6282,-59.0640,11.2373
-55.9063,-55.0843,9.7842
-191.1156,-64.0146,12.1264
34.8212,-49.3044,7.5471
-226.5076,-66.9726,13.7082
-204.9457,-66.5180,12.3747
35.3166,-50.2921,7.9497
47.3476,-49.8324,8.1121
164.9941,-41.7070,4.5864
46.9244,-50.0791,7.5410
-199.3884,-67.5572,13.5887
50.6298,-50.1256,7.5286
-197.9214,-69.1488,12.2924
50.6700,-50.8678,8.0105
-235.5281,-72.6050,14.8711
29.0376,-53.1656,7.6980
29.7189,-53.4689,7.7103
46.0099,-52.3875,7.4042
-74.7765,-62.4075,10.1495
45.7099,-53.1501,7.4977
-170.6154,-71.0791,11.1074
-157.7193,-70.1190,11.8951
-155.6542,-69.9961,12.3055
-170.7232,-71.4541,11.7787
-196.5388,-73.8146,12.0318
-162.1291,-71.3378,13.0298
51.3901,-53.8460,7.4425
-163.8195,-71.6437,13.0953
-160.4402,-71.4220,12.6695
55.0620,-53.6482,7.9714
-160.9317,-71.8891,12.7522
-143.4386,-70.4903,12.6351
-140.9816,-70.7902,12.5891
-140.2488,-70.7729,12.4946
-129.8207,-70.1110,10.4956
-138.0114,-71.2470,11.3647
-139.0885,-72.0875,11.2919
-112.7118,-69.8942,10.3318
-130.5853,-72.4334,11.0450
-129.3937,-72.9942,10.4927
-138.6824,-73.9315,10.7197
-136.2024,-73.9277,10.3607
-234.2613,-83.3130,13.3490
30.4873,-59.4992,8.0706
23.1111,-60.3208,7.6185
33.3232,-59.6444,8.2504
29.0677,-60.3373,8.4834
-141.2064,-76.8910,10.7522
40.0833,-59.7381,8.3377
-233.1673,-86.6776,14.7297
31.9969,-60.8126,8.3111
-26.6950,-66.5863,8.9994
-133.7224,-77.2323,11.5122
31.5286,-61.2488,7.6444
-20.3241,-67.0761,9.0521
34.6226,-61.5668,8.3352
-150.0218,-80.8766,11.1070
-211.8313,-87.4059,12.8957
-212.3992,-87.6835,12.5963
35.3528,-62.2453,7.9822
-90.5673,-75.3941,9.7963
-126.4502,-79.1565,11.5587
272.3094,-37.9953,2.6648
-234.1657,-91.6708,13.6597
-232.1735,-91.4914,13.8798
26.2585,-64.9049,7.9625
24.6922,-65.1436,8.3258
-263.0497,-97.1798,14.6937
-146.9070,-85.1397,12.2385
-226.9085,-95.7646,13.7908
-259.4269,-99.6901,15.1453
37.0514,-66.6851,7.2250
32.5131,-67.2835,7.4651
-163.4751,-90.9260,11.0975
34.3315,-67.6460,7.9388
29.1016,-68.3754,7.6354
24.1563,-69.0925,7.6113
28.1437,-68.7660,7.6226
-232.6886,-99.8190,13.8418
32.1633,-68.3280,8.1415
-195.9264,-95.6217,12.4718
34.5848,-68.3705,7.9073
31.7297,-68.7285,7.9913
32.3266,-68.7983,7.9165
-89.0961,-83.4680,9.8964
-85.9216,-83.1032,9.7732
-233.5395,-101.7407,13.7514
-73.3473,-82.3236,10.8258
30.4216,-69.8207,8.0896
36.2147,-69.1531,7.9240
31.1919,-69.9807,8.0279
-46.8360,-79.8442,8.9024
-259.8551,-106.8301,13.6216
-238.0507,-104.1571,14.5266
26.4504,-71.1724,7.7346
-117.9771,-89.9084,10.0283
-256.9150,-109.2604,14.5802
30.3965,-72.6577,8.2682
-162.2112,-98.6211,13.1231
29.9160,-73.8619,8.1217
252.1344,-44.2099,3.0251
-239.6545,-110.2216,12.4300
-171.9432,-101.2918,13.4341
-43.7414,-84.3105,9.6204
-43.4637,-84.5755,8.6017
-158.1567,-100.4317,11.1656
-159.7895,-101.4650,12.8341
-247.6530,-114.6177,13.1944
-240.5345,-114.7213,14.1202
-81.5316,-92.5429,9.8435
35.8780,-75.9606,8.3785
30.4391,-77.1146,7.7024
-154.6482,-104.1172,11.9931
-255.2473,-118.7218,15.0111
-253.9779,-118.6794,14.9659
39.4635,-76.3519,7.0055
-98.3006,-97.9194,11.4772
-33.7260,-89.6168,9.5455
2.1931,-84.5343,9.1373
-243.2787,-122.9952,12.5710
-230.6118,-121.0775,13.9017
33.7552,-80.6026,8.4901
30.9251,-82.2094,7.7179
-241.6586,-125.3156,14.5385
32.9279,-82.1223,7.7560
-134.6828,-109.5271,10.5116
-6.0310,-88.9663,9.4935
-225.8892,-125.4452,13.2267
-129.9897,-110.5063,11.1861
-94.2206,-106.5319,10.0160
57.1331,-81.8667,7.7225
24.1152,-89.0597,7.7600
-164.3698,-124.2468,13.2111
30.4612,-91.9032,8.4259
64.5993,-88.1355,7.6454
13.2562,-98.5958,7.9945
-97.7878,-120.3293,11.5070
-29.0389,-107.5563,9.4887
65.8497,-89.1678,6.8350
11.3272,-100.1645,7.9208
-17.8211,-106.0352,8.2559
-28.8696,-108.4951,9.2176
-207.4383,-144.4423,14.4583
-21.6953,-107.8485,8.3078
-22.8542,-108.5042,8.3103
10.1121,-102.1196,7.9290
-141.2595,-133.2110,12.6174
9.6846,-103.8390,8.5059
-167.0631,-140.6240,12.9609
-235.4170,-154.9221,12.6560
-208.0801,-149.4313,12.9952
-207.6415,-149.3569,14.2767
-205.1102,-148.8990,13.8873
-204.7292,-148.9019,13.7563
-208.8704,-149.9138,12.7781
-208.2611,-150.0687,13.5275
-205.5153,-149.7628,12.9838
-215.9916,-152.3706,12.5575
-164.2738,-141.7768,12.9336
-204.6042,-151.1106,13.0406
-235.2705,-158.9616,13.7917
-214.5646,-155.2259,12.9916
-24.9781,-114.6789,9.6234
108.6332,-86.1632,5.8487
-25.2930,-115.4746,9.1598
-27.0101,-116.2178,9.9698
-23.5808,-115.6424,8.4454
-53.6687,-122.6489,10.3805
-149.7500,-144.0298,11.2788
-64.5657,-127.3069,9.9101
-76.2290,-130.2285,10.6074
-57.9847,-126.4785,9.5081
-65.0870,-128.2453,10.0450
78.5793,-95.8514,6.3551
86.4340,-94.3398,6.8289
-67.8370,-130.7949,10.6241
-99.9239,-139.4766,10.9144
-35.3896,-124.6430,8.9240
-167.0829,-155.8495,12.3671
-197.7560,-163.3905,12.5962
178.0346,-75.2062,4.8438
-60.9570,-131.5515,9.1758
-195.9281,-163.6047,12.1559
-62.9147,-132.4570,9.9635
36.6928,-109.7360,7.8276
-187.5663,-163.4942,12.4246
181.2720,-75.3705,5.0542
25.7654,-112.8123,7.3219
114.8186,-91.8911,6.2785
-183.7301,-164.5016,12.8912
-98.0077,-144.5221,10.0638
77.7817,-101.9423,7.0146
-174.6758,-163.9023,11.5427
-97.5586,-145.4101,10.4253
40.5550,-112.4328,8.3690
-174.7235,-166.1848,12.2274
-171.5886,-165.6410,12.3990
-84.6464,-144.7708,9.7245
-55.4110,-137.8386,10.9280
-6.3104,-125.4912,8.5808
-50.9083,-139.9454,9.1347
-49.9980,-140.3517,10.4806
-48.4432,-140.0190,10.4518
-51.3821,-140.8006,9.7936
5.8945,-126.5156,7.8496
-212.7857,-184.7004,12.4326
-212.5613,-184.8348,12.9358
-214.2153,-185.6718,12.4422
20.3747,-123.5203,7.6273
-213.5182,-185.6853,14.8670
-97.3642,-154.8948,10.8064
-192.2934,-180.9701,14.1829
-46.7527,-142.4486,8.9118
-189.3619,-180.9099,12.0592
-188.3111,-180.7142,12.0156
35.4229,-120.5968,7.7785
34.7436,-121.4359,7.6353
41.5743,-119.5897,8.2433
-142.6881,-169.4550,11.2349
26.8716,-123.8741,7.3998
36.8163,-121.3337,7.5218
28.8518,-123.6029,7.4342
32.4625,-122.7330,8.0253
131.5132,-95.8710,5.2395
35.2208,-122.4060,7.5118
34.6779,-122.5683,7.3963
50.5697,-118.2768,7.0109
26.8207,-124.9404,7.4214
-118.5540,-165.1411,11.0332
40.2159,-121.4803,8.3326
-120.4021,-165.6891,10.3912
-169.7823,-179.8380,12.0874
-212.7857,-192.3742,13.6473
-47.6264,-146.7853,9.0009
-207.2554,-191.2394,14.5696
-212.2772,-193.1680,14.1512
62.1655,-117.0029,8.0655
-211.7073,-193.9975,12.3441
-215.7380,-195.5210,12.5351
-213.3089,-194.8518,12.5648
-45.2629,-147.6454,9.1472
-215.8152,-195.8204,12.3742
-168.9149,-183.7293,13.5005
-171.3392,-184.5384,13.4435
-170.2339,-184.3115,13.4314
11.5757,-133.2074,8.1735
-16.3481,-141.2528,9.9513
-214.0464,-198.1117,14.6143
-13.2413,-140.8087,8.4725
86.9152,-112.3707,6.9665
81.0290,-114.1246,6.6312
-166.7806,-187.0141,11.8044
124.0061,-102.5684,6.5109
124.6751,-102.4546,6.3641
199.1056,-81.4933,4.0689
-146.4125,-184.3158,13.3462
-133.0277,-184.7123,12.6046
41.6565,-132.4288,7.9264
-34.0136,-155.8873,10.5280
41.2469,-133.2091,7.9403
28.0016,-137.9979,7.8647
46.1182,-133.0254,7.1233
28.8473,-138.4892,8.1864
27.7935,-139.2233,7.9072
26.8280,-139.8459,8.6332
27.0411,-140.1023,9.0151
-177.7407,-205.2180,12.9644
-33.5126,-159.5431,9.8288
-149.3339,-196.6190,12.1481
29.0052,-140.0213,8.5732
29.2572,-139.9480,8.8874
-179.4815,-206.3994,12.7673
-179.8386,-206.5845,12.9739
237.7376,-73.8758,3.1326
109.4363,-115.2070,6.1803
110.8538,-114.7565,6.0103
25.3607,-142.3403,9.0446
-50.7276,-166.9367,10.2261
81.4522,-124.6546,6.5527
-36.9379,-164.9796,8.8892
45.6980,-138.0450,7.3706
86.2534,-124.9032,6.3860
186.2668,-92.0816,4.9363
-109.9926,-189.5806,10.6239
-58.0007,-172.5499,11.1241
-109.2165,-190.0307,10.8336
187.9252,-91.8965,4.2219
-92.7938,-185.3713,10.8625
-100.9232,-189.0381,10.6269
-131.2471,-199.3845,12.0919
-93.2209,-186.9168,10.5715
-99.2562,-189.8270,10.9923
-107.6652,-192.7701,11.5063
-177.4357,-216.5022,14.1287
-38.4599,-169.7534,10.0580
-109.0889,-193.7045,10.8879
-39.9590,-170.4545,9.4075
136.8210,-110.9173,5.2421
-106.8553,-193.5504,11.4204
-104.3501,-193.7490,10.9250
248.8223,-73.2620,3.3486
186.4521,-94.5756,4.2314
187.7245,-94.1601,4.1488
43.2047,-144.1455,7.3623
-98.5482,-193.8448,11.6527
-96.9393,-193.7585,11.3103
-165.7953,-217.8525,12.2564
160.3866,-105.0327,5.0124
-94.7540,-194.4609,10.2876
-95.2759,-194.8421,10.5565
38.0948,-148.2821,7.4353
-173.9578,-223.2409,12.3751
-45.9749,-178.6332,9.3026
-99.7220,-198.0340,12.3785
73.2786,-137.1373,6.8928
-95.0794,-197.2277,10.3824
-90.8414,-196.6483,10.1851
54.5658,-144.8862,7.1631
52.0936,-145.7896,7.6783
43.6504,-149.4883,8.2020
-89.5660,-198.0734,12.1234
39.3816,-151.9685,7.3588
184.9115,-99.8480,4.6802
187.0390,-99.1106,4.5948
-92.3923,-201.1921,10.3913
-62.6086,-190.8514,11.0879
187.5392,-99.3032,4.6293
-59.4562,-189.9361,10.4930
-60.8741,-190.5151,10.7588
-60.7530,-190.4911,10.7527
-59.1832,-189.9172,10.7258
-62.9366,-191.7246,10.0881
-100.9574,-206.0689,10.8139
-92.6923,-203.1878,11.1109
35.6763,-156.4126,8.1629
-89.2979,-203.0093,12.1416
38.4095,-156.0663,8.0366
-93.7442,-206.4669,11.8351
46.3071,-153.9262,8.5662
50.7545,-152.5622,8.5297
53.0454,-151.7195,7.1226
-92.2876,-206.5509,10.7616
-94.5210,-207.5870,10.8724
-94.0611,-207.5188,10.5510
-100.6750,-210.8202,11.3880
39.0936,-157.8978,7.9348
-94.7734,-208.6856,10.9054
36.3734,-159.0203,8.3642
127.6577,-124.6541,5.5754
-95.6517,-209.5924,10.3816
45.7271,-156.0633,8.6640
-86.1611,-206.3747,11.2984
-81.3945,-204.8052,10.0034
-82.8784,-205.5000,10.8041
148.8835,-117.0393,6.0987
-85.6141,-206.5952,11.5850
150.1647,-116.6458,6.0279
-73.0564,-202.0006,10.3126
53.6536,-153.5747,7.3816
-102.4976,-213.3224,11.1451
-81.8702,-205.5778,10.0205
-96.0114,-211.0957,11.0127
-84.3739,-206.7466,11.2072
-93.6839,-210.3429,10.7478
17.8616,-167.6027,8.9343
-77.4336,-204.1429,9.9070
-63.9556,-199.0079,10.0578
-92.8990,-210.2900,11.7278
-87.1037,-208.1259,10.0657
-98.4285,-212.5797,10.6245
-77.3963,-204.5146,9.9303
53.9469,-154.0706,7.6534
-80.3826,-205.6865,9.9734
49.4700,-155.8905,7.8580
128.6503,-125.4533,6.0081
-82.4461,-206.6305,11.6135
-76.3693,-204.4204,11.8456
21.8636,-166.9389,7.8410
55.0791,-154.2279,8.1520
-75.2000,-204.5638,10.8070
57.7145,-153.3748,8.0939
48.0427,-157.1316,8.0167
44.2091,-158.6527,8.1199
-81.7349,-207.3920,10.1467
-75.1329,-204.8456,9.9581
-74.9873,-204.9147,10.2426
54.0051,-155.1151,7.3655
-82.5785,-208.0682,10.0487
-7.3690,-179.1834,9.4263
44.1544,-159.3109,8.0323
149.5970,-118.4200,5.7029
37.5628,-162.0743,8.3975
36.6544,-162.5886,8.5099
-79.4832,-208.0837,11.0220
-58.2695,-199.8565,11.3290
-77.3041,-207.3099,11.8371
-93.0692,-213.5514,10.2553
-81.4329,-209.2676,10.3389
47.2040,-159.2651,7.8852
-89.6084,-212.8990,10.9172
-29.4345,-189.3374,9.7862
-87.7600,-212.3040,11.4113
-53.0215,-198.8296,10.1362
-97.5427,-216.3187,11.2316
46.0492,-160.0496,8.7356
51.0295,-158.2068,7.1848
-82.9053,-210.9924,10.8300
-88.1674,-213.2591,11.7959
51.4473,-158.3636,7.4780
40.4144,-162.7885,8.0385
54.9860,-157.3239,7.1343
55.6586,-157.1208,7.9005
-95.1180,-217.0033,10.9377
32.2198,-166.7076,8.0956
37.2899,-164.8245,8.0878
37.7876,-164.6474,8.3769
34.0624,-166.1560,8.1775
30.6926,-167.5942,7.5523
-88.7835,-215.0457,11.0815
34.3873,-166.3011,7.5361
33.4000,-166.7705,7.7782
56.3020,-157.6984,7.4018
43.3264,-162.9078,7.8988
34.9369,-166.2724,7.9497
50.1082,-160.2402,8.5809
43.9760,-162.8479,7.9907
35.7942,-166.1418,7.9102
29.5606,-168.7318,8.0887
63.4352,-155.2462,8.1445
35.6674,-166.3730,8.6776
55.0271,-158.6629,8.3352
46.4162,-162.2016,8.4732
60.4960,-156.6405,7.9550
45.4544,-162.7877,7.9447
52.1960,-160.1132,8.0733
56.3604,-158.5550,8.1343
41.6788,-164.5203,8.8418
41.0308,-164.8133,8.2411
56.2418,-158.9487,8.3578
52.6732,-160.6326,7.8839
52.9904,-160.6042,7.8226
52.8143,-160.8731,7.9245
61.1670,-157.5925,7.6536
60.4746,-158.2257,7.1969
-100.1846,-223.4305,11.8258
53.7065,-161.2852,8.5788
63.6671,-157.2717,8.0566
60.3913,-158.7078,7.9608
54.4120,-161.6627,7.9030
150.8368,-122.4025,5.1991
48.8471,-164.0800,8.4084
-116.7673,-231.9115,12.3178
-121.0319,-233.8296,10.8558
-117.9498,-232.8903,10.7956
-118.5386,-233.6613,10.7361
-92.5196,-223.1408,10.9428
46.6473,-166.0865,7.3748
-106.1645,-228.9568,12.6706
-90.3735,-222.5160,11.1758
-86.7548,-221.5017,10.6028
-92.1921,-223.8592,12.3140
-88.1105,-222.3610,12.3064
-121.4636,-236.2027,11.8871
50.3584,-165.4375,8.3499
54.0610,-164.3707,8.5671
-92.4833,-225.5145,11.2647
-65.2025,-214.2991,10.4222
-65.0163,-214.3234,10.0738
39.5254,-170.8032,8.9650
40.9881,-170.2028,8.7454
32.1388,-173.9675,8.9448
48.3469,-167.2188,8.1276
50.9736,-166.2951,8.3441
45.1417,-168.8558,8.1272
57.6726,-163.6940,7.5605
-90.2334,-225.5213,12.0632
49.2823,-167.2387,8.7477
60.7879,-162.4559,7.6783
60.3689,-163.0298,6.9902
62.5640,-162.1680,7.1715
139.1724,-130.2980,5.3588
54.9351,-165.7177,7.2263
51.9774,-167.0698,7.7210
-130.5441,-244.0779,12.5736
50.5106,-167.9641,8.7345
30.1271,-176.6733,8.4208
-79.2927,-224.0352,10.6100
-136.4605,-248.5857,12.6431
83.4040,-155.3275,6.4990
62.7137,-164.1561,7.6718
54.8795,-167.6329,7.3358
55.2900,-167.5414,7.6524
56.9797,-166.9270,7.4505
59.9873,-165.7567,7.1321
56.5717,-167.2410,7.2557
54.7549,-168.2613,7.3652
-75.0713,-223.8063,11.0270
58.0446,-167.1392,7.4417
52.7506,-169.7105,7.9928
63.9683,-166.2438,7.1655
28.5343,-182.6838,9.1674
-93.7879,-237.0246,10.7475
59.1382,-170.3541,8.1291
55.9403,-171.9016,8.5083
-91.2446,-238.9010,12.3227
-90.0003,-239.7029,11.4236
26.3995,-188.0717,9.0396
25.5332,-189.4569,9.0016
84.4657,-163.2301,6.9208
83.3669,-163.7342,6.8889
24.5017,-190.7009,9.0004
61.0484,-174.3092,8.3110
111.8371,-151.9862,6.2973
62.2103,-174.9846,8.3939
33.0336,-188.4970,7.9695
62.1130,-175.2709,8.2676
113.2401,-152.0448,6.0432
69.4762,-172.9417,7.0761
62.2392,-176.5085,8.2416
6.1597,-202.8339,9.7648
64.1303,-176.9061,8.0279
38.4811,-191.2666,7.9642
70.6917,-176.8395,7.1498
33.6025,-195.9115,9.1990
195.8038,-118.6873,4.2420
195.2576,-119.1536,4.1913
-75.5557,-252.1630,11.7394
-94.7040,-263.2499,12.6696
73.7074,-180.3589,7.4173
-27.9946,-230.7072,9.4635
121.1384,-160.3707,6.7171
22.1580,-210.7190,8.7904
21.0479,-211.6945,8.7985
-91.7341,-269.0763,11.6085
70.2353,-188.0555,8.2591
124.8981,-160.4832,6.6949
102.2558,-172.9441,7.6597
20.9940,-215.7431,8.5041
25.2811,-213.5681,9.5276
28.1725,-212.9686,8.0266
26.6132,-214.5712,9.6403
101.6424,-176.3535,7.2343
-16.4859,-240.3889,9.4511
-13.8208,-239.3910,10.5365
-14.2259,-239.9039,10.0160
102.6560,-177.7062,6.8321
-19.8035,-243.2128,10.2551
39.6884,-218.7518,8.5841
254.3473,-101.3897,3.0524
68.5870,-209.5757,8.7279
68.6020,-209.6884,8.2894
82.7388,-205.3208,7.4680
83.5785,-205.0116,8.3298
53.2437,-228.7740,8.8833
257.2299,-106.6656,3.4183
93.3195,-209.9760,7.6403
16.4228,-259.1089,10.2797
208.1052,-138.7637,4.8641
17.1827,-259.5376,8.6881
-24.8934,-287.6166,11.1844
181.9582,-157.6047,5.6950
-21.0920,-289.6026,10.3837
-21.2555,-289.7393,10.0548
65.1929,-235.6522,8.1506
184.8882,-159.5889,4.9907
128.3831,-199.2966,6.8581
126.6072,-200.5740,7.0036
35.5549,-262.9771,9.5624
181.9552,-166.0241,5.6417
186.8239,-162.7330,5.2011
190.1848,-160.4987,4.8102
186.6318,-162.9694,4.9706
189.0669,-161.3303,4.7337
187.1627,-162.8620,4.8224
76.0798,-240.6788,8.9431
191.0989,-163.0037,4.7850
74.1097,-247.3224,7.8295
187.1942,-167.6894,5.1616
18.2938,-288.7443,10.4721
188.4848,-167.7029,4.9369
187.4234,-168.4981,5.1240
187.5081,-168.5875,5.0064
18.5041,-289.4159,8.9857
191.1041,-166.3891,5.0371
115.6007,-224.4340,7.7354
246.6021,-128.8454,3.5559
71.1656,-259.6070,8.2549
80.1080,-253.5417,7.7101
187.4952,-175.1632,5.9241
191.6866,-173.7076,4.8272
40.6521,-287.9165,9.5131
72.1351,-265.7848,8.8763
192.0108,-180.6702,5.6721
95.1034,-266.1245,7.5958
98.6954,-265.8371,7.7829
112.7384,-255.4042,7.6791
92.0932,-273.9156,9.0078
92.8945,-273.6126,8.9863
117.8409,-252.8475,7.7310
115.4252,-254.9379,7.9750
216.6762,-169.8269,5.1435
115.9551,-255.1878,7.7571
219.1460,-169.4853,4.9703
220.1056,-169.8328,4.4258
222.5315,-172.1078,4.7159
140.2977,-245.1192,7.7939
140.0222,-245.4713,7.8199
225.7400,-172.0762,5.1420
157.7850,-236.5607,7.3703
170.5247,-229.5371,6.7936
168.1317,-236.6944,6.1509
228.8421,175.9321,6.8014
178.9422,226.7353,8.7902
242.3243,147.2140,5.7606
158.8397,236.1894,8.3603
204.4473,183.6362,7.5178
233.2089,144.0011,5.5937
260.3443,113.2760,5.0584
206.5245,168.8154,6.9644
232.7527,139.2399,5.6207
163.3762,208.1868,9.1248
164.6925,202.0432,8.0366
222.5005,142.5762,5.8185
157.1320,209.2698,7.9438
165.3259,200.6890,8.4230
107.8556,259.4604,10.2554
223.4266,140.5570,5.9634
162.7725,202.3048,7.7793
224.1960,138.3820,5.6781
221.9126,140.6536,6.0205
223.8803,138.5197,5.8190
218.4468,143.9922,5.9562
223.3954,138.7673,5.8432
221.9278,138.0643,5.9745
215.6932,139.3058,6.0619
78.1080,271.7173,10.7593
60.8759,272.5880,12.3331
202.9130,141.7762,6.9547
74.1126,258.4720,11.3824
198.5953,140.4752,7.0892
201.6851,137.0071,6.7351
204.0466,134.2802,6.1388
203.1223,134.8109,6.4442
116.8815,207.7486,8.7781
57.7978,257.4022,11.6786
57.3322,256.7640,11.2993
205.6051,129.2036,6.2219
115.7406,203.7877,9.8664
79.8206,234.0709,10.5288
79.4368,234.2081,11.0148
84.1815,229.2856,9.8099
74.4086,234.6849,9.9287
74.5727,233.0228,10.4044
140.0150,178.3711,8.8183
23.4885,273.6537,11.5392
69.2775,234.4137,11.4068
86.9342,218.1782,10.4461
84.8224,219.8034,10.3213
69.1063,232.0800,10.0368
8.1659,281.4404,12.0951
87.7757,215.4607,9.5462
188.8039,131.0513,6.9435
189.4697,130.4779,6.9608
192.1670,128.2456,6.5904
87.4797,210.9143,9.2372
188.4620,130.8347,6.5692
121.3846,180.3093,9.2705
120.8141,180.5704,9.5495
91.3365,201.9621,10.5370
91.6206,201.5036,10.0712
88.1210,203.7603,10.1564
179.6071,133.0917,6.6898
89.4137,201.6912,9.5734
89.6371,201.4962,9.8571
154.0150,150.8631,7.6725
125.2379,172.4816,8.6711
123.8369,171.6647,9.0864
124.7355,170.8582,8.5496
31.1104,239.2078,11.1586
-24.3895,280.4308,13.9461
122.9265,169.8078,9.2156
15.1424,249.6110,11.5914
122.3692,170.0604,9.1948
65.5299,210.6586,11.0841
63.7772,211.9242,11.1086
62.3856,212.9230,9.7453
203.8414,107.1418,5.4772
222.2145,93.5100,5.1927
128.1044,161.2364,7.8692
105.7655,177.3769,8.8387
17.3995,240.0520,12.5790
127.6249,160.2782,8.8391
-32.0981,273.0531,14.2069
48.6615,215.3327,11.6243
221.7303,91.6250,5.1339
42.6483,219.1625,11.7250
201.6849,105.5530,5.9158
44.4341,217.1319,11.3412
16.3079,236.0918,12.1332
40.5839,216.4062,11.4434
-31.5871,265.0044,13.9615
11.5882,233.5316,12.8052
158.8991,131.4264,7.0446
215.9753,90.7882,5.4219
8.9555,230.9505,12.1961
28.5531,206.1189,10.6315
-73.9477,271.3775,13.4462
-71.2201,269.5506,13.3705
-72.4307,270.1688,15.2835
150.0759,126.1000,6.9789
-73.2160,267.5989,13.2211
123.6095,139.8720,8.0534
206.6218,86.5927,5.7922
144.8759,125.0480,7.6941
-66.5979,256.0418,14.9719
-67.9434,256.6549,15.1017
-60.3342,251.6025,14.6834
4.3197,211.3909,12.2264
-70.6065,257.8704,14.3625
-6.2678,217.3204,12.0763
-65.3221,253.6128,13.1679
-8.0527,217.5696,12.2462
17.0954,202.0465,10.4386
15.7222,202.8574,10.9912
13.2659,204.2119,10.7002
-15.1912,219.4762,13.2026
145.2924,121.4508,7.4540
145.3946,120.5080,7.7074
-49.2358,237.0299,12.3349
-20.8940,219.8854,12.5757
-1.7287,208.2598,12.6537
-6.9984,211.0173,11.1836
-11.5298,213.7106,12.8148
-9.1860,211.9750,12.7987
-46.8191,234.2026,13.6746
284.0959,35.3644,2.9895
-30.4021,215.9883,11.6758
-12.0173,205.1753,11.4200
-14.0964,205.3412,11.3226
-28.3874,213.5611,12.7074
-38.6003,218.1437,11.9020
-9.6895,201.0136,11.0265
-30.5959,211.8295,13.4369
-31.8585,212.4073,12.9973
-8.5089,198.5270,12.8568
-9.1179,198.4533,12.4094
-7.4503,197.1977,12.3776
-27.4651,207.3088,12.8427
-123.0990,259.4410,15.6406
-15.9741,198.9853,11.2588
-7.2458,193.5368,11.0622
-117.4971,254.8461,15.0080
-3.3150,191.0687,12.1032
132.7790,115.2959,7.1342
-129.3161,260.6136,14.3182
-27.2594,203.8525,12.9478
-6.1333,191.7377,10.9708
-116.6911,249.8058,15.4466
-120.2979,251.3134,15.8082
-17.8530,195.1686,12.3215
-14.0873,192.9903,11.9968
-113.7997,247.2986,14.1170
118.0875,119.9842,7.6008
-111.9225,243.4749,13.7942
139.8982,106.7275,7.0359
-127.2684,248.3681,16.5067
-26.2518,193.9895,11.6948
-121.9187,243.3827,15.3604
-25.4220,191.6737,12.8709
62.8113,144.7954,10.3869
-114.4167,237.5617,15.2525
-113.9459,234.9186,14.5860
-19.9362,185.9251,12.8474
-112.7321,232.3253,13.7765
-151.2859,247.7502,15.4952
-150.3232,245.9763,16.5589
-150.1276,244.9739,16.6356
99.0314,118.6616,8.9000
100.7147,117.5796,8.3405
-150.6048,243.3034,16.4865
0.8292,167.0989,11.4164
-148.1797,238.3096,16.1781
-131.1623,229.3417,14.2657
-148.4652,236.7344,16.1178
-148.5511,236.7652,16.1037
-149.9697,235.1100,16.0739
-56.6155,189.1769,13.2920
191.0870,68.8753,5.8308
-147.2074,232.7550,15.9968
-138.3019,227.8691,15.1413
-0.7503,159.4041,10.4249
-146.8021,228.7396,15.8438
-147.9637,228.7073,16.0681
64.1344,127.1261,8.6070
64.9903,126.7151,8.6185
-146.8819,227.2614,14.9685
-1.5521,157.8470,10.5910
-117.1430,212.0788,15.6870
-129.5921,217.7364,14.3985
134.0665,92.8933,7.9148
-149.3458,225.6088,16.7961
87.6826,114.3307,9.0790
-99.8050,201.8976,15.0455
-151.2461,225.4696,16.3800
117.3389,99.5748,7.4437
-96.9403,199.2486,14.4038
-91.5951,196.3943,13.8818
-95.6647,198.2628,13.6866
205.3695,58.3027,5.4111
-94.7508,197.7468,13.8114
-100.7338,200.3412,13.5226
92.5456,110.5024,8.7656
-23.2213,164.1890,10.8827
-91.9800,195.9500,13.4575
-0.7006,153.5568,11.1413
-90.8391,195.2986,13.4427
-94.3337,196.6141,13.1211
-15.4301,160.0877,11.8905
-14.6103,159.5923,11.6910
-77.4201,188.0015,13.2801
98.6687,106.6904,8.0167
87.6612,111.7600,8.7557
-14.6118,158.7964,11.4269
-17.7545,159.9518,11.3447
113.5366,99.3647,7.6458
-20.3542,160.0121,12.3513
-13.5535,156.8457,12.1150
120.3636,95.4811,7.8280
88.2101,110.0082,9.2878
88.8127,109.6806,9.1897
-44.6279,170.1051,11.9612
-46.6787,170.8921,12.1040
110.4078,99.5307,8.2133
61.2731,121.7442,8.9673
-160.6196,221.9023,14.6091
-161.9510,222.2738,14.6671
91.2521,107.5389,9.0024
-111.6417,198.7816,15.1614
-165.5708,222.9246,16.6227
-159.5734,220.1810,16.4971
-158.4089,218.9355,16.6930
-60.2927,174.7018,13.3034
-23.7604,158.2452,12.6849
-21.7713,157.2460,11.0405
-24.8111,158.5584,11.1477
-22.8057,157.4243,12.1224
-63.0629,175.3642,11.9917
-31.2366,161.0883,11.1945
-29.0364,160.0340,11.1198
-19.4501,155.6746,11.5850
-27.1653,159.0521,12.2814
-164.5350,220.4615,16.8063
-29.6384,160.1383,11.8773
-23.6782,157.2086,12.2091
-15.6377,153.4464,11.3719
-20.4014,155.5615,10.8685
-10.8644,151.3076,11.7911
-24.3109,157.2370,11.7351
-14.4405,152.7869,11.4214
-31.6531,160.3899,11.7139
-14.4774,152.6824,11.6619
-13.4775,152.1855,11.5883
-18.8433,154.5600,11.7197
-67.1143,175.7605,12.4930
-12.8047,151.5985,11.3745
-165.1857,219.3044,16.9447
-21.4304,155.2912,11.7464
-25.1653,156.9216,12.4445
-32.0566,159.8683,11.5524
-14.5883,151.9918,11.8459
-22.4029,155.4505,11.1319
3.4715,143.9173,10.7484
-25.5730,156.7829,11.1249
-2.5464,145.9712,11.9227
-111.7671,194.0625,14.8754
11.3974,139.0067,11.5616
-10.2006,148.3673,12.1703
4.3243,141.8673,11.5496
2.7540,142.3743,11.3073
2.4366,142.2635,11.0937
249.0681,34.0479,3.7751
-28.0062,154.4962,11.3033
1.5435,141.4295,10.6804
-26.4865,153.5244,11.0804
-129.3676,197.9059,15.3754
-25.7788,152.7247,12.5901
156.8632,73.5010,6.2098
-33.8398,155.6631,11.6460
-46.3322,161.0406,11.4243
-32.1297,154.8762,11.6934
-47.3455,161.3579,12.7617
-46.6333,160.9585,12.6037
-18.1051,148.5914,11.2616
-18.1901,148.2903,11.0653
-40.7520,157.9326,12.2270
-128.9205,195.4781,14.6852
-156.7661,206.6169,14.4127
215.9149,47.1125,5.2297
3.9514,136.5999,11.2091
-71.8675,168.5737,12.2478
3.8866,136.3902,11.2825
3.0269,136.5671,11.4443
-125.9666,189.4034,14.1910
106.9976,91.3587,8.4863
9.1778,132.1039,9.8632
86.9395,99.3853,8.2226
90.0347,97.9996,7.9634
-20.2995,144.0568,11.9995
85.6444,98.8585,8.5633
-25.1454,144.3648,10.7328
-24.1890,143.7782,11.1767
-21.2470,142.4237,12.4610
11.6304,128.1547,9.9499
-166.2880,201.1119,15.2752
176.6116,60.1889,5.8908
-165.1833,200.1412,14.4394
-164.3681,199.5450,16.7990
-23.4614,141.7018,10.6590
-165.2047,199.4149,16.5820
-164.7210,199.2064,16.5787
-96.0536,170.0493,13.2079
-25.2246,139.7961,11.4681
-165.5323,195.9785,15.1772
19.1523,121.5499,11.0438
20.8978,120.8327,10.7043
-167.2052,195.9511,15.8156
-169.6596,196.5857,15.1817
-169.3829,196.2415,15.8238
20.4834,120.3539,10.5032
18.3820,121.1199,10.6418
18.8875,120.7501,10.4562
268.4510,20.9747,3.1845
-25.5152,136.7714,10.6788
-103.4849,167.4781,13.3757
21.8483,117.8724,10.6613
23.7980,116.9656,10.4930
-150.0861,184.8264,16.2858
102.1236,85.3232,7.9889
-150.6506,184.1869,16.3515
21.9090,116.5315,10.4439
-182.2563,195.3676,16.3330
-184.3416,195.9918,16.4773
112.0658,80.7675,7.3005
-147.6745,181.1813,15.9793
-175.9973,192.0738,15.5699
-176.1818,191.9527,15.9922
-177.2458,192.3343,15.6295
-171.4248,190.0047,15.4615
-106.1791,164.6615,14.0051
-181.1024,193.6262,15.7055
-143.4628,179.0077,14.4029
-145.0288,179.5342,14.6557
-145.5417,179.3885,13.8737
120.9922,76.5113,7.8243
-150.0091,181.0034,15.1465
-117.4280,168.3756,14.4699
-175.1590,190.4122,14.5257
-186.7006,194.5982,16.6519
-148.3633,179.6511,14.3154
-78.6290,152.6018,14.0688
-180.1996,191.4534,16.3112
-186.5514,193.4020,14.8628
179.9922,53.0219,5.4534
-111.3808,163.9265,14.7088
-26.5211,131.4357,10.7701
-115.2360,165.1230,13.1045
-183.3928,190.9791,15.3430
-113.9222,163.8056,12.9055
-42.6483,136.1487,12.8264
-75.6657,148.4369,12.2109
-78.2709,149.2843,12.1156
107.0727,78.5369,7.6397
119.7236,73.4844,7.6243
-146.3233,172.6075,14.0409
-194.6107,190.4711,17.4652
-143.4101,170.9976,14.2675
-192.0554,188.9631,16.4965
-187.7220,187.1919,16.0521
-190.5218,188.0449,15.4229
-80.5695,147.1959,12.6190
-78.8180,146.5401,12.6461
-144.1934,170.7035,14.0042
-192.5015,188.5402,15.0701
-189.1382,187.1391,16.4085
-192.1023,188.1125,16.0519
-190.9378,187.5673,15.2883
-62.9915,140.1789,13.5740
-202.0104,191.5456,17.2150
-192.8215,187.9418,16.0579
-179.4397,182.9178,16.5643
-180.4577,183.2834,16.6165
-184.7545,184.7814,17.0679
-192.4097,187.3262,17.2908
-205.8512,192.2123,15.1659
-110.1045,156.7769,13.4904
-190.6713,186.1509,17.0422
-187.5277,184.8708,17.3595
-190.9205,186.0870,16.8461
-78.5123,144.7378,12.0484
-21.9111,123.9262,10.9686
-85.8157,147.3442,12.4906
-75.7742,143.5995,13.1419
-201.1252,189.5028,16.3570
-78.3482,144.4430,12.4095
143.9144,62.9575,7.1247
-96.4788,150.7982,12.7501
-201.3272,189.1064,15.2424
-190.9762,185.2579,17.0859
-105.6495,154.0513,14.2063
-75.5958,143.0043,12.5596
-93.6082,149.3147,12.3227
-204.5857,189.7271,16.6737
-71.2605,140.9555,13.3400
-61.8929,137.5081,13.2822
-202.9407,188.6588,16.5039
-79.5334,143.4613,12.6295
-207.7396,189.8567,17.4233
-77.6405,142.4807,12.3070
-175.9732,178.1004,16.7277
-202.4912,187.2904,16.9494
-211.3971,189.9525,16.1555
-210.2625,189.3385,15.7185
-209.8107,188.9614,15.7336
-155.5896,169.3927,14.1127
-51.5167,131.8853,11.7303
-4.3958,114.8973,11.2376
78.3101,84.6952,8.9341
-86.3522,143.5610,12.6990
-217.0240,190.2422,16.2107
-117.3774,154.5398,13.7975
-22.1002,120.3996,11.9410
-84.1852,142.3716,13.0023
-84.7617,142.3658,12.5803
78.3057,84.0247,7.9136
34.7884,99.3333,10.2216
34.1476,99.5354,10.2990
75.4093,84.8064,8.1873
78.5961,83.4425,7.9552
-86.5349,140.9669,12.8019
101.8614,74.4346,8.3034
-135.5507,157.9682,13.4756
101.3154,74.4657,8.2879
-50.5109,127.7199,11.3538
-86.7116,140.0676,13.9706
40.2285,95.5204,9.9699
-81.5103,137.9122,13.0631
103.7438,72.9164,8.3751
-130.6158,154.5332,14.7734
-133.4462,155.4935,14.6098
-133.0502,155.3226,14.7443
-91.7324,140.8263,14.0995
-77.5339,135.5542,12.7311
-78.5672,135.8831,13.7293
-76.1922,134.8363,12.4761
-78.6094,135.4718,13.3840
-79.6929,135.8241,13.9299
-74.0853,133.8349,13.0072
-79.7093,135.7769,13.8863
-75.2988,134.2098,13.1594
-84.5555,137.4182,14.0694
-133.6941,154.4098,15.3216
-75.0530,134.0724,12.1008
-132.7200,154.0287,14.6183
-57.4563,127.8867,11.3363
-74.5593,133.6776,12.4925
-74.7807,133.5453,12.9011
-101.6575,141.7920,14.3398
-103.3222,142.2106,14.5866
-80.4354,134.2926,12.0108
-102.7048,141.9149,14.5463
-107.2725,143.3623,13.5842
-102.4734,141.6436,14.1851
-104.2765,142.2296,14.1846
-105.3133,142.5834,14.4693
-108.7041,143.6981,14.5038
-109.9838,143.9090,13.2787
-109.9697,143.8429,13.1418
173.9558,46.7225,5.4233
-72.5523,130.8101,12.4648
167.6720,48.6979,6.3310
-219.3511,180.3824,15.7406
-132.9059,150.8635,14.2535
-0.4570,105.4213,10.6103
-137.1475,151.4786,14.7289
-131.5578,149.5325,14.6549
-136.7832,151.2912,14.9453
-78.6239,131.5235,12.8076
-70.8570,128.6990,12.7738
-73.2034,129.3209,12.1321
-70.1197,127.8704,11.7031
-70.5976,128.0084,11.7018
-68.7454,127.1495,11.7480
-80.0595,130.7805,12.4993
-40.7474,117.5250,11.7701
-78.5979,130.0395,13.1299
-73.4509,128.2710,12.1328
-77.2568,129.4330,13.5713
-80.4704,130.3521,12.1309
-64.9923,125.1022,11.4662
-72.4079,127.5817,12.5058
-80.5373,130.2159,12.2676
-76.8700,128.9843,12.9805
-73.4921,127.7858,12.2838
-68.8677,126.0819,12.9251
-74.0149,127.5050,11.9246
-73.3611,127.2588,12.4933
-123.5379,143.9401,13.7628
-72.9872,127.0649,12.6185
-85.2437,130.7176,12.2477
-90.0086,132.1951,13.3036
-98.9794,135.1370,13.1099
-76.4031,127.6080,13.4895
-92.9523,133.0419,13.4215
-78.8964,128.3602,12.1880
-73.1859,126.4380,11.7853
-77.9220,127.9886,12.3259
-70.2840,125.3166,12.6676
-89.1151,131.4219,13.1639
-82.6949,129.2939,12.3905
-90.7353,131.8972,13.0868
-71.5659,125.3896,12.1581
-81.8930,128.7987,12.4612
-69.7202,124.7500,12.2314
-86.4092,130.1433,12.9240
-82.7379,128.9185,13.7972
-163.1818,155.2413,15.3065
-82.1193,128.5188,12.0918
-78.3123,127.1318,13.1968
-91.4235,131.1291,13.1389
-77.7214,126.1759,13.6299
99.3594,66.8623,7.5651
-229.9652,172.8405,16.1882
-16.7621,102.7432,11.7559
11.3965,93.3568,10.9924
-221.1605,166.5070,17.3786
-222.1278,165.9480,16.6505
-58.0658,112.5853,12.4368
11.8716,90.6887,10.7741
-50.1856,109.9930,12.0715
-40.1945,106.4726,11.2226
-50.3740,109.6315,12.1650
-60.2575,112.5118,12.6292
-42.0938,106.7097,11.6977
-46.6239,108.0861,11.2709
220.5634,25.2973,4.2131
-47.0387,107.7481,12.1028
219.0962,25.5803,4.6869
10.1114,89.5481,10.5480
19.0785,86.1311,10.1893
-207.1145,155.0446,16.8025
17.0653,86.6576,10.1582
0.4148,91.4838,10.7101
-218.3931,156.3042,16.1292
-213.1256,154.2552,15.8444
-217.7650,155.5745,16.9212
152.5960,44.0142,6.1535
3.1494,88.6883,10.0720
95.0110,61.1524,7.8364
-163.2818,136.5436,15.6820
-0.0885,87.7889,9.9341
-177.4084,139.6830,15.3140
0.2012,86.6561,9.7513
-164.9738,134.6054,14.8667
-162.0064,132.9394,15.0881
40.4621,74.2816,10.1930
-1.3048,86.2922,9.7305
-164.9094,133.5295,14.8130
-178.5038,136.8309,16.4968
-166.3064,133.0842,14.5525
-179.0559,136.6791,15.2622
225.4623,20.2332,4.5375
-47.1104,97.9423,11.4500
218.6034,21.9001,4.7117
-165.4483,130.9944,14.5326
-164.1940,130.6072,14.7487
26.5709,75.9128,10.1608
219.8374,21.1830,4.8938
217.5942,21.8091,4.4842
95.6269,56.1508,7.8260
214.9219,22.4340,5.0060
227.5174,18.8507,4.5361
-162.8755,128.7602,14.3625
-165.5597,128.9991,14.5388
237.5272,15.6634,4.3936
220.3453,20.3276,4.7340
-71.9062,101.4741,12.2120
-155.7164,124.2379,13.6870
223.9976,18.9580,4.7377
-147.1588,121.2653,13.9235
213.0213,21.7791,4.3564
1.5896,79.8916,10.7828
213.9531,21.3849,4.4180
225.6164,18.1824,4.1528
211.7566,21.9607,4.3837
216.1757,20.5145,4.4223
210.5490,22.0378,4.5883
1.7298,78.6699,10.3366
218.7656,19.6392,4.2105
221.6552,18.8333,4.8045
216.5288,20.2105,4.4391
-152.2116,120.2863,13.5596
220.7553,18.9503,4.8080
213.7696,20.5718,4.5523
-172.6602,123.8799,15.1098
-152.9601,118.4999,14.1690
-51.4815,89.7807,12.6553
-48.8755,89.0892,12.5068
92.6336,51.2725,7.8108
-211.7498,130.9012,15.3612
-72.8058,94.3792,12.3827
-245.0728,139.0144,18.1911
172.2451,29.8629,6.1453
102.5290,47.9307,7.2537
-71.5457,93.1999,12.7422
-205.1652,126.6528,16.3097
-72.3073,92.1965,13.2742
-114.4035,102.0383,13.4949
-244.9757,134.7981,18.4163
-244.5347,134.6230,18.1095
-83.0637,93.3968,13.6125
-247.1645,134.9143,18.2967
-248.6797,134.9887,17.4785
-242.6509,133.2934,18.1429
-246.5069,133.6123,18.1673
-88.7749,93.6028,13.7017
-72.6460,88.9295,12.6157
-170.0488,113.2726,13.9209
-165.0071,111.5513,14.2079
-166.6571,111.9061,14.1540
-164.4966,111.2538,14.1515
-167.6458,111.9977,15.0412
-243.3151,130.7935,16.4046
-236.7006,128.5430,15.8090
-244.5276,130.4787,15.6831
-245.3900,130.4088,15.6858
219.5311,15.3388,4.3944
-167.8156,109.7926,15.6225
-92.9484,91.3838,13.0951
60.1999,53.8899,9.3293
-92.9424,91.1907,13.2218
21.3490,63.2503,9.1353
-15.1817,72.1667,10.9685
-247.1503,128.6943,15.9073
-244.7884,126.9522,16.8378
-207.2490,116.9580,16.0193
-205.6940,115.7142,16.8198
-244.1964,124.8609,18.3734
-206.1904,115.6841,16.8602
-209.0980,116.3284,16.9151
91.7169,44.2193,8.4161
17.5956,61.8174,9.1949
-216.6654,117.4744,15.6200
-216.5986,117.4033,15.9625
-49.3815,77.1346,11.1216
-210.9744,114.1232,17.1982
-209.5933,113.3332,15.9818
90.1982,42.9488,7.9316
-209.4272,111.3949,16.7526
6.6908,60.8280,10.7471
-48.0811,72.9000,11.3103
55.1656,49.1785,8.9053
-255.3188,119.5025,17.6714
10.8377,59.0613,10.0580
-237.0217,114.7948,16.4618
14.0703,58.0792,9.8231
-118.2104,87.1526,12.9197
-234.3796,112.9379,17.7511
-48.2742,71.0568,11.5755
-47.2065,70.8019,11.0492
-49.9487,71.3869,11.0873
-47.3680,70.5703,11.0549
-66.0983,74.5220,12.7534
-51.5066,71.2248,11.7762
-210.8606,106.5881,17.3629
-53.4388,71.6063,12.1484
-46.8662,70.0910,10.9296
-54.6657,71.6531,11.3426
110.6230,34.9978,7.4553
-71.2016,75.1014,13.0468
-63.3705,73.2130,12.9324
-80.2893,76.7345,11.9743
-63.4295,73.0158,12.6542
-59.2809,72.0336,12.4765
-204.8898,103.6855,16.4071
-201.3667,102.6371,15.4174
-54.5061,70.4604,11.1335
-204.5546,103.1189,15.4277
-209.6232,104.1771,16.4320
-204.6216,103.0352,16.0232
-204.6537,102.9822,17.0146
-81.1389,75.9892,13.3209
-206.6390,103.0154,15.8382
-202.1528,101.8364,15.2061
-83.9562,76.0487,12.7389
-88.8448,76.9279,13.5791
-89.6744,77.0444,13.4938
-67.8492,72.2010,12.9119
-78.8125,74.3114,12.7905
-202.2566,100.4189,15.6414
-128.3181,84.2042,14.0176
-93.7496,76.6535,13.4847
-205.2280,100.2274,15.9800
-205.1468,100.0857,16.2452
-83.4936,74.1304,13.1520
54.5541,44.6213,9.3122
55.3797,44.4316,9.1540
55.9028,44.2276,8.9638
-114.2402,80.1196,13.2134
-115.3644,80.2051,12.3256
196.9069,14.1113,4.7307
-227.8397,103.5710,17.0179
262.9407,-0.0441,3.2102
-200.3635,97.2597,14.9361
-199.1512,96.9812,16.2720
-79.8688,71.6807,12.4064
57.6197,42.4978,8.5949
-78.1927,70.7711,12.9765
-267.2727,109.4799,16.1233
-81.2943,70.7575,13.2300
-84.9733,70.9016,12.6335
-82.2044,70.2931,13.0793
-81.6303,70.1707,12.4261
-79.2768,69.2747,13.1188
-197.1307,93.1972,15.9072
-198.3109,93.0818,16.7344
-117.1869,76.4118,13.5463
-209.0147,94.9675,16.4199
21.9861,48.0387,9.1672
-217.5652,96.2165,16.3420
-197.7497,92.0553,15.4200
-209.2082,94.3511,16.2123
-78.9114,67.7675,11.5195
-216.3419,95.2395,16.3798
-121.5185,75.6868,13.6197
-271.9362,105.7899,17.8245
-137.1758,78.7662,13.3244
-14.2139,54.1572,10.1058
-118.0076,74.7080,13.7621
-145.8978,80.2489,15.0584
-13.6379,53.7714,10.2085
-210.5784,92.7895,15.5386
-209.1365,92.4027,15.8444
-125.8990,75.7851,13.5495
-115.6229,73.5110,14.4890
74.9644,35.7347,8.9469
41.2396,42.3874,8.8740
-104.6730,71.2460,13.0595
-125.5407,75.2892,13.1214
-125.6249,75.1426,12.8454
-206.9084,89.7504,15.6253
-110.7643,70.6284,14.1065
-195.6730,86.4107,16.5257
-84.4257,64.4350,13.0787
-128.3998,72.8666,13.4912
-114.6496,69.9641,14.2019
-212.8037,88.1972,14.6872
-192.9714,83.9542,16.1380
56.9565,35.8008,8.5500
-118.3176,68.6693,13.8210
-195.7735,83.1260,16.2959
-213.9146,86.1260,15.6318
10.2793,43.8177,10.8291
-191.4173,81.2103,16.2008
-193.3108,81.2205,16.2262
-216.0229,85.2893,16.9608
-120.8553,67.2041,12.5597
-193.7329,80.4936,16.7296
-162.5253,74.4015,14.1417
-131.5782,68.6863,12.6930
-259.0919,90.5184,16.8019
-257.4010,89.9068,16.6965
-88.6531,59.3893,13.0145
-259.4168,89.8380,16.8077
168.5127,12.9187,6.2757
17.2754,39.8867,10.0231
5.9621,41.0912,10.9227
-193.4111,75.7700,14.7957
-99.9680,59.2549,13.3154
-129.6489,63.9670,12.6354
-126.9636,63.4154,12.8066
58.0117,30.9134,9.2473
-127.3298,62.7784,12.6459
-124.2509,62.0405,12.6230
-248.2586,83.2986,16.5311
56.8152,30.6756,8.6587
-95.4769,56.8406,13.1345
-95.4409,56.7891,13.7581
55.3716,30.8292,8.8081
-139.9875,64.0761,13.5810
-212.5210,75.8205,15.6482
64.7346,28.6521,8.3253
176.0560,9.7086,5.7195
-51.5537,48.3249,11.1459
-213.7966,75.4619,16.9566
258.5079,-4.4318,3.4599
-126.8830,60.4426,12.8984
-128.5914,60.6757,13.0755
-214.3782,75.0807,15.8888
87.8326,24.1908,8.1414
-76.5208,51.4090,11.3831
-174.2748,67.3893,14.0555
-218.7820,73.9848,16.7061
-219.6692,73.6658,16.2554
-127.4612,57.8214,13.5150
-128.9789,57.9137,13.4673
-77.1326,49.1958,11.6529
-194.0054,68.1166,14.2155
-184.9940,66.4622,14.4863
-246.0865,76.1704,16.5751
-149.3598,60.3887,13.3173
-156.6883,61.4040,13.9932
-154.9125,60.7256,14.2206
-191.0118,66.4352,16.2463
-216.8166,70.4370,15.3250
-214.2877,69.7348,17.2132
-187.9204,65.4770,15.0404
-212.9531,69.2879,16.9994
-215.8665,69.4779,16.6704
-214.7423,68.9895,17.2182
107.3600,17.9889,7.6428
-58.2347,43.7786,11.8706
-66.1647,45.0201,11.9002
-75.4917,46.4243,12.4252
-76.1167,46.4406,12.6621
-191.2540,64.1064,15.6075
-277.7688,77.5405,18.9148
-210.0229,66.0782,17.0424
-193.4486,63.1653,15.8673
-69.5876,43.5968,12.5985
50.8310,25.0448,8.2628
-194.5105,62.2325,16.6265
166.5709,7.2826,5.9872
53.4404,24.3100,9.5106
60.0617,23.2129,8.1157
60.6890,22.5608,8.1086
-270.7599,71.8871,17.9926
-204.8679,61.8555,16.5978
-193.4489,59.1616,15.3606
-269.3373,70.2248,17.0827
-211.1191,61.1310,15.0557
-209.7466,60.8794,15.1657
-213.1947,61.3537,15.6491
-211.5132,61.0388,15.1900
-248.5954,66.3396,17.1932
-70.4967,40.0096,11.9708
-68.0109,39.6452,12.0683
-64.6440,39.0267,11.5574
-268.7812,68.4327,17.5478
259.3374,-7.7441,3.4505
-214.2245,60.2282,16.1763
55.4477,21.4759,8.6133
-269.1582,68.0588,17.3273
52.3556,21.8649,9.1189
-70.1333,39.0763,12.2832
-91.0955,42.0601,11.7526
-140.3937,49.0539,14.8524
-227.4642,61.3453,15.3245
-62.3390,37.7637,11.5416
-55.8143,36.6947,11.8257
-244.3089,63.3771,15.6279
53.4728,21.1114,8.3057
-60.8682,37.2233,10.9203
48.5267,21.7010,8.9932
53.3959,20.8578,8.2301
61.3238,19.6163,9.0748
64.0643,19.0900,8.2179
64.3703,18.9361,8.6782
-246.1385,62.2424,16.2457
53.3509,20.4437,8.2693
-246.8986,62.3079,16.3293
-64.3483,36.7052,12.1135
71.7322,17.6466,8.2222
-5.2311,28.1559,10.6043
-63.7800,36.0091,12.7437
-121.0271,43.6742,12.9596
-63.3313,35.7086,12.6656
-55.7066,34.6556,11.3183
-56.9201,34.6438,11.7152
-68.2709,36.1743,11.4470
50.6740,19.3165,8.3464
-119.9102,42.1688,13.6344
-67.8735,34.7849,11.2743
58.0966,17.8227,9.2195
-68.1269,34.2307,12.0047
53.8954,17.8541,8.4055
-235.8603,55.4385,16.0757
-236.2235,55.4784,16.0964
55.5502,17.1955,8.3739
112.1704,9.6981,6.8213
-196.3494,49.7737,14.3657
-193.1201,48.9307,15.2447
-194.8864,49.1550,15.7023
-199.3485,49.6310,14.5554
-192.6379,48.6609,14.6512
-207.9050,50.4821,15.4504
112.5084,9.2231,7.6764
-200.4398,49.4280,14.3856
47.8914,17.3763,8.6327
103.5126,10.1203,7.7206
-197.7672,47.8794,15.8667
-193.7204,46.7780,16.4537
-197.6750,47.2060,15.8286
-194.8016,46.8277,16.4969
-204.4217,47.8335,16.0768
-249.2376,53.1451,15.9582
166.4697,1.3500,5.9841
-200.4724,46.9881,15.1691
-195.4890,46.3587,15.2489
-205.8438,47.6225,15.5146
-272.0683,55.7966,16.4038
-200.6487,46.8558,15.8565
-87.6896,32.5505,12.3156
-198.8999,45.9853,15.9850
-197.3460,45.4512,15.6510
-131.2615,36.9863,13.8149
-272.7050,53.9901,17.2790
55.6669,14.0670,8.1302
-203.0460,45.3349,15.9674
-202.6075,45.1111,15.0901
-131.8684,36.4205,12.7645
-203.4531,44.8452,16.5832
-252.7248,50.6403,17.4104
-32.9720,24.1651,11.9765
-129.1901,35.3925,12.9292
48.6173,14.1637,9.5327
-131.3477,35.2320,13.0645
-110.0065,32.5200,13.5025
-231.0502,46.6224,15.2633
-195.0132,42.1682,14.2877
-189.0617,41.3049,15.9339
-193.6726,41.7053,14.7475
-195.4655,41.7880,14.9128
-202.0232,42.3773,15.1933
51.2120,12.8564,9.5572
-250.3849,47.6614,16.5665
52.9321,12.5130,8.3216
97.8266,7.1198,8.1969
-44.0417,23.3279,10.6075
47.7116,12.7663,9.4831
52.0489,12.2641,8.5827
-41.9071,23.0003,10.3903
47.6526,12.4612,8.5530
54.1186,11.7121,9.2711
53.0375,11.8246,9.2523
55.5677,11.5223,9.1902
38.0987,13.4978,8.9630
39.3089,13.3340,9.0339
-247.5330,45.6730,16.4356
211.7816,-6.2938,4.4419
-246.2592,45.5026,15.5965
43.5632,12.7074,9.0108
38.9013,13.1893,8.9700
-190.5469,38.4017,16.2778
-193.5128,38.2767,15.4618
-42.7716,20.5976,10.8400
-41.9935,20.3154,10.6875
-42.2382,20.3390,10.7219
-244.1342,42.1389,16.6487
-213.8400,38.7907,15.5986
-42.2844,20.1838,11.8194
-40.3380,19.8468,11.6592
-40.9539,19.9067,12.0473
-77.0524,23.7858,11.7592
-41.2689,19.7626,12.1239
-42.4494,19.1362,10.6359
-212.5730,36.5893,15.6246
-242.1150,39.5617,17.2572
-218.5773,36.6327,14.7311
-220.4510,36.8139,15.3251
-60.6150,20.0493,12.1852
-274.7856,41.6780,18.7389
55.3578,7.4473,8.3336
-243.6652,37.1784,16.4880
-254.8009,37.8755,18.2156
-258.8568,38.1116,18.2755
-239.2827,35.9838,17.0403
183.9834,-6.0149,5.5622
-241.2339,35.9978,16.9399
185.2272,-6.1905,5.4341
-249.4360,36.7070,16.6293
-246.7703,36.3339,15.9270
-202.1824,31.8827,15.2001
183.5469,-6.0856,5.3184
-243.6497,35.4876,17.8970
-244.9519,35.3348,16.8873
45.2337,7.0335,9.5410
-239.6399,34.5506,15.1595
-241.0258,34.5249,15.1953
-245.2040,34.7806,15.7201
-189.1706,29.3625,14.7565
-240.1261,34.0657,15.1476
-71.0937,17.7640,12.5729
34.8589,6.6342,9.4434
46.5638,5.5416,8.4366
-237.6489,31.9231,15.5109
-127.2793,21.6588,13.6392
-125.7793,21.0651,13.2335
-119.8786,20.2372,14.2894
37.7592,5.6169,9.4998
-238.5465,30.5672,15.4256
42.6078,4.9625,9.1887
-273.0932,33.3009,16.2381
-267.4160,32.0713,18.5303
47.6486,4.0511,8.8114
43.1598,4.3118,8.9035
40.8953,4.3956,8.9519
43.0600,4.1397,8.8073
-276.5349,32.0526,15.9918
-239.4225,28.6158,16.3858
-68.2136,13.5783,11.7236
45.9423,3.5704,9.0835
-240.3818,28.3496,17.4742
-238.3523,28.0303,17.7403
39.2094,3.8939,8.8026
49.1320,3.0122,8.2621
42.6963,3.3387,8.6476
44.5629,3.1729,8.3804
41.9677,3.3043,8.3633
49.9325,2.6204,8.6919
39.2739,3.5037,8.7475
48.0685,2.6637,9.6410
-237.7522,25.2641,17.4078
40.0982,2.3609,9.4983
-237.6645,25.1023,17.6060
-236.9686,25.0240,16.0009
-236.8776,24.9447,15.9187
-238.0910,24.6026,17.5228
-241.3975,24.8209,17.0504
-268.1305,26.0698,18.6186
-118.2295,14.0971,12.9935
-118.6722,13.5077,13.1916
-235.9883,21.9435,17.3567
-235.2286,20.4237,17.3288
-234.6407,20.3049,16.4157
-103.1087,10.3147,13.5771
-78.1737,8.4592,12.5763
109.4584,-5.6335,7.0668
-38.0318,5.1238,11.3362
-236.1089,19.0555,16.5611
-166.9599,13.7121,15.1305
50.0479,-2.0634,9.1520
-83.7287,7.2075,12.4694
-84.4806,7.2374,12.4552
-207.4293,15.8897,16.5245
-205.2194,15.5465,16.4772
-236.6961,15.0445,17.3889
-86.1786,5.0398,13.2545
-62.0394,2.5978,11.1109
49.2550,-4.7098,9.1463
-105.9862,4.5532,12.9348
-92.9720,3.3522,12.4187
-239.3399,12.3245,15.8148
48.1824,-5.3603,9.4126
-234.1798,11.5852,14.9765
-104.4871,3.5562,12.7911
-261.8553,11.7459,16.6621
-79.2107,0.9357,12.0568
-234.8113,8.9469,15.0994
-78.9557,-0.2864,11.8445
-105.2167,-1.4599,12.3755
-106.6587,-1.7426,13.8790
-235.0757,4.1796,15.9797
-206.9899,2.6270,16.4254
51.4204,-9.8964,9.2010
-205.8422,2.4994,14.2846
-101.7953,-2.8400,12.8684
40.5212,-9.6455,8.4165
-90.0636,-3.5848,12.2879
-104.2825,-3.2019,13.9052
-98.4462,-3.4769,12.8287
-100.0925,-3.7748,12.7033
-105.1958,-3.7362,13.9516
-36.7630,-7.1167,10.7465
-264.3274,2.2850,16.9976
31.9623,-10.6813,8.7141
-260.4952,0.8595,16.1642
35.5975,-11.7273,9.2108
-115.9688,-5.6711,13.9648
-260.5250,0.0369,18.1155
39.0755,-12.0928,8.8187
-212.0785,-2.9448,16.8209
33.9962,-12.8294,8.9024
-242.7397,-2.5441,16.5133
-44.0317,-10.0990,10.4610
25.9399,-12.7145,9.7971
-239.2938,-3.1681,16.9742
-179.6588,-5.5107,13.9195
-232.3182,-3.7719,15.6490
-45.1968,-10.5499,11.1094
-238.1972,-4.0796,17.4330
-241.1679,-4.0827,17.2195
-278.8005,-2.7707,16.4827
-31.9335,-11.5463,10.7377
-279.8925,-2.9957,16.1386
34.5141,-14.5763,8.8023
-32.4262,-12.4385,10.6989
-31.4968,-12.5496,10.6193
-41.5062,-12.4750,10.9160
40.2508,-15.4389,9.0348
-289.8550,-5.5865,18.4776
20.4444,-15.0614,10.2366
-28.4590,-13.7525,10.7374
-247.1502,-7.3872,15.6135
40.3833,-15.9745,9.4114
-279.1338,-6.9862,18.3201
-245.3945,-8.6822,17.4860
-241.8811,-9.6711,17.8354
-237.1379,-9.9276,15.9008
-247.3930,-10.0624,17.3485
-247.0161,-10.2075,17.6112
-239.0126,-11.1219,15.2817
-51.2072,-16.3913,12.0837
-246.6853,-12.1830,17.7775
-256.4091,-12.7516,16.8000
39.6130,-19.1089,9.5361
31.9248,-19.1589,9.6158
30.6964,-19.2504,9.9278
33.1941,-19.3269,9.8818
-253.3046,-14.8402,17.9445
-231.1121,-16.6281,16.6758
-98.0197,-18.9658,13.0856
-99.8442,-18.9417,13.1442
-100.0549,-18.9461,13.4942
94.8674,-21.9554,8.0993
-243.6735,-17.2095,17.4132
26.0400,-21.1694,9.9712
-102.5648,-19.6071,13.1822
-255.0861,-18.0013,16.1757
-50.3881,-20.7028,11.4184
-239.0277,-18.6981,16.0513
-102.2338,-20.3741,12.3119
-239.5951,-18.8417,17.4700
-232.4363,-19.1028,15.8552
-241.9193,-19.4535,16.5482
-243.3276,-19.5572,16.7219
-236.9352,-19.7779,15.5383
-243.8685,-19.7793,16.2287
-233.7178,-19.9243,15.5994
-240.7938,-20.6143,15.6652
-201.8313,-20.9709,16.5814
-205.4848,-21.0151,16.6889
-239.7724,-20.8144,15.2249
-231.1333,-21.4528,15.1194
-231.9056,-21.5964,17.1830
-101.9642,-22.7845,13.4373
-195.4785,-22.1663,15.4993
32.5857,-23.8490,9.7622
-233.1630,-22.3644,16.6658
-231.7600,-22.6174,15.8912
-199.5778,-22.8879,15.0776
-201.5245,-23.0070,15.2168
-232.2609,-22.8911,14.9597
-88.7163,-23.8312,13.1018
-88.9610,-23.8914,13.4688
30.9265,-24.7891,9.7684
32.8089,-25.1058,9.3899
178.0646,-25.5720,5.2308
-106.9199,-25.2270,13.1130
33.0323,-25.5238,9.2448
-232.4016,-26.3495,15.0680
-233.5860,-26.4117,16.4975
-205.7241,-26.4227,16.1414
-264.8757,-26.4870,18.4475
-232.8091,-26.5064,17.2257
-276.0079,-26.5989,16.4697
-277.7495,-26.6589,16.5268
-269.5941,-26.6973,16.3205
-267.7874,-26.7757,16.4621
-270.3291,-26.8338,16.1793
-281.9995,-26.9744,17.6489
-201.3698,-27.5603,15.4739
-268.7057,-28.6160,16.7331
-273.5330,-30.4967,18.2818
-28.3906,-29.0123,11.3758
-267.7614,-31.0757,17.6397
-272.4736,-31.5647,17.3545
-284.5238,-33.6506,18.5440
-280.8986,-33.8027,17.0503
-280.4438,-33.9209,18.5092
-271.5697,-33.9323,18.3708
-283.5908,-34.0834,18.4265
-281.2191,-34.4837,16.4637
2.2488,-31.0157,9.9654
3.7172,-31.0304,9.9385
4.1893,-31.1573,9.6108
31.4931,-31.0185,9.6228
29.8165,-31.2128,10.0521
-130.0688,-33.8145,13.9163
-133.3834,-33.9749,14.0686
-252.1942,-36.9209,17.6432
-289.4546,-37.9091,17.5869
-252.0578,-37.4801,17.2772
-252.5653,-37.6877,16.9744
7.2417,-33.1832,9.1574
9.5015,-33.2882,9.6332
171.2255,-30.3785,5.1942
17.5378,-33.7269,9.7215
-136.7532,-37.9815,14.5486
19.7090,-34.7523,9.3459
87.7506,-33.4216,7.8733
34.0832,-35.8222,8.5677
31.9417,-35.9973,9.1278
-282.7615,-44.9641,16.9337
36.5160,-36.3970,8.7287
-190.6818,-43.1659,16.1671
2.5245,-37.8772,10.0561
-188.0694,-43.8623,14.6556
37.0911,-37.1340,9.4284
174.6914,-32.9989,5.7319
170.7373,-33.1750,5.2224
36.1384,-37.7927,9.4146
222.2385,-31.8635,4.0177
-223.5309,-48.7007,15.7912
-220.4606,-48.8448,15.3260
-194.7397,-48.0150,16.2737
-217.7553,-48.9220,15.4136
11.8849,-40.5886,9.1046
-217.4105,-49.8305,15.7521
170.9744,-34.8126,6.0653
-258.1556,-52.6903,17.2497
-230.7492,-52.1811,16.8017
-232.5023,-52.6539,15.7802
45.8274,-41.5991,9.0649
6.7902,-43.5376,10.3535
-199.9841,-54.5721,16.5634
46.4802,-42.7108,8.3203
-195.8415,-55.4260,14.9476
-237.4519,-57.7335,17.2978
-128.5120,-52.2589,12.6249
-198.8064,-55.8860,15.9668
-234.2489,-57.9663,17.5175
-233.2815,-57.9829,15.1009
32.4997,-44.9108,8.9198
-200.5582,-57.3184,14.3727
27.9308,-45.9641,8.8283
-206.3789,-59.9500,15.0590
9.5467,-47.8930,9.2192
-204.4900,-60.7495,14.7543
-202.6660,-61.2504,14.4605
-204.5129,-61.5156,14.3788
-207.8939,-63.2735,16.5341
-236.0892,-65.2186,17.4804
-126.9215,-58.4057,13.2287
-128.1305,-58.5377,14.5990
-118.5958,-58.5458,12.2943
-127.4621,-59.1713,13.2420
-127.3854,-59.3008,12.4182
11.7733,-50.3311,10.4801
-226.4495,-67.4826,16.3400
55.3509,-48.7782,8.4161
65.5182,-48.3166,9.0467
54.6401,-49.1475,8.6593
36.4380,-50.7922,8.8787
-71.3709,-58.3985,12.8006
-191.9829,-67.5263,16.2283
-112.3522,-62.4571,14.0463
-236.6439,-71.7854,16.4664
-232.7936,-71.6717,16.8608
-236.4810,-72.0449,16.4984
-113.4292,-63.0800,13.0282
50.0808,-51.4943,9.3722
48.7514,-51.7894,9.3438
45.0709,-52.1184,8.7554
166.6644,-42.8839,6.2126
57.1758,-51.6268,8.9498
-115.6355,-65.5961,13.3764
-176.5213,-70.4340,14.8461
54.5984,-52.3479,8.8914
-200.1267,-72.8118,14.6370
-173.8171,-70.8649,15.8656
-238.6767,-76.2988,17.1834
-73.7700,-63.2103,12.3259
-73.0039,-63.1532,12.3566
-172.3944,-71.1600,15.6464
-173.1509,-71.4492,13.8352
-160.6107,-71.1622,13.2876
-141.2440,-69.7573,13.8827
-219.6801,-76.4054,16.6135
-139.2753,-70.1812,13.4277
-218.4572,-77.1450,15.9732
-144.6692,-71.0621,14.2840
-235.1301,-80.0476,15.8636
40.1723,-57.7822,9.3481
27.0867,-59.0032,9.2279
-197.8449,-79.7286,16.2658
-195.3095,-79.5107,16.2220
-193.6635,-79.4641,14.9957
-73.3617,-69.5788,12.0980
-73.2268,-69.5844,11.9108
30.8306,-59.9092,8.6408
40.0216,-59.0536,8.3967
3.8126,-62.5216,10.7165
37.2175,-59.3516,9.3527
-233.2961,-85.2472,16.8145
29.4840,-60.2479,8.6992
31.3749,-60.2558,8.6225
-75.9431,-70.6156,12.6335
30.0640,-60.4604,8.8237
27.5953,-60.8135,9.1944
-232.7945,-86.0118,16.2802
-25.8519,-66.0454,11.4194
-149.0483,-78.0527,13.8666
23.6790,-61.3664,10.2861
28.6577,-60.9547,8.9729
-96.2858,-73.2245,12.9930
28.9269,-61.2923,9.5671
28.2964,-61.4327,9.5244
29.0187,-61.3676,9.2658
31.3766,-61.2597,9.9032
-186.4463,-83.8351,15.5911
-205.2292,-86.4286,16.6574
265.6918,-38.4870,3.1652
-205.0990,-86.5882,16.3011
-76.1627,-73.9891,12.8702
-125.9274,-79.2276,13.4614
-123.4362,-79.2181,12.4816
-207.0478,-88.3020,16.5196
-118.6133,-79.0972,13.3225
32.1854,-63.3920,8.9114
43.9372,-62.3640,9.5976
275.7021,-37.9020,2.7417
43.4917,-62.5153,9.0507
-179.8071,-86.2313,15.9765
-175.5027,-85.9680,15.7597
-184.3276,-87.0141,16.1489
-179.1353,-86.5882,16.0461
-181.6501,-87.0594,16.0392
276.0731,-38.0853,3.0102
-257.9284,-97.1403,18.2873
-254.9517,-96.8492,18.1787
28.2815,-65.7011,9.4933
-177.0303,-88.3899,16.0419
-18.1217,-71.1419,9.9313
-100.6005,-80.5801,12.0228
-173.7807,-89.0686,14.6116
30.1515,-66.3754,9.8342
-233.7598,-96.3995,15.2297
-16.1052,-73.5122,11.1505
-233.6301,-99.6308,15.3141
-237.2086,-102.0270,16.9758
32.3398,-69.4266,8.8326
40.0216,-68.7569,9.8154
39.2247,-68.9786,9.6200
-238.2521,-103.2431,15.5342
-237.0499,-103.2145,15.4203
39.1085,-69.1232,9.9012
-119.6859,-88.8172,12.6427
-161.2750,-94.6891,13.4646
-165.5073,-95.2291,13.9073
-33.0550,-78.7986,11.2569
-32.8992,-78.9142,10.3824
-161.5543,-95.1558,13.6661
-164.1028,-95.6918,13.8128
-160.2446,-95.4481,13.8646
-15.0322,-77.1216,10.3034
-56.2263,-83.3512,10.8205
-239.6224,-108.6068,17.4510
-244.0025,-110.8189,16.3949
-242.2010,-110.8119,16.3872
28.6151,-74.7857,9.4956
-242.4404,-111.7779,17.0055
36.3454,-73.9210,9.2218
-172.6252,-102.8914,15.0930
30.9207,-75.2156,9.3508
-11.7921,-81.6188,10.8660
-234.4884,-113.3906,15.6089
-241.5070,-114.3936,15.7440
-239.7053,-114.2045,16.3796
-241.7040,-115.5495,16.1581
-257.3182,-118.3752,15.9502
31.0038,-77.1076,9.4318
35.0548,-77.0991,9.5726
-242.8126,-117.4057,17.0118
-81.1140,-94.3949,12.0537
-37.9793,-88.4233,11.7020
-237.9560,-117.7788,17.1321
176.6820,-57.5396,5.6907
-241.4395,-121.3262,16.2105
36.3020,-79.3534,9.6487
-240.5088,-121.4150,16.2406
39.1895,-79.3428,9.7414
40.2138,-79.9592,9.7347
-241.8664,-125.6206,15.8857
-227.6321,-123.4120,15.9714
36.1509,-82.9217,9.3114
178.4702,-60.3506,5.7769
-6.7800,-92.3322,10.0575
-128.6862,-113.1112,13.2315
54.8408,-82.2037,9.3700
188.5753,-59.8891,5.1760
55.6996,-82.8270,9.4968
53.7738,-83.2411,9.3151
0.0493,-92.9774,10.4942
56.2467,-83.3986,9.1318
-164.0790,-123.6170,13.8424
30.0214,-90.0044,8.8133
34.1813,-89.9437,9.4498
-17.5156,-99.6684,10.2904
-112.0161,-117.0301,13.5159
31.1062,-91.1051,9.3243
64.6361,-85.1799,8.6603
-17.5563,-100.2496,10.0448
63.1511,-85.6507,8.4981
-112.6187,-117.9715,13.4977
22.5077,-93.2097,10.2098
23.7435,-93.1014,9.8857
-187.3765,-132.4350,16.3326
24.7460,-93.9379,8.8551
245.3798,-52.7492,3.4959
-247.0485,-146.0817,17.5239
-33.2362,-106.3698,11.7750
-97.3574,-119.0468,12.0256
-102.4804,-120.3263,12.2740
-8.9506,-102.7479,9.8301
-5.1982,-102.1059,10.0615
-217.8980,-146.3495,16.3115
6.9248,-101.7765,10.5352
-183.3397,-139.8877,15.4084
173.5464,-68.7448,6.0812
-97.6175,-122.9071,13.5036
18.5927,-99.7293,10.1750
7.9590,-101.9349,9.7669
-92.9203,-122.3516,13.3921
-246.4003,-153.8343,17.9506
9.7617,-102.6411,9.3463
103.7244,-84.1303,7.1047
103.2984,-84.5061,7.5203
-242.8003,-155.7881,16.2225
177.9250,-69.3579,5.4579
-42.2566,-115.3533,12.0294
-87.2846,-125.3266,12.8641
-97.3170,-128.0085,13.4900
-98.3948,-128.2911,13.3871
-96.1747,-130.5209,12.0016
-27.2261,-117.2160,11.3504
30.0386,-104.6410,10.2836
-28.7008,-118.3397,11.4128
-156.8653,-148.3537,13.7741
-203.5441,-159.9160,15.6112
-198.6720,-160.6245,14.6253
-200.3699,-161.1711,14.5778
-24.6587,-120.9315,10.1937
-33.7014,-123.0168,10.8002
12.9099,-114.5630,10.6092
-226.1052,-172.6005,16.2403
88.2047,-97.9140,7.5118
-187.9268,-165.3606,14.6110
-30.2224,-127.7474,10.6527
184.9637,-75.4573,5.7774
-174.8985,-163.3685,15.6883
-199.7284,-169.5622,16.4665
-178.1831,-164.3561,14.1714
-178.2260,-164.3858,14.1194
-177.7772,-164.3295,15.7159
-189.0819,-167.4534,16.1416
-196.3852,-169.4732,15.1710
-171.5981,-163.7001,14.6110
-219.7153,-175.6561,17.3899
-171.4691,-165.1568,15.2939
-88.0665,-144.5874,13.7048
77.4214,-103.4258,8.5513
-190.3326,-170.3895,16.4690
-86.2613,-144.4114,13.3215
-96.8824,-147.7932,13.7956
-56.4623,-137.7477,11.9120
-191.9814,-172.4860,16.9018
-192.6616,-174.9071,16.6180
-171.6562,-170.1046,13.9685
-91.0378,-150.0049,13.3737
-171.8396,-171.0365,14.2079
-172.8803,-171.4725,14.1133
-91.4186,-151.0421,12.1270
-113.8636,-158.0327,13.0785
-215.0856,-185.3774,16.3665
-192.5980,-179.5271,15.6859
27.0127,-121.5183,9.3844
-26.1179,-135.6267,11.5301
-171.8937,-174.6996,15.3747
-170.8231,-174.4686,15.2576
-95.1014,-154.7709,13.8524
-213.0440,-186.7386,16.3462
-194.5185,-182.4704,16.2753
-49.2803,-143.7381,11.6066
-171.0952,-176.8244,15.4769
-48.9988,-144.3004,12.2446
42.8641,-119.8098,9.3542
11.9426,-129.7737,11.0179
-170.8006,-180.6681,15.7639
11.4372,-130.8337,10.9544
-46.6502,-148.1311,12.4674
-170.0214,-183.1356,14.3528
-163.7300,-181.4136,14.1763
-166.4081,-182.5230,13.9732
212.7925,-75.4633,4.6423
-179.3904,-187.5307,16.6854
135.6079,-97.8952,6.4902
-86.9611,-161.6281,12.5721
-92.2366,-166.5394,13.5700
-17.0256,-144.7334,11.0635
-45.6508,-153.2806,12.1354
-45.6877,-153.2971,12.1071
-45.6823,-153.4338,11.7828
91.5608,-113.7747,8.6467
207.0514,-79.6025,4.8455
-147.0797,-185.1511,13.9978
-207.4260,-203.6450,15.1929
-90.3019,-169.7484,13.2279
-91.1313,-170.0594,13.5334
-87.5615,-169.2589,13.4211
-156.9999,-191.2843,14.2003
-87.4438,-170.4798,13.8523
-88.3889,-170.9354,13.9108
-87.8636,-170.8288,13.8900
22.0044,-137.6372,9.3570
35.4451,-133.9129,9.8620
82.3398,-119.5784,8.6131
-86.9324,-171.7988,12.9296
-32.9469,-155.3808,10.8003
21.1565,-139.1857,9.7484
82.5733,-120.3880,8.0667
85.1622,-119.7667,8.8451
23.5700,-138.8928,9.4732
82.4959,-120.7063,8.0353
86.7682,-119.5576,7.9325
-88.3045,-174.2219,12.5181
81.6050,-121.3281,7.9005
23.5935,-141.1926,9.3934
23.1141,-141.4390,9.6750
-24.1648,-156.4478,10.3645
27.1931,-140.4383,10.1630
25.0648,-141.1577,9.3451
-147.5008,-196.1281,13.9487
26.1914,-141.9116,9.6110
266.8685,-64.8393,3.4349
45.7797,-136.6956,9.4426
36.7125,-139.9829,10.2952
124.8071,-111.7724,6.9977
-38.9771,-165.3529,11.3831
-39.7705,-166.1234,12.2586
-134.8429,-197.4539,14.6136
263.9762,-66.7381,3.3150
-132.3534,-198.0472,13.8673
-41.8153,-168.0947,12.6148
-58.6504,-173.8555,11.4651
-102.7063,-188.8222,14.4287
-97.9453,-187.4067,13.8897
179.6727,-95.9947,5.6719
145.6524,-107.6882,6.1398
186.4025,-93.9998,5.7932
254.2069,-71.2352,3.7439
-175.9254,-217.7043,15.9772
-176.0062,-217.8917,16.0846
76.5649,-131.8779,8.2502
-105.1194,-193.9037,13.7254
37.9481,-145.4796,9.3076
-103.8277,-194.2605,12.6717
-91.0689,-190.6066,12.8489
159.9803,-104.5002,6.0099
161.9536,-103.8829,5.8272
51.6958,-142.2625,9.6357
46.1079,-144.4030,9.6628
52.0042,-142.4415,9.5385
-46.1768,-177.5941,11.5602
-165.7641,-219.7943,15.0044
-167.5082,-220.6301,15.7070
-43.9537,-177.3173,11.0664
-167.6002,-221.1124,16.6034
-163.7119,-219.8237,15.6615
-173.3143,-223.3131,15.9970
-172.2493,-223.0865,15.4135
-173.6304,-224.5966,16.6771
-93.7425,-199.2020,13.4984
-98.4529,-201.1662,13.7244
-58.6967,-187.0660,11.5133
70.5296,-140.4244,9.1755
37.3438,-152.8950,9.4537
185.7422,-99.3070,5.5101
185.9434,-99.4196,5.7924
-142.7422,-219.7686,13.6552
-85.4022,-199.6660,12.9556
-90.3338,-201.5963,13.1484
-92.8228,-202.6532,13.7263
-92.5230,-202.7245,12.2852
-88.5051,-201.3210,12.3965
35.3957,-155.6932,9.4712
69.5016,-143.9046,8.7527
-111.5337,-211.1775,13.3684
-91.4504,-204.3631,14.3473
34.8084,-157.5008,9.4003
-91.6616,-204.9088,12.6172
-107.6394,-212.3611,14.7683
-93.1263,-207.3243,12.9892
-14.3929,-177.8105,11.9466
-67.8371,-198.7307,11.8752
-106.3720,-213.4113,14.0544
-81.7912,-204.2953,12.3728
-95.1059,-209.3987,12.6186
150.4583,-116.3072,6.0878
-67.0135,-200.2037,13.0256
-85.3301,-207.3210,14.1686
-82.2503,-206.2739,12.5029
-84.1544,-207.0203,13.3548
-82.0698,-206.2304,13.3082
-89.9167,-210.3168,12.9605
191.0244,-101.8446,5.2723
-70.2891,-203.0257,13.7684
-73.9358,-204.5464,13.8942
52.5098,-155.7490,8.8448
-64.2442,-201.0318,13.5503
-90.5093,-212.0252,14.0234
155.1689,-116.5243,6.3898
-30.3261,-189.2886,11.3949
156.2424,-116.7845,6.7250
-92.6246,-214.9173,14.3011
-71.4044,-206.7093,12.2907
-99.9011,-219.3067,14.1065
54.9879,-157.9979,9.3575
-94.6571,-218.0808,12.8417
-85.2093,-215.2112,12.8731
58.0262,-158.0273,9.6935
53.8626,-159.9453,9.1607
60.0868,-157.5021,9.1693
-88.7991,-217.6484,13.4354
54.2008,-160.0858,8.8617
48.6639,-162.6003,9.2578
-76.7202,-213.2670,12.8667
-79.9421,-214.5677,13.0920
57.3963,-159.2946,8.9886
45.5833,-164.3494,9.9004
-89.1157,-219.2615,13.0955
57.5777,-159.9359,9.0057
46.7817,-164.3540,9.5852
58.3952,-159.6567,8.9893
36.8141,-168.4639,9.3252
-71.7612,-212.9050,13.1521
-89.8871,-220.3096,13.4046
-90.2407,-221.4556,13.3056
-89.3587,-221.9926,13.7325
-2.4685,-186.8137,11.3618
-96.7776,-226.3561,13.4583
-96.4782,-226.3225,13.5625
-90.7311,-224.0398,13.8004
51.3377,-165.2963,8.8334
-123.6781,-238.0307,13.6710
-92.3437,-225.2271,14.6270
40.1477,-170.5377,9.8040
-69.1268,-216.2342,13.6014
-126.5367,-240.6807,13.6475
-41.9627,-205.5200,12.6095
41.1474,-170.8583,9.2730
53.6719,-165.7183,8.8735
49.4496,-167.5120,9.5027
-88.7366,-225.6755,12.8781
32.6917,-174.7470,10.8482
-90.3679,-226.8151,12.9474
-31.9419,-202.3071,12.0856
39.3742,-172.3905,10.0110
-91.8851,-227.7699,14.1376
-91.0317,-227.5760,13.4489
151.7262,-125.3430,6.6640
-88.0584,-226.5386,13.6434
55.3055,-166.1112,9.7102
-89.9501,-227.6416,13.4241
47.5912,-169.5826,9.9554
-89.7363,-228.3229,13.5417
50.6812,-168.8710,9.5889
39.1089,-174.4882,10.0581
54.6058,-168.5852,9.2944
-88.8742,-231.1474,14.6467
-76.9546,-226.4339,12.9509
36.6207,-177.7515,9.4609
58.6769,-169.7042,8.6426
91.1301,-155.5785,8.6148
58.5132,-172.3902,10.1112
27.3974,-186.8508,9.6155
-87.4182,-238.3137,13.8102
74.9958,-166.0882,9.3555
73.3204,-166.9986,9.6184
35.0362,-184.4507,10.7805
53.6972,-177.8459,9.8504
25.9448,-191.1906,9.6050
-60.6211,-231.9442,13.7076
68.0348,-172.8084,8.5407
60.3709,-177.9323,9.7627
59.1010,-179.0240,9.5606
31.8562,-193.7132,9.5825
60.7467,-181.2141,9.5158
63.7314,-179.9087,9.7571
12.3705,-204.3531,11.7081
58.6658,-182.5413,9.5847
76.8718,-173.8698,9.0010
70.8155,-176.8288,9.5346
69.5461,-178.0027,8.5142
74.6271,-175.7653,8.6586
77.5365,-174.6424,8.5688
74.8915,-176.2274,8.6975
-83.1626,-252.8295,14.4228
194.8112,-120.3462,5.4188
76.8222,-178.6015,8.7701
76.8376,-178.7722,8.5087
-74.0750,-253.3584,13.7174
71.6188,-181.5995,9.8537
-52.3511,-245.3028,13.6473
32.3523,-204.0990,10.5944
-74.0615,-258.3501,14.3215
115.7096,-164.7366,7.8649
73.8357,-186.8141,9.5695
-92.2455,-276.9163,15.0866
96.5581,-178.1370,8.4012
45.4687,-204.8957,10.3033
-24.4898,-242.6393,11.6348
20.2062,-219.3703,10.8641
17.3004,-221.1271,10.2688
13.6778,-223.2605,10.2601
-47.8723,-256.2022,13.0648
105.7715,-174.9556,8.6963
24.6894,-217.9459,11.2182
11.3943,-225.2406,11.9337
25.2565,-217.9285,10.8691
74.8752,-197.7456,9.6342
23.6246,-230.2341,11.2392
-57.0303,-275.8092,13.7304
20.7591,-232.4445,11.5096
19.9368,-233.3933,10.4779
-29.1301,-261.4571,11.8688
103.3362,-187.4081,8.9033
-28.0166,-263.3705,12.9779
-29.8090,-264.6638,13.0864
46.1655,-224.7833,10.7917
71.8819,-211.8333,10.2521
22.2258,-246.5162,12.0899
165.1111,-160.9882,6.3527
222.5629,-126.4665,5.2165
14.1725,-258.4886,12.0445
14.7194,-258.9851,11.2853
57.3932,-232.3556,10.7899
16.6202,-258.6430,10.7582
14.7492,-260.9673,11.9575
59.4988,-234.0040,9.8194
214.1625,-136.1493,5.2824
-23.5114,-288.0115,12.3008
214.1642,-136.9098,5.1072
62.6438,-235.6604,9.8075
93.7990,-217.5204,9.2046
189.3713,-155.3309,5.9365
12.7666,-271.6814,11.2480
31.0132,-260.6119,11.7878
82.2350,-227.1398,9.2183
188.0947,-158.2989,6.1419
11.7984,-275.5489,12.6566
45.2658,-254.2688,10.4771
54.1691,-249.6003,11.1033
16.8486,-275.6551,12.3990
187.4531,-160.8033,6.1289
191.0814,-158.4864,6.3629
8.7174,-281.9104,12.6022
188.1324,-160.7359,6.6713
186.9204,-161.7260,6.8317
177.2620,-168.9801,6.9443
95.3523,-225.1388,9.6739
98.3917,-223.5695,9.8596
136.1847,-198.0811,7.5651
185.2708,-164.8293,6.2862
118.0071,-211.5739,8.4612
145.3613,-194.5597,8.0782
91.1907,-232.7746,9.0362
73.1198,-246.1497,9.8278
71.9317,-247.1293,10.1002
92.4109,-233.7815,10.1557
73.2232,-247.9834,10.2212
71.3713,-256.5283,9.8096
250.2043,-127.0046,4.7496
72.6376,-258.8100,10.0619
73.6019,-258.1508,10.2773
79.2519,-254.0447,10.2673
74.5740,-257.6537,10.8957
76.3001,-256.4024,10.9695
190.0439,-172.2014,6.3851
80.4723,-253.6913,10.2051
75.8967,-257.2453,10.9255
191.6113,-173.1526,6.6585
73.2219,-264.0063,11.0616
133.8836,-225.5071,7.9789
134.0661,-225.4654,9.0226
110.1123,-245.8986,9.4364
192.9793,-181.6563,6.9626
74.5262,-279.4845,9.7613
92.5465,-266.7669,10.0919
134.7809,-236.9576,8.7473
95.1705,-273.1219,10.7711
93.0200,-275.2193,9.4559
93.8816,-274.5382,9.5921
92.2548,-276.6560,10.0585
117.2264,-256.5521,9.4976
116.6249,-257.3097,10.0023
101.2896,-272.7784,10.4547
227.5766,-172.0453,5.5108
182.8812,-225.5078,7.1460
197.7564,213.3992,9.4189
180.0884,226.6219,9.3898
175.4185,231.5518,10.2795
181.5382,223.3242,10.0585
217.9359,179.1341,7.9060
170.4831,235.7774,10.2374
176.0135,228.6845,10.4703
175.1246,228.7004,10.0361
176.7784,225.7621,10.6780
176.8295,225.6632,9.9474
246.0048,142.4697,6.3788
172.2182,229.4880,10.7353
159.7638,237.2406,10.4094
161.6054,234.6878,10.8629
159.4208,237.0922,10.4219
160.3160,235.9023,10.6230
155.6436,239.9334,10.5760
203.3545,184.8732,7.9397
177.7718,212.5349,9.2778
163.7200,228.4555,9.8114
186.6180,196.4588,9.2684
176.5608,204.8104,9.3476
176.9920,201.8198,10.0064
115.8166,266.8909,12.5691
150.9026,228.8435,10.9889
113.1349,267.9547,12.6592
163.2878,211.1101,9.7159
208.1491,162.9974,7.8056
104.5200,261.2717,12.8774
204.2378,158.6023,8.3593
82.9694,277.4183,12.2129
206.6180,151.6323,8.1893
94.0969,262.2876,11.6617
204.6206,151.7888,7.4778
203.8764,152.5020,7.6415
214.4857,139.2963,7.6136
129.9221,211.1392,10.5930
203.4145,142.8951,7.1395
46.6562,285.3612,14.2339
129.2703,209.6110,11.2562
58.7400,273.8453,14.4303
74.9609,257.6556,12.7005
118.1254,217.8499,10.3546
202.7759,137.9489,8.0425
200.1926,138.3642,7.1473
61.5745,250.2583,12.2841
186.3986,144.2330,8.0683
83.8618,230.0280,12.9461
84.6246,229.2069,12.5797
84.1450,228.8911,12.6312
81.6328,230.3999,12.3923
140.4240,178.2963,9.3188
89.6480,218.8000,12.3491
83.6512,222.9725,11.4076
89.0324,218.4511,11.3820
187.9404,135.4897,7.9689
212.1324,115.5860,7.2087
142.1910,171.9804,9.4320
190.8063,132.5166,7.6703
65.9909,230.8885,11.7476
179.4855,138.0883,8.2550
179.7699,137.4310,8.3605
163.6978,149.9908,9.1415
182.2602,134.7486,8.2245
86.1442,208.9801,10.9281
180.4934,135.2248,7.6474
30.1334,251.9895,13.0361
116.7170,184.4795,9.9624
53.6190,232.4400,13.1797
89.6577,204.3787,11.8984
89.9354,203.7971,10.8996
181.8630,130.8058,7.5855
128.0934,171.7135,9.7045
48.4141,232.4219,12.7676
125.6149,172.9777,9.6316
29.5063,245.9329,13.9651
47.7326,231.9977,13.6273
39.0082,237.7631,12.9182
126.7463,171.1057,9.9231
66.5748,213.2446,12.2774
65.9184,213.2695,11.6853
122.5181,170.9817,9.8594
53.1963,222.3313,12.4563
121.5851,170.9263,9.4062
123.1565,169.2276,9.3175
121.0961,166.7854,10.3006
109.1759,173.3988,10.0675
206.0368,103.8435,6.6388
172.4370,127.8119,7.6769
171.9462,128.1462,7.7866
14.1994,240.6014,13.9829
44.8853,217.4821,12.9894
61.8006,203.8345,11.7054
38.4335,218.5787,13.1697
207.5575,98.9211,6.7836
33.6920,219.6875,13.5609
199.6815,103.8065,6.5056
3.5859,238.2906,13.4162
88.7436,179.3133,10.5401
56.9831,199.6208,12.9301
52.7977,202.4589,13.0603
165.5086,124.8994,7.6390
8.3887,231.4982,14.7940
8.7923,231.1954,14.8137
4.0462,234.3446,14.3244
4.6904,233.3291,14.2273
1.1882,235.4384,14.6428
7.0055,230.9177,14.2312
3.9537,232.7266,14.7189
7.0213,230.1525,14.9930
59.6456,193.8494,12.7521
60.9569,192.8281,12.7968
59.9032,192.6778,11.7128
61.4387,191.3876,11.4722
6.6305,227.6910,13.6878
-5.9522,232.7963,15.3358
27.2337,210.0414,12.8192
32.7695,206.2075,13.7335
150.3564,129.0247,8.9387
28.2737,209.0381,13.2376
27.3058,209.5043,13.2858
154.9949,125.7826,8.0560
152.9430,127.0855,8.6311
152.1850,127.3908,8.5368
154.9034,125.6130,8.5768
24.3970,210.8822,12.3826
152.0516,127.4488,8.5669
155.3384,125.1486,8.7222
-3.1276,226.1712,14.4096
-10.2527,229.9687,13.9451
-71.8404,269.0103,15.5396
1.1261,219.7078,13.8295
72.2603,171.0500,11.2498
102.0344,151.1642,9.8978
4.2962,211.8218,14.2637
-64.3307,254.2274,15.1076
147.3594,122.6680,8.4371
-1.5579,214.0239,14.1869
-4.3093,215.3248,13.8369
-8.9738,217.8491,14.4355
55.4503,178.1210,11.5888
-7.9247,216.9243,13.7840
-0.3043,212.0771,13.0118
7.5393,206.4632,13.1979
18.4756,199.7382,12.9309
24.1477,196.0484,13.2756
-61.2529,248.2103,15.7353
2.1583,209.1371,13.3712
-58.3006,245.4464,16.0238
6.0057,206.1852,13.8997
-12.1879,216.2162,15.2746
-4.0679,209.7716,13.9722
-1.9559,208.2265,13.3004
51.8657,175.5159,11.6910
0.6917,206.0094,14.1109
3.0644,204.1429,13.0096
24.1381,190.7600,13.0570
21.9071,191.9519,12.5499
-1.9814,205.5180,13.3752
-111.8505,265.4907,18.7578
-112.1789,264.4189,18.4259
-117.9638,267.1782,18.8097
-107.4047,261.0413,17.6933
-105.5059,259.5767,17.4059
-112.8750,263.6198,17.3706
-116.3722,265.4456,17.8037
-113.9232,263.8143,17.7586
-117.3329,262.2020,18.7444
143.0493,111.4998,9.0798
65.0309,154.6679,11.7521
211.5726,71.0911,5.7016
63.3583,153.0900,12.0752
-120.5492,251.9200,18.3296
10.0125,179.0276,13.8601
8.4731,178.7601,13.8835
-116.7317,245.2518,17.3999
-109.6492,241.1473,17.1831
7.9566,177.6776,13.9211
-112.6290,242.0898,17.0487
-121.1758,246.3153,16.5374
-107.6734,239.0306,16.4683
-118.6743,244.5518,17.9857
-123.2450,246.8690,17.4674
-119.6987,244.9530,17.0610
-23.7653,193.5939,15.0748
-119.0648,244.3220,17.1239
-123.8795,245.5020,16.7688
6.3120,175.7788,12.7465
6.4619,175.5202,13.8786
65.2700,143.8769,11.3112
-34.7975,194.8808,14.0371
-118.1186,235.3598,16.9959
-116.2408,234.2296,16.2079
-149.2505,244.1132,19.3120
-143.0191,238.2818,19.1035
-24.4653,176.5054,13.6394
-123.6886,223.0478,17.2251
-56.5288,189.7342,15.9628
-53.2928,186.9746,14.4772
-55.5064,187.7341,14.7337
-145.6339,229.5063,17.1609
198.8926,63.9301,6.6419
-126.9850,219.8198,16.2654
92.3453,114.5892,9.9966
142.9272,90.4301,7.8328
-121.3125,216.0971,16.3535
-57.7759,185.5496,15.6756
91.1216,114.2300,10.6612
201.0827,61.8258,6.3996
203.3469,60.5602,5.8856
-7.2880,159.7600,14.1325
-113.1216,209.3989,17.2971
1.9988,155.0895,12.0989
-109.6746,207.6004,17.7614
75.3685,119.7310,10.1536
-22.2664,164.9992,14.1352
-14.3380,161.2484,12.7275
-26.0814,166.6150,14.3342
-23.7199,165.2360,13.5659
-150.0858,223.9808,17.6555
205.6141,58.1449,6.1668
-111.8693,204.5205,16.3889
-110.9419,204.0504,17.2031
-47.1099,173.6723,14.3862
-111.6583,203.1956,16.6584
74.1023,116.7433,10.0182
94.4369,107.4000,10.0883
93.8818,107.4694,9.6126
-59.5343,176.7258,15.0969
87.2216,110.0632,10.4427
-137.3955,211.2311,18.4538
-28.2210,161.2375,14.8759
-26.1607,159.5766,14.0867
97.4113,103.8491,10.0809
-26.9789,159.6376,12.9816
-24.3957,158.4188,13.0438
96.7655,103.9673,10.0677
108.1888,98.8300,8.8623
-159.2008,218.5785,18.4091
-162.1574,219.3543,17.4743
-162.8574,219.6565,17.5473
-56.8108,171.9431,15.5775
-156.8479,216.4683,17.6549
-57.2552,171.9457,14.9970
-17.5880,154.2464,12.6285
-34.1295,161.5982,13.5280
-32.6153,160.9148,13.4517
-13.8131,152.4222,13.4506
-162.7037,218.7134,18.2616
-16.5196,153.5835,13.1097
-160.6311,217.2121,18.6169
86.8706,107.0364,9.3360
-19.4621,153.7221,13.7999
250.1473,34.2324,4.4086
0.2478,144.3388,12.3017
-105.2408,190.7177,17.4989
-30.3688,157.4696,14.6453
1.1399,143.4186,12.0427
-18.9796,152.0000,13.9766
-0.3112,143.8045,12.1237
-7.1601,146.7802,12.7568
-5.0449,145.7197,12.5336
-70.8244,174.5432,15.2904
-151.3080,209.5625,17.9219
-9.1119,147.2555,12.3068
-3.0257,144.4732,12.4055
5.5491,140.6095,12.2179
53.7823,119.3872,10.6874
1.6323,142.1527,13.2759
-0.5072,142.8341,13.5441
-28.1137,154.3634,13.1147
-0.2723,141.9800,12.7357
-2.3117,142.8339,12.7730
157.6003,73.4283,7.7701
53.5350,118.0737,10.5182
-29.9581,153.4248,13.5061
-71.2061,170.0812,15.6262
-72.2566,170.1239,14.9065
-19.4400,146.6589,12.6309
87.3021,100.7905,9.7288
-7.8416,139.7689,12.7851
-19.1791,144.4905,13.0664
-158.1250,201.6125,18.5985
-129.0148,189.2406,18.1947
-160.7357,202.1204,18.4765
175.1689,61.7221,6.5293
-161.9879,200.4624,17.5802
-24.1946,143.4900,14.3383
-20.3479,141.5171,12.6741
-20.6438,141.5582,12.6479
122.9767,82.2755,8.1207
-27.4817,143.5554,13.9740
12.0933,127.0039,12.6835
10.2657,127.6202,12.8456
84.9495,96.2945,9.6543
-167.5344,197.9006,17.5048
84.0657,96.0483,10.6137
17.1377,122.8423,11.6472
-43.8928,147.3063,13.3969
-47.1127,148.5096,13.5479
-168.3163,197.1072,17.9039
-163.1648,194.7275,17.9584
-43.4059,146.5690,13.8510
-168.3531,196.4190,18.4751
-46.1766,147.1540,14.2204
-49.6598,148.4761,14.2371
-136.3022,183.0948,17.3605
-169.4827,196.0811,18.8073
-171.0844,196.6609,18.6950
-170.7401,195.8920,17.5176
-47.9125,146.8576,15.1161
10.2309,123.3909,12.4874
-118.8006,174.5733,17.3381
268.4771,20.9152,4.0963
-148.2619,186.0765,16.6816
-124.0371,176.1143,16.3084
59.4168,103.1699,10.0441
-50.3331,146.2759,14.0597
-170.5158,193.3163,18.5856
-174.6922,194.8105,17.6329
-149.4884,184.7852,17.0029
-161.8767,189.6544,18.5783
-171.8954,193.5767,18.8366
-172.5632,193.7174,17.7179
-172.2436,193.5917,17.3022
-180.6753,196.6909,18.0225
-153.6254,186.0214,18.5000
-178.1015,195.5953,19.3042
85.4044,91.9859,9.2047
-147.5058,182.9412,18.1167
-51.5062,145.2845,13.9540
-159.9079,187.6198,19.0097
-152.8928,184.8636,18.7806
-150.9760,183.5763,16.3841
20.4289,116.5722,11.1833
-170.8738,191.0263,19.1525
-22.8764,133.3910,14.2630
-74.0909,153.0811,14.6667
-132.4916,175.5796,17.9900
-155.3228,181.4929,18.9236
123.0003,74.9088,8.2184
-111.7530,164.6032,15.3194
29.5153,110.0888,12.2400
-183.7476,191.2915,18.3979
-153.2790,179.5374,17.9917
-153.4177,179.3967,17.8947
25.2669,111.4099,11.5857
-193.1398,194.2636,17.8882
25.4558,111.1714,11.3932
-28.0872,131.4409,14.0847
-193.8024,193.1519,17.8810
-192.1246,191.2444,17.8197
-106.3566,159.0113,16.4061
-57.9602,140.6463,14.0386
-194.5951,191.5869,19.9456
-141.3241,171.5091,16.7675
243.9595,27.3143,4.6523
-198.6542,192.1465,18.8378
-135.8471,168.4160,17.5687
-199.5019,192.0007,18.4747
-196.0359,190.1090,18.8290
152.4834,60.8280,8.1266
155.3989,59.6910,7.4365
-105.0667,156.1152,15.7569
-196.6509,190.0296,18.0776
-191.8158,188.2253,17.7664
151.3910,61.1057,7.6770
151.2736,61.1425,7.8065
-190.5201,187.4970,17.9535
153.4704,60.2395,7.8664
-196.5272,189.3380,17.9921
-57.9460,138.0676,13.4635
-183.4917,184.2717,18.7000
-180.9457,182.1215,18.9470
81.1334,85.8905,10.4358
81.6357,85.6309,10.0309
143.3912,63.0220,8.0842
-49.0603,133.3378,14.3274
-104.1457,153.1850,15.9014
-101.3695,151.9902,15.9915
-166.3746,175.1304,17.1786
27.0826,104.3224,12.3353
-97.0673,148.7701,16.2891
35.9968,100.4293,12.1667
-80.3090,142.1949,14.6191
-88.8970,145.1175,16.5479
-17.8416,119.2924,13.6793
17.4550,106.1778,12.3578
153.0240,57.4535,7.0560
-161.1387,169.0292,18.6699
-161.0815,168.7865,17.6577
-162.1412,169.0725,18.0890
-165.7058,170.3176,17.8497
-21.1095,118.9282,12.9455
-165.7812,170.2819,17.6824
-84.3440,141.0391,16.2159
-84.1286,140.0691,15.4552
-83.1917,139.6225,15.2203
-83.3171,139.5258,16.1728
-100.3664,145.4795,15.9595
-84.5436,139.2144,16.3005
-18.7818,115.9501,13.2419
20.5604,102.1164,11.7691
37.6353,95.8957,11.5859
-76.3192,134.6740,14.1093
67.1855,84.8074,11.0159
-77.7731,134.9136,14.0616
-81.0153,134.9837,16.0922
-219.4045,182.3788,19.4203
140.2934,58.4886,8.2061
-103.1020,141.5012,14.7671
-107.2773,142.3436,15.6015
-75.3701,131.0540,15.7976
-145.8190,154.6345,16.5385
-169.2556,162.0717,17.9768
-135.8185,150.4956,16.8973
-76.0029,130.0779,15.7363
-74.0170,129.0841,15.2030
-76.4244,129.8672,14.0067
-77.9374,130.2157,15.9956
-74.2449,128.8254,14.9046
-136.3629,149.4451,16.6073
-73.8667,128.3191,15.1611
-138.2216,149.8465,15.8883
-139.5948,150.0942,17.7275
-135.7243,148.5994,16.4997
-18.0769,109.2358,12.6522
-138.5394,149.4094,16.7938
-83.1569,130.8638,14.3520
-76.6834,127.9395,15.4106
-138.0428,148.2426,17.4710
-63.9702,123.4864,15.4961
123.9116,61.1060,8.7536
-77.1935,127.6962,13.9987
-85.6919,130.3064,15.6899
-164.8965,156.5045,16.9911
-161.4108,155.0828,17.6563
-162.0419,155.1660,17.8642
-156.5638,153.3432,17.5867
-4.7801,103.1793,12.9151
-48.3224,117.3378,14.5875
-85.0752,129.3901,14.6029
-81.9538,128.1373,14.2065
-66.7608,123.0506,15.5230
-87.9501,129.7302,14.6957
-138.6697,146.2769,16.9851
77.2217,75.1970,9.6423
-80.2225,126.4402,15.2997
-138.5593,145.4607,17.2220
-83.1936,127.3435,15.1625
-77.7337,125.3449,15.2834
-76.8667,125.0498,15.5299
-16.4066,104.1448,13.6378
-16.2367,103.4608,13.6800
21.1192,90.8966,11.8436
-130.0767,139.0624,17.1564
-127.5549,137.7671,17.6704
24.6481,89.1544,11.2467
-221.4446,167.0040,18.5335
-137.9970,139.3233,18.0189
22.6152,88.6333,11.9989
3.6537,94.5799,11.9667
-159.5825,145.1450,16.3854
-119.8504,132.4263,15.2509
-123.1377,133.4360,15.2539
-122.8357,133.2901,17.2955
-219.8193,163.3118,18.7309
23.1350,87.3401,11.7460
217.9288,26.5807,5.2618
-19.4164,100.3141,12.3683
-123.1893,132.0340,16.7365
23.3388,86.5900,11.9359
-145.7177,138.3907,17.5071
-218.7230,160.9184,19.9794
-146.1707,138.4360,17.4756
-47.3864,107.2616,14.5722
-219.0598,159.1571,18.8785
-128.8732,131.3965,15.6306
-126.6426,130.2786,17.3436
-161.5928,137.9546,17.4348
-64.0620,108.5948,14.4658
219.7546,23.6956,5.0616
-162.8816,137.0593,17.8721
-191.0529,143.7415,19.0896
224.9297,21.3058,5.4700
-51.3931,100.5740,14.5407
225.8421,20.3643,5.2266
-50.6640,99.9122,14.6033
-48.4461,99.1715,14.2661
222.3538,20.8296,5.2763
-49.3594,98.1754,13.9888
-47.2515,96.0142,13.1088
-177.8170,131.4029,18.4873
211.0346,22.8052,5.3497
223.8082,19.2453,5.5235
219.6330,20.3693,5.2366
226.4731,18.3266,5.0356
217.1642,20.3089,5.0740
224.6118,18.2619,4.9063
204.2896,23.7457,5.8705
217.0075,20.0875,5.5646
225.9769,17.4022,5.0687
205.0717,22.6258,5.3455
215.2482,19.8890,5.5140
48.7472,64.3157,10.0733
-72.5285,96.3875,14.0416
57.9004,61.5494,10.4919
-243.6592,141.3891,18.7526
-215.3805,133.0904,19.1796
-245.4534,139.3746,18.7760
-116.6908,105.4466,16.8490
-115.6552,105.0516,16.7225
218.7116,17.7883,5.3369
1.5439,74.2890,11.7785
-72.2051,93.0741,14.0532
-210.0090,128.7445,18.8013
-173.4504,119.0830,17.5241
-114.3097,103.7148,16.3588
224.2263,15.8980,5.1758
-211.4903,127.9269,19.0122
-113.7839,102.6557,16.3324
-209.1940,127.1780,17.6087
-207.4801,126.5670,17.6281
-115.6577,102.9237,16.2710
-209.6231,126.3679,17.7202
-70.2916,90.3170,15.0974
-65.0929,88.4365,14.4533
-69.4661,89.4830,14.3681
-71.1004,89.8122,14.4549
-67.1364,88.2450,14.2372
-205.6126,122.9322,18.5549
221.9049,14.8883,5.3189
-70.0095,86.6431,14.2553
2.3567,68.5988,12.7039
0.1181,69.0845,12.7763
30.4805,61.6056,11.9977
59.8579,54.2248,10.6524
59.6360,54.1702,10.5008
-66.5042,84.9243,14.6309
-100.7813,93.1147,14.4006
58.1877,53.9963,10.9067
-96.9427,91.6368,15.3203
-58.3013,82.2330,14.4030
-60.8052,82.8300,14.4044
-96.7943,91.5221,15.3811
-95.2388,90.9158,15.8643
-217.0291,120.4414,18.6518
-120.8163,97.0151,17.1057
-97.4708,91.1127,15.5169
-95.4458,90.4578,15.4803
-37.9448,76.4182,14.2592
-218.5211,119.7723,18.8809
-218.5002,119.5609,17.9569
-242.2621,124.3158,18.6990
-219.4809,118.6021,17.8922
-221.2873,118.9290,19.2644
-80.8205,85.2508,14.8460
-4.5160,66.7864,12.7858
-87.7523,86.4425,15.2779
-66.6634,81.3868,14.4111
-63.4400,80.5598,14.6844
-87.4026,86.0900,15.1500
-204.7128,113.8098,17.2877
-68.3144,81.4019,14.2806
-225.0869,118.3753,18.4048
-253.4322,125.0486,19.8556
-261.3917,126.2331,19.6583
-0.3993,64.8058,12.5330
-259.9315,125.5928,19.4319
-226.1401,117.0885,19.5190
-228.8613,117.7199,19.2183
-4.2004,65.1222,12.7653
-82.5693,82.6841,15.0617
-77.8199,81.3394,14.7577
-211.6280,112.0847,18.2543
-211.4374,110.9131,19.4861
-9.6950,64.1207,11.7309
-15.8128,64.6026,13.0928
-57.3739,73.7239,13.7250
-54.4057,73.0100,13.5019
-45.7491,71.0170,12.9598
-75.5983,77.6308,13.4736
58.8386,47.4703,9.9475
-112.4119,85.4599,16.6838
76.6016,43.0596,9.1204
-2.7548,60.4374,11.8701
-87.2150,79.1352,13.8433
-76.6484,76.5795,13.8574
-81.6791,77.6361,15.4692
-66.5339,74.2821,14.2815
-216.3870,107.3333,19.8248
-73.4288,75.6578,14.1273
-67.5564,74.3364,14.6360
-84.1576,77.7182,13.8128
-62.3899,72.7834,13.3090
-113.2409,83.8102,16.1994
-110.2263,83.1449,16.4715
-79.7153,76.4314,15.0896
-65.1573,73.0141,14.4231
-115.1532,83.6938,14.8526
-76.9016,74.8924,13.5616
-47.7379,68.5418,12.9575
-86.9894,76.1044,15.7173
-71.7765,72.7953,13.5532
-47.3994,66.6392,13.3885
53.8173,44.5292,10.5016
31.5505,48.1183,11.8824
56.2848,42.8946,9.6046
-109.0964,77.0006,15.0528
22.3189,49.5204,11.8588
69.7277,39.5280,9.6713
-81.6309,70.5491,14.1540
21.5140,49.1249,11.5846
22.7663,48.8259,11.3345
-83.9532,70.6733,13.8713
-81.3852,70.0521,13.9791
-84.2579,70.4918,14.3224
-109.9851,75.5034,15.0553
-199.1777,92.9888,17.1206
-81.9178,69.0774,13.8947
-197.6972,91.6388,17.5417
-200.7423,92.0151,17.6422
-108.8547,73.5441,16.5171
69.4015,36.8616,10.4322
-115.0837,73.3233,15.2795
53.5511,39.3129,10.9282
-112.2338,71.8176,15.1413
75.2986,34.8906,9.7928
-112.3949,71.6101,14.6280
-198.1241,85.7729,17.0515
-196.2516,84.0911,16.9614
-199.0665,84.2808,17.4043
-120.9297,69.3101,15.5374
120.5835,23.6877,8.8552
-200.0880,83.1031,18.3289
-263.8006,93.4874,19.2242
-217.7594,84.5942,19.0380
-216.9893,83.9317,19.4061
-214.9811,83.5301,19.3164
-164.1852,74.1288,17.7902
169.4809,12.8376,6.9814
-77.0384,56.7564,14.4933
55.2704,33.0059,10.1052
-216.6606,80.5713,18.5954
-216.3271,80.4521,18.6847
61.6618,31.3306,9.7704
-217.0323,79.9886,19.9751
-215.7704,79.7519,18.7498
-196.0863,76.1057,17.7454
164.1933,12.9129,6.6021
-212.6916,78.7530,19.8111
-98.7287,57.5136,14.1550
14.4064,37.7123,12.1562
-278.4911,87.6573,19.5896
-44.2964,47.0850,12.9551
-191.9209,71.7733,18.4607
-193.3569,71.9266,19.0359
-219.3595,75.8885,18.5410
-249.8801,80.3304,19.9089
-180.2883,68.2540,18.4891
-197.1780,71.0417,18.4455
-198.4805,71.2339,18.1778
-193.3127,70.2739,18.3153
-48.2484,46.1248,12.6423
-191.8224,69.8208,18.3519
-194.4000,70.2091,18.4083
-217.8883,73.8349,17.4006
13.4054,35.5765,11.7796
-36.4667,43.6382,13.4273
-194.1671,68.9631,17.3736
-195.9103,69.1905,18.4195
-197.0948,69.2893,17.4568
-192.7975,67.8180,19.2160
-82.5183,49.6583,15.3598
-193.2483,67.5237,16.7881
-196.3593,68.0034,18.8510
-79.3542,48.8958,15.3266
213.3773,1.8108,5.3345
213.0115,1.8327,5.4916
-277.9275,79.9459,19.9094
-78.7555,47.9902,13.8731
-213.0796,68.8607,17.5673
-219.0906,69.7006,18.1186
1.0593,34.6492,12.3185
-214.4612,68.3277,17.3904
-75.5025,46.0774,13.9737
-50.4816,42.0951,13.4701
59.0336,24.9180,10.2253
169.8328,7.1034,6.2605
174.4656,6.0649,6.4460
-198.7418,62.5466,18.5172
61.2179,23.1681,10.0682
-147.7612,54.3883,15.8961
60.9355,22.9712,9.5897
-126.1613,50.9037,15.9931
-203.1283,62.1354,19.0223
61.9002,22.4353,9.9165
-204.4895,61.4664,18.3241
-210.3242,62.2354,18.1584
-216.1808,63.0556,17.4476
-4.6248,31.6281,12.7301
-216.2403,62.3487,17.4480
-203.2360,58.9474,17.9652
-204.0153,58.6115,18.4970
-206.9442,59.0145,19.6392
-205.6753,58.6484,19.2241
-206.3460,58.7224,17.4645
-206.7204,58.6646,17.7685
-204.2288,57.7365,19.1129
-205.6702,57.8195,19.5041
-208.0675,58.0386,18.1948
-4.5513,29.1112,11.4785
64.3987,19.1146,9.5456
-67.6061,37.3769,14.2316
-49.6668,34.8615,12.9824
-50.7356,34.4038,12.5512
-62.3054,35.9701,12.9841
-252.2549,62.0043,19.4468
-217.0583,57.1508,18.7390
-49.0921,33.8594,12.8206
-45.9574,33.4069,12.7502
-56.6548,34.8238,13.2936
-61.8309,35.4269,13.8001
-61.0852,35.2329,13.7966
-60.3405,35.1150,13.3643
-53.5472,34.1181,13.2974
-63.0853,35.1350,14.2202
-61.3547,34.8433,13.0167
-63.8031,35.1442,13.9591
-59.8636,34.5066,14.3554
-117.3188,41.9447,15.9657
-59.7880,34.1298,14.2964
-58.5797,33.9025,13.7728
60.8566,17.8119,9.4884
-59.0380,33.7237,14.3902
-66.9418,34.6663,13.5547
-53.8131,32.7489,13.5575
-57.5143,33.1899,13.9855
-58.6434,33.3088,14.5160
-124.6068,41.7905,16.2848
-201.3501,51.9631,18.1235
56.4947,17.6333,10.4271
53.0747,18.0435,10.6400
-51.4707,31.8457,14.1956
166.4884,2.7282,7.0954
105.3880,10.5870,8.6500
-198.6414,50.1271,17.9468
-197.0609,49.5557,17.0989
104.7902,10.4133,8.2783
-65.8769,32.2607,13.8364
-202.0827,49.8108,18.4950
52.2818,16.9287,10.9380
-69.6168,32.3542,13.8045
-198.4867,48.3990,17.7654
-95.7696,35.2224,15.7030
53.4160,16.2587,9.9901
-201.0498,48.4843,18.7869
-199.2452,48.1772,18.4466
-48.6217,28.8425,12.8362
-60.8297,30.2744,14.4412
-63.6593,30.5653,14.8214
181.1932,-0.2687,6.0509
-196.8034,47.1611,17.5594
-6.7997,22.9290,12.2629
-115.4940,36.2998,15.9187
-131.1215,37.9319,15.5872
-115.7023,35.6386,15.0376
-5.6856,21.7559,11.6798
-268.9663,53.5367,19.1152
180.4883,-1.0417,6.5258
-197.0853,44.7176,16.7405
-203.4019,45.1365,18.0046
-201.8788,44.9106,17.9841
182.2295,-1.5244,6.5571
-202.1828,44.6106,18.5314
-194.8357,43.5871,18.9602
-252.5955,49.7831,19.0412
-253.3176,49.6242,19.0351
167.4304,-0.1666,6.6123
-67.2755,26.9886,14.9173
-121.5683,33.3070,14.6110
-266.5701,49.9271,19.4504
-228.5044,44.4806,17.9204
54.8904,11.8305,9.5523
-62.1586,25.1833,14.6885
-252.7797,46.4965,19.6945
-227.0390,43.4691,19.1381
63.9281,10.3086,10.6307
-91.0048,27.6867,15.7287
-66.3483,24.5335,13.8234
96.5411,6.1428,8.7960
86.0492,7.3065,9.0105
50.7191,10.4098,9.8411
-73.8302,23.9106,14.6923
-41.5719,20.1882,12.3821
-244.2879,40.5554,18.4452
-262.3526,42.1240,19.4070
-242.9851,37.9222,18.7225
-241.5999,37.6996,18.2459
-248.5330,37.5338,18.5402
-246.0034,37.2005,18.6908
-241.0864,36.2339,18.0710
45.7033,7.4097,10.8727
53.6240,6.5686,10.6090
-40.8971,15.6012,12.8351
-38.9177,15.3891,12.7749
53.8397,6.0193,9.6348
54.2908,5.8899,9.9349
55.0570,5.7689,9.9005
-190.8026,28.6189,16.7296
47.6339,5.1455,10.4829
-126.6925,20.6526,16.3691
-245.5898,30.3161,19.6897
-118.7296,18.9971,14.5847
-239.5463,28.9628,19.7399
-240.6029,29.0397,18.3426
-242.8251,29.1872,19.6824
-239.1798,28.7281,19.3519
47.3437,3.4955,10.4109
50.7566,2.9901,9.9387
38.1163,3.2430,10.2572
-190.3707,22.2967,18.2350
207.9069,-11.2743,5.4138
41.6386,2.3213,10.0687
-80.8755,11.7855,14.6083
-233.8323,24.1086,18.4692
-105.6077,13.5272,15.1694
-230.7947,23.1923,19.8882
-104.0965,13.0021,14.3894
-104.0588,12.9370,14.7586
-232.6450,23.1476,19.7015
-238.0267,23.3583,18.1485
49.3779,0.3103,9.7051
42.5414,0.6504,10.8429
-239.1491,21.9295,18.3420
47.1812,-0.2048,10.4183
-187.5344,17.4917,16.6413
-36.0236,5.8605,13.5521
-38.4448,5.3636,12.3848
46.0915,-1.2163,11.0000
-172.8421,14.7575,16.6619
-79.5605,7.8531,13.9534
-237.9167,18.8458,18.4785
-37.2829,4.3120,13.2631
-162.4256,13.1412,17.2653
46.3508,-1.8928,10.5567
-84.0156,7.0297,13.9198
-63.4267,5.2236,14.5807
-61.4163,5.0550,13.5419
-78.2935,6.0741,14.9238
-78.4949,5.8951,15.0166
-236.8267,16.0538,18.2652
-237.2988,15.8987,18.3812
-142.3658,7.2648,16.3110
-238.4654,13.2045,18.9463
-104.6235,3.9047,14.6459
39.8920,-4.9552,10.7418
-235.6894,10.9210,18.9248
-237.5763,10.9832,18.4196
-151.4023,5.5523,15.5404
-232.6822,10.0771,18.3405
-235.3929,10.1987,18.4066
-204.9898,7.1320,19.2270
-203.1748,6.6577,17.3597
-123.6290,1.5613,16.3130
260.6995,-19.3395,4.0332
43.2981,-8.0021,10.3586
-238.8280,6.3260,17.7807
-105.5969,-0.8682,15.2682
-104.9786,-0.9140,15.2630
-101.9216,-1.3842,15.9207
-104.4748,-1.5680,14.6429
-235.5004,4.3214,18.0093
-239.4170,4.4932,18.0946
-107.9180,-1.9377,15.9118
-238.6864,4.4257,18.1404
-100.5251,-2.5636,15.5556
-44.1823,-5.5222,12.6903
-103.1120,-2.7339,15.6733
-106.1173,-2.6232,15.7297
-107.8060,-2.6438,15.3033
84.3810,-12.7513,9.1786
-211.9048,-0.3845,19.1249
-224.5777,-2.8022,17.8961
-225.0562,-3.3813,18.9690
-114.7530,-7.8559,15.4289
41.3649,-13.5917,10.3645
-187.1397,-6.3887,18.2763
-27.3490,-12.6729,11.8765
-288.1880,-4.9917,19.2734
-284.2152,-6.6297,19.9952
-52.2904,-13.6591,13.8037
-245.7815,-9.4205,18.3208
-236.0626,-10.0096,18.6758
-242.0630,-10.0239,18.9484
-244.8526,-11.8654,19.7506
179.7821,-21.5521,6.6961
-241.0912,-13.1796,18.7443
17.2210,-18.7005,11.5913
-243.9971,-14.7936,18.5110
-124.9207,-17.9890,15.4905
-102.3805,-18.8781,15.3124
-100.2989,-19.1174,15.7531
-93.6728,-19.2548,14.6420
-97.3449,-19.2284,14.9284
-231.5471,-17.3230,18.1248
32.9825,-21.5054,11.1403
-212.0018,-18.3222,19.4023
-237.2523,-19.7497,18.6608
-203.6736,-20.1320,17.6163
-254.4740,-19.8039,19.4368
-94.0455,-21.7306,14.7712
88.2146,-23.5962,8.7464
-68.6161,-22.7606,13.4733
-233.8846,-21.6842,19.3656
-199.0276,-22.1674,19.1788
24.8541,-23.8092,10.7108
-232.3405,-22.4516,19.5634
-231.7334,-22.5324,17.6494
34.1087,-24.2174,10.5512
25.0183,-24.1928,10.3286
31.1030,-24.3540,10.7391
31.4350,-24.4022,10.7747
88.0306,-24.7251,9.7165
-199.3009,-23.5687,17.2431
-198.6985,-23.5713,17.2340
-199.6622,-23.8818,17.6503
29.3756,-24.7543,10.2618
-52.9598,-24.6116,13.1110
-53.8759,-24.6402,13.0220
-127.2196,-24.9453,15.2241
-130.1529,-24.9391,15.3665
35.1231,-25.4709,11.4710
17.2420,-25.6127,11.6840
35.5836,-25.8532,11.4678
32.4438,-25.8646,11.0294
-263.4755,-25.7732,18.8093
-230.0367,-25.8566,19.1817
18.3704,-25.9717,11.2962
-201.6969,-25.9492,17.4770
31.2013,-26.0534,11.1699
35.5625,-26.0998,11.3791
34.0572,-26.3179,11.3820
-232.9997,-26.6396,18.5568
13.4337,-26.8928,12.1654
-202.6230,-27.6475,18.1343
-200.1203,-27.7037,17.1561
-203.7927,-27.7536,17.3204
-233.5047,-28.0182,19.5132
-268.7874,-28.1486,19.8205
-205.5328,-28.0498,19.2660
-265.6509,-28.4042,19.7487
171.5703,-26.8825,6.3706
-265.2332,-28.6318,18.5733
-269.1594,-29.2055,19.1180
32.6432,-27.8991,11.3406
-27.9074,-28.2150,12.5156
-266.5937,-29.4701,19.1568
-267.1296,-30.0932,18.9528
-265.8787,-30.1511,18.9545
32.7139,-28.3474,10.7655
32.2702,-28.4518,10.5644
-264.7178,-30.6540,19.0368
34.9968,-28.6632,11.0529
33.3221,-29.0869,11.3544
32.7444,-29.1791,10.4474
30.6693,-29.4714,10.2564
-272.1777,-32.5873,18.8546
5.8809,-30.4374,12.2898
-280.4823,-33.9629,19.0502
33.7980,-30.3791,10.3327
17.2715,-30.7741,10.7472
35.6757,-32.0271,10.1364
-227.7749,-37.7472,18.6835
37.9463,-34.3651,11.2157
37.4310,-35.6899,11.4002
38.5701,-35.6602,11.3866
30.7937,-37.3091,10.8928
-236.2156,-46.6137,18.0505
-11.6146,-39.2465,12.7436
-219.7784,-46.8628,19.1443
-220.0948,-47.2333,17.6561
14.2789,-39.1485,11.8855
-128.5595,-44.2948,15.4851
-195.5553,-46.8874,17.5924
-131.4041,-44.8826,15.5398
-123.1732,-44.9176,15.8644
-231.3876,-49.7617,19.2924
37.7940,-39.7697,10.9873
-113.3956,-45.8010,16.2664
-202.0425,-50.3547,19.0432
-217.0908,-51.0733,19.5549
-201.4065,-52.5033,18.0484
38.9987,-42.1382,11.3281
-201.1592,-55.0742,17.0442
-205.1929,-55.4301,18.0842
-205.6209,-55.8533,19.0284
-207.9739,-56.0476,17.9538
-208.8268,-56.1737,18.9193
-203.9364,-55.9469,18.4124
-208.9746,-56.2061,18.7312
-206.2814,-56.0867,18.2665
-209.6631,-56.3074,18.9165
-197.0756,-55.7657,19.0504
170.6165,-37.2885,6.4933
-199.0364,-56.6803,17.5996
32.6042,-44.8591,11.1533
-211.1582,-58.6825,19.0966
20.1252,-47.0538,11.8924
68.6849,-45.4550,10.3036
29.3192,-48.5495,11.6538
-113.7308,-58.6011,14.5416
-67.1961,-55.9283,13.4366
-68.3226,-56.0834,13.6719
-226.6778,-66.8094,18.0592
67.5538,-47.4733,10.0480
-114.7163,-59.6876,14.6897
36.6310,-49.7805,10.2524
-202.6449,-67.1559,16.9527
15.6895,-52.7702,12.1869
-40.6476,-57.0454,13.0212
-183.5894,-68.0912,17.5703
-40.6580,-57.6670,13.3298
-236.6386,-72.1884,18.3157
-139.5776,-65.1050,17.0864
-240.9160,-73.5572,18.6339
-187.5310,-69.7373,18.1348
-237.5946,-74.0021,19.0005
-72.6189,-61.4864,13.1028
14.7118,-55.7753,11.7216
-177.6808,-71.4181,16.7383
-198.9189,-73.4544,18.2175
-196.5368,-73.2838,17.3165
51.4292,-53.3286,9.7583
-151.0396,-69.7595,16.8846
-222.4499,-75.6570,17.8900
-146.2791,-69.8048,15.6617
-228.6859,-77.4453,19.1648
42.6378,-54.9809,10.8772
-199.0392,-75.6497,18.1979
-229.9953,-78.5209,18.8624
-155.1368,-72.3826,16.3543
-155.0319,-72.6764,16.2868
-231.9834,-80.6202,18.4153
-136.5386,-73.3754,16.1222
-196.1118,-78.9912,16.6182
28.4568,-59.1656,10.9674
-198.0644,-80.7310,17.5743
-194.4249,-80.4779,17.1222
-199.8124,-81.3974,17.0679
50.2285,-58.0363,10.0741
-125.9887,-75.6368,15.5675
-127.6135,-75.8391,16.2198
1.0513,-63.4209,12.2661
-270.0687,-89.7621,18.7409
-113.3324,-74.6376,15.5352
-116.1478,-75.8472,15.4621
-113.8935,-75.6671,14.9303
-234.3840,-87.6411,18.6759
-28.3510,-67.3176,12.5986
-24.9555,-66.9989,12.5225
-28.8430,-67.4064,11.9458
-26.8353,-67.2170,12.5510
-109.5152,-75.8788,15.8687
50.8118,-59.8189,10.7271
48.9752,-60.1471,10.9729
-119.0802,-77.3684,14.7057
-72.9176,-73.0672,14.4409
-123.3089,-78.3748,15.2872
-184.2546,-84.6707,17.8132
-118.4059,-77.9360,16.1708
-70.8227,-73.5509,14.7471
-178.7202,-86.4218,16.2502
46.8771,-62.4943,9.9258
-175.4736,-86.3600,16.1821
-20.5512,-70.2705,12.3958
-180.0419,-87.7919,17.5808
-180.1463,-87.8477,17.0884
-67.7458,-75.9140,13.5936
-20.2836,-70.7399,12.4029
-67.9957,-75.9685,13.0808
-20.6314,-70.8178,12.4159
48.9531,-63.2433,10.7756
47.2085,-63.4612,10.0158
-19.4411,-70.8267,12.3334
-19.5055,-71.6716,12.8314
-237.7164,-97.7555,19.9187
-239.5835,-97.9891,19.9896
41.4089,-66.2790,11.3613
36.5189,-67.0031,10.2166
-235.1926,-99.1621,19.0814
22.1992,-69.3964,11.7727
-259.7015,-104.3521,18.8378
-260.1931,-105.2646,19.4035
-235.9526,-103.6776,19.6893
-165.8634,-95.1672,17.3204
-165.2256,-96.2183,17.4123
38.6311,-70.6955,11.2494
-238.3128,-107.0909,18.3399
-161.2424,-98.1836,16.0556
-91.2985,-89.0046,14.4128
50.1417,-70.7812,9.6614
34.2653,-73.4328,10.8855
59.9092,-71.2053,9.7604
32.6809,-75.7168,11.3257
53.2902,-74.5229,10.2752
43.7780,-76.0155,11.0444
-160.3948,-105.7629,18.0923
2.7239,-82.8249,11.1512
35.6394,-78.6758,10.1516
37.5119,-78.5568,11.3739
42.2102,-77.8730,10.6137
23.8051,-81.4842,11.6004
40.8031,-79.0664,10.5904
28.0249,-81.0670,10.9931
25.5169,-81.5253,11.5328
36.3145,-79.9973,11.0709
12.6248,-83.6883,12.0030
17.2794,-82.9966,12.0221
16.6705,-83.1430,11.3631
6.8253,-84.8351,11.9761
32.2664,-80.9974,10.9477
15.8486,-83.6907,11.8992
26.9800,-82.1232,11.8434
29.3477,-81.7733,11.5263
17.0850,-83.6894,11.2716
12.6253,-84.4988,12.3647
22.3621,-82.9855,11.3822
16.3821,-84.0699,11.1775
-0.9287,-86.9042,11.8657
19.0005,-83.8172,11.8386
23.3682,-83.2860,11.1702
-98.4701,-102.4539,15.3592
41.6851,-80.5042,11.2501
26.8819,-82.8572,11.9001
-243.0532,-125.9212,19.9421
10.5276,-85.8032,11.3456
25.8339,-83.4058,11.8310
-241.0034,-125.9523,19.5284
48.6150,-80.1659,11.0374
51.4911,-79.7416,11.0510
38.1111,-81.9996,11.2937
37.8200,-83.8253,10.5405
62.3106,-80.1775,9.7707
57.9047,-81.4364,10.0051
47.1473,-84.4886,10.8317
-87.1063,-108.2369,13.9108
55.6363,-84.3167,10.0018
43.2338,-86.6218,11.0172
-205.9296,-131.5969,18.6115
-205.5939,-132.2522,17.5265
-166.4897,-125.7066,16.4977
22.9531,-92.7237,11.9405
38.4972,-90.3857,11.3261
-32.8725,-103.6852,13.8722
-207.7958,-136.3892,17.5993
-97.3215,-117.9828,15.7441
-27.7752,-104.9947,13.8163
21.1506,-95.8015,11.9870
-34.0381,-106.6804,13.9309
173.7820,-67.1318,6.8627
15.7676,-98.2713,11.4598
-6.3877,-102.7402,11.8304
6.5470,-100.6320,11.3159
19.3914,-98.2492,11.5486
166.7601,-69.7502,7.3292
180.0982,-67.5299,6.4209
24.3813,-101.6632,11.6399
177.7149,-70.1899,6.4034
-224.3675,-155.0066,19.7705
-80.4735,-125.3129,15.3947
-38.7904,-116.9813,13.9789
-36.8792,-116.9238,13.8132
-71.1109,-126.1257,14.7756
90.4207,-92.7559,9.7302
-230.7761,-166.2273,18.5744
-197.9279,-158.9936,17.9975
79.7167,-97.6042,9.5399
180.3103,-75.6218,6.1256
-160.1059,-158.1242,17.6086
181.9620,-75.8444,6.4812
-157.7071,-158.4503,18.0652
-180.0405,-164.6847,19.0780
-177.8510,-164.5339,17.3831
-180.0749,-165.0873,17.5028
114.0690,-93.3414,8.4042
27.7283,-115.1716,11.4206
121.6372,-93.2084,8.1277
-91.1218,-147.2492,15.7993
-169.5918,-167.1503,16.3293
-88.8361,-147.3580,14.8682
96.0989,-101.5331,9.7719
-110.2850,-156.0382,15.4764
-217.3858,-184.4785,17.7985
2.2887,-127.4096,12.9704
-172.5545,-175.0361,16.6157
182.9945,-80.6510,6.0476
-50.0952,-143.7365,13.5912
-48.8628,-143.8657,14.0223
182.5620,-81.4584,6.6065
-146.1051,-170.7572,17.8655
33.7848,-122.0475,10.5296
116.4573,-99.9946,8.5443
10.0621,-130.9020,11.1211
59.0959,-117.4626,9.8081
-87.2619,-158.3994,15.0656
-171.6842,-182.4587,17.9967
-86.9287,-159.3783,14.5544
31.1881,-126.4718,10.6252
67.4524,-116.6300,10.2393
12.7357,-132.7935,11.9610
-89.4340,-163.1868,14.4658
-186.0991,-191.5718,17.3328
85.0467,-113.8266,9.4436
88.0634,-113.4551,9.7329
-89.6553,-166.3874,15.2165
-87.6513,-165.8165,15.1569
88.2418,-114.2548,9.5509
189.0909,-84.5216,6.0479
-46.9161,-154.3316,13.8454
-90.3697,-167.6167,14.4324
-23.4218,-147.9656,13.9679
-22.8970,-148.1927,13.8275
17.8878,-136.0553,12.0185
87.8136,-116.0700,9.8028
-88.4877,-169.4327,14.2545
31.7870,-134.0136,11.4300
18.1206,-138.2823,12.5734
-30.8740,-153.2576,13.9254
-31.7484,-154.2262,14.2224
-48.7191,-159.8668,13.9607
139.3972,-102.1411,7.5146
23.4520,-139.2058,11.9722
16.7353,-141.3361,11.9481
-196.8990,-208.2428,18.7434
46.2246,-132.4851,11.3733
19.7619,-141.1180,11.4598
-152.9230,-195.1979,16.9401
38.8398,-135.5348,11.7968
-55.3314,-165.3981,13.9315
24.9732,-142.2503,10.9580
-140.4804,-196.5017,16.0283
-88.9634,-179.9842,16.0489
-102.2248,-184.3950,16.4265
-137.4452,-195.7976,16.1699
-41.8810,-165.0184,13.2174
-137.2592,-196.0269,16.2723
-117.9666,-189.8148,16.4153
-100.3263,-184.3012,16.1983
-145.4543,-199.2462,16.8396
-118.4966,-190.5490,17.3492
-125.8652,-193.4600,17.1596
-48.5921,-168.3595,13.3533
-57.1123,-171.1971,14.7629
-56.6354,-171.0677,14.7278
-104.9780,-187.2648,15.5293
-99.0373,-185.4928,15.3462
-120.1683,-192.9158,16.6056
36.7037,-143.4580,10.6389
-43.8874,-170.5356,13.2652
-182.7325,-219.2009,18.6269
-184.0817,-220.1789,19.0736
48.1183,-141.5561,11.5209
-145.5445,-207.8712,17.7061
47.3605,-142.1805,11.4156
38.9496,-145.5823,10.6201
37.3986,-146.3401,10.8803
46.6636,-143.4063,10.4704
-86.1311,-189.7217,15.5389
76.1413,-133.8816,9.5737
95.6549,-127.1472,9.9102
38.6244,-146.9374,11.4390
76.7242,-133.7588,9.9081
90.2185,-129.2503,10.2665
91.3247,-129.2826,9.9731
235.6449,-78.9953,5.0545
236.1286,-78.8612,5.1012
45.5245,-145.8512,11.6827
49.9065,-144.5301,11.5739
50.5499,-144.4864,11.5695
-162.6081,-219.5901,18.7832
53.0029,-143.7007,10.3783
-99.6638,-198.3509,16.2672
189.1830,-96.1929,6.3616
51.0343,-145.2331,11.0908
-169.7239,-223.8734,17.1140
91.0535,-131.2766,9.9372
37.4911,-151.1268,12.0633
-158.7066,-225.6097,18.4860
36.7932,-154.4753,11.9497
-95.0379,-202.8797,16.4179
-41.2420,-183.5414,13.8511
-97.6853,-205.3776,16.6448
-151.7457,-226.0888,18.4185
78.8552,-143.0040,10.6858
153.6607,-114.6455,7.9853
-92.3778,-208.2759,15.9170
-63.5707,-197.9169,14.7984
-137.4923,-226.5682,17.1024
-65.7848,-199.3483,14.0319
-147.7656,-231.1841,17.8678
-87.5261,-208.4209,16.1861
-89.0504,-209.0549,15.2902
-72.5798,-203.5993,14.1463
-62.3743,-199.8715,14.7219
-88.9802,-210.5759,15.0827
-92.0908,-211.7868,15.6898
-85.1184,-209.4563,15.6640
57.9545,-154.1811,10.6435
147.0687,-119.5459,8.3729
-58.1256,-200.0742,14.6197
-52.4229,-198.1547,15.1581
-33.0701,-190.6115,12.8429
-85.0997,-212.9189,14.8157
50.9184,-159.3403,10.6978
-93.9023,-218.5349,15.2093
54.5840,-161.8675,10.5077
37.8033,-168.8658,11.3610
-89.3628,-221.7907,15.5056
-74.2799,-216.2185,14.2830
62.7355,-160.0819,10.6101
-94.8452,-225.5405,17.0705
30.9735,-173.8948,10.9933
-79.0513,-219.6551,15.4810
153.3709,-123.2000,7.5313
-91.7345,-225.0565,16.7952
-127.5427,-240.4664,16.8605
-92.4151,-225.8514,16.9541
-97.0050,-228.0239,15.2620
-71.5916,-217.4308,15.1853
154.0613,-123.2989,7.5010
-76.1106,-219.4055,15.0758
-97.3834,-228.6914,16.1658
144.3843,-127.5824,7.8457
-85.9285,-223.9830,15.3779
32.9630,-174.5064,11.8015
-98.1465,-229.8989,16.9952
52.2346,-167.4219,10.7345
-98.3862,-232.1105,16.9893
-51.0453,-213.2232,15.2027
-95.2128,-232.4954,16.0189
-91.1035,-231.1441,16.8291
-91.8755,-232.3173,16.8552
-89.9097,-231.5893,16.6403
-86.1272,-231.9168,16.5484
-94.3627,-235.5590,17.0623
260.0058,-81.8242,4.1286
-93.9988,-237.2941,17.1689
66.7781,-166.9560,10.4090
-96.7315,-238.9758,16.9072
45.2820,-177.7151,11.2748
28.3078,-185.2659,12.6862
29.4687,-185.5557,11.9753
-84.8674,-238.2797,16.0214
-85.1889,-238.7472,16.1865
65.7049,-170.8323,10.5195
66.8118,-170.5983,10.6128
56.5263,-175.2809,11.3566
70.0138,-169.2044,10.7190
70.5014,-169.0940,10.2221
66.7926,-170.8178,10.5979
55.4327,-175.9754,10.6169
68.2051,-170.3718,10.1880
68.0135,-170.5604,10.1257
73.9804,-168.1139,10.2228
68.3066,-170.9195,10.3744
65.5723,-172.2008,10.5264
63.9876,-172.9620,10.1293
66.8479,-171.6695,10.8076
64.2171,-173.2788,10.1630
61.1997,-175.0378,10.5601
226.1376,-100.1501,5.6794
61.3918,-177.4232,11.2158
64.8182,-177.2930,11.4198
60.4845,-179.8509,11.6354
36.1952,-191.6516,11.5792
60.8028,-180.1136,11.2761
274.0855,-79.4897,3.8813
36.3883,-191.8919,11.7355
37.0647,-191.8483,12.1288
74.9312,-174.3698,11.0832
59.0720,-182.0979,11.7531
61.6782,-181.1990,10.4843
-62.1440,-240.5849,14.8237
273.7913,-80.2647,4.0702
63.7480,-180.7345,11.2660
63.6975,-181.8708,11.4283
73.3340,-177.5809,10.3802
67.7040,-180.2998,11.5735
81.9226,-173.6191,10.6193
93.8194,-168.0488,9.6483
97.0372,-167.5350,10.3807
26.7380,-201.9419,12.2889
-76.3266,-255.0910,15.2899
-7.3969,-221.5589,13.0669
24.8907,-205.8542,11.8916
29.9673,-203.3430,12.9819
-8.3865,-222.5806,12.9033
75.6420,-184.1768,10.4362
67.8125,-188.2632,10.8188
-2.5027,-226.6551,12.7479
-25.5638,-238.5344,14.6255
-53.9242,-253.8920,16.1106
80.1424,-184.9843,10.3554
-92.4951,-275.6240,15.9537
-92.0722,-275.8838,16.2340
-93.5735,-276.6691,16.3344
23.5895,-216.0263,13.2465
22.1259,-218.1911,12.2625
12.7877,-223.1649,12.2209
-0.1350,-230.4239,13.7864
6.8950,-227.0264,12.9783
25.5059,-217.2215,12.2199
-1.0330,-231.3413,14.2022
105.0436,-175.4803,10.2837
8.0249,-227.0539,12.8037
5.9017,-228.1805,12.8885
23.4934,-218.9897,13.3355
-24.2977,-244.6594,13.2344
8.4893,-227.2826,12.8979
28.7484,-216.6125,12.6525
8.3008,-227.8484,12.9150
14.1073,-225.6464,12.6521
28.2643,-219.1357,12.5477
54.2794,-206.1951,11.2003
-16.2688,-244.5170,13.9170
55.1812,-206.7003,12.0526
55.2630,-206.7280,12.0635
91.3439,-188.2474,10.8579
197.3416,-130.9422,6.4446
67.7537,-205.3410,11.0033
70.3394,-204.0159,11.8578
83.3969,-196.9190,11.1302
62.2707,-210.7299,11.0816
70.2921,-207.3060,11.7179
22.0183,-235.2994,12.3848
-30.3640,-265.3970,13.9162
66.4104,-210.5195,10.7417
110.4083,-186.1557,9.3533
43.6599,-225.0767,12.3539
46.0774,-223.8449,12.1631
-28.4987,-267.1906,14.5171
70.7877,-211.8050,10.7898
48.3310,-225.0773,11.6093
67.9967,-215.2798,11.4720
48.6446,-227.1710,12.5393
120.8874,-187.1499,9.1376
222.7168,-126.4504,5.5307
218.7426,-129.2666,5.9276
65.2320,-223.6113,12.1817
14.3170,-257.5476,12.7328
-24.2067,-287.2847,15.1581
61.3701,-235.3944,12.6432
25.7631,-260.0417,14.0394
63.7735,-236.3863,11.4207
11.1440,-273.0946,13.9100
188.0761,-157.3662,7.4190
31.7620,-260.8530,12.8707
188.5913,-157.4293,7.6098
243.9031,-120.8654,5.5374
183.7577,-160.8506,7.2097
185.6939,-159.8197,7.3453
174.5838,-167.4124,7.8345
190.2666,-157.0045,7.1440
184.1459,-161.7306,7.0392
186.7979,-160.2115,7.2840
187.0437,-160.7583,7.2384
181.3055,-164.9565,7.5776
77.2419,-235.4393,12.1933
184.9684,-163.1103,7.1230
180.2462,-166.3236,7.1012
78.9586,-235.2078,12.0500
181.4803,-165.8015,7.6351
183.5057,-164.6918,7.1489
99.2113,-222.4976,10.6336
187.6213,-162.3285,7.6782
96.3628,-224.7381,10.1081
197.2249,-156.0650,7.1006
186.4386,-163.8164,6.9643
188.2609,-162.6176,7.8698
76.7724,-239.2222,11.3075
75.5406,-240.0839,10.7581
187.8837,-162.9588,7.2013
77.3080,-239.1151,10.9500
77.3336,-239.1977,11.6808
140.0958,-197.6908,9.7395
142.9201,-195.8904,9.6972
78.2896,-240.8918,12.1276
18.4424,-284.7692,13.8471
95.0831,-231.8364,10.6887
95.2925,-231.7392,11.5306
74.2160,-246.8378,12.3913
72.8402,-248.1705,12.5408
18.3062,-286.8327,13.2050
150.7500,-195.0121,9.2219
71.2726,-253.1443,12.3547
71.7204,-254.2996,11.1440
78.3551,-254.3752,10.9565
142.8217,-207.0007,8.8480
76.0988,-256.6212,11.5476
74.7237,-258.1520,12.5945
72.7348,-260.1443,11.8271
72.6546,-260.7953,12.1013
74.4414,-262.6537,11.4851
71.6944,-264.8367,11.3683
216.2177,-155.7488,6.3374
205.7824,-165.8001,6.5760
110.7701,-247.2148,11.1481
208.3114,-170.0384,7.4652
96.1195,-267.0255,12.0132
97.2457,-268.1858,11.9956
92.9391,-274.3272,10.9378
95.0880,-272.6658,10.9063
97.4815,-274.3655,12.0680
118.7874,-256.8591,10.5248
156.1769,-231.8990,9.0158
156.0891,-236.5215,9.8201
241.6693,-159.4099,5.9065
156.7874,-237.6583,10.1980
218.5532,181.3471,9.9014
174.8463,227.4734,11.3242
174.8445,225.3934,11.0940
173.5434,226.7730,11.6430
172.3799,227.4679,11.8482
171.2550,227.2709,11.0182
169.1927,227.3934,12.3703
158.9967,236.3882,11.4662
159.9562,235.0356,12.4336
154.4926,240.5303,11.9055
154.9535,239.8740,12.6772
152.9859,241.9846,13.1511
155.4333,237.4240,12.1917
151.7427,241.4365,12.9635
151.5783,241.3294,13.2020
207.7553,175.1362,9.9882
209.5979,171.3216,9.1203
259.1549,115.2885,6.9102
201.4705,178.9422,9.2281
183.3865,196.0073,10.0649
116.9778,266.6813,13.1147
164.4045,214.1569,11.5875
113.1505,266.6537,13.5251
156.4638,219.0985,11.8285
163.5981,211.3063,10.9170
164.2351,202.2970,10.9366
162.0328,202.2802,11.3179
105.2301,256.5054,13.6095
208.5060,152.3319,9.0160
211.8562,147.2427,8.9425
206.4899,152.0384,9.1691
201.5438,156.8417,9.4964
206.1526,151.8247,8.8301
202.5321,154.9830,9.1901
158.6845,196.3382,11.2007
203.8768,149.9996,9.0597
219.6983,133.3000,8.2292
221.9104,131.0505,8.0451
78.8323,266.9653,15.4732
78.2741,267.2315,15.4218
53.9596,285.5441,16.3473
203.5645,144.3592,8.7454
203.7887,143.1551,8.7513
59.9501,275.5191,16.0579
56.6272,276.1819,15.7187
57.1758,275.3339,14.6303
130.8587,207.7004,11.4843
207.1701,137.4558,8.5821
203.8220,139.8287,8.7136
192.2492,149.0670,8.7449
202.4536,138.8796,8.5539
35.9967,285.7494,16.0000
55.0939,268.3913,16.1574
60.8298,256.3308,14.8994
61.3176,252.0816,14.6892
85.6100,230.3412,13.9141
85.3804,230.2067,14.1630
85.1893,228.0976,14.5690
90.3176,222.6097,13.3087
90.9464,222.0212,13.0558
59.0280,246.5947,15.1231
72.8064,232.8623,13.9497
65.4631,238.8313,14.6345
87.0699,220.9979,13.4939
65.6531,237.2112,14.9076
192.0003,133.6248,9.3262
141.6039,173.6532,10.9773
68.9602,232.3768,14.3473
205.5345,121.2240,8.1765
260.8742,75.9609,6.0111
141.8023,170.6537,10.3771
138.1426,173.3203,10.6313
163.0886,152.0572,9.5206
210.5781,113.8076,7.3851
182.1771,135.6067,9.2512
81.8341,214.5186,13.8784
210.3370,112.3143,7.4440
64.9284,225.6499,15.1251
65.3193,225.0891,13.6515
52.8489,234.5875,15.5232
182.1492,132.2002,8.9239
205.0055,112.8962,7.6200
258.4370,71.9991,5.6355
57.5701,224.3905,13.8453
89.1329,199.4505,12.9928
258.4901,71.0790,5.5956
-22.7366,282.9912,17.0780
-24.6840,283.9544,18.6083
25.3605,246.0138,16.3361
215.6869,101.3486,7.7130
162.4683,140.8843,9.4107
48.0326,222.6404,15.5544
44.9153,224.7185,15.6131
-29.2591,277.3103,19.0135
49.1456,219.3952,14.5750
14.5066,243.3101,15.8060
43.4816,221.5411,14.4111
44.8467,220.5193,14.3887
45.3461,219.3439,15.1830
62.7553,205.1950,13.0429
127.7550,158.2848,11.4623
42.4837,218.2388,14.7090
36.2990,222.5536,15.0599
43.0778,217.6169,14.5893
40.4547,219.1556,14.6196
11.6908,238.7278,16.6550
11.6047,237.6521,16.1896
38.6504,217.8876,14.5002
41.7030,214.9743,13.8512
37.6077,217.8082,14.3145
88.8089,181.5140,13.2500
34.8505,218.5267,14.1214
32.6138,220.0236,14.7175
59.8156,200.8636,14.5643
255.7083,64.7557,5.2961
164.3560,127.2831,8.8733
24.6418,223.2144,15.1181
27.7825,220.9386,16.0589
29.0288,219.9267,14.3693
31.3262,217.9948,15.5452
28.2588,219.8860,15.5519
30.1867,218.5124,15.3063
33.0648,216.4864,15.7388
20.3185,225.0521,15.0186
25.3964,221.3126,15.6048
25.6347,221.0348,15.9524
163.9516,126.4227,9.8038
30.4195,217.6821,15.3250
151.6633,134.7058,9.4480
32.7021,215.9887,15.6052
31.3082,216.9258,15.7406
33.3629,215.4087,15.2729
9.8170,231.1644,15.3380
-26.6455,255.9204,18.0922
27.6878,218.6328,15.4824
3.3791,234.8298,16.1212
20.7105,221.9798,15.1764
7.0215,230.9874,15.0485
39.0369,209.3133,15.2840
14.9051,225.3792,14.7883
31.1103,214.2435,15.5750
32.3202,213.2668,15.8220
35.0555,211.2620,15.6513
8.0104,229.4705,15.0356
31.1031,213.7272,15.1801
36.8155,209.8737,15.4562
10.3373,227.7105,15.3499
3.3129,232.0032,16.4430
33.5599,211.3648,15.1882
62.9667,190.4528,14.4580
4.6027,228.5773,16.0549
154.2139,128.0531,10.0013
10.6741,222.8679,15.8730
12.3906,221.7022,16.0148
4.1803,227.0518,16.7464
28.6200,209.9468,14.4854
57.4105,190.5656,14.2355
13.6098,219.0949,15.3865
9.5425,221.5258,15.8271
11.1912,219.8474,15.1112
-3.7915,229.2921,15.2849
-4.7006,229.2972,16.0310
-0.1559,225.7058,16.6776
1.8564,224.3319,15.9691
0.8865,224.8462,16.4259
255.8938,59.0253,5.5137
5.5372,221.4808,16.6511
0.5633,224.6066,16.2314
-2.4038,226.4476,16.6615
2.3252,223.1201,15.7956
-2.2268,224.7549,16.5992
-1.4320,223.6589,16.0919
-13.6730,231.3246,16.8203
8.8282,216.3692,16.6399
8.7620,216.3672,16.0737
117.1667,146.5758,11.4117
-76.4225,270.0278,18.2264
-70.8008,264.1912,19.2045
40.6873,190.8629,15.0895
2.1379,214.2403,15.6374
23.3663,200.3392,14.8878
2.4463,213.2044,15.1032
105.2118,149.2248,12.0160
2.4408,210.3281,15.6648
-0.7302,210.1889,14.8961
53.3035,176.4272,14.2765
54.5474,175.5319,13.9620
26.8861,191.5678,14.6581
146.6322,118.9510,9.8801
115.6123,136.7678,11.3847
117.6645,135.4283,11.1274
114.1759,137.2501,11.0968
49.6322,174.6970,12.9675
21.1749,187.7849,15.1473
-113.8815,266.4527,19.7190
-44.2639,225.0499,18.0185
-47.0653,225.7166,17.4186
81.3779,150.5107,12.3566
81.8877,148.0752,11.6827
-7.1751,198.4430,15.2178
0.4158,190.9285,16.1074
-117.2800,255.3562,19.6430
-114.7037,252.0378,19.4007
121.7534,120.1844,11.2020
132.9532,113.9508,9.9298
-119.8164,252.7627,19.5311
-126.5505,256.2090,19.5991
-111.3703,245.5460,18.6376
-28.7467,197.5262,16.7964
6.6933,177.1944,14.2431
-113.0262,239.2947,19.8043
6.7345,175.0110,15.6159
1.6934,174.5644,15.5501
2.9053,173.8369,14.5939
3.8929,173.2650,15.7128
135.1614,100.2222,10.2948
-106.0906,221.1094,19.1417
-116.8610,225.1671,19.9270
-31.2561,179.4715,15.2722
-110.1487,218.1851,19.7818
-30.6395,178.2954,16.1540
-29.1202,177.1915,16.1627
100.2755,113.4203,10.7990
100.5622,113.1692,10.6488
-105.7456,213.2696,19.2344
174.2211,76.4954,8.3006
174.3163,76.3787,8.1109
96.8057,113.5875,10.7218
-45.4760,181.9047,17.7540
-56.2773,186.1117,17.4421
-84.5486,199.5085,17.9404
199.1204,63.7615,7.7196
-104.3958,208.9341,18.1683
-113.3486,213.2111,18.3033
-106.7524,210.0395,18.5971
-99.8716,206.4815,18.4438
-109.7658,211.1683,18.6460
-114.1871,213.1501,18.5178
-108.8117,210.5669,18.4299
-101.7798,207.1496,17.9794
-111.7280,211.1207,19.1680
91.0905,114.6162,10.8969
-57.6877,185.2903,18.0735
91.4073,114.3138,11.4997
94.4349,112.7931,10.7406
-66.1529,188.7886,16.7337
90.2995,114.2946,10.9837
-12.9056,163.0596,15.6118
-125.4194,215.7231,19.6514
-22.4599,166.5640,16.2666
-13.5790,162.1167,16.0237
-27.6476,168.4072,16.7261
-27.0214,167.9751,16.7850
68.4719,123.1907,12.4287
168.6567,76.2205,7.9705
-12.6597,161.0683,16.1874
-60.8868,183.5899,17.0006
-63.1288,184.6293,17.0593
94.8649,110.5529,11.9450
-130.7881,215.8915,19.8673
-129.4131,215.1324,19.7291
-130.2875,215.4319,19.7752
92.0262,111.5398,10.7090
-26.8480,166.9651,16.5629
-94.7683,198.2084,17.4948
-93.0004,197.3703,17.6945
-98.1913,199.5360,17.6055
-93.0853,196.6110,17.5086
86.0526,112.9409,12.0723
-47.1665,174.4815,15.8996
111.2758,100.8337,10.8583
-134.5729,213.2947,19.2250
80.8492,114.3259,11.0326
85.2501,112.2895,10.9255
84.8915,112.4245,12.1553
83.7738,112.7921,11.6771
-134.9679,212.9502,19.4851
87.6480,110.7816,10.9965
93.5496,107.2182,11.6716
86.4241,110.4115,11.0171
80.6280,112.9915,12.4773
206.3911,55.8215,6.9026
147.7348,82.1189,8.6456
90.6235,107.8441,11.9146
56.9022,122.5414,12.0080
90.2862,107.1073,11.1797
87.4831,108.2967,11.5614
-64.7055,176.0808,17.5882
92.0797,105.8090,11.1192
55.6384,121.9953,12.8865
-108.5247,195.1821,18.2427
-57.2997,172.1513,16.5740
130.3512,88.3886,9.8054
94.9779,104.0911,11.7555
56.2269,121.3021,12.9636
-159.1518,215.3388,19.7851
128.5656,87.6318,10.0815
54.9546,119.9724,11.9358
-110.4493,190.8588,19.1975
103.3045,97.3547,10.8284
-104.5008,187.5793,19.7456
-20.1843,150.6523,16.0205
-69.3902,171.8412,17.0742
-10.8243,145.1582,14.4890
126.1442,86.1153,10.2116
-6.9189,143.1706,14.4093
120.8088,88.2266,10.7150
125.0603,86.0691,10.3351
120.7782,87.6326,10.6152
-8.8692,141.8984,14.5184
-131.4162,192.7187,19.1660
-127.9420,190.8402,19.2275
-11.6307,141.7485,14.2640
10.1534,132.3784,15.0297
-21.1557,144.3008,15.3388
-12.3128,140.5922,14.6680
219.0051,43.7572,6.1376
216.5370,44.7774,6.1893
-64.7069,160.4645,17.4125
-133.7912,188.9635,19.5264
-169.1342,203.0097,19.8765
-62.5379,158.5638,16.6198
177.2851,59.5548,7.5395
-128.3256,183.6910,19.8405
-25.6834,141.0869,14.8632
-24.8651,140.6654,14.9463
-28.1618,141.9167,15.1662
-19.2650,138.3027,15.2897
-22.6930,138.4676,14.4881
-69.6075,156.5938,17.5574
-171.5213,196.6806,19.7535
-69.7768,155.8654,16.6229
-115.8791,173.9093,19.3116
-120.7599,175.8366,18.4883
-169.3173,193.2681,19.8616
84.8951,92.8283,11.2456
-112.3428,170.2769,17.6413
-59.2459,149.3314,17.5220
105.3381,84.5009,10.9897
-28.4572,135.8875,16.1777
-26.8324,134.7125,16.3629
86.3732,89.5747,11.7243
-156.2319,182.4661,19.2526
85.4006,89.5394,11.6352
82.9172,90.4603,11.7331
80.2975,91.3159,11.7963
81.0003,90.8265,11.8710
-20.3244,129.5194,15.2221
27.2389,110.7104,12.7513
-19.0270,128.1864,15.0621
28.8846,109.9689,12.6723
-17.5068,127.4554,15.6435
-29.1235,131.4168,16.2064
80.3437,89.4881,11.8205
76.1794,90.9900,12.0557
79.1500,89.8253,11.6396
78.8268,89.9432,12.0143
-103.2773,157.2309,18.0721
4.9617,115.9895,13.5310
77.2976,88.8209,11.6004
80.1712,87.3456,10.9776
-63.6904,140.4965,17.7842
-63.9173,140.5300,17.0960
-95.4440,151.6429,18.1924
-94.9097,151.4386,18.2295
-93.6634,150.8353,18.6655
37.2017,102.3708,13.1267
33.4968,103.6785,13.2621
35.7732,102.8304,12.5076
-93.8132,149.4844,17.7494
-92.5816,148.8601,17.6550
219.8440,34.8271,5.9223
-96.2892,149.9570,17.9087
-91.7858,148.2246,17.6402
-90.1553,146.4082,18.4704
-73.9501,140.1164,16.1485
-89.4560,145.3483,16.6118
19.1596,105.8277,13.8333
79.0391,84.1034,11.1934
-63.4648,134.9632,16.1020
-18.6699,118.8041,14.2366
-78.8711,139.5194,16.3537
-64.6252,134.3526,16.7051
-140.4724,161.0581,19.9328
-84.5098,140.9736,17.3646
-158.1909,166.8618,19.6193
-39.4464,124.1698,15.1398
46.5230,93.7465,13.1555
46.3098,93.8204,13.0785
51.2467,91.6950,13.0444
52.0076,91.0889,12.2576
62.1438,86.7286,11.8206
-103.4437,144.1861,18.1036
-102.6920,143.7215,17.7527
66.0327,84.9536,11.4213
64.0439,85.6097,12.0306
38.0700,94.3448,13.4104
124.5899,63.0501,9.7735
104.4689,69.5079,10.6115
-159.7570,158.8193,19.4787
-111.5520,142.4355,18.1676
-74.2635,129.8214,17.8443
-146.4591,153.3649,18.5762
-149.3067,154.3034,18.6701
-162.8184,158.3822,19.8544
-140.6959,150.5420,18.5646
-157.9720,155.3961,19.0685
-85.9762,131.2782,16.5788
-81.7497,129.8216,16.4243
-60.6040,122.0298,15.8336
-62.3921,122.5607,15.4969
-59.6934,121.4849,15.6962
-161.4954,154.7006,19.6486
-76.5451,126.0169,16.8128
-62.6554,121.2301,15.8141
92.4961,70.2811,10.8367
122.9362,60.2971,10.0871
125.5988,59.4048,9.9573
125.3135,59.4557,9.9491
-116.9089,138.4051,17.4915
-166.9656,154.5053,19.9840
-15.9349,104.0307,14.9867
-19.6395,105.1324,14.1883
-72.5705,122.0799,17.2599
-17.6591,103.4305,14.2762
-72.1307,120.7254,16.8901
-136.4525,140.8465,18.4435
-137.6162,140.5879,18.7414
-7.8917,98.7390,15.2703
-127.1099,134.9300,18.1172
-144.0585,139.4078,18.2728
-142.9627,139.0204,18.1736
-129.2812,134.5377,19.5900
-127.0213,133.6078,18.9239
24.4882,86.4796,13.2099
20.8955,87.3812,12.5682
-50.2783,108.5399,16.1377
-60.0828,110.4682,16.6014
-127.1211,130.7592,18.0678
-59.0772,109.4511,16.0841
-161.6125,140.0333,19.3556
224.1306,23.0726,5.5794
219.3081,24.4590,5.7704
219.2500,24.4112,5.7971
93.3390,62.1637,11.0059
222.5292,23.1565,5.7370
217.9703,24.4059,6.3749
93.6486,61.1962,10.5568
-140.1545,130.3413,19.8928
-125.8427,125.6460,19.7975
219.3676,22.8740,5.9823
-142.8861,128.1461,19.8888
-187.4316,140.8545,19.7292
-65.8830,105.0085,15.6628
-26.8824,93.3274,14.2489
-143.5132,126.7663,19.7793
-123.0515,119.9967,18.5122
43.7820,72.0690,12.9877
-52.1394,97.9607,15.3021
-121.2172,117.2899,18.9123
-122.3639,117.0090,18.8670
-55.9616,98.3220,16.1099
-120.9727,116.3953,19.1462
-124.9875,117.4449,17.9812
-122.4369,116.7171,18.7742
-68.5470,100.7466,16.6900
-54.7186,95.1220,15.8467
-56.9788,95.3979,16.8754
-120.0010,112.6116,18.4342
-121.4704,112.5499,18.7310
213.8947,20.9960,5.8926
219.9998,19.3168,5.7187
-68.5605,95.3920,16.6434
-55.5910,91.8424,16.4483
219.0922,18.4590,6.4191
-57.6899,89.4174,16.6585
-54.4645,87.3938,14.9765
-69.7018,90.9758,15.8473
58.4227,58.0390,12.2078
2.2445,71.0445,14.0614
-113.3059,100.2163,17.1240
-48.9691,83.4340,16.2915
-69.3455,88.3943,15.7934
-35.4579,78.0034,14.8207
-63.7692,84.9348,16.8371
-33.9809,76.9896,14.8919
-65.0004,84.2833,17.1274
-59.2981,82.8754,16.7275
2.0911,67.7751,13.0338
-82.4699,88.1512,17.4219
-71.8596,85.5300,15.6858
-88.5241,89.4996,17.8335
-86.4323,88.9093,16.4529
-68.9178,84.6186,17.0549
-66.2433,83.9197,16.7175
-118.8460,96.4275,17.2282
-86.2584,88.4726,17.5881
-88.5475,88.8308,17.5065
-34.8638,75.7022,15.0078
4.2319,66.2466,14.4767
90.6269,45.2100,11.2504
99.6884,42.9855,10.8078
-106.0947,92.4483,17.7258
-107.4888,92.7681,17.7247
-91.9731,88.9944,17.4349
-89.4730,88.1677,17.5209
99.8712,42.6720,10.5475
2.6599,65.8823,13.5429
-76.9924,84.8975,16.7706
90.9773,44.6902,10.2062
-95.9070,89.3285,17.1971
-77.3059,84.7316,16.3837
-80.6795,85.5206,17.3238
-83.4965,86.0493,16.9535
-83.1783,85.9201,17.3319
-95.5755,88.8436,17.8396
-92.8889,88.1815,16.9917
-92.9782,88.0222,17.6929
-86.5173,86.4026,17.0718
-76.1871,83.9279,16.0420
-97.7560,89.0440,17.7689
-95.9451,88.5685,17.9666
-96.1735,88.2167,17.8155
-93.4976,87.2255,17.5559
-74.0949,81.6660,15.5268
6.2988,62.8049,13.3361
4.4273,62.9289,13.3367
204.5821,16.2024,6.7325
-62.7415,78.1624,15.9452
205.6102,15.8352,6.5447
205.7346,15.7728,6.6546
120.1904,35.4495,9.1687
0.7241,62.8040,13.9003
97.6887,40.4301,10.4307
-59.2267,76.4960,15.5972
-1.8383,63.2149,14.5125
-117.6577,89.6861,17.5176
-55.1243,75.2348,15.3829
-87.8437,82.5948,16.5723
204.2618,15.5499,6.1408
4.8016,60.6075,13.2643
-183.6729,102.7191,19.3613
137.3107,30.2569,9.1954
98.8500,38.7932,10.8579
-85.3255,80.1633,15.8692
-83.2024,78.7753,16.0415
-78.7641,77.7000,15.8407
-110.8501,84.5826,17.4121
107.4368,35.9319,10.1375
53.5142,47.3956,11.9728
-118.7765,85.2829,17.5215
53.8747,46.7430,11.3820
-86.2036,76.6278,16.7283
-89.4410,77.2022,16.2577
105.8404,34.7169,10.3523
-47.7135,67.8321,15.7986
106.2542,33.9932,10.5702
261.3221,0.6870,4.7612
-42.3896,64.8127,15.3052
-105.0270,77.9429,18.6055
-106.7946,77.7993,16.9533
80.2266,38.4428,11.4691
51.0938,44.0040,11.6106
72.6577,39.3695,10.6074
79.3405,37.7127,10.9356
76.3962,38.3142,10.7936
35.6629,46.0644,13.1838
20.4557,48.4968,13.1297
53.8369,41.3658,12.2776
21.7385,47.8500,12.8884
-143.5187,79.0156,17.9943
-108.2595,72.0057,17.1454
46.5178,41.0860,12.0185
-76.2502,65.0240,15.5892
-107.9701,70.9513,17.4670
-74.8042,64.1277,17.1726
-42.8946,57.0129,14.6119
-45.4555,57.0516,14.9662
-203.5324,86.9005,19.7236
-42.8702,55.6714,14.6963
52.8389,36.0097,12.2495
-77.4450,59.9445,15.4946
109.7482,25.1709,9.9910
56.1174,34.8771,11.8004
53.2272,35.3870,11.9081
-108.6221,64.9581,18.3256
-202.2612,81.8372,19.9572
45.4070,36.2873,12.2656
57.2935,33.9653,11.2935
-128.4615,66.9736,17.6412
45.4382,35.3078,12.5109
55.5988,31.4734,11.9888
54.2966,31.4042,12.0337
31.2498,35.1518,13.3517
-23.6285,43.7881,15.2725
-98.7231,55.6196,16.9392
-98.5353,55.1037,17.7511
-195.5381,70.9527,19.5929
-193.0099,68.1791,19.4484
58.8284,26.5220,11.6038
60.0108,25.3090,11.4146
109.3516,16.3543,9.9781
-80.3300,44.7901,17.3388
109.4418,15.9866,10.3930
-78.3817,44.2647,16.9361
-71.3098,42.9779,16.3188
-170.5150,57.6251,19.1922
-3.8163,32.2768,14.3221
288.7205,-11.4272,3.4428
-81.0860,43.5612,16.9419
-70.5697,41.9619,16.6289
-73.4791,41.7741,16.7051
-70.8087,41.3626,17.1456
-3.8863,31.2682,13.0266
-8.5582,31.9275,13.4113
-14.4845,32.7470,13.5962
-46.6809,37.3622,15.5784
-77.9016,41.9209,17.1683
-78.6172,41.9806,17.2219
-76.0928,41.5487,16.2348
-4.1929,30.9562,13.1006
-79.6522,41.3595,17.4604
-6.7537,30.1709,14.1768
43.7795,22.8235,12.6572
171.7700,3.6306,7.9376
-153.8697,47.8844,18.3714
-5.0991,27.3271,14.0815
182.3724,1.6250,7.2676
-114.7355,41.7848,17.6839
-115.8606,41.9119,17.6983
-116.0417,41.9148,17.6918
-102.0026,39.7774,17.8741
-100.7417,39.5256,17.0906
-65.2445,34.7429,15.1991
-204.6699,53.3217,19.6927
49.0044,18.8644,11.2663
50.3393,18.6803,11.5814
53.2115,18.2953,11.9489
-105.3448,39.2438,18.2709
-53.1397,32.2262,15.8081
181.2471,1.1060,7.6216
-57.8649,32.6642,15.9845
-52.3504,31.9335,14.8812
-56.8085,32.3223,15.3591
-49.1248,31.1749,15.8019
-5.5773,25.4233,13.5291
-105.5907,38.1718,17.2814
59.8051,16.3702,11.0414
-56.1857,31.2291,15.5954
47.3114,17.3485,11.6446
47.8283,17.2742,12.5509
47.9058,17.1338,12.6300
44.1016,17.1570,12.6282
52.9378,15.9081,12.2381
50.5418,16.1227,11.9646
47.5974,16.0955,11.4557
49.3217,15.6714,12.0483
-88.8044,32.7420,16.4001
-89.5760,32.6567,16.7667
-186.3787,44.4816,19.2396
-89.7967,32.5737,16.1025
-86.7914,31.9351,16.9409
-86.6655,31.7341,16.8631
-118.2012,35.5782,16.7585
-48.4847,27.0030,14.6459
49.7795,14.5057,11.2421
-33.7132,24.4000,14.1648
-62.8772,27.8877,16.4942
-35.0135,24.4858,14.5603
-60.7674,27.4787,16.3107
-66.9531,27.8317,16.8753
-198.7743,43.4727,19.4390
-87.8776,30.1041,17.1226
-54.5185,25.9686,16.1245
-64.5085,26.9318,15.7748
46.7642,13.0407,11.3058
-91.3131,28.7005,16.0260
-90.5073,28.0153,17.6810
-196.8252,39.2108,19.6099
-35.1397,20.8687,15.0975
51.0372,10.3816,11.8625
51.7788,9.3372,12.3103
-41.6557,18.3845,15.9530
50.8562,8.3168,11.3227
-71.6324,15.8366,15.8696
-126.3869,20.6285,18.6748
-118.3642,19.6867,18.4158
117.0290,-2.2066,9.5174
-38.6800,11.5440,15.7999
-68.3042,14.0178,16.3955
-68.4348,13.8212,16.3864
47.7232,3.6129,12.4061
-191.9040,24.0687,19.2981
46.5359,3.2574,11.3059
-38.5215,10.3571,15.6043
-190.8187,23.3324,19.5980
43.1014,3.2714,11.9397
-65.8236,12.2081,16.0442
-65.4603,11.8772,16.4108
49.3367,2.0759,11.7791
48.7890,1.7088,11.8264
-75.4090,10.8927,16.4990
-118.3178,13.9567,18.0409
-188.6583,19.1798,18.9454
-188.0313,19.0387,18.8976
-118.1176,13.5470,18.3064
41.7226,0.6941,12.3228
-77.7286,9.7986,15.3985
-189.5491,17.7058,19.5004
41.6732,-0.7348,11.9067
45.4106,-1.2391,11.9749
44.3310,-1.2203,11.9951
46.0000,-1.3523,12.1215
44.7608,-1.5994,12.0119
-78.6705,7.0973,15.8226
-78.1038,6.9398,16.6743
47.5732,-2.0514,11.3596
-105.2138,8.7001,16.9972
157.4115,-10.0281,8.5101
157.3304,-10.5020,8.1246
41.5390,-4.8107,12.8416
-104.2979,1.8581,17.7817
-103.9843,1.7627,17.6115
-106.3420,0.7171,17.3803
43.1922,-7.8190,11.8768
-103.8961,-0.1601,17.6462
-105.8155,-0.4322,16.8811
-99.6748,-1.2467,17.4644
-44.4734,-4.1247,14.7121
43.2353,-8.6153,12.2545
-44.2574,-4.1719,14.7427
-105.7871,-1.0933,16.5243
-113.7029,-2.8653,16.6100
-114.6442,-3.4120,18.1510
-112.2002,-3.6923,16.7011
-110.2134,-3.8010,16.6354
39.7674,-10.6664,12.5445
-114.5862,-3.8893,18.1945
53.1426,-12.6480,12.2785
-21.0814,-10.5911,13.7258
36.0492,-13.5437,12.3224
85.2130,-19.0684,10.9730
32.3808,-18.2397,11.6391
34.3182,-18.7197,12.2694
-72.1183,-17.1384,15.6797
-49.5814,-20.8096,14.7642
36.2494,-22.8543,12.1315
85.0353,-24.0219,10.6755
-55.2489,-23.3337,16.0545
176.8963,-25.2728,7.0067
-200.5668,-24.1730,19.8751
61.9913,-25.3626,10.9346
40.0378,-25.3558,11.5415
88.2265,-27.8102,10.7748
35.6420,-28.1145,11.6118
34.7536,-28.3968,12.8841
176.3270,-27.6156,7.3276
90.7937,-28.3718,9.8355
38.4727,-29.1653,12.4987
32.5570,-29.8405,13.0384
-133.1616,-33.9098,18.1155
44.2609,-31.2760,12.6968
90.1341,-32.4214,10.8529
-134.9273,-37.3384,18.4808
19.5139,-34.6900,12.9080
40.9830,-36.7402,11.6680
-114.9170,-42.4398,17.2572
-120.0478,-43.2786,18.6285
-114.1490,-43.3399,16.5621
-133.7665,-44.9788,17.3170
35.1618,-38.9555,12.4446
32.7459,-39.3451,12.8008
34.2106,-39.4553,12.1543
32.3356,-39.5745,12.9471
-124.5904,-45.6239,18.8433
15.2754,-40.3966,12.8591
35.8888,-39.8996,12.6816
90.6839,-38.2930,10.2712
-114.2590,-46.8930,17.2677
31.0384,-40.8934,12.5306
30.8647,-41.6213,12.0498
-127.9913,-51.0050,17.0438
-127.7691,-51.7659,17.2326
19.9915,-46.9195,12.1299
-114.5949,-55.6047,18.5209
-114.9693,-56.3059,17.7796
29.6653,-47.6878,12.4905
63.3304,-45.9412,11.3296
30.2200,-48.0066,12.7431
30.6833,-48.7010,12.1737
-67.4672,-55.6317,15.1940
40.7946,-50.0004,12.5433
37.4859,-50.2829,12.6916
-108.2791,-60.3663,17.4214
-136.0885,-62.6468,17.6860
49.3524,-50.7319,11.3589
39.2697,-51.6961,11.6406
-199.4130,-69.6219,19.9771
-67.5929,-60.9242,16.6915
-199.5687,-71.1002,19.8093
-181.4258,-69.7247,19.3344
-151.0456,-67.9417,19.8485
166.3651,-43.5798,7.3695
-145.2859,-68.5664,18.4491
-151.4586,-69.1677,18.5839
-149.0842,-69.0062,18.5651
-152.9667,-69.6093,18.5459
-153.9125,-69.9467,18.1824
14.1212,-58.4065,13.6313
14.8481,-59.0145,13.6177
-137.3383,-74.1102,17.7333
-0.5274,-62.9786,14.4408
-128.1044,-75.9861,17.0311
33.2311,-60.4433,11.9221
-125.8818,-76.1003,18.7205
-112.3463,-75.1489,17.9250
-26.9757,-66.8970,13.9063
-188.1161,-83.6902,19.3594
42.1074,-61.9867,11.4434
-180.2933,-85.2953,19.2557
282.9352,-37.3167,3.4586
27.4944,-65.9765,12.9941
-13.0155,-73.7081,14.0306
-14.4574,-74.2035,14.2004
35.0816,-68.7523,11.8757
-32.0029,-77.1115,14.0947
-32.6717,-77.2069,14.3032
-22.2298,-76.5888,14.7435
-74.6315,-91.1619,16.6338
-6.0702,-82.1645,13.5780
23.9276,-77.9655,13.5416
21.0344,-79.3151,12.5399
18.8437,-80.1620,12.6260
18.8848,-80.6161,12.8356
24.9891,-79.7231,12.0338
19.6892,-80.5873,12.1706
30.1202,-79.1131,12.7503
45.3569,-76.8504,11.5798
46.6083,-76.7423,11.2921
40.0221,-78.4577,12.8962
8.0968,-83.7435,12.8454
-39.1784,-90.9777,14.3940
41.3093,-78.9245,11.8742
16.0438,-83.0192,12.7573
25.3438,-81.6984,12.2244
28.3667,-81.3772,13.3108
28.6752,-81.3497,12.3636
26.6639,-81.8447,11.9790
37.6323,-80.3568,11.6286
31.6620,-81.3695,11.8683
26.5649,-82.1836,12.2407
37.2683,-80.8249,11.6588
26.0627,-82.9103,12.4248
19.3187,-84.2792,13.2950
-77.3600,-100.7293,16.8810
-137.8369,-111.5000,17.4514
38.2454,-83.1826,11.5903
-77.6321,-102.3137,17.0830
44.8597,-82.6750,11.7968
-0.4456,-90.6533,14.5201
-80.6210,-104.2332,15.5454
188.0635,-60.5301,6.8885
1.8976,-93.5979,14.3043
42.8583,-86.5232,12.3407
25.2773,-89.6728,12.9574
29.7467,-88.9231,13.2830
24.3956,-90.1282,12.7715
-37.3108,-102.0109,15.7183
-122.8265,-117.5999,17.8860
-166.0540,-127.1034,18.6044
-29.4740,-102.4016,15.1289
-34.3381,-104.0935,14.2736
-35.4459,-105.4962,14.6960
9.6969,-97.1261,13.5292
18.4313,-97.8353,12.7388
-18.6241,-106.5149,14.6130
8.1311,-101.3451,12.8037
9.7661,-101.4459,12.6567
-183.8071,-140.9063,19.2908
179.7809,-67.9684,7.2915
-93.7617,-123.4326,17.9011
-109.8324,-127.3912,18.6249
-99.0259,-127.8845,17.0855
-76.8993,-124.1908,17.2813
-77.5413,-125.2558,15.6505
-41.3918,-118.1447,15.1003
-74.2610,-125.2682,17.1284
-21.0766,-113.8501,14.1364
-74.7423,-125.7918,16.5594
-79.7254,-127.0537,17.1851
-70.5962,-125.1202,17.3677
-80.8136,-127.5289,15.8813
-67.4632,-124.7898,16.8325
-81.3225,-127.8865,16.0634
-76.8766,-127.4113,15.9311
-80.1996,-128.1864,16.7827
-165.9703,-147.0872,19.5262
-76.5884,-127.8460,16.5178
-82.2198,-129.2995,16.0320
-79.4336,-128.6987,17.1545
-37.9258,-120.0384,15.7552
176.0441,-75.1627,7.6565
79.6204,-98.2015,10.5007
12.4699,-118.1535,13.2471
113.5929,-93.6378,9.7934
-163.5831,-163.5827,19.4684
48.6926,-111.9399,11.6250
-140.6028,-160.5724,18.0862
-1.6706,-125.4547,14.2358
-4.4789,-126.3560,14.7128
-5.5141,-126.7278,14.9378
95.3016,-101.6308,10.3513
0.0352,-126.8409,13.7622
5.3747,-125.4780,13.9304
2.7505,-126.4908,13.3229
52.3548,-114.2099,11.6870
54.3374,-113.7122,11.6033
4.7080,-126.9162,12.9615
5.9212,-126.7038,14.0662
-95.6833,-153.5889,16.3797
-86.9735,-153.0535,17.4468
8.1312,-127.6599,13.0014
115.3996,-99.4119,9.2279
-95.5561,-156.7348,16.7664
12.4873,-133.0060,13.5164
11.1833,-134.3173,14.3035
14.5373,-133.4056,14.2801
33.2508,-130.5540,13.4097
-104.0532,-175.8860,18.5620
-51.3387,-159.8358,16.6325
-31.7473,-154.2233,15.9207
31.3311,-134.9630,13.6621
145.8311,-100.0522,8.8073
45.4487,-131.0809,11.7386
24.9096,-139.6498,13.3690
-101.2503,-180.1112,18.1528
-100.0404,-179.8663,17.9512
24.9419,-141.1313,12.6063
-46.2441,-164.5926,16.8703
31.6739,-139.9926,13.3564
-23.4112,-157.6767,14.6398
30.0158,-140.5535,13.3839
25.3019,-142.0838,13.6233
-22.9801,-157.5964,15.0773
-106.0976,-184.5010,17.1028
27.8418,-141.5359,12.9079
-136.8080,-195.3843,19.8731
-57.3292,-170.3124,17.1459
-145.1905,-199.8361,19.0347
-124.8267,-193.2890,18.1002
97.3776,-121.1753,11.0592
-109.7896,-189.2436,18.4712
-99.8490,-188.7593,17.9977
93.0972,-125.8322,11.2470
244.0103,-74.9024,5.0853
244.1878,-74.9481,5.4551
-98.6382,-192.3387,17.4691
91.3413,-127.6528,11.3489
93.2143,-128.2709,10.3611
90.9290,-129.0931,10.3040
-99.7381,-195.5728,17.4553
77.8082,-133.8392,10.7717
-84.9948,-191.0635,17.1604
45.6478,-145.4769,12.0783
-176.4326,-225.3537,19.6629
50.2651,-145.7148,12.5735
206.4644,-90.5661,6.3632
37.4365,-151.1716,13.5953
37.1999,-151.4175,13.2680
-85.9818,-198.4185,17.4079
-99.0509,-203.1816,18.2099
-95.9274,-203.3016,17.1264
-90.7649,-204.9287,17.3199
-94.0472,-207.5520,17.0693
-94.5203,-207.7369,17.1907
-135.7068,-224.3468,18.7553
-90.1279,-207.7396,17.3090
37.4344,-160.0546,12.3191
35.4600,-160.9708,12.6079
132.6551,-124.0108,9.0039
-92.3745,-210.7404,17.5195
57.1687,-153.8779,12.8392
-29.6896,-187.6550,14.9345
-89.5109,-210.9104,17.1634
-59.9375,-200.0849,15.7644
-45.7182,-195.4851,17.1200
-47.8643,-196.8307,16.9860
-46.6772,-196.4514,17.0947
-40.2524,-195.3683,16.6273
-89.6420,-216.2192,17.9226
-89.6014,-216.4804,18.0909
-86.5903,-216.5317,17.6131
-90.6994,-218.6276,18.3216
-116.0914,-230.0234,18.4116
-117.0469,-230.6512,18.9571
-113.7530,-229.6155,18.5434
155.8098,-120.6804,8.3551
-96.7610,-224.1221,17.3415
37.9492,-169.3003,13.1194
-89.0082,-222.5768,19.0554
39.9962,-169.3546,13.8322
-39.1058,-202.9120,15.5533
-89.9010,-224.5543,18.0654
-88.2531,-223.9220,18.2756
-98.6165,-228.3538,18.7709
-88.0359,-224.8102,17.2104
-92.9957,-227.0305,17.9192
-95.3089,-228.0049,18.0049
-98.5092,-229.3780,18.4002
-99.7391,-230.0756,17.7810
-84.0216,-223.6044,18.6247
-100.1924,-230.4239,17.9255
-91.6288,-226.9087,18.4632
-101.5558,-231.2831,17.3855
-93.0679,-227.8135,18.4813
-100.8811,-231.1188,17.6655
-90.4678,-226.9204,18.2658
-99.3374,-230.6975,17.3022
-85.9932,-225.2288,16.8442
-95.0394,-229.5918,18.4623
-81.3135,-224.1911,18.5336
-51.1348,-211.5501,16.4839
-47.7423,-210.1793,16.2802
-97.5054,-231.3341,19.1102
25.7777,-179.2237,13.8136
63.0396,-163.5801,11.6548
61.9174,-164.0990,11.7228
62.6424,-163.7956,11.6487
-89.6429,-229.1675,17.2100
61.0344,-165.0582,11.9187
61.9142,-164.7001,11.7057
-95.3734,-231.9648,17.2469
-104.7296,-236.0765,17.6904
-92.4551,-231.0250,17.1059
-105.7852,-236.9804,17.6512
-26.3560,-203.0865,15.0038
-100.3809,-234.8653,17.5381
-82.6037,-227.5929,18.7769
63.3752,-165.7966,12.3105
30.6813,-180.5804,13.4418
60.6251,-167.9893,12.7143
-90.7919,-233.8685,17.5607
60.3767,-168.2669,13.0721
60.2889,-168.3261,13.0998
65.5636,-166.2943,12.6962
61.3735,-168.1402,12.9569
66.8118,-165.7884,12.7223
27.3859,-183.4182,13.3506
-101.2161,-239.7266,19.1980
-90.9577,-235.2894,17.1132
-96.2180,-237.6773,18.4506
-86.3488,-233.5433,18.1439
-90.6799,-235.4766,17.2282
-86.1401,-233.4973,17.3157
-97.8852,-238.6763,18.8436
-94.7031,-237.4396,18.3014
-88.4303,-234.6930,17.5604
-90.0210,-235.4236,18.0732
-95.7850,-238.0829,18.8295
-95.0532,-237.8475,17.5680
-86.5401,-234.2716,17.0967
-89.7071,-235.7887,17.2160
-85.1829,-233.9403,17.5345
-102.9502,-241.8047,19.3210
-88.4757,-235.4364,17.1484
-85.7533,-234.4730,18.9878
-87.9247,-235.4341,18.8536
-83.9977,-233.7075,18.7463
-99.5255,-240.7258,19.6738
-82.3836,-233.5671,17.2649
-85.0611,-235.0301,18.7146
-93.3828,-240.3337,18.8874
-92.6476,-240.0796,19.4684
-85.1265,-237.8153,19.0479
129.5953,-142.2021,9.4095
67.9887,-170.2321,12.2729
-87.0541,-241.0880,18.3233
-86.1593,-241.1103,18.5789
-78.0166,-237.4955,18.3198
-93.8142,-244.7837,19.4133
59.8661,-175.4196,12.0653
-70.1215,-235.5449,17.1761
224.8513,-100.6151,6.0955
-84.1051,-243.6693,17.5820
35.3279,-188.6306,12.7617
-89.8949,-248.2395,19.3973
-88.4240,-247.9135,18.1450
-58.1558,-234.2110,18.0728
-99.5630,-253.9063,18.1274
-90.0014,-250.6288,19.1691
-91.7715,-251.7468,18.8434
74.3560,-173.9415,12.8132
58.2922,-181.7899,12.6050
58.1012,-182.0515,12.0721
-87.3391,-251.1168,19.0514
50.1441,-185.9237,13.2442
-10.4556,-214.8077,15.1357
68.2717,-177.8941,12.1600
256.3912,-88.3586,5.2559
77.3237,-174.0812,11.8705
75.0391,-175.2124,12.7887
65.3872,-179.8415,13.0697
67.2898,-178.9723,12.7979
71.0320,-177.2216,11.9308
90.9555,-168.8884,12.1025
38.0244,-195.8651,13.0529
107.9419,-162.6402,10.9476
106.5074,-163.5035,11.4183
94.6512,-169.3825,11.9947
102.1764,-165.7318,10.9196
94.1274,-169.6886,11.5344
101.8016,-166.1050,11.2941
-48.9038,-240.6755,16.9532
94.4827,-170.4779,11.3836
31.1132,-201.7995,13.7933
30.2007,-202.4079,14.1581
29.3050,-203.0108,13.8854
29.4529,-203.2638,13.4068
97.8094,-169.5539,10.8358
96.9170,-170.1917,11.5894
100.6462,-168.7444,11.5337
99.0934,-170.1871,11.5343
-69.4421,-254.7733,17.8865
-89.5121,-265.2102,19.7339
257.1777,-91.3995,5.3798
31.3375,-205.0650,14.3220
194.2208,-123.2345,7.9704
105.2697,-168.1073,11.2550
-72.9588,-259.6542,18.0428
222.8628,-109.6527,6.1537
115.6934,-164.4073,10.9974
92.0681,-178.5040,11.2888
-19.7218,-238.7287,16.8527
-23.9095,-242.4056,16.6532
105.0835,-175.4756,11.5311
1.7398,-230.3869,14.5510
27.1286,-217.1208,14.1983
256.1706,-95.6613,4.9722
76.4365,-191.4958,13.0274
260.7868,-93.5561,4.8602
29.8320,-216.9696,13.3500
27.6612,-218.6105,13.5297
18.4625,-223.8866,14.7739
22.0225,-222.0650,14.5668
16.4504,-225.1429,14.2230
16.7015,-225.5087,15.1659
18.7133,-224.4895,14.9271
-24.6425,-247.8646,16.3839
21.5367,-223.1703,14.7981
12.9392,-228.5409,15.1732
27.7284,-220.9268,14.2523
-49.4933,-263.2933,17.9516
1.1917,-238.0192,15.8825
50.8777,-213.1119,13.5557
71.4538,-204.4326,13.2122
-22.0094,-258.5360,17.4411
68.0375,-209.6291,12.0930
-29.6457,-265.9649,16.3481
67.2488,-210.9282,12.2301
194.5724,-138.3199,8.0509
40.7547,-228.8436,13.4673
68.5616,-214.7350,13.4288
72.3328,-213.1863,12.4375
51.2277,-227.0805,13.4442
50.2349,-228.1875,13.1651
53.4162,-227.1369,13.9438
50.4633,-228.9621,14.0973
122.9699,-186.6481,10.3641
104.7100,-199.2586,12.1284
13.1212,-260.5346,15.8214
13.1432,-263.9720,14.8362
62.2257,-233.8389,12.7368
61.8205,-234.8650,12.7140
61.3936,-235.1630,12.9172
92.7088,-216.6770,11.7658
82.7510,-223.4915,12.0218
27.3887,-260.6362,14.8040
28.4523,-260.3209,14.9585
28.6122,-260.3996,14.9105
94.2198,-217.6845,12.3223
9.0224,-274.7089,16.2536
182.6826,-161.0723,8.2668
185.0926,-159.5152,8.1314
184.1053,-160.2037,8.2987
186.2141,-158.8467,7.9638
190.9133,-156.5220,7.8754
191.4842,-156.4134,7.9481
190.0079,-157.5854,8.7359
190.3628,-157.5324,7.9337
65.7228,-240.8963,13.4332
186.8558,-161.0730,8.4412
186.7404,-161.2320,8.0845
196.0585,-155.3571,8.2945
184.1686,-163.4371,8.5696
68.3045,-242.2764,12.8561
185.2617,-162.9776,8.6995
197.3694,-154.9922,7.9457
40.4208,-262.1767,14.0816
182.7140,-165.3248,8.7876
175.0291,-170.6009,9.4638
180.8564,-166.6920,8.3035
176.9439,-169.4138,8.4192
183.6837,-164.9374,8.2533
193.8613,-158.0826,8.3136
193.5670,-158.3263,8.0273
185.5773,-163.8367,8.7211
186.1174,-163.4750,8.4496
199.5350,-154.3619,8.0611
203.9154,-151.4387,7.5036
42.1287,-262.3324,14.2550
197.7556,-155.7900,8.1530
191.5052,-160.1505,8.5274
191.8333,-160.2512,7.8826
195.7703,-157.7476,8.5583
193.9472,-159.0718,8.6535
180.0243,-169.3425,9.0176
190.8928,-162.1841,8.4349
192.9908,-160.7315,8.6812
189.3939,-163.2651,8.4674
189.1363,-163.4658,8.3744
70.6989,-245.9233,13.2491
178.2380,-171.2229,8.8846
77.3680,-241.4946,12.9668
71.5039,-245.5848,12.9610
71.0496,-245.9364,13.2539
74.5904,-243.4974,13.1514
92.8764,-231.1415,12.4899
42.1349,-266.5484,15.3351
186.8549,-166.0864,8.9978
41.8392,-268.3660,15.5054
96.0021,-231.1733,12.3814
97.9891,-229.8136,12.3440
99.3562,-229.9065,12.3589
103.8972,-226.8821,12.0181
72.7129,-249.6322,13.4795
76.4004,-247.5245,13.8941
192.8246,-167.3942,7.9614
70.9136,-256.2584,14.0142
72.4897,-255.3013,14.1689
44.2711,-276.1632,14.2410
191.7080,-168.6436,8.3386
69.7872,-257.6384,13.8227
100.5892,-235.8767,12.6247
71.8042,-257.0402,13.3690
72.0277,-256.9010,13.2823
76.8721,-253.4052,13.9299
75.7058,-255.4260,13.3487
69.8678,-263.5094,14.2901
67.0374,-267.0749,13.3655
72.7530,-262.9721,13.0235
76.3970,-260.4735,13.4111
74.0705,-262.3812,13.3001
72.5544,-263.8618,13.2090
72.4747,-264.3300,13.0309
71.4358,-271.4401,13.4238
72.3552,-271.9805,13.7528
106.4785,-245.5381,12.5502
135.7071,-224.5440,10.5685
136.5141,-238.8735,11.0557
157.6511,-222.5043,10.6089
157.4506,-223.4556,10.4637
114.4963,-262.1634,12.2211
118.2333,-259.3883,11.9677
120.6361,-257.4373,11.7821
118.9913,-258.9557,11.6418
118.2688,-261.0152,13.0451
155.2196,-230.2363,11.0880
154.0398,-231.4344,11.0597
159.0614,-227.0703,10.9475
241.2358,-160.5145,7.2439
156.4600,-238.8190,10.5887
177.4884,-219.7240,10.2028
157.1602,-238.6522,10.3679
243.6304,144.0199,9.2258
168.3299,228.7751,12.5179
183.5842,210.7050,11.9107
204.5362,185.8890,10.8182
238.1684,144.9231,9.0374
155.7235,239.2825,13.2172
168.7920,224.2620,13.1310
168.2051,224.5805,13.0622
154.2398,240.0945,13.5670
154.7371,239.2046,13.9876
155.9360,236.8494,14.2061
240.3347,140.7101,8.8463
157.9757,233.5346,13.8419
163.2042,227.2844,13.1370
161.6136,228.3348,13.5938
207.5834,175.0756,10.5886
162.6874,224.9898,12.9531
203.3549,177.9682,10.5048
179.4743,200.0728,12.1595
266.6711,104.1353,7.2411
269.0603,101.5418,7.1214
206.9841,163.2091,10.2227
229.3902,139.0614,9.2536
206.7165,162.4975,10.0340
148.3670,223.4235,13.7745
207.5530,159.2805,9.6627
219.4997,144.9216,9.3616
219.9448,144.3214,9.8428
221.3625,138.5463,9.1594
203.1346,156.3617,10.0169
201.3995,158.0139,10.1726
204.1533,155.2009,9.8677
200.9535,157.3795,9.8937
124.7499,229.0917,14.7165
201.5500,151.5521,10.1905
77.3339,268.6332,16.0052
54.5190,284.2988,17.3992
53.1587,284.4191,17.2247
58.1163,275.2828,17.0252
260.6033,89.6722,6.9716
62.6294,270.6951,16.6465
59.9612,272.7257,16.9228
61.1992,271.4365,17.0256
61.9116,270.1481,16.8323
206.1538,138.3916,9.8257
42.1590,287.3175,17.7139
203.5508,139.8654,9.6649
204.8786,138.5567,9.6034
38.0470,287.3079,19.1809
198.8674,142.0897,9.7301
55.2034,270.1368,18.4208
35.2466,282.8510,17.5831
72.3913,245.3191,16.3508
73.9433,242.0147,15.7138
85.7512,230.7804,15.2061
74.2382,240.4760,15.7855
85.9908,230.1918,15.2353
74.7761,239.6843,15.4021
85.5239,227.7805,14.6547
66.4271,243.7116,16.3623
87.1365,225.5531,15.3465
80.6793,230.9339,14.8677
75.1873,234.8202,15.5037
86.8868,224.9186,15.7659
73.9900,233.8951,16.5850
214.7488,116.9393,8.6067
74.7199,232.8118,15.7719
73.1581,231.1296,15.4660
86.2855,219.8348,15.8151
85.3016,220.0659,15.3864
71.1634,229.3900,16.8060
62.5267,234.8244,16.3516
88.7831,213.2276,15.8452
89.6213,211.1363,15.2210
186.9287,133.4723,10.0094
134.2479,175.0722,12.1524
188.2178,131.6567,10.0293
88.7441,210.0781,14.3273
214.1562,109.8835,8.5803
60.2842,230.1978,17.1754
134.2274,171.8105,12.1462
183.4224,132.0020,10.4434
184.8163,130.8176,10.4344
55.1951,231.4042,16.0124
54.0576,232.1146,16.7846
51.4927,234.0985,16.2289
56.6608,230.0844,15.6884
52.9538,232.8876,16.2707
81.2523,210.8482,14.4522
23.7260,255.3623,17.8656
53.7648,231.9982,15.7554
213.4939,108.1274,8.5705
183.0317,131.6924,9.7532
81.3703,209.8562,15.2278
86.1391,203.7303,14.0494
180.7143,130.7203,9.8669
161.6857,144.0398,11.2359
122.7529,171.7427,13.1529
53.2474,220.8651,16.8995
49.6382,218.5971,16.0600
12.5927,238.5397,17.0970
24.5641,228.9978,17.8270
253.0084,68.0773,6.6126
25.6456,227.0603,17.7634
35.4086,219.7450,16.2865
37.8095,217.8708,16.5746
120.9449,159.0534,12.2547
35.4685,217.6796,16.8058
60.8092,199.2519,16.0697
-10.5790,247.8862,19.9769
28.8431,220.6961,16.4634
32.5392,217.8955,16.1514
84.6789,181.9232,14.1093
59.9960,198.4098,16.3399
165.4108,125.6544,10.2504
35.6620,213.6300,16.4802
163.0447,125.6729,10.1385
29.7259,215.8857,16.4336
34.5496,212.2074,16.6809
36.4236,210.9290,16.5988
36.3635,210.6346,15.7378
27.5609,216.3710,16.1237
63.5531,191.5385,15.3799
62.4141,191.5630,16.1010
-1.1576,231.8807,17.7275
58.4362,191.8331,14.6719
169.1946,116.8666,10.0252
154.5833,126.2039,10.8806
-2.0532,227.4509,17.7522
-2.9447,227.5440,19.0255
-0.6061,225.9026,17.7859
20.4322,212.0017,17.7740
170.1689,114.7140,10.5759
-1.3902,220.9938,17.2386
10.1067,213.4221,17.4591
-5.2632,218.8136,18.4204
59.7706,176.2800,15.5597
26.9729,193.6698,16.4079
-28.0727,226.3612,18.4530
-20.7743,219.8522,18.9580
73.5313,161.0886,14.1786
267.0902,45.4605,5.2939
23.5945,190.2371,17.3176
-8.2383,204.9029,17.0946
215.0673,69.3757,7.8008
-9.0925,190.2695,18.2297
-29.7453,201.3981,19.6152
207.7653,71.4325,8.0058
102.9457,127.7572,13.1581
103.3747,126.1884,12.3925
-28.5670,194.7517,17.8668
154.3634,97.2656,10.7722
207.2383,69.1903,7.9919
6.1201,174.8182,17.4620
1.6830,176.1822,17.5040
-27.3292,189.2917,17.7321
96.0059,117.0210,12.4486
-30.7995,177.6608,17.8106
-34.2012,179.2803,18.5529
-54.0403,186.4158,19.5081
-31.1932,174.7766,17.9334
-54.1819,184.1459,19.1601
-54.8640,183.9260,19.8539
204.3209,60.3084,7.8485
203.8973,60.3524,7.9357
-29.5746,169.8334,17.4089
-30.4439,169.9083,18.5029
-26.0076,167.3528,17.1675
-26.6186,167.2132,17.1109
137.9077,90.2781,11.0812
-29.7811,168.1122,18.1537
-24.4367,165.4631,18.3682
-31.6862,168.2953,19.0078
79.6514,116.1800,13.5939
90.1135,111.1128,12.7157
89.6216,111.1672,12.6380
-78.0457,187.7331,19.7230
82.8343,113.6997,12.6501
8.3977,146.8769,17.1630
94.6456,106.9540,13.1552
81.6019,112.7042,13.6262
84.5293,111.3057,13.5583
100.5375,104.0299,12.6906
94.9573,106.3923,12.9332
83.1842,111.5472,13.7886
87.3347,109.6251,13.5629
87.6491,109.2285,13.4585
104.3888,101.5668,12.6067
93.0834,106.3390,13.1641
-52.2595,170.3779,18.5686
92.2233,105.6857,12.8554
-51.3987,169.7037,18.0953
-35.8221,159.8523,17.7282
125.7059,88.1121,11.5422
-24.3868,153.1973,16.9000
124.5715,87.0762,11.5136
9.2660,135.5030,16.0319
9.7106,134.4454,16.6664
123.3090,85.6598,10.9418
-85.0869,172.9386,19.1689
-26.7131,148.2355,17.4573
-63.0857,163.2381,19.9793
122.5348,85.0315,11.5844
-56.2653,159.9467,19.6977
11.5521,131.0956,15.5267
-64.2616,162.6312,18.9244
-55.7671,158.4085,19.6546
10.9294,129.9102,15.5873
54.7233,111.1774,13.9262
13.7773,126.5470,15.0626
-15.6893,137.8353,17.2507
-57.8554,153.8418,19.8948
-66.2674,156.9366,19.0444
80.8743,96.9930,12.2546
-58.3765,148.9985,17.7944
-27.0223,135.5532,16.7577
-21.3915,132.0030,17.9627
20.8235,113.7585,15.1084
-29.2132,132.2404,16.6040
-30.1678,132.3939,17.2510
-24.5610,129.9208,17.1204
-26.4170,130.6177,17.6911
-32.2728,132.7115,16.7858
-30.0553,131.8165,16.6764
-20.7336,128.2612,17.0549
-28.8706,131.2570,17.3484
-20.3170,128.0204,16.5902
-26.7625,130.3728,17.1565
-61.8882,143.5198,19.2749
-20.5038,127.7783,17.3861
85.1606,87.8546,12.0590
-29.9828,131.2627,17.3082
215.9374,38.3938,7.4085
-21.0774,127.7077,17.4353
220.9795,36.4684,7.1658
82.5239,88.4676,13.0114
-98.0088,156.3087,19.7773
-20.6874,126.7653,17.2396
33.3334,105.0998,14.8379
32.9262,104.3931,15.1390
179.2423,50.4435,8.6666
44.5634,100.0582,14.5373
33.9044,103.8154,14.6368
-95.8955,151.4706,19.3318
145.5306,62.6462,9.7523
26.6601,106.3283,15.6125
33.3953,103.7778,15.2738
27.4203,105.9145,15.5335
19.0706,108.6792,15.5144
30.7158,104.4106,14.6788
43.3467,99.7618,14.9526
26.0231,105.9607,15.4843
-77.1750,143.6448,19.2721
30.3766,104.1958,15.0403
-44.4186,131.2357,18.4946
31.9255,103.1444,15.6590
72.1361,88.2299,12.9698
-90.4172,147.2436,19.7737
-19.3553,120.9507,16.8567
-20.1972,121.2265,16.8949
154.3123,58.0188,9.8112
73.4357,87.1637,13.5826
-92.2714,145.0345,19.0935
72.8391,86.0628,12.7299
-91.0518,144.3884,19.3881
-65.0206,134.8505,18.6506
14.3028,106.5296,15.3051
-87.5354,142.5289,18.7673
-17.7778,117.6979,17.1841
38.7658,97.3399,13.9131
12.4336,106.3894,15.6513
50.4775,92.4766,13.9409
-2.5788,110.6052,15.4477
-2.2226,110.4330,15.3416
78.1238,81.2086,13.1955
-81.6431,136.0124,18.7010
154.4779,54.0526,9.8939
94.4295,74.0646,12.5638
101.1479,71.6006,12.4840
99.5801,72.0572,11.5940
-75.9388,131.5907,18.5772
-12.8505,110.0969,17.2401
152.6688,53.5497,10.0173
153.1249,53.1960,10.0006
-75.0510,129.7996,18.6921
-80.4954,130.7129,18.4883
-53.9504,120.1889,19.2688
12.1967,97.0627,14.8216
123.8052,59.6252,10.5662
-74.3034,124.0520,19.4217
122.0953,60.0958,10.4645
43.6751,85.0382,14.0222
76.8849,73.8067,12.8528
-56.7640,116.7850,17.6200
-9.4770,101.5492,16.3851
-64.9722,118.6228,18.5693
-56.7439,115.7667,18.1336
-68.1540,118.5533,18.3334
-6.7304,98.5222,15.4152
-65.9404,117.0331,19.3934
-66.4414,117.0489,19.0560
24.7888,87.5161,15.2780
-74.9455,118.5217,19.4894
-66.0659,114.2175,18.1287
-50.8817,108.4529,18.0117
94.7431,61.8524,11.3933
-22.9530,96.5886,16.2902
-21.4685,96.0008,16.3724
44.0229,74.3313,13.3764
47.5542,70.9828,13.7942
44.6290,71.7603,13.9184
42.9809,70.3910,13.3997
41.4266,69.2973,14.0587
-53.1575,93.1046,18.5970
-54.3159,92.2095,18.1422
-33.8409,84.9991,16.8979
-59.0193,89.8625,17.9027
-60.3294,90.1646,18.1345
-72.7915,89.4449,18.8696
-82.9343,91.9678,19.7882
104.2020,44.7856,12.0379
106.0990,44.0155,11.8981
-67.4448,86.5700,18.3493
213.1124,17.0017,7.2378
-64.4761,85.5830,18.5740
37.5638,60.1701,14.8997
-61.7113,84.6533,17.9223
-64.5470,85.3392,18.9478
-56.0134,82.8826,18.7874
-63.1735,84.5942,17.7191
-63.4060,84.6303,17.8186
-57.1912,82.9390,18.5813
-57.7913,83.0740,18.2611
-62.4184,84.1839,18.7668
-60.0696,83.6022,18.6833
-63.8084,84.4948,17.4613
280.0965,0.1006,4.5439
-63.6780,84.3263,17.9650
-70.6950,85.9892,19.3707
-121.7278,98.2218,19.6156
59.2712,53.7094,13.5197
120.5430,38.2852,10.6030
-87.2068,88.3124,18.9856
-90.8220,88.5465,18.5049
-53.1176,79.1920,18.6995
-86.7821,86.7761,19.7111
-88.9076,87.0618,18.3559
61.1590,51.2043,13.3379
-84.0846,84.3483,19.8165
116.1749,37.3093,10.7889
-119.4606,91.4502,19.9418
255.2327,4.4238,5.5670
-109.5223,88.0210,19.0365
5.0885,61.1466,14.7114
-115.2494,88.5991,19.7081
5.1462,60.7505,14.8833
-109.9103,86.1355,19.7113
-54.9514,73.3305,17.6298
-51.6416,71.9931,18.5906
-110.7709,85.0191,19.3517
10.7653,57.6755,14.7386
8.3381,58.2115,14.6985
10.9349,57.5919,15.1949
-52.8536,70.7474,16.7954
37.9317,50.4958,14.6227
33.3868,51.4347,14.8276
44.1490,48.6469,13.9094
107.2198,34.2177,10.6550
105.4594,34.2978,11.3274
12.5075,54.1216,15.0795
9.6630,54.6874,15.3832
12.9157,53.7939,14.9024
80.8133,38.8635,12.0205
-88.7682,74.4905,18.3159
-42.3642,64.6751,17.2392
49.1355,45.1812,13.2534
37.2901,47.5261,14.7478
37.5968,47.1894,14.7161
35.4278,46.9155,13.6072
34.6324,46.9382,13.8458
35.0031,46.6101,13.9910
35.7496,46.4277,14.6368
36.8713,46.0611,13.8768
14.4209,50.4013,14.9932
43.0087,43.9589,14.3860
49.5388,42.4902,14.0543
48.2723,42.4680,13.1765
57.3212,40.5049,13.6894
16.7839,48.4469,14.5990
20.3937,47.7051,14.0640
49.2325,41.6938,12.7941
59.6529,38.3583,12.4185
-42.4512,58.1263,17.7737
58.4996,38.2055,13.8455
48.5238,39.9595,14.2454
-77.0874,64.1879,19.2061
-77.2307,64.0652,19.4038
49.0306,39.3148,13.6172
48.0317,39.3298,14.1897
50.9427,38.4476,13.8007
49.5264,38.6351,14.1339
49.1306,38.7060,12.9385
50.2048,38.4358,13.9172
54.5880,37.5873,13.6989
16.9418,44.4414,14.8976
54.7365,36.0336,12.6868
-78.1310,60.1824,18.7563
-73.6252,59.3228,18.4588
14.5565,42.8119,15.1193
51.5201,35.2206,13.3274
-40.6496,50.5005,17.2151
10.9699,41.1282,14.5588
29.9599,37.4704,14.2608
9.3899,40.7846,15.2453
9.3221,40.7243,15.3152
13.3963,39.8928,15.1640
9.2421,40.4122,15.0962
-24.4525,42.5179,15.5383
-34.2491,44.0081,15.9118
7.2163,36.8408,15.0874
5.3490,36.0238,15.6764
45.9007,29.2735,14.1582
-25.0153,40.2057,16.8280
-24.8081,39.9280,16.6007
51.0536,26.6239,13.9638
-0.1976,33.5672,15.4690
173.1360,6.3870,8.8558
107.5063,16.2075,11.4433
-84.4493,45.0533,19.5502
-2.9431,32.5158,16.1091
-1.4268,32.1133,15.8100
-100.9436,46.9645,18.8598
2.4062,31.3504,15.6530
-4.2603,32.3010,15.8953
-73.5307,42.3799,17.9106
-76.6842,42.6352,17.8332
-79.3229,42.7466,18.1689
-101.4056,45.9570,19.5700
-46.7219,37.8721,16.4796
-71.9114,41.1225,19.0012
-76.2556,40.8162,19.0799
-6.9579,30.3518,15.0412
51.0363,22.0346,12.9370
-42.5620,35.4300,17.8210
-39.0694,34.9162,17.6723
-33.4489,34.0394,17.1573
-7.9823,30.2699,15.3804
-44.6349,35.2636,17.1432
-46.2728,35.3999,17.2382
-44.3138,35.0769,17.3052
-48.8899,35.7222,17.2690
-43.6868,34.8975,17.3307
166.5480,5.0380,8.3624
-119.2996,45.2817,19.8064
52.1105,21.0154,12.6898
-46.1356,34.7574,16.7139
-79.9995,38.6949,17.8458
67.2734,18.2424,12.0961
66.6004,18.2939,12.1197
-81.5344,37.4632,17.8506
-113.6258,40.3494,19.0343
-114.4380,40.3759,18.9937
48.2481,18.3449,13.6707
-116.8229,39.7923,18.8699
-116.4403,39.7342,19.0944
59.5879,16.5968,12.5812
53.9823,17.0600,12.6931
48.2995,17.7119,12.9676
64.4172,15.3208,12.2266
-55.2388,30.6393,16.8457
45.4481,17.6805,13.1098
41.9207,17.6339,13.3043
-55.7157,29.4129,18.1718
51.9822,15.7789,13.5936
-57.4755,29.3454,18.3547
53.5079,15.1264,12.9287
-82.9348,31.4765,18.3383
57.2809,13.6194,13.0574
-48.6744,25.6394,17.0771
-38.2864,24.3143,17.5112
-63.0544,27.0395,18.7431
-61.4372,26.7421,17.0489
-89.2538,30.0117,19.4886
-87.2118,29.6969,19.7740
-89.9655,29.9834,19.9171
-62.6492,26.7546,17.6791
-77.8222,28.5016,17.7799
-53.2864,25.5384,16.8757
-69.3399,27.2843,17.1275
-64.3647,26.6832,17.3624
-64.3532,26.6242,17.4501
-71.5414,27.4463,17.8123
-61.2255,26.2116,18.5922
-58.0347,25.7596,17.3253
-77.7407,27.8927,18.3567
-73.9139,27.3406,18.1092
-69.5725,26.6147,17.9386
51.2984,12.1437,12.9456
170.8350,-4.5154,8.0677
53.8652,7.1183,13.2253
-38.6869,13.5497,16.3005
-5.8043,10.3823,15.3848
-38.3354,13.2200,16.7553
-100.3550,17.1375,18.3993
57.1944,2.9761,13.0553
-72.2526,13.9570,18.5982
-70.5487,13.5115,19.0198
45.0083,2.4344,14.0749
-73.3486,12.2306,17.5937
-36.5267,8.1630,17.5514
93.1317,-2.5836,12.0391
59.4596,-0.1525,13.3460
-76.4929,9.7408,17.6140
43.8246,-0.2634,14.0400
-77.4196,7.1958,17.3365
43.8401,-1.7888,12.7801
44.8025,-2.7237,13.5004
-19.8544,0.3417,15.9140
-20.2129,0.1621,15.3947
-16.1701,-0.1335,15.3977
45.4062,-4.2066,12.9140
43.1963,-4.9342,12.9210
41.5751,-5.3370,12.8921
-99.3337,2.2655,18.8049
-96.7941,2.0885,19.4226
-98.7573,2.1948,19.5088
-105.7156,2.5159,19.8117
-99.8519,2.1635,19.4995
-93.1797,1.7248,19.5286
-96.5315,1.7477,19.7971
-105.1657,1.7141,19.1654
-105.4817,1.5948,19.3076
-106.3917,1.6453,18.9517
-106.2127,1.6137,19.2188
-106.1581,1.5836,19.0740
-110.7617,1.5856,18.7524
45.3663,-7.2942,14.0977
-101.7237,0.3470,18.7379
-45.2444,-2.9060,17.2416
-104.4543,-0.0624,18.2787
-96.4714,-1.3047,18.5717
38.2796,-8.2794,13.1168
46.5468,-8.7303,13.9911
-99.9565,-1.2758,18.1793
43.9835,-10.6704,14.0764
41.6882,-10.8251,13.8356
40.3322,-10.8316,14.0053
38.0063,-11.2484,13.9206
-74.6729,-6.6436,17.7764
96.2164,-13.8646,11.4021
-96.7814,-8.3795,18.7545
-1.0527,-14.6924,14.9686
35.8861,-17.1768,14.4539
34.5678,-18.4964,13.3489
19.5008,-18.7992,14.2070
22.8197,-19.9347,14.7029
-104.2462,-17.9156,18.6712
-96.7123,-18.0857,19.7488
-125.9003,-19.6690,19.9786
68.7778,-23.6076,12.1841
66.5178,-23.8312,12.1697
-54.3665,-22.9957,18.2048
21.2243,-23.6819,14.7025
-101.1331,-23.8077,19.3073
3.6679,-27.6298,15.8108
25.3783,-27.6958,14.9929
4.0385,-27.9356,15.8318
28.2001,-27.8274,14.7373
36.5150,-27.9136,14.2832
31.9831,-28.0919,14.0715
-81.5351,-28.9821,17.8038
3.9497,-28.8784,15.7536
33.6570,-28.7849,13.6499
40.4932,-28.7985,13.3920
175.8758,-28.0296,8.1966
-102.7898,-33.4826,19.0385
-4.4272,-32.3569,15.9414
3.2057,-32.3624,15.0093
10.2618,-32.5940,14.6306
-0.7726,-33.1532,14.8643
37.0569,-33.1523,13.3445
40.7630,-33.7838,14.0807
34.0413,-34.3075,14.5793
-113.8209,-42.2499,19.5987
-108.3180,-42.2940,18.4164
-118.2662,-43.1003,18.9196
82.8091,-37.3442,12.3834
-121.6155,-45.4218,18.9008
-125.3448,-45.7240,19.0455
30.6346,-42.1844,13.2942
34.7828,-42.0173,13.1475
-118.8293,-55.2615,18.8176
278.9882,-32.5653,4.1339
60.3699,-45.8107,13.5469
16.4494,-49.0031,14.9723
51.8489,-47.3665,12.7069
29.6606,-48.9846,14.7620
-63.9250,-55.1984,18.0325
34.7052,-49.6403,13.2879
14.3989,-51.0358,14.2516
13.9307,-51.5384,14.4091
28.8143,-50.8766,14.7865
48.8699,-49.5343,13.7094
42.4016,-51.4749,13.6206
42.9744,-51.4346,13.6729
15.1076,-53.8670,14.2805
45.8278,-51.9407,14.1053
15.5015,-54.6279,14.3144
50.2857,-52.4001,12.7708
45.2697,-53.4395,13.0457
47.0222,-53.3061,14.0312
46.0750,-53.4387,12.9728
15.1070,-55.9375,14.4495
50.5178,-53.2134,13.7357
53.7846,-54.1758,13.2886
-106.8085,-74.4100,19.1989
-28.5328,-67.3258,16.1378
-9.3051,-75.6079,15.2447
37.3448,-70.5526,13.4846
30.9560,-73.3548,14.6317
31.3741,-73.3086,14.3576
-83.3641,-88.6301,18.6617
38.3553,-72.6744,13.2185
29.1130,-76.1737,14.3757
31.0132,-75.9427,14.2479
-72.7036,-91.0314,18.5329
24.5080,-77.6150,14.1690
-73.2800,-91.7094,18.6774
-76.4321,-92.2282,17.5376
49.1775,-74.5084,13.7949
106.4755,-66.3696,11.1103
41.9075,-76.1822,14.2168
30.7133,-78.0407,14.5291
24.7876,-79.0756,13.7360
-73.2994,-93.6930,17.5037
16.4480,-80.7421,15.0053
20.4228,-80.4155,13.8280
-74.1900,-94.7180,18.7936
-73.9993,-95.0602,19.3327
25.6375,-80.3834,13.9965
149.9454,-62.3884,9.6813
19.2737,-82.4117,15.4291
23.4426,-81.8214,13.9348
20.6384,-85.5318,14.9388
-53.1465,-98.8083,16.9613
-0.8771,-91.3968,15.2002
-79.9872,-107.0894,19.3131
-38.7967,-100.3247,17.4516
29.0794,-88.9497,13.4895
-25.2814,-98.5382,17.0754
30.3769,-88.7907,13.4434
-38.3921,-101.0218,16.4567
28.8697,-89.3645,13.5701
36.9015,-88.2387,13.5011
36.6586,-88.3781,13.7643
36.1360,-88.5466,13.4297
-33.4689,-101.1096,15.8864
-37.2794,-103.7157,17.4581
7.1476,-95.6255,14.6414
-30.5390,-102.5465,16.8730
30.3576,-92.5718,14.4694
8.8101,-97.9291,15.4024
9.3371,-99.7588,14.9567
8.1499,-100.0108,14.9164
6.9012,-100.3786,14.7253
-18.1546,-105.3457,16.7477
9.1111,-100.4380,14.6837
9.4650,-100.8247,14.3741
6.6861,-102.2099,15.2461
21.5745,-100.8967,14.1431
177.1766,-69.3614,8.8639
-104.3992,-128.8988,19.1329
-78.2739,-125.8465,18.9394
-88.9477,-128.5866,19.1171
-88.7382,-129.7228,19.4422
-29.8597,-117.2921,16.6297
29.0045,-104.4874,14.4872
29.3477,-104.5185,13.8014
-45.1151,-121.2467,18.0803
-47.4851,-121.8181,16.7151
-93.6251,-133.6003,19.3210
96.2525,-92.9040,12.3461
87.2564,-98.7050,12.6562
180.5017,-77.0554,8.2872
0.0734,-121.6061,16.1125
182.8139,-76.9453,8.4939
6.7941,-121.2913,14.6838
112.3595,-94.9932,10.8735
114.4962,-94.6845,11.6329
115.8260,-94.4587,11.5731
-3.5169,-124.6750,16.4344
-1.6138,-125.4850,15.4238
32.1880,-117.1392,14.6591
35.9130,-116.5031,14.8737
41.5662,-115.1428,14.1421
34.3818,-117.0934,14.9554
32.6141,-117.8990,14.9885
77.3057,-107.1288,12.7868
24.3840,-121.0000,14.5456
-88.0877,-151.6233,18.7149
97.5045,-102.9218,12.4001
94.5399,-103.7278,12.5200
-87.1803,-152.6773,19.2046
-55.8646,-146.3816,18.0269
-51.9503,-146.0278,17.2641
-49.9455,-145.5911,17.4390
71.6246,-116.0814,13.2733
-99.7675,-167.2584,19.7907
-86.9870,-164.8366,19.0193
84.1306,-115.3104,12.6822
34.8318,-129.8795,14.0592
-101.4683,-170.0764,19.5103
88.4946,-114.4069,11.6393
84.3506,-115.8039,11.9456
32.3789,-132.8099,15.2693
32.5660,-133.1463,13.9562
-12.4652,-147.3527,17.0698
99.6368,-114.9226,11.6175
22.7593,-139.6286,14.3292
144.8213,-101.6034,10.4003
21.0697,-140.4912,15.0900
99.0745,-117.7537,12.4238
102.2749,-117.0584,12.1940
105.6433,-116.0040,11.8573
98.9413,-118.3236,12.2086
-20.5861,-157.4949,17.2533
-15.1987,-156.6825,16.7151
-65.8890,-174.0280,18.4686
49.6579,-136.5814,13.3436
-46.2310,-169.0121,18.6948
90.8903,-124.5914,12.1468
94.6146,-124.5075,12.6680
88.3121,-126.8197,12.3178
93.1700,-125.6891,11.7202
-100.3810,-192.9608,19.2587
77.0234,-133.3223,12.8038
234.3854,-79.5283,6.6103
217.8027,-86.1236,6.9849
-52.1563,-182.8757,19.0576
-63.1870,-186.8407,18.4882
-69.4234,-190.2553,19.5042
-85.3586,-199.6526,19.1054
222.3126,-86.9555,6.9994
-53.6713,-189.2568,17.6835
-36.3053,-183.6241,17.1440
-86.5724,-203.3790,19.7887
35.8842,-158.1560,13.9388
-48.8985,-190.9061,18.3062
-23.2717,-181.2440,17.2380
-88.8060,-206.7009,19.4214
-34.2486,-189.2040,18.5588
-52.3310,-197.4806,18.0318
-50.5268,-196.9923,19.1674
-46.3395,-196.1937,17.7734
-55.1262,-202.2606,18.5043
-58.9485,-204.8946,18.0663
157.3151,-118.8762,9.3678
-90.2024,-220.8429,19.1350
37.4437,-169.6415,14.2993
38.2882,-169.7018,14.0734
41.8254,-168.3901,14.6773
39.1337,-169.7218,15.4301
-40.8243,-202.9227,17.3878
40.1948,-170.1341,15.3863
43.4244,-168.8910,15.2703
32.7323,-174.7458,14.5811
27.5387,-177.8500,15.7573
29.3756,-177.1303,15.6498
27.7460,-177.9863,15.6193
-89.0590,-227.4850,19.6066
-90.0052,-227.9362,19.6597
152.5451,-125.6439,9.7058
153.6968,-125.2091,9.6251
63.1645,-163.7545,13.4444
-90.1398,-231.1823,19.3883
52.5294,-170.3463,14.8122
57.2057,-169.1134,13.6952
52.7624,-171.3410,14.5816
56.3890,-170.1106,14.6799
55.4028,-170.5644,14.4576
101.9911,-150.2854,11.9045
72.6297,-163.1842,14.0269
-89.3403,-233.8593,19.4490
-92.6304,-235.3580,19.5170
-91.6634,-234.9734,19.5779
-88.6242,-233.8932,19.5680
58.7383,-169.5995,14.0671
101.7236,-150.8116,11.7488
61.8335,-168.3576,14.6167
22.9536,-185.4987,16.1051
23.0217,-185.4806,16.1020
62.4712,-168.5111,14.4424
-98.5781,-241.2293,19.9693
48.9349,-176.5900,14.3624
-89.6598,-238.5834,19.6370
62.6361,-170.8957,14.4618
-87.0352,-237.8079,19.7709
-84.8230,-236.9412,19.2833
-93.2406,-240.9982,19.9668
-88.7861,-239.4129,19.4257
-88.8750,-239.9029,19.6849
68.1715,-169.5360,13.1702
252.4926,-86.7920,5.4934
-89.0435,-241.8906,19.3940
-94.7564,-244.7234,19.8765
-4.9018,-204.2004,15.9853
75.2845,-168.8402,13.3054
77.2134,-169.1046,13.2903
30.4338,-192.5255,15.6369
74.7388,-172.7856,14.0841
74.3705,-173.0245,13.6879
74.2694,-173.2237,13.9488
73.0256,-174.1973,13.1323
72.7460,-174.5838,12.9690
76.6772,-173.0457,14.0806
74.2398,-174.6822,14.2807
65.1912,-179.0328,13.9573
78.6103,-172.7277,13.9693
46.2307,-188.3273,14.8403
66.2460,-178.8006,13.2849
57.1167,-183.1553,13.9449
67.6132,-178.1874,13.8786
82.3207,-171.1847,13.8701
58.3370,-182.6685,14.2282
57.7763,-183.1028,14.1799
56.2159,-184.1367,13.8139
58.8315,-182.9096,14.1400
78.0043,-173.8009,12.7599
73.2366,-176.1752,13.6745
62.9763,-181.0922,13.9478
98.6840,-164.1511,11.9904
50.4731,-187.2948,14.9039
94.1621,-166.3840,12.5800
40.1100,-192.3429,15.2939
79.1783,-173.6301,14.0177
63.9096,-180.9624,13.5149
42.2364,-191.3586,15.1459
70.4379,-177.8507,13.6767
58.5498,-183.6958,14.5127
65.8856,-180.1789,14.3286
65.2669,-180.5197,13.6894
58.4650,-183.8745,14.9395
59.7879,-183.2938,14.5760
69.9951,-178.4972,14.5662
68.3753,-179.3021,14.0467
77.9948,-174.6811,14.1493
65.5710,-180.6955,14.4601
62.6789,-182.3221,13.9862
63.5043,-182.0451,13.6990
73.6488,-177.1579,14.3242
76.1297,-176.1266,13.5607
68.1026,-180.1151,14.1926
60.9916,-183.8084,14.7227
58.8801,-184.9495,14.2979
77.0114,-176.4098,13.8434
57.0007,-186.1357,14.0838
67.7350,-181.3415,14.6830
61.1045,-184.6513,14.3045
93.6961,-169.7341,12.1795
83.6923,-174.7782,12.5375
65.8583,-183.5444,14.7584
98.2237,-167.7602,12.2763
95.9220,-168.9008,12.1839
98.5445,-168.2214,12.8462
90.9367,-172.1523,13.3993
98.2257,-169.9823,12.1216
-59.4919,-248.5849,18.9547
98.4587,-170.2598,12.1250
-67.9649,-255.6180,19.1745
72.0180,-185.5536,13.2105
-58.5181,-252.6071,19.7206
113.1561,-165.7366,12.2393
-69.3666,-259.2698,19.9557
77.1026,-187.4994,13.7379
34.4716,-209.9448,15.9741
222.4045,-112.3134,7.2428
259.0244,-93.4890,5.9061
0.1965,-230.3818,17.8996
110.9482,-174.2759,11.8327
-20.2214,-245.0530,18.9150
28.2344,-219.2215,15.1874
23.6156,-222.5005,15.7609
24.1287,-222.2537,16.1027
75.4701,-196.1845,13.4114
27.7068,-222.9387,16.3060
68.0870,-204.7412,14.3345
68.2248,-205.9327,14.0806
61.7749,-209.7604,15.0866
69.3963,-206.0015,14.3614
-29.2673,-265.1828,18.3241
69.5786,-209.3808,13.8018
18.8952,-241.1731,17.3376
230.0938,-123.0409,7.1454
13.7858,-258.9932,18.0848
18.7875,-257.6272,16.6040
-24.0695,-287.0496,18.9430
80.9100,-225.0735,14.4784
94.5686,-219.6317,13.1757
202.8009,-148.7774,8.7521
189.1792,-158.1038,9.7089
194.8327,-154.5710,8.6913
195.5242,-154.7730,8.9487
38.6711,-261.0081,16.2634
188.5655,-161.1506,8.9172
197.5089,-155.2441,8.9123
185.0853,-163.8799,10.0219
196.0974,-156.3859,8.8886
183.9579,-164.7871,10.0664
180.5390,-167.2831,9.6133
193.1362,-158.7772,8.9419
103.5246,-220.2157,13.6423
179.4663,-168.2589,9.8437
176.4699,-170.5517,9.5458
193.1955,-159.2368,9.4757
43.9330,-261.8162,16.0728
18.6352,-279.6463,16.6778
192.7717,-159.8477,9.5564
118.3887,-211.2282,12.3834
118.7052,-211.1224,12.7928
194.5301,-158.9023,8.8856
197.1546,-157.2832,8.5763
193.2437,-160.0231,9.1692
45.6928,-262.0041,17.1309
195.1475,-158.9945,8.9829
97.6055,-229.8705,14.1886
134.9023,-203.6247,11.5109
110.0533,-222.6245,14.0519
193.0942,-167.2581,9.0888
71.5585,-262.2583,14.8297
76.1869,-259.7226,14.7327
75.6632,-260.5117,14.8969
156.1468,-202.0161,10.9091
193.2507,-173.8102,9.8942
137.4349,-224.1140,12.3901
114.8242,-243.1033,13.9155
157.7162,-209.6675,11.2009
74.1285,-276.6172,15.9292
159.5961,-209.3671,12.0576
88.7974,-266.4418,15.5698
173.2002,-198.4700,10.9103
117.8711,-243.4529,13.9792
72.5951,-280.2128,16.4646
117.3565,-246.0354,13.8879
119.8225,-248.1820,13.8726
120.9248,-248.7777,14.0678
99.4301,-273.8222,14.2569
124.7988,-252.6705,13.6103
118.7137,-263.5075,14.7527
116.2907,-267.2457,14.8753
158.2164,-241.2563,11.9531
244.9244,142.3653,10.0516
244.5279,142.7508,10.1089
239.9549,145.2075,9.5728
239.8224,145.0909,10.1856
158.4179,236.0746,15.4427
241.7426,139.5567,9.5290
158.2511,233.8726,15.2647
158.3156,233.6753,15.0182
154.8411,237.5628,15.1291
159.2418,232.4182,14.4657
157.9314,233.8912,14.9833
168.6576,221.5825,14.1623
162.6297,228.1328,14.9796
157.2554,234.1365,15.5941
162.1942,228.3529,14.8835
208.9377,173.9475,12.2254
211.3010,166.9673,11.9232
208.1239,169.2032,11.8879
211.0688,165.6723,11.8937
148.1806,227.7418,15.6342
167.8779,202.6250,14.0649
158.2319,202.6947,13.6260
158.0470,201.6583,14.5830
193.1536,165.1030,11.3171
156.7327,195.8803,13.6316
211.0602,142.5669,10.6697
220.1639,130.5092,9.7620
208.5624,139.7321,10.8244
76.0679,262.7610,18.3926
207.6137,140.0598,10.8197
77.0260,258.8601,17.4884
55.2163,278.8295,18.9277
76.9360,257.4146,17.6654
75.2850,258.5941,17.7046
124.6687,211.7041,14.8140
76.7585,253.6009,17.8933
76.2674,244.9300,17.8284
73.0223,247.4746,17.7757
70.6991,249.2747,17.7716
71.5149,245.5519,18.9779
35.5481,275.4899,19.9141
88.6808,224.8910,16.3280
76.6794,234.7594,17.9042
78.5370,233.1969,17.8266
193.1991,135.1362,11.1592
92.6326,217.7473,17.3481
91.1571,218.7355,16.7444
92.3636,217.7288,17.2637
78.4525,227.4105,18.0363
72.6841,229.6206,17.1026
71.9082,229.5010,16.8404
66.5093,233.5511,17.7934
72.7746,228.3800,16.9241
69.2498,231.1869,17.4149
69.7395,230.7726,17.6696
67.6794,232.1726,17.3318
70.0311,230.1388,17.0080
68.1952,231.1006,17.4764
135.1454,176.0697,13.6616
135.0242,176.0976,13.6160
65.5560,231.5236,18.5922
72.8793,225.5630,17.8511
72.1132,225.9227,17.5332
66.2901,230.3223,17.7392
70.8653,225.4597,17.7910
59.3576,233.2496,17.3599
56.9697,233.7899,17.8857
55.4545,233.7826,17.9117
58.4759,231.3593,17.5154
58.7173,231.1290,17.5142
56.8645,232.4090,17.6150
60.6527,229.2897,17.9475
56.7189,232.2757,18.0809
119.9213,181.0152,15.4813
206.2144,113.9310,10.3258
88.4428,204.0885,16.0435
183.9390,129.0634,11.0537
203.7481,113.8722,10.2922
185.2456,127.9944,10.9877
52.1206,229.2547,18.4099
58.6338,223.9810,18.3313
48.7539,229.7117,19.1820
183.8449,126.8356,11.4748
204.9619,110.4097,10.0695
207.2853,106.1832,9.5915
121.0462,168.6302,14.4026
55.2112,215.6365,18.0293
206.0142,105.3956,9.6227
33.2157,225.5648,19.8842
68.2343,195.2080,17.4546
209.5730,96.7001,9.2220
61.7243,198.9181,16.7835
211.4532,94.4194,9.0537
206.1400,98.0255,9.4636
164.6024,126.3136,12.2436
206.1618,97.7692,9.6079
167.2273,124.3409,11.8438
33.0626,214.8209,19.0507
59.6592,193.4323,16.5261
117.9117,152.7362,13.8603
28.6736,209.9753,19.0985
30.5116,208.4198,19.5214
17.8936,216.1077,19.9054
29.1593,207.6894,18.4182
31.1752,206.1866,19.1962
27.0127,206.4786,19.0008
146.9654,128.5216,12.7378
58.1769,185.1607,17.1367
28.9074,202.1127,18.4262
123.8661,138.7256,14.0284
126.6718,136.5680,13.8686
194.6015,93.9146,10.3906
7.1873,209.6946,19.8942
114.2051,142.6938,13.4827
117.6428,138.8151,13.6565
112.9950,141.6189,14.3477
3.8288,206.6592,18.8290
269.3782,44.9992,6.2007
79.2071,158.7526,15.0994
101.7178,133.0658,14.2457
103.3422,132.1251,14.4356
285.4148,30.2341,4.9058
11.6844,179.2274,17.8876
10.5996,177.9599,19.2622
120.5502,118.1851,13.2131
206.6471,70.2520,8.5210
130.3953,109.7047,13.2596
0.6830,174.6964,19.8733
11.2590,169.1086,19.2237
5.4524,168.9185,19.1475
-34.8418,184.7409,19.8109
7.8554,162.2215,19.3598
-34.1434,182.1973,19.7431
-10.0176,167.7020,19.5976
75.8640,121.5018,15.3202
-31.5439,172.1495,19.6279
78.8522,118.5628,15.3506
1.3182,154.5790,19.1637
79.4817,117.1988,14.3347
81.4425,115.6207,14.5378
-34.0476,166.0518,19.7640
10.8278,145.1626,18.6706
82.9549,111.4693,13.8534
87.9379,109.1318,13.8424
-31.0624,162.3131,19.9398
79.4809,112.4827,14.3052
92.4279,106.5553,14.6134
95.6183,104.9034,13.6895
93.4067,105.6307,13.4311
129.3855,89.2014,12.0384
45.9012,125.5504,17.1031
58.7259,119.3064,15.7011
9.9930,140.3453,17.9148
125.3868,86.9720,12.3134
94.7379,99.8476,13.9156
51.4742,116.7789,16.4444
121.0712,85.5688,12.8435
-55.0085,159.3761,19.9128
81.9813,97.7567,15.0215
85.9681,94.8112,14.3351
103.7603,87.0273,13.0328
268.0433,21.1431,5.8489
104.8409,85.3786,12.7935
46.0618,107.4804,16.4689
231.4300,34.6538,7.4124
232.5452,34.0274,7.1869
82.8821,91.3448,13.9324
228.5460,34.8642,7.3268
218.9573,38.5288,8.0863
-19.7846,129.5043,18.7602
-23.6945,130.8945,18.9806
80.8830,90.7256,14.2650
-23.1180,130.1998,18.6518
58.3561,98.8781,16.0061
-19.6808,127.8326,19.5709
-25.7599,128.5191,18.4502
-39.4595,130.6424,19.1574
26.6345,106.3205,16.1604
38.9760,101.6606,15.5477
55.7789,94.4009,16.0942
91.7368,81.1854,13.5351
41.7459,98.6403,15.9705
39.1654,99.5568,16.0789
54.8964,93.7875,16.0543
45.2270,96.4814,15.2910
62.6549,89.9141,15.5751
43.5923,96.6361,15.8189
42.4009,97.0060,15.3136
55.2727,92.2842,15.8125
42.9676,96.6325,15.5835
-39.2089,125.4291,19.8814
56.7268,91.1090,15.5332
63.2096,88.7777,15.6500
62.4616,88.9925,15.2974
53.2359,91.7896,15.7871
56.8316,90.3975,15.2250
58.2363,89.9011,15.8523
57.4256,90.1265,15.3703
56.7440,90.1968,15.9365
54.5343,88.7189,15.1288
99.9499,72.6172,12.9957
103.5092,71.0865,13.1297
97.1603,73.1583,13.0025
102.2769,70.9304,13.3555
217.1022,31.6096,7.4843
41.8794,89.0165,15.1643
81.1930,75.6328,14.4417
10.8835,98.9145,17.9511
79.2242,75.9529,13.7924
78.2599,76.1785,14.8132
10.9871,98.4159,17.2365
9.7959,98.2208,17.4206
54.2192,82.4474,15.0096
25.2047,91.2790,17.3002
25.2552,90.7347,17.2204
47.5851,83.4179,15.7412
47.3821,83.0224,16.2303
122.8730,57.8126,12.1909
216.6358,27.6383,7.5109
75.1307,71.7126,13.8119
-9.7565,97.5254,18.3450
168.7856,41.3882,9.7249
33.8822,82.0278,16.3742
32.9862,81.7427,16.6631
51.1130,72.2283,15.9662
88.6565,60.7140,13.3979
99.6222,56.9412,12.9271
-30.2807,90.3335,18.5515
-30.4112,90.1685,18.5885
-29.0972,89.0908,18.0177
-59.7722,95.8058,19.5544
-30.8198,86.6977,18.4012
136.1660,40.1768,11.8207
43.3470,64.3269,15.8222
107.6908,46.2856,12.2897
214.6764,18.1259,7.6499
216.7830,17.5092,8.0366
215.9191,17.6886,8.0399
36.3611,63.2609,15.1957
-39.3364,82.1209,19.6294
35.6921,63.0191,15.5348
-39.9088,81.6799,19.0272
-39.4916,80.9671,19.9209
104.7282,44.7080,12.0720
41.1781,60.6274,15.9933
34.2332,61.6132,16.4720
31.5276,62.2654,16.5767
35.9294,60.9871,15.2654
33.2930,61.5503,16.4197
-59.9264,84.5313,19.9735
-66.1686,85.2832,19.4674
212.3285,16.6380,7.8701
36.0515,59.4890,15.6559
231.2869,11.6595,7.1703
35.4530,58.6407,15.4168
35.9049,58.5310,15.3890
52.5162,52.4458,15.0290
50.9174,52.3961,15.1550
51.5830,51.9560,15.0801
139.7908,30.9282,11.5597
4.5781,62.0278,16.7803
14.8362,59.0906,17.4194
137.2802,30.9633,10.6747
104.9397,37.3436,12.3097
134.6233,30.3845,10.8127
-56.9656,72.8651,19.0280
-55.6013,71.5413,19.3193
47.0639,48.5896,15.6125
-54.1072,70.7733,19.1526
39.1469,49.7728,14.8047
97.7865,36.9399,12.4310
45.7764,48.0098,15.8497
235.3919,6.7302,6.7191
35.4653,49.6663,15.8753
37.1781,49.2896,15.6700
38.6367,48.9208,14.9108
38.6059,48.3349,15.6812
50.0390,45.8650,15.5220
36.4735,48.6122,15.3080
-41.0830,64.6287,18.7517
42.4180,46.7333,16.0144
60.6613,42.7956,15.2082
32.4161,48.2692,15.8118
36.4567,47.2192,14.9865
54.8642,43.2897,14.5286
66.8109,40.7059,14.4678
20.7823,50.2032,15.6127
49.3298,44.0397,15.5197
55.3934,42.6932,15.1240
55.6513,42.4624,15.0199
47.2473,44.1437,15.3478
64.1337,40.5300,15.0710
68.8027,39.5115,14.1825
-53.8740,64.8095,19.7074
68.8825,39.3600,13.8636
56.0446,41.9348,15.1677
70.6512,38.9002,14.4685
66.7537,39.6737,14.3460
64.9887,39.9425,14.3150
56.6432,41.5870,14.9358
56.9308,41.5145,14.4586
66.6848,39.4183,14.0714
54.5170,41.8781,14.3888
44.8061,43.7508,15.3312
59.2305,40.8021,14.4977
59.8937,40.5727,14.9627
57.1150,41.1258,14.3992
50.0241,42.5254,14.4267
58.6443,40.7464,14.6252
52.1590,42.0360,14.7426
41.3311,44.0615,14.7406
42.3013,43.8473,14.6059
65.0007,39.1767,14.0974
43.9651,43.3341,14.7023
58.3268,40.3184,14.4457
66.3470,38.6888,14.4438
259.6312,-0.4121,5.8450
51.9036,41.3078,14.2415
47.6138,41.9911,15.0695
42.8069,42.6555,16.0919
48.5534,41.4606,14.8309
30.1525,45.0273,16.1428
49.4621,40.8197,15.3280
34.0534,43.8608,16.3105
48.2239,40.8514,14.3884
55.4886,38.8975,14.1936
45.5837,40.7854,15.5585
46.9340,39.6885,14.3799
47.8812,39.1804,14.5518
53.3891,38.0582,15.1760
58.6181,36.9387,15.0328
52.5348,38.0085,15.2469
51.7616,38.1389,15.2061
21.5571,43.9166,16.2165
48.8157,38.6831,14.7328
49.3141,38.5358,14.5392
48.2187,38.5808,14.6019
49.9798,37.9655,14.5300
289.4169,-7.7312,4.2440
52.8836,36.3969,15.1746
-13.8359,48.8624,18.4635
258.6314,-2.1966,5.7734
262.2514,-2.9003,5.6575
261.1111,-2.9592,5.6889
259.3540,-2.6742,5.7162
29.9890,39.3178,15.7072
-43.0353,52.6971,19.8494
32.2746,38.8475,15.5950
55.2711,33.7397,14.8129
163.0508,12.7580,10.2207
75.8443,27.8777,14.1353
77.0576,27.4757,13.7356
75.8134,27.3876,14.0030
51.3314,31.1104,15.0891
184.3556,8.4169,8.9580
50.2704,30.6120,14.2401
167.2172,10.5501,9.6687
-36.8389,42.5545,18.8152
49.0857,27.8836,14.6309
49.7363,27.6547,14.8298
-34.2567,40.9145,19.0236
42.5904,28.6830,14.7649
108.0073,17.9562,12.9024
108.1893,17.5612,12.5895
-37.3528,39.5886,18.6330
172.1229,7.0860,9.1467
104.9691,17.0207,12.8844
172.1954,6.6813,9.2983
170.9984,6.8622,9.3376
122.4715,14.2178,11.1170
-3.0674,32.5076,16.3992
-4.0235,31.7627,17.0917
187.2782,3.4136,8.4284
167.3190,6.1133,9.3644
-28.6955,34.6750,17.5824
-38.4394,35.7386,19.5070
-23.3701,33.3994,18.5587
-10.2797,30.3516,18.1319
-2.8079,28.4366,16.4582
-4.8386,28.7151,16.5538
-53.2038,32.0862,19.8121
-53.8993,30.9294,18.7768
178.5757,0.7903,9.5479
-39.1527,28.6146,19.3746
179.0344,0.1810,9.0639
-13.5415,22.8330,16.9856
117.3542,6.7144,11.9046
-35.1881,24.6592,18.7338
-63.1339,27.5180,19.0212
55.5773,13.0284,14.0522
-56.2182,24.4603,19.2803
-55.9606,24.0650,19.9528
53.2844,11.4369,14.8630
-65.4653,23.5321,19.8592
-26.2037,18.8618,18.1654
54.8475,6.7961,15.2793
52.6902,6.5342,14.1562
87.2097,3.1397,12.9603
50.6077,3.3273,15.4447
-38.9655,10.9124,18.6503
-39.9583,10.9859,18.6282
-37.6545,9.0174,19.1499
-59.5939,8.8898,18.8574
-71.0383,9.2212,19.6807
-68.5255,8.8629,19.7769
-75.9350,6.7050,19.9905
78.6042,-4.6011,12.8915
85.9162,-5.5155,13.7520
42.1356,-3.7946,14.7913
44.5530,-4.2082,14.7369
7.0470,-3.3847,16.9673
44.5571,-5.8664,14.2485
25.0027,-4.9237,16.3132
7.5346,-3.9491,16.7484
40.1048,-7.0221,15.6613
43.1591,-7.1935,15.7524
40.6513,-7.5066,15.5030
44.9273,-7.9995,15.3577
46.6629,-8.4112,15.1520
38.4813,-8.5780,15.6061
19.7765,-8.0737,16.4931
37.4416,-9.6548,14.5700
93.6564,-13.0534,13.2424
-9.2957,-8.8622,16.4647
27.4874,-12.2074,16.2043
-12.3202,-12.6522,17.8641
83.6229,-16.9854,12.7505
23.0294,-15.9740,15.5560
36.9007,-17.2941,15.1008
39.8460,-18.9114,15.0351
83.7934,-20.0949,13.6179
127.3527,-22.9457,11.2217
-48.2686,-22.6223,18.2939
-0.2271,-23.6737,17.3854
36.3454,-24.6458,14.7864
49.4003,-25.0633,15.2653
47.0395,-25.3151,15.2956
44.0912,-25.8292,15.4686
29.2294,-27.6524,15.0364
31.5561,-28.1209,14.8766
38.4453,-28.9496,14.5579
38.1474,-29.3527,15.0593
4.4016,-31.4966,16.7430
15.7427,-32.5788,15.8073
44.5777,-32.5229,14.5063
34.6494,-33.2308,14.7795
35.8031,-33.2955,14.9421
4.4003,-34.0350,16.6142
42.8976,-33.4726,14.4821
80.0306,-34.1496,13.8894
40.1984,-35.8472,15.1520
3.2654,-38.1143,16.3586
11.6922,-41.5905,17.1769
47.2793,-40.8953,14.7137
45.8050,-41.1278,14.3384
44.7058,-41.2000,14.3942
44.5415,-41.9180,14.9785
-48.2085,-47.4139,18.0998
14.7890,-45.7334,16.6073
42.7572,-44.4940,14.5299
17.5144,-47.2382,16.2185
20.2031,-47.1762,15.8080
58.0162,-45.4420,14.4608
60.5767,-45.3990,13.6093
-27.1832,-55.9590,17.6589
16.0992,-53.3870,16.9606
45.8510,-51.2263,14.6096
-52.5935,-60.0716,19.9495
50.5742,-53.0417,14.6698
50.2010,-53.0949,14.5425
47.8771,-53.4821,14.5257
48.2512,-53.5876,14.4906
35.7090,-55.2800,14.7360
-67.1053,-65.7089,19.2449
43.2033,-58.8084,15.4836
41.8077,-59.4204,14.8627
48.4789,-60.9880,14.4735
38.0904,-62.0987,15.5658
47.8315,-61.0942,14.2370
37.7998,-62.5953,16.0830
-22.9606,-70.8910,18.4958
41.1774,-64.0586,15.2617
79.6997,-60.0861,13.7657
-26.7788,-74.2337,18.2388
36.1638,-68.4322,16.0043
32.6732,-71.0070,15.4448
257.0051,-43.1262,5.7687
36.5660,-72.2673,15.0305
47.2055,-72.0592,14.3302
29.6621,-77.4758,15.9160
49.5201,-74.9519,14.1634
20.6009,-79.1404,16.6605
-0.0095,-84.3107,16.7731
-44.1134,-93.2428,19.1593
-40.1279,-94.7826,18.1267
55.9078,-80.4753,15.1141
56.6950,-80.7700,15.0074
60.9620,-80.2853,15.0974
57.9471,-81.7905,14.2412
-32.9273,-97.5776,18.8445
-42.7189,-99.5555,19.7610
5.9845,-92.7398,17.6657
7.8018,-95.1953,16.5883
-26.2918,-101.7905,18.9055
10.8113,-97.3338,17.4998
6.5793,-99.0892,16.5269
8.4102,-98.9507,16.0669
11.2749,-98.7802,16.7884
7.6639,-99.5879,16.6854
-73.2003,-121.1421,19.6931
7.6691,-105.1638,17.3843
25.6390,-101.6311,15.3619
-18.6975,-114.4057,18.8483
-19.3984,-114.6776,18.8316
-47.3770,-121.8710,19.0260
-47.6135,-121.9499,19.4134
-44.9881,-121.6259,18.6823
101.8503,-90.1821,12.9851
98.7563,-91.1198,12.9587
95.4317,-93.3083,12.6190
29.1984,-109.1442,15.2730
-66.0707,-132.3305,19.7367
-26.0900,-123.2612,18.2819
77.8517,-99.5299,14.5214
79.3039,-99.3425,14.3768
89.3750,-98.0001,12.7329
109.3927,-94.2213,13.0990
-75.6736,-140.0603,19.8511
111.9704,-94.9049,12.9095
-2.8596,-123.6576,16.9841
110.4684,-95.3204,12.8662
-0.4432,-123.1746,17.0784
118.7360,-93.4172,11.5827
97.6467,-98.8683,13.5557
111.0595,-95.6044,11.8359
31.1035,-116.0443,15.8922
97.7699,-99.4619,12.7076
27.0678,-119.0821,15.6698
107.5934,-98.7690,12.4298
106.8810,-99.0275,12.8382
107.0258,-99.1936,12.5081
4.5684,-126.4479,17.4540
95.7209,-105.3661,12.5824
51.8691,-117.3686,15.7012
67.1310,-115.1168,15.0419
74.6453,-113.4363,14.8468
53.6961,-120.5051,15.3938
8.2414,-134.1228,17.6668
214.3153,-75.3692,8.0547
210.1660,-76.6570,8.1233
73.8067,-116.1180,14.7874
82.1122,-115.0777,14.1855
207.8287,-78.4632,8.0871
75.0516,-118.9112,14.6721
73.9954,-121.4476,13.6298
191.1651,-85.7791,8.9790
231.8860,-73.8307,7.1782
22.5161,-139.4701,16.8805
19.6089,-140.7644,17.5361
23.2876,-139.6664,17.4265
21.7108,-140.5599,16.2687
21.1719,-140.8226,16.8052
145.2866,-101.9747,10.8752
189.2503,-88.5882,9.4417
22.5750,-141.6476,17.2008
21.8564,-141.9383,15.9342
147.3164,-102.6456,11.4287
97.9956,-118.5691,12.9874
101.1810,-117.5977,12.9797
25.3428,-142.0192,16.0518
94.2454,-119.9678,12.9175
22.6965,-143.5411,17.1776
-46.5985,-165.8878,18.9022
24.3333,-143.0306,17.0970
180.9562,-93.8850,9.6448
169.6246,-98.2899,10.2031
54.7359,-136.9938,15.9605
188.1822,-92.4628,9.2886
184.0108,-93.8994,9.5162
53.8540,-137.9438,14.7352
92.1221,-125.3199,14.0703
94.1037,-125.4065,13.1525
30.9444,-148.8921,17.0976
30.1962,-149.4678,17.2570
30.2130,-149.5034,17.0679
50.9048,-145.0110,16.0376
99.3500,-130.6190,12.8035
36.8293,-153.4761,16.8270
34.1922,-155.4716,16.5342
-51.6441,-187.9629,19.4958
35.4026,-156.7882,15.7509
-27.7041,-183.1300,18.7892
37.9943,-158.3689,16.5987
-30.4077,-184.3166,18.7755
-26.6641,-183.4633,19.8533
38.5540,-159.0975,15.5944
38.0231,-159.4203,15.7214
149.9539,-117.5022,11.4338
55.9538,-161.2244,16.0270
40.8650,-168.6963,15.9961
50.5911,-164.8913,15.4554
23.6934,-176.2872,17.0735
39.6290,-170.0717,16.9627
40.5310,-170.0854,16.2692
41.7328,-169.6764,17.1028
57.5749,-163.2367,14.8592
58.6234,-162.8252,14.8496
39.8386,-170.7455,16.8968
50.0312,-166.8694,15.5525
57.6362,-163.8383,15.5713
153.6042,-125.4859,10.7093
95.8130,-151.3128,14.2847
57.5613,-167.7956,15.9356
46.0651,-173.2045,16.4436
59.7228,-167.5634,14.8475
57.4304,-169.0297,14.9170
59.3002,-168.2215,14.9850
59.8705,-168.5161,14.9950
59.7670,-168.8588,15.1004
66.1729,-166.3415,15.7264
31.6575,-183.3100,17.3308
62.1329,-170.7452,16.2776
60.2129,-172.4201,14.8676
53.1992,-176.8349,16.5242
23.4993,-190.9979,18.0350
68.4072,-170.6414,15.0754
62.0826,-173.8749,15.8315
67.0094,-171.9657,14.5931
67.3976,-172.0567,16.0550
69.1421,-171.3737,14.7583
69.1721,-173.2709,15.5120
226.4174,-100.6445,7.4059
71.7663,-173.4368,14.5509
36.9063,-190.9032,16.5637
67.0716,-178.0752,14.8102
76.8914,-173.9063,15.0748
78.4999,-173.1458,14.5472
60.3183,-181.8275,15.6811
70.3116,-177.2371,14.9132
70.0565,-177.9901,15.5715
78.8636,-173.7736,14.6894
73.5248,-176.4635,15.2192
79.9538,-173.5259,14.3360
70.0187,-178.3879,16.0899
82.8356,-172.2840,14.2828
67.5799,-179.6158,14.8295
70.5144,-178.2703,14.6838
42.6861,-191.9757,16.2618
74.1227,-176.8339,14.4403
95.9062,-166.4150,13.9122
75.4122,-176.7023,15.5695
75.1819,-176.9365,14.4047
71.5259,-178.8784,14.6407
94.2802,-168.0103,14.3085
93.3172,-169.8525,14.5100
64.0784,-184.4028,15.3571
77.5423,-180.1926,15.7890
105.2540,-170.0594,14.0957
110.6393,-167.7712,13.4272
102.8978,-171.8623,13.6069
72.0822,-188.0992,15.4840
109.0624,-169.3158,13.9746
89.2630,-179.7783,14.5442
75.2200,-187.2498,14.8955
120.6403,-164.6807,12.6603
121.4261,-164.5916,12.4760
106.5229,-172.5662,14.3513
118.5471,-166.5587,13.6131
108.6365,-171.8467,14.2181
100.3520,-176.2668,14.7200
104.1623,-174.6076,14.4010
76.5927,-189.4815,14.6757
13.4492,-222.7871,19.1469
74.9350,-190.7061,15.0765
15.1205,-222.5831,18.5789
18.9821,-220.7472,18.4052
18.8757,-221.0907,18.4327
108.7162,-173.6437,13.3138
125.9213,-164.7301,13.2603
130.2294,-164.0151,13.0310
78.1860,-192.3876,15.6113
108.9181,-176.6414,14.3926
-5.5930,-241.2408,19.1010
5.5276,-236.1365,18.6059
5.4921,-236.3716,18.7304
24.1703,-226.3765,17.5932
12.0414,-233.4394,18.1314
12.8093,-233.0564,18.1761
20.0428,-229.3738,19.0299
61.9885,-209.4312,16.4029
62.4266,-209.2753,16.3734
24.9682,-233.0875,17.6344
25.5886,-233.3700,18.5010
111.4803,-190.7947,14.1546
33.0478,-238.9731,18.4134
34.5540,-238.3899,17.1687
33.6289,-239.2873,17.4964
12.5854,-252.5495,18.3051
68.3209,-218.8453,15.7180
75.5101,-215.6687,15.3163
49.9161,-233.2604,17.5487
90.3994,-209.3687,15.5991
126.0271,-187.5333,12.8725
91.0602,-210.6477,15.2159
24.6701,-257.8911,18.1620
188.6198,-154.3959,10.2182
129.4699,-194.3065,13.5648
81.9510,-226.2322,15.8926
63.6404,-239.1183,16.5546
63.4098,-239.2905,16.5291
98.4106,-217.7722,15.7737
115.1297,-208.5376,13.8296
86.3929,-228.7926,15.9788
85.2374,-230.1665,15.6867
186.8979,-161.6809,10.4012
95.7415,-223.5173,15.5355
186.3730,-163.1292,10.8259
69.6049,-243.3299,16.3743
115.1741,-212.4942,14.7848
181.0212,-167.5059,10.9170
47.6171,-260.3544,17.8321
118.6165,-211.5540,13.9805
45.4725,-262.2700,17.2717
51.3934,-260.9025,18.4194
188.6785,-166.0282,10.7153
193.3788,-164.6475,10.1447
181.7753,-173.9884,11.0607
181.9832,-174.0676,11.1610
186.6530,-170.7807,10.3315
112.4169,-224.7853,15.3979
188.4978,-170.0273,10.3243
185.9795,-172.2288,11.2767
68.9305,-258.4415,16.9923
196.9463,-164.9591,10.7162
198.3644,-164.5285,10.7260
71.2551,-264.7972,17.6161
70.3590,-266.3833,17.8967
73.6054,-264.5302,17.4482
75.8247,-263.3520,16.5888
75.2993,-264.1108,16.3761
52.2411,-282.7609,18.6076
76.6428,-264.5125,17.2639
113.4189,-238.8513,14.5595
85.7221,-261.2897,16.7142
115.0087,-240.8800,14.6496
115.2579,-241.8047,14.4260
185.2273,-188.0895,11.4125
159.6390,-210.2779,12.7386
117.3368,-244.7356,14.5184
96.0186,-269.1897,15.9601
137.3666,-245.8835,14.5246
122.4012,-259.5725,15.4839
119.7794,-265.5534,15.7985
175.4366,-217.3442,12.6404
209.5168,-201.0903,11.2869
194.2260,204.1764,14.7785
245.3724,142.8279,10.4327
192.9722,204.0785,14.0847
242.2842,142.2769,11.1434
240.6779,143.7077,10.3428
240.9709,142.4992,10.4011
158.8156,235.6548,17.1969
158.7742,234.4953,17.1296
160.3100,232.6635,16.3818
168.1703,222.5648,16.0505
156.1677,234.0929,16.2812
156.3598,233.0412,15.9548
157.1724,231.7174,16.6733
164.6921,223.0921,16.0922
153.1945,233.9998,16.4704
154.7096,231.6292,17.1579
152.6951,231.1236,16.3779
207.8214,170.1063,13.2902
205.9393,171.4640,12.4246
207.6003,169.3058,12.4272
207.0323,161.7743,12.2004
206.6653,151.8207,11.6260
211.5261,143.2321,11.9068
81.4954,254.8884,19.0672
219.0750,128.1712,10.6562
264.0278,86.5979,7.9645
205.5802,137.9733,11.5141
157.0926,180.7107,15.2027
78.1472,249.6375,19.3306
77.2883,250.2357,19.1024
138.3127,193.4586,15.2613
76.2985,247.5198,19.5643
80.7279,243.6040,19.3263
76.9645,244.0246,19.3549
89.4265,226.4574,18.3486
194.0776,137.4571,11.6524
205.2020,127.7199,11.4646
87.4857,226.6202,17.9842
263.8001,77.8213,7.6211
55.8055,248.0811,19.8872
91.3037,217.9374,18.4117
84.4476,223.4385,18.4427
83.4408,224.1299,18.7743
82.6417,224.6194,19.0272
76.3859,229.3946,18.6992
85.3457,219.6321,19.1945
87.8348,208.1163,18.8426
118.9925,181.6603,15.7438
161.8449,146.7919,13.6213
178.5140,125.9541,12.4358
70.7692,197.7319,18.8160
168.3978,127.3215,12.6037
219.3982,90.7836,9.8327
209.7608,96.5555,10.6214
195.1873,105.4459,10.9028
165.2649,124.2407,12.9520
161.7122,125.5632,13.1473
161.5834,125.5169,13.4176
162.6678,124.7563,13.0470
208.6155,92.9885,9.9621
163.3714,122.2828,13.1067
159.6420,123.7275,13.5498
29.8278,208.8621,19.8551
278.1334,45.4114,6.3296
51.9309,193.6904,19.8448
72.7685,179.8251,17.8307
72.4231,179.7787,17.7006
29.2171,201.4404,19.7590
171.0218,106.7538,11.7384
66.1124,167.8028,17.8648
172.7700,102.6987,11.4796
41.4352,165.7419,18.1441
209.1506,71.7771,9.8246
66.0263,149.8564,17.5148
4.2053,172.2718,19.8066
99.6925,121.0346,15.5304
98.7528,121.4858,15.1416
6.8962,162.8416,19.9076
11.1016,159.6894,19.9124
194.7509,66.9610,10.6598
3.6329,159.2897,19.8379
203.7914,60.0246,10.1216
202.3822,60.5991,9.7714
199.2602,61.8770,10.0859
197.5920,62.5260,10.3607
87.7563,113.0751,16.3150
145.5491,85.0262,12.4261
88.5315,110.7118,16.4323
133.4592,89.6685,13.9021
87.3949,106.9231,16.1572
88.0479,106.6324,16.1358
145.1835,81.1389,13.2755
88.3008,106.3147,16.0248
43.5563,126.1264,17.2486
44.6516,125.6356,17.2237
95.4954,102.0913,15.8678
12.2439,138.0987,19.9512
53.3415,116.7077,17.5598
83.3204,103.7526,16.3245
99.2697,96.8962,15.6328
89.3049,101.0681,15.7402
91.2146,99.1054,15.6122
46.7343,116.6848,17.8711
217.4863,44.7678,8.8870
216.9954,44.6046,8.7008
117.3402,84.5384,13.9270
85.6457,96.9200,16.0217
48.3816,111.4721,16.7681
38.6367,113.9314,17.2209
267.9272,21.1820,5.9984
125.0141,77.8396,13.3055
40.5256,111.3136,17.6696
82.8018,91.6481,15.9857
83.2275,91.2622,15.9884
117.9099,76.9932,13.3201
177.9834,53.7356,10.8088
83.5066,88.9419,15.9841
116.6286,75.9536,13.5831
27.6240,109.0990,18.8075
43.4915,102.9397,18.1174
55.9929,97.9740,16.3167
115.5887,75.2133,14.3384
65.1545,92.9835,16.2018
67.0487,92.1056,16.7035
66.8251,91.2318,15.8462
56.4326,94.6900,16.2257
62.5742,91.5254,16.9973
66.4917,90.0364,16.4942
64.3377,90.4074,16.8393
63.5780,90.5822,16.6992
46.0011,95.6114,17.7726
51.5039,92.9170,16.5466
53.7558,91.9156,16.2413
58.7064,90.0875,16.0936
82.3527,81.4759,15.5821
48.7229,93.3398,17.0323
61.1743,88.9343,15.9141
42.9600,95.3130,17.2152
64.8860,87.2832,15.8639
17.5272,101.3526,19.5106
43.0869,91.8047,18.1043
96.3316,73.2264,14.3400
44.7412,87.8290,17.9828
95.8651,70.2511,14.2628
94.9816,70.4443,14.9668
213.6678,29.1718,8.8395
90.9255,67.9548,15.2509
-9.7146,96.9751,19.7873
-17.3890,97.9648,19.6056
169.6410,40.5034,10.4236
34.1881,81.8893,17.0332
167.1450,41.1224,11.1017
147.6705,46.7083,11.4711
52.0461,74.1705,16.4965
50.7324,74.3839,16.1568
51.7560,72.5737,16.1052
-4.7575,88.1675,19.9216
31.6301,76.3210,17.6641
54.1272,69.0090,16.1124
54.4551,68.8031,15.9871
49.6772,70.0865,16.6100
47.9861,69.3043,16.8282
238.9393,14.8001,7.1043
228.8011,17.4074,7.7279
30.9841,70.6177,17.5671
30.4105,65.5714,17.3645
31.6823,60.6902,16.9713
219.7728,14.0812,8.0565
42.8648,56.4623,16.3050
218.8256,13.9238,8.6696
232.6473,10.2133,7.2746
28.2542,57.8560,17.0986
57.9805,50.8347,16.1684
136.9088,32.2128,12.2943
140.6559,31.2932,12.1229
134.7441,32.6705,12.1170
139.2253,31.6177,12.1981
135.9708,32.0782,12.4719
135.7372,32.0371,12.2817
135.3942,31.9886,12.2718
58.7737,49.1074,16.3601
257.2581,3.5103,6.6446
116.4117,35.1275,13.5932
44.4934,51.0594,16.2713
233.2951,8.2792,7.5422
66.1212,44.1330,15.9636
41.4122,48.6038,16.9148
41.3777,48.3426,16.7539
56.4616,44.6414,15.5821
41.5580,47.7757,17.1478
106.8538,33.4938,13.4385
213.8888,10.5823,8.5595
20.7915,50.9207,18.5041
42.5981,46.3213,16.4834
56.9701,43.2585,16.0580
66.3093,41.0621,15.3014
53.9508,43.5964,16.0487
25.0201,49.5653,17.3608
60.1965,41.4718,15.3357
51.1934,43.3306,15.7679
69.6519,39.3191,15.4199
55.1426,42.2635,15.8426
33.6935,46.2412,16.5601
239.7048,3.8974,7.5425
194.9836,12.5408,9.2518
47.5741,41.8935,17.0365
44.2502,42.5222,16.7805
36.9660,43.6882,16.8445
37.1632,43.5211,17.1460
32.0638,44.4860,17.6940
34.6138,43.8519,17.6300
34.1625,43.9316,17.6564
43.2624,42.0060,16.5916
39.2885,42.6631,16.4970
31.3515,44.0959,17.4152
40.7131,42.0468,16.7454
41.1651,41.9026,17.5840
38.2330,42.3814,17.7244
43.8967,40.8495,16.8573
38.3080,41.8741,17.6480
24.6808,43.0767,17.8690
52.0650,37.1032,16.6828
23.8180,42.2103,18.1204
-14.3906,47.5125,18.7470
166.8812,12.6576,10.7985
173.7549,10.9376,10.6413
174.3925,10.7559,10.1083
180.4912,9.6949,9.8799
168.7693,11.6892,10.6061
41.8359,33.2648,17.4807
180.4970,9.2714,9.9690
11.4591,37.6097,18.2231
285.0561,-8.8414,5.0764
163.5338,11.6979,10.9407
160.1970,12.2288,11.2183
173.8657,9.9157,10.1718
169.1346,10.7027,10.4768
176.2485,9.3570,10.2666
184.1562,8.0140,10.1261
156.3703,12.6252,10.9743
177.2429,9.0376,10.1025
168.9474,10.4207,10.6096
187.1019,7.2966,9.9487
162.5410,11.1658,10.5648
218.0055,1.3304,8.4178
215.0271,1.7662,8.5298
175.6400,8.1455,9.9134
170.2747,8.9561,10.3888
170.8611,8.2969,10.3270
110.5038,17.8036,13.5857
288.2224,-10.4601,4.7026
109.1472,17.4034,13.7516
108.9463,16.7206,13.0903
177.3956,6.0381,10.1294
53.3109,22.5186,15.8507
-30.9334,34.3824,19.4399
-18.1591,31.5371,19.0550
288.5628,-12.4023,4.6074
-16.8583,29.4326,19.6074
-16.9172,28.5031,19.6519
-14.5918,27.9477,19.5487
-1.7696,25.8009,18.2329
127.4369,6.9333,12.5837
-18.7379,24.9060,19.4756
48.1358,15.6376,15.7468
57.2862,11.5730,15.7155
53.0578,10.9380,16.7440
-28.7863,18.2148,19.9972
178.1715,-4.6373,10.0844
259.8998,-13.3735,6.3504
8.1488,11.1303,19.0724
178.9327,-6.0934,10.1127
-37.5043,10.6961,19.9432
-6.3196,7.3602,18.7345
208.1878,-11.5690,8.5026
155.2119,-9.9625,11.4050
80.1169,-6.7699,14.9252
41.4869,-6.3522,16.0065
92.0840,-11.9881,14.6576
-7.8245,-7.3488,19.2323
40.8597,-9.9353,16.3050
183.7143,-16.7368,9.8509
89.4036,-13.9659,14.8472
42.1854,-12.4058,16.6095
88.3168,-14.3645,14.2338
27.5210,-14.6246,17.4281
70.7624,-17.0056,14.8715
179.3337,-20.3103,10.2863
-7.6864,-16.3371,19.1297
37.3926,-17.5566,16.3148
80.6185,-19.2136,14.3701
23.0224,-18.2129,17.9591
37.0602,-19.1450,17.2194
40.3903,-20.3715,16.2905
22.6633,-20.1085,18.1692
21.0249,-21.2660,18.0833
20.8451,-21.6348,16.8999
41.2695,-22.0383,17.1038
45.2322,-24.6655,15.7905
42.1131,-25.4088,15.9999
40.5164,-27.0440,16.2780
40.6132,-27.4777,15.9824
36.8281,-27.5401,16.3057
174.8959,-29.3377,9.8336
41.0059,-32.6188,15.8669
42.4891,-33.7558,16.4009
9.3461,-38.2613,17.4910
32.6011,-38.9433,16.9617
37.6034,-38.9114,16.5347
35.3447,-39.0237,16.4460
86.9973,-40.3586,13.8213
40.2166,-42.6663,16.9474
37.7038,-44.7524,16.9609
37.4190,-45.7604,17.5249
58.0541,-45.4394,15.1688
39.9939,-46.5350,17.0246
50.1572,-46.4993,16.5147
8.3680,-49.8614,18.4738
38.3420,-48.0481,16.4418
17.7709,-50.0609,18.2609
17.2198,-52.2190,17.1760
69.6137,-53.3854,15.7333
168.6352,-46.3800,10.3052
52.7462,-57.1448,15.7005
166.8243,-46.8470,10.4892
41.3497,-58.7122,16.6522
39.1171,-59.0981,16.1546
34.6802,-62.6129,17.0439
36.3329,-62.4509,17.1672
33.5941,-62.9389,17.4251
31.4295,-63.2171,17.0812
18.9604,-64.5696,18.4704
26.0601,-64.2582,18.1595
28.3439,-64.1534,17.8572
40.7611,-63.1016,16.1958
40.3006,-63.8591,16.7022
165.0632,-50.3530,10.2830
274.3950,-38.4142,5.4993
27.1650,-66.7968,17.7639
36.5942,-66.7184,17.6213
6.4134,-70.2642,19.0883
-1.1110,-71.3212,18.5160
27.1642,-69.0772,17.8279
35.4547,-68.2290,16.6123
24.3342,-69.5631,17.9722
27.0682,-69.2554,17.2785
-5.4141,-74.5777,19.0220
35.4196,-70.2478,16.3470
38.2885,-70.5626,17.3762
-27.1337,-79.7930,19.8059
21.7422,-73.7933,18.2999
29.8995,-74.4066,18.0271
20.6879,-77.3922,17.3152
32.8971,-75.9920,16.6295
2.4146,-83.2787,19.3920
2.4581,-83.3921,19.4742
31.8765,-80.0975,16.9697
-10.9932,-88.5466,19.7031
55.4760,-78.5865,16.3142
61.0233,-78.4362,16.1093
59.8276,-78.7967,16.1840
2.6799,-88.2409,18.1224
8.2896,-87.4907,18.8524
4.7843,-89.5142,18.8989
-37.0741,-97.1340,19.7917
0.8229,-90.9919,18.9224
-38.9385,-98.4554,19.9450
58.1144,-82.2972,16.6610
5.5637,-92.0563,19.0710
5.6867,-92.0775,17.8266
7.9184,-92.6156,18.6447
13.5697,-94.7532,17.7102
-1.2918,-98.8555,18.6349
-0.5122,-99.3886,18.8568
5.9530,-98.5235,19.3490
3.2041,-99.1446,18.1729
179.8805,-66.9614,10.5435
177.7964,-67.6656,10.0426
28.2649,-103.2073,16.8537
28.0802,-103.4036,17.0349
-21.3043,-114.8797,19.5838
180.6079,-71.5249,10.1722
177.0502,-75.1851,10.4786
29.7122,-111.0982,18.0084
79.6662,-99.4037,15.0026
31.0812,-111.8205,17.7772
168.1742,-79.1172,10.5532
182.3070,-76.8561,9.9955
26.0038,-116.8347,17.5781
37.3558,-114.1794,16.9955
179.8364,-78.5608,9.8380
-1.8744,-124.6973,19.4348
102.3726,-102.9112,14.0866
77.9070,-109.6123,15.7496
4.9874,-129.6516,19.6273
103.8852,-103.5038,14.5739
7.0981,-132.6260,18.8934
72.0036,-115.4599,15.8824
75.5460,-114.5020,15.1281
76.2222,-114.6085,15.6460
71.1558,-116.0687,15.6290
78.3306,-114.1109,15.2854
69.0940,-117.2800,15.5781
75.6243,-115.4594,15.5587
78.2733,-114.9413,15.6357
75.3203,-116.3957,15.6136
7.2298,-137.8603,18.8442
33.3724,-130.5768,17.3901
76.8194,-118.2105,15.8786
6.5640,-139.9017,19.1083
31.5346,-132.5148,17.0200
2.7035,-141.5259,19.4100
76.3042,-119.4287,15.9680
185.1190,-86.9525,10.0435
33.0190,-133.3373,18.3205
98.7670,-117.7986,14.5681
96.6107,-118.5080,14.6625
26.7199,-141.1270,18.1292
22.8381,-142.4353,18.2712
-22.4417,-158.6985,19.7726
53.8776,-135.9374,17.5088
40.3258,-149.4826,17.1793
53.3384,-153.0468,16.7750
52.0518,-153.5417,16.8779
34.0439,-161.3078,18.4199
38.9777,-159.6973,18.2037
36.1561,-160.7934,18.2529
53.7093,-154.4217,17.1626
53.9983,-154.3836,17.1088
55.4781,-153.8173,17.2209
54.5487,-154.3053,17.2692
56.0116,-153.8368,17.1879
52.6629,-155.1669,17.2708
19.6281,-175.5545,19.2983
48.7048,-164.3479,18.3446
101.7092,-146.3921,15.0716
58.2556,-167.4440,16.8353
54.6587,-169.4335,17.0869
55.7454,-169.3274,17.5683
61.9066,-167.5879,16.9068
60.3899,-168.2803,17.1364
64.1890,-166.9270,16.9141
63.0540,-167.4657,17.3194
55.3703,-170.9151,17.0936
58.4600,-169.9920,16.9840
58.9807,-171.1326,17.2070
62.6810,-171.5205,16.7909
52.6996,-176.7720,18.1559
58.8139,-174.1822,16.7494
55.6591,-175.6647,17.2393
62.1413,-173.2990,16.7670
58.5861,-175.6905,17.1806
31.5023,-190.7382,18.5273
235.2200,-97.9347,8.3386
64.8740,-181.2245,16.5468
66.4712,-181.4801,17.0419
68.1244,-180.8425,16.6065
69.6091,-180.4669,17.4631
79.0643,-175.9261,15.7340
83.8592,-174.2643,16.7724
44.4533,-193.5469,18.8435
68.0019,-182.0934,16.6157
63.2643,-184.4516,17.0887
63.6978,-184.9737,18.0118
60.6442,-186.6512,18.0366
74.5548,-179.9727,16.1118
68.1966,-183.1718,17.7039
72.5987,-181.0553,16.7338
62.6964,-186.3302,17.1491
74.1287,-180.9479,17.1590
67.0840,-184.4593,17.6915
69.5662,-183.5676,17.3353
66.4281,-185.4902,16.8593
75.7643,-180.9907,17.3155
72.1532,-185.2679,16.8363
108.7034,-168.2157,14.4671
40.4354,-203.3786,19.1805
89.2931,-180.1338,16.4675
89.5599,-180.4356,16.5167
88.4999,-181.4322,16.8653
106.9970,-173.4280,14.6064
223.1054,-112.4040,8.8424
92.8262,-181.5574,16.5612
94.2825,-181.7330,16.4624
91.9109,-183.0611,16.7269
108.0818,-174.6436,14.9167
111.4293,-172.9334,14.8500
114.4666,-171.4131,14.7843
126.5379,-165.3843,14.2310
115.4243,-171.7833,14.7634
65.5489,-200.5025,16.7819
83.0009,-192.8993,17.2764
79.7690,-195.8805,17.5658
25.1154,-227.1985,19.2008
87.2453,-192.7049,16.3795
29.6192,-228.9440,19.7033
90.9743,-194.8506,16.6387
31.0146,-229.0981,18.9427
90.0972,-196.0152,16.6727
33.6793,-229.2662,19.8237
125.7196,-177.5519,14.4700
92.1665,-200.5913,17.1797
109.0841,-191.0718,14.8458
89.8876,-203.8051,17.3609
193.1755,-142.2895,11.1020
33.2679,-238.4354,19.5717
110.0498,-192.3617,15.3698
102.1306,-197.9601,15.4337
91.1181,-205.8485,16.7592
75.4142,-216.0865,16.8238
75.1838,-216.7495,16.8937
53.8876,-231.2686,19.4703
93.3122,-211.8826,16.8577
100.5846,-210.3053,17.0842
126.7496,-196.4554,14.6701
64.4075,-239.3653,17.7559
258.0793,-111.6414,7.4556
113.0183,-208.1989,15.8722
110.5994,-210.9394,16.6896
104.0675,-215.9455,16.5569
101.4276,-218.2201,16.7158
103.5649,-217.2613,16.1839
68.5387,-241.5164,17.9488
104.7873,-218.0284,16.8948
96.9793,-225.7734,16.8950
97.1297,-226.1748,16.8757
187.5964,-163.9226,11.3514
70.0117,-246.4361,18.4245
68.8814,-247.6073,19.2768
52.0540,-260.8857,19.0779
50.5137,-262.5751,19.5896
51.3581,-262.2318,19.8723
183.5602,-169.5627,12.3809
149.8033,-194.0550,13.8848
71.1517,-250.0012,19.0328
65.2813,-255.2196,18.7023
187.2805,-169.4536,12.0632
186.5655,-170.3847,12.2059
185.5307,-171.8883,12.1901
63.3857,-260.3348,18.4672
185.4865,-172.1093,12.2219
200.2392,-161.8125,10.9210
195.8778,-165.0066,11.0124
184.9800,-173.1772,11.9927
187.8621,-171.1657,12.0089
192.3442,-168.3296,11.5597
205.9785,-158.4422,10.5320
194.4065,-167.0624,11.1071
192.3691,-168.5647,11.7287
187.3195,-172.5492,11.9666
133.3648,-214.6872,14.7467
247.6131,-129.7636,8.3490
261.3222,-120.1626,7.8064
59.8342,-272.9001,19.8827
119.2374,-228.1648,15.9813
72.1281,-263.8048,18.9297
59.3445,-273.7999,19.3864
70.2999,-265.6626,19.6569
72.5159,-265.0962,18.7756
72.9054,-265.2718,19.4116
57.9614,-276.9046,19.0813
71.5875,-266.6728,19.1629
76.6782,-264.6856,18.6849
80.3307,-264.8341,19.0502
77.7644,-266.8747,19.5053
79.0327,-267.2490,19.5829
184.9660,-188.2189,11.8897
187.9561,-199.4094,13.1931
222.8278,-169.4945,10.2039
111.0690,-267.8590,18.2618
157.3381,-244.8494,15.1722
178.6269,-225.0270,14.3231
157.8679,-245.0544,14.9657
205.8481,-199.8748,12.4238
155.0263,243.5984,18.1569
158.6127,236.3695,17.8619
157.8296,237.2271,17.9617
239.8572,142.7395,11.2721
156.7512,234.8288,17.7715
156.5841,234.7545,18.2274
153.9392,237.5108,18.3416
191.1865,193.4786,14.9856
210.1434,170.5528,13.5050
211.9245,168.4101,13.2116
205.6590,172.3177,13.9861
204.9815,172.6816,13.6457
216.9937,145.6171,12.2967
178.3610,172.7038,14.6101
219.4766,125.2171,11.5021
145.2442,187.8770,16.6949
144.6069,188.2361,16.4571
128.5079,195.7957,17.5924
130.7374,170.5051,16.3158
82.8508,204.6430,19.8719
72.3931,199.2632,19.6663
257.8243,65.3660,8.1372
257.9719,65.1556,8.1856
169.6666,124.9287,13.6481
219.0828,90.1078,10.6206
189.6027,109.7137,12.4275
124.6970,153.1429,16.3831
120.8422,154.7843,16.7471
115.2750,157.6474,16.9039
162.3331,125.2677,13.6954
163.1382,123.2498,13.8480
211.4063,89.7860,10.6008
119.2504,148.6990,16.6534
117.8204,139.4771,16.4421
50.9012,161.4103,19.9287
175.8065,75.7823,12.2063
207.8419,58.0694,9.9718
88.5792,113.0481,16.6961
92.3582,111.2574,16.3464
202.6292,59.8335,10.6132
128.2431,89.5850,14.6077
144.2651,81.7149,13.3448
147.7802,80.0890,13.2180
85.0487,105.6326,16.6841
60.2022,116.0907,17.9356
113.8596,91.6572,15.1704
78.1995,107.0150,16.9521
146.6591,77.0842,13.1879
254.1442,30.6522,7.3512
56.8414,113.9760,18.3174
84.2478,99.4002,16.8771
117.2494,84.1054,15.1896
151.0709,67.9359,12.9536
102.3270,86.6086,16.0245
101.4279,86.8866,15.7886
106.0442,84.9561,15.4555
47.5109,102.7957,18.8664
49.7698,101.9313,18.7148
64.6076,94.4954,17.8341
64.0639,93.9501,17.8987
63.1029,92.1904,17.9340
65.1893,90.2927,17.8647
41.9240,92.3933,18.9397
97.8630,69.0021,15.5811
153.4882,50.6924,12.8704
99.2477,66.1396,15.7501
98.1450,66.3876,15.3300
100.3125,65.6907,15.2320
95.2573,67.2305,15.4259
99.3275,65.8812,15.1714
94.6512,67.1087,15.6682
48.5163,80.8619,18.5920
52.6809,76.4691,17.7658
50.4479,74.7715,17.6790
91.3877,61.9240,15.7599
90.3711,62.1910,15.8543
31.2631,76.0222,18.8980
53.3230,68.1216,17.9800
244.3088,11.9285,7.5627
29.8942,69.0324,18.6059
243.9219,11.9985,7.5605
23.5565,67.3267,19.1661
217.4735,14.7175,8.9428
130.4551,34.2875,13.5225
132.0925,33.6377,13.6332
51.5786,52.5007,17.3516
63.4142,49.7153,16.7731
58.1073,50.8450,17.3666
62.0976,49.8042,17.3171
137.5939,32.1470,12.9960
137.9847,32.0214,12.8739
59.2147,50.3943,17.5024
137.1564,32.1181,12.9606
137.1972,32.0339,13.0297
52.5049,51.6290,17.9230
18.2198,59.0844,19.7171
148.3413,28.5294,12.7344
150.4798,27.3640,12.5979
260.2282,1.6658,6.7528
203.6412,13.2315,9.6896
28.7506,45.9951,18.7273
36.7334,43.1337,18.4012
45.2250,40.4727,17.7412
32.7791,42.8409,18.7206
21.3289,44.0493,18.7831
26.9308,42.9657,18.7327
26.9559,42.9589,18.7719
22.8882,43.7226,19.0189
188.2090,11.2555,10.4940
50.2781,34.5110,17.3423
54.5544,33.6526,17.1564
54.2326,33.7013,17.1593
178.5829,10.2609,10.8472
50.8795,32.1608,17.4192
24.3704,36.5998,19.2806
14.6146,37.4428,19.7772
184.3420,8.4254,10.4894
176.8588,9.6604,11.0276
181.3606,8.6377,10.6211
248.7594,-2.7675,7.2596
173.5479,9.9176,10.9601
170.7500,9.8805,11.1477
164.3946,10.5427,11.6659
167.9359,6.2066,11.3448
168.7225,4.9988,11.5463
54.8572,19.8801,17.0877
52.5569,20.1797,17.0802
47.7500,12.4500,17.2089
262.0299,-12.2953,6.4162
50.3095,5.5811,17.4061
52.1043,5.0706,17.2147
105.5053,-5.0000,14.7230
47.1877,-5.3652,17.5850
179.7062,-15.6208,10.4304
182.4540,-15.8904,10.3798
41.3830,-9.0877,17.4241
43.3539,-9.6529,17.7691
42.7555,-9.8219,17.7432
48.0834,-11.8567,17.1296
42.2786,-12.6652,17.9388
178.5014,-18.1226,10.7157
20.0359,-14.6838,18.7470
18.5222,-20.8556,19.1303
39.4828,-25.3278,18.1060
41.9403,-25.6070,17.5845
40.5825,-34.3916,17.4892
139.5382,-32.6218,12.6724
76.5915,-35.4952,15.9797
9.3264,-42.1296,19.2753
41.0198,-47.2428,17.4527
16.0565,-50.2076,19.2839
60.3854,-47.8083,17.0424
25.1922,-51.7980,18.2629
39.3308,-53.0879,18.1495
40.9490,-53.6831,17.9375
68.9656,-53.7919,16.3445
34.4765,-59.9645,18.3577
33.7189,-61.8664,18.0244
38.3763,-61.5217,17.9721
38.0967,-63.2614,17.6438
35.4116,-64.3864,18.4010
28.0814,-73.2720,18.2215
30.8190,-74.4128,18.1975
24.4265,-75.4527,18.9246
103.9216,-69.1575,14.9762
60.7630,-80.2719,16.9348
32.8956,-86.0497,18.4018
37.8629,-86.6082,18.0644
33.6997,-87.3377,18.2778
184.6565,-63.6796,10.3605
5.2312,-98.2504,19.7739
4.2609,-98.5725,19.5916
1.2192,-99.2807,19.7660
-2.2021,-100.5902,19.9515
83.0473,-96.2696,15.9329
105.7300,-95.4648,15.1082
102.3219,-96.5373,15.1726
100.5848,-97.2103,15.1126
106.9534,-96.3971,14.8572
160.5471,-85.7002,12.1726
83.2857,-111.3059,16.0117
105.1348,-105.2904,15.0842
81.0763,-112.1309,16.0599
79.7547,-113.9628,16.5147
188.9430,-86.0378,10.8410
26.5950,-136.6914,18.9726
226.4875,-76.1756,8.7708
54.1261,-135.3937,18.2788
51.4067,-141.0086,17.9035
76.9931,-133.1685,16.6626
75.0321,-134.1978,17.2586
187.3918,-95.6627,11.0624
51.0275,-145.1899,18.2192
104.5822,-130.3751,15.3534
64.5113,-146.2140,17.7157
88.1975,-144.8905,16.6189
48.4721,-161.6646,18.4416
41.5384,-172.2580,19.3477
63.4167,-167.3026,17.9322
62.3951,-172.2799,17.9675
68.0104,-172.3775,17.8568
66.7273,-174.6769,17.9219
72.9630,-177.0339,17.6441
75.4753,-177.0314,17.6014
65.6038,-182.3790,18.1960
45.9930,-192.1549,19.7106
82.4040,-175.2503,17.5131
71.9485,-180.7004,18.1102
48.8676,-192.2514,19.2470
71.3888,-181.2500,17.6687
56.7742,-188.4433,18.7950
67.8352,-183.0110,18.0150
55.2430,-189.2303,18.8659
69.2737,-182.3319,18.3824
58.5952,-187.6348,18.6281
59.0937,-187.5522,18.9813
70.2546,-182.0574,17.9726
73.0892,-180.9808,18.2428
70.8741,-182.1525,17.9921
64.3301,-185.3846,18.1991
75.2512,-179.9977,17.6055
74.9955,-180.4261,18.0492
70.6857,-182.6947,18.1050
78.1274,-179.0226,17.9384
72.0376,-182.3432,18.3222
69.4193,-183.8194,18.5518
67.4713,-184.8823,18.2630
83.3513,-179.1864,17.6087
76.3097,-183.9092,18.1927
87.7580,-179.6537,17.0214
91.8397,-184.4111,17.1808
94.4574,-183.2115,16.8993
94.1673,-183.5079,17.0197
76.4649,-194.5806,17.8051
131.3937,-165.2061,14.6442
83.2306,-194.2720,18.1685
79.8207,-201.8161,17.8813
85.9163,-201.7006,17.7107
256.1461,-102.6612,7.9373
84.7230,-204.6651,18.3018
93.8945,-200.0983,17.2291
93.7892,-201.3051,17.2216
125.6970,-185.1923,15.8757
75.0394,-219.0383,19.2057
99.7730,-204.1765,17.4156
202.5317,-141.0371,10.9537
77.5690,-224.3715,19.2494
111.3394,-205.2830,16.5800
113.6400,-204.8231,16.9789
100.3307,-215.5411,17.2759
66.8361,-239.6044,19.8894
186.9561,-160.9440,12.1346
109.9608,-214.5281,17.3511
107.0008,-220.1933,17.6078
107.7646,-221.2601,17.4235
183.1614,-169.2677,12.9122
141.0832,-205.9678,15.5423
120.5501,-228.4243,16.8347
74.2245,-265.0741,19.9476
183.9237,-195.3076,13.5903
97.5326,-272.8867,19.8605
99.3654,-271.7347,19.7673
186.9270,-201.3257,13.4710
131.0761,22.6816,-17.2225
-190.0836,93.7544,0.9827
-59.6840,66.6541,0.9830
215.7875,9.4376,0.0094
36.3559,46.6542,0.5127
33.5910,47.2088,0.7044
216.1099,9.3001,0.2050
-18.7589,57.7644,-0.6532
223.6400,7.6409,0.1081
-110.2999,75.8374,1.0764
-129.4902,79.3138,0.4991
58.2552,40.9570,0.0232
-204.1937,94.2913,0.8501
251.3138,143.0596,1.8203
-74.8367,114.8313,7.5461
-75.7408,115.0012,7.5374
-76.3831,113.6812,7.5358
-10.1846,93.6668,7.8195
