study,outcome,condition,actual_effect,llm_predicted_effect,group
Blair1131,Approve_Handling,"Male, Democrat, Eric, Not engage",-0.266816372358889,-0.3911443300832172,published
Blair1131,Approve_Handling,"Male, Democrat, Eric, Stay out",-0.1160442196719168,-0.2265047281544371,published
Blair1131,Approve_Handling,"Male, Democrat, Erica, Engage",0.01643269722892533,0.02245718484333536,published
Blair1131,Approve_Handling,"Male, Democrat, Erica, Not engage",-0.3231349074381997,-0.3686060806065667,published
Blair1131,Approve_Handling,"Male, Democrat, Erica, Stay out",-0.1566536319469144,-0.2074211596479532,published
Blair1131,Approve_Handling,"Male, Republican, Eric, Engage",-0.0637127286611811,0.01980753959711378,published
Blair1131,Approve_Handling,"Male, Republican, Eric, Not engage",-0.2503709778194286,-0.4613928945817147,published
Blair1131,Approve_Handling,"Male, Republican, Eric, Stay out",-0.1361518636003164,-0.2694075675599245,published
Blair1131,Approve_Handling,"Male, Republican, Erica, Engage",-0.02483270030747004,0.02862072915411173,published
Blair1131,Approve_Handling,"Male, Republican, Erica, Not engage",-0.2596828465063002,-0.4528830649002568,published
Blair1131,Approve_Handling,"Male, Republican, Erica, Stay out",-0.1719793024449985,-0.2456145502978427,published
Blair1131,Approve_Handling,"Male, Democrat, Eric Engage",0.2668163723588851,0.3911443300832172,published
Blair1131,Approve_Handling,"Male, Democrat, Eric, Stay out",0.1507721526869697,0.1646396019287801,published
Blair1131,Approve_Handling,"Male, Democrat, Erica, Engage",0.2832490695878102,0.4136015149265526,published
Blair1131,Approve_Handling,"Male, Democrat, Erica, Not engage",-0.05631853507931394,0.0225382494766505,published
Blair1131,Approve_Handling,"Male, Democrat, Erica, Stay out",0.1101627404119719,0.183723170435264,published
Blair1131,Approve_Handling,"Male, Republican, Eric, Engage",0.2031036436977021,0.410951869680331,published
Blair1131,Approve_Handling,"Male, Republican, Eric, Not engage",0.01644539453945481,-0.07024856449849748,published
Blair1131,Approve_Handling,"Male, Republican, Eric, Stay out",0.1306645087585655,0.1217367625232927,published
Blair1131,Approve_Handling,"Male, Republican, Erica, Engage",0.2419836720514151,0.419765059237329,published
Blair1131,Approve_Handling,"Male, Republican, Erica, Not engage",0.00713352585258543,-0.06173873481703954,published
Blair1131,Approve_Handling,"Male, Republican, Erica, Stay out",0.09483706991388804,0.1455297797853745,published
Blair1131,Approve_Handling,"Male, Democrat, Eric Engage",0.116044219671916,0.2265047281544371,published
Blair1131,Approve_Handling,"Male, Democrat, Eric, Not engage",-0.1507721526869658,-0.1646396019287801,published
Blair1131,Approve_Handling,"Male, Democrat, Erica, Engage",0.1324769169008423,0.2489619129977725,published
Blair1131,Approve_Handling,"Male, Democrat, Erica, Not engage",-0.2070906877662813,-0.1421013524521296,published
Blair1131,Approve_Handling,"Male, Democrat, Erica, Stay out",-0.04060941227499561,0.0190835685064839,published
Blair1131,Approve_Handling,"Male, Republican, Eric, Engage",0.05233149101073512,0.2463122677515509,published
Blair1131,Approve_Handling,"Male, Republican, Eric, Not engage",-0.1343267581475174,-0.2348881664272776,published
Blair1131,Approve_Handling,"Male, Republican, Eric, Stay out",-0.02010764392839873,-0.04290283940548739,published
Blair1131,Approve_Handling,"Male, Republican, Erica, Engage",0.09121151936444866,0.2551254573085489,published
Blair1131,Approve_Handling,"Male, Republican, Erica, Not engage",-0.143638626834382,-0.2263783367458196,published
Blair1131,Approve_Handling,"Male, Republican, Erica, Stay out",-0.05593508277307933,-0.01910982214340556,published
Blair1131,Approve_Handling,"Male, Democrat, Eric Engage",-0.0164326972289285,-0.02245718484333536,published
Blair1131,Approve_Handling,"Male, Democrat, Eric, Not engage",-0.2832490695878078,-0.4136015149265526,published
Blair1131,Approve_Handling,"Male, Democrat, Eric, Stay out",-0.1324769169008412,-0.2489619129977725,published
Blair1131,Approve_Handling,"Male, Democrat, Erica, Not engage",-0.3395676046671218,-0.3910632654499021,published
Blair1131,Approve_Handling,"Male, Democrat, Erica, Stay out",-0.173086329175838,-0.2298783444912885,published
Blair1131,Approve_Handling,"Male, Republican, Eric, Engage",-0.08014542589010767,-0.00264964524622157,published
Blair1131,Approve_Handling,"Male, Republican, Eric, Not engage",-0.2668036750483659,-0.4838500794250501,published
Blair1131,Approve_Handling,"Male, Republican, Eric, Stay out",-0.1525845608292408,-0.2918647524032599,published
Blair1131,Approve_Handling,"Male, Republican, Erica, Engage",-0.04126539753639596,0.00616354431077637,published
Blair1131,Approve_Handling,"Male, Republican, Erica, Not engage",-0.2761155437352258,-0.4753402497435921,published
Blair1131,Approve_Handling,"Male, Republican, Erica, Stay out",-0.1884119996739232,-0.268071735141178,published
Blair1131,Approve_Handling,"Male, Democrat, Eric Engage",0.3231349074381976,0.3686060806065667,published
Blair1131,Approve_Handling,"Male, Democrat, Eric, Not engage",0.05631853507931213,-0.0225382494766505,published
Blair1131,Approve_Handling,"Male, Democrat, Eric, Stay out",0.2070906877662728,0.1421013524521296,published
Blair1131,Approve_Handling,"Male, Democrat, Erica, Engage",0.3395676046671209,0.3910632654499021,published
Blair1131,Approve_Handling,"Male, Democrat, Erica, Stay out",0.1664812754912855,0.1611849209586135,published
Blair1131,Approve_Handling,"Male, Republican, Eric, Engage",0.2594221787770084,0.3884136202036805,published
Blair1131,Approve_Handling,"Male, Republican, Eric, Not engage",0.07276392961876971,-0.092786813975148,published
Blair1131,Approve_Handling,"Male, Republican, Eric, Stay out",0.186983043837885,0.09919851304664218,published
Blair1131,Approve_Handling,"Male, Republican, Erica, Engage",0.2983022071307275,0.3972268097606784,published
Blair1131,Approve_Handling,"Male, Republican, Erica, Not engage",0.06345206093189777,-0.08427698429369004,published
Blair1131,Approve_Handling,"Male, Republican, Erica, Stay out",0.1511556049932009,0.122991530308724,published
Blair1131,Approve_Handling,"Male, Democrat, Eric Engage",0.1566536319469121,0.2074211596479532,published
Blair1131,Approve_Handling,"Male, Democrat, Eric, Not engage",-0.1101627404119703,-0.183723170435264,published
Blair1131,Approve_Handling,"Male, Democrat, Eric, Stay out",0.04060941227499331,-0.0190835685064839,published
Blair1131,Approve_Handling,"Male, Democrat, Erica, Engage",0.1730863291758374,0.2298783444912885,published
Blair1131,Approve_Handling,"Male, Democrat, Erica, Not engage",-0.1664812754912868,-0.1611849209586135,published
Blair1131,Approve_Handling,"Male, Republican, Eric, Engage",0.0929409032857302,0.227228699245067,published
Blair1131,Approve_Handling,"Male, Republican, Eric, Not engage",-0.09371734587251292,-0.2539717349337615,published
Blair1131,Approve_Handling,"Male, Republican, Eric, Stay out",0.02050176834659641,-0.0619864079119713,published
Blair1131,Approve_Handling,"Male, Republican, Erica, Engage",0.1318209316394441,0.2360418888020649,published
Blair1131,Approve_Handling,"Male, Republican, Erica, Not engage",-0.1030292145593868,-0.2454619052523035,published
Blair1131,Approve_Handling,"Male, Republican, Erica, Stay out",-0.01532567049808493,-0.03819339064988947,published
Blair1131,Approve_Handling,"Male, Democrat, Eric Engage",0.06371272866117997,-0.01980753959711378,published
Blair1131,Approve_Handling,"Male, Democrat, Eric, Not engage",-0.2031036436977008,-0.410951869680331,published
Blair1131,Approve_Handling,"Male, Democrat, Eric, Stay out",-0.05233149101073551,-0.2463122677515509,published
Blair1131,Approve_Handling,"Male, Democrat, Erica, Engage",0.0801454258901063,0.00264964524622157,published
Blair1131,Approve_Handling,"Male, Democrat, Erica, Not engage",-0.2594221787770183,-0.3884136202036805,published
Blair1131,Approve_Handling,"Male, Democrat, Erica, Stay out",-0.09294090328573049,-0.227228699245067,published
Blair1131,Approve_Handling,"Male, Republican, Eric, Not engage",-0.1866582491582485,-0.4812004341788285,published
Blair1131,Approve_Handling,"Male, Republican, Eric, Stay out",-0.07243913493913486,-0.2892151071570383,published
Blair1131,Approve_Handling,"Male, Republican, Erica, Engage",0.03888002835371263,0.00881318955699794,published
Blair1131,Approve_Handling,"Male, Republican, Erica, Not engage",-0.1959701178451184,-0.4726906044973705,published
Blair1131,Approve_Handling,"Male, Republican, Erica, Stay out",-0.1082665737838152,-0.2654220898949565,published
Blair1131,Approve_Handling,"Male, Democrat, Eric Engage",0.2503709778194296,0.4613928945817147,published
Blair1131,Approve_Handling,"Male, Democrat, Eric, Not engage",-0.0164453945394545,0.07024856449849748,published
Blair1131,Approve_Handling,"Male, Democrat, Eric, Stay out",0.1343267581475075,0.2348881664272776,published
Blair1131,Approve_Handling,"Male, Democrat, Erica, Engage",0.2668036750483538,0.4838500794250501,published
Blair1131,Approve_Handling,"Male, Democrat, Erica, Not engage",-0.07276392961876973,0.092786813975148,published
Blair1131,Approve_Handling,"Male, Democrat, Erica, Stay out",0.09371734587251658,0.2539717349337615,published
Blair1131,Approve_Handling,"Male, Republican, Eric, Engage",0.1866582491582457,0.4812004341788285,published
Blair1131,Approve_Handling,"Male, Republican, Eric, Stay out",0.1142191142191171,0.1919853270217902,published
Blair1131,Approve_Handling,"Male, Republican, Erica, Engage",0.2255382775119605,0.4900136237358264,published
Blair1131,Approve_Handling,"Male, Republican, Erica, Not engage",-0.00931186868686913,0.00850982968145794,published
Blair1131,Approve_Handling,"Male, Republican, Erica, Stay out",0.07839167537443344,0.215778344283872,published
Blair1131,Approve_Handling,"Male, Democrat, Eric Engage",0.1361518636003132,0.2694075675599245,published
Blair1131,Approve_Handling,"Male, Democrat, Eric, Not engage",-0.1306645087585689,-0.1217367625232927,published
Blair1131,Approve_Handling,"Male, Democrat, Eric, Stay out",0.02010764392839515,0.04290283940548739,published
Blair1131,Approve_Handling,"Male, Democrat, Erica, Engage",0.1525845608292387,0.2918647524032599,published
Blair1131,Approve_Handling,"Male, Democrat, Erica, Not engage",-0.1869830438378856,-0.09919851304664218,published
Blair1131,Approve_Handling,"Male, Democrat, Erica, Stay out",-0.02050176834659824,0.0619864079119713,published
Blair1131,Approve_Handling,"Male, Republican, Eric, Engage",0.07243913493913082,0.2892151071570383,published
Blair1131,Approve_Handling,"Male, Republican, Eric, Not engage",-0.114219114219119,-0.1919853270217902,published
Blair1131,Approve_Handling,"Male, Republican, Erica, Engage",0.1113191632928478,0.2980282967140362,published
Blair1131,Approve_Handling,"Male, Republican, Erica, Not engage",-0.1235309829059845,-0.1834754973403322,published
Blair1131,Approve_Handling,"Male, Republican, Erica, Stay out",-0.03582743884468256,0.02379301726208182,published
Blair1131,Approve_Handling,"Male, Democrat, Eric Engage",0.02483270030746597,-0.02862072915411173,published
Blair1131,Approve_Handling,"Male, Democrat, Eric, Not engage",-0.241983672051414,-0.419765059237329,published
Blair1131,Approve_Handling,"Male, Democrat, Eric, Stay out",-0.09121151936444812,-0.2551254573085489,published
Blair1131,Approve_Handling,"Male, Democrat, Erica, Engage",0.04126539753639274,-0.00616354431077637,published
Blair1131,Approve_Handling,"Male, Democrat, Erica, Not engage",-0.2983022071307322,-0.3972268097606784,published
Blair1131,Approve_Handling,"Male, Democrat, Erica, Stay out",-0.1318209316394439,-0.2360418888020649,published
Blair1131,Approve_Handling,"Male, Republican, Eric, Engage",-0.03888002835371494,-0.00881318955699794,published
Blair1131,Approve_Handling,"Male, Republican, Eric, Not engage",-0.225538277511967,-0.4900136237358264,published
Blair1131,Approve_Handling,"Male, Republican, Eric, Stay out",-0.1113191632928459,-0.2980282967140362,published
Blair1131,Approve_Handling,"Male, Republican, Erica, Not engage",-0.2348501461988305,-0.4815037940543685,published
Blair1131,Approve_Handling,"Male, Republican, Erica, Stay out",-0.1471466021375293,-0.2742352794519544,published
Blair1131,Approve_Handling,"Male, Democrat, Eric Engage",0.2596828465062983,0.4528830649002568,published
Blair1131,Approve_Handling,"Male, Democrat, Eric, Not engage",-0.00713352585258592,0.06173873481703954,published
Blair1131,Approve_Handling,"Male, Democrat, Eric, Stay out",0.1436386268343759,0.2263783367458196,published
Blair1131,Approve_Handling,"Male, Democrat, Erica, Engage",0.2761155437352224,0.4753402497435921,published
Blair1131,Approve_Handling,"Male, Democrat, Erica, Not engage",-0.0634520609319011,0.08427698429369004,published
Blair1131,Approve_Handling,"Male, Democrat, Erica, Stay out",0.1030292145593852,0.2454619052523035,published
Blair1131,Approve_Handling,"Male, Republican, Eric, Engage",0.1959701178451143,0.4726906044973705,published
Blair1131,Approve_Handling,"Male, Republican, Eric, Not engage",0.00931186868686695,-0.00850982968145794,published
Blair1131,Approve_Handling,"Male, Republican, Eric, Stay out",0.1235309829059856,0.1834754973403322,published
Blair1131,Approve_Handling,"Male, Republican, Erica, Engage",0.2348501461988306,0.4815037940543685,published
Blair1131,Approve_Handling,"Male, Republican, Erica, Stay out",0.08770354406130204,0.2072685146024141,published
Blair1131,Approve_Handling,"Male, Democrat, Eric Engage",0.1719793024449949,0.2456145502978427,published
Blair1131,Approve_Handling,"Male, Democrat, Eric, Not engage",-0.0948370699138878,-0.1455297797853745,published
Blair1131,Approve_Handling,"Male, Democrat, Eric, Stay out",0.05593508277307552,0.01910982214340556,published
Blair1131,Approve_Handling,"Male, Democrat, Erica, Engage",0.1884119996739199,0.268071735141178,published
Blair1131,Approve_Handling,"Male, Democrat, Erica, Not engage",-0.1511556049932041,-0.122991530308724,published
Blair1131,Approve_Handling,"Male, Democrat, Erica, Stay out",0.01532567049808291,0.03819339064988947,published
Blair1131,Approve_Handling,"Male, Republican, Eric, Engage",0.108266573783812,0.2654220898949565,published
Blair1131,Approve_Handling,"Male, Republican, Eric, Not engage",-0.07839167537443711,-0.215778344283872,published
Blair1131,Approve_Handling,"Male, Republican, Eric, Stay out",0.03582743884468246,-0.02379301726208182,published
Blair1131,Approve_Handling,"Male, Republican, Erica, Engage",0.1471466021375275,0.2742352794519544,published
Blair1131,Approve_Handling,"Male, Republican, Erica, Not engage",-0.08770354406130347,-0.2072685146024141,published
Braman751,legitimacy,"Gun Control, Clear Authority, 85% support",-0.02487409827140468,-0.04258214451016307,published
Braman751,legitimacy,"Gun Control, Clearly No Authority, 15% support",0.03960618846694743,0.1930268639159413,published
Braman751,legitimacy,"Gun Control, Clearly No Authority, 85% support",0.07634948348610193,0.1256396004954092,published
Braman751,legitimacy,"Gun Control, Divided, 85% support",-0.00362232306345249,0.01462316005288577,published
Braman751,legitimacy,"Gun Control, Divided. 15% support",0.06799002685078372,0.06375816262793127,published
Braman751,legitimacy,"Immigration, Clear Authority, 15% support",-0.01256908539846802,0.04725604375200598,published
Braman751,legitimacy,"Immigration, Clear Authority, 85% support",-0.1221032132424536,0.00757700733551586,published
Braman751,legitimacy,"Immigration, Clearly No Authority, 15% support",0.04659965251923313,0.2388981085228874,published
Braman751,legitimacy,"Immigration, Clearly No Authority, 85% support",0.08030063291139102,0.1747130199094428,published
Braman751,legitimacy,"Immigration, Divided, 15% support",0.01473690742119492,0.1232740999903806,published
Braman751,legitimacy,"Immigration, Divided, 85% support",-0.06599911833238992,0.08201706424536209,published
Braman751,legitimacy,"Gun Control, Clear Authority, 15% support",0.02487409827140059,0.04258214451016307,published
Braman751,legitimacy,"Gun Control, Clearly No Authority, 15% support",0.06448028673834841,0.2356090084261044,published
Braman751,legitimacy,"Gun Control, Clearly No Authority, 85% support",0.1012235817575098,0.1682217450055722,published
Braman751,legitimacy,"Gun Control, Divided, 85% support",0.02125177520794994,0.05720530456304884,published
Braman751,legitimacy,"Gun Control, Divided. 15% support",0.09286412512218628,0.1063403071380943,published
Braman751,legitimacy,"Immigration, Clear Authority, 15% support",0.01230501287293519,0.08983818826216905,published
Braman751,legitimacy,"Immigration, Clear Authority, 85% support",-0.09722911497105197,0.05015915184567893,published
Braman751,legitimacy,"Immigration, Clearly No Authority, 15% support",0.07147375079063739,0.2814802530330504,published
Braman751,legitimacy,"Immigration, Clearly No Authority, 85% support",0.1051747311827947,0.2172951644196059,published
Braman751,legitimacy,"Immigration, Divided, 15% support",0.039611005692598,0.1658562445005436,published
Braman751,legitimacy,"Immigration, Divided, 85% support",-0.04112502006098702,0.1245992087555252,published
Braman751,legitimacy,"Gun Control, Clear Authority, 15% support",-0.0396061884669445,-0.1930268639159413,published
Braman751,legitimacy,"Gun Control, Clear Authority, 85% support",-0.06448028673835038,-0.2356090084261044,published
Braman751,legitimacy,"Gun Control, Clearly No Authority, 85% support",0.03674329501915709,-0.06738726342053214,published
Braman751,legitimacy,"Gun Control, Divided, 85% support",-0.04322851153039703,-0.1784037038630555,published
Braman751,legitimacy,"Gun Control, Divided. 15% support",0.02838383838383944,-0.12926870128801,published
Braman751,legitimacy,"Immigration, Clear Authority, 15% support",-0.0521752738654144,-0.1457708201639353,published
Braman751,legitimacy,"Immigration, Clear Authority, 85% support",-0.161709401709401,-0.1854498565804254,published
Braman751,legitimacy,"Immigration, Clearly No Authority, 15% support",0.00699346405228793,0.04587124460694603,published
Braman751,legitimacy,"Immigration, Clearly No Authority, 85% support",0.04069444444444515,-0.01831384400649849,published
Braman751,legitimacy,"Immigration, Divided, 15% support",-0.02486928104575152,-0.06975276392556073,published
Braman751,legitimacy,"Immigration, Divided, 85% support",-0.1056053067993364,-0.1110097996705792,published
Braman751,legitimacy,"Gun Control, Clear Authority, 15% support",-0.0763494834861002,-0.1256396004954092,published
Braman751,legitimacy,"Gun Control, Clear Authority, 85% support",-0.1012235817575078,-0.1682217450055722,published
Braman751,legitimacy,"Gun Control, Clearly No Authority, 15% support",-0.0367432950191574,0.06738726342053214,published
Braman751,legitimacy,"Gun Control, Divided, 85% support",-0.079971806549558,-0.1110164404425234,published
Braman751,legitimacy,"Gun Control, Divided. 15% support",-0.00835945663531964,-0.0618814378674779,published
Braman751,legitimacy,"Immigration, Clear Authority, 15% support",-0.08891856888457303,-0.0783835567434032,published
Braman751,legitimacy,"Immigration, Clear Authority, 85% support",-0.1984526967285598,-0.1180625931598933,published
Braman751,legitimacy,"Immigration, Clearly No Authority, 15% support",-0.02974983096686992,0.1132585080274782,published
Braman751,legitimacy,"Immigration, Clearly No Authority, 85% support",0.00395114942528734,0.04907341941403365,published
Braman751,legitimacy,"Immigration, Divided, 15% support",-0.06161257606490871,-0.00236550050502859,published
Braman751,legitimacy,"Immigration, Divided, 85% support",-0.1423486018184937,-0.04362253625004708,published
Braman751,legitimacy,"Gun Control, Clear Authority, 15% support",0.00362232306345272,-0.01462316005288577,published
Braman751,legitimacy,"Gun Control, Clear Authority, 85% support",-0.02125177520795116,-0.05720530456304884,published
Braman751,legitimacy,"Gun Control, Clearly No Authority, 15% support",0.04322851153040019,0.1784037038630555,published
Braman751,legitimacy,"Gun Control, Clearly No Authority, 85% support",0.0799718065495585,0.1110164404425234,published
Braman751,legitimacy,"Gun Control, Divided. 15% support",0.07161234991423784,0.04913500257504549,published
Braman751,legitimacy,"Immigration, Clear Authority, 15% support",-0.00894676233501407,0.03263288369912021,published
Braman751,legitimacy,"Immigration, Clear Authority, 85% support",-0.118480890179,-0.00704615271736991,published
Braman751,legitimacy,"Immigration, Clearly No Authority, 15% support",0.05022197558268835,0.2242749484700016,published
Braman751,legitimacy,"Immigration, Clearly No Authority, 85% support",0.0839229559748453,0.160089859856557,published
Braman751,legitimacy,"Immigration, Divided, 15% support",0.01835923048464914,0.1086509399374948,published
Braman751,legitimacy,"Immigration, Divided, 85% support",-0.06237679526893554,0.06739390419247632,published
Braman751,legitimacy,"Gun Control, Clear Authority, 15% support",-0.06799002685078107,-0.06375816262793127,published
Braman751,legitimacy,"Gun Control, Clear Authority, 85% support",-0.09286412512218828,-0.1063403071380943,published
Braman751,legitimacy,"Gun Control, Clearly No Authority, 15% support",-0.02838383838383778,0.12926870128801,published
Braman751,legitimacy,"Gun Control, Clearly No Authority, 85% support",0.00835945663531834,0.0618814378674779,published
Braman751,legitimacy,"Gun Control, Divided, 85% support",-0.0716123499142347,-0.04913500257504549,published
Braman751,legitimacy,"Immigration, Clear Authority, 15% support",-0.08055911224925145,-0.01650211887592528,published
Braman751,legitimacy,"Immigration, Clear Authority, 85% support",-0.1900932400932376,-0.05618115529241541,published
Braman751,legitimacy,"Immigration, Clearly No Authority, 15% support",-0.02139037433155152,0.1751399458949561,published
Braman751,legitimacy,"Immigration, Clearly No Authority, 85% support",0.01231060606060526,0.1109548572815116,published
Braman751,legitimacy,"Immigration, Divided, 15% support",-0.0532531194295905,0.05951593736244931,published
Braman751,legitimacy,"Immigration, Divided, 85% support",-0.1339891451831756,0.01825890161743082,published
Braman751,legitimacy,"Gun Control, Clear Authority, 15% support",0.01256908539846743,-0.04725604375200598,published
Braman751,legitimacy,"Gun Control, Clear Authority, 85% support",-0.01230501287293604,-0.08983818826216905,published
Braman751,legitimacy,"Gun Control, Clearly No Authority, 15% support",0.05217527386541541,0.1457708201639353,published
Braman751,legitimacy,"Gun Control, Clearly No Authority, 85% support",0.088918568884574,0.0783835567434032,published
Braman751,legitimacy,"Gun Control, Divided, 85% support",0.00894676233501757,-0.03263288369912021,published
Braman751,legitimacy,"Gun Control, Divided. 15% support",0.08055911224925304,0.01650211887592528,published
Braman751,legitimacy,"Immigration, Clear Authority, 85% support",-0.1095341278439859,-0.03967903641649012,published
Braman751,legitimacy,"Immigration, Clearly No Authority, 15% support",0.05916873791770386,0.1916420647708814,published
Braman751,legitimacy,"Immigration, Clearly No Authority, 85% support",0.09286971830986092,0.1274569761574368,published
Braman751,legitimacy,"Immigration, Divided, 15% support",0.02730599281966463,0.0760180562383746,published
Braman751,legitimacy,"Immigration, Divided, 85% support",-0.05343003293392025,0.03476102049335611,published
Braman751,legitimacy,"Gun Control, Clear Authority, 15% support",0.122103213242446,-0.00757700733551586,published
Braman751,legitimacy,"Gun Control, Clear Authority, 85% support",0.09722911497104753,-0.05015915184567893,published
Braman751,legitimacy,"Gun Control, Clearly No Authority, 15% support",0.1617094017094003,0.1854498565804254,published
Braman751,legitimacy,"Gun Control, Clearly No Authority, 85% support",0.1984526967285622,0.1180625931598933,published
Braman751,legitimacy,"Gun Control, Divided, 85% support",0.1184808901790012,0.00704615271736991,published
Braman751,legitimacy,"Gun Control, Divided. 15% support",0.190093240093238,0.05618115529241541,published
Braman751,legitimacy,"Immigration, Clear Authority, 15% support",0.1095341278439866,0.03967903641649012,published
Braman751,legitimacy,"Immigration, Clearly No Authority, 15% support",0.1687028657616893,0.2313211011873715,published
Braman751,legitimacy,"Immigration, Clearly No Authority, 85% support",0.202403846153847,0.167136012573927,published
Braman751,legitimacy,"Immigration, Divided, 15% support",0.1368401206636508,0.1156970926548647,published
Braman751,legitimacy,"Immigration, Divided, 85% support",0.05610409491006575,0.07444005690984623,published
Braman751,legitimacy,"Gun Control, Clear Authority, 15% support",-0.04659965251923066,-0.2388981085228874,published
Braman751,legitimacy,"Gun Control, Clear Authority, 85% support",-0.07147375079063685,-0.2814802530330504,published
Braman751,legitimacy,"Gun Control, Clearly No Authority, 15% support",-0.00699346405228611,-0.04587124460694603,published
Braman751,legitimacy,"Gun Control, Clearly No Authority, 85% support",0.02974983096687067,-0.1132585080274782,published
Braman751,legitimacy,"Gun Control, Divided, 85% support",-0.05022197558268326,-0.2242749484700016,published
Braman751,legitimacy,"Gun Control, Divided. 15% support",0.02139037433155146,-0.1751399458949561,published
Braman751,legitimacy,"Immigration, Clear Authority, 15% support",-0.05916873791770007,-0.1916420647708814,published
Braman751,legitimacy,"Immigration, Clear Authority, 85% support",-0.1687028657616859,-0.2313211011873715,published
Braman751,legitimacy,"Immigration, Clearly No Authority, 85% support",0.03370098039215756,-0.06418508861344452,published
Braman751,legitimacy,"Immigration, Divided, 15% support",-0.03186274509803841,-0.1156240085325068,published
Braman751,legitimacy,"Immigration, Divided, 85% support",-0.1125987708516229,-0.1568810442775253,published
Braman751,legitimacy,"Gun Control, Clear Authority, 15% support",-0.08030063291138491,-0.1747130199094428,published
Braman751,legitimacy,"Gun Control, Clear Authority, 85% support",-0.1051747311827926,-0.2172951644196059,published
Braman751,legitimacy,"Gun Control, Clearly No Authority, 15% support",-0.04069444444444232,0.01831384400649849,published
Braman751,legitimacy,"Gun Control, Clearly No Authority, 85% support",-0.00395114942528656,-0.04907341941403365,published
Braman751,legitimacy,"Gun Control, Divided, 85% support",-0.08392295597483909,-0.160089859856557,published
Braman751,legitimacy,"Gun Control, Divided. 15% support",-0.01231060606060477,-0.1109548572815116,published
Braman751,legitimacy,"Immigration, Clear Authority, 15% support",-0.09286971830985637,-0.1274569761574368,published
Braman751,legitimacy,"Immigration, Clear Authority, 85% support",-0.202403846153842,-0.167136012573927,published
Braman751,legitimacy,"Immigration, Clearly No Authority, 15% support",-0.03370098039215584,0.06418508861344452,published
Braman751,legitimacy,"Immigration, Divided, 15% support",-0.06556372549019504,-0.05143891991906224,published
Braman751,legitimacy,"Immigration, Divided, 85% support",-0.1462997512437799,-0.09269595566408072,published
Braman751,legitimacy,"Gun Control, Clear Authority, 15% support",-0.01473690742119411,-0.1232740999903806,published
Braman751,legitimacy,"Gun Control, Clear Authority, 85% support",-0.03961100569259884,-0.1658562445005436,published
Braman751,legitimacy,"Gun Control, Clearly No Authority, 15% support",0.02486928104575228,0.06975276392556073,published
Braman751,legitimacy,"Gun Control, Clearly No Authority, 85% support",0.06161257606491002,0.00236550050502859,published
Braman751,legitimacy,"Gun Control, Divided, 85% support",-0.01835923048464524,-0.1086509399374948,published
Braman751,legitimacy,"Gun Control, Divided. 15% support",0.05325311942958988,-0.05951593736244931,published
Braman751,legitimacy,"Immigration, Clear Authority, 15% support",-0.02730599281966162,-0.0760180562383746,published
Braman751,legitimacy,"Immigration, Clear Authority, 85% support",-0.1368401206636475,-0.1156970926548647,published
Braman751,legitimacy,"Immigration, Clearly No Authority, 15% support",0.03186274509803996,0.1156240085325068,published
Braman751,legitimacy,"Immigration, Clearly No Authority, 85% support",0.06556372549019614,0.05143891991906224,published
Braman751,legitimacy,"Immigration, Divided, 85% support",-0.08073602575358427,-0.04125703574501849,published
Braman751,legitimacy,"Gun Control, Clear Authority, 15% support",0.06599911833238495,-0.08201706424536209,published
Braman751,legitimacy,"Gun Control, Clear Authority, 85% support",0.04112502006098392,-0.1245992087555252,published
Braman751,legitimacy,"Gun Control, Clearly No Authority, 15% support",0.105605306799336,0.1110097996705792,published
Braman751,legitimacy,"Gun Control, Clearly No Authority, 85% support",0.1423486018184962,0.04362253625004708,published
Braman751,legitimacy,"Gun Control, Divided, 85% support",0.06237679526893756,-0.06739390419247632,published
Braman751,legitimacy,"Gun Control, Divided. 15% support",0.1339891451831737,-0.01825890161743082,published
Braman751,legitimacy,"Immigration, Clear Authority, 15% support",0.05343003293392227,-0.03476102049335611,published
Braman751,legitimacy,"Immigration, Clear Authority, 85% support",-0.05610409491006392,-0.07444005690984623,published
Braman751,legitimacy,"Immigration, Clearly No Authority, 15% support",0.1125987708516252,0.1568810442775253,published
Braman751,legitimacy,"Immigration, Clearly No Authority, 85% support",0.1462997512437811,0.09269595566408072,published
Braman751,legitimacy,"Immigration, Divided, 15% support",0.0807360257535856,0.04125703574501849,published
Braman751,pass_legislation,"Gun Control, Clear Authority, 85% support",0.00159248672927863,0.06507847004679623,published
Braman751,pass_legislation,"Gun Control, Clearly No Authority, 15% support",-0.03362983236400858,-0.09411439746924022,published
Braman751,pass_legislation,"Gun Control, Clearly No Authority, 85% support",-0.05814054997817399,-0.01689023072108919,published
Braman751,pass_legislation,"Gun Control, Divided, 85% support",-0.0267229254571027,0.04757120327000397,published
Braman751,pass_legislation,"Gun Control, Divided. 15% support",-0.08530878404296124,-0.01772451601565211,published
Braman751,pass_legislation,"Immigration, Clear Authority, 15% support",-0.0663364520271518,-0.1206641811260485,published
Braman751,pass_legislation,"Immigration, Clear Authority, 85% support",0.07310613437195743,-0.06391535893008188,published
Braman751,pass_legislation,"Immigration, Clearly No Authority, 15% support",-0.0381608339538342,-0.2106762216893457,published
Braman751,pass_legislation,"Immigration, Clearly No Authority, 85% support",-0.04790348101265752,-0.1506816489233647,published
Braman751,pass_legislation,"Immigration, Divided, 15% support",-0.04992553983618673,-0.1548382086292185,published
Braman751,pass_legislation,"Immigration, Divided, 85% support",0.03861704137540218,-0.09609727898812132,published
Braman751,pass_legislation,"Gun Control, Clear Authority, 15% support",-0.00159248672927971,-0.06507847004679623,published
Braman751,pass_legislation,"Gun Control, Clearly No Authority, 15% support",-0.03522231909328999,-0.1591928675160365,published
Braman751,pass_legislation,"Gun Control, Clearly No Authority, 85% support",-0.0597330367074542,-0.08196870076788543,published
Braman751,pass_legislation,"Gun Control, Divided, 85% support",-0.02831541218638321,-0.01750726677679226,published
Braman751,pass_legislation,"Gun Control, Divided. 15% support",-0.08690127077224262,-0.08280298606244835,published
Braman751,pass_legislation,"Immigration, Clear Authority, 15% support",-0.0679289387564314,-0.1857426511728447,published
Braman751,pass_legislation,"Immigration, Clear Authority, 85% support",0.07151364764267772,-0.1289938289768781,published
Braman751,pass_legislation,"Immigration, Clearly No Authority, 15% support",-0.03975332068311478,-0.2757546917361419,published
Braman751,pass_legislation,"Immigration, Clearly No Authority, 85% support",-0.04949596774193793,-0.2157601189701609,published
Braman751,pass_legislation,"Immigration, Divided, 15% support",-0.05151802656546732,-0.2199166786760148,published
Braman751,pass_legislation,"Immigration, Divided, 85% support",0.037024554646121,-0.1611757490349175,published
Braman751,pass_legislation,"Gun Control, Clear Authority, 15% support",0.03362983236401128,0.09411439746924022,published
Braman751,pass_legislation,"Gun Control, Clear Authority, 85% support",0.03522231909328913,0.1591928675160365,published
Braman751,pass_legislation,"Gun Control, Clearly No Authority, 85% support",-0.02451071761416528,0.07722416674815102,published
Braman751,pass_legislation,"Gun Control, Divided, 85% support",0.00690690690690858,0.1416856007392442,published
Braman751,pass_legislation,"Gun Control, Divided. 15% support",-0.05167895167894724,0.0763898814535881,published
Braman751,pass_legislation,"Immigration, Clear Authority, 15% support",-0.03270661966314122,-0.02654978365680832,published
Braman751,pass_legislation,"Immigration, Clear Authority, 85% support",0.1067359667359677,0.03019903853915834,published
Braman751,pass_legislation,"Immigration, Clearly No Authority, 15% support",-0.00453100158982485,-0.1165618242201055,published
Braman751,pass_legislation,"Immigration, Clearly No Authority, 85% support",-0.01427364864864844,-0.05656725145412444,published
Braman751,pass_legislation,"Immigration, Divided, 15% support",-0.01629570747217763,-0.06072381115997832,published
Braman751,pass_legislation,"Immigration, Divided, 85% support",0.07224687373941177,-0.00198288151888109,published
Braman751,pass_legislation,"Gun Control, Clear Authority, 15% support",0.05814054997817817,0.01689023072108919,published
Braman751,pass_legislation,"Gun Control, Clear Authority, 85% support",0.05973303670745553,0.08196870076788543,published
Braman751,pass_legislation,"Gun Control, Clearly No Authority, 15% support",0.02451071761416744,-0.07722416674815102,published
Braman751,pass_legislation,"Gun Control, Divided, 85% support",0.03141762452107533,0.06446143399109316,published
Braman751,pass_legislation,"Gun Control, Divided. 15% support",-0.02716823406478462,-0.0008342852945629198,published
Braman751,pass_legislation,"Immigration, Clear Authority, 15% support",-0.00819590204897282,-0.1037739504049594,published
Braman751,pass_legislation,"Immigration, Clear Authority, 85% support",0.1312466843501338,-0.04702512820899268,published
Braman751,pass_legislation,"Immigration, Clearly No Authority, 15% support",0.01997971602434216,-0.1937859909682565,published
Braman751,pass_legislation,"Immigration, Clearly No Authority, 85% support",0.01023706896551871,-0.1337914182022755,published
Braman751,pass_legislation,"Immigration, Divided, 15% support",0.00821501014198926,-0.1379479779081293,published
Braman751,pass_legislation,"Immigration, Divided, 85% support",0.0967575913535789,-0.07920704826703212,published
Braman751,pass_legislation,"Gun Control, Clear Authority, 15% support",0.02672292545710405,-0.04757120327000397,published
Braman751,pass_legislation,"Gun Control, Clear Authority, 85% support",0.02831541218638203,0.01750726677679226,published
Braman751,pass_legislation,"Gun Control, Clearly No Authority, 15% support",-0.00690690690690618,-0.1416856007392442,published
Braman751,pass_legislation,"Gun Control, Clearly No Authority, 85% support",-0.03141762452107138,-0.06446143399109316,published
Braman751,pass_legislation,"Gun Control, Divided. 15% support",-0.05858585858585666,-0.06529571928565608,published
Braman751,pass_legislation,"Immigration, Clear Authority, 15% support",-0.03961352657004723,-0.1682353843960525,published
Braman751,pass_legislation,"Immigration, Clear Authority, 85% support",0.09982905982906085,-0.1114865622000858,published
Braman751,pass_legislation,"Immigration, Clearly No Authority, 15% support",-0.01143790849673216,-0.2582474249593497,published
Braman751,pass_legislation,"Immigration, Clearly No Authority, 85% support",-0.02118055555555531,-0.1982528521933686,published
Braman751,pass_legislation,"Immigration, Divided, 15% support",-0.02320261437908441,-0.2024094118992225,published
Braman751,pass_legislation,"Immigration, Divided, 85% support",0.0653399668325043,-0.1436684822581253,published
Braman751,pass_legislation,"Gun Control, Clear Authority, 15% support",0.08530878404296416,0.01772451601565211,published
Braman751,pass_legislation,"Gun Control, Clear Authority, 85% support",0.08690127077224101,0.08280298606244835,published
Braman751,pass_legislation,"Gun Control, Clearly No Authority, 15% support",0.05167895167895303,-0.0763898814535881,published
Braman751,pass_legislation,"Gun Control, Clearly No Authority, 85% support",0.02716823406478646,0.0008342852945629198,published
Braman751,pass_legislation,"Gun Control, Divided, 85% support",0.05858585858586011,0.06529571928565608,published
Braman751,pass_legislation,"Immigration, Clear Authority, 15% support",0.01897233201581166,-0.1029396651103964,published
Braman751,pass_legislation,"Immigration, Clear Authority, 85% support",0.1584149184149193,-0.04619084291442976,published
Braman751,pass_legislation,"Immigration, Clearly No Authority, 15% support",0.0471479500891287,-0.1929517056736935,published
Braman751,pass_legislation,"Immigration, Clearly No Authority, 85% support",0.03740530303030447,-0.1329571329077125,published
Braman751,pass_legislation,"Immigration, Divided, 15% support",0.0353832442067756,-0.1371136926135664,published
Braman751,pass_legislation,"Immigration, Divided, 85% support",0.1239258254183648,-0.0783727629724692,published
Braman751,pass_legislation,"Gun Control, Clear Authority, 15% support",0.06633645202715381,0.1206641811260485,published
Braman751,pass_legislation,"Gun Control, Clear Authority, 85% support",0.06792893875643102,0.1857426511728447,published
Braman751,pass_legislation,"Gun Control, Clearly No Authority, 15% support",0.03270661966314298,0.02654978365680832,published
Braman751,pass_legislation,"Gun Control, Clearly No Authority, 85% support",0.00819590204897685,0.1037739504049594,published
Braman751,pass_legislation,"Gun Control, Divided, 85% support",0.03961352657005033,0.1682353843960525,published
Braman751,pass_legislation,"Gun Control, Divided. 15% support",-0.01897233201580894,0.1029396651103964,published
Braman751,pass_legislation,"Immigration, Clear Authority, 85% support",0.1394425863991083,0.05674882219596666,published
Braman751,pass_legislation,"Immigration, Clearly No Authority, 15% support",0.0281756180733185,-0.09001204056329715,published
Braman751,pass_legislation,"Immigration, Clearly No Authority, 85% support",0.01843297101449468,-0.03001746779731612,published
Braman751,pass_legislation,"Immigration, Divided, 15% support",0.01641091219096597,-0.03417402750317,published
Braman751,pass_legislation,"Immigration, Divided, 85% support",0.1049534934025549,0.02456690213792722,published
Braman751,pass_legislation,"Gun Control, Clear Authority, 15% support",-0.07310613437195597,0.06391535893008188,published
Braman751,pass_legislation,"Gun Control, Clear Authority, 85% support",-0.07151364764267605,0.1289938289768781,published
Braman751,pass_legislation,"Gun Control, Clearly No Authority, 15% support",-0.1067359667359647,-0.03019903853915834,published
Braman751,pass_legislation,"Gun Control, Clearly No Authority, 85% support",-0.1312466843501276,0.04702512820899268,published
Braman751,pass_legislation,"Gun Control, Divided, 85% support",-0.0998290598290553,0.1114865622000858,published
Braman751,pass_legislation,"Gun Control, Divided. 15% support",-0.1584149184149193,0.04619084291442976,published
Braman751,pass_legislation,"Immigration, Clear Authority, 15% support",-0.1394425863991078,-0.05674882219596666,published
Braman751,pass_legislation,"Immigration, Clearly No Authority, 15% support",-0.1112669683257902,-0.1467608627592638,published
Braman751,pass_legislation,"Immigration, Clearly No Authority, 85% support",-0.1210096153846122,-0.08676628999328279,published
Braman751,pass_legislation,"Immigration, Divided, 15% support",-0.1230316742081421,-0.09092284969913668,published
Braman751,pass_legislation,"Immigration, Divided, 85% support",-0.03448909299655346,-0.03218192005803944,published
Braman751,pass_legislation,"Gun Control, Clear Authority, 15% support",0.03816083395383676,0.2106762216893457,published
Braman751,pass_legislation,"Gun Control, Clear Authority, 85% support",0.03975332068311452,0.2757546917361419,published
Braman751,pass_legislation,"Gun Control, Clearly No Authority, 15% support",0.00453100158982636,0.1165618242201055,published
Braman751,pass_legislation,"Gun Control, Clearly No Authority, 85% support",-0.0199797160243391,0.1937859909682565,published
Braman751,pass_legislation,"Gun Control, Divided, 85% support",0.01143790849673412,0.2582474249593497,published
Braman751,pass_legislation,"Gun Control, Divided. 15% support",-0.0471479500891261,0.1929517056736935,published
Braman751,pass_legislation,"Immigration, Clear Authority, 15% support",-0.02817561807331499,0.09001204056329715,published
Braman751,pass_legislation,"Immigration, Clear Authority, 85% support",0.1112669683257931,0.1467608627592638,published
Braman751,pass_legislation,"Immigration, Clearly No Authority, 85% support",-0.00974264705882227,0.05999457276598102,published
Braman751,pass_legislation,"Immigration, Divided, 15% support",-0.01176470588235121,0.05583801306012714,published
Braman751,pass_legislation,"Immigration, Divided, 85% support",0.07677787532923763,0.1145789427012244,published
Braman751,pass_legislation,"Gun Control, Clear Authority, 15% support",0.04790348101266114,0.1506816489233647,published
Braman751,pass_legislation,"Gun Control, Clear Authority, 85% support",0.04949596774193871,0.2157601189701609,published
Braman751,pass_legislation,"Gun Control, Clearly No Authority, 15% support",0.01427364864865058,0.05656725145412444,published
Braman751,pass_legislation,"Gun Control, Clearly No Authority, 85% support",-0.01023706896551511,0.1337914182022755,published
Braman751,pass_legislation,"Gun Control, Divided, 85% support",0.02118055555555819,0.1982528521933686,published
Braman751,pass_legislation,"Gun Control, Divided. 15% support",-0.0374053030303017,0.1329571329077125,published
Braman751,pass_legislation,"Immigration, Clear Authority, 15% support",-0.01843297101449061,0.03001746779731612,published
Braman751,pass_legislation,"Immigration, Clear Authority, 85% support",0.1210096153846173,0.08676628999328279,published
Braman751,pass_legislation,"Immigration, Clearly No Authority, 15% support",0.00974264705882625,-0.05999457276598102,published
Braman751,pass_legislation,"Immigration, Divided, 15% support",-0.0020220588235271,-0.00415655970585387,published
Braman751,pass_legislation,"Immigration, Divided, 85% support",0.08652052238806178,0.05458436993524335,published
Braman751,pass_legislation,"Gun Control, Clear Authority, 15% support",0.04992553983619049,0.1548382086292185,published
Braman751,pass_legislation,"Gun Control, Clear Authority, 85% support",0.05151802656546802,0.2199166786760148,published
Braman751,pass_legislation,"Gun Control, Clearly No Authority, 15% support",0.0162957074721799,0.06072381115997832,published
Braman751,pass_legislation,"Gun Control, Clearly No Authority, 85% support",-0.00821501014198582,0.1379479779081293,published
Braman751,pass_legislation,"Gun Control, Divided, 85% support",0.0232026143790875,0.2024094118992225,published
Braman751,pass_legislation,"Gun Control, Divided. 15% support",-0.03538324420677233,0.1371136926135664,published
Braman751,pass_legislation,"Immigration, Clear Authority, 15% support",-0.01641091219096124,0.03417402750317,published
Braman751,pass_legislation,"Immigration, Clear Authority, 85% support",0.1230316742081466,0.09092284969913668,published
Braman751,pass_legislation,"Immigration, Clearly No Authority, 15% support",0.01176470588235558,-0.05583801306012714,published
Braman751,pass_legislation,"Immigration, Clearly No Authority, 85% support",0.00202205882353137,0.00415655970585387,published
Braman751,pass_legislation,"Immigration, Divided, 85% support",0.08854258121159139,0.05874092964109723,published
Braman751,pass_legislation,"Gun Control, Clear Authority, 15% support",-0.03861704137539983,0.09609727898812132,published
Braman751,pass_legislation,"Gun Control, Clear Authority, 85% support",-0.03702455464612059,0.1611757490349175,published
Braman751,pass_legislation,"Gun Control, Clearly No Authority, 15% support",-0.07224687373940908,0.00198288151888109,published
Braman751,pass_legislation,"Gun Control, Clearly No Authority, 85% support",-0.09675759135357276,0.07920704826703212,published
Braman751,pass_legislation,"Gun Control, Divided, 85% support",-0.06533996683250021,0.1436684822581253,published
Braman751,pass_legislation,"Gun Control, Divided. 15% support",-0.1239258254183631,0.0783727629724692,published
Braman751,pass_legislation,"Immigration, Clear Authority, 15% support",-0.1049534934025516,-0.02456690213792722,published
Braman751,pass_legislation,"Immigration, Clear Authority, 85% support",0.03448909299655769,0.03218192005803944,published
Braman751,pass_legislation,"Immigration, Clearly No Authority, 15% support",-0.07677787532923337,-0.1145789427012244,published
Braman751,pass_legislation,"Immigration, Clearly No Authority, 85% support",-0.08652052238805749,-0.05458436993524335,published
Braman751,pass_legislation,"Immigration, Divided, 15% support",-0.08854258121158685,-0.05874092964109723,published
Braman751,scholar_credibility,"Gun Control, Clear Authority, 85% support",0.08831908831908779,-0.05043081674183339,published
Braman751,scholar_credibility,"Gun Control, Clearly No Authority, 15% support",0.04412923561859826,-0.1171665662878027,published
Braman751,scholar_credibility,"Gun Control, Clearly No Authority, 85% support",0.02723311546840956,-0.1259658745129744,published
Braman751,scholar_credibility,"Gun Control, Divided, 85% support",-0.02602602602602399,-0.1707543113425299,published
Braman751,scholar_credibility,"Gun Control, Divided. 15% support",0.2563352826510698,-0.1287375819228225,published
Braman751,scholar_credibility,"Immigration, Clear Authority, 15% support",-0.05945419103313851,-0.2064036709982465,published
Braman751,scholar_credibility,"Immigration, Clear Authority, 85% support",-0.05185185185185149,-0.2060383477147626,published
Braman751,scholar_credibility,"Immigration, Clearly No Authority, 15% support",0.02979066022544347,-0.1398318952709068,published
Braman751,scholar_credibility,"Immigration, Clearly No Authority, 85% support",0.217989417989419,-0.1274199375556466,published
Braman751,scholar_credibility,"Immigration, Divided, 15% support",-0.02546296296296283,-0.1963568072691736,published
Braman751,scholar_credibility,"Immigration, Divided, 85% support",-0.05185185185185152,-0.2095267006796007,published
Braman751,scholar_credibility,"Gun Control, Clear Authority, 15% support",-0.08831908831908282,0.05043081674183339,published
Braman751,scholar_credibility,"Gun Control, Clearly No Authority, 15% support",-0.0441898527004857,-0.06673574954596931,published
Braman751,scholar_credibility,"Gun Control, Clearly No Authority, 85% support",-0.06108597285067601,-0.075535057771141,published
Braman751,scholar_credibility,"Gun Control, Divided, 85% support",-0.1143451143451139,-0.1203234946006966,published
Braman751,scholar_credibility,"Gun Control, Divided. 15% support",0.1680161943319885,-0.07830676518098914,published
Braman751,scholar_credibility,"Immigration, Clear Authority, 15% support",-0.1477732793522239,-0.1559728542564131,published
Braman751,scholar_credibility,"Immigration, Clear Authority, 85% support",-0.1401709401709348,-0.1556075309729293,published
Braman751,scholar_credibility,"Immigration, Clearly No Authority, 15% support",-0.05852842809364183,-0.08940107852907345,published
Braman751,scholar_credibility,"Immigration, Clearly No Authority, 85% support",0.1296703296703337,-0.0769891208138132,published
Braman751,scholar_credibility,"Immigration, Divided, 15% support",-0.1137820512820465,-0.1459259905273402,published
Braman751,scholar_credibility,"Immigration, Divided, 85% support",-0.140170940170937,-0.1590958839377674,published
Braman751,scholar_credibility,"Gun Control, Clear Authority, 15% support",-0.04412923561859342,0.1171665662878027,published
Braman751,scholar_credibility,"Gun Control, Clear Authority, 85% support",0.04418985270049491,0.06673574954596931,published
Braman751,scholar_credibility,"Gun Control, Clearly No Authority, 85% support",-0.01689612015018406,-0.00879930822517169,published
Braman751,scholar_credibility,"Gun Control, Divided, 85% support",-0.07015526164461969,-0.05358774505472726,published
Braman751,scholar_credibility,"Gun Control, Divided. 15% support",0.2122060470324796,-0.01157101563501983,published
Braman751,scholar_credibility,"Immigration, Clear Authority, 15% support",-0.1035834266517327,-0.0892371047104438,published
Braman751,scholar_credibility,"Immigration, Clear Authority, 85% support",-0.09598108747044586,-0.08887178142695995,published
Braman751,scholar_credibility,"Immigration, Clearly No Authority, 15% support",-0.01433857539315076,-0.02266532898310413,published
Braman751,scholar_credibility,"Immigration, Clearly No Authority, 85% support",0.173860182370824,-0.01025337126784389,published
Braman751,scholar_credibility,"Immigration, Divided, 15% support",-0.06959219858155731,-0.07919024098137092,published
Braman751,scholar_credibility,"Immigration, Divided, 85% support",-0.09598108747044634,-0.09236013439179808,published
Braman751,scholar_credibility,"Gun Control, Clear Authority, 15% support",-0.02723311546840492,0.1259658745129744,published
Braman751,scholar_credibility,"Gun Control, Clear Authority, 85% support",0.06108597285068402,0.075535057771141,published
Braman751,scholar_credibility,"Gun Control, Clearly No Authority, 15% support",0.01689612015019209,0.00879930822517169,published
Braman751,scholar_credibility,"Gun Control, Divided, 85% support",-0.0532591414944322,-0.04478843682955556,published
Braman751,scholar_credibility,"Gun Control, Divided. 15% support",0.2291021671826683,-0.00277170740984814,published
Braman751,scholar_credibility,"Immigration, Clear Authority, 15% support",-0.08668730650154444,-0.0804377964852721,published
Braman751,scholar_credibility,"Immigration, Clear Authority, 85% support",-0.07908496732025581,-0.08007247320178826,published
Braman751,scholar_credibility,"Immigration, Clearly No Authority, 15% support",0.0025575447570375,-0.01386602075793244,published
Braman751,scholar_credibility,"Immigration, Clearly No Authority, 85% support",0.1907563025210136,-0.0014540630426722,published
Braman751,scholar_credibility,"Immigration, Divided, 15% support",-0.0526960784313677,-0.07039093275619923,published
Braman751,scholar_credibility,"Immigration, Divided, 85% support",-0.07908496732025654,-0.0835608261666264,published
Braman751,scholar_credibility,"Gun Control, Clear Authority, 15% support",0.02602602602602642,0.1707543113425299,published
Braman751,scholar_credibility,"Gun Control, Clear Authority, 85% support",0.1143451143451174,0.1203234946006966,published
Braman751,scholar_credibility,"Gun Control, Clearly No Authority, 15% support",0.07015526164462513,0.05358774505472726,published
Braman751,scholar_credibility,"Gun Control, Clearly No Authority, 85% support",0.05325914149443853,0.04478843682955556,published
Braman751,scholar_credibility,"Gun Control, Divided. 15% support",0.2823613086771,0.04201672941970742,published
Braman751,scholar_credibility,"Immigration, Clear Authority, 15% support",-0.03342816500711072,-0.03564935965571653,published
Braman751,scholar_credibility,"Immigration, Clear Authority, 85% support",-0.02582582582582435,-0.03528403637223269,published
Braman751,scholar_credibility,"Immigration, Clearly No Authority, 15% support",0.05581668625147034,0.03092241607162312,published
Braman751,scholar_credibility,"Immigration, Clearly No Authority, 85% support",0.2440154440154452,0.04333437378688336,published
Braman751,scholar_credibility,"Immigration, Divided, 15% support",0.0005630630630646183,-0.02560249592664366,published
Braman751,scholar_credibility,"Immigration, Divided, 85% support",-0.02582582582582481,-0.03877238933707083,published
Braman751,scholar_credibility,"Gun Control, Clear Authority, 15% support",-0.2563352826510669,0.1287375819228225,published
Braman751,scholar_credibility,"Gun Control, Clear Authority, 85% support",-0.1680161943319866,0.07830676518098914,published
Braman751,scholar_credibility,"Gun Control, Clearly No Authority, 15% support",-0.2122060470324772,0.01157101563501983,published
Braman751,scholar_credibility,"Gun Control, Clearly No Authority, 85% support",-0.2291021671826662,0.00277170740984814,published
Braman751,scholar_credibility,"Gun Control, Divided, 85% support",-0.2823613086770952,-0.04201672941970742,published
Braman751,scholar_credibility,"Immigration, Clear Authority, 15% support",-0.3157894736842112,-0.07766608907542397,published
Braman751,scholar_credibility,"Immigration, Clear Authority, 85% support",-0.3081871345029257,-0.07730076579194012,published
Braman751,scholar_credibility,"Immigration, Clearly No Authority, 15% support",-0.2265446224256317,-0.0110943133480843,published
Braman751,scholar_credibility,"Immigration, Clearly No Authority, 85% support",-0.03834586466165601,0.00131764436717593,published
Braman751,scholar_credibility,"Immigration, Divided, 15% support",-0.2817982456140372,-0.06761922534635109,published
Braman751,scholar_credibility,"Immigration, Divided, 85% support",-0.3081871345029262,-0.08078911875677826,published
Braman751,scholar_credibility,"Gun Control, Clear Authority, 15% support",0.05945419103313582,0.2064036709982465,published
Braman751,scholar_credibility,"Gun Control, Clear Authority, 85% support",0.147773279352228,0.1559728542564131,published
Braman751,scholar_credibility,"Gun Control, Clearly No Authority, 15% support",0.1035834266517356,0.0892371047104438,published
Braman751,scholar_credibility,"Gun Control, Clearly No Authority, 85% support",0.08668730650154928,0.0804377964852721,published
Braman751,scholar_credibility,"Gun Control, Divided, 85% support",0.03342816500711228,0.03564935965571653,published
Braman751,scholar_credibility,"Gun Control, Divided. 15% support",0.315789473684209,0.07766608907542397,published
Braman751,scholar_credibility,"Immigration, Clear Authority, 85% support",0.00760233918128505,0.0003653232834838482,published
Braman751,scholar_credibility,"Immigration, Clearly No Authority, 15% support",0.08924485125858041,0.06657177572733966,published
Braman751,scholar_credibility,"Immigration, Clearly No Authority, 85% support",0.2774436090225552,0.0789837334425999,published
Braman751,scholar_credibility,"Immigration, Divided, 15% support",0.03399122807017509,0.01004686372907286,published
Braman751,scholar_credibility,"Immigration, Divided, 85% support",0.00760233918128545,-0.00312302968135429,published
Braman751,scholar_credibility,"Gun Control, Clear Authority, 15% support",0.05185185185184964,0.2060383477147626,published
Braman751,scholar_credibility,"Gun Control, Clear Authority, 85% support",0.1401709401709416,0.1556075309729293,published
Braman751,scholar_credibility,"Gun Control, Clearly No Authority, 15% support",0.09598108747044916,0.08887178142695995,published
Braman751,scholar_credibility,"Gun Control, Clearly No Authority, 85% support",0.0790849673202628,0.08007247320178826,published
Braman751,scholar_credibility,"Gun Control, Divided, 85% support",0.02582582582582598,0.03528403637223269,published
Braman751,scholar_credibility,"Gun Control, Divided. 15% support",0.3081871345029226,0.07730076579194012,published
Braman751,scholar_credibility,"Immigration, Clear Authority, 15% support",-0.00760233918128677,-0.0003653232834838482,published
Braman751,scholar_credibility,"Immigration, Clearly No Authority, 15% support",0.08164251207729367,0.06620645244385581,published
Braman751,scholar_credibility,"Immigration, Clearly No Authority, 85% support",0.269841269841269,0.07861841015911605,published
Braman751,scholar_credibility,"Immigration, Divided, 15% support",0.02638888888888882,0.00968154044558902,published
Braman751,scholar_credibility,"Immigration, Divided, 85% support",-1.813930625431294e-15,-0.00348835296483814,published
Braman751,scholar_credibility,"Gun Control, Clear Authority, 15% support",-0.0297906602254427,0.1398318952709068,published
Braman751,scholar_credibility,"Gun Control, Clear Authority, 85% support",0.05852842809364616,0.08940107852907345,published
Braman751,scholar_credibility,"Gun Control, Clearly No Authority, 15% support",0.01433857539315423,0.02266532898310413,published
Braman751,scholar_credibility,"Gun Control, Clearly No Authority, 85% support",-0.00255754475703284,0.01386602075793244,published
Braman751,scholar_credibility,"Gun Control, Divided, 85% support",-0.05581668625146758,-0.03092241607162312,published
Braman751,scholar_credibility,"Gun Control, Divided. 15% support",0.2265446224256285,0.0110943133480843,published
Braman751,scholar_credibility,"Immigration, Clear Authority, 15% support",-0.08924485125858135,-0.06657177572733966,published
Braman751,scholar_credibility,"Immigration, Clear Authority, 85% support",-0.08164251207729592,-0.06620645244385581,published
Braman751,scholar_credibility,"Immigration, Clearly No Authority, 85% support",0.1881987577639744,0.01241195771526024,published
Braman751,scholar_credibility,"Immigration, Divided, 15% support",-0.05525362318840653,-0.05652491199826678,published
Braman751,scholar_credibility,"Immigration, Divided, 85% support",-0.08164251207729539,-0.06969480540869395,published
Braman751,scholar_credibility,"Gun Control, Clear Authority, 15% support",-0.2179894179894128,0.1274199375556466,published
Braman751,scholar_credibility,"Gun Control, Clear Authority, 85% support",-0.129670329670331,0.0769891208138132,published
Braman751,scholar_credibility,"Gun Control, Clearly No Authority, 15% support",-0.1738601823708218,0.01025337126784389,published
Braman751,scholar_credibility,"Gun Control, Clearly No Authority, 85% support",-0.1907563025210106,0.0014540630426722,published
Braman751,scholar_credibility,"Gun Control, Divided, 85% support",-0.2440154440154405,-0.04333437378688336,published
Braman751,scholar_credibility,"Gun Control, Divided. 15% support",0.03834586466165449,-0.00131764436717593,published
Braman751,scholar_credibility,"Immigration, Clear Authority, 15% support",-0.2774436090225566,-0.0789837334425999,published
Braman751,scholar_credibility,"Immigration, Clear Authority, 85% support",-0.2698412698412712,-0.07861841015911605,published
Braman751,scholar_credibility,"Immigration, Clearly No Authority, 15% support",-0.1881987577639763,-0.01241195771526024,published
Braman751,scholar_credibility,"Immigration, Divided, 15% support",-0.2434523809523818,-0.06893686971352703,published
Braman751,scholar_credibility,"Immigration, Divided, 85% support",-0.2698412698412709,-0.0821067631239542,published
Braman751,scholar_credibility,"Gun Control, Clear Authority, 15% support",0.02546296296296179,0.1963568072691736,published
Braman751,scholar_credibility,"Gun Control, Clear Authority, 85% support",0.1137820512820527,0.1459259905273402,published
Braman751,scholar_credibility,"Gun Control, Clearly No Authority, 15% support",0.06959219858156047,0.07919024098137092,published
Braman751,scholar_credibility,"Gun Control, Clearly No Authority, 85% support",0.05269607843137385,0.07039093275619923,published
Braman751,scholar_credibility,"Gun Control, Divided, 85% support",-0.0005630630630622706,0.02560249592664366,published
Braman751,scholar_credibility,"Gun Control, Divided. 15% support",0.2817982456140342,0.06761922534635109,published
Braman751,scholar_credibility,"Immigration, Clear Authority, 15% support",-0.03399122807017537,-0.01004686372907286,published
Braman751,scholar_credibility,"Immigration, Clear Authority, 85% support",-0.02638888888888992,-0.00968154044558902,published
Braman751,scholar_credibility,"Immigration, Clearly No Authority, 15% support",0.05525362318840534,0.05652491199826678,published
Braman751,scholar_credibility,"Immigration, Clearly No Authority, 85% support",0.2434523809523817,0.06893686971352703,published
Braman751,scholar_credibility,"Immigration, Divided, 85% support",-0.02638888888889016,-0.01316989341042716,published
Braman751,scholar_credibility,"Gun Control, Clear Authority, 15% support",0.05185185185184993,0.2095267006796007,published
Braman751,scholar_credibility,"Gun Control, Clear Authority, 85% support",0.1401709401709419,0.1590958839377674,published
Braman751,scholar_credibility,"Gun Control, Clearly No Authority, 15% support",0.09598108747044946,0.09236013439179808,published
Braman751,scholar_credibility,"Gun Control, Clearly No Authority, 85% support",0.07908496732026307,0.0835608261666264,published
Braman751,scholar_credibility,"Gun Control, Divided, 85% support",0.02582582582582627,0.03877238933707083,published
Braman751,scholar_credibility,"Gun Control, Divided. 15% support",0.3081871345029229,0.08078911875677826,published
Braman751,scholar_credibility,"Immigration, Clear Authority, 15% support",-0.00760233918128649,0.00312302968135429,published
Braman751,scholar_credibility,"Immigration, Clear Authority, 85% support",-1.062984415177803e-15,0.00348835296483814,published
Braman751,scholar_credibility,"Immigration, Clearly No Authority, 15% support",0.08164251207729425,0.06969480540869395,published
Braman751,scholar_credibility,"Immigration, Clearly No Authority, 85% support",0.2698412698412706,0.0821067631239542,published
Braman751,scholar_credibility,"Immigration, Divided, 15% support",0.02638888888888767,0.01316989341042716,published
Craig735,Federal Funding,Control,0.02172655163034976,0.03524900457125374,published
Craig735,Federal Funding,Hispanic Growth,0.01717718284963498,-0.00741613607802565,published
Craig735,Federal Funding,Asian Growth,-0.02172655163034893,-0.03524900457125374,published
Craig735,Federal Funding,Hispanic Growth,-0.00454936878071527,-0.0426651406492794,published
Craig735,Federal Funding,Asian Growth,-0.01717718284963411,0.00741613607802565,published
Craig735,Federal Funding,Control,0.00454936878071479,0.0426651406492794,published
Craig735,Immigration,Control,0.00918042627480097,-0.01297427226435865,published
Craig735,Immigration,Hispanic Growth,-0.00689217369295742,0.01096818108292507,published
Craig735,Immigration,Asian Growth,-0.00918042627480061,0.01297427226435865,published
Craig735,Immigration,Hispanic Growth,-0.01607259996775795,0.02394245334728373,published
Craig735,Immigration,Asian Growth,0.00689217369295739,-0.01096818108292507,published
Craig735,Immigration,Control,0.01607259996775948,-0.02394245334728373,published
Craig735,Terrorist Interrogation,Control,0.03293762244066623,0.06519702692461149,published
Craig735,Terrorist Interrogation,Hispanic Growth,0.04040611041889942,0.01349754380308854,published
Craig735,Terrorist Interrogation,Asian Growth,-0.03293762244066129,-0.06519702692461149,published
Craig735,Terrorist Interrogation,Hispanic Growth,0.00746848797823429,-0.05169948312152295,published
Craig735,Terrorist Interrogation,Asian Growth,-0.04040611041889413,-0.01349754380308854,published
Craig735,Terrorist Interrogation,Control,-0.00746848797823275,0.05169948312152295,published
Enos700,modern_racism1,Mauritanian,0.07034637449136218,-0.05983189658962262,published
Enos700,modern_racism1,Surinamese,0.07009183188484602,-0.05073703917845829,published
Enos700,modern_racism1,Black,-0.07034637449136032,0.05983189658962262,published
Enos700,modern_racism1,Surinamese,-0.0002545426065161524,0.00909485741116433,published
Enos700,modern_racism1,Black,-0.07009183188484425,0.05073703917845829,published
Enos700,modern_racism1,Mauritanian,0.0002545426065159874,-0.00909485741116433,published
FarrowS6,Disappointment,Condition 2 disappointment,-0.00828227628015123,0.02053118760472772,published
FarrowS6,Disappointment,Condition 1 disappointment,0.00828227628015127,-0.02053118760472772,published
Haaland874,Affirmative action: Assistance,TREATMENT,-0.00504710861711458,-0.01871809076229569,published
Haaland874,Affirmative action: Assistance,CONTROL,0.00504710861711433,0.01871809076229569,published
Haaland874,Affirmative action: Preference,TREATMENT,0.00848057047173669,-0.05098684914369572,published
Haaland874,Affirmative action: Preference,CONTROL,-0.00848057047173648,0.05098684914369572,published
Haaland874,Racial Discrimination perception,TREATMENT,-0.04228100680460948,-0.02474909318510271,published
Haaland874,Racial Discrimination perception,CONTROL,0.04228100680460821,0.02474909318510271,published
HankinsonS22,Clinic_support,Near Treatment,0.1061924769908009,0.04287740867991707,published
HankinsonS22,Clinic_support,Far Treatment,-0.1061924769908015,-0.04287740867991707,published
Harbridge-Yong1032,Article_Fairness,Dem Majority -Bipartisan,-0.1340247844827702,-0.2710070615993908,published
Harbridge-Yong1032,Article_Fairness,Dem Majority -Minority,-0.1261957908163263,-0.159827709714447,published
Harbridge-Yong1032,Article_Fairness,GOP Majority - Control,-0.05104062915006952,-0.1559249641158882,published
Harbridge-Yong1032,Article_Fairness,GOP Majority -Bipartisan Gas Tax,-0.1805362983503989,-0.2677983703652554,published
Harbridge-Yong1032,Article_Fairness,GOP Majority -Bipartisan Green Energy,-0.204427083333339,-0.3422046892237426,published
Harbridge-Yong1032,Article_Fairness,GOP Majority -Minority Gas Tax,-0.1852699952107303,-0.2239113855761826,published
Harbridge-Yong1032,Article_Fairness,GOP Majority -Minority Green Energy,-0.2114783653846153,-0.2689718803887556,published
Harbridge-Yong1032,Article_Fairness,Dem Majority - Control,0.1340247844827679,0.2710070615993908,published
Harbridge-Yong1032,Article_Fairness,Dem Majority -Minority,0.00782899366643396,0.1111793518849438,published
Harbridge-Yong1032,Article_Fairness,GOP Majority - Control,0.08298415533269614,0.1150820974835026,published
Harbridge-Yong1032,Article_Fairness,GOP Majority -Bipartisan Gas Tax,-0.04651151386764015,0.00320869123413536,published
Harbridge-Yong1032,Article_Fairness,GOP Majority -Bipartisan Green Energy,-0.07040229885057667,-0.07119762762435189,published
Harbridge-Yong1032,Article_Fairness,GOP Majority -Minority Gas Tax,-0.05124521072796992,0.04709567602320813,published
Harbridge-Yong1032,Article_Fairness,GOP Majority -Minority Green Energy,-0.07745358090185654,0.00203518121063511,published
Harbridge-Yong1032,Article_Fairness,Dem Majority - Control,0.1261957908163338,0.159827709714447,published
Harbridge-Yong1032,Article_Fairness,Dem Majority -Bipartisan,-0.00782899366643205,-0.1111793518849438,published
Harbridge-Yong1032,Article_Fairness,GOP Majority - Control,0.07515516166625837,0.00390274559855879,published
Harbridge-Yong1032,Article_Fairness,GOP Majority -Bipartisan Gas Tax,-0.05434050753407208,-0.1079706606508084,published
Harbridge-Yong1032,Article_Fairness,GOP Majority -Bipartisan Green Energy,-0.0782312925170101,-0.1823769795092957,published
Harbridge-Yong1032,Article_Fairness,GOP Majority -Minority Gas Tax,-0.05907420439440276,-0.06408367586173563,published
Harbridge-Yong1032,Article_Fairness,GOP Majority -Minority Green Energy,-0.08528257456828987,-0.1091441706743086,published
Harbridge-Yong1032,Article_Fairness,Dem Majority - Control,0.05104062915006897,0.1559249641158882,published
Harbridge-Yong1032,Article_Fairness,Dem Majority -Bipartisan,-0.08298415533268473,-0.1150820974835026,published
Harbridge-Yong1032,Article_Fairness,Dem Majority -Minority,-0.07515516166626535,-0.00390274559855879,published
Harbridge-Yong1032,Article_Fairness,GOP Majority -Bipartisan Gas Tax,-0.1294956692003331,-0.1118734062493672,published
Harbridge-Yong1032,Article_Fairness,GOP Majority -Bipartisan Green Energy,-0.1533864541832659,-0.1862797251078544,published
Harbridge-Yong1032,Article_Fairness,GOP Majority -Minority Gas Tax,-0.1342293660606646,-0.06798642146029443,published
Harbridge-Yong1032,Article_Fairness,GOP Majority -Minority Green Energy,-0.1604377362345518,-0.1130469162728674,published
Harbridge-Yong1032,Article_Fairness,Dem Majority - Control,0.1805362983504084,0.2677983703652554,published
Harbridge-Yong1032,Article_Fairness,Dem Majority -Bipartisan,0.04651151386763371,-0.00320869123413536,published
Harbridge-Yong1032,Article_Fairness,Dem Majority -Minority,0.05434050753407282,0.1079706606508084,published
Harbridge-Yong1032,Article_Fairness,GOP Majority - Control,0.129495669200322,0.1118734062493672,published
Harbridge-Yong1032,Article_Fairness,GOP Majority -Bipartisan Green Energy,-0.02389078498293495,-0.07440631885848725,published
Harbridge-Yong1032,Article_Fairness,GOP Majority -Minority Gas Tax,-0.00473369686032995,0.04388698478907277,published
Harbridge-Yong1032,Article_Fairness,GOP Majority -Minority Green Energy,-0.03094206703421677,-0.00117351002350024,published
Harbridge-Yong1032,Article_Fairness,Dem Majority - Control,0.2044270833333447,0.3422046892237426,published
Harbridge-Yong1032,Article_Fairness,Dem Majority -Bipartisan,0.07040229885056612,0.07119762762435189,published
Harbridge-Yong1032,Article_Fairness,Dem Majority -Minority,0.07823129251700887,0.1823769795092957,published
Harbridge-Yong1032,Article_Fairness,GOP Majority - Control,0.1533864541832558,0.1862797251078544,published
Harbridge-Yong1032,Article_Fairness,GOP Majority -Bipartisan Gas Tax,0.02389078498293467,0.07440631885848725,published
Harbridge-Yong1032,Article_Fairness,GOP Majority -Minority Gas Tax,0.01915708812260558,0.11829330364756,published
Harbridge-Yong1032,Article_Fairness,GOP Majority -Minority Green Energy,-0.00705128205128191,0.073232808834987,published
Harbridge-Yong1032,Article_Fairness,Dem Majority - Control,0.1852699952107384,0.2239113855761826,published
Harbridge-Yong1032,Article_Fairness,Dem Majority -Bipartisan,0.0512452107279629,-0.04709567602320813,published
Harbridge-Yong1032,Article_Fairness,Dem Majority -Minority,0.05907420439440273,0.06408367586173563,published
Harbridge-Yong1032,Article_Fairness,GOP Majority - Control,0.1342293660606514,0.06798642146029443,published
Harbridge-Yong1032,Article_Fairness,GOP Majority -Bipartisan Gas Tax,0.00473369686032955,-0.04388698478907277,published
Harbridge-Yong1032,Article_Fairness,GOP Majority -Bipartisan Green Energy,-0.01915708812260526,-0.11829330364756,published
Harbridge-Yong1032,Article_Fairness,GOP Majority -Minority Green Energy,-0.02620837017388713,-0.04506049481257301,published
Harbridge-Yong1032,Article_Fairness,Dem Majority - Control,0.211478365384627,0.2689718803887556,published
Harbridge-Yong1032,Article_Fairness,Dem Majority -Bipartisan,0.07745358090184729,-0.00203518121063511,published
Harbridge-Yong1032,Article_Fairness,Dem Majority -Minority,0.0852825745682911,0.1091441706743086,published
Harbridge-Yong1032,Article_Fairness,GOP Majority - Control,0.1604377362345374,0.1130469162728674,published
Harbridge-Yong1032,Article_Fairness,GOP Majority -Bipartisan Gas Tax,0.03094206703421653,0.00117351002350024,published
Harbridge-Yong1032,Article_Fairness,GOP Majority -Bipartisan Green Energy,0.00705128205128219,-0.073232808834987,published
Harbridge-Yong1032,Article_Fairness,GOP Majority -Minority Gas Tax,0.02620837017388733,0.04506049481257301,published
Harbridge-Yong1032,Article_Support,Dem Majority -Bipartisan,-0.1076712101063963,-0.06211151461330577,published
Harbridge-Yong1032,Article_Support,Dem Majority -Minority,-0.1206014989837466,-0.02497677000893983,published
Harbridge-Yong1032,Article_Support,GOP Majority - Control,-0.1919016641766226,-0.2308491964988493,published
Harbridge-Yong1032,Article_Support,GOP Majority -Bipartisan Gas Tax,-0.2771893792955401,-0.2414562855302091,published
Harbridge-Yong1032,Article_Support,GOP Majority -Bipartisan Green Energy,-0.2632975919365733,-0.319333535919719,published
Harbridge-Yong1032,Article_Support,GOP Majority -Minority Gas Tax,-0.2491122159090966,-0.2064899817851826,published
Harbridge-Yong1032,Article_Support,GOP Majority -Minority Green Energy,-0.299742565203568,-0.2531097340193194,published
Harbridge-Yong1032,Article_Support,Dem Majority - Control,0.1076712101063782,0.06211151461330577,published
Harbridge-Yong1032,Article_Support,Dem Majority -Minority,-0.01293028887735695,0.03713474460436594,published
Harbridge-Yong1032,Article_Support,GOP Majority - Control,-0.08423045407023971,-0.1687376818855435,published
Harbridge-Yong1032,Article_Support,GOP Majority -Bipartisan Gas Tax,-0.1695181691891588,-0.1793447709169033,published
Harbridge-Yong1032,Article_Support,GOP Majority -Bipartisan Green Energy,-0.1556263818301952,-0.2572220213064133,published
Harbridge-Yong1032,Article_Support,GOP Majority -Minority Gas Tax,-0.1414410058027076,-0.1443784671718769,published
Harbridge-Yong1032,Article_Support,GOP Majority -Minority Green Energy,-0.1920713550971768,-0.1909982194060136,published
Harbridge-Yong1032,Article_Support,Dem Majority - Control,0.1206014989837326,0.02497677000893983,published
Harbridge-Yong1032,Article_Support,Dem Majority -Bipartisan,0.01293028887735252,-0.03713474460436594,published
Harbridge-Yong1032,Article_Support,GOP Majority - Control,-0.07130016519288676,-0.2058724264899094,published
Harbridge-Yong1032,Article_Support,GOP Majority -Bipartisan Gas Tax,-0.1565878803117969,-0.2164795155212693,published
Harbridge-Yong1032,Article_Support,GOP Majority -Bipartisan Green Energy,-0.1426960929528371,-0.2943567659107792,published
Harbridge-Yong1032,Article_Support,GOP Majority -Minority Gas Tax,-0.1285107169253543,-0.1815132117762428,published
Harbridge-Yong1032,Article_Support,GOP Majority -Minority Green Energy,-0.1791410662198279,-0.2281329640103796,published
Harbridge-Yong1032,Article_Support,Dem Majority - Control,0.1919016641766173,0.2308491964988493,published
Harbridge-Yong1032,Article_Support,Dem Majority -Bipartisan,0.08423045407024135,0.1687376818855435,published
Harbridge-Yong1032,Article_Support,Dem Majority -Minority,0.07130016519287899,0.2058724264899094,published
Harbridge-Yong1032,Article_Support,GOP Majority -Bipartisan Gas Tax,-0.08528771511890643,-0.01060708903135981,published
Harbridge-Yong1032,Article_Support,GOP Majority -Bipartisan Green Energy,-0.07139592775994627,-0.08848433942086975,published
Harbridge-Yong1032,Article_Support,GOP Majority -Minority Gas Tax,-0.05721055173246511,0.02435921471366664,published
Harbridge-Yong1032,Article_Support,GOP Majority -Minority Green Energy,-0.1078409010269363,-0.02226053752047013,published
Harbridge-Yong1032,Article_Support,Dem Majority - Control,0.2771893792955181,0.2414562855302091,published
Harbridge-Yong1032,Article_Support,Dem Majority -Bipartisan,0.1695181691891471,0.1793447709169033,published
Harbridge-Yong1032,Article_Support,Dem Majority -Minority,0.1565878803117788,0.2164795155212693,published
Harbridge-Yong1032,Article_Support,GOP Majority - Control,0.08528771511890071,0.01060708903135981,published
Harbridge-Yong1032,Article_Support,GOP Majority -Bipartisan Green Energy,0.0138917873589612,-0.07787725038950993,published
Harbridge-Yong1032,Article_Support,GOP Majority -Minority Gas Tax,0.02807716338644222,0.03496630374502646,published
Harbridge-Yong1032,Article_Support,GOP Majority -Minority Green Energy,-0.022553185908029,-0.01165344848911031,published
Harbridge-Yong1032,Article_Support,Dem Majority - Control,0.2632975919365582,0.319333535919719,published
Harbridge-Yong1032,Article_Support,Dem Majority -Bipartisan,0.1556263818301863,0.2572220213064133,published
Harbridge-Yong1032,Article_Support,Dem Majority -Minority,0.1426960929528189,0.2943567659107792,published
Harbridge-Yong1032,Article_Support,GOP Majority - Control,0.07139592775994051,0.08848433942086975,published
Harbridge-Yong1032,Article_Support,GOP Majority -Bipartisan Gas Tax,-0.01389178735896028,0.07787725038950993,published
Harbridge-Yong1032,Article_Support,GOP Majority -Minority Gas Tax,0.01418537602748097,0.1128435541345364,published
Harbridge-Yong1032,Article_Support,GOP Majority -Minority Green Energy,-0.03644497326699028,0.06622380190039961,published
Harbridge-Yong1032,Article_Support,Dem Majority - Control,0.2491122159090779,0.2064899817851826,published
Harbridge-Yong1032,Article_Support,Dem Majority -Bipartisan,0.1414410058027054,0.1443784671718769,published
Harbridge-Yong1032,Article_Support,Dem Majority -Minority,0.1285107169253389,0.1815132117762428,published
Harbridge-Yong1032,Article_Support,GOP Majority - Control,0.05721055173246014,-0.02435921471366664,published
Harbridge-Yong1032,Article_Support,GOP Majority -Bipartisan Gas Tax,-0.02807716338644111,-0.03496630374502646,published
Harbridge-Yong1032,Article_Support,GOP Majority -Bipartisan Green Energy,-0.01418537602748166,-0.1128435541345364,published
Harbridge-Yong1032,Article_Support,GOP Majority -Minority Green Energy,-0.05063034929447152,-0.04661975223413678,published
Harbridge-Yong1032,Article_Support,Dem Majority - Control,0.2997425652035454,0.2531097340193194,published
Harbridge-Yong1032,Article_Support,Dem Majority -Bipartisan,0.1920713550971757,0.1909982194060136,published
Harbridge-Yong1032,Article_Support,Dem Majority -Minority,0.1791410662198057,0.2281329640103796,published
Harbridge-Yong1032,Article_Support,GOP Majority - Control,0.1078409010269283,0.02226053752047013,published
Harbridge-Yong1032,Article_Support,GOP Majority -Bipartisan Gas Tax,0.02255318590802867,0.01165344848911031,published
Harbridge-Yong1032,Article_Support,GOP Majority -Bipartisan Green Energy,0.03644497326698998,-0.06622380190039961,published
Harbridge-Yong1032,Article_Support,GOP Majority -Minority Gas Tax,0.0506303492944711,0.04661975223413678,published
Harbridge-Yong1032,Confidence_congress,Dem Majority -Bipartisan,-0.04360309829059838,-0.145078691673276,published
Harbridge-Yong1032,Confidence_congress,Dem Majority -Minority,-0.01035315040650319,-0.0989790720004044,published
Harbridge-Yong1032,Confidence_congress,GOP Majority - Control,-0.0117807539682551,-0.1203995695133253,published
Harbridge-Yong1032,Confidence_congress,GOP Majority -Bipartisan Gas Tax,-0.02935686860068265,-0.1778324302512587,published
Harbridge-Yong1032,Confidence_congress,GOP Majority -Bipartisan Green Energy,-0.04298456477732788,-0.2115790118939239,published
Harbridge-Yong1032,Confidence_congress,GOP Majority -Minority Gas Tax,-0.04474431818181854,-0.1687713301573722,published
Harbridge-Yong1032,Confidence_congress,GOP Majority -Minority Green Energy,-0.0292819656488559,-0.1833066717587088,published
Harbridge-Yong1032,Confidence_congress,Dem Majority - Control,0.04360309829059644,0.145078691673276,published
Harbridge-Yong1032,Confidence_congress,Dem Majority -Minority,0.03324994788409183,0.04609961967287157,published
Harbridge-Yong1032,Confidence_congress,GOP Majority - Control,0.03182234432234472,0.02467912215995071,published
Harbridge-Yong1032,Confidence_congress,GOP Majority -Bipartisan Gas Tax,0.01424622968991501,-0.03275373857798275,published
Harbridge-Yong1032,Confidence_congress,GOP Majority -Bipartisan Green Energy,0.0006185335132688894,-0.066500320220648,published
Harbridge-Yong1032,Confidence_congress,GOP Majority -Minority Gas Tax,-0.00114121989122084,-0.02369263848409619,published
Harbridge-Yong1032,Confidence_congress,GOP Majority -Minority Green Energy,0.01432113264174198,-0.03822798008543282,published
Harbridge-Yong1032,Confidence_congress,Dem Majority - Control,0.01035315040650219,0.0989790720004044,published
Harbridge-Yong1032,Confidence_congress,Dem Majority -Bipartisan,-0.03324994788409639,-0.04609961967287157,published
Harbridge-Yong1032,Confidence_congress,GOP Majority - Control,-0.00142760356175151,-0.02142049751292085,published
Harbridge-Yong1032,Confidence_congress,GOP Majority -Bipartisan Gas Tax,-0.01900371819418033,-0.07885335825085432,published
Harbridge-Yong1032,Confidence_congress,GOP Majority -Bipartisan Green Energy,-0.03263141437082551,-0.1125999398935196,published
Harbridge-Yong1032,Confidence_congress,GOP Majority -Minority Gas Tax,-0.03439116777531499,-0.06979225815696777,published
Harbridge-Yong1032,Confidence_congress,GOP Majority -Minority Green Energy,-0.01892881524235199,-0.0843275997583044,published
Harbridge-Yong1032,Confidence_congress,Dem Majority - Control,0.01178075396825241,0.1203995695133253,published
Harbridge-Yong1032,Confidence_congress,Dem Majority -Bipartisan,-0.03182234432234612,-0.02467912215995071,published
Harbridge-Yong1032,Confidence_congress,Dem Majority -Minority,0.00142760356174896,0.02142049751292085,published
Harbridge-Yong1032,Confidence_congress,GOP Majority -Bipartisan Gas Tax,-0.01757611463243042,-0.05743286073793347,published
Harbridge-Yong1032,Confidence_congress,GOP Majority -Bipartisan Green Energy,-0.03120381080907489,-0.09117944238059872,published
Harbridge-Yong1032,Confidence_congress,GOP Majority -Minority Gas Tax,-0.03296356421356505,-0.04837176064404691,published
Harbridge-Yong1032,Confidence_congress,GOP Majority -Minority Green Energy,-0.01750121168060154,-0.06290710224538354,published
Harbridge-Yong1032,Confidence_congress,Dem Majority - Control,0.02935686860068061,0.1778324302512587,published
Harbridge-Yong1032,Confidence_congress,Dem Majority -Bipartisan,-0.0142462296899172,0.03275373857798275,published
Harbridge-Yong1032,Confidence_congress,Dem Majority -Minority,0.01900371819417609,0.07885335825085432,published
Harbridge-Yong1032,Confidence_congress,GOP Majority - Control,0.01757611463242772,0.05743286073793347,published
Harbridge-Yong1032,Confidence_congress,GOP Majority -Bipartisan Green Energy,-0.01362769617664612,-0.03374658164266525,published
Harbridge-Yong1032,Confidence_congress,GOP Majority -Minority Gas Tax,-0.01538744958113686,0.00906110009388655,published
Harbridge-Yong1032,Confidence_congress,GOP Majority -Minority Green Energy,7.490295182579309e-05,-0.00547424150745007,published
Harbridge-Yong1032,Confidence_congress,Dem Majority - Control,0.04298456477732647,0.2115790118939239,published
Harbridge-Yong1032,Confidence_congress,Dem Majority -Bipartisan,-0.0006185335132707947,0.066500320220648,published
Harbridge-Yong1032,Confidence_congress,Dem Majority -Minority,0.03263141437082111,0.1125999398935196,published
Harbridge-Yong1032,Confidence_congress,GOP Majority - Control,0.03120381080907381,0.09117944238059872,published
Harbridge-Yong1032,Confidence_congress,GOP Majority -Bipartisan Gas Tax,0.01362769617664462,0.03374658164266525,published
Harbridge-Yong1032,Confidence_congress,GOP Majority -Minority Gas Tax,-0.00175975340449062,0.0428076817365518,published
Harbridge-Yong1032,Confidence_congress,GOP Majority -Minority Green Energy,0.01370259912847345,0.02827234013521518,published
Harbridge-Yong1032,Confidence_congress,Dem Majority - Control,0.04474431818181628,0.1687713301573722,published
Harbridge-Yong1032,Confidence_congress,Dem Majority -Bipartisan,0.00114121989121909,0.02369263848409619,published
Harbridge-Yong1032,Confidence_congress,Dem Majority -Minority,0.03439116777531082,0.06979225815696777,published
Harbridge-Yong1032,Confidence_congress,GOP Majority - Control,0.03296356421356367,0.04837176064404691,published
Harbridge-Yong1032,Confidence_congress,GOP Majority -Bipartisan Gas Tax,0.01538744958113446,-0.00906110009388655,published
Harbridge-Yong1032,Confidence_congress,GOP Majority -Bipartisan Green Energy,0.00175975340448966,-0.0428076817365518,published
Harbridge-Yong1032,Confidence_congress,GOP Majority -Minority Green Energy,0.01546235253296271,-0.01453534160133662,published
Harbridge-Yong1032,Confidence_congress,Dem Majority - Control,0.02928196564885316,0.1833066717587088,published
Harbridge-Yong1032,Confidence_congress,Dem Majority -Bipartisan,-0.01432113264174466,0.03822798008543282,published
Harbridge-Yong1032,Confidence_congress,Dem Majority -Minority,0.01892881524234864,0.0843275997583044,published
Harbridge-Yong1032,Confidence_congress,GOP Majority - Control,0.01750121168060027,0.06290710224538354,published
Harbridge-Yong1032,Confidence_congress,GOP Majority -Bipartisan Gas Tax,-7.490295182882624e-05,0.00547424150745007,published
Harbridge-Yong1032,Confidence_congress,GOP Majority -Bipartisan Green Energy,-0.01370259912847406,-0.02827234013521518,published
Harbridge-Yong1032,Confidence_congress,GOP Majority -Minority Gas Tax,-0.01546235253296397,0.01453534160133662,published
Howat1039,Feeling_Dem,Political Issues,0.0358311303471094,0.01446536786922536,published
Howat1039,Feeling_Dem,Social Groups,0.03670792289660053,0.02264225478700965,published
Howat1039,Feeling_Dem,Traits,0.02728831399700557,0.01914065889791671,published
Howat1039,Feeling_Dem,Control,-0.03583113034710929,-0.01446536786922536,published
Howat1039,Feeling_Dem,Social Groups,0.0008767925494914976,0.00817688691778428,published
Howat1039,Feeling_Dem,Traits,-0.00854281635010275,0.00467529102869135,published
Howat1039,Feeling_Dem,Control,-0.03670792289660116,-0.02264225478700965,published
Howat1039,Feeling_Dem,Political Issues,-0.0008767925494919981,-0.00817688691778428,published
Howat1039,Feeling_Dem,Traits,-0.00941960889959478,-0.00350159588909293,published
Howat1039,Feeling_Dem,Control,-0.02728831399700649,-0.01914065889791671,published
Howat1039,Feeling_Dem,Political Issues,0.00854281635010238,-0.00467529102869135,published
Howat1039,Feeling_Dem,Social Groups,0.00941960889959432,0.00350159588909293,published
Howat1039,Feeling_DemPartySupporters,Political Issues,0.0005485860969654087,-0.06042899549096164,published
Howat1039,Feeling_DemPartySupporters,Social Groups,0.00288422684578214,-0.01927423081914511,published
Howat1039,Feeling_DemPartySupporters,Traits,-0.02041630317748528,-0.09093595949493032,published
Howat1039,Feeling_DemPartySupporters,Control,-0.0005485860969646336,0.06042899549096164,published
Howat1039,Feeling_DemPartySupporters,Social Groups,0.00233564074881621,0.04115476467181653,published
Howat1039,Feeling_DemPartySupporters,Traits,-0.02096488927445095,-0.03050696400396868,published
Howat1039,Feeling_DemPartySupporters,Control,-0.00288422684578086,0.01927423081914511,published
Howat1039,Feeling_DemPartySupporters,Political Issues,-0.00233564074881668,-0.04115476467181653,published
Howat1039,Feeling_DemPartySupporters,Traits,-0.02330053002326666,-0.07166172867578521,published
Howat1039,Feeling_DemPartySupporters,Control,0.02041630317748615,0.09093595949493032,published
Howat1039,Feeling_DemPartySupporters,Political Issues,0.02096488927444999,0.03050696400396868,published
Howat1039,Feeling_DemPartySupporters,Social Groups,0.02330053002326659,0.07166172867578521,published
Howat1039,Personal_ideology,Political Issues,-0.00558903131878679,0.01235842839405759,published
Howat1039,Personal_ideology,Social Groups,-0.02508866340119986,-0.0005062752976262019,published
Howat1039,Personal_ideology,Traits,-0.00857598293128054,-0.00820393219230059,published
Howat1039,Personal_ideology,Control,0.00558903131878684,-0.01235842839405759,published
Howat1039,Personal_ideology,Social Groups,-0.0194996320824148,-0.01286470369168379,published
Howat1039,Personal_ideology,Traits,-0.00298695161249414,-0.02056236058635818,published
Howat1039,Personal_ideology,Control,0.02508866340120039,0.0005062752976262019,published
Howat1039,Personal_ideology,Political Issues,0.01949963208241341,0.01286470369168379,published
Howat1039,Personal_ideology,Traits,0.01651268046991857,-0.00769765689467438,published
Howat1039,Personal_ideology,Control,0.00857598293128146,0.00820393219230059,published
Howat1039,Personal_ideology,Political Issues,0.00298695161249426,0.02056236058635818,published
Howat1039,Personal_ideology,Social Groups,-0.0165126804699193,0.00769765689467438,published
Kennedy1017,Family_approval,Green; Low,-0.01121431631420953,-0.00802363361256763,published
Kennedy1017,Family_approval,Not Green; High,-0.05392439198127454,-0.1424691533500836,published
Kennedy1017,Family_approval,Not Green; Low,-0.05784586970320224,-0.1246144119197996,published
Kennedy1017,Family_approval,Green; High,0.0112143163142129,0.00802363361256763,published
Kennedy1017,Family_approval,Not Green; High,-0.0427100756670626,-0.134445519737516,published
Kennedy1017,Family_approval,Not Green; Low,-0.04663155338898786,-0.116590778307232,published
Kennedy1017,Family_approval,Green; High,0.05392439198127598,0.1424691533500836,published
Kennedy1017,Family_approval,Green; Low,0.04271007566706267,0.134445519737516,published
Kennedy1017,Family_approval,Not Green; Low,-0.00392147772192487,0.01785474143028398,published
Kennedy1017,Family_approval,Green; High,0.05784586970320073,0.1246144119197996,published
Kennedy1017,Family_approval,Green; Low,0.04663155338898742,0.116590778307232,published
Kennedy1017,Family_approval,Not Green; High,0.00392147772192455,-0.01785474143028398,published
Kennedy1017,Family_friends,Green; Low,-0.0027249515759817,-0.00127153996839834,published
Kennedy1017,Family_friends,Not Green; High,-0.0722581429142838,-0.04464387563718686,published
Kennedy1017,Family_friends,Not Green; Low,-0.04931681575483498,-0.03171438399607906,published
Kennedy1017,Family_friends,Green; High,0.00272495157598309,0.00127153996839834,published
Kennedy1017,Family_friends,Not Green; High,-0.06953319133829985,-0.04337233566878851,published
Kennedy1017,Family_friends,Not Green; Low,-0.04659186417885431,-0.03044284402768071,published
Kennedy1017,Family_friends,Green; High,0.0722581429142848,0.04464387563718686,published
Kennedy1017,Family_friends,Green; Low,0.06953319133830804,0.04337233566878851,published
Kennedy1017,Family_friends,Not Green; Low,0.0229413271594497,0.01292949164110779,published
Kennedy1017,Family_friends,Green; High,0.04931681575483525,0.03171438399607906,published
Kennedy1017,Family_friends,Green; Low,0.04659186417885689,0.03044284402768071,published
Kennedy1017,Family_friends,Not Green; High,-0.0229413271594501,-0.01292949164110779,published
Kennedy1017,Family_knowledge,Green; Low,-0.06742132970543395,-0.1173893536538061,published
Kennedy1017,Family_knowledge,Not Green; High,-0.08326595401045811,-0.09152209450816008,published
Kennedy1017,Family_knowledge,Not Green; Low,-0.1076451182266965,-0.1440071608612913,published
Kennedy1017,Family_knowledge,Green; High,0.06742132970542716,0.1173893536538061,published
Kennedy1017,Family_knowledge,Not Green; High,-0.01584462430502825,0.02586725914564602,published
Kennedy1017,Family_knowledge,Not Green; Low,-0.04022378852126999,-0.02661780720748519,published
Kennedy1017,Family_knowledge,Green; High,0.08326595401045617,0.09152209450816008,published
Kennedy1017,Family_knowledge,Green; Low,0.01584462430502727,-0.02586725914564602,published
Kennedy1017,Family_knowledge,Not Green; Low,-0.02437916421623832,-0.05248506635313121,published
Kennedy1017,Family_knowledge,Green; High,0.1076451182266943,0.1440071608612913,published
Kennedy1017,Family_knowledge,Green; Low,0.04022378852126534,0.02661780720748519,published
Kennedy1017,Family_knowledge,Not Green; High,0.02437916421623841,0.05248506635313121,published
KlarBRIEF70,child_marries_dem,Control Group 2,-0.00294043729580168,-0.00396627160582008,published
KlarBRIEF70,child_marries_dem,Treatment Group 1,-0.01526062252964237,0.03158961896820345,published
KlarBRIEF70,child_marries_dem,Treatment Group 2,-0.02433574879226993,0.0098483831107563,published
KlarBRIEF70,child_marries_dem,Treatment Group 3,-0.06340778786430783,-0.02911254555215992,published
KlarBRIEF70,child_marries_dem,Treatment Group 4,-0.06919310614962552,-0.0319727243375757,published
KlarBRIEF70,child_marries_dem,Control Group 1,0.00294043729580133,0.00396627160582008,published
KlarBRIEF70,child_marries_dem,Treatment Group 1,-0.01232018523384151,0.03555589057402353,published
KlarBRIEF70,child_marries_dem,Treatment Group 2,-0.02139531149646814,0.01381465471657639,published
KlarBRIEF70,child_marries_dem,Treatment Group 3,-0.06046735056850673,-0.02514627394633983,published
KlarBRIEF70,child_marries_dem,Treatment Group 4,-0.06625266885382519,-0.02800645273175561,published
KlarBRIEF70,child_marries_dem,Control Group 1,0.01526062252964509,-0.03158961896820345,published
KlarBRIEF70,child_marries_dem,Control Group 2,0.01232018523384423,-0.03555589057402353,published
KlarBRIEF70,child_marries_dem,Treatment Group 2,-0.00907512626262461,-0.02174123585744714,published
KlarBRIEF70,child_marries_dem,Treatment Group 3,-0.04814716533466282,-0.06070216452036336,published
KlarBRIEF70,child_marries_dem,Treatment Group 4,-0.05393248361998228,-0.06356234330577915,published
KlarBRIEF70,child_marries_dem,Control Group 1,0.02433574879227253,-0.0098483831107563,published
KlarBRIEF70,child_marries_dem,Control Group 2,0.02139531149647172,-0.01381465471657639,published
KlarBRIEF70,child_marries_dem,Treatment Group 1,0.00907512626262828,0.02174123585744714,published
KlarBRIEF70,child_marries_dem,Treatment Group 3,-0.03907203907203529,-0.03896092866291623,published
KlarBRIEF70,child_marries_dem,Treatment Group 4,-0.04485735735735481,-0.04182110744833201,published
KlarBRIEF70,child_marries_dem,Control Group 1,0.06340778786431303,0.02911254555215992,published
KlarBRIEF70,child_marries_dem,Control Group 2,0.06046735056851241,0.02514627394633983,published
KlarBRIEF70,child_marries_dem,Treatment Group 1,0.04814716533466696,0.06070216452036336,published
KlarBRIEF70,child_marries_dem,Treatment Group 2,0.03907203907204087,0.03896092866291623,published
KlarBRIEF70,child_marries_dem,Treatment Group 4,-0.00578531828531606,-0.00286017878541577,published
KlarBRIEF70,child_marries_dem,Control Group 1,0.06919310614963102,0.0319727243375757,published
KlarBRIEF70,child_marries_dem,Control Group 2,0.0662526688538304,0.02800645273175561,published
KlarBRIEF70,child_marries_dem,Treatment Group 1,0.05393248361998466,0.06356234330577915,published
KlarBRIEF70,child_marries_dem,Treatment Group 2,0.04485735735735851,0.04182110744833201,published
KlarBRIEF70,child_marries_dem,Treatment Group 3,0.00578531828531911,0.00286017878541577,published
Krupnikov719,abortion,Group 2 Treatment 1,-0.1261682242990667,0.01957251585017733,published
Krupnikov719,abortion,Group 3 Treatment 2,-0.08367947386639056,-0.00439914631236182,published
Krupnikov719,abortion,Group 1 Control,0.1261682242990631,-0.01957251585017733,published
Krupnikov719,abortion,Group 3 Treatment 2,0.04248875043267669,-0.02397166216253915,published
Krupnikov719,abortion,Group 1 Control,0.08367947386638676,0.00439914631236182,published
Krupnikov719,abortion,Group 2 Treatment 1,-0.04248875043267583,0.02397166216253915,published
Krupnikov719,income,Group 2 Treatment 1,-0.02341597796143236,-0.00106327096380487,published
Krupnikov719,income,Group 3 Treatment 2,-0.01234567901234591,0.0005193909454334067,published
Krupnikov719,income,Group 1 Control,0.02341597796143235,0.00106327096380487,published
Krupnikov719,income,Group 3 Treatment 2,0.01107029894908666,0.00158266190923828,published
Krupnikov719,income,Group 1 Control,0.01234567901234562,-0.0005193909454334067,published
Krupnikov719,income,Group 2 Treatment 1,-0.01107029894908695,-0.00158266190923828,published
Krupnikov719,systemic_racism,Group 2 Treatment 1,-0.00882352941176605,-0.0221374055170041,published
Krupnikov719,systemic_racism,Group 3 Treatment 2,-0.01551461051346755,-0.01799321571661233,published
Krupnikov719,systemic_racism,Group 1 Control,0.00882352941176419,0.0221374055170041,published
Krupnikov719,systemic_racism,Group 3 Treatment 2,-0.00669108110170189,0.00414418980039177,published
Krupnikov719,systemic_racism,Group 1 Control,0.01551461051346524,0.01799321571661233,published
Krupnikov719,systemic_racism,Group 2 Treatment 1,0.00669108110170042,-0.00414418980039177,published
KrupnikovS34,partisanship,Think,0.00195566571739954,0.00318249485073862,published
KrupnikovS34,partisanship,Feel,-0.00195566571739923,-0.00318249485073862,published
KuruB67,poll_accuracy,C10,-0.05708075679924396,-0.1175385692577916,published
KuruB67,poll_accuracy,C11,-0.04547688200434475,-0.06523646491760199,published
KuruB67,poll_accuracy,C12,-0.02354705744294065,-0.00800677233272284,published
KuruB67,poll_accuracy,C2,0.03108400550855737,0.2271032557924185,published
KuruB67,poll_accuracy,C3,0.05968911843979808,0.2905940428678035,published
KuruB67,poll_accuracy,C4,0.06722779635822802,0.1781483575430211,published
KuruB67,poll_accuracy,C5,0.06577480490524108,0.2131422938058346,published
KuruB67,poll_accuracy,C6,0.06985405898449201,0.4162864568075511,published
KuruB67,poll_accuracy,C7,0.07206561554387504,0.4262415646605656,published
KuruB67,poll_accuracy,C8,0.03681280305166874,0.3921438633135712,published
KuruB67,poll_accuracy,C9,0.071116685247117,0.3328562893134498,published
KuruB67,poll_accuracy,C1,0.05708075679924775,0.1175385692577916,published
KuruB67,poll_accuracy,C11,0.01160387479490024,0.05230210434018956,published
KuruB67,poll_accuracy,C12,0.03353369935630416,0.1095317969250687,published
KuruB67,poll_accuracy,C2,0.08816476230780107,0.3446418250502101,published
KuruB67,poll_accuracy,C3,0.1167698752390508,0.4081326121255951,published
KuruB67,poll_accuracy,C4,0.1243085531574694,0.2956869268008126,published
KuruB67,poll_accuracy,C5,0.1228555617044804,0.3306808630636262,published
KuruB67,poll_accuracy,C6,0.1269348157837367,0.5338250260653425,published
KuruB67,poll_accuracy,C7,0.1291463723431222,0.5437801339183572,published
KuruB67,poll_accuracy,C8,0.09389355985091412,0.5096824325713627,published
KuruB67,poll_accuracy,C9,0.1281974420463631,0.4503948585712413,published
KuruB67,poll_accuracy,C1,0.04547688200434534,0.06523646491760199,published
KuruB67,poll_accuracy,C10,-0.01160387479490032,-0.05230210434018956,published
KuruB67,poll_accuracy,C12,0.02192982456140329,0.05722969258487914,published
KuruB67,poll_accuracy,C2,0.07656088751290353,0.2923397207100205,published
KuruB67,poll_accuracy,C3,0.1051660004441505,0.3558305077854055,published
KuruB67,poll_accuracy,C4,0.1127046783625702,0.243384822460623,published
KuruB67,poll_accuracy,C5,0.1112516869095771,0.2783787587234366,published
KuruB67,poll_accuracy,C6,0.1153309409888336,0.481522921725153,published
KuruB67,poll_accuracy,C7,0.1175424975482143,0.4914780295781676,published
KuruB67,poll_accuracy,C8,0.08228968505601185,0.4573803282311732,published
KuruB67,poll_accuracy,C9,0.1165935672514605,0.3980927542310518,published
KuruB67,poll_accuracy,C1,0.0235470574429408,0.00800677233272284,published
KuruB67,poll_accuracy,C10,-0.0335336993563036,-0.1095317969250687,published
KuruB67,poll_accuracy,C11,-0.0219298245614046,-0.05722969258487914,published
KuruB67,poll_accuracy,C2,0.05463106295149994,0.2351100281251414,published
KuruB67,poll_accuracy,C3,0.08323617588274645,0.2986008152005264,published
KuruB67,poll_accuracy,C4,0.09077485380116776,0.1861551298757439,published
KuruB67,poll_accuracy,C5,0.0893218623481757,0.2211490661385574,published
KuruB67,poll_accuracy,C6,0.0934011164274307,0.4242932291402739,published
KuruB67,poll_accuracy,C7,0.09561267298681152,0.4342483369932885,published
KuruB67,poll_accuracy,C8,0.0603598604946087,0.4001506356462941,published
KuruB67,poll_accuracy,C9,0.09466374269005788,0.3408630616461726,published
KuruB67,poll_accuracy,C1,-0.03108400550855985,-0.2271032557924185,published
KuruB67,poll_accuracy,C10,-0.08816476230780113,-0.3446418250502101,published
KuruB67,poll_accuracy,C11,-0.07656088751290101,-0.2923397207100205,published
KuruB67,poll_accuracy,C12,-0.05463106295149796,-0.2351100281251414,published
KuruB67,poll_accuracy,C3,0.02860511293124621,0.06349078707538502,published
KuruB67,poll_accuracy,C4,0.03614379084967172,-0.04895489824939747,published
KuruB67,poll_accuracy,C5,0.03469079939668013,-0.01396096198658392,published
KuruB67,poll_accuracy,C6,0.03877005347593524,0.1891832010151325,published
KuruB67,poll_accuracy,C7,0.04098161003531671,0.1991383088681471,published
KuruB67,poll_accuracy,C8,0.00572879754311238,0.1650406075211527,published
KuruB67,poll_accuracy,C9,0.04003267973856066,0.1057530335210313,published
KuruB67,poll_accuracy,C1,-0.0596891184398097,-0.2905940428678035,published
KuruB67,poll_accuracy,C10,-0.1167698752390493,-0.4081326121255951,published
KuruB67,poll_accuracy,C11,-0.1051660004441487,-0.3558305077854055,published
KuruB67,poll_accuracy,C12,-0.08323617588274593,-0.2986008152005264,published
KuruB67,poll_accuracy,C2,-0.02860511293124846,-0.06349078707538502,published
KuruB67,poll_accuracy,C4,0.00753867791842377,-0.1124456853247825,published
KuruB67,poll_accuracy,C5,0.00608568646543201,-0.07745174906196894,published
KuruB67,poll_accuracy,C6,0.01016494054468686,0.1256924139397475,published
KuruB67,poll_accuracy,C7,0.0123764971040687,0.1356475217927621,published
KuruB67,poll_accuracy,C8,-0.02287631538813587,0.1015498204457677,published
KuruB67,poll_accuracy,C9,0.0114275668073122,0.04226224644564624,published
KuruB67,poll_accuracy,C1,-0.06722779635823466,-0.1781483575430211,published
KuruB67,poll_accuracy,C10,-0.1243085531574739,-0.2956869268008126,published
KuruB67,poll_accuracy,C11,-0.112704678362573,-0.243384822460623,published
KuruB67,poll_accuracy,C12,-0.09077485380117038,-0.1861551298757439,published
KuruB67,poll_accuracy,C2,-0.03614379084967262,0.04895489824939747,published
KuruB67,poll_accuracy,C3,-0.00753867791842564,0.1124456853247825,published
KuruB67,poll_accuracy,C5,-0.00145299145299231,0.03499393626281355,published
KuruB67,poll_accuracy,C6,0.00262626262626225,0.23813809926453,published
KuruB67,poll_accuracy,C7,0.00483781918564466,0.2480932071175446,published
KuruB67,poll_accuracy,C8,-0.0304149933065605,0.2139955057705502,published
KuruB67,poll_accuracy,C9,0.0038888888888879,0.1547079317704287,published
KuruB67,poll_accuracy,C1,-0.06577480490524368,-0.2131422938058346,published
KuruB67,poll_accuracy,C10,-0.122855561704483,-0.3306808630636262,published
KuruB67,poll_accuracy,C11,-0.1112516869095822,-0.2783787587234366,published
KuruB67,poll_accuracy,C12,-0.08932186234817949,-0.2211490661385574,published
KuruB67,poll_accuracy,C2,-0.03469079939668181,0.01396096198658392,published
KuruB67,poll_accuracy,C3,-0.00608568646543478,0.07745174906196894,published
KuruB67,poll_accuracy,C4,0.00145299145298998,-0.03499393626281355,published
KuruB67,poll_accuracy,C6,0.00407925407925279,0.2031441630017164,published
KuruB67,poll_accuracy,C7,0.00629081063863561,0.213099270854731,published
KuruB67,poll_accuracy,C8,-0.02896200185356997,0.1790015695077366,published
KuruB67,poll_accuracy,C9,0.00534188034187881,0.1197139955076152,published
KuruB67,poll_accuracy,C1,-0.06985405898449769,-0.4162864568075511,published
KuruB67,poll_accuracy,C10,-0.1269348157837367,-0.5338250260653425,published
KuruB67,poll_accuracy,C11,-0.1153309409888358,-0.481522921725153,published
KuruB67,poll_accuracy,C12,-0.09340111642743322,-0.4242932291402739,published
KuruB67,poll_accuracy,C2,-0.03877005347593539,-0.1891832010151325,published
KuruB67,poll_accuracy,C3,-0.01016494054468851,-0.1256924139397475,published
KuruB67,poll_accuracy,C4,-0.00262626262626372,-0.23813809926453,published
KuruB67,poll_accuracy,C5,-0.00407925407925553,-0.2031441630017164,published
KuruB67,poll_accuracy,C7,0.00221155655938181,0.00995510785301456,published
KuruB67,poll_accuracy,C8,-0.03304125593282291,-0.02414259349397984,published
KuruB67,poll_accuracy,C9,0.00126262626262492,-0.08343016749410126,published
KuruB67,poll_accuracy,C1,-0.07206561554388047,-0.4262415646605656,published
KuruB67,poll_accuracy,C10,-0.1291463723431194,-0.5437801339183572,published
KuruB67,poll_accuracy,C11,-0.1175424975482184,-0.4914780295781676,published
KuruB67,poll_accuracy,C12,-0.09561267298681587,-0.4342483369932885,published
KuruB67,poll_accuracy,C2,-0.04098161003531791,-0.1991383088681471,published
KuruB67,poll_accuracy,C3,-0.01237649710407111,-0.1356475217927621,published
KuruB67,poll_accuracy,C4,-0.00483781918564631,-0.2480932071175446,published
KuruB67,poll_accuracy,C5,-0.00629081063863816,-0.213099270854731,published
KuruB67,poll_accuracy,C6,-0.00221155655938339,-0.00995510785301456,published
KuruB67,poll_accuracy,C8,-0.03525281249220587,-0.03409770134699441,published
KuruB67,poll_accuracy,C9,-0.0009489302967574308,-0.09338527534711584,published
KuruB67,poll_accuracy,C1,-0.03681280305167338,-0.3921438633135712,published
KuruB67,poll_accuracy,C10,-0.09389355985091433,-0.5096824325713627,published
KuruB67,poll_accuracy,C11,-0.0822896850560141,-0.4573803282311732,published
KuruB67,poll_accuracy,C12,-0.0603598604946111,-0.4001506356462941,published
KuruB67,poll_accuracy,C2,-0.00572879754311453,-0.1650406075211527,published
KuruB67,poll_accuracy,C3,0.02287631538813353,-0.1015498204457677,published
KuruB67,poll_accuracy,C4,0.03041499330655815,-0.2139955057705502,published
KuruB67,poll_accuracy,C5,0.02896200185356693,-0.1790015695077366,published
KuruB67,poll_accuracy,C6,0.03304125593282203,0.02414259349397984,published
KuruB67,poll_accuracy,C7,0.03525281249220353,0.03409770134699441,published
KuruB67,poll_accuracy,C9,0.03430388219544808,-0.05928757400012141,published
KuruB67,poll_accuracy,C1,-0.07111668524712364,-0.3328562893134498,published
KuruB67,poll_accuracy,C10,-0.1281974420463626,-0.4503948585712413,published
KuruB67,poll_accuracy,C11,-0.1165935672514617,-0.3980927542310518,published
KuruB67,poll_accuracy,C12,-0.0946637426900591,-0.3408630616461726,published
KuruB67,poll_accuracy,C2,-0.0400326797385612,-0.1057530335210313,published
KuruB67,poll_accuracy,C3,-0.01142756680731437,-0.04226224644564624,published
KuruB67,poll_accuracy,C4,-0.00388888888888957,-0.1547079317704287,published
KuruB67,poll_accuracy,C5,-0.00534188034188141,-0.1197139955076152,published
KuruB67,poll_accuracy,C6,-0.00126262626262663,0.08343016749410126,published
KuruB67,poll_accuracy,C7,0.0009489302967557164,0.09338527534711584,published
KuruB67,poll_accuracy,C8,-0.03430388219544875,0.05928757400012141,published
KuruB67,vote_choice,C10,-0.00399159663865848,-0.0091811703195867,published
KuruB67,vote_choice,C11,0.02375565610859616,0.03644363838227638,published
KuruB67,vote_choice,C12,-0.04901960784314024,0.01419331671518237,published
KuruB67,vote_choice,C2,-0.0220898485976714,-0.161294857246201,published
KuruB67,vote_choice,C3,0.02071078431372309,0.1714947251747529,published
KuruB67,vote_choice,C4,0.00792104921438579,0.00813618607972782,published
KuruB67,vote_choice,C5,-0.03009866366928974,0.00480667836099063,published
KuruB67,vote_choice,C6,-0.01094244149272668,-0.1969636574920472,published
KuruB67,vote_choice,C7,0.03248287266713946,0.2121860550046286,published
KuruB67,vote_choice,C8,-0.03779825183085371,0.09851308559552964,published
KuruB67,vote_choice,C9,0.02307879673608469,-0.04839966280391905,published
KuruB67,vote_choice,C1,0.0039915966386526,0.0091811703195867,published
KuruB67,vote_choice,C11,0.02774725274724688,0.04562480870186308,published
KuruB67,vote_choice,C12,-0.04502801120448722,0.02337448703476907,published
KuruB67,vote_choice,C2,-0.01809825195901819,-0.1521136869266143,published
KuruB67,vote_choice,C3,0.02470238095237606,0.1806758954943397,published
KuruB67,vote_choice,C4,0.01191264585303754,0.01731735639931453,published
KuruB67,vote_choice,C5,-0.0261070670306386,0.01398784868057734,published
KuruB67,vote_choice,C6,-0.00695084485407657,-0.1877824871724605,published
KuruB67,vote_choice,C7,0.03647446930578919,0.2213672253242153,published
KuruB67,vote_choice,C8,-0.03380665519220256,0.1076942559151163,published
KuruB67,vote_choice,C9,0.02707039337473524,-0.03921849248433234,published
KuruB67,vote_choice,C1,-0.02375565610860329,-0.03644363838227638,published
KuruB67,vote_choice,C10,-0.02774725274725964,-0.04562480870186308,published
KuruB67,vote_choice,C12,-0.07277526395174082,-0.02225032166709401,published
KuruB67,vote_choice,C2,-0.04584550470627367,-0.1977384956284774,published
KuruB67,vote_choice,C3,-0.00304487179487869,0.1350510867924766,published
KuruB67,vote_choice,C4,-0.01583460689421605,-0.02830745230254855,published
KuruB67,vote_choice,C5,-0.05385431977789387,-0.03163696002128574,published
KuruB67,vote_choice,C6,-0.03469809760133051,-0.2334072958743236,published
KuruB67,vote_choice,C7,0.00872721655853545,0.1757424166223522,published
KuruB67,vote_choice,C8,-0.06155390793945732,0.06206944721325325,published
KuruB67,vote_choice,C9,-0.0006768593725179348,-0.08484330118619543,published
KuruB67,vote_choice,C1,0.04901960784313781,-0.01419331671518237,published
KuruB67,vote_choice,C10,0.04502801120447611,-0.02337448703476907,published
KuruB67,vote_choice,C11,0.07277526395172829,0.02225032166709401,published
KuruB67,vote_choice,C2,0.02692975924546321,-0.1754881739613833,published
KuruB67,vote_choice,C3,0.06973039215685443,0.1573014084595706,published
KuruB67,vote_choice,C4,0.05694065705752041,-0.00605713063545454,published
KuruB67,vote_choice,C5,0.01892094417384458,-0.00938663835419173,published
KuruB67,vote_choice,C6,0.03807716635040807,-0.2111569742072296,published
KuruB67,vote_choice,C7,0.08150248051027084,0.1979927382894462,published
KuruB67,vote_choice,C8,0.01122135601228039,0.08431976888034726,published
KuruB67,vote_choice,C9,0.07209840457921905,-0.06259297951910142,published
KuruB67,vote_choice,C1,0.0220898485976665,0.161294857246201,published
KuruB67,vote_choice,C10,0.01809825195900678,0.1521136869266143,published
KuruB67,vote_choice,C11,0.04584550470625921,0.1977384956284774,published
KuruB67,vote_choice,C12,-0.0269297592454742,0.1754881739613833,published
KuruB67,vote_choice,C3,0.04280063291138615,0.3327895824209539,published
KuruB67,vote_choice,C4,0.03001089781205057,0.1694310433259288,published
KuruB67,vote_choice,C5,-0.00800881507162564,0.1661015356071916,published
KuruB67,vote_choice,C6,0.01114740710493617,-0.03566880024584623,published
KuruB67,vote_choice,C7,0.0545727212648015,0.3734809122508296,published
KuruB67,vote_choice,C8,-0.01570840323318895,0.2598079428417306,published
KuruB67,vote_choice,C9,0.04516864533374906,0.1128951944422819,published
KuruB67,vote_choice,C1,-0.02071078431372713,-0.1714947251747529,published
KuruB67,vote_choice,C10,-0.0247023809523837,-0.1806758954943397,published
KuruB67,vote_choice,C11,0.00304487179486915,-0.1350510867924766,published
KuruB67,vote_choice,C12,-0.06973039215686515,-0.1573014084595706,published
KuruB67,vote_choice,C2,-0.04280063291139275,-0.3327895824209539,published
KuruB67,vote_choice,C4,-0.01278973509934115,-0.1633585390950251,published
KuruB67,vote_choice,C5,-0.05080944798301586,-0.1666880468137623,published
KuruB67,vote_choice,C6,-0.0316532258064552,-0.3684583826668001,published
KuruB67,vote_choice,C7,0.01177208835341051,0.04069132982987566,published
KuruB67,vote_choice,C8,-0.05850903614458067,-0.07298163957922332,published
KuruB67,vote_choice,C9,0.00236801242235715,-0.219894387978672,published
KuruB67,vote_choice,C1,-0.00792104921439114,-0.00813618607972782,published
KuruB67,vote_choice,C10,-0.01191264585304865,-0.01731735639931453,published
KuruB67,vote_choice,C11,0.01583460689420407,0.02830745230254855,published
KuruB67,vote_choice,C12,-0.05694065705752998,0.00605713063545454,published
KuruB67,vote_choice,C2,-0.03001089781205799,-0.1694310433259288,published
KuruB67,vote_choice,C3,0.01278973509933171,0.1633585390950251,published
KuruB67,vote_choice,C5,-0.03801971288368173,-0.00332950771873719,published
KuruB67,vote_choice,C6,-0.01886349070712008,-0.205099843571775,published
KuruB67,vote_choice,C7,0.02456182345274592,0.2040498689249008,published
KuruB67,vote_choice,C8,-0.04571930104524637,0.0903768995158018,published
KuruB67,vote_choice,C9,0.01515774752169215,-0.05653584888364688,published
KuruB67,vote_choice,C1,0.03009866366928921,-0.00480667836099063,published
KuruB67,vote_choice,C10,0.0261070670306289,-0.01398784868057734,published
KuruB67,vote_choice,C11,0.05385431977788126,0.03163696002128574,published
KuruB67,vote_choice,C12,-0.018920944173852,0.00938663835419173,published
KuruB67,vote_choice,C2,0.00800881507161871,-0.1661015356071916,published
KuruB67,vote_choice,C3,0.05080944798300872,0.1666880468137623,published
KuruB67,vote_choice,C4,0.03801971288367358,0.00332950771873719,published
KuruB67,vote_choice,C6,0.01915622217655781,-0.2017703358530378,published
KuruB67,vote_choice,C7,0.06258153633642376,0.207379376643638,published
KuruB67,vote_choice,C8,-0.0076995881615671,0.093706407234539,published
KuruB67,vote_choice,C9,0.05317746040537094,-0.05320634116490969,published
KuruB67,vote_choice,C1,0.01094244149272614,0.1969636574920472,published
KuruB67,vote_choice,C10,0.00695084485406724,0.1877824871724605,published
KuruB67,vote_choice,C11,0.03469809760131978,0.2334072958743236,published
KuruB67,vote_choice,C12,-0.03807716635041387,0.2111569742072296,published
KuruB67,vote_choice,C2,-0.01114740710494251,0.03566880024584623,published
KuruB67,vote_choice,C3,0.03165322580644734,0.3684583826668001,published
KuruB67,vote_choice,C4,0.01886349070711151,0.205099843571775,published
KuruB67,vote_choice,C5,-0.01915622217656662,0.2017703358530378,published
KuruB67,vote_choice,C7,0.04342531415986286,0.4091497124966758,published
KuruB67,vote_choice,C8,-0.02685581033812931,0.2954767430875768,published
KuruB67,vote_choice,C9,0.03402123822880863,0.1485639946881281,published
KuruB67,vote_choice,C1,-0.03248287266714208,-0.2121860550046286,published
KuruB67,vote_choice,C10,-0.03647446930579778,-0.2213672253242153,published
KuruB67,vote_choice,C11,-0.00872721655854481,-0.1757424166223522,published
KuruB67,vote_choice,C12,-0.08150248051027938,-0.1979927382894462,published
KuruB67,vote_choice,C2,-0.05457272126480658,-0.3734809122508296,published
KuruB67,vote_choice,C3,-0.01177208835341706,-0.04069132982987566,published
KuruB67,vote_choice,C4,-0.02456182345275445,-0.2040498689249008,published
KuruB67,vote_choice,C5,-0.06258153633643257,-0.207379376643638,published
KuruB67,vote_choice,C6,-0.04342531415986984,-0.4091497124966758,published
KuruB67,vote_choice,C8,-0.07028112449799422,-0.113672969409099,published
KuruB67,vote_choice,C9,-0.00940407593105688,-0.2605857178085477,published
KuruB67,vote_choice,C1,0.03779825183085385,-0.09851308559552964,published
KuruB67,vote_choice,C10,0.03380665519219298,-0.1076942559151163,published
KuruB67,vote_choice,C11,0.06155390793944525,-0.06206944721325325,published
KuruB67,vote_choice,C12,-0.01122135601228784,-0.08431976888034726,published
KuruB67,vote_choice,C2,0.0157084032331826,-0.2598079428417306,published
KuruB67,vote_choice,C3,0.05850903614457268,0.07298163957922332,published
KuruB67,vote_choice,C4,0.04571930104523781,-0.0903768995158018,published
KuruB67,vote_choice,C5,0.00769958816155966,-0.093706407234539,published
KuruB67,vote_choice,C6,0.02685581033812345,-0.2954767430875768,published
KuruB67,vote_choice,C7,0.07028112449798818,0.113672969409099,published
KuruB67,vote_choice,C9,0.06087704856693494,-0.1469127483994487,published
KuruB67,vote_choice,C1,-0.02307879673608776,0.04839966280391905,published
KuruB67,vote_choice,C10,-0.02707039337474415,0.03921849248433234,published
KuruB67,vote_choice,C11,0.0006768593725087227,0.08484330118619543,published
KuruB67,vote_choice,C12,-0.07209840457922564,0.06259297951910142,published
KuruB67,vote_choice,C2,-0.04516864533375314,-0.1128951944422819,published
KuruB67,vote_choice,C3,-0.00236801242236356,0.219894387978672,published
KuruB67,vote_choice,C4,-0.01515774752170062,0.05653584888364688,published
KuruB67,vote_choice,C5,-0.05317746040537874,0.05320634116490969,published
KuruB67,vote_choice,C6,-0.03402123822881587,-0.1485639946881281,published
KuruB67,vote_choice,C7,0.0094040759310513,0.2605857178085477,published
KuruB67,vote_choice,C8,-0.06087704856694116,0.1469127483994487,published
Levendusky741,Thermometer_dems,Control,-0.00285705723703915,0.0009311654798674908,published
Levendusky741,Thermometer_dems,Self affirmation,0.00378796939764536,0.00584978560588222,published
Levendusky741,Thermometer_dems,American identity prime,0.00285705723703873,-0.0009311654798674908,published
Levendusky741,Thermometer_dems,Self affirmation,0.00664502663468326,0.00491862012601473,published
Levendusky741,Thermometer_dems,American identity prime,-0.00378796939764632,-0.00584978560588222,published
Levendusky741,Thermometer_dems,Control,-0.00664502663468599,-0.00491862012601473,published
Levendusky741,social_distance,Control,-0.00409838318457138,0.01699835476345101,published
Levendusky741,social_distance,Self affirmation,-0.00848591881144442,-0.00878910184477477,published
Levendusky741,social_distance,American identity prime,0.00409838318457029,-0.01699835476345101,published
Levendusky741,social_distance,Self affirmation,-0.00438753562687274,-0.02578745660822579,published
Levendusky741,social_distance,American identity prime,0.00848591881144469,0.00878910184477477,published
Levendusky741,social_distance,Control,0.00438753562687533,0.02578745660822579,published
McGinty730,social_stigma,Successful Treatment Engagement & Recovery,-0.00768907563025599,-0.1354020123380766,published
McGinty730,social_stigma,Unsuccessful Treatment Engagement (Individual Choice),0.04366644385027107,-0.03102289160231836,published
McGinty730,social_stigma,Unsuccessful Treatment Engagement (Individual Choice) + Family Violence,0.09885317522234004,0.2871566345177381,published
McGinty730,social_stigma,Unsuccessful Treatment Engagement (Individual Choice) + Stranger Violence,0.07836838646072952,0.2088517279651607,published
McGinty730,social_stigma,Unsuccessful Treatment Engagement (Policy Failure),0.03582585576603551,-0.05372184186313877,published
McGinty730,social_stigma,Unsuccessful treatment Engagement (Policy Failure) + Family Violence,0.08138378560593144,0.2728718276543886,published
McGinty730,social_stigma,Unsuccessful Treatment Engagement (Policy Failure) + Stranger Violence,0.05441176470588339,0.1990173434083763,published
McGinty730,social_stigma,No narrative,0.00768907563025108,0.1354020123380766,published
McGinty730,social_stigma,Unsuccessful Treatment Engagement (Individual Choice),0.05135551948051659,0.1043791207357582,published
McGinty730,social_stigma,Unsuccessful Treatment Engagement (Individual Choice) + Family Violence,0.1065422508526006,0.4225586468558147,published
McGinty730,social_stigma,Unsuccessful Treatment Engagement (Individual Choice) + Stranger Violence,0.08605746209097723,0.3442537403032373,published
McGinty730,social_stigma,Unsuccessful Treatment Engagement (Policy Failure),0.04351493139629308,0.08168017047493781,published
McGinty730,social_stigma,Unsuccessful treatment Engagement (Policy Failure) + Family Violence,0.08907286123618816,0.4082738399924651,published
McGinty730,social_stigma,Unsuccessful Treatment Engagement (Policy Failure) + Stranger Violence,0.06210084033613618,0.3344193557464529,published
McGinty730,social_stigma,No narrative,-0.04366644385027092,0.03102289160231836,published
McGinty730,social_stigma,Successful Treatment Engagement & Recovery,-0.05135551948051678,-0.1043791207357582,published
McGinty730,social_stigma,Unsuccessful Treatment Engagement (Individual Choice) + Family Violence,0.05518673137207233,0.3181795261200565,published
McGinty730,social_stigma,Unsuccessful Treatment Engagement (Individual Choice) + Stranger Violence,0.03470194261046012,0.2398746195674791,published
McGinty730,social_stigma,Unsuccessful Treatment Engagement (Policy Failure),-0.0078405880842348,-0.02269895026082041,published
McGinty730,social_stigma,Unsuccessful treatment Engagement (Policy Failure) + Family Violence,0.03771734175566348,0.3038947192567069,published
McGinty730,social_stigma,Unsuccessful Treatment Engagement (Policy Failure) + Stranger Violence,0.01074532085561235,0.2300402350106946,published
McGinty730,social_stigma,No narrative,-0.0988531752223472,-0.2871566345177381,published
McGinty730,social_stigma,Successful Treatment Engagement & Recovery,-0.106542250852586,-0.4225586468558147,published
McGinty730,social_stigma,Unsuccessful Treatment Engagement (Individual Choice),-0.05518673137208654,-0.3181795261200565,published
McGinty730,social_stigma,Unsuccessful Treatment Engagement (Individual Choice) + Stranger Violence,-0.0204847887616171,-0.07830490655257738,published
McGinty730,social_stigma,Unsuccessful Treatment Engagement (Policy Failure),-0.06302731945631049,-0.3408784763808769,published
McGinty730,social_stigma,Unsuccessful treatment Engagement (Policy Failure) + Family Violence,-0.01746938961641482,-0.01428480686334954,published
McGinty730,social_stigma,Unsuccessful Treatment Engagement (Policy Failure) + Stranger Violence,-0.04444141051646421,-0.0881392911093618,published
McGinty730,social_stigma,No narrative,-0.07836838646073459,-0.2088517279651607,published
McGinty730,social_stigma,Successful Treatment Engagement & Recovery,-0.08605746209097602,-0.3442537403032373,published
McGinty730,social_stigma,Unsuccessful Treatment Engagement (Individual Choice),-0.03470194261047091,-0.2398746195674791,published
McGinty730,social_stigma,Unsuccessful Treatment Engagement (Individual Choice) + Family Violence,0.02048478876160954,0.07830490655257738,published
McGinty730,social_stigma,Unsuccessful Treatment Engagement (Policy Failure),-0.04254253069469815,-0.2625735698282995,published
McGinty730,social_stigma,Unsuccessful treatment Engagement (Policy Failure) + Family Violence,0.00301539914519778,0.06402009968922784,published
McGinty730,social_stigma,Unsuccessful Treatment Engagement (Policy Failure) + Stranger Violence,-0.02395662175485237,-0.00983438455678442,published
McGinty730,social_stigma,No narrative,-0.03582585576604071,0.05372184186313877,published
McGinty730,social_stigma,Successful Treatment Engagement & Recovery,-0.04351493139628756,-0.08168017047493781,published
McGinty730,social_stigma,Unsuccessful Treatment Engagement (Individual Choice),0.00784058808422917,0.02269895026082041,published
McGinty730,social_stigma,Unsuccessful Treatment Engagement (Individual Choice) + Family Violence,0.06302731945630358,0.3408784763808769,published
McGinty730,social_stigma,Unsuccessful Treatment Engagement (Individual Choice) + Stranger Violence,0.04254253069468891,0.2625735698282995,published
McGinty730,social_stigma,Unsuccessful treatment Engagement (Policy Failure) + Family Violence,0.04555792983989241,0.3265936695175273,published
McGinty730,social_stigma,Unsuccessful Treatment Engagement (Policy Failure) + Stranger Violence,0.01858590893984172,0.2527391852715151,published
McGinty730,social_stigma,No narrative,-0.0813837856059378,-0.2728718276543886,published
McGinty730,social_stigma,Successful Treatment Engagement & Recovery,-0.08907286123617884,-0.4082738399924651,published
McGinty730,social_stigma,Unsuccessful Treatment Engagement (Individual Choice),-0.03771734175567458,-0.3038947192567069,published
McGinty730,social_stigma,Unsuccessful Treatment Engagement (Individual Choice) + Family Violence,0.01746938961640631,0.01428480686334954,published
McGinty730,social_stigma,Unsuccessful Treatment Engagement (Individual Choice) + Stranger Violence,-0.00301539914520859,-0.06402009968922784,published
McGinty730,social_stigma,Unsuccessful Treatment Engagement (Policy Failure),-0.0455579298399023,-0.3265936695175273,published
McGinty730,social_stigma,Unsuccessful Treatment Engagement (Policy Failure) + Stranger Violence,-0.02697202090005454,-0.07385448424601226,published
McGinty730,social_stigma,No narrative,-0.0544117647058875,-0.1990173434083763,published
McGinty730,social_stigma,Successful Treatment Engagement & Recovery,-0.06210084033613197,-0.3344193557464529,published
McGinty730,social_stigma,Unsuccessful Treatment Engagement (Individual Choice),-0.01074532085562032,-0.2300402350106946,published
McGinty730,social_stigma,Unsuccessful Treatment Engagement (Individual Choice) + Family Violence,0.04444141051645672,0.0881392911093618,published
McGinty730,social_stigma,Unsuccessful Treatment Engagement (Individual Choice) + Stranger Violence,0.02395662175484196,0.00983438455678442,published
McGinty730,social_stigma,Unsuccessful Treatment Engagement (Policy Failure),-0.01858590893985188,-0.2527391852715151,published
McGinty730,social_stigma,Unsuccessful treatment Engagement (Policy Failure) + Family Violence,0.02697202090004595,0.07385448424601226,published
McGinty730,treatment_support,Successful Treatment Engagement & Recovery,-0.03441767909509975,-0.05746083025675172,published
McGinty730,treatment_support,Unsuccessful Treatment Engagement (Individual Choice),-0.04833309795385318,-0.0643140524940545,published
McGinty730,treatment_support,Unsuccessful Treatment Engagement (Individual Choice) + Family Violence,-0.03886212353954327,-0.09286758844611846,published
McGinty730,treatment_support,Unsuccessful Treatment Engagement (Individual Choice) + Stranger Violence,-0.05248572525506725,-0.08779000098959226,published
McGinty730,treatment_support,Unsuccessful Treatment Engagement (Policy Failure),-0.04924961186820536,-0.05924616064245519,published
McGinty730,treatment_support,Unsuccessful treatment Engagement (Policy Failure) + Family Violence,-0.07584625052367028,-0.1040883997424448,published
McGinty730,treatment_support,Unsuccessful Treatment Engagement (Policy Failure) + Stranger Violence,-0.04376170241871202,-0.0991243370989651,published
McGinty730,treatment_support,No narrative,0.03441767909509791,0.05746083025675172,published
McGinty730,treatment_support,Unsuccessful Treatment Engagement (Individual Choice),-0.01391541885876212,-0.00685322223730278,published
McGinty730,treatment_support,Unsuccessful Treatment Engagement (Individual Choice) + Family Violence,-0.0044444444444455,-0.03540675818936674,published
McGinty730,treatment_support,Unsuccessful Treatment Engagement (Individual Choice) + Stranger Violence,-0.01806804615996826,-0.03032917073284054,published
McGinty730,treatment_support,Unsuccessful Treatment Engagement (Policy Failure),-0.01483193277311083,-0.00178533038570347,published
McGinty730,treatment_support,Unsuccessful treatment Engagement (Policy Failure) + Family Violence,-0.04142857142857173,-0.04662756948569313,published
McGinty730,treatment_support,Unsuccessful Treatment Engagement (Policy Failure) + Stranger Violence,-0.00934402332361708,-0.04166350684221338,published
McGinty730,treatment_support,No narrative,0.04833309795386075,0.0643140524940545,published
McGinty730,treatment_support,Successful Treatment Engagement & Recovery,0.01391541885876077,0.00685322223730278,published
McGinty730,treatment_support,Unsuccessful Treatment Engagement (Individual Choice) + Family Violence,0.00947097441431745,-0.02855353595206396,published
McGinty730,treatment_support,Unsuccessful Treatment Engagement (Individual Choice) + Stranger Violence,-0.00415262730120558,-0.02347594849553776,published
McGinty730,treatment_support,Unsuccessful Treatment Engagement (Policy Failure),-0.0009165139143472814,0.00506789185159931,published
McGinty730,treatment_support,Unsuccessful treatment Engagement (Policy Failure) + Family Violence,-0.02751315256980897,-0.03977434724839035,published
McGinty730,treatment_support,Unsuccessful Treatment Engagement (Policy Failure) + Stranger Violence,0.00457139553514724,-0.0348102846049106,published
McGinty730,treatment_support,No narrative,0.0388621235395429,0.09286758844611846,published
McGinty730,treatment_support,Successful Treatment Engagement & Recovery,0.00444444444444396,0.03540675818936674,published
McGinty730,treatment_support,Unsuccessful Treatment Engagement (Individual Choice),-0.00947097441431711,0.02855353595206396,published
McGinty730,treatment_support,Unsuccessful Treatment Engagement (Individual Choice) + Stranger Violence,-0.01362360171552322,0.0050775874565262,published
McGinty730,treatment_support,Unsuccessful Treatment Engagement (Policy Failure),-0.01038748832866559,0.03362142780366327,published
McGinty730,treatment_support,Unsuccessful treatment Engagement (Policy Failure) + Family Violence,-0.03698412698412767,-0.01122081129632639,published
McGinty730,treatment_support,Unsuccessful Treatment Engagement (Policy Failure) + Stranger Violence,-0.00489957887917121,-0.00625674865284664,published
McGinty730,treatment_support,No narrative,0.05248572525506735,0.08779000098959226,published
McGinty730,treatment_support,Successful Treatment Engagement & Recovery,0.01806804615996691,0.03032917073284054,published
McGinty730,treatment_support,Unsuccessful Treatment Engagement (Individual Choice),0.00415262730120744,0.02347594849553776,published
McGinty730,treatment_support,Unsuccessful Treatment Engagement (Individual Choice) + Family Violence,0.01362360171552428,-0.0050775874565262,published
McGinty730,treatment_support,Unsuccessful Treatment Engagement (Policy Failure),0.00323611338686041,0.02854384034713707,published
McGinty730,treatment_support,Unsuccessful treatment Engagement (Policy Failure) + Family Violence,-0.0233605252686029,-0.01629839875285259,published
McGinty730,treatment_support,Unsuccessful Treatment Engagement (Policy Failure) + Stranger Violence,0.00872402283635338,-0.01133433610937284,published
McGinty730,treatment_support,No narrative,0.0492496118682082,0.05924616064245519,published
McGinty730,treatment_support,Successful Treatment Engagement & Recovery,0.0148319327731081,0.00178533038570347,published
McGinty730,treatment_support,Unsuccessful Treatment Engagement (Individual Choice),0.0009165139143482512,-0.00506789185159931,published
McGinty730,treatment_support,Unsuccessful Treatment Engagement (Individual Choice) + Family Violence,0.01038748832866506,-0.03362142780366327,published
McGinty730,treatment_support,Unsuccessful Treatment Engagement (Individual Choice) + Stranger Violence,-0.00323611338685834,-0.02854384034713707,published
McGinty730,treatment_support,Unsuccessful treatment Engagement (Policy Failure) + Family Violence,-0.02659663865546179,-0.04484223909998966,published
McGinty730,treatment_support,Unsuccessful Treatment Engagement (Policy Failure) + Stranger Violence,0.00548790944949427,-0.03987817645650991,published
McGinty730,treatment_support,No narrative,0.0758462505236701,0.1040883997424448,published
McGinty730,treatment_support,Successful Treatment Engagement & Recovery,0.04142857142856709,0.04662756948569313,published
McGinty730,treatment_support,Unsuccessful Treatment Engagement (Individual Choice),0.02751315256981038,0.03977434724839035,published
McGinty730,treatment_support,Unsuccessful Treatment Engagement (Individual Choice) + Family Violence,0.03698412698412742,0.01122081129632639,published
McGinty730,treatment_support,Unsuccessful Treatment Engagement (Individual Choice) + Stranger Violence,0.02336052526860369,0.01629839875285259,published
McGinty730,treatment_support,Unsuccessful Treatment Engagement (Policy Failure),0.02659663865546189,0.04484223909998966,published
McGinty730,treatment_support,Unsuccessful Treatment Engagement (Policy Failure) + Stranger Violence,0.03208454810495696,0.00496406264347974,published
McGinty730,treatment_support,No narrative,0.04376170241871447,0.0991243370989651,published
McGinty730,treatment_support,Successful Treatment Engagement & Recovery,0.00934402332361498,0.04166350684221338,published
McGinty730,treatment_support,Unsuccessful Treatment Engagement (Individual Choice),-0.0045713955351455,0.0348102846049106,published
McGinty730,treatment_support,Unsuccessful Treatment Engagement (Individual Choice) + Family Violence,0.00489957887917125,0.00625674865284664,published
McGinty730,treatment_support,Unsuccessful Treatment Engagement (Individual Choice) + Stranger Violence,-0.00872402283635208,0.01133433610937284,published
McGinty730,treatment_support,Unsuccessful Treatment Engagement (Policy Failure),-0.00548790944949331,0.03987817645650991,published
McGinty730,treatment_support,Unsuccessful treatment Engagement (Policy Failure) + Family Violence,-0.03208454810495548,-0.00496406264347974,published
McGinty730,willingness_to_pay_mentalhealthservices,Successful Treatment Engagement & Recovery,-0.03627728711881189,-0.0508028127715025,published
McGinty730,willingness_to_pay_mentalhealthservices,Unsuccessful Treatment Engagement (Individual Choice),-0.08887032085562675,-0.03388121367003405,published
McGinty730,willingness_to_pay_mentalhealthservices,Unsuccessful Treatment Engagement (Individual Choice) + Family Violence,-0.1161220043573004,-0.06105560559546447,published
McGinty730,willingness_to_pay_mentalhealthservices,Unsuccessful Treatment Engagement (Individual Choice) + Stranger Violence,-0.1124183006536058,-0.05522069527655618,published
McGinty730,willingness_to_pay_mentalhealthservices,Unsuccessful Treatment Engagement (Policy Failure),-0.08251817580965062,-0.06202134006125981,published
McGinty730,willingness_to_pay_mentalhealthservices,Unsuccessful treatment Engagement (Policy Failure) + Family Violence,-0.127518015753313,-0.05523023352771489,published
McGinty730,willingness_to_pay_mentalhealthservices,Unsuccessful Treatment Engagement (Policy Failure) + Stranger Violence,-0.131716546267632,-0.06475256375432922,published
McGinty730,willingness_to_pay_mentalhealthservices,No narrative,0.03627728711881628,0.0508028127715025,published
McGinty730,willingness_to_pay_mentalhealthservices,Unsuccessful Treatment Engagement (Individual Choice),-0.05259303373679969,0.01692159910146845,published
McGinty730,willingness_to_pay_mentalhealthservices,Unsuccessful Treatment Engagement (Individual Choice) + Family Violence,-0.07984471723847986,-0.01025279282396196,published
McGinty730,willingness_to_pay_mentalhealthservices,Unsuccessful Treatment Engagement (Individual Choice) + Stranger Violence,-0.07614101353478854,-0.00441788250505367,published
McGinty730,willingness_to_pay_mentalhealthservices,Unsuccessful Treatment Engagement (Policy Failure),-0.04624088869083073,-0.0112185272897573,published
McGinty730,willingness_to_pay_mentalhealthservices,Unsuccessful treatment Engagement (Policy Failure) + Family Violence,-0.091240728634493,-0.00442742075621238,published
McGinty730,willingness_to_pay_mentalhealthservices,Unsuccessful Treatment Engagement (Policy Failure) + Stranger Violence,-0.09543925914881428,-0.01394975098282672,published
McGinty730,willingness_to_pay_mentalhealthservices,No narrative,0.08887032085561766,0.03388121367003405,published
McGinty730,willingness_to_pay_mentalhealthservices,Successful Treatment Engagement & Recovery,0.05259303373680557,-0.01692159910146845,published
McGinty730,willingness_to_pay_mentalhealthservices,Unsuccessful Treatment Engagement (Individual Choice) + Family Violence,-0.02725168350168206,-0.02717439192543042,published
McGinty730,willingness_to_pay_mentalhealthservices,Unsuccessful Treatment Engagement (Individual Choice) + Stranger Violence,-0.02354797979797744,-0.02133948160652213,published
McGinty730,willingness_to_pay_mentalhealthservices,Unsuccessful Treatment Engagement (Policy Failure),0.00635214504596814,-0.02814012639122576,published
McGinty730,willingness_to_pay_mentalhealthservices,Unsuccessful treatment Engagement (Policy Failure) + Family Violence,-0.03864769489769228,-0.02134901985768084,published
McGinty730,willingness_to_pay_mentalhealthservices,Unsuccessful Treatment Engagement (Policy Failure) + Stranger Violence,-0.04284622541201214,-0.03087135008429517,published
McGinty730,willingness_to_pay_mentalhealthservices,No narrative,0.1161220043573063,0.06105560559546447,published
McGinty730,willingness_to_pay_mentalhealthservices,Successful Treatment Engagement & Recovery,0.07984471723849661,0.01025279282396196,published
McGinty730,willingness_to_pay_mentalhealthservices,Unsuccessful Treatment Engagement (Individual Choice),0.02725168350169487,0.02717439192543042,published
McGinty730,willingness_to_pay_mentalhealthservices,Unsuccessful Treatment Engagement (Individual Choice) + Stranger Violence,0.0037037037037117,0.00583491031890828,published
McGinty730,willingness_to_pay_mentalhealthservices,Unsuccessful Treatment Engagement (Policy Failure),0.03360382854765845,-0.0009657344657953426,published
McGinty730,willingness_to_pay_mentalhealthservices,Unsuccessful treatment Engagement (Policy Failure) + Family Violence,-0.01139601139600337,0.00582537206774957,published
McGinty730,willingness_to_pay_mentalhealthservices,Unsuccessful Treatment Engagement (Policy Failure) + Stranger Violence,-0.01559454191032438,-0.00369695815886475,published
McGinty730,willingness_to_pay_mentalhealthservices,No narrative,0.1124183006535999,0.05522069527655618,published
McGinty730,willingness_to_pay_mentalhealthservices,Successful Treatment Engagement & Recovery,0.07614101353478986,0.00441788250505367,published
McGinty730,willingness_to_pay_mentalhealthservices,Unsuccessful Treatment Engagement (Individual Choice),0.02354797979798797,0.02133948160652213,published
McGinty730,willingness_to_pay_mentalhealthservices,Unsuccessful Treatment Engagement (Individual Choice) + Family Violence,-0.00370370370369896,-0.00583491031890828,published
McGinty730,willingness_to_pay_mentalhealthservices,Unsuccessful Treatment Engagement (Policy Failure),0.02990012484395066,-0.00680064478470363,published
McGinty730,willingness_to_pay_mentalhealthservices,Unsuccessful treatment Engagement (Policy Failure) + Family Violence,-0.01509971509970988,-9.538251158708322e-06,published
McGinty730,willingness_to_pay_mentalhealthservices,Unsuccessful Treatment Engagement (Policy Failure) + Stranger Violence,-0.01929824561403174,-0.00953186847777304,published
McGinty730,willingness_to_pay_mentalhealthservices,No narrative,0.08251817580965383,0.06202134006125981,published
McGinty730,willingness_to_pay_mentalhealthservices,Successful Treatment Engagement & Recovery,0.04624088869084115,0.0112185272897573,published
McGinty730,willingness_to_pay_mentalhealthservices,Unsuccessful Treatment Engagement (Individual Choice),-0.00635214504596181,0.02814012639122576,published
McGinty730,willingness_to_pay_mentalhealthservices,Unsuccessful Treatment Engagement (Individual Choice) + Family Violence,-0.03360382854764481,0.0009657344657953426,published
McGinty730,willingness_to_pay_mentalhealthservices,Unsuccessful Treatment Engagement (Individual Choice) + Stranger Violence,-0.02990012484394122,0.00680064478470363,published
McGinty730,willingness_to_pay_mentalhealthservices,Unsuccessful treatment Engagement (Policy Failure) + Family Violence,-0.04499983994365446,0.00679110653354492,published
McGinty730,willingness_to_pay_mentalhealthservices,Unsuccessful Treatment Engagement (Policy Failure) + Stranger Violence,-0.04919837045797688,-0.00273122369306941,published
McGinty730,willingness_to_pay_mentalhealthservices,No narrative,0.1275180157533146,0.05523023352771489,published
McGinty730,willingness_to_pay_mentalhealthservices,Successful Treatment Engagement & Recovery,0.09124072863450591,0.00442742075621238,published
McGinty730,willingness_to_pay_mentalhealthservices,Unsuccessful Treatment Engagement (Individual Choice),0.03864769489770459,0.02134901985768084,published
McGinty730,willingness_to_pay_mentalhealthservices,Unsuccessful Treatment Engagement (Individual Choice) + Family Violence,0.01139601139601567,-0.00582537206774957,published
McGinty730,willingness_to_pay_mentalhealthservices,Unsuccessful Treatment Engagement (Individual Choice) + Stranger Violence,0.01509971509971853,9.538251158708322e-06,published
McGinty730,willingness_to_pay_mentalhealthservices,Unsuccessful Treatment Engagement (Policy Failure),0.0449998399436659,-0.00679110653354492,published
McGinty730,willingness_to_pay_mentalhealthservices,Unsuccessful Treatment Engagement (Policy Failure) + Stranger Violence,-0.00419853051431791,-0.00952233022661433,published
McGinty730,willingness_to_pay_mentalhealthservices,No narrative,0.1317165462676353,0.06475256375432922,published
McGinty730,willingness_to_pay_mentalhealthservices,Successful Treatment Engagement & Recovery,0.09543925914882696,0.01394975098282672,published
McGinty730,willingness_to_pay_mentalhealthservices,Unsuccessful Treatment Engagement (Individual Choice),0.0428462254120258,0.03087135008429517,published
McGinty730,willingness_to_pay_mentalhealthservices,Unsuccessful Treatment Engagement (Individual Choice) + Family Violence,0.01559454191033633,0.00369695815886475,published
McGinty730,willingness_to_pay_mentalhealthservices,Unsuccessful Treatment Engagement (Individual Choice) + Stranger Violence,0.01929824561403912,0.00953186847777304,published
McGinty730,willingness_to_pay_mentalhealthservices,Unsuccessful Treatment Engagement (Policy Failure),0.04919837045798642,0.00273122369306941,published
McGinty730,willingness_to_pay_mentalhealthservices,Unsuccessful treatment Engagement (Policy Failure) + Family Violence,0.00419853051432327,0.00952233022661433,published
RyanS14,rumor true - laundered money,Q2 is republican,-0.0159113281476179,-0.05981016371452485,published
RyanS14,rumor true - laundered money,Q2 is democrat,0.01591132814761839,0.05981016371452485,published
Schnabel903,Feminine,Version 2,0.01551018636102973,-0.1497239736558175,published
Schnabel903,Feminine,Version 3,-0.02879263834886064,-0.1110810147840034,published
Schnabel903,Feminine,Version 4,-0.0569351310646286,-0.1648390694967962,published
Schnabel903,Feminine,Version 5,-0.3759481398665538,-0.362533777799078,published
Schnabel903,Feminine,Version 6,-0.3784673040604262,-0.3039453833869255,published
Schnabel903,Feminine,Version 7,-0.3994511672588926,-0.2997432268211727,published
Schnabel903,Feminine,Version 8,-0.3534220142053587,-0.2920880107228776,published
Schnabel903,Feminine,Version 1,-0.01551018636102561,0.1497239736558175,published
Schnabel903,Feminine,Version 3,-0.04430282470990641,0.03864295887181401,published
Schnabel903,Feminine,Version 4,-0.07244531742567076,-0.01511509584097869,published
Schnabel903,Feminine,Version 5,-0.391458326227589,-0.2128098041432606,published
Schnabel903,Feminine,Version 6,-0.3939774904214646,-0.154221409731108,published
Schnabel903,Feminine,Version 7,-0.414961353619929,-0.1500192531653552,published
Schnabel903,Feminine,Version 8,-0.3689322005663881,-0.1423640370670601,published
Schnabel903,Feminine,Version 1,0.02879263834886518,0.1110810147840034,published
Schnabel903,Feminine,Version 2,0.04430282470988405,-0.03864295887181401,published
Schnabel903,Feminine,Version 4,-0.02814249271578285,-0.05375805471279271,published
Schnabel903,Feminine,Version 5,-0.3471555015177162,-0.2514527630150746,published
Schnabel903,Feminine,Version 6,-0.349674665711561,-0.1928643686029221,published
Schnabel903,Feminine,Version 7,-0.3706585289100248,-0.1886622120371693,published
Schnabel903,Feminine,Version 8,-0.3246293758564869,-0.1810069959388741,published
Schnabel903,Feminine,Version 1,0.05693513106463855,0.1648390694967962,published
Schnabel903,Feminine,Version 2,0.07244531742566424,0.01511509584097869,published
Schnabel903,Feminine,Version 3,0.0281424927157553,0.05375805471279271,published
Schnabel903,Feminine,Version 5,-0.3190130088019207,-0.1976947083022818,published
Schnabel903,Feminine,Version 6,-0.321532172995786,-0.1391063138901293,published
Schnabel903,Feminine,Version 7,-0.3425160361942509,-0.1349041573243766,published
Schnabel903,Feminine,Version 8,-0.2964868831407187,-0.1272489412260814,published
Schnabel903,Feminine,Version 1,0.37594813986654,0.362533777799078,published
Schnabel903,Feminine,Version 2,0.3914583262276435,0.2128098041432606,published
Schnabel903,Feminine,Version 3,0.3471555015176742,0.2514527630150746,published
Schnabel903,Feminine,Version 4,0.3190130088019063,0.1976947083022818,published
Schnabel903,Feminine,Version 6,-0.00251916419386755,0.05858839441215252,published
Schnabel903,Feminine,Version 7,-0.02350302739232589,0.06279055097790531,published
Schnabel903,Feminine,Version 8,0.02252612566120565,0.07044576707620043,published
Schnabel903,Feminine,Version 1,0.3784673040604074,0.3039453833869255,published
Schnabel903,Feminine,Version 2,0.3939774904215114,0.154221409731108,published
Schnabel903,Feminine,Version 3,0.3496746657115417,0.1928643686029221,published
Schnabel903,Feminine,Version 4,0.3215321729957736,0.1391063138901293,published
Schnabel903,Feminine,Version 5,0.00251916419386771,-0.05858839441215252,published
Schnabel903,Feminine,Version 7,-0.02098386319845815,0.00420215656575279,published
Schnabel903,Feminine,Version 8,0.02504528985507277,0.0118573726640479,published
Schnabel903,Feminine,Version 1,0.3994511672588636,0.2997432268211727,published
Schnabel903,Feminine,Version 2,0.4149613536199728,0.1500192531653552,published
Schnabel903,Feminine,Version 3,0.3706585289099991,0.1886622120371693,published
Schnabel903,Feminine,Version 4,0.3425160361942295,0.1349041573243766,published
Schnabel903,Feminine,Version 5,0.02350302739232534,-0.06279055097790531,published
Schnabel903,Feminine,Version 6,0.02098386319845748,-0.00420215656575279,published
Schnabel903,Feminine,Version 8,0.04602915305353029,0.00765521609829511,published
Schnabel903,Feminine,Version 1,0.3534220142053364,0.2920880107228776,published
Schnabel903,Feminine,Version 2,0.3689322005664345,0.1423640370670601,published
Schnabel903,Feminine,Version 3,0.3246293758564694,0.1810069959388741,published
Schnabel903,Feminine,Version 4,0.2964868831407029,0.1272489412260814,published
Schnabel903,Feminine,Version 5,-0.02252612566120489,-0.07044576707620043,published
Schnabel903,Feminine,Version 6,-0.02504528985507182,-0.0118573726640479,published
Schnabel903,Feminine,Version 7,-0.04602915305353172,-0.00765521609829511,published
Schnabel903,Masculine,Version 2,-0.00706099752484976,-0.02512081719400519,published
Schnabel903,Masculine,Version 3,-0.02672668090735457,-0.02196273091982953,published
Schnabel903,Masculine,Version 4,-0.00476455320727846,0.07748465118854067,published
Schnabel903,Masculine,Version 5,0.3627436281858841,0.5207895506416007,published
Schnabel903,Masculine,Version 6,0.3768690167450981,0.4245604326481618,published
Schnabel903,Masculine,Version 7,0.3585051049893958,0.4264513946320886,published
Schnabel903,Masculine,Version 8,0.3164076412497845,0.4197188054166204,published
Schnabel903,Masculine,Version 1,0.00706099752483955,0.02512081719400519,published
Schnabel903,Masculine,Version 3,-0.01966568338249623,0.00315808627417565,published
Schnabel903,Masculine,Version 4,0.00229644431758264,0.1026054683825459,published
Schnabel903,Masculine,Version 5,0.3698046257107507,0.5459103678356059,published
Schnabel903,Masculine,Version 6,0.3839300142699587,0.4496812498421671,published
Schnabel903,Masculine,Version 7,0.3655661025142381,0.4515722118260938,published
Schnabel903,Masculine,Version 8,0.323468638774644,0.4448396226106256,published
Schnabel903,Masculine,Version 1,0.02672668090733584,0.02196273091982953,published
Schnabel903,Masculine,Version 2,0.01966568338250579,-0.00315808627417565,published
Schnabel903,Masculine,Version 4,0.02196212770007385,0.0994473821083702,published
Schnabel903,Masculine,Version 5,0.3894703090932473,0.5427522815614302,published
Schnabel903,Masculine,Version 6,0.4035956976524567,0.4465231635679914,published
Schnabel903,Masculine,Version 7,0.3852317858967382,0.4484141255519181,published
Schnabel903,Masculine,Version 8,0.3431343221571427,0.4416815363364499,published
Schnabel903,Masculine,Version 1,0.00476455320726402,-0.07748465118854067,published
Schnabel903,Masculine,Version 2,-0.00229644431757108,-0.1026054683825459,published
Schnabel903,Masculine,Version 3,-0.0219621277000677,-0.0994473821083702,published
Schnabel903,Masculine,Version 5,0.3675081813931604,0.4433048994530599,published
Schnabel903,Masculine,Version 6,0.3816335699523783,0.3470757814596211,published
Schnabel903,Masculine,Version 7,0.3632696581966759,0.3489667434435478,published
Schnabel903,Masculine,Version 8,0.3211721944570707,0.3422341542280797,published
Schnabel903,Masculine,Version 1,-0.3627436281858794,-0.5207895506416007,published
Schnabel903,Masculine,Version 2,-0.3698046257107989,-0.5459103678356059,published
Schnabel903,Masculine,Version 3,-0.389470309093261,-0.5427522815614302,published
Schnabel903,Masculine,Version 4,-0.3675081813931352,-0.4433048994530599,published
Schnabel903,Masculine,Version 6,0.01412538855920325,-0.0962291179934388,published
Schnabel903,Masculine,Version 7,-0.00423852319650197,-0.09433815600951212,published
Schnabel903,Masculine,Version 8,-0.0463359869361093,-0.1010707452249803,published
Schnabel903,Masculine,Version 1,-0.3768690167450812,-0.4245604326481618,published
Schnabel903,Masculine,Version 2,-0.3839300142700041,-0.4496812498421671,published
Schnabel903,Masculine,Version 3,-0.4035956976524647,-0.4465231635679914,published
Schnabel903,Masculine,Version 4,-0.381633569952337,-0.3470757814596211,published
Schnabel903,Masculine,Version 5,-0.01412538855920323,0.0962291179934388,published
Schnabel903,Masculine,Version 7,-0.01836391175570461,0.00189096198392668,published
Schnabel903,Masculine,Version 8,-0.06046137549531191,-0.00484162723154146,published
Schnabel903,Masculine,Version 1,-0.3585051049893767,-0.4264513946320886,published
Schnabel903,Masculine,Version 2,-0.3655661025142953,-0.4515722118260938,published
Schnabel903,Masculine,Version 3,-0.3852317858967578,-0.4484141255519181,published
Schnabel903,Masculine,Version 4,-0.3632696581966325,-0.3489667434435478,published
Schnabel903,Masculine,Version 5,0.00423852319650337,0.09433815600951212,published
Schnabel903,Masculine,Version 6,0.01836391175570714,-0.00189096198392668,published
Schnabel903,Masculine,Version 8,-0.04209746373960666,-0.00673258921546815,published
Schnabel903,Masculine,Version 1,-0.3164076412497727,-0.4197188054166204,published
Schnabel903,Masculine,Version 2,-0.3234686387746816,-0.4448396226106256,published
Schnabel903,Masculine,Version 3,-0.343134322157148,-0.4416815363364499,published
Schnabel903,Masculine,Version 4,-0.3211721944570286,-0.3422341542280797,published
Schnabel903,Masculine,Version 5,0.04633598693611235,0.1010707452249803,published
Schnabel903,Masculine,Version 6,0.06046137549531355,0.00484162723154146,published
Schnabel903,Masculine,Version 7,0.04209746373960737,0.00673258921546815,published
ShannonS2,tax credit effective,Illegal,-0.0982218754730578,-0.06396594282789658,published
ShannonS2,tax credit effective,Illegal without savings,-0.1206229119898218,-0.07670858407337655,published
ShannonS2,tax credit effective,Immigrant,-0.03757036668429051,-0.01775216430712567,published
ShannonS2,tax credit effective,Immigrant without savings,-0.03846599601316751,-0.04425893635883937,published
ShannonS2,tax credit effective,Treatment,0.01400047363902887,0.02685150656473223,published
ShannonS2,tax credit effective,Control,0.09822187547306432,0.06396594282789658,published
ShannonS2,tax credit effective,Illegal without savings,-0.02240103651676046,-0.01274264124547996,published
ShannonS2,tax credit effective,Immigrant,0.06065150878876482,0.04621377852077091,published
ShannonS2,tax credit effective,Immigrant without savings,0.05975587945989276,0.01970700646905721,published
ShannonS2,tax credit effective,Treatment,0.1122223491120865,0.0908174493926288,published
ShannonS2,tax credit effective,Control,0.1206229119898283,0.07670858407337655,published
ShannonS2,tax credit effective,Illegal,0.0224010365167594,0.01274264124547996,published
ShannonS2,tax credit effective,Immigrant,0.08305254530553124,0.05895641976625088,published
ShannonS2,tax credit effective,Immigrant without savings,0.08215691597665586,0.03244964771453718,published
ShannonS2,tax credit effective,Treatment,0.1346233856288472,0.1035600906381088,published
ShannonS2,tax credit effective,Control,0.03757036668428942,0.01775216430712567,published
ShannonS2,tax credit effective,Illegal,-0.06065150878877164,-0.04621377852077091,published
ShannonS2,tax credit effective,Illegal without savings,-0.08305254530553059,-0.05895641976625088,published
ShannonS2,tax credit effective,Immigrant without savings,-0.0008956293288775002,-0.0265067720517137,published
ShannonS2,tax credit effective,Treatment,0.05157084032331691,0.0446036708718579,published
ShannonS2,tax credit effective,Control,0.03846599601316528,0.04425893635883937,published
ShannonS2,tax credit effective,Illegal,-0.05975587945989585,-0.01970700646905721,published
ShannonS2,tax credit effective,Illegal without savings,-0.08215691597665481,-0.03244964771453718,published
ShannonS2,tax credit effective,Immigrant,0.0008956293288733233,0.0265067720517137,published
ShannonS2,tax credit effective,Treatment,0.05246646965219331,0.0711104429235716,published
ShannonS2,tax credit effective,Control,-0.01400047363903273,-0.02685150656473223,published
ShannonS2,tax credit effective,Illegal,-0.1122223491120889,-0.0908174493926288,published
ShannonS2,tax credit effective,Illegal without savings,-0.1346233856288478,-0.1035600906381088,published
ShannonS2,tax credit effective,Immigrant,-0.05157084032331924,-0.0446036708718579,published
ShannonS2,tax credit effective,Immigrant without savings,-0.05246646965219406,-0.0711104429235716,published
ShannonS28,immigrant intake,pos immigration rep cue,-0.08798077114398319,-0.2072161866094602,published
ShannonS28,immigrant intake,neg immigration rep cue,0.08798077114398449,0.2072161866094602,published
Silverman1035,Americans_Killed,"Treatment 1: Corrective Information, No Elite Endorsement",-0.1022753963593686,-0.4419803129936333,published
Silverman1035,Americans_Killed,"Treatment 2: Corrective Information, Democratic Endorsement",-0.07380156075808343,-0.4510977905241193,published
Silverman1035,Americans_Killed,"Treatment 3: Corrective Information, Republican Endorsement",-0.07587475701194071,-0.4498580244837642,published
Silverman1035,Americans_Killed,"Treatment 4: Corrective Information, Military Endorsement",-0.06474358974358978,-0.4510977905241193,published
Silverman1035,Americans_Killed,Control group: No Corrective Information,0.1022753963593695,0.4419803129936333,published
Silverman1035,Americans_Killed,"Treatment 2: Corrective Information, Democratic Endorsement",0.028473835601284,-0.00911747753048597,published
Silverman1035,Americans_Killed,"Treatment 3: Corrective Information, Republican Endorsement",0.02640063934742498,-0.00787771149013089,published
Silverman1035,Americans_Killed,"Treatment 4: Corrective Information, Military Endorsement",0.03753180661577619,-0.00911747753048597,published
Silverman1035,Americans_Killed,Control group: No Corrective Information,0.07380156075808514,0.4510977905241193,published
Silverman1035,Americans_Killed,"Treatment 1: Corrective Information, No Elite Endorsement",-0.02847383560128369,0.00911747753048597,published
Silverman1035,Americans_Killed,"Treatment 3: Corrective Information, Republican Endorsement",-0.00207319625385756,0.00123976604035507,published
Silverman1035,Americans_Killed,"Treatment 4: Corrective Information, Military Endorsement",0.00905797101449401,0,published
Silverman1035,Americans_Killed,Control group: No Corrective Information,0.07587475701194388,0.4498580244837642,published
Silverman1035,Americans_Killed,"Treatment 1: Corrective Information, No Elite Endorsement",-0.02640063934742501,0.00787771149013089,published
Silverman1035,Americans_Killed,"Treatment 2: Corrective Information, Democratic Endorsement",0.00207319625385971,-0.00123976604035507,published
Silverman1035,Americans_Killed,"Treatment 4: Corrective Information, Military Endorsement",0.01113116726835261,-0.00123976604035507,published
Silverman1035,Americans_Killed,Control group: No Corrective Information,0.06474358974359135,0.4510977905241193,published
Silverman1035,Americans_Killed,"Treatment 1: Corrective Information, No Elite Endorsement",-0.03753180661577725,0.00911747753048597,published
Silverman1035,Americans_Killed,"Treatment 2: Corrective Information, Democratic Endorsement",-0.0090579710144922,0,published
Silverman1035,Americans_Killed,"Treatment 3: Corrective Information, Republican Endorsement",-0.0111311672683514,0.00123976604035507,published
Silverman1035,Terrorism_likely,"Treatment 1: Corrective Information, No Elite Endorsement",0.03398682476943397,0.1779464788890294,published
Silverman1035,Terrorism_likely,"Treatment 2: Corrective Information, Democratic Endorsement",0.03227838827838817,0.2435396879393874,published
Silverman1035,Terrorism_likely,"Treatment 3: Corrective Information, Republican Endorsement",0.02671604938271633,0.2305697082211741,published
Silverman1035,Terrorism_likely,"Treatment 4: Corrective Information, Military Endorsement",-0.01329585006693431,0.2414824072122054,published
Silverman1035,Terrorism_likely,Control group: No Corrective Information,-0.03398682476943503,-0.1779464788890294,published
Silverman1035,Terrorism_likely,"Treatment 2: Corrective Information, Democratic Endorsement",-0.00170843649104593,0.06559320905035798,published
Silverman1035,Terrorism_likely,"Treatment 3: Corrective Information, Republican Endorsement",-0.00727077538671772,0.05262322933214469,published
Silverman1035,Terrorism_likely,"Treatment 4: Corrective Information, Military Endorsement",-0.04728267483636837,0.06353592832317606,published
Silverman1035,Terrorism_likely,Control group: No Corrective Information,-0.03227838827839011,-0.2435396879393874,published
Silverman1035,Terrorism_likely,"Treatment 1: Corrective Information, No Elite Endorsement",0.0017084364910446,-0.06559320905035798,published
Silverman1035,Terrorism_likely,"Treatment 3: Corrective Information, Republican Endorsement",-0.00556233889567322,-0.01296997971821328,published
Silverman1035,Terrorism_likely,"Treatment 4: Corrective Information, Military Endorsement",-0.04557423834532391,-0.00205728072718192,published
Silverman1035,Terrorism_likely,Control group: No Corrective Information,-0.02671604938271755,-0.2305697082211741,published
Silverman1035,Terrorism_likely,"Treatment 1: Corrective Information, No Elite Endorsement",0.00727077538671722,-0.05262322933214469,published
Silverman1035,Terrorism_likely,"Treatment 2: Corrective Information, Democratic Endorsement",0.00556233889567126,0.01296997971821328,published
Silverman1035,Terrorism_likely,"Treatment 4: Corrective Information, Military Endorsement",-0.04001189944965121,0.01091269899103136,published
Silverman1035,Terrorism_likely,Control group: No Corrective Information,0.01329585006693363,-0.2414824072122054,published
Silverman1035,Terrorism_likely,"Treatment 1: Corrective Information, No Elite Endorsement",0.04728267483636884,-0.06353592832317606,published
Silverman1035,Terrorism_likely,"Treatment 2: Corrective Information, Democratic Endorsement",0.04557423834532079,0.00205728072718192,published
Silverman1035,Terrorism_likely,"Treatment 3: Corrective Information, Republican Endorsement",0.04001189944964924,-0.01091269899103136,published
Silverman1035,Terrorism_worry,"Treatment 1: Corrective Information, No Elite Endorsement",0.03286880630630835,0.1582267984984947,published
Silverman1035,Terrorism_worry,"Treatment 2: Corrective Information, Democratic Endorsement",0.0513800182481785,0.1738485113043271,published
Silverman1035,Terrorism_worry,"Treatment 3: Corrective Information, Republican Endorsement",0.06111237834550215,0.1787596613676136,published
Silverman1035,Terrorism_worry,"Treatment 4: Corrective Information, Military Endorsement",0.04051598837209521,0.1807136322888973,published
Silverman1035,Terrorism_worry,Control group: No Corrective Information,-0.0328688063063076,-0.1582267984984947,published
Silverman1035,Terrorism_worry,"Treatment 2: Corrective Information, Democratic Endorsement",0.01851121194186851,0.01562171280583235,published
Silverman1035,Terrorism_worry,"Treatment 3: Corrective Information, Republican Endorsement",0.02824357203919206,0.02053286286911881,published
Silverman1035,Terrorism_worry,"Treatment 4: Corrective Information, Military Endorsement",0.00764718206578738,0.0224868337904025,published
Silverman1035,Terrorism_worry,Control group: No Corrective Information,-0.05138001824817542,-0.1738485113043271,published
Silverman1035,Terrorism_worry,"Treatment 1: Corrective Information, No Elite Endorsement",-0.01851121194186879,-0.01562171280583235,published
Silverman1035,Terrorism_worry,"Treatment 3: Corrective Information, Republican Endorsement",0.00973236009732494,0.00491115006328646,published
Silverman1035,Terrorism_worry,"Treatment 4: Corrective Information, Military Endorsement",-0.01086402987608157,0.00686512098457015,published
Silverman1035,Terrorism_worry,Control group: No Corrective Information,-0.06111237834549898,-0.1787596613676136,published
Silverman1035,Terrorism_worry,"Treatment 1: Corrective Information, No Elite Endorsement",-0.0282435720391929,-0.02053286286911881,published
Silverman1035,Terrorism_worry,"Treatment 2: Corrective Information, Democratic Endorsement",-0.00973236009732288,-0.00491115006328646,published
Silverman1035,Terrorism_worry,"Treatment 4: Corrective Information, Military Endorsement",-0.02059638997340489,0.00195397092128368,published
Silverman1035,Terrorism_worry,Control group: No Corrective Information,-0.04051598837209365,-0.1807136322888973,published
Silverman1035,Terrorism_worry,"Treatment 1: Corrective Information, No Elite Endorsement",-0.00764718206578641,-0.0224868337904025,published
Silverman1035,Terrorism_worry,"Treatment 2: Corrective Information, Democratic Endorsement",0.0108640298760826,-0.00686512098457015,published
Silverman1035,Terrorism_worry,"Treatment 3: Corrective Information, Republican Endorsement",0.02059638997340661,-0.00195397092128368,published
Williamson859,Food stamps,COND2,0.01091269841269888,-0.01381989405099726,published
Williamson859,Food stamps,CONTROL,-0.00389491075288731,-0.01198122984095062,published
Williamson859,Food stamps,COND1,-0.01091269841269767,0.01381989405099726,published
Williamson859,Food stamps,CONTROL,-0.01480760916558493,0.00183866421004663,published
Williamson859,Food stamps,COND1,0.00389491075288739,0.01198122984095062,published
Williamson859,Food stamps,COND2,0.01480760916558583,-0.00183866421004663,published
Williamson859,Military,COND2,-0.01273115276594412,-0.06336885745572207,published
Williamson859,Military,CONTROL,0.0066507569369775,-0.01313679660929023,published
Williamson859,Military,COND1,0.01273115276594483,0.06336885745572207,published
Williamson859,Military,CONTROL,0.01938190970292192,0.05023206084643183,published
Williamson859,Military,COND1,-0.00665075693697704,0.01313679660929023,published
Williamson859,Military,COND2,-0.01938190970291944,-0.05023206084643183,published
Williamson859,Social Security,COND2,0.00467688916008961,-0.02385235587983603,published
Williamson859,Social Security,CONTROL,0.00352659869244682,-0.02673145179095362,published
Williamson859,Social Security,COND1,-0.00467688916008883,0.02385235587983603,published
Williamson859,Social Security,CONTROL,-0.00115029046764326,-0.00287909591111759,published
Williamson859,Social Security,COND1,-0.0035265986924459,0.02673145179095362,published
Williamson859,Social Security,COND2,0.00115029046764256,0.00287909591111759,published
brandtS1,coppock_dv_name,2 [2],-0.1607405970985363,-0.3719516241054173,published
brandtS1,coppock_dv_name,1 [1],0.1607405970985429,0.3719516241054173,published
caprarielloS2,coppock_dv_name,2 [Condition B],-0.04214097918502208,-0.01306484668653984,published
caprarielloS2,coppock_dv_name,1 [Condition A],0.04214097918502369,0.01306484668653984,published
converseS16,coppock_dv_name,3 [God-Self-American],0.06225663482277997,0.00262015405656779,published
converseS16,coppock_dv_name,1 [Self-God-American],-0.06225663482277886,-0.00262015405656779,published
death_penalty,Favor Death Penalty,race,0.06199823378291447,-0.00318496955636332,published
death_penalty,Favor Death Penalty,innocent,-0.0619982337829137,0.00318496955636332,published
dennyS17,hardworking,2 [2],0.03601560373763941,0.01011255132969346,published
dennyS17,hardworking,1 [1],-0.03601560373763959,-0.01011255132969346,published
gashS5,coppock_dv_name,4 [No Prompt],0.1844003088397185,0.01811856473101336,published
gashS5,coppock_dv_name,1 [Court Prompt],-0.184400308839711,-0.01811856473101336,published
immigration,Support for Immigration,positive,0.08207857223782201,0.1887047415874286,published
immigration,Support for Immigration,negative,-0.08207857223782213,-0.1887047415874286,published
jacobsenS7,coppock_dv_name,2 [Condition B: letter grade format],0.1208185643248763,-0.0513574341238332,published
jacobsenS7,coppock_dv_name,1 [Condition A: performance index format],-0.1208185643248754,0.0513574341238332,published
melloS6,coppock_dv_name,5 [v5],-0.1384941910240012,-0.4304486941555498,published
melloS6,coppock_dv_name,1 [v1],0.1384941910240004,0.4304486941555498,published
parmerS15,coppock_dv_name,2 [experimental group 2],-0.01159013465650802,0.00314205255730193,published
parmerS15,coppock_dv_name,1 [experimental group 1],0.01159013465650803,-0.00314205255730193,published
patriot_act,Patriot Act Support,Pro,0.1963012362305283,0.2651214717985413,published
patriot_act,Patriot Act Support,Con,-0.1963012362305355,-0.2651214717985413,published
pedullaS18,hiring recommendation,2 [Black Male/ Black Straight],0.01440901187910546,-0.00797387210492139,published
pedullaS18,hiring recommendation,1 [White Male/ White Straight],-0.01440901187910574,0.00797387210492139,published
piazzaS8,coppock_dv_name,2 [2],-0.00736484490398774,-0.0499838302674982,published
piazzaS8,coppock_dv_name,1 [1],0.00736484490398769,0.0499838302674982,published
shaferS9,coppock_dv_name,2 [2],-0.01305161544523317,-0.00944964588317748,published
shaferS9,coppock_dv_name,1 [1],0.01305161544523275,0.00944964588317748,published
system_threat,Way of Life,craig_treatment,-0.04299564768563534,0.02557999360510743,published
system_threat,Way of Life,craig_placebo,0.04299564768563518,-0.02557999360510743,published
turagaS11,coppock_dv_name,3 [3],-0.05657974398892911,-0.01771932980712376,published
turagaS11,coppock_dv_name,1 [1],0.05657974398892983,0.01771932980712376,published
wallaceS12,coppock_dv_name,2 [2],-0.2348801191714749,-0.4808083681141061,published
wallaceS12,coppock_dv_name,1 [1],0.234880119171475,0.4808083681141061,published
wayne841,CandidateSupportBC,Fear,0.01562499999999791,-0.00249049882331059,published
wayne841,CandidateSupportBC,RELAXED/CONTROL,0.05535593302361401,-0.00803456337046371,published
wayne841,CandidateSupportBC,Anger,-0.01562500000000048,0.00249049882331059,published
wayne841,CandidateSupportBC,RELAXED/CONTROL,0.03973093302361508,-0.00554406454715311,published
wayne841,CandidateSupportBC,Anger,-0.0553559330236168,0.00803456337046371,published
wayne841,CandidateSupportBC,Fear,-0.0397309330236167,0.00554406454715311,published
wayne841,CandidateSupportDT,Fear,-0.03618125435099147,0.000728458762850881,published
wayne841,CandidateSupportDT,RELAXED/CONTROL,-0.02315942028985564,-0.0002374849577645444,published
wayne841,CandidateSupportDT,Anger,0.03618125435099027,-0.000728458762850881,published
wayne841,CandidateSupportDT,RELAXED/CONTROL,0.01302183406113514,-0.0009659437206154252,published
wayne841,CandidateSupportDT,Anger,0.02315942028985557,0.0002374849577645444,published
wayne841,CandidateSupportDT,Fear,-0.0130218340611348,0.0009659437206154252,published
wayne841,CandidateSupportHC,Fear,0.06488685481820479,-0.00657618908389517,published
wayne841,CandidateSupportHC,RELAXED/CONTROL,0.03198830409356764,-0.03320388092293647,published
wayne841,CandidateSupportHC,Anger,-0.06488685481820447,0.00657618908389517,published
wayne841,CandidateSupportHC,RELAXED/CONTROL,-0.03289855072463776,-0.02662769183904129,published
wayne841,CandidateSupportHC,Anger,-0.03198830409356708,0.03320388092293647,published
wayne841,CandidateSupportHC,Fear,0.0328985507246376,0.02662769183904129,published
AnsonBRIEF60,blue_collar_positivity,Treatment group 1,-0.038062169312169,0.01191656948462005,unpublished
AnsonBRIEF60,blue_collar_positivity,Control group 1,0.03806216931216919,-0.01191656948462005,unpublished
AnsonBRIEF60,economy_positivity,Treatment group 1,0.00299603174603196,-0.2081101410023656,unpublished
AnsonBRIEF60,economy_positivity,Control group 1,-0.00299603174603185,0.2081101410023656,unpublished
Bougher893,warmth Candidate A,"CONTROL (NO PARTY CUE) x CROSS-PRESSURED, NON-SALIENT",-0.01038752853753688,-0.06151891506143836,unpublished
Bougher893,warmth Candidate A,"CONTROL (NO PARTY CUE) x CROSS-PRESSURED, SALIENT",0.04790977682191333,-0.0008485808044490506,unpublished
Bougher893,warmth Candidate A,CONTROL (NO PARTY CUE) x ALIGNED,0.01038752853753631,0.06151891506143836,unpublished
Bougher893,warmth Candidate A,"CONTROL (NO PARTY CUE) x CROSS-PRESSURED, SALIENT",0.05829730535945174,0.06067033425698931,unpublished
Bougher893,warmth Candidate A,CONTROL (NO PARTY CUE) x ALIGNED,-0.04790977682191615,0.0008485808044490506,unpublished
Bougher893,warmth Candidate A,"CONTROL (NO PARTY CUE) x CROSS-PRESSURED, NON-SALIENT",-0.05829730535944964,-0.06067033425698931,unpublished
Bougher893,warmth Candidate B,"CONTROL (NO PARTY CUE) x CROSS-PRESSURED, NON-SALIENT",-0.00254898246373643,0.02575348257630294,unpublished
Bougher893,warmth Candidate B,"CONTROL (NO PARTY CUE) x CROSS-PRESSURED, SALIENT",-0.01270372587688368,-0.00744669229331851,unpublished
Bougher893,warmth Candidate B,CONTROL (NO PARTY CUE) x ALIGNED,0.00254898246373682,-0.02575348257630294,unpublished
Bougher893,warmth Candidate B,"CONTROL (NO PARTY CUE) x CROSS-PRESSURED, SALIENT",-0.01015474341314635,-0.03320017486962146,unpublished
Bougher893,warmth Candidate B,CONTROL (NO PARTY CUE) x ALIGNED,0.01270372587688447,0.00744669229331851,unpublished
Bougher893,warmth Candidate B,"CONTROL (NO PARTY CUE) x CROSS-PRESSURED, NON-SALIENT",0.01015474341314781,0.03320017486962146,unpublished
Bougher893,warmth gop,"CONTROL (NO PARTY CUE) x CROSS-PRESSURED, NON-SALIENT",0.01666976693292499,-0.01441820858083109,unpublished
Bougher893,warmth gop,"CONTROL (NO PARTY CUE) x CROSS-PRESSURED, SALIENT",-0.01149949504428378,-0.00754990954184248,unpublished
Bougher893,warmth gop,CONTROL (NO PARTY CUE) x ALIGNED,-0.01666976693292641,0.01441820858083109,unpublished
Bougher893,warmth gop,"CONTROL (NO PARTY CUE) x CROSS-PRESSURED, SALIENT",-0.02816926197720997,0.00686829903898861,unpublished
Bougher893,warmth gop,CONTROL (NO PARTY CUE) x ALIGNED,0.01149949504428371,0.00754990954184248,unpublished
Bougher893,warmth gop,"CONTROL (NO PARTY CUE) x CROSS-PRESSURED, NON-SALIENT",0.028169261977208,-0.00686829903898861,unpublished
CalarcoS38,Approval,"HIGH STATUS, HEAVY DRINKING, NO WARNING",-0.02637018662890945,-0.0009228664105046523,unpublished
CalarcoS38,Approval,"HIGH STATUS, LIGHT DRINKING, NO WARNING",-0.1879289215686382,-0.3591433749827444,unpublished
CalarcoS38,Approval,"HIGH STATUS, LIGHT DRINKING, WARNING",-0.18085655314759,-0.318225861510631,unpublished
CalarcoS38,Approval,"HIGH STATUS, NO DRINKING, NO WARNING",-0.646746596727851,-0.9871776043334444,unpublished
CalarcoS38,Approval,"HIGH STATUS, NO DRINKING, WARNING",-0.6094971731024257,-0.9940238173587824,unpublished
CalarcoS38,Approval,"LOW STATUS, HEAVY DRINKING, NO WARNING",-0.03611971104231621,0.00111677337762128,unpublished
CalarcoS38,Approval,"LOW STATUS, HEAVY DRINKING, WARNING",-0.03687398526289696,0.0014363585975553,unpublished
CalarcoS38,Approval,"LOW STATUS, LIGHT DRINKING, NO WARNING",-0.1887811942959005,-0.2900882544254679,unpublished
CalarcoS38,Approval,"LOW STATUS, LIGHT DRINKING, WARNING",-0.2118241235888332,-0.2810510991835907,unpublished
CalarcoS38,Approval,"LOW STATUS, NO DRINKING, NO WARNING",-0.6475284724668279,-0.993442409756542,unpublished
CalarcoS38,Approval,"LOW STATUS, NO DRINKING, WARNING",-0.6371045350655642,-0.997466155444512,unpublished
CalarcoS38,Approval,"HIGH STATUS, HEAVY DRINKIG, WARNING",0.02637018662886663,0.0009228664105046523,unpublished
CalarcoS38,Approval,"HIGH STATUS, LIGHT DRINKING, NO WARNING",-0.1615587349397882,-0.3582205085722397,unpublished
CalarcoS38,Approval,"HIGH STATUS, LIGHT DRINKING, WARNING",-0.1544863665187207,-0.3173029951001264,unpublished
CalarcoS38,Approval,"HIGH STATUS, NO DRINKING, NO WARNING",-0.6203764100989653,-0.9862547379229396,unpublished
CalarcoS38,Approval,"HIGH STATUS, NO DRINKING, WARNING",-0.583126986473531,-0.993100950948278,unpublished
CalarcoS38,Approval,"LOW STATUS, HEAVY DRINKING, NO WARNING",-0.00974952441344395,0.00203963978812593,unpublished
CalarcoS38,Approval,"LOW STATUS, HEAVY DRINKING, WARNING",-0.01050379863402752,0.00235922500805996,unpublished
CalarcoS38,Approval,"LOW STATUS, LIGHT DRINKING, NO WARNING",-0.1624110076670337,-0.2891653880149633,unpublished
CalarcoS38,Approval,"LOW STATUS, LIGHT DRINKING, WARNING",-0.1854539369599618,-0.2801282327730861,unpublished
CalarcoS38,Approval,"LOW STATUS, NO DRINKING, NO WARNING",-0.6211582858379687,-0.9925195433460372,unpublished
CalarcoS38,Approval,"LOW STATUS, NO DRINKING, WARNING",-0.6107343484366902,-0.9965432890340072,unpublished
CalarcoS38,Approval,"HIGH STATUS, HEAVY DRINKIG, WARNING",0.1879289215686153,0.3591433749827444,unpublished
CalarcoS38,Approval,"HIGH STATUS, HEAVY DRINKING, NO WARNING",0.161558734939751,0.3582205085722397,unpublished
CalarcoS38,Approval,"HIGH STATUS, LIGHT DRINKING, WARNING",0.00707236842106413,0.04091751347211336,unpublished
CalarcoS38,Approval,"HIGH STATUS, NO DRINKING, NO WARNING",-0.4588176751592238,-0.6280342293507,unpublished
CalarcoS38,Approval,"HIGH STATUS, NO DRINKING, WARNING",-0.4215682515337516,-0.6348804423760381,unpublished
CalarcoS38,Approval,"LOW STATUS, HEAVY DRINKING, NO WARNING",0.1518092105263213,0.3602601483603657,unpublished
CalarcoS38,Approval,"LOW STATUS, HEAVY DRINKING, WARNING",0.1510549363057353,0.3605797335802997,unpublished
CalarcoS38,Approval,"LOW STATUS, LIGHT DRINKING, NO WARNING",-0.0008522727272716221,0.06905512055727647,unpublished
CalarcoS38,Approval,"LOW STATUS, LIGHT DRINKING, WARNING",-0.02389520202019986,0.07809227579915368,unpublished
CalarcoS38,Approval,"LOW STATUS, NO DRINKING, NO WARNING",-0.4595995508981987,-0.6342990347737975,unpublished
CalarcoS38,Approval,"LOW STATUS, NO DRINKING, WARNING",-0.4491756134969269,-0.6383227804617675,unpublished
CalarcoS38,Approval,"HIGH STATUS, HEAVY DRINKIG, WARNING",0.1808565531475596,0.318225861510631,unpublished
CalarcoS38,Approval,"HIGH STATUS, HEAVY DRINKING, NO WARNING",0.1544863665186948,0.3173029951001264,unpublished
CalarcoS38,Approval,"HIGH STATUS, LIGHT DRINKING, NO WARNING",-0.00707236842104669,-0.04091751347211336,unpublished
CalarcoS38,Approval,"HIGH STATUS, NO DRINKING, NO WARNING",-0.4658900435802991,-0.6689517428228133,unpublished
CalarcoS38,Approval,"HIGH STATUS, NO DRINKING, WARNING",-0.4286406199547979,-0.6757979558481515,unpublished
CalarcoS38,Approval,"LOW STATUS, HEAVY DRINKING, NO WARNING",0.1447368421052649,0.3193426348882523,unpublished
CalarcoS38,Approval,"LOW STATUS, HEAVY DRINKING, WARNING",0.1439825678846788,0.3196622201081863,unpublished
CalarcoS38,Approval,"LOW STATUS, LIGHT DRINKING, NO WARNING",-0.00792464114832404,0.0281376070851631,unpublished
CalarcoS38,Approval,"LOW STATUS, LIGHT DRINKING, WARNING",-0.03096757044125532,0.03717476232704031,unpublished
CalarcoS38,Approval,"LOW STATUS, NO DRINKING, NO WARNING",-0.4666719193192532,-0.6752165482459108,unpublished
CalarcoS38,Approval,"LOW STATUS, NO DRINKING, WARNING",-0.4562479819179861,-0.6792402939338809,unpublished
CalarcoS38,Approval,"HIGH STATUS, HEAVY DRINKIG, WARNING",0.646746596727805,0.9871776043334444,unpublished
CalarcoS38,Approval,"HIGH STATUS, HEAVY DRINKING, NO WARNING",0.6203764100989663,0.9862547379229396,unpublished
CalarcoS38,Approval,"HIGH STATUS, LIGHT DRINKING, NO WARNING",0.4588176751592551,0.6280342293507,unpublished
CalarcoS38,Approval,"HIGH STATUS, LIGHT DRINKING, WARNING",0.4658900435803174,0.6689517428228133,unpublished
CalarcoS38,Approval,"HIGH STATUS, NO DRINKING, WARNING",0.03724942362550605,-0.00684621302533812,unpublished
CalarcoS38,Approval,"LOW STATUS, HEAVY DRINKING, NO WARNING",0.6106268856855641,0.9882943777110657,unpublished
CalarcoS38,Approval,"LOW STATUS, HEAVY DRINKING, WARNING",0.6098726114649708,0.9886139629309996,unpublished
CalarcoS38,Approval,"LOW STATUS, LIGHT DRINKING, NO WARNING",0.4579654024319749,0.6970893499079764,unpublished
CalarcoS38,Approval,"LOW STATUS, LIGHT DRINKING, WARNING",0.4349224731390448,0.7061265051498536,unpublished
CalarcoS38,Approval,"LOW STATUS, NO DRINKING, NO WARNING",-0.0007818757389695852,-0.00626480542309747,unpublished
CalarcoS38,Approval,"LOW STATUS, NO DRINKING, WARNING",0.00964206166230171,-0.01028855111106755,unpublished
CalarcoS38,Approval,"HIGH STATUS, HEAVY DRINKIG, WARNING",0.6094971731023114,0.9940238173587824,unpublished
CalarcoS38,Approval,"HIGH STATUS, HEAVY DRINKING, NO WARNING",0.5831269864734706,0.993100950948278,unpublished
CalarcoS38,Approval,"HIGH STATUS, LIGHT DRINKING, NO WARNING",0.4215682515337571,0.6348804423760381,unpublished
CalarcoS38,Approval,"HIGH STATUS, LIGHT DRINKING, WARNING",0.4286406199548181,0.6757979558481515,unpublished
CalarcoS38,Approval,"HIGH STATUS, NO DRINKING, NO WARNING",-0.0372494236254908,0.00684621302533812,unpublished
CalarcoS38,Approval,"LOW STATUS, HEAVY DRINKING, NO WARNING",0.5733774620600683,0.9951405907364038,unpublished
CalarcoS38,Approval,"LOW STATUS, HEAVY DRINKING, WARNING",0.5726231878394754,0.9954601759563378,unpublished
CalarcoS38,Approval,"LOW STATUS, LIGHT DRINKING, NO WARNING",0.4207159788064735,0.7039355629333146,unpublished
CalarcoS38,Approval,"LOW STATUS, LIGHT DRINKING, WARNING",0.3976730495135409,0.7129727181751918,unpublished
CalarcoS38,Approval,"LOW STATUS, NO DRINKING, NO WARNING",-0.03803129936446176,0.0005814076022406522,unpublished
CalarcoS38,Approval,"LOW STATUS, NO DRINKING, WARNING",-0.02760736196319047,-0.00344233808572943,unpublished
CalarcoS38,Approval,"HIGH STATUS, HEAVY DRINKIG, WARNING",0.03611971104231051,-0.00111677337762128,unpublished
CalarcoS38,Approval,"HIGH STATUS, HEAVY DRINKING, NO WARNING",0.0097495244134375,-0.00203963978812593,unpublished
CalarcoS38,Approval,"HIGH STATUS, LIGHT DRINKING, NO WARNING",-0.1518092105263134,-0.3602601483603657,unpublished
CalarcoS38,Approval,"HIGH STATUS, LIGHT DRINKING, WARNING",-0.1447368421052733,-0.3193426348882523,unpublished
CalarcoS38,Approval,"HIGH STATUS, NO DRINKING, NO WARNING",-0.6106268856855699,-0.9882943777110657,unpublished
CalarcoS38,Approval,"HIGH STATUS, NO DRINKING, WARNING",-0.5733774620600729,-0.9951405907364038,unpublished
CalarcoS38,Approval,"LOW STATUS, HEAVY DRINKING, WARNING",-0.0007542742205779028,0.0003195852199340266,unpublished
CalarcoS38,Approval,"LOW STATUS, LIGHT DRINKING, NO WARNING",-0.1526614832535894,-0.2912050278030892,unpublished
CalarcoS38,Approval,"LOW STATUS, LIGHT DRINKING, WARNING",-0.1757044125465164,-0.282167872561212,unpublished
CalarcoS38,Approval,"LOW STATUS, NO DRINKING, NO WARNING",-0.6114087614245148,-0.9945591831341632,unpublished
CalarcoS38,Approval,"LOW STATUS, NO DRINKING, WARNING",-0.6009848240232477,-0.9985829288221332,unpublished
CalarcoS38,Approval,"HIGH STATUS, HEAVY DRINKIG, WARNING",0.03687398526289081,-0.0014363585975553,unpublished
CalarcoS38,Approval,"HIGH STATUS, HEAVY DRINKING, NO WARNING",0.0105037986340179,-0.00235922500805996,unpublished
CalarcoS38,Approval,"HIGH STATUS, LIGHT DRINKING, NO WARNING",-0.1510549363057329,-0.3605797335802997,unpublished
CalarcoS38,Approval,"HIGH STATUS, LIGHT DRINKING, WARNING",-0.1439825678846928,-0.3196622201081863,unpublished
CalarcoS38,Approval,"HIGH STATUS, NO DRINKING, NO WARNING",-0.6098726114649894,-0.9886139629309996,unpublished
CalarcoS38,Approval,"HIGH STATUS, NO DRINKING, WARNING",-0.5726231878394925,-0.9954601759563378,unpublished
CalarcoS38,Approval,"LOW STATUS, HEAVY DRINKING, NO WARNING",0.0007542742205833658,-0.0003195852199340266,unpublished
CalarcoS38,Approval,"LOW STATUS, LIGHT DRINKING, NO WARNING",-0.151907209033003,-0.2915246130230232,unpublished
CalarcoS38,Approval,"LOW STATUS, LIGHT DRINKING, WARNING",-0.1749501383259396,-0.282487457781146,unpublished
CalarcoS38,Approval,"LOW STATUS, NO DRINKING, NO WARNING",-0.6106544872039378,-0.9948787683540972,unpublished
CalarcoS38,Approval,"LOW STATUS, NO DRINKING, WARNING",-0.6002305498026665,-0.9989025140420672,unpublished
CalarcoS38,Approval,"HIGH STATUS, HEAVY DRINKIG, WARNING",0.1887811942958829,0.2900882544254679,unpublished
CalarcoS38,Approval,"HIGH STATUS, HEAVY DRINKING, NO WARNING",0.1624110076670185,0.2891653880149633,unpublished
CalarcoS38,Approval,"HIGH STATUS, LIGHT DRINKING, NO WARNING",0.0008522727272775556,-0.06905512055727647,unpublished
CalarcoS38,Approval,"HIGH STATUS, LIGHT DRINKING, WARNING",0.00792464114832318,-0.0281376070851631,unpublished
CalarcoS38,Approval,"HIGH STATUS, NO DRINKING, NO WARNING",-0.4579654024319767,-0.6970893499079764,unpublished
CalarcoS38,Approval,"HIGH STATUS, NO DRINKING, WARNING",-0.4207159788064821,-0.7039355629333146,unpublished
CalarcoS38,Approval,"LOW STATUS, HEAVY DRINKING, NO WARNING",0.1526614832535904,0.2912050278030892,unpublished
CalarcoS38,Approval,"LOW STATUS, HEAVY DRINKING, WARNING",0.1519072090330069,0.2915246130230232,unpublished
CalarcoS38,Approval,"LOW STATUS, LIGHT DRINKING, WARNING",-0.02304292929292908,0.0090371552418772,unpublished
CalarcoS38,Approval,"LOW STATUS, NO DRINKING, NO WARNING",-0.45874727817093,-0.7033541553310739,unpublished
CalarcoS38,Approval,"LOW STATUS, NO DRINKING, WARNING",-0.4483233407696573,-0.707377901019044,unpublished
CalarcoS38,Approval,"HIGH STATUS, HEAVY DRINKIG, WARNING",0.211824123588811,0.2810510991835907,unpublished
CalarcoS38,Approval,"HIGH STATUS, HEAVY DRINKING, NO WARNING",0.1854539369599479,0.2801282327730861,unpublished
CalarcoS38,Approval,"HIGH STATUS, LIGHT DRINKING, NO WARNING",0.02389520202020845,-0.07809227579915368,unpublished
CalarcoS38,Approval,"HIGH STATUS, LIGHT DRINKING, WARNING",0.03096757044125492,-0.03717476232704031,unpublished
CalarcoS38,Approval,"HIGH STATUS, NO DRINKING, NO WARNING",-0.4349224731390454,-0.7061265051498536,unpublished
CalarcoS38,Approval,"HIGH STATUS, NO DRINKING, WARNING",-0.3976730495135513,-0.7129727181751918,unpublished
CalarcoS38,Approval,"LOW STATUS, HEAVY DRINKING, NO WARNING",0.1757044125465208,0.282167872561212,unpublished
CalarcoS38,Approval,"LOW STATUS, HEAVY DRINKING, WARNING",0.1749501383259374,0.282487457781146,unpublished
CalarcoS38,Approval,"LOW STATUS, LIGHT DRINKING, NO WARNING",0.0230429292929316,-0.0090371552418772,unpublished
CalarcoS38,Approval,"LOW STATUS, NO DRINKING, NO WARNING",-0.4357043488779949,-0.7123913105729511,unpublished
CalarcoS38,Approval,"LOW STATUS, NO DRINKING, WARNING",-0.425280411476731,-0.7164150562609212,unpublished
CalarcoS38,Approval,"HIGH STATUS, HEAVY DRINKIG, WARNING",0.6475284724667667,0.993442409756542,unpublished
CalarcoS38,Approval,"HIGH STATUS, HEAVY DRINKING, NO WARNING",0.6211582858379281,0.9925195433460372,unpublished
CalarcoS38,Approval,"HIGH STATUS, LIGHT DRINKING, NO WARNING",0.4595995508982169,0.6342990347737975,unpublished
CalarcoS38,Approval,"HIGH STATUS, LIGHT DRINKING, WARNING",0.4666719193192792,0.6752165482459108,unpublished
CalarcoS38,Approval,"HIGH STATUS, NO DRINKING, NO WARNING",0.0007818757389695514,0.00626480542309747,unpublished
CalarcoS38,Approval,"HIGH STATUS, NO DRINKING, WARNING",0.03803129936445706,-0.0005814076022406522,unpublished
CalarcoS38,Approval,"LOW STATUS, HEAVY DRINKING, NO WARNING",0.6114087614245194,0.9945591831341632,unpublished
CalarcoS38,Approval,"LOW STATUS, HEAVY DRINKING, WARNING",0.6106544872039378,0.9948787683540972,unpublished
CalarcoS38,Approval,"LOW STATUS, LIGHT DRINKING, NO WARNING",0.4587472781709313,0.7033541553310739,unpublished
CalarcoS38,Approval,"LOW STATUS, LIGHT DRINKING, WARNING",0.4357043488780029,0.7123913105729511,unpublished
CalarcoS38,Approval,"LOW STATUS, NO DRINKING, WARNING",0.01042393740127132,-0.00402374568797008,unpublished
CalarcoS38,Approval,"HIGH STATUS, HEAVY DRINKIG, WARNING",0.6371045350654967,0.997466155444512,unpublished
CalarcoS38,Approval,"HIGH STATUS, HEAVY DRINKING, NO WARNING",0.6107343484366575,0.9965432890340072,unpublished
CalarcoS38,Approval,"HIGH STATUS, LIGHT DRINKING, NO WARNING",0.4491756134969456,0.6383227804617675,unpublished
CalarcoS38,Approval,"HIGH STATUS, LIGHT DRINKING, WARNING",0.4562479819180075,0.6792402939338809,unpublished
CalarcoS38,Approval,"HIGH STATUS, NO DRINKING, NO WARNING",-0.00964206166230187,0.01028855111106755,unpublished
CalarcoS38,Approval,"HIGH STATUS, NO DRINKING, WARNING",0.02760736196318576,0.00344233808572943,unpublished
CalarcoS38,Approval,"LOW STATUS, HEAVY DRINKING, NO WARNING",0.6009848240232484,0.9985829288221332,unpublished
CalarcoS38,Approval,"LOW STATUS, HEAVY DRINKING, WARNING",0.6002305498026667,0.9989025140420672,unpublished
CalarcoS38,Approval,"LOW STATUS, LIGHT DRINKING, NO WARNING",0.4483233407696602,0.707377901019044,unpublished
CalarcoS38,Approval,"LOW STATUS, LIGHT DRINKING, WARNING",0.4252804114767318,0.7164150562609212,unpublished
CalarcoS38,Approval,"LOW STATUS, NO DRINKING, NO WARNING",-0.01042393740127083,0.00402374568797008,unpublished
Campbell1308,Gender Roles,Democratic story,0.0041515934539196,-0.0005981394628546965,unpublished
Campbell1308,Gender Roles,Non-Partisan story,-0.00441523424334302,0.02347674921630349,unpublished
Campbell1308,Gender Roles,Republican story,0.02280999434408034,0.05740641986938288,unpublished
Campbell1308,Gender Roles,Control,-0.00415159345391975,0.0005981394628546965,unpublished
Campbell1308,Gender Roles,Non-Partisan story,-0.00856682769726312,0.02407488867915819,unpublished
Campbell1308,Gender Roles,Republican story,0.01865840089016005,0.05800455933223758,unpublished
Campbell1308,Gender Roles,Control,0.00441523424334265,-0.02347674921630349,unpublished
Campbell1308,Gender Roles,Democratic story,0.00856682769726224,-0.02407488867915819,unpublished
Campbell1308,Gender Roles,Republican story,0.02722522858742264,0.03392967065307939,unpublished
Campbell1308,Gender Roles,Control,-0.02280999434407966,-0.05740641986938288,unpublished
Campbell1308,Gender Roles,Democratic story,-0.01865840089016071,-0.05800455933223758,unpublished
Campbell1308,Gender Roles,Non-Partisan story,-0.02722522858742354,-0.03392967065307939,unpublished
Campbell1308,Political Engagement,Democratic story,-0.02658735483101489,-0.00743097707693496,unpublished
Campbell1308,Political Engagement,Non-Partisan story,-0.01786455030082707,0.00762500782973929,unpublished
Campbell1308,Political Engagement,Republican story,0.00201720253942306,-0.01139498264347238,unpublished
Campbell1308,Political Engagement,Control,0.02658735483101484,0.00743097707693496,unpublished
Campbell1308,Political Engagement,Non-Partisan story,0.00872280453018698,0.01505598490667425,unpublished
Campbell1308,Political Engagement,Republican story,0.02860455737043747,-0.00396400556653742,unpublished
Campbell1308,Political Engagement,Control,0.01786455030082761,-0.00762500782973929,unpublished
Campbell1308,Political Engagement,Democratic story,-0.00872280453018737,-0.01505598490667425,unpublished
Campbell1308,Political Engagement,Republican story,0.0198817528402502,-0.01901999047321168,unpublished
Campbell1308,Political Engagement,Control,-0.00201720253942278,0.01139498264347238,unpublished
Campbell1308,Political Engagement,Democratic story,-0.02860455737043749,0.00396400556653742,unpublished
Campbell1308,Political Engagement,Non-Partisan story,-0.01988175284025075,0.01901999047321168,unpublished
Campbell1308,Political Responsiveness,Democratic story,-0.02388574460558905,-0.00832303004072621,unpublished
Campbell1308,Political Responsiveness,Non-Partisan story,-0.0208085121035778,-0.00220040753202588,unpublished
Campbell1308,Political Responsiveness,Republican story,-0.01744801933526547,-0.03753907777505627,unpublished
Campbell1308,Political Responsiveness,Control,0.02388574460559122,0.00832303004072621,unpublished
Campbell1308,Political Responsiveness,Non-Partisan story,0.00307723250201199,0.00612262250870032,unpublished
Campbell1308,Political Responsiveness,Republican story,0.00643772527032475,-0.02921604773433006,unpublished
Campbell1308,Political Responsiveness,Control,0.0208085121035798,0.00220040753202588,unpublished
Campbell1308,Political Responsiveness,Democratic story,-0.00307723250201067,-0.00612262250870032,unpublished
Campbell1308,Political Responsiveness,Republican story,0.00336049276831371,-0.03533867024303039,unpublished
Campbell1308,Political Responsiveness,Control,0.0174480193352664,0.03753907777505627,unpublished
Campbell1308,Political Responsiveness,Democratic story,-0.00643772527032389,0.02921604773433006,unpublished
Campbell1308,Political Responsiveness,Non-Partisan story,-0.00336049276831256,0.03533867024303039,unpublished
Cohen1099,Accounting,"female, upper class, no info",-0.02769513314968108,0.00457395538040694,unpublished
Cohen1099,Accounting,"female, upper class, student loans",0.01906815187447293,0.01325752362207899,unpublished
Cohen1099,Accounting,"female, working class, no debt",0.05573149958992821,0.01924699631723592,unpublished
Cohen1099,Accounting,"female, working class, no info",-0.01944116489571393,0.03253760589674637,unpublished
Cohen1099,Accounting,"female, working class, student loans",0.07307584190700804,0.0381701147224992,unpublished
Cohen1099,Accounting,"male, upper class, no debt",0.03039272214747503,0.00574920785527599,unpublished
Cohen1099,Accounting,"male, upper class, no info",-0.04600758093581048,0.0006392470023708352,unpublished
Cohen1099,Accounting,"male, upper class, student loans",0.03524393495067769,0.02847885382156079,unpublished
Cohen1099,Accounting,"male, working class, no debt",0.05964786201940069,0.04933449252298672,unpublished
Cohen1099,Accounting,"male, working class, no info",0.04722550177095304,0.02470581394770232,unpublished
Cohen1099,Accounting,"male, working class, student loans",0.1100826446280965,0.03306390035817674,unpublished
Cohen1099,Accounting,"female, upper class, no debt",0.02769513314967939,-0.00457395538040694,unpublished
Cohen1099,Accounting,"female, upper class, student loans",0.04676328502415707,0.00868356824167204,unpublished
Cohen1099,Accounting,"female, working class, no debt",0.08342663273961087,0.01467304093682897,unpublished
Cohen1099,Accounting,"female, working class, no info",0.00825396825396999,0.02796365051633942,unpublished
Cohen1099,Accounting,"female, working class, student loans",0.1007709750566908,0.03359615934209226,unpublished
Cohen1099,Accounting,"male, upper class, no debt",0.05808785529715857,0.00117525247486904,unpublished
Cohen1099,Accounting,"male, upper class, no info",-0.01831244778612557,-0.00393470837803611,unpublished
Cohen1099,Accounting,"male, upper class, student loans",0.06293906810036161,0.02390489844115384,unpublished
Cohen1099,Accounting,"male, working class, no debt",0.08734299516908345,0.04476053714257977,unpublished
Cohen1099,Accounting,"male, working class, no info",0.0749206349206359,0.02013185856729538,unpublished
Cohen1099,Accounting,"male, working class, student loans",0.1377777777777797,0.0284899449777698,unpublished
Cohen1099,Accounting,"female, upper class, no debt",-0.01906815187447822,-0.01325752362207899,unpublished
Cohen1099,Accounting,"female, upper class, no info",-0.04676328502415582,-0.00868356824167204,unpublished
Cohen1099,Accounting,"female, working class, no debt",0.03666334771545426,0.00598947269515692,unpublished
Cohen1099,Accounting,"female, working class, no info",-0.03850931677018726,0.01928008227466737,unpublished
Cohen1099,Accounting,"female, working class, student loans",0.05400769003253384,0.02491259110042021,unpublished
Cohen1099,Accounting,"male, upper class, no debt",0.01132457027300133,-0.00750831576680299,unpublished
Cohen1099,Accounting,"male, upper class, no info",-0.06507573281028334,-0.01261827661970815,unpublished
Cohen1099,Accounting,"male, upper class, student loans",0.0161757830762027,0.01522133019948179,unpublished
Cohen1099,Accounting,"male, working class, no debt",0.04057971014492637,0.03607696890090772,unpublished
Cohen1099,Accounting,"male, working class, no info",0.02815734989647847,0.01144829032562333,unpublished
Cohen1099,Accounting,"male, working class, student loans",0.09101449275362128,0.01980637673609775,unpublished
Cohen1099,Accounting,"female, upper class, no debt",-0.05573149958993214,-0.01924699631723592,unpublished
Cohen1099,Accounting,"female, upper class, no info",-0.08342663273961018,-0.01467304093682897,unpublished
Cohen1099,Accounting,"female, upper class, student loans",-0.0366633477154551,-0.00598947269515692,unpublished
Cohen1099,Accounting,"female, working class, no info",-0.07517266448564237,0.01329060957951044,unpublished
Cohen1099,Accounting,"female, working class, student loans",0.01734434231707986,0.01892311840526328,unpublished
Cohen1099,Accounting,"male, upper class, no debt",-0.02533877744245123,-0.01349778846195992,unpublished
Cohen1099,Accounting,"male, upper class, no info",-0.1017390805257353,-0.01860774931486508,unpublished
Cohen1099,Accounting,"male, upper class, student loans",-0.02048756463925086,0.00923185750432487,unpublished
Cohen1099,Accounting,"male, working class, no debt",0.00391636242947262,0.03008749620575079,unpublished
Cohen1099,Accounting,"male, working class, no info",-0.00850599781897424,0.0054588176304664,unpublished
Cohen1099,Accounting,"male, working class, student loans",0.05435114503816816,0.01381690404094082,unpublished
Cohen1099,Accounting,"female, upper class, no debt",0.01944116489571044,-0.03253760589674637,unpublished
Cohen1099,Accounting,"female, upper class, no info",-0.00825396825396669,-0.02796365051633942,unpublished
Cohen1099,Accounting,"female, upper class, student loans",0.03850931677018672,-0.01928008227466737,unpublished
Cohen1099,Accounting,"female, working class, no debt",0.0751726644856424,-0.01329060957951044,unpublished
Cohen1099,Accounting,"female, working class, student loans",0.09251700680272192,0.00563250882575283,unpublished
Cohen1099,Accounting,"male, upper class, no debt",0.04983388704319029,-0.02678839804147037,unpublished
Cohen1099,Accounting,"male, upper class, no info",-0.02656641604009583,-0.03189835889437553,unpublished
Cohen1099,Accounting,"male, upper class, student loans",0.05468509984639201,-0.00405875207518557,unpublished
Cohen1099,Accounting,"male, working class, no debt",0.07908902691511556,0.01679688662624034,unpublished
Cohen1099,Accounting,"male, working class, no info",0.06666666666666726,-0.00783179194904404,unpublished
Cohen1099,Accounting,"male, working class, student loans",0.129523809523811,0.0005262944614303766,unpublished
Cohen1099,Accounting,"female, upper class, no debt",-0.07307584190701083,-0.0381701147224992,unpublished
Cohen1099,Accounting,"female, upper class, no info",-0.1007709750566891,-0.03359615934209226,unpublished
Cohen1099,Accounting,"female, upper class, student loans",-0.0540076900325336,-0.02491259110042021,unpublished
Cohen1099,Accounting,"female, working class, no debt",-0.01734434231707784,-0.01892311840526328,unpublished
Cohen1099,Accounting,"female, working class, no info",-0.09251700680271938,-0.00563250882575283,unpublished
Cohen1099,Accounting,"male, upper class, no debt",-0.04268311975952894,-0.03242090686722321,unpublished
Cohen1099,Accounting,"male, upper class, no info",-0.1190834228428111,-0.03753086772012837,unpublished
Cohen1099,Accounting,"male, upper class, student loans",-0.03783190695633098,-0.00969126090093841,unpublished
Cohen1099,Accounting,"male, working class, no debt",-0.01342797988760646,0.01116437780048751,unpublished
Cohen1099,Accounting,"male, working class, no info",-0.02585034013605455,-0.01346430077479687,unpublished
Cohen1099,Accounting,"male, working class, student loans",0.03700680272108921,-0.00510621436432245,unpublished
Cohen1099,Accounting,"female, upper class, no debt",-0.03039272214748108,-0.00574920785527599,unpublished
Cohen1099,Accounting,"female, upper class, no info",-0.0580878552971588,-0.00117525247486904,unpublished
Cohen1099,Accounting,"female, upper class, student loans",-0.01132457027300429,0.00750831576680299,unpublished
Cohen1099,Accounting,"female, working class, no debt",0.02533877744245143,0.01349778846195992,unpublished
Cohen1099,Accounting,"female, working class, no info",-0.04983388704318999,0.02678839804147037,unpublished
Cohen1099,Accounting,"female, working class, student loans",0.04268311975953068,0.03242090686722321,unpublished
Cohen1099,Accounting,"male, upper class, no info",-0.07640030308328899,-0.00510996085290516,unpublished
Cohen1099,Accounting,"male, upper class, student loans",0.00485121280320057,0.02272964596628479,unpublished
Cohen1099,Accounting,"male, working class, no debt",0.02925513987192434,0.04358528466771072,unpublished
Cohen1099,Accounting,"male, working class, no info",0.01683277962347662,0.01895660609242633,unpublished
Cohen1099,Accounting,"male, working class, student loans",0.07968992248061994,0.02731469250290075,unpublished
Cohen1099,Accounting,"female, upper class, no debt",0.04600758093580843,-0.0006392470023708352,unpublished
Cohen1099,Accounting,"female, upper class, no info",0.01831244778613159,0.00393470837803611,unpublished
Cohen1099,Accounting,"female, upper class, student loans",0.06507573281028443,0.01261827661970815,unpublished
Cohen1099,Accounting,"female, working class, no debt",0.1017390805257401,0.01860774931486508,unpublished
Cohen1099,Accounting,"female, working class, no info",0.02656641604009884,0.03189835889437553,unpublished
Cohen1099,Accounting,"female, working class, student loans",0.1190834228428192,0.03753086772012837,unpublished
Cohen1099,Accounting,"male, upper class, no debt",0.07640030308328978,0.00510996085290516,unpublished
Cohen1099,Accounting,"male, upper class, student loans",0.08125151588648657,0.02783960681918995,unpublished
Cohen1099,Accounting,"male, working class, no debt",0.1056554429552138,0.04869524552061588,unpublished
Cohen1099,Accounting,"male, working class, no info",0.09323308270676732,0.02406656694533149,unpublished
Cohen1099,Accounting,"male, working class, student loans",0.15609022556391,0.03242465335580591,unpublished
Cohen1099,Accounting,"female, upper class, no debt",-0.03524393495068059,-0.02847885382156079,unpublished
Cohen1099,Accounting,"female, upper class, no info",-0.06293906810035839,-0.02390489844115384,unpublished
Cohen1099,Accounting,"female, upper class, student loans",-0.01617578307620376,-0.01522133019948179,unpublished
Cohen1099,Accounting,"female, working class, no debt",0.02048756463925196,-0.00923185750432487,unpublished
Cohen1099,Accounting,"female, working class, no info",-0.05468509984638946,0.00405875207518557,unpublished
Cohen1099,Accounting,"female, working class, student loans",0.03783190695633123,0.00969126090093841,unpublished
Cohen1099,Accounting,"male, upper class, no debt",-0.00485121280320036,-0.02272964596628479,unpublished
Cohen1099,Accounting,"male, upper class, no info",-0.08125151588648569,-0.02783960681918995,unpublished
Cohen1099,Accounting,"male, working class, no debt",0.02440392706872452,0.02085563870142592,unpublished
Cohen1099,Accounting,"male, working class, no info",0.01198156682027668,-0.00377303987385846,unpublished
Cohen1099,Accounting,"male, working class, student loans",0.07483870967742047,0.00458504653661595,unpublished
Cohen1099,Accounting,"female, upper class, no debt",-0.05964786201940445,-0.04933449252298672,unpublished
Cohen1099,Accounting,"female, upper class, no info",-0.08734299516908253,-0.04476053714257977,unpublished
Cohen1099,Accounting,"female, upper class, student loans",-0.04057971014492737,-0.03607696890090772,unpublished
Cohen1099,Accounting,"female, working class, no debt",-0.00391636242947161,-0.03008749620575079,unpublished
Cohen1099,Accounting,"female, working class, no info",-0.07908902691511312,-0.01679688662624034,unpublished
Cohen1099,Accounting,"female, working class, student loans",0.0134279798876077,-0.01116437780048751,unpublished
Cohen1099,Accounting,"male, upper class, no debt",-0.02925513987192456,-0.04358528466771072,unpublished
Cohen1099,Accounting,"male, upper class, no info",-0.1056554429552094,-0.04869524552061588,unpublished
Cohen1099,Accounting,"male, upper class, student loans",-0.02440392706872269,-0.02085563870142592,unpublished
Cohen1099,Accounting,"male, working class, no info",-0.01242236024844649,-0.02462867857528439,unpublished
Cohen1099,Accounting,"male, working class, student loans",0.05043478260869636,-0.01627059216480997,unpublished
Cohen1099,Accounting,"female, upper class, no debt",-0.04722550177095696,-0.02470581394770232,unpublished
Cohen1099,Accounting,"female, upper class, no info",-0.0749206349206349,-0.02013185856729538,unpublished
Cohen1099,Accounting,"female, upper class, student loans",-0.02815734989647999,-0.01144829032562333,unpublished
Cohen1099,Accounting,"female, working class, no debt",0.00850599781897574,-0.0054588176304664,unpublished
Cohen1099,Accounting,"female, working class, no info",-0.06666666666666574,0.00783179194904404,unpublished
Cohen1099,Accounting,"female, working class, student loans",0.02585034013605503,0.01346430077479687,unpublished
Cohen1099,Accounting,"male, upper class, no debt",-0.01683277962347689,-0.01895660609242633,unpublished
Cohen1099,Accounting,"male, upper class, no info",-0.09323308270676198,-0.02406656694533149,unpublished
Cohen1099,Accounting,"male, upper class, student loans",-0.01198156682027541,0.00377303987385846,unpublished
Cohen1099,Accounting,"male, working class, no debt",0.01242236024844812,0.02462867857528439,unpublished
Cohen1099,Accounting,"male, working class, student loans",0.06285714285714382,0.00835808641047441,unpublished
Cohen1099,Accounting,"female, upper class, no debt",-0.1100826446281004,-0.03306390035817674,unpublished
Cohen1099,Accounting,"female, upper class, no info",-0.1377777777777791,-0.0284899449777698,unpublished
Cohen1099,Accounting,"female, upper class, student loans",-0.0910144927536228,-0.01980637673609775,unpublished
Cohen1099,Accounting,"female, working class, no debt",-0.05435114503816699,-0.01381690404094082,unpublished
Cohen1099,Accounting,"female, working class, no info",-0.1295238095238086,-0.0005262944614303766,unpublished
Cohen1099,Accounting,"female, working class, student loans",-0.03700680272108756,0.00510621436432245,unpublished
Cohen1099,Accounting,"male, upper class, no debt",-0.0796899224806212,-0.02731469250290075,unpublished
Cohen1099,Accounting,"male, upper class, no info",-0.1560902255639051,-0.03242465335580591,unpublished
Cohen1099,Accounting,"male, upper class, student loans",-0.07483870967741776,-0.00458504653661595,unpublished
Cohen1099,Accounting,"male, working class, no debt",-0.05043478260869462,0.01627059216480997,unpublished
Cohen1099,Accounting,"male, working class, no info",-0.06285714285714226,-0.00835808641047441,unpublished
Cohen1099,History,"female, upper class, no info",-0.02465770321944015,0.00962878804517075,unpublished
Cohen1099,History,"female, upper class, student loans",-0.0157024793388446,-0.01509179519832115,unpublished
Cohen1099,History,"female, working class, no debt",-0.01418732782369204,0.01433642107252841,unpublished
Cohen1099,History,"female, working class, no info",-0.03951200314836815,0.00825647641498872,unpublished
Cohen1099,History,"female, working class, student loans",-0.05624301987938487,-0.00577862263790462,unpublished
Cohen1099,History,"male, upper class, no debt",0.02492252066115657,0.01008425284546399,unpublished
Cohen1099,History,"male, upper class, no info",-0.02316516590600875,0.02020546337765139,unpublished
Cohen1099,History,"male, upper class, student loans",-0.01050767414403801,-0.01405977266238855,unpublished
Cohen1099,History,"male, working class, no debt",-0.04034016049826363,0.0276365217571709,unpublished
Cohen1099,History,"male, working class, no info",-0.00826446280991796,0.02334708981229349,unpublished
Cohen1099,History,"male, working class, student loans",-0.06980083999458128,-0.00537600516877401,unpublished
Cohen1099,History,"female, upper class, no debt",0.02465770321943948,-0.00962878804517075,unpublished
Cohen1099,History,"female, upper class, student loans",0.00895522388059757,-0.02472058324349191,unpublished
Cohen1099,History,"female, working class, no debt",0.01047037539574943,0.00470763302735766,unpublished
Cohen1099,History,"female, working class, no info",-0.01485429992892543,-0.00137231163018203,unpublished
Cohen1099,History,"female, working class, student loans",-0.03158531665994307,-0.01540741068307538,unpublished
Cohen1099,History,"male, upper class, no debt",0.04958022388059734,0.0004554648002932371,unpublished
Cohen1099,History,"male, upper class, no info",0.00149253731343263,0.01057667533248063,unpublished
Cohen1099,History,"male, upper class, student loans",0.01415002907540345,-0.02368856070755931,unpublished
Cohen1099,History,"male, working class, no debt",-0.01568245727882094,0.01800773371200015,unpublished
Cohen1099,History,"male, working class, no info",0.01639324040952305,0.01371830176712274,unpublished
Cohen1099,History,"male, working class, student loans",-0.04514313677513953,-0.01500479321394476,unpublished
Cohen1099,History,"female, upper class, no debt",0.01570247933884177,0.01509179519832115,unpublished
Cohen1099,History,"female, upper class, no info",-0.00895522388059754,0.02472058324349191,unpublished
Cohen1099,History,"female, working class, no debt",0.00151515151515161,0.02942821627084957,unpublished
Cohen1099,History,"female, working class, no info",-0.02380952380952441,0.02334827161330988,unpublished
Cohen1099,History,"female, working class, student loans",-0.04054054054054013,0.00931317256041652,unpublished
Cohen1099,History,"male, upper class, no debt",0.04062500000000028,0.02517604804378515,unpublished
Cohen1099,History,"male, upper class, no info",-0.00746268656716463,0.03529725857597254,unpublished
Cohen1099,History,"male, upper class, student loans",0.00519480519480575,0.00103202253593259,unpublished
Cohen1099,History,"male, working class, no debt",-0.02463768115942001,0.04272831695549206,unpublished
Cohen1099,History,"male, working class, no info",0.00743801652892667,0.03843888501061465,unpublished
Cohen1099,History,"male, working class, student loans",-0.05409836065573702,0.00971579002954714,unpublished
Cohen1099,History,"female, upper class, no debt",0.01418732782368906,-0.01433642107252841,unpublished
Cohen1099,History,"female, upper class, no info",-0.01047037539575025,-0.00470763302735766,unpublished
Cohen1099,History,"female, upper class, student loans",-0.00151515151515239,-0.02942821627084957,unpublished
Cohen1099,History,"female, working class, no info",-0.02532467532467589,-0.00607994465753969,unpublished
Cohen1099,History,"female, working class, student loans",-0.04205569205569277,-0.02011504371043304,unpublished
Cohen1099,History,"male, upper class, no debt",0.03910984848484661,-0.00425216822706442,unpublished
Cohen1099,History,"male, upper class, no info",-0.00897783808231744,0.00586904230512297,unpublished
Cohen1099,History,"male, upper class, student loans",0.00367965367965288,-0.02839619373491697,unpublished
Cohen1099,History,"male, working class, no debt",-0.02615283267457335,0.01330010068464249,unpublished
Cohen1099,History,"male, working class, no info",0.00592286501377269,0.00901066873976508,unpublished
Cohen1099,History,"male, working class, student loans",-0.05561351217088923,-0.01971242624130242,unpublished
Cohen1099,History,"female, upper class, no debt",0.03951200314836494,-0.00825647641498872,unpublished
Cohen1099,History,"female, upper class, no info",0.01485429992892563,0.00137231163018203,unpublished
Cohen1099,History,"female, upper class, student loans",0.02380952380952282,-0.02334827161330988,unpublished
Cohen1099,History,"female, working class, no debt",0.02532467532467443,0.00607994465753969,unpublished
Cohen1099,History,"female, working class, student loans",-0.01673101673101668,-0.01403509905289335,unpublished
Cohen1099,History,"male, upper class, no debt",0.06443452380952275,0.00182777643047526,unpublished
Cohen1099,History,"male, upper class, no info",0.01634683724235807,0.01194898696266266,unpublished
Cohen1099,History,"male, upper class, student loans",0.02900432900432868,-0.02231624907737728,unpublished
Cohen1099,History,"male, working class, no debt",-0.0008281573498968278,0.01938004534218218,unpublished
Cohen1099,History,"male, working class, no info",0.03124754033844837,0.01509061339730477,unpublished
Cohen1099,History,"male, working class, student loans",-0.03028883684621418,-0.01363248158376273,unpublished
Cohen1099,History,"female, upper class, no debt",0.05624301987938219,0.00577862263790462,unpublished
Cohen1099,History,"female, upper class, no info",0.03158531665994289,0.01540741068307538,unpublished
Cohen1099,History,"female, upper class, student loans",0.04054054054053963,-0.00931317256041652,unpublished
Cohen1099,History,"female, working class, no debt",0.04205569205569152,0.02011504371043304,unpublished
Cohen1099,History,"female, working class, no info",0.01673101673101697,0.01403509905289335,unpublished
Cohen1099,History,"male, upper class, no debt",0.08116554054053725,0.01586287548336862,unpublished
Cohen1099,History,"male, upper class, no info",0.03307785397337675,0.02598408601555601,unpublished
Cohen1099,History,"male, upper class, student loans",0.04573534573534512,-0.00828115002448393,unpublished
Cohen1099,History,"male, working class, no debt",0.01590285938112071,0.03341514439507553,unpublished
Cohen1099,History,"male, working class, no info",0.04797855706946723,0.02912571245019812,unpublished
Cohen1099,History,"male, working class, student loans",-0.01355782011519659,0.0004026174691306173,unpublished
Cohen1099,History,"female, upper class, no debt",-0.02492252066115794,-0.01008425284546399,unpublished
Cohen1099,History,"female, upper class, no info",-0.04958022388059727,-0.0004554648002932371,unpublished
Cohen1099,History,"female, upper class, student loans",-0.04062499999999838,-0.02517604804378515,unpublished
Cohen1099,History,"female, working class, no debt",-0.03910984848484782,0.00425216822706442,unpublished
Cohen1099,History,"female, working class, no info",-0.06443452380952303,-0.00182777643047526,unpublished
Cohen1099,History,"female, working class, student loans",-0.08116554054053991,-0.01586287548336862,unpublished
Cohen1099,History,"male, upper class, no info",-0.04808768656716265,0.01012121053218739,unpublished
Cohen1099,History,"male, upper class, student loans",-0.03543019480519412,-0.02414402550785255,unpublished
Cohen1099,History,"male, working class, no debt",-0.06526268115941951,0.01755226891170691,unpublished
Cohen1099,History,"male, working class, no info",-0.03318698347107381,0.0132628369668295,unpublished
Cohen1099,History,"male, working class, student loans",-0.09472336065573604,-0.015460258014238,unpublished
Cohen1099,History,"female, upper class, no debt",0.02316516590600737,-0.02020546337765139,unpublished
Cohen1099,History,"female, upper class, no info",-0.00149253731343193,-0.01057667533248063,unpublished
Cohen1099,History,"female, upper class, student loans",0.00746268656716568,-0.03529725857597254,unpublished
Cohen1099,History,"female, working class, no debt",0.00897783808231702,-0.00586904230512297,unpublished
Cohen1099,History,"female, working class, no info",-0.01634683724235778,-0.01194898696266266,unpublished
Cohen1099,History,"female, working class, student loans",-0.0330778539733748,-0.02598408601555601,unpublished
Cohen1099,History,"male, upper class, no debt",0.0480876865671665,-0.01012121053218739,unpublished
Cohen1099,History,"male, upper class, student loans",0.01265749176197127,-0.03426523604003995,unpublished
Cohen1099,History,"male, working class, no debt",-0.0171749945922534,0.00743105837951951,unpublished
Cohen1099,History,"male, working class, no info",0.01490070309609148,0.0031416264346421,unpublished
Cohen1099,History,"male, working class, student loans",-0.04663567408857264,-0.0255814685464254,unpublished
Cohen1099,History,"female, upper class, no debt",0.0105076741440368,0.01405977266238855,unpublished
Cohen1099,History,"female, upper class, no info",-0.01415002907540251,0.02368856070755931,unpublished
Cohen1099,History,"female, upper class, student loans",-0.00519480519480456,-0.00103202253593259,unpublished
Cohen1099,History,"female, working class, no debt",-0.00367965367965342,0.02839619373491697,unpublished
Cohen1099,History,"female, working class, no info",-0.02900432900432833,0.02231624907737728,unpublished
Cohen1099,History,"female, working class, student loans",-0.04573534573534533,0.00828115002448393,unpublished
Cohen1099,History,"male, upper class, no debt",0.03543019480519593,0.02414402550785255,unpublished
Cohen1099,History,"male, upper class, no info",-0.01265749176196978,0.03426523604003995,unpublished
Cohen1099,History,"male, working class, no debt",-0.02983248635422415,0.04169629441955946,unpublished
Cohen1099,History,"male, working class, no info",0.00224321133412071,0.03740686247468206,unpublished
Cohen1099,History,"male, working class, student loans",-0.05929316585054211,0.00868376749361454,unpublished
Cohen1099,History,"female, upper class, no debt",0.04034016049826209,-0.0276365217571709,unpublished
Cohen1099,History,"female, upper class, no info",0.01568245727882277,-0.01800773371200015,unpublished
Cohen1099,History,"female, upper class, student loans",0.02463768115941993,-0.04272831695549206,unpublished
Cohen1099,History,"female, working class, no debt",0.02615283267457157,-0.01330010068464249,unpublished
Cohen1099,History,"female, working class, no info",0.0008281573498968911,-0.01938004534218218,unpublished
Cohen1099,History,"female, working class, student loans",-0.01590285938112017,-0.03341514439507553,unpublished
Cohen1099,History,"male, upper class, no debt",0.06526268115942124,-0.01755226891170691,unpublished
Cohen1099,History,"male, upper class, no info",0.0171749945922548,-0.00743105837951951,unpublished
Cohen1099,History,"male, upper class, student loans",0.02983248635422572,-0.04169629441955946,unpublished
Cohen1099,History,"male, working class, no info",0.03207569768834583,-0.0042894319448774,unpublished
Cohen1099,History,"male, working class, student loans",-0.02946067949631686,-0.03301252692594492,unpublished
Cohen1099,History,"female, upper class, no debt",0.00826446280991572,-0.02334708981229349,unpublished
Cohen1099,History,"female, upper class, no info",-0.01639324040952359,-0.01371830176712274,unpublished
Cohen1099,History,"female, upper class, student loans",-0.00743801652892558,-0.03843888501061465,unpublished
Cohen1099,History,"female, working class, no debt",-0.00592286501377448,-0.00901066873976508,unpublished
Cohen1099,History,"female, working class, no info",-0.03124754033844941,-0.01509061339730477,unpublished
Cohen1099,History,"female, working class, student loans",-0.04797855706946639,-0.02912571245019812,unpublished
Cohen1099,History,"male, upper class, no debt",0.03318698347107484,-0.0132628369668295,unpublished
Cohen1099,History,"male, upper class, no info",-0.0149007030960908,-0.0031416264346421,unpublished
Cohen1099,History,"male, upper class, student loans",-0.00224321133412018,-0.03740686247468206,unpublished
Cohen1099,History,"male, working class, no debt",-0.03207569768834616,0.0042894319448774,unpublished
Cohen1099,History,"male, working class, student loans",-0.06153637718466356,-0.02872309498106751,unpublished
Cohen1099,History,"female, upper class, no debt",0.06980083999457926,0.00537600516877401,unpublished
Cohen1099,History,"female, upper class, no info",0.04514313677513994,0.01500479321394476,unpublished
Cohen1099,History,"female, upper class, student loans",0.05409836065573632,-0.00971579002954714,unpublished
Cohen1099,History,"female, working class, no debt",0.05561351217088844,0.01971242624130242,unpublished
Cohen1099,History,"female, working class, no info",0.03028883684621399,0.01363248158376273,unpublished
Cohen1099,History,"female, working class, student loans",0.01355782011519685,-0.0004026174691306173,unpublished
Cohen1099,History,"male, upper class, no debt",0.09472336065573844,0.015460258014238,unpublished
Cohen1099,History,"male, upper class, no info",0.04663567408857126,0.0255814685464254,unpublished
Cohen1099,History,"male, upper class, student loans",0.05929316585054246,-0.00868376749361454,unpublished
Cohen1099,History,"male, working class, no debt",0.02946067949631715,0.03301252692594492,unpublished
Cohen1099,History,"male, working class, no info",0.06153637718466289,0.02872309498106751,unpublished
Cohen1099,Nursing,"female, upper class, no info",-0.06068038949833464,-0.01052832612068954,unpublished
Cohen1099,Nursing,"female, upper class, student loans",-0.0346621063804702,0.00266293402154871,unpublished
Cohen1099,Nursing,"female, working class, no debt",0.1097609811037393,0.04593147047280843,unpublished
Cohen1099,Nursing,"female, working class, no info",0.05160031225604675,0.04703518512737981,unpublished
Cohen1099,Nursing,"female, working class, student loans",0.09595778127105234,0.03062867503100053,unpublished
Cohen1099,Nursing,"male, upper class, no debt",-0.1238149701359766,-0.04966918718330798,unpublished
Cohen1099,Nursing,"male, upper class, no info",-0.1629360285960917,-0.04535673863987583,unpublished
Cohen1099,Nursing,"male, upper class, student loans",-0.1644594449801809,-0.02908100239525113,unpublished
Cohen1099,Nursing,"male, working class, no debt",0.0002273543137478545,-0.00698878633060762,unpublished
Cohen1099,Nursing,"male, working class, no info",0.01238462598153963,0.01579614946372709,unpublished
Cohen1099,Nursing,"male, working class, student loans",-0.0001999200319877426,-0.01806212400154883,unpublished
Cohen1099,Nursing,"female, upper class, no debt",0.06068038949833643,0.01052832612068954,unpublished
Cohen1099,Nursing,"female, upper class, student loans",0.02601828311786657,0.01319126014223826,unpublished
Cohen1099,Nursing,"female, working class, no debt",0.1704413706020773,0.05645979659349798,unpublished
Cohen1099,Nursing,"female, working class, no info",0.112280701754387,0.05756351124806935,unpublished
Cohen1099,Nursing,"female, working class, student loans",0.1566381707693887,0.04115700115169007,unpublished
Cohen1099,Nursing,"male, upper class, no debt",-0.0631345806376392,-0.03914086106261844,unpublished
Cohen1099,Nursing,"male, upper class, no info",-0.1022556390977465,-0.03482841251918628,unpublished
Cohen1099,Nursing,"male, upper class, student loans",-0.1037790554818416,-0.01855267627456158,unpublished
Cohen1099,Nursing,"male, working class, no debt",0.06090774381208479,0.00353953979008192,unpublished
Cohen1099,Nursing,"male, working class, no info",0.07306501547987558,0.02632447558441664,unpublished
Cohen1099,Nursing,"male, working class, student loans",0.06048046946634778,-0.00753379788085928,unpublished
Cohen1099,Nursing,"female, upper class, no debt",0.03466210638046712,-0.00266293402154871,unpublished
Cohen1099,Nursing,"female, upper class, no info",-0.02601828311786898,-0.01319126014223826,unpublished
Cohen1099,Nursing,"female, working class, no debt",0.1444230874842091,0.04326853645125972,unpublished
Cohen1099,Nursing,"female, working class, no info",0.08626241863651504,0.04437225110583109,unpublished
Cohen1099,Nursing,"female, working class, student loans",0.1306198876515198,0.02796574100945181,unpublished
Cohen1099,Nursing,"male, upper class, no debt",-0.08915286375550988,-0.05233212120485669,unpublished
Cohen1099,Nursing,"male, upper class, no info",-0.1282739222156229,-0.04801967266142454,unpublished
Cohen1099,Nursing,"male, upper class, student loans",-0.129797338599711,-0.03174393641679984,unpublished
Cohen1099,Nursing,"male, working class, no debt",0.03488946069421635,-0.00965172035215633,unpublished
Cohen1099,Nursing,"male, working class, no info",0.04704673236200816,0.01313321544217838,unpublished
Cohen1099,Nursing,"male, working class, student loans",0.03446218634848053,-0.02072505802309754,unpublished
Cohen1099,Nursing,"female, upper class, no debt",-0.1097609811037371,-0.04593147047280843,unpublished
Cohen1099,Nursing,"female, upper class, no info",-0.1704413706020727,-0.05645979659349798,unpublished
Cohen1099,Nursing,"female, upper class, student loans",-0.144423087484206,-0.04326853645125972,unpublished
Cohen1099,Nursing,"female, working class, no info",-0.05816066884768981,0.00110371465457137,unpublished
Cohen1099,Nursing,"female, working class, student loans",-0.01380319983268401,-0.0153027954418079,unpublished
Cohen1099,Nursing,"male, upper class, no debt",-0.2335759512397123,-0.09560065765611642,unpublished
Cohen1099,Nursing,"male, upper class, no info",-0.2726970096998196,-0.09128820911268426,unpublished
Cohen1099,Nursing,"male, upper class, student loans",-0.2742204260839149,-0.07501247286805957,unpublished
Cohen1099,Nursing,"male, working class, no debt",-0.1095336267899908,-0.05292025680341605,unpublished
Cohen1099,Nursing,"male, working class, no info",-0.09737635512220164,-0.03013532100908134,unpublished
Cohen1099,Nursing,"male, working class, student loans",-0.1099609011357272,-0.06399359447435726,unpublished
Cohen1099,Nursing,"female, upper class, no debt",-0.0516003122560491,-0.04703518512737981,unpublished
Cohen1099,Nursing,"female, upper class, no info",-0.1122807017543849,-0.05756351124806935,unpublished
Cohen1099,Nursing,"female, upper class, student loans",-0.08626241863651816,-0.04437225110583109,unpublished
Cohen1099,Nursing,"female, working class, no debt",0.05816066884769193,-0.00110371465457137,unpublished
Cohen1099,Nursing,"female, working class, student loans",0.04435746901500221,-0.01640651009637928,unpublished
Cohen1099,Nursing,"male, upper class, no debt",-0.1754152823920258,-0.0967043723106878,unpublished
Cohen1099,Nursing,"male, upper class, no info",-0.2145363408521341,-0.09239192376725563,unpublished
Cohen1099,Nursing,"male, upper class, student loans",-0.2160597572362245,-0.07611618752263094,unpublished
Cohen1099,Nursing,"male, working class, no debt",-0.05137295794230256,-0.05402397145798743,unpublished
Cohen1099,Nursing,"male, working class, no info",-0.03921568627451249,-0.03123903566365271,unpublished
Cohen1099,Nursing,"male, working class, student loans",-0.05180023228803938,-0.06509730912892864,unpublished
Cohen1099,Nursing,"female, upper class, no debt",-0.09595778127105196,-0.03062867503100053,unpublished
Cohen1099,Nursing,"female, upper class, no info",-0.1566381707693875,-0.04115700115169007,unpublished
Cohen1099,Nursing,"female, upper class, student loans",-0.1306198876515209,-0.02796574100945181,unpublished
Cohen1099,Nursing,"female, working class, no debt",0.01380319983268885,0.0153027954418079,unpublished
Cohen1099,Nursing,"female, working class, no info",-0.04435746901500393,0.01640651009637928,unpublished
Cohen1099,Nursing,"male, upper class, no debt",-0.2197727514070298,-0.08029786221430851,unpublished
Cohen1099,Nursing,"male, upper class, no info",-0.2588938098671332,-0.07598541367087636,unpublished
Cohen1099,Nursing,"male, upper class, student loans",-0.2604172262512328,-0.05970967742625166,unpublished
Cohen1099,Nursing,"male, working class, no debt",-0.09573042695730476,-0.03761746136160815,unpublished
Cohen1099,Nursing,"male, working class, no info",-0.08357315528951505,-0.01483252556727343,unpublished
Cohen1099,Nursing,"male, working class, student loans",-0.09615770130304152,-0.04869079903254936,unpublished
Cohen1099,Nursing,"female, upper class, no debt",0.1238149701359764,0.04966918718330798,unpublished
Cohen1099,Nursing,"female, upper class, no info",0.06313458063763994,0.03914086106261844,unpublished
Cohen1099,Nursing,"female, upper class, student loans",0.08915286375550688,0.05233212120485669,unpublished
Cohen1099,Nursing,"female, working class, no debt",0.2335759512397184,0.09560065765611642,unpublished
Cohen1099,Nursing,"female, working class, no info",0.1754152823920297,0.0967043723106878,unpublished
Cohen1099,Nursing,"female, working class, student loans",0.2197727514070273,0.08029786221430851,unpublished
Cohen1099,Nursing,"male, upper class, no info",-0.03912105846010675,0.00431244854343215,unpublished
Cohen1099,Nursing,"male, upper class, student loans",-0.04064447484420265,0.02058818478805685,unpublished
Cohen1099,Nursing,"male, working class, no debt",0.1240423244497251,0.04268040085270036,unpublished
Cohen1099,Nursing,"male, working class, no info",0.1361995961175163,0.06546533664703508,unpublished
Cohen1099,Nursing,"male, working class, student loans",0.1236150501039897,0.03160706318175915,unpublished
Cohen1099,Nursing,"female, upper class, no debt",0.1629360285960812,0.04535673863987583,unpublished
Cohen1099,Nursing,"female, upper class, no info",0.1022556390977446,0.03482841251918628,unpublished
Cohen1099,Nursing,"female, upper class, student loans",0.1282739222156116,0.04801967266142454,unpublished
Cohen1099,Nursing,"female, working class, no debt",0.2726970096998234,0.09128820911268426,unpublished
Cohen1099,Nursing,"female, working class, no info",0.2145363408521354,0.09239192376725563,unpublished
Cohen1099,Nursing,"female, working class, student loans",0.2588938098671321,0.07598541367087636,unpublished
Cohen1099,Nursing,"male, upper class, no debt",0.03912105846010431,-0.00431244854343215,unpublished
Cohen1099,Nursing,"male, upper class, student loans",-0.00152341638409822,0.01627573624462469,unpublished
Cohen1099,Nursing,"male, working class, no debt",0.16316338290983,0.0383679523092682,unpublished
Cohen1099,Nursing,"male, working class, no info",0.1753206545776237,0.06115288810360292,unpublished
Cohen1099,Nursing,"male, working class, student loans",0.1627361085640924,0.02729461463832699,unpublished
Cohen1099,Nursing,"female, upper class, no debt",0.1644594449801751,0.02908100239525113,unpublished
Cohen1099,Nursing,"female, upper class, no info",0.1037790554818385,0.01855267627456158,unpublished
Cohen1099,Nursing,"female, upper class, student loans",0.1297973385997055,0.03174393641679984,unpublished
Cohen1099,Nursing,"female, working class, no debt",0.2742204260839173,0.07501247286805957,unpublished
Cohen1099,Nursing,"female, working class, no info",0.2160597572362294,0.07611618752263094,unpublished
Cohen1099,Nursing,"female, working class, student loans",0.260417226251226,0.05970967742625166,unpublished
Cohen1099,Nursing,"male, upper class, no debt",0.04064447484419815,-0.02058818478805685,unpublished
Cohen1099,Nursing,"male, upper class, no info",0.00152341638408964,-0.01627573624462469,unpublished
Cohen1099,Nursing,"male, working class, no debt",0.1646867992939242,0.02209221606464351,unpublished
Cohen1099,Nursing,"male, working class, no info",0.1768440709617143,0.04487715185897822,unpublished
Cohen1099,Nursing,"male, working class, student loans",0.1642595249481881,0.0110188783937023,unpublished
Cohen1099,Nursing,"female, upper class, no debt",-0.0002273543137495727,0.00698878633060762,unpublished
Cohen1099,Nursing,"female, upper class, no info",-0.06090774381208553,-0.00353953979008192,unpublished
Cohen1099,Nursing,"female, upper class, student loans",-0.03488946069421877,0.00965172035215633,unpublished
Cohen1099,Nursing,"female, working class, no debt",0.1095336267899918,0.05292025680341605,unpublished
Cohen1099,Nursing,"female, working class, no info",0.05137295794230075,0.05402397145798743,unpublished
Cohen1099,Nursing,"female, working class, student loans",0.09573042695730116,0.03761746136160815,unpublished
Cohen1099,Nursing,"male, upper class, no debt",-0.124042324449727,-0.04268040085270036,unpublished
Cohen1099,Nursing,"male, upper class, no info",-0.1631633829098295,-0.0383679523092682,unpublished
Cohen1099,Nursing,"male, upper class, student loans",-0.1646867992939315,-0.02209221606464351,unpublished
Cohen1099,Nursing,"male, working class, no info",0.01215727166778867,0.02278493579433471,unpublished
Cohen1099,Nursing,"male, working class, student loans",-0.0004272743457387656,-0.0110733376709412,unpublished
Cohen1099,Nursing,"female, upper class, no debt",-0.01238462598154098,-0.01579614946372709,unpublished
Cohen1099,Nursing,"female, upper class, no info",-0.0730650154798769,-0.02632447558441664,unpublished
Cohen1099,Nursing,"female, upper class, student loans",-0.04704673236201015,-0.01313321544217838,unpublished
Cohen1099,Nursing,"female, working class, no debt",0.09737635512220026,0.03013532100908134,unpublished
Cohen1099,Nursing,"female, working class, no info",0.03921568627450902,0.03123903566365271,unpublished
Cohen1099,Nursing,"female, working class, student loans",0.08357315528950972,0.01483252556727343,unpublished
Cohen1099,Nursing,"male, upper class, no debt",-0.1361995961175184,-0.06546533664703508,unpublished
Cohen1099,Nursing,"male, upper class, no info",-0.1753206545776205,-0.06115288810360292,unpublished
Cohen1099,Nursing,"male, upper class, student loans",-0.1768440709617232,-0.04487715185897822,unpublished
Cohen1099,Nursing,"male, working class, no debt",-0.01215727166779426,-0.02278493579433471,unpublished
Cohen1099,Nursing,"male, working class, student loans",-0.01258454601353011,-0.03385827346527592,unpublished
Cohen1099,Nursing,"female, upper class, no debt",0.0001999200319859529,0.01806212400154883,unpublished
Cohen1099,Nursing,"female, upper class, no info",-0.06048046946635,0.00753379788085928,unpublished
Cohen1099,Nursing,"female, upper class, student loans",-0.03446218634848324,0.02072505802309754,unpublished
Cohen1099,Nursing,"female, working class, no debt",0.1099609011357273,0.06399359447435726,unpublished
Cohen1099,Nursing,"female, working class, no info",0.05180023228803628,0.06509730912892864,unpublished
Cohen1099,Nursing,"female, working class, student loans",0.09615770130303666,0.04869079903254936,unpublished
Cohen1099,Nursing,"male, upper class, no debt",-0.1236150501039915,-0.03160706318175915,unpublished
Cohen1099,Nursing,"male, upper class, no info",-0.162736108564094,-0.02729461463832699,unpublished
Cohen1099,Nursing,"male, upper class, student loans",-0.164259524948196,-0.0110188783937023,unpublished
Cohen1099,Nursing,"male, working class, no debt",0.0004272743457328562,0.0110733376709412,unpublished
Cohen1099,Nursing,"male, working class, no info",0.01258454601352392,0.03385827346527592,unpublished
Connors1226,rate_democrats,Friends Reminder,-0.0374931453192317,0.01170287144687753,unpublished
Connors1226,rate_democrats,Private Reminder,-0.01773405314862464,0.00674837808341766,unpublished
Connors1226,rate_democrats,Published Reminder,-0.01791907776794374,0.0005233784744613779,unpublished
Connors1226,rate_democrats,Control,0.03749314531923285,-0.01170287144687753,unpublished
Connors1226,rate_democrats,Private Reminder,0.01975909217060667,-0.00495449336345987,unpublished
Connors1226,rate_democrats,Published Reminder,0.01957406755128808,-0.01117949297241616,unpublished
Connors1226,rate_democrats,Control,0.0177340531486264,-0.00674837808341766,unpublished
Connors1226,rate_democrats,Friends Reminder,-0.01975909217060754,0.00495449336345987,unpublished
Connors1226,rate_democrats,Published Reminder,-0.0001850246193182488,-0.00622499960895628,unpublished
Connors1226,rate_democrats,Control,0.01791907776794443,-0.0005233784744613779,unpublished
Connors1226,rate_democrats,Friends Reminder,-0.0195740675512895,0.01117949297241616,unpublished
Connors1226,rate_democrats,Private Reminder,0.0001850246193178243,0.00622499960895628,unpublished
Connors1226,rate_republicans,Friends Reminder,0.04877051796844606,0.00305558291337471,unpublished
Connors1226,rate_republicans,Private Reminder,0.02497362042154948,-0.00262309391019821,unpublished
Connors1226,rate_republicans,Published Reminder,0.03629988558575384,-0.00383363195106745,unpublished
Connors1226,rate_republicans,Control,-0.04877051796845246,-0.00305558291337471,unpublished
Connors1226,rate_republicans,Private Reminder,-0.02379689754689593,-0.00567867682357292,unpublished
Connors1226,rate_republicans,Published Reminder,-0.0124706323826918,-0.00688921486444216,unpublished
Connors1226,rate_republicans,Control,-0.02497362042155423,0.00262309391019821,unpublished
Connors1226,rate_republicans,Friends Reminder,0.02379689754689852,0.00567867682357292,unpublished
Connors1226,rate_republicans,Published Reminder,0.01132626516420575,-0.00121053804086923,unpublished
Connors1226,rate_republicans,Control,-0.03629988558575918,0.00383363195106745,unpublished
Connors1226,rate_republicans,Friends Reminder,0.01247063238269389,0.00688921486444216,unpublished
Connors1226,rate_republicans,Private Reminder,-0.01132626516420321,0.00121053804086923,unpublished
Connors1226,trust_democrats,Friends Reminder,-0.03616386365423382,0.01500881735597892,unpublished
Connors1226,trust_democrats,Private Reminder,-0.02170365953978566,-0.00236741561108422,unpublished
Connors1226,trust_democrats,Published Reminder,-0.03006203642284426,0.00331120471011525,unpublished
Connors1226,trust_democrats,Control,0.03616386365423409,-0.01500881735597892,unpublished
Connors1226,trust_democrats,Private Reminder,0.01446020411444766,-0.01737623296706314,unpublished
Connors1226,trust_democrats,Published Reminder,0.00610182723138925,-0.01169761264586366,unpublished
Connors1226,trust_democrats,Control,0.02170365953978504,0.00236741561108422,unpublished
Connors1226,trust_democrats,Friends Reminder,-0.01446020411444767,0.01737623296706314,unpublished
Connors1226,trust_democrats,Published Reminder,-0.00835837688305817,0.00567862032119947,unpublished
Connors1226,trust_democrats,Control,0.03006203642284339,-0.00331120471011525,unpublished
Connors1226,trust_democrats,Friends Reminder,-0.00610182723139033,0.01169761264586366,unpublished
Connors1226,trust_democrats,Private Reminder,0.00835837688305701,-0.00567862032119947,unpublished
Connors1226,trust_republicans,Friends Reminder,0.04192465463247491,0.01072594117764258,unpublished
Connors1226,trust_republicans,Private Reminder,0.01332089552238615,-0.0009268074665805814,unpublished
Connors1226,trust_republicans,Published Reminder,0.0248415767875923,0.00641465788440454,unpublished
Connors1226,trust_republicans,Control,-0.04192465463247403,-0.01072594117764258,unpublished
Connors1226,trust_republicans,Private Reminder,-0.02860375911008799,-0.01165274864422316,unpublished
Connors1226,trust_republicans,Published Reminder,-0.01708307784488109,-0.00431128329323804,unpublished
Connors1226,trust_republicans,Control,-0.0133208955223852,0.0009268074665805814,unpublished
Connors1226,trust_republicans,Friends Reminder,0.02860375911008906,0.01165274864422316,unpublished
Connors1226,trust_republicans,Published Reminder,0.01152068126520705,0.00734146535098512,unpublished
Connors1226,trust_republicans,Control,-0.02484157678759255,-0.00641465788440454,unpublished
Connors1226,trust_republicans,Friends Reminder,0.01708307784488168,0.00431128329323804,unpublished
Connors1226,trust_republicans,Private Reminder,-0.01152068126520711,-0.00734146535098512,unpublished
CorstangeBRIEF69,welcome_refugees,Group 2,-0.0004305396096431011,0.00354015094178933,unpublished
CorstangeBRIEF69,welcome_refugees,Group 3,0.02724358974358942,0.00517753741168613,unpublished
CorstangeBRIEF69,welcome_refugees,Group 4,0.02419480925578519,0.01816601467104595,unpublished
CorstangeBRIEF69,welcome_refugees,Group 5,0.03330419580419831,0.00521756094883119,unpublished
CorstangeBRIEF69,welcome_refugees,Group 6,0.00666745805634871,0.01721035491776268,unpublished
CorstangeBRIEF69,welcome_refugees,Group 7,0.02205552229871427,0.02617557718237728,unpublished
CorstangeBRIEF69,welcome_refugees,Group 8,0.00997931351517198,0.01541469489227881,unpublished
CorstangeBRIEF69,welcome_refugees,Group 1,0.0004305396096409712,-0.00354015094178933,unpublished
CorstangeBRIEF69,welcome_refugees,Group 3,0.02767412935323186,0.0016373864698968,unpublished
CorstangeBRIEF69,welcome_refugees,Group 4,0.02462534886542539,0.01462586372925661,unpublished
CorstangeBRIEF69,welcome_refugees,Group 5,0.03373473541383691,0.00167741000704185,unpublished
CorstangeBRIEF69,welcome_refugees,Group 6,0.00709799766598835,0.01367020397597335,unpublished
CorstangeBRIEF69,welcome_refugees,Group 7,0.02248606190835356,0.02263542624058795,unpublished
CorstangeBRIEF69,welcome_refugees,Group 8,0.0104098531248112,0.01187454395048948,unpublished
CorstangeBRIEF69,welcome_refugees,Group 1,-0.02724358974358835,-0.00517753741168613,unpublished
CorstangeBRIEF69,welcome_refugees,Group 2,-0.02767412935323218,-0.0016373864698968,unpublished
CorstangeBRIEF69,welcome_refugees,Group 4,-0.00304878048780695,0.01298847725935981,unpublished
CorstangeBRIEF69,welcome_refugees,Group 5,0.00606060606060789,4.00235371450508e-05,unpublished
CorstangeBRIEF69,welcome_refugees,Group 6,-0.0205761316872411,0.01203281750607654,unpublished
CorstangeBRIEF69,welcome_refugees,Group 7,-0.00518806744487413,0.02099803977069114,unpublished
CorstangeBRIEF69,welcome_refugees,Group 8,-0.01726427622841842,0.01023715748059267,unpublished
CorstangeBRIEF69,welcome_refugees,Group 1,-0.02419480925578432,-0.01816601467104595,unpublished
CorstangeBRIEF69,welcome_refugees,Group 2,-0.02462534886542801,-0.01462586372925661,unpublished
CorstangeBRIEF69,welcome_refugees,Group 3,0.0030487804878053,-0.01298847725935981,unpublished
CorstangeBRIEF69,welcome_refugees,Group 5,0.00910938654841095,-0.01294845372221475,unpublished
CorstangeBRIEF69,welcome_refugees,Group 6,-0.01752735119943872,-0.0009556597532832668,unpublished
CorstangeBRIEF69,welcome_refugees,Group 7,-0.00213928695707125,0.00800956251133133,unpublished
CorstangeBRIEF69,welcome_refugees,Group 8,-0.01421549574061412,-0.00275131977876713,unpublished
CorstangeBRIEF69,welcome_refugees,Group 1,-0.03330419580419519,-0.00521756094883119,unpublished
CorstangeBRIEF69,welcome_refugees,Group 2,-0.03373473541383928,-0.00167741000704185,unpublished
CorstangeBRIEF69,welcome_refugees,Group 3,-0.00606060606060602,-4.00235371450508e-05,unpublished
CorstangeBRIEF69,welcome_refugees,Group 4,-0.00910938654841144,0.01294845372221475,unpublished
CorstangeBRIEF69,welcome_refugees,Group 6,-0.02663673774784922,0.01199279396893149,unpublished
CorstangeBRIEF69,welcome_refugees,Group 7,-0.0112486735054831,0.02095801623354609,unpublished
CorstangeBRIEF69,welcome_refugees,Group 8,-0.02332488228902505,0.01019713394344762,unpublished
CorstangeBRIEF69,welcome_refugees,Group 1,-0.00666745805634771,-0.01721035491776268,unpublished
CorstangeBRIEF69,welcome_refugees,Group 2,-0.00709799766599061,-0.01367020397597335,unpublished
CorstangeBRIEF69,welcome_refugees,Group 3,0.02057613168724281,-0.01203281750607654,unpublished
CorstangeBRIEF69,welcome_refugees,Group 4,0.01752735119943623,0.0009556597532832668,unpublished
CorstangeBRIEF69,welcome_refugees,Group 5,0.02663673774784818,-0.01199279396893149,unpublished
CorstangeBRIEF69,welcome_refugees,Group 7,0.01538806424236561,0.0089652222646146,unpublished
CorstangeBRIEF69,welcome_refugees,Group 8,0.00331185545882252,-0.00179566002548386,unpublished
CorstangeBRIEF69,welcome_refugees,Group 1,-0.02205552229871423,-0.02617557718237728,unpublished
CorstangeBRIEF69,welcome_refugees,Group 2,-0.02248606190835782,-0.02263542624058795,unpublished
CorstangeBRIEF69,welcome_refugees,Group 3,0.0051880674448755,-0.02099803977069114,unpublished
CorstangeBRIEF69,welcome_refugees,Group 4,0.00213928695706959,-0.00800956251133133,unpublished
CorstangeBRIEF69,welcome_refugees,Group 5,0.01124867350548105,-0.02095801623354609,unpublished
CorstangeBRIEF69,welcome_refugees,Group 6,-0.01538806424236784,-0.0089652222646146,unpublished
CorstangeBRIEF69,welcome_refugees,Group 8,-0.01207620878354519,-0.01076088229009847,unpublished
CorstangeBRIEF69,welcome_refugees,Group 1,-0.00997931351517142,-0.01541469489227881,unpublished
CorstangeBRIEF69,welcome_refugees,Group 2,-0.01040985312481446,-0.01187454395048948,unpublished
CorstangeBRIEF69,welcome_refugees,Group 3,0.01726427622841894,-0.01023715748059267,unpublished
CorstangeBRIEF69,welcome_refugees,Group 4,0.0142154957406125,0.00275131977876713,unpublished
CorstangeBRIEF69,welcome_refugees,Group 5,0.02332488228902434,-0.01019713394344762,unpublished
CorstangeBRIEF69,welcome_refugees,Group 6,-0.00331185545882447,0.00179566002548386,unpublished
CorstangeBRIEF69,welcome_refugees,Group 7,0.01207620878354115,0.01076088229009847,unpublished
FaheyS78,cancel culture,Conservative * No Cancel,0.0205321534157424,-0.03484758883138306,unpublished
FaheyS78,cancel culture,Liberal * Cancel,0.00878175136966702,-0.0738034493284539,unpublished
FaheyS78,cancel culture,Liberal * No Cancel,-0.04001534897310071,-0.09485786183512646,unpublished
FaheyS78,cancel culture,Conservative * Cancel,-0.02053215341574252,0.03484758883138306,unpublished
FaheyS78,cancel culture,Liberal * Cancel,-0.01175040204607477,-0.03895586049707084,unpublished
FaheyS78,cancel culture,Liberal * No Cancel,-0.06054750238884224,-0.0600102730037434,unpublished
FaheyS78,cancel culture,Conservative * Cancel,-0.00878175136966594,0.0738034493284539,unpublished
FaheyS78,cancel culture,Conservative * No Cancel,0.01175040204607649,0.03895586049707084,unpublished
FaheyS78,cancel culture,Liberal * No Cancel,-0.04879710034276451,-0.02105441250667256,unpublished
FaheyS78,cancel culture,Conservative * Cancel,0.04001534897310006,0.09485786183512646,unpublished
FaheyS78,cancel culture,Conservative * No Cancel,0.06054750238884262,0.0600102730037434,unpublished
FaheyS78,cancel culture,Liberal * Cancel,0.04879710034276399,0.02105441250667256,unpublished
HamiltonS31,belief_man_first,BOTH HAD BEEN DRINKING,-0.08928571428571473,-0.02610209622047188,unpublished
HamiltonS31,belief_man_first,CONSENT,-0.122422680412368,-0.05219943338039323,unpublished
HamiltonS31,belief_man_first,FIRST ALLEGATION AGAINST MAN,-0.4494680851063846,-0.06550508951622613,unpublished
HamiltonS31,belief_man_first,INAPPROPRIATE TOUCHING LANGUAGE,-0.1371359223300999,0.00992147409716681,unpublished
HamiltonS31,belief_man_first,MAN ACCUSER,-0.4244505494505601,-0.527656239287906,unpublished
HamiltonS31,belief_man_first,NEITHER HAD BEEN DRINKING,-0.07724719101123416,-0.02931423764104901,unpublished
HamiltonS31,belief_man_first,NOT THE FIRST ALLEGATION AGAINST MAN,0.01973684210526591,0.1521620016230042,unpublished
HamiltonS31,belief_man_first,RAPE LANGUAGE,-0.01944444444444178,-0.00410934570526055,unpublished
HamiltonS31,belief_man_first,SOFT DENIAL,-0.114999999999995,-0.0371175599203114,unpublished
HamiltonS31,belief_man_first,WOMAN ACCUSER,-0.03499999999999355,-0.04910431849252583,unpublished
HamiltonS31,belief_man_first,ATTEMPTED RAPE LANGUAGE,0.0892857142857088,0.02610209622047188,unpublished
HamiltonS31,belief_man_first,CONSENT,-0.03313696612665914,-0.02609733715992135,unpublished
HamiltonS31,belief_man_first,FIRST ALLEGATION AGAINST MAN,-0.3601823708206733,-0.03940299329575425,unpublished
HamiltonS31,belief_man_first,INAPPROPRIATE TOUCHING LANGUAGE,-0.04785020804438388,0.0360235703176387,unpublished
HamiltonS31,belief_man_first,MAN ACCUSER,-0.3351648351648496,-0.5015541430674341,unpublished
HamiltonS31,belief_man_first,NEITHER HAD BEEN DRINKING,0.01203852327447854,-0.00321214142057713,unpublished
HamiltonS31,belief_man_first,NOT THE FIRST ALLEGATION AGAINST MAN,0.1090225563909777,0.1782640978434761,unpublished
HamiltonS31,belief_man_first,RAPE LANGUAGE,0.06984126984126887,0.02199275051521132,unpublished
HamiltonS31,belief_man_first,SOFT DENIAL,-0.02571428571428449,-0.01101546369983952,unpublished
HamiltonS31,belief_man_first,WOMAN ACCUSER,0.05428571428571779,-0.02300222227205395,unpublished
HamiltonS31,belief_man_first,ATTEMPTED RAPE LANGUAGE,0.1224226804123644,0.05219943338039323,unpublished
HamiltonS31,belief_man_first,BOTH HAD BEEN DRINKING,0.03313696612665373,0.02609733715992135,unpublished
HamiltonS31,belief_man_first,FIRST ALLEGATION AGAINST MAN,-0.327045404694011,-0.0133056561358329,unpublished
HamiltonS31,belief_man_first,INAPPROPRIATE TOUCHING LANGUAGE,-0.01471324191772713,0.06212090747756005,unpublished
HamiltonS31,belief_man_first,MAN ACCUSER,-0.3020278690381907,-0.4754568059075127,unpublished
HamiltonS31,belief_man_first,NEITHER HAD BEEN DRINKING,0.04517548940113367,0.02288519573934422,unpublished
HamiltonS31,belief_man_first,NOT THE FIRST ALLEGATION AGAINST MAN,0.1421595225176349,0.2043614350033974,unpublished
HamiltonS31,belief_man_first,RAPE LANGUAGE,0.102978235967925,0.04809008767513267,unpublished
HamiltonS31,belief_man_first,SOFT DENIAL,0.00742268041237133,0.01508187346008183,unpublished
HamiltonS31,belief_man_first,WOMAN ACCUSER,0.08742268041237426,0.0030951148878674,unpublished
HamiltonS31,belief_man_first,ATTEMPTED RAPE LANGUAGE,0.449468085106363,0.06550508951622613,unpublished
HamiltonS31,belief_man_first,BOTH HAD BEEN DRINKING,0.3601823708206668,0.03940299329575425,unpublished
HamiltonS31,belief_man_first,CONSENT,0.3270454046940152,0.0133056561358329,unpublished
HamiltonS31,belief_man_first,INAPPROPRIATE TOUCHING LANGUAGE,0.3123321627762866,0.07542656361339295,unpublished
HamiltonS31,belief_man_first,MAN ACCUSER,0.025017535655838,-0.4621511497716798,unpublished
HamiltonS31,belief_man_first,NEITHER HAD BEEN DRINKING,0.3722208940951482,0.03619085187517712,unpublished
HamiltonS31,belief_man_first,NOT THE FIRST ALLEGATION AGAINST MAN,0.4692049272116467,0.2176670911392303,unpublished
HamiltonS31,belief_man_first,RAPE LANGUAGE,0.4300236406619413,0.06139574381096557,unpublished
HamiltonS31,belief_man_first,SOFT DENIAL,0.3344680851063828,0.02838752959591473,unpublished
HamiltonS31,belief_man_first,WOMAN ACCUSER,0.4144680851063846,0.0164007710237003,unpublished
HamiltonS31,belief_man_first,ATTEMPTED RAPE LANGUAGE,0.1371359223300913,-0.00992147409716681,unpublished
HamiltonS31,belief_man_first,BOTH HAD BEEN DRINKING,0.04785020804438127,-0.0360235703176387,unpublished
HamiltonS31,belief_man_first,CONSENT,0.01471324191772498,-0.06212090747756005,unpublished
HamiltonS31,belief_man_first,FIRST ALLEGATION AGAINST MAN,-0.3123321627762878,-0.07542656361339295,unpublished
HamiltonS31,belief_man_first,MAN ACCUSER,-0.2873146271204551,-0.5375777133850728,unpublished
HamiltonS31,belief_man_first,NEITHER HAD BEEN DRINKING,0.05988873131886208,-0.03923571173821583,unpublished
HamiltonS31,belief_man_first,NOT THE FIRST ALLEGATION AGAINST MAN,0.1568727644353608,0.1422405275258374,unpublished
HamiltonS31,belief_man_first,RAPE LANGUAGE,0.1176914778856545,-0.01403081980242737,unpublished
HamiltonS31,belief_man_first,SOFT DENIAL,0.02213592233009784,-0.04703903401747822,unpublished
HamiltonS31,belief_man_first,WOMAN ACCUSER,0.1021359223301018,-0.05902579258969265,unpublished
HamiltonS31,belief_man_first,ATTEMPTED RAPE LANGUAGE,0.4244505494505307,0.527656239287906,unpublished
HamiltonS31,belief_man_first,BOTH HAD BEEN DRINKING,0.3351648351648333,0.5015541430674341,unpublished
HamiltonS31,belief_man_first,CONSENT,0.3020278690381813,0.4754568059075127,unpublished
HamiltonS31,belief_man_first,FIRST ALLEGATION AGAINST MAN,-0.02501753565583309,0.4621511497716798,unpublished
HamiltonS31,belief_man_first,INAPPROPRIATE TOUCHING LANGUAGE,0.2873146271204571,0.5375777133850728,unpublished
HamiltonS31,belief_man_first,NEITHER HAD BEEN DRINKING,0.3472033584393087,0.4983420016468569,unpublished
HamiltonS31,belief_man_first,NOT THE FIRST ALLEGATION AGAINST MAN,0.4441873915558137,0.6798182409109101,unpublished
HamiltonS31,belief_man_first,RAPE LANGUAGE,0.4050061050061081,0.5235468935826454,unpublished
HamiltonS31,belief_man_first,SOFT DENIAL,0.3094505494505443,0.4905386793675945,unpublished
HamiltonS31,belief_man_first,WOMAN ACCUSER,0.3894505494505596,0.4785519207953801,unpublished
HamiltonS31,belief_man_first,ATTEMPTED RAPE LANGUAGE,0.0772471910112319,0.02931423764104901,unpublished
HamiltonS31,belief_man_first,BOTH HAD BEEN DRINKING,-0.01203852327448076,0.00321214142057713,unpublished
HamiltonS31,belief_man_first,CONSENT,-0.04517548940113796,-0.02288519573934422,unpublished
HamiltonS31,belief_man_first,FIRST ALLEGATION AGAINST MAN,-0.3722208940951504,-0.03619085187517712,unpublished
HamiltonS31,belief_man_first,INAPPROPRIATE TOUCHING LANGUAGE,-0.05988873131886255,0.03923571173821583,unpublished
HamiltonS31,belief_man_first,MAN ACCUSER,-0.3472033584393135,-0.4983420016468569,unpublished
HamiltonS31,belief_man_first,NOT THE FIRST ALLEGATION AGAINST MAN,0.09698403311649864,0.1814762392640532,unpublished
HamiltonS31,belief_man_first,RAPE LANGUAGE,0.05780274656679061,0.02520489193578845,unpublished
HamiltonS31,belief_man_first,SOFT DENIAL,-0.03775280898876453,-0.00780332227926239,unpublished
HamiltonS31,belief_man_first,WOMAN ACCUSER,0.04224719101123802,-0.01979008085147682,unpublished
HamiltonS31,belief_man_first,ATTEMPTED RAPE LANGUAGE,-0.01973684210526257,-0.1521620016230042,unpublished
HamiltonS31,belief_man_first,BOTH HAD BEEN DRINKING,-0.1090225563909795,-0.1782640978434761,unpublished
HamiltonS31,belief_man_first,CONSENT,-0.1421595225176382,-0.2043614350033974,unpublished
HamiltonS31,belief_man_first,FIRST ALLEGATION AGAINST MAN,-0.4692049272116501,-0.2176670911392303,unpublished
HamiltonS31,belief_man_first,INAPPROPRIATE TOUCHING LANGUAGE,-0.1568727644353629,-0.1422405275258374,unpublished
HamiltonS31,belief_man_first,MAN ACCUSER,-0.4441873915558132,-0.6798182409109101,unpublished
HamiltonS31,belief_man_first,NEITHER HAD BEEN DRINKING,-0.09698403311649924,-0.1814762392640532,unpublished
HamiltonS31,belief_man_first,RAPE LANGUAGE,-0.03918128654970709,-0.1562713473282648,unpublished
HamiltonS31,belief_man_first,SOFT DENIAL,-0.1347368421052644,-0.1892795615433156,unpublished
HamiltonS31,belief_man_first,WOMAN ACCUSER,-0.05473684210525943,-0.20126632011553,unpublished
HamiltonS31,belief_man_first,ATTEMPTED RAPE LANGUAGE,0.01944444444444452,0.00410934570526055,unpublished
HamiltonS31,belief_man_first,BOTH HAD BEEN DRINKING,-0.06984126984127069,-0.02199275051521132,unpublished
HamiltonS31,belief_man_first,CONSENT,-0.1029782359679288,-0.04809008767513267,unpublished
HamiltonS31,belief_man_first,FIRST ALLEGATION AGAINST MAN,-0.4300236406619408,-0.06139574381096557,unpublished
HamiltonS31,belief_man_first,INAPPROPRIATE TOUCHING LANGUAGE,-0.1176914778856534,0.01403081980242737,unpublished
HamiltonS31,belief_man_first,MAN ACCUSER,-0.4050061050061041,-0.5235468935826454,unpublished
HamiltonS31,belief_man_first,NEITHER HAD BEEN DRINKING,-0.05780274656679034,-0.02520489193578845,unpublished
HamiltonS31,belief_man_first,NOT THE FIRST ALLEGATION AGAINST MAN,0.03918128654970863,0.1562713473282648,unpublished
HamiltonS31,belief_man_first,SOFT DENIAL,-0.09555555555555496,-0.03300821421505084,unpublished
HamiltonS31,belief_man_first,WOMAN ACCUSER,-0.01555555555554993,-0.04499497278726527,unpublished
HamiltonS31,belief_man_first,ATTEMPTED RAPE LANGUAGE,0.1149999999999944,0.0371175599203114,unpublished
HamiltonS31,belief_man_first,BOTH HAD BEEN DRINKING,0.02571428571428347,0.01101546369983952,unpublished
HamiltonS31,belief_man_first,CONSENT,-0.00742268041237315,-0.01508187346008183,unpublished
HamiltonS31,belief_man_first,FIRST ALLEGATION AGAINST MAN,-0.3344680851063859,-0.02838752959591473,unpublished
HamiltonS31,belief_man_first,INAPPROPRIATE TOUCHING LANGUAGE,-0.02213592233009769,0.04703903401747822,unpublished
HamiltonS31,belief_man_first,MAN ACCUSER,-0.3094505494505488,-0.4905386793675945,unpublished
HamiltonS31,belief_man_first,NEITHER HAD BEEN DRINKING,0.037752808988764,0.00780332227926239,unpublished
HamiltonS31,belief_man_first,NOT THE FIRST ALLEGATION AGAINST MAN,0.1347368421052629,0.1892795615433156,unpublished
HamiltonS31,belief_man_first,RAPE LANGUAGE,0.0955555555555538,0.03300821421505084,unpublished
HamiltonS31,belief_man_first,WOMAN ACCUSER,0.0800000000000028,-0.01198675857221442,unpublished
HamiltonS31,belief_man_first,ATTEMPTED RAPE LANGUAGE,0.03499999999999449,0.04910431849252583,unpublished
HamiltonS31,belief_man_first,BOTH HAD BEEN DRINKING,-0.05428571428572002,0.02300222227205395,unpublished
HamiltonS31,belief_man_first,CONSENT,-0.08742268041237786,-0.0030951148878674,unpublished
HamiltonS31,belief_man_first,FIRST ALLEGATION AGAINST MAN,-0.4144680851063901,-0.0164007710237003,unpublished
HamiltonS31,belief_man_first,INAPPROPRIATE TOUCHING LANGUAGE,-0.1021359223301025,0.05902579258969265,unpublished
HamiltonS31,belief_man_first,MAN ACCUSER,-0.3894505494505532,-0.4785519207953801,unpublished
HamiltonS31,belief_man_first,NEITHER HAD BEEN DRINKING,-0.04224719101123964,0.01979008085147682,unpublished
HamiltonS31,belief_man_first,NOT THE FIRST ALLEGATION AGAINST MAN,0.05473684210525931,0.20126632011553,unpublished
HamiltonS31,belief_man_first,RAPE LANGUAGE,0.01555555555555122,0.04499497278726527,unpublished
HamiltonS31,belief_man_first,SOFT DENIAL,-0.08000000000000419,0.01198675857221442,unpublished
Howard823,Willingness_to_spend_on_optional_expense,Experimental Different,-0.01228740936058013,0.04899413574533629,unpublished
Howard823,Willingness_to_spend_on_optional_expense,Experimental Similar,-0.02484282843995161,0.00659270661591193,unpublished
Howard823,Willingness_to_spend_on_optional_expense,Control,0.01228740936057993,-0.04899413574533629,unpublished
Howard823,Willingness_to_spend_on_optional_expense,Experimental Similar,-0.0125554190793714,-0.04240142912942435,unpublished
Howard823,Willingness_to_spend_on_optional_expense,Control,0.02484282843994931,-0.00659270661591193,unpublished
Howard823,Willingness_to_spend_on_optional_expense,Experimental Different,0.01255541907936847,0.04240142912942435,unpublished
Howard823,financial_slack,Experimental Different,-0.0175921007981818,-0.01972958973554933,unpublished
Howard823,financial_slack,Experimental Similar,-0.01945531610828727,0.00376905277035771,unpublished
Howard823,financial_slack,Control,0.01759210079818307,0.01972958973554933,unpublished
Howard823,financial_slack,Experimental Similar,-0.00186321531010486,0.02349864250590705,unpublished
Howard823,financial_slack,Control,0.01945531610828812,-0.00376905277035771,unpublished
Howard823,financial_slack,Experimental Different,0.00186321531010526,-0.02349864250590705,unpublished
Iles1294,Confusing,Experimental condition 2 (conflict between sources),-0.03939042503408045,0.00276372444690464,unpublished
Iles1294,Confusing,Experimental condition 3 (conflict within source),-0.00844037043324137,0.03403925696009435,unpublished
Iles1294,Confusing,Experimental condition 4 (no conflict control),-0.03845160007950715,-0.06767227197913006,unpublished
Iles1294,Confusing,Experimental condition 5 (conflict in evidence),-4.134366925092935e-05,-0.00433796607595504,unpublished
Iles1294,Confusing,Experimental condition 6 (conflict between sources),-0.01708071374799127,0.00570540102275873,unpublished
Iles1294,Confusing,Experimental condition 7 (conflict within source),-0.00277305098632387,0.01308587518060211,unpublished
Iles1294,Confusing,Experimental condition 8 (no conflict control),0.00129198966408218,-0.05845603948400302,unpublished
Iles1294,Confusing,Experimental condition 1 (conflict in evidence),0.03939042503408178,-0.00276372444690464,unpublished
Iles1294,Confusing,Experimental condition 3 (conflict within source),0.03095005460083892,0.03127553251318971,unpublished
Iles1294,Confusing,Experimental condition 4 (no conflict control),0.0009388249545724556,-0.07043599642603471,unpublished
Iles1294,Confusing,Experimental condition 5 (conflict in evidence),0.03934908136482895,-0.00710169052285969,unpublished
Iles1294,Confusing,Experimental condition 6 (conflict between sources),0.02230971128608823,0.00294167657585409,unpublished
Iles1294,Confusing,Experimental condition 7 (conflict within source),0.03661737404775545,0.01032215073369746,unpublished
Iles1294,Confusing,Experimental condition 8 (no conflict control),0.04068241469816183,-0.06121976393090767,unpublished
Iles1294,Confusing,Experimental condition 1 (conflict in evidence),0.00844037043324107,-0.03403925696009435,unpublished
Iles1294,Confusing,Experimental condition 2 (conflict between sources),-0.03095005460084031,-0.03127553251318971,unpublished
Iles1294,Confusing,Experimental condition 4 (no conflict control),-0.03001122964626865,-0.1017115289392244,unpublished
Iles1294,Confusing,Experimental condition 5 (conflict in evidence),0.00839902676398954,-0.0383772230360494,unpublished
Iles1294,Confusing,Experimental condition 6 (conflict between sources),-0.00864034331475066,-0.02833385593733561,unpublished
Iles1294,Confusing,Experimental condition 7 (conflict within source),0.00566731944691651,-0.02095338177949224,unpublished
Iles1294,Confusing,Experimental condition 8 (no conflict control),0.00973236009732318,-0.09249529644409736,unpublished
Iles1294,Confusing,Experimental condition 1 (conflict in evidence),0.03845160007950869,0.06767227197913006,unpublished
Iles1294,Confusing,Experimental condition 2 (conflict between sources),-0.0009388249545741303,0.07043599642603471,unpublished
Iles1294,Confusing,Experimental condition 3 (conflict within source),0.03001122964626481,0.1017115289392244,unpublished
Iles1294,Confusing,Experimental condition 5 (conflict in evidence),0.03841025641025501,0.06333430590317501,unpublished
Iles1294,Confusing,Experimental condition 6 (conflict between sources),0.02137088633151601,0.0733776730018888,unpublished
Iles1294,Confusing,Experimental condition 7 (conflict within source),0.03567854909318366,0.08075814715973217,unpublished
Iles1294,Confusing,Experimental condition 8 (no conflict control),0.03974358974358914,0.00921623249512704,unpublished
Iles1294,Confusing,Experimental condition 1 (conflict in evidence),4.134366925090893e-05,0.00433796607595504,unpublished
Iles1294,Confusing,Experimental condition 2 (conflict between sources),-0.03934908136483008,0.00710169052285969,unpublished
Iles1294,Confusing,Experimental condition 3 (conflict within source),-0.00839902676399071,0.0383772230360494,unpublished
Iles1294,Confusing,Experimental condition 4 (no conflict control),-0.03841025641025786,-0.06333430590317501,unpublished
Iles1294,Confusing,Experimental condition 6 (conflict between sources),-0.01703937007874036,0.01004336709871378,unpublished
Iles1294,Confusing,Experimental condition 7 (conflict within source),-0.00273170731707329,0.01742384125655716,unpublished
Iles1294,Confusing,Experimental condition 8 (no conflict control),0.0013333333333332,-0.05411807340804797,unpublished
Iles1294,Confusing,Experimental condition 1 (conflict in evidence),0.01708071374799146,-0.00570540102275873,unpublished
Iles1294,Confusing,Experimental condition 2 (conflict between sources),-0.02230971128609033,-0.00294167657585409,unpublished
Iles1294,Confusing,Experimental condition 3 (conflict within source),0.00864034331474884,0.02833385593733561,unpublished
Iles1294,Confusing,Experimental condition 4 (no conflict control),-0.0213708863315176,-0.0733776730018888,unpublished
Iles1294,Confusing,Experimental condition 5 (conflict in evidence),0.0170393700787398,-0.01004336709871378,unpublished
Iles1294,Confusing,Experimental condition 7 (conflict within source),0.0143076627616663,0.00738047415784337,unpublished
Iles1294,Confusing,Experimental condition 8 (no conflict control),0.01837270341207295,-0.06416144050676176,unpublished
Iles1294,Confusing,Experimental condition 1 (conflict in evidence),0.00277305098632418,-0.01308587518060211,unpublished
Iles1294,Confusing,Experimental condition 2 (conflict between sources),-0.03661737404775694,-0.01032215073369746,unpublished
Iles1294,Confusing,Experimental condition 3 (conflict within source),-0.0056673194469176,0.02095338177949224,unpublished
Iles1294,Confusing,Experimental condition 4 (no conflict control),-0.03567854909318464,-0.08075814715973217,unpublished
Iles1294,Confusing,Experimental condition 5 (conflict in evidence),0.00273170731707283,-0.01742384125655716,unpublished
Iles1294,Confusing,Experimental condition 6 (conflict between sources),-0.01430766276166699,-0.00738047415784337,unpublished
Iles1294,Confusing,Experimental condition 8 (no conflict control),0.00406504065040637,-0.07154191466460513,unpublished
Iles1294,Confusing,Experimental condition 1 (conflict in evidence),-0.00129198966408251,0.05845603948400302,unpublished
Iles1294,Confusing,Experimental condition 2 (conflict between sources),-0.04068241469816344,0.06121976393090767,unpublished
Iles1294,Confusing,Experimental condition 3 (conflict within source),-0.00973236009732406,0.09249529644409736,unpublished
Iles1294,Confusing,Experimental condition 4 (no conflict control),-0.03974358974359127,-0.00921623249512704,unpublished
Iles1294,Confusing,Experimental condition 5 (conflict in evidence),-0.00133333333333377,0.05411807340804797,unpublished
Iles1294,Confusing,Experimental condition 6 (conflict between sources),-0.01837270341207348,0.06416144050676176,unpublished
Iles1294,Confusing,Experimental condition 7 (conflict within source),-0.00406504065040668,0.07154191466460513,unpublished
Iles1294,Frustrated,Experimental condition 2 (conflict between sources),0.04436000732466583,0.05387403656829143,unpublished
Iles1294,Frustrated,Experimental condition 3 (conflict within source),0.05266508232897644,0.118947946377708,unpublished
Iles1294,Frustrated,Experimental condition 4 (no conflict control),0.02544722719141311,0.02120218049503802,unpublished
Iles1294,Frustrated,Experimental condition 5 (conflict in evidence),0.00813953488372139,-0.00291392212331559,unpublished
Iles1294,Frustrated,Experimental condition 6 (conflict between sources),0.0266434718915961,0.1153800294606057,unpublished
Iles1294,Frustrated,Experimental condition 7 (conflict within source),0.0439118926072985,0.1378128483931731,unpublished
Iles1294,Frustrated,Experimental condition 8 (no conflict control),0.00149890988372112,-0.3326033818329196,unpublished
Iles1294,Frustrated,Experimental condition 1 (conflict in evidence),-0.04436000732466658,-0.05387403656829143,unpublished
Iles1294,Frustrated,Experimental condition 3 (conflict within source),0.00830507500431098,0.06507390980941657,unpublished
Iles1294,Frustrated,Experimental condition 4 (no conflict control),-0.01891278013325206,-0.0326718560732534,unpublished
Iles1294,Frustrated,Experimental condition 5 (conflict in evidence),-0.03622047244094516,-0.05678795869160702,unpublished
Iles1294,Frustrated,Experimental condition 6 (conflict between sources),-0.01771653543307025,0.06150599289231423,unpublished
Iles1294,Frustrated,Experimental condition 7 (conflict within source),-0.0004481147173679238,0.08393881182488167,unpublished
Iles1294,Frustrated,Experimental condition 8 (no conflict control),-0.04286109744094472,-0.386477418401211,unpublished
Iles1294,Frustrated,Experimental condition 1 (conflict in evidence),-0.05266508232897639,-0.118947946377708,unpublished
Iles1294,Frustrated,Experimental condition 2 (conflict between sources),-0.00830507500430901,-0.06507390980941657,unpublished
Iles1294,Frustrated,Experimental condition 4 (no conflict control),-0.02721785513756217,-0.09774576588266998,unpublished
Iles1294,Frustrated,Experimental condition 5 (conflict in evidence),-0.04452554744525374,-0.1218618685010236,unpublished
Iles1294,Frustrated,Experimental condition 6 (conflict between sources),-0.02602161043737975,-0.00356791691710234,unpublished
Iles1294,Frustrated,Experimental condition 7 (conflict within source),-0.0087531897216767,0.01886490201546509,unpublished
Iles1294,Frustrated,Experimental condition 8 (no conflict control),-0.0511661724452538,-0.4515513282106276,unpublished
Iles1294,Frustrated,Experimental condition 1 (conflict in evidence),-0.02544722719141387,-0.02120218049503802,unpublished
Iles1294,Frustrated,Experimental condition 2 (conflict between sources),0.01891278013325219,0.0326718560732534,unpublished
Iles1294,Frustrated,Experimental condition 3 (conflict within source),0.02721785513756155,0.09774576588266998,unpublished
Iles1294,Frustrated,Experimental condition 5 (conflict in evidence),-0.01730769230769245,-0.02411610261835362,unpublished
Iles1294,Frustrated,Experimental condition 6 (conflict between sources),0.00119624470018181,0.09417784896556763,unpublished
Iles1294,Frustrated,Experimental condition 7 (conflict within source),0.01846466541588437,0.1166106678981351,unpublished
Iles1294,Frustrated,Experimental condition 8 (no conflict control),-0.02394831730769283,-0.3538055623279576,unpublished
Iles1294,Frustrated,Experimental condition 1 (conflict in evidence),-0.00813953488372092,0.00291392212331559,unpublished
Iles1294,Frustrated,Experimental condition 2 (conflict between sources),0.03622047244094431,0.05678795869160702,unpublished
Iles1294,Frustrated,Experimental condition 3 (conflict within source),0.04452554744525348,0.1218618685010236,unpublished
Iles1294,Frustrated,Experimental condition 4 (no conflict control),0.01730769230769239,0.02411610261835362,unpublished
Iles1294,Frustrated,Experimental condition 6 (conflict between sources),0.0185039370078737,0.1182939515839212,unpublished
Iles1294,Frustrated,Experimental condition 7 (conflict within source),0.03577235772357677,0.1407267705164887,unpublished
Iles1294,Frustrated,Experimental condition 8 (no conflict control),-0.00664062500000029,-0.329689459709604,unpublished
Iles1294,Frustrated,Experimental condition 1 (conflict in evidence),-0.02664347189159585,-0.1153800294606057,unpublished
Iles1294,Frustrated,Experimental condition 2 (conflict between sources),0.01771653543307027,-0.06150599289231423,unpublished
Iles1294,Frustrated,Experimental condition 3 (conflict within source),0.02602161043737964,0.00356791691710234,unpublished
Iles1294,Frustrated,Experimental condition 4 (no conflict control),-0.00119624470018221,-0.09417784896556763,unpublished
Iles1294,Frustrated,Experimental condition 5 (conflict in evidence),-0.01850393700787376,-0.1182939515839212,unpublished
Iles1294,Frustrated,Experimental condition 7 (conflict within source),0.0172684207157024,0.02243281893256743,unpublished
Iles1294,Frustrated,Experimental condition 8 (no conflict control),-0.02514456200787521,-0.4479834112935253,unpublished
Iles1294,Frustrated,Experimental condition 1 (conflict in evidence),-0.04391189260730006,-0.1378128483931731,unpublished
Iles1294,Frustrated,Experimental condition 2 (conflict between sources),0.0004481147173668624,-0.08393881182488167,unpublished
Iles1294,Frustrated,Experimental condition 3 (conflict within source),0.00875318972167643,-0.01886490201546509,unpublished
Iles1294,Frustrated,Experimental condition 4 (no conflict control),-0.01846466541588614,-0.1166106678981351,unpublished
Iles1294,Frustrated,Experimental condition 5 (conflict in evidence),-0.03577235772357762,-0.1407267705164887,unpublished
Iles1294,Frustrated,Experimental condition 6 (conflict between sources),-0.01726842071570449,-0.02243281893256743,unpublished
Iles1294,Frustrated,Experimental condition 8 (no conflict control),-0.04241298272357862,-0.4704162302260927,unpublished
Iles1294,Frustrated,Experimental condition 1 (conflict in evidence),-0.00149890988371999,0.3326033818329196,unpublished
Iles1294,Frustrated,Experimental condition 2 (conflict between sources),0.04286109744094493,0.386477418401211,unpublished
Iles1294,Frustrated,Experimental condition 3 (conflict within source),0.05116617244525402,0.4515513282106276,unpublished
Iles1294,Frustrated,Experimental condition 4 (no conflict control),0.02394831730769321,0.3538055623279576,unpublished
Iles1294,Frustrated,Experimental condition 5 (conflict in evidence),0.00664062500000155,0.329689459709604,unpublished
Iles1294,Frustrated,Experimental condition 6 (conflict between sources),0.0251445620078734,0.4479834112935253,unpublished
Iles1294,Frustrated,Experimental condition 7 (conflict within source),0.04241298272357795,0.4704162302260927,unpublished
Iles1294,collaborative,Experimental condition 2 (conflict between sources),-0.02556026650514542,-0.04293731163975689,unpublished
Iles1294,collaborative,Experimental condition 3 (conflict within source),0.02122403144301255,-0.03192427775951445,unpublished
Iles1294,collaborative,Experimental condition 4 (no conflict control),0.0653846153846193,0.05638006623314606,unpublished
Iles1294,collaborative,Experimental condition 5 (conflict in evidence),0.01271794871795026,-0.01888380458484584,unpublished
Iles1294,collaborative,Experimental condition 6 (conflict between sources),0.0033111245709692,-0.02405539934862199,unpublished
Iles1294,collaborative,Experimental condition 7 (conflict within source),0.00617052324369649,-0.0166219939441905,unpublished
Iles1294,collaborative,Experimental condition 8 (no conflict control),0.041686698717951,0.01518281536163368,unpublished
Iles1294,collaborative,Experimental condition 1 (conflict in evidence),0.0255602665051475,0.04293731163975689,unpublished
Iles1294,collaborative,Experimental condition 3 (conflict within source),0.04678429794815956,0.01101303388024244,unpublished
Iles1294,collaborative,Experimental condition 4 (no conflict control),0.09094488188976764,0.09931737787290296,unpublished
Iles1294,collaborative,Experimental condition 5 (conflict in evidence),0.03827821522309908,0.02405350705491105,unpublished
Iles1294,collaborative,Experimental condition 6 (conflict between sources),0.02887139107611578,0.01888191229113489,unpublished
Iles1294,collaborative,Experimental condition 7 (conflict within source),0.03173078974884272,0.02631531769556638,unpublished
Iles1294,collaborative,Experimental condition 8 (no conflict control),0.06724696522309723,0.05812012700139057,unpublished
Iles1294,collaborative,Experimental condition 1 (conflict in evidence),-0.02122403144300887,0.03192427775951445,unpublished
Iles1294,collaborative,Experimental condition 2 (conflict between sources),-0.04678429794815715,-0.01101303388024244,unpublished
Iles1294,collaborative,Experimental condition 4 (no conflict control),0.04416058394160727,0.08830434399266052,unpublished
Iles1294,collaborative,Experimental condition 5 (conflict in evidence),-0.00850608272505956,0.01304047317466861,unpublished
Iles1294,collaborative,Experimental condition 6 (conflict between sources),-0.01791290687204178,0.00786887841089245,unpublished
Iles1294,collaborative,Experimental condition 7 (conflict within source),-0.01505350819931449,0.01530228381532394,unpublished
Iles1294,collaborative,Experimental condition 8 (no conflict control),0.02046266727494013,0.04710709312114813,unpublished
Iles1294,collaborative,Experimental condition 1 (conflict in evidence),-0.0653846153846124,-0.05638006623314606,unpublished
Iles1294,collaborative,Experimental condition 2 (conflict between sources),-0.09094488188976212,-0.09931737787290296,unpublished
Iles1294,collaborative,Experimental condition 3 (conflict within source),-0.04416058394160621,-0.08830434399266052,unpublished
Iles1294,collaborative,Experimental condition 5 (conflict in evidence),-0.05266666666666356,-0.0752638708179919,unpublished
Iles1294,collaborative,Experimental condition 6 (conflict between sources),-0.0620734908136465,-0.08043546558176806,unpublished
Iles1294,collaborative,Experimental condition 7 (conflict within source),-0.05921409214091969,-0.07300206017733657,unpublished
Iles1294,collaborative,Experimental condition 8 (no conflict control),-0.02369791666666445,-0.04119725087151238,unpublished
Iles1294,collaborative,Experimental condition 1 (conflict in evidence),-0.01271794871794743,0.01888380458484584,unpublished
Iles1294,collaborative,Experimental condition 2 (conflict between sources),-0.03827821522309544,-0.02405350705491105,unpublished
Iles1294,collaborative,Experimental condition 3 (conflict within source),0.00850608272506288,-0.01304047317466861,unpublished
Iles1294,collaborative,Experimental condition 4 (no conflict control),0.05266666666667174,0.0752638708179919,unpublished
Iles1294,collaborative,Experimental condition 6 (conflict between sources),-0.00940682414698026,-0.00517159476377615,unpublished
Iles1294,collaborative,Experimental condition 7 (conflict within source),-0.0065474254742534,0.00226181064065533,unpublished
Iles1294,collaborative,Experimental condition 8 (no conflict control),0.02896875000000119,0.03406661994647952,unpublished
Iles1294,collaborative,Experimental condition 1 (conflict in evidence),-0.00331112457096587,0.02405539934862199,unpublished
Iles1294,collaborative,Experimental condition 2 (conflict between sources),-0.02887139107611357,-0.01888191229113489,unpublished
Iles1294,collaborative,Experimental condition 3 (conflict within source),0.01791290687204518,-0.00786887841089245,unpublished
Iles1294,collaborative,Experimental condition 4 (no conflict control),0.06207349081365378,0.08043546558176806,unpublished
Iles1294,collaborative,Experimental condition 5 (conflict in evidence),0.00940682414698297,0.00517159476377615,unpublished
Iles1294,collaborative,Experimental condition 7 (conflict within source),0.00285939867272839,0.00743340540443149,unpublished
Iles1294,collaborative,Experimental condition 8 (no conflict control),0.03837557414698351,0.03923821471025568,unpublished
Iles1294,collaborative,Experimental condition 1 (conflict in evidence),-0.00617052324369279,0.0166219939441905,unpublished
Iles1294,collaborative,Experimental condition 2 (conflict between sources),-0.03173078974884058,-0.02631531769556638,unpublished
Iles1294,collaborative,Experimental condition 3 (conflict within source),0.01505350819931803,-0.01530228381532394,unpublished
Iles1294,collaborative,Experimental condition 4 (no conflict control),0.0592140921409267,0.07300206017733657,unpublished
Iles1294,collaborative,Experimental condition 5 (conflict in evidence),0.00654742547425602,-0.00226181064065533,unpublished
Iles1294,collaborative,Experimental condition 6 (conflict between sources),-0.00285939867272542,-0.00743340540443149,unpublished
Iles1294,collaborative,Experimental condition 8 (no conflict control),0.0355161754742562,0.03180480930582419,unpublished
Iles1294,collaborative,Experimental condition 1 (conflict in evidence),-0.04168669871794663,-0.01518281536163368,unpublished
Iles1294,collaborative,Experimental condition 2 (conflict between sources),-0.06724696522309559,-0.05812012700139057,unpublished
Iles1294,collaborative,Experimental condition 3 (conflict within source),-0.02046266727493858,-0.04710709312114813,unpublished
Iles1294,collaborative,Experimental condition 4 (no conflict control),0.02369791666667104,0.04119725087151238,unpublished
Iles1294,collaborative,Experimental condition 5 (conflict in evidence),-0.02896874999999812,-0.03406661994647952,unpublished
Iles1294,collaborative,Experimental condition 6 (conflict between sources),-0.0383755741469803,-0.03923821471025568,unpublished
Iles1294,collaborative,Experimental condition 7 (conflict within source),-0.03551617547425417,-0.03180480930582419,unpublished
KlarS44,efficacy,GENDER,-0.00294982564766651,-0.02449010027723658,unpublished
KlarS44,efficacy,PARTISAN,0.0208120289361062,-0.00864349445257173,unpublished
KlarS44,efficacy,CONTROL,0.00294982564766591,0.02449010027723658,unpublished
KlarS44,efficacy,PARTISAN,0.0237618545837718,0.01584660582466485,unpublished
KlarS44,efficacy,CONTROL,-0.02081202893610489,0.00864349445257173,unpublished
KlarS44,efficacy,GENDER,-0.02376185458377299,-0.01584660582466485,unpublished
KlarS44,importance,GENDER,-0.01063016274630887,0.0120837220445662,unpublished
KlarS44,importance,PARTISAN,0.005781333802628,1.112136029890465e-05,unpublished
KlarS44,importance,CONTROL,0.01063016274630987,-0.0120837220445662,unpublished
KlarS44,importance,PARTISAN,0.01641149654893694,-0.01207260068426729,unpublished
KlarS44,importance,CONTROL,-0.00578133380262644,-1.112136029890465e-05,unpublished
KlarS44,importance,GENDER,-0.01641149654893396,0.01207260068426729,unpublished
KlarS44,support_candidate,GENDER,0.02856929220422302,-0.02361992877171942,unpublished
KlarS44,support_candidate,PARTISAN,0.03373148264719411,-0.00829852747772857,unpublished
KlarS44,support_candidate,CONTROL,-0.02856929220422095,0.02361992877171942,unpublished
KlarS44,support_candidate,PARTISAN,0.00516219044297173,0.01532140129399084,unpublished
KlarS44,support_candidate,CONTROL,-0.03373148264719222,0.00829852747772857,unpublished
KlarS44,support_candidate,GENDER,-0.00516219044297154,-0.01532140129399084,unpublished
McCabeS19,Attribution,INSURANCE,0.01894631438409063,0.02418681177799198,unpublished
McCabeS19,Attribution,INSURANCE+GOVERNMENT CUE,-0.01290726817042634,0.05844865664697374,unpublished
McCabeS19,Attribution,PROVIDER,0.01301865775549904,0.02575375089597786,unpublished
McCabeS19,Attribution,PROVIDER+GOVERNMENT CUE,-0.01637047163362993,0.03293810423941912,unpublished
McCabeS19,Attribution,CONTROL,-0.01894631438409171,-0.02418681177799198,unpublished
McCabeS19,Attribution,INSURANCE+GOVERNMENT CUE,-0.03185358255451897,0.03426184486898176,unpublished
McCabeS19,Attribution,PROVIDER,-0.0059276566285914,0.00156693911798588,unpublished
McCabeS19,Attribution,PROVIDER+GOVERNMENT CUE,-0.03531678601772076,0.00875129246142714,unpublished
McCabeS19,Attribution,CONTROL,0.01290726817042665,-0.05844865664697374,unpublished
McCabeS19,Attribution,INSURANCE,0.03185358255451526,-0.03426184486898176,unpublished
McCabeS19,Attribution,PROVIDER,0.02592592592592361,-0.03269490575099587,unpublished
McCabeS19,Attribution,PROVIDER+GOVERNMENT CUE,-0.00346320346320475,-0.02551055240755462,unpublished
McCabeS19,Attribution,CONTROL,-0.01301865775550085,-0.02575375089597786,unpublished
McCabeS19,Attribution,INSURANCE,0.00592765662858947,-0.00156693911798588,unpublished
McCabeS19,Attribution,INSURANCE+GOVERNMENT CUE,-0.02592592592592802,0.03269490575099587,unpublished
McCabeS19,Attribution,PROVIDER+GOVERNMENT CUE,-0.02938912938913067,0.00718435334344125,unpublished
McCabeS19,Attribution,CONTROL,0.01637047163363043,-0.03293810423941912,unpublished
McCabeS19,Attribution,INSURANCE,0.03531678601771879,-0.00875129246142714,unpublished
McCabeS19,Attribution,INSURANCE+GOVERNMENT CUE,0.00346320346320222,0.02551055240755462,unpublished
McCabeS19,Attribution,PROVIDER,0.02938912938912729,-0.00718435334344125,unpublished
McCabeS19,Contact,INSURANCE,-0.01069156973679657,0.1214717975079717,unpublished
McCabeS19,Contact,INSURANCE+GOVERNMENT CUE,0.00539234634711884,-0.01933666245637888,unpublished
McCabeS19,Contact,PROVIDER,-0.03465006737950515,0.133292598452459,unpublished
McCabeS19,Contact,PROVIDER+GOVERNMENT CUE,0.0002810103147305304,0.1310484378052443,unpublished
McCabeS19,Contact,CONTROL,0.01069156973679853,-0.1214717975079717,unpublished
McCabeS19,Contact,INSURANCE+GOVERNMENT CUE,0.01608391608391708,-0.1408084599643505,unpublished
McCabeS19,Contact,PROVIDER,-0.02395849764270682,0.01182080094448734,unpublished
McCabeS19,Contact,PROVIDER+GOVERNMENT CUE,0.01097258005152879,0.00957664029727267,unpublished
McCabeS19,Contact,CONTROL,-0.00539234634711865,0.01933666245637888,unpublished
McCabeS19,Contact,INSURANCE,-0.01608391608391501,0.1408084599643505,unpublished
McCabeS19,Contact,PROVIDER,-0.04004241372662191,0.1526292609088379,unpublished
McCabeS19,Contact,PROVIDER+GOVERNMENT CUE,-0.00511133603238682,0.1503851002616232,unpublished
McCabeS19,Contact,CONTROL,0.0346500673795099,-0.133292598452459,unpublished
McCabeS19,Contact,INSURANCE,0.02395849764271094,-0.01182080094448734,unpublished
McCabeS19,Contact,INSURANCE+GOVERNMENT CUE,0.04004241372662689,-0.1526292609088379,unpublished
McCabeS19,Contact,PROVIDER+GOVERNMENT CUE,0.03493107769423755,-0.00224416064721466,unpublished
McCabeS19,Contact,CONTROL,-0.0002810103147301358,-0.1310484378052443,unpublished
McCabeS19,Contact,INSURANCE,-0.01097258005152682,-0.00957664029727267,unpublished
McCabeS19,Contact,INSURANCE+GOVERNMENT CUE,0.00511133603238984,-0.1503851002616232,unpublished
McCabeS19,Contact,PROVIDER,-0.03493107769423465,0.00224416064721466,unpublished
Melin1066,Capable,“Cosmetics/Consulting”,0.01178451178451014,0.00607563846590697,unpublished
Melin1066,Capable,“Cosmetics/Wedding”,0.0041637751561386,0.00625131176284332,unpublished
Melin1066,Capable,“Military/Automotive”,0.1016761016760972,0.05033282132006234,unpublished
Melin1066,Capable,“Military/Consulting”,0.0767676767676765,0.04651001622771489,unpublished
Melin1066,Capable,“Military/Wedding”,0.04510101010100997,0.03977528205189407,unpublished
Melin1066,Capable,“Cosmetics/Automotive”,-0.01178451178451161,-0.00607563846590697,unpublished
Melin1066,Capable,“Cosmetics/Wedding”,-0.0076207366283682,0.0001756732969363517,unpublished
Melin1066,Capable,“Military/Automotive”,0.08989158989159367,0.04425718285415536,unpublished
Melin1066,Capable,“Military/Consulting”,0.06498316498316593,0.04043437776180791,unpublished
Melin1066,Capable,“Military/Wedding”,0.03331649831649865,0.03369964358598709,unpublished
Melin1066,Capable,“Cosmetics/Automotive”,-0.00416377515614405,-0.00625131176284332,unpublished
Melin1066,Capable,“Cosmetics/Consulting”,0.00762073662836867,-0.0001756732969363517,unpublished
Melin1066,Capable,“Military/Automotive”,0.0975123265199576,0.04408150955721901,unpublished
Melin1066,Capable,“Military/Consulting”,0.07260390161153393,0.04025870446487156,unpublished
Melin1066,Capable,“Military/Wedding”,0.04093723494486805,0.03352397028905074,unpublished
Melin1066,Capable,“Cosmetics/Automotive”,-0.1016761016761023,-0.05033282132006234,unpublished
Melin1066,Capable,“Cosmetics/Consulting”,-0.08989158989159199,-0.04425718285415536,unpublished
Melin1066,Capable,“Cosmetics/Wedding”,-0.09751232651996046,-0.04408150955721901,unpublished
Melin1066,Capable,“Military/Consulting”,-0.02490842490842557,-0.00382280509234744,unpublished
Melin1066,Capable,“Military/Wedding”,-0.05657509157509258,-0.01055753926816827,unpublished
Melin1066,Capable,“Cosmetics/Automotive”,-0.07676767676767725,-0.04651001622771489,unpublished
Melin1066,Capable,“Cosmetics/Consulting”,-0.06498316498316635,-0.04043437776180791,unpublished
Melin1066,Capable,“Cosmetics/Wedding”,-0.07260390161153511,-0.04025870446487156,unpublished
Melin1066,Capable,“Military/Automotive”,0.02490842490842474,0.00382280509234744,unpublished
Melin1066,Capable,“Military/Wedding”,-0.03166666666666688,-0.00673473417582082,unpublished
Melin1066,Capable,“Cosmetics/Automotive”,-0.04510101010101102,-0.03977528205189407,unpublished
Melin1066,Capable,“Cosmetics/Consulting”,-0.03331649831649932,-0.03369964358598709,unpublished
Melin1066,Capable,“Cosmetics/Wedding”,-0.04093723494486843,-0.03352397028905074,unpublished
Melin1066,Capable,“Military/Automotive”,0.05657509157509129,0.01055753926816827,unpublished
Melin1066,Capable,“Military/Consulting”,0.03166666666666658,0.00673473417582082,unpublished
Melin1066,masculine,“Cosmetics/Consulting”,-0.03421294047811928,0.0009997015641635132,unpublished
Melin1066,masculine,“Cosmetics/Wedding”,-0.02919100559010228,-0.02645485875886835,unpublished
Melin1066,masculine,“Military/Automotive”,0.1396209373133404,0.1420622059625732,unpublished
Melin1066,masculine,“Military/Consulting”,0.1047254150702417,0.191838844894901,unpublished
Melin1066,masculine,“Military/Wedding”,0.1267057681205054,0.1790503556523508,unpublished
Melin1066,masculine,“Cosmetics/Automotive”,0.03421294047811697,-0.0009997015641635132,unpublished
Melin1066,masculine,“Cosmetics/Wedding”,0.0050219348880164,-0.02745456032303186,unpublished
Melin1066,masculine,“Military/Automotive”,0.1738338777914667,0.1410625043984097,unpublished
Melin1066,masculine,“Military/Consulting”,0.1389383555483561,0.1908391433307374,unpublished
Melin1066,masculine,“Military/Wedding”,0.1609187085986243,0.1780506540881872,unpublished
Melin1066,masculine,“Cosmetics/Automotive”,0.02919100559010257,0.02645485875886835,unpublished
Melin1066,masculine,“Cosmetics/Consulting”,-0.00502193488801441,0.02745456032303186,unpublished
Melin1066,masculine,“Military/Automotive”,0.1688119429034546,0.1685170647214416,unpublished
Melin1066,masculine,“Military/Consulting”,0.1339164206603442,0.2182937036537693,unpublished
Melin1066,masculine,“Military/Wedding”,0.1558967737106071,0.2055052144112191,unpublished
Melin1066,masculine,“Cosmetics/Automotive”,-0.1396209373133475,-0.1420622059625732,unpublished
Melin1066,masculine,“Cosmetics/Consulting”,-0.173833877791466,-0.1410625043984097,unpublished
Melin1066,masculine,“Cosmetics/Wedding”,-0.1688119429034501,-0.1685170647214416,unpublished
Melin1066,masculine,“Military/Consulting”,-0.03489552224310518,0.04977663893232775,unpublished
Melin1066,masculine,“Military/Wedding”,-0.01291516919284217,0.03698814968977754,unpublished
Melin1066,masculine,“Cosmetics/Automotive”,-0.104725415070242,-0.191838844894901,unpublished
Melin1066,masculine,“Cosmetics/Consulting”,-0.1389383555483602,-0.1908391433307374,unpublished
Melin1066,masculine,“Cosmetics/Wedding”,-0.1339164206603444,-0.2182937036537693,unpublished
Melin1066,masculine,“Military/Automotive”,0.03489552224310543,-0.04977663893232775,unpublished
Melin1066,masculine,“Military/Wedding”,0.02198035305026409,-0.01278848924255021,unpublished
Melin1066,masculine,“Cosmetics/Automotive”,-0.1267057681205055,-0.1790503556523508,unpublished
Melin1066,masculine,“Cosmetics/Consulting”,-0.1609187085986239,-0.1780506540881872,unpublished
Melin1066,masculine,“Cosmetics/Wedding”,-0.1558967737106081,-0.2055052144112191,unpublished
Melin1066,masculine,“Military/Automotive”,0.01291516919284161,-0.03698814968977754,unpublished
Melin1066,masculine,“Military/Consulting”,-0.02198035305026285,0.01278848924255021,unpublished
Merolla843,foreign_policy,fear/anxiety_condtion,-0.01665636625828565,-0.01370861665184286,unpublished
Merolla843,foreign_policy,relaxation_condition,-0.05250619401562759,-0.04229079217315934,unpublished
Merolla843,foreign_policy,anger_condtion,0.01665636625828549,0.01370861665184286,unpublished
Merolla843,foreign_policy,relaxation_condition,-0.03584982775734239,-0.02858217552131647,unpublished
Merolla843,foreign_policy,anger_condtion,0.05250619401562842,0.04229079217315934,unpublished
Merolla843,foreign_policy,fear/anxiety_condtion,0.03584982775734201,0.02858217552131647,unpublished
Merolla843,hillary_clinton_leadership,fear/anxiety_condtion,0.00876897538913052,0.01121970517779435,unpublished
Merolla843,hillary_clinton_leadership,relaxation_condition,0.01952362358453684,-0.01908084822996958,unpublished
Merolla843,hillary_clinton_leadership,anger_condtion,-0.00876897538913051,-0.01121970517779435,unpublished
Merolla843,hillary_clinton_leadership,relaxation_condition,0.01075464819540675,-0.03030055340776394,unpublished
Merolla843,hillary_clinton_leadership,anger_condtion,-0.01952362358453752,0.01908084822996958,unpublished
Merolla843,hillary_clinton_leadership,fear/anxiety_condtion,-0.0107546481954068,0.03030055340776394,unpublished
Merolla843,trump_leadership,fear/anxiety_condtion,0.02234945990809972,-0.01915746559477793,unpublished
Merolla843,trump_leadership,relaxation_condition,0.04465269642934549,-0.08003359915019648,unpublished
Merolla843,trump_leadership,anger_condtion,-0.0223494599081003,0.01915746559477793,unpublished
Merolla843,trump_leadership,relaxation_condition,0.02230323652124626,-0.06087613355541854,unpublished
Merolla843,trump_leadership,anger_condtion,-0.04465269642934695,0.08003359915019648,unpublished
Merolla843,trump_leadership,fear/anxiety_condtion,-0.02230323652124612,0.06087613355541854,unpublished
Mezzapelle1439,BELIEVABLE,Black Transgender Woman,-0.01806684570259528,-0.01368807617027834,unpublished
Mezzapelle1439,BELIEVABLE,White Cisgender Woman,-0.03070738845786048,0.0022641448991687,unpublished
Mezzapelle1439,BELIEVABLE,White Transgender Woman,-0.00568175750002645,-0.0009262481151655066,unpublished
Mezzapelle1439,BELIEVABLE,Black Cisgender Woman,0.01806684570259688,0.01368807617027834,unpublished
Mezzapelle1439,BELIEVABLE,White Cisgender Woman,-0.01264054275526542,0.01595222106944704,unpublished
Mezzapelle1439,BELIEVABLE,White Transgender Woman,0.01238508820256927,0.01276182805511283,unpublished
Mezzapelle1439,BELIEVABLE,Black Cisgender Woman,0.03070738845786285,-0.0022641448991687,unpublished
Mezzapelle1439,BELIEVABLE,Black Transgender Woman,0.01264054275526513,-0.01595222106944704,unpublished
Mezzapelle1439,BELIEVABLE,White Transgender Woman,0.02502563095783569,-0.00319039301433421,unpublished
Mezzapelle1439,BELIEVABLE,Black Cisgender Woman,0.00568175750002781,0.0009262481151655066,unpublished
Mezzapelle1439,BELIEVABLE,Black Transgender Woman,-0.0123850882025683,-0.01276182805511283,unpublished
Mezzapelle1439,BELIEVABLE,White Cisgender Woman,-0.0250256309578341,0.00319039301433421,unpublished
Mezzapelle1439,COMPENSATION,Black Transgender Woman,0.00390512265512046,-0.01710158795121397,unpublished
Mezzapelle1439,COMPENSATION,White Cisgender Woman,-0.01545510072039725,-0.01557720333528234,unpublished
Mezzapelle1439,COMPENSATION,White Transgender Woman,0.0108910432003652,-0.01488175672374003,unpublished
Mezzapelle1439,COMPENSATION,Black Cisgender Woman,-0.00390512265512234,0.01710158795121397,unpublished
Mezzapelle1439,COMPENSATION,White Cisgender Woman,-0.01936022337551856,0.00152438461593162,unpublished
Mezzapelle1439,COMPENSATION,White Transgender Woman,0.00698592054524385,0.00221983122747393,unpublished
Mezzapelle1439,COMPENSATION,Black Cisgender Woman,0.01545510072039996,0.01557720333528234,unpublished
Mezzapelle1439,COMPENSATION,Black Transgender Woman,0.01936022337552134,-0.00152438461593162,unpublished
Mezzapelle1439,COMPENSATION,White Transgender Woman,0.02634614392076647,0.0006954466115423052,unpublished
Mezzapelle1439,COMPENSATION,Black Cisgender Woman,-0.01089104320036485,0.01488175672374003,unpublished
Mezzapelle1439,COMPENSATION,Black Transgender Woman,-0.00698592054524052,-0.00221983122747393,unpublished
Mezzapelle1439,COMPENSATION,White Cisgender Woman,-0.02634614392076009,-0.0006954466115423052,unpublished
Mezzapelle1439,PERCEIVED HARM,Black Transgender Woman,0.02305410598850878,-0.00744944868399721,unpublished
Mezzapelle1439,PERCEIVED HARM,White Cisgender Woman,-0.02097507520256601,-4.692161799368933e-05,unpublished
Mezzapelle1439,PERCEIVED HARM,White Transgender Woman,0.00564971751412494,-0.00657487021349256,unpublished
Mezzapelle1439,PERCEIVED HARM,Black Cisgender Woman,-0.02305410598851167,0.00744944868399721,unpublished
Mezzapelle1439,PERCEIVED HARM,White Cisgender Woman,-0.04402918119107643,0.00740252706600352,unpublished
Mezzapelle1439,PERCEIVED HARM,White Transgender Woman,-0.01740438847438448,0.00087457847050465,unpublished
Mezzapelle1439,PERCEIVED HARM,Black Cisgender Woman,0.02097507520256815,4.692161799368933e-05,unpublished
Mezzapelle1439,PERCEIVED HARM,Black Transgender Woman,0.04402918119107354,-0.00740252706600352,unpublished
Mezzapelle1439,PERCEIVED HARM,White Transgender Woman,0.0266247927166901,-0.00652794859549887,unpublished
Mezzapelle1439,PERCEIVED HARM,Black Cisgender Woman,-0.00564971751412397,0.00657487021349256,unpublished
Mezzapelle1439,PERCEIVED HARM,Black Transgender Woman,0.01740438847438544,-0.00087457847050465,unpublished
Mezzapelle1439,PERCEIVED HARM,White Cisgender Woman,-0.02662479271668913,0.00652794859549887,unpublished
MunschS68,Morgan_Committed,40 hours/female/20%,-0.06341991341991436,-0.08466915345482184,unpublished
MunschS68,Morgan_Committed,40 hours/female/60%,-0.1619047619047654,-0.2283025625369974,unpublished
MunschS68,Morgan_Committed,40 hours/male/1%,-0.03505291005291131,-0.01806323906291707,unpublished
MunschS68,Morgan_Committed,40 hours/male/20%,-0.05857142857142961,-0.1106236440014079,unpublished
MunschS68,Morgan_Committed,40 hours/male/60%,-0.1341269841269877,-0.2569055402339596,unpublished
MunschS68,Morgan_Committed,50 hours/female/1%,0.08424908424908244,0.03116944701922652,unpublished
MunschS68,Morgan_Committed,50 hours/female/20%,0.0735119047619035,0.00277797626558751,unpublished
MunschS68,Morgan_Committed,50 hours/female/60%,0.03046811945116995,-0.1172944532851474,unpublished
MunschS68,Morgan_Committed,50 hours/male/1%,0.07142857142857086,0.02408005080787345,unpublished
MunschS68,Morgan_Committed,50 hours/male/20%,0.03937728937728856,-0.02003102145879132,unpublished
MunschS68,Morgan_Committed,50 hours/male/60%,0.01639712488768998,-0.1376560762093747,unpublished
MunschS68,Morgan_Committed,40 hours/female/1%,0.06341991341991246,0.08466915345482184,unpublished
MunschS68,Morgan_Committed,40 hours/female/60%,-0.09848484848485194,-0.1436334090821756,unpublished
MunschS68,Morgan_Committed,40 hours/male/1%,0.02836700336700106,0.06660591439190477,unpublished
MunschS68,Morgan_Committed,40 hours/male/20%,0.00484848484848242,-0.02595449054658605,unpublished
MunschS68,Morgan_Committed,40 hours/male/60%,-0.07070707070707331,-0.1722363867791378,unpublished
MunschS68,Morgan_Committed,50 hours/female/1%,0.1476689976689926,0.1158386004740484,unpublished
MunschS68,Morgan_Committed,50 hours/female/20%,0.136931818181815,0.08744712972040936,unpublished
MunschS68,Morgan_Committed,50 hours/female/60%,0.0938880328710807,-0.03262529983032558,unpublished
MunschS68,Morgan_Committed,50 hours/male/1%,0.1348484848484831,0.1087492042626953,unpublished
MunschS68,Morgan_Committed,50 hours/male/20%,0.1027972027972008,0.06463813199603052,unpublished
MunschS68,Morgan_Committed,50 hours/male/60%,0.07981703830760135,-0.05298692275455285,unpublished
MunschS68,Morgan_Committed,40 hours/female/1%,0.1619047619047674,0.2283025625369974,unpublished
MunschS68,Morgan_Committed,40 hours/female/20%,0.09848484848484663,0.1436334090821756,unpublished
MunschS68,Morgan_Committed,40 hours/male/1%,0.1268518518518518,0.2102393234740804,unpublished
MunschS68,Morgan_Committed,40 hours/male/20%,0.1033333333333331,0.1176789185355895,unpublished
MunschS68,Morgan_Committed,40 hours/male/60%,0.02777777777777616,-0.02860297769696218,unpublished
MunschS68,Morgan_Committed,50 hours/female/1%,0.2461538461538422,0.259472009556224,unpublished
MunschS68,Morgan_Committed,50 hours/female/20%,0.2354166666666671,0.231080538802585,unpublished
MunschS68,Morgan_Committed,50 hours/female/60%,0.192372881355932,0.11100810925185,unpublished
MunschS68,Morgan_Committed,50 hours/male/1%,0.2333333333333335,0.2523826133448709,unpublished
MunschS68,Morgan_Committed,50 hours/male/20%,0.2012820512820495,0.2082715410782061,unpublished
MunschS68,Morgan_Committed,50 hours/male/60%,0.1783018867924521,0.09064648632762272,unpublished
MunschS68,Morgan_Committed,40 hours/female/1%,0.03505291005290922,0.01806323906291707,unpublished
MunschS68,Morgan_Committed,40 hours/female/20%,-0.02836700336700461,-0.06660591439190477,unpublished
MunschS68,Morgan_Committed,40 hours/female/60%,-0.1268518518518518,-0.2102393234740804,unpublished
MunschS68,Morgan_Committed,40 hours/male/20%,-0.02351851851852001,-0.09256040493849084,unpublished
MunschS68,Morgan_Committed,40 hours/male/60%,-0.09907407407407612,-0.2388423011710425,unpublished
MunschS68,Morgan_Committed,50 hours/female/1%,0.1193019943019912,0.04923268608214359,unpublished
MunschS68,Morgan_Committed,50 hours/female/20%,0.1085648148148131,0.02084121532850458,unpublished
MunschS68,Morgan_Committed,50 hours/female/60%,0.06552102950407909,-0.09923121422223036,unpublished
MunschS68,Morgan_Committed,50 hours/male/1%,0.1064814814814806,0.04214328987079052,unpublished
MunschS68,Morgan_Committed,50 hours/male/20%,0.07443019943019824,-0.00196778239587425,unpublished
MunschS68,Morgan_Committed,50 hours/male/60%,0.05145003494060025,-0.1195928371464576,unpublished
MunschS68,Morgan_Committed,40 hours/female/1%,0.05857142857142827,0.1106236440014079,unpublished
MunschS68,Morgan_Committed,40 hours/female/20%,-0.00484848484848685,0.02595449054658605,unpublished
MunschS68,Morgan_Committed,40 hours/female/60%,-0.103333333333334,-0.1176789185355895,unpublished
MunschS68,Morgan_Committed,40 hours/male/1%,0.02351851851851591,0.09256040493849084,unpublished
MunschS68,Morgan_Committed,40 hours/male/60%,-0.07555555555555964,-0.1462818962325517,unpublished
MunschS68,Morgan_Committed,50 hours/female/1%,0.1428205128205114,0.1417930910206344,unpublished
MunschS68,Morgan_Committed,50 hours/female/20%,0.132083333333331,0.1134016202669954,unpublished
MunschS68,Morgan_Committed,50 hours/female/60%,0.08903954802259698,-0.00667080928373953,unpublished
MunschS68,Morgan_Committed,50 hours/male/1%,0.1299999999999979,0.1347036948092813,unpublished
MunschS68,Morgan_Committed,50 hours/male/20%,0.09794871794871636,0.09059262254261656,unpublished
MunschS68,Morgan_Committed,50 hours/male/60%,0.07496855345911867,-0.0270324322079668,unpublished
MunschS68,Morgan_Committed,40 hours/female/1%,0.134126984126989,0.2569055402339596,unpublished
MunschS68,Morgan_Committed,40 hours/female/20%,0.07070707070706977,0.1722363867791378,unpublished
MunschS68,Morgan_Committed,40 hours/female/60%,-0.02777777777777686,0.02860297769696218,unpublished
MunschS68,Morgan_Committed,40 hours/male/1%,0.09907407407407344,0.2388423011710425,unpublished
MunschS68,Morgan_Committed,40 hours/male/20%,0.07555555555555811,0.1462818962325517,unpublished
MunschS68,Morgan_Committed,50 hours/female/1%,0.2183760683760687,0.2880749872531861,unpublished
MunschS68,Morgan_Committed,50 hours/female/20%,0.2076388888888889,0.2596835164995471,unpublished
MunschS68,Morgan_Committed,50 hours/female/60%,0.1645951035781545,0.1396110869488122,unpublished
MunschS68,Morgan_Committed,50 hours/male/1%,0.2055555555555533,0.2809855910418331,unpublished
MunschS68,Morgan_Committed,50 hours/male/20%,0.1735042735042727,0.2368745187751683,unpublished
MunschS68,Morgan_Committed,50 hours/male/60%,0.1505241090146743,0.1192494640245849,unpublished
MunschS68,Morgan_Committed,40 hours/female/1%,-0.08424908424909067,-0.03116944701922652,unpublished
MunschS68,Morgan_Committed,40 hours/female/20%,-0.147668997668998,-0.1158386004740484,unpublished
MunschS68,Morgan_Committed,40 hours/female/60%,-0.2461538461538458,-0.259472009556224,unpublished
MunschS68,Morgan_Committed,40 hours/male/1%,-0.1193019943019969,-0.04923268608214359,unpublished
MunschS68,Morgan_Committed,40 hours/male/20%,-0.1428205128205144,-0.1417930910206344,unpublished
MunschS68,Morgan_Committed,40 hours/male/60%,-0.2183760683760659,-0.2880749872531861,unpublished
MunschS68,Morgan_Committed,50 hours/female/20%,-0.01073717948718202,-0.02839147075363901,unpublished
MunschS68,Morgan_Committed,50 hours/female/60%,-0.0537809647979154,-0.148463900304374,unpublished
MunschS68,Morgan_Committed,50 hours/male/1%,-0.01282051282051478,-0.00708939621135307,unpublished
MunschS68,Morgan_Committed,50 hours/male/20%,-0.04487179487179758,-0.05120046847801784,unpublished
MunschS68,Morgan_Committed,50 hours/male/60%,-0.0678519593613957,-0.1688255232286012,unpublished
MunschS68,Morgan_Committed,40 hours/female/1%,-0.07351190476190979,-0.00277797626558751,unpublished
MunschS68,Morgan_Committed,40 hours/female/20%,-0.1369318181818176,-0.08744712972040936,unpublished
MunschS68,Morgan_Committed,40 hours/female/60%,-0.2354166666666656,-0.231080538802585,unpublished
MunschS68,Morgan_Committed,40 hours/male/1%,-0.1085648148148165,-0.02084121532850458,unpublished
MunschS68,Morgan_Committed,40 hours/male/20%,-0.1320833333333339,-0.1134016202669954,unpublished
MunschS68,Morgan_Committed,40 hours/male/60%,-0.2076388888888857,-0.2596835164995471,unpublished
MunschS68,Morgan_Committed,50 hours/female/1%,0.01073717948717836,0.02839147075363901,unpublished
MunschS68,Morgan_Committed,50 hours/female/60%,-0.04304378531073646,-0.1200724295507349,unpublished
MunschS68,Morgan_Committed,50 hours/male/1%,-0.00208333333333441,0.02130207454228594,unpublished
MunschS68,Morgan_Committed,50 hours/male/20%,-0.03413461538461642,-0.02280899772437883,unpublished
MunschS68,Morgan_Committed,50 hours/male/60%,-0.05711477987421504,-0.1404340524749622,unpublished
MunschS68,Morgan_Committed,40 hours/female/1%,-0.03046811945117301,0.1172944532851474,unpublished
MunschS68,Morgan_Committed,40 hours/female/20%,-0.09388803287108324,0.03262529983032558,unpublished
MunschS68,Morgan_Committed,40 hours/female/60%,-0.1923728813559308,-0.11100810925185,unpublished
MunschS68,Morgan_Committed,40 hours/male/1%,-0.06552102950408153,0.09923121422223036,unpublished
MunschS68,Morgan_Committed,40 hours/male/20%,-0.08903954802259856,0.00667080928373953,unpublished
MunschS68,Morgan_Committed,40 hours/male/60%,-0.1645951035781517,-0.1396110869488122,unpublished
MunschS68,Morgan_Committed,50 hours/female/1%,0.05378096479791371,0.148463900304374,unpublished
MunschS68,Morgan_Committed,50 hours/female/20%,0.0430437853107336,0.1200724295507349,unpublished
MunschS68,Morgan_Committed,50 hours/male/1%,0.04096045197740026,0.1413745040930209,unpublished
MunschS68,Morgan_Committed,50 hours/male/20%,0.00890916992611833,0.0972634318263561,unpublished
MunschS68,Morgan_Committed,50 hours/male/60%,-0.01407099456348048,-0.02036162292422727,unpublished
MunschS68,Morgan_Committed,40 hours/female/1%,-0.07142857142857661,-0.02408005080787345,unpublished
MunschS68,Morgan_Committed,40 hours/female/20%,-0.1348484848484846,-0.1087492042626953,unpublished
MunschS68,Morgan_Committed,40 hours/female/60%,-0.2333333333333324,-0.2523826133448709,unpublished
MunschS68,Morgan_Committed,40 hours/male/1%,-0.1064814814814834,-0.04214328987079052,unpublished
MunschS68,Morgan_Committed,40 hours/male/20%,-0.1300000000000008,-0.1347036948092813,unpublished
MunschS68,Morgan_Committed,40 hours/male/60%,-0.2055555555555526,-0.2809855910418331,unpublished
MunschS68,Morgan_Committed,50 hours/female/1%,0.01282051282051147,0.00708939621135307,unpublished
MunschS68,Morgan_Committed,50 hours/female/20%,0.00208333333333171,-0.02130207454228594,unpublished
MunschS68,Morgan_Committed,50 hours/female/60%,-0.04096045197740246,-0.1413745040930209,unpublished
MunschS68,Morgan_Committed,50 hours/male/20%,-0.03205128205128364,-0.04411107226666477,unpublished
MunschS68,Morgan_Committed,50 hours/male/60%,-0.05503144654088222,-0.1617361270172482,unpublished
MunschS68,Morgan_Committed,40 hours/female/1%,-0.03937728937729327,0.02003102145879132,unpublished
MunschS68,Morgan_Committed,40 hours/female/20%,-0.102797202797203,-0.06463813199603052,unpublished
MunschS68,Morgan_Committed,40 hours/female/60%,-0.2012820512820507,-0.2082715410782061,unpublished
MunschS68,Morgan_Committed,40 hours/male/1%,-0.07443019943020142,0.00196778239587425,unpublished
MunschS68,Morgan_Committed,40 hours/male/20%,-0.09794871794871852,-0.09059262254261656,unpublished
MunschS68,Morgan_Committed,40 hours/male/60%,-0.1735042735042714,-0.2368745187751683,unpublished
MunschS68,Morgan_Committed,50 hours/female/1%,0.04487179487179374,0.05120046847801784,unpublished
MunschS68,Morgan_Committed,50 hours/female/20%,0.03413461538461371,0.02280899772437883,unpublished
MunschS68,Morgan_Committed,50 hours/female/60%,-0.00890916992612089,-0.0972634318263561,unpublished
MunschS68,Morgan_Committed,50 hours/male/1%,0.03205128205128028,0.04411107226666477,unpublished
MunschS68,Morgan_Committed,50 hours/male/60%,-0.02298016448960035,-0.1176250547505834,unpublished
MunschS68,Morgan_Committed,40 hours/female/1%,-0.01639712488769372,0.1376560762093747,unpublished
MunschS68,Morgan_Committed,40 hours/female/20%,-0.07981703830760473,0.05298692275455285,unpublished
MunschS68,Morgan_Committed,40 hours/female/60%,-0.1783018867924523,-0.09064648632762272,unpublished
MunschS68,Morgan_Committed,40 hours/male/1%,-0.05145003494060286,0.1195928371464576,unpublished
MunschS68,Morgan_Committed,40 hours/male/20%,-0.07496855345911975,0.0270324322079668,unpublished
MunschS68,Morgan_Committed,40 hours/male/60%,-0.1505241090146733,-0.1192494640245849,unpublished
MunschS68,Morgan_Committed,50 hours/female/1%,0.06785195936139252,0.1688255232286012,unpublished
MunschS68,Morgan_Committed,50 hours/female/20%,0.05711477987421229,0.1404340524749622,unpublished
MunschS68,Morgan_Committed,50 hours/female/60%,0.01407099456347736,0.02036162292422727,unpublished
MunschS68,Morgan_Committed,50 hours/male/1%,0.05503144654087875,0.1617361270172482,unpublished
MunschS68,Morgan_Committed,50 hours/male/20%,0.02298016448959646,0.1176250547505834,unpublished
Rifkin1073,Stressed,Low,-0.137404732112388,-0.2203553675034807,unpublished
Rifkin1073,Stressed,High,0.137404732112389,0.2203553675034807,unpublished
SchaadS62,still_identify,v2 Narrative Nonconforming Transgender Woman,-0.1280880651011177,-0.04915010506022566,unpublished
SchaadS62,still_identify,v3 Narrative Conforming AMAB Non-Binary Person,-0.1040895306604717,-0.1051989773360382,unpublished
SchaadS62,still_identify,v4 Narrative Nonconforming AMAB Non-Binary Person,-0.1912783080666268,-0.1218683802843042,unpublished
SchaadS62,still_identify,v5 Narrative Conforming Transgender Man,-0.04572778016316399,0.00491343263303212,unpublished
SchaadS62,still_identify,v6 Narrative Nonconforming Transgender Man,-0.160943157652745,-0.04351689490675425,unpublished
SchaadS62,still_identify,v7 Narrative Conforming AFAB Non-Binary Person,-0.1312725243766377,-0.1104993715592998,unpublished
SchaadS62,still_identify,v8 Narrative Nonconforming AFAB Non-Binary Person,-0.1842678403820062,-0.1322953491957638,unpublished
SchaadS62,still_identify,v1 Narrative Conforming Transgender Woman,0.1280880651010972,0.04915010506022566,unpublished
SchaadS62,still_identify,v3 Narrative Conforming AMAB Non-Binary Person,0.02399853444064226,-0.05604887227581257,unpublished
SchaadS62,still_identify,v4 Narrative Nonconforming AMAB Non-Binary Person,-0.06319024296552288,-0.07271827522407859,unpublished
SchaadS62,still_identify,v5 Narrative Conforming Transgender Man,0.08236028493794458,0.05406353769325778,unpublished
SchaadS62,still_identify,v6 Narrative Nonconforming Transgender Man,-0.03285509255163428,0.0056332101534714,unpublished
SchaadS62,still_identify,v7 Narrative Conforming AFAB Non-Binary Person,-0.00318445927552948,-0.06134926649907413,unpublished
SchaadS62,still_identify,v8 Narrative Nonconforming AFAB Non-Binary Person,-0.05617977528089948,-0.08314524413553814,unpublished
SchaadS62,still_identify,v1 Narrative Conforming Transgender Woman,0.1040895306604511,0.1051989773360382,unpublished
SchaadS62,still_identify,v2 Narrative Nonconforming Transgender Woman,-0.0239985344406455,0.05604887227581257,unpublished
SchaadS62,still_identify,v4 Narrative Nonconforming AMAB Non-Binary Person,-0.08718877740617498,-0.01666940294826602,unpublished
SchaadS62,still_identify,v5 Narrative Conforming Transgender Man,0.05836175049729541,0.1101124099690704,unpublished
SchaadS62,still_identify,v6 Narrative Nonconforming Transgender Man,-0.05685362699228143,0.06168208242928397,unpublished
SchaadS62,still_identify,v7 Narrative Conforming AFAB Non-Binary Person,-0.0271829937161766,-0.00530039422326156,unpublished
SchaadS62,still_identify,v8 Narrative Nonconforming AFAB Non-Binary Person,-0.08017830972154537,-0.02709637185972557,unpublished
SchaadS62,still_identify,v1 Narrative Conforming Transgender Woman,0.1912783080666169,0.1218683802843042,unpublished
SchaadS62,still_identify,v2 Narrative Nonconforming Transgender Woman,0.06319024296551683,0.07271827522407859,unpublished
SchaadS62,still_identify,v3 Narrative Conforming AMAB Non-Binary Person,0.08718877740616322,0.01666940294826602,unpublished
SchaadS62,still_identify,v5 Narrative Conforming Transgender Man,0.1455505279034678,0.1267818129173364,unpublished
SchaadS62,still_identify,v6 Narrative Nonconforming Transgender Man,0.03033515041388837,0.07835148537754999,unpublished
SchaadS62,still_identify,v7 Narrative Conforming AFAB Non-Binary Person,0.0600057836899931,0.01136900872500446,unpublished
SchaadS62,still_identify,v8 Narrative Nonconforming AFAB Non-Binary Person,0.00701046768462355,-0.01042696891145955,unpublished
SchaadS62,still_identify,v1 Narrative Conforming Transgender Woman,0.04572778016315514,-0.00491343263303212,unpublished
SchaadS62,still_identify,v2 Narrative Nonconforming Transgender Woman,-0.08236028493793915,-0.05406353769325778,unpublished
SchaadS62,still_identify,v3 Narrative Conforming AMAB Non-Binary Person,-0.05836175049729911,-0.1101124099690704,unpublished
SchaadS62,still_identify,v4 Narrative Nonconforming AMAB Non-Binary Person,-0.1455505279034763,-0.1267818129173364,unpublished
SchaadS62,still_identify,v6 Narrative Nonconforming Transgender Man,-0.115215377489579,-0.04843032753978638,unpublished
SchaadS62,still_identify,v7 Narrative Conforming AFAB Non-Binary Person,-0.08554474421347488,-0.1154128041923319,unpublished
SchaadS62,still_identify,v8 Narrative Nonconforming AFAB Non-Binary Person,-0.1385400602188456,-0.1372087818287959,unpublished
SchaadS62,still_identify,v1 Narrative Conforming Transgender Woman,0.1609431576527274,0.04351689490675425,unpublished
SchaadS62,still_identify,v2 Narrative Nonconforming Transgender Woman,0.0328550925516285,-0.0056332101534714,unpublished
SchaadS62,still_identify,v3 Narrative Conforming AMAB Non-Binary Person,0.05685362699227357,-0.06168208242928397,unpublished
SchaadS62,still_identify,v4 Narrative Nonconforming AMAB Non-Binary Person,-0.03033515041389415,-0.07835148537754999,unpublished
SchaadS62,still_identify,v5 Narrative Conforming Transgender Man,0.115215377489577,0.04843032753978638,unpublished
SchaadS62,still_identify,v7 Narrative Conforming AFAB Non-Binary Person,0.02967063327610132,-0.06698247665254553,unpublished
SchaadS62,still_identify,v8 Narrative Nonconforming AFAB Non-Binary Person,-0.02332468272926737,-0.08877845428900955,unpublished
SchaadS62,still_identify,v1 Narrative Conforming Transgender Woman,0.1312725243766254,0.1104993715592998,unpublished
SchaadS62,still_identify,v2 Narrative Nonconforming Transgender Woman,0.00318445927552774,0.06134926649907413,unpublished
SchaadS62,still_identify,v3 Narrative Conforming AMAB Non-Binary Person,0.02718299371617152,0.00530039422326156,unpublished
SchaadS62,still_identify,v4 Narrative Nonconforming AMAB Non-Binary Person,-0.06000578368999865,-0.01136900872500446,unpublished
SchaadS62,still_identify,v5 Narrative Conforming Transgender Man,0.08554474421347347,0.1154128041923319,unpublished
SchaadS62,still_identify,v6 Narrative Nonconforming Transgender Man,-0.02967063327610517,0.06698247665254553,unpublished
SchaadS62,still_identify,v8 Narrative Nonconforming AFAB Non-Binary Person,-0.05299531600537063,-0.02179597763646401,unpublished
SchaadS62,still_identify,v1 Narrative Conforming Transgender Woman,0.1842678403819926,0.1322953491957638,unpublished
SchaadS62,still_identify,v2 Narrative Nonconforming Transgender Woman,0.05617977528089279,0.08314524413553814,unpublished
SchaadS62,still_identify,v3 Narrative Conforming AMAB Non-Binary Person,0.08017830972153889,0.02709637185972557,unpublished
SchaadS62,still_identify,v4 Narrative Nonconforming AMAB Non-Binary Person,-0.00701046768462693,0.01042696891145955,unpublished
SchaadS62,still_identify,v5 Narrative Conforming Transgender Man,0.1385400602188435,0.1372087818287959,unpublished
SchaadS62,still_identify,v6 Narrative Nonconforming Transgender Man,0.02332468272926478,0.08877845428900955,unpublished
SchaadS62,still_identify,v7 Narrative Conforming AFAB Non-Binary Person,0.0529953160053678,0.02179597763646401,unpublished
Stoker1063,Anger,DrinWat_Pr_P,-0.0892376920414314,-0.134222184407446,unpublished
Stoker1063,Anger,HospDes_Pr_N,-0.2570833006613009,-0.06759062187491294,unpublished
Stoker1063,Anger,HospDes_Pr_P,-0.3144299968944412,-0.5259131882452273,unpublished
Stoker1063,Anger,HSAch_Pr_N,-0.1396011396011433,-0.1237422652884842,unpublished
Stoker1063,Anger,HSAch_Pr_P,-0.23745467495468,-0.3088901104877863,unpublished
Stoker1063,Anger,MarDeb_Pr_N,0.08622858622858742,-0.06206180000587336,unpublished
Stoker1063,Anger,MarDeb_Pr_P,-0.08874041972633522,-0.1093588850738076,unpublished
Stoker1063,Anger,DrinWat_Pr_N,0.0892376920414337,0.134222184407446,unpublished
Stoker1063,Anger,HospDes_Pr_N,-0.1678456086198553,0.0666315625325331,unpublished
Stoker1063,Anger,HospDes_Pr_P,-0.2251923048529952,-0.3916910038377811,unpublished
Stoker1063,Anger,HSAch_Pr_N,-0.05036344755970942,0.01047991911896184,unpublished
Stoker1063,Anger,HSAch_Pr_P,-0.1482169829132456,-0.1746679260803403,unpublished
Stoker1063,Anger,MarDeb_Pr_N,0.1754662782700145,0.07216038440157269,unpublished
Stoker1063,Anger,MarDeb_Pr_P,0.0004972723150940584,0.0248632993336384,unpublished
Stoker1063,Anger,DrinWat_Pr_N,0.2570833006612896,0.06759062187491294,unpublished
Stoker1063,Anger,DrinWat_Pr_P,0.1678456086198632,-0.0666315625325331,unpublished
Stoker1063,Anger,HospDes_Pr_P,-0.05734669623315881,-0.4583225663703143,unpublished
Stoker1063,Anger,HSAch_Pr_N,0.1174821610601537,-0.05615164341357126,unpublished
Stoker1063,Anger,HSAch_Pr_P,0.01962862570661577,-0.2412994886128734,unpublished
Stoker1063,Anger,MarDeb_Pr_N,0.3433118868898914,0.00552882186903958,unpublished
Stoker1063,Anger,MarDeb_Pr_P,0.1683428809349487,-0.0417682631988947,unpublished
Stoker1063,Anger,DrinWat_Pr_N,0.3144299968944516,0.5259131882452273,unpublished
Stoker1063,Anger,DrinWat_Pr_P,0.2251923048530259,0.3916910038377811,unpublished
Stoker1063,Anger,HospDes_Pr_N,0.05734669623317259,0.4583225663703143,unpublished
Stoker1063,Anger,HSAch_Pr_N,0.1748288572933111,0.402170922956743,unpublished
Stoker1063,Anger,HSAch_Pr_P,0.07697532193978075,0.2170230777574409,unpublished
Stoker1063,Anger,MarDeb_Pr_N,0.400658583123045,0.4638513882393538,unpublished
Stoker1063,Anger,MarDeb_Pr_P,0.2256895771681206,0.4165543031714195,unpublished
Stoker1063,Anger,DrinWat_Pr_N,0.1396011396011382,0.1237422652884842,unpublished
Stoker1063,Anger,DrinWat_Pr_P,0.05036344755971059,-0.01047991911896184,unpublished
Stoker1063,Anger,HospDes_Pr_N,-0.1174821610601459,0.05615164341357126,unpublished
Stoker1063,Anger,HospDes_Pr_P,-0.1748288572933188,-0.402170922956743,unpublished
Stoker1063,Anger,HSAch_Pr_P,-0.0978535353535361,-0.1851478451993021,unpublished
Stoker1063,Anger,MarDeb_Pr_N,0.2258297258297277,0.06168046528261084,unpublished
Stoker1063,Anger,MarDeb_Pr_P,0.05086071987480162,0.01438338021467655,unpublished
Stoker1063,Anger,DrinWat_Pr_N,0.2374546749546692,0.3088901104877863,unpublished
Stoker1063,Anger,DrinWat_Pr_P,0.1482169829132426,0.1746679260803403,unpublished
Stoker1063,Anger,HospDes_Pr_N,-0.01962862570661207,0.2412994886128734,unpublished
Stoker1063,Anger,HospDes_Pr_P,-0.07697532193978479,-0.2170230777574409,unpublished
Stoker1063,Anger,HSAch_Pr_N,0.0978535353535303,0.1851478451993021,unpublished
Stoker1063,Anger,MarDeb_Pr_N,0.3236832611832547,0.2468283104819129,unpublished
Stoker1063,Anger,MarDeb_Pr_P,0.1487142552283378,0.1995312254139786,unpublished
Stoker1063,Anger,DrinWat_Pr_N,-0.08622858622858344,0.06206180000587336,unpublished
Stoker1063,Anger,DrinWat_Pr_P,-0.1754662782700134,-0.07216038440157269,unpublished
Stoker1063,Anger,HospDes_Pr_N,-0.343311886889874,-0.00552882186903958,unpublished
Stoker1063,Anger,HospDes_Pr_P,-0.4006585831230473,-0.4638513882393538,unpublished
Stoker1063,Anger,HSAch_Pr_N,-0.2258297258297254,-0.06168046528261084,unpublished
Stoker1063,Anger,HSAch_Pr_P,-0.323683261183259,-0.2468283104819129,unpublished
Stoker1063,Anger,MarDeb_Pr_P,-0.1749690059549235,-0.04729708506793428,unpublished
Stoker1063,Anger,DrinWat_Pr_N,0.08874041972633488,0.1093588850738076,unpublished
Stoker1063,Anger,DrinWat_Pr_P,-0.0004972723150932691,-0.0248632993336384,unpublished
Stoker1063,Anger,HospDes_Pr_N,-0.1683428809349507,0.0417682631988947,unpublished
Stoker1063,Anger,HospDes_Pr_P,-0.2256895771681236,-0.4165543031714195,unpublished
Stoker1063,Anger,HSAch_Pr_N,-0.05086071987480545,-0.01438338021467655,unpublished
Stoker1063,Anger,HSAch_Pr_P,-0.1487142552283392,-0.1995312254139786,unpublished
Stoker1063,Anger,MarDeb_Pr_N,0.1749690059549213,0.04729708506793428,unpublished
Stoker1063,Serious,DrinWat_Pr_P,-0.04265208251215081,-0.08887344368393624,unpublished
Stoker1063,Serious,HospDes_Pr_N,-0.1911777984159948,-0.06364421612072502,unpublished
Stoker1063,Serious,HospDes_Pr_P,-0.2668520898599743,-0.4569512493403029,unpublished
Stoker1063,Serious,HSAch_Pr_N,-0.06974491099565462,-0.03620925327211632,unpublished
Stoker1063,Serious,HSAch_Pr_P,-0.1340309878445486,-0.2157465568801546,unpublished
Stoker1063,Serious,MarDeb_Pr_N,0.04802873986735325,-0.04906456616579435,unpublished
Stoker1063,Serious,MarDeb_Pr_P,-0.07897336940664654,-0.1127037469516342,unpublished
Stoker1063,Serious,DrinWat_Pr_N,0.04265208251216636,0.08887344368393624,unpublished
Stoker1063,Serious,HospDes_Pr_N,-0.1485257159038488,0.02522922756321122,unpublished
Stoker1063,Serious,HospDes_Pr_P,-0.2242000073477732,-0.3680778056563666,unpublished
Stoker1063,Serious,HSAch_Pr_N,-0.02709282848349842,0.05266419041181991,unpublished
Stoker1063,Serious,HSAch_Pr_P,-0.09137890533238968,-0.1268731131962183,unpublished
Stoker1063,Serious,MarDeb_Pr_N,0.0906808223795122,0.03980887751814188,unpublished
Stoker1063,Serious,MarDeb_Pr_P,-0.03632128689448918,-0.02383030326769797,unpublished
Stoker1063,Serious,DrinWat_Pr_N,0.191177798416029,0.06364421612072502,unpublished
Stoker1063,Serious,DrinWat_Pr_P,0.1485257159038637,-0.02522922756321122,unpublished
Stoker1063,Serious,HospDes_Pr_P,-0.07567429144394226,-0.3933070332195778,unpublished
Stoker1063,Serious,HSAch_Pr_N,0.1214328874203609,0.02743496284860869,unpublished
Stoker1063,Serious,HSAch_Pr_P,0.05714681057147185,-0.1521023407594295,unpublished
Stoker1063,Serious,MarDeb_Pr_N,0.2392065382833825,0.01457964995493066,unpublished
Stoker1063,Serious,MarDeb_Pr_P,0.1122044290093701,-0.04905953083090919,unpublished
Stoker1063,Serious,DrinWat_Pr_N,0.2668520898599777,0.4569512493403029,unpublished
Stoker1063,Serious,DrinWat_Pr_P,0.2242000073478085,0.3680778056563666,unpublished
Stoker1063,Serious,HospDes_Pr_N,0.07567429144394616,0.3933070332195778,unpublished
Stoker1063,Serious,HSAch_Pr_N,0.1971071788643092,0.4207419960681865,unpublished
Stoker1063,Serious,HSAch_Pr_P,0.132821102015419,0.2412046924601483,unpublished
Stoker1063,Serious,MarDeb_Pr_N,0.3148808297273242,0.4078866831745085,unpublished
Stoker1063,Serious,MarDeb_Pr_P,0.1878787204533192,0.3442475023886686,unpublished
Stoker1063,Serious,DrinWat_Pr_N,0.06974491099566393,0.03620925327211632,unpublished
Stoker1063,Serious,DrinWat_Pr_P,0.02709282848350498,-0.05266419041181991,unpublished
Stoker1063,Serious,HospDes_Pr_N,-0.1214328874203612,-0.02743496284860869,unpublished
Stoker1063,Serious,HospDes_Pr_P,-0.1971071788642906,-0.4207419960681865,unpublished
Stoker1063,Serious,HSAch_Pr_P,-0.06428607684889019,-0.1795373036080382,unpublished
Stoker1063,Serious,MarDeb_Pr_N,0.1177736508630141,-0.01285531289367802,unpublished
Stoker1063,Serious,MarDeb_Pr_P,-0.00922845841098972,-0.07649449367951788,unpublished
Stoker1063,Serious,DrinWat_Pr_N,0.1340309878445545,0.2157465568801546,unpublished
Stoker1063,Serious,DrinWat_Pr_P,0.09137890533239218,0.1268731131962183,unpublished
Stoker1063,Serious,HospDes_Pr_N,-0.05714681057147269,0.1521023407594295,unpublished
Stoker1063,Serious,HospDes_Pr_P,-0.1328211020154064,-0.2412046924601483,unpublished
Stoker1063,Serious,HSAch_Pr_N,0.06428607684888867,0.1795373036080382,unpublished
Stoker1063,Serious,MarDeb_Pr_N,0.1820597277119006,0.1666819907143602,unpublished
Stoker1063,Serious,MarDeb_Pr_P,0.05505761843790021,0.1030428099285203,unpublished
Stoker1063,Serious,DrinWat_Pr_N,-0.04802873986735042,0.04906456616579435,unpublished
Stoker1063,Serious,DrinWat_Pr_P,-0.09068082237950324,-0.03980887751814188,unpublished
Stoker1063,Serious,HospDes_Pr_N,-0.2392065382833718,-0.01457964995493066,unpublished
Stoker1063,Serious,HospDes_Pr_P,-0.3148808297272932,-0.4078866831745085,unpublished
Stoker1063,Serious,HSAch_Pr_N,-0.1177736508630104,0.01285531289367802,unpublished
Stoker1063,Serious,HSAch_Pr_P,-0.1820597277118997,-0.1666819907143602,unpublished
Stoker1063,Serious,MarDeb_Pr_P,-0.1270021092740009,-0.06363918078583986,unpublished
Stoker1063,Serious,DrinWat_Pr_N,0.07897336940665363,0.1127037469516342,unpublished
Stoker1063,Serious,DrinWat_Pr_P,0.03632128689449417,0.02383030326769797,unpublished
Stoker1063,Serious,HospDes_Pr_N,-0.1122044290093718,0.04905953083090919,unpublished
Stoker1063,Serious,HospDes_Pr_P,-0.1878787204533018,-0.3442475023886686,unpublished
Stoker1063,Serious,HSAch_Pr_N,0.00922845841098953,0.07649449367951788,unpublished
Stoker1063,Serious,HSAch_Pr_P,-0.05505761843789985,-0.1030428099285203,unpublished
Stoker1063,Serious,MarDeb_Pr_N,0.127002109274002,0.06363918078583986,unpublished
Stoker1063,Worry,DrinWat_Pr_P,-0.05066022861647226,-0.06336040953330546,unpublished
Stoker1063,Worry,HospDes_Pr_N,-0.2141399874450649,-0.07151230793332586,unpublished
Stoker1063,Worry,HospDes_Pr_P,-0.2577283871655216,-0.3209401614332824,unpublished
Stoker1063,Worry,HSAch_Pr_N,-0.0505136745650255,0.0230194344839697,unpublished
Stoker1063,Worry,HSAch_Pr_P,-0.1402755569768659,-0.1475620895106422,unpublished
Stoker1063,Worry,MarDeb_Pr_N,0.08336403831982445,0.01065057558143223,unpublished
Stoker1063,Worry,MarDeb_Pr_P,-0.0320846927137188,-0.02901470563620944,unpublished
Stoker1063,Worry,DrinWat_Pr_N,0.0506602286164711,0.06336040953330546,unpublished
Stoker1063,Worry,HospDes_Pr_N,-0.1634797588286038,-0.00815189840002039,unpublished
Stoker1063,Worry,HospDes_Pr_P,-0.2070681585490643,-0.2575797518999769,unpublished
Stoker1063,Worry,HSAch_Pr_N,0.0001465540514460877,0.08637984401727516,unpublished
Stoker1063,Worry,HSAch_Pr_P,-0.08961532836039378,-0.08420167997733674,unpublished
Stoker1063,Worry,MarDeb_Pr_N,0.1340242669362974,0.07401098511473769,unpublished
Stoker1063,Worry,MarDeb_Pr_P,0.01857553590275293,0.03434570389709601,unpublished
Stoker1063,Worry,DrinWat_Pr_N,0.2141399874450604,0.07151230793332586,unpublished
Stoker1063,Worry,DrinWat_Pr_P,0.1634797588285898,0.00815189840002039,unpublished
Stoker1063,Worry,HospDes_Pr_P,-0.04358839972047921,-0.2494278534999565,unpublished
Stoker1063,Worry,HSAch_Pr_N,0.1636263128800423,0.09453174241729556,unpublished
Stoker1063,Worry,HSAch_Pr_P,0.07386443046819963,-0.07604978157731634,unpublished
Stoker1063,Worry,MarDeb_Pr_N,0.2975040257648868,0.08216288351475809,unpublished
Stoker1063,Worry,MarDeb_Pr_P,0.1820552947313507,0.04249760229711641,unpublished
Stoker1063,Worry,DrinWat_Pr_N,0.2577283871655374,0.3209401614332824,unpublished
Stoker1063,Worry,DrinWat_Pr_P,0.2070681585490673,0.2575797518999769,unpublished
Stoker1063,Worry,HospDes_Pr_N,0.04358839972047236,0.2494278534999565,unpublished
Stoker1063,Worry,HSAch_Pr_N,0.2072147126005199,0.3439595959172521,unpublished
Stoker1063,Worry,HSAch_Pr_P,0.1174528301886796,0.1733780719226402,unpublished
Stoker1063,Worry,MarDeb_Pr_N,0.3410924254853726,0.3315907370147146,unpublished
Stoker1063,Worry,MarDeb_Pr_P,0.225643694451825,0.2919254557970729,unpublished
Stoker1063,Worry,DrinWat_Pr_N,0.0505136745650226,-0.0230194344839697,unpublished
Stoker1063,Worry,DrinWat_Pr_P,-0.0001465540514497756,-0.08637984401727516,unpublished
Stoker1063,Worry,HospDes_Pr_N,-0.1636263128800401,-0.09453174241729556,unpublished
Stoker1063,Worry,HospDes_Pr_P,-0.207214712600523,-0.3439595959172521,unpublished
Stoker1063,Worry,HSAch_Pr_P,-0.08976188241184245,-0.1705815239946119,unpublished
Stoker1063,Worry,MarDeb_Pr_N,0.1338777128848454,-0.01236885890253747,unpublished
Stoker1063,Worry,MarDeb_Pr_P,0.01842898185130528,-0.05203414012017915,unpublished
Stoker1063,Worry,DrinWat_Pr_N,0.1402755569768611,0.1475620895106422,unpublished
Stoker1063,Worry,DrinWat_Pr_P,0.08961532836038964,0.08420167997733674,unpublished
Stoker1063,Worry,HospDes_Pr_N,-0.07386443046820267,0.07604978157731634,unpublished
Stoker1063,Worry,HospDes_Pr_P,-0.1174528301886844,-0.1733780719226402,unpublished
Stoker1063,Worry,HSAch_Pr_N,0.08976188241184035,0.1705815239946119,unpublished
Stoker1063,Worry,MarDeb_Pr_N,0.2236395952966922,0.1582126650920744,unpublished
Stoker1063,Worry,MarDeb_Pr_P,0.1081908642631451,0.1185473838744328,unpublished
Stoker1063,Worry,DrinWat_Pr_N,-0.08336403831981919,-0.01065057558143223,unpublished
Stoker1063,Worry,DrinWat_Pr_P,-0.134024266936293,-0.07401098511473769,unpublished
Stoker1063,Worry,HospDes_Pr_N,-0.2975040257648803,-0.08216288351475809,unpublished
Stoker1063,Worry,HospDes_Pr_P,-0.3410924254853649,-0.3315907370147146,unpublished
Stoker1063,Worry,HSAch_Pr_N,-0.1338777128848499,0.01236885890253747,unpublished
Stoker1063,Worry,HSAch_Pr_P,-0.2236395952966904,-0.1582126650920744,unpublished
Stoker1063,Worry,MarDeb_Pr_P,-0.1154487310335431,-0.03966528121764168,unpublished
Stoker1063,Worry,DrinWat_Pr_N,0.03208469271371835,0.02901470563620944,unpublished
Stoker1063,Worry,DrinWat_Pr_P,-0.01857553590275421,-0.03434570389709601,unpublished
Stoker1063,Worry,HospDes_Pr_N,-0.1820552947313441,-0.04249760229711641,unpublished
Stoker1063,Worry,HospDes_Pr_P,-0.2256436944518272,-0.2919254557970729,unpublished
Stoker1063,Worry,HSAch_Pr_N,-0.01842898185130717,0.05203414012017915,unpublished
Stoker1063,Worry,HSAch_Pr_P,-0.1081908642631476,-0.1185473838744328,unpublished
Stoker1063,Worry,MarDeb_Pr_N,0.1154487310335425,0.03966528121764168,unpublished
Terman1029,donating to HRAC,International Rights Group Condemns Abuses in the US- “reintegrative”,-0.02143596280230204,-0.02797299530699576,unpublished
Terman1029,donating to HRAC,International Rights Group Condemns Abuses in the US- “stigmatic”,-0.03325820297099716,-0.04899044922541518,unpublished
Terman1029,donating to HRAC,New York Rights Group Condemns Abuses in the United States,-0.02960698089872115,-0.08619741718468266,unpublished
Terman1029,donating to HRAC,Rights Group Condemns Abuses Worldwide,-0.00735817707097073,-0.06832552168767658,unpublished
Terman1029,donating to HRAC,International Rights Group Codemns Abuse in US,0.02143596280229935,0.02797299530699576,unpublished
Terman1029,donating to HRAC,International Rights Group Condemns Abuses in the US- “stigmatic”,-0.01182224016869711,-0.02101745391841941,unpublished
Terman1029,donating to HRAC,New York Rights Group Condemns Abuses in the United States,-0.00817101809642164,-0.05822442187768689,unpublished
Terman1029,donating to HRAC,Rights Group Condemns Abuses Worldwide,0.01407778573132883,-0.04035252638068082,unpublished
Terman1029,donating to HRAC,International Rights Group Codemns Abuse in US,0.03325820297099639,0.04899044922541518,unpublished
Terman1029,donating to HRAC,International Rights Group Condemns Abuses in the US- “reintegrative”,0.01182224016869715,0.02101745391841941,unpublished
Terman1029,donating to HRAC,New York Rights Group Condemns Abuses in the United States,0.00365122207227519,-0.03720696795926748,unpublished
Terman1029,donating to HRAC,Rights Group Condemns Abuses Worldwide,0.02590002590002669,-0.0193350724622614,unpublished
Terman1029,donating to HRAC,International Rights Group Codemns Abuse in US,0.02960698089872105,0.08619741718468266,unpublished
Terman1029,donating to HRAC,International Rights Group Condemns Abuses in the US- “reintegrative”,0.00817101809642182,0.05822442187768689,unpublished
Terman1029,donating to HRAC,International Rights Group Condemns Abuses in the US- “stigmatic”,-0.00365122207227522,0.03720696795926748,unpublished
Terman1029,donating to HRAC,Rights Group Condemns Abuses Worldwide,0.02224880382775083,0.01787189549700607,unpublished
Terman1029,donating to HRAC,International Rights Group Codemns Abuse in US,0.00735817707097091,0.06832552168767658,unpublished
Terman1029,donating to HRAC,International Rights Group Condemns Abuses in the US- “reintegrative”,-0.01407778573132825,0.04035252638068082,unpublished
Terman1029,donating to HRAC,International Rights Group Condemns Abuses in the US- “stigmatic”,-0.02590002590002595,0.0193350724622614,unpublished
Terman1029,donating to HRAC,New York Rights Group Condemns Abuses in the United States,-0.02224880382775049,-0.01787189549700607,unpublished
Terman1029,naitonalist superiority,International Rights Group Condemns Abuses in the US- “reintegrative”,-0.00915495801033841,0.1429571739061336,unpublished
Terman1029,naitonalist superiority,International Rights Group Condemns Abuses in the US- “stigmatic”,-0.035308231819859,-0.00240173012531963,unpublished
Terman1029,naitonalist superiority,New York Rights Group Condemns Abuses in the United States,-0.00219134870297762,0.00959449275768981,unpublished
Terman1029,naitonalist superiority,Rights Group Condemns Abuses Worldwide,-0.0237298908060356,0.08204424379140796,unpublished
Terman1029,naitonalist superiority,International Rights Group Codemns Abuse in US,0.00915495801033486,-0.1429571739061336,unpublished
Terman1029,naitonalist superiority,International Rights Group Condemns Abuses in the US- “stigmatic”,-0.02615327380952559,-0.1453589040314532,unpublished
Terman1029,naitonalist superiority,New York Rights Group Condemns Abuses in the United States,0.00696360930735933,-0.1333626811484438,unpublished
Terman1029,naitonalist superiority,Rights Group Condemns Abuses Worldwide,-0.01457493279569949,-0.06091293011472565,unpublished
Terman1029,naitonalist superiority,International Rights Group Codemns Abuse in US,0.03530823181985761,0.00240173012531963,unpublished
Terman1029,naitonalist superiority,International Rights Group Condemns Abuses in the US- “reintegrative”,0.02615327380952176,0.1453589040314532,unpublished
Terman1029,naitonalist superiority,New York Rights Group Condemns Abuses in the United States,0.03311688311688095,0.01199622288300944,unpublished
Terman1029,naitonalist superiority,Rights Group Condemns Abuses Worldwide,0.01157834101382339,0.08444597391672759,unpublished
Terman1029,naitonalist superiority,International Rights Group Codemns Abuse in US,0.00219134870297464,-0.00959449275768981,unpublished
Terman1029,naitonalist superiority,International Rights Group Condemns Abuses in the US- “reintegrative”,-0.00696360930736101,0.1333626811484438,unpublished
Terman1029,naitonalist superiority,International Rights Group Condemns Abuses in the US- “stigmatic”,-0.03311688311688537,-0.01199622288300944,unpublished
Terman1029,naitonalist superiority,Rights Group Condemns Abuses Worldwide,-0.02153854210306039,0.07244975103371815,unpublished
Terman1029,naitonalist superiority,International Rights Group Codemns Abuse in US,0.02372989080603337,-0.08204424379140796,unpublished
Terman1029,naitonalist superiority,International Rights Group Condemns Abuses in the US- “reintegrative”,0.01457493279569759,0.06091293011472565,unpublished
Terman1029,naitonalist superiority,International Rights Group Condemns Abuses in the US- “stigmatic”,-0.01157834101382505,-0.08444597391672759,unpublished
Terman1029,naitonalist superiority,New York Rights Group Condemns Abuses in the United States,0.0215385421030563,-0.07244975103371815,unpublished
Terman1029,perception of domestic human rights conditions,International Rights Group Condemns Abuses in the US- “reintegrative”,0.02097706980519607,0.03898685743164609,unpublished
Terman1029,perception of domestic human rights conditions,International Rights Group Condemns Abuses in the US- “stigmatic”,0.01135706018518377,0.02112281231323054,unpublished
Terman1029,perception of domestic human rights conditions,New York Rights Group Condemns Abuses in the United States,0.00214590097402586,0.01878165331135584,unpublished
Terman1029,perception of domestic human rights conditions,Rights Group Condemns Abuses Worldwide,-0.01005807152406444,0.01729731142373147,unpublished
Terman1029,perception of domestic human rights conditions,International Rights Group Codemns Abuse in US,-0.02097706980519395,-0.03898685743164609,unpublished
Terman1029,perception of domestic human rights conditions,International Rights Group Condemns Abuses in the US- “stigmatic”,-0.00962000962000832,-0.01786404511841555,unpublished
Terman1029,perception of domestic human rights conditions,New York Rights Group Condemns Abuses in the United States,-0.01883116883116782,-0.02020520412029025,unpublished
Terman1029,perception of domestic human rights conditions,Rights Group Condemns Abuses Worldwide,-0.0310351413292578,-0.02168954600791461,unpublished
Terman1029,perception of domestic human rights conditions,International Rights Group Codemns Abuse in US,-0.01135706018518534,-0.02112281231323054,unpublished
Terman1029,perception of domestic human rights conditions,International Rights Group Condemns Abuses in the US- “reintegrative”,0.00962000962000901,0.01786404511841555,unpublished
Terman1029,perception of domestic human rights conditions,New York Rights Group Condemns Abuses in the United States,-0.00921115921115896,-0.0023411590018747,unpublished
Terman1029,perception of domestic human rights conditions,Rights Group Condemns Abuses Worldwide,-0.02141513170924944,-0.00382550088949906,unpublished
Terman1029,perception of domestic human rights conditions,International Rights Group Codemns Abuse in US,-0.00214590097402673,-0.01878165331135584,unpublished
Terman1029,perception of domestic human rights conditions,International Rights Group Condemns Abuses in the US- “reintegrative”,0.01883116883116713,0.02020520412029025,unpublished
Terman1029,perception of domestic human rights conditions,International Rights Group Condemns Abuses in the US- “stigmatic”,0.00921115921115874,0.0023411590018747,unpublished
Terman1029,perception of domestic human rights conditions,Rights Group Condemns Abuses Worldwide,-0.01220397249809067,-0.00148434188762436,unpublished
Terman1029,perception of domestic human rights conditions,International Rights Group Codemns Abuse in US,0.01005807152406353,-0.01729731142373147,unpublished
Terman1029,perception of domestic human rights conditions,International Rights Group Condemns Abuses in the US- “reintegrative”,0.03103514132925675,0.02168954600791461,unpublished
Terman1029,perception of domestic human rights conditions,International Rights Group Condemns Abuses in the US- “stigmatic”,0.02141513170924965,0.00382550088949906,unpublished
Terman1029,perception of domestic human rights conditions,New York Rights Group Condemns Abuses in the United States,0.01220397249809011,0.00148434188762436,unpublished
ThorsonS42,Facebook,"DVs second, misinformation",-0.02020051817252669,-0.00398452373904145,unpublished
ThorsonS42,Facebook,"DVs second, misinformation, social media",-0.03612611639296945,0.01264038193723809,unpublished
ThorsonS42,Facebook,DVs first,0.02020051817252998,0.00398452373904145,unpublished
ThorsonS42,Facebook,"DVs second, misinformation, social media",-0.01592559822044029,0.01662490567627955,unpublished
ThorsonS42,Facebook,DVs first,0.03612611639297004,-0.01264038193723809,unpublished
ThorsonS42,Facebook,"DVs second, misinformation",0.0159255982204395,-0.01662490567627955,unpublished
ThorsonS42,Local Newspapers,"DVs second, misinformation",0.01428396993514745,-0.03948236642036562,unpublished
ThorsonS42,Local Newspapers,"DVs second, misinformation, social media",0.03852755926796761,-0.04852279369353451,unpublished
ThorsonS42,Local Newspapers,DVs first,-0.01428396993515006,0.03948236642036562,unpublished
ThorsonS42,Local Newspapers,"DVs second, misinformation, social media",0.02424358933281834,-0.00904042727316889,unpublished
ThorsonS42,Local Newspapers,DVs first,-0.03852755926797187,0.04852279369353451,unpublished
ThorsonS42,Local Newspapers,"DVs second, misinformation",-0.02424358933282189,0.00904042727316889,unpublished
ThorsonS42,National newspapers,"DVs second, misinformation",0.02736431220009063,-0.03028133915847664,unpublished
ThorsonS42,National newspapers,"DVs second, misinformation, social media",0.04038144647254919,-0.04427184713474619,unpublished
ThorsonS42,National newspapers,DVs first,-0.0273643122000848,0.03028133915847664,unpublished
ThorsonS42,National newspapers,"DVs second, misinformation, social media",0.01301713427246236,-0.01399050797626955,unpublished
ThorsonS42,National newspapers,DVs first,-0.04038144647254429,0.04427184713474619,unpublished
ThorsonS42,National newspapers,"DVs second, misinformation",-0.01301713427245832,0.01399050797626955,unpublished
WallaceS9,credibility,Group 2,-0.00769184866928949,-0.1712528398498798,unpublished
WallaceS9,credibility,Group 3,0.1897660818713363,0.0931760547831254,unpublished
WallaceS9,credibility,Group 4,-0.09229858392538126,-0.2360776467482908,unpublished
WallaceS9,credibility,Group 5,0.2102158549526943,0.08036941284826804,unpublished
WallaceS9,credibility,Group 6,-0.09656620182935688,-0.2687613780657808,unpublished
WallaceS9,credibility,Group 7,0.1868810916179392,0.1413850597716481,unpublished
WallaceS9,credibility,Group 8,-0.1196079066053773,-0.3070463919639754,unpublished
WallaceS9,credibility,Group 1,0.00769184866929181,0.1712528398498798,unpublished
WallaceS9,credibility,Group 3,0.1974579305406346,0.2644288946330052,unpublished
WallaceS9,credibility,Group 4,-0.08460673525607992,-0.06482480689841108,unpublished
WallaceS9,credibility,Group 5,0.2179077036220013,0.2516222526981478,unpublished
WallaceS9,credibility,Group 6,-0.08887435316006753,-0.097508538215901,unpublished
WallaceS9,credibility,Group 7,0.1945729402872291,0.3126378996215278,unpublished
WallaceS9,credibility,Group 8,-0.1119160579360889,-0.1357935521140956,unpublished
WallaceS9,credibility,Group 1,-0.1897660818713426,-0.0931760547831254,unpublished
WallaceS9,credibility,Group 2,-0.1974579305406456,-0.2644288946330052,unpublished
WallaceS9,credibility,Group 4,-0.2820646657967111,-0.3292537015314163,unpublished
WallaceS9,credibility,Group 5,0.02044977308135151,-0.01280664193485736,unpublished
WallaceS9,credibility,Group 6,-0.2863322837007109,-0.3619374328489062,unpublished
WallaceS9,credibility,Group 7,-0.00288499025340915,0.04820900498852265,unpublished
WallaceS9,credibility,Group 8,-0.3093739884767239,-0.4002224467471008,unpublished
WallaceS9,credibility,Group 1,0.09229858392537409,0.2360776467482908,unpublished
WallaceS9,credibility,Group 2,0.0846067352560969,0.06482480689841108,unpublished
WallaceS9,credibility,Group 3,0.2820646657967192,0.3292537015314163,unpublished
WallaceS9,credibility,Group 5,0.3025144388780685,0.3164470595965589,unpublished
WallaceS9,credibility,Group 6,-0.00426761790397859,-0.03268373131748992,unpublished
WallaceS9,credibility,Group 7,0.2791796755433147,0.3774627065199389,unpublished
WallaceS9,credibility,Group 8,-0.02730932268000003,-0.07096874521568453,unpublished
WallaceS9,credibility,Group 1,-0.2102158549526969,-0.08036941284826804,unpublished
WallaceS9,credibility,Group 2,-0.2179077036220018,-0.2516222526981478,unpublished
WallaceS9,credibility,Group 3,-0.02044977308134976,0.01280664193485736,unpublished
WallaceS9,credibility,Group 4,-0.3025144388780791,-0.3164470595965589,unpublished
WallaceS9,credibility,Group 6,-0.3067820567820667,-0.3491307909140488,unpublished
WallaceS9,credibility,Group 7,-0.02333476333476111,0.06101564692338002,unpublished
WallaceS9,credibility,Group 8,-0.329823761558076,-0.3874158048122434,unpublished
WallaceS9,credibility,Group 1,0.09656620182935402,0.2687613780657808,unpublished
WallaceS9,credibility,Group 2,0.08887435316007725,0.097508538215901,unpublished
WallaceS9,credibility,Group 3,0.2863322837006991,0.3619374328489062,unpublished
WallaceS9,credibility,Group 4,0.00426761790397966,0.03268373131748992,unpublished
WallaceS9,credibility,Group 5,0.3067820567820509,0.3491307909140488,unpublished
WallaceS9,credibility,Group 7,0.2834472934472947,0.4101464378374288,unpublished
WallaceS9,credibility,Group 8,-0.02304170477602066,-0.03828501389819461,unpublished
WallaceS9,credibility,Group 1,-0.1868810916179318,-0.1413850597716481,unpublished
WallaceS9,credibility,Group 2,-0.1945729402872345,-0.3126378996215278,unpublished
WallaceS9,credibility,Group 3,0.00288499025341525,-0.04820900498852265,unpublished
WallaceS9,credibility,Group 4,-0.2791796755433134,-0.3774627065199389,unpublished
WallaceS9,credibility,Group 5,0.0233347633347616,-0.06101564692338002,unpublished
WallaceS9,credibility,Group 6,-0.2834472934472917,-0.4101464378374288,unpublished
WallaceS9,credibility,Group 8,-0.3064889982233108,-0.4484314517356234,unpublished
WallaceS9,credibility,Group 1,0.1196079066053766,0.3070463919639754,unpublished
WallaceS9,credibility,Group 2,0.111916057936102,0.1357935521140956,unpublished
WallaceS9,credibility,Group 3,0.3093739884767215,0.4002224467471008,unpublished
WallaceS9,credibility,Group 4,0.02730932268000286,0.07096874521568453,unpublished
WallaceS9,credibility,Group 5,0.3298237615580739,0.3874158048122434,unpublished
WallaceS9,credibility,Group 6,0.02304170477602519,0.03828501389819461,unpublished
WallaceS9,credibility,Group 7,0.3064889982233186,0.4484314517356234,unpublished
WallaceS9,president_approval,Group 2,-0.03316194769215457,-0.2126519929352086,unpublished
WallaceS9,president_approval,Group 3,0.1371108034224535,0.1275208756746123,unpublished
WallaceS9,president_approval,Group 4,-0.1130739711525624,-0.2910632866444406,unpublished
WallaceS9,president_approval,Group 5,0.1650521173183463,0.1726730479031364,unpublished
WallaceS9,president_approval,Group 6,-0.114298987271201,-0.321102058842072,unpublished
WallaceS9,president_approval,Group 7,0.1706970726184706,0.2522047210858991,unpublished
WallaceS9,president_approval,Group 8,-0.1569071367569556,-0.3535955862129576,unpublished
WallaceS9,president_approval,Group 1,0.03316194769216262,0.2126519929352086,unpublished
WallaceS9,president_approval,Group 3,0.1702727511146074,0.3401728686098209,unpublished
WallaceS9,president_approval,Group 4,-0.07991202346041086,-0.07841129370923205,unpublished
WallaceS9,president_approval,Group 5,0.198214065010499,0.385325040838345,unpublished
WallaceS9,president_approval,Group 6,-0.081137039579043,-0.1084500659068634,unpublished
WallaceS9,president_approval,Group 7,0.2038590203106341,0.4648567140211077,unpublished
WallaceS9,president_approval,Group 8,-0.1237451890647942,-0.140943593277749,unpublished
WallaceS9,president_approval,Group 1,-0.1371108034224481,-0.1275208756746123,unpublished
WallaceS9,president_approval,Group 2,-0.1702727511146129,-0.3401728686098209,unpublished
WallaceS9,president_approval,Group 4,-0.2501847745750333,-0.418584162319053,unpublished
WallaceS9,president_approval,Group 5,0.02794131389589439,0.04515217222852408,unpublished
WallaceS9,president_approval,Group 6,-0.2514097906936604,-0.4486229345166843,unpublished
WallaceS9,president_approval,Group 7,0.03358626919602427,0.1246838454112867,unpublished
WallaceS9,president_approval,Group 8,-0.294017940179402,-0.4811164618875699,unpublished
WallaceS9,president_approval,Group 1,0.1130739711525759,0.2910632866444406,unpublished
WallaceS9,president_approval,Group 2,0.07991202346041366,0.07841129370923205,unpublished
WallaceS9,president_approval,Group 3,0.2501847745750304,0.418584162319053,unpublished
WallaceS9,president_approval,Group 5,0.2781260884709092,0.4637363345475771,unpublished
WallaceS9,president_approval,Group 6,-0.00122501611863129,-0.03003877219763134,unpublished
WallaceS9,president_approval,Group 7,0.2837710437710462,0.5432680077303398,unpublished
WallaceS9,president_approval,Group 8,-0.0438331656043821,-0.06253229956851697,unpublished
WallaceS9,president_approval,Group 1,-0.1650521173183412,-0.1726730479031364,unpublished
WallaceS9,president_approval,Group 2,-0.1982140650105064,-0.385325040838345,unpublished
WallaceS9,president_approval,Group 3,-0.02794131389589996,-0.04515217222852408,unpublished
WallaceS9,president_approval,Group 4,-0.2781260884709191,-0.4637363345475771,unpublished
WallaceS9,president_approval,Group 6,-0.2793511045895414,-0.4937751067452084,unpublished
WallaceS9,president_approval,Group 7,0.00564495530012713,0.07953167318276266,unpublished
WallaceS9,president_approval,Group 8,-0.321959254075301,-0.526268634116094,unpublished
WallaceS9,president_approval,Group 1,0.1142989872712108,0.321102058842072,unpublished
WallaceS9,president_approval,Group 2,0.08113703957904865,0.1084500659068634,unpublished
WallaceS9,president_approval,Group 3,0.2514097906936654,0.4486229345166843,unpublished
WallaceS9,president_approval,Group 4,0.00122501611863722,0.03003877219763134,unpublished
WallaceS9,president_approval,Group 5,0.2793511045895498,0.4937751067452084,unpublished
WallaceS9,president_approval,Group 7,0.2849960598896786,0.5733067799279711,unpublished
WallaceS9,president_approval,Group 8,-0.04260814948574909,-0.03249352737088562,unpublished
WallaceS9,president_approval,Group 1,-0.1706970726184744,-0.2522047210858991,unpublished
WallaceS9,president_approval,Group 2,-0.2038590203106395,-0.4648567140211077,unpublished
WallaceS9,president_approval,Group 3,-0.03358626919603336,-0.1246838454112867,unpublished
WallaceS9,president_approval,Group 4,-0.2837710437710523,-0.5432680077303398,unpublished
WallaceS9,president_approval,Group 5,-0.00564495530013621,-0.07953167318276266,unpublished
WallaceS9,president_approval,Group 6,-0.2849960598896847,-0.5733067799279711,unpublished
WallaceS9,president_approval,Group 8,-0.3276042093754271,-0.6058003072988567,unpublished
WallaceS9,president_approval,Group 1,0.1569071367569599,0.3535955862129576,unpublished
WallaceS9,president_approval,Group 2,0.1237451890647982,0.140943593277749,unpublished
WallaceS9,president_approval,Group 3,0.2940179401794166,0.4811164618875699,unpublished
WallaceS9,president_approval,Group 4,0.04383316560438698,0.06253229956851697,unpublished
WallaceS9,president_approval,Group 5,0.3219592540752991,0.526268634116094,unpublished
WallaceS9,president_approval,Group 6,0.04260814948574849,0.03249352737088562,unpublished
WallaceS9,president_approval,Group 7,0.3276042093754259,0.6058003072988567,unpublished
berganS20,support,2 [Democrat with instruction],0.04075776397515541,0.06987888504625928,unpublished
berganS20,support,1 [Republican with instruction],-0.0407577639751549,-0.06987888504625928,unpublished
bolsenM6,Providing Personal Pronouns,Descriptive Information,-0.00522459674747728,0.01624631408215737,unpublished
bolsenM6,Providing Personal Pronouns,Descriptive Information + Injunctive Norm,-0.01575491583672034,0.06823661912851509,unpublished
bolsenM6,Providing Personal Pronouns,Injunctive Norm,-0.07400708201741664,0.07916507731434852,unpublished
bolsenM6,Providing Personal Pronouns,Baseline,0.0052245967474789,-0.01624631408215737,unpublished
bolsenM6,Providing Personal Pronouns,Descriptive Information + Injunctive Norm,-0.01053031908924137,0.05199030504635771,unpublished
bolsenM6,Providing Personal Pronouns,Injunctive Norm,-0.06878248526994082,0.06291876323219114,unpublished
bolsenM6,Providing Personal Pronouns,Baseline,0.01575491583672112,-0.06823661912851509,unpublished
bolsenM6,Providing Personal Pronouns,Descriptive Information,0.01053031908924309,-0.05199030504635771,unpublished
bolsenM6,Providing Personal Pronouns,Injunctive Norm,-0.05825216618069756,0.01092845818583343,unpublished
bolsenM6,Providing Personal Pronouns,Baseline,0.0740070820174165,-0.07916507731434852,unpublished
bolsenM6,Providing Personal Pronouns,Descriptive Information,0.06878248526994094,-0.06291876323219114,unpublished
bolsenM6,Providing Personal Pronouns,Descriptive Information + Injunctive Norm,0.05825216618069684,-0.01092845818583343,unpublished
bolsenM6,They/Them Pronouns in Forms,Descriptive Information,-0.00320132542354829,0.00518063831183357,unpublished
bolsenM6,They/Them Pronouns in Forms,Descriptive Information + Injunctive Norm,0.02114468446126836,0.05172973847092299,unpublished
bolsenM6,They/Them Pronouns in Forms,Injunctive Norm,-0.03159638715194423,0.08327180917359256,unpublished
bolsenM6,They/Them Pronouns in Forms,Baseline,0.00320132542354656,-0.00518063831183357,unpublished
bolsenM6,They/Them Pronouns in Forms,Descriptive Information + Injunctive Norm,0.02434600988481371,0.04654910015908942,unpublished
bolsenM6,They/Them Pronouns in Forms,Injunctive Norm,-0.02839506172839612,0.07809117086175899,unpublished
bolsenM6,They/Them Pronouns in Forms,Baseline,-0.02114468446126764,-0.05172973847092299,unpublished
bolsenM6,They/Them Pronouns in Forms,Descriptive Information,-0.02434600988481694,-0.04654910015908942,unpublished
bolsenM6,They/Them Pronouns in Forms,Injunctive Norm,-0.05274107161321129,0.03154207070266957,unpublished
bolsenM6,They/Them Pronouns in Forms,Baseline,0.03159638715194055,-0.08327180917359256,unpublished
bolsenM6,They/Them Pronouns in Forms,Descriptive Information,0.02839506172839533,-0.07809117086175899,unpublished
bolsenM6,They/Them Pronouns in Forms,Descriptive Information + Injunctive Norm,0.05274107161320797,-0.03154207070266957,unpublished
bolsenM6,Using They/Them Pronouns,Descriptive Information,0.00485748532623465,-0.02619151312540735,unpublished
bolsenM6,Using They/Them Pronouns,Descriptive Information + Injunctive Norm,0.00682884910664347,0.02924019168219305,unpublished
bolsenM6,Using They/Them Pronouns,Injunctive Norm,0.00492219650205667,0.07167083514979722,unpublished
bolsenM6,Using They/Them Pronouns,Baseline,-0.00485748532623571,0.02619151312540735,unpublished
bolsenM6,Using They/Them Pronouns,Descriptive Information + Injunctive Norm,0.001971363780409,0.0554317048076004,unpublished
bolsenM6,Using They/Them Pronouns,Injunctive Norm,6.47111758215935e-05,0.09786234827520456,unpublished
bolsenM6,Using They/Them Pronouns,Baseline,-0.00682884910664508,-0.02924019168219305,unpublished
bolsenM6,Using They/Them Pronouns,Descriptive Information,-0.00197136378040949,-0.0554317048076004,unpublished
bolsenM6,Using They/Them Pronouns,Injunctive Norm,-0.0019066526045879,0.04243064346760417,unpublished
bolsenM6,Using They/Them Pronouns,Baseline,-0.00492219650205822,-0.07167083514979722,unpublished
bolsenM6,Using They/Them Pronouns,Descriptive Information,-6.471117582271091e-05,-0.09786234827520456,unpublished
bolsenM6,Using They/Them Pronouns,Descriptive Information + Injunctive Norm,0.00190665260458576,-0.04243064346760417,unpublished
bucci1408,Caught,"A: Drunk Driving, Low Risk",-0.1119165961504842,-0.4400303383534114,unpublished
bucci1408,Caught,"A: Drunk Driving, High Risk",0.1119165961504842,0.4400303383534114,unpublished
bucci1408,Respect,"A: Drunk Driving, Low Risk",-0.02990393708625721,-0.02048130833549266,unpublished
bucci1408,Respect,"A: Drunk Driving, High Risk",0.02990393708625666,0.02048130833549266,unpublished
bucci1408,Rewarding,"A: Drunk Driving, Low Risk",0.02558067936223245,0.01391731691842382,unpublished
bucci1408,Rewarding,"A: Drunk Driving, High Risk",-0.02558067936223043,-0.01391731691842382,unpublished
flavinS4,coppock_dv_name,2 [FLAVIN Condition 2],-0.1362729875914709,-0.1210282041594219,unpublished
flavinS4,coppock_dv_name,1 [FLAVIN Condition 1],0.1362729875914714,0.1210282041594219,unpublished
relihan1399,COVID-19,Condition 2,-0.01010905969469129,-0.01470856071295823,unpublished
relihan1399,COVID-19,Condition 3,-0.0001545793539067912,0.01843276306171826,unpublished
relihan1399,COVID-19,Condition 1,0.01010905969469189,0.01470856071295823,unpublished
relihan1399,COVID-19,Condition 3,0.00995448034078546,0.03314132377467649,unpublished
relihan1399,COVID-19,Condition 1,0.0001545793539070508,-0.01843276306171826,unpublished
relihan1399,COVID-19,Condition 2,-0.00995448034078472,-0.03314132377467649,unpublished
relihan1399,Influenza,Condition 2,-0.00200966371988207,0.05481235713793264,unpublished
relihan1399,Influenza,Condition 3,0.0167783880304985,0.04810789978120478,unpublished
relihan1399,Influenza,Condition 1,0.0020096637198813,-0.05481235713793264,unpublished
relihan1399,Influenza,Condition 3,0.01878805175038049,-0.00670445735672786,unpublished
relihan1399,Influenza,Condition 1,-0.0167783880304976,-0.04810789978120478,unpublished
relihan1399,Influenza,Condition 2,-0.01878805175038066,0.00670445735672786,unpublished
relihan1399,Perinia Accetis superbacteria,Condition 2,-0.05710041038213249,-0.0643962939717947,unpublished
relihan1399,Perinia Accetis superbacteria,Condition 3,-0.03717672413793102,0.00800217543417736,unpublished
relihan1399,Perinia Accetis superbacteria,Condition 1,0.05710041038212962,0.0643962939717947,unpublished
relihan1399,Perinia Accetis superbacteria,Condition 3,0.0199236862442025,0.07239846940597205,unpublished
relihan1399,Perinia Accetis superbacteria,Condition 1,0.03717672413792782,-0.00800217543417736,unpublished
relihan1399,Perinia Accetis superbacteria,Condition 2,-0.01992368624420502,-0.07239846940597205,unpublished
senS81,ideal_gender_male,Gender-PopulationStatistics,-0.015076879737266,-0.00962759762967535,unpublished
senS81,ideal_gender_male,Gender-PopulationStatistics_StatusQuo,-0.000194558765988149,-0.01371758976242965,unpublished
senS81,ideal_gender_male,Gender-Control,0.01507687973726529,0.00962759762967535,unpublished
senS81,ideal_gender_male,Gender-PopulationStatistics_StatusQuo,0.01488232097127818,-0.00408999213275429,unpublished
senS81,ideal_gender_male,Gender-Control,0.0001945587659879498,0.01371758976242965,unpublished
senS81,ideal_gender_male,Gender-PopulationStatistics,-0.01488232097127805,0.00408999213275429,unpublished
thompsonS10,coppock_dv_name,2 [Plain Low Fear],-0.01639286108439648,-0.1011356095449193,unpublished
thompsonS10,coppock_dv_name,1 [High Fear],0.01639286108439619,0.1011356095449193,unpublished
